date,rainfall_mm,temp_min,temp_max,humidity_pct,pressure_hpa,wind_speed_kmh,wind_dir_deg,cloud_pct
1996-01-01,2.4,1.5,6.4,93.0,999.9,3.3,9.0,85.0
1996-01-02,0.1,-1.7,7.0,90.0,1005.2,3.1,344.0,39.0
1996-01-03,0.0,-3.6,7.7,86.0,1013.4,4.7,4.0,36.0
1996-01-04,1.6,-2.2,4.4,90.0,1018.9,3.6,24.0,71.0
1996-01-05,3.3,-2.4,1.4,91.0,1014.5,3.2,36.0,92.0
1996-01-06,16.6,-1.1,2.0,91.0,1010.5,6.9,14.0,100.0
1996-01-07,14.2,2.0,6.9,92.0,1009.5,6.0,11.0,100.0
1996-01-08,2.6,2.6,10.1,93.0,1011.4,3.9,342.0,70.0
1996-01-09,0.0,-2.3,8.7,89.0,1018.2,2.6,332.0,57.0
1996-01-10,4.7,0.8,7.6,93.0,1017.9,4.4,3.0,99.0
1996-01-11,1.7,4.5,11.5,92.0,1016.5,5.0,17.0,94.0
1996-01-12,0.9,3.8,10.5,93.0,1013.7,5.6,16.0,82.0
1996-01-13,0.9,4.4,11.4,92.0,1017.9,4.1,2.0,86.0
1996-01-14,0.0,4.7,9.7,85.0,1022.9,3.8,52.0,73.0
1996-01-15,0.0,0.4,6.1,80.0,1027.8,3.6,48.0,25.0
1996-01-16,0.0,-1.0,6.4,76.0,1030.6,2.4,15.0,6.0
1996-01-17,0.0,-3.5,7.5,75.0,1031.0,2.5,334.0,0.0
1996-01-18,0.0,-3.6,5.9,71.0,1024.8,2.4,359.0,50.0
1996-01-19,0.0,-3.3,4.5,72.0,1018.2,3.2,44.0,9.0
1996-01-20,0.1,-2.9,4.1,83.0,1017.2,4.7,15.0,56.0
1996-01-21,0.0,-2.2,4.1,79.0,1021.6,3.8,30.0,56.0
1996-01-22,0.2,-2.8,3.9,79.0,1022.4,4.6,32.0,56.0
1996-01-23,9.6,0.3,4.2,92.0,1020.4,4.9,18.0,100.0
1996-01-24,22.0,2.7,6.6,92.0,1011.5,7.7,28.0,100.0
1996-01-25,3.3,2.4,5.5,89.0,1009.5,5.2,49.0,100.0
1996-01-26,14.5,3.2,7.2,93.0,1011.1,4.8,19.0,100.0
1996-01-27,6.3,3.6,7.8,93.0,1013.4,2.7,4.0,98.0
1996-01-28,1.3,-0.4,7.0,95.0,1017.7,3.5,34.0,88.0
1996-01-29,0.0,0.4,7.9,87.0,1018.4,4.3,23.0,65.0
1996-01-30,0.0,-0.8,5.7,75.0,1020.4,6.2,58.0,24.0
1996-01-31,0.0,-3.5,4.8,63.0,1024.9,7.0,49.0,20.0
1996-02-01,0.0,-3.0,4.6,62.0,1026.0,3.8,55.0,16.0
1996-02-02,4.3,-2.1,3.7,81.0,1020.4,4.0,11.0,95.0
1996-02-03,0.2,0.4,6.8,92.0,1009.9,3.4,295.0,76.0
1996-02-04,3.0,0.5,5.8,95.0,1007.7,5.1,51.0,79.0
1996-02-05,1.3,0.1,5.2,79.0,1005.7,6.7,79.0,85.0
1996-02-06,0.0,-2.7,1.3,66.0,1002.4,3.9,114.0,71.0
1996-02-07,0.0,-4.1,1.4,61.0,1002.4,3.6,85.0,29.0
1996-02-08,0.0,-4.1,3.8,63.0,999.5,3.6,267.0,22.0
1996-02-09,0.0,-4.2,6.6,62.0,1013.7,4.9,355.0,1.0
1996-02-10,0.0,-3.1,5.1,75.0,1018.6,3.3,60.0,90.0
1996-02-11,0.0,-2.7,5.5,80.0,1019.8,4.2,24.0,63.0
1996-02-12,0.2,-3.4,6.4,78.0,1016.2,4.1,214.0,50.0
1996-02-13,9.8,-0.4,6.6,84.0,1001.2,4.5,8.0,68.0
1996-02-14,0.0,-4.9,9.2,73.0,1010.4,3.9,352.0,52.0
1996-02-15,0.0,-4.6,8.3,70.0,1023.8,4.1,342.0,5.0
1996-02-16,0.0,-3.4,7.8,72.0,1021.3,2.6,297.0,36.0
1996-02-17,0.0,-2.7,8.0,76.0,1012.1,3.8,49.0,15.0
1996-02-18,0.0,-3.6,9.3,67.0,1013.3,5.5,322.0,51.0
1996-02-19,12.6,0.4,5.8,90.0,997.2,4.4,12.0,95.0
1996-02-20,0.2,-4.3,8.5,77.0,1000.9,6.6,38.0,61.0
1996-02-21,0.5,0.1,6.5,69.0,1005.2,7.7,59.0,100.0
1996-02-22,2.0,0.3,5.0,73.0,1010.2,4.7,72.0,81.0
1996-02-23,2.6,-1.2,3.1,70.0,1014.4,3.9,134.0,65.0
1996-02-24,0.0,-2.3,5.2,66.0,1017.0,3.7,240.0,27.0
1996-02-25,0.0,-4.4,6.1,69.0,1021.9,3.8,59.0,22.0
1996-02-26,0.0,-0.8,7.8,77.0,1024.1,4.1,47.0,61.0
1996-02-27,0.0,-2.2,9.1,81.0,1022.6,4.6,31.0,52.0
1996-02-28,0.0,-2.1,9.8,79.0,1021.2,4.4,33.0,19.0
1996-02-29,0.0,-3.4,11.3,72.0,1021.3,3.8,328.0,19.0
1996-03-01,0.7,-0.7,12.2,74.0,1013.4,4.5,72.0,33.0
1996-03-02,0.7,-1.1,6.8,55.0,1013.8,5.6,142.0,17.0
1996-03-03,0.1,-5.4,7.5,52.0,1014.0,4.3,311.0,18.0
1996-03-04,3.3,-2.9,5.4,69.0,1016.2,5.2,46.0,42.0
1996-03-05,0.3,-6.3,7.1,68.0,1022.3,3.9,260.0,15.0
1996-03-06,0.0,-4.4,7.9,64.0,1021.8,4.3,57.0,15.0
1996-03-07,0.0,-2.3,8.1,67.0,1019.3,6.5,44.0,39.0
1996-03-08,0.0,-0.7,6.9,66.0,1025.7,7.3,61.0,65.0
1996-03-09,0.0,-2.6,6.5,65.0,1026.8,6.5,64.0,38.0
1996-03-10,0.0,-1.9,5.9,61.0,1024.4,6.0,72.0,13.0
1996-03-11,0.4,-2.5,5.8,68.0,1015.1,4.7,110.0,50.0
1996-03-12,4.8,-1.9,3.7,79.0,1008.2,7.1,65.0,88.0
1996-03-13,0.0,-3.3,4.0,70.0,1010.1,4.3,40.0,74.0
1996-03-14,0.0,-1.8,9.7,74.0,1012.9,3.9,23.0,78.0
1996-03-15,0.0,0.5,12.6,79.0,1010.7,5.5,39.0,83.0
1996-03-16,3.8,3.1,9.2,84.0,1007.7,7.1,50.0,98.0
1996-03-17,0.5,3.0,12.6,79.0,1012.5,5.0,54.0,79.0
1996-03-18,0.7,5.4,11.4,79.0,1014.9,5.4,64.0,97.0
1996-03-19,0.2,2.5,9.3,73.0,1015.5,3.7,82.0,89.0
1996-03-20,0.0,2.8,11.6,70.0,1013.0,4.1,179.0,55.0
1996-03-21,0.0,1.3,13.5,78.0,1015.1,4.5,110.0,73.0
1996-03-22,0.6,4.8,14.1,81.0,1016.3,4.0,86.0,93.0
1996-03-23,5.3,6.5,10.9,92.0,1020.8,4.2,76.0,97.0
1996-03-24,0.0,3.8,14.1,86.0,1022.1,3.9,213.0,87.0
1996-03-25,1.8,7.0,12.9,88.0,1019.8,3.7,98.0,96.0
1996-03-26,2.6,6.9,12.3,91.0,1014.8,3.3,117.0,97.0
1996-03-27,7.9,6.6,14.6,84.0,1005.9,3.8,73.0,100.0
1996-03-28,3.6,5.0,10.3,68.0,1010.0,4.8,157.0,69.0
1996-03-29,1.8,3.6,9.2,66.0,1010.2,4.1,103.0,66.0
1996-03-30,3.1,0.0,10.2,74.0,1008.3,5.1,57.0,51.0
1996-03-31,1.4,-4.0,10.6,79.0,1010.6,5.8,170.0,41.0
1996-04-01,6.9,0.9,8.4,79.0,1010.4,7.2,38.0,95.0
1996-04-02,11.0,4.1,10.7,84.0,1002.7,7.7,42.0,100.0
1996-04-03,7.9,4.1,8.6,79.0,1008.7,6.5,49.0,94.0
1996-04-04,3.9,-0.2,11.5,78.0,1013.0,3.3,332.0,94.0
1996-04-05,1.5,5.2,13.8,80.0,1015.0,2.8,309.0,85.0
1996-04-06,0.0,2.3,17.5,74.0,1016.6,4.3,20.0,33.0
1996-04-07,0.0,2.5,18.9,70.0,1016.9,4.0,286.0,47.0
1996-04-08,2.8,6.5,18.2,72.0,1019.8,4.2,0.0,74.0
1996-04-09,3.1,5.1,18.3,74.0,1020.4,4.8,338.0,53.0
1996-04-10,5.3,2.6,16.4,83.0,1017.0,3.8,54.0,35.0
1996-04-11,5.1,6.8,14.5,85.0,1012.5,4.1,66.0,88.0
1996-04-12,2.2,3.3,16.1,84.0,1009.4,4.9,270.0,45.0
1996-04-13,8.7,6.4,14.5,91.0,1010.0,6.1,60.0,90.0
1996-04-14,1.2,6.2,13.3,72.0,1014.8,4.6,132.0,62.0
1996-04-15,1.0,-0.2,15.5,66.0,1017.5,4.3,323.0,12.0
1996-04-16,0.0,0.8,18.2,52.0,1015.7,5.5,284.0,4.0
1996-04-17,0.0,4.8,16.9,67.0,1012.3,6.3,82.0,37.0
1996-04-18,0.5,3.2,19.1,67.0,1015.8,3.9,308.0,26.0
1996-04-19,0.3,5.4,20.6,70.0,1019.8,4.5,119.0,10.0
1996-04-20,0.0,6.6,21.9,66.0,1019.2,5.7,175.0,1.0
1996-04-21,0.0,6.4,21.8,63.0,1017.5,6.8,214.0,1.0
1996-04-22,0.0,7.7,21.9,56.0,1018.6,6.1,216.0,50.0
1996-04-23,0.4,11.0,19.6,62.0,1018.1,7.0,217.0,91.0
1996-04-24,2.3,11.3,18.0,82.0,1018.3,4.7,159.0,93.0
1996-04-25,8.9,11.4,15.3,92.0,1021.2,3.5,69.0,100.0
1996-04-26,3.4,11.3,16.8,81.0,1019.0,5.7,38.0,99.0
1996-04-27,2.8,9.0,14.7,84.0,1017.2,5.1,35.0,100.0
1996-04-28,0.0,7.1,17.2,78.0,1010.7,4.4,207.0,70.0
1996-04-29,4.7,11.7,15.0,84.0,1006.3,4.3,104.0,95.0
1996-04-30,8.7,10.6,16.9,89.0,1003.7,6.0,64.0,97.0
1996-05-01,8.6,10.7,18.9,82.0,1001.6,5.0,216.0,63.0
1996-05-02,6.8,11.2,17.7,80.0,1003.5,5.6,227.0,61.0
1996-05-03,13.8,8.9,15.5,84.0,1003.2,4.5,200.0,79.0
1996-05-04,2.5,6.4,17.1,77.0,1011.0,4.6,161.0,35.0
1996-05-05,2.0,7.6,17.7,80.0,1015.7,5.8,59.0,68.0
1996-05-06,0.0,6.1,20.1,70.0,1013.1,4.4,144.0,11.0
1996-05-07,0.0,7.7,21.3,70.0,1011.6,4.0,145.0,36.0
1996-05-08,0.9,9.7,21.5,72.0,1010.4,4.1,181.0,80.0
1996-05-09,13.2,11.5,18.7,83.0,1006.0,3.9,166.0,92.0
1996-05-10,12.8,11.1,18.1,88.0,1005.6,4.5,54.0,92.0
1996-05-11,0.8,9.2,20.4,74.0,1005.4,6.1,35.0,80.0
1996-05-12,17.5,11.8,17.2,89.0,1004.5,4.2,353.0,100.0
1996-05-13,13.5,12.9,18.5,86.0,1009.6,5.4,72.0,83.0
1996-05-14,2.4,10.0,21.2,80.0,1008.3,3.2,297.0,90.0
1996-05-15,5.5,12.0,22.2,82.0,1006.6,3.7,241.0,53.0
1996-05-16,5.4,11.3,22.1,85.0,1009.5,4.7,85.0,55.0
1996-05-17,0.3,14.7,22.8,78.0,1011.9,5.8,187.0,48.0
1996-05-18,0.8,12.3,21.6,79.0,1012.4,7.0,80.0,60.0
1996-05-19,8.9,13.3,21.5,86.0,1010.0,5.5,100.0,82.0
1996-05-20,5.5,11.3,19.9,80.0,1010.6,6.0,234.0,64.0
1996-05-21,3.6,6.4,18.9,76.0,1019.9,5.0,97.0,26.0
1996-05-22,1.6,7.5,19.7,69.0,1020.6,4.1,77.0,41.0
1996-05-23,0.6,11.9,20.4,73.0,1021.2,5.0,118.0,70.0
1996-05-24,0.7,10.1,22.3,79.0,1019.5,5.3,144.0,39.0
1996-05-25,0.4,12.7,23.5,73.0,1014.4,6.7,218.0,55.0
1996-05-26,5.9,14.0,20.8,77.0,1013.2,5.5,117.0,81.0
1996-05-27,25.1,12.9,17.6,90.0,1010.3,4.8,54.0,93.0
1996-05-28,0.9,8.6,22.3,63.0,1010.2,6.4,339.0,22.0
1996-05-29,0.0,10.5,20.3,50.0,1019.4,4.8,193.0,15.0
1996-05-30,0.0,11.4,22.3,61.0,1022.3,3.9,175.0,15.0
1996-05-31,0.0,9.3,24.9,68.0,1021.2,4.8,187.0,57.0
1996-06-01,0.0,11.6,26.0,73.0,1018.5,5.0,130.0,4.0
1996-06-02,0.0,12.2,25.2,71.0,1014.3,5.2,137.0,8.0
1996-06-03,0.0,13.1,25.5,67.0,1015.3,5.2,80.0,61.0
1996-06-04,2.0,12.4,25.8,73.0,1019.9,5.2,50.0,29.0
1996-06-05,0.3,14.7,25.4,70.0,1023.4,6.8,67.0,27.0
1996-06-06,0.1,15.0,26.3,71.0,1023.0,5.2,79.0,11.0
1996-06-07,0.0,14.6,28.5,70.0,1021.8,4.1,125.0,6.0
1996-06-08,0.0,14.4,29.7,68.0,1020.5,4.6,169.0,5.0
1996-06-09,0.0,15.5,30.8,68.0,1019.0,5.5,115.0,12.0
1996-06-10,0.0,15.6,30.9,64.0,1019.5,4.5,63.0,13.0
1996-06-11,0.7,16.4,31.6,62.0,1020.8,4.8,50.0,22.0
1996-06-12,1.2,16.5,31.4,64.0,1021.3,4.1,5.0,61.0
1996-06-13,6.0,17.5,29.7,69.0,1019.5,4.5,12.0,60.0
1996-06-14,11.0,17.0,23.0,70.0,1022.6,6.1,102.0,60.0
1996-06-15,0.1,16.9,22.5,64.0,1022.2,5.6,108.0,48.0
1996-06-16,2.7,15.8,22.1,68.0,1020.1,4.2,57.0,74.0
1996-06-17,0.4,13.1,24.4,64.0,1019.6,4.7,152.0,29.0
1996-06-18,0.5,13.7,26.6,60.0,1015.3,4.3,45.0,43.0
1996-06-19,8.1,16.3,25.5,73.0,1010.6,6.0,69.0,75.0
1996-06-20,13.6,16.3,23.3,87.0,1009.0,5.1,99.0,96.0
1996-06-21,9.2,17.1,26.5,77.0,1007.4,4.9,182.0,83.0
1996-06-22,29.2,14.7,19.4,87.0,1002.6,6.2,29.0,88.0
1996-06-23,11.7,11.6,18.3,73.0,1013.1,3.8,313.0,77.0
1996-06-24,2.0,8.1,19.8,71.0,1019.2,5.6,50.0,46.0
1996-06-25,4.5,11.2,19.0,72.0,1018.7,7.0,34.0,91.0
1996-06-26,5.2,11.0,19.0,73.0,1017.0,3.3,356.0,81.0
1996-06-27,2.4,8.9,22.4,74.0,1019.3,4.3,285.0,54.0
1996-06-28,0.1,10.2,25.3,72.0,1019.6,4.9,168.0,30.0
1996-06-29,0.6,14.2,24.3,73.0,1015.2,5.4,203.0,50.0
1996-06-30,1.7,14.7,21.0,77.0,1012.3,7.1,89.0,48.0
1996-07-01,4.3,14.6,19.6,83.0,1010.8,4.0,74.0,93.0
1996-07-02,20.5,15.0,17.3,89.0,1010.0,4.7,42.0,100.0
1996-07-03,3.3,13.8,20.7,77.0,1012.9,6.5,76.0,50.0
1996-07-04,0.1,13.0,24.4,76.0,1016.6,4.7,200.0,38.0
1996-07-05,4.9,16.0,25.0,79.0,1013.9,5.6,129.0,35.0
1996-07-06,0.9,15.3,25.5,79.0,1006.8,6.2,221.0,37.0
1996-07-07,6.3,16.2,23.6,82.0,1006.0,6.4,58.0,62.0
1996-07-08,23.0,15.7,20.9,74.0,1000.8,4.0,313.0,80.0
1996-07-09,0.2,12.3,23.7,56.0,1014.8,5.8,307.0,68.0
1996-07-10,2.0,10.1,21.6,73.0,1018.7,5.0,63.0,43.0
1996-07-11,2.6,10.2,22.3,79.0,1018.4,3.7,73.0,48.0
1996-07-12,3.0,15.8,24.1,73.0,1018.0,4.0,108.0,75.0
1996-07-13,0.9,12.8,26.4,72.0,1020.9,3.3,47.0,32.0
1996-07-14,2.2,15.0,28.1,71.0,1023.0,3.5,35.0,38.0
1996-07-15,1.8,17.4,28.6,72.0,1020.2,3.6,3.0,45.0
1996-07-16,8.0,16.6,29.0,78.0,1018.0,4.0,356.0,48.0
1996-07-17,12.4,18.3,22.5,73.0,1020.1,7.1,68.0,67.0
1996-07-18,0.3,16.6,25.4,67.0,1017.5,5.0,111.0,39.0
1996-07-19,0.6,15.9,23.7,65.0,1018.0,8.1,71.0,33.0
1996-07-20,0.0,15.8,21.8,60.0,1021.1,7.8,73.0,63.0
1996-07-21,0.0,14.6,22.5,60.0,1022.3,4.8,62.0,40.0
1996-07-22,0.0,15.8,24.6,55.0,1022.6,5.1,98.0,25.0
1996-07-23,0.0,13.2,26.9,60.0,1021.1,4.7,183.0,28.0
1996-07-24,0.3,17.4,27.6,69.0,1014.3,7.3,233.0,72.0
1996-07-25,3.5,18.3,26.5,77.0,1012.9,4.4,84.0,35.0
1996-07-26,0.9,16.4,27.5,67.0,1016.8,5.3,67.0,37.0
1996-07-27,0.0,17.4,28.9,58.0,1018.9,5.9,99.0,67.0
1996-07-28,2.7,17.8,27.9,64.0,1017.7,4.5,89.0,56.0
1996-07-29,3.2,15.1,27.8,72.0,1014.8,3.3,29.0,25.0
1996-07-30,9.8,17.1,25.6,76.0,1011.2,3.9,339.0,74.0
1996-07-31,0.0,14.4,27.2,68.0,1014.5,4.1,226.0,17.0
1996-08-01,0.4,19.4,28.5,64.0,1017.6,4.7,110.0,37.0
1996-08-02,2.5,17.4,29.5,66.0,1018.0,3.8,332.0,42.0
1996-08-03,12.0,18.5,26.2,78.0,1016.9,4.3,359.0,70.0
1996-08-04,1.5,14.6,24.3,71.0,1017.2,6.6,58.0,44.0
1996-08-05,0.3,16.3,24.4,67.0,1016.4,4.4,101.0,53.0
1996-08-06,1.0,16.1,25.4,72.0,1015.4,4.2,200.0,75.0
1996-08-07,2.9,17.0,26.5,75.0,1016.1,4.2,187.0,51.0
1996-08-08,6.2,16.8,25.1,82.0,1014.0,3.6,25.0,73.0
1996-08-09,0.2,15.0,26.2,72.0,1015.6,5.0,85.0,37.0
1996-08-10,4.1,19.9,26.6,65.0,1014.4,4.3,81.0,76.0
1996-08-11,22.8,16.7,24.7,79.0,1011.1,6.0,62.0,81.0
1996-08-12,59.5,15.7,21.3,92.0,1008.6,4.8,50.0,81.0
1996-08-13,13.3,11.3,21.5,86.0,1011.8,4.5,31.0,41.0
1996-08-14,1.1,12.0,23.4,82.0,1013.3,4.4,117.0,73.0
1996-08-15,5.6,15.2,21.9,85.0,1014.3,3.7,16.0,86.0
1996-08-16,0.2,12.9,25.2,75.0,1016.2,3.9,280.0,31.0
1996-08-17,0.1,12.9,26.0,76.0,1017.4,4.5,103.0,30.0
1996-08-18,5.0,15.2,23.7,81.0,1017.8,4.8,31.0,45.0
1996-08-19,0.0,13.8,26.8,65.0,1017.3,4.0,10.0,27.0
1996-08-20,2.3,13.7,25.5,66.0,1016.7,4.6,10.0,37.0
1996-08-21,0.6,13.5,26.1,70.0,1014.8,4.2,321.0,41.0
1996-08-22,3.1,14.3,24.5,76.0,1011.3,3.6,340.0,66.0
1996-08-23,1.3,13.7,26.7,72.0,1010.9,3.1,264.0,33.0
1996-08-24,2.3,15.9,26.0,73.0,1010.8,4.0,40.0,25.0
1996-08-25,26.3,16.1,22.9,85.0,1011.7,2.9,50.0,59.0
1996-08-26,2.7,14.6,22.4,83.0,1014.7,3.6,36.0,72.0
1996-08-27,6.5,15.2,23.5,83.0,1015.8,3.8,40.0,71.0
1996-08-28,23.3,15.8,22.3,87.0,1011.2,6.2,38.0,80.0
1996-08-29,3.4,12.8,22.1,79.0,1013.4,4.1,37.0,41.0
1996-08-30,1.8,13.9,22.9,75.0,1014.8,3.7,15.0,31.0
1996-08-31,1.7,13.5,21.7,76.0,1016.6,6.3,19.0,84.0
1996-09-01,4.0,13.7,21.9,74.0,1016.9,3.9,320.0,85.0
1996-09-02,0.9,12.1,21.8,71.0,1016.5,4.2,19.0,93.0
1996-09-03,0.9,14.2,21.4,72.0,1014.6,3.9,38.0,81.0
1996-09-04,2.7,15.1,22.9,71.0,1012.4,4.7,12.0,50.0
1996-09-05,6.2,11.4,23.9,82.0,1010.0,4.8,5.0,30.0
1996-09-06,3.2,9.7,20.8,75.0,1010.7,5.8,354.0,30.0
1996-09-07,1.4,7.2,19.3,70.0,1011.8,5.3,3.0,14.0
1996-09-08,0.8,6.0,20.6,62.0,1013.2,5.9,353.0,16.0
1996-09-09,1.7,8.2,18.3,68.0,1016.2,4.1,24.0,37.0
1996-09-10,0.3,8.1,18.6,74.0,1016.4,3.8,123.0,40.0
1996-09-11,1.4,12.7,19.1,78.0,1014.5,4.1,93.0,52.0
1996-09-12,0.1,10.9,20.3,82.0,1005.2,4.8,35.0,86.0
1996-09-13,6.5,7.9,17.2,81.0,1000.1,4.6,25.0,39.0
1996-09-14,0.0,4.8,21.8,69.0,1009.7,5.1,317.0,31.0
1996-09-15,1.0,7.0,19.9,75.0,1016.8,5.0,37.0,27.0
1996-09-16,3.7,7.7,18.1,78.0,1017.8,4.6,61.0,48.0
1996-09-17,4.0,12.0,16.3,81.0,1015.3,4.5,82.0,81.0
1996-09-18,7.1,11.6,13.4,85.0,1012.9,7.6,40.0,95.0
1996-09-19,3.7,11.6,15.4,75.0,1012.2,8.4,33.0,100.0
1996-09-20,1.8,10.9,14.3,83.0,1007.9,2.4,349.0,99.0
1996-09-21,9.9,10.8,15.2,89.0,1005.6,4.0,23.0,96.0
1996-09-22,3.2,11.1,18.1,84.0,1003.6,4.6,37.0,95.0
1996-09-23,10.4,12.2,16.6,91.0,999.0,4.8,298.0,100.0
1996-09-24,6.4,10.3,19.9,83.0,1003.7,4.0,353.0,67.0
1996-09-25,5.6,9.2,16.8,82.0,1010.1,3.5,33.0,73.0
1996-09-26,0.0,6.8,18.7,72.0,1015.1,3.8,8.0,24.0
1996-09-27,0.0,6.6,20.0,72.0,1016.9,4.3,209.0,30.0
1996-09-28,0.4,8.2,20.2,82.0,1019.5,4.1,14.0,48.0
1996-09-29,3.7,10.5,18.1,88.0,1025.7,3.4,40.0,83.0
1996-09-30,0.0,10.3,20.5,82.0,1022.6,3.7,140.0,51.0
1996-10-01,0.1,11.5,20.0,84.0,1016.0,4.5,124.0,70.0
1996-10-02,38.8,10.5,14.8,94.0,1009.8,5.0,43.0,96.0
1996-10-03,0.0,9.2,17.2,70.0,1019.8,4.2,332.0,72.0
1996-10-04,0.0,10.0,17.4,67.0,1021.5,3.9,36.0,50.0
1996-10-05,7.7,7.5,14.1,87.0,1011.8,3.9,19.0,98.0
1996-10-06,11.4,11.5,14.5,88.0,1012.6,6.3,20.0,94.0
1996-10-07,5.3,11.8,16.9,85.0,1017.5,6.2,38.0,98.0
1996-10-08,6.6,12.2,16.5,84.0,1013.7,8.7,35.0,100.0
1996-10-09,2.1,10.1,19.4,76.0,1013.9,4.1,26.0,92.0
1996-10-10,4.6,11.8,19.1,75.0,1017.3,3.8,357.0,77.0
1996-10-11,1.6,9.2,18.7,77.0,1020.3,4.7,25.0,40.0
1996-10-12,0.0,7.4,17.1,79.0,1020.5,3.7,7.0,29.0
1996-10-13,0.0,7.0,16.2,86.0,1020.7,4.5,47.0,50.0
1996-10-14,0.8,10.4,15.4,85.0,1018.1,6.0,33.0,96.0
1996-10-15,51.2,11.6,15.5,95.0,1011.8,7.9,34.0,100.0
1996-10-16,42.0,13.7,15.8,97.0,1004.1,8.1,51.0,99.0
1996-10-17,46.2,11.7,14.4,95.0,1005.3,7.2,81.0,99.0
1996-10-18,20.5,9.5,14.3,84.0,1011.4,4.9,360.0,76.0
1996-10-19,0.1,5.4,16.2,80.0,1015.9,3.6,12.0,40.0
1996-10-20,0.0,3.8,17.3,75.0,1021.0,5.3,280.0,27.0
1996-10-21,0.0,5.5,16.4,81.0,1015.0,4.2,55.0,26.0
1996-10-22,0.0,3.9,18.1,82.0,1017.7,4.6,7.0,9.0
1996-10-23,1.0,8.1,14.6,84.0,1023.7,3.8,62.0,59.0
1996-10-24,2.0,9.8,13.1,84.0,1025.9,3.7,139.0,85.0
1996-10-25,0.6,8.6,10.6,83.0,1026.2,2.6,131.0,94.0
1996-10-26,4.4,7.1,11.6,80.0,1027.3,2.7,63.0,95.0
1996-10-27,0.6,5.9,13.5,86.0,1026.9,3.3,248.0,82.0
1996-10-28,0.0,3.5,13.3,84.0,1020.5,3.0,134.0,73.0
1996-10-29,0.6,10.3,15.2,85.0,1012.7,2.8,208.0,82.0
1996-10-30,0.0,5.2,16.8,80.0,1017.5,5.2,2.0,21.0
1996-10-31,0.0,5.3,14.2,78.0,1025.8,3.5,46.0,66.0
1996-11-01,0.0,5.3,14.2,83.0,1022.6,3.0,65.0,67.0
1996-11-02,0.0,3.2,16.1,81.0,1026.8,3.4,330.0,16.0
1996-11-03,0.0,3.2,16.0,84.0,1026.2,3.2,20.0,23.0
1996-11-04,0.0,4.4,12.6,87.0,1023.3,2.8,73.0,46.0
1996-11-05,1.7,6.1,13.0,90.0,1018.1,2.6,42.0,86.0
1996-11-06,0.4,9.6,15.0,89.0,1021.3,4.2,254.0,68.0
1996-11-07,0.0,5.0,13.1,87.0,1019.9,4.0,226.0,40.0
1996-11-08,0.1,5.4,14.8,84.0,1021.0,3.8,28.0,31.0
1996-11-09,0.2,5.5,13.4,79.0,1029.4,4.1,1.0,62.0
1996-11-10,1.3,5.3,10.4,85.0,1024.4,3.2,7.0,98.0
1996-11-11,11.3,7.2,12.6,94.0,1015.1,4.2,22.0,97.0
1996-11-12,11.4,9.8,15.5,94.0,1013.3,4.6,43.0,81.0
1996-11-13,6.4,9.9,15.3,95.0,1011.3,2.5,37.0,82.0
1996-11-14,22.9,10.2,14.6,96.0,1008.9,4.6,79.0,93.0
1996-11-15,49.3,8.9,12.9,95.0,1016.7,6.9,18.0,97.0
1996-11-16,5.7,6.8,14.9,92.0,1021.2,5.9,20.0,100.0
1996-11-17,12.5,10.7,13.5,91.0,1013.5,4.3,40.0,100.0
1996-11-18,55.3,7.7,12.3,92.0,1000.3,6.8,53.0,94.0
1996-11-19,3.3,5.7,10.6,86.0,1002.7,3.0,151.0,80.0
1996-11-20,19.2,2.6,9.4,88.0,995.3,4.7,281.0,82.0
1996-11-21,0.5,-0.7,10.0,84.0,1001.5,5.1,349.0,70.0
1996-11-22,7.8,-0.1,5.4,89.0,1008.7,6.5,358.0,97.0
1996-11-23,0.6,-2.9,7.2,80.0,1014.7,4.4,336.0,52.0
1996-11-24,0.5,-3.2,7.9,70.0,1016.3,5.8,333.0,43.0
1996-11-25,0.5,-4.1,5.0,64.0,1016.1,4.2,8.0,94.0
1996-11-26,4.1,-1.4,7.7,82.0,1000.8,4.8,317.0,80.0
1996-11-27,0.7,-2.8,8.4,80.0,1006.0,5.3,20.0,34.0
1996-11-28,3.7,1.3,6.9,86.0,1003.4,5.4,16.0,85.0
1996-11-29,0.1,-4.1,6.1,72.0,1014.5,4.9,300.0,40.0
1996-11-30,3.7,-2.5,3.8,87.0,1003.9,4.5,360.0,86.0
1996-12-01,0.0,-3.8,8.7,69.0,1008.2,6.1,335.0,13.0
1996-12-02,0.0,-3.4,7.0,60.0,1011.5,5.3,346.0,40.0
1996-12-03,0.0,-3.6,8.3,65.0,1016.4,5.6,342.0,2.0
1996-12-04,0.0,-3.8,7.6,72.0,1019.1,3.5,347.0,19.0
1996-12-05,0.0,-2.9,7.2,77.0,1020.1,3.2,6.0,57.0
1996-12-06,0.0,-3.3,6.8,79.0,1021.7,3.1,19.0,33.0
1996-12-07,0.0,-2.3,6.3,80.0,1025.8,3.2,24.0,96.0
1996-12-08,0.0,-1.6,7.9,81.0,1027.3,3.8,5.0,68.0
1996-12-09,2.2,-0.6,8.9,83.0,1024.9,6.3,11.0,99.0
1996-12-10,39.6,6.0,8.6,88.0,1017.6,11.0,38.0,100.0
1996-12-11,6.8,5.5,8.2,93.0,1017.1,4.4,33.0,100.0
1996-12-12,0.0,3.5,9.2,94.0,1017.2,2.7,223.0,95.0
1996-12-13,13.3,3.9,6.5,95.0,1010.1,3.8,18.0,99.0
1996-12-14,2.0,2.1,9.6,91.0,1000.0,2.9,325.0,88.0
1996-12-15,0.0,0.2,10.3,91.0,1010.0,3.0,330.0,22.0
1996-12-16,0.0,-1.0,7.5,90.0,1018.5,2.7,359.0,69.0
1996-12-17,0.0,-0.5,6.6,87.0,1019.8,2.2,304.0,69.0
1996-12-18,0.1,1.1,7.3,87.0,1015.5,2.4,10.0,55.0
1996-12-19,0.5,-0.2,7.5,86.0,1011.3,2.5,8.0,78.0
1996-12-20,18.8,2.2,7.9,93.0,1004.0,5.4,345.0,88.0
1996-12-21,0.3,-2.1,8.1,93.0,1009.4,3.1,355.0,74.0
1996-12-22,1.7,4.5,8.5,95.0,1014.2,2.9,14.0,100.0
1996-12-23,4.5,4.3,7.8,94.0,1003.8,2.5,15.0,99.0
1996-12-24,6.0,2.4,9.4,92.0,1000.0,5.7,44.0,96.0
1996-12-25,7.1,1.6,5.4,89.0,1002.1,5.2,68.0,100.0
1996-12-26,0.2,-3.8,1.5,61.0,1020.0,3.9,89.0,54.0
1996-12-27,0.0,-6.1,-1.0,34.0,1028.9,4.1,43.0,39.0
1996-12-28,0.0,-7.8,-3.8,44.0,1021.8,5.1,76.0,35.0
1996-12-29,0.0,-9.1,-3.4,52.0,1015.5,3.4,28.0,2.0
1996-12-30,0.0,-8.6,-2.2,61.0,1007.1,2.9,40.0,56.0
1996-12-31,2.8,-5.9,1.5,73.0,1011.8,4.7,4.0,98.0
1997-01-01,21.8,-1.7,3.5,88.0,1014.3,5.2,3.0,84.0
1997-01-02,9.0,-8.1,3.1,87.0,1018.0,5.1,353.0,93.0
1997-01-03,21.7,1.8,7.1,89.0,1011.2,5.1,9.0,98.0
1997-01-04,15.8,2.0,7.8,93.0,1001.7,5.1,30.0,96.0
1997-01-05,0.0,-3.3,6.4,88.0,1006.2,3.5,310.0,50.0
1997-01-06,1.3,-2.0,6.1,89.0,1014.4,5.7,14.0,82.0
1997-01-07,7.3,0.1,6.3,89.0,1015.1,5.5,12.0,87.0
1997-01-08,0.0,-4.4,5.8,83.0,1013.3,3.4,9.0,44.0
1997-01-09,2.8,-1.3,3.5,89.0,1009.0,4.9,7.0,99.0
1997-01-10,0.0,-0.9,8.0,88.0,1009.4,4.2,354.0,94.0
1997-01-11,0.0,-2.6,9.3,83.0,1018.6,3.0,344.0,40.0
1997-01-12,0.0,-4.2,9.0,75.0,1025.6,3.3,336.0,1.0
1997-01-13,0.0,-4.4,9.9,68.0,1026.8,3.9,333.0,1.0
1997-01-14,0.0,-3.7,10.1,72.0,1026.1,3.4,334.0,2.0
1997-01-15,0.0,-3.2,11.5,80.0,1026.3,3.7,336.0,5.0
1997-01-16,0.0,-2.6,10.7,79.0,1023.9,3.1,353.0,16.0
1997-01-17,0.0,-3.5,8.6,75.0,1022.8,2.6,359.0,0.0
1997-01-18,0.0,-2.2,6.4,75.0,1023.3,1.7,30.0,32.0
1997-01-19,1.2,-1.9,4.6,82.0,1021.8,1.8,46.0,95.0
1997-01-20,2.9,0.5,5.6,91.0,1020.8,1.8,4.0,97.0
1997-01-21,2.6,2.7,7.5,92.0,1028.0,3.4,14.0,95.0
1997-01-22,0.0,1.8,8.2,86.0,1033.4,3.1,20.0,74.0
1997-01-23,0.0,0.3,7.9,89.0,1032.2,1.9,194.0,92.0
1997-01-24,0.0,2.4,7.4,87.0,1029.9,1.4,148.0,89.0
1997-01-25,0.0,-0.0,11.2,81.0,1029.1,3.4,31.0,84.0
1997-01-26,0.0,3.5,8.2,76.0,1028.8,5.6,64.0,51.0
1997-01-27,0.0,0.0,6.6,69.0,1028.8,3.1,51.0,45.0
1997-01-28,0.0,-2.5,8.4,75.0,1030.7,3.7,360.0,13.0
1997-01-29,0.0,-2.9,8.0,76.0,1033.6,4.8,36.0,3.0
1997-01-30,0.0,-3.2,8.3,78.0,1033.0,2.7,14.0,0.0
1997-01-31,0.0,-3.5,7.8,76.0,1027.6,2.7,27.0,4.0
1997-02-01,0.0,-2.9,7.3,77.0,1026.7,3.6,20.0,18.0
1997-02-02,0.0,-3.4,5.6,82.0,1028.6,3.6,351.0,33.0
1997-02-03,0.0,-2.8,6.1,80.0,1027.8,3.2,295.0,39.0
1997-02-04,0.0,-2.4,6.0,80.0,1028.1,3.0,145.0,42.0
1997-02-05,0.3,-0.6,4.3,84.0,1023.2,2.6,35.0,93.0
1997-02-06,0.0,-2.5,11.0,73.0,1027.9,4.2,336.0,31.0
1997-02-07,0.0,-3.1,9.9,74.0,1036.0,3.3,308.0,0.0
1997-02-08,0.0,-3.0,10.8,75.0,1033.2,3.0,31.0,1.0
1997-02-09,0.0,-2.9,9.8,74.0,1030.7,2.8,359.0,5.0
1997-02-10,0.0,-2.9,10.5,76.0,1027.9,3.4,30.0,1.0
1997-02-11,0.0,-1.1,9.0,82.0,1025.0,3.4,47.0,80.0
1997-02-12,0.0,2.1,10.4,87.0,1021.0,3.8,12.0,91.0
1997-02-13,0.4,3.6,11.5,87.0,1009.6,5.0,263.0,81.0
1997-02-14,0.0,-1.3,11.4,55.0,1006.7,6.8,280.0,19.0
1997-02-15,0.0,-1.4,11.0,72.0,1005.2,5.1,6.0,88.0
1997-02-16,0.0,-1.4,10.3,53.0,1018.7,5.6,306.0,21.0
1997-02-17,0.0,0.5,7.9,73.0,1025.5,3.6,56.0,54.0
1997-02-18,0.0,-2.7,8.6,76.0,1025.1,4.2,249.0,41.0
1997-02-19,0.0,-2.6,11.3,60.0,1023.9,5.1,336.0,23.0
1997-02-20,0.0,-2.3,11.3,60.0,1025.4,4.4,357.0,17.0
1997-02-21,0.0,-2.8,11.9,68.0,1028.6,3.8,352.0,2.0
1997-02-22,0.0,-2.0,12.1,77.0,1029.9,3.6,37.0,0.0
1997-02-23,0.0,-1.5,10.1,84.0,1025.8,3.3,79.0,43.0
1997-02-24,0.0,3.4,10.9,86.0,1020.6,3.5,225.0,95.0
1997-02-25,0.0,6.0,12.7,84.0,1019.9,5.4,228.0,93.0
1997-02-26,0.0,5.7,13.7,86.0,1015.5,6.2,243.0,81.0
1997-02-27,0.2,3.0,14.1,63.0,1020.6,7.1,334.0,53.0
1997-02-28,0.0,-1.7,12.1,58.0,1033.8,5.6,246.0,17.0
1997-03-01,0.0,-1.8,12.7,69.0,1031.5,2.9,292.0,66.0
1997-03-02,0.0,-0.7,17.4,69.0,1028.7,4.1,296.0,5.0
1997-03-03,0.0,-0.6,18.0,71.0,1029.2,3.6,351.0,54.0
1997-03-04,0.0,1.9,17.6,76.0,1029.5,3.9,7.0,45.0
1997-03-05,0.0,2.8,16.4,74.0,1026.2,4.0,35.0,47.0
1997-03-06,2.6,2.1,14.1,83.0,1024.3,6.2,17.0,50.0
1997-03-07,0.0,0.2,15.4,71.0,1029.9,5.0,23.0,7.0
1997-03-08,0.0,2.7,13.8,68.0,1031.1,4.4,138.0,2.0
1997-03-09,0.0,1.9,15.6,68.0,1033.6,4.0,261.0,7.0
1997-03-10,0.0,1.1,15.6,66.0,1031.7,4.2,38.0,0.0
1997-03-11,0.0,6.1,14.6,55.0,1033.0,5.0,85.0,0.0
1997-03-12,0.0,-0.4,16.3,66.0,1030.5,3.9,298.0,0.0
1997-03-13,0.0,1.4,18.0,72.0,1023.4,4.4,57.0,6.0
1997-03-14,0.0,2.4,16.6,68.0,1019.3,4.7,96.0,29.0
1997-03-15,1.6,3.7,17.3,68.0,1018.8,4.4,328.0,52.0
1997-03-16,0.0,2.3,20.3,65.0,1018.6,4.7,311.0,12.0
1997-03-17,0.0,3.2,22.3,58.0,1014.5,4.1,331.0,18.0
1997-03-18,0.0,4.5,14.4,65.0,1017.7,6.4,104.0,53.0
1997-03-19,11.2,6.0,14.2,81.0,1003.4,2.8,350.0,91.0
1997-03-20,0.9,0.4,15.6,72.0,1006.4,6.0,293.0,38.0
1997-03-21,4.4,3.6,11.1,81.0,1015.5,6.9,105.0,48.0
1997-03-22,0.7,0.5,11.1,79.0,1020.0,5.9,131.0,51.0
1997-03-23,2.0,4.7,9.8,81.0,1019.3,4.7,113.0,90.0
1997-03-24,4.3,4.6,9.8,82.0,1010.5,9.3,64.0,87.0
1997-03-25,1.4,0.6,12.5,73.0,1013.2,3.7,36.0,59.0
1997-03-26,0.1,-0.5,13.4,73.0,1019.5,5.4,122.0,49.0
1997-03-27,0.0,7.4,16.3,70.0,1020.8,4.3,166.0,58.0
1997-03-28,5.7,6.6,18.3,76.0,1009.6,6.7,358.0,46.0
1997-03-29,0.0,0.1,13.4,49.0,1011.6,7.2,337.0,17.0
1997-03-30,0.0,-1.5,14.2,48.0,1015.2,5.7,302.0,4.0
1997-03-31,0.0,3.8,15.5,53.0,1021.3,5.4,229.0,8.0
1997-04-01,0.6,3.6,17.5,60.0,1017.9,5.1,180.0,18.0
1997-04-02,0.0,4.6,19.3,62.0,1015.9,6.4,242.0,15.0
1997-04-03,0.0,3.7,21.2,62.0,1010.0,4.4,285.0,17.0
1997-04-04,3.1,4.0,18.8,64.0,1006.3,6.6,50.0,33.0
1997-04-05,0.0,5.5,16.4,44.0,1015.2,8.1,218.0,48.0
1997-04-06,0.1,5.8,17.6,62.0,1009.5,4.6,71.0,7.0
1997-04-07,1.8,5.8,11.4,56.0,1023.7,6.9,138.0,41.0
1997-04-08,1.4,5.1,11.1,54.0,1031.3,4.6,165.0,55.0
1997-04-09,0.0,1.2,14.5,53.0,1031.8,5.3,201.0,8.0
1997-04-10,0.0,2.6,17.6,58.0,1027.9,4.8,139.0,23.0
1997-04-11,0.0,5.2,21.0,58.0,1015.7,6.4,239.0,21.0
1997-04-12,0.0,5.5,13.3,49.0,1013.2,8.2,135.0,24.0
1997-04-13,0.0,1.8,14.8,55.0,1019.3,6.9,137.0,40.0
1997-04-14,0.5,5.4,15.2,64.0,1021.8,4.7,160.0,73.0
1997-04-15,0.2,2.2,19.4,59.0,1012.4,5.7,69.0,17.0
1997-04-16,11.2,1.2,10.0,77.0,1016.3,5.0,171.0,58.0
1997-04-17,0.0,-4.0,11.3,65.0,1017.7,5.8,225.0,16.0
1997-04-18,0.0,-1.0,15.8,52.0,1017.2,5.5,190.0,0.0
1997-04-19,0.0,2.3,15.9,57.0,1010.1,5.1,116.0,3.0
1997-04-20,13.1,3.8,11.9,86.0,1005.3,6.9,65.0,92.0
1997-04-21,1.6,3.7,12.6,61.0,1006.3,11.0,85.0,86.0
1997-04-22,0.0,4.4,11.7,63.0,1002.6,5.6,176.0,100.0
1997-04-23,0.0,2.1,14.6,58.0,1013.9,6.0,193.0,53.0
1997-04-24,0.0,3.2,15.7,53.0,1022.8,5.2,195.0,15.0
1997-04-25,0.0,2.3,18.9,59.0,1020.5,5.1,186.0,55.0
1997-04-26,0.1,7.4,17.9,68.0,1016.2,5.7,94.0,97.0
1997-04-27,47.3,8.7,11.9,91.0,1012.3,9.6,56.0,100.0
1997-04-28,7.7,7.8,16.6,78.0,1015.0,6.4,81.0,83.0
1997-04-29,4.9,9.0,14.8,86.0,1011.1,3.8,111.0,95.0
1997-04-30,3.6,5.3,18.9,77.0,1013.3,4.3,326.0,66.0
1997-05-01,1.0,4.5,19.5,71.0,1021.4,4.2,345.0,24.0
1997-05-02,0.0,8.2,21.1,63.0,1024.9,5.2,216.0,9.0
1997-05-03,0.0,6.9,24.4,66.0,1018.8,5.5,232.0,9.0
1997-05-04,1.0,11.9,22.1,73.0,1012.7,5.3,107.0,61.0
1997-05-05,0.2,10.4,20.1,75.0,1008.3,6.3,177.0,66.0
1997-05-06,16.9,10.5,16.0,82.0,999.7,6.5,137.0,86.0
1997-05-07,3.5,7.1,16.2,72.0,1000.2,6.5,190.0,72.0
1997-05-08,30.4,7.7,11.2,87.0,1000.8,6.6,353.0,96.0
1997-05-09,0.4,1.3,17.2,71.0,1010.3,5.5,187.0,30.0
1997-05-10,1.6,9.6,18.1,72.0,1017.9,4.8,159.0,53.0
1997-05-11,0.7,8.6,20.0,75.0,1021.3,5.6,105.0,76.0
1997-05-12,1.3,12.4,21.7,76.0,1022.6,4.1,268.0,85.0
1997-05-13,0.0,9.0,25.2,71.0,1022.0,4.5,256.0,57.0
1997-05-14,0.0,10.1,28.3,64.0,1019.0,4.5,4.0,18.0
1997-05-15,0.0,13.3,26.7,62.0,1017.5,5.8,44.0,35.0
1997-05-16,0.0,12.4,26.6,59.0,1016.0,4.9,76.0,18.0
1997-05-17,0.9,13.1,26.4,66.0,1015.0,3.8,94.0,21.0
1997-05-18,0.0,15.7,25.6,65.0,1012.6,6.4,234.0,31.0
1997-05-19,0.0,13.3,24.8,61.0,1012.0,6.2,222.0,34.0
1997-05-20,0.2,12.7,24.9,61.0,1009.6,7.0,226.0,58.0
1997-05-21,2.5,12.2,22.6,70.0,1007.6,6.0,116.0,54.0
1997-05-22,9.4,11.4,20.4,82.0,1009.1,4.3,0.0,66.0
1997-05-23,6.0,8.6,20.3,82.0,1015.4,5.0,132.0,52.0
1997-05-24,2.1,11.5,21.9,77.0,1017.0,4.9,67.0,74.0
1997-05-25,7.6,13.7,18.6,76.0,1022.3,7.2,74.0,98.0
1997-05-26,1.1,12.7,20.0,66.0,1020.5,4.5,140.0,55.0
1997-05-27,0.0,10.6,22.8,68.0,1014.8,4.9,150.0,18.0
1997-05-28,3.0,13.0,19.5,79.0,1014.2,5.6,110.0,59.0
1997-05-29,0.0,13.0,20.2,59.0,1022.6,5.8,181.0,57.0
1997-05-30,0.0,10.4,22.2,55.0,1018.5,6.0,148.0,37.0
1997-05-31,1.2,12.5,18.2,64.0,1018.5,7.0,123.0,60.0
1997-06-01,12.3,10.4,14.1,79.0,1017.0,8.1,52.0,99.0
1997-06-02,3.7,10.3,19.3,74.0,1014.2,5.7,33.0,88.0
1997-06-03,0.3,11.2,21.3,72.0,1014.1,4.7,158.0,60.0
1997-06-04,18.9,11.2,21.2,84.0,1016.1,5.2,90.0,70.0
1997-06-05,9.0,13.8,19.1,88.0,1014.1,5.3,64.0,100.0
1997-06-06,2.1,13.4,23.0,78.0,1011.3,4.9,184.0,71.0
1997-06-07,3.5,13.2,23.9,79.0,1014.0,5.2,116.0,62.0
1997-06-08,5.9,15.9,23.6,83.0,1016.5,4.0,95.0,81.0
1997-06-09,3.2,14.5,25.6,72.0,1020.9,3.1,25.0,78.0
1997-06-10,1.6,16.2,26.7,67.0,1019.2,3.2,20.0,69.0
1997-06-11,0.0,17.5,27.3,68.0,1014.4,4.5,123.0,83.0
1997-06-12,5.8,15.5,27.2,74.0,1010.4,4.4,63.0,71.0
1997-06-13,7.4,16.6,24.6,82.0,1008.5,3.7,44.0,88.0
1997-06-14,21.6,16.1,25.0,82.0,1008.5,4.0,236.0,67.0
1997-06-15,0.0,14.9,25.9,73.0,1013.5,5.4,74.0,19.0
1997-06-16,16.9,15.3,26.0,75.0,1015.2,3.7,19.0,66.0
1997-06-17,0.6,15.5,26.4,77.0,1012.7,5.3,230.0,60.0
1997-06-18,12.3,15.2,22.6,82.0,1012.8,4.4,25.0,60.0
1997-06-19,34.4,14.0,19.7,85.0,1009.2,8.7,38.0,95.0
1997-06-20,4.8,13.2,23.6,76.0,1004.2,4.1,191.0,59.0
1997-06-21,3.3,15.7,23.1,77.0,1008.7,5.4,193.0,69.0
1997-06-22,9.7,14.6,24.5,82.0,1005.0,4.7,166.0,67.0
1997-06-23,3.5,13.6,22.3,72.0,1005.6,5.0,351.0,41.0
1997-06-24,6.8,11.3,22.4,77.0,1010.5,4.5,2.0,64.0
1997-06-25,0.4,9.8,21.7,70.0,1011.0,4.7,150.0,63.0
1997-06-26,12.5,13.5,20.1,81.0,1005.4,5.3,58.0,99.0
1997-06-27,32.3,14.8,20.4,93.0,1003.6,5.5,52.0,97.0
1997-06-28,6.1,16.6,24.1,85.0,1008.8,8.5,48.0,65.0
1997-06-29,7.6,14.8,23.7,74.0,1006.8,4.8,2.0,59.0
1997-06-30,4.3,12.7,21.0,75.0,1006.3,8.0,231.0,42.0
1997-07-01,9.1,12.2,21.3,79.0,1011.2,4.7,122.0,34.0
1997-07-02,0.5,13.3,22.3,78.0,1017.0,4.7,125.0,66.0
1997-07-03,3.0,15.8,22.4,80.0,1016.7,4.2,141.0,55.0
1997-07-04,1.0,13.5,25.5,78.0,1016.9,4.9,222.0,43.0
1997-07-05,21.8,14.8,21.6,85.0,1014.0,3.4,342.0,84.0
1997-07-06,0.7,12.7,26.1,68.0,1014.4,4.8,293.0,86.0
1997-07-07,0.0,11.0,24.8,60.0,1014.6,4.1,324.0,49.0
1997-07-08,0.0,12.7,27.0,62.0,1013.6,5.8,333.0,69.0
1997-07-09,0.7,13.8,25.9,68.0,1013.7,4.3,30.0,52.0
1997-07-10,4.4,14.7,24.8,72.0,1012.9,3.4,313.0,62.0
1997-07-11,11.5,14.0,24.0,81.0,1012.3,3.5,345.0,50.0
1997-07-12,5.1,12.3,25.1,77.0,1014.4,2.9,302.0,24.0
1997-07-13,2.9,13.9,26.4,79.0,1015.9,3.6,349.0,38.0
1997-07-14,16.2,15.5,26.5,80.0,1017.2,3.6,11.0,74.0
1997-07-15,5.1,14.1,25.9,81.0,1016.9,3.2,99.0,28.0
1997-07-16,0.2,13.9,25.8,78.0,1017.8,5.0,174.0,33.0
1997-07-17,7.4,14.7,24.9,80.0,1012.7,5.8,70.0,69.0
1997-07-18,26.3,16.0,23.6,85.0,1005.1,3.3,4.0,76.0
1997-07-19,1.0,12.5,26.4,72.0,1009.5,6.6,280.0,70.0
1997-07-20,3.9,12.5,24.0,77.0,1013.9,4.0,346.0,33.0
1997-07-21,0.9,11.5,24.1,75.0,1014.5,4.8,215.0,11.0
1997-07-22,0.2,13.7,26.3,74.0,1016.9,4.7,104.0,32.0
1997-07-23,0.7,15.4,26.7,77.0,1018.2,4.8,173.0,94.0
1997-07-24,8.2,16.4,25.8,79.0,1014.7,4.1,22.0,88.0
1997-07-25,8.8,16.2,25.8,83.0,1008.9,3.4,335.0,58.0
1997-07-26,5.2,15.8,26.1,77.0,1011.3,5.0,60.0,29.0
1997-07-27,0.0,14.4,27.3,73.0,1017.6,5.9,182.0,49.0
1997-07-28,2.7,18.7,26.6,72.0,1019.6,3.4,14.0,88.0
1997-07-29,8.9,17.2,25.5,77.0,1019.1,4.4,4.0,80.0
1997-07-30,0.7,14.6,27.5,68.0,1017.9,4.5,235.0,16.0
1997-07-31,0.4,16.0,28.0,65.0,1013.9,4.1,230.0,65.0
1997-08-01,6.0,16.8,21.3,77.0,1009.1,7.1,72.0,67.0
1997-08-02,0.5,13.5,23.8,76.0,1014.4,4.8,198.0,47.0
1997-08-03,0.0,14.7,25.9,71.0,1016.8,4.3,164.0,57.0
1997-08-04,0.0,15.2,27.7,70.0,1017.6,4.6,159.0,25.0
1997-08-05,4.7,17.1,28.1,78.0,1016.1,3.2,2.0,77.0
1997-08-06,11.7,18.1,25.6,84.0,1013.1,3.8,356.0,96.0
1997-08-07,11.0,17.5,22.6,87.0,1014.4,3.4,55.0,97.0
1997-08-08,4.1,15.8,26.2,82.0,1016.4,3.2,328.0,63.0
1997-08-09,3.0,16.0,27.2,81.0,1016.9,4.3,10.0,34.0
1997-08-10,2.1,16.4,26.4,75.0,1018.6,4.2,14.0,34.0
1997-08-11,0.6,16.2,26.4,67.0,1020.5,5.8,52.0,25.0
1997-08-12,0.0,16.6,27.1,60.0,1021.6,4.6,54.0,24.0
1997-08-13,0.0,19.0,27.4,61.0,1021.4,3.3,8.0,35.0
1997-08-14,1.2,16.0,28.3,70.0,1020.5,3.3,308.0,49.0
1997-08-15,2.7,16.3,28.7,76.0,1018.2,3.8,329.0,71.0
1997-08-16,5.8,17.8,25.1,81.0,1017.6,3.4,331.0,88.0
1997-08-17,10.1,17.1,22.3,88.0,1018.0,3.2,356.0,99.0
1997-08-18,7.0,17.0,24.1,77.0,1017.0,3.2,39.0,76.0
1997-08-19,4.6,15.9,24.2,77.0,1017.2,5.0,44.0,58.0
1997-08-20,1.0,16.0,25.5,72.0,1017.9,4.7,9.0,96.0
1997-08-21,0.1,15.5,24.4,71.0,1020.4,5.6,15.0,88.0
1997-08-22,0.0,14.1,26.9,64.0,1021.1,5.6,36.0,40.0
1997-08-23,2.2,14.4,27.1,66.0,1018.9,3.1,342.0,33.0
1997-08-24,6.4,16.5,25.7,75.0,1017.3,2.7,0.0,81.0
1997-08-25,4.4,15.9,26.1,80.0,1014.1,3.8,327.0,43.0
1997-08-26,2.9,19.9,27.1,75.0,1010.7,4.4,38.0,52.0
1997-08-27,5.5,17.0,24.8,84.0,1010.2,4.1,70.0,69.0
1997-08-28,8.8,17.1,26.0,83.0,1007.5,5.1,207.0,90.0
1997-08-29,5.4,14.5,23.8,75.0,1008.0,4.3,305.0,54.0
1997-08-30,0.0,10.8,24.3,71.0,1016.0,4.9,169.0,55.0
1997-08-31,0.0,13.3,25.9,72.0,1017.6,4.5,97.0,19.0
1997-09-01,0.0,14.4,27.1,73.0,1018.1,4.5,96.0,4.0
1997-09-02,0.0,15.3,28.1,75.0,1017.1,4.8,126.0,46.0
1997-09-03,0.1,15.8,27.9,74.0,1017.3,3.9,16.0,90.0
1997-09-04,0.4,16.3,28.3,75.0,1018.4,4.0,38.0,43.0
1997-09-05,1.9,16.7,27.4,74.0,1019.7,4.0,56.0,43.0
1997-09-06,1.5,17.2,27.7,76.0,1020.0,3.9,19.0,28.0
1997-09-07,2.3,17.9,26.7,75.0,1020.6,5.0,36.0,38.0
1997-09-08,0.3,15.5,25.8,75.0,1021.7,4.6,46.0,24.0
1997-09-09,0.0,15.0,28.0,75.0,1015.5,4.9,261.0,16.0
1997-09-10,0.0,16.1,26.1,77.0,1013.2,5.7,82.0,22.0
1997-09-11,0.0,16.5,23.9,69.0,1018.2,4.9,106.0,52.0
1997-09-12,0.2,16.1,24.5,73.0,1015.6,3.7,144.0,49.0
1997-09-13,2.9,18.7,25.5,79.0,1011.1,3.9,213.0,72.0
1997-09-14,18.4,14.6,21.1,78.0,1016.9,7.5,71.0,87.0
1997-09-15,0.0,12.9,19.9,62.0,1024.6,3.9,98.0,39.0
1997-09-16,0.0,7.9,20.8,61.0,1025.7,5.0,46.0,7.0
1997-09-17,0.0,8.0,21.9,66.0,1024.6,4.4,49.0,3.0
1997-09-18,0.0,9.2,23.7,73.0,1023.3,3.6,167.0,5.0
1997-09-19,0.0,10.6,24.2,72.0,1020.1,3.9,41.0,10.0
1997-09-20,2.9,11.9,21.8,75.0,1020.7,6.0,73.0,26.0
1997-09-21,0.0,11.2,20.5,69.0,1023.0,4.6,76.0,51.0
1997-09-22,0.0,12.0,21.2,67.0,1022.5,5.3,53.0,74.0
1997-09-23,0.0,11.2,21.0,67.0,1020.9,5.4,50.0,95.0
1997-09-24,0.0,8.8,23.1,65.0,1019.6,4.5,47.0,45.0
1997-09-25,0.0,13.6,20.5,64.0,1024.0,4.7,87.0,5.0
1997-09-26,0.0,11.3,20.0,63.0,1023.3,3.5,12.0,17.0
1997-09-27,0.0,8.4,22.4,74.0,1016.0,4.3,124.0,3.0
1997-09-28,0.0,9.4,21.6,76.0,1015.7,4.9,54.0,51.0
1997-09-29,0.0,10.5,22.1,74.0,1019.9,3.7,79.0,47.0
1997-09-30,0.0,11.0,23.9,77.0,1021.0,4.2,297.0,43.0
1997-10-01,0.0,11.9,22.0,79.0,1015.6,4.2,78.0,48.0
1997-10-02,0.0,10.6,23.4,81.0,1009.2,4.3,90.0,35.0
1997-10-03,0.0,14.2,20.8,72.0,1011.6,6.3,76.0,53.0
1997-10-04,0.0,13.9,20.9,66.0,1020.7,4.2,112.0,70.0
1997-10-05,0.0,9.5,22.5,76.0,1019.3,4.4,96.0,23.0
1997-10-06,0.2,10.1,22.1,82.0,1016.3,5.0,38.0,57.0
1997-10-07,7.0,14.3,21.7,85.0,1013.1,3.9,48.0,98.0
1997-10-08,2.2,13.9,21.1,88.0,1016.2,3.8,94.0,69.0
1997-10-09,0.1,15.3,22.9,83.0,1017.7,3.7,195.0,75.0
1997-10-10,1.3,15.7,21.2,85.0,1011.7,4.9,230.0,80.0
1997-10-11,4.0,11.7,22.6,83.0,1002.7,5.3,25.0,34.0
1997-10-12,2.9,11.1,21.1,80.0,995.6,4.3,360.0,66.0
1997-10-13,0.5,4.9,17.6,54.0,1006.1,5.4,348.0,31.0
1997-10-14,0.9,8.6,16.7,55.0,1010.0,5.6,9.0,50.0
1997-10-15,0.0,2.3,15.6,52.0,1013.0,4.8,332.0,19.0
1997-10-16,0.0,4.1,16.0,62.0,1013.7,4.3,357.0,30.0
1997-10-17,0.0,5.3,15.9,75.0,1020.9,4.2,38.0,47.0
1997-10-18,0.0,7.1,16.0,81.0,1026.2,4.0,67.0,56.0
1997-10-19,0.0,6.0,17.2,79.0,1022.9,3.4,79.0,18.0
1997-10-20,0.0,5.6,17.4,83.0,1014.9,3.9,85.0,53.0
1997-10-21,7.0,10.4,14.1,91.0,1012.3,5.9,51.0,100.0
1997-10-22,0.3,7.8,13.2,79.0,1014.1,3.8,69.0,61.0
1997-10-23,0.0,7.6,14.9,74.0,1012.7,3.5,76.0,83.0
1997-10-24,0.4,5.4,16.6,77.0,1011.0,5.2,61.0,46.0
1997-10-25,1.1,7.1,11.0,68.0,1021.6,4.1,134.0,54.0
1997-10-26,0.0,5.1,12.9,70.0,1020.9,3.5,67.0,20.0
1997-10-27,0.3,5.0,11.5,69.0,1020.3,6.9,71.0,74.0
1997-10-28,0.0,0.1,7.5,43.0,1028.5,12.0,67.0,41.0
1997-10-29,0.0,-1.8,9.4,44.0,1033.2,8.0,39.0,0.0
1997-10-30,0.3,-1.4,10.1,44.0,1029.2,8.6,55.0,66.0
1997-10-31,0.3,3.1,9.8,71.0,1026.5,3.2,36.0,91.0
1997-11-01,0.0,4.0,11.3,67.0,1023.0,2.7,321.0,77.0
1997-11-02,0.0,2.1,14.0,76.0,1017.5,2.8,18.0,5.0
1997-11-03,0.0,1.6,14.7,79.0,1015.2,3.2,13.0,0.0
1997-11-04,0.0,3.9,12.2,75.0,1018.4,5.3,42.0,43.0
1997-11-05,3.0,6.0,9.6,81.0,1017.7,4.4,18.0,98.0
1997-11-06,30.6,9.0,12.2,95.0,1008.4,5.3,29.0,100.0
1997-11-07,45.6,11.6,17.2,95.0,1004.0,4.2,127.0,93.0
1997-11-08,6.3,10.9,15.8,87.0,1002.9,5.3,239.0,71.0
1997-11-09,23.0,5.9,11.1,92.0,1007.8,5.3,8.0,82.0
1997-11-10,1.9,4.0,13.0,86.0,1008.7,3.5,26.0,52.0
1997-11-11,5.2,4.8,13.0,89.0,1009.4,4.4,36.0,86.0
1997-11-12,34.4,8.6,12.3,95.0,1004.3,7.5,69.0,99.0
1997-11-13,0.0,6.3,13.9,82.0,1002.6,4.0,339.0,96.0
1997-11-14,0.0,0.2,12.4,77.0,1009.1,4.5,351.0,14.0
1997-11-15,0.0,-1.3,12.1,73.0,1019.2,4.3,316.0,12.0
1997-11-16,0.0,0.4,10.1,75.0,1016.6,4.1,42.0,42.0
1997-11-17,0.0,3.7,10.0,79.0,1018.2,3.4,326.0,30.0
1997-11-18,0.1,1.4,10.5,84.0,1012.5,3.9,66.0,22.0
1997-11-19,2.3,0.7,4.9,74.0,1012.2,7.4,77.0,89.0
1997-11-20,0.0,-2.0,4.7,65.0,1011.0,3.7,35.0,34.0
1997-11-21,0.0,-1.1,8.2,75.0,1011.9,2.6,22.0,26.0
1997-11-22,0.0,-1.2,8.9,81.0,1014.0,4.9,14.0,86.0
1997-11-23,5.1,1.4,7.8,82.0,1014.1,4.1,350.0,99.0
1997-11-24,0.3,0.0,10.6,84.0,1016.5,3.2,7.0,67.0
1997-11-25,0.3,6.6,9.4,81.0,1014.5,3.1,30.0,100.0
1997-11-26,0.2,4.8,11.4,87.0,1013.8,2.3,349.0,91.0
1997-11-27,0.0,3.5,11.6,87.0,1017.1,3.4,339.0,69.0
1997-11-28,0.0,4.5,11.2,87.0,1017.4,2.8,247.0,81.0
1997-11-29,4.6,7.1,9.7,93.0,1012.7,3.4,31.0,100.0
1997-11-30,22.3,6.9,9.8,91.0,1004.2,5.8,4.0,100.0
1997-12-01,9.9,5.7,8.9,91.0,1004.6,4.6,326.0,100.0
1997-12-02,3.2,1.3,9.6,88.0,1002.5,5.0,23.0,92.0
1997-12-03,32.1,2.8,6.2,88.0,993.2,10.0,18.0,99.0
1997-12-04,0.9,-0.8,8.3,80.0,1007.1,5.7,351.0,32.0
1997-12-05,0.0,-2.3,6.6,79.0,1017.0,5.7,5.0,45.0
1997-12-06,0.0,-6.0,4.7,75.0,1021.2,3.8,345.0,8.0
1997-12-07,0.0,-5.2,6.0,69.0,1020.5,3.9,319.0,9.0
1997-12-08,0.0,-3.2,6.8,74.0,1016.5,2.5,1.0,41.0
1997-12-09,0.0,-1.6,7.3,80.0,1016.5,3.0,355.0,74.0
1997-12-10,0.0,-2.2,9.1,82.0,1019.7,2.8,321.0,61.0
1997-12-11,0.0,-1.9,6.3,85.0,1017.5,2.5,16.0,76.0
1997-12-12,0.6,-0.5,9.1,87.0,1009.4,3.3,355.0,61.0
1997-12-13,0.0,-1.9,10.3,82.0,1015.0,5.9,328.0,60.0
1997-12-14,0.0,-3.6,8.3,70.0,1020.7,4.8,343.0,7.0
1997-12-15,0.3,-1.3,6.9,72.0,1017.9,5.7,12.0,67.0
1997-12-16,0.4,-2.4,4.1,75.0,1024.2,7.0,43.0,81.0
1997-12-17,6.7,-3.3,1.8,78.0,1027.1,5.8,25.0,98.0
1997-12-18,8.2,1.3,5.8,94.0,1022.4,4.3,14.0,100.0
1997-12-19,19.4,3.7,7.8,93.0,1014.2,6.1,9.0,100.0
1997-12-20,37.1,5.7,8.7,94.0,1003.5,6.6,6.0,94.0
1997-12-21,0.0,4.3,9.8,91.0,1006.3,2.8,327.0,85.0
1997-12-22,0.7,2.1,9.1,89.0,1011.7,2.3,339.0,76.0
1997-12-23,0.0,-0.2,9.0,88.0,1019.2,3.1,342.0,74.0
1997-12-24,0.0,-2.0,8.5,88.0,1027.8,2.8,333.0,62.0
1997-12-25,0.0,-1.1,5.7,89.0,1026.6,2.2,56.0,79.0
1997-12-26,4.3,1.2,5.7,93.0,1016.4,2.6,4.0,100.0
1997-12-27,0.0,-1.4,8.4,87.0,1008.6,4.6,332.0,88.0
1997-12-28,0.0,-3.1,8.1,74.0,1010.7,4.2,340.0,40.0
1997-12-29,0.0,-3.6,6.4,72.0,1013.5,3.7,339.0,11.0
1997-12-30,0.0,-4.2,4.8,70.0,1020.2,3.2,10.0,35.0
1997-12-31,0.0,-1.8,5.4,75.0,1021.4,2.8,351.0,83.0
1998-01-01,0.0,0.4,7.9,86.0,1022.5,2.8,294.0,72.0
1998-01-02,4.9,2.0,6.0,94.0,1014.4,2.4,43.0,98.0
1998-01-03,4.4,3.0,9.9,92.0,1012.1,4.0,304.0,92.0
1998-01-04,0.0,-0.5,8.1,87.0,1015.6,3.3,358.0,37.0
1998-01-05,0.0,-0.5,9.2,85.0,1014.8,4.5,355.0,33.0
1998-01-06,0.0,-1.5,9.5,83.0,1014.5,3.9,3.0,42.0
1998-01-07,0.0,-2.4,8.3,79.0,1023.5,3.4,347.0,21.0
1998-01-08,0.0,-1.8,8.3,78.0,1029.9,3.1,8.0,9.0
1998-01-09,0.0,-2.7,6.8,81.0,1032.8,2.1,33.0,32.0
1998-01-10,0.0,-1.7,8.3,78.0,1032.4,1.7,331.0,28.0
1998-01-11,0.0,-2.5,9.0,75.0,1031.1,2.3,330.0,13.0
1998-01-12,0.0,-2.5,5.5,80.0,1030.1,1.9,105.0,41.0
1998-01-13,0.0,-0.1,3.8,85.0,1024.7,1.5,127.0,81.0
1998-01-14,1.2,1.5,7.5,87.0,1019.3,3.6,31.0,88.0
1998-01-15,3.1,3.7,9.8,92.0,1022.5,3.5,346.0,98.0
1998-01-16,2.1,4.3,8.5,91.0,1019.5,3.4,226.0,100.0
1998-01-17,3.3,-1.1,11.4,84.0,1017.4,3.9,341.0,68.0
1998-01-18,0.0,-3.1,8.4,71.0,1022.0,4.0,295.0,46.0
1998-01-19,6.0,-2.3,6.7,87.0,1005.1,4.0,359.0,74.0
1998-01-20,2.4,-2.7,7.1,75.0,1002.6,6.8,336.0,56.0
1998-01-21,0.0,-3.4,8.3,55.0,1014.0,6.0,333.0,92.0
1998-01-22,0.0,-1.6,7.9,58.0,1018.6,5.1,344.0,76.0
1998-01-23,0.0,-0.8,8.1,69.0,1019.9,4.3,325.0,83.0
1998-01-24,0.0,-0.4,6.6,75.0,1017.6,3.5,61.0,39.0
1998-01-25,0.0,0.1,5.8,72.0,1021.0,6.1,53.0,41.0
1998-01-26,0.0,-0.1,4.6,64.0,1025.3,4.3,58.0,6.0
1998-01-27,0.0,-0.4,4.3,60.0,1023.4,3.0,340.0,3.0
1998-01-28,0.0,-2.5,3.9,70.0,1018.8,2.3,228.0,3.0
1998-01-29,0.0,-1.8,3.9,71.0,1018.2,3.6,57.0,25.0
1998-01-30,0.0,-1.8,4.9,75.0,1020.1,3.4,261.0,22.0
1998-01-31,0.0,-2.6,5.2,77.0,1015.2,3.8,32.0,16.0
1998-02-01,0.0,-3.0,3.9,66.0,1016.5,6.4,70.0,24.0
1998-02-02,0.0,-2.1,2.8,62.0,1013.6,3.1,168.0,47.0
1998-02-03,0.0,-2.5,4.2,75.0,1011.3,3.3,84.0,87.0
1998-02-04,0.0,-2.6,8.3,63.0,1012.1,6.1,38.0,58.0
1998-02-05,0.0,-3.3,9.9,63.0,1015.0,3.6,286.0,0.0
1998-02-06,0.0,-2.8,10.1,66.0,1021.0,3.4,356.0,3.0
1998-02-07,0.0,-2.9,9.5,71.0,1024.1,3.7,331.0,30.0
1998-02-08,0.0,-1.4,10.5,68.0,1025.7,4.8,27.0,52.0
1998-02-09,0.0,-1.0,9.3,65.0,1032.9,3.4,262.0,19.0
1998-02-10,0.0,-2.6,11.3,75.0,1033.0,2.5,39.0,11.0
1998-02-11,0.0,-1.4,12.6,73.0,1032.7,3.1,41.0,2.0
1998-02-12,0.0,-2.0,12.6,78.0,1030.9,3.2,30.0,44.0
1998-02-13,0.0,-1.4,16.1,75.0,1029.1,3.1,360.0,29.0
1998-02-14,0.0,0.2,16.8,75.0,1030.1,3.4,360.0,6.0
1998-02-15,0.0,0.5,16.9,79.0,1029.5,4.0,321.0,2.0
1998-02-16,0.0,0.8,16.3,79.0,1024.3,4.8,331.0,51.0
1998-02-17,0.0,1.9,16.4,73.0,1020.5,4.1,16.0,26.0
1998-02-18,0.0,3.8,11.8,66.0,1034.6,3.8,248.0,9.0
1998-02-19,0.0,-1.5,13.7,75.0,1030.6,3.9,9.0,4.0
1998-02-20,0.0,-0.8,15.2,72.0,1028.3,3.8,4.0,0.0
1998-02-21,0.0,-1.1,13.2,79.0,1027.8,3.9,56.0,34.0
1998-02-22,2.1,1.1,12.1,84.0,1024.7,4.2,87.0,75.0
1998-02-23,9.6,5.4,13.5,84.0,1024.0,6.8,22.0,95.0
1998-02-24,0.0,3.3,15.7,74.0,1028.2,5.2,350.0,38.0
1998-02-25,0.1,5.0,14.8,75.0,1029.3,3.9,347.0,52.0
1998-02-26,0.0,7.7,14.4,70.0,1032.3,4.2,225.0,31.0
1998-02-27,0.0,0.5,15.2,79.0,1025.3,3.9,262.0,0.0
1998-02-28,0.0,1.9,14.1,82.0,1014.6,5.0,119.0,34.0
1998-03-01,2.8,6.6,12.8,91.0,1012.6,4.8,80.0,88.0
1998-03-02,0.0,1.2,10.9,77.0,1022.3,4.7,64.0,60.0
1998-03-03,0.0,1.5,12.2,80.0,1024.9,3.8,164.0,84.0
1998-03-04,0.0,5.5,13.7,82.0,1022.8,4.6,196.0,92.0
1998-03-05,0.4,4.5,15.3,71.0,1015.3,10.9,241.0,59.0
1998-03-06,0.0,-0.7,13.8,45.0,1023.9,6.6,243.0,13.0
1998-03-07,0.0,2.0,13.6,66.0,1018.2,4.8,87.0,44.0
1998-03-08,1.8,7.0,15.2,75.0,1006.8,3.5,44.0,74.0
1998-03-09,0.3,-0.3,14.6,61.0,1007.4,6.5,16.0,36.0
1998-03-10,0.0,-1.9,9.4,33.0,1024.3,5.4,356.0,8.0
1998-03-11,0.0,2.1,6.1,53.0,1019.9,4.5,132.0,72.0
1998-03-12,0.0,0.6,7.7,65.0,1016.9,4.1,97.0,86.0
1998-03-13,0.0,-1.8,10.4,68.0,1021.4,4.1,158.0,18.0
1998-03-14,0.0,0.3,13.9,68.0,1019.9,5.0,240.0,22.0
1998-03-15,0.3,1.7,14.6,69.0,1018.1,4.7,62.0,27.0
1998-03-16,0.1,4.3,10.9,77.0,1020.4,4.7,142.0,35.0
1998-03-17,0.0,3.2,15.0,72.0,1020.6,4.6,111.0,28.0
1998-03-18,0.0,0.4,17.6,69.0,1025.5,5.6,200.0,3.0
1998-03-19,1.9,3.8,13.6,76.0,1028.2,6.1,60.0,39.0
1998-03-20,0.6,0.7,14.4,65.0,1025.2,4.6,250.0,37.0
1998-03-21,3.4,-0.2,6.9,66.0,1022.8,7.1,125.0,59.0
1998-03-22,4.5,1.0,10.1,58.0,1026.8,6.8,204.0,71.0
1998-03-23,8.8,0.8,3.9,82.0,1029.2,5.8,67.0,99.0
1998-03-24,0.6,0.2,7.0,57.0,1024.6,10.7,47.0,49.0
1998-03-25,0.0,-5.0,9.2,50.0,1026.2,4.6,88.0,7.0
1998-03-26,0.0,-3.7,9.1,56.0,1025.0,3.9,176.0,0.0
1998-03-27,0.0,-3.4,11.6,63.0,1022.7,3.6,262.0,49.0
1998-03-28,0.0,-1.6,16.5,65.0,1020.3,4.1,251.0,53.0
1998-03-29,0.0,3.0,16.3,62.0,1016.9,4.5,62.0,44.0
1998-03-30,0.0,1.3,17.1,66.0,1018.7,5.3,70.0,0.0
1998-03-31,0.0,2.8,17.0,71.0,1020.8,4.9,108.0,2.0
1998-04-01,0.0,5.0,17.6,76.0,1016.8,4.8,114.0,35.0
1998-04-02,1.5,6.5,17.4,77.0,1011.9,5.8,175.0,61.0
1998-04-03,0.0,7.9,15.9,81.0,1011.2,4.4,144.0,79.0
1998-04-04,1.1,9.7,19.5,77.0,1009.5,6.3,172.0,60.0
1998-04-05,12.1,9.3,17.1,85.0,1009.9,4.9,157.0,96.0
1998-04-06,10.2,9.1,14.7,82.0,1009.8,3.7,252.0,65.0
1998-04-07,11.7,6.1,13.4,87.0,1010.7,5.2,53.0,96.0
1998-04-08,3.7,4.5,15.8,78.0,1005.8,5.2,219.0,84.0
1998-04-09,7.4,5.0,14.1,85.0,1003.3,4.9,64.0,77.0
1998-04-10,26.9,3.8,12.2,93.0,1002.8,7.6,98.0,96.0
1998-04-11,20.0,4.3,12.3,88.0,1003.1,6.1,97.0,81.0
1998-04-12,4.3,3.1,10.7,82.0,1001.0,4.5,239.0,80.0
1998-04-13,9.1,1.2,9.3,86.0,1003.6,4.1,55.0,90.0
1998-04-14,3.1,-0.2,11.5,79.0,1007.2,4.2,105.0,57.0
1998-04-15,4.6,1.2,10.4,80.0,1012.7,6.2,51.0,97.0
1998-04-16,18.9,5.2,13.2,77.0,1000.2,7.1,295.0,95.0
1998-04-17,5.3,5.8,11.8,85.0,996.1,4.6,73.0,88.0
1998-04-18,7.8,4.0,13.3,86.0,996.0,3.6,352.0,96.0
1998-04-19,9.1,0.1,14.4,83.0,1006.0,4.5,353.0,60.0
1998-04-20,0.0,-0.5,17.3,68.0,1016.2,6.1,245.0,10.0
1998-04-21,0.0,3.7,18.6,72.0,1018.0,5.0,110.0,52.0
1998-04-22,0.0,5.7,17.8,77.0,1016.8,5.3,94.0,35.0
1998-04-23,0.0,8.1,16.6,72.0,1017.4,6.0,63.0,49.0
1998-04-24,1.9,5.4,20.1,71.0,1017.2,3.8,200.0,46.0
1998-04-25,1.2,8.9,19.3,74.0,1018.6,4.4,142.0,66.0
1998-04-26,0.3,9.2,20.0,73.0,1014.2,5.4,97.0,71.0
1998-04-27,8.4,9.5,19.4,76.0,1007.1,9.6,71.0,91.0
1998-04-28,41.7,9.8,13.0,88.0,1004.9,4.4,345.0,100.0
1998-04-29,11.5,9.2,13.4,83.0,1007.6,3.6,270.0,93.0
1998-04-30,3.9,8.0,15.1,82.0,1011.8,7.5,57.0,84.0
1998-05-01,5.7,8.3,15.4,83.0,1012.1,4.1,45.0,90.0
1998-05-02,0.3,6.9,17.2,75.0,1010.4,6.2,224.0,48.0
1998-05-03,0.0,8.6,18.8,74.0,1006.7,6.6,57.0,72.0
1998-05-04,8.0,9.5,17.4,83.0,998.0,5.1,318.0,100.0
1998-05-05,2.1,5.4,15.8,75.0,1005.1,6.1,120.0,77.0
1998-05-06,0.5,11.5,17.6,69.0,1012.6,4.4,98.0,88.0
1998-05-07,0.0,10.0,19.4,64.0,1020.9,4.1,125.0,21.0
1998-05-08,0.0,6.6,21.9,67.0,1026.6,4.3,156.0,14.0
1998-05-09,0.0,8.2,23.5,64.0,1025.0,4.2,77.0,18.0
1998-05-10,0.0,9.9,24.3,65.0,1021.1,5.9,49.0,1.0
1998-05-11,0.0,10.3,25.1,66.0,1018.1,5.1,75.0,4.0
1998-05-12,1.1,10.5,25.1,72.0,1017.7,3.7,329.0,32.0
1998-05-13,2.1,12.4,25.3,73.0,1018.8,4.1,12.0,56.0
1998-05-14,8.7,12.6,22.9,81.0,1018.2,5.8,36.0,69.0
1998-05-15,1.6,11.5,21.1,69.0,1015.0,5.0,79.0,55.0
1998-05-16,3.4,11.8,18.0,71.0,1015.0,5.2,92.0,71.0
1998-05-17,10.2,8.4,15.1,84.0,1016.3,5.0,50.0,74.0
1998-05-18,5.8,6.2,16.1,82.0,1019.3,4.6,328.0,74.0
1998-05-19,0.2,7.2,23.2,68.0,1018.2,4.7,317.0,67.0
1998-05-20,0.2,9.0,23.8,66.0,1016.3,4.6,15.0,35.0
1998-05-21,3.1,9.8,22.3,75.0,1014.5,4.2,24.0,36.0
1998-05-22,6.5,11.0,21.7,79.0,1011.5,5.0,47.0,47.0
1998-05-23,1.9,12.7,18.8,74.0,1014.1,6.0,93.0,53.0
1998-05-24,8.0,12.4,15.3,84.0,1011.8,6.6,50.0,95.0
1998-05-25,3.8,9.7,17.6,79.0,1008.5,6.5,55.0,64.0
1998-05-26,3.6,8.9,21.2,74.0,1008.7,4.8,213.0,32.0
1998-05-27,8.2,11.9,20.5,80.0,1012.2,5.1,56.0,49.0
1998-05-28,11.5,11.9,19.7,88.0,1014.0,7.3,59.0,86.0
1998-05-29,9.5,12.7,17.9,86.0,1013.0,4.7,18.0,91.0
1998-05-30,0.0,9.8,21.7,76.0,1013.6,5.6,226.0,33.0
1998-05-31,0.3,12.7,22.5,75.0,1014.4,5.7,227.0,54.0
1998-06-01,0.0,11.7,23.2,68.0,1014.9,6.0,230.0,35.0
1998-06-02,0.0,12.3,24.7,75.0,1016.7,5.6,192.0,54.0
1998-06-03,0.1,11.9,25.7,77.0,1017.6,5.0,107.0,41.0
1998-06-04,1.5,14.8,26.9,78.0,1018.8,4.0,65.0,59.0
1998-06-05,0.0,15.2,28.1,78.0,1019.3,4.7,71.0,19.0
1998-06-06,0.1,15.0,28.2,76.0,1017.9,4.9,74.0,40.0
1998-06-07,5.9,16.5,26.4,77.0,1014.5,4.2,11.0,77.0
1998-06-08,14.0,15.5,23.8,85.0,1014.7,4.1,28.0,57.0
1998-06-09,0.0,11.6,24.8,72.0,1015.6,4.9,75.0,13.0
1998-06-10,1.5,14.3,25.0,75.0,1010.0,5.2,159.0,48.0
1998-06-11,20.3,14.7,20.2,87.0,1002.8,5.8,98.0,86.0
1998-06-12,20.3,12.9,18.1,81.0,1004.3,6.8,39.0,79.0
1998-06-13,1.6,9.0,21.1,63.0,1011.6,5.4,350.0,44.0
1998-06-14,0.9,10.3,20.1,72.0,1013.7,5.0,102.0,34.0
1998-06-15,16.9,10.6,19.0,86.0,1014.0,4.0,42.0,67.0
1998-06-16,10.6,8.8,20.6,85.0,1016.8,4.0,27.0,53.0
1998-06-17,4.3,10.9,20.6,73.0,1021.8,4.8,71.0,51.0
1998-06-18,0.2,9.9,22.1,74.0,1023.8,4.6,178.0,50.0
1998-06-19,3.7,11.2,23.1,75.0,1022.6,4.3,121.0,29.0
1998-06-20,0.0,13.4,26.0,77.0,1023.9,5.1,161.0,47.0
1998-06-21,0.0,14.5,27.1,77.0,1022.7,4.4,130.0,42.0
1998-06-22,5.2,15.6,27.2,81.0,1018.5,3.4,56.0,45.0
1998-06-23,12.3,17.8,24.3,83.0,1017.1,5.2,34.0,92.0
1998-06-24,4.8,15.4,24.2,80.0,1014.5,4.0,60.0,60.0
1998-06-25,0.5,15.1,26.2,79.0,1013.2,4.1,120.0,54.0
1998-06-26,1.6,16.8,26.5,80.0,1015.1,3.7,68.0,64.0
1998-06-27,0.7,17.4,27.8,79.0,1014.7,4.6,40.0,45.0
1998-06-28,1.6,17.8,28.2,77.0,1014.7,4.1,359.0,54.0
1998-06-29,0.8,17.7,27.1,75.0,1016.2,6.5,42.0,40.0
1998-06-30,5.3,17.6,25.1,81.0,1013.3,3.8,50.0,50.0
1998-07-01,1.8,16.9,27.2,83.0,1011.1,5.0,75.0,50.0
1998-07-02,3.3,17.7,28.8,75.0,1006.9,6.8,299.0,37.0
1998-07-03,9.9,17.7,25.3,82.0,1010.4,5.0,31.0,74.0
1998-07-04,0.0,13.1,26.7,74.0,1014.1,5.8,226.0,15.0
1998-07-05,2.4,16.0,24.1,81.0,1013.4,5.0,67.0,43.0
1998-07-06,2.7,17.6,24.6,83.0,1012.1,4.7,117.0,63.0
1998-07-07,13.3,17.1,24.7,82.0,1005.2,4.5,275.0,86.0
1998-07-08,4.4,13.9,22.9,77.0,1004.0,4.6,37.0,53.0
1998-07-09,0.0,9.1,24.4,69.0,1011.0,6.1,249.0,25.0
1998-07-10,0.2,13.8,24.6,73.0,1012.9,4.7,74.0,37.0
1998-07-11,0.2,15.2,26.0,76.0,1012.2,5.2,83.0,74.0
1998-07-12,1.0,17.4,26.6,79.0,1012.4,5.2,103.0,63.0
1998-07-13,2.2,17.7,26.0,82.0,1012.2,5.7,68.0,56.0
1998-07-14,56.2,14.9,21.5,88.0,1008.6,5.8,65.0,99.0
1998-07-15,3.0,13.4,22.0,71.0,1014.0,4.5,84.0,53.0
1998-07-16,0.4,12.6,23.7,67.0,1015.4,5.1,227.0,40.0
1998-07-17,0.1,12.9,24.9,71.0,1014.5,4.6,95.0,15.0
1998-07-18,1.2,14.8,26.0,77.0,1016.0,4.4,160.0,26.0
1998-07-19,0.9,15.5,27.8,78.0,1017.5,4.3,91.0,31.0
1998-07-20,0.3,16.3,29.9,79.0,1018.3,4.1,133.0,9.0
1998-07-21,0.5,17.8,30.6,79.0,1015.2,4.7,120.0,10.0
1998-07-22,0.0,19.2,30.2,77.0,1015.4,4.1,77.0,52.0
1998-07-23,0.0,17.8,32.5,69.0,1014.4,4.8,330.0,9.0
1998-07-24,0.9,18.1,31.0,70.0,1014.2,5.0,21.0,16.0
1998-07-25,0.5,19.5,29.7,70.0,1013.7,6.5,38.0,25.0
1998-07-26,0.1,18.8,28.2,72.0,1014.0,4.9,42.0,23.0
1998-07-27,1.6,17.6,29.9,73.0,1011.6,4.5,64.0,39.0
1998-07-28,13.4,18.4,25.0,78.0,1008.0,4.9,27.0,74.0
1998-07-29,0.7,15.9,26.6,67.0,1009.9,4.6,130.0,23.0
1998-07-30,0.0,16.6,28.2,67.0,1011.9,4.6,111.0,5.0
1998-07-31,0.4,17.5,29.4,73.0,1012.5,4.3,56.0,33.0
1998-08-01,2.0,17.8,29.2,74.0,1014.0,6.5,45.0,30.0
1998-08-02,0.6,19.2,30.5,69.0,1014.2,7.6,57.0,28.0
1998-08-03,0.4,18.1,29.5,72.0,1017.5,5.1,329.0,79.0
1998-08-04,0.0,17.9,32.5,65.0,1017.3,4.4,308.0,48.0
1998-08-05,4.9,19.9,28.6,73.0,1018.3,5.7,44.0,80.0
1998-08-06,0.0,18.3,27.4,62.0,1022.3,6.0,75.0,13.0
1998-08-07,0.0,14.4,28.6,62.0,1020.9,5.0,56.0,0.0
1998-08-08,0.0,16.2,30.7,61.0,1018.8,4.2,63.0,1.0
1998-08-09,0.8,16.9,32.7,66.0,1015.5,4.1,90.0,12.0
1998-08-10,0.1,18.9,33.1,64.0,1017.1,4.4,69.0,17.0
1998-08-11,0.8,19.0,32.3,66.0,1018.2,3.6,44.0,26.0
1998-08-12,2.0,20.3,32.4,68.0,1016.4,4.4,355.0,73.0
1998-08-13,0.0,19.3,33.5,63.0,1011.1,5.8,282.0,16.0
1998-08-14,0.4,19.3,29.6,60.0,1010.8,6.5,60.0,30.0
1998-08-15,0.1,19.0,30.8,62.0,1014.5,4.6,47.0,18.0
1998-08-16,1.7,18.2,30.3,69.0,1018.1,3.9,345.0,44.0
1998-08-17,0.6,18.5,31.1,65.0,1016.6,4.3,341.0,47.0
1998-08-18,0.9,18.3,29.2,69.0,1013.9,3.9,332.0,85.0
1998-08-19,5.1,17.1,27.5,70.0,1014.2,3.2,14.0,56.0
1998-08-20,6.5,17.7,27.4,68.0,1015.9,4.1,7.0,55.0
1998-08-21,1.4,15.6,27.6,72.0,1010.8,6.2,251.0,51.0
1998-08-22,0.8,15.9,28.5,71.0,1005.7,4.6,64.0,32.0
1998-08-23,0.0,18.8,26.1,65.0,1009.4,7.4,87.0,55.0
1998-08-24,1.6,18.6,26.6,69.0,1010.0,5.1,360.0,52.0
1998-08-25,0.0,14.5,25.6,63.0,1013.7,6.7,71.0,13.0
1998-08-26,0.0,15.5,26.5,55.0,1015.1,4.7,139.0,9.0
1998-08-27,5.5,14.3,25.0,68.0,1008.7,5.0,46.0,32.0
1998-08-28,3.3,14.4,20.4,62.0,1011.8,8.6,92.0,55.0
1998-08-29,0.7,14.7,20.8,49.0,1015.7,4.4,143.0,45.0
1998-08-30,0.0,15.3,21.0,54.0,1018.3,5.0,166.0,62.0
1998-08-31,0.0,10.9,23.0,66.0,1016.6,5.3,150.0,40.0
1998-09-01,0.1,13.9,23.3,73.0,1018.5,4.9,86.0,72.0
1998-09-02,0.0,14.3,25.0,76.0,1019.7,4.6,107.0,95.0
1998-09-03,4.1,16.2,25.1,82.0,1016.4,3.8,82.0,87.0
1998-09-04,10.4,15.4,23.9,84.0,1013.8,4.6,42.0,80.0
1998-09-05,73.0,12.5,19.1,93.0,1006.2,6.8,29.0,81.0
1998-09-06,0.0,9.6,22.4,74.0,1010.0,5.3,47.0,10.0
1998-09-07,1.3,12.1,22.1,76.0,1010.6,4.1,40.0,81.0
1998-09-08,5.8,15.4,19.5,85.0,1010.4,3.8,7.0,85.0
1998-09-09,0.0,12.1,24.5,78.0,1015.3,4.1,0.0,29.0
1998-09-10,0.0,14.9,24.3,78.0,1015.4,4.1,140.0,24.0
1998-09-11,8.0,15.0,23.2,89.0,1009.5,4.2,56.0,71.0
1998-09-12,48.2,14.5,19.7,92.0,994.0,5.0,109.0,99.0
1998-09-13,20.2,11.4,17.8,82.0,993.7,5.0,338.0,78.0
1998-09-14,6.7,8.9,17.7,77.0,999.3,5.2,45.0,78.0
1998-09-15,0.0,9.0,19.7,74.0,1006.8,5.0,292.0,60.0
1998-09-16,0.0,11.2,20.2,73.0,1009.2,4.9,83.0,43.0
1998-09-17,3.0,10.6,19.4,83.0,1007.7,4.3,38.0,43.0
1998-09-18,1.6,6.8,20.9,79.0,1017.3,4.0,8.0,20.0
1998-09-19,0.7,11.6,18.5,79.0,1025.8,4.7,13.0,47.0
1998-09-20,1.3,13.5,20.6,65.0,1026.5,3.2,303.0,66.0
1998-09-21,0.0,10.1,21.1,70.0,1024.4,4.0,354.0,66.0
1998-09-22,0.0,14.1,20.1,63.0,1022.8,3.7,63.0,35.0
1998-09-23,0.0,10.0,20.2,72.0,1021.4,4.2,53.0,46.0
1998-09-24,0.0,9.4,20.4,76.0,1021.8,4.4,55.0,26.0
1998-09-25,0.6,10.9,17.4,80.0,1019.1,3.7,18.0,96.0
1998-09-26,6.7,12.9,20.8,81.0,1014.4,4.6,216.0,98.0
1998-09-27,24.1,14.6,19.6,90.0,1007.9,4.1,263.0,95.0
1998-09-28,3.7,11.2,19.9,85.0,1004.9,3.3,349.0,78.0
1998-09-29,0.6,7.6,20.5,82.0,1008.3,4.1,61.0,29.0
1998-09-30,9.7,13.3,19.0,90.0,1009.8,4.1,46.0,89.0
1998-10-01,13.7,12.3,18.4,91.0,1006.2,4.3,13.0,75.0
1998-10-02,0.5,8.6,18.6,80.0,1005.7,4.4,256.0,66.0
1998-10-03,4.6,8.6,17.5,85.0,1007.1,4.0,25.0,68.0
1998-10-04,12.4,7.4,15.4,90.0,1007.6,4.8,43.0,84.0
1998-10-05,40.1,10.3,13.5,90.0,1007.9,6.3,11.0,99.0
1998-10-06,26.7,11.5,15.3,93.0,1010.1,5.6,14.0,98.0
1998-10-07,53.3,11.9,15.2,92.0,1009.5,6.0,348.0,96.0
1998-10-08,23.6,11.1,15.8,94.0,1014.6,6.3,35.0,92.0
1998-10-09,0.9,8.6,17.6,86.0,1021.2,4.2,303.0,58.0
1998-10-10,0.0,7.7,17.4,81.0,1017.8,6.5,244.0,24.0
1998-10-11,0.0,6.6,17.0,79.0,1015.6,4.3,233.0,56.0
1998-10-12,0.0,11.0,17.3,81.0,1009.6,4.4,18.0,57.0
1998-10-13,1.3,3.8,17.7,70.0,1016.4,4.8,350.0,4.0
1998-10-14,0.0,5.3,17.1,73.0,1023.2,4.3,41.0,24.0
1998-10-15,0.0,6.5,17.5,77.0,1022.7,3.6,67.0,10.0
1998-10-16,0.0,6.3,18.3,84.0,1022.6,3.3,149.0,35.0
1998-10-17,0.0,12.1,17.4,85.0,1019.9,4.8,234.0,75.0
1998-10-18,1.0,9.6,18.3,86.0,1016.0,4.0,258.0,67.0
1998-10-19,46.5,10.7,14.4,93.0,1012.3,6.3,34.0,99.0
1998-10-20,0.0,4.9,15.8,78.0,1017.0,3.7,135.0,50.0
1998-10-21,0.0,10.8,14.2,74.0,1028.8,2.6,191.0,100.0
1998-10-22,0.0,4.1,14.9,78.0,1030.0,3.4,265.0,50.0
1998-10-23,0.0,4.0,16.8,82.0,1025.9,2.9,304.0,35.0
1998-10-24,0.0,5.1,16.2,83.0,1016.3,3.7,39.0,42.0
1998-10-25,0.7,6.1,12.8,85.0,1005.5,3.7,334.0,68.0
1998-10-26,1.1,3.1,15.7,79.0,1008.5,4.1,316.0,31.0
1998-10-27,0.0,1.8,15.4,72.0,1017.9,4.2,302.0,35.0
1998-10-28,0.0,3.0,15.3,78.0,1017.6,4.1,268.0,50.0
1998-10-29,0.1,4.3,17.3,83.0,1011.1,5.0,286.0,33.0
1998-10-30,0.0,1.4,14.7,67.0,1015.1,5.2,312.0,12.0
1998-10-31,0.0,0.0,13.6,72.0,1014.0,4.7,357.0,42.0
1998-11-01,0.0,2.7,13.2,82.0,1005.5,4.3,308.0,59.0
1998-11-02,0.0,1.6,14.2,81.0,1008.0,4.6,20.0,34.0
1998-11-03,5.9,6.6,14.0,87.0,1006.8,2.9,338.0,94.0
1998-11-04,5.5,9.1,13.7,92.0,1002.2,2.4,338.0,99.0
1998-11-05,3.7,7.1,11.9,82.0,1012.3,6.0,45.0,52.0
1998-11-06,0.0,1.3,12.7,79.0,1023.4,3.2,342.0,13.0
1998-11-07,0.0,0.1,12.6,73.0,1027.8,4.0,359.0,1.0
1998-11-08,0.0,-1.1,11.5,80.0,1029.1,3.1,326.0,45.0
1998-11-09,0.0,1.1,10.8,81.0,1023.5,3.0,52.0,74.0
1998-11-10,1.0,6.0,11.3,82.0,1017.4,2.9,61.0,88.0
1998-11-11,0.0,2.0,13.8,75.0,1014.1,5.5,6.0,33.0
1998-11-12,0.0,-0.3,9.8,63.0,1015.2,3.9,353.0,55.0
1998-11-13,0.0,-0.2,9.3,71.0,1012.6,3.4,356.0,51.0
1998-11-14,0.3,-1.6,7.9,77.0,1008.4,2.7,341.0,60.0
1998-11-15,0.0,-2.4,10.5,82.0,1007.5,3.5,331.0,34.0
1998-11-16,0.0,-1.8,9.5,80.0,1014.6,4.2,351.0,63.0
1998-11-17,1.8,-2.6,9.7,75.0,1019.4,5.2,349.0,30.0
1998-11-18,1.3,-1.2,5.8,80.0,1023.2,4.2,358.0,52.0
1998-11-19,0.0,-2.0,4.7,73.0,1022.3,4.1,10.0,19.0
1998-11-20,0.0,-2.2,5.8,54.0,1023.6,4.9,28.0,25.0
1998-11-21,0.0,-1.0,3.8,39.0,1027.7,5.0,47.0,45.0
1998-11-22,0.0,-2.2,5.8,47.0,1027.1,6.2,33.0,73.0
1998-11-23,0.3,-0.6,6.0,70.0,1017.4,2.8,296.0,100.0
1998-11-24,1.6,1.4,7.8,88.0,1017.5,2.7,309.0,94.0
1998-11-25,0.2,1.7,6.5,88.0,1018.3,3.2,13.0,81.0
1998-11-26,0.0,0.7,8.4,85.0,1016.9,3.0,348.0,76.0
1998-11-27,0.0,2.4,7.7,82.0,1017.7,3.9,15.0,91.0
1998-11-28,0.0,0.3,10.2,71.0,1018.5,3.9,345.0,41.0
1998-11-29,0.0,-2.4,7.4,75.0,1014.4,3.8,18.0,21.0
1998-11-30,0.0,-0.5,7.2,73.0,1017.7,6.6,31.0,73.0
1998-12-01,0.0,-0.4,8.5,69.0,1023.1,7.2,42.0,52.0
1998-12-02,0.6,1.5,5.2,79.0,1026.4,4.3,55.0,98.0
1998-12-03,0.0,1.8,6.8,80.0,1022.1,3.9,7.0,79.0
1998-12-04,0.0,2.1,8.1,86.0,1003.2,5.6,358.0,98.0
1998-12-05,0.1,-2.4,5.8,82.0,1004.8,3.6,353.0,52.0
1998-12-06,0.0,-2.3,6.6,55.0,1012.0,4.5,314.0,28.0
1998-12-07,0.0,-3.7,5.8,44.0,1020.6,4.9,319.0,32.0
1998-12-08,0.0,-2.1,5.2,57.0,1026.4,4.1,360.0,10.0
1998-12-09,0.0,0.1,3.9,57.0,1030.0,3.5,351.0,32.0
1998-12-10,0.0,-1.2,3.1,57.0,1025.3,3.3,45.0,86.0
1998-12-11,0.0,-2.2,3.7,73.0,1021.1,4.7,32.0,46.0
1998-12-12,0.0,-1.9,7.3,75.0,1026.2,2.5,1.0,25.0
1998-12-13,0.0,-1.6,6.6,81.0,1028.2,3.1,30.0,58.0
1998-12-14,0.0,-1.3,8.9,74.0,1029.4,3.0,349.0,78.0
1998-12-15,0.0,-0.9,9.3,78.0,1028.9,2.9,352.0,51.0
1998-12-16,0.0,-2.0,9.5,77.0,1028.0,2.8,353.0,44.0
1998-12-17,0.0,-1.3,10.7,73.0,1030.6,4.2,327.0,89.0
1998-12-18,0.0,-2.2,9.9,76.0,1026.8,2.8,352.0,54.0
1998-12-19,0.0,-1.3,5.9,74.0,1017.3,3.0,25.0,27.0
1998-12-20,0.9,-2.0,5.8,86.0,1009.6,4.7,11.0,76.0
1998-12-21,2.5,0.6,6.1,85.0,1006.9,5.6,27.0,94.0
1998-12-22,0.0,-5.7,4.9,67.0,1022.4,4.5,327.0,5.0
1998-12-23,0.0,-2.3,4.3,64.0,1028.3,3.4,333.0,11.0
1998-12-24,0.0,-2.7,2.1,74.0,1027.4,2.3,59.0,87.0
1998-12-25,0.0,-1.8,5.1,72.0,1030.3,2.7,349.0,24.0
1998-12-26,0.0,-3.4,4.3,72.0,1029.6,2.5,359.0,61.0
1998-12-27,0.0,-2.5,1.9,71.0,1026.3,2.6,43.0,92.0
1998-12-28,0.0,-0.7,4.6,76.0,1024.0,2.8,30.0,87.0
1998-12-29,0.0,0.0,6.5,83.0,1023.0,3.1,342.0,44.0
1998-12-30,0.0,0.9,7.3,86.0,1022.9,2.4,27.0,56.0
1998-12-31,1.8,-0.2,6.4,90.0,1025.2,5.1,22.0,88.0
1999-01-01,5.2,1.3,8.0,93.0,1022.9,6.5,21.0,98.0
1999-01-02,2.7,0.9,8.5,91.0,1017.7,5.2,354.0,94.0
1999-01-03,0.1,0.8,9.6,89.0,1013.5,3.2,334.0,72.0
1999-01-04,0.0,-1.6,9.1,84.0,1017.9,4.7,352.0,38.0
1999-01-05,0.0,-1.5,9.9,81.0,1025.1,3.3,325.0,70.0
1999-01-06,0.0,-2.5,10.0,77.0,1024.5,2.2,351.0,3.0
1999-01-07,0.0,-2.9,5.9,77.0,1018.0,2.8,45.0,10.0
1999-01-08,0.0,-1.6,5.3,82.0,1009.0,3.0,35.0,84.0
1999-01-09,1.7,-0.9,8.9,85.0,1004.9,4.2,3.0,61.0
1999-01-10,3.2,-2.6,6.9,82.0,1011.7,6.9,15.0,94.0
1999-01-11,36.5,2.4,5.5,92.0,1006.3,9.7,30.0,91.0
1999-01-12,0.0,-1.0,6.1,88.0,1013.6,4.5,260.0,63.0
1999-01-13,0.7,-4.1,5.0,86.0,1009.7,3.4,340.0,77.0
1999-01-14,0.0,-6.3,5.9,74.0,1014.1,3.7,348.0,23.0
1999-01-15,0.0,-6.2,6.6,70.0,1020.8,3.1,353.0,4.0
1999-01-16,0.0,-4.8,4.4,69.0,1024.3,2.6,20.0,44.0
1999-01-17,0.0,-2.7,5.6,83.0,1023.9,2.4,18.0,25.0
1999-01-18,0.0,-2.8,6.9,81.0,1023.6,2.1,1.0,63.0
1999-01-19,0.0,-3.1,10.6,74.0,1024.8,3.4,341.0,40.0
1999-01-20,0.0,-2.9,9.5,73.0,1026.6,2.8,336.0,1.0
1999-01-21,0.0,-3.1,9.5,69.0,1024.8,2.6,344.0,0.0
1999-01-22,0.0,-3.5,8.0,68.0,1024.2,2.2,348.0,5.0
1999-01-23,0.0,-3.7,8.2,68.0,1024.5,2.8,343.0,30.0
1999-01-24,0.0,-3.5,6.6,69.0,1026.0,2.6,353.0,38.0
1999-01-25,0.0,-3.4,8.4,70.0,1027.1,2.5,336.0,36.0
1999-01-26,0.0,-3.0,5.3,76.0,1019.4,3.2,52.0,51.0
1999-01-27,1.7,-2.5,6.9,86.0,1005.7,3.2,332.0,64.0
1999-01-28,1.2,-3.8,7.6,72.0,1006.2,5.5,335.0,59.0
1999-01-29,0.0,-5.0,8.5,62.0,1008.5,7.3,360.0,36.0
1999-01-30,0.0,-2.6,1.4,29.0,1022.2,6.7,18.0,2.0
1999-01-31,0.0,-5.8,2.3,37.0,1026.3,4.8,349.0,34.0
1999-02-01,0.0,-5.0,2.3,47.0,1027.8,4.3,345.0,33.0
1999-02-02,0.0,-3.8,6.3,60.0,1027.3,2.7,17.0,60.0
1999-02-03,0.0,-2.4,9.4,71.0,1029.6,3.9,324.0,69.0
1999-02-04,0.0,-1.7,10.0,78.0,1022.7,3.1,32.0,49.0
1999-02-05,0.0,-2.0,9.6,79.0,1007.4,3.5,30.0,8.0
1999-02-06,0.4,-2.7,10.1,62.0,1003.5,5.9,315.0,15.0
1999-02-07,0.0,-4.1,8.8,70.0,1000.4,5.3,2.0,37.0
1999-02-08,0.0,-3.3,6.8,56.0,1001.3,6.4,310.0,46.0
1999-02-09,4.8,-1.5,3.1,63.0,999.9,4.2,14.0,98.0
1999-02-10,5.2,-0.6,2.6,83.0,997.6,5.1,28.0,99.0
1999-02-11,0.0,-2.3,2.5,56.0,1004.6,5.6,356.0,99.0
1999-02-12,0.0,-4.9,2.6,41.0,1013.5,6.2,346.0,53.0
1999-02-13,0.0,-5.1,3.2,41.0,1019.6,5.4,357.0,54.0
1999-02-14,0.5,-1.1,2.0,72.0,1023.7,3.6,108.0,95.0
1999-02-15,0.0,-1.0,4.4,72.0,1025.7,2.9,183.0,40.0
1999-02-16,0.0,-3.6,4.5,69.0,1018.4,3.4,220.0,33.0
1999-02-17,0.0,-2.3,8.8,64.0,1008.0,4.1,16.0,28.0
1999-02-18,0.0,-4.0,7.0,66.0,1013.7,4.7,32.0,46.0
1999-02-19,0.0,-4.0,8.4,69.0,1021.2,3.6,43.0,36.0
1999-02-20,0.0,-2.4,7.7,79.0,1017.4,3.8,54.0,73.0
1999-02-21,0.0,-0.3,9.2,83.0,1011.7,3.6,85.0,69.0
1999-02-22,1.3,-1.2,10.3,77.0,996.6,4.0,330.0,82.0
1999-02-23,0.0,-3.8,9.5,42.0,1002.8,10.1,281.0,69.0
1999-02-24,0.0,-4.1,10.0,48.0,1008.6,8.1,279.0,32.0
1999-02-25,0.0,-2.0,9.2,58.0,1015.5,6.0,20.0,29.0
1999-02-26,0.0,-3.3,10.5,64.0,1021.3,3.4,274.0,4.0
1999-02-27,0.0,-2.2,10.5,69.0,1020.8,3.3,106.0,11.0
1999-02-28,0.0,-1.6,10.5,73.0,1022.8,3.7,37.0,93.0
1999-03-01,0.0,-2.5,12.1,78.0,1023.3,4.0,129.0,40.0
1999-03-02,0.0,1.7,11.4,81.0,1017.4,3.9,80.0,81.0
1999-03-03,1.2,3.0,10.1,89.0,1012.6,3.0,20.0,97.0
1999-03-04,15.0,2.4,11.3,92.0,1002.0,8.1,60.0,83.0
1999-03-05,13.4,1.3,10.5,86.0,994.3,5.0,147.0,90.0
1999-03-06,7.1,-0.9,8.4,89.0,1001.0,5.5,45.0,94.0
1999-03-07,11.2,-0.9,6.5,91.0,1004.6,4.1,30.0,91.0
1999-03-08,0.1,-5.7,9.4,73.0,1013.7,4.5,284.0,48.0
1999-03-09,0.0,1.5,10.4,79.0,1015.5,3.8,246.0,93.0
1999-03-10,0.0,1.5,13.2,81.0,1017.2,4.5,237.0,90.0
1999-03-11,0.0,1.5,13.6,84.0,1016.6,4.1,56.0,46.0
1999-03-12,0.0,2.9,15.1,79.0,1019.1,3.9,345.0,50.0
1999-03-13,0.0,0.4,16.5,82.0,1018.1,4.0,49.0,19.0
1999-03-14,0.0,1.4,17.0,81.0,1020.6,3.9,30.0,50.0
1999-03-15,0.0,1.9,18.3,78.0,1021.8,3.9,347.0,23.0
1999-03-16,4.2,2.9,13.1,80.0,1021.7,6.2,71.0,57.0
1999-03-17,1.9,2.3,7.5,72.0,1024.5,6.1,103.0,62.0
1999-03-18,0.0,0.4,9.1,52.0,1019.4,6.5,84.0,16.0
1999-03-19,0.0,0.4,11.5,52.0,1013.4,5.4,262.0,12.0
1999-03-20,0.0,-2.1,13.5,59.0,1015.5,4.7,347.0,19.0
1999-03-21,0.0,-1.1,11.9,65.0,1016.5,5.3,69.0,66.0
1999-03-22,4.4,2.9,7.1,84.0,1008.5,6.0,48.0,99.0
1999-03-23,0.1,-1.9,14.3,71.0,1009.6,5.4,239.0,40.0
1999-03-24,0.0,-0.5,14.9,69.0,1016.6,5.0,78.0,14.0
1999-03-25,0.2,-0.4,14.7,76.0,1015.6,4.8,79.0,58.0
1999-03-26,11.3,5.9,11.0,92.0,1010.6,5.3,54.0,98.0
1999-03-27,27.6,7.8,11.6,94.0,1003.6,8.4,56.0,94.0
1999-03-28,4.3,5.0,13.5,81.0,1005.1,4.9,33.0,56.0
1999-03-29,0.4,4.1,16.4,76.0,1012.8,3.9,296.0,79.0
1999-03-30,1.0,2.4,16.6,76.0,1016.0,4.3,344.0,31.0
1999-03-31,0.3,2.4,17.1,71.0,1017.3,3.9,323.0,18.0
1999-04-01,1.0,3.9,18.3,67.0,1015.8,3.2,315.0,17.0
1999-04-02,0.2,3.5,19.7,67.0,1013.9,4.3,322.0,10.0
1999-04-03,0.0,3.1,20.4,64.0,1016.7,4.4,308.0,20.0
1999-04-04,1.1,5.3,20.2,64.0,1021.0,3.2,288.0,51.0
1999-04-05,2.8,5.0,18.2,72.0,1024.7,4.0,4.0,21.0
1999-04-06,0.0,4.0,20.0,71.0,1025.6,5.3,219.0,10.0
1999-04-07,9.8,8.7,17.9,77.0,1014.5,5.0,216.0,81.0
1999-04-08,39.6,7.6,11.0,88.0,1011.7,9.2,38.0,100.0
1999-04-09,1.0,6.0,16.7,70.0,1018.4,5.2,9.0,60.0
1999-04-10,0.0,4.1,16.2,70.0,1017.5,5.3,202.0,23.0
1999-04-11,1.8,3.2,16.6,75.0,1013.3,4.5,139.0,51.0
1999-04-12,10.6,7.6,14.4,87.0,1008.9,4.0,96.0,92.0
1999-04-13,4.2,6.0,13.0,86.0,999.5,4.3,42.0,72.0
1999-04-14,5.8,2.9,13.6,86.0,1005.1,5.1,75.0,83.0
1999-04-15,4.3,5.8,12.7,87.0,1008.0,6.3,81.0,80.0
1999-04-16,40.9,8.3,13.1,95.0,1002.2,9.1,107.0,90.0
1999-04-17,4.9,4.9,14.1,76.0,1002.1,7.1,231.0,68.0
1999-04-18,3.8,4.4,13.2,80.0,1008.4,5.3,217.0,91.0
1999-04-19,14.2,2.6,12.6,86.0,1016.0,5.4,53.0,62.0
1999-04-20,0.0,-0.6,13.2,75.0,1017.3,5.6,195.0,53.0
1999-04-21,8.5,7.3,12.6,88.0,1015.0,3.7,151.0,99.0
1999-04-22,2.9,7.2,16.3,83.0,1015.4,3.9,136.0,60.0
1999-04-23,0.8,6.6,17.4,79.0,1014.5,4.6,255.0,70.0
1999-04-24,1.4,7.9,16.7,80.0,1012.3,3.5,68.0,92.0
1999-04-25,1.4,5.5,19.9,70.0,1012.7,3.5,311.0,57.0
1999-04-26,4.3,5.8,18.9,79.0,1013.6,4.5,261.0,45.0
1999-04-27,6.2,8.4,16.9,89.0,1015.7,4.2,39.0,92.0
1999-04-28,0.0,7.4,17.2,83.0,1018.8,5.2,84.0,91.0
1999-04-29,0.4,8.4,18.4,84.0,1016.0,4.7,152.0,78.0
1999-04-30,1.8,12.9,20.1,79.0,1013.8,4.5,212.0,58.0
1999-05-01,3.4,8.6,19.7,81.0,1017.3,3.9,56.0,43.0
1999-05-02,0.6,10.9,20.4,82.0,1017.7,4.2,109.0,75.0
1999-05-03,0.0,9.5,22.3,76.0,1018.3,5.1,67.0,81.0
1999-05-04,19.2,12.5,21.4,78.0,1011.2,8.3,24.0,95.0
1999-05-05,13.4,13.6,18.0,82.0,1010.0,6.5,70.0,89.0
1999-05-06,0.1,11.9,16.5,72.0,1018.7,5.1,80.0,86.0
1999-05-07,0.0,11.2,18.1,72.0,1018.4,4.9,123.0,69.0
1999-05-08,0.2,13.5,18.6,78.0,1015.6,4.0,154.0,97.0
1999-05-09,2.6,14.2,19.5,78.0,1018.0,4.6,75.0,67.0
1999-05-10,0.0,9.2,21.7,76.0,1019.8,5.5,206.0,57.0
1999-05-11,0.0,11.9,22.0,80.0,1016.0,5.3,144.0,98.0
1999-05-12,4.8,11.8,21.2,86.0,1011.7,4.6,113.0,96.0
1999-05-13,2.5,15.6,21.4,84.0,1011.4,3.8,105.0,90.0
1999-05-14,8.6,14.9,21.6,87.0,1008.3,5.1,101.0,80.0
1999-05-15,13.9,13.1,17.3,87.0,1007.9,4.1,29.0,86.0
1999-05-16,5.0,12.1,18.7,77.0,1011.6,4.8,73.0,61.0
1999-05-17,1.1,10.3,17.9,69.0,1017.9,7.3,52.0,87.0
1999-05-18,0.0,8.9,21.4,68.0,1016.2,5.8,70.0,40.0
1999-05-19,6.7,12.4,18.1,75.0,1017.4,9.0,58.0,87.0
1999-05-20,20.5,11.9,17.9,87.0,1010.9,5.2,36.0,82.0
1999-05-21,22.3,10.3,15.0,92.0,1006.3,3.2,302.0,99.0
1999-05-22,0.6,8.5,20.9,76.0,1012.1,3.9,306.0,82.0
1999-05-23,4.2,12.7,22.2,76.0,1017.5,4.5,62.0,61.0
1999-05-24,7.7,14.5,20.6,77.0,1021.4,4.5,117.0,67.0
1999-05-25,2.0,10.8,22.5,76.0,1017.6,4.0,166.0,55.0
1999-05-26,2.6,12.0,24.2,76.0,1018.1,4.6,39.0,43.0
1999-05-27,0.2,10.7,25.0,73.0,1020.5,4.8,158.0,16.0
1999-05-28,2.9,13.2,24.8,79.0,1022.3,4.1,54.0,58.0
1999-05-29,3.8,13.4,24.6,83.0,1022.0,4.0,333.0,46.0
1999-05-30,3.6,13.9,26.2,78.0,1018.5,4.8,242.0,36.0
1999-05-31,0.7,13.2,26.6,80.0,1018.3,4.0,86.0,55.0
1999-06-01,1.2,17.5,26.6,81.0,1018.8,4.3,77.0,76.0
1999-06-02,0.3,17.3,26.9,78.0,1016.8,5.0,89.0,69.0
1999-06-03,1.4,16.7,25.8,79.0,1013.6,4.9,64.0,23.0
1999-06-04,5.5,16.7,23.4,72.0,1009.7,5.4,352.0,31.0
1999-06-05,0.0,12.4,23.2,67.0,1012.6,5.2,84.0,12.0
1999-06-06,2.5,12.8,24.2,76.0,1011.9,5.6,61.0,23.0
1999-06-07,6.5,14.0,24.0,80.0,1015.0,5.7,35.0,55.0
1999-06-08,16.3,14.6,22.3,86.0,1015.8,4.9,36.0,64.0
1999-06-09,0.0,11.1,23.2,67.0,1021.7,6.6,51.0,7.0
1999-06-10,0.8,13.2,23.5,70.0,1021.1,5.9,56.0,68.0
1999-06-11,14.4,15.3,20.9,81.0,1016.8,3.8,43.0,79.0
1999-06-12,0.9,13.3,23.7,75.0,1016.6,3.7,2.0,35.0
1999-06-13,4.3,13.4,23.0,78.0,1016.9,3.7,41.0,46.0
1999-06-14,2.3,14.3,24.1,73.0,1016.4,4.9,38.0,64.0
1999-06-15,2.5,13.2,23.7,74.0,1017.9,5.3,31.0,81.0
1999-06-16,4.1,14.9,23.6,74.0,1018.6,3.7,7.0,59.0
1999-06-17,2.2,12.9,24.8,74.0,1015.6,3.4,326.0,46.0
1999-06-18,8.6,12.9,25.9,75.0,1012.6,4.7,42.0,52.0
1999-06-19,8.5,14.6,19.4,74.0,1016.8,5.3,69.0,76.0
1999-06-20,1.5,13.0,20.2,78.0,1015.1,5.4,30.0,71.0
1999-06-21,6.9,10.7,20.1,84.0,1007.1,3.9,298.0,70.0
1999-06-22,0.1,9.6,23.3,58.0,1009.0,7.4,317.0,32.0
1999-06-23,0.0,7.6,22.2,56.0,1018.7,6.0,98.0,16.0
1999-06-24,0.0,10.2,22.3,66.0,1020.7,4.9,106.0,15.0
1999-06-25,0.0,14.0,23.5,69.0,1020.1,4.7,162.0,40.0
1999-06-26,0.0,11.3,25.0,72.0,1015.2,4.9,176.0,34.0
1999-06-27,1.4,15.0,24.0,79.0,1013.0,4.9,51.0,72.0
1999-06-28,0.0,13.8,23.9,77.0,1014.1,4.7,64.0,58.0
1999-06-29,0.1,14.5,25.0,77.0,1019.5,3.7,83.0,61.0
1999-06-30,3.1,14.1,26.5,71.0,1016.9,3.2,355.0,52.0
1999-07-01,4.2,15.3,27.0,70.0,1016.9,4.6,4.0,42.0
1999-07-02,0.6,15.4,28.3,70.0,1016.0,4.8,153.0,26.0
1999-07-03,0.7,15.9,29.5,71.0,1014.9,3.7,58.0,29.0
1999-07-04,0.7,16.1,30.5,74.0,1013.7,4.5,82.0,33.0
1999-07-05,0.6,17.6,30.2,73.0,1013.0,5.4,82.0,22.0
1999-07-06,5.4,18.1,28.1,75.0,1011.5,7.9,56.0,19.0
1999-07-07,4.6,16.6,25.2,72.0,1014.8,5.7,7.0,50.0
1999-07-08,0.7,13.1,26.8,67.0,1016.8,3.6,356.0,52.0
1999-07-09,5.8,15.1,26.0,72.0,1014.8,4.6,347.0,94.0
1999-07-10,5.2,15.8,22.7,82.0,1012.6,3.6,345.0,92.0
1999-07-11,5.1,14.9,22.9,85.0,1014.2,3.5,67.0,99.0
1999-07-12,6.5,15.7,22.9,85.0,1014.5,2.6,119.0,84.0
1999-07-13,0.7,17.2,26.5,77.0,1010.8,4.7,174.0,59.0
1999-07-14,5.3,16.4,26.9,80.0,1006.7,4.7,313.0,51.0
1999-07-15,16.9,16.9,24.2,78.0,1011.3,5.5,12.0,52.0
1999-07-16,2.7,15.6,25.2,67.0,1015.9,6.1,34.0,53.0
1999-07-17,0.7,14.2,26.2,66.0,1019.1,4.8,55.0,30.0
1999-07-18,0.6,15.4,27.3,65.0,1018.3,3.9,102.0,76.0
1999-07-19,0.2,15.5,28.4,67.0,1017.6,3.9,159.0,69.0
1999-07-20,2.0,15.2,29.0,70.0,1016.6,4.5,148.0,33.0
1999-07-21,0.5,17.3,29.4,71.0,1015.1,5.3,90.0,11.0
1999-07-22,11.3,18.0,25.3,80.0,1010.9,6.0,23.0,63.0
1999-07-23,0.3,12.9,23.7,65.0,1012.7,5.2,46.0,43.0
1999-07-24,0.6,12.2,24.7,63.0,1016.7,5.3,39.0,30.0
1999-07-25,0.0,13.1,24.5,65.0,1016.1,6.5,59.0,53.0
1999-07-26,0.0,14.5,28.5,67.0,1013.4,4.6,231.0,22.0
1999-07-27,0.1,16.3,30.2,64.0,1014.0,4.8,251.0,44.0
1999-07-28,2.7,20.1,26.6,73.0,1013.4,5.3,23.0,96.0
1999-07-29,1.8,17.0,26.4,68.0,1013.2,5.3,33.0,66.0
1999-07-30,2.5,16.4,25.4,67.0,1013.4,4.9,40.0,58.0
1999-07-31,2.0,18.9,26.0,58.0,1013.6,4.0,355.0,49.0
1999-08-01,3.7,15.3,26.4,68.0,1014.5,3.4,331.0,68.0
1999-08-02,4.0,15.8,25.8,72.0,1014.7,4.2,354.0,46.0
1999-08-03,3.6,15.3,27.0,71.0,1014.0,4.2,321.0,50.0
1999-08-04,6.1,16.2,27.5,78.0,1014.0,4.7,318.0,53.0
1999-08-05,0.4,19.2,28.7,73.0,1013.6,4.4,167.0,57.0
1999-08-06,2.1,18.3,28.7,76.0,1013.1,4.0,56.0,35.0
1999-08-07,0.6,18.1,29.5,75.0,1008.4,5.0,59.0,35.0
1999-08-08,1.1,18.7,28.7,77.0,1005.7,5.5,43.0,39.0
1999-08-09,0.0,21.1,31.6,69.0,1008.5,5.4,215.0,18.0
1999-08-10,4.9,19.6,29.2,75.0,1009.5,4.8,34.0,50.0
1999-08-11,6.9,17.0,25.4,70.0,1012.7,5.3,23.0,50.0
1999-08-12,14.1,16.7,24.6,76.0,1012.6,5.8,20.0,99.0
1999-08-13,29.9,16.5,21.3,80.0,1011.5,5.3,53.0,75.0
1999-08-14,0.0,14.9,22.7,73.0,1013.4,4.5,144.0,58.0
1999-08-15,0.0,14.8,25.5,77.0,1010.6,5.6,193.0,50.0
1999-08-16,14.7,17.6,25.5,84.0,1009.5,4.6,152.0,68.0
1999-08-17,1.9,16.1,24.0,85.0,1007.4,4.0,77.0,78.0
1999-08-18,1.9,16.1,25.0,82.0,1009.4,4.8,37.0,41.0
1999-08-19,0.0,16.8,28.3,78.0,1012.9,5.1,209.0,49.0
1999-08-20,9.3,17.3,25.3,85.0,1014.4,3.8,39.0,88.0
1999-08-21,0.0,18.0,23.4,77.0,1015.1,6.2,55.0,61.0
1999-08-22,0.0,15.8,24.1,65.0,1016.3,5.5,50.0,54.0
1999-08-23,0.0,14.6,23.9,64.0,1017.8,4.8,70.0,60.0
1999-08-24,1.2,14.9,23.0,72.0,1018.7,3.3,43.0,68.0
1999-08-25,0.0,14.4,26.3,72.0,1019.4,4.1,71.0,19.0
1999-08-26,0.0,15.7,26.6,74.0,1018.0,4.5,67.0,74.0
1999-08-27,10.2,18.1,24.2,80.0,1017.3,6.0,38.0,83.0
1999-08-28,5.2,15.1,25.7,81.0,1017.6,3.4,31.0,56.0
1999-08-29,17.9,16.2,21.3,87.0,1015.2,5.5,18.0,99.0
1999-08-30,4.6,15.3,23.4,76.0,1013.6,4.2,28.0,70.0
1999-08-31,0.2,13.2,24.6,73.0,1013.6,4.5,232.0,30.0
1999-09-01,0.1,14.7,26.1,74.0,1014.8,4.3,317.0,29.0
1999-09-02,6.2,15.1,21.6,76.0,1016.5,4.2,86.0,46.0
1999-09-03,2.6,11.2,22.6,70.0,1017.2,3.9,343.0,52.0
1999-09-04,8.8,14.8,19.4,82.0,1017.7,5.7,26.0,85.0
1999-09-05,0.1,13.2,21.7,73.0,1018.3,4.6,51.0,48.0
1999-09-06,0.0,13.8,23.1,70.0,1017.3,4.5,177.0,47.0
1999-09-07,0.8,13.0,23.5,79.0,1015.8,3.9,51.0,39.0
1999-09-08,3.0,12.0,25.1,72.0,1018.2,3.2,350.0,16.0
1999-09-09,0.7,12.9,26.7,69.0,1019.9,3.3,326.0,18.0
1999-09-10,1.9,15.2,27.1,69.0,1023.0,3.9,344.0,24.0
1999-09-11,0.0,15.3,27.0,63.0,1021.5,4.9,32.0,9.0
1999-09-12,0.0,12.9,26.7,65.0,1017.6,4.2,39.0,1.0
1999-09-13,0.0,14.0,26.5,69.0,1013.8,4.0,101.0,9.0
1999-09-14,0.0,12.9,26.7,71.0,1013.7,4.6,185.0,9.0
1999-09-15,0.0,13.0,24.7,77.0,1013.9,5.1,66.0,43.0
1999-09-16,0.2,15.0,24.8,77.0,1011.2,5.0,59.0,76.0
1999-09-17,1.1,17.0,24.7,72.0,1010.2,3.3,357.0,74.0
1999-09-18,0.5,14.0,23.4,74.0,1009.8,3.1,345.0,77.0
1999-09-19,6.5,15.3,21.1,85.0,1009.7,3.8,58.0,85.0
1999-09-20,66.1,16.0,20.2,94.0,1006.8,10.0,98.0,99.0
1999-09-21,1.3,13.1,21.4,81.0,1007.9,5.3,240.0,51.0
1999-09-22,0.0,10.8,23.2,74.0,1015.5,4.2,254.0,41.0
1999-09-23,0.0,12.1,23.9,78.0,1017.1,4.8,259.0,27.0
1999-09-24,0.0,13.8,24.3,80.0,1019.6,3.9,72.0,40.0
1999-09-25,0.1,14.6,23.4,84.0,1017.1,4.0,101.0,68.0
1999-09-26,4.2,15.9,23.2,88.0,1011.0,3.8,295.0,72.0
1999-09-27,1.4,11.8,22.1,84.0,1011.9,4.9,276.0,69.0
1999-09-28,2.7,13.1,19.9,79.0,1009.0,3.4,345.0,65.0
1999-09-29,0.0,8.6,22.0,78.0,1012.7,4.5,5.0,22.0
1999-09-30,3.9,11.2,21.1,85.0,1007.3,4.5,50.0,85.0
1999-10-01,8.2,14.2,21.2,79.0,1008.3,4.7,53.0,46.0
1999-10-02,0.0,11.3,20.2,77.0,1014.1,3.8,9.0,69.0
1999-10-03,5.9,13.5,20.3,86.0,1010.2,2.3,11.0,62.0
1999-10-04,9.7,11.3,17.7,78.0,1007.6,5.3,40.0,56.0
1999-10-05,2.2,10.0,15.6,67.0,1013.6,4.5,28.0,75.0
1999-10-06,0.0,5.6,16.6,63.0,1020.4,4.4,309.0,31.0
1999-10-07,0.0,3.7,17.4,66.0,1026.1,4.3,281.0,14.0
1999-10-08,0.0,4.1,17.2,70.0,1026.3,4.2,300.0,14.0
1999-10-09,0.0,7.7,18.8,75.0,1022.4,3.3,264.0,51.0
1999-10-10,0.0,6.3,20.4,76.0,1022.6,3.7,19.0,59.0
1999-10-11,0.0,8.1,19.8,80.0,1024.5,4.0,62.0,3.0
1999-10-12,0.0,8.8,19.6,81.0,1025.3,3.8,12.0,67.0
1999-10-13,0.0,8.7,18.9,80.0,1024.9,3.1,301.0,94.0
1999-10-14,0.0,10.9,19.5,80.0,1020.7,3.6,51.0,33.0
1999-10-15,0.1,10.8,16.9,82.0,1017.9,5.4,39.0,58.0
1999-10-16,0.0,9.8,15.3,73.0,1018.4,4.4,64.0,70.0
1999-10-17,1.6,8.9,11.5,78.0,1019.9,5.4,58.0,94.0
1999-10-18,0.1,7.1,10.3,61.0,1019.7,9.5,53.0,99.0
1999-10-19,0.1,6.0,11.6,56.0,1015.2,5.9,59.0,91.0
1999-10-20,1.9,3.1,10.1,72.0,1018.0,4.5,25.0,81.0
1999-10-21,35.3,7.4,12.5,89.0,1010.7,10.1,33.0,100.0
1999-10-22,2.7,10.9,15.3,85.0,1012.1,4.2,61.0,76.0
1999-10-23,33.5,9.6,13.2,94.0,1009.9,4.9,18.0,98.0
1999-10-24,8.4,7.1,14.5,93.0,1008.3,4.5,7.0,87.0
1999-10-25,36.9,11.9,17.2,95.0,1008.7,4.2,12.0,95.0
1999-10-26,0.7,10.8,20.3,89.0,1016.4,4.6,298.0,76.0
1999-10-27,0.0,9.4,20.4,85.0,1022.8,3.8,355.0,38.0
1999-10-28,0.0,6.7,18.4,84.0,1027.3,2.9,334.0,63.0
1999-10-29,0.0,7.8,17.4,82.0,1025.9,2.9,21.0,80.0
1999-10-30,0.0,10.3,18.3,78.0,1024.4,3.9,13.0,99.0
1999-10-31,0.1,9.2,18.1,85.0,1023.0,3.6,77.0,50.0
1999-11-01,0.0,8.9,17.3,87.0,1027.8,3.7,296.0,51.0
1999-11-02,0.0,6.8,15.8,88.0,1024.8,2.7,249.0,70.0
1999-11-03,6.1,8.8,15.5,90.0,1023.4,3.9,29.0,87.0
1999-11-04,31.7,11.3,13.2,87.0,1022.9,8.7,37.0,97.0
1999-11-05,0.0,9.1,15.0,79.0,1019.9,3.9,355.0,88.0
1999-11-06,16.7,9.4,13.0,87.0,1011.2,6.2,34.0,98.0
1999-11-07,30.9,5.1,13.7,79.0,1011.1,11.7,353.0,68.0
1999-11-08,0.0,2.5,14.0,66.0,1019.6,5.7,328.0,22.0
1999-11-09,0.0,0.5,12.9,73.0,1020.4,3.5,316.0,52.0
1999-11-10,4.3,4.1,9.3,86.0,1019.7,3.7,20.0,93.0
1999-11-11,0.1,2.0,10.0,74.0,1025.2,7.1,36.0,84.0
1999-11-12,0.0,1.2,11.4,70.0,1028.9,3.3,329.0,34.0
1999-11-13,0.0,-0.3,11.3,80.0,1022.4,3.1,330.0,36.0
1999-11-14,2.4,1.9,10.0,90.0,1012.1,3.3,314.0,71.0
1999-11-15,2.8,1.1,8.8,90.0,1012.1,7.2,34.0,95.0
1999-11-16,0.8,2.9,6.3,80.0,1016.3,4.3,33.0,88.0
1999-11-17,9.5,1.5,4.7,85.0,1009.0,4.9,21.0,86.0
1999-11-18,0.8,-1.3,7.2,80.0,1007.5,4.4,252.0,88.0
1999-11-19,8.9,0.7,6.1,77.0,997.6,7.9,345.0,100.0
1999-11-20,0.0,-4.3,5.9,70.0,1010.7,5.1,16.0,45.0
1999-11-21,7.2,-2.5,2.6,77.0,1008.9,6.2,355.0,99.0
1999-11-22,0.0,-2.9,5.9,82.0,1009.3,3.0,319.0,53.0
1999-11-23,0.0,-3.2,6.1,69.0,1014.8,4.4,359.0,21.0
1999-11-24,0.0,-4.9,9.1,73.0,1021.1,4.4,348.0,3.0
1999-11-25,0.0,-3.3,9.8,70.0,1030.2,5.0,343.0,1.0
1999-11-26,0.0,-3.1,10.0,72.0,1033.7,3.9,335.0,1.0
1999-11-27,0.0,-3.4,7.6,72.0,1032.5,3.5,353.0,0.0
1999-11-28,0.0,-4.0,8.9,73.0,1034.7,3.4,331.0,0.0
1999-11-29,0.0,-4.0,8.1,70.0,1033.1,3.0,351.0,0.0
1999-11-30,0.0,-3.6,7.9,69.0,1031.8,3.0,340.0,0.0
1999-12-01,0.0,-4.1,5.4,78.0,1026.9,2.6,30.0,58.0
1999-12-02,0.0,-2.2,6.5,77.0,1023.4,2.8,19.0,27.0
1999-12-03,0.0,-2.4,8.1,80.0,1024.8,3.8,333.0,32.0
1999-12-04,0.0,0.1,7.2,86.0,1016.9,2.2,344.0,95.0
1999-12-05,0.0,0.0,7.3,79.0,1011.7,4.8,354.0,77.0
1999-12-06,0.0,-3.7,6.8,62.0,1026.3,4.7,324.0,4.0
1999-12-07,0.0,-2.1,6.9,69.0,1025.3,2.8,358.0,5.0
1999-12-08,0.0,-1.0,4.7,70.0,1022.5,2.9,40.0,37.0
1999-12-09,2.0,1.7,5.7,81.0,1017.3,2.7,15.0,95.0
1999-12-10,16.3,1.8,6.5,93.0,1007.3,5.7,10.0,99.0
1999-12-11,3.1,0.9,10.5,87.0,1008.4,4.0,310.0,66.0
1999-12-12,1.2,-0.3,6.9,86.0,1008.2,3.2,27.0,94.0
1999-12-13,0.0,-2.6,9.4,84.0,1006.8,3.7,336.0,49.0
1999-12-14,0.0,-3.4,6.1,79.0,1006.3,4.2,357.0,87.0
1999-12-15,3.8,-2.2,5.6,85.0,999.5,6.9,17.0,87.0
1999-12-16,0.4,-4.3,5.3,81.0,1011.1,4.9,354.0,79.0
1999-12-17,0.0,-5.4,4.6,66.0,1024.7,4.5,324.0,2.0
1999-12-18,0.0,-4.0,2.5,62.0,1023.5,2.4,45.0,56.0
1999-12-19,0.0,-2.9,2.8,77.0,1014.1,2.3,34.0,90.0
1999-12-20,2.8,-5.0,3.2,85.0,1011.2,5.9,42.0,90.0
1999-12-21,0.0,-6.8,3.2,65.0,1023.7,6.5,334.0,0.0
1999-12-22,0.0,-5.6,3.1,59.0,1033.8,3.9,6.0,0.0
1999-12-23,0.0,-5.2,2.1,60.0,1032.6,1.9,1.0,32.0
1999-12-24,0.0,-2.4,2.9,60.0,1028.1,1.9,89.0,63.0
1999-12-25,1.4,-3.6,0.6,74.0,1018.3,2.7,17.0,92.0
1999-12-26,1.9,-2.6,3.4,91.0,1003.2,3.7,333.0,73.0
1999-12-27,0.0,-3.3,11.1,78.0,994.8,5.5,329.0,75.0
1999-12-28,18.4,0.8,7.4,86.0,984.3,8.0,349.0,96.0
1999-12-29,0.0,-3.1,7.0,72.0,1005.0,4.2,345.0,94.0
1999-12-30,0.0,-5.2,5.9,69.0,1021.4,5.4,339.0,24.0
1999-12-31,0.0,-6.0,4.7,62.0,1024.8,4.1,349.0,18.0
2000-01-01,0.0,-4.9,4.1,61.0,1026.3,2.6,344.0,25.0
2000-01-02,0.0,-4.0,5.7,72.0,1027.4,2.2,1.0,9.0
2000-01-03,0.0,-4.7,6.0,71.0,1029.5,2.1,357.0,26.0
2000-01-04,0.0,-4.6,4.9,70.0,1024.2,2.0,25.0,12.0
2000-01-05,0.0,-4.2,7.3,69.0,1022.9,2.6,345.0,18.0
2000-01-06,0.0,-3.2,7.9,74.0,1023.5,2.9,347.0,21.0
2000-01-07,0.0,-3.1,8.5,71.0,1024.7,3.2,345.0,52.0
2000-01-08,0.0,-3.0,8.1,74.0,1025.2,3.3,348.0,0.0
2000-01-09,0.0,-2.4,7.0,81.0,1024.9,2.6,354.0,66.0
2000-01-10,0.0,-3.4,7.7,81.0,1028.9,4.2,22.0,68.0
2000-01-11,0.0,-1.4,6.9,77.0,1034.9,3.2,10.0,56.0
2000-01-12,0.0,-2.3,3.9,75.0,1033.7,3.4,21.0,30.0
2000-01-13,0.0,-4.1,2.5,73.0,1028.5,3.4,29.0,27.0
2000-01-14,0.0,-4.0,6.3,67.0,1024.7,3.7,0.0,70.0
2000-01-15,0.0,-1.9,9.3,76.0,1024.4,4.2,354.0,57.0
2000-01-16,0.0,-3.5,4.4,76.0,1027.2,4.5,38.0,24.0
2000-01-17,0.0,-3.9,5.4,75.0,1020.3,3.4,328.0,30.0
2000-01-18,0.0,-2.2,11.1,72.0,1005.7,6.7,322.0,77.0
2000-01-19,0.0,-2.5,9.5,62.0,1016.6,5.4,330.0,7.0
2000-01-20,0.0,-5.1,5.9,61.0,1025.5,4.2,343.0,35.0
2000-01-21,0.0,-4.0,7.7,62.0,1015.3,4.8,330.0,6.0
2000-01-22,3.6,-3.3,3.1,77.0,1013.6,6.8,25.0,70.0
2000-01-23,0.1,-3.4,8.5,71.0,1004.5,5.1,322.0,72.0
2000-01-24,3.1,-3.2,0.1,78.0,1015.0,5.2,106.0,83.0
2000-01-25,0.0,-3.0,-0.2,54.0,1027.1,2.9,128.0,56.0
2000-01-26,0.0,-7.0,1.1,63.0,1031.3,2.7,304.0,0.0
2000-01-27,0.0,-6.2,2.7,65.0,1030.6,2.5,72.0,0.0
2000-01-28,0.0,-5.1,3.8,68.0,1025.3,3.7,31.0,9.0
2000-01-29,0.0,-6.5,4.5,70.0,1019.6,3.6,307.0,59.0
2000-01-30,0.0,-3.9,7.8,73.0,1015.8,3.0,41.0,30.0
2000-01-31,0.0,-2.6,8.7,81.0,1023.6,3.6,36.0,29.0
2000-02-01,0.0,-2.1,8.9,83.0,1028.1,3.0,39.0,18.0
2000-02-02,0.7,-0.5,6.2,90.0,1022.5,2.1,31.0,95.0
2000-02-03,0.0,-1.8,11.1,85.0,1023.4,3.4,349.0,40.0
2000-02-04,0.0,-1.8,10.2,78.0,1035.8,4.8,296.0,23.0
2000-02-05,0.0,-2.0,8.2,81.0,1033.7,2.7,346.0,69.0
2000-02-06,0.0,-1.3,11.8,83.0,1029.5,2.8,1.0,32.0
2000-02-07,0.0,-1.3,8.5,83.0,1024.0,3.3,51.0,61.0
2000-02-08,0.2,1.6,7.9,88.0,1020.2,2.8,66.0,92.0
2000-02-09,0.9,0.5,11.7,71.0,1015.7,4.5,350.0,65.0
2000-02-10,0.0,-3.4,10.9,56.0,1025.0,5.2,325.0,2.0
2000-02-11,0.0,-2.8,8.2,71.0,1023.9,4.0,3.0,95.0
2000-02-12,0.0,2.5,9.2,64.0,1024.5,4.7,37.0,72.0
2000-02-13,0.0,-2.1,9.8,76.0,1022.1,3.8,325.0,15.0
2000-02-14,0.0,-2.7,10.0,78.0,1019.2,4.1,43.0,3.0
2000-02-15,0.0,-1.6,8.9,80.0,1019.4,4.0,40.0,40.0
2000-02-16,1.6,-0.7,7.0,88.0,1009.3,3.0,6.0,92.0
2000-02-17,0.7,-2.2,8.1,74.0,1004.8,5.7,292.0,82.0
2000-02-18,0.0,-3.5,8.7,50.0,1012.5,6.9,275.0,43.0
2000-02-19,0.0,-2.8,8.2,65.0,1008.2,4.4,37.0,32.0
2000-02-20,0.1,-2.7,12.0,60.0,1012.7,3.9,333.0,52.0
2000-02-21,1.3,-3.9,9.0,73.0,1023.4,5.4,15.0,21.0
2000-02-22,0.1,0.4,4.7,78.0,1026.6,4.1,71.0,83.0
2000-02-23,0.0,0.5,7.6,68.0,1025.9,3.1,207.0,48.0
2000-02-24,0.0,-1.7,8.9,67.0,1028.9,3.7,196.0,10.0
2000-02-25,0.0,-1.1,10.1,72.0,1027.7,4.1,71.0,30.0
2000-02-26,0.0,-2.2,10.4,78.0,1030.3,4.4,63.0,41.0
2000-02-27,0.0,-1.6,12.0,78.0,1031.4,3.9,335.0,35.0
2000-02-28,0.0,-1.7,11.7,79.0,1032.2,4.4,243.0,25.0
2000-02-29,1.9,0.1,9.6,84.0,1026.9,4.0,234.0,75.0
2000-03-01,11.4,2.9,7.6,93.0,1009.3,4.0,23.0,100.0
2000-03-02,0.0,0.3,12.7,57.0,1011.4,5.4,342.0,40.0
2000-03-03,0.0,-2.0,11.3,57.0,1020.0,4.0,28.0,47.0
2000-03-04,0.0,-0.9,11.6,76.0,1013.8,4.7,32.0,51.0
2000-03-05,0.5,0.6,8.1,68.0,1025.2,5.5,216.0,34.0
2000-03-06,0.0,-1.0,10.4,62.0,1033.4,4.2,165.0,30.0
2000-03-07,0.0,-2.4,11.6,71.0,1028.9,4.3,93.0,24.0
2000-03-08,0.0,0.6,13.9,76.0,1025.9,4.3,51.0,24.0
2000-03-09,0.0,4.3,16.6,76.0,1020.7,4.9,60.0,58.0
2000-03-10,0.0,2.8,15.8,79.0,1018.1,3.9,66.0,27.0
2000-03-11,0.0,5.4,14.9,82.0,1018.2,4.1,107.0,49.0
2000-03-12,0.1,4.6,15.0,79.0,1019.7,4.2,51.0,51.0
2000-03-13,0.0,1.4,15.1,80.0,1024.0,4.7,143.0,41.0
2000-03-14,0.3,2.1,15.0,82.0,1022.4,4.2,122.0,53.0
2000-03-15,2.0,7.1,14.4,80.0,1015.9,3.9,66.0,54.0
2000-03-16,0.0,-0.6,15.7,60.0,1018.9,6.5,269.0,4.0
2000-03-17,0.0,3.4,15.5,68.0,1016.5,4.6,127.0,15.0
2000-03-18,0.0,4.3,9.8,80.0,1018.0,5.4,115.0,58.0
2000-03-19,1.6,4.9,13.5,74.0,1021.9,5.0,126.0,68.0
2000-03-20,4.1,-0.8,11.3,72.0,1024.6,5.6,199.0,67.0
2000-03-21,0.0,0.4,12.4,63.0,1022.1,4.3,202.0,27.0
2000-03-22,0.0,-1.0,14.5,71.0,1021.6,4.6,136.0,11.0
2000-03-23,0.0,-0.0,15.6,73.0,1018.9,5.1,108.0,37.0
2000-03-24,0.2,4.2,14.2,79.0,1016.3,4.9,194.0,92.0
2000-03-25,6.8,5.7,14.3,88.0,1017.5,4.8,85.0,80.0
2000-03-26,15.4,7.3,12.0,94.0,1013.5,5.1,75.0,98.0
2000-03-27,22.3,5.2,9.8,92.0,1004.3,6.1,62.0,98.0
2000-03-28,7.8,1.5,11.1,84.0,1009.4,6.2,59.0,89.0
2000-03-29,41.1,5.5,10.9,90.0,1007.3,8.8,36.0,90.0
2000-03-30,0.2,2.8,13.3,73.0,1008.5,8.1,238.0,37.0
2000-03-31,1.1,0.1,14.4,70.0,1009.4,5.4,177.0,40.0
2000-04-01,6.8,5.9,11.2,84.0,1004.8,4.7,57.0,80.0
2000-04-02,3.1,0.5,12.9,87.0,1009.5,5.1,70.0,74.0
2000-04-03,19.1,5.7,10.9,91.0,1004.8,8.1,30.0,100.0
2000-04-04,0.7,7.4,14.8,81.0,1000.1,4.0,178.0,96.0
2000-04-05,1.5,2.3,18.0,74.0,997.6,5.4,286.0,47.0
2000-04-06,4.9,4.9,15.4,79.0,1011.2,4.6,34.0,78.0
2000-04-07,1.5,5.9,14.3,62.0,1023.0,5.5,202.0,34.0
2000-04-08,0.0,1.5,15.8,67.0,1021.4,5.8,165.0,11.0
2000-04-09,1.4,4.3,13.0,75.0,1016.4,7.8,65.0,92.0
2000-04-10,4.2,6.1,9.6,86.0,1011.1,6.3,46.0,95.0
2000-04-11,1.4,5.5,13.3,81.0,1003.3,4.2,162.0,91.0
2000-04-12,8.2,7.1,15.2,86.0,999.0,5.1,183.0,75.0
2000-04-13,3.3,6.5,15.4,75.0,1004.7,5.3,212.0,45.0
2000-04-14,6.0,6.9,16.1,81.0,1007.9,4.3,104.0,66.0
2000-04-15,13.4,7.2,15.0,91.0,1004.7,4.8,68.0,83.0
2000-04-16,0.3,5.4,16.5,81.0,1008.1,5.0,81.0,68.0
2000-04-17,2.1,8.2,18.1,77.0,1006.4,6.4,44.0,89.0
2000-04-18,5.8,8.0,20.2,78.0,1004.5,6.5,19.0,94.0
2000-04-19,0.2,7.7,20.3,76.0,1005.1,3.8,311.0,76.0
2000-04-20,0.0,10.0,23.8,59.0,1010.6,4.9,336.0,21.0
2000-04-21,0.0,8.6,25.2,64.0,1014.4,4.7,270.0,12.0
2000-04-22,0.0,10.0,24.4,65.0,1015.8,4.9,217.0,37.0
2000-04-23,0.0,9.5,24.4,68.0,1012.5,5.5,157.0,40.0
2000-04-24,5.0,11.6,17.6,81.0,1008.4,3.7,136.0,96.0
2000-04-25,0.0,8.4,20.7,74.0,1011.8,4.8,155.0,35.0
2000-04-26,0.0,9.3,21.9,76.0,1014.0,5.7,144.0,33.0
2000-04-27,0.0,10.0,21.6,76.0,1014.6,5.2,88.0,91.0
2000-04-28,2.1,8.9,20.7,80.0,1012.7,5.8,61.0,80.0
2000-04-29,2.0,12.6,20.8,73.0,1014.7,7.0,36.0,94.0
2000-04-30,0.0,9.9,22.7,67.0,1017.9,3.7,40.0,52.0
2000-05-01,0.4,9.1,23.5,66.0,1014.5,4.7,21.0,51.0
2000-05-02,1.3,12.4,22.8,67.0,1014.4,4.7,39.0,54.0
2000-05-03,1.3,10.7,22.9,68.0,1017.1,4.8,60.0,49.0
2000-05-04,2.4,12.5,22.4,70.0,1017.3,4.7,43.0,44.0
2000-05-05,3.8,10.8,21.3,78.0,1016.1,4.3,58.0,61.0
2000-05-06,3.7,10.5,21.3,80.0,1016.7,4.5,46.0,82.0
2000-05-07,6.7,11.3,20.0,88.0,1019.2,4.8,60.0,96.0
2000-05-08,11.9,12.8,18.0,88.0,1020.0,4.3,50.0,87.0
2000-05-09,0.8,11.4,21.3,83.0,1020.9,4.9,120.0,66.0
2000-05-10,0.6,13.1,22.3,84.0,1019.5,4.0,125.0,50.0
2000-05-11,0.2,13.1,23.8,81.0,1017.8,5.0,172.0,79.0
2000-05-12,3.4,15.5,23.5,81.0,1017.0,4.4,359.0,60.0
2000-05-13,5.8,12.9,22.4,79.0,1018.9,5.2,49.0,70.0
2000-05-14,0.0,10.9,22.6,68.0,1021.2,5.7,57.0,19.0
2000-05-15,0.0,9.3,23.9,64.0,1021.5,4.5,51.0,18.0
2000-05-16,0.3,10.1,25.9,66.0,1019.1,4.2,202.0,42.0
2000-05-17,0.0,11.6,26.3,66.0,1015.0,5.8,161.0,13.0
2000-05-18,0.1,13.5,24.1,68.0,1009.6,6.0,231.0,43.0
2000-05-19,4.8,13.4,20.6,67.0,1006.8,5.4,63.0,43.0
2000-05-20,3.0,10.6,16.0,74.0,1008.5,6.6,61.0,62.0
2000-05-21,0.0,9.9,17.5,69.0,1012.4,3.9,77.0,77.0
2000-05-22,1.0,12.4,19.3,73.0,1011.3,4.2,98.0,58.0
2000-05-23,0.1,11.7,21.8,64.0,1018.0,5.9,82.0,39.0
2000-05-24,0.0,12.8,24.0,59.0,1018.2,4.8,139.0,36.0
2000-05-25,0.0,11.0,25.1,64.0,1016.2,5.4,171.0,23.0
2000-05-26,0.0,12.1,25.0,64.0,1017.1,6.0,81.0,24.0
2000-05-27,7.2,14.0,23.9,72.0,1015.1,5.3,67.0,42.0
2000-05-28,9.1,14.6,22.7,83.0,1013.1,3.9,200.0,71.0
2000-05-29,4.1,14.8,24.1,73.0,1009.1,7.6,210.0,51.0
2000-05-30,2.6,12.8,17.7,66.0,1016.9,5.4,92.0,84.0
2000-05-31,1.0,9.9,22.0,67.0,1014.0,3.4,141.0,64.0
2000-06-01,0.4,11.0,22.0,71.0,1023.0,5.4,121.0,46.0
2000-06-02,0.0,11.7,25.4,64.0,1023.1,4.1,134.0,6.0
2000-06-03,0.0,12.3,27.3,65.0,1020.0,4.3,121.0,11.0
2000-06-04,1.2,14.1,28.1,67.0,1018.6,4.2,104.0,37.0
2000-06-05,0.0,16.8,28.0,65.0,1017.2,4.5,95.0,24.0
2000-06-06,2.8,15.0,27.0,71.0,1013.0,4.4,40.0,51.0
2000-06-07,10.4,15.8,24.0,74.0,1015.5,7.0,54.0,65.0
2000-06-08,0.0,15.1,24.8,60.0,1020.4,5.7,67.0,40.0
2000-06-09,0.0,12.3,27.8,64.0,1018.5,4.7,173.0,1.0
2000-06-10,0.0,14.4,28.1,66.0,1015.9,6.0,79.0,15.0
2000-06-11,12.4,16.6,22.5,81.0,1016.0,6.7,44.0,70.0
2000-06-12,1.3,15.1,28.4,68.0,1020.0,7.2,53.0,50.0
2000-06-13,5.1,16.7,26.6,76.0,1022.9,6.0,6.0,72.0
2000-06-14,0.0,15.0,28.3,70.0,1020.7,5.3,266.0,34.0
2000-06-15,4.2,14.7,27.1,74.0,1017.8,3.3,343.0,52.0
2000-06-16,2.2,14.6,25.0,72.0,1017.1,5.2,47.0,37.0
2000-06-17,4.6,16.6,22.7,68.0,1023.0,5.7,117.0,54.0
2000-06-18,0.1,17.6,24.6,57.0,1028.1,4.2,140.0,37.0
2000-06-19,0.0,14.6,27.2,57.0,1024.4,4.3,181.0,6.0
2000-06-20,0.0,14.9,29.8,62.0,1019.8,5.2,110.0,16.0
2000-06-21,0.0,16.2,30.8,56.0,1017.3,5.5,230.0,7.0
2000-06-22,0.0,15.7,30.6,54.0,1016.9,5.9,235.0,2.0
2000-06-23,5.1,18.1,28.9,56.0,1014.9,4.7,224.0,13.0
2000-06-24,6.0,15.8,23.8,78.0,1012.9,5.8,78.0,69.0
2000-06-25,5.9,15.9,20.6,71.0,1011.7,6.0,70.0,55.0
2000-06-26,1.5,11.7,23.0,65.0,1016.8,4.1,221.0,37.0
2000-06-27,0.5,14.5,23.7,66.0,1017.5,5.6,113.0,55.0
2000-06-28,15.2,14.3,23.3,83.0,1013.5,3.9,58.0,76.0
2000-06-29,3.8,13.2,24.1,74.0,1013.9,3.9,5.0,72.0
2000-06-30,15.9,13.1,24.1,78.0,1014.5,4.0,14.0,52.0
2000-07-01,4.4,15.5,24.9,78.0,1014.3,4.1,59.0,63.0
2000-07-02,0.2,16.8,29.1,73.0,1015.8,5.3,211.0,63.0
2000-07-03,0.0,17.4,29.1,75.0,1013.2,6.7,84.0,42.0
2000-07-04,1.5,17.9,29.1,73.0,1008.4,7.2,71.0,38.0
2000-07-05,1.8,17.8,28.5,71.0,1011.4,4.5,47.0,23.0
2000-07-06,0.1,17.7,29.0,67.0,1016.6,5.2,65.0,11.0
2000-07-07,0.0,17.3,30.2,65.0,1011.8,5.4,89.0,23.0
2000-07-08,15.8,18.1,24.7,75.0,1005.1,5.3,23.0,63.0
2000-07-09,2.1,12.4,22.1,74.0,1009.0,6.8,201.0,37.0
2000-07-10,5.5,12.9,23.6,72.0,1004.8,5.7,135.0,41.0
2000-07-11,28.7,15.0,22.1,84.0,999.4,5.8,217.0,72.0
2000-07-12,7.4,12.0,20.9,74.0,1008.0,3.9,355.0,63.0
2000-07-13,2.2,9.6,21.0,73.0,1013.3,5.9,227.0,45.0
2000-07-14,2.6,12.8,21.0,76.0,1008.3,4.4,33.0,84.0
2000-07-15,16.4,12.2,19.7,83.0,1003.9,4.3,18.0,71.0
2000-07-16,3.0,10.4,20.6,76.0,1009.2,4.9,274.0,63.0
2000-07-17,2.1,8.4,22.1,73.0,1015.7,4.8,343.0,19.0
2000-07-18,1.9,13.1,22.6,77.0,1016.4,5.0,100.0,31.0
2000-07-19,14.0,15.4,22.7,80.0,1014.9,3.7,20.0,45.0
2000-07-20,0.2,12.8,23.6,68.0,1016.0,4.7,53.0,65.0
2000-07-21,0.7,13.0,23.1,74.0,1018.3,4.7,97.0,39.0
2000-07-22,5.5,16.2,24.9,69.0,1017.0,3.9,142.0,48.0
2000-07-23,0.3,16.1,26.6,70.0,1015.8,5.2,227.0,83.0
2000-07-24,2.8,17.0,24.6,76.0,1012.8,3.8,112.0,91.0
2000-07-25,0.7,16.6,25.5,73.0,1009.3,5.9,245.0,50.0
2000-07-26,0.0,16.6,27.7,69.0,1009.5,7.0,234.0,22.0
2000-07-27,0.0,16.8,28.1,64.0,1014.5,4.9,68.0,23.0
2000-07-28,11.1,17.1,24.5,75.0,1011.1,3.3,339.0,45.0
2000-07-29,2.5,11.8,25.4,75.0,1012.8,4.0,342.0,30.0
2000-07-30,2.9,12.5,25.2,69.0,1017.3,4.1,27.0,23.0
2000-07-31,0.1,12.7,25.2,68.0,1022.3,5.1,174.0,25.0
2000-08-01,0.0,15.0,28.0,63.0,1022.5,4.5,155.0,19.0
2000-08-02,1.1,16.8,28.9,66.0,1020.0,4.9,157.0,22.0
2000-08-03,2.6,17.7,27.3,72.0,1017.5,5.4,53.0,51.0
2000-08-04,18.0,17.5,23.0,83.0,1017.1,4.4,35.0,87.0
2000-08-05,22.1,16.4,23.3,82.0,1016.0,6.7,29.0,86.0
2000-08-06,17.9,15.9,21.7,79.0,1015.7,3.3,16.0,81.0
2000-08-07,0.2,12.4,25.9,68.0,1016.8,3.0,313.0,23.0
2000-08-08,2.3,13.9,25.4,76.0,1018.6,3.8,30.0,39.0
2000-08-09,7.9,15.3,25.5,77.0,1019.4,3.3,341.0,75.0
2000-08-10,0.1,14.2,26.8,71.0,1018.2,3.5,320.0,22.0
2000-08-11,0.8,15.8,27.9,72.0,1015.1,3.1,311.0,28.0
2000-08-12,2.3,16.5,27.4,79.0,1013.6,3.6,326.0,61.0
2000-08-13,1.4,16.9,28.6,72.0,1016.8,4.0,327.0,55.0
2000-08-14,1.1,15.7,29.5,68.0,1018.4,3.5,347.0,24.0
2000-08-15,0.5,17.5,30.2,66.0,1018.9,3.6,335.0,21.0
2000-08-16,0.0,17.9,30.7,65.0,1016.6,4.1,286.0,19.0
2000-08-17,0.2,18.1,31.0,63.0,1015.2,4.6,347.0,18.0
2000-08-18,0.0,18.5,31.5,65.0,1016.0,4.5,13.0,20.0
2000-08-19,0.0,18.1,32.1,64.0,1017.0,5.0,96.0,14.0
2000-08-20,0.0,17.2,31.8,64.0,1016.1,4.5,233.0,2.0
2000-08-21,0.0,19.1,32.1,63.0,1014.1,4.9,196.0,5.0
2000-08-22,0.0,20.1,31.3,62.0,1013.0,5.3,253.0,6.0
2000-08-23,0.0,17.6,30.8,61.0,1016.0,4.8,23.0,6.0
2000-08-24,0.0,20.2,29.9,60.0,1018.7,5.2,67.0,13.0
2000-08-25,0.0,17.1,31.7,62.0,1015.8,4.6,56.0,7.0
2000-08-26,0.0,18.6,27.5,58.0,1014.8,6.7,78.0,3.0
2000-08-27,0.2,16.4,26.3,58.0,1014.0,7.0,80.0,33.0
2000-08-28,4.1,18.3,24.3,60.0,1016.8,5.0,46.0,56.0
2000-08-29,1.0,16.2,25.2,61.0,1019.1,3.5,36.0,64.0
2000-08-30,1.2,13.9,26.4,66.0,1016.2,4.1,243.0,58.0
2000-08-31,14.9,15.8,21.6,86.0,1009.7,3.4,55.0,93.0
2000-09-01,0.0,12.7,25.5,73.0,1006.3,4.9,231.0,31.0
2000-09-02,5.2,14.3,23.6,81.0,1006.5,4.7,30.0,38.0
2000-09-03,0.8,12.4,22.1,70.0,1008.5,4.3,38.0,51.0
2000-09-04,4.4,12.5,20.5,69.0,1012.6,6.2,14.0,65.0
2000-09-05,0.0,8.0,21.5,71.0,1017.8,5.1,191.0,24.0
2000-09-06,0.5,13.8,20.9,68.0,1017.5,4.3,99.0,79.0
2000-09-07,3.0,12.2,21.8,75.0,1010.5,4.2,35.0,61.0
2000-09-08,0.2,9.0,22.8,67.0,1019.7,4.5,51.0,33.0
2000-09-09,0.0,9.9,23.2,63.0,1024.5,4.6,62.0,28.0
2000-09-10,0.0,10.0,24.7,67.0,1021.5,4.3,48.0,0.0
2000-09-11,0.0,11.6,24.8,62.0,1016.4,3.8,86.0,21.0
2000-09-12,0.2,12.3,26.0,59.0,1015.1,4.1,160.0,12.0
2000-09-13,0.0,12.3,26.0,66.0,1014.0,4.7,131.0,69.0
2000-09-14,0.0,15.0,25.4,73.0,1015.6,4.4,62.0,51.0
2000-09-15,0.6,14.6,25.7,78.0,1016.1,4.1,83.0,53.0
2000-09-16,4.0,17.9,23.9,83.0,1012.4,3.6,335.0,84.0
2000-09-17,0.3,13.2,22.1,78.0,1008.4,5.4,64.0,59.0
2000-09-18,2.9,14.7,20.7,79.0,1008.8,4.3,43.0,68.0
2000-09-19,4.6,13.8,21.1,86.0,1009.2,4.0,59.0,55.0
2000-09-20,36.2,13.3,21.3,89.0,1008.5,6.8,18.0,87.0
2000-09-21,32.9,15.3,20.0,82.0,1007.9,4.7,291.0,90.0
2000-09-22,0.0,11.9,21.6,70.0,1018.1,4.1,23.0,46.0
2000-09-23,2.0,14.1,18.5,83.0,1021.6,4.5,83.0,65.0
2000-09-24,1.1,14.0,18.5,78.0,1022.1,3.6,101.0,79.0
2000-09-25,0.0,14.3,21.5,72.0,1022.3,3.4,138.0,37.0
2000-09-26,0.0,10.7,22.2,76.0,1023.0,3.7,101.0,60.0
2000-09-27,0.0,11.2,22.8,79.0,1020.9,4.0,52.0,26.0
2000-09-28,0.0,14.0,21.1,81.0,1017.3,4.2,85.0,70.0
2000-09-29,22.7,13.6,19.5,92.0,1012.2,6.6,60.0,89.0
2000-09-30,45.9,14.7,16.8,94.0,1008.6,9.1,47.0,99.0
2000-10-01,41.9,13.1,18.1,92.0,1006.7,5.3,10.0,87.0
2000-10-02,2.2,11.5,17.9,89.0,1008.2,3.9,64.0,90.0
2000-10-03,6.8,10.8,16.1,85.0,1013.6,6.8,345.0,93.0
2000-10-04,0.4,11.3,22.9,80.0,1017.7,5.5,342.0,97.0
2000-10-05,0.0,14.4,20.9,72.0,1015.8,4.8,40.0,85.0
2000-10-06,6.7,12.5,18.7,84.0,1014.1,4.6,8.0,89.0
2000-10-07,49.0,8.9,12.7,86.0,1015.1,9.7,338.0,100.0
2000-10-08,9.8,8.4,14.2,83.0,1014.8,7.2,333.0,99.0
2000-10-09,3.6,11.0,15.6,84.0,1011.5,3.9,7.0,85.0
2000-10-10,11.1,7.6,12.4,89.0,1005.4,4.6,10.0,96.0
2000-10-11,13.2,10.0,14.3,90.0,1001.9,4.6,54.0,99.0
2000-10-12,36.6,12.6,18.4,94.0,1005.0,5.3,44.0,87.0
2000-10-13,6.6,14.1,19.3,93.0,1013.5,9.0,41.0,93.0
2000-10-14,1.7,16.2,22.8,78.0,1016.6,7.3,39.0,90.0
2000-10-15,19.2,13.3,22.9,75.0,1013.2,9.2,68.0,89.0
2000-10-16,3.3,10.1,17.3,88.0,1018.4,4.7,50.0,66.0
2000-10-17,3.1,10.1,15.6,87.0,1022.0,3.4,12.0,84.0
2000-10-18,0.0,7.2,18.4,80.0,1022.7,3.0,287.0,60.0
2000-10-19,0.2,11.8,17.1,80.0,1021.4,3.1,47.0,87.0
2000-10-20,0.0,12.1,16.9,81.0,1024.8,3.9,50.0,66.0
2000-10-21,0.0,9.2,15.9,80.0,1028.5,4.1,44.0,47.0
2000-10-22,0.0,5.6,16.8,83.0,1030.8,3.1,333.0,17.0
2000-10-23,0.0,5.0,16.9,86.0,1029.0,3.4,307.0,1.0
2000-10-24,0.0,5.0,14.9,88.0,1025.5,3.3,28.0,33.0
2000-10-25,0.0,6.2,15.7,88.0,1022.0,2.5,164.0,86.0
2000-10-26,0.0,9.0,16.2,86.0,1017.7,3.0,61.0,65.0
2000-10-27,0.0,8.2,15.9,86.0,1017.7,3.7,43.0,70.0
2000-10-28,0.0,9.1,16.5,83.0,1022.7,3.5,337.0,36.0
2000-10-29,0.0,6.3,14.5,89.0,1021.2,2.9,180.0,68.0
2000-10-30,1.8,11.3,14.9,87.0,1017.1,2.0,353.0,89.0
2000-10-31,20.7,10.1,17.0,92.0,1007.2,3.3,102.0,91.0
2000-11-01,9.2,9.2,15.9,82.0,1007.8,4.4,275.0,38.0
2000-11-02,6.2,5.4,13.9,91.0,1012.8,3.8,358.0,84.0
2000-11-03,52.2,10.4,12.3,96.0,1007.1,5.1,41.0,100.0
2000-11-04,5.8,7.4,13.5,89.0,1007.9,3.3,269.0,57.0
2000-11-05,0.0,2.3,12.3,81.0,1016.3,4.7,30.0,29.0
2000-11-06,55.8,4.3,12.5,92.0,1003.3,9.6,81.0,93.0
2000-11-07,4.8,5.5,13.0,90.0,993.3,3.5,252.0,84.0
2000-11-08,3.9,5.5,12.6,89.0,1003.3,3.0,19.0,71.0
2000-11-09,1.3,2.4,11.5,85.0,1013.6,3.1,30.0,64.0
2000-11-10,0.4,0.5,11.0,86.0,1021.1,4.2,327.0,22.0
2000-11-11,0.0,-0.4,11.0,85.0,1027.5,3.8,309.0,36.0
2000-11-12,0.0,0.9,9.6,85.0,1025.5,3.1,8.0,60.0
2000-11-13,11.2,5.8,12.1,90.0,1015.4,3.6,8.0,99.0
2000-11-14,27.9,9.0,13.3,98.0,1009.8,3.9,16.0,98.0
2000-11-15,6.1,7.4,14.3,89.0,1015.8,3.7,340.0,93.0
2000-11-16,20.1,8.4,12.1,90.0,1015.3,4.2,4.0,96.0
2000-11-17,25.0,10.7,13.5,93.0,1008.3,10.6,48.0,97.0
2000-11-18,25.4,6.6,10.6,92.0,1010.7,6.3,19.0,94.0
2000-11-19,0.0,1.3,11.9,83.0,1009.9,4.2,321.0,46.0
2000-11-20,7.2,1.4,8.1,90.0,1009.0,5.1,13.0,98.0
2000-11-21,19.5,5.6,10.9,92.0,1008.5,4.6,13.0,96.0
2000-11-22,0.0,2.0,10.2,90.0,1017.1,4.0,330.0,91.0
2000-11-23,1.1,3.0,10.2,85.0,1017.3,4.4,14.0,99.0
2000-11-24,39.4,7.1,9.6,91.0,1010.5,8.0,22.0,100.0
2000-11-25,7.8,2.9,11.2,89.0,1008.1,3.3,326.0,82.0
2000-11-26,0.5,0.5,9.2,88.0,1007.1,4.9,345.0,85.0
2000-11-27,0.0,-0.3,11.9,74.0,1015.8,5.0,328.0,32.0
2000-11-28,0.0,-1.2,10.8,73.0,1023.9,3.5,343.0,59.0
2000-11-29,0.0,-1.2,9.8,79.0,1022.5,2.9,352.0,46.0
2000-11-30,0.0,0.1,8.5,81.0,1022.5,2.3,25.0,87.0
2000-12-01,0.0,-1.5,8.6,83.0,1024.8,2.5,24.0,1.0
2000-12-02,0.0,-0.6,8.6,87.0,1024.4,2.6,358.0,82.0
2000-12-03,0.6,4.0,10.5,89.0,1021.7,4.2,356.0,96.0
2000-12-04,0.8,4.7,12.7,92.0,1022.2,3.4,339.0,77.0
2000-12-05,0.0,4.6,11.5,91.0,1023.4,3.8,321.0,76.0
2000-12-06,0.0,4.3,9.5,90.0,1023.3,2.6,216.0,79.0
2000-12-07,0.0,5.2,9.6,92.0,1023.0,2.5,37.0,98.0
2000-12-08,0.9,5.8,12.0,92.0,1019.3,2.8,33.0,96.0
2000-12-09,11.5,7.2,12.7,96.0,1019.3,2.8,353.0,98.0
2000-12-10,0.0,5.9,11.9,91.0,1021.8,4.0,324.0,62.0
2000-12-11,0.0,0.3,10.4,90.0,1027.5,3.2,2.0,67.0
2000-12-12,0.0,0.0,8.7,85.0,1029.3,2.0,25.0,88.0
2000-12-13,0.0,1.9,9.1,84.0,1024.2,2.3,37.0,94.0
2000-12-14,0.8,1.4,8.1,89.0,1017.0,2.6,6.0,94.0
2000-12-15,2.2,2.5,10.2,93.0,1005.3,2.8,350.0,79.0
2000-12-16,0.4,-2.4,9.2,87.0,1010.1,4.0,321.0,19.0
2000-12-17,0.0,-1.8,7.4,84.0,1015.0,3.4,1.0,47.0
2000-12-18,0.0,-3.2,9.0,79.0,1019.9,3.6,310.0,37.0
2000-12-19,0.0,-2.0,7.0,75.0,1020.7,3.1,14.0,28.0
2000-12-20,0.0,0.2,5.5,76.0,1024.5,5.9,33.0,67.0
2000-12-21,0.0,-0.5,3.7,70.0,1026.0,5.1,61.0,37.0
2000-12-22,0.0,-2.9,2.6,71.0,1024.3,3.6,46.0,0.0
2000-12-23,0.0,-3.0,3.5,76.0,1021.1,2.2,275.0,0.0
2000-12-24,1.0,-3.9,1.8,70.0,1016.3,3.1,25.0,41.0
2000-12-25,13.3,-0.4,5.5,92.0,1003.0,3.3,349.0,100.0
2000-12-26,8.8,1.4,7.9,93.0,996.5,3.9,324.0,76.0
2000-12-27,4.0,-1.2,7.7,92.0,994.5,4.9,349.0,89.0
2000-12-28,2.9,-0.0,9.1,92.0,992.2,4.6,328.0,74.0
2000-12-29,3.1,-0.9,7.7,88.0,996.8,7.0,16.0,96.0
2000-12-30,3.4,-2.8,6.6,86.0,998.5,4.6,358.0,60.0
2000-12-31,0.0,-4.1,6.5,66.0,1012.3,5.6,347.0,51.0
2001-01-01,0.0,-4.8,4.5,63.0,1017.6,3.2,335.0,41.0
2001-01-02,4.1,-2.4,4.0,75.0,1015.1,3.4,21.0,85.0
2001-01-03,6.8,1.6,8.9,90.0,1011.9,3.7,325.0,62.0
2001-01-04,3.3,-0.9,6.0,93.0,1014.4,3.4,343.0,91.0
2001-01-05,0.0,-2.2,6.0,90.0,1013.9,2.8,314.0,86.0
2001-01-06,10.0,2.6,6.8,95.0,1011.2,3.5,360.0,99.0
2001-01-07,18.3,4.8,8.9,97.0,1011.9,5.1,20.0,99.0
2001-01-08,15.8,2.3,9.7,96.0,1007.0,4.1,325.0,99.0
2001-01-09,1.8,-0.1,10.6,83.0,1012.5,4.7,295.0,61.0
2001-01-10,0.7,-0.3,8.0,85.0,1019.9,3.0,342.0,97.0
2001-01-11,0.3,2.2,8.6,91.0,1020.4,2.1,351.0,99.0
2001-01-12,2.6,4.4,8.5,91.0,1020.0,4.1,47.0,100.0
2001-01-13,0.4,-0.6,5.2,75.0,1024.2,6.8,71.0,78.0
2001-01-14,0.0,-2.4,3.6,56.0,1028.1,6.6,56.0,3.0
2001-01-15,0.0,-2.6,3.4,46.0,1027.6,3.9,19.0,3.0
2001-01-16,0.0,-3.6,2.5,55.0,1027.2,4.0,16.0,11.0
2001-01-17,0.7,-3.8,2.7,66.0,1026.0,4.1,7.0,68.0
2001-01-18,10.8,-0.5,5.3,92.0,1022.7,3.7,356.0,99.0
2001-01-19,0.0,-1.6,6.5,88.0,1024.2,3.5,352.0,84.0
2001-01-20,0.1,-0.1,8.1,83.0,1023.5,4.5,360.0,96.0
2001-01-21,0.3,-1.7,7.2,83.0,1024.2,3.9,34.0,58.0
2001-01-22,0.6,0.8,5.2,86.0,1023.7,2.5,67.0,97.0
2001-01-23,0.8,1.2,6.5,91.0,1017.7,2.9,33.0,91.0
2001-01-24,10.5,1.9,6.3,92.0,1016.6,3.2,11.0,98.0
2001-01-25,17.6,4.8,8.8,94.0,1012.1,3.7,11.0,96.0
2001-01-26,1.9,2.9,9.6,92.0,1010.1,3.6,293.0,71.0
2001-01-27,4.5,-1.2,5.8,94.0,1006.9,3.7,357.0,89.0
2001-01-28,0.0,-2.7,7.8,83.0,1005.9,4.4,3.0,80.0
2001-01-29,0.2,-1.8,10.6,75.0,1006.2,5.8,3.0,89.0
2001-01-30,14.8,2.6,5.5,88.0,1009.1,6.5,335.0,100.0
2001-01-31,0.3,-3.6,7.2,84.0,1012.8,3.3,329.0,52.0
2001-02-01,0.8,-6.0,6.8,62.0,1016.3,5.9,341.0,25.0
2001-02-02,0.0,-5.6,5.7,49.0,1018.6,6.0,303.0,3.0
2001-02-03,0.0,-4.4,4.0,61.0,1015.4,2.5,43.0,40.0
2001-02-04,0.0,-3.8,5.2,73.0,1014.8,3.5,39.0,63.0
2001-02-05,0.2,0.2,8.8,88.0,1013.4,3.3,300.0,85.0
2001-02-06,0.0,-1.3,8.7,87.0,1020.5,2.8,9.0,91.0
2001-02-07,0.0,4.1,10.6,90.0,1021.7,3.1,43.0,91.0
2001-02-08,4.8,4.3,10.5,93.0,1015.0,4.8,35.0,98.0
2001-02-09,4.2,3.3,11.5,91.0,1013.8,4.3,11.0,76.0
2001-02-10,0.0,1.1,11.8,84.0,1025.5,4.8,347.0,62.0
2001-02-11,0.0,-1.0,13.8,74.0,1036.2,3.8,332.0,3.0
2001-02-12,0.0,-1.7,14.1,68.0,1032.6,3.3,320.0,51.0
2001-02-13,0.0,0.4,15.2,66.0,1020.9,3.6,359.0,84.0
2001-02-14,0.0,4.5,11.9,62.0,1025.1,4.5,39.0,16.0
2001-02-15,0.0,-0.3,11.8,72.0,1030.6,3.0,325.0,0.0
2001-02-16,0.0,-1.0,12.4,78.0,1028.9,3.8,272.0,0.0
2001-02-17,0.0,0.4,11.6,81.0,1025.7,5.2,36.0,12.0
2001-02-18,0.0,-0.3,13.5,75.0,1026.4,5.0,291.0,26.0
2001-02-19,0.0,0.2,12.2,70.0,1026.8,5.7,253.0,40.0
2001-02-20,0.0,-0.7,11.7,72.0,1021.7,3.8,18.0,59.0
2001-02-21,0.0,-0.6,12.4,75.0,1019.9,6.1,261.0,27.0
2001-02-22,0.0,-1.1,13.5,71.0,1008.4,4.9,19.0,1.0
2001-02-23,1.4,-0.5,13.1,79.0,998.5,5.8,16.0,31.0
2001-02-24,6.5,0.7,4.2,84.0,1001.2,8.4,66.0,95.0
2001-02-25,0.0,-2.3,5.1,63.0,1007.0,7.3,61.0,75.0
2001-02-26,0.0,-0.9,7.0,46.0,1004.9,5.3,337.0,76.0
2001-02-27,0.0,-1.3,6.0,55.0,1008.0,4.4,130.0,43.0
2001-02-28,9.3,-1.8,2.4,82.0,1002.7,8.5,35.0,98.0
2001-03-01,0.0,-2.2,6.8,76.0,1000.6,5.8,255.0,46.0
2001-03-02,8.7,-5.1,6.4,82.0,1004.6,5.6,30.0,74.0
2001-03-03,11.0,1.4,6.5,91.0,997.4,3.3,321.0,94.0
2001-03-04,2.8,1.9,11.2,91.0,1002.5,2.5,9.0,98.0
2001-03-05,5.3,5.6,14.8,88.0,1007.8,4.9,32.0,80.0
2001-03-06,0.1,4.2,10.1,77.0,1021.4,5.7,70.0,75.0
2001-03-07,0.0,3.7,10.1,71.0,1021.8,3.8,87.0,91.0
2001-03-08,11.8,3.6,8.1,86.0,1017.1,5.5,41.0,100.0
2001-03-09,23.0,6.1,10.8,89.0,1009.2,5.6,1.0,96.0
2001-03-10,0.2,1.2,11.7,90.0,1013.3,3.3,326.0,87.0
2001-03-11,0.0,2.3,14.1,82.0,1016.1,5.0,300.0,76.0
2001-03-12,2.3,3.1,13.9,86.0,1015.2,3.1,140.0,90.0
2001-03-13,23.4,7.5,13.8,90.0,1005.2,4.3,47.0,83.0
2001-03-14,0.0,3.6,14.2,80.0,1008.2,4.5,62.0,38.0
2001-03-15,0.0,2.6,16.1,80.0,1013.5,5.0,83.0,61.0
2001-03-16,0.1,5.2,14.4,83.0,1015.8,4.7,190.0,67.0
2001-03-17,20.0,6.2,11.1,95.0,1007.4,4.5,30.0,91.0
2001-03-18,0.6,2.0,13.8,86.0,1006.1,5.2,171.0,80.0
2001-03-19,0.0,7.4,16.5,76.0,1006.8,5.3,239.0,55.0
2001-03-20,0.8,4.8,13.8,82.0,1010.7,5.8,79.0,72.0
2001-03-21,0.0,7.7,16.0,86.0,1007.2,3.6,213.0,97.0
2001-03-22,1.9,7.7,18.3,79.0,1000.8,6.8,266.0,62.0
2001-03-23,0.0,3.9,18.7,80.0,1007.4,4.9,54.0,68.0
2001-03-24,0.0,5.8,18.0,86.0,1007.0,4.9,77.0,81.0
2001-03-25,2.4,7.4,17.9,86.0,997.5,5.5,238.0,51.0
2001-03-26,7.9,6.8,15.7,87.0,1000.8,4.3,28.0,66.0
2001-03-27,8.1,6.3,11.0,86.0,1007.6,6.0,69.0,91.0
2001-03-28,2.8,5.6,10.1,86.0,1013.4,4.5,66.0,93.0
2001-03-29,8.6,6.0,12.3,89.0,1008.8,4.5,58.0,100.0
2001-03-30,27.6,8.8,12.0,90.0,1005.5,10.2,34.0,100.0
2001-03-31,0.4,4.0,17.2,69.0,1018.5,5.6,49.0,61.0
2001-04-01,0.0,3.6,16.1,68.0,1023.9,4.0,155.0,39.0
2001-04-02,0.0,5.9,16.7,60.0,1023.6,4.3,213.0,21.0
2001-04-03,0.0,2.7,17.9,74.0,1019.8,4.5,144.0,64.0
2001-04-04,0.3,5.2,15.9,78.0,1016.3,5.7,204.0,75.0
2001-04-05,9.0,5.3,11.9,81.0,1012.5,6.2,91.0,75.0
2001-04-06,0.0,2.1,15.8,75.0,1015.3,5.4,183.0,59.0
2001-04-07,18.8,5.8,10.9,86.0,1008.5,6.7,26.0,98.0
2001-04-08,5.1,4.6,13.4,81.0,1005.2,4.5,355.0,84.0
2001-04-09,0.0,2.6,17.5,62.0,1014.4,4.5,324.0,55.0
2001-04-10,2.6,5.3,15.7,70.0,1012.2,5.0,108.0,61.0
2001-04-11,18.2,8.3,11.4,88.0,1009.6,6.2,5.0,100.0
2001-04-12,0.4,6.3,16.0,79.0,1013.5,4.7,272.0,73.0
2001-04-13,13.1,2.6,11.4,86.0,1014.3,6.1,80.0,64.0
2001-04-14,5.1,2.0,9.8,55.0,1018.1,7.1,60.0,47.0
2001-04-15,0.0,-1.2,12.3,62.0,1014.8,6.6,237.0,75.0
2001-04-16,4.0,3.3,12.2,79.0,1010.7,5.7,58.0,84.0
2001-04-17,2.9,4.1,14.8,76.0,1010.8,4.9,240.0,59.0
2001-04-18,1.9,2.4,13.7,83.0,1009.6,4.2,120.0,78.0
2001-04-19,10.5,5.9,14.0,85.0,1005.4,4.4,134.0,84.0
2001-04-20,15.0,5.7,13.1,89.0,1001.7,4.0,47.0,78.0
2001-04-21,8.3,3.9,11.3,85.0,997.6,6.8,44.0,80.0
2001-04-22,1.7,-0.1,14.4,72.0,998.8,5.1,308.0,51.0
2001-04-23,0.0,0.1,16.2,66.0,1000.7,7.7,245.0,42.0
2001-04-24,0.0,1.8,18.0,71.0,1012.2,5.5,197.0,38.0
2001-04-25,0.0,6.3,18.7,79.0,1016.9,5.4,90.0,60.0
2001-04-26,3.4,8.9,14.9,82.0,1016.6,4.6,49.0,54.0
2001-04-27,0.0,5.2,17.7,69.0,1018.6,5.1,24.0,75.0
2001-04-28,0.0,4.6,19.3,73.0,1014.5,5.2,183.0,51.0
2001-04-29,0.0,8.9,19.0,78.0,1014.4,5.6,68.0,28.0
2001-04-30,0.0,6.3,21.6,67.0,1013.6,4.7,74.0,24.0
2001-05-01,0.0,7.7,22.8,66.0,1016.8,4.2,92.0,72.0
2001-05-02,0.0,8.8,24.9,64.0,1015.8,3.4,347.0,30.0
2001-05-03,0.2,11.9,21.7,64.0,1008.8,4.4,277.0,76.0
2001-05-04,12.2,10.5,19.4,82.0,1005.4,5.3,50.0,65.0
2001-05-05,5.6,12.3,19.4,78.0,1004.2,5.7,38.0,92.0
2001-05-06,6.0,8.2,21.5,79.0,1004.6,6.6,14.0,86.0
2001-05-07,4.0,10.5,21.6,75.0,1010.5,4.0,333.0,88.0
2001-05-08,13.0,10.1,20.8,82.0,1015.8,4.3,16.0,66.0
2001-05-09,2.1,11.1,22.1,71.0,1017.6,3.7,347.0,41.0
2001-05-10,3.5,11.5,21.0,71.0,1016.3,5.6,46.0,55.0
2001-05-11,2.9,10.1,22.0,68.0,1014.6,4.5,336.0,42.0
2001-05-12,3.5,9.7,21.6,76.0,1013.7,4.6,54.0,33.0
2001-05-13,1.4,12.8,19.6,73.0,1015.0,5.1,144.0,53.0
2001-05-14,0.3,10.8,20.1,72.0,1013.7,5.2,146.0,55.0
2001-05-15,4.9,11.1,18.9,83.0,1013.2,4.7,46.0,83.0
2001-05-16,0.6,9.1,20.6,78.0,1015.9,5.2,209.0,58.0
2001-05-17,3.4,10.9,21.4,81.0,1016.3,5.8,89.0,62.0
2001-05-18,9.8,14.1,21.9,86.0,1011.7,5.7,53.0,76.0
2001-05-19,0.0,7.6,20.3,63.0,1018.1,5.5,74.0,6.0
2001-05-20,0.0,9.1,21.2,65.0,1021.4,7.2,59.0,52.0
2001-05-21,6.8,11.6,17.0,81.0,1018.9,5.3,39.0,98.0
2001-05-22,0.5,13.2,21.5,79.0,1014.6,4.1,77.0,69.0
2001-05-23,0.5,14.5,21.7,72.0,1019.5,7.6,61.0,45.0
2001-05-24,0.0,11.9,23.1,67.0,1018.8,4.3,70.0,9.0
2001-05-25,6.5,11.0,23.6,73.0,1013.9,4.0,359.0,59.0
2001-05-26,3.3,12.0,24.6,67.0,1017.4,4.9,265.0,44.0
2001-05-27,0.1,14.1,26.0,67.0,1021.0,5.2,220.0,72.0
2001-05-28,0.0,15.0,27.7,71.0,1020.7,5.4,212.0,63.0
2001-05-29,0.0,16.7,28.6,73.0,1017.7,5.3,170.0,51.0
2001-05-30,1.0,17.8,27.8,77.0,1013.4,5.3,66.0,25.0
2001-05-31,6.9,16.5,25.1,81.0,1010.5,5.1,322.0,68.0
2001-06-01,7.5,14.7,22.2,77.0,1012.0,4.9,42.0,50.0
2001-06-02,3.6,12.5,19.8,74.0,1014.1,4.7,81.0,94.0
2001-06-03,8.1,8.8,16.4,83.0,1008.8,4.0,167.0,75.0
2001-06-04,0.0,5.5,21.5,61.0,1017.3,8.1,245.0,13.0
2001-06-05,0.0,9.8,22.0,65.0,1020.6,5.8,140.0,40.0
2001-06-06,6.2,11.1,20.1,80.0,1014.3,4.5,18.0,74.0
2001-06-07,0.9,10.0,21.9,73.0,1014.8,5.6,154.0,24.0
2001-06-08,0.0,11.7,24.0,75.0,1014.0,5.6,132.0,70.0
2001-06-09,1.1,16.0,24.0,75.0,1011.9,6.1,101.0,75.0
2001-06-10,12.7,14.6,24.0,78.0,1009.7,7.2,75.0,93.0
2001-06-11,7.5,13.9,21.5,76.0,1011.9,4.6,18.0,60.0
2001-06-12,0.0,7.7,21.2,61.0,1020.9,5.2,88.0,35.0
2001-06-13,0.0,11.8,23.2,59.0,1015.0,4.4,98.0,67.0
2001-06-14,1.8,11.8,23.9,64.0,1012.4,3.2,2.0,58.0
2001-06-15,0.1,11.8,24.7,70.0,1015.5,5.3,124.0,24.0
2001-06-16,3.0,14.7,26.7,70.0,1011.6,5.4,80.0,38.0
2001-06-17,16.2,14.3,24.2,78.0,1008.5,5.2,353.0,59.0
2001-06-18,3.9,13.4,21.3,75.0,1011.3,3.9,250.0,96.0
2001-06-19,1.4,10.5,25.1,62.0,1015.0,5.7,312.0,45.0
2001-06-20,0.0,9.3,24.8,62.0,1015.1,5.4,250.0,8.0
2001-06-21,0.0,13.3,25.8,64.0,1012.8,5.4,162.0,29.0
2001-06-22,0.1,14.5,26.9,69.0,1009.6,6.3,197.0,17.0
2001-06-23,0.8,16.2,24.1,76.0,1012.5,6.0,79.0,40.0
2001-06-24,0.2,16.5,26.9,74.0,1017.8,4.7,139.0,29.0
2001-06-25,1.2,16.1,26.9,73.0,1019.4,4.4,88.0,37.0
2001-06-26,0.5,17.8,27.3,68.0,1019.1,5.5,89.0,39.0
2001-06-27,0.0,15.6,28.8,63.0,1015.5,4.4,94.0,40.0
2001-06-28,2.0,16.8,27.5,65.0,1014.9,4.6,43.0,90.0
2001-06-29,1.6,19.3,27.2,63.0,1019.0,3.3,75.0,63.0
2001-06-30,1.8,17.2,28.0,67.0,1019.6,3.6,199.0,50.0
2001-07-01,2.5,17.5,27.4,64.0,1018.7,4.2,52.0,40.0
2001-07-02,0.0,16.6,27.0,64.0,1021.3,5.1,167.0,26.0
2001-07-03,3.3,19.4,25.4,64.0,1017.5,6.5,109.0,65.0
2001-07-04,0.6,17.0,22.7,74.0,1014.5,4.8,101.0,92.0
2001-07-05,2.1,19.2,26.0,76.0,1014.7,4.7,163.0,75.0
2001-07-06,0.0,17.1,28.6,76.0,1015.5,5.3,110.0,42.0
2001-07-07,7.2,17.4,26.3,77.0,1011.4,8.1,211.0,24.0
2001-07-08,0.3,13.5,26.8,66.0,1012.1,5.3,127.0,15.0
2001-07-09,6.9,16.7,24.8,77.0,1014.4,3.9,20.0,58.0
2001-07-10,15.7,16.4,23.6,84.0,1015.2,3.1,357.0,80.0
2001-07-11,0.4,14.5,27.1,77.0,1013.9,5.4,206.0,54.0
2001-07-12,5.5,17.6,22.8,78.0,1014.6,7.3,46.0,75.0
2001-07-13,1.2,17.0,24.9,73.0,1013.0,4.2,90.0,52.0
2001-07-14,0.3,16.1,27.0,78.0,1013.1,4.6,46.0,43.0
2001-07-15,2.2,16.3,28.0,75.0,1011.8,6.3,62.0,32.0
2001-07-16,16.1,17.5,25.9,72.0,1008.3,6.0,99.0,59.0
2001-07-17,4.1,15.8,24.4,70.0,1007.1,2.9,51.0,53.0
2001-07-18,13.0,15.6,24.8,76.0,1008.1,4.5,90.0,45.0
2001-07-19,22.2,17.0,23.6,86.0,1006.2,5.5,34.0,72.0
2001-07-20,21.9,16.3,20.4,82.0,1003.9,7.0,326.0,99.0
2001-07-21,0.0,11.1,25.6,68.0,1015.0,5.4,252.0,15.0
2001-07-22,0.1,13.8,26.1,74.0,1016.5,4.6,150.0,7.0
2001-07-23,1.4,16.0,27.1,75.0,1013.5,4.5,145.0,15.0
2001-07-24,5.4,15.9,26.2,81.0,1011.5,3.6,356.0,41.0
2001-07-25,3.5,17.2,26.7,74.0,1013.6,3.3,312.0,64.0
2001-07-26,3.5,16.3,27.3,78.0,1014.9,3.6,306.0,39.0
2001-07-27,3.9,16.5,27.3,79.0,1015.6,3.0,344.0,67.0
2001-07-28,2.5,16.8,27.8,78.0,1017.3,3.6,325.0,51.0
2001-07-29,2.3,17.6,29.0,72.0,1018.0,3.4,329.0,67.0
2001-07-30,0.5,17.2,29.7,71.0,1019.7,3.5,31.0,18.0
2001-07-31,0.0,18.1,30.1,69.0,1021.1,5.0,219.0,23.0
2001-08-01,0.1,18.7,30.8,69.0,1018.6,3.4,24.0,37.0
2001-08-02,0.0,20.1,31.0,68.0,1016.9,4.7,99.0,19.0
2001-08-03,2.6,19.8,31.2,72.0,1014.6,5.1,74.0,59.0
2001-08-04,6.4,19.3,28.8,76.0,1014.3,5.3,28.0,34.0
2001-08-05,9.7,18.3,26.3,80.0,1014.5,4.5,21.0,60.0
2001-08-06,0.8,17.9,25.3,63.0,1016.8,5.8,44.0,54.0
2001-08-07,0.0,14.8,27.6,66.0,1014.6,4.0,108.0,15.0
2001-08-08,3.8,16.4,28.3,71.0,1013.1,4.2,324.0,53.0
2001-08-09,6.5,18.9,26.7,79.0,1015.2,3.7,21.0,61.0
2001-08-10,4.1,16.9,28.1,78.0,1014.9,4.9,345.0,47.0
2001-08-11,4.2,15.9,23.5,69.0,1019.8,5.3,86.0,51.0
2001-08-12,0.0,14.1,25.3,64.0,1021.1,4.6,166.0,25.0
2001-08-13,0.0,13.5,26.7,68.0,1017.2,4.4,161.0,54.0
2001-08-14,0.0,15.3,29.2,64.0,1017.9,4.1,129.0,6.0
2001-08-15,0.0,15.7,30.2,63.0,1019.7,4.7,97.0,1.0
2001-08-16,0.0,15.8,31.1,65.0,1017.7,4.7,149.0,2.0
2001-08-17,1.4,17.3,30.5,68.0,1015.5,4.3,2.0,22.0
2001-08-18,1.0,18.7,29.3,72.0,1014.1,4.8,339.0,68.0
2001-08-19,0.0,16.6,29.6,66.0,1012.3,4.3,254.0,50.0
2001-08-20,6.9,18.4,27.2,75.0,1012.4,5.2,14.0,72.0
2001-08-21,1.1,15.1,27.4,70.0,1014.6,4.4,28.0,22.0
2001-08-22,3.4,16.1,27.3,64.0,1017.5,3.8,15.0,28.0
2001-08-23,2.7,16.5,28.0,69.0,1017.5,3.0,7.0,30.0
2001-08-24,3.6,17.4,28.5,69.0,1017.4,4.1,17.0,28.0
2001-08-25,0.2,18.0,28.9,65.0,1018.0,3.9,50.0,22.0
2001-08-26,0.9,17.4,30.7,65.0,1017.6,3.5,267.0,29.0
2001-08-27,1.2,17.5,31.4,66.0,1014.0,4.6,286.0,47.0
2001-08-28,2.5,18.2,29.1,74.0,1011.3,4.6,60.0,32.0
2001-08-29,4.2,19.0,29.7,73.0,1009.3,4.4,29.0,38.0
2001-08-30,6.2,19.0,24.5,70.0,1010.0,5.7,57.0,91.0
2001-08-31,22.9,17.0,21.6,81.0,1007.9,5.5,64.0,92.0
2001-09-01,7.3,11.3,21.4,79.0,1008.8,5.2,53.0,66.0
2001-09-02,3.6,13.2,22.1,74.0,1013.9,5.2,229.0,64.0
2001-09-03,0.0,15.0,23.2,69.0,1015.8,4.3,170.0,25.0
2001-09-04,13.3,14.6,20.5,84.0,1011.1,4.4,79.0,75.0
2001-09-05,9.8,14.8,22.7,71.0,1006.3,4.1,301.0,70.0
2001-09-06,0.0,9.0,24.2,58.0,1009.9,5.8,307.0,13.0
2001-09-07,0.5,11.6,22.5,73.0,1011.8,4.0,25.0,51.0
2001-09-08,0.0,12.8,23.9,78.0,1008.8,4.8,307.0,85.0
2001-09-09,3.6,11.3,22.2,76.0,1003.5,3.9,36.0,34.0
2001-09-10,0.3,7.4,19.5,65.0,1008.3,4.9,326.0,41.0
2001-09-11,0.0,6.3,20.6,59.0,1011.6,5.8,269.0,36.0
2001-09-12,0.0,8.5,20.8,64.0,1015.0,5.6,270.0,13.0
2001-09-13,0.0,10.3,20.7,67.0,1015.5,5.5,238.0,57.0
2001-09-14,21.9,12.8,17.3,81.0,1006.8,5.2,21.0,95.0
2001-09-15,6.9,11.3,18.7,72.0,1010.1,4.9,4.0,64.0
2001-09-16,13.3,8.6,15.7,86.0,1010.1,3.9,36.0,77.0
2001-09-17,4.0,3.8,15.7,90.0,1007.8,4.3,311.0,89.0
2001-09-18,3.3,5.9,16.5,83.0,1012.8,3.8,337.0,81.0
2001-09-19,3.7,7.2,16.0,85.0,1018.6,3.7,8.0,72.0
2001-09-20,0.0,6.0,18.2,78.0,1019.7,4.1,227.0,27.0
2001-09-21,0.0,7.1,19.6,80.0,1016.2,4.7,87.0,50.0
2001-09-22,0.9,10.1,17.1,88.0,1014.8,3.6,21.0,87.0
2001-09-23,22.2,13.0,14.8,92.0,1009.4,5.2,21.0,100.0
2001-09-24,0.6,13.1,20.0,84.0,1008.4,2.7,221.0,90.0
2001-09-25,19.1,11.7,19.2,90.0,1011.8,3.6,4.0,83.0
2001-09-26,5.8,10.8,18.2,78.0,1016.7,4.2,10.0,38.0
2001-09-27,0.0,6.6,19.7,78.0,1020.4,4.0,238.0,56.0
2001-09-28,0.0,7.3,20.5,80.0,1019.2,4.2,216.0,26.0
2001-09-29,0.2,9.5,20.0,83.0,1018.9,3.5,360.0,98.0
2001-09-30,1.6,12.8,17.1,88.0,1016.9,2.8,321.0,84.0
2001-10-01,0.2,9.8,19.5,87.0,1019.5,4.5,342.0,76.0
2001-10-02,0.0,13.5,21.3,84.0,1021.9,3.2,188.0,78.0
2001-10-03,0.0,11.4,22.0,82.0,1019.1,4.1,209.0,31.0
2001-10-04,1.5,12.7,19.9,88.0,1015.4,3.0,58.0,76.0
2001-10-05,3.4,14.7,18.7,86.0,1015.5,3.2,73.0,97.0
2001-10-06,0.0,13.7,21.2,82.0,1015.7,3.7,100.0,66.0
2001-10-07,10.0,14.3,20.2,90.0,1014.4,4.5,43.0,89.0
2001-10-08,1.1,16.0,21.6,86.0,1014.6,3.6,189.0,53.0
2001-10-09,0.0,12.0,21.9,83.0,1017.1,3.9,263.0,66.0
2001-10-10,0.7,12.4,21.7,85.0,1023.5,3.8,316.0,65.0
2001-10-11,0.0,10.0,22.2,84.0,1028.7,2.8,328.0,28.0
2001-10-12,0.0,10.9,22.9,81.0,1028.0,3.7,333.0,14.0
2001-10-13,0.0,9.8,23.3,81.0,1025.1,3.6,345.0,6.0
2001-10-14,0.0,10.4,23.1,79.0,1021.8,3.8,356.0,2.0
2001-10-15,0.0,8.9,20.1,79.0,1020.0,4.0,43.0,27.0
2001-10-16,0.0,8.6,20.8,80.0,1023.5,3.0,353.0,65.0
2001-10-17,0.0,9.4,20.0,82.0,1024.0,4.9,18.0,22.0
2001-10-18,0.0,8.2,19.3,84.0,1019.8,4.2,332.0,39.0
2001-10-19,0.0,11.5,18.6,84.0,1018.7,3.2,142.0,54.0
2001-10-20,2.5,11.5,18.8,89.0,1017.1,3.7,48.0,88.0
2001-10-21,25.1,12.5,19.4,88.0,1009.8,4.9,121.0,66.0
2001-10-22,0.0,7.1,18.5,83.0,1014.6,3.8,13.0,26.0
2001-10-23,0.0,8.3,17.5,86.0,1018.7,3.5,36.0,96.0
2001-10-24,5.8,10.8,18.7,82.0,1021.1,3.7,9.0,74.0
2001-10-25,3.8,8.1,16.6,90.0,1024.7,3.2,342.0,53.0
2001-10-26,0.0,5.5,15.5,84.0,1025.6,3.1,294.0,47.0
2001-10-27,0.0,11.6,16.1,79.0,1025.2,2.9,175.0,64.0
2001-10-28,0.0,10.4,17.1,81.0,1026.5,2.9,151.0,69.0
2001-10-29,0.0,5.7,16.9,85.0,1025.3,3.2,24.0,47.0
2001-10-30,0.0,7.7,15.9,87.0,1025.8,2.9,56.0,86.0
2001-10-31,0.0,6.6,16.5,85.0,1026.2,3.0,246.0,91.0
2001-11-01,0.0,8.5,17.2,74.0,1024.0,4.9,42.0,42.0
2001-11-02,0.0,4.2,13.4,67.0,1033.0,4.0,353.0,27.0
2001-11-03,0.0,2.9,12.6,79.0,1032.1,3.2,293.0,7.0
2001-11-04,0.0,1.9,14.2,82.0,1023.3,2.8,314.0,1.0
2001-11-05,0.0,2.8,15.2,82.0,1017.1,3.2,9.0,51.0
2001-11-06,0.0,7.2,12.0,74.0,1017.3,4.1,25.0,77.0
2001-11-07,0.3,2.6,11.9,85.0,1013.8,3.1,354.0,60.0
2001-11-08,0.0,4.2,11.2,88.0,1003.7,2.7,352.0,94.0
2001-11-09,11.2,2.9,8.1,86.0,1000.3,8.7,30.0,97.0
2001-11-10,0.3,2.3,9.6,63.0,1020.8,7.1,27.0,92.0
2001-11-11,2.7,4.1,11.8,72.0,1022.3,4.5,3.0,98.0
2001-11-12,14.4,8.7,12.7,92.0,1010.1,3.9,345.0,98.0
2001-11-13,0.0,6.4,12.8,86.0,1002.1,4.6,334.0,92.0
2001-11-14,2.0,4.1,9.7,76.0,1012.2,5.8,71.0,84.0
2001-11-15,0.0,0.1,8.3,60.0,1031.9,5.1,55.0,21.0
2001-11-16,0.0,-1.9,9.6,73.0,1032.6,2.9,17.0,0.0
2001-11-17,0.0,-0.3,10.2,67.0,1032.4,3.9,5.0,0.0
2001-11-18,0.0,-1.5,8.6,77.0,1023.8,3.9,32.0,51.0
2001-11-19,6.4,2.3,10.9,85.0,1015.7,5.0,8.0,76.0
2001-11-20,0.0,-1.0,10.6,81.0,1022.4,4.1,296.0,12.0
2001-11-21,0.0,-2.1,9.9,82.0,1029.7,3.3,306.0,3.0
2001-11-22,0.0,-2.7,5.7,86.0,1022.5,2.7,342.0,43.0
2001-11-23,0.0,-1.8,8.2,62.0,1011.0,6.8,340.0,28.0
2001-11-24,0.0,-3.4,8.6,54.0,1017.4,6.4,292.0,14.0
2001-11-25,0.0,-1.1,6.8,66.0,1015.4,3.4,17.0,28.0
2001-11-26,0.0,0.3,8.2,74.0,1012.3,3.2,26.0,35.0
2001-11-27,2.3,2.0,6.4,87.0,1012.5,4.0,356.0,99.0
2001-11-28,0.5,-1.9,11.5,87.0,1014.9,3.7,321.0,50.0
2001-11-29,0.0,-2.2,10.6,83.0,1019.8,3.7,313.0,37.0
2001-11-30,0.0,0.1,8.0,83.0,1016.2,3.5,39.0,59.0
2001-12-01,0.3,4.4,6.8,86.0,1022.6,2.8,56.0,82.0
2001-12-02,2.0,2.6,8.6,87.0,1025.4,2.7,34.0,63.0
2001-12-03,0.0,1.2,9.3,88.0,1025.0,2.8,3.0,49.0
2001-12-04,0.0,0.3,8.2,89.0,1022.7,3.0,358.0,77.0
2001-12-05,0.0,1.9,9.6,85.0,1022.3,3.0,1.0,74.0
2001-12-06,0.0,-0.9,9.3,82.0,1018.6,2.7,330.0,11.0
2001-12-07,0.0,-1.9,9.4,79.0,1026.4,4.1,337.0,19.0
2001-12-08,0.0,-1.4,6.2,79.0,1032.8,3.1,21.0,8.0
2001-12-09,0.0,-1.6,5.5,80.0,1035.3,3.1,6.0,2.0
2001-12-10,0.0,-3.4,5.5,70.0,1036.6,3.2,336.0,9.0
2001-12-11,1.0,-3.4,5.0,72.0,1029.0,3.7,359.0,55.0
2001-12-12,0.0,-3.1,6.3,78.0,1021.3,4.3,311.0,6.0
2001-12-13,11.9,-4.6,2.5,81.0,1018.3,9.3,56.0,52.0
2001-12-14,0.0,-11.2,-0.8,54.0,1030.0,8.8,23.0,30.0
2001-12-15,0.0,-14.3,4.0,64.0,1028.0,4.5,333.0,0.0
2001-12-16,0.0,-8.0,0.1,63.0,1025.1,3.9,315.0,0.0
2001-12-17,0.0,-11.4,2.2,67.0,1027.0,4.4,325.0,5.0
2001-12-18,0.0,-10.8,2.8,65.0,1029.6,3.2,329.0,3.0
2001-12-19,0.0,-11.0,2.5,71.0,1028.3,3.1,344.0,0.0
2001-12-20,0.0,-8.4,1.3,75.0,1020.9,3.8,359.0,17.0
2001-12-21,0.0,-8.8,2.4,74.0,1018.8,4.0,319.0,31.0
2001-12-22,0.0,-6.9,1.1,74.0,1009.0,3.5,9.0,55.0
2001-12-23,0.0,-9.9,5.2,65.0,1008.4,4.9,346.0,18.0
2001-12-24,0.0,-12.7,2.2,51.0,1016.7,5.3,335.0,0.0
2001-12-25,0.0,-8.0,1.1,53.0,1010.7,4.1,357.0,60.0
2001-12-26,0.0,-3.6,2.7,68.0,1003.6,3.7,357.0,95.0
2001-12-27,0.0,-4.8,3.8,63.0,1009.0,6.0,315.0,48.0
2001-12-28,0.0,-5.6,3.1,59.0,1013.3,3.5,8.0,30.0
2001-12-29,0.0,-4.8,2.8,66.0,1008.7,2.8,21.0,48.0
2001-12-30,0.0,-1.9,7.0,82.0,1001.4,4.2,24.0,45.0
2001-12-31,0.0,-3.1,5.4,58.0,1016.3,4.6,340.0,58.0
2002-01-01,0.0,-6.1,3.6,49.0,1034.0,5.7,299.0,0.0
2002-01-02,0.0,-6.1,3.2,57.0,1030.5,3.6,341.0,9.0
2002-01-03,0.4,-4.8,4.1,62.0,1029.3,4.5,27.0,23.0
2002-01-04,0.3,-3.6,3.1,67.0,1035.4,3.0,250.0,31.0
2002-01-05,0.0,-5.6,4.7,57.0,1034.9,2.4,341.0,3.0
2002-01-06,0.0,-5.6,7.4,60.0,1031.3,2.9,325.0,7.0
2002-01-07,0.0,-4.3,8.5,52.0,1027.2,5.1,7.0,67.0
2002-01-08,0.0,-5.4,5.8,59.0,1032.6,3.7,346.0,37.0
2002-01-09,0.0,-5.0,8.3,60.0,1036.3,2.8,333.0,0.0
2002-01-10,0.0,-5.4,7.6,62.0,1034.5,3.2,341.0,0.0
2002-01-11,0.0,-5.6,6.0,65.0,1032.8,2.9,350.0,3.0
2002-01-12,0.0,-5.0,7.6,62.0,1031.9,3.2,336.0,22.0
2002-01-13,0.0,-4.7,6.3,69.0,1029.1,4.5,13.0,3.0
2002-01-14,0.0,-2.9,3.9,75.0,1028.1,4.1,3.0,55.0
2002-01-15,0.0,-5.8,3.8,74.0,1023.3,2.6,337.0,60.0
2002-01-16,0.0,-3.9,3.0,80.0,1021.0,2.5,47.0,57.0
2002-01-17,0.0,-5.7,5.2,77.0,1023.1,3.3,353.0,3.0
2002-01-18,0.0,-5.6,5.9,71.0,1022.9,2.6,336.0,1.0
2002-01-19,0.0,-6.4,5.8,61.0,1023.0,3.0,343.0,55.0
2002-01-20,0.0,-5.4,6.5,69.0,1025.3,2.8,14.0,39.0
2002-01-21,0.0,-4.5,4.4,77.0,1022.7,3.2,36.0,66.0
2002-01-22,0.0,-2.5,5.7,83.0,1020.7,3.0,347.0,43.0
2002-01-23,0.5,-1.8,5.5,87.0,1020.1,2.6,342.0,63.0
2002-01-24,21.7,0.9,4.4,95.0,1012.6,4.5,12.0,100.0
2002-01-25,0.2,-3.3,11.9,86.0,1017.5,3.9,330.0,21.0
2002-01-26,0.0,-1.6,7.9,87.0,1024.9,2.9,5.0,63.0
2002-01-27,0.2,-1.5,8.0,85.0,1021.5,2.5,299.0,93.0
2002-01-28,0.0,0.2,8.6,89.0,1024.7,2.4,32.0,77.0
2002-01-29,0.0,-0.9,10.0,83.0,1030.0,1.8,11.0,59.0
2002-01-30,0.0,-0.5,6.9,84.0,1030.6,2.1,82.0,92.0
2002-01-31,0.0,-0.2,4.9,89.0,1027.8,1.6,108.0,95.0
2002-02-01,0.1,-0.1,10.0,83.0,1028.1,2.4,336.0,54.0
2002-02-02,0.0,-1.6,12.9,79.0,1033.9,3.6,325.0,8.0
2002-02-03,0.0,-2.1,10.3,78.0,1032.0,3.4,3.0,2.0
2002-02-04,0.0,-1.6,6.6,81.0,1027.4,1.7,99.0,51.0
2002-02-05,0.0,-2.3,8.9,79.0,1022.4,3.7,4.0,53.0
2002-02-06,26.9,2.0,6.5,94.0,1010.3,6.2,35.0,100.0
2002-02-07,20.6,2.1,11.8,84.0,1014.4,7.3,28.0,55.0
2002-02-08,0.0,-1.4,11.7,83.0,1024.0,3.3,345.0,77.0
2002-02-09,0.0,0.0,9.9,86.0,1020.8,3.0,67.0,93.0
2002-02-10,0.0,2.1,12.0,85.0,1013.0,3.0,11.0,43.0
2002-02-11,0.0,-1.1,9.8,80.0,1018.5,2.6,60.0,87.0
2002-02-12,0.0,-0.6,9.1,83.0,1019.5,2.6,84.0,46.0
2002-02-13,0.1,1.7,7.6,86.0,1018.6,2.8,88.0,71.0
2002-02-14,5.6,2.2,8.2,91.0,1017.8,6.1,46.0,96.0
2002-02-15,27.2,4.1,6.1,85.0,1022.6,13.7,51.0,99.0
2002-02-16,24.3,3.5,6.8,87.0,1025.6,9.2,51.0,96.0
2002-02-17,0.4,-0.2,9.0,85.0,1024.0,3.7,354.0,59.0
2002-02-18,0.0,-0.0,11.5,82.0,1018.0,2.8,53.0,78.0
2002-02-19,0.2,-2.0,10.7,87.0,1019.8,3.8,327.0,54.0
2002-02-20,0.0,-2.0,10.2,82.0,1011.8,4.1,176.0,96.0
2002-02-21,1.1,0.6,9.9,83.0,1000.9,5.1,24.0,81.0
2002-02-22,0.0,-4.0,7.1,58.0,1015.4,5.3,25.0,46.0
2002-02-23,0.0,-2.2,7.6,71.0,1009.4,3.5,96.0,46.0
2002-02-24,0.0,-1.9,10.4,61.0,1006.8,6.2,320.0,25.0
2002-02-25,0.0,-3.5,10.6,52.0,1014.1,3.7,285.0,40.0
2002-02-26,0.0,-1.3,9.6,70.0,1014.8,3.9,15.0,93.0
2002-02-27,0.0,1.4,11.2,84.0,1011.6,3.2,289.0,91.0
2002-02-28,0.0,6.7,13.5,83.0,1007.7,4.4,235.0,78.0
2002-03-01,3.1,4.4,10.9,89.0,1012.2,4.8,49.0,96.0
2002-03-02,5.4,5.2,11.7,90.0,1009.9,3.4,40.0,100.0
2002-03-03,6.2,5.6,13.5,84.0,1011.0,5.2,326.0,61.0
2002-03-04,0.1,3.4,13.3,74.0,1018.6,5.3,42.0,15.0
2002-03-05,0.0,2.3,14.1,76.0,1015.0,5.1,29.0,59.0
2002-03-06,16.2,5.8,12.5,85.0,1012.0,6.9,18.0,92.0
2002-03-07,0.0,3.4,15.7,83.0,1016.7,4.4,242.0,61.0
2002-03-08,0.0,3.0,15.9,81.0,1021.4,4.8,37.0,38.0
2002-03-09,0.0,3.1,14.9,75.0,1017.7,5.3,31.0,23.0
2002-03-10,0.0,2.4,16.8,71.0,1015.8,3.6,351.0,34.0
2002-03-11,0.0,5.2,15.7,71.0,1022.6,3.9,18.0,18.0
2002-03-12,0.0,-0.4,16.0,70.0,1020.2,4.3,310.0,37.0
2002-03-13,0.0,1.9,15.9,72.0,1017.5,4.3,65.0,30.0
2002-03-14,0.6,1.2,14.0,80.0,1014.5,5.4,62.0,24.0
2002-03-15,0.4,7.2,14.7,83.0,1014.7,4.4,140.0,78.0
2002-03-16,0.0,5.2,15.3,83.0,1017.3,4.7,118.0,55.0
2002-03-17,0.0,5.6,15.9,81.0,1016.7,4.3,261.0,96.0
2002-03-18,1.5,3.7,16.4,82.0,1014.2,4.0,181.0,61.0
2002-03-19,0.5,5.6,16.1,82.0,1009.6,4.2,262.0,87.0
2002-03-20,0.0,3.1,18.3,82.0,1011.6,4.5,37.0,52.0
2002-03-21,0.0,4.2,19.6,80.0,1014.5,4.5,80.0,41.0
2002-03-22,0.0,5.1,20.0,62.0,1012.3,6.9,322.0,64.0
2002-03-23,0.0,3.1,14.0,49.0,1014.6,7.6,356.0,14.0
2002-03-24,0.0,-0.7,11.6,39.0,1019.6,7.2,358.0,20.0
2002-03-25,0.0,-3.4,12.5,49.0,1020.0,5.0,332.0,8.0
2002-03-26,0.0,-2.2,13.2,63.0,1020.4,4.7,2.0,39.0
2002-03-27,3.0,2.6,9.6,67.0,1024.4,4.5,113.0,63.0
2002-03-28,0.0,-1.6,12.8,61.0,1027.0,4.0,21.0,5.0
2002-03-29,0.0,-2.4,13.7,61.0,1027.0,4.9,34.0,0.0
2002-03-30,0.0,-0.5,17.6,61.0,1022.8,4.0,292.0,0.0
2002-03-31,0.0,1.1,18.3,63.0,1018.5,4.5,98.0,2.0
2002-04-01,0.0,2.3,18.2,65.0,1016.4,4.9,45.0,27.0
2002-04-02,0.0,2.4,18.1,65.0,1016.9,5.2,35.0,20.0
2002-04-03,0.4,2.8,17.0,67.0,1011.3,9.4,49.0,23.0
2002-04-04,0.0,8.1,16.5,53.0,1005.7,10.9,54.0,26.0
2002-04-05,2.0,1.9,15.0,63.0,1002.5,5.0,62.0,41.0
2002-04-06,4.9,5.3,12.1,74.0,1009.7,6.3,103.0,82.0
2002-04-07,0.7,4.9,11.7,71.0,1018.1,5.4,88.0,87.0
2002-04-08,6.1,4.8,9.2,86.0,1019.5,4.0,95.0,99.0
2002-04-09,14.5,4.7,7.4,88.0,1014.1,8.9,54.0,99.0
2002-04-10,0.0,1.9,12.2,69.0,1010.9,8.2,58.0,82.0
2002-04-11,5.8,1.1,12.7,74.0,1010.9,7.1,45.0,93.0
2002-04-12,52.2,8.5,11.2,87.0,998.8,10.0,36.0,100.0
2002-04-13,13.7,7.4,14.5,89.0,999.3,5.9,42.0,91.0
2002-04-14,4.7,5.0,15.2,85.0,1003.9,4.0,202.0,89.0
2002-04-15,11.2,7.7,13.4,89.0,1008.4,5.4,47.0,80.0
2002-04-16,4.9,5.8,13.7,83.0,1011.7,4.9,28.0,90.0
2002-04-17,6.4,6.6,14.7,77.0,1013.4,4.9,16.0,70.0
2002-04-18,0.1,2.5,17.3,74.0,1015.7,5.5,68.0,32.0
2002-04-19,2.5,3.5,16.8,76.0,1018.1,4.5,28.0,50.0
2002-04-20,13.0,7.2,11.4,86.0,1020.4,6.9,347.0,87.0
2002-04-21,2.8,7.1,18.7,69.0,1026.2,9.0,10.0,57.0
2002-04-22,0.9,5.8,20.6,67.0,1027.3,4.4,6.0,20.0
2002-04-23,1.7,5.4,20.2,65.0,1025.2,3.7,323.0,25.0
2002-04-24,0.8,7.0,18.5,77.0,1020.0,5.0,29.0,86.0
2002-04-25,1.9,5.7,17.8,77.0,1020.2,3.7,256.0,52.0
2002-04-26,0.1,6.4,20.4,68.0,1014.6,6.3,219.0,66.0
2002-04-27,6.4,10.4,15.8,83.0,1009.1,4.8,81.0,84.0
2002-04-28,0.0,6.7,15.0,71.0,1015.0,4.9,114.0,75.0
2002-04-29,1.2,7.5,17.4,75.0,1012.8,5.0,216.0,51.0
2002-04-30,1.1,8.7,17.5,84.0,1016.8,5.8,66.0,79.0
2002-05-01,0.0,9.6,18.8,82.0,1014.7,5.0,119.0,53.0
2002-05-02,9.8,9.2,19.4,85.0,1011.7,6.5,69.0,65.0
2002-05-03,32.1,12.4,14.9,92.0,1011.7,8.7,64.0,99.0
2002-05-04,58.1,11.1,15.8,92.0,1010.8,7.6,61.0,84.0
2002-05-05,15.0,9.0,16.1,84.0,1013.8,5.4,90.0,57.0
2002-05-06,0.0,3.7,17.3,70.0,1019.5,3.9,266.0,19.0
2002-05-07,0.0,4.6,21.2,65.0,1018.4,7.4,42.0,44.0
2002-05-08,15.2,10.8,17.6,80.0,1014.9,7.8,35.0,100.0
2002-05-09,15.0,13.0,16.2,91.0,1013.2,6.8,55.0,99.0
2002-05-10,3.4,10.9,19.2,83.0,1012.5,4.3,175.0,74.0
2002-05-11,10.4,10.4,18.7,85.0,1011.1,3.4,27.0,75.0
2002-05-12,0.1,8.7,20.0,76.0,1012.2,5.0,8.0,61.0
2002-05-13,0.8,9.3,21.4,75.0,1015.8,3.0,338.0,43.0
2002-05-14,1.2,8.3,22.4,75.0,1018.4,4.3,235.0,33.0
2002-05-15,0.4,10.2,22.6,74.0,1024.2,5.1,71.0,33.0
2002-05-16,0.0,10.6,24.0,74.0,1023.6,5.1,149.0,46.0
2002-05-17,0.1,11.8,25.2,74.0,1017.2,5.9,194.0,18.0
2002-05-18,0.7,14.0,24.4,72.0,1013.6,4.7,181.0,29.0
2002-05-19,2.6,13.7,21.9,80.0,1014.0,4.5,49.0,57.0
2002-05-20,3.2,13.7,20.4,75.0,1014.6,5.3,33.0,80.0
2002-05-21,0.3,10.0,21.7,76.0,1012.3,4.7,104.0,43.0
2002-05-22,1.5,13.2,21.3,85.0,1011.2,5.0,142.0,71.0
2002-05-23,12.1,12.1,20.8,91.0,1009.1,5.3,74.0,89.0
2002-05-24,20.7,14.7,19.3,88.0,1007.9,6.3,51.0,86.0
2002-05-25,4.3,14.4,22.2,81.0,1011.6,4.1,31.0,79.0
2002-05-26,20.9,14.9,20.7,88.0,1008.3,4.0,66.0,88.0
2002-05-27,33.2,13.7,19.6,89.0,1006.6,4.5,80.0,87.0
2002-05-28,3.2,10.2,19.5,81.0,1006.2,3.1,293.0,88.0
2002-05-29,0.1,8.4,23.1,69.0,1012.1,4.6,335.0,28.0
2002-05-30,0.7,11.2,22.8,74.0,1019.3,5.4,116.0,46.0
2002-05-31,2.7,12.9,22.2,77.0,1022.0,4.8,71.0,54.0
2002-06-01,0.9,11.6,23.4,79.0,1020.7,4.6,156.0,40.0
2002-06-02,3.2,13.6,21.7,82.0,1017.4,5.0,64.0,59.0
2002-06-03,4.4,15.4,21.2,83.0,1015.1,4.8,116.0,96.0
2002-06-04,1.6,14.3,22.8,82.0,1011.8,4.1,163.0,88.0
2002-06-05,27.9,15.9,20.8,92.0,1008.2,7.4,111.0,97.0
2002-06-06,43.9,14.5,19.9,91.0,1002.3,6.9,47.0,94.0
2002-06-07,13.1,13.4,18.0,88.0,1003.8,6.9,209.0,100.0
2002-06-08,6.6,14.8,20.2,82.0,1008.9,4.6,194.0,91.0
2002-06-09,7.9,12.4,18.3,85.0,1007.7,5.1,36.0,85.0
2002-06-10,0.6,9.6,24.9,76.0,1006.6,4.2,296.0,47.0
2002-06-11,0.5,10.7,23.6,73.0,1014.1,5.2,65.0,31.0
2002-06-12,2.0,12.7,23.6,74.0,1019.7,4.6,81.0,30.0
2002-06-13,0.2,12.4,26.1,74.0,1019.4,4.9,203.0,39.0
2002-06-14,0.1,14.3,27.6,79.0,1018.2,4.7,119.0,15.0
2002-06-15,1.1,16.3,28.8,81.0,1018.1,4.1,171.0,49.0
2002-06-16,3.6,16.9,29.2,82.0,1018.2,4.8,338.0,69.0
2002-06-17,0.2,15.9,29.6,77.0,1020.0,3.6,130.0,40.0
2002-06-18,0.1,18.0,29.7,75.0,1019.9,3.8,96.0,27.0
2002-06-19,0.1,18.9,30.5,75.0,1018.8,4.7,91.0,8.0
2002-06-20,0.0,18.1,29.2,77.0,1019.5,5.3,117.0,6.0
2002-06-21,0.0,18.1,30.2,73.0,1019.7,3.4,357.0,37.0
2002-06-22,0.1,18.0,31.0,68.0,1019.4,4.1,29.0,14.0
2002-06-23,0.3,18.7,31.3,72.0,1018.6,4.7,148.0,41.0
2002-06-24,1.1,19.4,29.7,76.0,1016.5,4.5,36.0,68.0
2002-06-25,15.9,18.9,22.6,79.0,1019.7,8.1,59.0,83.0
2002-06-26,0.0,16.5,24.1,67.0,1021.6,4.9,81.0,35.0
2002-06-27,0.0,13.7,26.5,72.0,1016.4,5.2,200.0,34.0
2002-06-28,15.4,17.0,23.4,85.0,1010.0,4.7,29.0,84.0
2002-06-29,0.0,12.2,22.1,68.0,1016.9,6.2,84.0,18.0
2002-06-30,0.0,13.3,23.2,64.0,1017.5,5.6,72.0,60.0
2002-07-01,0.0,12.4,25.0,69.0,1015.0,5.4,185.0,40.0
2002-07-02,2.5,15.1,23.3,81.0,1011.8,5.8,69.0,77.0
2002-07-03,9.9,16.8,24.8,86.0,1009.8,4.6,57.0,51.0
2002-07-04,9.3,17.3,23.7,80.0,1010.1,4.9,50.0,47.0
2002-07-05,0.0,15.1,23.5,65.0,1017.3,6.7,66.0,39.0
2002-07-06,17.0,13.3,24.5,78.0,1013.8,3.6,10.0,63.0
2002-07-07,3.0,14.7,25.1,77.0,1016.0,4.2,195.0,30.0
2002-07-08,0.0,14.2,26.8,72.0,1017.4,4.2,176.0,13.0
2002-07-09,0.0,14.5,27.6,75.0,1013.5,4.6,170.0,29.0
2002-07-10,3.8,16.0,27.4,80.0,1010.5,4.4,75.0,18.0
2002-07-11,1.3,17.3,27.3,81.0,1013.9,4.1,30.0,25.0
2002-07-12,0.3,18.6,26.9,72.0,1016.1,6.3,52.0,33.0
2002-07-13,7.7,17.4,26.2,80.0,1012.2,4.6,3.0,58.0
2002-07-14,16.8,16.6,26.9,82.0,1012.5,5.2,0.0,96.0
2002-07-15,54.6,18.4,23.9,85.0,1012.3,7.8,34.0,96.0
2002-07-16,12.6,17.3,22.7,85.0,1009.8,4.1,107.0,79.0
2002-07-17,9.3,15.9,21.6,90.0,1009.0,2.7,87.0,95.0
2002-07-18,18.1,16.0,24.6,87.0,1009.6,4.1,329.0,70.0
2002-07-19,4.1,16.1,23.6,78.0,1013.3,4.4,25.0,68.0
2002-07-20,0.0,14.3,26.1,78.0,1015.9,4.9,213.0,21.0
2002-07-21,1.6,15.8,26.6,80.0,1014.8,4.9,262.0,56.0
2002-07-22,7.0,15.9,25.2,84.0,1013.6,3.9,23.0,54.0
2002-07-23,3.9,18.1,25.1,77.0,1014.7,4.9,70.0,51.0
2002-07-24,13.5,16.6,25.5,84.0,1010.9,3.5,17.0,63.0
2002-07-25,6.2,15.5,24.7,82.0,1010.9,4.4,325.0,59.0
2002-07-26,3.2,13.5,23.7,75.0,1015.0,5.0,3.0,47.0
2002-07-27,1.5,15.5,24.3,75.0,1017.7,3.5,328.0,39.0
2002-07-28,0.0,14.8,27.5,71.0,1018.2,5.2,21.0,13.0
2002-07-29,0.3,16.7,28.7,73.0,1016.3,4.3,358.0,43.0
2002-07-30,0.0,16.3,29.5,70.0,1011.1,4.5,298.0,37.0
2002-07-31,4.4,16.8,26.8,81.0,1008.3,4.5,73.0,52.0
2002-08-01,4.8,16.8,24.2,89.0,1010.3,5.1,196.0,76.0
2002-08-02,0.1,15.9,26.5,74.0,1013.7,5.7,221.0,12.0
2002-08-03,1.4,15.1,25.5,85.0,1014.5,4.8,79.0,37.0
2002-08-04,4.4,18.0,24.7,83.0,1011.3,4.7,271.0,74.0
2002-08-05,6.7,16.2,24.7,85.0,1011.5,4.2,42.0,51.0
2002-08-06,26.1,16.8,21.0,91.0,1009.7,3.7,350.0,90.0
2002-08-07,0.0,15.5,27.2,69.0,1006.9,5.1,320.0,29.0
2002-08-08,1.5,13.6,25.6,74.0,1009.5,4.2,10.0,29.0
2002-08-09,22.0,16.2,21.4,88.0,1008.2,4.4,40.0,93.0
2002-08-10,20.3,15.4,19.6,90.0,1004.5,5.3,61.0,91.0
2002-08-11,53.9,16.0,19.6,90.0,998.3,5.9,22.0,96.0
2002-08-12,4.2,14.5,25.0,82.0,1003.0,3.9,261.0,51.0
2002-08-13,0.0,11.4,26.6,74.0,1011.1,5.2,271.0,5.0
2002-08-14,0.0,13.9,25.4,74.0,1015.4,4.8,19.0,15.0
2002-08-15,0.2,15.3,25.4,76.0,1014.9,4.1,5.0,41.0
2002-08-16,2.2,14.8,26.5,76.0,1015.0,3.6,318.0,40.0
2002-08-17,3.4,15.6,26.6,75.0,1014.0,3.7,347.0,53.0
2002-08-18,3.5,15.9,26.0,76.0,1014.1,3.3,345.0,62.0
2002-08-19,1.1,15.3,26.6,76.0,1016.7,4.4,5.0,33.0
2002-08-20,2.7,15.3,26.1,79.0,1016.6,4.3,356.0,66.0
2002-08-21,20.8,17.2,22.7,87.0,1014.0,4.1,61.0,78.0
2002-08-22,0.1,13.2,24.0,78.0,1014.3,4.4,61.0,43.0
2002-08-23,0.7,14.4,24.2,77.0,1017.0,3.7,60.0,86.0
2002-08-24,0.4,14.8,24.8,80.0,1019.0,3.5,161.0,46.0
2002-08-25,0.0,15.6,25.3,81.0,1020.2,4.6,348.0,65.0
2002-08-26,0.7,14.7,25.5,78.0,1018.3,3.9,360.0,86.0
2002-08-27,1.3,17.7,23.6,78.0,1015.3,4.0,131.0,77.0
2002-08-28,0.4,15.9,23.7,80.0,1012.7,5.3,55.0,94.0
2002-08-29,4.7,16.1,23.9,79.0,1012.4,3.9,30.0,78.0
2002-08-30,0.6,14.5,26.4,74.0,1017.0,4.1,3.0,23.0
2002-08-31,0.7,14.2,26.6,73.0,1016.4,3.5,342.0,28.0
2002-09-01,3.7,16.2,23.4,81.0,1016.9,5.5,15.0,90.0
2002-09-02,0.0,13.3,25.5,68.0,1021.1,4.2,15.0,36.0
2002-09-03,0.0,15.4,22.6,74.0,1019.7,6.0,35.0,83.0
2002-09-04,0.2,13.3,22.6,76.0,1016.9,4.2,33.0,72.0
2002-09-05,1.9,13.7,21.8,78.0,1014.5,3.2,99.0,70.0
2002-09-06,1.6,14.2,22.5,81.0,1014.6,3.8,19.0,96.0
2002-09-07,0.0,13.4,23.9,73.0,1014.6,4.7,50.0,48.0
2002-09-08,0.9,12.5,22.7,76.0,1014.6,3.1,283.0,31.0
2002-09-09,0.7,13.3,23.5,80.0,1015.6,4.5,196.0,23.0
2002-09-10,6.7,12.9,23.8,82.0,1014.3,4.1,11.0,52.0
2002-09-11,1.3,15.0,23.3,77.0,1016.6,6.3,8.0,59.0
2002-09-12,5.4,13.0,21.6,80.0,1017.3,3.9,21.0,50.0
2002-09-13,1.4,13.8,19.0,69.0,1019.5,3.2,59.0,54.0
2002-09-14,0.1,9.6,19.5,72.0,1016.8,3.6,234.0,30.0
2002-09-15,2.9,8.3,21.7,79.0,1012.6,4.4,357.0,25.0
2002-09-16,0.4,13.0,17.7,80.0,1015.8,3.9,46.0,88.0
2002-09-17,0.1,11.7,20.1,80.0,1015.4,4.1,85.0,52.0
2002-09-18,0.0,12.7,21.5,81.0,1015.9,4.1,131.0,51.0
2002-09-19,2.1,13.4,22.5,82.0,1016.2,4.2,301.0,70.0
2002-09-20,3.6,14.2,24.1,83.0,1015.5,5.1,27.0,74.0
2002-09-21,24.7,14.4,19.8,92.0,1012.6,3.8,56.0,92.0
2002-09-22,6.5,14.5,17.6,89.0,1004.6,4.9,56.0,97.0
2002-09-23,13.0,11.9,14.4,87.0,1001.5,5.1,23.0,96.0
2002-09-24,38.9,9.8,12.7,87.0,1002.8,7.9,357.0,98.0
2002-09-25,8.5,9.9,14.1,84.0,1007.9,5.1,22.0,91.0
2002-09-26,0.0,3.9,17.8,74.0,1011.4,5.0,281.0,34.0
2002-09-27,2.7,8.7,17.2,78.0,1015.4,5.1,313.0,48.0
2002-09-28,1.9,5.6,15.7,77.0,1021.6,4.6,18.0,33.0
2002-09-29,0.1,8.2,16.9,68.0,1026.1,3.9,347.0,20.0
2002-09-30,0.0,4.4,17.7,74.0,1025.9,4.0,336.0,0.0
2002-10-01,0.0,4.9,18.4,80.0,1024.3,3.6,264.0,0.0
2002-10-02,0.0,5.7,19.0,81.0,1024.4,3.6,121.0,65.0
2002-10-03,0.0,8.2,18.3,83.0,1023.8,3.6,133.0,84.0
2002-10-04,0.0,9.7,18.4,82.0,1021.5,3.0,106.0,98.0
2002-10-05,1.4,8.1,18.5,84.0,1019.5,3.2,4.0,57.0
2002-10-06,5.5,10.3,16.6,88.0,1010.6,4.0,43.0,83.0
2002-10-07,5.0,5.5,17.7,86.0,1010.8,4.7,346.0,44.0
2002-10-08,2.8,10.0,13.7,86.0,1012.9,4.8,75.0,97.0
2002-10-09,0.0,9.2,15.7,83.0,1013.3,5.4,45.0,81.0
2002-10-10,21.0,11.0,14.9,87.0,1008.9,7.0,25.0,99.0
2002-10-11,10.3,13.5,17.8,87.0,1005.7,6.7,42.0,99.0
2002-10-12,25.9,13.1,16.4,90.0,1003.8,3.3,31.0,100.0
2002-10-13,0.2,8.1,17.4,85.0,1009.6,4.3,139.0,56.0
2002-10-14,0.0,12.0,16.5,81.0,1015.1,3.0,145.0,98.0
2002-10-15,0.1,13.5,18.1,85.0,1016.2,2.8,146.0,99.0
2002-10-16,0.0,14.3,19.9,84.0,1013.3,5.2,216.0,70.0
2002-10-17,15.2,11.8,18.6,91.0,1005.0,5.2,207.0,84.0
2002-10-18,6.0,9.5,18.5,71.0,1006.3,6.7,273.0,29.0
2002-10-19,0.0,6.0,16.0,72.0,1014.3,4.7,29.0,22.0
2002-10-20,0.0,4.0,14.6,77.0,1020.1,4.1,344.0,73.0
2002-10-21,1.8,5.9,13.7,84.0,1017.1,3.6,225.0,85.0
2002-10-22,18.4,10.9,16.3,88.0,1005.6,5.3,312.0,78.0
2002-10-23,0.0,8.6,17.7,86.0,1005.0,3.9,231.0,62.0
2002-10-24,0.2,9.9,15.0,77.0,1012.5,5.1,73.0,46.0
2002-10-25,0.4,8.9,15.0,80.0,1016.6,4.5,244.0,94.0
2002-10-26,0.0,7.0,17.9,84.0,1016.1,4.5,281.0,18.0
2002-10-27,0.0,6.5,16.5,86.0,1019.8,5.4,287.0,57.0
2002-10-28,0.1,5.9,17.9,77.0,1020.4,4.9,292.0,34.0
2002-10-29,0.0,3.7,15.4,72.0,1025.7,4.0,10.0,81.0
2002-10-30,0.0,2.9,14.3,83.0,1019.2,4.0,5.0,91.0
2002-10-31,0.0,6.1,15.3,85.0,1018.6,3.3,7.0,69.0
2002-11-01,0.0,4.4,16.3,87.0,1021.6,3.5,350.0,38.0
2002-11-02,1.1,7.4,14.2,89.0,1016.9,3.1,260.0,98.0
2002-11-03,0.7,6.3,13.3,93.0,1012.0,2.7,22.0,96.0
2002-11-04,4.4,6.4,15.4,88.0,1009.2,4.1,320.0,74.0
2002-11-05,0.8,2.3,13.7,84.0,1015.0,4.4,32.0,51.0
2002-11-06,0.7,4.3,7.3,83.0,1022.8,4.5,115.0,85.0
2002-11-07,0.3,2.3,5.4,79.0,1014.2,3.4,91.0,98.0
2002-11-08,0.0,2.6,11.3,77.0,1013.9,3.5,352.0,65.0
2002-11-09,0.0,0.0,9.7,82.0,1007.5,3.2,299.0,75.0
2002-11-10,0.0,1.6,12.2,73.0,1008.4,4.2,10.0,26.0
2002-11-11,0.0,0.9,11.1,81.0,1010.9,3.5,347.0,42.0
2002-11-12,0.2,0.3,13.5,82.0,1016.4,4.1,5.0,38.0
2002-11-13,4.0,7.1,11.5,88.0,1011.8,2.7,27.0,84.0
2002-11-14,15.1,7.8,14.2,94.0,1004.1,5.7,34.0,98.0
2002-11-15,17.2,11.5,14.1,95.0,1002.4,7.0,25.0,100.0
2002-11-16,30.6,10.5,15.6,94.0,1003.3,9.6,55.0,88.0
2002-11-17,3.2,7.3,13.2,93.0,1014.1,4.8,5.0,88.0
2002-11-18,54.3,8.6,11.5,93.0,1012.0,8.4,15.0,100.0
2002-11-19,11.9,5.7,12.4,91.0,1009.6,5.2,285.0,77.0
2002-11-20,0.0,3.8,11.9,88.0,1016.2,3.8,348.0,63.0
2002-11-21,2.7,5.9,11.5,89.0,1011.2,4.7,31.0,87.0
2002-11-22,23.8,5.9,11.7,93.0,1001.6,5.1,2.0,94.0
2002-11-23,0.0,0.0,11.7,89.0,1012.7,4.2,22.0,58.0
2002-11-24,14.0,5.0,10.6,91.0,1016.7,6.2,21.0,97.0
2002-11-25,33.4,10.4,14.5,96.0,1011.3,7.0,55.0,100.0
2002-11-26,54.4,12.7,15.1,98.0,1011.6,7.2,85.0,100.0
2002-11-27,13.7,11.3,15.1,90.0,1016.4,5.5,27.0,95.0
2002-11-28,0.1,7.1,15.3,91.0,1017.9,2.8,14.0,86.0
2002-11-29,17.2,6.9,12.6,96.0,1013.5,5.3,29.0,85.0
2002-11-30,1.0,4.5,11.5,90.0,1014.7,4.9,360.0,86.0
2002-12-01,0.0,1.7,12.4,79.0,1016.6,4.8,1.0,30.0
2002-12-02,0.4,1.5,8.7,81.0,1006.2,3.5,7.0,82.0
2002-12-03,15.9,3.9,7.8,83.0,1004.4,7.3,17.0,95.0
2002-12-04,1.3,0.8,8.6,87.0,1007.7,6.6,338.0,99.0
2002-12-05,12.8,5.3,10.8,91.0,1007.9,6.2,0.0,99.0
2002-12-06,3.6,5.6,11.2,91.0,1012.5,6.0,4.0,91.0
2002-12-07,0.0,3.4,12.6,80.0,1014.4,5.6,13.0,82.0
2002-12-08,0.0,2.3,7.6,74.0,1019.1,5.6,73.0,54.0
2002-12-09,0.0,-2.3,3.0,65.0,1024.0,7.3,72.0,37.0
2002-12-10,0.0,-2.3,1.4,56.0,1027.7,3.6,69.0,8.0
2002-12-11,0.0,-2.7,2.1,67.0,1027.5,3.7,31.0,33.0
2002-12-12,1.5,0.5,5.2,79.0,1027.1,4.0,12.0,99.0
2002-12-13,2.5,1.6,9.5,91.0,1023.3,3.4,336.0,79.0
2002-12-14,0.0,-1.7,8.8,90.0,1023.3,3.6,350.0,63.0
2002-12-15,0.7,3.2,7.1,88.0,1021.2,3.7,18.0,88.0
2002-12-16,0.5,-1.1,7.3,89.0,1020.9,3.0,341.0,68.0
2002-12-17,0.2,1.2,7.3,86.0,1018.7,3.1,16.0,89.0
2002-12-18,6.2,3.2,10.0,83.0,1020.2,3.9,341.0,61.0
2002-12-19,1.3,-0.1,5.4,89.0,1028.6,3.3,35.0,75.0
2002-12-20,0.0,0.6,5.6,86.0,1027.6,2.7,222.0,73.0
2002-12-21,0.1,0.5,3.3,88.0,1023.4,2.1,118.0,89.0
2002-12-22,0.0,-0.6,5.2,86.0,1021.9,2.4,93.0,60.0
2002-12-23,0.0,-1.1,6.3,93.0,1016.5,3.5,25.0,61.0
2002-12-24,0.0,0.5,8.4,92.0,1018.0,3.0,2.0,97.0
2002-12-25,0.0,3.1,8.5,87.0,1018.7,3.6,23.0,99.0
2002-12-26,0.0,4.2,7.7,85.0,1020.0,3.1,51.0,82.0
2002-12-27,2.3,3.8,6.4,89.0,1016.0,2.9,44.0,99.0
2002-12-28,21.6,4.8,9.4,94.0,1004.0,5.6,8.0,99.0
2002-12-29,0.0,-0.9,11.8,91.0,1007.7,3.1,337.0,44.0
2002-12-30,0.0,0.8,9.0,89.0,1009.6,3.2,36.0,94.0
2002-12-31,8.7,3.7,9.3,93.0,1005.6,4.7,352.0,100.0
2003-01-01,0.0,-0.0,9.7,90.0,1012.0,3.0,326.0,75.0
2003-01-02,0.5,1.4,6.2,92.0,1008.3,2.1,239.0,99.0
2003-01-03,0.0,0.2,9.9,92.0,1002.2,4.3,358.0,52.0
2003-01-04,0.0,-0.3,7.5,89.0,1002.2,3.7,28.0,63.0
2003-01-05,16.5,1.2,6.2,89.0,999.8,8.8,27.0,88.0
2003-01-06,2.3,-0.7,4.3,88.0,1008.1,5.1,33.0,84.0
2003-01-07,5.0,-1.2,3.2,86.0,1003.1,4.7,346.0,94.0
2003-01-08,1.3,-1.4,1.6,78.0,1011.8,5.2,14.0,98.0
2003-01-09,0.7,-1.2,1.4,79.0,1007.5,3.4,34.0,97.0
2003-01-10,0.0,-1.8,1.3,91.0,1011.7,2.8,60.0,92.0
2003-01-11,0.0,-4.1,1.9,71.0,1021.4,5.4,48.0,35.0
2003-01-12,0.0,-4.9,0.7,67.0,1026.9,2.3,31.0,2.0
2003-01-13,0.0,-5.1,3.2,61.0,1028.6,2.0,315.0,29.0
2003-01-14,0.0,-4.0,6.0,70.0,1030.5,2.3,37.0,11.0
2003-01-15,0.0,-4.0,5.9,78.0,1032.1,3.1,27.0,1.0
2003-01-16,0.0,-3.2,5.3,82.0,1028.4,3.0,27.0,15.0
2003-01-17,0.0,-3.6,8.7,79.0,1028.7,4.3,357.0,8.0
2003-01-18,0.0,-3.0,8.9,78.0,1021.1,3.9,339.0,27.0
2003-01-19,0.0,-3.4,9.4,72.0,1017.4,4.0,311.0,7.0
2003-01-20,0.0,-2.1,7.4,77.0,1015.6,3.2,12.0,63.0
2003-01-21,17.9,1.3,4.5,90.0,1007.7,4.9,25.0,97.0
2003-01-22,13.7,1.5,7.9,93.0,1001.5,4.1,344.0,81.0
2003-01-23,0.4,-1.6,8.8,88.0,1011.8,4.1,338.0,64.0
2003-01-24,0.0,-2.8,10.6,69.0,1022.8,5.2,341.0,21.0
2003-01-25,0.0,-3.7,9.6,67.0,1028.0,5.5,4.0,2.0
2003-01-26,0.0,-4.3,9.1,65.0,1025.2,4.1,330.0,7.0
2003-01-27,0.0,-3.8,7.7,68.0,1024.0,3.6,304.0,32.0
2003-01-28,0.0,-2.4,8.2,82.0,1013.5,4.0,56.0,40.0
2003-01-29,1.4,-3.3,6.7,85.0,1002.2,4.2,358.0,61.0
2003-01-30,0.5,-4.1,5.0,82.0,998.6,4.6,17.0,91.0
2003-01-31,0.3,-5.4,7.1,66.0,1001.2,5.1,350.0,60.0
2003-02-01,0.0,-5.7,4.9,51.0,1014.8,6.2,356.0,23.0
2003-02-02,0.0,-3.7,3.5,57.0,1017.1,3.3,306.0,35.0
2003-02-03,0.8,-4.2,2.9,70.0,1011.5,3.7,49.0,72.0
2003-02-04,6.5,-1.7,5.6,80.0,990.8,3.6,356.0,94.0
2003-02-05,0.0,-2.8,7.4,62.0,995.2,7.0,311.0,85.0
2003-02-06,0.0,-4.5,7.0,48.0,1009.0,7.6,321.0,60.0
2003-02-07,0.0,-5.0,6.9,51.0,1020.5,5.1,329.0,10.0
2003-02-08,0.0,-4.7,6.9,64.0,1021.4,4.8,32.0,14.0
2003-02-09,0.1,-1.9,5.8,73.0,1022.5,4.4,34.0,38.0
2003-02-10,0.0,-3.2,5.2,72.0,1022.6,4.0,36.0,22.0
2003-02-11,0.0,-3.6,5.1,69.0,1024.2,3.8,55.0,18.0
2003-02-12,0.7,-0.6,4.3,62.0,1026.2,5.5,88.0,52.0
2003-02-13,0.0,-2.8,3.6,56.0,1025.0,4.9,65.0,30.0
2003-02-14,0.0,-2.4,3.3,62.0,1024.6,3.7,40.0,64.0
2003-02-15,0.1,-4.1,5.5,67.0,1024.0,3.9,36.0,11.0
2003-02-16,0.5,-3.3,3.9,59.0,1027.1,8.0,69.0,59.0
2003-02-17,0.0,-4.9,4.8,47.0,1029.3,9.0,50.0,7.0
2003-02-18,0.0,-4.3,5.7,55.0,1023.7,2.8,333.0,4.0
2003-02-19,0.0,-5.2,5.9,61.0,1019.4,4.1,276.0,0.0
2003-02-20,0.0,-3.9,8.1,63.0,1016.9,3.0,5.0,0.0
2003-02-21,0.0,-3.0,8.1,69.0,1022.3,5.7,50.0,1.0
2003-02-22,0.0,-3.0,7.4,72.0,1030.0,5.3,56.0,32.0
2003-02-23,0.0,0.9,6.6,65.0,1034.2,3.3,86.0,16.0
2003-02-24,0.0,-3.6,10.2,67.0,1031.5,2.9,336.0,0.0
2003-02-25,0.0,-4.0,11.3,58.0,1027.7,3.7,47.0,0.0
2003-02-26,0.0,-4.4,8.6,66.0,1025.9,4.7,45.0,0.0
2003-02-27,0.0,-3.2,8.9,73.0,1024.2,4.1,277.0,2.0
2003-02-28,0.0,-3.3,10.6,70.0,1026.8,3.7,7.0,20.0
2003-03-01,0.0,-2.0,11.5,76.0,1025.7,4.0,67.0,60.0
2003-03-02,0.7,3.1,9.9,85.0,1017.8,3.4,57.0,96.0
2003-03-03,2.1,1.6,12.4,78.0,1012.8,4.5,314.0,99.0
2003-03-04,0.0,-1.5,13.4,69.0,1020.4,4.4,281.0,27.0
2003-03-05,0.0,-0.7,13.3,71.0,1022.7,3.9,256.0,33.0
2003-03-06,0.0,-0.9,11.4,80.0,1017.1,4.3,62.0,89.0
2003-03-07,0.3,4.9,11.6,81.0,1019.7,4.4,92.0,72.0
2003-03-08,0.0,3.7,12.6,79.0,1022.3,3.5,101.0,81.0
2003-03-09,0.0,2.2,14.0,73.0,1024.6,3.9,228.0,81.0
2003-03-10,0.0,-0.4,16.1,74.0,1025.1,4.1,29.0,44.0
2003-03-11,0.0,0.4,16.7,78.0,1025.8,4.1,72.0,83.0
2003-03-12,0.0,5.1,16.0,81.0,1019.7,4.5,68.0,74.0
2003-03-13,1.2,2.6,16.1,75.0,1020.5,6.6,90.0,42.0
2003-03-14,6.4,4.4,9.0,67.0,1025.6,4.3,122.0,61.0
2003-03-15,3.0,-0.3,9.3,67.0,1031.4,4.1,93.0,44.0
2003-03-16,0.0,-3.3,11.1,64.0,1033.7,4.5,39.0,16.0
2003-03-17,0.0,-3.1,14.2,60.0,1028.9,4.7,277.0,28.0
2003-03-18,0.0,-1.0,14.1,62.0,1025.3,5.3,275.0,16.0
2003-03-19,0.0,0.6,13.1,65.0,1024.2,4.7,234.0,10.0
2003-03-20,0.0,-1.4,15.2,68.0,1020.0,5.0,4.0,0.0
2003-03-21,0.0,-0.6,11.8,69.0,1021.4,5.9,71.0,42.0
2003-03-22,0.0,-1.7,10.1,62.0,1025.9,5.7,70.0,20.0
2003-03-23,0.0,-2.2,10.1,55.0,1029.8,4.9,96.0,0.0
2003-03-24,0.0,-2.0,16.4,58.0,1028.4,4.5,262.0,0.0
2003-03-25,0.0,-0.3,17.8,61.0,1022.8,4.1,16.0,28.0
2003-03-26,0.0,1.0,18.3,61.0,1018.7,4.5,61.0,2.0
2003-03-27,0.0,1.9,18.3,63.0,1020.2,5.5,91.0,54.0
2003-03-28,0.0,4.3,16.9,69.0,1018.0,5.3,77.0,41.0
2003-03-29,0.0,4.8,16.2,78.0,1016.3,4.5,104.0,68.0
2003-03-30,0.0,5.0,16.9,77.0,1016.1,4.2,149.0,73.0
2003-03-31,1.6,6.7,16.2,78.0,1016.1,4.4,66.0,93.0
2003-04-01,2.6,6.7,15.5,59.0,1021.4,5.1,127.0,39.0
2003-04-02,25.4,4.2,10.2,77.0,1005.2,9.1,25.0,99.0
2003-04-03,28.6,3.3,8.9,85.0,1007.7,9.4,13.0,100.0
2003-04-04,5.0,4.0,12.4,69.0,1018.2,5.8,31.0,69.0
2003-04-05,0.0,-2.3,14.9,65.0,1013.4,5.9,251.0,6.0
2003-04-06,7.0,0.7,9.3,79.0,1009.8,7.8,98.0,46.0
2003-04-07,2.9,-4.7,6.7,56.0,1015.2,5.2,357.0,47.0
2003-04-08,0.0,-6.1,9.7,45.0,1019.3,6.4,261.0,0.0
2003-04-09,0.4,-4.5,10.3,62.0,1014.1,5.1,208.0,51.0
2003-04-10,15.7,-0.2,5.3,92.0,1007.5,5.2,30.0,83.0
2003-04-11,0.2,-4.2,11.2,83.0,1011.3,4.8,63.0,74.0
2003-04-12,16.0,5.6,10.6,85.0,1016.0,5.5,27.0,96.0
2003-04-13,0.0,1.3,17.3,69.0,1020.5,4.3,224.0,29.0
2003-04-14,0.0,3.6,17.5,69.0,1021.0,5.9,49.0,30.0
2003-04-15,0.0,8.0,16.9,65.0,1023.4,8.3,56.0,47.0
2003-04-16,0.0,4.1,18.8,67.0,1022.9,6.3,48.0,13.0
2003-04-17,0.0,6.8,18.3,60.0,1022.8,6.5,53.0,47.0
2003-04-18,1.5,5.8,18.9,61.0,1017.9,5.8,223.0,33.0
2003-04-19,6.2,7.8,11.7,83.0,1014.9,6.7,61.0,91.0
2003-04-20,0.2,5.2,14.9,75.0,1016.6,6.9,52.0,86.0
2003-04-21,1.2,7.0,14.9,72.0,1015.0,5.0,76.0,89.0
2003-04-22,2.4,3.2,18.4,69.0,1012.8,4.3,336.0,45.0
2003-04-23,2.1,4.5,19.5,73.0,1011.0,4.7,294.0,37.0
2003-04-24,0.1,4.9,19.4,72.0,1014.3,5.7,73.0,11.0
2003-04-25,0.0,7.7,19.0,75.0,1019.4,5.3,102.0,76.0
2003-04-26,0.0,9.3,20.3,69.0,1016.8,5.9,196.0,91.0
2003-04-27,7.0,12.4,18.2,75.0,1014.3,4.6,167.0,74.0
2003-04-28,1.9,11.0,16.5,88.0,1017.6,4.9,127.0,96.0
2003-04-29,0.0,8.8,22.1,76.0,1019.1,5.2,177.0,88.0
2003-04-30,0.5,10.2,20.1,83.0,1021.1,6.0,95.0,97.0
2003-05-01,1.1,12.8,21.3,82.0,1020.4,5.0,128.0,70.0
2003-05-02,2.5,12.0,21.7,84.0,1019.0,4.7,109.0,82.0
2003-05-03,1.4,12.2,23.0,80.0,1018.4,4.6,22.0,51.0
2003-05-04,0.0,11.3,22.7,62.0,1024.1,5.4,72.0,16.0
2003-05-05,0.0,8.5,24.3,67.0,1020.1,4.8,120.0,12.0
2003-05-06,0.0,10.6,25.2,67.0,1019.0,4.9,110.0,77.0
2003-05-07,0.0,10.1,27.0,66.0,1020.5,5.3,152.0,39.0
2003-05-08,0.0,12.8,28.5,64.0,1019.1,5.9,189.0,70.0
2003-05-09,1.6,14.4,26.0,66.0,1015.9,6.0,75.0,49.0
2003-05-10,4.6,14.0,23.6,72.0,1017.9,4.7,51.0,88.0
2003-05-11,2.0,11.6,23.4,77.0,1018.9,3.7,248.0,51.0
2003-05-12,2.1,11.8,24.2,75.0,1016.4,4.5,272.0,54.0
2003-05-13,7.0,11.8,22.8,78.0,1012.0,5.4,196.0,48.0
2003-05-14,10.6,10.7,17.1,72.0,1013.4,9.4,40.0,54.0
2003-05-15,0.0,4.2,18.7,58.0,1018.9,5.8,52.0,20.0
2003-05-16,0.0,6.9,18.2,55.0,1018.6,5.4,83.0,37.0
2003-05-17,0.0,6.3,20.7,64.0,1017.1,5.3,197.0,78.0
2003-05-18,0.0,8.0,23.8,66.0,1017.5,5.7,137.0,46.0
2003-05-19,0.0,10.8,24.9,69.0,1017.8,6.1,137.0,37.0
2003-05-20,18.4,12.7,18.3,83.0,1014.1,3.7,25.0,86.0
2003-05-21,4.2,9.1,18.9,78.0,1018.3,3.9,235.0,64.0
2003-05-22,0.0,5.5,22.8,59.0,1020.6,4.9,302.0,21.0
2003-05-23,0.0,11.6,23.2,55.0,1018.2,4.2,205.0,56.0
2003-05-24,0.0,11.4,24.2,58.0,1013.3,4.9,101.0,18.0
2003-05-25,0.0,10.2,25.2,62.0,1010.9,4.1,103.0,35.0
2003-05-26,0.0,11.7,26.7,62.0,1013.8,4.7,171.0,53.0
2003-05-27,0.0,12.4,26.0,68.0,1016.0,5.6,32.0,79.0
2003-05-28,0.4,13.9,28.6,62.0,1014.9,6.3,26.0,79.0
2003-05-29,0.0,14.4,27.4,60.0,1013.6,4.8,34.0,50.0
2003-05-30,0.0,14.9,27.3,59.0,1013.7,4.3,58.0,74.0
2003-05-31,2.7,14.1,27.3,63.0,1013.1,3.4,316.0,72.0
2003-06-01,6.6,14.8,24.1,80.0,1012.7,4.4,43.0,66.0
2003-06-02,5.2,13.8,23.9,80.0,1013.0,4.0,91.0,57.0
2003-06-03,1.3,14.4,24.8,79.0,1015.3,4.2,118.0,52.0
2003-06-04,0.0,14.6,26.7,76.0,1018.0,4.3,147.0,39.0
2003-06-05,0.0,15.3,28.5,68.0,1019.8,5.2,146.0,33.0
2003-06-06,1.0,16.1,29.2,69.0,1018.9,4.5,120.0,56.0
2003-06-07,2.9,16.7,27.1,74.0,1017.5,3.0,335.0,55.0
2003-06-08,0.2,16.4,30.5,64.0,1015.8,5.4,248.0,18.0
2003-06-09,0.0,16.1,31.0,59.0,1016.4,4.7,305.0,31.0
2003-06-10,0.0,17.5,31.7,60.0,1017.8,5.2,249.0,44.0
2003-06-11,0.0,17.8,33.8,60.0,1017.7,5.0,80.0,55.0
2003-06-12,0.2,19.8,33.7,57.0,1018.8,4.6,91.0,44.0
2003-06-13,1.6,19.2,34.3,58.0,1017.4,4.7,349.0,61.0
2003-06-14,0.8,19.7,33.1,62.0,1017.3,4.6,350.0,51.0
2003-06-15,1.9,18.6,31.3,64.0,1014.0,4.1,20.0,68.0
2003-06-16,3.5,18.5,29.6,69.0,1011.0,4.0,31.0,58.0
2003-06-17,1.6,19.5,28.5,69.0,1011.9,4.0,23.0,99.0
2003-06-18,8.7,18.9,26.9,74.0,1013.6,4.1,17.0,66.0
2003-06-19,0.0,15.2,28.4,64.0,1017.8,4.5,185.0,20.0
2003-06-20,0.1,16.1,30.9,63.0,1014.9,5.4,180.0,12.0
2003-06-21,0.9,18.7,27.9,63.0,1012.0,6.1,75.0,32.0
2003-06-22,1.2,18.6,28.8,68.0,1013.0,4.7,64.0,59.0
2003-06-23,0.8,17.1,30.5,72.0,1014.9,4.4,348.0,54.0
2003-06-24,1.2,17.3,31.8,73.0,1016.7,4.4,269.0,56.0
2003-06-25,1.1,18.5,31.5,73.0,1015.6,4.3,312.0,61.0
2003-06-26,16.4,19.2,28.3,79.0,1012.6,4.1,41.0,74.0
2003-06-27,10.4,18.1,27.5,77.0,1011.9,4.0,358.0,71.0
2003-06-28,2.8,17.5,26.8,73.0,1012.3,4.4,39.0,74.0
2003-06-29,5.9,18.0,25.4,77.0,1011.2,4.3,176.0,74.0
2003-06-30,0.0,15.5,28.6,75.0,1010.1,5.4,199.0,55.0
2003-07-01,5.4,18.2,28.6,74.0,1003.5,7.4,219.0,34.0
2003-07-02,0.6,15.6,25.7,65.0,1005.2,6.3,65.0,34.0
2003-07-03,9.0,16.1,25.6,72.0,1008.9,3.8,47.0,38.0
2003-07-04,17.5,15.0,22.7,77.0,1012.0,4.4,350.0,74.0
2003-07-05,0.0,12.0,25.6,66.0,1013.0,5.2,220.0,20.0
2003-07-06,3.4,15.6,26.2,69.0,1015.7,4.3,51.0,32.0
2003-07-07,1.9,14.4,26.6,75.0,1018.1,4.2,11.0,38.0
2003-07-08,1.3,15.1,27.3,75.0,1017.0,4.2,56.0,32.0
2003-07-09,7.8,16.4,25.7,80.0,1015.6,4.6,33.0,83.0
2003-07-10,4.4,14.1,26.5,81.0,1015.4,4.2,68.0,51.0
2003-07-11,5.5,17.3,26.7,83.0,1015.4,4.2,53.0,38.0
2003-07-12,0.2,18.2,28.0,77.0,1016.7,4.6,89.0,52.0
2003-07-13,11.9,18.9,29.0,79.0,1013.8,4.9,59.0,69.0
2003-07-14,3.6,19.4,23.8,67.0,1015.2,5.6,71.0,66.0
2003-07-15,0.0,19.1,28.0,67.0,1013.8,4.4,187.0,58.0
2003-07-16,2.0,18.4,29.4,74.0,1013.1,4.3,134.0,50.0
2003-07-17,4.3,18.3,29.0,80.0,1013.7,4.4,1.0,34.0
2003-07-18,0.0,16.3,29.5,63.0,1017.5,5.6,49.0,13.0
2003-07-19,0.0,18.5,29.1,58.0,1019.4,5.4,85.0,15.0
2003-07-20,0.4,19.5,30.2,60.0,1017.5,4.1,152.0,32.0
2003-07-21,0.0,18.1,33.0,61.0,1016.9,4.0,112.0,62.0
2003-07-22,0.2,18.8,33.1,61.0,1017.8,5.7,248.0,34.0
2003-07-23,1.5,20.0,30.9,68.0,1015.6,4.3,18.0,38.0
2003-07-24,7.8,19.7,26.3,74.0,1014.5,5.1,337.0,74.0
2003-07-25,0.0,14.8,29.0,62.0,1013.0,5.3,277.0,32.0
2003-07-26,0.0,17.6,30.7,60.0,1014.0,4.7,127.0,32.0
2003-07-27,0.2,18.4,31.2,64.0,1014.3,4.8,155.0,11.0
2003-07-28,1.5,19.3,31.4,62.0,1014.1,4.5,6.0,23.0
2003-07-29,0.9,17.9,29.1,60.0,1017.1,5.5,30.0,39.0
2003-07-30,0.0,17.6,28.5,55.0,1016.3,4.7,239.0,28.0
2003-07-31,3.0,17.5,27.2,60.0,1011.8,5.5,358.0,75.0
2003-08-01,2.1,17.5,28.8,62.0,1013.3,4.3,4.0,52.0
2003-08-02,0.9,17.6,31.4,60.0,1017.4,3.1,24.0,30.0
2003-08-03,0.4,19.0,32.5,56.0,1019.8,3.3,44.0,20.0
2003-08-04,0.8,19.9,34.1,60.0,1020.9,3.5,26.0,45.0
2003-08-05,1.5,20.7,34.8,65.0,1020.6,3.8,336.0,66.0
2003-08-06,6.7,20.1,33.6,67.0,1019.3,4.7,15.0,64.0
2003-08-07,1.2,20.1,30.5,67.0,1019.0,4.8,18.0,54.0
2003-08-08,1.6,19.8,31.9,62.0,1018.6,4.3,307.0,23.0
2003-08-09,1.7,18.7,33.6,57.0,1016.9,2.5,360.0,44.0
2003-08-10,0.9,19.6,34.6,56.0,1015.5,4.7,13.0,70.0
2003-08-11,1.5,20.0,34.6,59.0,1015.4,4.7,32.0,28.0
2003-08-12,1.0,21.6,32.8,56.0,1020.2,5.6,65.0,28.0
2003-08-13,0.5,19.3,34.2,58.0,1019.6,4.3,129.0,25.0
2003-08-14,6.9,21.2,31.8,69.0,1015.2,4.9,2.0,67.0
2003-08-15,7.1,18.9,30.0,76.0,1013.1,3.1,338.0,61.0
2003-08-16,1.1,18.7,29.3,70.0,1014.9,3.6,31.0,42.0
2003-08-17,2.2,19.0,30.0,73.0,1016.6,4.1,22.0,79.0
2003-08-18,5.0,19.6,29.3,76.0,1017.4,5.1,273.0,51.0
2003-08-19,0.8,16.9,30.3,67.0,1016.7,4.6,15.0,15.0
2003-08-20,0.8,18.5,30.3,59.0,1016.9,4.9,32.0,36.0
2003-08-21,0.9,17.9,31.0,57.0,1015.1,4.0,345.0,48.0
2003-08-22,0.0,17.7,30.9,59.0,1015.3,4.0,274.0,14.0
2003-08-23,0.8,19.1,32.1,60.0,1015.5,4.0,357.0,16.0
2003-08-24,3.7,20.2,30.2,70.0,1013.4,4.0,347.0,45.0
2003-08-25,4.0,19.6,25.3,77.0,1011.2,5.3,62.0,65.0
2003-08-26,0.0,16.6,28.2,62.0,1010.8,4.2,99.0,51.0
2003-08-27,0.1,16.4,29.8,64.0,1010.2,4.7,148.0,25.0
2003-08-28,5.2,18.4,27.9,77.0,1009.6,4.1,33.0,50.0
2003-08-29,34.5,19.0,22.6,87.0,1007.4,5.5,38.0,86.0
2003-08-30,1.7,16.7,27.3,73.0,1008.1,5.7,218.0,17.0
2003-08-31,5.5,16.4,23.1,72.0,1010.0,6.8,54.0,37.0
2003-09-01,0.0,15.1,20.3,58.0,1015.6,5.2,56.0,77.0
2003-09-02,0.4,13.4,21.6,64.0,1017.4,4.8,31.0,47.0
2003-09-03,1.1,13.3,20.1,63.0,1024.7,5.7,54.0,50.0
2003-09-04,0.0,14.5,22.0,53.0,1028.0,4.4,101.0,18.0
2003-09-05,0.0,9.9,23.7,62.0,1024.0,4.8,181.0,54.0
2003-09-06,0.4,14.8,23.0,65.0,1019.6,4.4,58.0,70.0
2003-09-07,0.0,13.3,23.9,64.0,1017.9,4.6,84.0,71.0
2003-09-08,4.8,14.7,18.5,78.0,1010.3,5.9,40.0,91.0
2003-09-09,7.8,14.0,18.3,84.0,1006.0,4.2,16.0,100.0
2003-09-10,4.1,12.7,24.9,74.0,1009.4,4.3,352.0,67.0
2003-09-11,5.7,13.7,22.7,81.0,1012.6,4.7,16.0,47.0
2003-09-12,0.0,9.5,24.0,70.0,1018.2,3.7,311.0,14.0
2003-09-13,2.8,9.1,23.6,64.0,1021.5,5.2,338.0,35.0
2003-09-14,0.0,9.5,22.3,65.0,1024.0,4.2,20.0,22.0
2003-09-15,0.0,11.1,22.6,56.0,1025.8,4.5,76.0,16.0
2003-09-16,0.0,8.3,22.6,63.0,1023.6,4.2,58.0,26.0
2003-09-17,0.0,9.7,25.2,62.0,1022.9,3.7,231.0,42.0
2003-09-18,0.0,10.7,26.3,58.0,1022.7,3.7,232.0,0.0
2003-09-19,0.0,11.0,27.1,59.0,1022.9,3.9,221.0,0.0
2003-09-20,0.0,11.1,27.2,61.0,1024.6,4.4,146.0,0.0
2003-09-21,0.0,11.8,26.8,62.0,1023.4,4.3,94.0,0.0
2003-09-22,0.0,11.5,25.2,68.0,1019.0,5.0,93.0,3.0
2003-09-23,1.9,13.9,22.9,75.0,1014.6,3.9,282.0,52.0
2003-09-24,8.1,12.6,17.4,83.0,1020.4,7.7,53.0,68.0
2003-09-25,0.0,9.8,18.8,61.0,1028.0,4.2,63.0,31.0
2003-09-26,0.0,6.2,19.6,59.0,1024.5,4.1,34.0,2.0
2003-09-27,0.0,5.7,20.8,66.0,1020.0,4.5,37.0,69.0
2003-09-28,0.3,9.0,20.1,71.0,1016.3,4.5,73.0,50.0
2003-09-29,7.4,13.2,20.2,82.0,1010.4,3.3,322.0,68.0
2003-09-30,0.8,12.1,19.4,75.0,1015.3,4.1,78.0,72.0
2003-10-01,0.0,9.6,19.5,79.0,1016.9,3.4,25.0,91.0
2003-10-02,0.0,12.3,22.4,77.0,1016.3,3.7,200.0,85.0
2003-10-03,0.3,14.4,22.0,83.0,1013.1,4.3,240.0,66.0
2003-10-04,8.9,15.2,22.2,84.0,1005.4,3.1,50.0,75.0
2003-10-05,26.2,11.2,15.9,90.0,998.4,2.8,24.0,93.0
2003-10-06,0.7,5.9,18.2,66.0,1011.4,4.2,258.0,32.0
2003-10-07,0.0,4.9,16.5,73.0,1009.6,5.2,246.0,58.0
2003-10-08,0.4,5.7,18.4,60.0,1006.1,7.0,293.0,34.0
2003-10-09,0.0,4.9,19.3,62.0,1009.6,5.1,2.0,31.0
2003-10-10,0.0,8.9,19.5,69.0,1019.1,5.3,43.0,29.0
2003-10-11,0.0,10.3,19.7,78.0,1022.1,4.2,38.0,53.0
2003-10-12,0.1,10.7,19.7,82.0,1021.9,3.8,89.0,52.0
2003-10-13,1.8,13.1,16.5,82.0,1021.4,4.1,75.0,72.0
2003-10-14,0.0,11.3,14.7,69.0,1022.1,6.6,65.0,93.0
2003-10-15,0.0,8.3,14.5,54.0,1026.2,7.7,68.0,30.0
2003-10-16,0.0,2.6,14.2,63.0,1025.7,5.1,50.0,1.0
2003-10-17,0.0,4.0,11.5,60.0,1026.9,4.9,53.0,37.0
2003-10-18,0.0,1.0,11.4,63.0,1021.1,6.3,48.0,83.0
2003-10-19,0.0,6.4,13.4,62.0,1012.5,3.2,180.0,73.0
2003-10-20,10.9,7.5,11.0,87.0,1004.3,3.4,338.0,95.0
2003-10-21,0.0,6.0,15.0,86.0,1002.8,4.2,226.0,51.0
2003-10-22,3.4,7.0,11.6,82.0,1008.6,6.4,46.0,88.0
2003-10-23,17.9,5.5,8.0,89.0,1004.3,6.9,29.0,95.0
2003-10-24,2.8,3.8,10.0,75.0,1008.7,6.3,46.0,72.0
2003-10-25,0.0,-3.2,9.0,66.0,1021.1,4.5,333.0,18.0
2003-10-26,0.5,-3.0,9.8,74.0,1018.3,4.5,12.0,53.0
2003-10-27,3.9,2.9,11.1,68.0,1016.8,4.6,355.0,51.0
2003-10-28,0.0,-1.9,9.9,71.0,1022.4,4.2,16.0,31.0
2003-10-29,9.4,1.5,7.0,86.0,1011.9,4.4,352.0,95.0
2003-10-30,3.3,0.9,8.3,90.0,997.3,4.1,283.0,70.0
2003-10-31,24.0,-0.9,9.0,93.0,1000.1,6.5,12.0,95.0
2003-11-01,61.1,8.4,12.4,97.0,997.5,5.6,46.0,100.0
2003-11-02,0.0,3.4,15.6,84.0,1006.9,5.0,343.0,37.0
2003-11-03,0.0,5.4,14.1,87.0,1019.4,3.6,302.0,52.0
2003-11-04,0.0,3.6,17.8,75.0,1027.2,4.9,7.0,11.0
2003-11-05,0.0,2.5,15.2,77.0,1031.5,4.2,16.0,20.0
2003-11-06,0.0,2.4,12.4,75.0,1028.7,4.7,26.0,70.0
2003-11-07,0.6,7.1,11.3,59.0,1026.9,12.4,53.0,87.0
2003-11-08,48.3,4.7,7.9,83.0,1026.0,12.0,28.0,100.0
2003-11-09,4.6,4.7,14.3,89.0,1026.1,3.8,333.0,59.0
2003-11-10,0.0,2.3,13.8,81.0,1023.3,4.7,23.0,11.0
2003-11-11,0.0,4.6,9.4,78.0,1025.3,4.6,54.0,37.0
2003-11-12,0.0,3.1,7.8,73.0,1026.5,4.2,54.0,38.0
2003-11-13,0.1,-1.2,8.4,76.0,1026.7,3.1,29.0,22.0
2003-11-14,0.0,-1.4,9.6,83.0,1026.0,3.2,250.0,41.0
2003-11-15,0.0,1.6,10.1,82.0,1023.1,2.7,36.0,65.0
2003-11-16,0.4,5.1,9.7,83.0,1021.1,2.1,13.0,100.0
2003-11-17,3.4,6.3,12.9,91.0,1020.7,2.8,300.0,84.0
2003-11-18,0.0,4.1,13.1,86.0,1025.8,3.5,330.0,72.0
2003-11-19,0.0,2.4,12.2,86.0,1026.3,2.1,51.0,41.0
2003-11-20,0.0,4.8,10.1,90.0,1024.2,1.3,158.0,54.0
2003-11-21,0.0,4.1,11.2,87.0,1022.1,2.0,45.0,86.0
2003-11-22,0.0,6.4,10.9,88.0,1021.1,2.1,79.0,87.0
2003-11-23,0.0,6.5,12.2,92.0,1018.7,2.1,317.0,100.0
2003-11-24,0.4,7.5,13.8,91.0,1015.0,3.9,27.0,97.0
2003-11-25,0.1,7.5,13.4,93.0,1013.3,3.7,0.0,96.0
2003-11-26,16.6,8.0,11.9,92.0,1008.2,6.6,20.0,100.0
2003-11-27,29.7,8.9,11.8,94.0,1002.9,6.7,70.0,100.0
2003-11-28,41.6,4.7,11.3,92.0,1001.4,5.9,64.0,97.0
2003-11-29,0.0,1.7,13.0,80.0,1011.1,4.1,346.0,41.0
2003-11-30,0.0,2.4,11.2,81.0,1016.9,2.8,294.0,63.0
2003-12-01,3.7,4.4,8.4,90.0,1018.8,4.0,24.0,99.0
2003-12-02,4.7,7.7,12.0,91.0,1023.3,5.8,37.0,88.0
2003-12-03,0.0,6.2,12.4,92.0,1024.9,4.8,26.0,97.0
2003-12-04,0.0,3.7,13.6,81.0,1026.0,4.6,8.0,76.0
2003-12-05,0.0,2.3,13.3,83.0,1025.3,3.0,336.0,7.0
2003-12-06,0.0,1.1,10.7,88.0,1015.1,4.4,17.0,37.0
2003-12-07,3.4,3.5,6.8,51.0,1022.5,9.0,77.0,41.0
2003-12-08,0.0,-3.9,5.2,59.0,1026.1,3.5,342.0,0.0
2003-12-09,0.0,-3.7,8.5,63.0,1020.9,4.7,18.0,8.0
2003-12-10,10.2,0.2,5.0,85.0,1021.8,6.0,18.0,100.0
2003-12-11,5.8,2.3,9.3,92.0,1022.6,3.7,334.0,87.0
2003-12-12,0.0,-0.0,10.0,90.0,1021.5,3.6,348.0,22.0
2003-12-13,0.0,-1.2,10.6,85.0,1023.8,3.4,334.0,51.0
2003-12-14,0.0,-1.7,6.9,82.0,1010.1,3.3,31.0,54.0
2003-12-15,0.0,-2.9,10.4,64.0,1009.2,6.2,327.0,6.0
2003-12-16,0.0,-3.4,7.5,56.0,1018.4,8.5,292.0,14.0
2003-12-17,0.0,-3.5,7.4,61.0,1026.6,6.2,348.0,66.0
2003-12-18,0.0,-3.3,6.7,75.0,1028.5,3.1,345.0,18.0
2003-12-19,0.0,-3.1,6.0,76.0,1026.7,2.9,348.0,38.0
2003-12-20,0.0,-3.4,7.0,78.0,1026.9,2.9,331.0,18.0
2003-12-21,1.2,-1.7,4.2,90.0,1015.1,2.2,351.0,94.0
2003-12-22,0.7,-2.9,6.8,85.0,1008.1,5.4,339.0,71.0
2003-12-23,0.0,-6.0,2.4,42.0,1018.9,8.1,342.0,2.0
2003-12-24,0.0,-8.0,2.4,47.0,1027.1,6.5,336.0,0.0
2003-12-25,0.0,-7.6,4.3,52.0,1027.9,2.9,339.0,1.0
2003-12-26,0.0,-4.5,8.0,69.0,1022.4,3.2,330.0,16.0
2003-12-27,0.0,-3.4,4.4,70.0,1017.9,2.4,16.0,95.0
2003-12-28,13.7,0.8,5.4,90.0,1011.6,4.0,30.0,100.0
2003-12-29,47.4,3.5,5.9,95.0,1009.2,8.3,28.0,100.0
2003-12-30,18.3,3.8,7.9,91.0,1008.8,7.3,15.0,100.0
2003-12-31,24.7,0.8,7.9,90.0,1010.2,8.3,18.0,96.0
2004-01-01,0.0,-2.6,7.3,88.0,1011.3,3.2,353.0,63.0
2004-01-02,0.0,-0.6,5.3,84.0,1007.1,6.1,37.0,100.0
2004-01-03,0.0,-4.5,4.3,76.0,1013.8,3.5,32.0,47.0
2004-01-04,0.0,-5.1,1.8,75.0,1015.1,2.6,355.0,36.0
2004-01-05,0.0,-5.8,3.4,74.0,1016.6,2.4,13.0,9.0
2004-01-06,0.0,-4.8,4.3,78.0,1023.9,4.3,10.0,64.0
2004-01-07,0.0,-2.4,3.5,83.0,1022.4,2.7,42.0,94.0
2004-01-08,0.0,-3.2,4.7,81.0,1020.0,3.0,3.0,79.0
2004-01-09,2.7,-0.5,5.0,89.0,1012.4,2.4,351.0,74.0
2004-01-10,0.0,-2.3,9.9,76.0,1011.9,2.6,316.0,42.0
2004-01-11,0.3,-3.8,7.4,72.0,1019.9,3.1,355.0,65.0
2004-01-12,0.5,-3.3,5.0,86.0,1012.6,3.4,24.0,83.0
2004-01-13,0.0,-2.1,6.4,87.0,1003.3,3.2,350.0,72.0
2004-01-14,0.0,-2.2,8.8,87.0,999.4,4.0,1.0,70.0
2004-01-15,0.3,-2.3,10.0,77.0,1001.0,6.0,307.0,73.0
2004-01-16,0.0,-4.4,6.5,69.0,1011.9,4.2,347.0,64.0
2004-01-17,3.2,-2.7,5.9,88.0,1004.3,4.2,338.0,86.0
2004-01-18,22.1,-2.2,4.1,89.0,1007.9,9.9,29.0,97.0
2004-01-19,0.7,-1.6,7.8,79.0,1016.1,3.6,325.0,67.0
2004-01-20,0.6,-2.7,5.7,82.0,1005.6,3.2,27.0,58.0
2004-01-21,3.0,-4.4,4.3,86.0,1010.9,3.9,43.0,37.0
2004-01-22,2.5,-3.0,3.8,81.0,1017.8,3.5,210.0,65.0
2004-01-23,0.7,-3.1,0.5,83.0,1020.5,4.2,45.0,94.0
2004-01-24,0.0,-3.2,0.9,78.0,1018.8,2.2,315.0,65.0
2004-01-25,0.0,-2.1,1.6,77.0,1013.1,2.6,350.0,77.0
2004-01-26,0.3,-5.7,2.5,81.0,1011.8,3.0,305.0,65.0
2004-01-27,1.0,-1.7,3.0,84.0,1001.7,4.2,293.0,71.0
2004-01-28,0.6,-6.2,6.0,78.0,998.7,4.1,298.0,76.0
2004-01-29,0.6,-5.2,3.1,80.0,1003.7,5.5,21.0,88.0
2004-01-30,0.0,-6.6,5.7,59.0,1019.0,4.3,333.0,11.0
2004-01-31,0.0,-5.3,3.6,67.0,1026.7,3.2,334.0,77.0
2004-02-01,0.0,-3.5,7.7,78.0,1026.7,3.0,22.0,81.0
2004-02-02,0.0,-3.4,6.9,80.0,1028.0,3.1,27.0,68.0
2004-02-03,0.0,-1.8,9.5,81.0,1029.7,2.3,359.0,97.0
2004-02-04,0.0,-2.2,11.1,81.0,1032.2,2.7,352.0,75.0
2004-02-05,0.0,-2.4,11.1,79.0,1030.1,3.2,348.0,18.0
2004-02-06,0.0,-1.3,8.8,78.0,1028.3,2.4,45.0,58.0
2004-02-07,0.2,-1.0,9.8,86.0,1021.2,3.5,313.0,69.0
2004-02-08,0.0,-2.2,10.8,80.0,1016.0,3.4,344.0,23.0
2004-02-09,0.0,-3.7,10.8,68.0,1020.1,4.1,319.0,21.0
2004-02-10,0.0,-4.6,9.0,70.0,1029.4,3.8,326.0,31.0
2004-02-11,0.0,-1.8,9.4,75.0,1017.6,4.2,346.0,40.0
2004-02-12,0.2,-0.3,4.8,72.0,1023.7,5.4,127.0,44.0
2004-02-13,0.0,-1.0,4.7,76.0,1030.0,3.8,176.0,74.0
2004-02-14,0.0,-2.3,7.2,77.0,1022.8,2.9,39.0,44.0
2004-02-15,0.0,-2.7,8.6,78.0,1017.9,3.6,31.0,21.0
2004-02-16,0.0,-2.7,9.7,80.0,1022.0,3.8,346.0,3.0
2004-02-17,0.0,2.5,9.7,80.0,1026.6,3.8,241.0,49.0
2004-02-18,1.0,-2.5,6.8,86.0,1018.4,4.3,58.0,58.0
2004-02-19,34.3,1.5,2.6,90.0,1014.2,13.3,49.0,100.0
2004-02-20,10.6,1.2,3.2,83.0,1023.1,9.2,42.0,93.0
2004-02-21,22.8,0.6,4.0,90.0,1023.8,7.1,35.0,100.0
2004-02-22,22.8,3.9,9.4,89.0,1009.6,4.1,10.0,99.0
2004-02-23,16.2,5.4,9.1,92.0,1001.0,3.4,44.0,99.0
2004-02-24,11.9,-4.0,4.2,85.0,1009.5,6.6,10.0,87.0
2004-02-25,0.0,-10.0,3.4,85.0,1014.2,4.3,310.0,86.0
2004-02-26,4.9,-2.4,5.4,84.0,1002.8,3.0,18.0,97.0
2004-02-27,11.1,-0.7,2.6,95.0,994.4,4.3,44.0,98.0
2004-02-28,2.7,-7.4,4.4,82.0,997.8,8.2,6.0,95.0
2004-02-29,3.8,-2.3,4.2,75.0,1006.2,8.2,17.0,99.0
2004-03-01,0.0,-4.4,5.0,63.0,1017.8,6.2,24.0,51.0
2004-03-02,0.0,-4.5,4.9,60.0,1025.2,3.4,293.0,22.0
2004-03-03,0.0,-5.4,9.7,65.0,1025.4,3.6,4.0,3.0
2004-03-04,0.0,-4.1,7.6,75.0,1022.9,4.4,84.0,49.0
2004-03-05,0.1,-0.3,5.6,84.0,1022.2,4.5,80.0,79.0
2004-03-06,1.9,0.3,3.4,86.0,1024.5,4.1,90.0,100.0
2004-03-07,18.7,0.2,3.2,94.0,1021.8,6.0,36.0,100.0
2004-03-08,7.8,0.4,5.8,88.0,1016.8,3.3,293.0,98.0
2004-03-09,0.5,-3.4,8.8,76.0,1018.6,5.5,260.0,74.0
2004-03-10,7.1,-1.8,6.1,88.0,1022.3,6.3,45.0,79.0
2004-03-11,33.0,1.2,2.6,90.0,1019.2,11.6,39.0,100.0
2004-03-12,0.3,0.4,8.5,80.0,1023.0,3.9,233.0,87.0
2004-03-13,0.0,-1.2,8.0,80.0,1027.3,4.0,123.0,89.0
2004-03-14,0.0,2.8,11.8,79.0,1031.3,3.4,247.0,66.0
2004-03-15,0.0,0.7,15.4,80.0,1033.7,3.3,356.0,21.0
2004-03-16,0.0,0.7,18.1,75.0,1033.6,3.7,303.0,15.0
2004-03-17,0.0,1.3,19.4,71.0,1031.3,3.4,326.0,20.0
2004-03-18,0.0,1.9,19.4,73.0,1028.3,4.4,202.0,30.0
2004-03-19,0.0,3.2,17.7,78.0,1023.9,4.8,227.0,51.0
2004-03-20,0.1,5.9,16.7,79.0,1021.1,3.6,165.0,97.0
2004-03-21,0.3,8.6,15.4,85.0,1015.4,5.5,207.0,88.0
2004-03-22,8.7,6.8,12.3,85.0,1010.7,6.8,60.0,92.0
2004-03-23,15.4,4.8,7.4,88.0,1005.5,7.7,38.0,100.0
2004-03-24,0.8,3.0,10.6,80.0,1001.3,3.5,272.0,100.0
2004-03-25,0.8,1.1,11.9,77.0,1006.9,4.3,37.0,97.0
2004-03-26,6.4,3.9,7.4,82.0,1009.3,8.2,49.0,99.0
2004-03-27,0.8,1.1,9.7,71.0,1012.8,5.0,103.0,58.0
2004-03-28,0.0,-2.1,11.4,71.0,1017.7,3.9,90.0,30.0
2004-03-29,0.0,-1.6,13.9,75.0,1020.5,4.4,39.0,0.0
2004-03-30,0.0,0.2,14.1,71.0,1020.0,6.5,54.0,25.0
2004-03-31,0.0,6.6,14.3,68.0,1017.9,4.0,116.0,73.0
2004-04-01,0.0,1.7,15.9,76.0,1013.9,3.3,93.0,57.0
2004-04-02,0.0,7.1,17.5,77.0,1016.9,3.9,102.0,49.0
2004-04-03,0.2,5.8,16.3,84.0,1021.6,4.6,90.0,61.0
2004-04-04,0.0,7.9,17.4,81.0,1023.4,4.3,191.0,80.0
2004-04-05,0.2,8.9,17.0,81.0,1015.7,6.2,243.0,77.0
2004-04-06,5.2,6.9,11.6,88.0,1006.7,5.4,51.0,91.0
2004-04-07,7.2,3.5,11.7,80.0,1005.0,5.4,44.0,73.0
2004-04-08,1.9,-0.2,12.8,80.0,1012.7,4.0,333.0,65.0
2004-04-09,7.1,3.2,11.3,79.0,1010.6,9.5,45.0,99.0
2004-04-10,4.9,5.3,12.0,76.0,1008.0,5.4,45.0,66.0
2004-04-11,0.3,-0.4,15.0,69.0,1011.8,4.3,16.0,26.0
2004-04-12,1.8,4.8,12.9,69.0,1014.5,6.3,39.0,91.0
2004-04-13,6.3,5.8,12.8,79.0,1013.0,4.1,311.0,94.0
2004-04-14,1.0,3.4,15.8,73.0,1017.2,4.9,210.0,77.0
2004-04-15,3.4,7.8,12.7,80.0,1024.0,5.7,70.0,81.0
2004-04-16,6.2,6.8,11.3,88.0,1021.1,4.4,47.0,100.0
2004-04-17,1.4,5.5,15.1,80.0,1008.1,4.4,58.0,78.0
2004-04-18,7.5,9.3,15.6,84.0,1001.3,4.1,136.0,68.0
2004-04-19,28.5,7.9,14.1,90.0,997.1,7.3,72.0,92.0
2004-04-20,0.6,5.7,18.2,73.0,1003.5,5.8,319.0,46.0
2004-04-21,0.1,8.2,19.3,70.0,1015.5,5.0,220.0,35.0
2004-04-22,0.0,6.9,20.6,70.0,1014.7,4.6,211.0,20.0
2004-04-23,0.7,8.8,22.1,67.0,1013.1,4.0,320.0,78.0
2004-04-24,12.2,10.4,21.8,76.0,1012.8,5.4,31.0,54.0
2004-04-25,0.8,4.5,17.4,71.0,1017.2,3.7,8.0,21.0
2004-04-26,0.0,5.3,17.9,64.0,1017.8,5.7,64.0,22.0
2004-04-27,0.2,6.6,18.4,69.0,1014.4,4.9,79.0,38.0
2004-04-28,0.0,7.8,19.4,72.0,1012.3,4.8,150.0,42.0
2004-04-29,3.5,7.9,17.3,88.0,1010.2,6.8,66.0,60.0
2004-04-30,17.2,11.0,13.1,91.0,1005.8,8.1,42.0,100.0
2004-05-01,1.7,7.8,18.7,75.0,1007.5,4.7,215.0,58.0
2004-05-02,2.5,10.0,18.8,71.0,1010.0,5.4,202.0,68.0
2004-05-03,5.5,7.8,15.1,85.0,1009.4,5.2,39.0,94.0
2004-05-04,25.7,10.6,13.2,88.0,999.9,9.6,33.0,97.0
2004-05-05,28.6,9.6,15.0,94.0,992.7,5.6,85.0,96.0
2004-05-06,21.3,9.4,15.2,83.0,992.0,5.5,220.0,87.0
2004-05-07,13.4,3.0,13.5,85.0,999.8,4.3,357.0,68.0
2004-05-08,8.5,6.1,13.8,83.0,1004.8,4.3,88.0,90.0
2004-05-09,3.0,7.1,15.3,76.0,1006.5,4.5,148.0,91.0
2004-05-10,0.5,3.7,17.6,74.0,1010.0,4.3,201.0,31.0
2004-05-11,3.5,5.8,19.2,75.0,1015.1,3.4,6.0,34.0
2004-05-12,2.6,5.7,18.9,81.0,1013.0,5.0,82.0,70.0
2004-05-13,3.8,9.2,19.0,78.0,1007.2,3.5,300.0,91.0
2004-05-14,5.0,7.1,18.8,80.0,1015.4,4.7,324.0,47.0
2004-05-15,1.3,10.6,18.8,71.0,1022.0,5.5,225.0,75.0
2004-05-16,3.1,7.4,20.1,77.0,1017.4,5.5,58.0,42.0
2004-05-17,3.1,11.5,19.7,72.0,1021.7,5.7,205.0,48.0
2004-05-18,0.0,13.2,21.2,67.0,1023.3,5.1,187.0,44.0
2004-05-19,0.8,8.9,22.7,77.0,1021.9,4.5,128.0,30.0
2004-05-20,0.4,12.6,23.3,80.0,1019.1,4.7,130.0,33.0
2004-05-21,0.2,12.5,23.0,75.0,1013.4,6.5,211.0,28.0
2004-05-22,22.1,11.6,18.4,81.0,1011.0,5.1,79.0,73.0
2004-05-23,6.6,8.6,17.3,76.0,1015.6,5.3,80.0,61.0
2004-05-24,0.2,6.0,17.3,65.0,1021.2,6.2,178.0,30.0
2004-05-25,0.0,5.3,18.8,61.0,1020.7,4.9,186.0,3.0
2004-05-26,0.0,6.7,20.0,67.0,1018.0,5.0,180.0,82.0
2004-05-27,1.7,9.1,21.2,73.0,1017.4,4.6,87.0,50.0
2004-05-28,7.9,11.1,16.2,85.0,1018.5,5.1,26.0,93.0
2004-05-29,2.8,6.5,19.4,70.0,1021.4,4.1,275.0,34.0
2004-05-30,0.0,7.9,21.5,66.0,1021.4,4.2,210.0,25.0
2004-05-31,0.0,9.6,23.2,62.0,1017.4,4.9,225.0,76.0
2004-06-01,4.7,12.4,17.4,82.0,1016.1,5.0,40.0,97.0
2004-06-02,2.7,9.0,20.9,81.0,1013.9,3.6,347.0,64.0
2004-06-03,5.2,9.6,20.8,80.0,1013.2,3.5,353.0,79.0
2004-06-04,4.6,10.8,23.8,74.0,1013.7,4.8,358.0,56.0
2004-06-05,14.0,13.3,21.8,79.0,1012.3,3.4,354.0,66.0
2004-06-06,3.1,9.6,21.5,70.0,1015.2,4.1,128.0,34.0
2004-06-07,0.0,11.3,23.7,68.0,1020.4,4.9,206.0,29.0
2004-06-08,2.7,11.2,26.2,70.0,1021.9,3.7,224.0,28.0
2004-06-09,0.7,12.8,28.8,71.0,1021.6,4.7,254.0,13.0
2004-06-10,1.4,14.4,29.5,74.0,1020.1,5.2,137.0,25.0
2004-06-11,0.2,16.8,29.1,69.0,1016.7,5.3,167.0,55.0
2004-06-12,16.4,17.7,25.1,79.0,1014.3,4.6,12.0,57.0
2004-06-13,11.4,13.2,18.6,77.0,1018.4,6.8,62.0,79.0
2004-06-14,0.0,11.7,23.1,66.0,1021.7,8.4,46.0,52.0
2004-06-15,0.4,12.0,24.5,68.0,1018.2,4.6,266.0,18.0
2004-06-16,4.3,14.0,24.7,77.0,1011.9,3.6,91.0,48.0
2004-06-17,9.2,16.5,23.4,74.0,1012.3,5.6,63.0,55.0
2004-06-18,4.4,13.3,24.4,75.0,1006.0,3.5,342.0,20.0
2004-06-19,3.3,14.1,23.9,78.0,1004.1,6.1,49.0,69.0
2004-06-20,18.9,15.0,19.4,90.0,1003.3,2.8,20.0,88.0
2004-06-21,2.7,9.8,21.3,78.0,1011.4,4.4,77.0,43.0
2004-06-22,3.4,13.8,22.4,76.0,1018.2,5.0,227.0,72.0
2004-06-23,0.0,14.6,24.6,75.0,1015.8,5.5,213.0,61.0
2004-06-24,2.8,14.1,24.4,83.0,1012.0,4.4,79.0,45.0
2004-06-25,10.9,15.1,24.9,80.0,1013.6,5.0,34.0,62.0
2004-06-26,1.3,14.3,24.5,69.0,1019.9,4.7,60.0,51.0
2004-06-27,0.0,14.1,26.9,70.0,1020.3,4.6,175.0,44.0
2004-06-28,1.6,15.9,27.0,78.0,1019.6,4.7,79.0,42.0
2004-06-29,11.9,17.5,24.7,80.0,1018.4,6.6,54.0,52.0
2004-06-30,0.0,16.2,26.1,66.0,1018.3,4.9,77.0,35.0
2004-07-01,3.1,14.2,26.3,72.0,1013.7,4.3,155.0,41.0
2004-07-02,16.1,17.3,22.7,86.0,1011.3,5.6,78.0,80.0
2004-07-03,0.0,15.4,24.7,64.0,1016.0,5.9,45.0,26.0
2004-07-04,0.0,13.4,25.4,64.0,1017.3,5.3,56.0,7.0
2004-07-05,0.4,13.2,28.8,69.0,1017.8,4.7,200.0,16.0
2004-07-06,2.5,15.5,27.9,77.0,1016.0,4.6,5.0,61.0
2004-07-07,7.4,18.8,26.6,76.0,1016.4,5.1,67.0,81.0
2004-07-08,0.2,17.8,28.0,69.0,1014.6,5.0,126.0,74.0
2004-07-09,4.0,17.6,26.7,64.0,1010.6,6.7,241.0,26.0
2004-07-10,2.3,14.1,25.3,65.0,1011.6,4.4,2.0,29.0
2004-07-11,15.4,14.0,21.6,79.0,1010.5,5.7,16.0,50.0
2004-07-12,3.4,11.8,20.4,71.0,1009.5,3.8,322.0,80.0
2004-07-13,1.7,9.0,23.3,69.0,1011.3,4.5,330.0,26.0
2004-07-14,0.0,11.2,23.8,70.0,1015.9,5.4,343.0,28.0
2004-07-15,0.1,13.3,25.9,72.0,1016.2,4.9,100.0,42.0
2004-07-16,2.0,14.7,26.1,73.0,1017.4,4.0,86.0,53.0
2004-07-17,1.6,13.9,26.7,75.0,1018.9,4.8,54.0,30.0
2004-07-18,0.0,15.2,28.1,71.0,1019.4,4.8,70.0,37.0
2004-07-19,0.9,16.1,29.4,70.0,1018.2,4.1,7.0,57.0
2004-07-20,0.7,18.1,29.7,70.0,1016.5,4.3,334.0,43.0
2004-07-21,0.2,17.2,30.3,68.0,1016.6,4.1,80.0,14.0
2004-07-22,0.6,17.6,32.8,67.0,1017.4,4.7,285.0,18.0
2004-07-23,2.0,19.0,32.3,71.0,1016.9,4.1,337.0,30.0
2004-07-24,3.9,19.9,28.5,72.0,1014.6,5.7,350.0,83.0
2004-07-25,2.7,19.3,29.5,67.0,1012.7,5.7,3.0,95.0
2004-07-26,4.0,17.4,27.1,65.0,1010.0,4.3,358.0,64.0
2004-07-27,5.6,16.3,25.2,65.0,1012.3,5.3,74.0,37.0
2004-07-28,2.0,17.6,22.5,68.0,1016.2,5.0,109.0,53.0
2004-07-29,0.6,18.4,27.0,64.0,1015.4,4.8,134.0,50.0
2004-07-30,0.9,16.4,27.5,64.0,1016.7,4.3,158.0,14.0
2004-07-31,1.0,17.3,29.2,64.0,1017.8,3.7,148.0,33.0
2004-08-01,2.2,19.7,29.1,69.0,1015.5,3.5,49.0,38.0
2004-08-02,2.0,18.4,28.7,76.0,1012.9,4.2,319.0,43.0
2004-08-03,8.1,19.5,28.2,79.0,1010.1,3.5,341.0,68.0
2004-08-04,3.2,17.8,26.1,79.0,1010.7,4.3,87.0,93.0
2004-08-05,0.7,18.1,27.0,73.0,1010.9,3.9,93.0,53.0
2004-08-06,2.6,16.0,27.7,69.0,1012.1,3.2,4.0,66.0
2004-08-07,7.6,18.8,28.0,70.0,1013.1,4.2,48.0,64.0
2004-08-08,6.2,16.4,25.8,83.0,1012.3,3.8,13.0,87.0
2004-08-09,0.4,15.9,26.4,80.0,1012.7,4.7,213.0,71.0
2004-08-10,0.0,20.9,26.7,68.0,1014.1,4.8,86.0,83.0
2004-08-11,0.1,18.5,28.4,68.0,1012.7,4.8,106.0,57.0
2004-08-12,2.2,19.6,27.6,76.0,1010.9,4.6,207.0,59.0
2004-08-13,5.3,19.9,27.2,77.0,1008.0,3.9,48.0,39.0
2004-08-14,6.5,14.5,26.7,71.0,1011.6,4.2,33.0,23.0
2004-08-15,0.4,13.9,26.4,65.0,1017.1,4.5,61.0,29.0
2004-08-16,0.0,16.4,26.7,66.0,1016.0,5.0,135.0,65.0
2004-08-17,0.0,16.3,27.1,75.0,1014.0,5.0,125.0,67.0
2004-08-18,0.9,16.4,27.4,76.0,1015.3,5.7,94.0,34.0
2004-08-19,0.0,17.5,29.8,72.0,1014.9,5.8,149.0,35.0
2004-08-20,2.5,19.2,28.3,78.0,1009.5,6.2,212.0,59.0
2004-08-21,8.9,17.2,23.7,77.0,1009.4,5.4,8.0,55.0
2004-08-22,0.0,11.3,24.7,66.0,1018.3,5.3,75.0,12.0
2004-08-23,0.0,13.5,26.3,69.0,1021.6,5.1,182.0,16.0
2004-08-24,0.6,14.1,24.9,73.0,1018.4,4.6,222.0,68.0
2004-08-25,0.3,16.4,26.5,74.0,1012.8,6.8,195.0,38.0
2004-08-26,20.7,15.5,24.0,76.0,1008.5,4.8,52.0,54.0
2004-08-27,0.0,11.1,25.0,69.0,1014.2,5.1,74.0,13.0
2004-08-28,0.0,13.5,24.7,75.0,1015.7,5.0,77.0,8.0
2004-08-29,2.5,13.9,25.0,80.0,1016.0,4.3,4.0,68.0
2004-08-30,2.8,14.5,25.3,75.0,1015.4,4.5,61.0,54.0
2004-08-31,30.6,15.7,22.5,89.0,1013.0,5.9,77.0,74.0
2004-09-01,2.9,15.9,20.9,75.0,1016.6,6.1,62.0,72.0
2004-09-02,0.0,12.0,24.7,74.0,1018.6,4.6,47.0,18.0
2004-09-03,1.5,12.9,26.6,78.0,1021.8,3.9,56.0,14.0
2004-09-04,4.3,15.4,26.7,78.0,1024.0,5.0,13.0,45.0
2004-09-05,1.6,15.1,26.1,76.0,1024.4,4.5,45.0,36.0
2004-09-06,0.0,15.9,24.7,66.0,1024.7,7.3,56.0,25.0
2004-09-07,0.0,12.5,25.1,65.0,1024.9,6.1,47.0,9.0
2004-09-08,0.0,11.9,26.3,64.0,1024.4,4.1,189.0,21.0
2004-09-09,0.0,16.3,23.3,66.0,1025.6,5.4,105.0,30.0
2004-09-10,0.0,15.1,22.2,64.0,1026.1,4.7,101.0,42.0
2004-09-11,0.0,12.0,23.8,71.0,1023.8,4.2,144.0,59.0
2004-09-12,5.7,14.1,19.9,88.0,1019.6,2.7,43.0,82.0
2004-09-13,0.0,11.8,21.6,81.0,1018.8,4.8,40.0,61.0
2004-09-14,22.5,14.4,22.0,85.0,1017.2,4.7,37.0,78.0
2004-09-15,25.3,14.4,22.1,84.0,1014.2,4.8,350.0,80.0
2004-09-16,6.7,13.9,16.9,83.0,1019.5,7.7,30.0,90.0
2004-09-17,0.0,12.5,21.0,70.0,1022.7,6.1,50.0,35.0
2004-09-18,0.0,8.7,21.4,73.0,1020.8,4.4,33.0,8.0
2004-09-19,0.0,8.9,22.0,77.0,1017.0,4.0,57.0,39.0
2004-09-20,0.0,12.1,22.8,73.0,1017.3,3.9,190.0,51.0
2004-09-21,0.0,12.3,23.4,77.0,1014.3,4.5,191.0,69.0
2004-09-22,0.8,13.9,21.9,83.0,1012.2,5.5,42.0,68.0
2004-09-23,0.0,15.8,23.4,79.0,1007.3,4.5,71.0,91.0
2004-09-24,16.0,9.8,18.9,91.0,1003.3,6.8,62.0,87.0
2004-09-25,0.5,4.5,19.0,72.0,1011.0,4.7,308.0,23.0
2004-09-26,0.0,5.9,19.5,64.0,1015.7,4.2,4.0,33.0
2004-09-27,0.0,8.4,19.8,61.0,1018.6,5.1,211.0,10.0
2004-09-28,0.0,8.3,19.7,70.0,1020.3,3.3,239.0,65.0
2004-09-29,0.0,7.9,20.5,74.0,1017.7,4.3,242.0,49.0
2004-09-30,0.1,10.6,20.2,82.0,1018.7,4.5,77.0,41.0
2004-10-01,0.9,14.2,20.5,85.0,1020.8,4.5,69.0,75.0
2004-10-02,0.0,12.9,20.8,83.0,1021.3,4.6,89.0,78.0
2004-10-03,0.4,14.3,20.2,85.0,1022.8,4.4,55.0,80.0
2004-10-04,0.0,12.2,21.1,83.0,1023.2,3.6,164.0,89.0
2004-10-05,0.0,13.0,21.7,82.0,1022.5,3.2,157.0,49.0
2004-10-06,0.0,14.2,22.1,82.0,1020.7,4.3,190.0,49.0
2004-10-07,0.0,14.5,21.1,85.0,1019.2,3.7,112.0,74.0
2004-10-08,0.0,15.2,21.5,84.0,1017.0,3.8,197.0,70.0
2004-10-09,0.2,16.4,22.1,84.0,1012.8,4.5,222.0,81.0
2004-10-10,10.3,12.6,19.9,92.0,1008.7,3.5,253.0,89.0
2004-10-11,8.7,10.9,13.0,83.0,1014.8,9.0,63.0,96.0
2004-10-12,0.0,7.4,13.2,66.0,1022.3,8.8,69.0,77.0
2004-10-13,0.0,6.2,13.7,69.0,1021.9,5.8,64.0,77.0
2004-10-14,0.0,4.4,14.0,76.0,1015.3,3.7,63.0,85.0
2004-10-15,15.5,9.0,14.0,85.0,1008.2,5.3,12.0,85.0
2004-10-16,10.7,8.7,14.8,81.0,1002.0,4.9,297.0,77.0
2004-10-17,5.0,6.5,15.1,80.0,1006.4,4.8,7.0,59.0
2004-10-18,0.0,2.7,14.9,83.0,1014.4,3.8,65.0,63.0
2004-10-19,0.3,6.9,13.1,86.0,1015.4,3.6,352.0,86.0
2004-10-20,0.0,8.0,15.1,85.0,1015.4,3.0,318.0,87.0
2004-10-21,0.0,13.0,18.6,84.0,1016.2,2.3,144.0,82.0
2004-10-22,7.1,13.5,17.1,89.0,1020.2,3.1,332.0,76.0
2004-10-23,0.0,9.7,18.8,87.0,1021.3,3.2,88.0,68.0
2004-10-24,0.0,12.0,17.3,90.0,1020.7,3.6,206.0,76.0
2004-10-25,0.0,10.2,17.6,89.0,1018.3,3.1,176.0,80.0
2004-10-26,5.2,11.1,16.6,92.0,1013.3,5.9,48.0,97.0
2004-10-27,45.5,12.0,17.6,95.0,1009.0,5.8,43.0,93.0
2004-10-28,0.1,8.7,16.4,90.0,1009.1,3.8,351.0,88.0
2004-10-29,21.8,11.3,14.9,92.0,1007.3,5.2,28.0,100.0
2004-10-30,0.0,10.5,17.8,86.0,1008.1,3.0,320.0,83.0
2004-10-31,38.1,10.4,15.5,86.0,1010.7,7.8,9.0,98.0
2004-11-01,48.2,10.9,16.9,93.0,1015.5,7.3,34.0,99.0
2004-11-02,17.5,13.2,22.0,84.0,1016.4,6.2,26.0,68.0
2004-11-03,0.0,10.5,21.9,74.0,1019.3,6.0,15.0,76.0
2004-11-04,0.0,9.6,22.8,78.0,1020.0,4.8,357.0,43.0
2004-11-05,0.2,8.2,17.8,86.0,1019.1,5.0,45.0,53.0
2004-11-06,12.0,9.7,14.2,89.0,1017.4,4.7,33.0,78.0
2004-11-07,2.0,2.9,11.6,82.0,1013.7,4.8,15.0,45.0
2004-11-08,0.0,0.2,11.8,63.0,1010.6,5.1,327.0,24.0
2004-11-09,0.2,-2.3,10.2,64.0,1006.1,5.7,4.0,34.0
2004-11-10,37.1,3.9,6.6,84.0,1004.5,12.0,23.0,97.0
2004-11-11,10.7,5.2,10.8,83.0,1012.1,8.0,9.0,93.0
2004-11-12,3.4,6.5,14.1,86.0,1017.9,5.7,342.0,90.0
2004-11-13,0.0,3.9,14.8,77.0,1010.6,5.7,11.0,65.0
2004-11-14,0.0,1.8,9.4,48.0,1013.8,6.6,7.0,76.0
2004-11-15,0.0,3.1,9.1,57.0,1017.2,4.9,323.0,84.0
2004-11-16,0.0,-0.7,10.1,70.0,1020.1,4.4,14.0,17.0
2004-11-17,0.0,-1.0,12.4,76.0,1024.8,3.2,309.0,6.0
2004-11-18,0.0,-0.5,9.6,80.0,1019.1,3.7,39.0,22.0
2004-11-19,0.0,1.6,13.5,69.0,1006.6,5.1,323.0,48.0
2004-11-20,0.0,-3.2,8.6,56.0,1017.5,6.3,291.0,8.0
2004-11-21,0.0,-3.3,8.4,58.0,1024.1,5.2,284.0,0.0
2004-11-22,0.0,-1.4,7.7,67.0,1026.5,3.1,4.0,40.0
2004-11-23,0.0,-1.6,8.3,81.0,1021.5,3.4,36.0,9.0
2004-11-24,0.0,-1.2,10.2,80.0,1025.0,4.1,20.0,14.0
2004-11-25,0.0,2.7,7.5,85.0,1030.2,3.3,8.0,76.0
2004-11-26,0.0,-0.5,8.4,88.0,1028.5,3.2,354.0,37.0
2004-11-27,0.0,0.5,9.8,85.0,1023.9,3.2,345.0,45.0
2004-11-28,0.0,-1.6,9.4,85.0,1021.9,3.0,336.0,89.0
2004-11-29,10.2,2.6,7.3,91.0,1017.1,4.8,10.0,100.0
2004-11-30,46.1,6.2,8.3,89.0,1012.5,10.2,34.0,100.0
2004-12-01,3.5,1.5,10.0,89.0,1014.6,4.8,27.0,64.0
2004-12-02,0.4,1.5,9.1,88.0,1015.5,2.6,330.0,81.0
2004-12-03,0.7,2.2,9.8,89.0,1019.5,3.0,336.0,55.0
2004-12-04,0.0,0.5,12.1,85.0,1026.0,5.2,3.0,67.0
2004-12-05,4.6,5.3,10.4,88.0,1025.4,4.5,3.0,99.0
2004-12-06,0.3,5.6,12.9,88.0,1024.6,3.7,357.0,55.0
2004-12-07,0.0,1.0,12.8,84.0,1028.0,3.8,359.0,28.0
2004-12-08,0.0,0.7,12.4,81.0,1026.7,4.7,6.0,57.0
2004-12-09,0.0,0.7,12.0,75.0,1025.4,5.7,10.0,25.0
2004-12-10,0.0,-2.3,11.6,71.0,1023.1,4.6,354.0,1.0
2004-12-11,0.0,-2.3,11.9,68.0,1025.6,3.6,343.0,0.0
2004-12-12,0.0,-2.0,11.2,74.0,1027.1,3.9,355.0,0.0
2004-12-13,0.0,-2.2,9.3,78.0,1028.2,3.3,354.0,0.0
2004-12-14,0.0,-2.4,9.4,81.0,1028.3,3.3,340.0,0.0
2004-12-15,0.0,-2.3,8.2,79.0,1026.9,3.5,351.0,37.0
2004-12-16,0.9,-2.0,7.5,85.0,1023.1,3.9,4.0,74.0
2004-12-17,0.0,0.4,8.3,92.0,1009.2,3.0,243.0,76.0
2004-12-18,0.0,-1.2,9.7,72.0,1001.8,4.8,323.0,44.0
2004-12-19,0.0,-3.4,6.5,62.0,1007.0,4.1,8.0,56.0
2004-12-20,0.0,-1.3,6.8,70.0,1014.3,6.0,39.0,47.0
2004-12-21,0.0,-3.9,6.5,61.0,1022.6,4.5,346.0,12.0
2004-12-22,0.0,-3.6,4.9,57.0,1023.1,3.0,291.0,26.0
2004-12-23,0.0,-1.1,4.6,64.0,1018.6,2.3,59.0,13.0
2004-12-24,0.0,-2.1,3.3,73.0,1016.1,3.6,45.0,52.0
2004-12-25,1.8,-1.4,4.4,78.0,1011.4,3.2,357.0,81.0
2004-12-26,39.5,1.4,5.8,93.0,998.4,7.9,21.0,100.0
2004-12-27,14.3,3.4,7.2,92.0,1004.2,5.8,3.0,99.0
2004-12-28,4.8,3.3,7.3,90.0,1009.2,4.0,19.0,96.0
2004-12-29,0.5,-2.1,8.6,78.0,1013.8,5.9,345.0,83.0
2004-12-30,0.0,-4.0,6.6,61.0,1028.8,6.1,341.0,5.0
2004-12-31,0.0,-4.1,8.7,65.0,1027.4,3.7,337.0,5.0
2005-01-01,0.0,-3.3,10.2,71.0,1025.0,3.9,319.0,31.0
2005-01-02,0.0,-2.2,6.6,77.0,1022.3,3.6,34.0,48.0
2005-01-03,0.0,-3.7,9.8,73.0,1027.2,5.2,309.0,6.0
2005-01-04,0.0,-2.9,8.6,72.0,1029.2,4.2,357.0,13.0
2005-01-05,0.0,-2.8,6.5,82.0,1029.2,2.9,43.0,22.0
2005-01-06,0.0,-1.8,6.3,85.0,1028.9,2.9,40.0,38.0
2005-01-07,0.0,-2.3,8.0,86.0,1035.1,2.8,355.0,14.0
2005-01-08,0.0,-2.2,5.5,87.0,1032.4,2.3,60.0,35.0
2005-01-09,0.0,-2.1,6.0,86.0,1031.3,2.7,36.0,82.0
2005-01-10,0.0,-2.4,9.6,85.0,1033.1,3.1,358.0,23.0
2005-01-11,0.0,-2.2,7.1,87.0,1031.0,2.9,10.0,42.0
2005-01-12,0.0,-1.8,8.2,84.0,1028.9,2.4,311.0,36.0
2005-01-13,0.0,-1.9,7.0,83.0,1025.7,2.3,7.0,46.0
2005-01-14,0.0,-3.0,7.9,83.0,1026.7,3.2,360.0,28.0
2005-01-15,0.1,1.3,6.1,85.0,1029.3,2.8,40.0,71.0
2005-01-16,0.0,-0.6,4.5,83.0,1031.4,2.7,2.0,47.0
2005-01-17,0.0,-3.3,6.9,74.0,1027.6,2.4,334.0,2.0
2005-01-18,5.0,-3.2,2.7,77.0,1014.5,3.9,60.0,70.0
2005-01-19,1.5,-1.6,7.3,81.0,1006.3,5.5,354.0,89.0
2005-01-20,0.0,-4.7,7.7,69.0,1014.7,4.7,305.0,29.0
2005-01-21,0.0,-2.7,6.2,75.0,1003.9,3.7,24.0,7.0
2005-01-22,1.4,-3.2,9.2,79.0,1009.8,5.4,302.0,8.0
2005-01-23,0.0,-4.1,6.0,63.0,1015.2,4.1,343.0,57.0
2005-01-24,0.0,-5.2,5.7,60.0,1008.8,5.2,352.0,74.0
2005-01-25,0.0,-6.0,3.9,41.0,1007.4,8.6,350.0,89.0
2005-01-26,0.0,-4.9,2.0,42.0,1004.2,8.2,336.0,95.0
2005-01-27,0.0,-4.0,3.6,48.0,1007.5,4.9,338.0,50.0
2005-01-28,0.5,-4.2,1.1,64.0,1010.3,5.0,43.0,91.0
2005-01-29,0.0,-4.6,3.7,53.0,1011.9,4.6,3.0,65.0
2005-01-30,0.0,-6.5,3.1,57.0,1021.5,3.8,342.0,0.0
2005-01-31,0.0,-6.0,6.0,57.0,1021.5,4.1,320.0,15.0
2005-02-01,0.0,-5.2,7.6,68.0,1013.6,4.3,7.0,9.0
2005-02-02,0.0,-5.3,7.6,58.0,1020.6,6.4,305.0,19.0
2005-02-03,0.0,-4.0,10.0,65.0,1020.4,4.3,348.0,7.0
2005-02-04,0.1,-1.7,5.3,76.0,1030.2,4.1,67.0,56.0
2005-02-05,0.5,-0.1,3.5,69.0,1029.5,3.2,130.0,79.0
2005-02-06,0.0,-3.6,4.2,62.0,1029.5,4.6,29.0,13.0
2005-02-07,0.0,-1.4,3.0,53.0,1031.8,5.1,61.0,6.0
2005-02-08,0.0,-1.5,4.1,52.0,1034.7,3.8,67.0,18.0
2005-02-09,0.0,-2.0,7.5,61.0,1033.3,2.7,3.0,1.0
2005-02-10,0.0,-2.9,10.3,68.0,1032.6,3.9,272.0,29.0
2005-02-11,0.0,-1.4,7.8,74.0,1027.1,3.6,74.0,69.0
2005-02-12,0.3,0.8,7.3,79.0,1017.5,3.6,89.0,72.0
2005-02-13,1.8,-1.3,11.1,82.0,998.3,3.8,31.0,56.0
2005-02-14,0.0,-5.4,9.5,59.0,995.5,7.3,354.0,48.0
2005-02-15,0.0,-2.8,8.3,47.0,997.9,4.8,350.0,80.0
2005-02-16,0.0,-3.0,6.8,44.0,1004.9,6.3,348.0,87.0
2005-02-17,0.0,-3.5,7.1,53.0,1012.3,5.0,322.0,81.0
2005-02-18,0.0,0.4,7.7,59.0,1016.5,4.6,251.0,44.0
2005-02-19,0.0,-1.7,6.1,70.0,1010.7,4.2,85.0,20.0
2005-02-20,1.7,0.7,5.8,69.0,1005.4,7.2,43.0,79.0
2005-02-21,10.1,-0.2,1.7,83.0,1001.5,10.1,53.0,100.0
2005-02-22,1.7,-0.7,2.5,81.0,1002.4,3.7,65.0,81.0
2005-02-23,0.0,-2.3,3.9,79.0,1005.9,5.8,352.0,62.0
2005-02-24,0.0,-4.1,4.9,69.0,1011.8,4.6,60.0,29.0
2005-02-25,0.1,-1.8,5.6,69.0,1011.1,4.4,358.0,59.0
2005-02-26,0.0,-4.4,7.2,67.0,1008.8,4.7,35.0,56.0
2005-02-27,4.5,-2.1,4.0,76.0,1004.4,3.4,336.0,93.0
2005-02-28,3.7,-6.5,-0.4,57.0,1013.9,7.0,83.0,78.0
2005-03-01,0.0,-4.8,-0.3,48.0,1015.4,3.7,79.0,26.0
2005-03-02,0.0,-5.6,2.7,52.0,1010.5,3.9,316.0,5.0
2005-03-03,7.9,-4.4,1.2,71.0,1012.8,6.8,32.0,84.0
2005-03-04,1.0,-7.9,3.5,80.0,1007.9,4.3,324.0,35.0
2005-03-05,0.6,-10.0,3.3,78.0,1003.6,4.3,314.0,55.0
2005-03-06,1.8,-4.7,4.8,76.0,1007.3,4.1,349.0,71.0
2005-03-07,0.0,-8.7,4.6,66.0,1014.6,4.8,323.0,47.0
2005-03-08,0.0,-4.9,8.7,51.0,1016.3,5.9,289.0,27.0
2005-03-09,0.0,-4.5,12.1,59.0,1018.3,5.4,328.0,20.0
2005-03-10,0.2,-3.6,11.7,62.0,1021.1,6.2,102.0,24.0
2005-03-11,0.0,1.3,10.4,68.0,1019.7,4.1,173.0,48.0
2005-03-12,0.0,-0.3,11.8,73.0,1004.6,8.2,240.0,36.0
2005-03-13,0.0,-1.9,12.0,64.0,1008.7,6.0,91.0,13.0
2005-03-14,0.0,-0.5,12.3,73.0,1018.1,4.9,134.0,61.0
2005-03-15,0.0,1.7,14.2,78.0,1024.1,4.8,85.0,33.0
2005-03-16,0.0,0.0,16.6,79.0,1030.2,4.4,173.0,5.0
2005-03-17,0.0,1.1,17.4,82.0,1029.6,4.4,97.0,19.0
2005-03-18,0.0,0.9,18.9,76.0,1026.0,4.1,65.0,4.0
2005-03-19,0.0,2.0,19.5,75.0,1018.5,4.5,55.0,16.0
2005-03-20,1.4,5.9,11.8,79.0,1018.7,5.9,85.0,40.0
2005-03-21,0.0,6.3,13.5,65.0,1017.8,4.3,107.0,59.0
2005-03-22,0.0,3.8,15.0,70.0,1019.3,4.8,126.0,76.0
2005-03-23,1.3,6.3,12.9,81.0,1022.3,4.1,81.0,88.0
2005-03-24,0.0,5.8,14.3,84.0,1022.1,4.5,122.0,76.0
2005-03-25,3.2,8.5,15.3,87.0,1018.8,3.5,147.0,92.0
2005-03-26,2.0,9.3,13.3,94.0,1014.1,3.3,82.0,91.0
2005-03-27,2.3,6.8,14.6,89.0,1008.0,4.1,68.0,93.0
2005-03-28,1.7,4.5,18.2,82.0,1008.8,3.9,323.0,72.0
2005-03-29,3.5,4.9,17.0,83.0,1014.0,4.6,54.0,81.0
2005-03-30,2.5,4.7,15.9,82.0,1013.3,4.2,34.0,86.0
2005-03-31,3.0,7.8,15.4,74.0,1017.7,6.5,40.0,68.0
2005-04-01,0.5,7.6,13.6,60.0,1024.7,5.7,76.0,49.0
2005-04-02,0.0,3.5,13.6,54.0,1028.3,5.8,80.0,3.0
2005-04-03,0.0,-0.6,14.8,63.0,1028.9,4.7,172.0,14.0
2005-04-04,0.0,-0.3,15.2,62.0,1029.3,4.7,165.0,0.0
2005-04-05,0.0,-0.3,14.8,65.0,1028.8,4.6,146.0,16.0
2005-04-06,0.0,1.4,16.3,71.0,1026.4,5.4,164.0,39.0
2005-04-07,0.0,4.5,14.8,78.0,1018.3,4.9,181.0,94.0
2005-04-08,12.0,6.5,15.5,82.0,1008.4,5.0,110.0,85.0
2005-04-09,17.8,8.1,13.0,85.0,1003.8,5.3,32.0,98.0
2005-04-10,10.5,5.6,11.7,84.0,1013.3,8.2,33.0,100.0
2005-04-11,6.2,5.9,15.1,77.0,1016.4,7.6,20.0,97.0
2005-04-12,4.2,8.5,13.7,80.0,1016.8,3.1,64.0,83.0
2005-04-13,1.2,3.1,17.4,73.0,1010.8,3.1,221.0,35.0
2005-04-14,1.1,5.1,19.7,71.0,1008.0,5.0,207.0,26.0
2005-04-15,0.6,5.7,17.9,72.0,1008.3,5.5,178.0,24.0
2005-04-16,25.5,5.4,11.3,93.0,1004.4,8.0,62.0,81.0
2005-04-17,1.3,3.0,13.6,78.0,999.5,4.2,193.0,71.0
2005-04-18,1.2,4.1,18.1,70.0,999.5,5.3,204.0,50.0
2005-04-19,5.7,7.4,15.3,83.0,1002.6,5.1,81.0,87.0
2005-04-20,11.4,7.7,11.1,89.0,1004.1,5.2,37.0,91.0
2005-04-21,16.8,4.6,14.6,85.0,1009.6,5.1,74.0,81.0
2005-04-22,1.1,7.2,14.0,68.0,1016.8,5.6,182.0,57.0
2005-04-23,0.0,3.2,14.4,67.0,1017.6,5.0,186.0,75.0
2005-04-24,4.5,7.2,13.3,86.0,1018.1,2.9,93.0,100.0
2005-04-25,11.0,7.4,14.8,88.0,1011.3,5.4,309.0,90.0
2005-04-26,0.0,3.6,19.2,79.0,1012.7,5.4,82.0,47.0
2005-04-27,0.0,5.9,19.5,80.0,1018.1,5.5,106.0,42.0
2005-04-28,0.1,7.5,19.3,77.0,1019.4,4.1,55.0,53.0
2005-04-29,1.0,7.9,19.2,78.0,1020.5,3.6,64.0,73.0
2005-04-30,0.0,7.4,21.7,75.0,1018.4,4.4,170.0,40.0
2005-05-01,0.1,7.9,23.0,76.0,1017.5,5.2,139.0,30.0
2005-05-02,0.0,9.6,24.2,73.0,1019.0,5.1,178.0,45.0
2005-05-03,0.0,12.5,24.2,70.0,1016.7,7.6,228.0,83.0
2005-05-04,7.1,10.8,21.6,74.0,1011.1,4.2,303.0,37.0
2005-05-05,9.9,9.6,16.8,82.0,1009.4,3.7,333.0,81.0
2005-05-06,2.5,6.0,20.4,76.0,1009.2,4.4,291.0,26.0
2005-05-07,1.6,6.5,19.7,74.0,1008.4,5.7,175.0,36.0
2005-05-08,2.0,6.7,18.4,75.0,1006.1,5.1,80.0,31.0
2005-05-09,1.0,6.6,15.5,73.0,1010.9,6.1,80.0,67.0
2005-05-10,0.0,6.3,14.1,75.0,1013.7,5.1,62.0,89.0
2005-05-11,1.2,8.9,16.5,72.0,1016.3,6.0,62.0,65.0
2005-05-12,0.0,5.1,18.2,65.0,1019.3,6.1,52.0,47.0
2005-05-13,0.0,6.5,19.5,62.0,1018.8,5.2,80.0,54.0
2005-05-14,2.6,7.6,17.2,73.0,1016.4,3.5,55.0,90.0
2005-05-15,0.8,9.2,19.7,76.0,1014.7,4.7,132.0,58.0
2005-05-16,6.2,11.2,18.3,87.0,1013.5,4.4,86.0,93.0
2005-05-17,13.6,7.8,20.0,86.0,1011.3,5.2,76.0,79.0
2005-05-18,47.7,12.4,18.3,83.0,1008.2,8.1,36.0,90.0
2005-05-19,2.0,8.4,19.6,74.0,1017.8,5.4,148.0,40.0
2005-05-20,0.0,12.6,21.4,73.0,1021.7,5.0,181.0,63.0
2005-05-21,0.0,9.7,23.6,74.0,1018.3,4.8,167.0,70.0
2005-05-22,0.2,13.1,23.2,76.0,1015.1,4.9,151.0,61.0
2005-05-23,2.0,11.6,21.4,75.0,1015.0,5.4,66.0,66.0
2005-05-24,0.0,10.7,23.2,67.0,1019.8,4.8,338.0,30.0
2005-05-25,0.0,12.4,24.0,67.0,1023.6,4.4,218.0,20.0
2005-05-26,0.0,14.4,25.1,66.0,1022.7,3.7,330.0,10.0
2005-05-27,0.0,12.1,27.4,67.0,1019.5,4.1,210.0,6.0
2005-05-28,0.0,12.6,28.4,62.0,1017.9,3.5,217.0,10.0
2005-05-29,0.0,13.4,29.4,62.0,1017.5,3.8,203.0,6.0
2005-05-30,0.0,14.2,29.7,63.0,1014.9,5.8,231.0,32.0
2005-05-31,14.7,16.4,24.0,80.0,1015.6,7.0,40.0,67.0
2005-06-01,0.3,15.1,21.7,69.0,1018.7,5.8,77.0,46.0
2005-06-02,0.0,12.6,22.6,64.0,1018.0,5.1,86.0,36.0
2005-06-03,0.0,11.0,24.8,69.0,1017.0,4.9,154.0,14.0
2005-06-04,0.0,12.9,24.6,73.0,1015.0,4.8,134.0,69.0
2005-06-05,5.4,14.8,20.2,80.0,1014.7,7.7,60.0,85.0
2005-06-06,1.0,13.0,21.8,66.0,1015.9,5.6,56.0,73.0
2005-06-07,12.2,10.9,22.0,78.0,1017.8,5.3,21.0,51.0
2005-06-08,0.1,5.4,20.4,56.0,1024.8,4.3,356.0,30.0
2005-06-09,1.2,9.9,18.3,58.0,1021.8,4.7,264.0,44.0
2005-06-10,0.1,6.4,21.6,58.0,1016.2,5.5,271.0,30.0
2005-06-11,0.2,8.3,21.6,66.0,1013.0,6.4,226.0,43.0
2005-06-12,5.5,12.4,21.3,69.0,1011.5,4.8,149.0,64.0
2005-06-13,2.8,12.7,22.3,80.0,1013.1,5.5,119.0,62.0
2005-06-14,14.4,12.8,18.7,91.0,1015.2,6.6,55.0,92.0
2005-06-15,2.4,11.9,23.0,79.0,1016.7,3.4,61.0,68.0
2005-06-16,4.5,13.1,26.3,72.0,1019.5,4.3,11.0,46.0
2005-06-17,1.6,14.9,27.6,65.0,1023.3,3.5,315.0,76.0
2005-06-18,0.5,15.7,29.1,70.0,1019.7,4.1,253.0,55.0
2005-06-19,1.6,18.5,25.6,75.0,1017.1,5.3,68.0,67.0
2005-06-20,1.2,17.6,26.8,69.0,1016.6,4.7,173.0,45.0
2005-06-21,1.4,15.9,28.4,62.0,1017.4,4.6,165.0,54.0
2005-06-22,3.1,15.7,29.2,71.0,1018.9,4.5,65.0,66.0
2005-06-23,1.3,16.5,29.9,74.0,1018.7,3.7,28.0,45.0
2005-06-24,5.6,19.0,28.5,78.0,1017.8,4.0,10.0,76.0
2005-06-25,1.9,17.6,30.4,77.0,1016.4,3.5,229.0,52.0
2005-06-26,4.5,18.4,29.1,73.0,1018.5,3.7,44.0,45.0
2005-06-27,1.9,19.0,28.8,73.0,1018.3,3.9,284.0,42.0
2005-06-28,2.8,18.6,29.4,79.0,1015.0,4.7,346.0,61.0
2005-06-29,11.3,18.5,29.6,79.0,1010.0,4.8,6.0,82.0
2005-06-30,4.1,17.7,28.3,75.0,1007.8,3.3,324.0,39.0
2005-07-01,11.9,17.0,23.6,80.0,1009.0,5.1,44.0,62.0
2005-07-02,0.1,13.4,27.2,60.0,1014.9,5.8,360.0,15.0
2005-07-03,0.3,16.5,26.6,64.0,1017.3,4.7,81.0,49.0
2005-07-04,0.0,17.3,26.8,66.0,1013.9,4.6,129.0,56.0
2005-07-05,32.6,16.0,20.9,80.0,1008.8,5.0,59.0,67.0
2005-07-06,0.0,10.8,23.8,63.0,1011.5,4.8,134.0,18.0
2005-07-07,8.8,14.5,22.1,73.0,1010.6,4.6,50.0,82.0
2005-07-08,10.8,15.8,23.3,73.0,1010.9,5.1,13.0,55.0
2005-07-09,4.8,13.1,20.0,76.0,1014.7,5.9,47.0,62.0
2005-07-10,3.2,13.9,24.0,71.0,1015.7,3.8,280.0,59.0
2005-07-11,8.1,15.5,22.9,79.0,1016.1,3.1,332.0,91.0
2005-07-12,5.1,13.6,27.3,71.0,1017.6,3.9,337.0,91.0
2005-07-13,7.2,16.1,25.1,77.0,1018.5,3.9,301.0,64.0
2005-07-14,0.0,14.9,27.9,70.0,1018.9,4.7,235.0,25.0
2005-07-15,1.3,16.7,28.9,71.0,1018.8,4.3,318.0,31.0
2005-07-16,1.4,15.6,29.1,78.0,1016.0,4.5,8.0,49.0
2005-07-17,1.4,18.3,29.2,82.0,1014.2,3.9,133.0,46.0
2005-07-18,2.8,20.7,28.5,80.0,1013.0,4.7,175.0,93.0
2005-07-19,6.2,18.7,28.0,71.0,1013.0,4.7,32.0,41.0
2005-07-20,0.5,18.7,26.6,72.0,1018.3,4.5,70.0,42.0
2005-07-21,4.3,16.8,25.6,80.0,1013.0,3.8,11.0,43.0
2005-07-22,9.3,14.5,25.4,80.0,1009.5,4.1,355.0,40.0
2005-07-23,5.8,14.0,25.1,72.0,1009.1,4.8,69.0,67.0
2005-07-24,1.0,14.7,24.9,74.0,1011.2,3.6,130.0,49.0
2005-07-25,3.4,17.7,25.8,81.0,1012.0,4.2,154.0,74.0
2005-07-26,1.3,18.8,27.8,81.0,1012.1,3.8,47.0,80.0
2005-07-27,0.0,18.4,29.8,73.0,1014.2,4.4,77.0,45.0
2005-07-28,0.0,17.1,31.8,71.0,1015.5,4.4,191.0,11.0
2005-07-29,0.0,18.7,33.1,69.0,1014.5,4.4,205.0,20.0
2005-07-30,1.3,20.4,32.5,69.0,1010.5,5.0,70.0,39.0
2005-07-31,2.7,19.6,29.9,70.0,1008.9,5.0,359.0,33.0
2005-08-01,0.1,19.2,28.7,65.0,1012.8,6.7,48.0,24.0
2005-08-02,0.9,17.8,27.5,68.0,1013.5,6.9,35.0,57.0
2005-08-03,7.3,16.2,25.2,77.0,1011.9,4.7,335.0,75.0
2005-08-04,1.3,14.5,25.6,68.0,1014.7,5.2,326.0,40.0
2005-08-05,0.0,12.2,25.8,58.0,1017.7,5.0,148.0,7.0
2005-08-06,0.5,13.9,25.4,64.0,1013.6,4.3,79.0,69.0
2005-08-07,14.6,14.2,19.2,82.0,1009.2,6.5,61.0,74.0
2005-08-08,1.2,9.3,21.6,74.0,1012.6,5.1,13.0,24.0
2005-08-09,0.0,11.5,24.3,67.0,1015.4,4.9,158.0,38.0
2005-08-10,0.0,11.4,25.0,72.0,1013.9,5.2,247.0,49.0
2005-08-11,6.1,15.7,23.5,82.0,1012.2,4.2,28.0,80.0
2005-08-12,11.4,16.8,23.2,79.0,1012.8,6.3,60.0,54.0
2005-08-13,5.1,13.4,25.1,74.0,1014.7,3.3,347.0,51.0
2005-08-14,3.9,16.0,23.3,78.0,1014.4,5.1,56.0,69.0
2005-08-15,7.1,13.0,22.2,79.0,1011.5,3.4,348.0,55.0
2005-08-16,0.4,11.8,24.5,69.0,1012.7,4.0,243.0,62.0
2005-08-17,0.0,11.4,27.5,65.0,1014.7,5.2,338.0,10.0
2005-08-18,0.2,14.0,26.4,70.0,1016.4,4.6,187.0,42.0
2005-08-19,3.4,16.9,26.5,73.0,1015.4,3.8,142.0,38.0
2005-08-20,10.4,16.4,22.8,85.0,1014.5,5.2,25.0,89.0
2005-08-21,31.2,15.9,19.7,91.0,1010.8,5.9,32.0,97.0
2005-08-22,10.2,13.1,18.3,92.0,1007.7,4.1,324.0,98.0
2005-08-23,4.3,14.4,23.2,83.0,1009.3,2.9,99.0,83.0
2005-08-24,2.8,14.3,23.8,82.0,1012.7,4.1,84.0,47.0
2005-08-25,1.7,15.4,23.8,81.0,1012.9,4.5,193.0,76.0
2005-08-26,3.5,15.9,23.8,86.0,1014.9,3.5,62.0,57.0
2005-08-27,9.6,16.6,21.9,88.0,1017.2,4.6,51.0,97.0
2005-08-28,19.1,16.8,20.9,86.0,1017.5,6.0,42.0,86.0
2005-08-29,0.0,14.7,25.9,75.0,1022.7,5.0,29.0,18.0
2005-08-30,1.1,14.5,26.2,81.0,1022.8,4.1,54.0,16.0
2005-08-31,0.0,16.1,26.4,76.0,1019.2,3.7,25.0,22.0
2005-09-01,0.8,15.1,27.1,75.0,1016.8,3.0,339.0,21.0
2005-09-02,3.2,16.3,28.2,78.0,1019.6,3.8,330.0,59.0
2005-09-03,15.6,17.4,25.8,80.0,1023.5,4.4,14.0,76.0
2005-09-04,6.1,15.4,22.8,82.0,1023.6,5.9,25.0,46.0
2005-09-05,0.0,15.9,22.2,72.0,1020.9,4.9,49.0,41.0
2005-09-06,0.0,11.3,23.0,74.0,1017.8,4.6,56.0,20.0
2005-09-07,0.3,12.6,22.2,83.0,1018.4,5.4,37.0,60.0
2005-09-08,1.4,15.8,24.0,83.0,1020.1,4.4,87.0,69.0
2005-09-09,49.5,16.9,19.5,94.0,1015.5,6.2,39.0,100.0
2005-09-10,1.2,13.7,23.1,83.0,1011.6,4.2,233.0,59.0
2005-09-11,14.2,16.5,21.9,87.0,1010.3,3.9,113.0,61.0
2005-09-12,3.5,15.6,22.4,77.0,1013.7,4.0,278.0,39.0
2005-09-13,0.0,11.4,23.3,72.0,1020.1,3.1,333.0,20.0
2005-09-14,0.1,13.2,23.5,75.0,1020.8,3.5,266.0,30.0
2005-09-15,0.0,12.8,24.5,80.0,1017.8,4.3,158.0,51.0
2005-09-16,1.5,17.7,22.6,84.0,1008.9,3.9,136.0,66.0
2005-09-17,47.2,12.8,20.5,90.0,1005.7,5.7,39.0,90.0
2005-09-18,26.1,11.5,14.8,85.0,1014.9,6.3,6.0,100.0
2005-09-19,0.6,12.9,15.8,81.0,1018.0,2.1,229.0,98.0
2005-09-20,0.3,13.3,17.7,80.0,1016.8,2.3,109.0,84.0
2005-09-21,2.1,13.4,19.2,79.0,1018.0,3.8,75.0,70.0
2005-09-22,0.0,11.9,19.8,73.0,1019.3,3.6,47.0,78.0
2005-09-23,1.2,13.0,20.2,73.0,1018.7,4.0,27.0,54.0
2005-09-24,0.4,13.0,21.6,77.0,1017.9,3.7,33.0,28.0
2005-09-25,1.5,10.2,21.1,79.0,1016.7,4.0,13.0,41.0
2005-09-26,1.2,10.3,21.5,80.0,1020.2,3.2,253.0,44.0
2005-09-27,1.8,12.2,21.3,84.0,1021.8,3.4,25.0,89.0
2005-09-28,1.0,11.9,20.8,86.0,1021.4,3.6,48.0,81.0
2005-09-29,8.1,13.3,20.1,92.0,1016.4,4.2,23.0,86.0
2005-09-30,1.0,9.2,18.9,77.0,1018.7,4.3,358.0,36.0
2005-10-01,0.3,11.8,17.2,72.0,1018.6,4.5,126.0,73.0
2005-10-02,14.5,10.4,14.9,85.0,1014.8,5.9,39.0,93.0
2005-10-03,62.7,11.5,14.0,87.0,1017.4,11.4,21.0,99.0
2005-10-04,3.9,10.4,18.3,84.0,1019.9,5.8,25.0,79.0
2005-10-05,11.6,8.1,17.8,88.0,1020.6,6.5,29.0,82.0
2005-10-06,29.4,14.0,16.7,86.0,1021.6,8.2,36.0,99.0
2005-10-07,19.0,13.3,16.0,84.0,1022.3,9.5,33.0,100.0
2005-10-08,4.4,12.7,17.6,83.0,1020.4,5.6,36.0,98.0
2005-10-09,0.0,9.0,17.8,78.0,1023.4,4.3,42.0,38.0
2005-10-10,0.0,8.3,17.7,75.0,1026.3,5.6,39.0,37.0
2005-10-11,0.0,6.2,17.6,71.0,1024.4,6.5,29.0,14.0
2005-10-12,0.0,6.5,16.4,70.0,1023.3,4.9,30.0,22.0
2005-10-13,0.0,5.4,16.7,76.0,1021.1,4.1,231.0,33.0
2005-10-14,0.0,4.3,16.9,83.0,1025.2,4.1,38.0,1.0
2005-10-15,0.0,5.2,17.5,83.0,1027.9,4.0,340.0,31.0
2005-10-16,0.0,5.3,16.8,87.0,1022.6,4.4,22.0,24.0
2005-10-17,0.0,9.1,13.3,78.0,1022.8,4.0,69.0,57.0
2005-10-18,0.0,7.8,13.0,76.0,1024.4,3.2,106.0,60.0
2005-10-19,1.1,3.0,11.9,85.0,1024.4,3.1,35.0,89.0
2005-10-20,12.0,7.7,10.7,92.0,1020.8,4.1,20.0,100.0
2005-10-21,0.3,10.4,15.1,88.0,1015.8,3.7,237.0,88.0
2005-10-22,0.0,8.5,16.3,85.0,1015.1,3.5,251.0,61.0
2005-10-23,0.0,10.9,16.7,86.0,1017.5,2.9,232.0,84.0
2005-10-24,0.0,8.1,17.5,88.0,1021.8,3.7,197.0,70.0
2005-10-25,0.0,12.4,17.9,86.0,1023.0,4.1,219.0,84.0
2005-10-26,0.0,7.9,17.3,87.0,1024.2,3.3,0.0,52.0
2005-10-27,0.0,8.7,17.2,88.0,1025.5,2.6,223.0,62.0
2005-10-28,0.0,8.4,16.7,89.0,1024.3,2.4,192.0,52.0
2005-10-29,0.0,6.7,17.3,87.0,1023.6,3.3,322.0,18.0
2005-10-30,0.1,5.7,15.0,90.0,1023.5,3.2,73.0,61.0
2005-10-31,0.0,5.7,13.0,91.0,1022.2,2.7,98.0,72.0
2005-11-01,5.7,8.0,12.6,92.0,1022.2,3.1,31.0,92.0
2005-11-02,0.0,11.2,16.5,84.0,1021.8,3.1,283.0,92.0
2005-11-03,1.4,8.7,15.7,89.0,1022.6,2.8,90.0,88.0
2005-11-04,0.0,9.3,13.9,90.0,1022.7,2.5,233.0,98.0
2005-11-05,5.1,10.0,14.3,89.0,1022.3,3.0,66.0,96.0
2005-11-06,53.7,11.2,12.3,88.0,1024.6,10.0,26.0,100.0
2005-11-07,3.7,10.4,15.8,85.0,1024.3,3.4,4.0,78.0
2005-11-08,0.0,5.8,16.9,86.0,1027.4,3.3,343.0,22.0
2005-11-09,0.0,5.4,15.1,84.0,1025.9,3.8,358.0,18.0
2005-11-10,0.0,4.2,15.5,84.0,1029.8,3.2,329.0,28.0
2005-11-11,0.0,3.8,15.0,83.0,1030.4,3.4,338.0,1.0
2005-11-12,0.0,2.4,12.3,89.0,1024.1,3.4,356.0,30.0
2005-11-13,0.0,3.0,11.6,88.0,1022.0,3.6,23.0,91.0
2005-11-14,0.0,2.4,11.2,89.0,1024.8,3.5,346.0,43.0
2005-11-15,0.0,4.5,11.9,89.0,1017.8,2.7,323.0,81.0
2005-11-16,0.0,4.4,10.5,89.0,1003.5,3.5,243.0,76.0
2005-11-17,0.5,2.5,11.8,83.0,1004.6,4.6,26.0,67.0
2005-11-18,0.0,-0.3,8.8,82.0,1015.0,4.1,357.0,38.0
2005-11-19,0.4,-3.7,8.2,78.0,1021.9,3.8,337.0,19.0
2005-11-20,0.0,-4.4,7.4,77.0,1027.6,3.1,292.0,13.0
2005-11-21,0.0,-2.8,7.2,77.0,1022.0,4.6,33.0,15.0
2005-11-22,1.1,-1.6,6.9,78.0,1024.6,4.4,14.0,32.0
2005-11-23,0.0,-2.3,6.2,55.0,1022.4,7.7,41.0,54.0
2005-11-24,0.1,0.8,4.8,63.0,1014.5,3.8,258.0,89.0
2005-11-25,3.5,-0.4,1.5,84.0,1001.8,3.5,48.0,89.0
2005-11-26,13.1,-0.7,2.4,88.0,997.7,5.0,349.0,100.0
2005-11-27,0.2,-3.4,5.2,88.0,996.2,3.3,290.0,86.0
2005-11-28,0.0,-7.1,4.9,80.0,1004.1,3.7,349.0,50.0
2005-11-29,9.6,-5.1,3.2,86.0,1009.6,5.9,355.0,95.0
2005-11-30,0.0,-7.0,8.6,82.0,1009.1,4.8,345.0,41.0
2005-12-01,0.0,-3.0,7.2,71.0,1012.5,4.1,338.0,25.0
2005-12-02,1.8,-3.5,4.7,81.0,1013.6,3.7,9.0,64.0
2005-12-03,29.7,0.2,7.5,93.0,1006.5,6.8,2.0,84.0
2005-12-04,1.0,-3.0,7.8,93.0,1011.1,3.8,14.0,63.0
2005-12-05,6.0,3.0,8.8,92.0,1004.3,3.6,3.0,85.0
2005-12-06,0.6,-1.5,8.5,88.0,1001.5,4.0,322.0,87.0
2005-12-07,0.1,-2.6,8.7,81.0,1011.5,4.9,327.0,49.0
2005-12-08,0.3,-4.1,6.1,83.0,1019.6,5.2,0.0,71.0
2005-12-09,0.1,-1.0,8.5,75.0,1024.6,7.6,11.0,80.0
2005-12-10,0.0,-3.8,5.6,65.0,1033.7,5.7,18.0,0.0
2005-12-11,0.0,-4.2,6.8,64.0,1032.7,5.5,6.0,6.0
2005-12-12,7.3,-1.8,7.0,68.0,1025.7,4.0,11.0,95.0
2005-12-13,0.4,-0.4,9.2,83.0,1024.4,3.3,19.0,72.0
2005-12-14,0.0,-2.6,8.5,82.0,1017.5,3.6,9.0,39.0
2005-12-15,0.0,-4.2,7.1,79.0,1016.0,4.8,301.0,6.0
2005-12-16,0.0,-3.5,4.6,77.0,1004.7,3.4,33.0,54.0
2005-12-17,0.4,-5.5,7.6,79.0,1000.2,5.4,329.0,29.0
2005-12-18,0.0,-5.6,6.2,56.0,1014.5,7.6,300.0,14.0
2005-12-19,0.0,-4.2,4.5,52.0,1024.0,3.9,339.0,42.0
2005-12-20,0.0,-3.5,5.4,66.0,1027.1,2.8,4.0,24.0
2005-12-21,0.0,-3.2,6.3,69.0,1027.8,3.1,5.0,0.0
2005-12-22,0.0,-2.5,4.2,71.0,1028.2,2.9,26.0,46.0
2005-12-23,0.0,-1.8,5.4,73.0,1026.0,2.9,25.0,23.0
2005-12-24,0.0,-1.9,5.9,78.0,1024.7,2.8,60.0,29.0
2005-12-25,0.0,-0.6,4.9,80.0,1018.5,3.4,23.0,92.0
2005-12-26,1.5,-2.1,6.5,84.0,1010.2,4.2,19.0,70.0
2005-12-27,5.6,-1.4,3.0,87.0,1003.9,6.1,37.0,93.0
2005-12-28,12.4,-4.9,2.3,85.0,999.2,6.6,17.0,75.0
2005-12-29,3.2,-10.4,0.3,79.0,1011.0,5.5,1.0,75.0
2005-12-30,0.0,-14.6,2.1,65.0,1016.6,5.2,319.0,6.0
2005-12-31,0.1,-4.9,-0.5,61.0,1017.3,3.2,27.0,91.0
2006-01-01,4.6,-0.9,2.8,82.0,1008.3,2.7,327.0,100.0
2006-01-02,5.2,-0.8,5.1,91.0,1008.8,3.1,327.0,99.0
2006-01-03,0.0,-5.7,8.1,79.0,1017.8,4.9,339.0,70.0
2006-01-04,0.0,-7.7,6.2,69.0,1021.4,5.1,342.0,13.0
2006-01-05,0.0,-5.7,6.8,71.0,1018.3,4.9,344.0,88.0
2006-01-06,0.0,-5.0,7.3,72.0,1019.8,3.6,337.0,59.0
2006-01-07,0.0,-2.4,7.7,79.0,1025.3,4.2,15.0,56.0
2006-01-08,0.0,-3.1,4.3,78.0,1030.0,5.3,25.0,42.0
2006-01-09,0.0,-3.1,4.4,72.0,1030.4,3.3,2.0,7.0
2006-01-10,0.0,-5.1,7.1,62.0,1029.7,3.3,341.0,0.0
2006-01-11,0.0,-4.5,8.6,65.0,1029.2,3.5,334.0,0.0
2006-01-12,0.0,-5.6,7.1,65.0,1030.4,3.9,6.0,1.0
2006-01-13,0.0,-4.5,5.7,68.0,1033.3,3.3,8.0,0.0
2006-01-14,0.0,-5.1,5.0,68.0,1030.8,3.0,41.0,1.0
2006-01-15,0.0,-4.5,2.5,68.0,1031.3,4.3,35.0,7.0
2006-01-16,0.0,-3.6,3.9,65.0,1028.4,3.4,345.0,15.0
2006-01-17,0.1,-4.1,1.0,76.0,1023.2,2.5,351.0,88.0
2006-01-18,0.8,-1.5,4.1,82.0,1009.9,2.5,92.0,68.0
2006-01-19,0.0,-4.5,8.4,77.0,1019.4,3.5,328.0,3.0
2006-01-20,0.0,-4.1,5.3,78.0,1026.3,3.0,19.0,16.0
2006-01-21,0.0,-3.2,4.5,79.0,1021.5,3.2,40.0,45.0
2006-01-22,0.0,-3.6,8.7,74.0,1022.0,3.7,332.0,18.0
2006-01-23,2.0,-2.8,1.4,82.0,1028.7,5.4,72.0,39.0
2006-01-24,0.0,-6.1,2.6,59.0,1034.4,4.3,16.0,0.0
2006-01-25,0.0,-7.0,2.5,57.0,1026.8,2.9,227.0,60.0
2006-01-26,5.3,-5.0,1.0,61.0,1019.2,8.1,36.0,80.0
2006-01-27,29.5,-0.9,1.7,88.0,1022.6,10.7,32.0,100.0
2006-01-28,8.1,1.5,3.9,89.0,1026.2,7.4,23.0,100.0
2006-01-29,0.2,2.3,8.3,90.0,1027.2,4.4,10.0,100.0
2006-01-30,0.0,-1.2,11.2,87.0,1024.9,4.5,354.0,95.0
2006-01-31,0.0,-5.3,11.8,79.0,1019.7,3.7,341.0,38.0
2006-02-01,0.0,-3.4,12.9,68.0,1018.3,3.3,337.0,11.0
2006-02-02,0.0,-2.7,11.3,67.0,1014.7,3.6,352.0,1.0
2006-02-03,0.0,-2.8,10.7,74.0,1013.9,3.8,0.0,8.0
2006-02-04,0.0,-2.7,8.6,79.0,1015.4,5.0,29.0,44.0
2006-02-05,0.0,-1.2,3.8,71.0,1022.5,4.6,115.0,57.0
2006-02-06,0.0,-1.9,3.1,67.0,1023.9,4.3,175.0,58.0
2006-02-07,0.0,-4.3,3.6,73.0,1022.5,2.4,146.0,44.0
2006-02-08,0.1,-4.2,3.2,77.0,1012.0,2.8,88.0,64.0
2006-02-09,0.0,-5.2,7.6,76.0,1006.5,3.2,348.0,27.0
2006-02-10,0.0,-5.2,9.1,62.0,1010.5,5.5,303.0,8.0
2006-02-11,0.0,-4.7,8.7,51.0,1019.5,5.1,319.0,5.0
2006-02-12,0.0,-4.9,7.0,62.0,1024.1,4.2,12.0,9.0
2006-02-13,0.0,-4.7,6.8,69.0,1023.0,3.8,35.0,7.0
2006-02-14,0.0,-4.7,7.2,73.0,1023.3,3.7,53.0,28.0
2006-02-15,1.5,-2.2,4.4,81.0,1018.7,2.6,41.0,95.0
2006-02-16,1.7,-0.3,4.6,92.0,1004.0,2.3,30.0,93.0
2006-02-17,0.3,1.3,11.4,86.0,1000.4,4.2,137.0,76.0
2006-02-18,9.7,-0.6,6.4,95.0,1008.6,5.1,19.0,95.0
2006-02-19,3.9,-2.9,8.9,90.0,1010.6,4.8,23.0,82.0
2006-02-20,21.3,3.5,8.0,97.0,1007.3,5.1,26.0,99.0
2006-02-21,1.4,0.6,8.8,91.0,1011.4,5.5,24.0,99.0
2006-02-22,7.4,0.7,7.8,92.0,1016.3,5.5,22.0,99.0
2006-02-23,1.0,1.0,9.2,85.0,1015.7,5.7,44.0,73.0
2006-02-24,10.0,1.1,7.0,87.0,1008.8,7.7,36.0,100.0
2006-02-25,3.8,3.0,7.4,83.0,1008.6,4.5,72.0,98.0
2006-02-26,1.5,-1.4,6.8,88.0,1009.3,2.7,160.0,96.0
2006-02-27,4.3,-0.9,5.3,83.0,1010.3,6.9,71.0,71.0
2006-02-28,0.0,-3.6,3.9,66.0,1008.1,4.3,78.0,56.0
2006-03-01,0.5,-2.3,5.8,72.0,1007.1,4.2,119.0,63.0
2006-03-02,2.6,-3.8,5.6,78.0,1006.7,4.6,311.0,47.0
2006-03-03,0.0,-5.8,7.1,74.0,1008.7,4.1,17.0,73.0
2006-03-04,0.1,0.7,10.9,84.0,999.6,4.1,212.0,93.0
2006-03-05,20.7,2.4,9.7,87.0,994.5,5.3,70.0,97.0
2006-03-06,0.0,-0.8,8.9,62.0,1008.4,4.8,28.0,51.0
2006-03-07,0.0,-4.6,8.9,53.0,1013.9,5.0,311.0,28.0
2006-03-08,0.0,-2.7,7.6,53.0,1016.7,4.5,172.0,64.0
2006-03-09,0.0,-1.2,8.1,72.0,1009.9,4.3,89.0,67.0
2006-03-10,6.9,1.5,8.6,86.0,1005.6,3.6,341.0,95.0
2006-03-11,3.9,-0.5,11.4,73.0,1003.4,4.3,316.0,55.0
2006-03-12,5.4,-4.5,3.0,63.0,1008.7,10.0,351.0,68.0
2006-03-13,0.0,-4.9,9.2,55.0,1015.8,7.3,331.0,47.0
2006-03-14,0.0,-2.6,9.8,66.0,1017.3,4.6,66.0,14.0
2006-03-15,0.0,-1.4,9.2,78.0,1017.5,3.7,150.0,56.0
2006-03-16,0.0,1.3,8.4,78.0,1017.5,4.8,63.0,79.0
2006-03-17,0.0,0.6,9.5,73.0,1017.8,4.6,86.0,64.0
2006-03-18,0.0,1.6,9.2,70.0,1017.8,4.6,88.0,67.0
2006-03-19,0.0,-1.8,10.4,74.0,1015.1,4.4,160.0,37.0
2006-03-20,0.0,-1.7,11.1,78.0,1013.1,4.0,163.0,32.0
2006-03-21,6.9,1.6,7.3,89.0,1011.2,3.0,49.0,87.0
2006-03-22,0.2,1.5,13.1,82.0,1005.5,3.7,311.0,90.0
2006-03-23,3.9,3.5,13.5,84.0,1005.2,5.0,241.0,86.0
2006-03-24,1.5,4.5,9.6,77.0,1012.2,3.8,106.0,96.0
2006-03-25,0.0,2.8,13.8,78.0,1015.1,3.9,175.0,54.0
2006-03-26,0.0,2.5,15.7,82.0,1020.1,3.6,119.0,84.0
2006-03-27,0.0,6.3,15.5,87.0,1018.4,3.2,172.0,96.0
2006-03-28,9.1,6.9,13.1,93.0,1010.4,4.2,86.0,96.0
2006-03-29,2.5,2.8,17.5,70.0,1008.6,5.9,275.0,34.0
2006-03-30,0.0,1.9,16.5,69.0,1016.8,4.6,237.0,63.0
2006-03-31,0.8,5.2,16.9,79.0,1015.4,4.9,83.0,71.0
2006-04-01,0.2,7.5,16.0,83.0,1017.0,4.6,67.0,98.0
2006-04-02,0.5,6.1,16.9,82.0,1014.9,3.6,84.0,52.0
2006-04-03,7.3,5.1,15.5,86.0,1014.6,4.8,21.0,63.0
2006-04-04,0.1,-0.0,16.0,74.0,1015.7,6.3,234.0,23.0
2006-04-05,2.3,4.6,11.9,79.0,1008.5,5.9,49.0,94.0
2006-04-06,14.4,5.0,8.7,87.0,1008.0,6.8,44.0,80.0
2006-04-07,0.0,3.2,12.5,69.0,1015.5,3.4,189.0,43.0
2006-04-08,0.0,-1.0,15.4,70.0,1016.3,4.5,205.0,2.0
2006-04-09,0.1,2.5,13.6,80.0,1015.7,4.2,150.0,84.0
2006-04-10,10.5,5.4,12.6,93.0,1010.0,6.6,47.0,97.0
2006-04-11,19.6,5.7,12.5,80.0,1005.1,5.9,359.0,85.0
2006-04-12,0.0,-0.3,13.6,69.0,1009.7,4.4,349.0,67.0
2006-04-13,0.0,0.2,16.9,63.0,1011.9,5.0,246.0,21.0
2006-04-14,0.0,1.7,18.1,72.0,1014.2,5.0,86.0,4.0
2006-04-15,1.2,5.4,17.0,79.0,1017.6,4.4,132.0,88.0
2006-04-16,1.0,6.7,16.5,85.0,1014.3,4.8,89.0,78.0
2006-04-17,4.6,6.9,15.9,89.0,1012.8,4.1,71.0,92.0
2006-04-18,2.6,6.5,18.3,80.0,1010.5,6.6,26.0,98.0
2006-04-19,1.5,6.8,18.0,71.0,1012.1,4.5,3.0,60.0
2006-04-20,1.3,5.5,19.5,70.0,1014.8,4.0,272.0,61.0
2006-04-21,2.5,6.7,19.3,70.0,1016.4,4.5,258.0,20.0
2006-04-22,0.4,5.7,21.9,69.0,1015.5,5.1,251.0,9.0
2006-04-23,2.2,7.3,21.0,72.0,1014.5,5.2,55.0,18.0
2006-04-24,1.3,6.9,21.0,71.0,1017.6,5.1,89.0,32.0
2006-04-25,0.0,7.9,22.0,66.0,1018.1,5.0,107.0,79.0
2006-04-26,0.5,9.4,20.8,70.0,1015.5,3.1,9.0,73.0
2006-04-27,6.4,8.6,17.6,81.0,1013.0,4.4,27.0,88.0
2006-04-28,5.4,10.3,18.5,79.0,1009.3,3.9,76.0,90.0
2006-04-29,17.5,9.6,17.0,88.0,1006.1,4.7,65.0,90.0
2006-04-30,17.8,7.5,12.1,76.0,1009.6,8.3,44.0,97.0
2006-05-01,0.0,3.8,15.9,73.0,1013.1,4.9,147.0,91.0
2006-05-02,1.6,9.6,17.1,80.0,1018.5,4.1,109.0,71.0
2006-05-03,0.0,9.1,19.9,74.0,1020.9,3.9,102.0,37.0
2006-05-04,0.0,8.0,19.5,70.0,1020.9,6.5,65.0,32.0
2006-05-05,0.0,10.7,19.0,57.0,1022.8,7.1,63.0,62.0
2006-05-06,1.8,7.9,19.9,59.0,1020.3,3.7,6.0,42.0
2006-05-07,3.3,6.1,19.6,72.0,1018.0,5.4,69.0,28.0
2006-05-08,5.0,7.8,18.1,80.0,1016.8,4.2,112.0,76.0
2006-05-09,48.3,9.8,12.5,92.0,1012.5,7.1,27.0,100.0
2006-05-10,0.4,7.7,20.2,71.0,1011.5,4.9,284.0,36.0
2006-05-11,2.8,7.8,20.3,72.0,1014.7,4.7,222.0,30.0
2006-05-12,0.0,9.9,22.1,70.0,1019.7,6.4,176.0,50.0
2006-05-13,0.0,9.6,21.5,71.0,1019.4,6.1,148.0,64.0
2006-05-14,12.1,11.6,18.6,88.0,1017.9,3.5,47.0,75.0
2006-05-15,0.0,7.2,20.7,78.0,1021.4,5.0,213.0,73.0
2006-05-16,0.2,8.8,22.8,77.0,1019.5,5.2,171.0,74.0
2006-05-17,0.0,12.1,23.8,82.0,1017.6,4.7,121.0,68.0
2006-05-18,0.0,15.5,23.1,83.0,1018.2,4.6,123.0,93.0
2006-05-19,1.5,14.2,24.2,79.0,1011.7,6.5,117.0,58.0
2006-05-20,1.2,14.9,21.0,78.0,1007.9,5.7,67.0,94.0
2006-05-21,2.0,12.4,22.4,80.0,1008.8,5.6,135.0,76.0
2006-05-22,0.5,13.5,23.7,77.0,1012.4,5.4,107.0,41.0
2006-05-23,2.4,11.6,23.2,79.0,1013.7,5.5,95.0,65.0
2006-05-24,8.5,12.9,17.8,88.0,1017.6,5.4,58.0,86.0
2006-05-25,0.0,9.1,19.9,75.0,1021.6,4.5,188.0,69.0
2006-05-26,0.0,8.5,23.2,73.0,1020.5,4.5,184.0,78.0
2006-05-27,0.0,10.9,23.2,83.0,1019.1,4.9,79.0,87.0
2006-05-28,0.2,13.2,26.5,83.0,1014.9,5.6,183.0,88.0
2006-05-29,16.7,12.3,17.8,88.0,1008.3,7.7,54.0,92.0
2006-05-30,11.2,9.5,14.8,82.0,1003.5,5.5,314.0,87.0
2006-05-31,2.2,3.7,15.7,70.0,1011.0,5.1,25.0,51.0
2006-06-01,1.5,4.3,18.5,63.0,1015.6,5.0,9.0,51.0
2006-06-02,1.4,8.7,19.6,62.0,1016.1,6.7,13.0,86.0
2006-06-03,0.0,10.4,20.8,54.0,1015.0,5.5,319.0,86.0
2006-06-04,0.9,6.8,22.3,62.0,1015.7,5.4,290.0,52.0
2006-06-05,4.6,8.6,19.3,78.0,1017.5,5.9,42.0,89.0
2006-06-06,9.3,9.9,18.0,80.0,1020.4,4.6,59.0,62.0
2006-06-07,1.3,7.1,19.1,71.0,1023.4,4.2,319.0,24.0
2006-06-08,2.0,8.4,19.1,72.0,1024.7,4.5,87.0,53.0
2006-06-09,0.5,10.5,20.5,68.0,1023.8,3.6,355.0,55.0
2006-06-10,0.6,8.8,24.3,71.0,1020.2,5.6,278.0,60.0
2006-06-11,0.9,13.4,20.6,71.0,1025.0,4.4,136.0,48.0
2006-06-12,0.0,10.0,23.8,64.0,1026.6,5.1,90.0,15.0
2006-06-13,3.0,10.8,26.2,73.0,1022.1,4.6,254.0,24.0
2006-06-14,0.2,13.6,27.4,76.0,1017.7,4.5,104.0,18.0
2006-06-15,0.5,14.9,28.2,74.0,1017.8,4.9,115.0,24.0
2006-06-16,0.0,15.4,28.4,68.0,1018.0,5.1,159.0,69.0
2006-06-17,2.5,16.1,28.1,72.0,1018.0,5.0,106.0,48.0
2006-06-18,0.1,15.5,28.8,75.0,1018.9,5.2,131.0,48.0
2006-06-19,0.0,15.3,29.1,73.0,1017.7,5.9,224.0,59.0
2006-06-20,0.3,16.9,30.1,70.0,1017.9,5.0,109.0,55.0
2006-06-21,0.4,16.8,31.2,74.0,1015.6,4.7,116.0,36.0
2006-06-22,1.8,16.6,28.5,77.0,1012.8,4.6,39.0,53.0
2006-06-23,1.7,17.2,28.4,71.0,1012.6,6.2,42.0,40.0
2006-06-24,1.3,17.7,29.4,68.0,1014.8,5.1,76.0,43.0
2006-06-25,0.2,18.9,30.1,69.0,1015.1,4.1,340.0,51.0
2006-06-26,0.0,18.2,30.7,71.0,1014.9,6.1,80.0,17.0
2006-06-27,0.0,17.5,32.1,68.0,1016.3,4.8,194.0,18.0
2006-06-28,0.4,18.2,31.6,68.0,1015.4,5.0,62.0,55.0
2006-06-29,9.9,19.3,26.7,74.0,1014.5,6.5,346.0,61.0
2006-06-30,0.0,15.5,30.3,58.0,1016.1,6.1,318.0,4.0
2006-07-01,3.6,20.4,26.9,65.0,1018.1,4.4,29.0,38.0
2006-07-02,3.6,18.6,25.0,75.0,1017.9,3.9,26.0,50.0
2006-07-03,1.3,18.4,26.0,71.0,1017.1,3.8,40.0,55.0
2006-07-04,0.6,16.6,25.7,69.0,1018.6,4.5,86.0,53.0
2006-07-05,0.0,17.9,26.9,66.0,1020.4,4.5,102.0,69.0
2006-07-06,3.5,16.8,26.4,70.0,1019.7,5.3,101.0,50.0
2006-07-07,3.4,17.2,25.0,78.0,1016.7,3.8,43.0,84.0
2006-07-08,3.7,14.1,26.6,73.0,1016.2,4.3,23.0,53.0
2006-07-09,0.7,15.7,29.2,66.0,1018.0,3.8,313.0,41.0
2006-07-10,0.6,16.9,29.8,63.0,1021.1,4.1,1.0,27.0
2006-07-11,1.2,17.8,31.0,62.0,1021.3,3.6,300.0,25.0
2006-07-12,5.6,18.8,29.7,68.0,1019.4,4.2,347.0,78.0
2006-07-13,2.7,17.7,30.6,67.0,1018.0,4.4,352.0,59.0
2006-07-14,3.8,17.9,29.7,68.0,1018.5,3.6,338.0,38.0
2006-07-15,1.0,19.3,28.6,66.0,1020.8,5.2,101.0,51.0
2006-07-16,0.9,19.6,25.4,65.0,1022.6,4.7,64.0,63.0
2006-07-17,0.0,19.3,27.3,60.0,1022.4,4.1,143.0,50.0
2006-07-18,0.0,17.2,28.3,62.0,1021.7,4.0,124.0,22.0
2006-07-19,0.0,14.5,31.6,60.0,1020.9,4.2,219.0,0.0
2006-07-20,0.0,15.4,33.5,53.0,1019.6,3.9,237.0,0.0
2006-07-21,0.0,16.8,34.3,49.0,1018.0,4.0,13.0,0.0
2006-07-22,1.1,17.1,33.4,50.0,1015.6,4.4,19.0,20.0
2006-07-23,0.7,18.7,32.8,60.0,1015.2,4.8,352.0,45.0
2006-07-24,2.6,19.5,31.3,63.0,1016.7,4.9,9.0,38.0
2006-07-25,1.2,19.3,32.2,63.0,1016.4,3.7,5.0,43.0
2006-07-26,2.3,20.4,31.2,69.0,1016.3,3.8,326.0,86.0
2006-07-27,3.5,21.3,31.6,66.0,1015.4,3.9,323.0,40.0
2006-07-28,5.5,20.2,30.3,74.0,1011.5,4.2,314.0,48.0
2006-07-29,2.8,17.6,27.6,75.0,1008.5,3.0,294.0,52.0
2006-07-30,0.0,17.4,30.2,65.0,1011.3,4.0,32.0,28.0
2006-07-31,7.1,18.8,29.0,72.0,1013.3,3.5,357.0,68.0
2006-08-01,10.5,19.8,25.7,84.0,1009.8,4.6,27.0,93.0
2006-08-02,3.4,17.5,24.2,75.0,1007.6,7.1,68.0,49.0
2006-08-03,25.0,16.4,20.2,80.0,1002.6,5.6,29.0,76.0
2006-08-04,2.0,12.5,21.4,75.0,1004.7,4.9,291.0,94.0
2006-08-05,4.6,10.7,22.8,76.0,1010.4,3.3,285.0,33.0
2006-08-06,0.3,12.3,26.6,70.0,1010.2,3.7,325.0,85.0
2006-08-07,0.0,13.7,29.0,66.0,1007.9,3.7,339.0,62.0
2006-08-08,3.4,12.9,26.9,64.0,1008.2,4.1,343.0,36.0
2006-08-09,4.0,14.5,24.4,72.0,1010.2,4.6,32.0,63.0
2006-08-10,3.8,13.8,24.2,75.0,1010.4,4.3,12.0,48.0
2006-08-11,4.7,12.6,21.3,76.0,1009.6,4.7,41.0,84.0
2006-08-12,8.4,14.0,19.0,80.0,1005.7,4.7,32.0,89.0
2006-08-13,0.0,8.8,20.9,71.0,1007.1,4.6,143.0,70.0
2006-08-14,5.1,11.1,20.5,80.0,1010.0,4.4,122.0,59.0
2006-08-15,0.2,11.4,23.1,75.0,1013.4,5.3,97.0,49.0
2006-08-16,12.3,13.8,19.4,89.0,1012.1,5.9,25.0,84.0
2006-08-17,3.3,12.6,24.7,85.0,1011.5,3.7,46.0,67.0
2006-08-18,1.2,17.7,27.5,72.0,1011.8,6.2,247.0,36.0
2006-08-19,0.1,15.6,25.7,73.0,1017.4,3.7,11.0,51.0
2006-08-20,2.2,15.7,26.2,78.0,1017.4,4.9,243.0,36.0
2006-08-21,4.3,16.1,24.3,70.0,1017.4,6.2,38.0,33.0
2006-08-22,1.1,13.7,24.9,76.0,1015.1,4.3,209.0,30.0
2006-08-23,4.1,15.7,23.4,80.0,1014.2,4.6,59.0,53.0
2006-08-24,4.6,15.7,22.7,84.0,1011.4,4.1,345.0,81.0
2006-08-25,8.2,15.6,21.2,83.0,1007.7,5.8,61.0,62.0
2006-08-26,2.6,12.3,22.5,76.0,1009.2,4.4,49.0,38.0
2006-08-27,4.0,13.0,22.0,75.0,1010.7,3.0,350.0,53.0
2006-08-28,11.0,11.0,21.4,86.0,1010.4,3.4,276.0,75.0
2006-08-29,2.8,12.0,22.5,80.0,1005.2,4.8,45.0,69.0
2006-08-30,3.6,10.5,22.4,71.0,1010.7,5.3,316.0,28.0
2006-08-31,0.0,8.5,23.8,68.0,1020.1,5.0,331.0,2.0
2006-09-01,0.0,11.4,23.5,75.0,1021.0,4.9,91.0,12.0
2006-09-02,0.0,11.1,24.6,75.0,1017.9,4.4,185.0,21.0
2006-09-03,0.0,13.4,26.0,76.0,1019.4,4.3,151.0,41.0
2006-09-04,0.0,15.0,27.1,78.0,1022.3,3.9,112.0,18.0
2006-09-05,0.0,16.1,27.5,85.0,1020.8,4.1,80.0,34.0
2006-09-06,0.0,17.4,28.4,80.0,1018.4,4.8,68.0,27.0
2006-09-07,1.7,17.8,27.3,81.0,1015.6,4.5,89.0,38.0
2006-09-08,5.6,17.9,26.3,82.0,1016.6,4.5,17.0,76.0
2006-09-09,0.5,16.2,22.0,67.0,1024.4,6.2,86.0,43.0
2006-09-10,0.0,10.6,23.9,64.0,1025.1,5.1,47.0,25.0
2006-09-11,0.0,12.6,24.0,65.0,1023.9,5.1,52.0,48.0
2006-09-12,0.0,11.7,24.4,68.0,1021.8,5.0,37.0,22.0
2006-09-13,0.1,11.3,24.0,68.0,1020.3,4.6,79.0,11.0
2006-09-14,4.6,13.0,20.9,80.0,1016.3,7.0,38.0,86.0
2006-09-15,77.8,16.1,19.3,93.0,1008.4,12.3,53.0,100.0
2006-09-16,17.4,15.7,21.4,89.0,1008.8,6.2,31.0,90.0
2006-09-17,51.1,14.5,17.7,92.0,1008.5,10.8,45.0,98.0
2006-09-18,1.4,11.2,21.9,82.0,1009.9,3.1,327.0,86.0
2006-09-19,3.0,13.2,22.2,83.0,1012.1,3.6,7.0,51.0
2006-09-20,1.7,11.2,22.6,82.0,1017.1,3.7,67.0,37.0
2006-09-21,0.0,15.3,22.7,81.0,1019.1,3.7,156.0,42.0
2006-09-22,0.0,14.8,23.9,81.0,1016.2,4.0,165.0,37.0
2006-09-23,0.0,14.7,21.0,80.0,1017.0,4.4,55.0,57.0
2006-09-24,0.0,10.0,20.9,74.0,1016.8,4.8,54.0,39.0
2006-09-25,3.5,12.8,17.9,87.0,1012.7,5.7,49.0,92.0
2006-09-26,0.0,11.6,23.8,76.0,1009.4,5.6,11.0,95.0
2006-09-27,0.0,11.5,23.9,71.0,1011.6,4.5,338.0,31.0
2006-09-28,0.0,11.8,23.2,74.0,1011.6,3.0,258.0,43.0
2006-09-29,0.0,11.8,22.6,80.0,1013.6,3.9,242.0,59.0
2006-09-30,0.6,12.2,22.3,81.0,1015.7,4.3,140.0,70.0
2006-10-01,0.0,14.5,22.9,83.0,1016.9,4.0,237.0,84.0
2006-10-02,0.1,17.2,23.0,82.0,1016.3,4.6,205.0,65.0
2006-10-03,9.2,16.5,22.1,87.0,1010.3,4.4,169.0,77.0
2006-10-04,13.6,14.0,22.3,87.0,1006.7,4.6,268.0,72.0
2006-10-05,3.3,8.7,18.3,77.0,1016.4,5.4,39.0,23.0
2006-10-06,0.0,7.4,18.9,74.0,1020.5,3.8,30.0,41.0
2006-10-07,0.8,9.5,17.6,82.0,1015.8,3.0,339.0,72.0
2006-10-08,0.0,6.5,20.2,77.0,1021.1,4.9,331.0,2.0
2006-10-09,0.0,6.5,19.8,77.0,1022.1,3.3,343.0,7.0
2006-10-10,0.0,7.1,21.2,76.0,1020.9,3.9,4.0,2.0
2006-10-11,0.0,6.9,19.8,74.0,1018.6,4.5,28.0,2.0
2006-10-12,0.0,6.1,19.3,80.0,1020.1,3.5,1.0,21.0
2006-10-13,0.0,8.5,21.0,79.0,1024.2,3.6,7.0,43.0
2006-10-14,0.6,11.7,18.3,79.0,1025.5,6.1,42.0,84.0
2006-10-15,0.0,8.6,19.1,66.0,1024.6,6.0,39.0,24.0
2006-10-16,0.0,5.5,17.5,79.0,1021.9,4.9,65.0,32.0
2006-10-17,0.0,9.2,15.4,65.0,1022.3,3.5,74.0,45.0
2006-10-18,0.0,3.0,14.9,80.0,1018.3,3.6,34.0,50.0
2006-10-19,1.1,7.6,15.2,83.0,1013.7,4.6,55.0,93.0
2006-10-20,2.3,11.0,15.0,88.0,1009.1,3.0,358.0,93.0
2006-10-21,1.5,9.3,15.4,93.0,1010.2,3.0,328.0,94.0
2006-10-22,0.0,8.7,17.9,88.0,1013.0,4.5,281.0,84.0
2006-10-23,1.4,11.1,16.5,90.0,1012.6,2.2,271.0,98.0
2006-10-24,9.4,12.7,20.4,92.0,1007.8,3.5,237.0,73.0
2006-10-25,1.0,11.3,19.0,91.0,1015.0,3.9,22.0,82.0
2006-10-26,0.0,10.2,19.0,86.0,1020.7,4.2,331.0,51.0
2006-10-27,0.0,8.3,18.5,88.0,1023.6,2.6,105.0,34.0
2006-10-28,0.0,9.3,22.7,83.0,1023.5,2.4,322.0,65.0
2006-10-29,0.0,10.0,21.0,84.0,1015.3,3.5,332.0,17.0
2006-10-30,0.0,7.8,18.4,76.0,1015.8,4.3,322.0,67.0
2006-10-31,0.2,12.4,16.0,78.0,1017.5,2.4,191.0,82.0
2006-11-01,1.2,8.8,16.1,83.0,1008.8,3.7,44.0,63.0
2006-11-02,0.0,4.3,10.8,40.0,1018.1,6.5,5.0,1.0
2006-11-03,0.0,0.7,11.7,49.0,1022.5,5.9,305.0,13.0
2006-11-04,0.0,0.4,10.3,65.0,1028.8,3.6,311.0,27.0
2006-11-05,0.0,-2.0,11.2,76.0,1026.1,3.2,1.0,56.0
2006-11-06,0.0,0.3,12.3,79.0,1023.8,3.4,356.0,86.0
2006-11-07,0.0,0.2,13.6,79.0,1025.4,3.6,12.0,19.0
2006-11-08,0.0,1.0,11.9,86.0,1027.3,3.6,26.0,12.0
2006-11-09,0.0,4.3,15.3,87.0,1025.4,4.0,358.0,28.0
2006-11-10,0.0,2.1,14.3,74.0,1027.7,4.2,22.0,27.0
2006-11-11,0.0,4.4,11.3,70.0,1027.2,2.9,338.0,78.0
2006-11-12,0.0,1.4,10.9,83.0,1013.3,3.7,41.0,62.0
2006-11-13,0.0,0.7,13.3,80.0,1014.6,3.5,315.0,38.0
2006-11-14,0.0,1.4,11.6,85.0,1018.3,3.5,46.0,26.0
2006-11-15,0.0,1.7,12.8,86.0,1023.4,3.0,4.0,37.0
2006-11-16,0.0,6.3,14.0,89.0,1021.7,2.8,305.0,67.0
2006-11-17,0.0,5.5,14.1,92.0,1020.0,3.5,350.0,84.0
2006-11-18,3.1,8.2,14.6,93.0,1019.9,3.4,1.0,96.0
2006-11-19,0.2,5.9,14.1,91.0,1022.9,4.1,278.0,77.0
2006-11-20,2.3,6.0,12.8,90.0,1018.4,3.8,20.0,61.0
2006-11-21,2.5,6.2,11.4,89.0,1009.8,3.5,9.0,88.0
2006-11-22,6.4,3.6,11.1,88.0,997.3,5.1,328.0,80.0
2006-11-23,0.0,-0.7,11.4,74.0,1006.4,4.5,351.0,61.0
2006-11-24,0.0,0.9,10.6,83.0,1015.0,3.5,342.0,83.0
2006-11-25,0.0,5.6,13.0,90.0,1019.7,2.5,300.0,71.0
2006-11-26,0.0,5.1,12.4,94.0,1024.5,2.9,360.0,64.0
2006-11-27,0.0,4.3,11.9,91.0,1027.7,2.5,352.0,53.0
2006-11-28,0.0,3.4,12.0,89.0,1026.5,2.7,304.0,79.0
2006-11-29,0.0,1.4,11.8,86.0,1026.4,2.6,6.0,29.0
2006-11-30,0.0,0.8,13.7,81.0,1032.3,3.4,343.0,2.0
2006-12-01,0.0,0.7,10.8,85.0,1032.9,3.5,3.0,11.0
2006-12-02,0.0,-0.9,8.5,86.0,1028.9,3.0,11.0,42.0
2006-12-03,0.0,2.0,8.3,88.0,1023.2,2.1,358.0,92.0
2006-12-04,0.0,4.7,8.8,88.0,1016.4,2.2,316.0,68.0
2006-12-05,0.0,1.6,10.2,88.0,1018.1,3.3,33.0,66.0
2006-12-06,6.1,5.3,10.8,93.0,1014.5,4.2,14.0,99.0
2006-12-07,7.7,8.2,12.6,96.0,1014.1,2.7,346.0,94.0
2006-12-08,4.3,7.6,12.2,96.0,1012.6,3.7,59.0,96.0
2006-12-09,52.7,5.3,11.9,94.0,1006.9,6.7,67.0,89.0
2006-12-10,0.4,1.5,10.6,86.0,1023.7,4.4,345.0,52.0
2006-12-11,0.0,-2.2,9.6,76.0,1030.2,3.6,333.0,2.0
2006-12-12,0.0,-2.2,8.0,76.0,1026.7,3.1,358.0,49.0
2006-12-13,0.0,-1.7,10.7,78.0,1028.8,3.0,333.0,44.0
2006-12-14,0.0,-2.1,11.7,77.0,1033.1,3.2,344.0,0.0
2006-12-15,0.0,-2.1,9.9,77.0,1034.4,2.6,346.0,6.0
2006-12-16,0.0,-0.8,7.7,84.0,1031.0,2.9,31.0,56.0
2006-12-17,0.7,3.8,8.6,87.0,1026.1,2.4,358.0,97.0
2006-12-18,19.2,3.7,6.7,94.0,1019.6,5.5,25.0,99.0
2006-12-19,0.0,-1.0,8.0,79.0,1022.8,4.0,360.0,56.0
2006-12-20,0.0,-2.5,6.2,70.0,1030.0,3.7,346.0,1.0
2006-12-21,0.0,-3.0,8.8,66.0,1032.8,4.6,1.0,5.0
2006-12-22,0.0,-1.8,8.5,59.0,1036.1,5.0,3.0,1.0
2006-12-23,0.0,-3.4,8.9,68.0,1036.2,3.8,346.0,0.0
2006-12-24,0.0,-3.0,9.6,72.0,1031.7,4.1,345.0,0.0
2006-12-25,0.0,-2.3,10.1,77.0,1028.0,3.7,4.0,0.0
2006-12-26,0.0,-2.7,6.7,79.0,1032.5,3.2,8.0,1.0
2006-12-27,0.0,-3.4,6.4,80.0,1033.7,3.2,352.0,1.0
2006-12-28,0.0,-1.6,3.8,83.0,1031.2,1.9,14.0,22.0
2006-12-29,0.0,-2.0,4.2,81.0,1030.6,2.5,26.0,35.0
2006-12-30,0.0,-2.8,5.8,81.0,1035.1,2.7,358.0,49.0
2006-12-31,0.0,-1.2,6.4,85.0,1036.3,2.7,54.0,87.0
2007-01-01,0.1,-0.6,5.9,90.0,1028.3,2.1,15.0,91.0
2007-01-02,1.6,-1.4,7.9,87.0,1016.9,5.3,320.0,85.0
2007-01-03,0.0,-2.9,10.0,67.0,1024.3,5.0,314.0,19.0
2007-01-04,0.3,-0.7,6.2,76.0,1022.4,3.2,14.0,76.0
2007-01-05,0.0,-2.1,8.6,78.0,1020.9,2.8,349.0,18.0
2007-01-06,0.0,-0.8,8.2,79.0,1026.3,2.9,33.0,57.0
2007-01-07,0.0,-1.1,7.6,87.0,1024.9,2.9,31.0,48.0
2007-01-08,0.3,2.2,8.0,92.0,1020.5,3.3,296.0,86.0
2007-01-09,1.1,1.2,7.6,91.0,1023.0,1.9,10.0,92.0
2007-01-10,0.0,-0.2,8.3,92.0,1028.2,2.3,24.0,65.0
2007-01-11,0.0,2.2,8.7,92.0,1025.7,2.6,174.0,75.0
2007-01-12,0.0,0.3,11.5,87.0,1020.5,3.0,358.0,38.0
2007-01-13,0.0,-0.6,9.4,84.0,1026.2,2.5,17.0,24.0
2007-01-14,0.0,0.8,8.1,84.0,1027.4,2.4,49.0,34.0
2007-01-15,0.0,-0.6,11.7,86.0,1030.8,3.2,321.0,26.0
2007-01-16,0.0,-0.3,6.9,90.0,1029.0,2.5,80.0,94.0
2007-01-17,0.0,2.3,8.1,89.0,1027.1,2.5,300.0,67.0
2007-01-18,0.0,0.8,7.4,91.0,1022.5,3.1,303.0,95.0
2007-01-19,0.0,-0.1,12.6,87.0,1012.6,3.5,25.0,20.0
2007-01-20,0.0,0.7,10.9,89.0,1019.9,3.2,27.0,59.0
2007-01-21,0.5,1.2,9.6,92.0,1016.7,2.9,83.0,81.0
2007-01-22,4.8,4.9,9.1,96.0,1015.3,4.3,23.0,100.0
2007-01-23,44.6,5.7,8.0,95.0,1003.3,8.0,25.0,100.0
2007-01-24,4.4,0.3,6.7,91.0,993.7,4.2,340.0,80.0
2007-01-25,1.9,-0.4,4.2,74.0,1008.6,7.9,36.0,92.0
2007-01-26,0.0,-3.2,2.7,72.0,1018.6,5.3,28.0,68.0
2007-01-27,0.0,-3.9,7.6,64.0,1019.5,4.2,321.0,0.0
2007-01-28,0.0,-3.6,8.1,66.0,1025.6,4.7,351.0,10.0
2007-01-29,0.0,-3.6,8.1,75.0,1017.4,4.5,12.0,37.0
2007-01-30,0.0,-3.3,10.1,78.0,1021.1,3.9,354.0,1.0
2007-01-31,0.0,-2.2,7.8,84.0,1022.8,3.1,15.0,7.0
2007-02-01,0.0,-1.2,6.7,86.0,1021.0,3.3,43.0,62.0
2007-02-02,0.0,0.4,11.0,83.0,1027.7,3.4,294.0,21.0
2007-02-03,0.0,-1.5,9.2,86.0,1024.1,2.9,19.0,22.0
2007-02-04,0.0,-0.8,10.9,73.0,1026.8,4.8,281.0,4.0
2007-02-05,0.0,-3.3,7.5,79.0,1020.5,3.2,66.0,36.0
2007-02-06,3.8,-1.2,5.6,90.0,1008.5,3.4,32.0,88.0
2007-02-07,0.7,1.0,7.3,88.0,1004.3,3.3,61.0,92.0
2007-02-08,1.2,1.2,8.5,88.0,1005.1,3.1,219.0,95.0
2007-02-09,3.8,0.3,11.1,87.0,1006.9,4.3,45.0,83.0
2007-02-10,0.3,3.4,10.4,88.0,1009.2,4.0,6.0,85.0
2007-02-11,0.0,-0.3,11.2,87.0,1010.2,3.7,330.0,61.0
2007-02-12,7.3,1.4,9.3,92.0,1006.8,4.6,24.0,97.0
2007-02-13,4.5,3.3,14.6,79.0,1003.2,4.6,298.0,57.0
2007-02-14,0.0,-1.8,11.8,80.0,1013.7,3.7,2.0,57.0
2007-02-15,1.7,2.6,10.7,88.0,1014.9,3.5,352.0,68.0
2007-02-16,0.0,-0.3,11.2,85.0,1021.7,4.0,20.0,52.0
2007-02-17,0.0,3.3,10.1,77.0,1023.9,3.4,30.0,70.0
2007-02-18,0.0,0.9,8.3,76.0,1021.9,4.5,76.0,54.0
2007-02-19,0.0,-2.3,10.6,77.0,1014.9,3.3,355.0,8.0
2007-02-20,0.0,-1.7,13.1,77.0,1014.1,4.2,336.0,10.0
2007-02-21,0.0,2.4,13.0,84.0,1016.2,3.9,84.0,56.0
2007-02-22,0.0,4.1,12.3,88.0,1014.5,3.4,156.0,75.0
2007-02-23,0.3,7.4,12.4,86.0,1013.9,3.2,81.0,69.0
2007-02-24,2.7,2.5,11.7,91.0,1012.8,3.4,60.0,85.0
2007-02-25,3.3,3.8,9.8,93.0,1010.3,5.1,48.0,99.0
2007-02-26,1.4,1.6,12.6,81.0,1006.4,3.0,288.0,70.0
2007-02-27,0.0,-0.5,14.6,75.0,1012.2,4.6,300.0,18.0
2007-02-28,0.0,1.0,12.0,81.0,1009.9,4.4,69.0,85.0
2007-03-01,0.1,2.7,12.8,85.0,1007.0,3.3,165.0,89.0
2007-03-02,0.1,2.8,16.3,81.0,1004.3,4.0,331.0,49.0
2007-03-03,0.3,3.9,15.4,82.0,1009.3,5.7,317.0,65.0
2007-03-04,0.0,1.2,15.7,70.0,1018.0,5.2,328.0,13.0
2007-03-05,0.0,2.6,15.2,73.0,1022.1,5.1,48.0,40.0
2007-03-06,0.5,5.0,12.9,85.0,1023.0,5.5,62.0,91.0
2007-03-07,26.0,8.0,11.8,94.0,1011.0,6.0,51.0,100.0
2007-03-08,6.3,7.4,13.3,84.0,1012.0,3.8,28.0,95.0
2007-03-09,0.9,3.6,14.7,78.0,1022.6,3.9,332.0,44.0
2007-03-10,1.0,1.7,14.4,72.0,1024.3,4.7,20.0,74.0
2007-03-11,0.0,-2.3,14.4,58.0,1029.5,6.5,11.0,24.0
2007-03-12,0.0,-1.1,15.4,64.0,1027.6,4.6,6.0,0.0
2007-03-13,0.0,1.0,17.8,67.0,1025.0,3.8,325.0,25.0
2007-03-14,0.0,2.7,18.8,71.0,1026.4,4.5,306.0,0.0
2007-03-15,0.0,6.0,16.7,74.0,1026.1,4.4,96.0,14.0
2007-03-16,0.0,3.9,17.1,79.0,1022.8,3.7,117.0,16.0
2007-03-17,0.0,3.9,18.5,80.0,1019.1,4.7,120.0,64.0
2007-03-18,0.0,8.6,16.2,79.0,1011.6,5.4,193.0,65.0
2007-03-19,23.2,3.0,11.6,88.0,990.8,6.5,168.0,95.0
2007-03-20,13.0,1.4,5.0,88.0,988.1,9.0,25.0,99.0
2007-03-21,0.1,-4.2,10.7,68.0,997.1,4.4,359.0,83.0
2007-03-22,0.0,-5.3,10.8,59.0,1006.5,5.2,25.0,23.0
2007-03-23,0.0,-2.6,11.7,61.0,1003.7,4.8,283.0,56.0
2007-03-24,0.3,-1.2,10.1,69.0,1003.4,8.2,42.0,81.0
2007-03-25,13.0,4.7,10.4,78.0,1013.2,13.3,39.0,100.0
2007-03-26,7.0,5.9,14.6,66.0,1018.1,10.7,46.0,63.0
2007-03-27,0.0,2.6,13.2,61.0,1019.0,9.5,41.0,65.0
2007-03-28,0.0,4.1,12.9,60.0,1017.6,5.7,60.0,88.0
2007-03-29,0.2,3.6,12.7,68.0,1017.4,4.2,103.0,58.0
2007-03-30,15.5,3.4,9.2,87.0,1013.4,4.9,13.0,99.0
2007-03-31,20.1,5.4,10.7,90.0,1015.4,5.3,14.0,92.0
2007-04-01,0.2,3.0,14.3,79.0,1024.8,4.1,348.0,73.0
2007-04-02,0.6,4.7,16.0,74.0,1025.2,3.7,15.0,44.0
2007-04-03,5.0,3.6,16.5,81.0,1012.8,4.1,320.0,58.0
2007-04-04,4.3,7.9,16.1,74.0,1006.8,9.2,54.0,85.0
2007-04-05,0.0,7.6,14.8,63.0,1014.5,4.9,133.0,25.0
2007-04-06,0.0,2.1,18.4,72.0,1017.9,4.7,227.0,4.0
2007-04-07,1.4,5.5,19.1,73.0,1018.5,5.3,157.0,22.0
2007-04-08,3.7,7.0,17.5,76.0,1019.2,4.2,20.0,75.0
2007-04-09,0.0,5.2,18.9,76.0,1018.6,4.8,246.0,27.0
2007-04-10,0.0,5.9,19.5,78.0,1018.6,5.2,87.0,17.0
2007-04-11,0.6,6.6,19.7,79.0,1021.0,4.1,89.0,21.0
2007-04-12,0.0,7.4,21.1,73.0,1021.9,5.1,72.0,7.0
2007-04-13,0.0,7.3,21.2,73.0,1021.8,4.9,60.0,33.0
2007-04-14,0.0,8.6,22.6,68.0,1020.9,6.8,45.0,9.0
2007-04-15,0.0,8.2,23.1,61.0,1020.8,6.1,34.0,1.0
2007-04-16,1.0,9.9,21.6,63.0,1019.5,6.0,50.0,28.0
2007-04-17,0.0,9.9,20.2,59.0,1018.6,5.2,134.0,22.0
2007-04-18,2.0,7.2,20.4,74.0,1015.7,4.4,86.0,67.0
2007-04-19,3.2,10.8,16.8,75.0,1017.7,5.7,86.0,49.0
2007-04-20,0.0,6.2,20.1,76.0,1016.3,4.8,145.0,25.0
2007-04-21,1.3,10.4,18.8,83.0,1018.0,4.4,114.0,85.0
2007-04-22,0.8,12.5,21.1,74.0,1021.1,4.1,53.0,44.0
2007-04-23,1.5,9.4,23.0,77.0,1021.9,4.4,290.0,25.0
2007-04-24,4.0,10.4,23.2,81.0,1018.7,3.8,356.0,85.0
2007-04-25,2.0,13.3,21.1,73.0,1017.3,4.7,65.0,61.0
2007-04-26,0.0,13.7,20.4,62.0,1019.7,6.0,73.0,56.0
2007-04-27,0.0,9.4,21.9,60.0,1021.7,4.8,69.0,14.0
2007-04-28,0.0,7.1,23.1,62.0,1020.6,4.7,200.0,4.0
2007-04-29,2.4,9.4,23.4,70.0,1014.9,4.4,83.0,18.0
2007-04-30,2.0,11.5,20.0,75.0,1010.9,5.6,57.0,91.0
2007-05-01,2.3,10.7,18.8,69.0,1011.7,5.3,73.0,62.0
2007-05-02,12.2,9.5,14.5,76.0,1014.7,8.0,46.0,87.0
2007-05-03,3.6,10.7,17.6,75.0,1013.0,3.7,150.0,93.0
2007-05-04,28.4,10.8,14.0,89.0,1008.4,7.5,41.0,100.0
2007-05-05,8.3,11.3,17.6,84.0,1006.5,5.4,52.0,88.0
2007-05-06,2.5,7.1,19.4,77.0,1009.5,3.1,334.0,71.0
2007-05-07,0.0,7.9,22.9,66.0,1013.9,6.0,256.0,35.0
2007-05-08,0.1,8.6,24.6,71.0,1012.5,4.5,236.0,73.0
2007-05-09,0.0,13.1,24.9,75.0,1012.5,5.4,75.0,86.0
2007-05-10,0.6,14.9,23.7,79.0,1015.5,4.9,132.0,45.0
2007-05-11,0.2,13.8,24.1,76.0,1012.3,6.1,219.0,49.0
2007-05-12,2.1,15.0,22.9,81.0,1012.0,4.4,75.0,64.0
2007-05-13,1.4,13.3,22.9,79.0,1015.5,5.6,70.0,43.0
2007-05-14,4.0,12.6,24.8,80.0,1013.4,5.6,80.0,57.0
2007-05-15,5.3,11.8,20.6,76.0,1009.8,6.3,289.0,58.0
2007-05-16,0.5,8.3,19.1,64.0,1012.9,5.3,150.0,57.0
2007-05-17,1.3,9.1,19.2,74.0,1008.9,4.6,351.0,78.0
2007-05-18,0.2,7.0,21.1,66.0,1012.5,5.5,122.0,14.0
2007-05-19,0.0,11.0,21.6,68.0,1014.8,4.2,127.0,36.0
2007-05-20,0.0,9.7,24.7,66.0,1015.4,4.2,266.0,21.0
2007-05-21,0.4,11.5,26.5,70.0,1016.1,3.7,187.0,17.0
2007-05-22,1.5,13.0,29.3,69.0,1014.7,4.5,313.0,33.0
2007-05-23,3.0,15.6,28.2,67.0,1014.8,4.3,349.0,43.0
2007-05-24,2.4,14.9,27.7,70.0,1014.7,4.4,313.0,33.0
2007-05-25,3.0,14.7,26.7,78.0,1011.7,4.8,295.0,66.0
2007-05-26,7.2,14.4,25.6,79.0,1007.7,4.3,274.0,74.0
2007-05-27,23.3,15.2,21.0,90.0,1003.8,5.3,56.0,93.0
2007-05-28,29.6,11.9,18.4,89.0,995.6,6.9,101.0,82.0
2007-05-29,13.6,10.9,16.7,77.0,999.4,4.4,306.0,98.0
2007-05-30,0.6,9.3,18.8,73.0,1010.4,5.7,78.0,47.0
2007-05-31,3.8,11.3,19.8,82.0,1014.3,5.3,116.0,81.0
2007-06-01,27.1,13.0,17.9,89.0,1013.3,7.5,61.0,99.0
2007-06-02,9.8,13.3,20.5,80.0,1015.0,6.6,26.0,88.0
2007-06-03,0.0,11.3,23.9,72.0,1016.8,5.4,55.0,42.0
2007-06-04,1.4,12.5,23.7,79.0,1016.5,4.8,21.0,80.0
2007-06-05,0.2,14.4,24.7,74.0,1013.5,6.2,30.0,86.0
2007-06-06,1.4,14.2,22.5,76.0,1012.2,5.9,20.0,95.0
2007-06-07,0.9,14.7,21.2,75.0,1014.1,6.8,44.0,68.0
2007-06-08,2.9,12.4,24.3,78.0,1015.9,3.8,26.0,51.0
2007-06-09,1.9,12.9,25.7,70.0,1016.6,3.6,50.0,46.0
2007-06-10,3.2,13.4,26.1,73.0,1014.7,4.5,264.0,40.0
2007-06-11,10.5,15.1,23.4,86.0,1013.1,3.0,344.0,97.0
2007-06-12,6.8,15.7,22.4,88.0,1010.7,3.3,100.0,98.0
2007-06-13,3.7,14.4,23.7,88.0,1010.2,3.8,280.0,88.0
2007-06-14,6.6,14.3,23.7,87.0,1011.1,3.5,200.0,84.0
2007-06-15,33.5,16.2,23.3,90.0,1009.2,4.5,78.0,76.0
2007-06-16,4.9,12.9,23.9,82.0,1009.1,5.1,161.0,43.0
2007-06-17,0.6,14.0,24.7,77.0,1012.3,6.1,182.0,50.0
2007-06-18,0.2,15.0,26.1,75.0,1012.9,5.3,216.0,78.0
2007-06-19,0.1,18.3,26.9,79.0,1015.4,4.6,114.0,51.0
2007-06-20,0.2,16.4,28.5,80.0,1013.9,4.9,153.0,51.0
2007-06-21,6.5,19.1,26.7,80.0,1011.1,4.7,216.0,46.0
2007-06-22,2.9,19.7,26.7,73.0,1010.9,5.6,221.0,49.0
2007-06-23,1.4,15.2,23.7,77.0,1011.6,5.5,77.0,35.0
2007-06-24,0.0,15.1,26.1,76.0,1015.6,5.1,64.0,28.0
2007-06-25,0.2,14.6,27.9,74.0,1010.3,5.0,207.0,21.0
2007-06-26,0.0,16.5,26.4,62.0,1002.4,10.1,224.0,39.0
2007-06-27,9.9,13.7,22.4,71.0,1006.4,5.4,13.0,51.0
2007-06-28,0.4,11.3,22.0,73.0,1012.6,4.7,92.0,40.0
2007-06-29,2.7,14.3,22.8,79.0,1015.7,4.5,88.0,66.0
2007-06-30,0.5,13.8,24.3,74.0,1016.8,4.9,70.0,67.0
2007-07-01,0.8,15.9,25.4,77.0,1015.3,4.3,113.0,69.0
2007-07-02,17.5,17.0,24.4,84.0,1010.8,3.9,313.0,72.0
2007-07-03,9.3,14.2,23.1,84.0,1010.1,4.8,146.0,89.0
2007-07-04,21.7,13.8,23.5,82.0,1004.8,5.8,167.0,68.0
2007-07-05,2.7,9.9,22.0,76.0,1011.7,4.1,305.0,25.0
2007-07-06,0.0,10.5,26.2,70.0,1013.0,5.3,219.0,24.0
2007-07-07,0.1,15.1,26.9,75.0,1015.0,5.1,95.0,23.0
2007-07-08,0.4,15.3,26.6,79.0,1017.0,5.2,62.0,35.0
2007-07-09,12.4,16.9,24.7,81.0,1011.1,4.7,278.0,66.0
2007-07-10,7.0,14.2,21.1,73.0,1008.6,5.5,5.0,59.0
2007-07-11,3.0,12.3,21.0,66.0,1013.3,3.6,320.0,62.0
2007-07-12,3.8,10.1,23.3,73.0,1016.9,4.1,46.0,25.0
2007-07-13,0.0,12.9,25.2,78.0,1020.0,5.2,109.0,33.0
2007-07-14,0.0,13.4,28.7,77.0,1020.8,4.9,171.0,13.0
2007-07-15,0.0,15.2,29.8,74.0,1020.8,4.9,179.0,1.0
2007-07-16,0.0,15.8,30.6,72.0,1019.5,5.1,167.0,1.0
2007-07-17,0.0,16.7,31.6,68.0,1017.8,4.7,182.0,0.0
2007-07-18,0.0,16.5,32.3,67.0,1016.7,4.8,146.0,1.0
2007-07-19,0.0,17.5,32.1,66.0,1015.1,3.7,43.0,0.0
2007-07-20,0.2,18.1,32.3,62.0,1013.4,3.8,83.0,3.0
2007-07-21,0.0,19.0,31.4,67.0,1012.4,4.5,80.0,4.0
2007-07-22,0.0,18.8,29.3,64.0,1009.9,7.3,231.0,11.0
2007-07-23,0.0,16.9,28.3,66.0,1009.1,6.2,81.0,18.0
2007-07-24,2.0,17.9,26.9,70.0,1005.3,6.6,242.0,25.0
2007-07-25,0.0,14.6,27.1,63.0,1013.3,5.7,54.0,17.0
2007-07-26,0.0,15.7,27.8,60.0,1015.2,5.4,78.0,10.0
2007-07-27,0.6,15.3,30.0,67.0,1014.4,4.5,89.0,8.0
2007-07-28,2.9,18.0,29.5,70.0,1013.7,4.0,27.0,24.0
2007-07-29,8.2,19.1,26.6,75.0,1012.3,5.5,9.0,48.0
2007-07-30,8.1,16.8,25.8,79.0,1008.2,7.8,52.0,63.0
2007-07-31,1.1,15.6,22.3,60.0,1015.5,5.4,98.0,48.0
2007-08-01,0.0,14.2,24.1,56.0,1017.6,4.5,116.0,32.0
2007-08-02,0.0,12.2,27.0,68.0,1015.5,4.0,221.0,38.0
2007-08-03,17.5,16.6,22.5,82.0,1016.5,5.5,33.0,64.0
2007-08-04,0.0,12.8,25.9,73.0,1020.4,4.9,233.0,20.0
2007-08-05,2.0,17.4,24.9,71.0,1018.2,4.7,112.0,52.0
2007-08-06,0.0,15.6,26.9,64.0,1013.4,4.0,172.0,28.0
2007-08-07,1.8,15.4,28.3,71.0,1010.4,3.6,7.0,68.0
2007-08-08,24.4,18.0,24.1,83.0,1009.2,4.3,83.0,93.0
2007-08-09,26.8,15.7,21.3,83.0,1007.7,5.3,63.0,68.0
2007-08-10,0.7,12.5,24.2,75.0,1007.2,3.8,39.0,65.0
2007-08-11,3.6,14.1,24.2,79.0,1008.8,4.5,210.0,72.0
2007-08-12,4.3,15.7,25.2,83.0,1009.9,3.8,64.0,50.0
2007-08-13,4.7,15.6,24.8,84.0,1011.8,4.0,6.0,61.0
2007-08-14,11.6,15.6,24.2,85.0,1014.0,4.0,265.0,67.0
2007-08-15,0.0,15.4,27.6,78.0,1013.7,4.4,128.0,15.0
2007-08-16,1.1,16.6,27.8,83.0,1011.7,4.6,131.0,49.0
2007-08-17,3.5,17.7,26.6,80.0,1013.1,4.4,15.0,27.0
2007-08-18,0.2,16.5,24.3,74.0,1014.1,6.4,36.0,64.0
2007-08-19,0.0,14.2,25.7,73.0,1010.8,4.5,3.0,39.0
2007-08-20,16.5,15.7,20.3,86.0,1006.6,4.3,1.0,94.0
2007-08-21,11.8,14.1,19.4,89.0,1008.0,4.4,51.0,97.0
2007-08-22,1.9,12.4,22.1,81.0,1011.9,4.3,72.0,60.0
2007-08-23,1.5,15.6,22.0,83.0,1015.7,3.9,44.0,88.0
2007-08-24,0.7,12.6,23.6,85.0,1022.0,4.2,301.0,48.0
2007-08-25,0.0,13.8,27.2,76.0,1024.4,4.0,313.0,48.0
2007-08-26,0.0,15.9,28.3,72.0,1023.5,3.9,8.0,35.0
2007-08-27,2.0,16.3,27.7,74.0,1019.6,3.6,233.0,25.0
2007-08-28,4.2,16.1,26.8,79.0,1014.4,4.1,82.0,62.0
2007-08-29,2.6,17.7,25.0,86.0,1012.3,4.0,37.0,89.0
2007-08-30,15.4,15.8,20.6,89.0,1009.7,6.0,21.0,77.0
2007-08-31,0.3,14.9,21.2,74.0,1013.9,6.3,51.0,69.0
2007-09-01,0.3,12.4,23.6,73.0,1016.4,4.4,320.0,48.0
2007-09-02,2.1,14.5,21.7,74.0,1018.2,4.4,51.0,56.0
2007-09-03,4.3,12.1,22.3,77.0,1013.4,4.4,164.0,67.0
2007-09-04,14.3,10.6,18.6,81.0,1010.8,5.9,43.0,62.0
2007-09-05,0.3,5.6,19.3,55.0,1016.6,7.3,319.0,29.0
2007-09-06,0.2,10.0,18.2,60.0,1015.8,5.6,290.0,98.0
2007-09-07,0.0,8.3,22.6,71.0,1016.3,4.6,41.0,17.0
2007-09-08,0.0,10.1,22.1,81.0,1017.4,4.6,28.0,41.0
2007-09-09,3.6,11.9,21.8,87.0,1014.6,4.2,39.0,40.0
2007-09-10,1.3,12.2,20.6,85.0,1014.8,4.9,53.0,54.0
2007-09-11,0.0,12.5,22.3,80.0,1011.5,5.3,55.0,32.0
2007-09-12,0.0,9.5,21.3,77.0,1020.9,4.9,89.0,22.0
2007-09-13,0.0,12.8,20.8,79.0,1023.3,4.4,119.0,41.0
2007-09-14,0.0,9.8,23.3,78.0,1020.7,4.8,178.0,41.0
2007-09-15,0.0,11.2,23.6,81.0,1020.3,4.5,89.0,43.0
2007-09-16,0.7,14.2,23.5,85.0,1021.3,4.5,101.0,59.0
2007-09-17,6.1,16.0,21.2,89.0,1017.3,3.5,68.0,75.0
2007-09-18,11.5,14.8,23.9,84.0,1010.0,5.6,292.0,75.0
2007-09-19,0.0,9.9,19.0,63.0,1018.8,5.7,66.0,22.0
2007-09-20,0.0,12.5,17.9,65.0,1024.5,3.9,105.0,61.0
2007-09-21,0.0,8.9,19.9,71.0,1025.8,4.2,14.0,21.0
2007-09-22,0.0,7.7,21.6,77.0,1024.4,4.0,56.0,17.0
2007-09-23,0.0,9.5,23.1,75.0,1023.5,4.7,24.0,32.0
2007-09-24,0.0,8.7,22.0,73.0,1020.2,4.6,78.0,14.0
2007-09-25,0.0,9.6,19.9,78.0,1014.5,5.2,74.0,41.0
2007-09-26,97.7,11.9,14.6,89.0,1008.8,9.5,31.0,96.0
2007-09-27,26.8,10.0,14.4,89.0,1004.9,9.3,55.0,91.0
2007-09-28,20.5,9.3,15.1,82.0,1007.5,5.2,277.0,90.0
2007-09-29,0.6,7.4,16.8,83.0,1019.7,4.7,30.0,69.0
2007-09-30,0.0,8.3,19.0,81.0,1025.1,3.5,330.0,59.0
2007-10-01,0.0,8.2,21.6,81.0,1025.5,3.7,319.0,73.0
2007-10-02,0.0,9.0,22.6,81.0,1021.5,3.4,309.0,42.0
2007-10-03,0.0,9.7,23.3,84.0,1020.2,3.3,214.0,27.0
2007-10-04,0.3,13.2,22.8,87.0,1021.0,3.1,83.0,97.0
2007-10-05,0.0,13.9,22.2,88.0,1019.9,3.2,160.0,88.0
2007-10-06,24.0,12.1,17.9,94.0,1016.8,5.8,53.0,86.0
2007-10-07,0.0,9.2,18.7,78.0,1018.5,5.2,47.0,30.0
2007-10-08,0.0,8.0,18.3,78.0,1020.5,3.7,29.0,25.0
2007-10-09,0.0,7.8,18.4,79.0,1021.9,5.5,34.0,88.0
2007-10-10,0.0,8.7,17.2,74.0,1020.5,5.2,37.0,85.0
2007-10-11,0.0,6.8,17.0,79.0,1021.9,3.5,337.0,72.0
2007-10-12,0.0,7.6,18.8,80.0,1019.1,4.0,296.0,53.0
2007-10-13,0.0,8.0,18.4,78.0,1020.1,4.0,18.0,35.0
2007-10-14,0.5,9.7,14.7,80.0,1025.2,3.9,101.0,73.0
2007-10-15,0.0,4.6,15.7,79.0,1025.0,3.8,28.0,12.0
2007-10-16,0.0,5.1,15.5,80.0,1025.7,4.0,69.0,3.0
2007-10-17,0.0,5.1,15.3,85.0,1023.8,3.6,94.0,52.0
2007-10-18,3.1,7.0,15.1,87.0,1020.1,3.4,49.0,68.0
2007-10-19,0.2,1.0,15.0,78.0,1022.8,5.3,348.0,28.0
2007-10-20,0.9,1.4,11.5,66.0,1024.3,5.3,26.0,49.0
2007-10-21,0.1,-0.1,12.1,59.0,1021.3,3.9,349.0,15.0
2007-10-22,1.3,0.1,11.1,69.0,1012.5,6.6,322.0,89.0
2007-10-23,0.8,3.3,11.3,78.0,1010.7,4.4,360.0,78.0
2007-10-24,12.3,6.7,11.3,85.0,1016.2,5.4,27.0,99.0
2007-10-25,0.0,4.3,13.6,78.0,1020.1,4.9,19.0,93.0
2007-10-26,15.4,9.1,11.2,83.0,1021.0,7.6,21.0,100.0
2007-10-27,0.6,9.5,16.5,88.0,1024.5,3.7,5.0,82.0
2007-10-28,3.1,8.0,13.8,92.0,1022.5,4.3,33.0,85.0
2007-10-29,0.0,3.6,14.6,88.0,1019.9,3.5,9.0,72.0
2007-10-30,14.0,8.1,10.7,92.0,1015.0,5.5,30.0,99.0
2007-10-31,1.9,8.0,16.4,76.0,1019.0,4.4,353.0,57.0
2007-11-01,0.0,4.4,13.8,68.0,1026.0,3.3,357.0,23.0
2007-11-02,0.0,1.9,15.3,78.0,1027.4,3.0,325.0,10.0
2007-11-03,0.0,3.3,16.3,78.0,1024.8,3.4,326.0,14.0
2007-11-04,0.0,3.9,16.6,82.0,1018.6,3.3,321.0,18.0
2007-11-05,4.3,8.2,10.9,87.0,1024.1,3.7,37.0,79.0
2007-11-06,0.0,7.1,12.3,78.0,1022.0,3.1,32.0,67.0
2007-11-07,0.0,0.9,12.2,81.0,1021.0,4.1,343.0,47.0
2007-11-08,0.0,0.4,11.8,84.0,1017.0,3.8,24.0,13.0
2007-11-09,0.1,0.9,13.9,68.0,1009.3,6.1,314.0,50.0
2007-11-10,0.0,-1.5,11.6,58.0,1012.6,8.5,273.0,21.0
2007-11-11,0.0,-1.5,12.2,79.0,1007.7,4.4,20.0,36.0
2007-11-12,0.0,0.2,12.3,69.0,1009.9,5.2,333.0,29.0
2007-11-13,0.0,-2.5,10.3,59.0,1014.4,4.5,330.0,38.0
2007-11-14,0.4,0.2,7.1,75.0,1003.2,4.0,2.0,68.0
2007-11-15,0.0,-2.9,8.8,56.0,1008.8,6.1,351.0,42.0
2007-11-16,0.0,-3.5,7.1,54.0,1019.5,6.1,359.0,12.0
2007-11-17,0.0,-3.0,7.4,60.0,1019.5,4.2,321.0,59.0
2007-11-18,0.0,-2.5,7.5,72.0,1013.7,4.2,353.0,77.0
2007-11-19,0.0,-1.7,8.2,78.0,1018.6,3.8,334.0,67.0
2007-11-20,0.0,-1.5,7.3,82.0,1023.6,2.8,70.0,97.0
2007-11-21,0.0,-0.8,6.5,89.0,1023.7,2.8,41.0,91.0
2007-11-22,5.6,1.4,8.5,93.0,1020.5,4.2,13.0,98.0
2007-11-23,19.9,6.9,11.5,94.0,1016.9,5.9,20.0,100.0
2007-11-24,39.0,9.6,11.4,96.0,1018.2,6.6,11.0,100.0
2007-11-25,0.5,5.2,12.6,91.0,1017.3,5.3,259.0,79.0
2007-11-26,0.6,2.1,12.4,81.0,1014.9,4.4,327.0,51.0
2007-11-27,0.1,-1.3,9.5,81.0,1022.8,4.4,19.0,44.0
2007-11-28,0.0,1.4,7.7,85.0,1024.4,4.1,26.0,74.0
2007-11-29,0.0,-0.5,7.0,85.0,1016.8,3.5,34.0,44.0
2007-11-30,0.0,-2.3,8.9,85.0,1012.4,3.2,14.0,21.0
2007-12-01,0.0,-0.8,8.3,85.0,1016.8,3.5,46.0,42.0
2007-12-02,0.0,2.8,9.3,88.0,1018.0,2.8,34.0,74.0
2007-12-03,1.6,0.3,11.7,86.0,1002.7,3.3,310.0,64.0
2007-12-04,0.0,-2.1,11.7,67.0,1011.0,4.4,328.0,38.0
2007-12-05,0.0,0.6,9.7,72.0,1024.0,4.8,8.0,37.0
2007-12-06,0.0,-1.7,10.2,81.0,1021.6,3.3,335.0,60.0
2007-12-07,0.4,1.1,6.7,89.0,1013.3,2.8,43.0,100.0
2007-12-08,2.2,2.9,11.2,88.0,1007.2,5.0,341.0,80.0
2007-12-09,2.0,0.6,6.6,92.0,1005.2,3.0,2.0,91.0
2007-12-10,0.0,-1.2,7.8,89.0,1003.3,3.7,321.0,62.0
2007-12-11,0.0,-1.5,8.8,87.0,1012.6,3.0,334.0,80.0
2007-12-12,0.0,-2.3,8.1,79.0,1020.8,5.2,337.0,84.0
2007-12-13,0.0,-1.8,9.6,76.0,1027.3,4.5,337.0,16.0
2007-12-14,1.5,0.2,5.8,83.0,1026.8,3.9,296.0,48.0
2007-12-15,7.1,-2.1,3.9,77.0,1028.3,3.6,270.0,70.0
2007-12-16,0.0,-0.7,3.7,68.0,1029.8,5.4,14.0,35.0
2007-12-17,0.0,-0.7,4.2,63.0,1031.1,7.1,36.0,24.0
2007-12-18,0.0,-3.6,5.3,55.0,1032.6,4.2,348.0,21.0
2007-12-19,0.0,-3.9,8.3,68.0,1034.8,3.5,330.0,0.0
2007-12-20,0.0,-3.6,8.7,74.0,1034.1,3.0,335.0,0.0
2007-12-21,0.0,-2.8,9.3,72.0,1031.2,3.5,355.0,1.0
2007-12-22,0.0,-1.1,7.2,74.0,1031.5,3.5,10.0,50.0
2007-12-23,0.3,0.2,6.3,82.0,1030.4,2.6,12.0,97.0
2007-12-24,0.0,-1.2,6.7,89.0,1027.4,2.5,331.0,56.0
2007-12-25,0.0,0.5,5.7,84.0,1026.3,4.0,38.0,55.0
2007-12-26,0.0,-1.0,6.8,76.0,1027.9,3.1,344.0,67.0
2007-12-27,0.0,-2.7,7.6,68.0,1032.8,3.3,355.0,32.0
2007-12-28,0.0,-2.9,8.1,73.0,1033.6,2.9,337.0,0.0
2007-12-29,0.0,-2.7,4.9,77.0,1029.6,2.7,14.0,9.0
2007-12-30,0.0,-1.8,4.8,79.0,1023.6,2.6,349.0,88.0
2007-12-31,0.0,-3.1,8.9,74.0,1023.9,3.8,324.0,10.0
2008-01-01,1.5,-0.0,5.2,79.0,1023.3,3.2,334.0,59.0
2008-01-02,1.8,-1.3,3.3,86.0,1023.0,3.1,12.0,82.0
2008-01-03,1.8,-2.5,1.2,77.0,1021.2,5.4,41.0,99.0
2008-01-04,6.7,-0.3,3.7,92.0,1023.7,4.8,13.0,99.0
2008-01-05,9.6,1.2,5.5,94.0,1023.1,3.7,4.0,100.0
2008-01-06,7.2,0.2,7.5,92.0,1016.2,2.1,266.0,62.0
2008-01-07,0.9,-2.2,7.5,89.0,1021.4,3.0,350.0,50.0
2008-01-08,0.0,-1.4,10.0,86.0,1025.7,3.4,342.0,29.0
2008-01-09,0.0,-1.2,6.5,91.0,1025.3,2.5,318.0,88.0
2008-01-10,0.0,0.5,7.7,89.0,1026.5,2.8,16.0,55.0
2008-01-11,5.2,1.4,5.5,95.0,1023.2,2.8,44.0,95.0
2008-01-12,37.2,3.4,8.2,96.0,1012.9,6.5,32.0,100.0
2008-01-13,33.7,5.8,8.6,92.0,1016.9,6.0,22.0,97.0
2008-01-14,0.2,4.7,8.6,90.0,1020.3,2.8,195.0,95.0
2008-01-15,1.4,0.1,7.5,94.0,1020.4,3.8,40.0,96.0
2008-01-16,19.8,4.0,6.8,95.0,1011.9,5.5,45.0,100.0
2008-01-17,24.7,5.5,8.6,89.0,1013.3,7.2,14.0,99.0
2008-01-18,0.1,4.1,10.7,86.0,1021.6,2.7,70.0,74.0
2008-01-19,0.0,2.6,8.5,91.0,1028.2,2.9,359.0,82.0
2008-01-20,0.0,0.6,9.1,86.0,1028.7,1.6,170.0,47.0
2008-01-21,0.2,1.1,5.8,92.0,1024.8,2.0,131.0,87.0
2008-01-22,0.1,-0.7,6.9,85.0,1014.1,3.2,15.0,62.0
2008-01-23,0.0,-3.9,7.7,60.0,1028.2,4.9,331.0,0.0
2008-01-24,0.0,-2.7,9.2,72.0,1032.8,3.3,329.0,1.0
2008-01-25,0.0,-2.0,12.0,76.0,1033.2,3.7,360.0,50.0
2008-01-26,0.0,-2.4,12.2,76.0,1034.1,3.7,334.0,30.0
2008-01-27,0.0,-2.7,11.9,79.0,1023.7,4.4,349.0,82.0
2008-01-28,0.0,-0.9,13.1,76.0,1026.8,5.0,12.0,79.0
2008-01-29,0.0,-1.4,9.1,86.0,1029.9,3.8,21.0,49.0
2008-01-30,0.2,-0.8,7.2,91.0,1025.3,3.1,336.0,83.0
2008-01-31,1.2,1.3,9.1,89.0,1022.4,3.2,23.0,90.0
2008-02-01,0.0,2.9,6.9,92.0,1018.2,3.0,222.0,97.0
2008-02-02,6.2,2.0,7.2,92.0,1014.6,2.9,38.0,90.0
2008-02-03,1.9,1.4,6.2,86.0,1024.6,6.9,51.0,93.0
2008-02-04,14.3,3.3,8.1,92.0,1017.6,5.4,56.0,100.0
2008-02-05,21.1,4.3,11.6,80.0,1018.9,6.1,9.0,64.0
2008-02-06,0.0,-1.4,11.0,83.0,1025.0,3.6,18.0,39.0
2008-02-07,0.0,-1.6,13.1,71.0,1029.1,4.5,341.0,7.0
2008-02-08,0.0,-3.3,9.5,59.0,1035.6,3.5,338.0,4.0
2008-02-09,0.0,-3.0,8.9,67.0,1035.5,3.5,4.0,0.0
2008-02-10,0.0,-3.0,8.7,74.0,1033.9,3.8,15.0,6.0
2008-02-11,0.0,-2.7,8.5,76.0,1033.6,3.5,22.0,3.0
2008-02-12,0.0,-2.8,8.2,75.0,1033.0,3.9,39.0,0.0
2008-02-13,0.0,-2.6,9.3,72.0,1034.1,3.4,338.0,0.0
2008-02-14,0.0,-3.6,11.1,70.0,1031.0,3.3,11.0,0.0
2008-02-15,0.4,-2.1,9.1,74.0,1027.3,5.4,66.0,15.0
2008-02-16,0.7,1.1,3.6,69.0,1035.8,5.5,156.0,79.0
2008-02-17,0.1,-1.6,2.8,62.0,1043.4,4.7,170.0,62.0
2008-02-18,0.0,-3.3,6.9,70.0,1033.0,2.9,51.0,8.0
2008-02-19,0.0,-2.4,8.2,73.0,1027.9,3.7,57.0,0.0
2008-02-20,0.0,-0.9,7.7,82.0,1028.0,3.5,92.0,74.0
2008-02-21,0.0,1.8,10.8,82.0,1028.3,3.6,97.0,43.0
2008-02-22,0.0,-0.1,10.7,86.0,1029.9,3.1,129.0,39.0
2008-02-23,0.0,0.7,10.8,87.0,1029.0,2.9,95.0,43.0
2008-02-24,0.0,0.5,13.2,87.0,1029.1,3.1,106.0,17.0
2008-02-25,0.0,3.1,9.8,92.0,1026.2,2.3,131.0,83.0
2008-02-26,0.0,0.7,10.3,87.0,1022.5,2.7,164.0,65.0
2008-02-27,0.0,4.9,10.4,91.0,1019.4,2.9,134.0,95.0
2008-02-28,0.0,4.2,11.5,88.0,1023.3,4.0,129.0,84.0
2008-02-29,0.5,6.9,13.1,85.0,1022.4,3.9,182.0,84.0
2008-03-01,1.4,6.9,17.2,84.0,1007.3,6.1,232.0,67.0
2008-03-02,0.0,0.3,19.6,71.0,1007.6,4.2,18.0,22.0
2008-03-03,0.5,5.5,14.9,77.0,1009.4,5.6,75.0,49.0
2008-03-04,17.9,2.5,9.0,92.0,1007.3,8.6,54.0,98.0
2008-03-05,0.1,1.1,9.5,63.0,1014.1,8.1,42.0,86.0
2008-03-06,0.0,-3.5,10.0,48.0,1019.3,9.8,30.0,48.0
2008-03-07,7.2,3.4,12.7,75.0,1011.4,7.0,53.0,100.0
2008-03-08,4.5,4.5,9.3,85.0,1011.1,3.2,92.0,94.0
2008-03-09,1.5,5.8,9.8,86.0,1012.2,3.5,156.0,80.0
2008-03-10,6.0,2.9,9.8,92.0,1008.3,3.9,78.0,97.0
2008-03-11,6.0,5.6,12.1,87.0,1001.6,3.9,94.0,87.0
2008-03-12,0.0,2.4,14.5,86.0,1006.7,4.6,84.0,60.0
2008-03-13,0.0,-0.1,14.4,80.0,1011.4,5.4,78.0,17.0
2008-03-14,0.0,1.1,14.2,85.0,1014.4,5.0,71.0,53.0
2008-03-15,0.2,4.4,12.4,90.0,1015.6,4.2,101.0,84.0
2008-03-16,3.2,7.4,12.4,92.0,1009.1,3.4,179.0,86.0
2008-03-17,3.1,2.9,15.0,82.0,1004.9,3.5,25.0,84.0
2008-03-18,8.6,2.8,9.8,87.0,1004.9,6.1,57.0,65.0
2008-03-19,0.6,2.3,9.5,65.0,1010.9,4.6,68.0,47.0
2008-03-20,0.0,-1.3,11.1,58.0,1010.4,4.7,7.0,41.0
2008-03-21,0.6,2.1,10.3,63.0,997.6,5.4,196.0,87.0
2008-03-22,10.4,-2.5,9.9,87.0,987.8,4.8,50.0,60.0
2008-03-23,4.0,-1.9,9.0,85.0,992.3,6.1,29.0,92.0
2008-03-24,8.8,2.8,7.1,82.0,992.1,4.4,28.0,89.0
2008-03-25,0.3,-3.4,9.9,64.0,998.6,3.9,26.0,49.0
2008-03-26,0.1,-3.4,10.0,74.0,1006.1,5.5,62.0,49.0
2008-03-27,3.0,1.3,8.7,84.0,1002.7,6.6,38.0,95.0
2008-03-28,4.1,3.4,13.2,76.0,1010.2,5.4,21.0,79.0
2008-03-29,0.4,1.1,15.4,77.0,1018.4,4.0,31.0,26.0
2008-03-30,0.0,2.3,16.0,75.0,1021.1,5.3,94.0,35.0
2008-03-31,0.0,2.7,15.5,77.0,1015.5,4.9,62.0,79.0
2008-04-01,0.7,4.6,19.5,71.0,1016.9,4.7,243.0,46.0
2008-04-02,4.0,5.5,16.9,80.0,1015.4,3.8,26.0,68.0
2008-04-03,2.5,0.5,12.9,79.0,1015.6,5.1,349.0,45.0
2008-04-04,0.0,0.0,16.3,63.0,1018.5,5.2,328.0,21.0
2008-04-05,1.8,1.4,14.1,72.0,1013.1,3.8,318.0,30.0
2008-04-06,4.1,0.2,12.8,79.0,1002.9,5.2,89.0,67.0
2008-04-07,5.4,5.2,15.5,66.0,998.5,9.2,249.0,45.0
2008-04-08,0.0,3.7,12.4,75.0,1005.7,5.6,47.0,89.0
2008-04-09,6.2,4.2,14.4,87.0,1004.6,4.6,235.0,87.0
2008-04-10,4.3,8.2,13.4,90.0,1003.1,3.1,70.0,99.0
2008-04-11,19.3,8.4,15.6,93.0,1002.5,5.3,41.0,92.0
2008-04-12,11.1,6.9,14.8,90.0,1006.3,2.9,22.0,68.0
2008-04-13,4.7,5.9,12.4,81.0,1016.5,5.6,57.0,83.0
2008-04-14,7.7,3.8,13.7,86.0,1015.6,4.0,78.0,79.0
2008-04-15,18.1,6.4,10.6,87.0,1011.7,4.6,335.0,97.0
2008-04-16,0.1,2.1,15.0,71.0,1014.2,6.3,55.0,64.0
2008-04-17,1.7,6.3,13.5,79.0,1009.2,5.4,79.0,86.0
2008-04-18,19.0,8.1,14.2,83.0,1002.7,5.9,33.0,100.0
2008-04-19,8.2,7.4,17.5,76.0,1001.5,8.8,243.0,64.0
2008-04-20,0.3,4.1,18.6,74.0,1007.1,5.6,157.0,41.0
2008-04-21,14.5,6.6,13.0,89.0,1002.1,6.0,35.0,92.0
2008-04-22,3.0,7.2,14.9,85.0,1001.6,3.2,187.0,75.0
2008-04-23,5.3,4.8,16.7,87.0,1012.4,3.7,77.0,48.0
2008-04-24,4.3,6.4,17.1,75.0,1022.7,5.0,160.0,55.0
2008-04-25,3.2,5.4,17.7,82.0,1023.8,4.3,50.0,57.0
2008-04-26,1.1,3.5,17.8,70.0,1025.3,4.4,49.0,27.0
2008-04-27,0.0,6.4,18.2,60.0,1024.1,4.2,227.0,31.0
2008-04-28,0.0,6.1,19.6,66.0,1015.1,5.2,199.0,70.0
2008-04-29,7.4,9.0,13.0,87.0,1007.4,4.3,132.0,95.0
2008-04-30,4.8,7.5,16.3,87.0,1008.8,4.7,82.0,79.0
2008-05-01,3.8,6.3,18.1,83.0,1012.8,4.6,218.0,54.0
2008-05-02,0.0,5.3,19.7,71.0,1020.8,4.2,273.0,34.0
2008-05-03,0.0,7.2,19.9,72.0,1022.1,4.6,105.0,52.0
2008-05-04,0.6,10.7,18.2,74.0,1021.3,5.6,85.0,58.0
2008-05-05,6.2,8.8,16.8,81.0,1021.8,5.9,70.0,54.0
2008-05-06,0.9,4.6,20.2,69.0,1021.0,4.6,322.0,16.0
2008-05-07,2.4,9.4,19.3,68.0,1020.4,4.2,155.0,41.0
2008-05-08,1.3,10.2,19.9,69.0,1018.1,4.1,181.0,36.0
2008-05-09,2.1,7.7,21.1,73.0,1016.7,4.2,42.0,50.0
2008-05-10,3.1,9.1,20.9,70.0,1017.0,5.5,56.0,32.0
2008-05-11,0.2,9.9,20.1,64.0,1018.7,6.8,58.0,43.0
2008-05-12,0.0,7.9,20.2,62.0,1017.7,6.6,66.0,33.0
2008-05-13,0.0,6.5,21.3,63.0,1015.4,6.0,64.0,9.0
2008-05-14,1.2,7.5,22.1,65.0,1014.0,3.9,252.0,25.0
2008-05-15,7.5,9.2,21.3,77.0,1013.1,4.6,54.0,71.0
2008-05-16,3.1,10.6,21.8,80.0,1012.3,5.6,196.0,71.0
2008-05-17,19.6,13.4,18.0,92.0,1010.9,3.8,95.0,99.0
2008-05-18,46.8,13.6,17.5,93.0,1006.4,5.3,47.0,99.0
2008-05-19,5.9,9.0,19.4,83.0,1005.4,5.6,49.0,96.0
2008-05-20,32.1,12.7,17.3,86.0,1004.3,9.6,44.0,99.0
2008-05-21,5.2,11.1,19.2,81.0,1009.1,6.2,63.0,78.0
2008-05-22,2.7,12.1,19.6,78.0,1011.9,4.1,116.0,62.0
2008-05-23,19.7,11.8,19.3,88.0,1012.6,4.2,104.0,92.0
2008-05-24,11.2,12.5,20.5,84.0,1013.8,4.6,157.0,90.0
2008-05-25,0.0,11.9,23.0,77.0,1015.6,4.3,198.0,91.0
2008-05-26,0.0,13.7,23.6,82.0,1017.6,3.8,191.0,89.0
2008-05-27,0.0,12.1,25.7,80.0,1015.9,4.7,90.0,13.0
2008-05-28,0.0,13.8,26.4,79.0,1014.9,6.2,75.0,38.0
2008-05-29,0.0,14.4,26.4,72.0,1012.9,7.3,68.0,92.0
2008-05-30,28.3,15.0,21.6,84.0,1012.1,4.8,53.0,80.0
2008-05-31,2.7,12.2,22.9,79.0,1015.4,4.8,228.0,49.0
2008-06-01,0.0,11.3,25.7,74.0,1015.7,4.9,233.0,40.0
2008-06-02,7.0,13.7,24.9,82.0,1013.9,4.7,320.0,73.0
2008-06-03,1.1,11.8,24.4,77.0,1011.7,3.9,188.0,83.0
2008-06-04,7.5,14.4,21.9,84.0,1010.7,3.3,4.0,99.0
2008-06-05,22.2,14.8,19.5,92.0,1009.3,3.0,57.0,98.0
2008-06-06,6.8,14.4,18.7,90.0,1010.2,3.8,55.0,95.0
2008-06-07,2.3,12.2,22.5,76.0,1010.5,2.7,340.0,72.0
2008-06-08,4.1,15.5,22.8,75.0,1013.1,5.4,40.0,62.0
2008-06-09,0.2,12.5,24.0,70.0,1017.8,5.2,68.0,60.0
2008-06-10,0.4,12.5,25.0,70.0,1019.4,3.4,184.0,34.0
2008-06-11,2.4,13.0,24.7,76.0,1014.9,5.2,309.0,72.0
2008-06-12,3.3,14.2,22.2,77.0,1010.3,5.1,58.0,82.0
2008-06-13,8.5,12.7,18.5,82.0,1009.0,5.2,54.0,80.0
2008-06-14,3.2,10.3,15.5,76.0,1013.3,5.6,43.0,78.0
2008-06-15,2.2,7.3,18.5,79.0,1013.2,4.1,244.0,77.0
2008-06-16,3.1,12.5,17.9,84.0,1012.0,3.7,52.0,99.0
2008-06-17,14.0,13.0,21.2,88.0,1011.5,4.9,51.0,89.0
2008-06-18,3.5,13.2,23.7,80.0,1014.4,2.1,149.0,54.0
2008-06-19,0.0,12.8,25.4,74.0,1016.5,4.6,210.0,26.0
2008-06-20,2.2,15.2,27.0,76.0,1017.8,3.8,67.0,42.0
2008-06-21,0.5,15.6,27.8,73.0,1019.8,4.2,166.0,25.0
2008-06-22,0.0,16.6,28.4,76.0,1020.1,5.1,192.0,14.0
2008-06-23,0.9,17.0,28.7,80.0,1018.5,4.4,108.0,25.0
2008-06-24,0.0,17.7,29.8,76.0,1017.0,5.7,200.0,33.0
2008-06-25,0.0,20.6,30.5,73.0,1016.0,5.4,152.0,27.0
2008-06-26,0.0,18.9,30.3,73.0,1015.7,4.7,101.0,24.0
2008-06-27,8.6,19.2,28.7,81.0,1014.9,5.1,337.0,55.0
2008-06-28,2.9,18.2,26.9,72.0,1017.9,6.1,53.0,42.0
2008-06-29,1.0,18.3,28.3,72.0,1018.3,4.3,136.0,42.0
2008-06-30,10.2,18.8,27.8,80.0,1017.2,3.8,354.0,55.0
2008-07-01,2.0,19.2,27.6,70.0,1017.2,3.9,13.0,63.0
2008-07-02,4.4,16.9,27.2,78.0,1014.0,4.3,336.0,51.0
2008-07-03,0.0,16.4,27.8,78.0,1011.8,6.2,241.0,39.0
2008-07-04,1.8,15.9,26.8,78.0,1010.0,5.4,182.0,31.0
2008-07-05,2.5,17.5,26.0,78.0,1012.2,5.1,71.0,49.0
2008-07-06,15.2,19.3,25.1,84.0,1012.3,4.3,342.0,83.0
2008-07-07,22.2,17.8,25.6,85.0,1008.8,5.1,190.0,55.0
2008-07-08,9.6,15.7,22.7,80.0,1011.9,6.7,50.0,57.0
2008-07-09,0.0,14.8,24.5,74.0,1015.5,4.9,43.0,40.0
2008-07-10,1.0,14.2,26.1,76.0,1015.8,4.2,123.0,33.0
2008-07-11,1.6,16.0,26.2,81.0,1014.5,4.6,4.0,77.0
2008-07-12,9.0,18.0,26.1,82.0,1011.3,5.0,37.0,59.0
2008-07-13,17.0,17.2,24.5,83.0,1008.5,5.8,344.0,65.0
2008-07-14,12.9,13.7,21.6,82.0,1012.8,4.5,323.0,73.0
2008-07-15,0.0,11.0,25.7,71.0,1023.4,5.5,205.0,7.0
2008-07-16,0.0,13.4,26.4,75.0,1021.0,4.9,157.0,12.0
2008-07-17,1.5,14.8,25.2,76.0,1013.1,4.6,124.0,71.0
2008-07-18,17.7,16.2,21.6,83.0,1012.3,5.6,55.0,69.0
2008-07-19,0.0,13.9,25.0,75.0,1015.6,4.3,179.0,30.0
2008-07-20,4.2,15.0,25.3,83.0,1013.4,4.6,180.0,65.0
2008-07-21,2.1,15.6,22.6,76.0,1012.3,7.9,60.0,65.0
2008-07-22,3.3,12.2,22.6,70.0,1016.5,4.2,19.0,38.0
2008-07-23,0.0,9.9,26.5,61.0,1016.2,4.3,325.0,11.0
2008-07-24,0.0,11.4,26.8,59.0,1013.1,4.8,304.0,14.0
2008-07-25,0.1,14.4,27.9,69.0,1010.3,4.1,54.0,36.0
2008-07-26,4.8,15.8,26.1,80.0,1010.9,3.7,346.0,74.0
2008-07-27,0.4,16.7,27.5,77.0,1014.0,4.8,1.0,72.0
2008-07-28,0.5,16.8,28.5,71.0,1015.6,4.3,17.0,51.0
2008-07-29,1.2,16.0,29.0,74.0,1016.7,4.3,342.0,56.0
2008-07-30,1.2,17.4,29.0,77.0,1018.0,4.1,355.0,68.0
2008-07-31,1.6,18.1,29.4,73.0,1017.8,4.3,352.0,24.0
2008-08-01,8.3,16.9,28.8,79.0,1016.5,3.7,323.0,40.0
2008-08-02,5.8,18.1,28.5,79.0,1016.5,4.6,344.0,32.0
2008-08-03,1.8,17.2,28.4,77.0,1016.2,3.4,357.0,24.0
2008-08-04,1.7,18.7,30.1,78.0,1012.8,4.9,214.0,48.0
2008-08-05,4.8,20.1,28.1,80.0,1012.3,3.5,26.0,62.0
2008-08-06,1.7,20.0,27.6,75.0,1014.8,5.6,60.0,72.0
2008-08-07,0.0,18.5,28.5,74.0,1012.4,4.6,177.0,46.0
2008-08-08,8.1,18.3,25.1,83.0,1008.0,4.8,52.0,55.0
2008-08-09,0.0,13.9,25.9,68.0,1011.2,5.3,305.0,21.0
2008-08-10,1.6,16.1,24.6,74.0,1013.6,4.5,104.0,58.0
2008-08-11,0.2,14.7,26.3,76.0,1010.5,4.2,153.0,29.0
2008-08-12,0.9,16.9,27.6,78.0,1008.7,5.3,101.0,55.0
2008-08-13,2.5,18.0,27.2,82.0,1011.4,4.2,57.0,44.0
2008-08-14,0.8,16.8,27.2,78.0,1013.6,4.3,22.0,41.0
2008-08-15,28.9,17.5,24.4,85.0,1005.4,4.3,3.0,80.0
2008-08-16,13.1,15.1,23.2,71.0,1006.7,4.9,293.0,75.0
2008-08-17,6.4,16.3,21.8,80.0,1012.0,3.9,37.0,72.0
2008-08-18,0.0,12.4,24.8,77.0,1016.9,4.4,222.0,36.0
2008-08-19,0.0,13.6,25.8,77.0,1016.2,4.0,172.0,13.0
2008-08-20,5.5,15.6,24.7,85.0,1014.0,4.1,21.0,51.0
2008-08-21,0.0,16.9,26.3,76.0,1017.4,4.9,38.0,28.0
2008-08-22,0.0,14.5,26.8,77.0,1014.7,4.7,56.0,37.0
2008-08-23,29.3,16.9,22.8,86.0,1008.9,4.8,2.0,56.0
2008-08-24,0.7,10.9,23.4,74.0,1012.4,5.5,93.0,23.0
2008-08-25,0.0,12.6,23.3,73.0,1016.6,3.9,45.0,44.0
2008-08-26,0.0,13.2,25.2,72.0,1020.5,4.2,30.0,20.0
2008-08-27,0.6,15.0,25.5,73.0,1020.5,3.9,11.0,40.0
2008-08-28,1.6,14.7,25.5,75.0,1017.5,3.5,337.0,37.0
2008-08-29,0.0,14.9,27.4,77.0,1015.9,4.7,280.0,44.0
2008-08-30,0.5,15.8,25.2,81.0,1016.5,5.0,65.0,27.0
2008-08-31,0.0,18.2,24.2,81.0,1018.0,5.0,73.0,82.0
2008-09-01,7.0,17.7,24.3,82.0,1016.9,3.4,33.0,60.0
2008-09-02,0.6,14.9,24.6,84.0,1015.8,4.4,49.0,52.0
2008-09-03,2.0,15.6,23.6,86.0,1013.3,3.7,6.0,81.0
2008-09-04,1.0,15.3,25.3,83.0,1012.1,4.0,0.0,57.0
2008-09-05,1.3,15.4,25.0,83.0,1013.1,4.7,44.0,72.0
2008-09-06,1.4,16.2,26.1,85.0,1012.3,4.6,23.0,63.0
2008-09-07,25.5,15.8,24.2,89.0,1010.8,4.4,29.0,58.0
2008-09-08,0.0,12.6,24.1,79.0,1015.1,4.5,14.0,19.0
2008-09-09,0.0,13.6,25.3,75.0,1019.5,3.7,19.0,19.0
2008-09-10,0.0,13.1,26.8,78.0,1018.0,3.5,2.0,27.0
2008-09-11,0.0,15.1,27.9,78.0,1013.7,3.6,342.0,52.0
2008-09-12,5.7,17.1,24.5,83.0,1008.8,4.0,58.0,74.0
2008-09-13,26.5,14.1,19.7,90.0,1008.6,9.0,50.0,99.0
2008-09-14,18.0,11.8,17.0,79.0,1012.2,9.2,57.0,86.0
2008-09-15,4.4,10.9,15.6,75.0,1012.1,2.9,102.0,84.0
2008-09-16,0.0,7.6,18.9,72.0,1012.4,4.2,344.0,41.0
2008-09-17,0.0,7.1,17.0,79.0,1017.5,4.5,67.0,51.0
2008-09-18,0.2,12.3,15.9,81.0,1020.9,4.5,66.0,93.0
2008-09-19,3.3,12.0,16.5,84.0,1019.5,4.0,52.0,82.0
2008-09-20,0.5,11.9,16.6,74.0,1021.0,4.1,165.0,65.0
2008-09-21,12.5,9.8,14.6,85.0,1018.6,3.8,148.0,87.0
2008-09-22,0.6,5.8,17.5,73.0,1015.2,3.9,345.0,26.0
2008-09-23,1.2,7.3,16.6,74.0,1015.1,4.5,24.0,68.0
2008-09-24,0.0,5.8,17.0,73.0,1017.2,4.7,18.0,28.0
2008-09-25,1.7,6.4,18.2,75.0,1019.3,3.7,341.0,58.0
2008-09-26,0.3,6.8,18.7,72.0,1023.7,4.5,359.0,48.0
2008-09-27,0.0,7.5,17.2,64.0,1026.7,5.7,39.0,43.0
2008-09-28,0.0,4.7,17.1,68.0,1024.7,3.9,3.0,16.0
2008-09-29,0.0,4.5,17.9,75.0,1020.1,4.7,232.0,19.0
2008-09-30,0.0,6.7,16.7,81.0,1016.6,3.5,65.0,71.0
2008-10-01,0.0,8.7,18.7,83.0,1012.2,3.8,186.0,69.0
2008-10-02,1.0,10.5,17.3,87.0,1009.7,3.3,18.0,74.0
2008-10-03,14.6,9.5,18.0,89.0,1005.6,4.1,19.0,53.0
2008-10-04,1.8,7.9,16.5,69.0,1011.6,4.2,336.0,38.0
2008-10-05,0.0,3.0,16.4,67.0,1018.1,5.0,347.0,26.0
2008-10-06,0.0,4.8,17.6,74.0,1019.5,4.4,53.0,13.0
2008-10-07,0.0,5.6,18.5,83.0,1020.3,4.2,60.0,52.0
2008-10-08,0.0,10.7,18.2,87.0,1018.8,4.0,29.0,76.0
2008-10-09,0.0,9.0,20.3,83.0,1025.0,3.4,55.0,36.0
2008-10-10,0.0,10.9,20.7,81.0,1031.5,3.8,357.0,26.0
2008-10-11,0.0,8.7,21.1,81.0,1032.4,4.3,312.0,25.0
2008-10-12,0.0,8.5,20.6,85.0,1029.4,3.8,26.0,29.0
2008-10-13,0.0,9.9,22.7,78.0,1024.1,3.8,313.0,51.0
2008-10-14,0.1,9.5,22.3,80.0,1020.3,3.6,3.0,13.0
2008-10-15,0.0,9.5,22.2,82.0,1019.4,4.3,6.0,27.0
2008-10-16,0.2,10.3,19.1,87.0,1015.9,4.7,285.0,88.0
2008-10-17,0.2,10.7,18.2,81.0,1012.8,7.3,43.0,61.0
2008-10-18,0.0,10.5,15.4,66.0,1021.3,4.5,47.0,61.0
2008-10-19,0.0,6.8,17.0,74.0,1024.4,4.0,33.0,19.0
2008-10-20,0.0,5.6,17.4,85.0,1024.6,3.6,39.0,58.0
2008-10-21,0.0,10.4,16.7,88.0,1020.1,3.1,64.0,89.0
2008-10-22,0.0,11.8,17.4,88.0,1018.5,2.9,127.0,90.0
2008-10-23,0.5,12.3,18.0,84.0,1022.5,4.4,46.0,93.0
2008-10-24,0.0,9.5,17.8,81.0,1024.1,3.8,53.0,69.0
2008-10-25,0.0,9.4,17.4,80.0,1027.0,4.5,48.0,53.0
2008-10-26,0.0,9.0,17.3,81.0,1026.0,3.9,29.0,49.0
2008-10-27,0.0,11.3,14.6,88.0,1016.9,2.2,128.0,97.0
2008-10-28,14.4,11.1,14.8,91.0,1009.1,4.8,53.0,92.0
2008-10-29,49.8,11.8,16.5,96.0,1001.9,4.5,36.0,98.0
2008-10-30,18.5,8.6,13.4,79.0,999.7,8.2,203.0,71.0
2008-10-31,29.8,7.7,10.8,92.0,1011.0,7.0,12.0,100.0
2008-11-01,9.2,10.3,17.1,86.0,1010.8,6.1,327.0,75.0
2008-11-02,0.0,6.2,15.9,89.0,1018.3,4.4,47.0,81.0
2008-11-03,16.3,11.3,14.1,92.0,1018.5,7.9,47.0,98.0
2008-11-04,38.3,12.5,15.9,90.0,1018.7,10.0,35.0,99.0
2008-11-05,18.7,10.5,16.8,89.0,1017.6,7.6,44.0,69.0
2008-11-06,0.0,7.6,17.0,82.0,1016.5,4.0,5.0,65.0
2008-11-07,0.0,6.1,15.2,84.0,1016.2,4.0,356.0,85.0
2008-11-08,0.9,5.1,15.0,86.0,1021.2,4.3,6.0,72.0
2008-11-09,0.0,5.9,14.3,86.0,1028.5,3.7,344.0,70.0
2008-11-10,0.0,6.6,13.7,89.0,1029.4,2.7,119.0,77.0
2008-11-11,0.0,6.9,12.7,90.0,1023.8,2.5,262.0,85.0
2008-11-12,10.3,6.9,10.6,92.0,1019.5,4.3,20.0,100.0
2008-11-13,50.5,7.9,9.6,88.0,1017.1,9.6,13.0,100.0
2008-11-14,9.2,6.2,14.4,82.0,1022.5,8.1,16.0,74.0
2008-11-15,0.0,1.1,13.3,79.0,1026.0,5.2,343.0,5.0
2008-11-16,0.0,-2.9,13.0,78.0,1023.3,4.0,336.0,7.0
2008-11-17,0.6,0.9,12.3,80.0,1022.4,5.4,356.0,52.0
2008-11-18,0.8,1.0,7.3,80.0,1020.0,3.8,28.0,97.0
2008-11-19,0.0,-3.0,9.2,82.0,1018.1,3.4,342.0,20.0
2008-11-20,0.0,-1.2,6.7,87.0,1017.2,3.0,7.0,63.0
2008-11-21,0.0,-1.8,7.7,86.0,1002.5,4.2,11.0,76.0
2008-11-22,0.0,-2.8,7.1,62.0,999.2,5.7,316.0,58.0
2008-11-23,0.0,-4.6,6.9,61.0,1006.3,6.6,283.0,16.0
2008-11-24,10.0,-5.1,2.7,79.0,999.4,6.3,7.0,76.0
2008-11-25,0.0,-8.5,7.7,77.0,1004.8,5.0,351.0,67.0
2008-11-26,0.0,-4.6,6.2,68.0,1021.5,4.9,353.0,3.0
2008-11-27,0.0,-3.1,6.1,74.0,1026.5,3.5,357.0,6.0
2008-11-28,26.3,-3.3,4.6,83.0,1013.1,9.5,16.0,94.0
2008-11-29,6.5,1.8,6.6,90.0,1001.4,5.1,32.0,97.0
2008-11-30,27.0,2.5,7.9,93.0,1004.9,6.6,28.0,98.0
2008-12-01,41.8,1.2,7.8,92.0,1000.7,8.8,72.0,91.0
2008-12-02,0.8,-0.1,7.5,91.0,1009.8,3.6,0.0,79.0
2008-12-03,0.4,-4.0,6.7,89.0,1009.4,3.3,306.0,38.0
2008-12-04,0.0,-4.1,6.4,84.0,1006.7,3.5,313.0,51.0
2008-12-05,14.5,0.3,4.7,92.0,1001.4,4.3,354.0,85.0
2008-12-06,0.0,-3.4,7.3,88.0,1007.9,3.3,350.0,55.0
2008-12-07,0.0,-3.6,9.2,80.0,1018.5,4.7,327.0,11.0
2008-12-08,0.0,-3.2,7.9,69.0,1025.9,3.9,333.0,3.0
2008-12-09,0.0,-4.2,5.3,74.0,1023.6,3.1,2.0,55.0
2008-12-10,41.6,0.3,3.7,90.0,1013.6,8.7,14.0,100.0
2008-12-11,32.2,3.3,6.6,92.0,1005.5,8.6,19.0,100.0
2008-12-12,28.7,4.8,6.8,87.0,1005.9,8.6,3.0,100.0
2008-12-13,9.9,3.3,6.6,92.0,1011.3,4.8,27.0,99.0
2008-12-14,9.6,4.5,7.9,87.0,1009.8,9.4,31.0,91.0
2008-12-15,32.2,5.7,7.9,88.0,1013.2,11.8,34.0,100.0
2008-12-16,27.8,7.0,8.7,88.0,1014.5,10.5,28.0,99.0
2008-12-17,2.4,0.1,9.4,90.0,1009.6,4.6,3.0,56.0
2008-12-18,2.1,-2.6,6.5,88.0,1008.9,5.9,328.0,83.0
2008-12-19,0.0,-1.8,6.9,86.0,1017.2,4.3,335.0,61.0
2008-12-20,0.0,-2.4,6.7,84.0,1023.4,4.0,331.0,46.0
2008-12-21,0.0,-2.8,7.0,85.0,1024.4,3.8,355.0,29.0
2008-12-22,0.0,-2.3,8.9,83.0,1027.9,3.7,335.0,13.0
2008-12-23,0.0,-2.3,9.8,85.0,1025.9,4.3,337.0,23.0
2008-12-24,0.0,-2.0,7.7,85.0,1027.5,3.8,356.0,43.0
2008-12-25,3.3,-0.3,8.6,86.0,1023.2,6.2,21.0,74.0
2008-12-26,0.9,-4.2,4.7,62.0,1031.9,9.1,40.0,23.0
2008-12-27,0.0,-6.9,3.0,71.0,1031.1,4.8,350.0,15.0
2008-12-28,0.0,-7.3,3.1,74.0,1028.9,5.0,353.0,65.0
2008-12-29,0.0,-2.4,4.8,76.0,1031.6,4.0,19.0,42.0
2008-12-30,0.0,-5.1,3.5,72.0,1035.5,4.1,22.0,1.0
2008-12-31,0.1,-6.9,3.1,71.0,1033.5,3.0,355.0,15.0
2009-01-01,6.2,-6.6,4.0,85.0,1024.7,4.3,331.0,62.0
2009-01-02,0.0,-8.3,4.1,83.0,1021.1,4.2,355.0,30.0
2009-01-03,0.0,-5.6,1.4,77.0,1022.6,4.5,15.0,23.0
2009-01-04,0.0,-11.5,2.6,72.0,1018.1,3.1,336.0,10.0
2009-01-05,0.0,-7.0,1.7,68.0,1014.4,2.9,350.0,75.0
2009-01-06,0.0,-4.7,2.0,68.0,1016.4,5.8,21.0,98.0
2009-01-07,1.1,-2.7,3.9,81.0,1016.9,5.6,10.0,98.0
2009-01-08,0.3,-0.7,3.4,78.0,1023.0,7.1,42.0,59.0
2009-01-09,0.0,-4.1,3.2,68.0,1029.5,3.3,2.0,3.0
2009-01-10,0.0,-6.2,7.6,69.0,1027.0,3.4,342.0,4.0
2009-01-11,0.0,-4.9,8.0,70.0,1030.2,3.3,351.0,7.0
2009-01-12,0.0,-4.2,6.6,74.0,1030.2,3.7,2.0,3.0
2009-01-13,0.0,-4.3,6.7,76.0,1022.7,4.1,345.0,39.0
2009-01-14,3.8,-0.3,5.8,87.0,1011.3,4.2,337.0,100.0
2009-01-15,6.6,-0.1,5.2,91.0,1017.8,4.5,18.0,86.0
2009-01-16,0.0,-3.8,7.0,87.0,1023.7,3.5,357.0,18.0
2009-01-17,0.0,-2.3,4.8,88.0,1025.0,2.6,28.0,79.0
2009-01-18,0.7,-1.7,4.3,91.0,1019.1,2.3,348.0,97.0
2009-01-19,2.7,-2.6,4.4,93.0,1011.7,3.4,0.0,88.0
2009-01-20,46.2,2.2,6.2,95.0,1001.5,5.9,16.0,100.0
2009-01-21,3.5,4.1,10.0,91.0,1002.2,3.8,346.0,100.0
2009-01-22,3.5,1.6,7.8,90.0,1005.7,4.0,11.0,90.0
2009-01-23,2.3,-2.0,5.4,89.0,996.1,3.4,319.0,73.0
2009-01-24,0.1,-3.0,5.2,88.0,990.4,4.4,46.0,80.0
2009-01-25,0.0,-0.6,10.0,77.0,996.5,4.7,354.0,74.0
2009-01-26,0.8,-1.6,7.8,72.0,1002.4,5.8,28.0,55.0
2009-01-27,13.7,2.3,8.7,87.0,1003.2,4.6,354.0,98.0
2009-01-28,0.6,1.2,8.4,80.0,1007.9,3.3,322.0,89.0
2009-01-29,0.0,-1.3,8.9,83.0,1012.1,3.7,23.0,73.0
2009-01-30,0.0,-0.4,8.7,87.0,1017.4,2.5,5.0,70.0
2009-01-31,1.8,-0.1,5.0,86.0,1016.0,4.4,72.0,95.0
2009-02-01,5.9,-0.7,2.1,83.0,1011.5,5.9,44.0,100.0
2009-02-02,22.9,0.9,4.9,89.0,1009.6,10.6,32.0,100.0
2009-02-03,13.6,1.7,8.9,87.0,1003.3,6.9,28.0,91.0
2009-02-04,0.0,-1.0,10.7,86.0,1000.1,3.5,262.0,37.0
2009-02-05,0.9,2.5,10.5,90.0,1005.6,3.7,358.0,86.0
2009-02-06,26.0,4.8,9.5,97.0,1000.8,6.4,40.0,100.0
2009-02-07,33.1,6.1,9.9,97.0,992.0,7.4,44.0,99.0
2009-02-08,6.9,0.4,8.2,91.0,993.5,3.7,2.0,98.0
2009-02-09,0.8,-2.4,9.3,84.0,1008.0,4.8,41.0,47.0
2009-02-10,1.0,-0.0,7.2,90.0,1006.2,3.6,336.0,85.0
2009-02-11,0.0,-1.9,9.8,66.0,1003.4,5.8,349.0,91.0
2009-02-12,0.0,-3.9,8.1,53.0,1009.3,6.3,321.0,80.0
2009-02-13,0.0,-4.8,6.6,41.0,1012.8,6.4,345.0,23.0
2009-02-14,0.0,-4.9,7.3,50.0,1014.9,5.8,325.0,21.0
2009-02-15,0.0,-4.6,6.5,53.0,1022.1,5.2,304.0,2.0
2009-02-16,0.0,-3.2,7.0,58.0,1022.3,2.8,28.0,39.0
2009-02-17,0.0,-3.2,8.5,66.0,1013.7,3.4,358.0,62.0
2009-02-18,0.0,-2.7,5.3,53.0,1016.7,5.0,66.0,8.0
2009-02-19,0.0,-2.1,5.7,59.0,1021.0,2.9,168.0,16.0
2009-02-20,0.0,-4.1,7.0,64.0,1025.4,3.5,26.0,35.0
2009-02-21,0.0,-2.9,9.7,70.0,1024.7,3.1,135.0,66.0
2009-02-22,0.0,-1.9,7.4,82.0,1021.3,4.3,47.0,81.0
2009-02-23,0.0,-1.6,7.1,85.0,1014.7,3.6,73.0,91.0
2009-02-24,1.7,-3.0,9.8,85.0,1016.5,3.5,7.0,59.0
2009-02-25,0.0,-4.6,9.1,75.0,1027.5,4.1,230.0,24.0
2009-02-26,0.0,-3.2,9.9,73.0,1022.9,3.8,67.0,77.0
2009-02-27,0.0,0.5,11.6,74.0,1016.3,3.6,85.0,35.0
2009-02-28,0.0,-1.9,11.5,82.0,1018.6,3.2,88.0,9.0
2009-03-01,1.4,3.3,9.8,86.0,1017.4,3.1,60.0,88.0
2009-03-02,1.3,3.4,11.2,89.0,1015.3,3.3,166.0,97.0
2009-03-03,2.9,6.6,9.9,89.0,1015.8,2.8,94.0,94.0
2009-03-04,28.2,4.5,7.4,96.0,1004.2,6.6,39.0,95.0
2009-03-05,43.0,5.9,8.1,92.0,982.9,10.4,33.0,100.0
2009-03-06,16.3,4.2,8.7,89.0,989.3,6.9,40.0,92.0
2009-03-07,0.0,-0.3,15.2,65.0,999.7,6.8,331.0,21.0
2009-03-08,0.0,-1.2,14.0,65.0,1008.9,6.0,325.0,32.0
2009-03-09,0.1,-0.3,13.2,61.0,1008.1,3.7,338.0,18.0
2009-03-10,0.0,-2.4,12.5,54.0,1015.8,5.8,253.0,43.0
2009-03-11,1.4,-1.2,12.5,69.0,1013.4,3.6,8.0,19.0
2009-03-12,0.0,-3.2,13.2,59.0,1021.3,5.5,260.0,21.0
2009-03-13,0.0,-0.8,12.9,72.0,1016.9,4.4,69.0,33.0
2009-03-14,0.0,2.7,12.6,77.0,1021.0,4.3,104.0,76.0
2009-03-15,0.9,1.2,13.9,83.0,1021.6,4.1,73.0,63.0
2009-03-16,0.0,0.8,15.4,72.0,1026.8,5.1,222.0,18.0
2009-03-17,0.0,2.9,14.7,77.0,1027.7,4.3,142.0,58.0
2009-03-18,0.4,-0.1,15.2,75.0,1022.9,5.2,38.0,14.0
2009-03-19,7.5,0.3,13.2,76.0,1018.1,5.4,53.0,47.0
2009-03-20,4.6,-1.8,8.5,65.0,1021.5,7.4,56.0,41.0
2009-03-21,0.0,-3.8,9.7,47.0,1021.6,6.2,26.0,7.0
2009-03-22,0.0,-0.8,12.7,49.0,1019.4,5.2,258.0,3.0
2009-03-23,0.0,-1.8,14.5,67.0,1013.2,4.8,91.0,68.0
2009-03-24,1.4,1.4,9.8,75.0,1000.3,5.7,46.0,39.0
2009-03-25,0.5,-1.9,11.4,68.0,1005.6,7.2,166.0,58.0
2009-03-26,0.0,-0.9,14.5,67.0,1007.6,5.2,217.0,42.0
2009-03-27,0.4,2.4,13.0,79.0,1010.3,6.7,78.0,80.0
2009-03-28,7.8,5.6,12.9,89.0,1009.0,5.9,97.0,89.0
2009-03-29,39.3,8.2,10.7,91.0,1003.4,9.0,27.0,100.0
2009-03-30,8.1,6.8,12.6,84.0,1010.9,5.6,39.0,89.0
2009-03-31,7.4,5.4,14.5,78.0,1017.3,7.9,63.0,91.0
2009-04-01,6.8,8.6,18.1,78.0,1014.9,8.3,42.0,70.0
2009-04-02,25.0,8.7,13.8,87.0,1016.9,9.9,44.0,98.0
2009-04-03,1.1,6.9,18.1,74.0,1019.1,4.5,23.0,55.0
2009-04-04,1.9,5.8,18.6,78.0,1018.2,4.4,13.0,72.0
2009-04-05,0.0,6.7,20.3,73.0,1018.8,5.1,360.0,49.0
2009-04-06,0.0,5.9,20.5,67.0,1016.0,4.5,323.0,35.0
2009-04-07,0.2,5.6,20.1,69.0,1013.4,3.7,259.0,28.0
2009-04-08,0.0,5.9,19.8,71.0,1016.2,5.3,136.0,38.0
2009-04-09,0.0,6.8,18.7,79.0,1018.4,4.7,92.0,20.0
2009-04-10,0.0,6.0,17.9,80.0,1015.7,4.8,103.0,21.0
2009-04-11,0.0,4.1,17.6,79.0,1013.4,5.2,79.0,11.0
2009-04-12,0.0,4.4,18.3,74.0,1011.3,5.3,61.0,35.0
2009-04-13,0.0,4.8,21.8,67.0,1006.0,7.5,47.0,16.0
2009-04-14,2.0,5.7,20.5,70.0,1008.1,4.7,287.0,23.0
2009-04-15,1.0,6.7,20.8,69.0,1011.9,5.1,164.0,22.0
2009-04-16,14.3,8.4,15.2,84.0,1012.8,5.3,78.0,91.0
2009-04-17,3.2,5.3,16.4,78.0,1009.8,7.7,233.0,45.0
2009-04-18,2.1,6.8,15.5,79.0,1013.5,4.6,74.0,64.0
2009-04-19,6.5,6.5,15.7,83.0,1017.8,8.4,30.0,93.0
2009-04-20,1.8,9.5,16.6,77.0,1019.8,8.0,32.0,97.0
2009-04-21,1.8,9.9,18.4,73.0,1016.2,9.2,25.0,86.0
2009-04-22,0.2,6.7,22.5,64.0,1014.3,5.1,304.0,21.0
2009-04-23,8.9,7.6,14.7,78.0,1015.8,7.3,61.0,75.0
2009-04-24,0.4,4.9,15.6,71.0,1020.3,7.7,56.0,59.0
2009-04-25,0.0,3.3,17.7,71.0,1020.2,5.0,150.0,49.0
2009-04-26,9.5,5.9,14.8,85.0,1018.9,6.6,68.0,90.0
2009-04-27,39.3,10.0,13.1,90.0,1012.9,12.0,47.0,100.0
2009-04-28,38.4,10.3,12.7,90.0,1006.2,11.9,56.0,87.0
2009-04-29,26.5,8.5,15.0,89.0,1006.7,5.4,40.0,93.0
2009-04-30,2.6,4.5,17.0,80.0,1011.3,4.4,328.0,98.0
2009-05-01,0.5,5.6,23.1,62.0,1014.7,5.2,327.0,47.0
2009-05-02,1.1,7.1,22.8,69.0,1018.7,5.5,316.0,47.0
2009-05-03,2.4,5.9,20.1,71.0,1021.8,4.0,306.0,27.0
2009-05-04,5.4,7.0,19.5,78.0,1017.5,4.3,332.0,75.0
2009-05-05,0.3,7.6,18.0,65.0,1019.3,4.6,174.0,71.0
2009-05-06,0.0,6.8,20.5,73.0,1018.3,4.4,201.0,79.0
2009-05-07,0.0,9.0,21.5,77.0,1018.7,5.2,135.0,29.0
2009-05-08,0.1,11.5,21.7,78.0,1019.4,5.6,157.0,72.0
2009-05-09,3.6,12.9,21.0,80.0,1021.0,4.5,73.0,73.0
2009-05-10,0.6,12.4,22.7,75.0,1020.4,4.8,169.0,83.0
2009-05-11,0.1,11.3,23.6,72.0,1017.9,6.1,220.0,50.0
2009-05-12,0.1,12.8,23.9,73.0,1016.9,6.1,196.0,85.0
2009-05-13,0.1,12.9,23.2,78.0,1016.5,5.4,92.0,94.0
2009-05-14,0.3,13.4,22.5,79.0,1012.0,5.5,93.0,97.0
2009-05-15,2.3,12.7,20.4,80.0,1010.8,5.7,44.0,95.0
2009-05-16,0.2,10.3,22.0,78.0,1014.3,4.9,159.0,49.0
2009-05-17,0.1,12.0,24.2,76.0,1017.4,5.3,229.0,40.0
2009-05-18,1.4,12.4,25.6,73.0,1016.5,4.9,120.0,22.0
2009-05-19,1.8,12.2,25.3,69.0,1017.8,4.1,293.0,14.0
2009-05-20,0.0,13.4,25.8,67.0,1019.9,5.0,43.0,26.0
2009-05-21,0.8,13.7,26.9,69.0,1018.0,5.7,240.0,73.0
2009-05-22,0.0,13.6,27.3,71.0,1014.7,6.0,203.0,70.0
2009-05-23,0.2,14.4,27.3,74.0,1016.8,5.6,104.0,24.0
2009-05-24,0.8,16.5,28.6,77.0,1018.7,4.0,134.0,73.0
2009-05-25,0.4,15.6,31.9,69.0,1017.1,5.4,208.0,27.0
2009-05-26,1.5,16.6,30.3,72.0,1013.6,5.0,301.0,34.0
2009-05-27,4.9,14.2,23.6,71.0,1015.6,7.6,40.0,50.0
2009-05-28,0.0,11.5,22.5,59.0,1022.4,5.0,166.0,40.0
2009-05-29,6.4,11.7,20.0,78.0,1019.9,7.0,99.0,54.0
2009-05-30,1.5,9.8,20.8,71.0,1019.7,6.2,213.0,45.0
2009-05-31,3.5,11.7,16.1,79.0,1019.7,7.6,51.0,84.0
2009-06-01,0.0,9.6,20.6,69.0,1014.9,3.7,39.0,91.0
2009-06-02,1.6,12.5,22.7,64.0,1011.1,4.6,213.0,41.0
2009-06-03,0.6,10.1,26.9,66.0,1009.1,5.3,239.0,41.0
2009-06-04,7.6,13.5,21.4,79.0,1008.6,5.8,56.0,56.0
2009-06-05,12.3,15.0,22.5,83.0,1008.6,5.7,157.0,97.0
2009-06-06,17.6,13.7,23.0,83.0,1004.0,9.0,145.0,74.0
2009-06-07,3.4,12.6,22.3,74.0,1006.0,5.6,210.0,48.0
2009-06-08,3.3,13.7,21.8,82.0,1012.3,4.7,45.0,77.0
2009-06-09,8.2,12.4,23.4,79.0,1014.1,5.1,93.0,66.0
2009-06-10,2.8,12.5,22.7,77.0,1016.7,5.2,215.0,64.0
2009-06-11,1.2,12.1,25.3,73.0,1014.9,6.9,243.0,43.0
2009-06-12,1.8,12.9,23.8,73.0,1016.5,5.8,60.0,26.0
2009-06-13,0.0,14.5,24.3,73.0,1018.4,5.4,93.0,36.0
2009-06-14,0.0,13.3,26.9,69.0,1020.6,5.1,129.0,31.0
2009-06-15,0.2,16.7,27.1,74.0,1019.4,4.8,118.0,80.0
2009-06-16,1.9,17.6,28.9,74.0,1016.5,4.8,326.0,50.0
2009-06-17,0.8,17.7,23.9,67.0,1021.5,7.3,63.0,78.0
2009-06-18,0.0,12.9,27.7,69.0,1020.3,4.3,160.0,32.0
2009-06-19,3.6,15.0,28.1,70.0,1015.4,4.7,142.0,45.0
2009-06-20,6.5,15.3,20.6,72.0,1013.7,8.2,61.0,83.0
2009-06-21,3.6,12.5,22.0,66.0,1014.4,4.0,23.0,71.0
2009-06-22,0.7,9.4,22.6,62.0,1012.3,4.6,352.0,50.0
2009-06-23,2.6,14.2,21.8,66.0,1010.5,3.6,314.0,99.0
2009-06-24,4.4,12.7,24.8,75.0,1009.4,3.9,298.0,76.0
2009-06-25,11.6,15.6,23.9,78.0,1009.1,3.9,98.0,54.0
2009-06-26,8.5,13.5,25.2,78.0,1009.1,2.9,271.0,64.0
2009-06-27,3.1,14.1,23.0,81.0,1010.3,3.5,63.0,86.0
2009-06-28,6.3,14.5,25.8,80.0,1011.6,3.9,155.0,68.0
2009-06-29,5.7,16.2,24.9,80.0,1014.2,3.4,73.0,69.0
2009-06-30,8.5,16.0,26.0,79.0,1016.8,3.0,341.0,57.0
2009-07-01,5.2,17.4,28.6,71.0,1017.6,3.3,339.0,62.0
2009-07-02,2.8,16.8,28.1,75.0,1016.2,3.5,308.0,76.0
2009-07-03,3.7,16.5,27.1,78.0,1012.4,3.4,326.0,60.0
2009-07-04,10.9,16.7,27.3,78.0,1010.5,3.7,348.0,55.0
2009-07-05,3.4,17.1,27.0,76.0,1009.5,3.0,257.0,85.0
2009-07-06,6.3,17.2,26.7,77.0,1008.7,3.2,338.0,76.0
2009-07-07,13.8,16.4,21.2,86.0,1008.8,4.5,44.0,81.0
2009-07-08,10.2,15.6,23.5,79.0,1009.2,4.3,58.0,48.0
2009-07-09,6.8,12.8,23.7,76.0,1013.2,4.5,14.0,50.0
2009-07-10,7.6,13.6,21.8,79.0,1013.1,4.4,34.0,78.0
2009-07-11,1.3,11.2,23.0,69.0,1016.1,3.8,123.0,49.0
2009-07-12,0.0,13.1,24.8,68.0,1016.6,4.8,178.0,67.0
2009-07-13,0.0,15.2,26.6,73.0,1016.7,5.1,168.0,42.0
2009-07-14,0.6,16.9,28.6,77.0,1017.0,4.5,175.0,47.0
2009-07-15,2.9,17.4,28.6,77.0,1018.7,3.8,213.0,44.0
2009-07-16,0.9,18.8,30.1,73.0,1019.5,3.6,56.0,25.0
2009-07-17,19.0,19.7,30.3,76.0,1013.4,5.7,17.0,44.0
2009-07-18,25.5,16.7,23.5,70.0,1007.0,5.9,331.0,56.0
2009-07-19,0.0,11.6,24.2,66.0,1016.7,5.7,61.0,10.0
2009-07-20,0.8,13.1,25.4,75.0,1019.8,5.4,119.0,28.0
2009-07-21,0.3,14.6,27.9,75.0,1019.5,5.0,132.0,40.0
2009-07-22,0.0,16.4,29.6,73.0,1017.0,5.2,207.0,40.0
2009-07-23,0.0,18.0,30.0,75.0,1014.6,6.0,95.0,46.0
2009-07-24,2.8,17.5,29.7,70.0,1013.1,4.8,121.0,15.0
2009-07-25,0.3,17.9,26.3,69.0,1016.1,6.0,60.0,30.0
2009-07-26,0.2,16.8,25.7,64.0,1021.3,6.1,76.0,48.0
2009-07-27,0.0,15.3,28.5,65.0,1018.5,4.9,185.0,33.0
2009-07-28,2.8,16.1,27.7,73.0,1016.9,3.8,37.0,40.0
2009-07-29,0.0,18.3,29.4,66.0,1019.0,5.2,74.0,25.0
2009-07-30,0.8,16.9,30.5,71.0,1017.2,3.2,349.0,33.0
2009-07-31,0.5,19.0,28.0,70.0,1018.2,6.8,45.0,83.0
2009-08-01,0.1,18.9,29.7,67.0,1015.8,5.0,81.0,24.0
2009-08-02,1.8,18.7,30.6,70.0,1012.8,5.9,16.0,27.0
2009-08-03,32.1,16.9,25.1,86.0,1011.7,5.4,11.0,82.0
2009-08-04,4.4,16.2,26.4,78.0,1013.0,3.8,97.0,68.0
2009-08-05,0.1,14.6,27.5,72.0,1016.7,4.7,246.0,17.0
2009-08-06,0.7,16.7,26.6,77.0,1017.2,3.5,36.0,40.0
2009-08-07,1.1,17.9,27.6,74.0,1016.2,3.9,44.0,44.0
2009-08-08,1.1,18.3,27.5,72.0,1015.6,3.9,17.0,74.0
2009-08-09,0.2,17.4,27.6,71.0,1015.2,4.1,24.0,63.0
2009-08-10,6.2,17.9,26.5,77.0,1015.8,4.3,295.0,71.0
2009-08-11,2.0,16.0,26.5,81.0,1016.2,3.1,40.0,54.0
2009-08-12,3.3,16.9,26.7,78.0,1017.8,4.6,142.0,32.0
2009-08-13,11.0,18.5,26.8,83.0,1015.2,3.9,349.0,55.0
2009-08-14,9.2,17.8,25.0,82.0,1015.9,4.3,77.0,54.0
2009-08-15,0.1,17.1,27.0,78.0,1019.1,4.4,104.0,25.0
2009-08-16,2.1,17.7,28.9,79.0,1018.1,3.7,321.0,49.0
2009-08-17,0.8,17.9,30.2,71.0,1016.1,4.0,333.0,39.0
2009-08-18,0.8,17.7,30.6,72.0,1017.1,4.4,3.0,21.0
2009-08-19,0.5,18.0,30.3,73.0,1021.0,4.7,26.0,25.0
2009-08-20,0.6,19.2,30.3,74.0,1021.8,4.1,2.0,52.0
2009-08-21,0.7,19.1,31.6,76.0,1018.4,4.4,343.0,45.0
2009-08-22,8.9,18.8,27.4,82.0,1016.3,5.4,12.0,49.0
2009-08-23,0.1,16.9,26.6,68.0,1018.0,5.9,60.0,24.0
2009-08-24,0.0,16.7,25.3,67.0,1016.1,4.7,79.0,33.0
2009-08-25,0.0,15.0,26.9,68.0,1014.7,4.1,118.0,31.0
2009-08-26,1.0,16.9,27.1,75.0,1017.2,4.3,77.0,71.0
2009-08-27,5.1,16.9,27.5,82.0,1018.2,3.5,135.0,53.0
2009-08-28,0.3,17.7,29.3,77.0,1014.7,4.4,224.0,35.0
2009-08-29,24.5,18.1,24.9,85.0,1012.6,5.9,38.0,61.0
2009-08-30,2.0,17.1,23.0,65.0,1019.7,6.3,78.0,36.0
2009-08-31,0.0,12.2,24.9,67.0,1021.1,4.1,59.0,4.0
2009-09-01,0.0,12.4,26.8,73.0,1018.8,4.6,200.0,6.0
2009-09-02,2.6,14.9,26.1,80.0,1016.0,3.8,42.0,46.0
2009-09-03,1.8,16.8,25.3,85.0,1010.9,4.0,201.0,75.0
2009-09-04,8.6,19.1,26.4,82.0,1007.2,5.4,236.0,57.0
2009-09-05,1.4,15.4,22.5,65.0,1014.5,8.2,71.0,33.0
2009-09-06,0.0,13.4,21.4,57.0,1022.5,5.2,66.0,21.0
2009-09-07,0.0,12.2,22.9,64.0,1024.1,3.8,65.0,63.0
2009-09-08,0.0,10.6,22.8,66.0,1024.0,4.4,57.0,25.0
2009-09-09,0.0,15.5,23.0,60.0,1022.5,6.0,43.0,69.0
2009-09-10,2.6,13.0,24.8,70.0,1021.9,4.7,6.0,34.0
2009-09-11,5.0,12.7,25.9,71.0,1020.0,4.2,359.0,45.0
2009-09-12,0.5,14.8,24.7,67.0,1017.4,6.5,3.0,44.0
2009-09-13,5.9,12.8,23.5,72.0,1014.4,3.4,345.0,55.0
2009-09-14,45.0,13.1,14.7,90.0,1011.9,7.1,17.0,100.0
2009-09-15,3.6,13.1,20.0,83.0,1015.7,6.9,36.0,92.0
2009-09-16,43.5,14.8,16.9,89.0,1012.8,9.6,28.0,100.0
2009-09-17,1.1,14.3,22.0,81.0,1011.7,3.4,223.0,59.0
2009-09-18,0.4,15.1,22.1,83.0,1016.5,3.9,41.0,64.0
2009-09-19,1.5,14.6,21.9,85.0,1017.2,2.6,137.0,77.0
2009-09-20,0.0,11.7,23.9,77.0,1017.1,4.1,24.0,41.0
2009-09-21,0.0,13.5,24.1,74.0,1020.1,5.6,25.0,86.0
2009-09-22,0.0,12.3,24.1,74.0,1023.7,4.3,23.0,41.0
2009-09-23,0.0,12.2,24.3,76.0,1024.7,3.3,17.0,18.0
2009-09-24,0.0,11.6,24.4,71.0,1020.6,3.2,342.0,17.0
2009-09-25,0.0,12.3,23.4,75.0,1019.4,5.1,29.0,74.0
2009-09-26,0.0,14.9,22.1,73.0,1023.1,6.4,35.0,56.0
2009-09-27,0.0,11.1,22.4,73.0,1024.4,4.8,21.0,53.0
2009-09-28,0.0,10.2,23.4,76.0,1022.0,3.7,292.0,6.0
2009-09-29,0.0,10.6,24.0,81.0,1017.6,4.2,68.0,26.0
2009-09-30,0.4,12.5,22.5,85.0,1016.4,4.4,109.0,73.0
2009-10-01,0.2,16.7,22.7,81.0,1013.2,4.0,204.0,43.0
2009-10-02,8.3,13.0,20.2,84.0,1012.0,6.4,49.0,54.0
2009-10-03,0.3,12.3,19.0,73.0,1016.3,4.2,114.0,40.0
2009-10-04,0.0,8.9,20.7,77.0,1015.7,4.1,99.0,30.0
2009-10-05,0.0,12.4,21.1,79.0,1019.2,4.0,214.0,74.0
2009-10-06,0.0,11.5,22.9,82.0,1020.9,4.0,238.0,66.0
2009-10-07,0.0,12.7,22.2,84.0,1020.8,3.7,49.0,44.0
2009-10-08,0.0,13.9,23.3,84.0,1017.8,4.0,199.0,72.0
2009-10-09,12.0,14.7,20.6,90.0,1017.5,3.3,27.0,95.0
2009-10-10,6.8,13.4,19.1,90.0,1014.0,3.2,33.0,93.0
2009-10-11,0.7,9.9,20.3,86.0,1013.0,4.2,327.0,57.0
2009-10-12,0.9,8.9,18.9,66.0,1005.8,5.2,341.0,39.0
2009-10-13,0.0,5.3,17.8,48.0,1013.6,8.2,285.0,14.0
2009-10-14,0.0,5.1,13.4,48.0,1017.7,4.6,7.0,18.0
2009-10-15,0.4,0.1,12.0,67.0,1018.8,5.1,39.0,22.0
2009-10-16,0.3,3.1,12.6,64.0,1018.1,4.8,243.0,22.0
2009-10-17,0.2,0.5,12.8,75.0,1014.5,4.1,4.0,53.0
2009-10-18,0.0,1.2,12.2,72.0,1016.0,3.5,358.0,51.0
2009-10-19,0.0,0.6,12.6,68.0,1017.5,4.1,344.0,36.0
2009-10-20,0.0,5.3,10.9,67.0,1016.3,2.9,220.0,73.0
2009-10-21,2.2,3.8,11.3,81.0,1016.5,3.7,21.0,89.0
2009-10-22,23.6,7.5,13.8,93.0,1007.4,6.5,348.0,84.0
2009-10-23,6.3,6.3,15.5,89.0,1006.9,4.7,336.0,99.0
2009-10-24,2.8,9.7,17.9,82.0,1012.1,4.7,331.0,83.0
2009-10-25,0.0,5.7,19.2,81.0,1016.6,3.5,340.0,29.0
2009-10-26,0.0,5.9,18.0,83.0,1016.9,3.8,18.0,11.0
2009-10-27,0.0,8.6,17.8,79.0,1020.1,3.5,346.0,42.0
2009-10-28,0.0,6.4,16.8,84.0,1020.8,2.8,294.0,84.0
2009-10-29,0.0,6.8,16.8,84.0,1017.8,3.1,32.0,45.0
2009-10-30,0.0,6.9,14.1,85.0,1024.1,4.7,55.0,46.0
2009-10-31,0.0,7.7,11.0,72.0,1026.8,3.0,101.0,83.0
2009-11-01,0.0,2.4,12.7,82.0,1022.5,3.2,29.0,45.0
2009-11-02,24.9,4.1,8.2,92.0,1010.3,7.0,27.0,94.0
2009-11-03,18.7,6.2,12.8,81.0,998.3,5.6,329.0,63.0
2009-11-04,3.2,2.0,7.7,90.0,999.7,4.7,16.0,86.0
2009-11-05,0.0,0.4,11.3,84.0,1003.9,4.5,22.0,48.0
2009-11-06,10.4,5.4,10.4,86.0,1007.1,6.9,16.0,94.0
2009-11-07,0.7,2.9,11.6,85.0,1007.4,3.8,63.0,74.0
2009-11-08,17.9,7.0,10.2,86.0,1000.5,10.9,29.0,100.0
2009-11-09,9.2,6.4,11.4,83.0,1004.4,8.9,28.0,94.0
2009-11-10,1.0,4.3,14.4,78.0,1005.1,5.5,315.0,50.0
2009-11-11,0.0,0.2,12.5,75.0,1006.2,4.2,336.0,23.0
2009-11-12,0.0,-1.2,11.2,79.0,1013.1,3.4,2.0,27.0
2009-11-13,0.8,0.5,12.0,81.0,1021.4,3.3,12.0,68.0
2009-11-14,0.0,8.3,12.5,85.0,1022.4,3.1,242.0,99.0
2009-11-15,0.0,5.4,12.8,86.0,1020.3,3.0,350.0,85.0
2009-11-16,0.0,9.1,13.6,83.0,1018.2,2.3,243.0,86.0
2009-11-17,0.0,5.8,13.3,87.0,1021.2,2.4,285.0,70.0
2009-11-18,0.4,5.4,11.9,89.0,1025.0,2.5,50.0,71.0
2009-11-19,0.0,5.4,13.9,88.0,1028.9,3.6,311.0,51.0
2009-11-20,0.0,3.9,13.2,87.0,1031.3,2.2,227.0,68.0
2009-11-21,0.0,2.3,11.1,88.0,1031.2,1.4,130.0,46.0
2009-11-22,0.0,4.4,9.7,89.0,1025.3,2.0,140.0,76.0
2009-11-23,0.0,6.2,11.8,87.0,1019.8,2.3,152.0,86.0
2009-11-24,0.0,4.0,11.2,87.0,1019.6,2.4,4.0,79.0
2009-11-25,0.0,2.1,10.1,88.0,1021.9,2.8,79.0,49.0
2009-11-26,0.7,5.0,9.1,91.0,1019.9,2.3,25.0,97.0
2009-11-27,1.0,7.2,11.2,90.0,1015.4,2.5,251.0,94.0
2009-11-28,0.0,2.9,11.1,89.0,1015.1,2.9,10.0,63.0
2009-11-29,8.4,4.5,9.4,91.0,1015.5,5.0,37.0,95.0
2009-11-30,62.8,8.5,11.8,95.0,1000.9,9.2,102.0,100.0
2009-12-01,1.1,5.0,11.1,87.0,1002.8,3.1,21.0,74.0
2009-12-02,0.8,-1.2,11.0,83.0,1014.5,4.0,352.0,39.0
2009-12-03,0.0,0.3,9.0,88.0,1013.5,2.7,346.0,84.0
2009-12-04,22.8,3.6,6.0,89.0,1007.0,8.5,8.0,100.0
2009-12-05,4.5,2.9,10.1,83.0,1014.2,4.5,337.0,78.0
2009-12-06,0.0,-0.9,9.1,85.0,1018.6,3.1,330.0,92.0
2009-12-07,2.3,0.9,8.5,87.0,1018.8,3.0,25.0,95.0
2009-12-08,6.4,2.7,9.1,92.0,1012.5,3.6,308.0,97.0
2009-12-09,0.0,-1.2,11.5,76.0,1019.0,5.6,323.0,14.0
2009-12-10,0.0,-1.0,10.2,79.0,1023.5,3.4,343.0,23.0
2009-12-11,0.0,-1.7,8.3,84.0,1016.4,3.8,334.0,47.0
2009-12-12,0.7,-2.3,7.1,82.0,1015.0,4.2,357.0,63.0
2009-12-13,0.2,-0.8,4.3,68.0,1016.9,6.0,61.0,82.0
2009-12-14,0.3,-1.7,3.5,69.0,1014.9,6.0,52.0,72.0
2009-12-15,0.0,-1.8,4.6,60.0,1008.9,4.5,44.0,68.0
2009-12-16,0.1,-1.7,2.9,67.0,1006.5,3.6,189.0,66.0
2009-12-17,0.1,-1.8,2.5,74.0,1004.4,4.6,77.0,72.0
2009-12-18,0.0,-4.0,0.3,55.0,1005.3,3.8,83.0,38.0
2009-12-19,3.3,-11.8,-0.1,69.0,999.1,5.4,13.0,89.0
2009-12-20,0.6,-16.0,-4.1,79.0,1008.4,3.9,307.0,20.0
2009-12-21,4.2,-8.6,-2.3,77.0,1015.3,4.0,11.0,81.0
2009-12-22,15.7,-2.3,3.4,89.0,1006.7,5.1,357.0,100.0
2009-12-23,20.2,1.8,6.9,92.0,999.3,4.9,343.0,81.0
2009-12-24,27.1,2.2,9.3,94.0,1001.6,6.0,12.0,100.0
2009-12-25,23.7,0.3,10.9,97.0,996.4,5.1,320.0,75.0
2009-12-26,0.0,-2.5,9.1,84.0,1010.6,5.7,350.0,70.0
2009-12-27,0.0,-1.7,8.8,72.0,1006.5,3.5,325.0,65.0
2009-12-28,0.0,-3.0,6.0,71.0,1009.1,4.1,20.0,38.0
2009-12-29,0.0,-2.4,6.6,74.0,1009.7,3.0,314.0,49.0
2009-12-30,1.8,-0.3,6.4,87.0,1005.0,1.8,302.0,89.0
2009-12-31,0.2,-0.8,6.2,94.0,999.4,2.5,3.0,77.0
2010-01-01,0.0,-0.1,8.1,93.0,991.8,3.9,331.0,85.0
2010-01-02,7.9,0.3,6.2,85.0,1002.9,4.9,12.0,83.0
2010-01-03,0.0,-4.6,5.2,55.0,1019.4,5.0,291.0,22.0
2010-01-04,0.2,-1.6,2.3,57.0,1018.1,3.6,3.0,65.0
2010-01-05,1.1,-3.0,3.9,66.0,1007.4,3.8,5.0,90.0
2010-01-06,2.2,-0.7,5.0,85.0,999.7,3.9,330.0,83.0
2010-01-07,0.1,-1.9,6.7,85.0,1007.9,4.4,25.0,79.0
2010-01-08,21.9,1.1,5.8,90.0,1004.2,7.9,22.0,100.0
2010-01-09,24.8,3.4,7.5,91.0,998.2,10.3,45.0,100.0
2010-01-10,4.2,3.4,7.8,87.0,1006.2,4.0,303.0,71.0
2010-01-11,0.0,-3.6,5.3,91.0,1013.0,3.0,44.0,72.0
2010-01-12,0.0,-1.9,5.6,89.0,1015.5,3.7,6.0,77.0
2010-01-13,0.2,-1.3,4.6,88.0,1011.5,3.8,355.0,94.0
2010-01-14,0.2,-0.1,5.3,86.0,1012.2,3.5,25.0,90.0
2010-01-15,0.0,-3.4,6.4,82.0,1018.9,4.6,17.0,39.0
2010-01-16,0.0,-4.0,5.2,77.0,1026.0,3.9,17.0,39.0
2010-01-17,0.2,-0.2,4.6,78.0,1022.9,2.6,68.0,70.0
2010-01-18,0.0,-3.4,7.9,76.0,1024.0,3.4,338.0,14.0
2010-01-19,0.0,-3.6,6.1,79.0,1023.0,3.8,360.0,14.0
2010-01-20,0.0,-4.0,4.4,80.0,1018.5,3.5,337.0,33.0
2010-01-21,0.0,-4.9,4.5,77.0,1018.7,3.1,350.0,16.0
2010-01-22,0.0,-2.8,3.0,83.0,1023.8,3.8,39.0,61.0
2010-01-23,0.0,-1.1,3.9,85.0,1025.5,2.2,129.0,61.0
2010-01-24,0.0,-2.3,2.0,85.0,1026.3,3.6,78.0,88.0
2010-01-25,0.0,-2.3,2.0,75.0,1029.2,4.4,73.0,97.0
2010-01-26,1.4,-2.1,2.3,77.0,1027.9,5.1,52.0,87.0
2010-01-27,0.0,-2.7,4.0,69.0,1023.4,4.4,61.0,37.0
2010-01-28,0.0,-1.8,2.4,76.0,1007.2,3.7,108.0,58.0
2010-01-29,0.7,-0.3,3.1,77.0,999.8,2.9,73.0,71.0
2010-01-30,3.2,-0.6,4.4,82.0,991.7,3.1,92.0,81.0
2010-01-31,4.7,-1.7,4.9,72.0,1000.3,4.8,358.0,93.0
2010-02-01,0.0,-4.2,2.9,65.0,1011.6,4.5,334.0,35.0
2010-02-02,0.0,-0.5,5.2,59.0,1018.2,4.2,322.0,42.0
2010-02-03,0.0,-0.5,5.3,68.0,1018.0,4.1,32.0,12.0
2010-02-04,0.0,-0.3,6.4,70.0,1022.8,3.2,18.0,72.0
2010-02-05,18.6,1.2,5.7,88.0,1016.7,5.6,31.0,100.0
2010-02-06,13.2,2.1,9.3,91.0,1006.2,6.6,350.0,100.0
2010-02-07,2.5,-1.8,9.3,91.0,1010.0,3.9,213.0,59.0
2010-02-08,0.4,-0.7,5.5,81.0,1009.9,3.1,87.0,49.0
2010-02-09,0.0,-0.4,3.6,79.0,1006.4,3.9,71.0,96.0
2010-02-10,7.3,-1.4,5.6,81.0,997.7,5.3,13.0,100.0
2010-02-11,6.6,-0.5,3.5,87.0,996.2,4.5,24.0,100.0
2010-02-12,0.3,-4.3,6.3,73.0,1003.0,5.5,27.0,30.0
2010-02-13,0.0,-2.0,6.2,70.0,1008.5,4.9,292.0,39.0
2010-02-14,0.3,-1.4,6.5,81.0,1009.4,4.5,34.0,55.0
2010-02-15,0.0,-0.5,5.9,75.0,1008.1,4.2,88.0,63.0
2010-02-16,0.0,-1.3,6.3,79.0,1007.8,4.6,41.0,81.0
2010-02-17,0.3,-1.0,9.7,79.0,1002.3,3.3,345.0,89.0
2010-02-18,4.3,3.1,10.5,87.0,1002.1,4.7,263.0,79.0
2010-02-19,37.2,3.1,7.1,94.0,997.4,8.8,26.0,98.0
2010-02-20,9.5,1.1,6.7,89.0,993.6,5.7,45.0,99.0
2010-02-21,1.3,-2.8,7.7,87.0,1007.6,5.2,356.0,68.0
2010-02-22,1.9,1.5,7.7,88.0,1007.8,3.5,56.0,94.0
2010-02-23,1.8,3.1,9.0,87.0,1003.6,3.6,260.0,81.0
2010-02-24,0.1,0.3,11.2,84.0,1004.5,3.0,27.0,85.0
2010-02-25,0.7,-0.8,12.3,85.0,1007.4,4.4,111.0,66.0
2010-02-26,12.3,1.6,10.3,93.0,1001.2,5.5,2.0,84.0
2010-02-27,0.0,-2.1,12.4,78.0,1009.8,4.8,37.0,50.0
2010-02-28,0.2,3.7,9.5,87.0,1007.6,3.7,48.0,99.0
2010-03-01,0.0,-1.2,11.3,84.0,1009.7,4.2,117.0,71.0
2010-03-02,1.4,3.9,11.7,84.0,1017.3,2.8,51.0,68.0
2010-03-03,7.9,2.7,8.9,90.0,1019.2,6.5,49.0,98.0
2010-03-04,6.7,4.0,10.6,75.0,1007.9,7.6,53.0,97.0
2010-03-05,6.8,-3.2,5.2,84.0,1014.6,3.6,42.0,91.0
2010-03-06,0.3,-4.7,6.6,65.0,1017.3,6.3,204.0,41.0
2010-03-07,0.0,-2.1,5.7,61.0,1021.9,9.9,69.0,69.0
2010-03-08,0.0,-3.0,4.7,46.0,1018.7,8.5,87.0,13.0
2010-03-09,2.1,-3.7,3.8,43.0,1014.4,15.1,61.0,81.0
2010-03-10,21.9,-0.2,2.7,77.0,1012.4,11.8,53.0,100.0
2010-03-11,0.3,-3.0,4.7,77.0,1011.2,3.8,137.0,71.0
2010-03-12,0.0,-1.6,5.8,77.0,1014.9,4.0,111.0,71.0
2010-03-13,0.0,-2.0,7.2,80.0,1019.5,4.5,102.0,38.0
2010-03-14,0.0,-2.0,11.8,78.0,1019.1,4.7,139.0,32.0
2010-03-15,0.8,-2.2,13.6,68.0,1018.8,5.1,306.0,25.0
2010-03-16,0.0,-2.0,13.6,66.0,1021.3,4.5,5.0,40.0
2010-03-17,0.0,-1.2,13.5,72.0,1028.5,4.7,95.0,39.0
2010-03-18,0.0,2.7,14.2,80.0,1029.9,4.9,106.0,89.0
2010-03-19,0.0,5.9,13.3,79.0,1029.2,4.2,162.0,88.0
2010-03-20,0.0,4.2,13.3,81.0,1026.0,3.9,171.0,90.0
2010-03-21,0.0,6.9,13.4,87.0,1023.5,2.9,168.0,100.0
2010-03-22,5.3,8.1,12.4,94.0,1022.8,4.0,85.0,100.0
2010-03-23,2.0,9.3,15.3,84.0,1020.4,3.1,91.0,76.0
2010-03-24,0.0,5.0,16.9,79.0,1018.0,4.5,62.0,33.0
2010-03-25,1.7,8.9,16.6,82.0,1018.1,4.7,128.0,49.0
2010-03-26,11.0,7.9,12.6,96.0,1016.5,6.8,88.0,96.0
2010-03-27,6.8,3.7,14.0,89.0,1010.3,4.2,30.0,51.0
2010-03-28,0.1,1.5,16.2,81.0,1012.2,4.9,72.0,32.0
2010-03-29,0.6,4.6,15.6,80.0,1013.8,5.8,82.0,77.0
2010-03-30,16.8,6.9,13.5,92.0,1006.8,7.3,82.0,92.0
2010-03-31,8.1,5.4,13.4,88.0,1004.5,3.5,13.0,79.0
2010-04-01,17.9,0.6,10.7,89.0,1012.1,6.9,51.0,83.0
2010-04-02,0.0,-2.4,12.4,71.0,1016.7,5.3,13.0,42.0
2010-04-03,3.5,1.7,13.5,82.0,1019.9,4.6,104.0,83.0
2010-04-04,3.8,5.4,13.1,85.0,1017.6,6.6,77.0,93.0
2010-04-05,7.6,6.2,16.4,68.0,1017.3,4.8,323.0,68.0
2010-04-06,0.0,0.4,16.2,70.0,1023.9,5.7,79.0,14.0
2010-04-07,0.0,3.5,16.0,74.0,1022.1,5.1,95.0,21.0
2010-04-08,0.0,2.5,17.2,71.0,1021.7,5.1,57.0,2.0
2010-04-09,0.0,4.0,19.1,68.0,1023.5,3.7,303.0,15.0
2010-04-10,8.2,6.4,19.1,79.0,1019.3,5.1,87.0,43.0
2010-04-11,7.4,5.2,11.8,75.0,1015.9,5.7,67.0,63.0
2010-04-12,1.7,-0.1,12.8,69.0,1012.9,6.7,40.0,33.0
2010-04-13,0.2,0.5,12.9,73.0,1012.5,5.4,74.0,61.0
2010-04-14,3.2,1.8,13.9,77.0,1010.7,4.2,34.0,60.0
2010-04-15,3.1,3.4,14.5,77.0,1012.7,3.5,94.0,43.0
2010-04-16,1.2,3.4,16.4,71.0,1014.3,5.1,65.0,53.0
2010-04-17,2.9,6.4,16.7,74.0,1017.3,6.4,46.0,78.0
2010-04-18,9.0,7.5,14.0,80.0,1016.8,6.1,54.0,83.0
2010-04-19,1.5,4.3,18.6,76.0,1012.6,5.0,307.0,37.0
2010-04-20,1.0,4.2,20.3,70.0,1013.5,4.8,270.0,28.0
2010-04-21,0.8,4.6,20.1,71.0,1012.0,5.9,247.0,25.0
2010-04-22,0.7,8.1,16.5,82.0,1012.5,7.2,73.0,86.0
2010-04-23,5.4,9.5,15.3,86.0,1014.4,6.8,57.0,100.0
2010-04-24,2.4,9.7,16.8,83.0,1018.6,4.1,191.0,86.0
2010-04-25,0.1,7.6,21.3,73.0,1021.8,4.7,38.0,19.0
2010-04-26,2.7,8.6,22.0,74.0,1021.4,3.8,338.0,54.0
2010-04-27,3.4,11.7,20.0,71.0,1022.5,5.1,30.0,60.0
2010-04-28,2.0,8.2,20.4,71.0,1024.1,5.5,149.0,35.0
2010-04-29,0.0,12.7,21.0,70.0,1020.9,5.1,157.0,38.0
2010-04-30,0.1,11.0,21.5,77.0,1015.8,5.2,107.0,48.0
2010-05-01,0.0,12.7,21.4,77.0,1012.6,6.3,166.0,65.0
2010-05-02,24.7,12.2,18.0,88.0,1010.8,6.9,83.0,94.0
2010-05-03,27.9,12.6,19.6,88.0,1008.0,5.7,93.0,85.0
2010-05-04,46.6,12.8,14.2,93.0,1010.0,10.8,44.0,100.0
2010-05-05,36.9,11.9,18.1,86.0,1005.6,12.7,44.0,96.0
2010-05-06,10.0,7.6,15.7,86.0,1002.8,4.9,215.0,74.0
2010-05-07,5.3,9.2,15.8,78.0,1007.7,4.8,188.0,74.0
2010-05-08,6.0,9.7,16.3,86.0,1009.6,3.5,168.0,81.0
2010-05-09,1.0,5.9,18.6,79.0,1010.6,5.9,222.0,82.0
2010-05-10,2.0,8.9,17.0,87.0,1009.1,3.2,190.0,87.0
2010-05-11,25.6,9.5,16.6,92.0,1008.6,4.8,63.0,100.0
2010-05-12,17.0,11.2,18.4,89.0,1007.2,3.7,115.0,93.0
2010-05-13,3.8,9.2,18.7,80.0,1005.9,4.3,198.0,77.0
2010-05-14,4.6,10.4,18.3,80.0,1006.1,5.7,206.0,61.0
2010-05-15,8.2,9.8,17.0,85.0,1000.4,4.9,328.0,100.0
2010-05-16,0.0,9.1,20.5,65.0,1005.5,4.2,297.0,100.0
2010-05-17,0.0,7.4,20.8,60.0,1013.4,4.7,333.0,72.0
2010-05-18,0.3,5.6,22.2,63.0,1016.4,5.2,323.0,30.0
2010-05-19,0.0,10.3,18.5,54.0,1018.0,6.3,71.0,37.0
2010-05-20,3.5,10.0,18.4,73.0,1019.9,4.4,328.0,43.0
2010-05-21,1.2,7.4,23.1,68.0,1019.9,4.8,285.0,43.0
2010-05-22,3.2,9.2,23.0,66.0,1018.8,4.3,235.0,28.0
2010-05-23,2.6,9.8,23.6,68.0,1017.5,3.5,339.0,33.0
2010-05-24,0.0,10.5,25.1,71.0,1015.5,5.3,201.0,25.0
2010-05-25,0.3,13.9,24.7,74.0,1013.2,5.6,171.0,20.0
2010-05-26,0.2,13.3,23.2,71.0,1011.2,5.9,191.0,52.0
2010-05-27,5.4,12.7,22.1,74.0,1009.7,4.2,54.0,48.0
2010-05-28,3.3,10.3,21.3,80.0,1013.5,4.0,102.0,71.0
2010-05-29,6.3,11.2,21.5,82.0,1016.5,4.1,45.0,59.0
2010-05-30,6.2,13.1,21.3,82.0,1011.9,3.9,210.0,75.0
2010-05-31,7.3,13.1,20.2,76.0,1005.2,5.1,69.0,50.0
2010-06-01,0.3,7.8,24.0,67.0,1007.3,6.6,246.0,38.0
2010-06-02,2.9,12.2,22.0,76.0,1005.9,3.9,58.0,85.0
2010-06-03,6.5,12.9,19.1,82.0,1010.2,4.1,98.0,84.0
2010-06-04,4.2,14.6,23.5,76.0,1014.7,4.1,172.0,51.0
2010-06-05,0.0,16.3,24.0,79.0,1019.8,4.3,150.0,46.0
2010-06-06,0.0,14.0,26.1,75.0,1016.9,5.0,185.0,27.0
2010-06-07,5.0,16.9,23.5,78.0,1013.1,3.9,112.0,84.0
2010-06-08,7.4,16.4,24.2,82.0,1012.0,4.3,169.0,67.0
2010-06-09,4.3,15.4,24.8,85.0,1012.3,4.7,99.0,57.0
2010-06-10,0.0,15.2,25.8,81.0,1013.9,6.1,73.0,75.0
2010-06-11,0.0,14.6,26.6,78.0,1012.9,5.5,87.0,18.0
2010-06-12,4.5,16.0,27.2,79.0,1011.1,5.4,102.0,31.0
2010-06-13,8.0,16.4,25.8,81.0,1010.7,4.1,278.0,70.0
2010-06-14,1.7,16.2,24.9,74.0,1011.5,5.5,217.0,34.0
2010-06-15,23.8,16.5,21.0,89.0,1015.5,5.3,21.0,99.0
2010-06-16,31.1,17.0,21.9,89.0,1012.1,5.2,50.0,87.0
2010-06-17,21.2,14.5,20.9,90.0,1014.1,3.6,51.0,74.0
2010-06-18,1.9,11.4,23.3,76.0,1009.3,5.6,231.0,50.0
2010-06-19,19.7,14.8,19.8,87.0,1003.0,5.7,46.0,90.0
2010-06-20,45.8,11.8,14.8,87.0,1002.0,9.0,7.0,100.0
2010-06-21,0.0,12.4,22.2,74.0,1007.4,4.9,313.0,98.0
2010-06-22,0.3,9.7,22.8,72.0,1013.6,4.8,284.0,89.0
2010-06-23,0.0,13.4,23.7,67.0,1016.6,5.1,225.0,55.0
2010-06-24,0.3,16.4,22.9,76.0,1015.9,5.7,167.0,49.0
2010-06-25,0.8,16.7,24.2,75.0,1014.6,4.1,184.0,50.0
2010-06-26,5.7,15.1,23.6,82.0,1013.5,3.3,80.0,61.0
2010-06-27,4.2,15.7,25.1,81.0,1016.3,4.5,140.0,57.0
2010-06-28,2.3,18.0,25.8,79.0,1017.0,4.4,142.0,52.0
2010-06-29,5.8,17.2,25.6,81.0,1017.0,3.1,272.0,56.0
2010-06-30,4.8,16.4,28.2,77.0,1016.7,4.0,305.0,62.0
2010-07-01,2.8,16.6,28.3,73.0,1016.5,3.0,347.0,49.0
2010-07-02,3.8,18.0,27.8,81.0,1016.7,4.0,276.0,60.0
2010-07-03,2.4,17.9,28.4,78.0,1016.4,4.1,266.0,33.0
2010-07-04,7.8,18.9,29.9,78.0,1015.8,4.1,347.0,37.0
2010-07-05,7.8,19.0,27.4,81.0,1015.6,3.6,326.0,54.0
2010-07-06,16.7,18.4,24.9,83.0,1016.2,4.0,33.0,73.0
2010-07-07,3.3,17.6,24.6,73.0,1019.4,6.0,78.0,55.0
2010-07-08,0.0,18.1,25.3,72.0,1022.1,4.7,140.0,59.0
2010-07-09,0.0,15.3,27.7,77.0,1021.2,4.1,175.0,39.0
2010-07-10,0.8,17.6,28.6,78.0,1020.2,3.2,158.0,49.0
2010-07-11,0.9,19.6,29.4,76.0,1018.3,3.8,180.0,60.0
2010-07-12,3.4,18.7,28.9,79.0,1015.8,4.0,247.0,29.0
2010-07-13,2.2,18.6,28.9,81.0,1012.8,4.6,138.0,75.0
2010-07-14,0.8,20.0,29.5,81.0,1013.1,4.5,199.0,63.0
2010-07-15,0.2,20.4,31.1,76.0,1012.5,4.2,157.0,38.0
2010-07-16,0.0,20.1,32.1,69.0,1015.2,3.8,43.0,12.0
2010-07-17,0.0,19.4,31.2,70.0,1014.1,4.6,223.0,32.0
2010-07-18,3.3,19.6,29.0,63.0,1016.9,6.8,43.0,47.0
2010-07-19,0.1,21.8,26.7,59.0,1018.6,4.0,72.0,40.0
2010-07-20,0.0,19.2,26.7,70.0,1015.6,4.8,78.0,42.0
2010-07-21,0.6,17.4,28.8,76.0,1013.1,3.9,202.0,45.0
2010-07-22,0.6,19.1,30.2,76.0,1013.6,4.7,189.0,39.0
2010-07-23,12.2,20.0,29.5,79.0,1012.1,5.3,212.0,35.0
2010-07-24,1.8,16.9,26.6,62.0,1010.0,7.2,351.0,32.0
2010-07-25,2.7,14.2,25.5,59.0,1010.4,4.1,20.0,24.0
2010-07-26,3.4,12.7,23.4,69.0,1011.7,3.9,282.0,43.0
2010-07-27,9.8,13.9,21.6,79.0,1013.7,3.9,349.0,60.0
2010-07-28,0.9,11.9,25.8,78.0,1015.8,4.9,190.0,36.0
2010-07-29,21.2,15.3,20.2,90.0,1010.8,5.7,33.0,93.0
2010-07-30,4.9,11.8,21.4,80.0,1011.2,3.6,9.0,52.0
2010-07-31,0.0,11.4,24.4,71.0,1015.8,4.0,245.0,20.0
2010-08-01,0.0,13.5,26.9,70.0,1017.6,4.7,205.0,9.0
2010-08-02,0.9,15.1,27.3,75.0,1015.2,4.6,184.0,18.0
2010-08-03,14.7,17.0,24.8,83.0,1010.2,3.6,14.0,46.0
2010-08-04,1.2,15.1,25.0,71.0,1010.1,4.8,68.0,38.0
2010-08-05,14.0,16.3,19.5,83.0,1006.2,5.7,10.0,94.0
2010-08-06,0.5,12.8,25.1,73.0,1008.7,4.1,335.0,74.0
2010-08-07,0.0,14.1,25.2,72.0,1015.1,5.0,226.0,35.0
2010-08-08,4.7,16.0,23.9,85.0,1017.3,3.8,49.0,57.0
2010-08-09,1.0,15.2,25.2,81.0,1016.3,4.2,110.0,37.0
2010-08-10,1.1,15.7,26.2,75.0,1016.0,3.3,4.0,37.0
2010-08-11,3.4,16.5,26.9,80.0,1015.3,3.7,342.0,62.0
2010-08-12,2.4,17.3,26.3,78.0,1013.3,4.7,35.0,72.0
2010-08-13,11.6,16.6,21.3,88.0,1014.4,5.1,47.0,95.0
2010-08-14,31.9,13.3,21.8,89.0,1014.9,6.7,54.0,90.0
2010-08-15,29.4,16.6,23.5,87.0,1013.3,4.6,125.0,53.0
2010-08-16,2.6,13.5,22.6,75.0,1013.9,5.4,239.0,52.0
2010-08-17,0.1,13.4,23.5,74.0,1014.0,5.4,166.0,39.0
2010-08-18,2.6,16.4,23.6,82.0,1012.2,5.4,143.0,49.0
2010-08-19,0.1,16.3,25.2,81.0,1015.3,4.5,110.0,66.0
2010-08-20,4.9,19.7,25.3,83.0,1020.9,3.5,333.0,76.0
2010-08-21,1.1,16.5,28.8,80.0,1022.4,3.8,12.0,16.0
2010-08-22,1.2,17.5,28.9,78.0,1019.4,3.6,239.0,19.0
2010-08-23,0.0,19.1,28.5,77.0,1012.9,4.8,198.0,44.0
2010-08-24,1.2,18.2,27.1,84.0,1010.7,4.3,157.0,48.0
2010-08-25,3.9,18.2,25.3,84.0,1014.8,4.3,51.0,58.0
2010-08-26,0.0,19.0,27.4,81.0,1016.1,4.3,144.0,67.0
2010-08-27,0.1,21.7,27.5,81.0,1009.0,8.0,217.0,67.0
2010-08-28,8.1,17.1,24.7,82.0,1006.8,5.9,54.0,49.0
2010-08-29,0.5,15.8,20.5,69.0,1014.7,4.5,72.0,56.0
2010-08-30,4.0,13.6,19.2,75.0,1009.0,4.3,44.0,59.0
2010-08-31,0.0,9.7,22.7,61.0,1011.2,5.0,319.0,38.0
2010-09-01,0.0,7.6,21.9,60.0,1014.2,6.2,300.0,2.0
2010-09-02,0.0,10.5,21.4,72.0,1016.5,4.6,86.0,57.0
2010-09-03,3.1,14.0,20.9,79.0,1017.3,5.1,65.0,63.0
2010-09-04,3.9,14.0,22.4,79.0,1016.0,4.0,60.0,43.0
2010-09-05,3.6,14.4,19.5,78.0,1017.2,5.9,58.0,85.0
2010-09-06,0.3,14.6,17.2,74.0,1016.4,6.6,77.0,91.0
2010-09-07,9.0,13.1,17.2,84.0,1013.2,5.3,41.0,100.0
2010-09-08,25.4,15.5,20.3,91.0,1008.2,6.2,43.0,93.0
2010-09-09,7.2,12.1,20.3,88.0,1012.8,3.7,24.0,55.0
2010-09-10,0.3,11.6,24.1,68.0,1017.6,4.9,326.0,46.0
2010-09-11,0.0,10.0,24.0,66.0,1018.1,4.0,321.0,14.0
2010-09-12,0.0,13.7,22.5,69.0,1018.6,3.8,158.0,46.0
2010-09-13,4.6,14.4,20.8,78.0,1018.7,4.9,351.0,70.0
2010-09-14,0.0,11.3,23.5,69.0,1021.5,4.4,276.0,62.0
2010-09-15,0.0,11.6,23.7,75.0,1016.7,5.0,170.0,35.0
2010-09-16,1.1,14.2,22.7,83.0,1011.9,4.5,168.0,80.0
2010-09-17,14.5,17.5,21.8,88.0,1010.3,4.6,188.0,99.0
2010-09-18,23.0,14.3,16.9,88.0,1012.7,6.9,52.0,96.0
2010-09-19,0.4,12.9,19.6,74.0,1013.8,4.6,104.0,70.0
2010-09-20,0.0,14.3,19.3,71.0,1019.8,3.5,118.0,63.0
2010-09-21,0.0,8.4,22.3,78.0,1019.7,3.3,26.0,9.0
2010-09-22,0.0,9.0,22.9,73.0,1020.4,4.8,32.0,5.0
2010-09-23,0.0,10.0,21.6,71.0,1018.6,4.9,50.0,41.0
2010-09-24,6.6,8.2,20.8,80.0,1009.5,6.6,46.0,67.0
2010-09-25,32.1,11.8,18.4,85.0,998.3,6.1,20.0,77.0
2010-09-26,1.4,9.6,19.5,77.0,1001.2,4.7,344.0,42.0
2010-09-27,14.4,10.9,16.2,89.0,1008.0,5.4,28.0,84.0
2010-09-28,2.4,7.0,17.0,89.0,1012.7,3.4,352.0,46.0
2010-09-29,0.0,7.4,18.7,79.0,1015.1,3.9,261.0,24.0
2010-09-30,2.7,8.9,17.1,86.0,1016.1,4.0,49.0,76.0
2010-10-01,7.4,10.6,15.6,92.0,1015.7,4.6,55.0,94.0
2010-10-02,0.0,11.6,17.9,84.0,1018.8,3.6,83.0,88.0
2010-10-03,0.0,13.4,18.6,85.0,1018.5,3.6,172.0,84.0
2010-10-04,6.9,13.0,19.2,89.0,1013.8,4.3,58.0,88.0
2010-10-05,16.4,15.6,20.7,86.0,1009.2,4.7,83.0,73.0
2010-10-06,0.0,10.4,20.5,86.0,1014.4,4.0,60.0,40.0
2010-10-07,0.0,14.1,19.6,82.0,1020.8,4.5,83.0,78.0
2010-10-08,0.0,10.6,17.2,75.0,1023.5,5.5,69.0,45.0
2010-10-09,0.0,9.0,16.1,69.0,1021.9,4.5,56.0,36.0
2010-10-10,0.0,6.6,14.8,74.0,1014.2,5.0,39.0,66.0
2010-10-11,0.0,5.6,16.0,68.0,1013.1,6.2,37.0,62.0
2010-10-12,0.0,5.1,16.4,73.0,1013.4,5.3,35.0,45.0
2010-10-13,0.0,5.0,15.7,77.0,1011.7,5.8,21.0,89.0
2010-10-14,0.0,6.8,17.2,75.0,1009.7,4.4,358.0,38.0
2010-10-15,0.0,5.1,15.7,81.0,1009.0,4.6,54.0,35.0
2010-10-16,1.9,8.2,13.0,77.0,1008.3,5.7,52.0,81.0
2010-10-17,22.1,7.6,10.5,85.0,1010.1,9.1,37.0,99.0
2010-10-18,0.0,6.8,15.6,74.0,1012.5,4.9,4.0,76.0
2010-10-19,0.0,5.5,17.2,71.0,1007.6,5.6,341.0,43.0
2010-10-20,0.9,4.2,15.4,83.0,1007.3,3.6,358.0,53.0
2010-10-21,0.0,1.2,14.4,74.0,1020.9,4.6,31.0,18.0
2010-10-22,0.0,3.3,14.1,70.0,1025.2,4.0,12.0,36.0
2010-10-23,0.0,4.3,12.9,81.0,1020.2,3.0,322.0,89.0
2010-10-24,6.1,7.4,11.6,87.0,1013.0,2.6,22.0,90.0
2010-10-25,52.5,6.2,10.0,89.0,1006.9,8.8,3.0,100.0
2010-10-26,7.5,5.2,10.8,79.0,1019.4,3.1,345.0,78.0
2010-10-27,0.0,-0.3,11.7,72.0,1025.1,3.9,335.0,29.0
2010-10-28,0.0,0.1,12.7,79.0,1024.0,2.8,352.0,45.0
2010-10-29,0.0,1.5,15.9,83.0,1021.4,3.6,321.0,0.0
2010-10-30,0.0,1.5,13.1,90.0,1018.5,4.8,50.0,71.0
2010-10-31,55.1,8.5,13.2,94.0,1013.2,9.2,57.0,100.0
2010-11-01,66.5,13.2,14.6,96.0,1011.7,9.0,61.0,100.0
2010-11-02,29.8,8.8,14.9,90.0,1012.7,9.7,32.0,95.0
2010-11-03,0.0,7.4,16.5,89.0,1018.4,4.6,13.0,84.0
2010-11-04,0.0,7.3,17.3,87.0,1027.9,3.4,240.0,74.0
2010-11-05,0.0,6.1,15.0,91.0,1028.7,3.2,209.0,77.0
2010-11-06,0.4,6.9,13.1,93.0,1020.4,2.8,184.0,84.0
2010-11-07,11.9,8.9,11.2,94.0,1006.8,4.8,27.0,100.0
2010-11-08,12.1,4.5,10.3,93.0,989.3,3.3,344.0,93.0
2010-11-09,7.6,3.9,9.7,88.0,986.5,4.5,19.0,93.0
2010-11-10,2.2,3.5,11.3,88.0,995.5,3.9,8.0,90.0
2010-11-11,0.0,1.8,11.4,89.0,1010.5,3.8,271.0,51.0
2010-11-12,0.0,3.6,11.1,85.0,1010.6,3.0,318.0,67.0
2010-11-13,0.0,3.7,11.9,85.0,1013.3,2.9,45.0,80.0
2010-11-14,0.0,8.8,13.2,87.0,1015.5,2.3,217.0,71.0
2010-11-15,4.2,5.8,12.6,92.0,1015.6,3.2,60.0,80.0
2010-11-16,66.7,9.5,12.1,96.0,1009.7,7.0,40.0,100.0
2010-11-17,7.0,5.7,12.5,91.0,1008.4,3.7,354.0,95.0
2010-11-18,8.6,4.5,11.1,94.0,1009.5,4.3,6.0,84.0
2010-11-19,7.3,5.4,10.8,86.0,1015.3,4.5,287.0,80.0
2010-11-20,0.9,2.6,10.8,88.0,1018.2,4.2,28.0,96.0
2010-11-21,39.5,7.0,8.0,89.0,1008.5,9.0,22.0,100.0
2010-11-22,11.0,4.8,10.2,87.0,998.3,3.8,346.0,92.0
2010-11-23,0.0,1.2,10.6,87.0,998.4,3.9,336.0,53.0
2010-11-24,1.0,-0.2,9.1,83.0,1004.5,4.6,325.0,41.0
2010-11-25,0.7,-2.4,7.2,81.0,1007.2,3.2,342.0,67.0
2010-11-26,24.0,-1.6,3.0,89.0,1000.1,8.1,10.0,97.0
2010-11-27,0.5,-11.5,5.1,80.0,1007.0,4.8,1.0,55.0
2010-11-28,10.7,-1.7,3.5,89.0,1004.1,6.9,3.0,100.0
2010-11-29,0.5,-4.2,5.6,89.0,1000.6,4.3,268.0,49.0
2010-11-30,0.5,-6.1,4.5,75.0,1009.5,8.2,17.0,58.0
2010-12-01,20.3,1.0,3.4,92.0,999.6,5.2,4.0,99.0
2010-12-02,1.2,-4.1,4.7,93.0,1005.1,2.9,8.0,76.0
2010-12-03,9.3,-1.4,3.4,90.0,1006.9,5.2,303.0,88.0
2010-12-04,10.0,-5.0,3.8,85.0,1015.8,6.9,10.0,66.0
2010-12-05,1.0,-9.3,2.6,83.0,1021.1,3.5,332.0,85.0
2010-12-06,8.4,-0.6,2.8,91.0,1010.7,3.7,352.0,99.0
2010-12-07,3.1,2.6,7.1,91.0,1007.9,2.0,345.0,92.0
2010-12-08,3.1,4.5,8.5,96.0,1009.0,1.5,348.0,99.0
2010-12-09,0.5,1.7,10.5,77.0,1009.0,4.9,352.0,47.0
2010-12-10,0.0,-2.7,8.2,63.0,1021.4,6.3,289.0,3.0
2010-12-11,0.0,-3.8,6.1,72.0,1019.7,3.7,345.0,2.0
2010-12-12,0.0,-3.0,7.0,75.0,1008.4,4.8,352.0,6.0
2010-12-13,0.0,-3.2,7.5,61.0,1010.7,5.4,23.0,18.0
2010-12-14,0.0,-2.2,3.1,52.0,1018.4,3.3,322.0,18.0
2010-12-15,0.0,-1.5,3.3,62.0,1019.0,3.5,310.0,51.0
2010-12-16,0.0,-2.5,1.2,59.0,1015.3,4.3,311.0,40.0
2010-12-17,2.4,-3.5,-1.9,76.0,1003.5,3.7,35.0,94.0
2010-12-18,0.0,-4.2,2.3,67.0,1001.2,4.4,310.0,34.0
2010-12-19,0.0,-4.3,1.8,66.0,1012.6,3.7,352.0,68.0
2010-12-20,0.0,0.1,3.2,78.0,1011.1,2.3,241.0,52.0
2010-12-21,1.1,0.8,4.7,83.0,1014.4,2.7,13.0,83.0
2010-12-22,16.3,2.0,5.9,95.0,1011.0,5.0,3.0,100.0
2010-12-23,40.7,4.5,8.1,98.0,1003.5,8.4,30.0,100.0
2010-12-24,35.3,4.0,9.3,97.0,993.0,7.3,31.0,99.0
2010-12-25,22.9,2.3,6.2,92.0,999.8,6.2,349.0,99.0
2010-12-26,2.5,0.1,3.4,76.0,1015.3,5.4,11.0,99.0
2010-12-27,0.0,-8.9,2.6,67.0,1023.5,4.1,317.0,24.0
2010-12-28,0.0,-7.9,2.3,65.0,1023.7,2.5,322.0,45.0
2010-12-29,0.0,-3.9,4.1,72.0,1024.2,2.6,19.0,27.0
2010-12-30,0.0,-4.3,4.9,72.0,1025.0,3.2,2.0,31.0
2010-12-31,0.0,-3.1,4.5,77.0,1023.9,3.0,11.0,3.0
2011-01-01,0.0,-3.4,5.4,81.0,1020.1,2.8,330.0,12.0
2011-01-02,0.4,-1.7,5.7,80.0,1015.7,3.5,19.0,43.0
2011-01-03,0.2,-4.2,4.4,67.0,1021.2,3.2,353.0,70.0
2011-01-04,0.0,-2.8,2.1,76.0,1022.2,2.5,40.0,86.0
2011-01-05,0.0,-0.7,3.0,71.0,1021.4,2.7,111.0,60.0
2011-01-06,0.7,-2.7,2.7,79.0,1021.8,2.0,283.0,89.0
2011-01-07,0.3,0.9,3.2,90.0,1023.9,1.1,301.0,100.0
2011-01-08,0.1,2.5,6.6,95.0,1022.9,1.2,292.0,98.0
2011-01-09,0.0,2.6,7.1,96.0,1022.6,1.8,320.0,96.0
2011-01-10,8.3,2.6,6.9,95.0,1020.7,3.4,357.0,100.0
2011-01-11,4.6,3.5,8.3,95.0,1014.6,3.3,9.0,99.0
2011-01-12,0.0,-1.0,9.1,95.0,1018.2,2.8,318.0,73.0
2011-01-13,0.0,-0.3,7.1,88.0,1018.7,2.5,17.0,74.0
2011-01-14,0.0,0.2,8.6,85.0,1019.8,1.7,102.0,52.0
2011-01-15,0.0,0.2,9.3,87.0,1023.2,2.2,355.0,45.0
2011-01-16,0.0,-0.9,11.5,85.0,1029.6,2.8,338.0,39.0
2011-01-17,0.0,-1.3,9.8,83.0,1028.1,2.2,341.0,57.0
2011-01-18,0.0,-1.5,9.4,80.0,1025.4,2.1,8.0,33.0
2011-01-19,2.0,-1.9,7.2,83.0,1022.2,2.4,17.0,84.0
2011-01-20,0.8,-0.0,6.6,74.0,1020.1,3.4,353.0,97.0
2011-01-21,0.0,-3.7,5.8,60.0,1021.8,5.8,7.0,90.0
2011-01-22,0.0,-2.2,5.5,50.0,1021.2,4.6,24.0,38.0
2011-01-23,0.0,-0.9,5.0,61.0,1019.3,2.9,278.0,8.0
2011-01-24,0.0,-1.8,5.2,70.0,1019.0,4.2,46.0,12.0
2011-01-25,0.0,-0.5,5.4,77.0,1017.4,4.4,348.0,59.0
2011-01-26,0.0,-0.3,4.0,83.0,1011.1,3.6,93.0,73.0
2011-01-27,0.0,0.1,6.7,76.0,1013.4,5.0,25.0,37.0
2011-01-28,0.0,-1.2,7.0,67.0,1017.4,8.9,58.0,59.0
2011-01-29,0.0,-0.2,4.2,58.0,1020.3,5.8,60.0,83.0
2011-01-30,0.0,-1.0,5.7,69.0,1017.4,5.0,27.0,95.0
2011-01-31,0.0,0.6,7.6,71.0,1019.4,4.2,35.0,28.0
2011-02-01,0.0,-0.4,8.2,70.0,1022.0,3.0,17.0,0.0
2011-02-02,0.0,-2.6,8.9,64.0,1022.0,3.4,13.0,0.0
2011-02-03,0.0,-1.0,8.9,68.0,1024.8,2.6,325.0,45.0
2011-02-04,0.0,-2.6,11.0,72.0,1027.4,3.3,318.0,13.0
2011-02-05,0.0,-2.1,10.4,77.0,1027.0,2.8,16.0,58.0
2011-02-06,0.0,-2.0,13.0,78.0,1026.8,2.8,1.0,19.0
2011-02-07,0.0,-2.2,12.7,76.0,1025.5,3.2,10.0,6.0
2011-02-08,0.0,-2.4,10.0,77.0,1021.1,3.2,13.0,5.0
2011-02-09,0.0,-1.9,12.5,75.0,1021.3,3.7,340.0,1.0
2011-02-10,0.0,-2.2,12.0,81.0,1022.3,3.4,330.0,0.0
2011-02-11,0.0,-2.3,10.5,86.0,1019.9,4.0,64.0,23.0
2011-02-12,0.0,0.5,9.6,92.0,1017.2,4.2,72.0,69.0
2011-02-13,1.3,5.0,8.8,93.0,1015.8,3.6,76.0,97.0
2011-02-14,0.0,4.7,9.5,91.0,1012.0,3.0,113.0,96.0
2011-02-15,1.5,4.1,8.0,93.0,1008.0,4.3,77.0,99.0
2011-02-16,39.1,4.9,5.8,93.0,1003.2,10.3,40.0,100.0
2011-02-17,9.0,3.6,8.1,87.0,1003.0,6.3,45.0,100.0
2011-02-18,0.8,-0.3,12.6,81.0,1007.5,3.6,354.0,80.0
2011-02-19,0.2,-1.2,11.7,79.0,1011.4,4.2,127.0,24.0
2011-02-20,3.7,3.6,7.1,87.0,1013.3,4.0,52.0,97.0
2011-02-21,2.3,2.0,7.9,82.0,1012.0,4.5,61.0,87.0
2011-02-22,0.3,-0.1,5.1,82.0,1011.9,4.3,72.0,80.0
2011-02-23,0.3,-1.4,5.1,76.0,1019.1,4.5,49.0,36.0
2011-02-24,0.0,-1.3,6.5,71.0,1024.6,4.1,134.0,33.0
2011-02-25,0.1,0.8,4.8,74.0,1024.5,3.4,130.0,55.0
2011-02-26,0.4,0.8,8.9,67.0,1021.5,3.1,137.0,19.0
2011-02-27,7.4,1.7,4.3,84.0,1015.3,4.3,46.0,100.0
2011-02-28,3.5,1.0,9.0,81.0,1018.9,7.0,54.0,94.0
2011-03-01,0.0,-0.3,9.2,73.0,1022.0,8.8,68.0,95.0
2011-03-02,0.1,-0.3,6.8,64.0,1023.8,10.6,79.0,92.0
2011-03-03,6.8,0.1,5.1,78.0,1026.5,6.1,51.0,95.0
2011-03-04,0.0,-0.6,9.6,77.0,1027.8,5.5,52.0,28.0
2011-03-05,0.0,-0.7,11.3,73.0,1019.9,3.4,50.0,52.0
2011-03-06,1.3,-0.6,13.0,75.0,1016.7,5.5,100.0,22.0
2011-03-07,0.2,2.0,5.6,60.0,1031.0,6.1,134.0,56.0
2011-03-08,0.0,-0.6,6.9,59.0,1034.6,4.3,149.0,24.0
2011-03-09,0.0,-0.8,9.0,69.0,1025.3,4.3,166.0,3.0
2011-03-10,0.0,-1.0,11.4,76.0,1022.6,4.1,127.0,65.0
2011-03-11,0.0,0.5,11.7,82.0,1022.3,4.6,101.0,53.0
2011-03-12,0.0,4.8,10.7,84.0,1021.8,4.6,91.0,93.0
2011-03-13,11.0,4.0,9.6,90.0,1017.1,7.0,41.0,99.0
2011-03-14,8.4,5.9,13.2,86.0,1018.4,4.6,28.0,99.0
2011-03-15,4.8,6.3,11.0,95.0,1019.4,7.0,46.0,100.0
2011-03-16,51.3,8.9,10.2,92.0,1009.9,12.0,44.0,100.0
2011-03-17,15.8,7.8,11.3,89.0,1004.0,5.5,239.0,100.0
2011-03-18,0.2,6.7,15.2,83.0,1012.7,3.4,64.0,72.0
2011-03-19,10.8,4.3,11.6,91.0,1019.0,4.5,22.0,96.0
2011-03-20,2.2,0.1,12.8,75.0,1025.6,4.7,17.0,43.0
2011-03-21,0.7,4.6,11.9,58.0,1030.4,4.2,75.0,24.0
2011-03-22,0.0,-1.8,13.4,63.0,1034.1,4.6,8.0,41.0
2011-03-23,0.0,-0.0,16.5,71.0,1033.1,5.2,249.0,2.0
2011-03-24,0.0,2.6,18.2,72.0,1031.8,3.9,180.0,8.0
2011-03-25,0.4,2.5,18.0,75.0,1022.5,4.8,105.0,27.0
2011-03-26,0.9,7.0,16.0,81.0,1015.2,4.5,96.0,76.0
2011-03-27,1.2,8.6,15.0,80.0,1015.5,4.9,150.0,93.0
2011-03-28,2.8,7.9,12.3,89.0,1013.1,3.9,110.0,94.0
2011-03-29,1.2,3.0,16.2,72.0,1015.7,3.9,319.0,23.0
2011-03-30,0.1,2.2,16.7,70.0,1017.0,4.3,258.0,14.0
2011-03-31,0.0,2.9,18.4,71.0,1020.6,4.3,216.0,44.0
2011-04-01,0.0,5.2,20.4,74.0,1022.0,4.5,102.0,54.0
2011-04-02,0.0,7.2,19.8,76.0,1020.6,4.4,102.0,23.0
2011-04-03,0.1,5.9,21.3,78.0,1015.0,4.6,129.0,23.0
2011-04-04,8.6,7.0,20.4,81.0,1014.0,5.5,30.0,77.0
2011-04-05,0.0,4.3,18.2,67.0,1022.9,6.0,234.0,43.0
2011-04-06,0.0,5.6,20.2,70.0,1026.6,4.3,203.0,55.0
2011-04-07,0.0,6.5,23.9,72.0,1022.9,4.4,236.0,53.0
2011-04-08,0.0,8.4,24.3,68.0,1015.2,4.7,0.0,58.0
2011-04-09,0.0,9.1,27.9,60.0,1012.4,5.4,325.0,16.0
2011-04-10,0.0,11.3,19.5,52.0,1016.3,5.6,112.0,29.0
2011-04-11,0.0,7.4,21.4,64.0,1019.2,5.5,164.0,19.0
2011-04-12,11.9,7.1,21.1,77.0,1013.6,5.6,57.0,53.0
2011-04-13,5.0,4.4,14.2,73.0,1015.1,5.6,189.0,37.0
2011-04-14,1.5,3.0,13.8,71.0,1014.4,3.7,5.0,97.0
2011-04-15,0.7,4.8,14.2,65.0,1016.0,6.0,52.0,51.0
2011-04-16,0.4,3.9,14.9,64.0,1019.6,5.2,70.0,41.0
2011-04-17,0.0,3.4,15.2,61.0,1022.2,4.8,54.0,24.0
2011-04-18,0.0,3.7,16.8,63.0,1021.7,5.2,38.0,13.0
2011-04-19,0.0,4.3,17.9,66.0,1017.7,4.9,72.0,10.0
2011-04-20,0.0,4.8,19.6,66.0,1018.4,4.7,144.0,8.0
2011-04-21,0.0,5.6,20.2,69.0,1018.5,5.8,125.0,10.0
2011-04-22,0.1,5.7,18.9,73.0,1015.4,5.7,105.0,18.0
2011-04-23,0.4,9.4,17.2,73.0,1015.4,4.9,226.0,85.0
2011-04-24,0.7,6.9,18.9,74.0,1015.8,4.5,147.0,78.0
2011-04-25,2.0,8.4,19.1,81.0,1015.4,4.6,81.0,66.0
2011-04-26,4.4,8.2,18.8,73.0,1012.7,5.6,53.0,49.0
2011-04-27,1.6,7.6,19.0,69.0,1012.7,7.4,59.0,48.0
2011-04-28,0.0,10.3,18.3,62.0,1011.8,7.6,37.0,70.0
2011-04-29,2.9,10.2,17.4,70.0,1010.2,5.6,51.0,71.0
2011-04-30,1.8,6.6,17.4,76.0,1007.8,5.6,54.0,42.0
2011-05-01,2.3,5.4,20.0,73.0,1004.7,4.1,324.0,33.0
2011-05-02,6.2,7.9,18.5,81.0,1007.2,5.9,84.0,68.0
2011-05-03,5.4,8.7,20.0,77.0,1004.0,4.9,68.0,62.0
2011-05-04,9.1,10.7,15.6,70.0,1012.7,6.0,99.0,69.0
2011-05-05,1.0,9.6,16.5,63.0,1022.5,5.7,142.0,52.0
2011-05-06,0.0,6.2,19.2,59.0,1025.9,4.9,197.0,4.0
2011-05-07,0.0,5.4,22.1,66.0,1022.7,4.9,195.0,8.0
2011-05-08,5.1,7.5,22.7,72.0,1018.2,5.8,89.0,25.0
2011-05-09,0.0,10.6,19.3,56.0,1025.9,4.5,208.0,30.0
2011-05-10,0.0,7.1,22.3,58.0,1026.7,4.9,258.0,31.0
2011-05-11,3.7,8.8,24.6,69.0,1020.9,3.9,319.0,44.0
2011-05-12,1.1,12.1,24.9,70.0,1016.6,5.1,41.0,93.0
2011-05-13,2.1,11.3,22.8,70.0,1017.3,5.8,65.0,39.0
2011-05-14,1.5,11.9,23.0,71.0,1015.3,6.0,117.0,58.0
2011-05-15,21.8,10.0,15.5,87.0,1013.0,5.2,61.0,99.0
2011-05-16,0.0,5.4,20.4,64.0,1019.8,4.8,254.0,38.0
2011-05-17,0.4,7.0,20.8,65.0,1021.5,4.3,149.0,33.0
2011-05-18,0.0,10.6,22.7,61.0,1019.9,4.8,64.0,19.0
2011-05-19,0.0,9.1,24.5,62.0,1018.3,4.0,116.0,5.0
2011-05-20,0.7,10.3,25.2,62.0,1018.7,4.4,89.0,41.0
2011-05-21,0.8,11.1,25.2,63.0,1019.1,4.8,37.0,30.0
2011-05-22,1.1,11.0,25.7,64.0,1018.4,3.7,356.0,43.0
2011-05-23,0.3,12.1,27.1,61.0,1021.0,4.9,27.0,45.0
2011-05-24,2.8,13.2,27.2,66.0,1020.6,4.1,319.0,52.0
2011-05-25,1.7,14.4,28.0,62.0,1020.6,4.7,36.0,40.0
2011-05-26,0.4,16.6,27.3,63.0,1018.1,4.6,73.0,39.0
2011-05-27,27.1,15.3,24.4,79.0,1011.7,5.6,63.0,61.0
2011-05-28,13.9,12.1,19.7,69.0,1012.8,6.0,59.0,64.0
2011-05-29,0.0,9.4,22.3,68.0,1018.2,4.3,140.0,45.0
2011-05-30,0.0,10.8,24.7,67.0,1018.7,5.0,115.0,4.0
2011-05-31,0.3,11.5,24.4,68.0,1014.9,5.2,110.0,32.0
2011-06-01,1.7,15.2,23.0,76.0,1015.1,4.7,62.0,64.0
2011-06-02,0.0,13.6,25.0,68.0,1020.1,4.7,18.0,48.0
2011-06-03,4.1,14.6,24.6,74.0,1020.8,6.0,23.0,82.0
2011-06-04,1.5,14.7,25.4,72.0,1017.1,6.0,56.0,40.0
2011-06-05,7.6,13.3,23.8,82.0,1013.2,4.8,56.0,67.0
2011-06-06,15.8,14.8,20.7,88.0,1010.4,3.9,67.0,72.0
2011-06-07,21.6,11.8,19.1,88.0,1008.0,6.0,26.0,94.0
2011-06-08,11.9,14.9,21.6,86.0,1006.6,3.8,221.0,93.0
2011-06-09,12.7,12.1,20.6,85.0,1010.4,4.0,91.0,87.0
2011-06-10,3.2,13.1,20.8,80.0,1013.4,3.3,43.0,71.0
2011-06-11,7.5,13.2,22.1,80.0,1013.8,4.0,44.0,73.0
2011-06-12,3.2,13.8,23.1,75.0,1015.8,3.7,4.0,56.0
2011-06-13,6.1,13.7,21.7,84.0,1015.9,3.2,332.0,97.0
2011-06-14,6.3,11.7,24.2,73.0,1016.4,3.9,7.0,37.0
2011-06-15,1.9,13.4,25.8,71.0,1018.0,4.0,230.0,28.0
2011-06-16,3.1,15.6,26.6,72.0,1016.5,4.6,202.0,69.0
2011-06-17,6.3,17.1,24.3,79.0,1015.4,5.1,236.0,80.0
2011-06-18,5.6,16.2,25.7,76.0,1010.2,5.5,226.0,83.0
2011-06-19,2.8,14.9,20.4,73.0,1010.6,8.0,85.0,44.0
2011-06-20,0.0,13.2,22.4,70.0,1017.2,5.1,90.0,46.0
2011-06-21,0.0,13.4,26.2,72.0,1019.2,5.1,163.0,34.0
2011-06-22,2.1,15.7,26.3,75.0,1018.6,4.2,266.0,31.0
2011-06-23,6.9,16.4,25.9,79.0,1015.5,4.7,325.0,50.0
2011-06-24,11.8,15.8,22.2,79.0,1016.0,6.7,45.0,66.0
2011-06-25,0.3,15.3,23.5,64.0,1021.6,5.4,157.0,33.0
2011-06-26,0.0,12.8,25.9,66.0,1022.5,5.3,142.0,9.0
2011-06-27,0.0,14.1,26.6,74.0,1020.8,4.9,131.0,30.0
2011-06-28,0.7,16.1,27.9,74.0,1015.4,4.4,148.0,21.0
2011-06-29,4.3,19.6,28.4,76.0,1012.8,4.9,131.0,65.0
2011-06-30,12.1,18.3,25.3,82.0,1012.2,3.1,335.0,86.0
2011-07-01,13.3,15.7,22.2,75.0,1014.2,6.0,38.0,61.0
2011-07-02,1.5,11.3,20.3,64.0,1012.9,4.2,31.0,31.0
2011-07-03,0.0,9.8,24.4,67.0,1010.7,6.1,222.0,20.0
2011-07-04,0.6,14.0,26.2,73.0,1012.6,5.3,176.0,45.0
2011-07-05,8.1,17.0,24.7,83.0,1012.2,4.3,124.0,65.0
2011-07-06,2.8,19.2,26.3,79.0,1011.8,4.5,180.0,60.0
2011-07-07,13.3,18.6,25.0,85.0,1012.9,3.7,24.0,64.0
2011-07-08,1.3,15.6,28.7,78.0,1013.7,5.5,303.0,44.0
2011-07-09,0.4,16.8,29.0,72.0,1017.1,5.1,56.0,21.0
2011-07-10,0.9,17.3,29.3,71.0,1016.4,4.1,249.0,42.0
2011-07-11,2.0,18.0,29.3,70.0,1015.0,3.1,13.0,25.0
2011-07-12,0.2,19.4,30.3,65.0,1015.0,5.1,65.0,41.0
2011-07-13,1.6,19.1,28.5,75.0,1010.6,5.6,14.0,80.0
2011-07-14,1.9,18.6,28.2,72.0,1009.6,4.6,330.0,45.0
2011-07-15,13.2,18.7,24.7,76.0,1013.5,3.6,29.0,42.0
2011-07-16,3.8,16.0,25.1,77.0,1014.1,4.2,44.0,48.0
2011-07-17,4.8,15.5,26.3,75.0,1008.1,4.8,180.0,53.0
2011-07-18,1.4,17.0,26.4,66.0,1004.7,5.1,229.0,51.0
2011-07-19,4.0,17.5,24.8,62.0,1005.5,4.0,165.0,67.0
2011-07-20,9.8,15.6,23.8,73.0,1002.8,4.6,265.0,62.0
2011-07-21,2.0,11.6,25.7,66.0,1005.1,5.2,271.0,15.0
2011-07-22,2.5,14.3,24.9,70.0,1006.9,5.5,292.0,26.0
2011-07-23,13.6,15.5,21.5,79.0,1007.1,4.8,39.0,77.0
2011-07-24,13.5,15.6,19.3,79.0,1005.8,3.2,10.0,82.0
2011-07-25,2.9,9.7,21.7,75.0,1008.5,3.9,329.0,57.0
2011-07-26,3.6,11.5,22.5,75.0,1012.1,4.0,100.0,48.0
2011-07-27,1.9,13.8,22.6,77.0,1017.1,4.5,82.0,69.0
2011-07-28,6.3,13.7,24.6,75.0,1014.8,2.9,297.0,79.0
2011-07-29,2.9,13.2,24.8,73.0,1013.8,4.1,291.0,71.0
2011-07-30,6.5,14.6,24.9,80.0,1011.8,5.1,34.0,86.0
2011-07-31,2.5,15.5,24.4,81.0,1011.5,3.8,43.0,70.0
2011-08-01,2.3,16.6,25.5,73.0,1012.9,2.9,101.0,57.0
2011-08-02,0.9,15.6,26.0,81.0,1016.5,4.8,139.0,42.0
2011-08-03,4.5,17.7,27.8,79.0,1017.2,4.4,177.0,72.0
2011-08-04,1.4,16.0,27.0,75.0,1014.5,3.8,14.0,38.0
2011-08-05,2.4,16.9,27.4,73.0,1014.8,3.9,50.0,53.0
2011-08-06,7.5,18.6,25.9,81.0,1012.1,3.9,198.0,82.0
2011-08-07,7.7,20.2,26.8,78.0,1009.3,5.3,210.0,84.0
2011-08-08,1.2,20.0,27.1,73.0,1007.7,7.2,231.0,48.0
2011-08-09,1.5,14.7,23.6,63.0,1014.8,6.0,58.0,33.0
2011-08-10,0.0,10.9,25.0,62.0,1019.9,5.5,129.0,14.0
2011-08-11,0.0,14.4,25.6,61.0,1019.8,4.6,110.0,29.0
2011-08-12,0.9,13.7,27.0,68.0,1013.9,3.0,45.0,40.0
2011-08-13,2.2,15.4,26.4,71.0,1011.4,3.5,20.0,48.0
2011-08-14,0.0,16.0,29.3,70.0,1011.1,4.0,280.0,33.0
2011-08-15,8.0,17.9,25.8,80.0,1012.2,3.5,22.0,64.0
2011-08-16,0.0,15.2,28.4,68.0,1016.2,5.0,65.0,35.0
2011-08-17,1.0,18.9,29.1,64.0,1016.7,4.0,66.0,33.0
2011-08-18,0.2,18.5,31.1,67.0,1016.6,3.9,213.0,19.0
2011-08-19,0.1,19.5,32.6,68.0,1017.0,4.5,260.0,19.0
2011-08-20,0.8,18.7,32.4,69.0,1019.2,3.7,33.0,21.0
2011-08-21,0.1,20.1,32.7,68.0,1019.4,4.2,349.0,26.0
2011-08-22,0.0,19.2,34.3,67.0,1018.1,4.7,351.0,23.0
2011-08-23,0.0,18.9,34.3,64.0,1016.7,4.6,67.0,5.0
2011-08-24,0.0,19.4,33.6,66.0,1015.5,5.1,101.0,7.0
2011-08-25,0.0,18.9,33.0,66.0,1014.4,4.9,90.0,3.0
2011-08-26,1.1,19.0,32.3,68.0,1012.7,5.1,65.0,16.0
2011-08-27,4.8,18.6,28.1,63.0,1009.7,6.2,357.0,24.0
2011-08-28,0.0,13.9,26.3,54.0,1016.3,6.7,43.0,16.0
2011-08-29,0.0,15.0,27.3,58.0,1013.9,4.0,63.0,28.0
2011-08-30,1.0,14.7,26.2,64.0,1011.7,4.5,47.0,29.0
2011-08-31,2.6,16.2,26.1,72.0,1012.5,4.5,19.0,45.0
2011-09-01,1.8,17.8,26.5,75.0,1014.2,4.7,314.0,82.0
2011-09-02,1.1,17.1,26.6,78.0,1014.8,3.8,34.0,68.0
2011-09-03,0.4,16.7,28.7,70.0,1014.9,4.4,74.0,69.0
2011-09-04,30.4,18.4,25.3,89.0,1013.8,4.2,57.0,99.0
2011-09-05,44.3,18.0,22.4,94.0,1014.4,3.1,107.0,94.0
2011-09-06,0.5,17.2,23.7,74.0,1020.7,5.3,8.0,59.0
2011-09-07,0.0,12.9,25.3,78.0,1015.2,4.6,221.0,81.0
2011-09-08,0.0,17.1,24.7,80.0,1011.2,3.9,103.0,90.0
2011-09-09,0.5,16.8,25.0,84.0,1012.7,4.7,70.0,44.0
2011-09-10,0.0,17.1,26.9,79.0,1015.9,4.2,180.0,27.0
2011-09-11,1.5,17.8,25.9,85.0,1016.2,4.4,113.0,51.0
2011-09-12,3.7,18.3,26.5,80.0,1014.4,3.4,6.0,47.0
2011-09-13,0.0,15.3,27.6,75.0,1015.1,3.7,261.0,14.0
2011-09-14,0.2,15.6,27.1,82.0,1014.1,5.3,60.0,30.0
2011-09-15,1.5,16.1,25.3,79.0,1016.0,4.7,36.0,41.0
2011-09-16,0.0,15.4,26.4,76.0,1016.6,4.1,47.0,60.0
2011-09-17,1.1,16.6,24.8,80.0,1014.8,4.2,337.0,63.0
2011-09-18,29.7,16.7,21.7,90.0,1007.5,4.9,53.0,99.0
2011-09-19,35.6,12.8,18.1,76.0,1004.5,6.1,7.0,78.0
2011-09-20,0.0,10.5,22.4,60.0,1015.8,4.8,336.0,33.0
2011-09-21,0.0,9.7,25.2,67.0,1018.1,4.9,312.0,6.0
2011-09-22,0.0,13.6,24.6,77.0,1016.5,3.9,44.0,63.0
2011-09-23,0.2,15.9,22.2,77.0,1016.6,5.3,42.0,86.0
2011-09-24,0.0,12.7,23.0,78.0,1017.0,4.6,28.0,28.0
2011-09-25,0.0,12.7,23.7,76.0,1019.8,4.2,32.0,47.0
2011-09-26,0.0,11.5,24.7,75.0,1023.0,4.8,13.0,8.0
2011-09-27,0.0,11.1,25.1,71.0,1025.8,4.4,17.0,14.0
2011-09-28,0.0,12.5,25.0,70.0,1026.8,4.6,21.0,18.0
2011-09-29,0.0,10.9,24.1,70.0,1026.8,4.2,9.0,15.0
2011-09-30,0.0,11.4,24.9,73.0,1026.4,4.2,355.0,14.0
2011-10-01,0.0,11.6,25.1,71.0,1025.4,4.1,358.0,1.0
2011-10-02,0.0,12.1,25.0,71.0,1023.7,3.7,4.0,7.0
2011-10-03,0.0,12.1,25.2,72.0,1023.1,4.0,100.0,11.0
2011-10-04,0.0,11.8,24.5,77.0,1021.8,4.0,44.0,6.0
2011-10-05,0.0,12.6,24.6,80.0,1021.0,4.1,43.0,20.0
2011-10-06,0.2,13.2,23.4,79.0,1017.4,4.3,180.0,29.0
2011-10-07,11.3,7.5,17.4,75.0,1007.6,5.5,153.0,67.0
2011-10-08,0.5,5.1,16.5,69.0,1011.5,4.2,332.0,40.0
2011-10-09,0.4,3.5,17.2,62.0,1015.6,4.3,353.0,32.0
2011-10-10,0.0,8.4,17.0,54.0,1020.5,3.3,359.0,67.0
2011-10-11,0.0,6.2,20.7,74.0,1018.8,3.5,31.0,23.0
2011-10-12,0.0,8.3,21.1,78.0,1015.9,4.1,35.0,63.0
2011-10-13,1.5,9.2,20.2,77.0,1018.2,5.8,69.0,30.0
2011-10-14,1.1,10.8,14.6,66.0,1026.3,6.0,104.0,72.0
2011-10-15,0.0,7.3,13.9,54.0,1029.8,5.6,79.0,32.0
2011-10-16,0.0,3.5,12.7,69.0,1028.4,4.7,65.0,10.0
2011-10-17,0.0,4.5,13.4,63.0,1026.2,3.6,47.0,9.0
2011-10-18,0.0,2.9,15.4,74.0,1022.6,4.3,34.0,23.0
2011-10-19,1.4,6.6,14.3,83.0,1020.0,2.6,356.0,83.0
2011-10-20,34.0,7.5,10.6,89.0,1017.7,6.2,37.0,91.0
2011-10-21,0.0,3.1,13.2,64.0,1025.1,4.5,30.0,39.0
2011-10-22,0.0,0.3,11.9,68.0,1024.9,4.9,36.0,5.0
2011-10-23,0.0,-0.4,11.3,77.0,1022.4,4.4,29.0,29.0
2011-10-24,0.7,3.7,11.6,79.0,1019.2,4.4,25.0,65.0
2011-10-25,36.4,7.9,11.3,89.0,1014.8,6.3,17.0,100.0
2011-10-26,44.8,8.8,14.4,95.0,1014.8,3.6,32.0,95.0
2011-10-27,0.0,6.8,16.1,86.0,1020.2,3.7,340.0,89.0
2011-10-28,0.0,6.8,15.3,84.0,1025.7,3.1,39.0,62.0
2011-10-29,0.0,5.8,15.9,84.0,1026.4,3.2,38.0,51.0
2011-10-30,0.0,6.1,15.3,86.0,1023.9,4.4,21.0,58.0
2011-10-31,0.0,6.5,15.9,82.0,1022.3,4.2,356.0,21.0
2011-11-01,0.0,3.3,15.0,85.0,1021.3,3.3,331.0,59.0
2011-11-02,0.0,3.1,14.2,85.0,1020.9,3.6,17.0,75.0
2011-11-03,0.0,6.6,12.8,91.0,1018.6,2.5,350.0,84.0
2011-11-04,7.0,6.9,13.4,92.0,1015.9,5.3,33.0,96.0
2011-11-05,27.8,11.9,14.9,96.0,1015.2,8.4,57.0,100.0
2011-11-06,45.8,13.1,14.0,89.0,1015.1,11.4,48.0,100.0
2011-11-07,35.7,11.0,13.0,89.0,1019.1,8.9,53.0,100.0
2011-11-08,19.8,10.5,13.1,94.0,1022.8,8.4,33.0,96.0
2011-11-09,0.0,8.0,16.3,87.0,1022.8,3.8,343.0,38.0
2011-11-10,0.0,4.9,15.8,86.0,1020.2,3.4,354.0,31.0
2011-11-11,0.0,7.4,12.0,83.0,1024.2,5.6,50.0,76.0
2011-11-12,0.0,2.8,10.7,74.0,1032.2,4.0,48.0,21.0
2011-11-13,0.0,0.4,13.6,79.0,1033.2,3.0,337.0,0.0
2011-11-14,0.0,-0.6,13.0,75.0,1027.4,3.2,338.0,7.0
2011-11-15,0.0,-0.4,12.2,78.0,1020.9,3.1,349.0,7.0
2011-11-16,0.0,-0.8,11.1,76.0,1022.2,4.1,2.0,0.0
2011-11-17,0.0,-1.9,10.9,79.0,1025.0,3.0,331.0,0.0
2011-11-18,0.0,-1.4,9.7,80.0,1025.4,3.0,345.0,2.0
2011-11-19,0.0,-2.5,8.1,79.0,1024.9,3.1,3.0,34.0
2011-11-20,0.0,-2.3,7.8,81.0,1025.0,2.8,4.0,22.0
2011-11-21,0.0,-1.2,7.3,81.0,1024.1,3.2,7.0,12.0
2011-11-22,0.0,-1.2,10.0,82.0,1022.0,3.5,350.0,14.0
2011-11-23,0.0,0.2,11.0,80.0,1022.9,4.4,9.0,12.0
2011-11-24,0.0,-0.4,11.7,81.0,1029.3,3.3,357.0,0.0
2011-11-25,0.0,-1.9,10.5,83.0,1029.5,3.4,342.0,1.0
2011-11-26,0.0,-1.2,10.7,80.0,1028.5,2.8,345.0,45.0
2011-11-27,0.0,-0.3,9.7,85.0,1027.7,2.8,6.0,17.0
2011-11-28,0.0,0.2,9.9,81.0,1027.0,2.7,1.0,55.0
2011-11-29,0.0,-0.6,11.2,81.0,1026.5,3.1,333.0,53.0
2011-11-30,0.0,-0.4,9.6,85.0,1028.0,3.1,4.0,53.0
2011-12-01,0.0,-0.8,9.6,88.0,1027.8,3.2,343.0,36.0
2011-12-02,0.0,2.6,9.8,90.0,1022.5,3.0,332.0,84.0
2011-12-03,1.0,6.6,8.5,91.0,1018.0,1.7,268.0,97.0
2011-12-04,0.0,2.4,9.0,94.0,1013.6,2.8,272.0,86.0
2011-12-05,0.0,1.9,10.8,91.0,1005.4,2.9,334.0,77.0
2011-12-06,0.5,1.9,8.8,82.0,1012.1,4.1,328.0,42.0
2011-12-07,0.0,-2.1,7.8,84.0,1014.3,3.2,11.0,46.0
2011-12-08,0.0,-2.0,11.0,82.0,1019.1,3.8,353.0,11.0
2011-12-09,0.0,-1.5,8.7,80.0,1021.5,2.5,320.0,92.0
2011-12-10,0.0,3.9,9.5,86.0,1017.3,2.4,326.0,75.0
2011-12-11,0.0,0.9,9.2,88.0,1019.4,3.4,6.0,42.0
2011-12-12,5.2,2.8,8.0,91.0,1014.9,2.9,352.0,95.0
2011-12-13,0.3,-1.2,10.4,89.0,1016.3,3.7,314.0,60.0
2011-12-14,1.5,-0.1,6.8,92.0,1016.5,3.3,328.0,84.0
2011-12-15,0.0,-1.2,7.8,91.0,1013.2,3.3,312.0,72.0
2011-12-16,7.6,-2.1,5.1,92.0,1003.4,4.6,353.0,93.0
2011-12-17,0.2,-2.7,8.3,77.0,996.2,7.3,299.0,58.0
2011-12-18,0.3,-3.8,5.8,70.0,1010.4,5.9,7.0,73.0
2011-12-19,0.0,-4.2,7.2,62.0,1014.7,4.7,328.0,41.0
2011-12-20,0.0,-4.6,4.3,61.0,1015.6,4.2,348.0,39.0
2011-12-21,0.0,-4.0,5.6,65.0,1015.8,3.5,359.0,18.0
2011-12-22,0.0,-3.1,7.4,73.0,1020.6,3.0,337.0,15.0
2011-12-23,0.0,-3.0,6.1,77.0,1024.1,3.3,10.0,2.0
2011-12-24,0.0,-2.6,5.4,82.0,1019.3,4.0,356.0,48.0
2011-12-25,0.0,-3.2,9.0,76.0,1030.0,4.0,332.0,11.0
2011-12-26,0.0,-2.8,8.7,76.0,1036.4,3.4,354.0,23.0
2011-12-27,0.0,-1.8,9.8,81.0,1036.5,3.2,338.0,2.0
2011-12-28,0.0,-2.1,9.0,83.0,1030.1,3.1,358.0,0.0
2011-12-29,1.3,-1.4,6.6,89.0,1022.6,4.0,2.0,66.0
2011-12-30,0.0,-3.6,5.9,89.0,1014.3,4.3,327.0,62.0
2011-12-31,0.0,-3.8,6.8,67.0,1017.4,4.5,335.0,36.0
2012-01-01,0.0,-3.1,6.6,71.0,1021.7,3.4,15.0,18.0
2012-01-02,5.7,-2.4,4.9,86.0,1021.5,3.0,10.0,96.0
2012-01-03,6.2,-1.1,9.7,89.0,1023.0,4.1,329.0,57.0
2012-01-04,0.0,-3.1,4.3,89.0,1020.0,3.7,341.0,64.0
2012-01-05,0.2,-3.2,6.0,75.0,1007.9,3.9,328.0,80.0
2012-01-06,0.0,-2.8,8.9,70.0,1003.4,8.6,292.0,27.0
2012-01-07,0.0,-2.8,9.0,65.0,1016.8,4.8,329.0,18.0
2012-01-08,0.0,-3.9,9.0,77.0,1015.8,5.0,346.0,17.0
2012-01-09,0.0,-2.7,9.8,72.0,1022.4,5.2,331.0,11.0
2012-01-10,0.0,-2.6,9.9,74.0,1026.8,4.3,337.0,1.0
2012-01-11,0.0,-2.2,9.7,71.0,1031.7,3.6,328.0,0.0
2012-01-12,0.0,-2.5,7.8,77.0,1028.6,3.1,350.0,1.0
2012-01-13,0.0,-2.3,6.9,79.0,1019.1,3.3,24.0,23.0
2012-01-14,1.7,-3.8,6.9,79.0,1020.4,4.1,309.0,18.0
2012-01-15,0.0,-4.2,5.2,65.0,1020.6,3.7,337.0,8.0
2012-01-16,0.0,-4.8,4.0,69.0,1024.0,4.3,4.0,20.0
2012-01-17,0.0,-4.2,4.5,68.0,1027.2,3.2,360.0,10.0
2012-01-18,0.0,-4.0,5.1,69.0,1031.4,2.3,2.0,39.0
2012-01-19,0.0,-4.7,1.8,76.0,1028.4,2.5,47.0,95.0
2012-01-20,0.1,-3.2,5.0,78.0,1015.9,3.1,5.0,50.0
2012-01-21,0.5,-3.8,8.3,79.0,1015.3,3.7,333.0,44.0
2012-01-22,0.0,-3.2,6.2,82.0,1010.9,3.1,29.0,92.0
2012-01-23,0.0,-2.5,9.2,83.0,1013.4,3.2,350.0,67.0
2012-01-24,0.0,-2.9,9.7,76.0,1014.0,4.4,336.0,34.0
2012-01-25,0.0,-4.6,7.0,63.0,1019.2,4.4,334.0,2.0
2012-01-26,0.0,-4.0,5.7,70.0,1020.7,4.7,22.0,18.0
2012-01-27,0.0,-2.7,5.1,79.0,1025.2,4.4,25.0,46.0
2012-01-28,0.0,-2.3,5.4,74.0,1026.1,4.8,31.0,92.0
2012-01-29,0.0,-3.1,4.8,70.0,1024.0,7.7,53.0,86.0
2012-01-30,0.0,-3.7,4.5,62.0,1025.4,6.5,40.0,73.0
2012-01-31,0.0,-4.6,1.2,54.0,1023.0,7.4,54.0,88.0
2012-02-01,1.4,-2.7,1.6,54.0,1017.6,10.3,50.0,100.0
2012-02-02,0.0,-3.5,0.6,45.0,1019.5,9.6,72.0,99.0
2012-02-03,0.0,-7.9,0.2,42.0,1020.9,8.0,62.0,48.0
2012-02-04,0.3,-6.6,-0.6,46.0,1021.9,4.7,319.0,99.0
2012-02-05,0.3,-6.6,-1.1,62.0,1026.3,4.3,56.0,75.0
2012-02-06,0.0,-11.4,-0.1,53.0,1021.2,3.7,342.0,21.0
2012-02-07,0.4,-5.4,0.9,60.0,1015.8,4.0,339.0,100.0
2012-02-08,0.0,-4.0,5.8,63.0,1024.4,3.7,59.0,31.0
2012-02-09,0.7,-5.1,3.5,66.0,1023.4,3.8,82.0,37.0
2012-02-10,2.0,-4.6,0.2,55.0,1024.1,10.1,61.0,98.0
2012-02-11,1.2,-5.1,-0.6,57.0,1020.8,8.9,59.0,98.0
2012-02-12,1.3,-4.7,0.4,65.0,1022.0,4.0,36.0,78.0
2012-02-13,0.0,-4.3,1.9,70.0,1019.5,2.6,205.0,71.0
2012-02-14,0.0,-6.2,3.7,66.0,1015.6,3.5,262.0,27.0
2012-02-15,0.0,-4.6,6.1,65.0,1008.1,3.9,292.0,44.0
2012-02-16,0.0,-5.7,8.3,69.0,1013.4,3.8,27.0,21.0
2012-02-17,0.0,-3.6,9.0,73.0,1021.5,3.9,21.0,26.0
2012-02-18,0.0,-3.1,8.5,78.0,1021.0,3.9,63.0,52.0
2012-02-19,0.3,1.2,8.2,87.0,1019.2,3.1,54.0,89.0
2012-02-20,9.8,0.8,4.3,92.0,1026.2,7.9,52.0,95.0
2012-02-21,0.0,-2.1,8.5,71.0,1030.9,3.8,15.0,18.0
2012-02-22,0.0,-3.9,11.7,63.0,1028.5,3.8,356.0,0.0
2012-02-23,0.0,-2.9,13.0,66.0,1023.5,3.2,311.0,63.0
2012-02-24,0.0,-1.3,16.0,74.0,1023.1,3.6,9.0,11.0
2012-02-25,0.0,-0.3,14.2,78.0,1017.8,3.4,40.0,2.0
2012-02-26,4.1,0.4,12.6,83.0,1013.6,4.0,353.0,21.0
2012-02-27,0.0,-2.9,8.7,77.0,1021.2,6.1,135.0,36.0
2012-02-28,0.0,-1.3,10.6,78.0,1022.4,3.5,351.0,31.0
2012-02-29,0.0,-1.5,14.4,81.0,1017.6,3.8,1.0,45.0
2012-03-01,0.0,1.5,16.6,77.0,1023.0,3.5,354.0,0.0
2012-03-02,0.0,-0.2,15.3,80.0,1023.0,3.8,41.0,0.0
2012-03-03,0.0,1.1,15.6,81.0,1021.4,4.2,42.0,5.0
2012-03-04,1.3,5.0,13.2,82.0,1019.8,3.6,44.0,72.0
2012-03-05,4.4,5.0,9.9,80.0,1016.1,6.6,35.0,99.0
2012-03-06,0.0,3.3,11.2,65.0,1019.7,9.9,59.0,78.0
2012-03-07,0.0,-1.5,10.2,61.0,1025.0,4.6,94.0,18.0
2012-03-08,0.0,0.2,10.3,74.0,1020.5,4.3,45.0,80.0
2012-03-09,0.0,2.7,12.3,65.0,1031.2,5.0,37.0,51.0
2012-03-10,0.0,1.1,11.4,58.0,1032.3,4.9,50.0,36.0
2012-03-11,0.0,-1.2,14.6,68.0,1022.7,4.1,285.0,22.0
2012-03-12,0.0,0.5,16.4,73.0,1020.4,5.0,34.0,17.0
2012-03-13,0.0,-0.7,14.7,73.0,1025.0,3.7,149.0,20.0
2012-03-14,0.0,0.8,16.1,73.0,1025.9,3.7,172.0,4.0
2012-03-15,0.0,0.9,15.7,72.0,1026.9,4.4,57.0,7.0
2012-03-16,0.0,0.2,17.7,74.0,1027.9,4.3,64.0,1.0
2012-03-17,0.0,4.0,15.8,76.0,1026.5,4.5,88.0,17.0
2012-03-18,1.0,4.1,13.8,85.0,1023.4,5.1,74.0,74.0
2012-03-19,12.6,5.7,13.3,92.0,1023.3,4.7,51.0,72.0
2012-03-20,0.0,2.9,16.2,69.0,1032.5,4.1,352.0,33.0
2012-03-21,0.0,4.4,18.5,63.0,1032.7,3.7,334.0,25.0
2012-03-22,0.0,3.1,19.0,67.0,1029.7,4.4,19.0,1.0
2012-03-23,0.0,3.2,19.1,72.0,1025.9,4.3,52.0,22.0
2012-03-24,0.5,3.8,18.0,72.0,1023.5,3.9,25.0,45.0
2012-03-25,0.4,4.7,19.2,71.0,1024.6,6.4,352.0,66.0
2012-03-26,0.0,4.7,20.2,63.0,1026.6,4.8,334.0,5.0
2012-03-27,0.0,6.4,19.9,61.0,1026.9,4.1,355.0,9.0
2012-03-28,0.0,4.1,22.7,60.0,1023.9,4.4,307.0,2.0
2012-03-29,0.0,3.9,23.1,63.0,1014.9,5.1,325.0,24.0
2012-03-30,0.0,5.1,21.5,61.0,1007.8,3.9,27.0,38.0
2012-03-31,0.0,4.0,21.1,67.0,1005.5,5.0,68.0,37.0
2012-04-01,0.9,6.3,10.4,70.0,1008.9,7.0,107.0,43.0
2012-04-02,0.0,2.1,14.5,69.0,1013.6,4.6,164.0,54.0
2012-04-03,0.2,5.6,14.3,80.0,1011.0,5.1,104.0,80.0
2012-04-04,3.4,8.3,16.4,85.0,1010.1,5.0,81.0,97.0
2012-04-05,20.5,11.1,14.4,94.0,1009.3,7.7,55.0,99.0
2012-04-06,0.1,8.8,19.1,73.0,1006.8,5.3,228.0,56.0
2012-04-07,4.0,10.5,16.8,76.0,1001.4,5.1,226.0,66.0
2012-04-08,11.3,4.1,10.2,84.0,1003.7,5.9,77.0,74.0
2012-04-09,0.2,2.0,10.9,68.0,1012.9,4.9,189.0,73.0
2012-04-10,0.5,1.6,11.2,69.0,1012.0,4.6,184.0,74.0
2012-04-11,36.9,5.9,8.2,92.0,1003.4,7.2,40.0,99.0
2012-04-12,0.2,-0.1,15.7,77.0,1003.6,5.4,138.0,41.0
2012-04-13,8.3,7.0,12.1,90.0,1002.9,6.1,36.0,99.0
2012-04-14,1.9,5.3,14.9,78.0,996.5,4.8,9.0,99.0
2012-04-15,9.8,7.7,11.8,87.0,998.6,3.4,19.0,99.0
2012-04-16,5.3,4.7,14.9,81.0,1004.6,3.8,26.0,86.0
2012-04-17,0.0,1.8,14.7,64.0,1007.3,4.9,224.0,42.0
2012-04-18,3.5,6.8,13.1,76.0,1001.3,5.6,92.0,91.0
2012-04-19,12.5,5.7,13.8,84.0,997.5,4.1,107.0,85.0
2012-04-20,7.8,7.4,14.0,81.0,998.7,3.8,249.0,80.0
2012-04-21,2.7,3.4,15.6,81.0,1005.9,5.3,139.0,50.0
2012-04-22,5.7,7.8,15.6,84.0,1008.0,4.7,54.0,78.0
2012-04-23,7.2,4.6,12.8,86.0,1009.7,5.5,47.0,84.0
2012-04-24,19.9,7.4,14.8,83.0,1003.3,8.1,190.0,90.0
2012-04-25,0.4,2.0,16.6,73.0,1010.4,5.4,167.0,38.0
2012-04-26,0.0,4.0,19.1,69.0,1017.7,5.6,182.0,27.0
2012-04-27,0.0,5.5,21.3,75.0,1020.1,4.1,137.0,29.0
2012-04-28,0.0,7.3,25.1,72.0,1018.7,5.7,61.0,20.0
2012-04-29,1.4,10.3,19.5,77.0,1017.4,5.3,84.0,97.0
2012-04-30,2.6,13.1,21.2,80.0,1016.5,3.8,32.0,75.0
2012-05-01,4.5,9.8,21.5,81.0,1016.2,4.5,11.0,71.0
2012-05-02,0.2,9.4,21.2,75.0,1014.9,5.1,240.0,23.0
2012-05-03,0.0,7.8,21.4,71.0,1010.2,4.3,213.0,40.0
2012-05-04,3.0,9.7,20.6,77.0,1007.9,4.6,20.0,51.0
2012-05-05,6.2,12.7,19.4,78.0,1008.8,5.5,225.0,72.0
2012-05-06,13.1,8.6,18.7,84.0,1011.0,4.6,210.0,83.0
2012-05-07,1.4,8.2,18.8,79.0,1014.7,4.7,78.0,61.0
2012-05-08,0.0,8.0,20.6,71.0,1018.4,5.2,222.0,68.0
2012-05-09,0.1,11.4,21.9,72.0,1018.7,5.1,164.0,55.0
2012-05-10,0.0,9.6,25.0,72.0,1023.3,3.9,158.0,32.0
2012-05-11,0.0,12.0,27.0,72.0,1024.4,4.7,140.0,72.0
2012-05-12,10.8,12.4,27.7,78.0,1019.3,3.7,19.0,58.0
2012-05-13,27.7,10.9,18.2,79.0,1019.4,9.3,99.0,90.0
2012-05-14,0.5,7.2,17.2,63.0,1015.7,5.3,182.0,45.0
2012-05-15,0.0,11.0,18.9,59.0,1010.4,4.8,164.0,48.0
2012-05-16,11.5,9.4,15.6,71.0,1011.1,5.8,17.0,68.0
2012-05-17,0.0,2.9,18.4,53.0,1017.3,6.3,198.0,6.0
2012-05-18,0.0,5.8,18.3,67.0,1017.3,5.2,107.0,71.0
2012-05-19,0.4,5.9,20.2,70.0,1016.1,5.0,204.0,34.0
2012-05-20,7.1,8.0,18.2,80.0,1013.6,4.3,175.0,63.0
2012-05-21,52.8,10.9,13.7,90.0,1006.1,8.1,54.0,99.0
2012-05-22,1.2,7.3,19.9,77.0,1006.2,3.3,195.0,77.0
2012-05-23,5.6,11.8,23.4,82.0,1012.7,3.1,221.0,73.0
2012-05-24,8.6,12.2,28.2,71.0,1016.8,5.2,324.0,50.0
2012-05-25,4.4,12.8,21.3,80.0,1017.6,4.6,355.0,54.0
2012-05-26,3.9,11.4,20.1,74.0,1018.1,4.5,26.0,48.0
2012-05-27,4.2,9.3,21.0,71.0,1017.4,3.5,320.0,70.0
2012-05-28,4.5,11.3,21.6,76.0,1014.1,3.9,299.0,50.0
2012-05-29,3.8,9.4,23.3,79.0,1012.2,4.2,355.0,21.0
2012-05-30,0.9,10.6,25.6,74.0,1016.0,5.0,295.0,36.0
2012-05-31,4.0,12.1,23.8,81.0,1017.6,4.7,7.0,73.0
2012-06-01,2.0,16.2,24.0,83.0,1013.1,3.4,101.0,87.0
2012-06-02,8.1,17.6,22.6,89.0,1014.5,5.2,122.0,90.0
2012-06-03,1.5,16.3,24.7,81.0,1013.2,5.7,184.0,60.0
2012-06-04,39.5,15.6,18.6,92.0,1008.7,2.9,4.0,81.0
2012-06-05,0.5,8.4,22.2,78.0,1011.2,5.7,213.0,39.0
2012-06-06,1.7,13.6,20.1,83.0,1013.1,5.9,94.0,81.0
2012-06-07,0.1,14.1,23.4,81.0,1012.2,4.7,195.0,81.0
2012-06-08,0.3,14.3,24.7,81.0,1012.5,4.1,103.0,71.0
2012-06-09,16.8,14.5,21.1,90.0,1012.6,5.4,54.0,94.0
2012-06-10,9.4,15.3,21.8,84.0,1008.9,3.2,178.0,85.0
2012-06-11,9.0,14.9,21.9,83.0,1005.0,3.0,151.0,65.0
2012-06-12,16.8,13.2,19.7,85.0,1002.4,6.9,292.0,68.0
2012-06-13,3.9,9.3,20.9,79.0,1009.9,4.9,12.0,41.0
2012-06-14,0.2,9.0,22.0,74.0,1017.3,4.8,192.0,39.0
2012-06-15,0.0,10.6,25.0,74.0,1020.4,5.0,126.0,35.0
2012-06-16,0.0,11.8,27.3,71.0,1020.6,4.7,203.0,5.0
2012-06-17,0.0,13.0,28.9,70.0,1019.0,3.7,121.0,0.0
2012-06-18,0.0,14.7,30.2,71.0,1017.3,5.0,347.0,12.0
2012-06-19,0.1,15.8,31.4,70.0,1016.0,4.6,79.0,40.0
2012-06-20,0.5,17.9,31.8,69.0,1013.1,4.6,203.0,36.0
2012-06-21,0.5,19.7,28.9,73.0,1009.4,5.0,86.0,27.0
2012-06-22,0.8,17.1,29.2,68.0,1013.5,5.5,51.0,20.0
2012-06-23,3.5,18.7,26.9,69.0,1019.0,8.3,40.0,39.0
2012-06-24,0.9,17.3,27.9,69.0,1017.7,4.7,343.0,79.0
2012-06-25,13.4,17.4,28.9,79.0,1011.3,4.4,43.0,91.0
2012-06-26,2.7,16.8,24.8,70.0,1017.0,5.3,63.0,44.0
2012-06-27,0.5,16.9,25.7,69.0,1018.7,5.0,81.0,34.0
2012-06-28,0.0,16.0,28.9,71.0,1015.2,4.6,135.0,51.0
2012-06-29,0.5,17.7,30.6,72.0,1014.3,4.4,100.0,39.0
2012-06-30,0.0,18.3,32.5,73.0,1014.8,4.8,161.0,16.0
2012-07-01,0.0,18.5,33.8,68.0,1013.8,5.2,125.0,15.0
2012-07-02,9.3,19.4,30.6,76.0,1013.8,5.8,22.0,58.0
2012-07-03,5.1,18.9,28.1,75.0,1013.3,3.8,327.0,45.0
2012-07-04,1.3,17.1,28.2,77.0,1012.1,5.5,36.0,50.0
2012-07-05,0.1,17.3,29.3,72.0,1011.1,3.9,10.0,39.0
2012-07-06,2.3,17.8,28.1,75.0,1011.4,5.5,9.0,65.0
2012-07-07,0.0,19.2,28.3,67.0,1012.3,4.8,227.0,18.0
2012-07-08,0.0,17.2,30.7,66.0,1011.9,5.3,147.0,6.0
2012-07-09,1.2,19.4,30.0,69.0,1011.1,3.9,32.0,20.0
2012-07-10,5.3,18.0,28.5,73.0,1012.3,5.1,360.0,38.0
2012-07-11,0.6,18.1,29.1,68.0,1011.9,5.8,260.0,37.0
2012-07-12,0.3,18.6,26.1,69.0,1012.3,5.6,55.0,40.0
2012-07-13,6.1,18.4,24.3,75.0,1010.4,7.4,52.0,70.0
2012-07-14,11.7,16.4,26.2,78.0,1008.8,4.4,247.0,56.0
2012-07-15,11.3,17.1,23.2,81.0,1010.5,6.3,41.0,53.0
2012-07-16,0.0,13.1,26.1,63.0,1019.9,5.5,88.0,16.0
2012-07-17,0.0,15.2,27.0,61.0,1021.6,4.6,137.0,18.0
2012-07-18,0.4,14.8,28.2,67.0,1019.3,4.6,121.0,16.0
2012-07-19,0.0,16.1,30.3,68.0,1013.1,6.3,182.0,36.0
2012-07-20,0.2,18.7,30.5,67.0,1010.9,5.6,58.0,55.0
2012-07-21,36.9,17.5,21.6,82.0,1012.2,7.0,34.0,80.0
2012-07-22,3.4,13.2,23.7,70.0,1017.3,5.9,21.0,43.0
2012-07-23,0.0,13.2,26.1,62.0,1019.6,9.1,45.0,77.0
2012-07-24,1.4,15.6,28.6,67.0,1016.6,7.9,36.0,86.0
2012-07-25,10.0,17.8,25.4,81.0,1013.7,3.1,285.0,68.0
2012-07-26,0.4,14.7,29.1,79.0,1015.4,4.2,339.0,40.0
2012-07-27,1.6,17.0,30.8,74.0,1014.7,3.8,99.0,13.0
2012-07-28,2.8,18.1,30.0,76.0,1011.3,5.5,68.0,22.0
2012-07-29,0.6,17.4,30.0,72.0,1009.7,4.3,334.0,30.0
2012-07-30,4.3,18.9,27.2,75.0,1014.2,5.8,26.0,60.0
2012-07-31,3.8,18.4,28.0,71.0,1016.3,5.7,8.0,51.0
2012-08-01,0.0,17.7,30.4,63.0,1015.9,4.5,14.0,22.0
2012-08-02,0.7,17.2,31.4,61.0,1014.0,4.1,25.0,35.0
2012-08-03,0.4,19.2,29.7,67.0,1013.3,5.0,63.0,30.0
2012-08-04,0.9,18.9,29.7,69.0,1013.2,5.2,35.0,37.0
2012-08-05,0.9,18.5,30.5,69.0,1011.9,5.9,54.0,33.0
2012-08-06,1.9,18.7,30.0,76.0,1012.9,5.8,315.0,34.0
2012-08-07,0.1,17.4,28.3,75.0,1016.9,5.7,19.0,34.0
2012-08-08,0.0,19.0,28.5,62.0,1018.6,6.2,41.0,22.0
2012-08-09,3.4,19.3,27.8,65.0,1018.9,5.3,21.0,61.0
2012-08-10,3.9,16.6,26.4,68.0,1019.2,4.3,15.0,41.0
2012-08-11,4.6,15.9,26.8,69.0,1016.6,4.3,2.0,36.0
2012-08-12,0.8,16.6,23.9,73.0,1015.1,4.3,79.0,91.0
2012-08-13,2.1,18.4,25.1,66.0,1013.3,4.3,74.0,56.0
2012-08-14,2.6,17.0,26.2,74.0,1013.4,4.1,88.0,64.0
2012-08-15,0.3,19.1,28.5,73.0,1013.8,4.7,173.0,38.0
2012-08-16,9.0,19.4,26.4,82.0,1014.0,3.6,24.0,62.0
2012-08-17,0.1,19.2,29.5,69.0,1017.9,4.8,41.0,28.0
2012-08-18,0.0,18.8,30.4,65.0,1019.9,4.4,82.0,25.0
2012-08-19,0.1,18.6,31.2,67.0,1021.5,4.0,82.0,21.0
2012-08-20,0.9,19.0,32.7,69.0,1020.3,3.8,89.0,39.0
2012-08-21,1.2,19.7,33.0,67.0,1017.5,3.3,37.0,55.0
2012-08-22,0.4,19.9,34.1,64.0,1015.8,4.7,96.0,19.0
2012-08-23,0.7,20.9,32.0,67.0,1015.0,4.8,12.0,55.0
2012-08-24,0.3,20.1,32.2,66.0,1011.8,5.8,97.0,41.0
2012-08-25,0.0,21.2,32.1,69.0,1010.4,6.2,67.0,41.0
2012-08-26,14.8,16.1,24.2,82.0,1010.0,6.1,44.0,56.0
2012-08-27,0.0,11.9,25.7,68.0,1019.4,5.0,181.0,8.0
2012-08-28,0.0,14.0,27.2,64.0,1020.3,4.9,188.0,11.0
2012-08-29,0.4,15.1,27.5,68.0,1019.0,3.5,13.0,52.0
2012-08-30,6.7,16.3,28.0,72.0,1016.8,4.2,346.0,86.0
2012-08-31,36.9,15.3,19.9,85.0,1011.6,6.0,14.0,86.0
2012-09-01,20.3,13.7,19.9,80.0,1014.6,8.3,24.0,88.0
2012-09-02,6.1,15.3,23.7,77.0,1019.4,6.6,29.0,97.0
2012-09-03,1.3,16.2,25.3,74.0,1016.8,7.1,18.0,99.0
2012-09-04,12.5,17.5,26.1,75.0,1015.9,8.1,16.0,87.0
2012-09-05,2.2,16.4,24.5,76.0,1015.0,5.6,13.0,81.0
2012-09-06,2.7,14.3,26.6,74.0,1017.6,3.4,349.0,31.0
2012-09-07,0.3,17.5,24.2,79.0,1022.2,4.7,77.0,50.0
2012-09-08,0.0,14.6,25.7,75.0,1020.3,3.9,98.0,20.0
2012-09-09,0.0,14.3,26.8,70.0,1017.9,4.7,42.0,7.0
2012-09-10,0.0,14.5,27.6,67.0,1017.2,3.6,355.0,59.0
2012-09-11,0.3,14.3,26.0,72.0,1016.4,3.2,314.0,62.0
2012-09-12,31.6,15.4,20.2,90.0,1008.5,5.8,46.0,99.0
2012-09-13,1.4,11.1,18.0,71.0,1006.0,4.3,27.0,82.0
2012-09-14,0.0,9.6,23.7,61.0,1009.4,5.1,356.0,48.0
2012-09-15,0.0,12.8,21.5,66.0,1013.2,4.4,96.0,27.0
2012-09-16,0.0,12.8,21.0,75.0,1016.8,4.5,99.0,52.0
2012-09-17,0.0,13.2,22.1,74.0,1015.8,3.4,77.0,66.0
2012-09-18,0.0,10.4,23.9,76.0,1014.8,4.7,218.0,49.0
2012-09-19,19.9,14.3,18.8,89.0,1011.8,3.3,43.0,94.0
2012-09-20,0.0,7.8,19.4,74.0,1020.3,5.2,169.0,36.0
2012-09-21,0.0,11.7,18.7,69.0,1022.3,3.5,155.0,69.0
2012-09-22,0.0,9.7,20.4,75.0,1017.2,3.6,145.0,48.0
2012-09-23,0.5,12.3,19.2,87.0,1018.0,3.7,23.0,82.0
2012-09-24,15.2,14.6,20.0,92.0,1008.7,4.2,5.0,93.0
2012-09-25,2.8,12.0,21.0,87.0,1009.1,4.8,45.0,55.0
2012-09-26,20.0,13.8,21.4,93.0,1010.0,5.0,30.0,88.0
2012-09-27,12.2,15.4,22.2,80.0,1010.3,6.0,213.0,86.0
2012-09-28,0.0,10.7,21.3,77.0,1018.1,4.8,38.0,71.0
2012-09-29,5.9,13.7,18.7,90.0,1017.5,3.6,348.0,95.0
2012-09-30,5.2,12.7,20.9,85.0,1017.0,4.3,24.0,93.0
2012-10-01,23.6,14.4,20.9,83.0,1016.2,4.1,37.0,79.0
2012-10-02,3.5,12.3,21.5,86.0,1016.3,3.4,324.0,59.0
2012-10-03,2.4,12.6,20.3,89.0,1017.9,3.4,89.0,59.0
2012-10-04,0.0,13.0,20.5,82.0,1016.5,5.2,251.0,84.0
2012-10-05,0.9,12.7,20.5,84.0,1019.1,4.3,43.0,85.0
2012-10-06,0.0,13.6,21.6,83.0,1019.3,4.1,182.0,65.0
2012-10-07,0.0,15.1,22.6,82.0,1014.0,4.5,234.0,60.0
2012-10-08,0.2,10.8,15.9,77.0,1017.7,5.1,38.0,74.0
2012-10-09,2.1,13.1,17.3,82.0,1012.2,3.4,74.0,91.0
2012-10-10,2.5,12.0,16.9,92.0,1011.2,3.8,70.0,96.0
2012-10-11,1.4,10.7,15.3,90.0,1012.0,4.2,30.0,93.0
2012-10-12,0.3,11.1,18.4,84.0,1010.4,4.0,18.0,81.0
2012-10-13,9.0,11.0,15.6,88.0,1012.8,5.6,21.0,90.0
2012-10-14,2.4,9.2,16.1,84.0,1008.6,3.3,47.0,80.0
2012-10-15,33.2,10.6,14.3,94.0,1004.0,6.0,19.0,99.0
2012-10-16,8.9,9.3,17.1,77.0,1009.3,4.3,323.0,48.0
2012-10-17,0.0,6.6,16.3,84.0,1021.3,3.3,25.0,78.0
2012-10-18,0.0,7.3,17.6,84.0,1022.7,3.4,203.0,65.0
2012-10-19,0.0,6.6,17.7,84.0,1022.7,3.2,253.0,53.0
2012-10-20,0.0,6.6,18.3,83.0,1021.3,2.7,96.0,40.0
2012-10-21,0.0,8.7,19.0,87.0,1019.0,2.9,29.0,43.0
2012-10-22,0.0,8.6,21.5,80.0,1018.6,3.9,358.0,2.0
2012-10-23,0.0,6.5,20.1,76.0,1019.6,4.6,5.0,0.0
2012-10-24,0.0,6.0,17.9,73.0,1017.2,3.6,10.0,7.0
2012-10-25,0.0,4.8,17.3,84.0,1013.6,4.0,20.0,26.0
2012-10-26,16.3,9.2,14.1,92.0,1007.8,4.0,18.0,95.0
2012-10-27,13.4,10.5,15.2,90.0,989.5,3.8,14.0,95.0
2012-10-28,22.3,4.7,10.3,81.0,997.0,10.9,37.0,89.0
2012-10-29,2.1,2.2,9.9,70.0,1008.4,4.9,359.0,59.0
2012-10-30,0.0,0.9,10.2,69.0,1012.4,3.6,26.0,66.0
2012-10-31,14.8,4.9,11.0,80.0,1008.4,8.2,31.0,96.0
2012-11-01,29.0,8.6,11.7,88.0,994.9,7.5,34.0,90.0
2012-11-02,0.0,4.8,14.9,88.0,1006.2,3.7,358.0,61.0
2012-11-03,0.0,6.1,13.0,88.0,1014.0,2.9,7.0,85.0
2012-11-04,14.9,9.5,12.0,92.0,1010.2,4.7,17.0,100.0
2012-11-05,22.9,7.5,16.7,90.0,999.3,5.6,310.0,59.0
2012-11-06,0.4,3.6,13.3,83.0,1012.7,4.4,348.0,48.0
2012-11-07,0.0,0.4,13.8,77.0,1024.2,4.5,326.0,8.0
2012-11-08,0.0,1.2,12.7,79.0,1025.3,3.3,5.0,52.0
2012-11-09,0.0,2.2,12.3,85.0,1019.8,3.6,26.0,56.0
2012-11-10,8.5,5.6,10.8,88.0,1017.6,5.0,18.0,96.0
2012-11-11,82.2,9.5,15.1,95.0,1011.7,8.1,52.0,99.0
2012-11-12,4.0,9.3,14.6,95.0,1020.2,4.3,10.0,100.0
2012-11-13,1.7,9.3,15.0,89.0,1026.7,4.9,11.0,81.0
2012-11-14,0.0,6.5,13.5,80.0,1027.7,4.8,19.0,32.0
2012-11-15,0.0,1.8,11.3,76.0,1023.9,3.8,5.0,8.0
2012-11-16,0.0,-0.1,11.2,81.0,1022.1,4.0,3.0,1.0
2012-11-17,0.0,-1.3,10.7,81.0,1019.3,3.1,329.0,8.0
2012-11-18,0.0,0.6,10.3,82.0,1016.2,2.9,341.0,100.0
2012-11-19,2.3,4.3,12.0,85.0,1015.6,5.2,349.0,97.0
2012-11-20,0.0,2.6,13.3,85.0,1017.5,4.4,348.0,78.0
2012-11-21,0.0,2.2,13.8,85.0,1019.6,4.4,332.0,23.0
2012-11-22,0.8,2.7,13.3,85.0,1022.4,3.3,360.0,94.0
2012-11-23,0.0,7.7,13.9,82.0,1022.6,3.2,7.0,81.0
2012-11-24,0.0,4.9,12.7,90.0,1023.7,3.4,340.0,93.0
2012-11-25,0.0,5.4,12.2,89.0,1021.7,2.5,325.0,89.0
2012-11-26,0.1,7.8,11.3,87.0,1018.3,2.5,28.0,93.0
2012-11-27,18.3,6.2,11.1,96.0,1010.6,5.4,33.0,96.0
2012-11-28,77.5,9.3,11.9,95.0,997.3,9.4,36.0,100.0
2012-11-29,13.4,6.3,11.0,91.0,991.6,4.5,27.0,90.0
2012-11-30,1.2,2.6,9.1,72.0,1000.0,7.8,39.0,89.0
2012-12-01,1.5,4.2,7.6,74.0,1010.5,6.8,44.0,86.0
2012-12-02,3.1,1.6,6.6,82.0,1009.1,3.7,0.0,78.0
2012-12-03,0.0,-3.8,8.2,68.0,1012.5,6.4,286.0,19.0
2012-12-04,0.0,-0.0,4.9,65.0,1005.9,4.8,355.0,74.0
2012-12-05,0.5,-2.7,5.0,81.0,1002.7,3.9,355.0,94.0
2012-12-06,0.0,-3.6,7.1,76.0,1009.3,4.2,326.0,30.0
2012-12-07,3.3,-0.8,3.7,57.0,1012.2,7.0,36.0,76.0
2012-12-08,0.6,-2.8,3.7,78.0,1007.5,3.8,296.0,91.0
2012-12-09,0.0,-5.7,5.5,62.0,1018.3,4.5,319.0,3.0
2012-12-10,0.0,-3.1,4.2,59.0,1009.9,3.9,15.0,40.0
2012-12-11,0.0,-4.4,7.3,59.0,1012.5,5.8,341.0,23.0
2012-12-12,0.0,-3.4,5.4,55.0,1020.5,3.8,359.0,2.0
2012-12-13,0.0,-0.4,3.2,66.0,1022.8,3.3,11.0,70.0
2012-12-14,4.7,-0.2,3.4,85.0,1020.1,2.4,359.0,100.0
2012-12-15,17.8,-2.5,5.7,94.0,1013.0,3.0,335.0,76.0
2012-12-16,0.0,-3.2,6.9,93.0,1014.3,3.4,347.0,67.0
2012-12-17,0.2,-2.0,6.9,92.0,1011.4,4.1,319.0,86.0
2012-12-18,0.0,-2.2,9.0,82.0,1011.2,3.4,329.0,63.0
2012-12-19,0.0,-3.1,8.3,74.0,1019.4,4.5,336.0,3.0
2012-12-20,0.7,-2.5,6.5,80.0,1020.6,3.0,336.0,64.0
2012-12-21,1.9,1.1,4.0,89.0,1014.3,2.2,13.0,91.0
2012-12-22,0.0,-2.1,7.2,85.0,1019.1,2.5,352.0,68.0
2012-12-23,0.0,-1.2,4.6,88.0,1019.1,2.2,43.0,93.0
2012-12-24,0.0,-0.8,5.9,87.0,1022.4,2.6,69.0,78.0
2012-12-25,0.0,0.3,5.8,92.0,1020.7,1.3,288.0,98.0
2012-12-26,4.2,1.0,7.1,95.0,1015.9,2.7,317.0,93.0
2012-12-27,0.0,0.2,7.8,94.0,1018.4,3.6,317.0,90.0
2012-12-28,0.0,-1.4,9.9,87.0,1020.0,4.4,323.0,30.0
2012-12-29,0.0,-1.8,9.3,81.0,1027.8,2.6,331.0,18.0
2012-12-30,0.0,-2.3,7.6,84.0,1023.6,3.1,352.0,0.0
2012-12-31,0.0,-2.7,9.8,80.0,1025.5,3.5,330.0,12.0
2013-01-01,0.0,-2.6,5.2,82.0,1018.4,2.6,356.0,53.0
2013-01-02,8.7,0.6,5.1,91.0,1021.7,4.3,351.0,99.0
2013-01-03,0.0,-2.5,9.3,84.0,1032.6,3.0,333.0,29.0
2013-01-04,0.0,-1.4,8.8,86.0,1029.0,2.8,346.0,65.0
2013-01-05,0.0,-0.9,12.5,87.0,1020.8,4.8,336.0,36.0
2013-01-06,0.0,0.3,11.2,89.0,1020.4,3.9,353.0,25.0
2013-01-07,0.0,-0.1,11.1,86.0,1020.8,4.8,1.0,36.0
2013-01-08,0.0,2.5,7.9,92.0,1025.6,3.1,21.0,87.0
2013-01-09,0.0,2.4,6.8,89.0,1022.5,2.9,65.0,94.0
2013-01-10,0.0,1.7,5.6,92.0,1014.1,2.3,195.0,98.0
2013-01-11,0.2,-1.0,6.6,89.0,1009.3,3.4,29.0,57.0
2013-01-12,3.2,-2.5,4.4,91.0,1015.8,3.7,36.0,86.0
2013-01-13,2.3,0.6,5.5,87.0,1013.2,5.1,36.0,98.0
2013-01-14,13.6,0.7,4.6,89.0,1008.8,5.6,30.0,94.0
2013-01-15,5.0,-1.4,3.4,90.0,1008.1,5.0,27.0,93.0
2013-01-16,16.0,-1.8,3.6,89.0,998.9,8.4,360.0,100.0
2013-01-17,8.5,-3.7,1.9,81.0,999.4,8.5,0.0,91.0
2013-01-18,0.0,-4.6,6.8,62.0,1001.1,6.6,322.0,53.0
2013-01-19,1.6,-3.5,3.8,73.0,1001.6,4.1,25.0,93.0
2013-01-20,13.5,0.2,4.9,92.0,999.1,3.7,349.0,100.0
2013-01-21,6.3,3.5,8.5,90.0,995.3,2.8,325.0,90.0
2013-01-22,10.4,0.5,6.0,90.0,1000.3,4.1,10.0,83.0
2013-01-23,0.6,-5.7,4.0,93.0,1007.4,5.1,13.0,65.0
2013-01-24,0.3,-2.9,8.5,83.0,1001.9,4.7,338.0,96.0
2013-01-25,0.0,-3.2,5.5,76.0,1007.1,3.4,16.0,51.0
2013-01-26,0.0,-3.6,3.2,73.0,1011.8,3.5,38.0,20.0
2013-01-27,0.0,-3.6,4.6,71.0,1014.5,2.7,60.0,66.0
2013-01-28,4.6,-3.9,3.1,90.0,1015.4,3.2,6.0,86.0
2013-01-29,0.0,-5.5,8.1,86.0,1022.4,3.8,320.0,53.0
2013-01-30,0.0,-1.0,6.5,86.0,1020.4,2.5,89.0,76.0
2013-01-31,0.0,-1.5,7.8,89.0,1019.6,2.7,46.0,53.0
2013-02-01,0.0,-1.9,6.2,86.0,1012.3,3.0,68.0,76.0
2013-02-02,17.1,0.6,5.6,91.0,994.0,5.0,24.0,100.0
2013-02-03,0.9,-0.9,9.0,64.0,1008.0,5.1,330.0,52.0
2013-02-04,0.0,-1.9,8.4,59.0,1016.0,4.3,15.0,39.0
2013-02-05,0.0,-0.0,7.0,75.0,1012.1,4.0,45.0,87.0
2013-02-06,2.6,-1.1,6.9,83.0,999.0,4.3,13.0,89.0
2013-02-07,0.0,-3.2,7.7,76.0,1003.2,3.5,354.0,94.0
2013-02-08,0.5,-3.4,6.8,64.0,1008.9,3.6,352.0,54.0
2013-02-09,2.6,-0.9,5.0,67.0,1012.8,3.4,302.0,85.0
2013-02-10,0.2,-2.4,4.7,62.0,1013.9,4.5,211.0,41.0
2013-02-11,20.8,-2.4,1.9,80.0,1008.4,8.9,37.0,95.0
2013-02-12,14.3,-4.3,2.7,85.0,1003.4,8.0,31.0,88.0
2013-02-13,0.0,-6.6,7.5,76.0,1011.1,4.1,333.0,58.0
2013-02-14,0.0,-1.4,8.1,67.0,1017.1,5.0,325.0,71.0
2013-02-15,0.0,2.6,6.9,72.0,1016.3,3.6,27.0,90.0
2013-02-16,0.8,-1.0,8.4,75.0,1020.3,3.1,345.0,36.0
2013-02-17,1.5,-0.7,6.1,77.0,1020.4,5.1,27.0,67.0
2013-02-18,0.1,0.8,5.7,68.0,1018.7,4.3,32.0,31.0
2013-02-19,0.0,2.0,5.8,73.0,1015.6,4.0,206.0,70.0
2013-02-20,4.0,1.4,5.4,86.0,1013.6,5.7,59.0,79.0
2013-02-21,6.1,-0.1,2.8,79.0,1013.1,10.5,64.0,99.0
2013-02-22,0.2,-1.9,3.3,69.0,1006.1,7.8,71.0,87.0
2013-02-23,3.5,0.2,4.2,70.0,1003.1,6.5,67.0,81.0
2013-02-24,14.5,0.1,5.6,88.0,1004.7,10.3,52.0,78.0
2013-02-25,3.9,-3.8,6.3,87.0,1016.5,8.3,35.0,51.0
2013-02-26,0.0,-5.8,11.8,70.0,1019.6,5.6,322.0,49.0
2013-02-27,3.5,2.2,9.6,85.0,1021.9,3.9,357.0,96.0
2013-02-28,0.1,2.6,11.2,82.0,1024.1,4.4,53.0,63.0
2013-03-01,0.0,0.9,10.4,86.0,1019.8,4.2,85.0,49.0
2013-03-02,0.0,-0.2,9.9,82.0,1018.7,4.5,46.0,53.0
2013-03-03,0.0,-1.3,12.2,79.0,1018.0,3.0,111.0,12.0
2013-03-04,0.0,-0.2,12.4,75.0,1020.5,4.4,46.0,2.0
2013-03-05,0.0,-1.1,10.7,73.0,1022.4,5.3,46.0,62.0
2013-03-06,14.5,3.6,8.1,89.0,1014.4,6.0,22.0,100.0
2013-03-07,5.0,5.4,12.5,90.0,1006.2,3.3,79.0,100.0
2013-03-08,2.2,8.8,11.9,92.0,1004.6,2.2,134.0,100.0
2013-03-09,8.5,7.9,12.3,92.0,1003.0,2.7,80.0,99.0
2013-03-10,11.1,5.2,13.4,89.0,1000.6,4.4,90.0,89.0
2013-03-11,3.6,3.1,12.8,86.0,999.7,4.3,54.0,82.0
2013-03-12,1.9,2.5,11.8,85.0,998.5,3.8,64.0,92.0
2013-03-13,7.2,5.0,9.5,93.0,996.4,4.6,56.0,99.0
2013-03-14,2.9,2.6,10.2,70.0,993.4,5.3,2.0,98.0
2013-03-15,0.0,-2.2,8.1,43.0,1004.4,5.7,19.0,70.0
2013-03-16,0.4,-0.6,6.6,59.0,1018.5,5.0,158.0,52.0
2013-03-17,3.2,-0.5,7.8,73.0,1016.3,4.7,82.0,89.0
2013-03-18,38.9,2.1,6.0,92.0,998.3,9.5,11.0,95.0
2013-03-19,0.3,-2.1,12.6,78.0,998.8,4.7,198.0,55.0
2013-03-20,3.2,-1.9,10.9,82.0,1007.3,4.0,9.0,87.0
2013-03-21,1.3,-0.6,15.0,66.0,1009.0,6.1,270.0,34.0
2013-03-22,0.0,-1.2,13.2,65.0,1012.2,5.9,75.0,20.0
2013-03-23,1.3,1.5,10.9,81.0,1012.7,5.7,67.0,92.0
2013-03-24,15.7,4.1,6.4,91.0,1010.5,8.9,48.0,100.0
2013-03-25,14.7,2.1,7.1,89.0,1003.2,5.5,70.0,100.0
2013-03-26,2.1,0.6,6.0,81.0,1003.5,2.8,119.0,99.0
2013-03-27,0.0,-3.1,7.0,77.0,1008.3,3.9,104.0,78.0
2013-03-28,5.8,1.6,6.9,82.0,1012.9,3.9,32.0,92.0
2013-03-29,4.8,4.1,11.0,86.0,1006.7,4.1,199.0,91.0
2013-03-30,21.3,5.0,8.6,92.0,1001.4,5.7,24.0,98.0
2013-03-31,24.6,5.4,11.4,87.0,997.4,5.0,43.0,98.0
2013-04-01,2.4,2.9,10.0,79.0,1006.0,5.4,64.0,96.0
2013-04-02,0.3,4.7,11.9,74.0,1002.7,7.3,66.0,95.0
2013-04-03,1.3,4.3,11.8,79.0,1005.2,4.4,193.0,90.0
2013-04-04,2.4,5.9,12.0,84.0,1008.6,5.1,95.0,99.0
2013-04-05,15.8,6.6,11.1,88.0,1002.2,7.2,7.0,100.0
2013-04-06,1.4,4.5,13.2,82.0,1009.6,4.3,87.0,92.0
2013-04-07,0.7,4.8,12.1,77.0,1012.7,5.3,88.0,84.0
2013-04-08,0.9,5.0,9.1,75.0,1011.1,4.0,143.0,99.0
2013-04-09,2.1,4.7,11.8,81.0,1008.9,4.7,194.0,90.0
2013-04-10,0.0,2.2,15.0,78.0,1011.0,4.5,155.0,61.0
2013-04-11,0.8,7.2,13.7,85.0,1014.2,4.7,146.0,97.0
2013-04-12,5.6,8.4,14.2,90.0,1009.6,3.7,155.0,85.0
2013-04-13,0.5,5.2,17.3,79.0,1017.7,4.1,49.0,57.0
2013-04-14,0.0,4.6,18.8,78.0,1026.4,4.6,153.0,39.0
2013-04-15,0.0,6.1,20.0,79.0,1023.4,4.5,125.0,32.0
2013-04-16,2.0,10.1,19.6,74.0,1022.3,4.9,102.0,71.0
2013-04-17,2.2,7.5,21.3,71.0,1023.1,3.8,199.0,71.0
2013-04-18,0.0,7.8,22.8,76.0,1019.7,4.4,158.0,24.0
2013-04-19,4.4,10.5,21.8,77.0,1015.6,5.5,70.0,62.0
2013-04-20,13.0,11.2,15.9,80.0,1016.0,10.5,37.0,99.0
2013-04-21,5.5,11.1,18.8,75.0,1015.5,8.1,23.0,79.0
2013-04-22,11.0,7.0,15.4,84.0,1014.0,6.1,41.0,75.0
2013-04-23,2.0,6.5,16.1,80.0,1021.6,3.9,103.0,47.0
2013-04-24,0.0,5.6,19.2,77.0,1028.4,4.5,208.0,13.0
2013-04-25,0.0,5.5,21.1,75.0,1025.7,4.6,187.0,1.0
2013-04-26,1.2,7.5,19.7,78.0,1017.7,4.3,168.0,67.0
2013-04-27,31.1,11.4,16.2,94.0,1008.1,5.8,118.0,99.0
2013-04-28,9.7,11.5,19.3,90.0,1011.9,4.2,101.0,80.0
2013-04-29,9.3,11.9,17.7,89.0,1018.8,4.9,47.0,98.0
2013-04-30,0.0,9.2,21.7,80.0,1019.2,3.5,11.0,82.0
2013-05-01,1.3,10.7,24.0,76.0,1018.7,4.3,73.0,68.0
2013-05-02,5.2,13.9,20.5,84.0,1015.5,4.4,62.0,97.0
2013-05-03,4.9,11.3,20.7,89.0,1013.2,3.9,205.0,81.0
2013-05-04,1.4,9.4,20.8,84.0,1014.9,3.6,41.0,52.0
2013-05-05,10.1,9.7,20.6,80.0,1017.3,7.8,46.0,91.0
2013-05-06,14.6,12.1,18.6,86.0,1016.0,5.5,34.0,93.0
2013-05-07,5.5,10.3,19.8,86.0,1013.8,3.7,54.0,76.0
2013-05-08,1.4,10.6,20.5,79.0,1014.6,4.0,53.0,41.0
2013-05-09,0.0,9.9,23.7,70.0,1014.9,4.1,216.0,65.0
2013-05-10,14.1,13.4,19.3,85.0,1012.0,3.1,40.0,90.0
2013-05-11,13.9,13.3,15.9,84.0,1010.8,4.2,34.0,85.0
2013-05-12,3.7,7.3,19.2,78.0,1011.7,4.9,321.0,62.0
2013-05-13,0.0,5.1,19.7,67.0,1015.6,5.9,222.0,26.0
2013-05-14,0.0,9.6,19.5,71.0,1013.9,5.6,108.0,19.0
2013-05-15,0.6,8.0,20.2,74.0,1008.7,6.3,72.0,56.0
2013-05-16,93.8,12.4,14.7,86.0,1002.7,10.3,51.0,100.0
2013-05-17,54.6,10.5,16.0,94.0,1002.5,5.9,70.0,90.0
2013-05-18,0.7,6.6,19.2,77.0,1013.1,5.2,194.0,50.0
2013-05-19,11.2,10.7,18.2,75.0,1011.2,7.0,349.0,70.0
2013-05-20,4.4,9.8,17.7,76.0,1014.3,5.4,213.0,47.0
2013-05-21,2.3,9.1,18.0,75.0,1013.9,5.2,169.0,50.0
2013-05-22,0.8,7.8,18.6,76.0,1007.1,4.1,58.0,56.0
2013-05-23,18.5,9.6,19.2,76.0,1001.9,6.1,88.0,86.0
2013-05-24,47.2,7.9,11.9,86.0,1004.5,11.1,16.0,99.0
2013-05-25,9.0,7.5,13.1,83.0,1007.9,5.6,42.0,98.0
2013-05-26,1.5,4.3,18.0,70.0,1009.2,5.2,233.0,68.0
2013-05-27,0.4,7.8,19.1,71.0,1009.9,4.9,166.0,62.0
2013-05-28,2.5,12.3,18.2,78.0,1008.1,4.5,138.0,77.0
2013-05-29,16.8,11.0,17.7,86.0,1002.4,5.0,87.0,70.0
2013-05-30,9.2,6.4,14.9,87.0,1003.0,3.3,39.0,96.0
2013-05-31,6.2,8.7,14.2,91.0,1001.4,3.3,193.0,100.0
2013-06-01,3.5,9.5,18.3,82.0,1004.9,3.9,129.0,79.0
2013-06-02,2.7,9.4,20.9,84.0,1008.7,3.2,78.0,98.0
2013-06-03,4.2,9.5,21.1,76.0,1014.4,4.3,253.0,70.0
2013-06-04,2.6,11.8,22.1,72.0,1014.1,4.7,41.0,65.0
2013-06-05,12.0,10.8,21.0,83.0,1015.8,3.9,208.0,59.0
2013-06-06,4.9,12.0,21.3,85.0,1017.9,4.0,324.0,69.0
2013-06-07,2.0,10.8,23.2,79.0,1017.5,3.4,311.0,48.0
2013-06-08,2.1,11.8,24.8,74.0,1015.1,4.3,210.0,57.0
2013-06-09,19.9,13.9,21.9,87.0,1011.9,4.6,105.0,80.0
2013-06-10,8.1,13.1,20.3,77.0,1009.2,4.5,228.0,84.0
2013-06-11,3.6,11.2,22.8,79.0,1011.7,4.0,26.0,45.0
2013-06-12,3.3,12.8,23.5,79.0,1017.0,4.5,7.0,30.0
2013-06-13,0.7,13.1,25.2,72.0,1018.8,4.3,198.0,23.0
2013-06-14,0.0,12.9,25.7,72.0,1016.1,4.3,136.0,19.0
2013-06-15,0.0,14.9,26.3,69.0,1015.3,4.6,153.0,41.0
2013-06-16,2.1,16.7,25.6,80.0,1016.3,5.0,102.0,48.0
2013-06-17,0.5,18.9,28.3,77.0,1016.7,4.5,183.0,15.0
2013-06-18,0.0,18.1,29.9,76.0,1016.3,4.2,130.0,11.0
2013-06-19,0.1,17.6,30.1,77.0,1016.2,4.3,187.0,21.0
2013-06-20,2.1,17.4,29.6,79.0,1014.8,4.9,158.0,20.0
2013-06-21,2.0,16.9,26.9,67.0,1014.1,5.0,224.0,10.0
2013-06-22,0.4,15.1,26.0,68.0,1014.3,4.3,229.0,33.0
2013-06-23,6.9,16.1,25.6,78.0,1012.6,4.8,94.0,35.0
2013-06-24,36.6,15.2,18.7,76.0,1011.9,7.0,6.0,84.0
2013-06-25,2.8,11.0,23.5,67.0,1015.6,5.1,343.0,52.0
2013-06-26,5.4,11.2,20.7,75.0,1020.5,4.6,339.0,63.0
2013-06-27,3.1,10.4,19.2,75.0,1021.4,5.3,45.0,74.0
2013-06-28,9.6,12.9,19.1,70.0,1019.3,4.7,17.0,71.0
2013-06-29,0.0,8.1,22.3,67.0,1017.7,5.6,261.0,47.0
2013-06-30,0.0,9.8,23.7,74.0,1017.7,5.0,187.0,19.0
2013-07-01,1.7,14.3,23.2,77.0,1018.9,5.5,85.0,41.0
2013-07-02,0.7,14.1,24.9,78.0,1017.9,4.8,87.0,52.0
2013-07-03,2.6,15.9,24.4,78.0,1015.2,4.6,129.0,87.0
2013-07-04,2.1,15.0,27.2,68.0,1016.4,4.7,5.0,54.0
2013-07-05,4.7,15.6,27.7,71.0,1021.1,3.9,353.0,34.0
2013-07-06,7.6,17.2,27.0,74.0,1022.2,4.2,327.0,58.0
2013-07-07,0.5,17.2,27.5,71.0,1022.7,5.9,39.0,61.0
2013-07-08,0.0,16.5,27.3,71.0,1022.9,4.7,6.0,63.0
2013-07-09,0.5,16.7,28.0,68.0,1019.7,4.8,21.0,42.0
2013-07-10,3.6,16.6,27.5,74.0,1014.3,3.3,312.0,94.0
2013-07-11,7.6,16.8,27.2,79.0,1011.4,4.4,340.0,73.0
2013-07-12,9.4,17.7,24.2,78.0,1015.8,5.2,92.0,77.0
2013-07-13,5.9,16.7,24.0,83.0,1016.5,4.1,38.0,65.0
2013-07-14,1.3,15.4,25.6,70.0,1017.9,3.9,24.0,25.0
2013-07-15,3.0,15.2,26.6,77.0,1017.8,3.9,267.0,39.0
2013-07-16,2.6,17.3,25.4,78.0,1020.4,5.0,74.0,46.0
2013-07-17,0.9,18.1,26.6,75.0,1020.6,3.7,154.0,52.0
2013-07-18,0.0,15.4,27.0,70.0,1019.1,5.2,45.0,30.0
2013-07-19,0.0,15.0,27.7,66.0,1017.5,3.9,334.0,28.0
2013-07-20,0.0,15.9,29.5,66.0,1015.7,4.3,352.0,11.0
2013-07-21,0.3,17.9,28.1,69.0,1017.4,4.2,29.0,56.0
2013-07-22,0.6,17.6,28.5,71.0,1016.8,4.3,90.0,32.0
2013-07-23,4.4,19.0,28.2,74.0,1014.0,3.3,291.0,63.0
2013-07-24,8.7,17.5,28.8,78.0,1014.4,3.5,322.0,51.0
2013-07-25,1.2,17.9,29.1,75.0,1015.8,4.3,308.0,36.0
2013-07-26,1.7,18.7,30.6,73.0,1015.7,3.9,244.0,32.0
2013-07-27,1.0,20.0,31.8,71.0,1013.6,4.7,215.0,22.0
2013-07-28,0.1,20.2,32.6,71.0,1014.3,4.7,166.0,22.0
2013-07-29,15.3,18.9,28.6,81.0,1014.8,4.8,97.0,57.0
2013-07-30,0.1,14.3,28.2,66.0,1016.7,4.6,279.0,6.0
2013-07-31,0.0,16.9,28.9,64.0,1018.4,4.9,117.0,19.0
2013-08-01,0.0,18.1,30.0,66.0,1018.3,4.5,190.0,17.0
2013-08-02,0.0,17.1,32.3,64.0,1017.5,4.7,231.0,0.0
2013-08-03,0.0,16.7,33.1,64.0,1016.7,4.3,224.0,0.0
2013-08-04,0.0,19.6,33.0,66.0,1017.3,4.5,281.0,10.0
2013-08-05,0.0,19.6,33.0,62.0,1016.5,5.1,34.0,9.0
2013-08-06,0.6,19.8,33.2,62.0,1014.8,4.5,246.0,9.0
2013-08-07,0.5,20.8,32.2,66.0,1013.0,4.9,64.0,60.0
2013-08-08,0.8,20.1,32.2,61.0,1013.9,7.8,340.0,58.0
2013-08-09,1.1,21.5,31.7,55.0,1013.1,6.8,300.0,94.0
2013-08-10,0.6,18.8,27.7,55.0,1014.6,6.1,14.0,46.0
2013-08-11,0.5,19.0,27.1,60.0,1016.4,3.7,31.0,38.0
2013-08-12,0.0,18.1,28.8,55.0,1015.7,4.9,162.0,17.0
2013-08-13,5.3,17.2,28.2,69.0,1013.9,4.2,42.0,26.0
2013-08-14,28.3,17.0,20.6,82.0,1017.3,8.4,40.0,85.0
2013-08-15,0.0,13.7,24.8,65.0,1020.5,5.5,39.0,24.0
2013-08-16,0.0,14.7,25.7,62.0,1019.6,4.6,33.0,8.0
2013-08-17,0.0,13.4,28.1,65.0,1016.9,4.1,302.0,9.0
2013-08-18,0.0,14.4,29.0,60.0,1016.6,4.3,226.0,15.0
2013-08-19,2.3,15.5,28.4,72.0,1015.4,4.3,24.0,48.0
2013-08-20,1.2,17.6,22.3,72.0,1018.6,5.4,45.0,67.0
2013-08-21,0.0,13.5,25.6,65.0,1020.3,4.0,18.0,30.0
2013-08-22,0.0,15.8,25.4,66.0,1017.7,4.8,54.0,19.0
2013-08-23,0.5,15.3,26.0,69.0,1015.6,3.8,356.0,69.0
2013-08-24,12.7,14.6,26.1,78.0,1013.1,4.2,317.0,63.0
2013-08-25,35.9,16.5,21.6,87.0,1008.3,4.4,44.0,85.0
2013-08-26,5.9,16.0,20.8,82.0,1010.4,4.6,55.0,78.0
2013-08-27,3.9,14.5,21.9,81.0,1011.3,4.2,41.0,59.0
2013-08-28,2.4,12.4,23.0,80.0,1012.1,4.0,328.0,64.0
2013-08-29,3.9,12.2,23.2,82.0,1018.6,4.2,10.0,42.0
2013-08-30,0.2,13.7,22.7,75.0,1019.8,4.0,31.0,36.0
2013-08-31,1.1,13.5,24.0,74.0,1019.6,3.6,5.0,50.0
2013-09-01,6.3,13.3,23.9,80.0,1019.5,3.7,350.0,70.0
2013-09-02,1.8,14.8,23.5,76.0,1021.7,4.6,82.0,53.0
2013-09-03,0.0,12.4,25.8,77.0,1022.8,4.3,94.0,9.0
2013-09-04,0.0,16.8,25.1,81.0,1023.0,4.1,106.0,45.0
2013-09-05,0.5,16.3,25.1,83.0,1017.9,4.2,101.0,51.0
2013-09-06,0.0,15.6,25.3,78.0,1014.6,3.8,118.0,27.0
2013-09-07,0.4,14.7,26.1,81.0,1017.2,4.1,98.0,31.0
2013-09-08,10.1,17.1,23.9,88.0,1019.1,3.9,37.0,86.0
2013-09-09,18.7,16.3,24.2,85.0,1015.0,3.8,28.0,59.0
2013-09-10,9.9,16.3,20.9,83.0,1014.5,5.0,48.0,92.0
2013-09-11,2.4,13.3,17.9,78.0,1012.8,6.6,57.0,67.0
2013-09-12,1.3,10.1,19.5,77.0,1013.9,3.2,315.0,54.0
2013-09-13,2.1,8.7,21.1,80.0,1017.2,3.7,329.0,31.0
2013-09-14,0.0,9.5,22.6,78.0,1017.2,4.5,77.0,50.0
2013-09-15,8.7,14.6,20.3,87.0,1013.0,4.1,45.0,97.0
2013-09-16,1.2,9.9,21.6,81.0,1005.8,4.9,233.0,56.0
2013-09-17,1.3,13.2,20.2,70.0,1001.5,5.0,124.0,54.0
2013-09-18,0.0,10.4,18.7,75.0,1005.4,4.3,61.0,67.0
2013-09-19,0.2,11.4,20.8,78.0,1006.9,4.3,53.0,46.0
2013-09-20,0.8,13.5,21.1,79.0,1015.1,5.4,88.0,57.0
2013-09-21,0.3,13.1,21.3,83.0,1020.7,4.2,57.0,58.0
2013-09-22,0.0,14.5,21.0,78.0,1025.0,4.8,107.0,84.0
2013-09-23,0.0,12.0,23.3,77.0,1020.8,3.8,190.0,16.0
2013-09-24,0.0,10.4,23.2,82.0,1015.8,4.3,93.0,29.0
2013-09-25,0.0,16.0,22.2,81.0,1013.8,4.1,204.0,73.0
2013-09-26,0.0,15.8,23.5,80.0,1013.6,4.0,167.0,65.0
2013-09-27,4.5,16.4,21.7,88.0,1014.1,4.3,96.0,85.0
2013-09-28,4.2,17.5,21.1,94.0,1012.6,3.4,108.0,97.0
2013-09-29,11.1,13.9,19.1,94.0,1008.2,5.7,59.0,100.0
2013-09-30,1.5,12.5,15.2,82.0,1005.3,5.3,73.0,95.0
2013-10-01,0.0,12.2,17.9,74.0,1008.9,2.7,122.0,75.0
2013-10-02,0.3,13.3,16.7,76.0,1016.4,5.4,91.0,91.0
2013-10-03,0.0,10.0,14.0,70.0,1025.8,4.9,87.0,88.0
2013-10-04,0.0,9.4,13.4,67.0,1027.5,4.0,94.0,97.0
2013-10-05,2.8,9.1,12.0,83.0,1022.8,4.2,40.0,94.0
2013-10-06,9.2,9.7,15.5,90.0,1021.3,5.7,21.0,84.0
2013-10-07,9.7,12.5,17.4,88.0,1022.5,6.0,42.0,99.0
2013-10-08,3.0,12.1,18.8,82.0,1022.8,4.2,40.0,98.0
2013-10-09,1.0,12.7,17.5,81.0,1019.1,2.7,65.0,73.0
2013-10-10,23.5,12.7,16.6,92.0,1009.4,4.5,102.0,90.0
2013-10-11,8.7,8.7,14.3,81.0,1010.3,5.2,137.0,49.0
2013-10-12,8.0,7.8,14.3,82.0,1018.2,6.0,18.0,67.0
2013-10-13,0.0,6.1,16.5,78.0,1021.5,3.9,4.0,57.0
2013-10-14,0.0,10.1,16.1,83.0,1021.4,3.6,22.0,90.0
2013-10-15,0.0,8.7,16.0,87.0,1016.4,3.8,259.0,73.0
2013-10-16,0.4,8.6,19.1,79.0,1008.5,4.1,313.0,39.0
2013-10-17,0.0,5.6,18.7,71.0,1015.0,4.1,38.0,11.0
2013-10-18,0.0,6.2,18.3,83.0,1017.5,3.8,36.0,47.0
2013-10-19,0.0,9.9,17.4,84.0,1022.2,3.5,54.0,86.0
2013-10-20,4.5,10.8,17.6,86.0,1024.0,3.1,46.0,91.0
2013-10-21,0.2,12.3,18.0,87.0,1022.9,3.4,334.0,71.0
2013-10-22,0.0,11.0,18.9,88.0,1021.6,2.7,223.0,84.0
2013-10-23,6.9,11.7,18.2,93.0,1019.4,3.5,87.0,99.0
2013-10-24,25.3,14.3,16.9,96.0,1020.3,4.9,30.0,99.0
2013-10-25,0.0,12.7,19.4,86.0,1022.2,4.2,282.0,80.0
2013-10-26,0.0,11.4,19.1,87.0,1022.5,2.7,196.0,74.0
2013-10-27,0.0,11.6,18.7,88.0,1020.2,3.5,222.0,90.0
2013-10-28,0.0,12.9,19.7,87.0,1016.5,3.7,221.0,78.0
2013-10-29,8.7,13.7,17.7,90.0,1014.7,3.8,32.0,88.0
2013-10-30,4.6,13.0,18.0,90.0,1017.6,5.4,40.0,97.0
2013-10-31,0.0,10.9,17.1,75.0,1023.7,5.3,48.0,58.0
2013-11-01,0.0,6.3,16.6,82.0,1022.2,3.4,83.0,46.0
2013-11-02,0.2,10.7,15.9,87.0,1016.6,2.3,247.0,98.0
2013-11-03,3.8,9.2,15.9,90.0,1009.1,3.5,318.0,81.0
2013-11-04,7.1,8.4,11.5,89.0,1005.0,4.3,23.0,98.0
2013-11-05,3.4,7.5,15.1,85.0,997.4,3.6,4.0,66.0
2013-11-06,0.0,8.0,15.7,83.0,1004.8,3.2,102.0,54.0
2013-11-07,0.0,5.5,15.5,86.0,1015.2,3.9,41.0,39.0
2013-11-08,1.2,10.8,15.1,90.0,1017.1,2.9,19.0,96.0
2013-11-09,18.3,10.5,16.3,93.0,1011.1,3.9,298.0,89.0
2013-11-10,1.8,6.8,11.6,83.0,1006.1,5.4,36.0,81.0
2013-11-11,0.0,5.9,12.4,57.0,1010.9,8.0,348.0,76.0
2013-11-12,0.0,5.6,16.8,65.0,1020.7,5.7,356.0,32.0
2013-11-13,0.0,6.6,15.3,80.0,1020.1,4.5,31.0,55.0
2013-11-14,4.1,6.8,12.6,80.0,1018.3,4.0,70.0,92.0
2013-11-15,33.8,7.5,9.5,88.0,1017.6,10.2,26.0,97.0
2013-11-16,0.0,4.3,13.1,81.0,1024.7,6.2,12.0,35.0
2013-11-17,0.0,1.9,11.9,83.0,1023.6,3.7,0.0,34.0
2013-11-18,0.0,4.0,12.2,84.0,1018.1,4.1,2.0,88.0
2013-11-19,21.2,8.6,10.9,89.0,1006.1,8.9,30.0,99.0
2013-11-20,3.3,6.2,12.6,86.0,1001.5,4.0,358.0,81.0
2013-11-21,11.3,2.8,7.6,91.0,1000.1,7.5,43.0,81.0
2013-11-22,12.0,1.3,9.6,82.0,1000.7,6.9,21.0,89.0
2013-11-23,26.3,1.1,8.2,81.0,1001.0,10.5,359.0,100.0
2013-11-24,3.9,5.0,10.7,85.0,1006.5,5.8,339.0,96.0
2013-11-25,0.0,-0.7,9.0,60.0,1014.4,7.0,355.0,7.0
2013-11-26,0.0,-4.0,5.8,52.0,1021.3,6.5,343.0,0.0
2013-11-27,0.0,-4.0,6.3,53.0,1026.1,5.8,338.0,60.0
2013-11-28,0.0,-0.1,6.1,59.0,1029.5,4.1,339.0,2.0
2013-11-29,0.0,-0.3,5.8,70.0,1024.8,2.8,48.0,26.0
2013-11-30,1.4,-0.6,5.8,83.0,1017.5,4.9,9.0,78.0
2013-12-01,0.0,-2.7,9.2,68.0,1021.5,5.3,354.0,23.0
2013-12-02,0.0,-2.4,9.6,60.0,1025.3,4.2,9.0,14.0
2013-12-03,0.0,-3.2,9.5,70.0,1028.8,2.6,337.0,15.0
2013-12-04,0.0,-2.3,9.3,78.0,1023.9,2.8,346.0,10.0
2013-12-05,0.0,-2.6,10.9,75.0,1020.9,3.6,357.0,36.0
2013-12-06,0.0,-2.0,7.8,81.0,1012.5,3.2,10.0,21.0
2013-12-07,0.0,-2.2,9.1,81.0,1021.1,4.8,345.0,23.0
2013-12-08,0.0,-2.3,8.2,82.0,1027.5,3.0,344.0,9.0
2013-12-09,0.0,-2.3,7.1,83.0,1029.0,2.5,1.0,83.0
2013-12-10,0.0,-1.1,10.1,76.0,1033.0,3.3,356.0,22.0
2013-12-11,0.0,-1.4,9.5,84.0,1035.2,3.0,322.0,0.0
2013-12-12,0.0,-1.4,9.4,85.0,1031.8,3.2,320.0,9.0
2013-12-13,0.0,-2.0,9.8,85.0,1025.6,2.9,331.0,17.0
2013-12-14,0.0,-1.5,7.4,85.0,1026.2,2.9,25.0,31.0
2013-12-15,0.2,-2.9,9.6,85.0,1032.2,3.8,332.0,20.0
2013-12-16,0.0,-2.3,8.9,83.0,1034.5,3.2,345.0,4.0
2013-12-17,0.0,-2.0,9.6,78.0,1032.3,3.2,337.0,1.0
2013-12-18,0.0,-2.1,6.7,76.0,1026.7,2.7,354.0,66.0
2013-12-19,0.0,-1.8,5.0,81.0,1023.0,3.1,19.0,69.0
2013-12-20,0.0,-0.2,9.1,88.0,1026.6,3.9,336.0,91.0
2013-12-21,0.0,-0.4,8.8,93.0,1034.7,2.4,326.0,75.0
2013-12-22,0.0,4.9,8.0,93.0,1031.8,1.6,302.0,90.0
2013-12-23,0.0,5.5,8.5,94.0,1026.9,2.1,23.0,94.0
2013-12-24,0.4,5.4,7.4,94.0,1021.3,1.7,188.0,95.0
2013-12-25,31.8,4.5,8.5,97.0,1008.9,5.0,59.0,100.0
2013-12-26,70.0,6.3,10.8,95.0,994.9,10.6,86.0,94.0
2013-12-27,0.0,0.7,11.1,89.0,1007.2,4.7,336.0,53.0
2013-12-28,0.5,-0.2,9.4,87.0,1015.1,3.3,11.0,56.0
2013-12-29,5.5,3.7,9.4,93.0,1016.7,4.3,11.0,98.0
2013-12-30,0.1,-0.7,9.9,84.0,1025.4,5.9,357.0,67.0
2013-12-31,0.0,-3.0,9.1,75.0,1022.6,4.1,332.0,29.0
2014-01-01,0.0,-3.1,7.8,72.0,1019.9,3.1,343.0,24.0
2014-01-02,1.1,-1.7,5.5,87.0,1017.8,2.7,4.0,98.0
2014-01-03,0.0,0.8,7.6,88.0,1019.8,2.3,327.0,87.0
2014-01-04,34.4,1.7,5.7,93.0,1016.8,4.9,7.0,99.0
2014-01-05,36.1,4.8,8.1,92.0,1006.6,6.2,8.0,99.0
2014-01-06,0.0,0.6,12.3,83.0,1018.6,3.0,331.0,56.0
2014-01-07,0.0,0.1,9.6,89.0,1023.9,2.8,352.0,74.0
2014-01-08,0.0,-0.4,9.3,88.0,1026.3,3.0,18.0,94.0
2014-01-09,0.0,0.8,8.5,87.0,1022.6,2.2,9.0,92.0
2014-01-10,0.2,0.4,7.5,92.0,1019.1,3.3,44.0,71.0
2014-01-11,0.0,2.9,9.4,89.0,1021.9,2.7,332.0,88.0
2014-01-12,0.0,0.9,9.4,90.0,1022.6,2.7,15.0,49.0
2014-01-13,0.1,0.6,7.2,91.0,1020.2,2.4,94.0,78.0
2014-01-14,30.4,3.3,6.4,94.0,1008.4,6.1,16.0,99.0
2014-01-15,0.0,-1.7,9.5,88.0,1010.8,3.6,316.0,39.0
2014-01-16,0.3,-1.0,6.8,85.0,1015.5,2.5,355.0,93.0
2014-01-17,30.3,2.9,5.8,94.0,1011.2,5.1,14.0,99.0
2014-01-18,17.7,1.8,8.1,95.0,1009.8,4.4,17.0,98.0
2014-01-19,24.0,6.8,10.1,94.0,1004.4,7.2,18.0,100.0
2014-01-20,2.3,4.9,10.7,92.0,1000.9,3.8,0.0,93.0
2014-01-21,0.0,3.0,13.5,85.0,1003.3,4.4,323.0,77.0
2014-01-22,3.1,-0.1,10.5,88.0,1010.6,3.8,8.0,58.0
2014-01-23,1.6,-0.2,9.5,90.0,1015.0,3.2,37.0,86.0
2014-01-24,6.0,2.7,7.5,89.0,1008.7,3.9,356.0,97.0
2014-01-25,0.0,-3.2,8.4,75.0,1010.0,4.9,327.0,20.0
2014-01-26,0.0,-1.0,8.4,76.0,1009.1,3.5,60.0,42.0
2014-01-27,4.6,0.5,6.2,85.0,1003.0,6.3,33.0,90.0
2014-01-28,8.4,0.7,6.7,83.0,1000.0,4.9,345.0,95.0
2014-01-29,1.3,-2.2,5.2,84.0,1005.0,4.8,42.0,72.0
2014-01-30,30.3,0.8,4.5,91.0,1010.2,9.4,26.0,100.0
2014-01-31,40.6,4.1,7.9,91.0,1011.2,10.0,26.0,100.0
2014-02-01,19.0,5.5,8.8,91.0,1011.1,9.1,33.0,100.0
2014-02-02,29.0,6.4,8.7,91.0,1009.6,8.8,42.0,100.0
2014-02-03,40.0,5.7,7.8,89.0,1014.4,9.1,45.0,100.0
2014-02-04,24.8,4.8,6.6,91.0,1016.1,7.1,38.0,100.0
2014-02-05,2.6,4.6,7.3,92.0,1012.8,3.8,45.0,100.0
2014-02-06,3.0,1.3,11.7,82.0,1012.4,4.7,22.0,56.0
2014-02-07,9.9,2.9,8.4,88.0,1013.0,4.3,13.0,80.0
2014-02-08,3.1,2.5,9.9,86.0,1008.2,4.3,251.0,82.0
2014-02-09,14.4,1.2,10.2,86.0,1002.1,5.7,344.0,72.0
2014-02-10,23.8,-0.1,5.1,89.0,1006.3,7.9,17.0,93.0
2014-02-11,3.3,3.0,9.7,90.0,1005.2,3.6,30.0,95.0
2014-02-12,0.0,-1.0,13.1,79.0,1007.0,5.1,351.0,32.0
2014-02-13,5.2,-0.8,9.3,90.0,1009.9,3.8,28.0,83.0
2014-02-14,0.1,-0.7,12.0,82.0,1010.1,4.9,3.0,35.0
2014-02-15,0.0,-0.1,9.5,84.0,1016.0,3.4,338.0,93.0
2014-02-16,0.0,5.0,11.2,86.0,1014.4,2.2,331.0,87.0
2014-02-17,18.0,4.8,8.6,91.0,1013.7,5.6,41.0,93.0
2014-02-18,0.4,0.9,12.0,85.0,1020.6,5.1,12.0,73.0
2014-02-19,23.6,6.0,9.8,93.0,1014.2,7.2,15.0,100.0
2014-02-20,7.5,5.1,9.9,83.0,1014.4,6.0,32.0,95.0
2014-02-21,0.3,2.1,13.6,81.0,1012.0,4.2,127.0,62.0
2014-02-22,23.0,3.2,8.8,88.0,1013.4,4.6,21.0,83.0
2014-02-23,0.0,-2.4,11.9,75.0,1021.4,3.7,315.0,11.0
2014-02-24,0.0,-1.8,12.9,72.0,1021.9,4.0,306.0,2.0
2014-02-25,0.0,-1.8,12.2,77.0,1019.4,4.0,9.0,46.0
2014-02-26,2.9,-0.0,11.0,87.0,1019.8,4.6,45.0,83.0
2014-02-27,3.8,0.6,10.6,90.0,1019.7,4.1,23.0,68.0
2014-02-28,2.7,2.1,9.6,84.0,1011.2,4.3,58.0,78.0
2014-03-01,31.2,4.7,7.5,89.0,1002.0,13.2,40.0,100.0
2014-03-02,24.4,3.7,10.6,84.0,999.8,8.0,19.0,81.0
2014-03-03,0.1,1.6,11.0,83.0,998.3,4.2,38.0,65.0
2014-03-04,0.3,1.3,11.5,76.0,996.8,8.9,45.0,97.0
2014-03-05,0.0,-0.1,13.3,73.0,1008.9,3.6,314.0,74.0
2014-03-06,0.0,0.3,15.3,65.0,1018.6,5.0,339.0,9.0
2014-03-07,0.0,0.7,15.3,72.0,1022.3,4.3,354.0,10.0
2014-03-08,0.0,5.1,14.8,73.0,1026.8,4.3,21.0,22.0
2014-03-09,0.0,1.0,15.8,74.0,1029.1,3.7,341.0,4.0
2014-03-10,0.0,4.3,14.7,62.0,1023.9,6.3,48.0,27.0
2014-03-11,0.0,1.0,13.2,69.0,1024.0,3.8,5.0,57.0
2014-03-12,0.0,0.8,17.4,68.0,1028.7,4.0,295.0,0.0
2014-03-13,0.0,1.0,16.8,68.0,1027.4,4.0,2.0,0.0
2014-03-14,0.0,1.2,16.7,72.0,1024.7,3.9,313.0,0.0
2014-03-15,0.0,1.0,17.2,80.0,1016.6,4.4,34.0,50.0
2014-03-16,0.0,3.9,19.0,74.0,1014.2,4.4,266.0,32.0
2014-03-17,0.0,3.0,17.2,78.0,1017.0,3.3,65.0,25.0
2014-03-18,0.0,6.7,16.8,80.0,1017.9,2.9,143.0,54.0
2014-03-19,0.0,7.2,17.6,81.0,1018.7,3.6,74.0,41.0
2014-03-20,0.0,5.9,17.8,78.0,1025.0,4.6,336.0,43.0
2014-03-21,0.4,3.3,17.3,81.0,1019.8,4.6,142.0,85.0
2014-03-22,9.9,8.5,14.8,91.0,1013.3,4.1,192.0,95.0
2014-03-23,37.5,6.0,13.6,91.0,1001.8,4.8,139.0,91.0
2014-03-24,5.1,3.2,11.6,79.0,1005.4,6.9,35.0,76.0
2014-03-25,2.2,-1.3,10.1,81.0,1009.2,5.2,30.0,66.0
2014-03-26,0.3,0.3,11.2,72.0,1010.6,8.8,47.0,85.0
2014-03-27,0.0,5.4,14.7,62.0,1009.8,9.6,35.0,98.0
2014-03-28,0.0,3.9,17.3,63.0,1013.9,4.5,298.0,41.0
2014-03-29,0.0,3.1,18.5,67.0,1021.1,4.1,340.0,8.0
2014-03-30,0.0,3.1,18.8,70.0,1018.4,4.5,237.0,30.0
2014-03-31,0.0,3.2,19.8,73.0,1014.2,4.0,30.0,26.0
2014-04-01,0.0,4.4,18.5,77.0,1013.0,4.3,152.0,66.0
2014-04-02,0.1,9.3,18.3,74.0,1012.7,4.8,180.0,68.0
2014-04-03,0.0,8.1,17.6,82.0,1011.7,4.9,76.0,99.0
2014-04-04,0.1,9.0,15.5,79.0,1008.3,7.7,52.0,96.0
2014-04-05,3.8,10.2,18.2,75.0,1009.3,4.8,331.0,87.0
2014-04-06,0.0,5.6,21.0,69.0,1015.4,3.9,341.0,39.0
2014-04-07,0.0,6.3,20.8,74.0,1018.7,4.6,265.0,32.0
2014-04-08,13.0,9.4,20.0,82.0,1016.5,4.6,28.0,89.0
2014-04-09,2.2,6.1,16.5,81.0,1017.6,5.5,62.0,36.0
2014-04-10,0.0,4.3,19.6,74.0,1017.5,5.1,163.0,37.0
2014-04-11,0.2,6.9,14.6,79.0,1017.0,6.2,105.0,75.0
2014-04-12,0.0,10.7,15.9,77.0,1016.7,4.1,123.0,91.0
2014-04-13,1.1,10.1,16.7,81.0,1016.8,3.4,147.0,75.0
2014-04-14,0.3,6.5,20.2,77.0,1012.8,6.9,233.0,49.0
2014-04-15,5.0,4.6,15.0,68.0,1013.5,4.5,49.0,29.0
2014-04-16,0.0,1.1,15.4,43.0,1020.1,4.5,344.0,23.0
2014-04-17,0.0,2.0,17.1,46.0,1017.9,5.3,275.0,2.0
2014-04-18,1.1,4.8,16.8,62.0,1009.3,4.0,75.0,93.0
2014-04-19,4.3,8.5,16.7,71.0,1006.7,9.1,32.0,77.0
2014-04-20,6.6,5.2,15.6,82.0,1006.8,5.8,76.0,51.0
2014-04-21,16.2,9.8,13.2,89.0,1007.5,7.2,26.0,99.0
2014-04-22,2.9,4.5,18.5,80.0,1012.0,4.4,205.0,40.0
2014-04-23,0.8,6.2,21.1,76.0,1015.8,4.4,17.0,68.0
2014-04-24,1.7,8.4,23.1,66.0,1014.0,4.7,304.0,48.0
2014-04-25,0.8,8.4,21.7,72.0,1010.3,3.5,315.0,57.0
2014-04-26,4.5,10.7,20.7,78.0,1009.2,4.0,62.0,68.0
2014-04-27,33.2,11.5,15.5,91.0,1005.7,5.8,56.0,98.0
2014-04-28,11.1,10.7,15.0,88.0,1004.9,6.0,15.0,94.0
2014-04-29,10.6,10.6,19.6,74.0,1007.1,4.4,314.0,83.0
2014-04-30,8.9,9.3,15.6,85.0,1008.2,4.6,31.0,97.0
2014-05-01,1.3,5.2,21.0,71.0,1009.0,3.7,326.0,75.0
2014-05-02,6.0,7.9,16.9,85.0,1008.9,5.0,41.0,94.0
2014-05-03,6.6,7.3,18.9,80.0,1007.8,5.0,352.0,89.0
2014-05-04,0.0,5.4,19.5,65.0,1010.5,5.1,321.0,35.0
2014-05-05,0.4,8.6,17.9,74.0,1016.8,5.4,163.0,62.0
2014-05-06,0.0,8.2,19.3,73.0,1018.3,5.1,181.0,58.0
2014-05-07,2.2,11.2,18.4,82.0,1016.2,5.3,115.0,95.0
2014-05-08,1.2,7.8,20.0,77.0,1017.6,6.1,217.0,44.0
2014-05-09,0.0,11.6,21.4,73.0,1016.1,4.5,162.0,57.0
2014-05-10,3.3,9.8,22.1,79.0,1014.0,4.3,91.0,64.0
2014-05-11,8.1,13.2,20.5,83.0,1007.6,7.0,234.0,73.0
2014-05-12,3.7,8.4,18.5,72.0,1012.1,4.0,37.0,63.0
2014-05-13,3.5,8.7,16.4,71.0,1012.3,5.6,46.0,69.0
2014-05-14,1.2,5.0,20.4,59.0,1015.4,6.8,317.0,49.0
2014-05-15,0.0,4.0,21.0,49.0,1017.2,6.5,340.0,47.0
2014-05-16,0.0,9.7,19.0,52.0,1013.6,9.0,327.0,86.0
2014-05-17,0.0,5.5,19.9,59.0,1014.6,5.6,207.0,45.0
2014-05-18,1.6,7.9,20.1,77.0,1015.1,5.5,88.0,61.0
2014-05-19,3.4,9.2,19.2,85.0,1016.1,5.2,63.0,81.0
2014-05-20,0.0,9.5,21.0,79.0,1017.6,5.1,201.0,51.0
2014-05-21,0.0,11.4,23.2,77.0,1018.3,5.6,161.0,47.0
2014-05-22,0.0,11.9,23.7,74.0,1016.1,5.0,134.0,29.0
2014-05-23,4.8,14.5,20.6,82.0,1013.1,4.5,70.0,80.0
2014-05-24,0.0,10.8,23.2,68.0,1014.1,5.8,223.0,16.0
2014-05-25,0.0,10.0,24.1,57.0,1016.6,5.1,77.0,25.0
2014-05-26,6.8,11.9,20.7,77.0,1014.0,3.7,67.0,77.0
2014-05-27,2.8,14.4,20.3,74.0,1010.3,5.1,252.0,67.0
2014-05-28,7.7,10.4,20.4,83.0,1009.7,4.4,74.0,75.0
2014-05-29,7.5,10.4,21.5,81.0,1010.5,3.7,297.0,72.0
2014-05-30,25.2,10.4,20.6,87.0,1012.0,4.1,143.0,86.0
2014-05-31,21.9,11.5,19.0,73.0,1016.7,4.8,42.0,51.0
2014-06-01,2.3,7.7,21.1,67.0,1016.6,3.8,325.0,31.0
2014-06-02,5.1,8.6,21.4,70.0,1016.2,3.5,312.0,43.0
2014-06-03,5.4,8.9,22.0,77.0,1013.9,4.1,336.0,51.0
2014-06-04,7.7,10.1,21.4,79.0,1011.3,4.2,232.0,75.0
2014-06-05,6.0,11.9,21.5,85.0,1013.2,4.4,97.0,81.0
2014-06-06,0.0,11.6,24.4,76.0,1018.1,5.2,210.0,47.0
2014-06-07,1.1,14.5,27.2,71.0,1018.0,3.6,195.0,26.0
2014-06-08,0.1,14.4,29.6,66.0,1019.3,4.0,227.0,20.0
2014-06-09,0.0,16.2,30.2,63.0,1019.3,4.9,50.0,16.0
2014-06-10,0.0,15.2,31.2,62.0,1018.2,4.6,231.0,2.0
2014-06-11,0.0,16.0,31.9,62.0,1018.4,3.7,330.0,16.0
2014-06-12,0.4,17.7,32.4,63.0,1018.9,5.7,0.0,56.0
2014-06-13,5.2,17.2,27.7,73.0,1014.7,3.5,13.0,52.0
2014-06-14,12.1,16.9,24.6,77.0,1011.4,5.4,37.0,87.0
2014-06-15,3.3,16.8,23.4,65.0,1014.0,7.4,50.0,97.0
2014-06-16,0.0,15.6,22.2,62.0,1014.5,6.3,64.0,90.0
2014-06-17,2.1,12.1,23.2,61.0,1014.2,5.5,51.0,35.0
2014-06-18,0.1,11.4,24.0,59.0,1015.1,6.1,45.0,44.0
2014-06-19,2.5,11.9,24.9,65.0,1014.2,5.0,295.0,45.0
2014-06-20,1.4,12.1,25.8,69.0,1011.2,4.5,35.0,57.0
2014-06-21,3.6,16.6,22.7,72.0,1015.2,5.9,84.0,58.0
2014-06-22,2.4,18.2,24.6,73.0,1017.4,4.3,138.0,78.0
2014-06-23,5.7,18.8,25.7,81.0,1017.9,4.8,283.0,90.0
2014-06-24,9.1,17.4,25.9,78.0,1012.9,4.3,352.0,82.0
2014-06-25,20.0,15.9,20.2,88.0,1008.4,4.3,103.0,92.0
2014-06-26,0.7,13.4,22.7,77.0,1011.5,6.1,60.0,57.0
2014-06-27,3.7,14.8,24.2,70.0,1015.5,3.9,101.0,72.0
2014-06-28,3.6,18.3,24.6,72.0,1016.3,4.6,217.0,45.0
2014-06-29,19.2,15.9,26.2,77.0,1010.7,4.7,214.0,79.0
2014-06-30,8.8,14.6,23.3,72.0,1009.9,5.5,355.0,62.0
2014-07-01,5.8,13.7,21.7,80.0,1017.5,5.2,66.0,71.0
2014-07-02,4.3,14.0,23.9,78.0,1018.7,4.2,52.0,60.0
2014-07-03,0.0,13.8,25.1,65.0,1023.6,5.4,78.0,10.0
2014-07-04,0.5,12.7,24.6,66.0,1019.8,4.7,300.0,63.0
2014-07-05,0.7,15.8,26.4,71.0,1012.3,4.0,211.0,46.0
2014-07-06,0.0,16.8,27.2,73.0,1014.2,4.4,153.0,29.0
2014-07-07,8.5,18.6,26.9,80.0,1014.5,4.1,5.0,66.0
2014-07-08,41.2,17.3,22.0,89.0,1008.2,5.0,275.0,81.0
2014-07-09,6.7,14.2,21.6,77.0,1006.1,4.5,33.0,80.0
2014-07-10,7.6,14.4,19.6,74.0,1006.3,5.2,51.0,89.0
2014-07-11,4.1,11.8,23.2,79.0,1007.6,3.2,218.0,53.0
2014-07-12,12.1,12.9,23.3,88.0,1010.2,3.8,48.0,63.0
2014-07-13,3.7,15.8,22.5,78.0,1012.0,3.8,98.0,76.0
2014-07-14,3.5,15.7,22.9,84.0,1013.2,3.8,64.0,94.0
2014-07-15,0.9,14.1,27.6,68.0,1016.8,3.5,296.0,23.0
2014-07-16,1.7,16.0,28.6,67.0,1018.1,3.8,330.0,45.0
2014-07-17,3.9,16.8,28.3,71.0,1018.4,4.0,331.0,55.0
2014-07-18,0.4,16.3,28.3,71.0,1017.8,3.9,312.0,16.0
2014-07-19,0.0,16.9,29.0,72.0,1016.6,4.9,224.0,38.0
2014-07-20,0.0,18.9,30.1,75.0,1013.8,4.8,211.0,74.0
2014-07-21,34.2,17.3,25.0,88.0,1009.1,7.0,51.0,89.0
2014-07-22,3.6,14.3,24.2,82.0,1008.6,4.0,313.0,88.0
2014-07-23,7.7,18.5,26.1,78.0,1010.5,3.9,296.0,79.0
2014-07-24,4.9,18.2,22.6,84.0,1011.5,2.5,333.0,98.0
2014-07-25,1.9,13.7,25.4,78.0,1012.7,4.0,39.0,62.0
2014-07-26,18.6,16.2,21.6,88.0,1012.3,6.2,30.0,99.0
2014-07-27,3.4,16.0,24.0,82.0,1011.9,3.6,346.0,75.0
2014-07-28,10.1,15.9,26.1,84.0,1010.7,4.5,306.0,77.0
2014-07-29,27.5,17.7,23.3,92.0,1008.2,5.2,49.0,92.0
2014-07-30,33.7,17.1,22.9,86.0,1004.9,8.9,32.0,95.0
2014-07-31,5.8,16.7,23.7,87.0,1008.9,3.6,147.0,93.0
2014-08-01,9.8,17.0,25.9,86.0,1010.3,3.8,243.0,67.0
2014-08-02,6.3,16.8,25.6,83.0,1010.6,3.7,306.0,67.0
2014-08-03,10.7,15.7,23.7,85.0,1012.1,4.1,294.0,62.0
2014-08-04,1.3,14.0,25.5,81.0,1013.8,3.2,39.0,33.0
2014-08-05,5.5,15.9,25.3,76.0,1013.9,3.7,4.0,64.0
2014-08-06,0.0,13.8,27.2,70.0,1013.5,4.4,268.0,40.0
2014-08-07,9.1,16.1,26.5,76.0,1013.5,3.2,323.0,62.0
2014-08-08,8.7,15.2,26.3,82.0,1014.4,4.2,332.0,52.0
2014-08-09,5.6,17.4,25.4,84.0,1014.4,4.2,283.0,81.0
2014-08-10,1.0,16.8,27.1,81.0,1015.0,4.2,216.0,78.0
2014-08-11,3.5,18.0,27.2,82.0,1012.3,5.3,168.0,81.0
2014-08-12,17.5,19.7,25.7,86.0,1011.5,3.8,37.0,68.0
2014-08-13,33.6,18.1,23.7,90.0,1007.8,4.9,10.0,79.0
2014-08-14,12.8,15.8,22.2,89.0,1008.4,5.7,42.0,50.0
2014-08-15,1.6,13.3,21.9,76.0,1012.5,3.8,9.0,49.0
2014-08-16,3.2,12.4,22.3,74.0,1015.7,4.8,353.0,42.0
2014-08-17,0.1,10.1,21.9,74.0,1017.1,5.0,219.0,42.0
2014-08-18,0.0,13.1,23.1,76.0,1013.3,4.9,224.0,33.0
2014-08-19,7.6,13.8,21.4,86.0,1012.9,3.5,29.0,83.0
2014-08-20,12.4,14.1,21.7,87.0,1013.4,3.1,62.0,68.0
2014-08-21,7.9,15.9,21.2,83.0,1013.2,5.3,63.0,56.0
2014-08-22,2.8,14.4,22.3,81.0,1014.7,4.1,23.0,60.0
2014-08-23,22.3,15.1,19.9,89.0,1013.2,5.0,14.0,81.0
2014-08-24,5.0,11.1,21.0,83.0,1014.3,4.1,40.0,59.0
2014-08-25,1.2,13.9,19.8,72.0,1017.4,5.4,53.0,79.0
2014-08-26,1.0,16.0,20.4,83.0,1011.8,3.4,230.0,97.0
2014-08-27,4.2,14.6,24.8,84.0,1009.7,3.5,20.0,51.0
2014-08-28,4.4,17.4,23.0,73.0,1016.7,6.3,57.0,54.0
2014-08-29,0.0,12.5,25.2,73.0,1017.3,4.0,4.0,40.0
2014-08-30,2.7,13.9,25.7,74.0,1016.0,3.1,348.0,59.0
2014-08-31,11.9,15.7,23.8,80.0,1012.5,3.6,359.0,89.0
2014-09-01,3.3,14.5,21.0,79.0,1008.1,3.7,360.0,84.0
2014-09-02,0.0,12.6,23.0,67.0,1011.5,5.5,346.0,62.0
2014-09-03,10.1,15.0,25.3,75.0,1013.3,5.4,334.0,77.0
2014-09-04,4.7,16.4,23.3,81.0,1014.1,4.1,355.0,94.0
2014-09-05,0.7,15.4,25.5,75.0,1013.6,4.8,1.0,51.0
2014-09-06,3.1,14.3,25.0,74.0,1011.9,4.6,12.0,58.0
2014-09-07,2.5,14.9,23.4,82.0,1013.7,3.0,329.0,51.0
2014-09-08,0.4,14.5,24.6,81.0,1015.9,3.5,248.0,44.0
2014-09-09,4.4,15.1,24.9,84.0,1015.7,3.9,18.0,61.0
2014-09-10,13.5,15.6,22.8,84.0,1012.6,4.4,47.0,67.0
2014-09-11,6.3,13.4,20.7,80.0,1010.3,4.4,20.0,72.0
2014-09-12,2.2,9.2,18.7,82.0,1011.6,4.5,336.0,73.0
2014-09-13,1.3,10.3,21.1,81.0,1014.5,3.6,45.0,72.0
2014-09-14,1.4,11.0,22.0,84.0,1015.6,3.8,333.0,59.0
2014-09-15,6.0,14.9,21.4,85.0,1015.5,3.2,81.0,60.0
2014-09-16,4.7,13.8,21.9,82.0,1016.1,4.2,38.0,73.0
2014-09-17,0.0,14.0,21.6,77.0,1016.6,5.5,52.0,42.0
2014-09-18,0.5,13.0,21.0,78.0,1017.3,4.2,72.0,52.0
2014-09-19,0.0,13.9,21.2,83.0,1018.8,3.4,41.0,85.0
2014-09-20,1.1,14.7,23.1,84.0,1016.6,3.9,232.0,76.0
2014-09-21,3.4,13.4,22.8,86.0,1014.0,4.1,45.0,55.0
2014-09-22,8.6,12.5,22.7,84.0,1009.6,4.8,11.0,43.0
2014-09-23,0.0,9.5,19.6,73.0,1016.2,4.5,186.0,38.0
2014-09-24,0.0,9.2,19.1,72.0,1017.3,4.4,222.0,55.0
2014-09-25,1.5,10.4,18.4,78.0,1016.4,3.7,55.0,57.0
2014-09-26,0.0,9.9,21.2,79.0,1021.3,4.7,219.0,33.0
2014-09-27,0.0,9.9,21.3,83.0,1024.8,3.9,79.0,13.0
2014-09-28,0.0,14.0,21.6,82.0,1027.8,3.8,148.0,37.0
2014-09-29,0.0,10.5,22.3,82.0,1027.4,4.3,193.0,52.0
2014-09-30,0.0,14.3,21.9,83.0,1025.6,3.7,157.0,53.0
2014-10-01,7.8,12.2,18.1,95.0,1023.9,3.8,26.0,94.0
2014-10-02,0.2,10.4,22.4,81.0,1024.3,4.8,334.0,35.0
2014-10-03,1.6,11.7,19.9,83.0,1023.2,3.3,16.0,46.0
2014-10-04,0.0,9.6,19.6,76.0,1019.1,4.4,25.0,30.0
2014-10-05,1.2,10.6,19.2,78.0,1017.1,4.5,30.0,54.0
2014-10-06,0.0,10.3,19.2,77.0,1015.8,4.3,25.0,59.0
2014-10-07,0.0,9.6,18.2,84.0,1016.9,3.8,55.0,76.0
2014-10-08,0.8,13.8,20.4,88.0,1018.3,3.4,353.0,87.0
2014-10-09,0.0,12.8,21.0,88.0,1017.6,4.0,218.0,67.0
2014-10-10,1.9,14.4,21.4,89.0,1018.2,3.2,42.0,73.0
2014-10-11,1.3,14.4,20.2,93.0,1016.7,2.9,86.0,94.0
2014-10-12,0.0,14.2,20.9,89.0,1016.5,3.3,352.0,74.0
2014-10-13,32.5,13.2,19.6,94.0,1013.6,4.6,14.0,99.0
2014-10-14,0.4,13.5,20.2,86.0,1011.8,3.8,335.0,77.0
2014-10-15,0.0,12.3,20.4,84.0,1009.2,3.5,266.0,85.0
2014-10-16,0.0,11.6,20.4,84.0,1011.5,4.6,266.0,81.0
2014-10-17,0.0,14.4,23.4,83.0,1013.3,5.0,251.0,46.0
2014-10-18,0.0,15.4,20.7,84.0,1022.6,4.2,52.0,51.0
2014-10-19,0.0,13.9,22.3,84.0,1024.7,3.8,268.0,53.0
2014-10-20,0.0,13.1,21.5,87.0,1021.0,3.5,194.0,88.0
2014-10-21,0.7,14.2,21.0,89.0,1011.0,3.4,202.0,68.0
2014-10-22,1.8,6.8,16.0,52.0,1005.9,6.9,304.0,41.0
2014-10-23,1.9,3.8,16.1,69.0,1008.8,6.1,314.0,51.0
2014-10-24,0.0,5.0,17.9,70.0,1013.5,6.2,346.0,20.0
2014-10-25,3.2,10.3,14.4,83.0,1020.6,3.5,120.0,88.0
2014-10-26,0.0,8.7,14.6,72.0,1024.9,4.3,52.0,43.0
2014-10-27,0.0,8.3,13.4,74.0,1026.8,4.4,50.0,32.0
2014-10-28,0.0,5.2,12.6,72.0,1023.5,4.1,20.0,1.0
2014-10-29,0.0,2.8,12.6,77.0,1020.1,3.9,28.0,5.0
2014-10-30,0.0,2.8,15.1,80.0,1023.2,3.5,334.0,6.0
2014-10-31,0.0,3.4,15.8,82.0,1025.7,3.4,352.0,28.0
2014-11-01,0.0,5.1,17.4,83.0,1024.4,3.4,335.0,55.0
2014-11-02,0.0,4.1,17.6,85.0,1021.4,3.5,340.0,0.0
2014-11-03,0.0,5.6,14.2,92.0,1018.5,3.8,358.0,60.0
2014-11-04,9.0,9.0,13.8,96.0,1010.6,6.9,65.0,87.0
2014-11-05,58.4,11.9,14.1,97.0,1004.2,8.4,82.0,100.0
2014-11-06,28.9,12.0,14.1,95.0,1007.9,5.4,74.0,100.0
2014-11-07,4.9,11.8,15.8,91.0,1009.2,4.3,18.0,94.0
2014-11-08,8.1,8.6,16.0,93.0,1011.5,4.0,39.0,97.0
2014-11-09,5.1,11.8,14.1,92.0,1013.7,5.5,38.0,100.0
2014-11-10,29.2,10.3,13.6,95.0,1016.1,6.0,33.0,100.0
2014-11-11,12.9,11.6,14.8,94.0,1014.5,5.6,18.0,100.0
2014-11-12,21.3,11.8,13.6,97.0,1006.9,9.3,36.0,100.0
2014-11-13,5.0,10.5,15.7,90.0,1008.0,3.6,358.0,85.0
2014-11-14,0.0,9.4,15.1,88.0,1013.7,3.2,19.0,54.0
2014-11-15,28.1,9.1,13.1,93.0,1009.9,8.0,54.0,96.0
2014-11-16,15.8,7.9,13.0,95.0,1005.2,3.7,62.0,74.0
2014-11-17,24.3,5.8,11.0,92.0,1007.6,6.9,24.0,96.0
2014-11-18,14.3,6.2,11.2,87.0,1005.6,5.1,344.0,92.0
2014-11-19,0.0,3.2,13.5,84.0,1015.4,4.3,332.0,33.0
2014-11-20,0.0,2.3,12.2,86.0,1023.9,3.0,353.0,49.0
2014-11-21,0.0,2.3,10.9,87.0,1023.9,3.3,7.0,67.0
2014-11-22,0.0,1.6,12.1,87.0,1024.4,3.5,7.0,45.0
2014-11-23,0.0,2.1,12.0,85.0,1026.3,3.1,5.0,33.0
2014-11-24,0.0,1.6,12.4,85.0,1023.9,2.8,8.0,58.0
2014-11-25,0.0,3.0,12.3,87.0,1021.5,3.7,45.0,36.0
2014-11-26,1.2,7.1,8.2,87.0,1019.1,3.6,53.0,98.0
2014-11-27,1.5,6.6,8.6,88.0,1015.6,2.9,32.0,98.0
2014-11-28,3.2,6.2,11.6,90.0,1015.0,4.4,14.0,99.0
2014-11-29,0.0,7.3,14.7,90.0,1014.8,4.3,15.0,71.0
2014-11-30,3.1,6.9,13.1,91.0,1013.0,4.6,3.0,99.0
2014-12-01,35.1,9.6,12.3,92.0,1004.5,9.1,42.0,99.0
2014-12-02,0.7,7.6,11.4,90.0,1005.7,4.4,57.0,98.0
2014-12-03,10.2,5.6,10.9,89.0,1011.2,6.1,46.0,93.0
2014-12-04,22.8,7.6,8.6,91.0,1014.9,5.6,38.0,99.0
2014-12-05,0.4,4.3,11.6,86.0,1015.5,4.2,15.0,78.0
2014-12-06,5.3,4.9,10.9,90.0,1014.4,4.1,27.0,85.0
2014-12-07,2.4,6.1,10.6,85.0,1015.6,2.7,324.0,91.0
2014-12-08,1.7,1.5,10.1,90.0,1015.7,3.5,41.0,67.0
2014-12-09,5.7,0.4,10.1,82.0,1017.9,4.5,7.0,47.0
2014-12-10,0.0,-2.6,8.4,72.0,1022.1,4.6,345.0,30.0
2014-12-11,0.0,-1.6,8.9,72.0,1018.4,2.7,329.0,21.0
2014-12-12,0.0,-2.1,8.4,77.0,1019.7,3.1,358.0,22.0
2014-12-13,0.0,2.3,7.6,81.0,1020.8,2.3,351.0,96.0
2014-12-14,0.0,3.6,10.1,87.0,1022.3,2.0,350.0,97.0
2014-12-15,0.0,5.9,10.2,89.0,1021.5,2.5,9.0,90.0
2014-12-16,13.8,5.1,9.4,94.0,1013.9,4.8,9.0,98.0
2014-12-17,1.6,1.6,11.6,89.0,1012.0,2.7,342.0,84.0
2014-12-18,0.0,1.0,10.2,90.0,1018.4,3.0,349.0,51.0
2014-12-19,0.0,3.8,9.5,89.0,1022.1,2.4,85.0,47.0
2014-12-20,0.0,1.4,9.3,90.0,1021.6,2.6,6.0,28.0
2014-12-21,0.0,-0.2,10.9,80.0,1026.7,3.3,322.0,33.0
2014-12-22,0.0,-1.4,6.4,85.0,1029.3,2.8,359.0,65.0
2014-12-23,0.0,0.3,6.4,88.0,1027.7,2.4,46.0,48.0
2014-12-24,0.0,-0.2,5.6,86.0,1026.3,2.7,36.0,87.0
2014-12-25,0.0,-0.5,7.3,85.0,1022.4,3.2,17.0,62.0
2014-12-26,0.1,-2.4,8.6,83.0,1022.2,4.2,320.0,17.0
2014-12-27,13.9,-3.6,2.1,91.0,1013.0,5.9,22.0,84.0
2014-12-28,1.1,-4.9,5.6,82.0,1002.9,5.0,324.0,94.0
2014-12-29,0.0,-9.0,3.6,60.0,1021.5,6.2,314.0,24.0
2014-12-30,0.0,-0.7,1.9,66.0,1028.7,4.1,187.0,44.0
2014-12-31,1.1,-3.7,-0.5,83.0,1030.7,4.6,107.0,73.0
2015-01-01,0.0,-0.7,4.7,73.0,1033.9,2.6,275.0,8.0
2015-01-02,0.0,-2.2,9.1,80.0,1030.5,2.5,2.0,60.0
2015-01-03,0.0,-1.3,9.2,76.0,1024.5,3.3,13.0,64.0
2015-01-04,0.0,-1.6,9.4,78.0,1020.3,5.3,338.0,4.0
2015-01-05,0.0,-2.1,8.9,56.0,1027.3,5.8,313.0,0.0
2015-01-06,0.0,-2.4,6.8,73.0,1024.4,5.5,20.0,18.0
2015-01-07,0.0,-1.4,6.9,87.0,1029.4,4.5,12.0,83.0
2015-01-08,0.0,-0.4,7.3,85.0,1032.3,3.2,17.0,62.0
2015-01-09,0.0,-1.5,6.0,83.0,1029.5,3.0,3.0,77.0
2015-01-10,0.0,-1.3,6.7,88.0,1019.1,3.4,35.0,73.0
2015-01-11,0.3,-1.2,7.0,85.0,1014.8,3.5,349.0,35.0
2015-01-12,0.0,-3.2,9.9,69.0,1026.5,5.1,335.0,15.0
2015-01-13,0.0,-1.5,6.4,70.0,1026.9,2.8,358.0,33.0
2015-01-14,0.0,-0.8,7.7,89.0,1020.6,3.7,345.0,29.0
2015-01-15,0.0,-1.5,6.6,89.0,1020.8,2.7,357.0,74.0
2015-01-16,3.0,1.6,8.1,93.0,1017.8,4.3,30.0,88.0
2015-01-17,20.5,2.7,9.8,98.0,1012.6,4.6,15.0,94.0
2015-01-18,2.4,-0.6,9.1,90.0,1016.2,3.4,350.0,46.0
2015-01-19,0.0,-3.0,7.5,87.0,1013.8,3.8,342.0,55.0
2015-01-20,0.0,-0.1,7.6,80.0,1011.7,3.8,348.0,60.0
2015-01-21,4.8,-1.3,6.9,87.0,1011.6,4.6,3.0,73.0
2015-01-22,10.6,2.4,8.1,92.0,1011.9,5.7,17.0,99.0
2015-01-23,0.0,-0.9,12.3,82.0,1009.1,5.2,324.0,77.0
2015-01-24,0.0,1.8,10.8,67.0,1011.1,5.5,336.0,48.0
2015-01-25,0.0,-2.0,8.9,63.0,1016.1,6.0,350.0,71.0
2015-01-26,0.0,-3.3,7.4,59.0,1022.8,4.3,320.0,28.0
2015-01-27,0.0,-1.5,7.4,63.0,1016.9,4.1,344.0,55.0
2015-01-28,0.0,-3.5,7.8,67.0,1016.3,4.5,300.0,31.0
2015-01-29,0.2,0.1,3.4,76.0,1002.5,4.2,43.0,98.0
2015-01-30,5.0,-1.9,5.5,83.0,979.1,4.9,335.0,94.0
2015-01-31,0.0,-2.8,6.1,70.0,985.7,6.3,31.0,66.0
2015-02-01,0.0,-0.0,7.8,68.0,990.1,4.5,16.0,76.0
2015-02-02,1.1,-3.1,6.9,77.0,999.5,4.3,348.0,71.0
2015-02-03,2.8,-3.0,3.5,82.0,1003.3,7.5,32.0,93.0
2015-02-04,0.2,-2.1,8.6,72.0,1003.4,6.4,37.0,99.0
2015-02-05,28.6,2.2,4.0,83.0,1006.2,14.6,45.0,100.0
2015-02-06,19.6,2.5,5.5,81.0,1006.4,12.3,49.0,100.0
2015-02-07,1.5,0.3,5.1,80.0,1019.0,3.1,328.0,70.0
2015-02-08,0.3,-4.9,7.0,74.0,1013.5,5.4,30.0,20.0
2015-02-09,0.0,-5.1,5.7,59.0,1020.6,5.8,267.0,2.0
2015-02-10,0.0,-4.1,9.9,70.0,1022.2,4.5,5.0,1.0
2015-02-11,0.0,-2.0,11.0,78.0,1024.7,3.5,356.0,0.0
2015-02-12,0.0,0.9,9.1,79.0,1025.1,4.8,47.0,12.0
2015-02-13,0.0,0.8,7.6,86.0,1024.5,3.7,62.0,72.0
2015-02-14,4.3,2.7,6.5,92.0,1018.5,3.6,63.0,98.0
2015-02-15,10.9,2.8,7.6,96.0,1015.5,7.5,40.0,96.0
2015-02-16,0.0,0.5,12.0,77.0,1020.0,7.3,27.0,33.0
2015-02-17,0.0,-0.8,11.7,71.0,1027.6,6.1,47.0,3.0
2015-02-18,0.0,2.8,9.0,70.0,1035.4,4.1,49.0,1.0
2015-02-19,0.0,-1.8,9.8,78.0,1032.4,3.5,183.0,11.0
2015-02-20,0.0,-2.4,8.1,85.0,1024.4,3.5,121.0,54.0
2015-02-21,5.6,-0.2,6.4,91.0,1011.8,5.4,46.0,94.0
2015-02-22,16.9,4.0,8.6,88.0,1002.3,6.7,13.0,94.0
2015-02-23,0.6,1.8,11.9,80.0,1004.5,4.2,241.0,71.0
2015-02-24,7.1,3.9,8.4,90.0,1003.3,5.7,16.0,99.0
2015-02-25,1.0,3.6,12.5,67.0,1010.4,6.0,332.0,99.0
2015-02-26,0.0,-0.2,11.1,63.0,1017.0,4.0,336.0,77.0
2015-02-27,0.0,2.3,11.4,71.0,1012.6,4.2,283.0,70.0
2015-02-28,0.1,0.5,11.3,75.0,1016.1,4.0,3.0,60.0
2015-03-01,0.0,2.3,11.3,81.0,1016.2,4.3,235.0,81.0
2015-03-02,0.3,3.2,11.2,82.0,1011.7,3.3,352.0,70.0
2015-03-03,0.0,-0.4,12.1,67.0,1020.0,5.4,51.0,23.0
2015-03-04,2.7,-0.5,12.5,73.0,1020.9,5.4,29.0,64.0
2015-03-05,0.1,1.8,11.9,53.0,1021.1,9.7,23.0,44.0
2015-03-06,0.0,-2.3,11.8,46.0,1029.1,5.8,15.0,0.0
2015-03-07,0.0,1.9,11.4,59.0,1031.5,4.0,237.0,6.0
2015-03-08,0.0,-0.7,12.3,60.0,1028.0,4.6,64.0,29.0
2015-03-09,0.0,-1.9,9.9,65.0,1026.4,5.0,31.0,52.0
2015-03-10,0.0,-1.1,13.8,72.0,1024.3,3.7,241.0,22.0
2015-03-11,1.3,1.7,14.7,78.0,1019.9,4.7,45.0,37.0
2015-03-12,0.0,2.2,13.6,61.0,1021.4,5.4,279.0,5.0
2015-03-13,0.1,2.4,11.4,71.0,1019.2,4.9,94.0,49.0
2015-03-14,0.6,1.4,11.0,76.0,1020.9,4.3,94.0,78.0
2015-03-15,0.3,1.9,10.8,74.0,1025.9,8.0,51.0,86.0
2015-03-16,21.7,5.7,7.4,84.0,1028.4,11.2,32.0,100.0
2015-03-17,5.8,6.6,15.8,74.0,1027.3,8.5,32.0,99.0
2015-03-18,0.0,1.7,14.0,72.0,1024.5,4.9,64.0,31.0
2015-03-19,0.0,1.4,13.9,74.0,1022.5,4.2,130.0,17.0
2015-03-20,0.0,4.3,13.8,70.0,1023.7,4.6,98.0,32.0
2015-03-21,0.4,0.7,11.6,81.0,1019.5,4.5,89.0,71.0
2015-03-22,5.5,4.1,11.5,86.0,1016.5,6.2,40.0,76.0
2015-03-23,0.0,3.9,14.1,71.0,1016.3,4.8,48.0,37.0
2015-03-24,0.0,1.6,14.5,77.0,1013.2,5.7,78.0,40.0
2015-03-25,21.3,5.3,11.7,83.0,1005.6,10.9,32.0,99.0
2015-03-26,29.1,8.4,10.5,89.0,1005.2,8.7,34.0,100.0
2015-03-27,1.1,7.9,15.0,78.0,1008.3,4.8,358.0,76.0
2015-03-28,0.0,0.1,16.4,62.0,1014.9,6.3,250.0,8.0
2015-03-29,0.0,5.0,15.2,72.0,1012.2,4.7,112.0,66.0
2015-03-30,1.0,4.6,18.9,76.0,1003.8,5.2,335.0,54.0
2015-03-31,1.4,3.7,19.2,80.0,1006.7,6.3,243.0,46.0
2015-04-01,0.0,3.1,16.5,55.0,1010.0,6.3,323.0,2.0
2015-04-02,0.0,1.4,15.9,56.0,1013.4,6.6,242.0,20.0
2015-04-03,0.1,5.8,12.0,61.0,1017.0,6.9,157.0,45.0
2015-04-04,3.1,4.9,9.1,78.0,1012.9,7.0,78.0,99.0
2015-04-05,4.5,3.3,11.8,70.0,1012.1,7.6,53.0,85.0
2015-04-06,0.0,-2.8,12.1,58.0,1019.6,4.8,280.0,25.0
2015-04-07,0.0,-1.7,13.9,49.0,1027.3,5.9,312.0,16.0
2015-04-08,0.0,-1.0,16.3,58.0,1027.1,4.9,98.0,2.0
2015-04-09,0.0,5.2,16.4,64.0,1028.5,4.3,134.0,1.0
2015-04-10,0.0,2.8,17.4,73.0,1026.6,5.0,124.0,31.0
2015-04-11,0.3,5.3,17.6,75.0,1024.5,5.1,125.0,31.0
2015-04-12,0.0,4.5,19.3,73.0,1028.4,4.5,204.0,24.0
2015-04-13,0.2,5.4,22.3,74.0,1026.0,5.4,240.0,14.0
2015-04-14,0.0,7.5,20.2,74.0,1024.4,5.7,90.0,92.0
2015-04-15,0.0,6.3,21.3,71.0,1022.2,5.1,116.0,33.0
2015-04-16,0.0,7.5,21.1,71.0,1017.2,5.2,200.0,49.0
2015-04-17,5.0,10.8,15.0,84.0,1014.7,4.6,232.0,91.0
2015-04-18,15.8,7.5,15.8,91.0,1014.9,5.4,57.0,86.0
2015-04-19,0.1,5.2,13.7,70.0,1021.3,4.0,127.0,56.0
2015-04-20,0.0,1.5,17.7,67.0,1019.7,5.0,231.0,3.0
2015-04-21,0.0,4.3,21.8,63.0,1021.9,5.8,248.0,2.0
2015-04-22,0.1,5.5,22.5,66.0,1020.7,5.5,119.0,12.0
2015-04-23,0.3,10.9,18.9,69.0,1014.7,6.7,101.0,30.0
2015-04-24,1.2,8.6,17.2,75.0,1015.3,5.7,70.0,44.0
2015-04-25,0.7,8.0,17.3,79.0,1016.8,5.0,121.0,75.0
2015-04-26,2.5,9.2,18.8,81.0,1013.1,4.6,197.0,73.0
2015-04-27,16.0,10.8,15.6,94.0,1007.9,6.0,83.0,99.0
2015-04-28,3.3,10.7,19.2,82.0,1004.7,3.8,49.0,98.0
2015-04-29,1.9,5.2,15.3,71.0,1017.2,5.6,107.0,57.0
2015-04-30,8.0,7.8,17.1,80.0,1016.6,4.4,107.0,93.0
2015-05-01,3.3,10.2,15.0,87.0,1012.3,4.1,203.0,100.0
2015-05-02,1.7,10.3,19.1,82.0,1009.4,5.0,151.0,84.0
2015-05-03,1.6,12.6,18.8,86.0,1012.7,4.2,114.0,97.0
2015-05-04,0.0,12.2,19.1,87.0,1014.6,3.2,129.0,96.0
2015-05-05,0.0,12.0,21.8,86.0,1013.9,4.6,115.0,91.0
2015-05-06,3.8,12.4,22.6,84.0,1012.2,5.3,206.0,64.0
2015-05-07,0.5,11.7,22.6,66.0,1015.5,5.6,44.0,51.0
2015-05-08,3.1,10.6,21.9,66.0,1015.5,5.0,88.0,43.0
2015-05-09,4.3,11.9,24.2,69.0,1015.8,4.3,0.0,80.0
2015-05-10,0.2,9.7,24.2,66.0,1021.7,6.3,231.0,18.0
2015-05-11,0.0,12.0,22.9,72.0,1024.4,5.9,92.0,47.0
2015-05-12,0.0,12.8,23.7,70.0,1024.2,5.4,142.0,82.0
2015-05-13,0.0,12.9,24.8,73.0,1018.7,5.0,131.0,80.0
2015-05-14,3.8,15.3,22.1,78.0,1010.0,3.9,90.0,75.0
2015-05-15,27.4,14.2,16.7,89.0,1008.1,11.3,47.0,98.0
2015-05-16,1.1,12.8,22.9,73.0,1016.4,6.5,47.0,58.0
2015-05-17,0.6,13.2,23.6,71.0,1018.9,5.7,50.0,42.0
2015-05-18,0.0,13.1,23.8,68.0,1013.8,5.5,82.0,27.0
2015-05-19,5.7,13.0,23.1,74.0,1008.0,4.5,72.0,69.0
2015-05-20,28.6,12.9,19.8,88.0,1007.9,4.7,40.0,87.0
2015-05-21,8.8,9.9,17.8,77.0,1013.6,8.8,29.0,85.0
2015-05-22,6.8,8.9,16.4,81.0,1014.7,5.2,310.0,97.0
2015-05-23,20.5,10.9,14.9,87.0,1012.2,3.3,320.0,100.0
2015-05-24,1.8,9.0,20.1,72.0,1014.1,3.5,14.0,35.0
2015-05-25,4.6,9.0,21.9,77.0,1011.9,4.5,303.0,64.0
2015-05-26,6.3,10.2,19.7,82.0,1010.4,3.4,44.0,77.0
2015-05-27,6.1,8.6,20.0,74.0,1014.9,4.2,38.0,42.0
2015-05-28,0.1,10.4,21.2,69.0,1017.7,6.1,188.0,37.0
2015-05-29,0.3,10.3,21.4,74.0,1015.5,5.4,146.0,49.0
2015-05-30,3.0,12.0,21.6,77.0,1014.0,4.2,84.0,49.0
2015-05-31,8.2,12.9,21.4,80.0,1017.3,5.2,57.0,79.0
2015-06-01,0.0,11.0,23.4,73.0,1017.7,4.4,127.0,64.0
2015-06-02,0.6,14.5,24.6,76.0,1018.7,4.4,174.0,38.0
2015-06-03,1.1,13.6,27.8,75.0,1020.7,4.0,237.0,16.0
2015-06-04,2.0,15.3,29.1,71.0,1021.5,3.6,338.0,34.0
2015-06-05,0.6,18.2,29.0,72.0,1020.8,5.0,59.0,40.0
2015-06-06,0.4,17.5,29.2,71.0,1020.7,4.9,29.0,16.0
2015-06-07,1.6,16.8,29.1,71.0,1020.8,5.5,31.0,12.0
2015-06-08,0.0,17.1,27.7,67.0,1017.2,5.3,9.0,88.0
2015-06-09,0.1,15.1,27.5,65.0,1014.8,5.1,34.0,64.0
2015-06-10,0.0,16.0,26.4,61.0,1018.3,5.4,37.0,46.0
2015-06-11,0.0,14.1,28.2,63.0,1016.9,4.1,328.0,28.0
2015-06-12,2.7,15.7,27.9,70.0,1015.6,5.6,237.0,65.0
2015-06-13,2.7,16.8,28.0,67.0,1014.2,4.5,211.0,50.0
2015-06-14,25.3,16.0,22.0,87.0,1011.7,6.7,39.0,90.0
2015-06-15,6.4,13.2,24.3,81.0,1011.8,5.0,215.0,48.0
2015-06-16,20.6,15.7,23.0,86.0,1014.5,3.9,46.0,84.0
2015-06-17,6.5,15.7,21.8,76.0,1015.8,5.8,93.0,71.0
2015-06-18,2.0,16.4,22.8,71.0,1015.5,4.5,166.0,80.0
2015-06-19,32.9,14.1,21.3,86.0,1011.6,4.1,49.0,75.0
2015-06-20,4.3,13.9,20.6,74.0,1014.1,4.5,32.0,53.0
2015-06-21,4.8,10.8,20.3,78.0,1017.0,4.5,43.0,75.0
2015-06-22,0.9,12.6,22.4,78.0,1015.9,4.7,97.0,87.0
2015-06-23,22.7,14.2,22.7,85.0,1008.5,5.0,91.0,92.0
2015-06-24,1.6,13.3,21.2,71.0,1018.7,4.8,147.0,46.0
2015-06-25,0.0,13.1,22.7,70.0,1021.7,4.4,153.0,43.0
2015-06-26,0.0,12.1,24.6,75.0,1019.5,4.7,187.0,38.0
2015-06-27,3.2,16.1,25.1,77.0,1017.2,3.6,14.0,72.0
2015-06-28,0.5,14.6,25.7,77.0,1017.3,5.5,357.0,43.0
2015-06-29,0.3,16.9,25.1,77.0,1020.5,3.9,91.0,76.0
2015-06-30,0.6,17.5,26.4,71.0,1020.6,3.2,85.0,39.0
2015-07-01,0.0,17.9,27.5,69.0,1020.7,4.5,145.0,22.0
2015-07-02,0.4,16.2,29.0,74.0,1021.8,4.2,148.0,47.0
2015-07-03,1.1,17.9,29.9,78.0,1023.9,3.3,328.0,51.0
2015-07-04,0.8,20.6,30.5,77.0,1022.3,4.5,135.0,30.0
2015-07-05,0.8,19.5,30.1,80.0,1019.0,4.0,72.0,68.0
2015-07-06,2.1,20.8,30.5,80.0,1017.9,4.1,107.0,59.0
2015-07-07,0.8,20.4,31.6,78.0,1015.6,4.8,220.0,72.0
2015-07-08,32.4,21.7,29.8,82.0,1009.3,5.1,359.0,54.0
2015-07-09,0.7,19.5,24.7,74.0,1012.7,7.7,72.0,43.0
2015-07-10,0.7,17.8,25.8,68.0,1018.6,5.9,99.0,28.0
2015-07-11,0.0,16.2,28.6,68.0,1017.2,4.8,175.0,5.0
2015-07-12,0.0,16.4,29.0,71.0,1015.6,3.9,63.0,26.0
2015-07-13,5.5,18.9,26.2,74.0,1013.6,4.8,39.0,72.0
2015-07-14,0.7,18.3,29.0,72.0,1015.5,4.5,99.0,23.0
2015-07-15,1.9,19.8,29.6,74.0,1016.7,3.4,62.0,59.0
2015-07-16,2.8,20.0,31.1,75.0,1017.5,4.1,62.0,78.0
2015-07-17,0.3,19.9,32.8,68.0,1017.4,4.4,295.0,69.0
2015-07-18,1.2,19.4,32.3,68.0,1016.2,3.5,4.0,37.0
2015-07-19,0.8,20.4,32.9,69.0,1013.0,5.1,64.0,42.0
2015-07-20,0.8,21.2,32.1,68.0,1012.0,4.9,49.0,28.0
2015-07-21,0.0,20.9,33.1,64.0,1013.9,3.9,19.0,18.0
2015-07-22,0.0,20.9,34.3,62.0,1013.0,4.1,333.0,21.0
2015-07-23,0.0,19.6,34.5,58.0,1009.9,4.2,5.0,27.0
2015-07-24,3.0,21.5,30.8,65.0,1010.4,5.7,33.0,60.0
2015-07-25,8.4,20.1,29.2,75.0,1008.0,4.6,342.0,55.0
2015-07-26,6.2,19.6,24.6,72.0,1010.9,7.4,71.0,78.0
2015-07-27,2.1,18.7,27.1,74.0,1006.4,5.0,85.0,53.0
2015-07-28,2.0,18.7,26.1,76.0,1007.5,6.3,52.0,49.0
2015-07-29,27.9,19.4,26.5,83.0,1007.1,5.5,79.0,58.0
2015-07-30,9.2,19.1,22.3,78.0,1010.0,8.8,58.0,76.0
2015-07-31,0.2,18.4,23.9,66.0,1014.0,8.6,72.0,57.0
2015-08-01,2.5,14.6,25.7,66.0,1015.2,6.0,55.0,75.0
2015-08-02,3.4,17.4,25.3,76.0,1016.4,3.3,134.0,57.0
2015-08-03,0.0,15.7,28.6,71.0,1016.8,3.7,57.0,16.0
2015-08-04,0.6,17.6,30.6,68.0,1014.8,4.3,58.0,46.0
2015-08-05,0.7,19.0,31.3,64.0,1015.5,5.5,30.0,24.0
2015-08-06,0.0,18.6,33.0,64.0,1015.8,4.2,23.0,24.0
2015-08-07,0.0,21.0,33.0,61.0,1015.9,5.2,43.0,31.0
2015-08-08,1.1,21.0,31.4,71.0,1016.7,5.0,360.0,73.0
2015-08-09,0.0,20.4,32.6,66.0,1015.2,6.9,41.0,38.0
2015-08-10,0.0,19.6,31.0,57.0,1013.1,8.5,54.0,49.0
2015-08-11,0.0,17.2,30.6,58.0,1013.5,5.8,45.0,21.0
2015-08-12,0.0,18.6,32.5,59.0,1016.3,4.1,359.0,16.0
2015-08-13,0.0,18.6,33.5,56.0,1014.6,4.9,44.0,8.0
2015-08-14,1.1,19.8,32.3,57.0,1010.3,5.8,345.0,50.0
2015-08-15,1.6,18.6,28.2,75.0,1008.7,3.4,340.0,83.0
2015-08-16,2.9,18.1,24.2,75.0,1008.0,3.3,357.0,95.0
2015-08-17,8.7,18.3,25.7,79.0,1008.0,2.6,330.0,86.0
2015-08-18,5.6,14.7,24.9,78.0,1011.6,3.8,36.0,57.0
2015-08-19,13.7,17.0,22.3,82.0,1014.0,3.8,32.0,97.0
2015-08-20,7.0,13.6,26.2,74.0,1018.0,4.3,359.0,45.0
2015-08-21,11.5,14.5,23.6,74.0,1021.6,4.6,26.0,51.0
2015-08-22,1.0,13.4,23.8,69.0,1018.9,4.0,35.0,41.0
2015-08-23,0.2,15.4,23.5,71.0,1014.7,4.1,76.0,76.0
2015-08-24,11.3,17.0,20.7,86.0,1013.4,5.8,31.0,92.0
2015-08-25,7.4,17.4,24.1,88.0,1014.5,5.2,67.0,71.0
2015-08-26,0.0,14.8,26.5,76.0,1018.4,4.9,57.0,19.0
2015-08-27,0.0,15.3,28.2,74.0,1017.4,4.4,169.0,16.0
2015-08-28,0.0,15.5,29.0,77.0,1019.1,4.3,138.0,18.0
2015-08-29,0.0,17.3,30.9,70.0,1021.6,3.3,74.0,6.0
2015-08-30,0.0,16.3,31.4,64.0,1020.4,4.1,24.0,10.0
2015-08-31,0.0,16.5,30.4,69.0,1017.1,5.2,159.0,8.0
2015-09-01,0.0,15.8,29.5,69.0,1012.6,6.1,236.0,9.0
2015-09-02,13.2,18.2,24.5,76.0,1011.3,4.8,36.0,54.0
2015-09-03,2.1,16.2,25.4,73.0,1011.4,4.7,7.0,70.0
2015-09-04,8.7,13.7,24.9,80.0,1011.9,4.3,29.0,54.0
2015-09-05,16.3,15.2,22.3,83.0,1010.7,4.7,27.0,65.0
2015-09-06,0.0,9.5,22.2,71.0,1016.8,4.6,98.0,18.0
2015-09-07,0.6,14.0,20.6,64.0,1020.2,5.5,41.0,39.0
2015-09-08,0.1,10.9,21.4,68.0,1020.8,4.7,75.0,28.0
2015-09-09,0.9,13.7,19.5,70.0,1018.3,5.5,53.0,53.0
2015-09-10,0.0,12.8,20.4,64.0,1017.2,5.7,52.0,56.0
2015-09-11,0.0,10.1,21.2,64.0,1019.3,4.6,82.0,38.0
2015-09-12,0.1,11.1,22.6,76.0,1021.1,4.0,166.0,32.0
2015-09-13,10.5,15.4,21.0,87.0,1017.2,6.1,58.0,93.0
2015-09-14,49.3,16.1,22.1,92.0,1010.0,6.7,38.0,85.0
2015-09-15,1.2,15.5,23.2,79.0,1011.3,4.9,332.0,86.0
2015-09-16,0.5,13.7,23.8,82.0,1010.6,5.3,46.0,87.0
2015-09-17,2.4,16.4,24.8,89.0,1009.6,4.5,1.0,53.0
2015-09-18,0.3,17.2,25.8,82.0,1013.3,4.2,30.0,53.0
2015-09-19,0.0,15.3,24.6,75.0,1015.8,4.0,26.0,57.0
2015-09-20,0.0,12.7,23.6,66.0,1015.2,4.6,358.0,46.0
2015-09-21,1.3,15.8,19.7,66.0,1015.7,4.1,46.0,67.0
2015-09-22,0.0,15.4,19.4,67.0,1010.4,3.7,78.0,96.0
2015-09-23,21.0,10.5,15.8,86.0,1006.7,7.3,18.0,90.0
2015-09-24,1.3,10.5,17.1,78.0,1012.6,6.8,336.0,92.0
2015-09-25,2.4,11.9,20.9,81.0,1014.5,5.1,17.0,60.0
2015-09-26,11.5,13.9,20.1,84.0,1017.9,3.2,39.0,70.0
2015-09-27,1.6,14.1,18.1,78.0,1022.4,3.3,52.0,93.0
2015-09-28,0.4,11.2,17.5,66.0,1026.2,5.8,66.0,51.0
2015-09-29,0.0,7.6,18.2,64.0,1026.9,5.8,47.0,15.0
2015-09-30,0.0,8.5,16.6,63.0,1027.4,8.5,49.0,31.0
2015-10-01,0.0,10.8,16.1,59.0,1027.0,10.0,45.0,95.0
2015-10-02,13.0,12.3,16.1,77.0,1024.6,7.0,22.0,99.0
2015-10-03,7.5,12.5,18.5,85.0,1021.6,4.6,48.0,87.0
2015-10-04,16.0,11.4,18.3,92.0,1019.1,4.3,42.0,81.0
2015-10-05,0.0,10.4,19.8,82.0,1016.3,4.5,17.0,67.0
2015-10-06,2.5,13.3,17.6,83.0,1011.9,3.2,17.0,83.0
2015-10-07,6.0,10.3,19.8,86.0,1009.6,3.6,355.0,78.0
2015-10-08,3.0,11.9,21.1,81.0,1014.8,3.6,341.0,57.0
2015-10-09,2.1,11.1,19.5,83.0,1017.1,4.1,27.0,91.0
2015-10-10,1.8,11.9,18.2,79.0,1011.3,7.0,50.0,100.0
2015-10-11,3.9,12.5,19.5,78.0,1006.9,4.1,286.0,82.0
2015-10-12,1.3,12.0,17.4,80.0,1013.9,3.9,132.0,76.0
2015-10-13,14.3,12.4,13.8,91.0,1013.7,5.0,48.0,100.0
2015-10-14,26.0,12.0,14.2,92.0,1008.2,7.3,45.0,99.0
2015-10-15,21.2,10.9,15.3,86.0,1008.5,5.8,54.0,90.0
2015-10-16,16.4,8.1,13.2,87.0,1013.7,4.8,47.0,77.0
2015-10-17,0.0,3.9,14.0,80.0,1018.1,4.0,34.0,64.0
2015-10-18,0.0,9.6,14.3,79.0,1017.7,2.7,58.0,88.0
2015-10-19,3.2,9.5,15.4,82.0,1014.1,3.5,52.0,46.0
2015-10-20,0.0,2.5,15.4,77.0,1016.5,4.9,355.0,15.0
2015-10-21,0.0,5.2,15.2,71.0,1017.4,4.1,17.0,34.0
2015-10-22,0.0,2.2,15.0,73.0,1014.6,3.7,283.0,4.0
2015-10-23,0.0,7.1,16.3,73.0,1020.0,2.9,256.0,21.0
2015-10-24,0.0,4.6,17.4,82.0,1022.1,3.1,334.0,23.0
2015-10-25,0.0,4.5,17.7,78.0,1021.6,2.8,5.0,95.0
2015-10-26,0.0,6.4,18.0,79.0,1021.8,4.6,19.0,26.0
2015-10-27,0.0,5.1,17.1,82.0,1020.5,4.0,8.0,4.0
2015-10-28,5.1,7.1,12.2,90.0,1018.4,4.8,10.0,93.0
2015-10-29,32.5,11.1,15.1,89.0,1015.2,5.9,18.0,100.0
2015-10-30,0.0,7.5,18.1,84.0,1023.2,3.7,21.0,23.0
2015-10-31,0.0,7.9,18.2,72.0,1029.1,6.8,28.0,16.0
2015-11-01,0.0,3.1,16.5,66.0,1032.8,5.4,33.0,0.0
2015-11-02,0.0,1.5,16.3,68.0,1032.1,4.0,354.0,0.0
2015-11-03,0.1,2.2,15.2,71.0,1028.4,3.1,336.0,10.0
2015-11-04,0.2,4.2,14.7,82.0,1022.8,3.1,30.0,62.0
2015-11-05,0.0,4.3,17.2,84.0,1020.8,3.0,346.0,2.0
2015-11-06,0.0,5.5,18.7,81.0,1023.4,3.3,329.0,30.0
2015-11-07,0.0,5.9,19.4,80.0,1026.7,3.4,333.0,28.0
2015-11-08,0.0,6.1,19.5,80.0,1028.9,3.2,339.0,32.0
2015-11-09,0.0,4.7,17.2,86.0,1025.9,3.5,27.0,18.0
2015-11-10,0.0,6.0,17.8,86.0,1024.5,3.2,14.0,63.0
2015-11-11,0.0,6.5,17.4,85.0,1023.6,3.1,356.0,44.0
2015-11-12,0.0,6.7,18.6,80.0,1025.2,3.3,338.0,36.0
2015-11-13,0.0,5.8,15.0,85.0,1026.9,3.1,22.0,38.0
2015-11-14,0.0,6.6,13.1,87.0,1025.8,2.0,55.0,90.0
2015-11-15,0.0,3.6,12.3,90.0,1020.4,2.7,324.0,81.0
2015-11-16,0.0,5.3,14.3,84.0,1018.9,2.0,37.0,44.0
2015-11-17,0.0,3.7,12.7,86.0,1019.8,2.5,49.0,71.0
2015-11-18,0.0,6.7,12.0,87.0,1021.1,2.8,83.0,65.0
2015-11-19,0.0,3.4,11.8,89.0,1022.2,3.1,87.0,66.0
2015-11-20,0.2,3.7,10.5,89.0,1013.6,3.0,333.0,97.0
2015-11-21,13.9,4.3,9.9,93.0,993.2,6.0,48.0,99.0
2015-11-22,1.1,0.7,8.7,88.0,1001.2,4.5,306.0,80.0
2015-11-23,3.6,-1.4,7.9,80.0,1018.6,5.8,25.0,77.0
2015-11-24,0.0,-2.2,7.5,70.0,1023.2,4.0,16.0,5.0
2015-11-25,0.0,-1.3,5.4,79.0,1012.3,2.9,1.0,83.0
2015-11-26,0.0,-0.5,8.5,81.0,1005.8,3.1,343.0,86.0
2015-11-27,0.0,-3.3,9.4,70.0,1011.6,4.7,324.0,2.0
2015-11-28,0.0,0.3,7.7,78.0,1012.7,3.1,297.0,27.0
2015-11-29,0.0,-0.7,9.1,75.0,1022.2,3.6,325.0,46.0
2015-11-30,0.0,-1.9,7.8,84.0,1024.0,3.0,30.0,35.0
2015-12-01,0.0,-1.6,7.9,85.0,1024.0,2.6,19.0,39.0
2015-12-02,0.0,-0.3,10.9,81.0,1028.3,3.0,345.0,5.0
2015-12-03,0.0,-0.0,10.7,86.0,1030.9,3.0,334.0,35.0
2015-12-04,0.0,-0.1,8.2,89.0,1033.0,2.6,15.0,50.0
2015-12-05,0.0,2.3,11.2,85.0,1035.4,3.3,319.0,52.0
2015-12-06,0.0,-1.2,7.4,87.0,1035.2,2.5,8.0,15.0
2015-12-07,0.0,-1.0,10.1,86.0,1036.6,3.1,337.0,9.0
2015-12-08,0.0,-0.4,10.9,82.0,1034.1,2.7,328.0,22.0
2015-12-09,0.0,-0.8,10.0,84.0,1032.2,3.0,338.0,34.0
2015-12-10,0.0,-1.0,10.9,83.0,1034.7,3.8,332.0,9.0
2015-12-11,0.0,-2.7,7.6,78.0,1031.3,2.8,341.0,30.0
2015-12-12,0.0,-2.6,6.5,80.0,1026.6,2.3,7.0,58.0
2015-12-13,0.0,-2.7,5.7,78.0,1024.3,2.8,6.0,64.0
2015-12-14,0.0,-0.9,7.7,71.0,1025.2,3.0,338.0,42.0
2015-12-15,0.0,-1.1,8.1,85.0,1027.1,2.9,354.0,39.0
2015-12-16,0.1,-0.5,10.1,83.0,1029.7,2.3,334.0,82.0
2015-12-17,0.1,0.2,10.6,83.0,1030.1,2.7,344.0,43.0
2015-12-18,0.0,-0.9,9.8,86.0,1027.6,2.9,351.0,31.0
2015-12-19,0.0,-0.0,11.5,84.0,1027.0,2.7,337.0,15.0
2015-12-20,0.0,0.5,10.7,85.0,1028.8,3.3,353.0,2.0
2015-12-21,0.0,2.0,7.2,88.0,1031.8,2.6,15.0,45.0
2015-12-22,0.0,0.7,9.3,94.0,1034.3,3.1,339.0,73.0
2015-12-23,0.0,0.2,7.8,92.0,1032.7,2.9,16.0,43.0
2015-12-24,0.0,0.7,7.9,91.0,1032.3,3.2,313.0,52.0
2015-12-25,0.0,-0.7,9.5,88.0,1034.7,2.8,338.0,7.0
2015-12-26,0.0,-0.7,10.9,85.0,1034.0,2.8,321.0,19.0
2015-12-27,0.0,-0.5,9.6,81.0,1033.3,2.0,353.0,19.0
2015-12-28,0.0,-1.1,9.9,79.0,1031.8,1.9,338.0,23.0
2015-12-29,0.0,-1.3,9.2,77.0,1028.2,2.8,344.0,14.0
2015-12-30,0.0,-2.0,7.6,79.0,1030.2,5.0,31.0,9.0
2015-12-31,0.0,0.2,3.9,77.0,1029.3,3.3,28.0,59.0
2016-01-01,0.0,0.5,5.5,76.0,1026.4,2.9,42.0,36.0
2016-01-02,5.4,-0.8,2.4,88.0,1020.0,4.1,14.0,94.0
2016-01-03,5.9,1.0,4.8,88.0,1009.9,3.5,27.0,92.0
2016-01-04,2.9,-1.2,3.5,88.0,1000.9,3.9,4.0,71.0
2016-01-05,0.8,-2.5,4.6,87.0,1000.7,3.4,4.0,47.0
2016-01-06,0.6,-1.9,7.6,86.0,1000.4,3.9,318.0,66.0
2016-01-07,0.1,-3.0,6.5,81.0,1002.9,3.1,21.0,51.0
2016-01-08,0.0,-2.2,7.6,82.0,1008.4,3.4,2.0,71.0
2016-01-09,7.9,2.5,6.5,90.0,1007.8,2.8,360.0,98.0
2016-01-10,1.7,-0.2,8.1,93.0,1004.0,3.9,347.0,74.0
2016-01-11,11.7,4.9,8.9,93.0,997.6,4.7,317.0,88.0
2016-01-12,0.0,-1.6,9.8,87.0,999.6,4.9,334.0,57.0
2016-01-13,0.0,-2.5,11.0,81.0,1010.6,5.6,307.0,43.0
2016-01-14,0.7,-1.8,6.2,78.0,1015.1,4.5,8.0,69.0
2016-01-15,0.0,-4.3,7.6,80.0,1008.6,4.9,351.0,24.0
2016-01-16,0.0,-4.6,8.1,57.0,1013.1,4.6,337.0,19.0
2016-01-17,0.0,-4.0,6.8,45.0,1015.6,5.5,323.0,25.0
2016-01-18,0.0,-3.0,4.7,42.0,1019.7,5.0,321.0,16.0
2016-01-19,0.0,-0.6,3.4,59.0,1017.7,3.0,64.0,17.0
2016-01-20,0.0,-1.2,3.4,68.0,1018.2,3.0,57.0,6.0
2016-01-21,0.0,-2.1,5.5,65.0,1022.5,3.6,25.0,1.0
2016-01-22,0.0,-0.3,4.9,66.0,1031.5,3.9,26.0,34.0
2016-01-23,0.0,-0.2,6.8,78.0,1032.5,3.1,11.0,46.0
2016-01-24,0.0,-3.2,6.8,76.0,1034.2,2.7,12.0,44.0
2016-01-25,0.0,-2.6,7.4,76.0,1031.1,2.3,31.0,17.0
2016-01-26,0.0,-1.3,8.6,85.0,1029.0,2.5,31.0,49.0
2016-01-27,0.0,-1.4,9.0,89.0,1028.7,3.1,26.0,27.0
2016-01-28,0.0,0.2,10.6,92.0,1028.1,3.5,11.0,62.0
2016-01-29,0.0,0.3,10.0,92.0,1029.9,3.4,27.0,46.0
2016-01-30,0.0,3.6,8.7,94.0,1027.2,2.6,249.0,88.0
2016-01-31,0.0,3.9,11.5,87.0,1015.6,3.6,261.0,67.0
2016-02-01,0.0,0.3,10.0,92.0,1021.1,2.6,62.0,88.0
2016-02-02,0.0,4.7,8.8,90.0,1025.2,2.0,178.0,96.0
2016-02-03,3.6,3.4,7.9,94.0,1016.6,3.3,7.0,97.0
2016-02-04,0.4,-1.6,11.0,66.0,1021.2,5.6,275.0,27.0
2016-02-05,0.0,-1.3,9.6,71.0,1025.1,5.2,42.0,2.0
2016-02-06,0.0,-1.8,9.6,83.0,1028.4,4.4,331.0,49.0
2016-02-07,26.8,1.5,6.7,96.0,1018.6,5.6,31.0,99.0
2016-02-08,17.6,5.6,9.4,93.0,1014.6,4.6,299.0,96.0
2016-02-09,11.5,1.4,8.2,93.0,1010.9,3.5,15.0,83.0
2016-02-10,10.7,-1.3,11.0,75.0,994.7,7.1,280.0,79.0
2016-02-11,0.1,-4.0,9.7,65.0,1006.7,5.4,6.0,23.0
2016-02-12,5.1,-1.7,8.3,81.0,1005.2,6.3,43.0,92.0
2016-02-13,0.9,-1.1,8.0,85.0,996.4,5.4,31.0,74.0
2016-02-14,8.8,-0.3,6.7,90.0,994.9,5.2,356.0,88.0
2016-02-15,4.2,0.0,11.8,84.0,1003.6,6.7,44.0,91.0
2016-02-16,7.3,5.4,11.7,76.0,1021.3,10.1,40.0,98.0
2016-02-17,21.4,4.9,7.3,89.0,1019.5,8.0,50.0,100.0
2016-02-18,0.0,-1.4,13.0,80.0,1014.4,4.6,311.0,38.0
2016-02-19,9.0,-0.7,10.3,84.0,1015.0,4.2,12.0,78.0
2016-02-20,2.8,-2.1,11.2,75.0,1022.9,6.3,281.0,43.0
2016-02-21,0.0,-1.1,10.2,78.0,1021.1,4.5,52.0,35.0
2016-02-22,0.3,2.4,10.8,87.0,1018.9,4.1,90.0,72.0
2016-02-23,0.1,6.4,12.6,89.0,1011.3,3.2,234.0,88.0
2016-02-24,0.3,1.7,10.6,73.0,1013.6,6.1,49.0,61.0
2016-02-25,1.3,2.9,8.1,78.0,1011.6,4.1,90.0,91.0
2016-02-26,1.5,1.2,8.1,82.0,1010.7,5.5,46.0,77.0
2016-02-27,9.7,2.2,6.5,84.0,1010.4,7.2,40.0,100.0
2016-02-28,36.0,5.8,9.5,90.0,1009.0,12.5,36.0,100.0
2016-02-29,38.3,5.0,9.6,89.0,1005.0,12.7,43.0,98.0
2016-03-01,1.0,1.1,13.7,82.0,1010.7,3.7,1.0,54.0
2016-03-02,2.3,0.3,12.4,84.0,1009.4,5.1,79.0,94.0
2016-03-03,33.7,2.6,6.8,81.0,996.8,9.9,9.0,99.0
2016-03-04,0.0,-5.6,11.2,72.0,1003.8,6.3,312.0,64.0
2016-03-05,43.2,1.6,7.1,94.0,1001.6,8.0,60.0,100.0
2016-03-06,3.7,0.4,9.6,89.0,999.9,3.1,58.0,61.0
2016-03-07,3.9,-1.1,8.4,86.0,1001.8,4.9,22.0,59.0
2016-03-08,6.4,-1.8,7.2,87.0,1008.2,7.8,34.0,95.0
2016-03-09,9.2,2.8,8.4,77.0,1010.8,7.9,33.0,75.0
2016-03-10,0.0,-2.4,13.2,71.0,1009.7,5.0,5.0,61.0
2016-03-11,0.0,2.2,12.7,70.0,1015.6,2.8,346.0,95.0
2016-03-12,0.6,5.3,13.2,68.0,1019.0,4.7,52.0,63.0
2016-03-13,0.1,0.9,14.0,65.0,1019.9,7.9,52.0,30.0
2016-03-14,0.0,1.2,12.9,62.0,1022.8,6.3,56.0,28.0
2016-03-15,5.3,1.5,10.8,75.0,1018.4,5.7,79.0,71.0
2016-03-16,1.3,1.7,10.3,65.0,1022.5,11.4,63.0,93.0
2016-03-17,0.0,1.1,12.8,63.0,1025.5,5.9,38.0,28.0
2016-03-18,0.0,-1.0,14.9,75.0,1017.6,4.4,252.0,0.0
2016-03-19,0.0,-0.3,15.8,76.0,1015.2,4.9,62.0,0.0
2016-03-20,0.1,2.1,16.2,80.0,1015.5,4.7,161.0,32.0
2016-03-21,3.6,7.2,14.4,87.0,1013.4,4.5,60.0,53.0
2016-03-22,0.1,5.3,13.5,80.0,1007.7,6.5,63.0,55.0
2016-03-23,0.0,3.4,14.3,62.0,1000.0,7.2,64.0,55.0
2016-03-24,0.0,0.5,14.8,66.0,1007.5,6.1,213.0,20.0
2016-03-25,0.0,7.1,12.6,71.0,1015.9,4.7,95.0,93.0
2016-03-26,0.0,3.8,15.0,77.0,1017.5,4.7,101.0,50.0
2016-03-27,0.2,4.2,14.6,83.0,1015.9,4.6,108.0,82.0
2016-03-28,0.7,8.1,14.0,84.0,1013.1,4.4,175.0,83.0
2016-03-29,0.0,3.9,17.4,78.0,1013.4,5.5,214.0,50.0
2016-03-30,0.0,7.8,16.5,83.0,1017.7,5.5,200.0,71.0
2016-03-31,0.0,7.1,18.1,85.0,1017.1,4.7,80.0,78.0
2016-04-01,0.0,8.5,18.7,84.0,1015.7,5.7,78.0,91.0
2016-04-02,0.0,9.4,19.7,78.0,1019.5,5.3,54.0,92.0
2016-04-03,0.0,6.0,19.3,79.0,1017.9,5.7,84.0,58.0
2016-04-04,0.0,8.1,17.0,82.0,1014.9,3.6,121.0,67.0
2016-04-05,0.0,5.7,19.2,78.0,1011.9,3.8,125.0,25.0
2016-04-06,0.0,6.8,19.1,81.0,1011.1,4.2,115.0,73.0
2016-04-07,0.7,8.8,19.1,79.0,1008.4,6.5,63.0,52.0
2016-04-08,14.7,8.0,17.6,83.0,1002.6,6.3,20.0,98.0
2016-04-09,20.8,9.4,12.8,85.0,1002.6,5.9,16.0,99.0
2016-04-10,0.2,5.0,17.5,78.0,1007.5,4.6,148.0,58.0
2016-04-11,0.0,7.2,19.4,74.0,1011.5,5.3,193.0,19.0
2016-04-12,0.0,5.5,19.5,74.0,1012.3,6.0,198.0,29.0
2016-04-13,2.4,7.7,18.4,77.0,1008.8,5.5,99.0,50.0
2016-04-14,6.0,7.5,19.3,77.0,1008.3,5.0,344.0,57.0
2016-04-15,0.1,6.7,17.7,75.0,1012.7,6.7,75.0,52.0
2016-04-16,0.0,7.0,19.8,74.0,1012.1,5.8,124.0,41.0
2016-04-17,11.8,9.0,19.4,81.0,1011.3,5.2,152.0,77.0
2016-04-18,7.2,9.2,19.3,82.0,1012.8,5.4,42.0,46.0
2016-04-19,8.7,8.6,18.4,75.0,1016.8,6.5,275.0,36.0
2016-04-20,0.0,8.0,16.9,70.0,1023.7,5.1,158.0,19.0
2016-04-21,0.0,5.6,18.7,71.0,1024.2,5.3,174.0,42.0
2016-04-22,0.4,8.3,18.2,73.0,1015.9,4.6,123.0,77.0
2016-04-23,7.8,9.9,15.9,88.0,1006.9,4.0,68.0,91.0
2016-04-24,4.4,6.8,13.3,85.0,1002.5,6.3,58.0,99.0
2016-04-25,0.0,4.7,14.4,64.0,1007.3,4.7,255.0,59.0
2016-04-26,1.8,2.9,14.0,74.0,1008.0,6.0,60.0,44.0
2016-04-27,3.3,6.9,16.3,75.0,1005.5,6.1,84.0,62.0
2016-04-28,0.5,4.0,11.4,69.0,1014.3,7.0,61.0,75.0
2016-04-29,0.0,4.5,15.5,65.0,1018.1,5.7,64.0,25.0
2016-04-30,0.0,3.8,17.1,68.0,1017.0,5.7,89.0,48.0
2016-05-01,9.6,9.0,12.9,82.0,1012.5,7.7,45.0,92.0
2016-05-02,9.8,9.0,17.5,82.0,1012.5,7.2,346.0,88.0
2016-05-03,0.6,5.7,21.7,65.0,1012.6,5.5,300.0,48.0
2016-05-04,0.2,6.9,20.5,57.0,1016.4,6.4,351.0,49.0
2016-05-05,0.4,8.0,19.1,62.0,1021.1,6.0,24.0,40.0
2016-05-06,0.6,8.3,19.8,66.0,1018.3,4.9,58.0,16.0
2016-05-07,0.0,6.5,21.0,65.0,1014.1,5.2,93.0,6.0
2016-05-08,0.4,6.7,20.7,69.0,1014.5,5.4,92.0,27.0
2016-05-09,0.9,10.6,17.6,78.0,1017.9,4.2,62.0,92.0
2016-05-10,1.2,11.9,19.0,79.0,1015.4,3.9,148.0,97.0
2016-05-11,23.0,11.7,14.6,92.0,1009.2,7.1,47.0,100.0
2016-05-12,43.0,12.6,17.5,86.0,999.8,6.7,320.0,90.0
2016-05-13,4.8,10.0,16.0,88.0,997.9,4.0,239.0,98.0
2016-05-14,17.8,9.6,19.2,90.0,1002.9,3.7,48.0,91.0
2016-05-15,19.1,8.4,16.8,85.0,1011.2,5.5,98.0,67.0
2016-05-16,8.8,8.8,15.4,76.0,1017.9,4.2,137.0,78.0
2016-05-17,3.0,5.9,17.7,77.0,1016.8,5.3,195.0,33.0
2016-05-18,0.4,8.2,19.4,71.0,1015.3,5.0,120.0,46.0
2016-05-19,14.1,9.9,14.1,89.0,1010.8,7.1,47.0,94.0
2016-05-20,0.9,6.8,21.9,69.0,1015.3,4.8,288.0,40.0
2016-05-21,0.0,8.9,23.1,68.0,1018.7,4.8,194.0,36.0
2016-05-22,0.0,10.0,24.0,71.0,1016.3,5.7,177.0,5.0
2016-05-23,31.6,11.7,18.1,88.0,1010.1,6.8,63.0,63.0
2016-05-24,0.4,8.9,20.6,76.0,1008.3,4.9,250.0,61.0
2016-05-25,0.1,8.6,22.6,74.0,1012.0,5.0,205.0,37.0
2016-05-26,0.0,10.5,23.2,77.0,1014.8,4.9,96.0,80.0
2016-05-27,0.0,13.0,24.8,75.0,1016.0,4.3,147.0,51.0
2016-05-28,0.0,12.5,24.4,77.0,1013.6,5.7,99.0,41.0
2016-05-29,27.0,14.2,20.2,89.0,1009.0,5.2,88.0,80.0
2016-05-30,14.7,13.4,20.5,87.0,1008.9,3.7,220.0,71.0
2016-05-31,8.4,11.0,20.3,82.0,1011.9,4.5,219.0,66.0
2016-06-01,11.5,12.9,19.7,82.0,1013.1,4.0,76.0,87.0
2016-06-02,6.1,12.3,19.6,88.0,1011.5,3.9,75.0,92.0
2016-06-03,5.6,11.6,21.0,86.0,1010.8,3.5,204.0,82.0
2016-06-04,11.4,13.0,21.6,88.0,1012.0,3.3,5.0,84.0
2016-06-05,8.6,12.0,22.4,87.0,1014.2,3.5,346.0,74.0
2016-06-06,2.0,11.9,23.9,75.0,1017.4,3.3,35.0,65.0
2016-06-07,1.9,12.4,25.3,73.0,1019.6,3.6,324.0,43.0
2016-06-08,23.9,13.6,24.4,85.0,1017.1,4.4,10.0,90.0
2016-06-09,21.8,15.3,19.0,89.0,1012.3,4.6,53.0,100.0
2016-06-10,0.8,12.4,22.4,78.0,1011.6,5.1,108.0,53.0
2016-06-11,15.4,14.8,21.6,85.0,1010.4,3.7,119.0,73.0
2016-06-12,7.1,13.7,21.6,81.0,1008.8,3.6,12.0,94.0
2016-06-13,4.3,12.4,23.4,79.0,1004.3,4.3,268.0,88.0
2016-06-14,17.9,12.8,19.7,90.0,1001.8,4.1,73.0,91.0
2016-06-15,14.6,14.5,23.2,80.0,1002.0,6.9,222.0,45.0
2016-06-16,4.8,14.5,23.9,81.0,1005.1,7.1,63.0,82.0
2016-06-17,6.8,15.9,23.4,73.0,1008.6,9.8,228.0,38.0
2016-06-18,1.5,14.0,22.9,67.0,1016.5,4.4,325.0,38.0
2016-06-19,1.5,13.3,22.4,73.0,1016.0,5.5,346.0,88.0
2016-06-20,3.3,13.4,23.5,69.0,1017.1,5.2,317.0,59.0
2016-06-21,0.0,15.1,24.6,73.0,1021.4,3.9,175.0,62.0
2016-06-22,0.0,14.4,28.1,73.0,1022.2,4.0,32.0,17.0
2016-06-23,0.0,16.7,29.7,75.0,1020.9,4.4,46.0,5.0
2016-06-24,0.5,18.2,30.7,73.0,1016.6,4.3,19.0,12.0
2016-06-25,0.8,19.4,30.4,70.0,1011.1,5.0,78.0,60.0
2016-06-26,8.7,17.6,26.3,80.0,1012.1,6.0,17.0,44.0
2016-06-27,19.2,17.6,25.0,80.0,1013.4,5.0,29.0,50.0
2016-06-28,0.0,17.0,25.8,69.0,1017.1,5.2,196.0,31.0
2016-06-29,0.0,16.2,26.6,71.0,1015.8,4.7,156.0,27.0
2016-06-30,3.1,16.2,27.7,76.0,1014.8,3.8,145.0,59.0
2016-07-01,4.0,16.3,26.8,79.0,1016.7,4.0,107.0,35.0
2016-07-02,4.0,17.6,26.6,80.0,1014.6,4.4,223.0,49.0
2016-07-03,13.0,17.0,22.9,83.0,1015.0,7.1,58.0,62.0
2016-07-04,0.0,17.8,24.7,66.0,1019.5,6.0,42.0,58.0
2016-07-05,1.1,14.5,27.5,70.0,1015.7,4.7,193.0,43.0
2016-07-06,1.5,16.0,27.3,77.0,1014.2,4.4,90.0,27.0
2016-07-07,3.8,17.2,25.7,77.0,1017.8,5.7,67.0,34.0
2016-07-08,3.4,18.1,26.6,76.0,1018.0,4.5,109.0,63.0
2016-07-09,6.1,17.5,28.2,80.0,1016.9,3.7,83.0,26.0
2016-07-10,5.7,19.5,28.8,80.0,1016.2,3.6,355.0,49.0
2016-07-11,1.0,19.3,29.8,79.0,1014.0,4.6,315.0,67.0
2016-07-12,8.5,19.5,28.7,82.0,1011.3,4.6,79.0,34.0
2016-07-13,21.9,19.0,26.4,84.0,1007.9,4.8,55.0,40.0
2016-07-14,4.3,13.8,24.9,68.0,1009.4,5.3,328.0,37.0
2016-07-15,0.0,13.5,23.2,62.0,1016.4,5.1,9.0,76.0
2016-07-16,0.0,10.9,24.6,64.0,1017.9,6.2,262.0,30.0
2016-07-17,0.0,11.3,28.3,65.0,1018.5,5.2,255.0,10.0
2016-07-18,1.8,14.7,27.6,75.0,1019.1,4.3,63.0,14.0
2016-07-19,0.4,16.2,28.2,73.0,1019.0,4.1,78.0,16.0
2016-07-20,0.3,18.2,28.7,72.0,1017.2,4.5,89.0,16.0
2016-07-21,2.2,18.2,30.0,71.0,1015.2,4.8,101.0,43.0
2016-07-22,3.1,18.5,28.1,77.0,1014.6,4.6,28.0,50.0
2016-07-23,1.5,17.7,27.6,73.0,1016.0,4.6,322.0,65.0
2016-07-24,1.6,16.3,28.4,75.0,1016.2,4.5,295.0,92.0
2016-07-25,1.5,18.2,30.3,71.0,1014.8,4.4,21.0,72.0
2016-07-26,3.2,17.9,29.0,68.0,1015.5,3.8,357.0,74.0
2016-07-27,4.6,19.5,28.9,69.0,1014.9,4.1,9.0,66.0
2016-07-28,10.0,18.2,25.4,79.0,1015.0,3.8,14.0,51.0
2016-07-29,0.1,17.1,28.6,70.0,1014.8,3.4,355.0,32.0
2016-07-30,3.3,19.3,29.3,72.0,1014.5,4.2,118.0,35.0
2016-07-31,8.2,19.5,28.1,77.0,1013.1,5.0,327.0,53.0
2016-08-01,6.2,17.5,25.5,78.0,1014.2,7.2,30.0,64.0
2016-08-02,0.0,18.5,26.4,62.0,1017.5,4.6,100.0,78.0
2016-08-03,0.0,17.9,28.0,66.0,1016.1,4.0,150.0,29.0
2016-08-04,0.4,19.0,28.9,71.0,1013.8,4.4,41.0,31.0
2016-08-05,34.0,16.8,23.8,82.0,1011.1,5.8,0.0,85.0
2016-08-06,0.9,14.8,26.7,65.0,1018.3,5.3,340.0,66.0
2016-08-07,0.0,15.2,27.2,61.0,1023.3,4.7,24.0,14.0
2016-08-08,0.0,16.8,27.2,60.0,1020.8,4.0,29.0,6.0
2016-08-09,2.6,16.5,28.2,70.0,1014.9,4.8,54.0,73.0
2016-08-10,24.8,15.7,20.3,81.0,1013.1,8.0,19.0,79.0
2016-08-11,0.3,14.3,21.5,67.0,1019.3,5.6,61.0,41.0
2016-08-12,0.0,15.1,22.3,65.0,1024.3,4.7,94.0,59.0
2016-08-13,0.0,12.7,25.2,75.0,1024.7,4.0,134.0,10.0
2016-08-14,0.0,14.1,28.0,74.0,1022.0,4.1,132.0,21.0
2016-08-15,4.2,15.7,28.3,77.0,1019.1,4.3,48.0,47.0
2016-08-16,1.8,15.6,26.9,79.0,1015.2,3.9,336.0,69.0
2016-08-17,11.4,15.9,26.5,83.0,1010.6,4.6,30.0,64.0
2016-08-18,11.2,16.4,24.1,83.0,1010.9,3.6,86.0,77.0
2016-08-19,4.2,16.1,25.3,80.0,1012.1,4.4,76.0,61.0
2016-08-20,4.1,18.4,25.5,81.0,1015.2,3.9,62.0,74.0
2016-08-21,36.8,18.4,23.7,89.0,1015.2,4.0,59.0,77.0
2016-08-22,0.1,11.4,25.1,66.0,1021.8,5.3,323.0,6.0
2016-08-23,0.0,12.7,26.3,65.0,1024.0,3.8,318.0,0.0
2016-08-24,0.0,14.5,27.0,70.0,1022.7,3.4,218.0,1.0
2016-08-25,0.0,16.9,26.5,68.0,1020.8,4.7,61.0,6.0
2016-08-26,0.0,17.6,26.3,69.0,1020.3,5.1,55.0,11.0
2016-08-27,0.0,15.8,27.9,73.0,1020.3,4.0,74.0,1.0
2016-08-28,0.0,15.4,29.0,75.0,1018.2,4.4,174.0,15.0
2016-08-29,6.3,16.2,27.9,80.0,1016.2,3.9,349.0,43.0
2016-08-30,3.8,18.9,26.1,75.0,1019.4,7.0,19.0,81.0
2016-08-31,0.0,16.8,26.7,66.0,1020.4,5.8,44.0,9.0
2016-09-01,0.8,15.3,27.4,69.0,1019.7,3.5,3.0,26.0
2016-09-02,1.2,16.7,28.1,70.0,1019.2,4.3,24.0,38.0
2016-09-03,0.7,15.9,28.0,70.0,1018.3,4.0,48.0,77.0
2016-09-04,4.8,17.4,27.5,76.0,1016.4,3.8,357.0,83.0
2016-09-05,4.8,17.6,25.0,80.0,1013.6,5.1,19.0,65.0
2016-09-06,1.7,12.7,25.4,75.0,1017.8,5.5,19.0,29.0
2016-09-07,0.0,12.6,27.0,71.0,1019.5,7.9,30.0,9.0
2016-09-08,0.0,14.7,26.6,65.0,1015.4,5.9,38.0,14.0
2016-09-09,0.0,15.4,28.9,67.0,1015.0,5.6,27.0,12.0
2016-09-10,0.0,15.2,28.1,66.0,1015.6,5.5,18.0,18.0
2016-09-11,0.1,15.4,28.1,68.0,1016.5,5.6,26.0,33.0
2016-09-12,0.3,15.6,28.8,68.0,1018.6,6.1,23.0,37.0
2016-09-13,0.0,15.0,29.0,64.0,1016.4,4.4,16.0,9.0
2016-09-14,0.0,14.8,27.7,68.0,1014.3,4.6,46.0,9.0
2016-09-15,5.8,16.0,23.3,87.0,1015.8,5.2,50.0,74.0
2016-09-16,32.4,14.6,21.3,91.0,1015.1,4.2,57.0,82.0
2016-09-17,4.8,15.2,23.2,80.0,1010.2,4.3,316.0,78.0
2016-09-18,11.8,13.2,19.3,87.0,1010.8,3.6,40.0,71.0
2016-09-19,0.1,12.2,23.6,79.0,1009.4,5.2,309.0,57.0
2016-09-20,6.0,11.6,22.2,78.0,1012.1,4.3,9.0,58.0
2016-09-21,8.7,13.5,18.2,81.0,1015.7,6.3,54.0,66.0
2016-09-22,0.0,14.6,19.5,67.0,1020.8,3.7,34.0,55.0
2016-09-23,0.0,10.1,20.6,75.0,1024.2,4.1,71.0,40.0
2016-09-24,0.0,11.5,21.9,73.0,1025.4,3.7,43.0,29.0
2016-09-25,0.0,9.3,22.3,77.0,1021.0,3.8,5.0,5.0
2016-09-26,1.2,10.9,21.3,75.0,1020.2,3.6,35.0,28.0
2016-09-27,2.3,9.9,21.5,77.0,1023.6,3.4,46.0,16.0
2016-09-28,0.0,12.8,22.2,78.0,1028.5,3.8,206.0,48.0
2016-09-29,0.0,10.9,22.7,80.0,1025.9,4.2,180.0,54.0
2016-09-30,0.0,12.2,21.9,80.0,1020.1,3.9,135.0,35.0
2016-10-01,0.0,13.6,21.6,79.0,1016.1,4.9,155.0,83.0
2016-10-02,6.9,13.9,18.8,90.0,1014.1,3.8,52.0,90.0
2016-10-03,1.9,11.9,19.6,73.0,1019.1,4.8,35.0,30.0
2016-10-04,0.0,7.2,21.4,71.0,1021.1,4.6,346.0,36.0
2016-10-05,11.1,9.0,14.5,86.0,1020.5,6.0,58.0,61.0
2016-10-06,0.2,5.1,15.4,74.0,1016.6,5.1,269.0,28.0
2016-10-07,0.0,5.4,16.8,73.0,1014.4,4.1,50.0,57.0
2016-10-08,5.6,10.1,12.8,87.0,1017.5,5.0,49.0,93.0
2016-10-09,0.8,8.3,14.9,76.0,1020.1,6.7,36.0,69.0
2016-10-10,0.1,6.4,14.8,65.0,1018.7,7.6,43.0,61.0
2016-10-11,1.5,4.1,13.7,75.0,1013.9,4.1,5.0,79.0
2016-10-12,0.0,1.5,15.5,69.0,1014.1,4.6,354.0,27.0
2016-10-13,1.7,3.5,13.6,82.0,1018.2,4.5,20.0,97.0
2016-10-14,41.2,9.4,14.2,89.0,1015.9,8.1,23.0,100.0
2016-10-15,37.1,11.9,19.3,85.0,1014.6,5.6,358.0,77.0
2016-10-16,0.0,7.9,19.8,87.0,1021.3,4.1,350.0,42.0
2016-10-17,0.0,11.3,18.2,87.0,1023.8,3.8,345.0,95.0
2016-10-18,2.3,10.7,17.9,83.0,1020.8,2.7,359.0,57.0
2016-10-19,5.1,9.3,15.7,89.0,1017.9,4.1,41.0,92.0
2016-10-20,15.8,10.1,13.2,84.0,1012.8,6.2,49.0,90.0
2016-10-21,0.1,4.5,14.4,76.0,1013.0,4.4,45.0,41.0
2016-10-22,0.0,4.8,13.3,81.0,1016.2,3.8,34.0,52.0
2016-10-23,0.0,6.6,13.3,82.0,1018.5,4.4,7.0,82.0
2016-10-24,0.1,10.7,15.3,88.0,1022.0,2.9,358.0,97.0
2016-10-25,4.5,10.9,16.1,94.0,1022.9,2.1,230.0,97.0
2016-10-26,1.7,9.4,18.0,88.0,1022.0,4.7,13.0,83.0
2016-10-27,0.0,12.0,16.6,77.0,1027.1,4.3,107.0,45.0
2016-10-28,0.0,9.5,15.7,82.0,1031.6,2.3,152.0,61.0
2016-10-29,0.0,4.9,17.6,82.0,1027.3,3.3,351.0,19.0
2016-10-30,0.0,6.2,16.4,82.0,1024.6,4.2,20.0,3.0
2016-10-31,0.0,7.6,13.9,84.0,1026.8,4.1,15.0,37.0
2016-11-01,0.0,4.2,14.8,86.0,1024.3,3.6,172.0,52.0
2016-11-02,0.0,7.7,14.7,88.0,1016.5,3.1,146.0,90.0
2016-11-03,0.7,7.0,13.0,82.0,1016.9,5.1,48.0,55.0
2016-11-04,0.0,4.7,11.9,78.0,1020.9,4.1,13.0,66.0
2016-11-05,21.1,7.1,10.3,90.0,1011.4,4.7,5.0,100.0
2016-11-06,16.4,9.1,13.3,94.0,997.4,4.3,298.0,92.0
2016-11-07,0.8,4.0,10.2,83.0,1003.3,4.8,18.0,49.0
2016-11-08,2.1,1.4,10.0,84.0,1006.7,5.1,0.0,47.0
2016-11-09,0.1,-2.3,9.2,79.0,1008.9,3.6,355.0,61.0
2016-11-10,0.2,-0.1,10.2,82.0,1011.6,3.8,52.0,77.0
2016-11-11,2.6,1.3,8.0,88.0,1011.5,4.6,346.0,91.0
2016-11-12,0.0,1.4,12.3,75.0,1014.3,5.3,305.0,58.0
2016-11-13,0.0,-0.6,9.1,74.0,1021.9,5.3,18.0,79.0
2016-11-14,0.0,2.8,7.8,72.0,1028.9,5.8,53.0,55.0
2016-11-15,0.0,2.6,6.9,69.0,1031.1,3.6,32.0,21.0
2016-11-16,0.0,0.6,8.4,79.0,1026.1,3.1,58.0,65.0
2016-11-17,0.0,0.3,8.7,84.0,1021.6,3.7,26.0,76.0
2016-11-18,0.5,5.3,9.9,89.0,1018.1,2.4,339.0,93.0
2016-11-19,18.7,7.4,10.8,94.0,1012.9,3.4,13.0,96.0
2016-11-20,0.0,3.8,12.8,90.0,1017.0,4.0,338.0,82.0
2016-11-21,0.0,5.5,12.3,93.0,1018.0,4.1,4.0,98.0
2016-11-22,2.2,8.0,13.8,96.0,1019.6,4.8,17.0,93.0
2016-11-23,0.4,9.2,14.6,92.0,1022.3,5.1,24.0,96.0
2016-11-24,0.1,8.7,14.7,93.0,1020.6,5.2,22.0,99.0
2016-11-25,12.1,9.6,13.5,93.0,1016.5,5.4,29.0,100.0
2016-11-26,10.6,8.1,12.9,94.0,1015.6,4.0,332.0,88.0
2016-11-27,0.1,7.4,11.6,91.0,1013.0,2.5,98.0,73.0
2016-11-28,2.8,4.9,9.2,81.0,1015.8,7.0,87.0,83.0
2016-11-29,0.0,-0.0,5.4,52.0,1029.9,3.8,162.0,29.0
2016-11-30,0.0,-2.1,6.5,73.0,1031.5,3.3,4.0,12.0
2016-12-01,0.0,-1.0,8.2,76.0,1022.4,2.3,21.0,70.0
2016-12-02,0.0,-1.8,7.1,81.0,1014.6,3.3,13.0,39.0
2016-12-03,0.0,-0.7,7.3,87.0,1021.7,4.9,13.0,86.0
2016-12-04,0.0,2.2,9.1,77.0,1026.3,3.9,7.0,55.0
2016-12-05,0.0,-0.4,9.7,83.0,1028.7,3.2,345.0,30.0
2016-12-06,0.0,-2.2,9.8,83.0,1028.9,3.2,344.0,2.0
2016-12-07,0.0,-2.3,7.4,77.0,1034.2,3.2,352.0,9.0
2016-12-08,0.0,-2.8,7.2,79.0,1036.0,2.9,352.0,9.0
2016-12-09,0.0,-2.8,6.3,82.0,1032.2,2.4,8.0,40.0
2016-12-10,0.0,-2.4,6.8,79.0,1027.8,2.1,1.0,20.0
2016-12-11,0.0,-1.5,5.4,80.0,1021.4,3.0,24.0,35.0
2016-12-12,0.0,-2.1,10.8,82.0,1019.7,3.5,318.0,22.0
2016-12-13,0.0,-1.9,8.3,83.0,1027.8,3.9,354.0,21.0
2016-12-14,0.0,-1.9,7.6,85.0,1027.0,3.0,335.0,55.0
2016-12-15,0.0,-2.4,8.3,81.0,1028.0,2.9,342.0,5.0
2016-12-16,0.0,-1.1,6.4,84.0,1032.6,4.6,13.0,21.0
2016-12-17,0.0,-4.4,7.8,81.0,1037.4,3.2,333.0,30.0
2016-12-18,0.0,-2.9,6.1,63.0,1033.7,2.6,344.0,53.0
2016-12-19,0.0,-2.0,5.8,65.0,1030.5,5.8,9.0,97.0
2016-12-20,0.0,2.8,8.0,81.0,1028.2,5.8,5.0,93.0
2016-12-21,0.0,1.1,11.4,81.0,1028.2,3.6,354.0,26.0
2016-12-22,0.0,-2.0,9.6,75.0,1029.9,3.3,356.0,4.0
2016-12-23,0.0,-2.3,11.8,76.0,1031.1,3.7,338.0,0.0
2016-12-24,0.0,-1.5,9.4,68.0,1028.6,3.3,346.0,62.0
2016-12-25,0.0,-1.7,11.3,80.0,1025.1,3.4,334.0,93.0
2016-12-26,0.0,-1.3,10.8,85.0,1026.5,3.3,4.0,39.0
2016-12-27,0.0,-0.7,12.7,81.0,1029.1,4.4,339.0,6.0
2016-12-28,0.0,-1.3,11.2,63.0,1032.5,6.1,320.0,13.0
2016-12-29,1.0,1.5,7.0,80.0,1037.4,3.4,345.0,50.0
2016-12-30,0.0,-2.9,6.1,82.0,1037.8,2.9,5.0,11.0
2016-12-31,0.0,-3.2,7.6,71.0,1032.4,2.6,350.0,11.0
2017-01-01,0.0,-2.9,8.2,43.0,1024.9,3.3,352.0,0.0
2017-01-02,0.0,-1.0,5.3,52.0,1020.3,5.0,28.0,26.0
2017-01-03,0.1,-0.5,6.7,67.0,1021.0,5.6,9.0,43.0
2017-01-04,0.0,-0.4,3.3,61.0,1013.9,2.8,21.0,37.0
2017-01-05,0.0,-3.4,7.5,38.0,1015.1,7.0,338.0,7.0
2017-01-06,0.0,-5.3,2.7,39.0,1028.7,6.7,79.0,0.0
2017-01-07,0.0,-6.0,0.4,36.0,1031.0,5.8,124.0,14.0
2017-01-08,0.0,-5.5,1.2,52.0,1026.2,4.7,318.0,11.0
2017-01-09,0.0,-4.4,2.3,62.0,1023.5,4.3,32.0,2.0
2017-01-10,0.5,-3.0,0.3,65.0,1017.7,7.0,63.0,86.0
2017-01-11,0.0,-5.3,0.7,54.0,1020.2,4.8,162.0,41.0
2017-01-12,0.1,-5.5,1.2,67.0,1018.8,5.6,69.0,36.0
2017-01-13,7.0,-0.6,4.4,90.0,1002.4,4.5,309.0,99.0
2017-01-14,0.0,-2.8,4.9,72.0,1008.1,4.0,312.0,69.0
2017-01-15,0.0,-2.2,6.5,51.0,1016.6,5.9,18.0,74.0
2017-01-16,0.0,-3.9,5.7,45.0,1016.8,7.4,27.0,54.0
2017-01-17,0.1,-1.8,7.6,48.0,1018.8,7.3,29.0,90.0
2017-01-18,0.0,-2.1,8.5,52.0,1024.9,6.3,359.0,18.0
2017-01-19,0.0,-1.0,7.2,59.0,1030.2,5.3,22.0,25.0
2017-01-20,0.0,-1.9,5.3,64.0,1033.4,4.6,10.0,0.0
2017-01-21,0.0,-2.6,6.4,59.0,1031.3,4.5,311.0,0.0
2017-01-22,0.0,-0.8,9.8,43.0,1029.1,5.5,22.0,8.0
2017-01-23,0.0,-0.6,8.5,48.0,1023.6,3.7,331.0,45.0
2017-01-24,0.0,-1.0,10.0,60.0,1019.2,4.6,48.0,0.0
2017-01-25,0.0,-1.6,5.8,65.0,1024.4,4.1,349.0,1.0
2017-01-26,0.0,-2.7,4.3,65.0,1029.2,7.2,59.0,3.0
2017-01-27,0.0,-2.7,4.5,58.0,1030.0,4.7,269.0,8.0
2017-01-28,0.0,-1.5,4.7,64.0,1026.9,2.7,323.0,68.0
2017-01-29,0.0,-2.1,5.0,77.0,1025.9,3.2,305.0,3.0
2017-01-30,0.0,-2.3,5.6,72.0,1024.0,2.8,29.0,39.0
2017-01-31,4.0,0.8,4.0,86.0,1021.5,3.1,25.0,93.0
2017-02-01,0.9,2.9,5.9,88.0,1020.7,2.8,32.0,94.0
2017-02-02,0.5,2.1,7.0,92.0,1021.4,3.0,25.0,97.0
2017-02-03,11.7,4.0,8.9,91.0,1014.7,4.5,28.0,87.0
2017-02-04,8.9,3.7,8.1,89.0,1009.1,4.9,2.0,76.0
2017-02-05,20.4,0.1,7.6,84.0,1006.9,9.7,31.0,82.0
2017-02-06,24.3,6.2,12.2,82.0,1002.7,8.1,338.0,99.0
2017-02-07,1.2,5.1,10.3,73.0,1014.7,4.7,305.0,79.0
2017-02-08,0.0,3.8,8.5,71.0,1018.7,8.2,65.0,95.0
2017-02-09,0.0,-1.1,8.4,65.0,1023.0,8.8,58.0,64.0
2017-02-10,2.2,3.2,8.0,72.0,1022.8,4.5,46.0,96.0
2017-02-11,2.0,4.2,8.3,88.0,1024.2,3.8,169.0,95.0
2017-02-12,0.0,5.2,10.2,79.0,1027.8,3.0,340.0,86.0
2017-02-13,0.0,3.8,7.9,79.0,1030.6,5.9,62.0,85.0
2017-02-14,0.0,3.8,10.8,71.0,1034.0,3.8,307.0,23.0
2017-02-15,0.0,5.0,13.1,73.0,1035.0,3.6,314.0,0.0
2017-02-16,0.0,7.2,13.6,58.0,1030.8,2.3,1.0,0.0
2017-02-17,1.3,3.1,10.7,63.0,1025.0,4.6,67.0,48.0
2017-02-18,0.0,2.7,12.3,74.0,1024.0,5.9,270.0,6.0
2017-02-19,0.0,3.3,8.6,79.0,1025.3,4.7,41.0,65.0
2017-02-20,0.0,2.3,11.2,79.0,1023.4,4.7,257.0,30.0
2017-02-21,0.0,0.7,7.2,89.0,1019.8,4.8,71.0,77.0
2017-02-22,0.1,4.3,7.6,91.0,1019.0,2.9,154.0,100.0
2017-02-23,0.6,5.5,7.3,91.0,1015.8,3.7,83.0,100.0
2017-02-24,3.3,5.0,9.9,90.0,1009.1,6.0,65.0,97.0
2017-02-25,0.0,1.9,11.2,73.0,1020.6,6.7,51.0,20.0
2017-02-26,0.0,1.5,11.0,63.0,1021.0,6.0,276.0,60.0
2017-02-27,0.0,4.8,11.5,65.0,1016.8,3.8,30.0,46.0
2017-02-28,9.3,5.0,9.1,82.0,1007.2,7.0,34.0,96.0
2017-03-01,3.4,5.0,12.2,82.0,1007.3,6.5,83.0,44.0
2017-03-02,0.0,4.5,13.1,79.0,1015.2,5.0,35.0,55.0
2017-03-03,0.0,3.9,13.1,77.0,1018.7,5.6,50.0,72.0
2017-03-04,10.2,6.1,11.1,90.0,1009.8,11.8,46.0,93.0
2017-03-05,2.4,5.4,11.6,82.0,1008.7,6.2,46.0,75.0
2017-03-06,1.5,4.5,11.9,82.0,1005.3,5.6,50.0,67.0
2017-03-07,0.8,3.4,14.5,64.0,1006.1,5.9,334.0,75.0
2017-03-08,0.0,1.1,14.7,51.0,1019.5,4.6,280.0,47.0
2017-03-09,0.0,5.8,16.0,55.0,1018.8,3.7,36.0,43.0
2017-03-10,0.0,6.1,18.9,58.0,1016.5,6.5,11.0,1.0
2017-03-11,0.0,4.9,14.2,46.0,1021.0,6.5,243.0,15.0
2017-03-12,0.0,3.9,12.5,63.0,1017.2,7.4,74.0,54.0
2017-03-13,0.0,3.4,12.9,64.0,1022.7,5.1,87.0,14.0
2017-03-14,0.0,4.8,16.1,69.0,1027.5,4.2,49.0,54.0
2017-03-15,0.0,7.0,15.6,59.0,1027.7,5.5,74.0,49.0
2017-03-16,0.0,6.1,16.5,66.0,1024.4,4.7,70.0,27.0
2017-03-17,0.0,8.2,16.4,74.0,1017.9,4.6,68.0,1.0
2017-03-18,0.1,6.5,14.3,80.0,1010.5,5.9,57.0,88.0
2017-03-19,0.0,6.4,17.0,82.0,1011.3,4.9,51.0,88.0
2017-03-20,0.0,9.2,15.2,85.0,1013.3,3.8,121.0,87.0
2017-03-21,0.6,9.1,15.2,84.0,1012.2,4.5,84.0,81.0
2017-03-22,1.5,9.5,14.5,87.0,1012.5,6.4,74.0,97.0
2017-03-23,2.7,9.0,16.4,83.0,1017.0,4.6,38.0,87.0
2017-03-24,0.9,9.7,19.2,75.0,1022.5,4.3,43.0,94.0
2017-03-25,0.0,9.7,19.9,68.0,1021.4,6.6,61.0,29.0
2017-03-26,4.5,8.9,15.7,78.0,1018.6,8.6,62.0,63.0
2017-03-27,0.0,5.8,15.2,55.0,1025.2,5.9,275.0,28.0
2017-03-28,0.0,6.0,18.5,54.0,1024.0,5.2,317.0,1.0
2017-03-29,0.0,8.7,21.7,50.0,1023.2,4.6,303.0,22.0
2017-03-30,0.0,10.9,22.0,54.0,1024.8,5.9,63.0,20.0
2017-03-31,0.0,12.0,21.7,62.0,1022.8,5.7,63.0,8.0
2017-04-01,0.0,9.6,19.2,65.0,1016.3,10.6,65.0,54.0
2017-04-02,1.7,9.9,18.8,61.0,1016.4,11.9,42.0,70.0
2017-04-03,0.0,8.9,22.0,59.0,1017.5,5.3,348.0,19.0
2017-04-04,1.0,11.6,21.3,54.0,1016.2,7.2,357.0,79.0
2017-04-05,12.4,10.2,16.9,75.0,1018.0,6.2,326.0,76.0
2017-04-06,1.3,9.4,16.9,74.0,1016.1,5.3,62.0,51.0
2017-04-07,2.4,9.4,17.5,73.0,1020.0,7.3,85.0,73.0
2017-04-08,0.0,8.5,20.1,74.0,1021.6,5.2,83.0,3.0
2017-04-09,0.0,10.8,20.4,72.0,1024.2,6.1,76.0,16.0
2017-04-10,0.0,11.1,21.2,69.0,1020.7,4.7,102.0,28.0
2017-04-11,1.9,11.8,21.0,69.0,1017.4,5.9,50.0,45.0
2017-04-12,0.0,12.6,19.4,65.0,1019.3,7.1,65.0,64.0
2017-04-13,1.0,10.1,20.2,74.0,1011.7,5.2,62.0,46.0
2017-04-14,1.8,12.2,19.8,73.0,1012.8,5.8,82.0,52.0
2017-04-15,8.7,12.0,17.1,82.0,1013.4,7.3,57.0,95.0
2017-04-16,6.0,9.8,18.8,78.0,1012.8,6.4,39.0,45.0
2017-04-17,3.9,7.3,14.8,71.0,1015.7,7.3,48.0,48.0
2017-04-18,1.7,4.7,12.3,76.0,1013.0,8.0,22.0,72.0
2017-04-19,0.4,2.2,13.6,43.0,1017.4,6.1,18.0,85.0
2017-04-20,0.1,0.6,13.7,45.0,1024.6,5.9,79.0,30.0
2017-04-21,0.0,2.0,14.5,49.0,1028.5,5.7,31.0,12.0
2017-04-22,0.0,4.1,16.3,64.0,1021.6,5.8,64.0,15.0
2017-04-23,0.0,5.8,16.9,68.0,1018.1,7.4,79.0,37.0
2017-04-24,0.5,10.4,14.2,74.0,1020.0,5.8,68.0,89.0
2017-04-25,2.9,10.5,17.4,83.0,1013.6,6.3,52.0,84.0
2017-04-26,28.4,11.5,13.0,88.0,1009.3,10.6,33.0,96.0
2017-04-27,28.4,11.9,18.8,86.0,1006.8,4.8,38.0,99.0
2017-04-28,13.3,7.8,13.1,79.0,1006.0,4.4,326.0,74.0
2017-04-29,0.0,3.9,16.5,57.0,1015.8,5.3,78.0,6.0
2017-04-30,0.0,7.3,16.8,59.0,1016.0,6.6,60.0,30.0
2017-05-01,8.4,9.0,16.9,66.0,1012.8,8.4,52.0,81.0
2017-05-02,0.2,7.0,16.9,73.0,1016.4,6.3,106.0,41.0
2017-05-03,6.8,9.9,16.3,74.0,1018.1,4.5,48.0,83.0
2017-05-04,10.6,8.5,16.8,78.0,1015.9,4.8,36.0,65.0
2017-05-05,0.3,9.4,19.5,70.0,1015.8,4.3,192.0,38.0
2017-05-06,9.2,9.7,17.4,77.0,1015.0,5.7,76.0,76.0
2017-05-07,2.0,10.2,17.6,86.0,1009.1,4.4,257.0,96.0
2017-05-08,1.6,11.7,18.7,78.0,1010.3,4.8,347.0,81.0
2017-05-09,5.1,11.8,17.1,76.0,1010.8,6.2,26.0,76.0
2017-05-10,6.5,9.4,15.9,77.0,1013.0,8.7,73.0,94.0
2017-05-11,4.5,11.0,18.5,79.0,1009.6,8.9,63.0,86.0
2017-05-12,6.4,12.3,22.1,77.0,1006.1,7.3,224.0,76.0
2017-05-13,1.9,12.6,22.2,77.0,1012.0,5.8,51.0,70.0
2017-05-14,0.7,12.8,22.5,79.0,1019.6,5.2,244.0,73.0
2017-05-15,0.8,14.9,22.9,68.0,1024.3,5.6,9.0,68.0
2017-05-16,0.0,14.3,24.2,65.0,1026.4,4.2,307.0,17.0
2017-05-17,0.0,15.6,24.3,62.0,1022.8,5.9,67.0,28.0
2017-05-18,0.0,17.2,24.2,62.0,1017.3,6.9,78.0,56.0
2017-05-19,10.3,15.2,22.6,74.0,1013.6,6.1,61.0,74.0
2017-05-20,5.6,13.4,18.7,85.0,1015.3,3.6,279.0,88.0
2017-05-21,0.1,12.1,24.5,63.0,1018.9,4.5,249.0,36.0
2017-05-22,0.0,14.2,24.7,60.0,1017.8,6.2,28.0,35.0
2017-05-23,0.0,16.1,25.5,66.0,1016.3,4.8,324.0,64.0
2017-05-24,2.1,18.1,25.5,72.0,1016.2,5.3,61.0,85.0
2017-05-25,2.7,14.7,22.6,74.0,1017.7,7.5,85.0,45.0
2017-05-26,0.0,14.7,23.7,68.0,1018.8,4.9,209.0,41.0
2017-05-27,0.0,15.9,26.0,60.0,1019.8,4.6,270.0,27.0
2017-05-28,0.0,19.2,27.0,61.0,1020.8,4.8,108.0,18.0
2017-05-29,0.0,17.3,27.8,64.0,1017.4,5.3,137.0,17.0
2017-05-30,0.0,17.7,28.5,67.0,1015.4,5.6,83.0,27.0
2017-05-31,0.1,18.4,26.0,76.0,1018.2,5.1,72.0,70.0
2017-06-01,2.2,17.1,26.4,76.0,1018.6,4.9,83.0,74.0
2017-06-02,0.1,16.9,26.5,71.0,1016.9,4.5,346.0,48.0
2017-06-03,0.0,17.5,26.9,68.0,1014.5,4.3,58.0,32.0
2017-06-04,0.8,19.4,25.2,70.0,1011.6,5.6,39.0,61.0
2017-06-05,3.1,17.6,23.9,72.0,1012.4,10.4,49.0,88.0
2017-06-06,27.2,16.3,21.4,81.0,1008.7,4.6,33.0,75.0
2017-06-07,2.6,14.9,23.0,76.0,1013.1,10.4,69.0,37.0
2017-06-08,0.0,12.5,22.6,62.0,1020.8,4.9,254.0,37.0
2017-06-09,0.0,13.8,25.4,61.0,1016.9,4.3,167.0,25.0
2017-06-10,0.0,16.4,26.5,60.0,1016.7,4.2,48.0,72.0
2017-06-11,0.0,17.7,27.4,62.0,1018.8,7.2,75.0,22.0
2017-06-12,0.0,17.4,29.0,65.0,1015.8,5.3,113.0,22.0
2017-06-13,0.0,19.1,29.2,65.0,1014.0,5.7,84.0,30.0
2017-06-14,6.8,21.1,27.5,77.0,1014.0,5.5,83.0,93.0
2017-06-15,0.6,19.6,28.0,71.0,1015.7,7.3,73.0,87.0
2017-06-16,1.3,20.8,27.9,76.0,1014.9,4.6,63.0,71.0
2017-06-17,0.0,19.6,28.0,67.0,1015.7,6.8,93.0,47.0
2017-06-18,0.0,18.0,26.6,55.0,1020.4,5.0,92.0,12.0
2017-06-19,0.0,16.6,28.5,57.0,1021.2,5.6,112.0,8.0
2017-06-20,0.0,18.6,30.4,60.0,1017.7,4.8,70.0,40.0
2017-06-21,0.0,19.8,29.5,64.0,1014.9,4.4,324.0,35.0
2017-06-22,0.0,21.3,31.9,67.0,1015.5,5.4,252.0,43.0
2017-06-23,1.2,21.4,32.4,71.0,1014.5,6.0,50.0,74.0
2017-06-24,0.8,22.5,30.4,70.0,1014.2,5.6,52.0,65.0
2017-06-25,21.2,19.2,25.1,86.0,1012.4,6.9,347.0,81.0
2017-06-26,0.0,18.9,28.0,70.0,1013.2,5.0,59.0,34.0
2017-06-27,6.1,20.3,26.9,73.0,1010.2,6.7,30.0,67.0
2017-06-28,68.1,18.8,26.8,78.0,1003.8,7.7,48.0,83.0
2017-06-29,12.4,17.1,24.1,79.0,1001.6,7.1,236.0,60.0
2017-06-30,1.0,16.0,23.6,65.0,1008.4,7.1,263.0,51.0
2017-07-01,1.3,13.7,23.6,75.0,1011.6,5.7,58.0,26.0
2017-07-02,0.0,15.9,24.6,66.0,1014.2,3.6,331.0,26.0
2017-07-03,1.2,17.2,27.3,70.0,1018.2,6.4,38.0,26.0
2017-07-04,0.2,18.9,25.8,71.0,1020.2,6.0,75.0,47.0
2017-07-05,0.0,19.3,28.9,71.0,1018.5,4.4,180.0,24.0
2017-07-06,0.0,20.2,30.7,70.0,1017.9,5.0,93.0,19.0
2017-07-07,0.0,22.2,30.5,71.0,1016.6,4.6,90.0,33.0
2017-07-08,0.0,22.0,31.2,73.0,1015.1,4.3,142.0,44.0
2017-07-09,2.3,21.6,31.3,68.0,1013.5,6.1,339.0,58.0
2017-07-10,26.9,21.6,28.8,71.0,1010.8,6.7,12.0,43.0
2017-07-11,5.3,20.3,30.0,74.0,1012.3,7.0,36.0,55.0
2017-07-12,0.7,19.8,27.5,76.0,1013.1,4.4,60.0,34.0
2017-07-13,1.2,20.9,28.6,68.0,1013.1,9.3,55.0,29.0
2017-07-14,2.3,18.0,25.3,66.0,1013.6,10.4,60.0,68.0
2017-07-15,0.6,17.2,26.8,67.0,1014.9,6.9,24.0,45.0
2017-07-16,0.0,17.4,25.2,49.0,1020.9,5.3,41.0,21.0
2017-07-17,0.0,16.5,27.6,52.0,1021.0,4.7,8.0,29.0
2017-07-18,0.0,18.9,30.4,55.0,1018.7,4.7,73.0,21.0
2017-07-19,0.0,19.8,31.0,54.0,1016.0,4.3,96.0,40.0
2017-07-20,0.6,20.1,30.0,65.0,1012.6,6.3,43.0,60.0
2017-07-21,0.0,20.5,29.1,66.0,1012.7,6.0,37.0,73.0
2017-07-22,0.9,20.5,30.9,60.0,1012.6,5.4,44.0,43.0
2017-07-23,3.2,21.9,29.9,68.0,1013.2,7.4,46.0,40.0
2017-07-24,28.4,18.7,24.2,81.0,1006.4,6.9,345.0,85.0
2017-07-25,1.5,17.3,25.4,65.0,1004.6,5.8,297.0,36.0
2017-07-26,0.0,15.9,25.1,66.0,1005.2,4.3,348.0,73.0
2017-07-27,0.1,17.4,28.7,59.0,1009.2,5.3,79.0,61.0
2017-07-28,0.0,19.0,29.3,59.0,1011.6,6.5,85.0,42.0
2017-07-29,4.1,20.9,29.9,68.0,1016.3,6.6,58.0,61.0
2017-07-30,9.7,20.1,28.3,74.0,1015.6,4.7,55.0,65.0
2017-07-31,0.0,21.2,32.3,68.0,1016.7,4.6,131.0,16.0
2017-08-01,0.0,22.4,34.7,63.0,1017.3,3.9,70.0,10.0
2017-08-02,0.0,24.6,36.9,59.0,1016.2,4.9,78.0,30.0
2017-08-03,0.0,25.2,35.6,60.0,1015.0,5.0,91.0,31.0
2017-08-04,0.0,25.5,36.1,58.0,1011.4,4.5,23.0,16.0
2017-08-05,0.0,26.3,36.5,51.0,1010.9,9.0,51.0,20.0
2017-08-06,18.4,21.8,32.9,62.0,1012.0,9.4,1.0,52.0
2017-08-07,1.5,20.8,28.7,59.0,1016.5,8.1,48.0,28.0
2017-08-08,0.0,20.3,30.0,51.0,1014.2,8.0,63.0,21.0
2017-08-09,2.7,20.9,30.3,66.0,1013.0,9.9,22.0,37.0
2017-08-10,32.8,20.3,29.6,69.0,1012.5,6.6,24.0,48.0
2017-08-11,6.6,18.1,25.0,75.0,1011.1,5.6,294.0,54.0
2017-08-12,1.0,15.8,24.2,63.0,1014.0,4.3,43.0,41.0
2017-08-13,0.0,17.3,26.5,62.0,1017.9,5.0,56.0,27.0
2017-08-14,0.9,19.4,26.2,71.0,1020.1,6.0,55.0,41.0
2017-08-15,0.0,19.8,29.5,67.0,1019.8,4.5,87.0,15.0
2017-08-16,0.4,20.4,28.7,65.0,1017.8,3.4,16.0,58.0
2017-08-17,0.0,21.3,30.6,55.0,1017.6,5.4,14.0,35.0
2017-08-18,0.0,21.6,31.7,57.0,1016.1,3.8,44.0,43.0
2017-08-19,2.3,20.0,28.1,63.0,1013.2,7.2,41.0,80.0
2017-08-20,0.5,16.4,25.6,62.0,1017.2,7.0,34.0,30.0
2017-08-21,0.0,17.8,24.8,49.0,1020.1,5.2,66.0,13.0
2017-08-22,0.0,17.6,24.7,57.0,1019.7,6.9,29.0,39.0
2017-08-23,0.0,16.1,26.2,63.0,1017.5,3.9,164.0,17.0
2017-08-24,0.0,18.2,28.5,69.0,1018.4,3.9,82.0,16.0
2017-08-25,0.0,20.5,28.6,72.0,1019.2,3.1,40.0,48.0
2017-08-26,0.0,20.8,31.0,68.0,1017.3,3.9,180.0,37.0
2017-08-27,0.0,21.9,33.1,61.0,1014.8,4.0,117.0,32.0
2017-08-28,4.3,23.2,31.6,59.0,1014.8,8.7,42.0,59.0
2017-08-29,0.0,20.0,28.4,54.0,1016.8,6.1,84.0,5.0
2017-08-30,0.0,20.1,29.9,61.0,1015.7,5.0,77.0,20.0
2017-08-31,0.4,20.3,29.8,69.0,1014.4,5.3,93.0,47.0
2017-09-01,37.4,18.6,23.0,86.0,1012.7,7.1,44.0,73.0
2017-09-02,13.7,15.1,19.0,83.0,1009.4,8.5,53.0,71.0
2017-09-03,3.8,13.3,22.6,68.0,1011.1,5.7,315.0,62.0
2017-09-04,0.1,12.8,21.1,74.0,1016.8,5.2,53.0,45.0
2017-09-05,0.4,15.2,23.5,75.0,1019.7,4.2,54.0,44.0
2017-09-06,4.3,17.3,24.1,79.0,1016.8,4.5,66.0,61.0
2017-09-07,11.1,16.8,22.2,82.0,1013.4,10.9,64.0,55.0
2017-09-08,0.0,14.7,23.0,73.0,1013.1,6.3,88.0,32.0
2017-09-09,7.7,15.9,22.8,80.0,1006.5,6.4,46.0,59.0
2017-09-10,87.7,16.6,17.9,89.0,1003.6,10.5,38.0,99.0
2017-09-11,7.5,16.3,21.7,82.0,1002.1,6.6,39.0,96.0
2017-09-12,17.7,12.2,19.3,81.0,1006.7,6.9,51.0,70.0
2017-09-13,0.4,11.6,21.6,74.0,1017.4,6.7,260.0,37.0
2017-09-14,6.3,15.2,19.9,86.0,1012.6,4.2,32.0,64.0
2017-09-15,2.6,13.5,18.8,76.0,1012.4,9.4,53.0,73.0
2017-09-16,2.7,13.8,19.8,82.0,1009.9,3.9,263.0,89.0
2017-09-17,0.8,12.5,20.5,73.0,1010.9,7.3,265.0,37.0
2017-09-18,5.6,11.3,19.0,77.0,1014.5,4.2,45.0,79.0
2017-09-19,15.8,11.4,13.7,88.0,1012.0,7.0,266.0,100.0
2017-09-20,0.0,9.6,20.8,69.0,1014.8,4.7,312.0,51.0
2017-09-21,0.1,11.2,20.6,63.0,1018.5,5.1,23.0,3.0
2017-09-22,0.0,10.8,20.2,71.0,1020.2,5.1,39.0,20.0
2017-09-23,2.1,12.6,20.6,79.0,1020.6,4.4,29.0,64.0
2017-09-24,14.9,12.7,17.4,88.0,1019.1,5.8,48.0,82.0
2017-09-25,0.0,11.4,19.3,71.0,1019.8,6.4,49.0,29.0
2017-09-26,0.0,11.7,20.4,69.0,1021.3,5.5,44.0,30.0
2017-09-27,0.0,12.8,21.8,69.0,1023.2,5.7,35.0,32.0
2017-09-28,0.0,14.9,21.7,67.0,1025.8,5.4,21.0,61.0
2017-09-29,0.0,13.4,20.6,65.0,1024.8,6.4,44.0,87.0
2017-09-30,0.0,14.2,18.8,63.0,1021.6,5.9,57.0,61.0
2017-10-01,0.9,13.1,15.8,71.0,1021.6,4.7,53.0,91.0
2017-10-02,0.0,11.4,19.1,68.0,1023.4,4.5,52.0,45.0
2017-10-03,0.6,12.1,16.9,82.0,1020.2,4.3,34.0,73.0
2017-10-04,0.0,11.8,20.5,77.0,1024.0,4.6,25.0,66.0
2017-10-05,0.0,11.7,19.7,82.0,1017.0,7.1,44.0,50.0
2017-10-06,2.3,9.8,18.5,81.0,1010.9,6.3,17.0,27.0
2017-10-07,0.0,7.4,18.9,65.0,1018.8,5.3,44.0,17.0
2017-10-08,0.0,10.6,18.3,70.0,1015.5,4.1,13.0,59.0
2017-10-09,0.0,11.2,19.3,75.0,1017.2,4.4,38.0,32.0
2017-10-10,0.0,12.2,19.3,75.0,1019.2,4.6,59.0,41.0
2017-10-11,0.0,11.5,19.5,82.0,1022.8,4.7,58.0,59.0
2017-10-12,0.0,11.9,19.4,79.0,1024.2,4.1,53.0,28.0
2017-10-13,0.0,11.9,20.4,80.0,1026.2,3.8,42.0,40.0
2017-10-14,0.0,14.1,21.7,77.0,1027.4,2.8,4.0,3.0
2017-10-15,0.0,15.4,22.4,72.0,1027.9,2.8,341.0,0.0
2017-10-16,0.0,15.8,22.1,67.0,1026.9,2.5,5.0,0.0
2017-10-17,0.0,14.8,20.8,66.0,1024.7,2.6,18.0,60.0
2017-10-18,0.0,12.2,17.7,79.0,1020.0,3.4,24.0,42.0
2017-10-19,0.0,12.3,16.7,83.0,1018.7,2.7,22.0,65.0
2017-10-20,0.0,10.3,15.3,88.0,1019.9,3.8,3.0,59.0
2017-10-21,0.0,11.2,15.5,88.0,1020.4,3.4,20.0,96.0
2017-10-22,11.4,10.2,16.5,87.0,1013.6,5.9,78.0,100.0
2017-10-23,0.0,8.4,19.0,63.0,1012.6,5.6,264.0,32.0
2017-10-24,0.0,7.2,20.0,54.0,1019.3,4.8,19.0,8.0
2017-10-25,0.0,10.8,17.5,59.0,1025.4,4.2,270.0,61.0
2017-10-26,0.0,10.4,17.8,73.0,1025.3,3.5,350.0,51.0
2017-10-27,0.0,9.3,16.0,79.0,1018.2,4.8,10.0,51.0
2017-10-28,0.0,5.7,15.8,60.0,1018.7,5.3,334.0,81.0
2017-10-29,0.0,6.8,13.9,77.0,1006.7,4.6,58.0,93.0
2017-10-30,0.0,7.1,16.5,61.0,1015.6,6.7,42.0,17.0
2017-10-31,0.0,8.3,13.8,54.0,1024.5,6.3,55.0,69.0
2017-11-01,0.0,6.9,14.4,73.0,1024.5,3.3,7.0,12.0
2017-11-02,0.0,7.0,13.0,83.0,1020.4,4.2,30.0,90.0
2017-11-03,0.0,7.2,15.4,81.0,1017.2,4.1,16.0,17.0
2017-11-04,0.0,9.4,14.1,81.0,1018.7,3.7,25.0,85.0
2017-11-05,34.8,10.4,14.3,87.0,1011.7,11.3,82.0,98.0
2017-11-06,10.4,10.0,14.5,67.0,1008.5,10.0,29.0,97.0
2017-11-07,7.1,9.9,13.0,67.0,1012.9,13.2,37.0,100.0
2017-11-08,0.1,5.7,14.3,75.0,1015.4,4.8,0.0,66.0
2017-11-09,1.3,8.1,12.6,81.0,1020.4,7.3,51.0,81.0
2017-11-10,0.0,5.9,13.6,77.0,1020.5,4.3,352.0,52.0
2017-11-11,0.0,5.5,11.5,82.0,1015.0,3.4,340.0,65.0
2017-11-12,5.7,6.1,10.3,87.0,1007.4,4.8,31.0,88.0
2017-11-13,18.2,1.9,8.4,92.0,1000.5,6.8,227.0,99.0
2017-11-14,0.0,3.6,11.6,69.0,1016.4,3.3,327.0,44.0
2017-11-15,0.0,2.7,10.9,61.0,1021.5,4.7,300.0,18.0
2017-11-16,0.0,4.5,13.1,60.0,1021.1,4.5,329.0,30.0
2017-11-17,0.0,4.6,12.3,71.0,1019.6,4.1,330.0,29.0
2017-11-18,0.0,5.5,12.4,74.0,1018.7,4.3,290.0,35.0
2017-11-19,0.8,3.7,10.4,70.0,1014.6,4.4,12.0,26.0
2017-11-20,0.0,0.7,10.7,61.0,1019.6,4.2,24.0,16.0
2017-11-21,0.0,3.2,9.8,68.0,1019.1,3.2,345.0,57.0
2017-11-22,0.0,4.3,10.3,77.0,1020.3,3.7,353.0,37.0
2017-11-23,0.0,4.8,10.9,84.0,1020.4,3.5,10.0,82.0
2017-11-24,0.0,5.7,11.7,77.0,1021.6,3.8,345.0,66.0
2017-11-25,12.3,7.9,9.7,82.0,1014.9,4.0,15.0,99.0
2017-11-26,2.4,0.9,10.2,81.0,1015.9,4.6,323.0,65.0
2017-11-27,0.0,-0.6,7.9,58.0,1024.5,3.7,18.0,4.0
2017-11-28,0.4,-0.3,5.2,62.0,1017.7,4.0,9.0,87.0
2017-11-29,2.5,2.6,6.9,85.0,1006.9,3.6,330.0,96.0
2017-11-30,0.2,1.3,6.9,85.0,1002.0,3.9,306.0,53.0
2017-12-01,0.3,-2.2,7.5,69.0,1010.8,7.2,16.0,63.0
2017-12-02,0.0,0.2,8.3,56.0,1016.8,8.4,27.0,88.0
2017-12-03,0.0,-1.6,5.8,63.0,1020.5,3.7,312.0,29.0
2017-12-04,0.0,-2.7,4.2,76.0,1026.7,3.7,309.0,25.0
2017-12-05,0.0,-1.8,6.9,67.0,1032.1,2.8,311.0,6.0
2017-12-06,0.0,1.8,5.7,63.0,1032.6,4.2,43.0,0.0
2017-12-07,0.0,-0.9,5.5,75.0,1029.7,6.1,31.0,24.0
2017-12-08,1.8,0.8,5.4,88.0,1016.1,4.8,17.0,89.0
2017-12-09,1.8,-2.9,7.0,74.0,1011.0,5.0,292.0,57.0
2017-12-10,4.3,-3.1,2.6,55.0,1012.1,4.2,13.0,78.0
2017-12-11,25.4,0.6,9.1,90.0,1000.8,7.2,5.0,100.0
2017-12-12,13.6,6.1,10.5,87.0,1006.3,6.2,327.0,95.0
2017-12-13,0.4,2.5,8.8,77.0,1015.9,5.9,54.0,76.0
2017-12-14,0.2,1.6,6.4,85.0,1008.2,3.7,23.0,69.0
2017-12-15,2.5,3.2,9.5,86.0,999.3,4.1,4.0,94.0
2017-12-16,5.9,0.7,8.2,81.0,1006.0,5.8,352.0,63.0
2017-12-17,0.0,-1.3,6.9,60.0,1018.3,3.3,336.0,10.0
2017-12-18,0.0,-2.2,5.8,54.0,1024.4,4.2,20.0,28.0
2017-12-19,0.0,-1.0,4.9,64.0,1031.4,3.3,4.0,35.0
2017-12-20,0.0,-1.6,5.5,71.0,1032.9,3.5,345.0,22.0
2017-12-21,0.0,-1.6,4.5,62.0,1034.1,3.6,306.0,22.0
2017-12-22,0.0,-0.3,8.5,61.0,1030.8,4.7,288.0,55.0
2017-12-23,0.0,3.5,7.9,64.0,1030.3,3.4,339.0,59.0
2017-12-24,0.0,2.2,6.3,68.0,1028.0,2.5,337.0,6.0
2017-12-25,0.0,0.0,6.6,73.0,1026.5,4.6,39.0,7.0
2017-12-26,1.0,0.8,6.7,87.0,1017.7,3.4,27.0,90.0
2017-12-27,32.1,4.9,7.2,90.0,998.5,11.4,30.0,100.0
2017-12-28,2.7,3.2,7.7,87.0,991.5,4.9,336.0,96.0
2017-12-29,0.2,-0.4,7.2,59.0,1009.5,4.3,321.0,58.0
2017-12-30,0.5,-1.8,5.8,71.0,1015.8,5.0,350.0,56.0
2017-12-31,0.0,-1.4,5.5,73.0,1020.3,4.5,22.0,29.0
2018-01-01,16.2,1.0,6.4,86.0,1012.7,4.8,320.0,88.0
2018-01-02,0.0,1.3,11.4,76.0,1011.3,4.9,351.0,56.0
2018-01-03,1.7,-0.9,6.0,58.0,1010.6,4.2,19.0,41.0
2018-01-04,0.0,-1.5,7.7,69.0,1007.9,4.0,11.0,70.0
2018-01-05,0.0,0.4,10.3,78.0,1008.7,4.5,330.0,50.0
2018-01-06,0.0,5.5,10.8,80.0,1012.8,3.3,4.0,85.0
2018-01-07,0.8,5.4,12.8,79.0,1019.8,6.7,34.0,94.0
2018-01-08,5.5,10.0,12.6,80.0,1024.1,13.9,24.0,98.0
2018-01-09,47.0,6.6,12.6,90.0,1020.4,12.8,36.0,93.0
2018-01-10,0.2,4.9,10.3,84.0,1015.8,4.7,6.0,50.0
2018-01-11,0.0,4.9,10.1,79.0,1013.6,3.5,18.0,67.0
2018-01-12,0.0,2.2,9.9,71.0,1019.8,5.2,328.0,16.0
2018-01-13,0.0,3.0,9.1,70.0,1022.6,4.2,344.0,62.0
2018-01-14,0.0,3.0,7.2,71.0,1022.5,6.1,53.0,75.0
2018-01-15,0.1,1.9,5.4,75.0,1023.3,4.0,48.0,77.0
2018-01-16,1.8,1.7,4.2,92.0,1010.4,2.8,104.0,98.0
2018-01-17,0.6,-0.1,10.3,71.0,1002.5,6.8,266.0,42.0
2018-01-18,0.0,-1.4,6.7,56.0,1013.1,6.6,31.0,7.0
2018-01-19,0.0,-1.3,8.6,70.0,1009.5,5.6,21.0,14.0
2018-01-20,0.1,0.3,7.3,73.0,1012.2,4.4,12.0,66.0
2018-01-21,4.6,0.5,9.7,84.0,1006.8,5.4,293.0,46.0
2018-01-22,0.7,0.7,7.0,64.0,1016.2,5.9,352.0,55.0
2018-01-23,0.0,-0.5,8.9,78.0,1022.5,4.7,328.0,8.0
2018-01-24,0.0,2.7,9.6,64.0,1030.7,3.1,353.0,21.0
2018-01-25,0.0,-0.7,6.8,82.0,1027.2,4.7,57.0,61.0
2018-01-26,0.1,4.3,8.7,85.0,1023.4,2.9,18.0,88.0
2018-01-27,0.0,4.2,10.0,82.0,1029.4,3.1,29.0,56.0
2018-01-28,0.0,4.0,10.2,84.0,1034.5,3.0,310.0,49.0
2018-01-29,0.1,3.5,7.2,91.0,1032.2,3.4,203.0,40.0
2018-01-30,0.1,3.8,6.4,97.0,1028.8,4.0,76.0,98.0
2018-01-31,0.1,2.1,6.6,89.0,1023.1,4.3,335.0,87.0
2018-02-01,13.4,4.7,7.1,92.0,1008.0,5.1,26.0,100.0
2018-02-02,9.1,3.4,6.8,89.0,1004.8,4.9,47.0,99.0
2018-02-03,2.9,0.5,4.4,85.0,1003.0,6.8,330.0,83.0
2018-02-04,0.5,-0.5,7.7,79.0,1014.0,3.7,358.0,57.0
2018-02-05,0.0,-0.1,7.9,68.0,1022.0,5.7,34.0,85.0
2018-02-06,1.4,-0.1,8.4,71.0,1016.2,7.1,55.0,99.0
2018-02-07,13.1,3.1,7.5,87.0,1007.8,5.0,319.0,97.0
2018-02-08,2.3,3.1,9.6,84.0,1013.0,4.6,71.0,87.0
2018-02-09,0.9,3.2,8.8,84.0,1016.0,4.1,32.0,79.0
2018-02-10,0.0,1.2,8.9,79.0,1013.3,4.9,24.0,29.0
2018-02-11,0.0,2.1,6.2,72.0,1012.5,4.9,256.0,66.0
2018-02-12,3.9,1.7,5.5,85.0,1011.0,4.8,76.0,98.0
2018-02-13,0.0,1.2,7.3,64.0,1013.8,4.5,2.0,74.0
2018-02-14,0.0,-2.3,7.4,68.0,1015.3,4.7,332.0,23.0
2018-02-15,1.2,-1.6,5.9,69.0,1023.2,4.2,194.0,71.0
2018-02-16,0.0,-1.8,7.4,72.0,1025.0,3.6,14.0,9.0
2018-02-17,0.0,1.3,9.0,67.0,1022.5,4.9,323.0,85.0
2018-02-18,2.0,1.5,7.7,84.0,1020.2,7.4,61.0,87.0
2018-02-19,0.0,0.2,7.0,65.0,1019.2,8.1,63.0,71.0
2018-02-20,0.0,-1.4,6.8,68.0,1011.6,4.7,341.0,85.0
2018-02-21,0.0,0.4,8.4,66.0,1009.7,3.9,325.0,94.0
2018-02-22,6.8,2.6,5.0,82.0,1008.8,7.2,54.0,100.0
2018-02-23,7.6,2.5,9.3,74.0,1009.8,8.4,63.0,98.0
2018-02-24,2.4,2.6,10.1,68.0,1011.9,8.7,70.0,72.0
2018-02-25,2.6,-4.0,1.8,45.0,1016.7,13.3,74.0,86.0
2018-02-26,0.0,-6.8,1.7,43.0,1013.0,9.5,88.0,40.0
2018-02-27,0.0,-4.8,0.1,53.0,1011.3,5.0,264.0,85.0
2018-02-28,2.0,-5.2,-0.8,65.0,1018.6,6.5,70.0,90.0
2018-03-01,3.4,-3.4,-1.0,74.0,1014.8,5.3,79.0,99.0
2018-03-02,3.7,-1.7,3.6,89.0,999.4,3.9,251.0,96.0
2018-03-03,2.8,-0.5,5.4,94.0,999.8,6.4,64.0,98.0
2018-03-04,0.0,-0.2,10.3,82.0,1004.0,5.6,70.0,64.0
2018-03-05,5.3,3.9,9.6,85.0,1000.2,4.3,52.0,100.0
2018-03-06,7.2,4.3,6.9,90.0,994.1,4.4,200.0,100.0
2018-03-07,3.5,3.9,8.1,89.0,999.7,6.7,52.0,94.0
2018-03-08,0.4,0.6,12.6,76.0,1008.6,4.7,48.0,22.0
2018-03-09,0.0,3.4,13.3,80.0,1015.1,5.1,93.0,63.0
2018-03-10,0.8,6.1,11.2,89.0,1014.7,4.1,53.0,96.0
2018-03-11,33.6,8.0,10.5,91.0,1008.2,8.1,43.0,100.0
2018-03-12,3.8,5.5,14.2,86.0,1001.6,5.9,248.0,72.0
2018-03-13,1.6,7.5,13.5,81.0,1006.3,4.0,61.0,80.0
2018-03-14,1.6,6.8,14.4,82.0,1010.7,4.8,78.0,52.0
2018-03-15,13.0,6.3,10.6,87.0,1007.8,6.4,38.0,95.0
2018-03-16,9.9,7.5,15.1,77.0,1001.9,8.1,18.0,78.0
2018-03-17,8.8,7.1,10.8,83.0,997.7,8.6,63.0,98.0
2018-03-18,9.5,3.8,10.0,78.0,997.9,17.3,54.0,100.0
2018-03-19,18.5,1.9,5.2,88.0,1001.8,8.8,68.0,99.0
2018-03-20,0.0,1.5,8.8,66.0,1007.7,7.9,81.0,83.0
2018-03-21,0.0,0.1,9.6,54.0,1017.5,6.0,117.0,51.0
2018-03-22,0.0,-2.5,8.9,56.0,1016.2,5.6,37.0,1.0
2018-03-23,0.0,1.0,11.0,62.0,1005.2,7.5,243.0,31.0
2018-03-24,0.0,3.1,10.7,69.0,1004.8,5.6,30.0,77.0
2018-03-25,0.0,3.5,11.2,67.0,1008.5,7.7,65.0,61.0
2018-03-26,0.1,2.7,13.3,67.0,1010.3,4.8,3.0,29.0
2018-03-27,4.2,4.2,12.8,77.0,1013.6,5.6,28.0,57.0
2018-03-28,0.0,4.8,15.1,74.0,1011.0,6.4,74.0,75.0
2018-03-29,4.0,7.4,11.7,85.0,1007.6,6.5,48.0,87.0
2018-03-30,13.4,7.9,14.5,85.0,1007.7,10.0,48.0,73.0
2018-03-31,18.9,7.0,12.2,85.0,998.9,7.8,39.0,91.0
2018-04-01,0.9,5.9,17.1,62.0,1003.6,8.9,260.0,65.0
2018-04-02,0.0,4.2,16.1,55.0,1014.7,5.2,94.0,29.0
2018-04-03,1.6,7.1,14.9,76.0,1017.5,4.7,90.0,69.0
2018-04-04,11.8,9.2,12.5,85.0,1016.5,5.3,69.0,100.0
2018-04-05,1.8,7.2,16.1,81.0,1013.4,5.3,19.0,51.0
2018-04-06,1.0,8.5,18.0,77.0,1019.6,5.3,77.0,51.0
2018-04-07,0.0,8.9,17.6,69.0,1019.5,5.6,88.0,27.0
2018-04-08,0.0,8.7,17.6,69.0,1016.4,5.8,80.0,20.0
2018-04-09,8.0,8.9,19.9,71.0,1010.2,10.1,48.0,90.0
2018-04-10,4.7,9.9,17.0,80.0,1009.7,6.6,234.0,87.0
2018-04-11,10.8,8.0,16.5,79.0,1009.7,8.1,49.0,74.0
2018-04-12,31.2,11.5,14.5,83.0,1007.7,13.4,54.0,100.0
2018-04-13,8.3,9.0,16.9,76.0,1013.1,5.9,249.0,50.0
2018-04-14,0.0,8.0,19.5,66.0,1019.9,4.8,26.0,50.0
2018-04-15,1.6,12.2,23.1,58.0,1012.2,10.6,19.0,92.0
2018-04-16,1.6,12.1,22.3,72.0,1010.7,5.0,35.0,52.0
2018-04-17,0.4,12.3,21.8,67.0,1020.7,3.8,305.0,27.0
2018-04-18,0.0,13.0,23.1,61.0,1027.7,4.8,259.0,21.0
2018-04-19,0.0,12.8,23.8,56.0,1027.7,4.1,317.0,1.0
2018-04-20,0.0,12.4,26.3,56.0,1023.4,4.2,255.0,0.0
2018-04-21,0.0,16.3,25.0,58.0,1020.0,5.7,92.0,1.0
2018-04-22,0.0,13.2,23.0,69.0,1018.0,5.8,81.0,3.0
2018-04-23,0.0,13.2,23.4,70.0,1016.7,5.6,79.0,22.0
2018-04-24,2.2,13.9,23.4,77.0,1016.7,4.4,27.0,51.0
2018-04-25,0.1,14.3,23.8,74.0,1014.8,5.9,76.0,13.0
2018-04-26,4.5,13.7,22.6,78.0,1012.2,8.0,68.0,36.0
2018-04-27,2.5,13.7,21.2,66.0,1015.0,10.3,65.0,61.0
2018-04-28,0.0,12.8,23.5,67.0,1013.2,4.4,68.0,34.0
2018-04-29,3.2,14.4,24.1,70.0,1011.2,5.8,35.0,57.0
2018-04-30,3.8,12.8,20.7,67.0,1009.4,11.3,240.0,37.0
2018-05-01,0.0,10.6,18.4,60.0,1012.3,4.2,64.0,86.0
2018-05-02,7.2,12.5,22.3,72.0,1009.2,7.6,17.0,97.0
2018-05-03,4.7,16.0,25.3,63.0,1005.3,10.4,19.0,91.0
2018-05-04,15.1,14.1,23.2,79.0,1010.8,7.4,32.0,79.0
2018-05-05,2.1,13.3,23.7,73.0,1015.6,5.9,3.0,70.0
2018-05-06,1.2,14.7,25.2,67.0,1016.0,5.3,8.0,42.0
2018-05-07,0.8,15.1,24.1,67.0,1015.1,5.4,2.0,88.0
2018-05-08,1.1,16.1,23.2,63.0,1009.3,7.3,13.0,53.0
2018-05-09,0.5,13.0,22.4,70.0,1007.1,6.0,34.0,71.0
2018-05-10,3.3,14.5,22.5,69.0,1009.5,5.8,290.0,61.0
2018-05-11,1.4,14.1,23.7,69.0,1015.0,5.6,30.0,41.0
2018-05-12,1.0,14.5,24.3,69.0,1014.5,4.6,232.0,21.0
2018-05-13,18.3,15.0,21.9,79.0,1010.6,5.7,48.0,48.0
2018-05-14,17.9,13.4,19.2,77.0,1009.2,5.6,70.0,86.0
2018-05-15,6.9,10.7,14.7,83.0,1009.9,3.6,120.0,97.0
2018-05-16,0.8,8.8,18.7,77.0,1012.9,4.7,106.0,66.0
2018-05-17,4.0,11.4,19.4,80.0,1014.9,4.4,43.0,95.0
2018-05-18,0.2,12.2,21.6,76.0,1016.4,4.6,356.0,47.0
2018-05-19,0.6,13.2,22.4,67.0,1016.5,5.3,61.0,49.0
2018-05-20,2.2,13.6,22.6,63.0,1016.8,10.4,51.0,30.0
2018-05-21,0.5,16.6,23.9,57.0,1014.7,11.2,35.0,51.0
2018-05-22,17.1,15.6,19.3,78.0,1013.7,8.6,35.0,96.0
2018-05-23,0.0,13.9,22.4,78.0,1016.0,4.1,32.0,92.0
2018-05-24,0.1,16.4,24.9,70.0,1016.4,4.4,13.0,55.0
2018-05-25,0.0,16.0,26.1,69.0,1015.7,4.3,347.0,32.0
2018-05-26,0.2,17.0,25.8,69.0,1019.0,4.0,49.0,66.0
2018-05-27,0.7,17.8,26.6,72.0,1018.5,5.2,7.0,77.0
2018-05-28,2.8,16.7,25.7,74.0,1017.9,4.2,344.0,82.0
2018-05-29,4.4,18.2,24.4,79.0,1016.4,4.2,31.0,82.0
2018-05-30,0.3,17.2,26.1,76.0,1015.1,4.3,275.0,67.0
2018-05-31,0.9,18.3,27.4,71.0,1015.0,5.1,244.0,57.0
2018-06-01,1.7,17.2,25.9,77.0,1015.8,6.1,126.0,25.0
2018-06-02,1.5,18.0,25.5,75.0,1016.5,4.5,46.0,42.0
2018-06-03,0.4,18.0,26.5,72.0,1015.9,3.9,197.0,54.0
2018-06-04,2.1,17.9,24.7,77.0,1011.1,3.7,300.0,92.0
2018-06-05,0.3,17.6,26.8,74.0,1008.7,4.3,72.0,36.0
2018-06-06,4.4,17.8,26.2,77.0,1012.1,4.5,237.0,60.0
2018-06-07,12.5,18.0,23.7,86.0,1015.5,5.6,61.0,92.0
2018-06-08,6.1,18.3,24.9,76.0,1012.2,5.6,9.0,75.0
2018-06-09,0.0,17.4,27.7,70.0,1010.3,5.2,202.0,43.0
2018-06-10,0.0,19.0,28.0,72.0,1010.5,4.2,73.0,25.0
2018-06-11,1.7,19.9,28.4,74.0,1010.2,4.5,289.0,56.0
2018-06-12,9.2,18.1,25.2,82.0,1007.3,4.9,66.0,65.0
2018-06-13,11.3,17.2,23.5,82.0,1004.6,3.2,79.0,87.0
2018-06-14,1.8,18.8,24.8,72.0,1008.8,4.6,335.0,74.0
2018-06-15,0.2,16.5,25.2,64.0,1012.1,4.9,243.0,27.0
2018-06-16,0.0,17.6,26.2,62.0,1012.8,4.7,265.0,31.0
2018-06-17,0.0,18.0,27.7,61.0,1013.4,4.2,328.0,37.0
2018-06-18,0.0,19.5,27.7,61.0,1015.8,5.2,320.0,37.0
2018-06-19,0.0,20.0,27.9,56.0,1019.3,4.7,317.0,17.0
2018-06-20,0.0,20.1,28.3,58.0,1020.0,4.7,343.0,27.0
2018-06-21,0.3,20.8,29.7,62.0,1014.7,5.7,242.0,35.0
2018-06-22,13.1,17.5,23.2,77.0,1014.0,10.3,60.0,72.0
2018-06-23,0.6,15.2,21.9,65.0,1020.2,6.1,74.0,43.0
2018-06-24,1.8,14.2,22.9,70.0,1018.3,4.7,52.0,65.0
2018-06-25,18.2,14.9,21.6,76.0,1017.6,6.6,43.0,53.0
2018-06-26,0.0,13.9,23.7,65.0,1018.6,4.5,307.0,25.0
2018-06-27,1.1,15.4,23.7,67.0,1015.9,6.5,17.0,26.0
2018-06-28,0.0,15.0,25.1,60.0,1011.7,4.8,268.0,70.0
2018-06-29,0.0,17.5,28.8,59.0,1009.3,4.6,275.0,73.0
2018-06-30,0.0,20.4,30.0,67.0,1009.4,5.2,72.0,27.0
2018-07-01,1.2,19.2,25.7,64.0,1012.7,11.4,71.0,47.0
2018-07-02,0.0,19.0,27.2,63.0,1013.8,6.3,81.0,61.0
2018-07-03,7.4,20.5,27.4,77.0,1014.3,4.3,14.0,71.0
2018-07-04,0.4,19.0,27.8,75.0,1014.9,3.3,344.0,59.0
2018-07-05,0.3,20.6,27.7,72.0,1013.1,5.7,30.0,69.0
2018-07-06,0.0,18.4,26.7,70.0,1012.8,4.0,308.0,48.0
2018-07-07,0.0,18.9,27.4,65.0,1016.1,3.4,16.0,47.0
2018-07-08,6.2,18.8,26.9,66.0,1017.2,6.5,352.0,41.0
2018-07-09,1.6,17.4,28.1,69.0,1016.3,5.4,327.0,39.0
2018-07-10,1.5,18.4,27.5,68.0,1013.4,5.7,41.0,64.0
2018-07-11,20.3,18.2,23.1,82.0,1012.1,7.5,81.0,72.0
2018-07-12,1.4,18.4,26.0,75.0,1014.8,6.1,71.0,67.0
2018-07-13,3.3,18.4,26.8,76.0,1016.8,3.8,306.0,55.0
2018-07-14,3.1,18.4,28.3,71.0,1016.6,5.1,331.0,47.0
2018-07-15,2.2,20.7,27.5,70.0,1014.2,4.4,40.0,52.0
2018-07-16,16.0,19.1,26.5,77.0,1011.9,5.1,286.0,74.0
2018-07-17,4.6,17.7,27.5,76.0,1011.1,4.7,280.0,35.0
2018-07-18,0.0,19.6,30.5,58.0,1012.9,4.7,307.0,7.0
2018-07-19,0.0,21.3,29.9,59.0,1012.6,4.7,41.0,27.0
2018-07-20,2.2,20.7,28.9,70.0,1012.5,4.8,7.0,57.0
2018-07-21,10.7,19.5,26.5,75.0,1011.0,5.3,352.0,93.0
2018-07-22,2.5,18.7,27.1,75.0,1009.7,2.9,270.0,58.0
2018-07-23,0.1,18.7,29.2,68.0,1011.1,6.6,274.0,35.0
2018-07-24,0.0,20.0,29.6,60.0,1012.6,5.4,275.0,19.0
2018-07-25,0.0,21.0,29.4,64.0,1011.8,4.4,290.0,22.0
2018-07-26,0.0,22.5,29.0,58.0,1012.2,5.9,44.0,27.0
2018-07-27,0.0,19.8,30.3,59.0,1012.0,4.4,286.0,26.0
2018-07-28,0.1,21.3,30.8,63.0,1010.3,5.1,66.0,50.0
2018-07-29,3.5,22.9,31.0,64.0,1012.7,5.7,37.0,51.0
2018-07-30,0.0,23.4,33.1,58.0,1013.6,3.0,36.0,45.0
2018-07-31,0.0,24.3,33.4,60.0,1014.0,4.3,339.0,32.0
2018-08-01,3.5,22.7,33.5,63.0,1014.6,6.1,290.0,41.0
2018-08-02,1.7,24.4,32.5,56.0,1015.9,4.7,33.0,49.0
2018-08-03,0.0,23.2,32.4,58.0,1016.5,4.0,180.0,30.0
2018-08-04,0.0,24.3,32.6,56.0,1015.3,3.7,15.0,43.0
2018-08-05,0.0,23.7,33.1,59.0,1014.9,4.1,37.0,50.0
2018-08-06,0.0,24.6,33.7,58.0,1015.3,5.0,39.0,64.0
2018-08-07,0.0,23.7,32.7,60.0,1014.2,4.7,237.0,70.0
2018-08-08,0.0,23.0,31.1,66.0,1014.3,5.0,128.0,56.0
2018-08-09,1.9,22.4,31.1,67.0,1015.5,4.7,247.0,24.0
2018-08-10,0.3,22.0,29.9,65.0,1017.8,5.1,349.0,27.0
2018-08-11,0.5,21.9,30.5,57.0,1017.8,6.1,51.0,43.0
2018-08-12,0.1,22.7,30.4,52.0,1017.0,9.1,49.0,17.0
2018-08-13,7.5,21.0,30.1,65.0,1012.3,5.0,241.0,43.0
2018-08-14,4.9,19.6,25.4,79.0,1011.7,3.4,83.0,92.0
2018-08-15,0.0,19.7,28.8,57.0,1015.5,4.1,344.0,50.0
2018-08-16,0.0,20.7,29.3,48.0,1016.2,6.6,29.0,21.0
2018-08-17,0.0,19.8,30.2,51.0,1014.3,4.7,312.0,14.0
2018-08-18,0.0,21.2,31.8,53.0,1016.2,5.2,54.0,25.0
2018-08-19,0.0,21.6,32.6,46.0,1017.3,8.9,42.0,23.0
2018-08-20,0.0,22.0,33.5,43.0,1015.4,6.7,45.0,12.0
2018-08-21,0.0,21.9,33.4,46.0,1015.6,6.5,19.0,12.0
2018-08-22,0.0,22.6,32.9,46.0,1015.8,8.0,39.0,22.0
2018-08-23,0.2,22.2,32.8,48.0,1013.3,4.2,23.0,63.0
2018-08-24,4.6,21.3,30.3,62.0,1009.9,4.7,335.0,62.0
2018-08-25,21.0,18.9,24.7,77.0,1008.0,6.1,43.0,91.0
2018-08-26,25.6,15.1,21.0,77.0,1010.5,5.3,179.0,71.0
2018-08-27,0.0,13.5,23.8,66.0,1015.9,4.0,170.0,16.0
2018-08-28,0.0,17.0,27.5,59.0,1017.6,3.7,303.0,6.0
2018-08-29,0.0,17.8,27.8,60.0,1015.9,4.0,38.0,31.0
2018-08-30,1.1,19.4,26.7,67.0,1014.9,3.5,22.0,38.0
2018-08-31,12.5,18.5,24.0,73.0,1015.5,9.9,47.0,88.0
2018-09-01,10.7,17.3,22.9,82.0,1014.6,7.0,47.0,84.0
2018-09-02,21.1,16.0,23.2,75.0,1016.0,8.3,26.0,88.0
2018-09-03,0.3,15.9,22.9,77.0,1013.6,4.1,295.0,70.0
2018-09-04,0.0,15.1,25.1,74.0,1013.0,3.8,45.0,68.0
2018-09-05,0.0,17.8,26.0,72.0,1014.7,3.7,297.0,20.0
2018-09-06,5.2,18.1,25.8,79.0,1012.5,4.2,21.0,47.0
2018-09-07,6.6,17.7,22.9,85.0,1012.3,3.6,8.0,94.0
2018-09-08,0.0,17.1,26.4,70.0,1017.8,4.1,22.0,17.0
2018-09-09,0.0,17.5,27.0,69.0,1020.3,4.3,283.0,7.0
2018-09-10,0.1,18.8,27.3,76.0,1021.1,3.6,4.0,50.0
2018-09-11,0.0,19.5,27.6,73.0,1023.4,3.7,34.0,57.0
2018-09-12,0.3,19.7,28.1,75.0,1021.9,4.3,68.0,32.0
2018-09-13,0.0,21.0,27.6,74.0,1015.4,3.9,145.0,86.0
2018-09-14,0.0,19.0,26.6,72.0,1015.0,3.7,17.0,34.0
2018-09-15,0.4,17.6,25.6,71.0,1019.3,5.7,52.0,25.0
2018-09-16,0.0,18.7,26.9,69.0,1022.0,5.0,76.0,33.0
2018-09-17,0.1,19.4,26.8,69.0,1020.7,3.8,27.0,45.0
2018-09-18,0.0,18.8,26.3,71.0,1019.3,3.5,350.0,42.0
2018-09-19,0.0,18.6,27.2,72.0,1019.4,3.5,155.0,27.0
2018-09-20,0.0,18.7,28.4,60.0,1018.9,3.9,44.0,6.0
2018-09-21,0.0,19.3,28.1,63.0,1015.3,4.8,260.0,10.0
2018-09-22,6.3,16.6,25.3,78.0,1016.4,10.3,63.0,96.0
2018-09-23,0.2,16.4,23.7,81.0,1017.3,4.5,104.0,67.0
2018-09-24,1.4,15.3,24.6,63.0,1017.8,8.3,94.0,38.0
2018-09-25,0.0,9.8,19.4,40.0,1032.2,7.2,69.0,6.0
2018-09-26,0.0,7.7,16.6,49.0,1037.3,5.7,38.0,23.0
2018-09-27,0.0,10.4,22.8,57.0,1029.6,3.9,267.0,20.0
2018-09-28,0.0,13.5,26.2,47.0,1018.0,4.8,304.0,0.0
2018-09-29,0.0,17.1,24.3,44.0,1019.3,10.5,67.0,32.0
2018-09-30,0.0,11.2,19.6,47.0,1019.8,6.1,72.0,6.0
2018-10-01,4.3,11.0,18.0,69.0,1010.7,6.0,77.0,65.0
2018-10-02,0.0,10.4,19.4,60.0,1017.1,4.3,44.0,46.0
2018-10-03,0.0,9.6,20.7,61.0,1020.9,4.0,2.0,28.0
2018-10-04,0.0,13.6,22.2,51.0,1025.1,7.8,56.0,28.0
2018-10-05,0.0,11.5,23.1,52.0,1023.6,6.6,51.0,26.0
2018-10-06,9.3,14.8,18.5,75.0,1018.3,6.3,62.0,92.0
2018-10-07,5.1,14.8,20.4,83.0,1014.0,3.3,31.0,53.0
2018-10-08,0.2,14.8,22.9,77.0,1019.0,3.0,29.0,35.0
2018-10-09,0.0,15.2,23.3,68.0,1021.5,6.1,45.0,13.0
2018-10-10,0.0,15.7,23.6,61.0,1022.1,9.2,48.0,7.0
2018-10-11,0.0,14.3,23.1,58.0,1021.4,7.2,51.0,48.0
2018-10-12,0.0,15.0,23.6,64.0,1024.5,3.8,300.0,20.0
2018-10-13,0.0,14.5,23.6,64.0,1024.3,7.4,54.0,0.0
2018-10-14,0.0,13.1,22.6,58.0,1020.8,7.3,47.0,18.0
2018-10-15,1.1,13.2,19.9,70.0,1019.5,8.2,42.0,41.0
2018-10-16,0.0,13.9,21.7,67.0,1020.5,4.3,52.0,85.0
2018-10-17,0.6,14.6,20.1,71.0,1019.3,3.1,20.0,81.0
2018-10-18,0.5,14.1,23.2,71.0,1016.5,3.3,357.0,72.0
2018-10-19,0.0,14.6,23.2,63.0,1018.3,5.6,37.0,40.0
2018-10-20,0.0,14.0,21.6,65.0,1022.7,4.7,50.0,24.0
2018-10-21,5.7,11.2,18.2,74.0,1022.2,9.1,61.0,63.0
2018-10-22,0.0,6.7,18.4,63.0,1022.5,4.8,346.0,3.0
2018-10-23,0.0,8.3,18.9,60.0,1022.1,5.4,265.0,34.0
2018-10-24,0.0,8.5,20.0,66.0,1012.2,4.8,51.0,46.0
2018-10-25,0.0,11.3,18.3,74.0,1016.8,5.8,57.0,74.0
2018-10-26,4.2,13.3,15.7,89.0,1013.5,2.9,48.0,99.0
2018-10-27,13.3,12.6,16.1,90.0,1005.1,6.1,27.0,99.0
2018-10-28,59.1,14.2,16.7,91.0,1000.9,12.2,46.0,96.0
2018-10-29,57.0,13.7,18.1,88.0,999.9,16.4,62.0,83.0
2018-10-30,9.1,9.8,14.7,80.0,1006.7,5.0,3.0,65.0
2018-10-31,0.0,8.4,16.8,71.0,1021.0,6.6,36.0,64.0
2018-11-01,26.7,11.7,15.2,79.0,1018.9,11.5,28.0,91.0
2018-11-02,8.9,11.5,15.2,87.0,1019.3,4.5,3.0,99.0
2018-11-03,0.0,12.0,20.8,78.0,1021.4,5.1,15.0,76.0
2018-11-04,2.5,12.6,20.9,70.0,1017.5,8.1,45.0,74.0
2018-11-05,21.4,13.5,16.6,83.0,1016.0,11.8,43.0,93.0
2018-11-06,10.4,12.8,16.9,83.0,1016.4,10.7,39.0,80.0
2018-11-07,3.9,11.7,16.0,88.0,1016.8,5.6,43.0,67.0
2018-11-08,1.1,11.5,16.9,84.0,1020.5,4.0,327.0,45.0
2018-11-09,0.3,11.6,16.2,85.0,1019.2,3.3,357.0,89.0
2018-11-10,0.7,10.2,14.8,88.0,1017.2,3.2,34.0,75.0
2018-11-11,0.4,9.9,15.0,88.0,1019.9,3.6,20.0,67.0
2018-11-12,0.0,11.4,17.0,84.0,1025.2,3.1,245.0,58.0
2018-11-13,0.6,11.6,13.8,94.0,1027.1,2.9,50.0,93.0
2018-11-14,0.0,10.2,16.6,79.0,1028.3,3.9,23.0,23.0
2018-11-15,0.0,9.2,14.2,81.0,1026.4,4.9,39.0,39.0
2018-11-16,0.0,6.3,11.5,65.0,1027.8,9.8,42.0,41.0
2018-11-17,0.0,3.4,12.3,60.0,1026.5,8.3,33.0,3.0
2018-11-18,0.0,1.8,9.2,64.0,1022.1,4.9,358.0,12.0
2018-11-19,0.0,1.8,8.0,64.0,1012.1,10.3,47.0,73.0
2018-11-20,8.6,4.2,8.2,81.0,1007.6,6.7,19.0,93.0
2018-11-21,0.0,5.4,11.2,76.0,1013.3,3.6,42.0,76.0
2018-11-22,0.7,7.3,11.2,84.0,1019.4,2.3,330.0,88.0
2018-11-23,9.9,6.2,11.8,88.0,1022.5,4.5,33.0,97.0
2018-11-24,20.3,8.8,14.3,85.0,1015.1,6.8,18.0,73.0
2018-11-25,2.2,7.4,13.6,85.0,1008.4,3.6,315.0,92.0
2018-11-26,6.4,8.7,9.9,90.0,1000.6,4.7,40.0,100.0
2018-11-27,1.0,5.1,12.3,79.0,1008.1,4.3,325.0,65.0
2018-11-28,0.0,1.9,9.9,76.0,1020.5,4.2,49.0,19.0
2018-11-29,0.0,-0.3,7.2,79.0,1027.0,5.7,70.0,56.0
2018-11-30,0.0,-0.1,5.8,70.0,1022.1,3.9,30.0,86.0
2018-12-01,0.0,0.3,8.6,69.0,1020.0,4.0,296.0,46.0
2018-12-02,0.6,2.6,8.2,72.0,1018.6,3.7,304.0,92.0
2018-12-03,0.4,2.5,8.8,78.0,1014.8,3.8,354.0,66.0
2018-12-04,0.0,3.0,12.3,77.0,1015.2,4.7,309.0,16.0
2018-12-05,0.0,5.5,12.8,66.0,1025.3,7.2,61.0,60.0
2018-12-06,5.1,4.4,9.0,89.0,1024.0,4.2,22.0,76.0
2018-12-07,0.4,4.0,8.1,91.0,1021.1,3.7,72.0,81.0
2018-12-08,12.8,5.3,11.5,91.0,1012.5,5.5,29.0,56.0
2018-12-09,0.2,3.8,9.9,88.0,1008.8,4.4,3.0,31.0
2018-12-10,0.0,0.8,14.1,64.0,1013.3,5.6,326.0,42.0
2018-12-11,0.0,-0.8,11.2,57.0,1018.1,6.1,325.0,3.0
2018-12-12,0.0,-1.9,7.5,50.0,1019.7,3.2,335.0,0.0
2018-12-13,0.0,-1.0,5.5,56.0,1017.4,9.3,35.0,55.0
2018-12-14,0.0,-1.5,6.2,64.0,1017.1,5.2,23.0,19.0
2018-12-15,0.0,-2.5,5.8,65.0,1020.2,6.3,280.0,1.0
2018-12-16,0.0,-1.9,3.4,63.0,1020.0,3.9,15.0,85.0
2018-12-17,0.0,-0.6,7.2,73.0,1020.6,4.5,316.0,91.0
2018-12-18,0.0,-0.5,6.6,61.0,1028.4,4.8,2.0,3.0
2018-12-19,0.8,-0.4,4.9,64.0,1025.0,3.9,339.0,87.0
2018-12-20,3.4,-0.1,7.1,87.0,1022.6,4.4,306.0,46.0
2018-12-21,0.0,1.3,4.0,87.0,1025.7,3.0,259.0,78.0
2018-12-22,0.0,0.0,4.9,92.0,1021.7,3.7,1.0,68.0
2018-12-23,0.0,1.5,6.1,89.0,1023.4,4.0,266.0,73.0
2018-12-24,0.0,1.5,8.1,87.0,1018.8,4.7,291.0,50.0
2018-12-25,0.0,-0.4,7.7,58.0,1029.4,4.7,3.0,36.0
2018-12-26,0.0,0.1,5.3,71.0,1030.9,3.4,327.0,22.0
2018-12-27,0.0,-0.4,5.8,83.0,1028.1,2.5,267.0,27.0
2018-12-28,0.0,0.8,5.2,56.0,1025.1,2.8,346.0,63.0
2018-12-29,0.0,2.6,9.5,49.0,1026.7,3.2,27.0,16.0
2018-12-30,0.0,-0.6,7.5,61.0,1025.1,4.9,310.0,36.0
2018-12-31,0.0,0.8,10.6,55.0,1027.1,4.9,22.0,32.0
2019-01-01,0.0,1.8,7.0,75.0,1027.5,6.0,47.0,64.0
2019-01-02,0.0,-2.3,9.6,65.0,1020.2,5.2,328.0,28.0
2019-01-03,0.0,-4.2,6.9,47.0,1027.2,5.1,351.0,6.0
2019-01-04,0.0,-4.0,5.0,55.0,1029.4,5.4,331.0,36.0
2019-01-05,0.0,-2.9,3.6,56.0,1022.8,4.1,291.0,41.0
2019-01-06,0.0,-2.9,8.9,59.0,1020.1,3.5,348.0,20.0
2019-01-07,0.0,-0.9,7.0,78.0,1026.9,5.2,40.0,59.0
2019-01-08,0.0,-1.4,5.6,89.0,1018.4,3.2,324.0,79.0
2019-01-09,0.0,-1.8,5.1,76.0,1006.8,4.4,328.0,71.0
2019-01-10,0.0,-1.0,8.0,49.0,1011.5,5.5,331.0,67.0
2019-01-11,0.6,-1.4,5.5,65.0,1020.0,4.4,8.0,50.0
2019-01-12,0.0,-0.1,4.7,59.0,1018.9,2.5,315.0,72.0
2019-01-13,0.0,-1.2,7.1,71.0,1010.7,5.7,301.0,58.0
2019-01-14,0.0,-1.1,12.0,62.0,1003.3,7.4,319.0,16.0
2019-01-15,0.0,0.3,9.3,57.0,1016.8,7.0,2.0,23.0
2019-01-16,0.0,0.5,7.7,57.0,1018.9,4.7,14.0,26.0
2019-01-17,6.5,1.3,6.6,82.0,1014.5,4.3,21.0,94.0
2019-01-18,2.0,2.9,7.6,82.0,1013.2,7.0,52.0,71.0
2019-01-19,0.0,0.1,5.3,64.0,1017.5,6.6,49.0,94.0
2019-01-20,0.0,-1.6,5.1,71.0,1015.7,3.6,299.0,12.0
2019-01-21,0.0,-0.9,6.7,68.0,1017.4,5.3,40.0,74.0
2019-01-22,0.1,-0.8,6.5,64.0,1010.1,3.3,326.0,77.0
2019-01-23,4.0,-1.9,3.4,81.0,999.6,6.0,50.0,80.0
2019-01-24,0.5,-1.6,7.8,69.0,1000.3,4.4,1.0,35.0
2019-01-25,0.0,-1.7,5.6,62.0,1007.6,4.5,295.0,0.0
2019-01-26,0.0,-0.9,5.2,69.0,1011.4,3.1,326.0,64.0
2019-01-27,7.4,-1.7,4.3,74.0,1003.1,5.2,20.0,91.0
2019-01-28,0.6,-1.1,6.7,86.0,995.9,5.4,291.0,97.0
2019-01-29,0.0,-1.2,8.1,61.0,1005.3,4.2,7.0,29.0
2019-01-30,0.0,-1.1,5.0,73.0,1001.9,6.4,35.0,87.0
2019-01-31,1.4,0.3,6.3,77.0,1002.7,4.7,346.0,86.0
2019-02-01,26.3,2.0,8.1,85.0,1000.3,7.8,17.0,100.0
2019-02-02,27.5,6.2,10.6,88.0,996.8,8.0,38.0,99.0
2019-02-03,32.5,4.1,8.0,88.0,1003.2,6.3,347.0,100.0
2019-02-04,0.0,-0.2,10.6,61.0,1023.4,5.0,19.0,16.0
2019-02-05,0.0,-0.2,9.3,62.0,1025.4,4.1,297.0,4.0
2019-02-06,0.0,1.3,10.6,56.0,1025.2,4.2,346.0,14.0
2019-02-07,0.0,0.7,9.3,66.0,1020.5,3.8,301.0,51.0
2019-02-08,0.0,3.1,12.2,64.0,1019.8,4.9,19.0,67.0
2019-02-09,0.0,3.6,10.3,69.0,1020.0,4.5,31.0,63.0
2019-02-10,2.8,4.7,8.1,83.0,1016.2,3.2,23.0,99.0
2019-02-11,2.5,1.7,10.6,78.0,1009.2,5.7,303.0,66.0
2019-02-12,0.0,-1.4,12.7,54.0,1024.1,7.7,20.0,15.0
2019-02-13,0.0,0.6,10.5,56.0,1035.2,6.3,304.0,2.0
2019-02-14,0.0,1.5,10.8,68.0,1035.2,4.2,17.0,31.0
2019-02-15,0.0,5.0,13.3,59.0,1032.5,4.2,18.0,8.0
2019-02-16,0.0,3.3,12.3,63.0,1031.3,3.6,317.0,36.0
2019-02-17,0.0,7.0,14.1,50.0,1027.7,2.7,341.0,11.0
2019-02-18,0.0,5.3,12.1,56.0,1024.2,3.1,34.0,0.0
2019-02-19,0.0,3.4,8.9,81.0,1022.6,3.1,63.0,60.0
2019-02-20,0.0,4.8,10.3,85.0,1024.5,2.5,204.0,68.0
2019-02-21,0.0,4.4,13.3,78.0,1027.1,3.0,16.0,18.0
2019-02-22,0.0,5.9,14.6,63.0,1024.9,5.1,341.0,6.0
2019-02-23,0.0,-0.1,10.9,60.0,1034.6,7.6,229.0,19.0
2019-02-24,0.0,-3.1,5.9,65.0,1037.2,4.3,313.0,36.0
2019-02-25,0.0,2.2,14.7,65.0,1033.7,3.1,243.0,21.0
2019-02-26,0.0,6.2,15.3,60.0,1028.6,4.0,333.0,78.0
2019-02-27,0.0,7.2,20.1,49.0,1024.7,5.4,59.0,48.0
2019-02-28,0.0,5.7,14.2,74.0,1019.2,5.7,34.0,7.0
2019-03-01,0.8,4.4,12.3,80.0,1013.3,4.7,7.0,47.0
2019-03-02,0.0,2.7,15.0,72.0,1015.0,4.3,32.0,35.0
2019-03-03,0.0,6.5,15.2,65.0,1017.8,4.4,46.0,28.0
2019-03-04,2.7,4.5,11.4,84.0,1011.5,5.4,40.0,70.0
2019-03-05,0.3,3.5,14.1,80.0,1010.8,4.0,354.0,39.0
2019-03-06,0.0,4.9,14.4,74.0,1016.9,5.4,41.0,67.0
2019-03-07,7.0,7.3,13.2,82.0,1012.2,7.4,32.0,95.0
2019-03-08,1.6,5.8,16.5,77.0,1015.6,6.7,242.0,45.0
2019-03-09,0.0,6.1,16.7,73.0,1020.1,6.1,271.0,57.0
2019-03-10,0.0,4.7,12.6,84.0,1016.9,6.0,41.0,71.0
2019-03-11,2.1,4.8,14.8,72.0,1013.7,5.2,358.0,58.0
2019-03-12,0.0,-0.7,14.2,41.0,1021.6,8.7,238.0,15.0
2019-03-13,0.0,1.6,11.6,57.0,1014.5,5.9,62.0,51.0
2019-03-14,0.0,2.5,12.6,71.0,1012.5,4.9,36.0,41.0
2019-03-15,0.0,1.9,14.4,74.0,1010.2,4.9,89.0,8.0
2019-03-16,0.0,5.0,15.3,76.0,1013.9,5.0,65.0,52.0
2019-03-17,0.3,7.4,14.1,78.0,1014.0,5.3,329.0,75.0
2019-03-18,11.3,3.1,10.5,84.0,1014.1,6.2,68.0,88.0
2019-03-19,0.0,3.2,12.2,63.0,1022.8,5.9,81.0,52.0
2019-03-20,0.0,2.9,12.3,53.0,1030.3,6.1,53.0,0.0
2019-03-21,0.0,2.2,14.6,56.0,1032.4,4.9,354.0,12.0
2019-03-22,0.0,5.5,17.5,49.0,1029.9,4.3,301.0,22.0
2019-03-23,0.0,7.7,19.9,49.0,1025.6,3.8,323.0,6.0
2019-03-24,0.0,10.1,21.7,50.0,1020.9,6.3,255.0,8.0
2019-03-25,2.6,9.4,19.0,64.0,1012.4,6.7,73.0,30.0
2019-03-26,0.1,5.6,15.5,56.0,1020.8,8.4,77.0,38.0
2019-03-27,0.0,4.3,13.8,52.0,1026.7,5.6,94.0,37.0
2019-03-28,0.0,4.0,14.9,58.0,1029.8,5.7,49.0,3.0
2019-03-29,0.0,4.2,16.5,59.0,1030.2,5.5,35.0,4.0
2019-03-30,0.0,6.6,17.9,59.0,1024.8,3.8,58.0,15.0
2019-03-31,0.0,7.6,19.9,49.0,1018.0,3.6,11.0,12.0
2019-04-01,0.0,8.9,21.5,47.0,1016.0,8.6,56.0,13.0
2019-04-02,0.0,10.5,20.2,53.0,1014.3,7.1,63.0,95.0
2019-04-03,8.0,10.1,16.5,77.0,1009.5,12.1,59.0,82.0
2019-04-04,30.5,9.4,13.1,88.0,1001.8,16.8,58.0,98.0
2019-04-05,34.4,9.1,14.7,84.0,1000.4,9.4,79.0,93.0
2019-04-06,0.0,8.1,14.1,79.0,1007.0,5.3,76.0,83.0
2019-04-07,0.5,6.2,14.5,76.0,1006.3,3.9,353.0,76.0
2019-04-08,5.9,7.4,14.5,76.0,1007.0,4.0,354.0,98.0
2019-04-09,2.6,8.4,16.2,79.0,1007.1,4.4,342.0,94.0
2019-04-10,3.8,8.8,16.7,77.0,1006.3,5.5,42.0,71.0
2019-04-11,22.0,10.4,13.4,86.0,1009.6,5.6,50.0,100.0
2019-04-12,0.7,9.3,13.8,81.0,1013.8,4.7,70.0,95.0
2019-04-13,1.1,8.0,12.6,78.0,1015.2,4.4,346.0,94.0
2019-04-14,0.1,8.4,13.1,64.0,1014.1,13.9,60.0,84.0
2019-04-15,0.1,6.9,17.3,62.0,1018.9,5.7,42.0,37.0
2019-04-16,0.0,7.7,17.0,58.0,1019.8,5.8,54.0,28.0
2019-04-17,0.0,7.9,19.7,58.0,1020.3,4.0,353.0,37.0
2019-04-18,0.0,10.8,19.4,55.0,1025.2,8.3,62.0,32.0
2019-04-19,0.0,11.0,19.7,58.0,1029.0,6.5,58.0,22.0
2019-04-20,0.0,8.6,21.9,57.0,1026.6,5.1,79.0,11.0
2019-04-21,0.0,10.6,21.2,55.0,1021.3,6.4,72.0,56.0
2019-04-22,0.2,9.1,18.3,60.0,1015.1,11.0,64.0,74.0
2019-04-23,47.9,12.0,13.8,86.0,1007.9,16.7,47.0,100.0
2019-04-24,29.0,12.6,19.5,86.0,1013.3,9.6,52.0,94.0
2019-04-25,2.9,11.6,20.0,81.0,1018.2,6.2,70.0,63.0
2019-04-26,12.6,10.8,18.1,84.0,1014.8,8.8,70.0,76.0
2019-04-27,2.4,8.4,20.0,72.0,1014.6,5.3,45.0,44.0
2019-04-28,29.2,7.8,13.9,79.0,1014.2,9.0,35.0,86.0
2019-04-29,23.9,6.9,13.8,78.0,1014.1,11.3,316.0,97.0
2019-04-30,0.0,6.7,18.0,70.0,1012.7,3.7,194.0,71.0
2019-05-01,0.1,8.1,20.6,69.0,1013.0,5.3,42.0,11.0
2019-05-02,1.1,9.8,20.5,73.0,1011.5,6.0,82.0,38.0
2019-05-03,11.5,10.6,16.2,87.0,1008.9,5.0,55.0,93.0
2019-05-04,7.9,10.4,16.1,85.0,1005.0,7.3,74.0,82.0
2019-05-05,39.3,6.3,11.3,82.0,1003.1,10.7,12.0,100.0
2019-05-06,1.1,6.0,16.0,68.0,1011.9,6.4,253.0,73.0
2019-05-07,0.4,7.4,14.2,68.0,1018.8,7.6,68.0,66.0
2019-05-08,4.5,9.1,15.6,77.0,1015.1,5.0,52.0,96.0
2019-05-09,9.4,10.4,18.0,79.0,1006.1,6.8,59.0,74.0
2019-05-10,8.0,11.9,18.8,83.0,1010.9,6.1,80.0,83.0
2019-05-11,11.2,12.2,17.7,86.0,1013.2,8.1,67.0,81.0
2019-05-12,32.6,10.2,14.0,77.0,1013.5,7.6,324.0,99.0
2019-05-13,3.0,10.0,16.1,85.0,1018.7,5.0,244.0,95.0
2019-05-14,0.3,7.6,15.4,70.0,1019.5,6.1,194.0,54.0
2019-05-15,4.0,7.0,13.1,80.0,1015.4,5.2,269.0,85.0
2019-05-16,0.1,7.8,18.2,72.0,1012.7,6.4,229.0,54.0
2019-05-17,0.0,9.8,17.9,74.0,1010.5,7.3,81.0,70.0
2019-05-18,18.6,11.5,15.7,79.0,1007.6,10.9,40.0,98.0
2019-05-19,36.3,12.5,16.8,86.0,1005.3,11.6,57.0,98.0
2019-05-20,11.2,11.2,15.8,89.0,1004.7,3.8,232.0,96.0
2019-05-21,6.6,12.2,18.7,87.0,1008.8,5.2,99.0,100.0
2019-05-22,0.0,14.1,20.8,83.0,1013.7,3.2,64.0,95.0
2019-05-23,2.6,12.5,21.4,81.0,1015.5,4.5,243.0,45.0
2019-05-24,4.3,13.9,22.3,81.0,1013.7,4.1,312.0,59.0
2019-05-25,5.0,14.6,22.4,81.0,1014.0,4.7,31.0,96.0
2019-05-26,0.5,14.1,22.8,75.0,1014.4,7.0,76.0,96.0
2019-05-27,10.3,13.3,16.7,88.0,1010.9,6.8,63.0,95.0
2019-05-28,8.7,13.5,19.9,86.0,1004.8,4.6,230.0,94.0
2019-05-29,12.5,12.5,15.6,84.0,1011.2,4.6,320.0,100.0
2019-05-30,4.3,12.6,18.3,79.0,1021.7,3.8,248.0,94.0
2019-05-31,0.0,12.2,23.3,70.0,1023.5,6.3,256.0,35.0
2019-06-01,0.0,14.0,25.8,64.0,1020.4,5.6,260.0,9.0
2019-06-02,0.0,16.8,27.2,64.0,1017.7,5.4,270.0,20.0
2019-06-03,0.0,18.2,26.6,71.0,1015.7,3.6,53.0,32.0
2019-06-04,3.2,18.5,26.7,74.0,1012.7,4.2,62.0,38.0
2019-06-05,3.0,16.6,25.2,80.0,1010.3,5.4,89.0,42.0
2019-06-06,3.5,17.5,23.5,82.0,1012.0,8.8,59.0,47.0
2019-06-07,0.2,15.3,24.7,75.0,1016.6,5.1,106.0,20.0
2019-06-08,0.0,17.0,27.2,68.0,1019.2,4.8,96.0,17.0
2019-06-09,0.0,18.2,27.8,69.0,1020.4,5.7,69.0,58.0
2019-06-10,1.9,20.1,28.4,67.0,1013.2,9.6,28.0,81.0
2019-06-11,4.5,19.7,26.9,69.0,1009.0,9.9,38.0,48.0
2019-06-12,20.2,19.4,26.0,76.0,1009.8,10.8,21.0,54.0
2019-06-13,0.0,17.9,27.4,67.0,1013.6,6.4,236.0,12.0
2019-06-14,0.0,17.0,27.8,60.0,1017.1,5.0,55.0,33.0
2019-06-15,1.0,19.8,28.7,66.0,1013.2,4.5,61.0,52.0
2019-06-16,0.1,20.6,29.9,65.0,1012.6,4.3,69.0,11.0
2019-06-17,0.1,20.4,28.3,59.0,1015.6,7.8,55.0,36.0
2019-06-18,0.4,18.6,27.9,66.0,1014.9,4.0,323.0,43.0
2019-06-19,0.0,19.1,28.4,73.0,1012.5,5.2,354.0,47.0
2019-06-20,0.0,20.0,28.2,72.0,1011.7,4.9,81.0,32.0
2019-06-21,12.4,18.8,28.6,69.0,1014.1,6.5,31.0,51.0
2019-06-22,19.8,19.2,25.6,74.0,1014.7,8.2,6.0,86.0
2019-06-23,0.0,17.4,27.6,72.0,1014.2,3.9,277.0,26.0
2019-06-24,0.0,20.0,29.2,69.0,1018.3,4.6,97.0,11.0
2019-06-25,0.0,21.9,30.2,70.0,1021.2,4.4,120.0,17.0
2019-06-26,0.0,23.4,32.3,65.0,1022.1,3.8,47.0,15.0
2019-06-27,0.0,23.7,34.2,67.0,1017.6,4.9,53.0,12.0
2019-06-28,0.0,25.3,31.9,63.0,1015.4,8.3,71.0,21.0
2019-06-29,0.0,23.2,29.1,59.0,1018.9,7.1,75.0,19.0
2019-06-30,0.0,20.6,31.2,61.0,1018.9,4.7,128.0,15.0
2019-07-01,0.0,21.3,31.9,68.0,1016.9,6.1,103.0,27.0
2019-07-02,2.5,21.3,30.0,71.0,1014.5,5.1,65.0,39.0
2019-07-03,0.1,22.4,30.1,65.0,1015.1,5.7,55.0,57.0
2019-07-04,0.0,19.1,29.6,64.0,1017.1,5.4,64.0,36.0
2019-07-05,0.0,20.5,31.2,68.0,1014.9,5.7,145.0,21.0
2019-07-06,0.0,22.1,30.5,70.0,1011.6,5.8,110.0,28.0
2019-07-07,0.3,20.2,28.8,77.0,1008.7,7.2,55.0,46.0
2019-07-08,19.9,19.6,27.6,74.0,1011.2,4.7,46.0,43.0
2019-07-09,9.2,19.0,26.1,76.0,1012.1,8.0,74.0,91.0
2019-07-10,2.1,19.2,25.2,67.0,1012.5,9.1,82.0,52.0
2019-07-11,7.1,18.9,23.3,70.0,1014.2,7.3,45.0,88.0
2019-07-12,2.3,17.8,25.7,75.0,1012.1,4.1,159.0,42.0
2019-07-13,1.5,17.5,24.7,77.0,1010.6,5.0,44.0,32.0
2019-07-14,0.0,15.4,25.4,66.0,1011.9,4.9,58.0,14.0
2019-07-15,1.4,18.6,24.3,64.0,1011.4,9.1,36.0,93.0
2019-07-16,0.0,15.8,26.8,60.0,1013.3,5.1,260.0,11.0
2019-07-17,0.0,18.4,28.7,60.0,1012.1,6.7,1.0,63.0
2019-07-18,7.9,18.1,25.8,76.0,1012.0,4.5,329.0,70.0
2019-07-19,0.0,18.5,28.4,68.0,1015.1,4.1,241.0,53.0
2019-07-20,0.3,20.0,29.3,70.0,1017.1,5.4,98.0,39.0
2019-07-21,0.2,20.5,29.9,72.0,1018.7,4.7,78.0,56.0
2019-07-22,5.0,21.5,31.6,67.0,1020.8,4.9,29.0,81.0
2019-07-23,0.0,23.0,31.9,66.0,1018.7,4.6,353.0,38.0
2019-07-24,0.0,23.9,34.3,63.0,1016.0,5.4,134.0,13.0
2019-07-25,2.1,23.9,32.9,68.0,1015.5,4.5,46.0,42.0
2019-07-26,2.5,24.2,31.1,73.0,1010.4,4.8,52.0,69.0
2019-07-27,12.5,19.6,26.2,80.0,1004.5,6.0,50.0,71.0
2019-07-28,39.4,19.1,21.1,89.0,998.5,6.6,0.0,100.0
2019-07-29,0.0,19.7,27.9,81.0,1004.8,4.0,93.0,69.0
2019-07-30,13.3,21.2,29.0,83.0,1010.0,4.6,6.0,37.0
2019-07-31,0.8,21.2,29.2,76.0,1011.8,3.9,345.0,39.0
2019-08-01,0.2,20.1,28.7,72.0,1013.7,6.4,62.0,39.0
2019-08-02,15.5,20.3,24.1,84.0,1011.4,5.9,5.0,85.0
2019-08-03,0.3,17.6,27.2,73.0,1011.8,6.1,56.0,12.0
2019-08-04,9.7,17.7,25.7,75.0,1014.8,4.9,25.0,36.0
2019-08-05,0.1,20.2,27.2,76.0,1015.1,4.0,97.0,59.0
2019-08-06,0.0,20.9,27.4,80.0,1014.2,4.1,72.0,72.0
2019-08-07,4.2,19.3,27.0,81.0,1011.7,3.9,32.0,83.0
2019-08-08,1.1,19.9,28.3,77.0,1011.3,4.5,74.0,48.0
2019-08-09,0.0,20.6,30.0,77.0,1014.0,3.8,200.0,27.0
2019-08-10,0.3,22.6,30.5,78.0,1014.0,5.4,95.0,28.0
2019-08-11,0.5,22.7,29.5,78.0,1014.6,6.9,57.0,12.0
2019-08-12,22.3,22.3,31.0,76.0,1011.8,5.9,17.0,41.0
2019-08-13,6.5,20.4,28.6,75.0,1011.0,5.2,24.0,61.0
2019-08-14,0.1,18.6,25.2,68.0,1013.8,6.3,5.0,48.0
2019-08-15,0.0,18.0,24.9,64.0,1015.8,6.1,23.0,57.0
2019-08-16,2.9,16.2,26.2,71.0,1016.2,4.7,94.0,29.0
2019-08-17,0.0,17.8,27.6,69.0,1016.3,4.2,127.0,59.0
2019-08-18,0.0,19.0,28.4,77.0,1015.2,5.6,87.0,28.0
2019-08-19,0.2,20.4,28.2,78.0,1015.8,5.1,65.0,33.0
2019-08-20,0.0,21.5,30.1,71.0,1016.8,4.3,43.0,36.0
2019-08-21,3.8,20.1,31.1,68.0,1018.2,7.9,52.0,70.0
2019-08-22,0.3,19.7,26.9,74.0,1020.9,5.2,45.0,71.0
2019-08-23,4.4,20.8,27.4,77.0,1021.1,6.9,37.0,95.0
2019-08-24,5.2,20.0,28.1,76.0,1019.1,5.7,350.0,85.0
2019-08-25,0.0,18.9,28.6,69.0,1017.7,4.3,7.0,52.0
2019-08-26,0.0,21.2,28.7,68.0,1017.6,5.5,45.0,43.0
2019-08-27,0.0,20.2,29.1,69.0,1017.4,3.6,334.0,40.0
2019-08-28,0.0,22.2,29.1,66.0,1017.0,3.0,354.0,90.0
2019-08-29,1.3,20.9,29.5,70.0,1016.9,3.5,32.0,69.0
2019-08-30,0.0,21.5,30.2,63.0,1018.6,4.8,38.0,52.0
2019-08-31,1.4,21.8,29.2,66.0,1016.5,8.0,10.0,80.0
2019-09-01,0.4,20.4,29.7,62.0,1012.0,4.3,275.0,61.0
2019-09-02,1.6,20.2,27.1,75.0,1013.0,6.0,31.0,75.0
2019-09-03,0.3,18.1,25.9,67.0,1019.6,6.0,77.0,25.0
2019-09-04,0.0,16.5,24.8,63.0,1018.7,4.6,35.0,9.0
2019-09-05,0.0,16.5,27.1,64.0,1012.7,5.6,67.0,19.0
2019-09-06,14.1,16.8,22.9,66.0,1015.4,10.8,49.0,88.0
2019-09-07,3.5,15.7,23.0,77.0,1014.6,5.0,1.0,73.0
2019-09-08,21.8,14.7,18.6,82.0,1012.7,8.5,48.0,79.0
2019-09-09,0.9,12.4,21.4,76.0,1012.2,5.8,321.0,43.0
2019-09-10,1.7,14.2,22.0,75.0,1017.0,8.1,36.0,60.0
2019-09-11,0.0,14.3,23.9,65.0,1020.6,3.4,328.0,46.0
2019-09-12,0.0,15.5,26.4,67.0,1027.0,3.9,6.0,6.0
2019-09-13,0.0,16.8,25.8,69.0,1029.2,4.4,27.0,12.0
2019-09-14,0.0,18.0,26.0,72.0,1027.8,4.4,52.0,21.0
2019-09-15,0.0,18.1,26.8,74.0,1024.3,5.2,87.0,26.0
2019-09-16,0.0,18.8,26.8,78.0,1018.5,4.0,119.0,15.0
2019-09-17,0.1,18.1,26.3,82.0,1014.3,5.4,62.0,38.0
2019-09-18,28.4,16.1,21.9,87.0,1016.1,11.2,62.0,87.0
2019-09-19,0.4,15.4,22.1,59.0,1020.4,9.7,76.0,70.0
2019-09-20,0.0,13.0,18.3,56.0,1026.0,8.2,49.0,39.0
2019-09-21,0.0,10.1,20.5,64.0,1024.3,4.7,40.0,22.0
2019-09-22,1.1,12.9,18.5,71.0,1018.7,3.7,28.0,83.0
2019-09-23,4.2,12.8,17.2,86.0,1013.3,3.8,276.0,90.0
2019-09-24,0.0,14.3,23.0,71.0,1012.6,5.4,246.0,48.0
2019-09-25,26.4,13.9,20.7,80.0,1010.2,6.6,65.0,58.0
2019-09-26,0.1,12.8,22.7,77.0,1014.1,5.1,298.0,27.0
2019-09-27,0.2,15.6,21.0,79.0,1017.0,3.9,40.0,75.0
2019-09-28,3.5,16.8,22.2,87.0,1016.1,5.5,47.0,72.0
2019-09-29,0.4,16.1,22.8,82.0,1014.6,4.1,274.0,32.0
2019-09-30,0.0,13.9,22.9,81.0,1010.3,6.3,54.0,29.0
2019-10-01,2.2,16.6,22.7,82.0,1011.5,5.4,49.0,54.0
2019-10-02,15.1,14.8,20.5,91.0,1004.7,4.4,42.0,76.0
2019-10-03,7.5,11.4,17.8,71.0,1011.6,6.3,107.0,44.0
2019-10-04,0.1,10.5,14.8,71.0,1014.1,4.3,23.0,87.0
2019-10-05,0.0,10.0,18.1,77.0,1009.9,3.9,14.0,34.0
2019-10-06,2.1,12.3,16.2,76.0,1014.8,7.6,33.0,81.0
2019-10-07,3.5,12.0,18.5,71.0,1013.3,8.1,59.0,66.0
2019-10-08,0.0,10.5,16.9,66.0,1019.5,4.3,78.0,47.0
2019-10-09,5.5,11.7,17.3,80.0,1016.5,3.5,32.0,68.0
2019-10-10,0.0,12.9,19.2,83.0,1015.7,4.5,359.0,48.0
2019-10-11,0.0,11.6,19.9,75.0,1022.9,3.7,16.0,10.0
2019-10-12,0.0,12.7,19.0,76.0,1023.2,3.8,39.0,38.0
2019-10-13,0.0,11.7,18.4,86.0,1023.2,3.6,58.0,78.0
2019-10-14,0.1,14.0,19.3,86.0,1021.5,4.0,58.0,77.0
2019-10-15,10.3,15.8,18.7,91.0,1015.4,8.6,55.0,98.0
2019-10-16,5.2,13.8,20.1,84.0,1014.6,5.1,47.0,33.0
2019-10-17,0.6,13.4,19.5,81.0,1018.6,4.4,24.0,58.0
2019-10-18,0.0,13.5,18.7,82.0,1017.3,5.2,38.0,65.0
2019-10-19,6.5,14.0,18.1,86.0,1016.4,7.3,41.0,91.0
2019-10-20,0.3,14.4,21.0,83.0,1018.1,7.4,58.0,53.0
2019-10-21,4.9,15.6,21.1,85.0,1021.8,8.1,48.0,90.0
2019-10-22,0.0,15.1,21.8,78.0,1022.6,3.5,303.0,40.0
2019-10-23,0.0,14.5,22.4,71.0,1019.7,3.3,25.0,32.0
2019-10-24,0.7,13.6,18.9,84.0,1016.7,5.3,39.0,81.0
2019-10-25,0.0,14.2,21.7,71.0,1019.2,4.6,18.0,65.0
2019-10-26,0.0,13.3,21.5,64.0,1022.6,3.7,324.0,0.0
2019-10-27,0.0,13.8,19.3,73.0,1020.5,4.0,35.0,13.0
2019-10-28,0.3,12.8,18.7,82.0,1016.7,3.3,30.0,77.0
2019-10-29,5.8,12.6,15.7,89.0,1016.1,5.3,69.0,96.0
2019-10-30,0.1,10.4,14.0,68.0,1021.6,10.4,62.0,94.0
2019-10-31,0.0,8.4,12.7,67.0,1021.7,7.7,74.0,82.0
2019-11-01,0.0,6.6,13.1,69.0,1019.0,4.0,68.0,51.0
2019-11-02,4.0,9.4,11.5,88.0,1009.5,2.3,107.0,97.0
2019-11-03,37.2,11.2,14.4,90.0,996.4,5.7,31.0,99.0
2019-11-04,1.7,9.3,15.3,87.0,996.6,4.9,43.0,57.0
2019-11-05,11.4,10.7,15.9,88.0,997.8,5.2,4.0,71.0
2019-11-06,6.0,8.7,13.8,85.0,1002.4,5.4,48.0,73.0
2019-11-07,0.1,5.9,13.8,79.0,1007.3,4.6,5.0,52.0
2019-11-08,30.2,9.1,11.1,84.0,1004.5,10.4,28.0,100.0
2019-11-09,13.9,4.8,12.1,86.0,1008.0,5.7,5.0,68.0
2019-11-10,0.0,3.3,13.4,78.0,1010.3,4.4,342.0,18.0
2019-11-11,4.3,5.7,9.7,81.0,1013.9,5.0,7.0,98.0
2019-11-12,30.0,8.7,12.6,84.0,1001.9,8.0,4.0,100.0
2019-11-13,10.2,6.2,12.6,82.0,998.1,10.4,55.0,73.0
2019-11-14,0.0,2.1,12.9,67.0,1008.4,6.2,22.0,37.0
2019-11-15,48.5,9.1,12.1,85.0,1003.8,16.0,43.0,99.0
2019-11-16,7.9,7.9,12.6,85.0,1010.6,7.0,35.0,91.0
2019-11-17,45.0,8.3,14.0,86.0,1004.6,15.3,32.0,100.0
2019-11-18,5.6,4.0,12.1,77.0,1012.0,5.7,18.0,45.0
2019-11-19,21.9,8.1,11.3,83.0,1015.8,12.0,19.0,99.0
2019-11-20,2.2,8.3,14.2,83.0,1012.8,4.3,3.0,97.0
2019-11-21,0.5,7.1,11.2,91.0,1012.5,4.2,43.0,83.0
2019-11-22,2.3,6.8,12.2,83.0,1013.7,7.5,42.0,80.0
2019-11-23,10.8,9.3,12.1,85.0,1009.9,13.9,32.0,98.0
2019-11-24,34.9,11.5,13.6,84.0,1008.2,16.2,29.0,100.0
2019-11-25,0.3,9.9,16.5,77.0,1008.4,6.2,348.0,26.0
2019-11-26,0.0,8.5,13.5,80.0,1009.6,4.3,42.0,51.0
2019-11-27,15.9,8.8,10.8,82.0,1006.3,4.8,24.0,93.0
2019-11-28,0.0,6.9,11.9,85.0,1003.4,4.5,20.0,62.0
2019-11-29,0.3,6.3,10.7,87.0,1008.4,4.1,346.0,56.0
2019-11-30,0.0,3.6,11.7,73.0,1018.0,6.7,52.0,38.0
2019-12-01,2.5,5.3,9.3,75.0,1021.1,6.3,51.0,100.0
2019-12-02,9.1,7.7,11.2,87.0,1016.1,5.3,36.0,93.0
2019-12-03,0.0,2.0,7.9,66.0,1025.2,5.9,67.0,42.0
2019-12-04,0.0,0.1,8.2,71.0,1026.6,6.4,35.0,3.0
2019-12-05,0.0,-0.1,7.9,65.0,1026.2,4.7,22.0,4.0
2019-12-06,0.0,3.2,8.4,65.0,1024.4,2.8,333.0,26.0
2019-12-07,0.0,3.5,8.2,70.0,1019.5,3.9,14.0,40.0
2019-12-08,0.0,3.9,8.8,70.0,1019.7,4.4,323.0,33.0
2019-12-09,0.0,3.8,8.2,81.0,1009.7,4.1,343.0,70.0
2019-12-10,0.0,0.6,12.8,67.0,1016.5,5.7,2.0,3.0
2019-12-11,0.0,-0.6,7.1,51.0,1017.7,3.6,319.0,33.0
2019-12-12,1.7,-1.0,4.2,72.0,1006.1,5.1,316.0,97.0
2019-12-13,10.0,-0.2,3.5,89.0,992.7,6.4,344.0,83.0
2019-12-14,0.0,1.0,8.2,70.0,1000.8,5.5,11.0,19.0
2019-12-15,0.0,2.1,10.3,67.0,1014.3,4.4,337.0,58.0
2019-12-16,0.0,5.6,10.8,75.0,1020.5,3.2,7.0,81.0
2019-12-17,3.4,6.8,11.4,86.0,1020.3,5.6,18.0,98.0
2019-12-18,1.0,9.0,14.7,87.0,1022.7,5.6,28.0,89.0
2019-12-19,3.5,9.6,14.2,83.0,1020.8,9.7,34.0,95.0
2019-12-20,22.7,9.0,10.4,94.0,1010.3,6.7,40.0,98.0
2019-12-21,39.1,4.8,12.4,88.0,994.7,9.5,19.0,71.0
2019-12-22,16.5,5.4,10.2,85.0,989.6,9.1,26.0,74.0
2019-12-23,0.0,4.1,15.1,62.0,1001.7,9.1,297.0,52.0
2019-12-24,0.0,2.1,10.4,64.0,1014.2,5.0,348.0,37.0
2019-12-25,0.0,1.3,9.2,68.0,1015.0,5.0,321.0,4.0
2019-12-26,0.0,0.9,11.0,60.0,1022.0,5.6,6.0,32.0
2019-12-27,0.0,3.7,10.6,75.0,1023.1,3.6,359.0,55.0
2019-12-28,0.0,3.7,10.1,74.0,1031.4,4.6,42.0,63.0
2019-12-29,0.0,0.3,6.0,77.0,1035.3,4.2,43.0,47.0
2019-12-30,0.0,0.0,4.7,79.0,1036.7,3.9,278.0,17.0
2019-12-31,0.0,2.4,5.6,62.0,1030.8,2.7,303.0,26.0
2020-01-01,0.0,0.9,9.7,58.0,1031.7,3.8,19.0,1.0
2020-01-02,0.0,1.1,9.0,59.0,1032.2,3.9,329.0,8.0
2020-01-03,0.0,0.5,6.2,66.0,1027.8,3.7,17.0,63.0
2020-01-04,0.0,2.0,9.2,62.0,1023.6,3.0,319.0,18.0
2020-01-05,0.0,-0.5,11.4,67.0,1028.1,4.9,20.0,8.0
2020-01-06,0.0,0.3,5.7,77.0,1032.4,5.3,328.0,43.0
2020-01-07,0.0,0.4,5.7,71.0,1027.9,3.2,311.0,15.0
2020-01-08,0.0,1.8,8.4,47.0,1030.8,3.9,340.0,3.0
2020-01-09,0.0,4.0,8.6,54.0,1027.5,3.6,29.0,41.0
2020-01-10,0.0,-1.1,7.1,63.0,1025.0,4.7,32.0,14.0
2020-01-11,0.0,2.7,11.4,53.0,1028.4,4.3,343.0,1.0
2020-01-12,0.0,1.5,7.5,71.0,1029.5,4.5,12.0,5.0
2020-01-13,0.0,0.4,8.5,55.0,1026.6,4.4,8.0,55.0
2020-01-14,0.0,0.4,5.8,77.0,1026.0,3.0,357.0,51.0
2020-01-15,0.0,1.3,6.2,75.0,1028.9,3.2,348.0,58.0
2020-01-16,0.0,1.0,9.6,73.0,1030.6,4.5,324.0,26.0
2020-01-17,0.0,3.4,10.7,61.0,1025.6,3.6,9.0,21.0
2020-01-18,8.3,4.1,7.2,85.0,1023.2,4.9,354.0,96.0
2020-01-19,2.0,2.0,9.9,79.0,1028.2,4.1,358.0,72.0
2020-01-20,0.0,-1.2,8.8,60.0,1040.8,4.7,17.0,44.0
2020-01-21,0.0,-0.9,7.6,57.0,1042.3,4.5,302.0,22.0
2020-01-22,0.0,-0.3,6.0,49.0,1034.3,3.8,32.0,50.0
2020-01-23,0.0,1.1,9.7,54.0,1031.7,4.9,26.0,1.0
2020-01-24,0.1,0.7,7.6,54.0,1028.0,3.6,31.0,19.0
2020-01-25,0.3,3.8,8.4,63.0,1024.6,3.6,305.0,95.0
2020-01-26,1.1,4.3,9.0,86.0,1021.4,2.6,299.0,79.0
2020-01-27,0.2,3.5,9.4,87.0,1018.9,3.7,34.0,61.0
2020-01-28,3.4,3.3,8.2,90.0,1008.2,3.8,356.0,78.0
2020-01-29,0.0,1.4,9.8,81.0,1009.0,5.2,33.0,18.0
2020-01-30,0.0,2.3,11.1,64.0,1018.6,4.3,5.0,49.0
2020-01-31,0.0,3.2,8.7,81.0,1019.1,4.7,57.0,34.0
2020-02-01,0.0,3.8,9.8,82.0,1018.6,4.1,28.0,52.0
2020-02-02,0.0,4.0,9.0,85.0,1018.3,3.9,28.0,44.0
2020-02-03,0.0,3.2,8.9,88.0,1016.5,5.3,29.0,58.0
2020-02-04,0.9,3.0,13.9,72.0,1007.5,5.6,305.0,54.0
2020-02-05,0.0,-0.3,12.3,45.0,1018.4,10.0,325.0,5.0
2020-02-06,0.0,-1.3,10.2,49.0,1028.7,4.0,294.0,1.0
2020-02-07,0.0,2.5,9.3,52.0,1026.9,3.3,21.0,1.0
2020-02-08,0.0,1.0,9.4,51.0,1028.9,5.0,23.0,22.0
2020-02-09,0.0,3.1,8.3,61.0,1029.5,3.6,360.0,45.0
2020-02-10,1.5,4.0,8.3,88.0,1016.1,5.2,53.0,75.0
2020-02-11,0.2,1.4,11.4,82.0,1007.7,6.3,42.0,22.0
2020-02-12,1.2,2.7,12.3,62.0,1016.3,4.3,348.0,7.0
2020-02-13,0.1,3.7,11.7,56.0,1019.4,4.8,26.0,55.0
2020-02-14,3.7,3.1,14.7,78.0,1017.1,5.5,341.0,18.0
2020-02-15,0.0,5.7,13.2,61.0,1027.5,5.5,41.0,45.0
2020-02-16,0.0,5.5,11.7,74.0,1028.3,3.6,38.0,79.0
2020-02-17,1.1,5.4,9.7,90.0,1025.3,4.5,72.0,96.0
2020-02-18,1.2,6.7,14.0,83.0,1023.6,4.4,35.0,61.0
2020-02-19,1.1,3.3,11.6,75.0,1020.9,4.8,344.0,49.0
2020-02-20,0.0,2.5,11.7,53.0,1024.6,5.1,57.0,6.0
2020-02-21,0.0,2.3,12.4,68.0,1024.5,5.6,47.0,14.0
2020-02-22,0.0,2.8,13.0,55.0,1031.2,5.3,54.0,42.0
2020-02-23,0.0,2.2,10.9,74.0,1025.9,6.0,56.0,62.0
2020-02-24,0.0,5.8,14.1,83.0,1019.8,8.6,55.0,71.0
2020-02-25,0.9,6.0,11.7,83.0,1010.6,3.1,22.0,78.0
2020-02-26,4.3,5.8,14.9,82.0,998.7,7.3,354.0,79.0
2020-02-27,0.0,0.2,11.8,44.0,1007.4,6.8,268.0,43.0
2020-02-28,0.0,2.2,13.6,40.0,1012.9,7.8,319.0,6.0
2020-02-29,0.0,2.8,11.0,50.0,1016.4,5.5,20.0,92.0
2020-03-01,11.8,6.7,9.2,86.0,1006.9,5.3,354.0,96.0
2020-03-02,26.3,3.5,8.2,88.0,999.7,13.3,35.0,79.0
2020-03-03,22.0,5.4,9.7,85.0,997.5,7.9,26.0,85.0
2020-03-04,2.4,3.8,11.5,76.0,1010.7,5.4,310.0,50.0
2020-03-05,2.6,3.3,10.2,80.0,1010.5,4.3,20.0,91.0
2020-03-06,19.1,4.2,11.4,83.0,999.8,9.1,45.0,86.0
2020-03-07,1.3,4.6,12.9,74.0,1010.8,4.5,315.0,64.0
2020-03-08,0.0,2.2,12.2,58.0,1020.2,4.1,127.0,7.0
2020-03-09,0.2,2.8,10.9,73.0,1014.7,5.1,38.0,95.0
2020-03-10,0.0,5.9,13.4,66.0,1017.0,3.8,53.0,66.0
2020-03-11,0.0,4.7,14.1,71.0,1018.7,4.3,36.0,9.0
2020-03-12,0.0,5.9,13.9,75.0,1019.5,4.3,21.0,50.0
2020-03-13,1.0,8.7,15.1,81.0,1015.6,6.7,69.0,89.0
2020-03-14,2.8,7.9,12.8,64.0,1018.9,11.6,41.0,96.0
2020-03-15,0.0,5.3,12.1,66.0,1024.6,5.1,2.0,27.0
2020-03-16,0.0,3.5,13.4,52.0,1026.8,5.1,63.0,2.0
2020-03-17,0.0,5.4,14.1,63.0,1030.5,4.5,57.0,26.0
2020-03-18,0.0,7.2,19.0,63.0,1028.4,4.0,17.0,4.0
2020-03-19,0.0,8.5,19.2,61.0,1025.1,4.6,46.0,1.0
2020-03-20,0.4,7.8,17.5,78.0,1022.0,5.8,76.0,23.0
2020-03-21,0.1,8.1,15.3,85.0,1016.5,5.2,72.0,51.0
2020-03-22,1.4,6.8,11.7,65.0,1020.7,10.7,78.0,88.0
2020-03-23,0.0,2.1,7.4,41.0,1028.4,8.8,132.0,51.0
2020-03-24,0.0,-2.0,10.2,51.0,1026.4,5.3,250.0,36.0
2020-03-25,0.0,1.3,8.8,53.0,1022.2,13.4,67.0,47.0
2020-03-26,1.3,0.9,9.9,54.0,1016.7,9.6,46.0,95.0
2020-03-27,0.0,6.1,14.3,58.0,1016.1,7.9,54.0,93.0
2020-03-28,0.0,5.3,17.1,57.0,1015.0,4.8,333.0,22.0
2020-03-29,2.3,7.1,17.3,71.0,1012.8,3.2,333.0,65.0
2020-03-30,4.4,5.1,12.1,71.0,1015.9,14.5,63.0,94.0
2020-03-31,0.4,2.6,9.8,56.0,1022.6,7.1,70.0,60.0
2020-04-01,0.0,0.4,9.2,54.0,1022.0,5.4,193.0,14.0
2020-04-02,0.0,1.6,11.9,60.0,1015.4,4.2,125.0,1.0
2020-04-03,0.0,3.5,14.5,62.0,1014.3,4.1,12.0,6.0
2020-04-04,0.0,6.5,17.2,48.0,1020.7,6.5,73.0,20.0
2020-04-05,0.0,6.6,18.6,46.0,1024.7,8.7,50.0,5.0
2020-04-06,0.0,8.7,20.1,43.0,1026.4,11.0,45.0,0.0
2020-04-07,0.0,8.6,19.9,43.0,1029.0,6.7,49.0,0.0
2020-04-08,0.0,8.4,20.5,36.0,1027.1,7.4,42.0,0.0
2020-04-09,0.0,8.2,20.9,43.0,1022.7,4.1,307.0,0.0
2020-04-10,0.0,10.8,23.4,42.0,1021.8,4.7,288.0,0.0
2020-04-11,0.0,12.0,23.2,48.0,1021.1,5.1,72.0,8.0
2020-04-12,0.0,10.2,22.9,53.0,1019.3,6.3,67.0,25.0
2020-04-13,0.0,11.2,21.4,55.0,1014.2,5.9,99.0,85.0
2020-04-14,1.0,7.5,17.9,64.0,1014.3,12.1,70.0,58.0
2020-04-15,0.0,7.3,13.9,57.0,1025.4,5.0,107.0,36.0
2020-04-16,0.0,8.1,18.9,54.0,1022.0,5.4,215.0,60.0
2020-04-17,0.0,7.2,19.0,67.0,1018.6,5.7,68.0,30.0
2020-04-18,0.0,9.9,20.4,69.0,1016.7,5.2,93.0,56.0
2020-04-19,0.0,10.9,21.0,66.0,1013.9,5.0,85.0,79.0
2020-04-20,2.9,13.2,17.0,66.0,1014.1,14.1,61.0,100.0
2020-04-21,0.3,12.6,19.0,42.0,1014.4,14.0,67.0,84.0
2020-04-22,0.0,11.0,20.6,39.0,1017.7,13.6,57.0,3.0
2020-04-23,0.0,10.8,20.9,46.0,1018.9,8.7,60.0,1.0
2020-04-24,0.0,10.0,21.9,51.0,1014.1,6.4,209.0,29.0
2020-04-25,0.0,10.9,21.5,60.0,1008.6,6.7,69.0,35.0
2020-04-26,0.1,12.7,19.6,72.0,1009.6,7.4,75.0,56.0
2020-04-27,0.7,12.2,19.9,75.0,1011.8,5.6,64.0,61.0
2020-04-28,7.8,12.4,17.9,87.0,1010.5,5.8,62.0,82.0
2020-04-29,4.9,11.5,18.9,82.0,1007.5,3.9,42.0,63.0
2020-04-30,7.4,10.7,18.8,74.0,1010.3,4.5,89.0,64.0
2020-05-01,9.0,10.3,18.0,84.0,1007.1,5.1,94.0,88.0
2020-05-02,3.0,13.1,20.2,78.0,1007.3,3.8,36.0,67.0
2020-05-03,3.7,10.8,19.9,63.0,1014.1,5.3,97.0,17.0
2020-05-04,0.0,11.0,21.4,57.0,1018.4,6.1,92.0,22.0
2020-05-05,0.4,10.7,19.4,68.0,1014.3,4.8,58.0,69.0
2020-05-06,0.6,12.1,17.8,70.0,1016.4,7.4,49.0,63.0
2020-05-07,0.0,9.7,21.5,61.0,1021.7,5.5,223.0,7.0
2020-05-08,0.0,10.8,22.9,68.0,1020.4,6.1,87.0,65.0
2020-05-09,0.0,12.7,22.5,68.0,1015.6,4.8,66.0,34.0
2020-05-10,0.0,14.3,20.7,76.0,1011.9,8.5,66.0,74.0
2020-05-11,28.7,14.3,18.6,84.0,1005.8,8.1,43.0,92.0
2020-05-12,16.1,12.0,21.4,82.0,1009.0,11.2,70.0,68.0
2020-05-13,7.7,11.8,19.2,81.0,1012.2,6.8,75.0,84.0
2020-05-14,0.5,12.2,22.5,77.0,1008.3,5.8,78.0,60.0
2020-05-15,12.4,14.5,20.6,78.0,1009.7,11.4,67.0,75.0
2020-05-16,5.0,13.7,19.8,77.0,1019.1,10.7,62.0,94.0
2020-05-17,5.2,13.1,23.6,77.0,1017.5,5.9,3.0,69.0
2020-05-18,0.0,14.0,24.4,70.0,1019.4,6.2,49.0,66.0
2020-05-19,1.0,16.3,23.5,73.0,1015.0,8.3,51.0,93.0
2020-05-20,2.9,15.3,24.4,75.0,1013.3,5.7,242.0,63.0
2020-05-21,3.6,14.7,23.4,73.0,1018.5,6.1,192.0,29.0
2020-05-22,0.0,14.9,23.1,70.0,1023.3,4.6,57.0,72.0
2020-05-23,1.9,15.4,23.7,69.0,1022.3,5.4,80.0,77.0
2020-05-24,12.6,15.4,21.6,69.0,1024.5,4.6,198.0,58.0
2020-05-25,0.1,13.1,23.6,61.0,1025.7,5.8,356.0,28.0
2020-05-26,0.6,13.3,20.8,67.0,1027.6,8.0,36.0,24.0
2020-05-27,0.1,12.3,22.3,61.0,1029.2,6.2,246.0,21.0
2020-05-28,0.8,13.1,22.4,61.0,1024.3,5.4,43.0,52.0
2020-05-29,3.4,11.4,20.7,64.0,1021.7,6.7,35.0,27.0
2020-05-30,1.2,12.8,19.9,64.0,1017.8,5.8,19.0,61.0
2020-05-31,1.4,14.0,20.0,69.0,1016.8,5.4,20.0,86.0
2020-06-01,0.1,13.8,23.7,65.0,1017.3,3.7,272.0,30.0
2020-06-02,0.1,15.2,25.1,65.0,1014.0,4.3,19.0,41.0
2020-06-03,1.5,13.6,23.8,74.0,1008.3,5.1,350.0,60.0
2020-06-04,38.5,15.2,18.6,87.0,1002.6,6.3,75.0,97.0
2020-06-05,11.0,14.9,20.4,81.0,998.2,6.7,76.0,55.0
2020-06-06,7.2,15.2,22.8,80.0,1006.5,7.4,62.0,54.0
2020-06-07,44.2,15.6,21.5,86.0,1007.0,6.5,43.0,83.0
2020-06-08,12.8,15.8,20.6,85.0,1008.1,10.5,66.0,87.0
2020-06-09,7.9,14.6,20.8,82.0,1009.6,8.4,66.0,83.0
2020-06-10,7.7,12.7,19.6,84.0,1009.8,4.1,59.0,83.0
2020-06-11,2.7,13.4,19.9,82.0,1010.5,5.3,69.0,63.0
2020-06-12,0.0,12.2,23.7,70.0,1011.7,5.8,224.0,23.0
2020-06-13,0.8,14.1,24.5,78.0,1011.1,6.5,67.0,36.0
2020-06-14,16.5,17.0,22.6,86.0,1010.0,4.4,120.0,78.0
2020-06-15,14.5,17.2,20.9,89.0,1012.6,3.1,90.0,91.0
2020-06-16,1.5,16.7,23.7,85.0,1012.5,4.0,252.0,94.0
2020-06-17,2.8,16.8,23.4,80.0,1010.0,5.1,251.0,70.0
2020-06-18,2.2,15.1,25.0,79.0,1010.6,6.4,106.0,27.0
2020-06-19,6.3,15.2,24.0,81.0,1013.8,5.1,25.0,43.0
2020-06-20,0.0,14.9,25.1,68.0,1015.9,5.6,265.0,19.0
2020-06-21,2.1,16.3,25.4,70.0,1014.8,4.8,29.0,44.0
2020-06-22,0.0,16.6,29.6,63.0,1016.2,4.1,278.0,10.0
2020-06-23,0.0,19.4,28.8,60.0,1018.0,4.7,101.0,11.0
2020-06-24,1.3,18.3,25.5,68.0,1019.8,7.6,75.0,49.0
2020-06-25,6.7,17.4,23.5,81.0,1018.9,8.6,61.0,69.0
2020-06-26,0.7,16.5,26.3,78.0,1017.5,4.2,120.0,51.0
2020-06-27,0.1,19.2,27.5,76.0,1015.8,4.0,158.0,30.0
2020-06-28,0.1,20.0,28.5,77.0,1015.0,4.5,104.0,18.0
2020-06-29,0.6,19.5,28.2,77.0,1010.7,7.2,53.0,30.0
2020-06-30,0.0,20.5,27.1,69.0,1011.9,7.0,57.0,33.0
2020-07-01,0.2,21.3,27.3,78.0,1011.5,3.9,35.0,57.0
2020-07-02,0.5,20.2,27.1,78.0,1010.6,3.8,59.0,70.0
2020-07-03,2.7,18.9,27.0,72.0,1012.6,7.4,40.0,69.0
2020-07-04,0.0,18.9,26.6,65.0,1016.9,4.6,21.0,48.0
2020-07-05,0.0,19.1,28.8,66.0,1016.3,5.0,36.0,12.0
2020-07-06,0.6,20.4,29.2,70.0,1010.3,3.9,44.0,18.0
2020-07-07,16.1,16.1,23.7,64.0,1015.3,7.0,77.0,17.0
2020-07-08,0.0,16.9,26.5,63.0,1017.6,6.4,66.0,7.0
2020-07-09,0.0,17.4,27.7,65.0,1016.9,3.8,56.0,22.0
2020-07-10,0.0,19.4,30.2,69.0,1014.6,5.0,126.0,31.0
2020-07-11,16.2,17.6,26.4,80.0,1014.4,5.9,65.0,74.0
2020-07-12,0.0,16.9,24.9,67.0,1021.1,5.8,63.0,20.0
2020-07-13,0.0,17.9,23.9,54.0,1020.9,8.1,51.0,63.0
2020-07-14,0.0,18.6,24.0,54.0,1016.1,6.1,41.0,61.0
2020-07-15,0.0,16.6,25.6,63.0,1013.5,5.0,2.0,62.0
2020-07-16,3.2,16.7,25.5,72.0,1014.0,5.2,56.0,47.0
2020-07-17,13.9,17.5,22.7,81.0,1014.1,7.8,52.0,66.0
2020-07-18,4.2,15.9,23.2,76.0,1016.1,5.6,348.0,31.0
2020-07-19,0.0,16.2,25.5,72.0,1015.6,4.6,270.0,20.0
2020-07-20,0.0,17.5,28.3,71.0,1016.5,4.7,104.0,23.0
2020-07-21,0.1,20.1,29.9,70.0,1018.4,5.2,320.0,32.0
2020-07-22,0.0,20.6,29.3,73.0,1016.8,4.9,36.0,60.0
2020-07-23,5.1,19.5,28.5,71.0,1013.3,4.6,358.0,43.0
2020-07-24,6.3,19.1,22.2,82.0,1011.4,6.8,302.0,96.0
2020-07-25,0.0,16.7,26.8,70.0,1012.7,5.0,276.0,42.0
2020-07-26,0.0,18.4,27.1,74.0,1014.1,4.9,70.0,56.0
2020-07-27,0.0,19.6,28.7,69.0,1016.8,4.5,360.0,18.0
2020-07-28,0.0,20.4,30.8,70.0,1015.1,5.2,98.0,13.0
2020-07-29,0.0,22.4,30.8,73.0,1014.7,4.2,81.0,35.0
2020-07-30,3.4,21.5,31.8,73.0,1016.6,4.7,335.0,47.0
2020-07-31,0.0,23.3,32.6,69.0,1014.7,4.3,39.0,49.0
2020-08-01,0.0,23.9,33.0,69.0,1012.4,4.1,25.0,33.0
2020-08-02,1.2,22.5,28.7,68.0,1011.0,7.4,67.0,61.0
2020-08-03,58.5,19.9,25.9,84.0,1005.3,4.4,43.0,88.0
2020-08-04,1.4,17.5,23.3,80.0,1005.1,5.2,338.0,86.0
2020-08-05,0.0,16.7,25.3,62.0,1013.0,4.2,348.0,64.0
2020-08-06,0.0,17.5,28.1,69.0,1016.4,4.4,251.0,19.0
2020-08-07,0.0,20.3,30.3,65.0,1018.5,4.5,41.0,14.0
2020-08-08,0.0,19.9,32.2,55.0,1018.0,4.5,7.0,2.0
2020-08-09,0.0,21.1,31.7,58.0,1016.0,4.2,311.0,16.0
2020-08-10,0.4,21.9,30.6,69.0,1014.7,4.1,354.0,58.0
2020-08-11,1.6,21.6,30.7,74.0,1015.5,4.0,18.0,61.0
2020-08-12,0.6,22.1,29.3,70.0,1016.1,3.4,332.0,64.0
2020-08-13,1.7,21.7,28.8,74.0,1014.9,4.8,336.0,69.0
2020-08-14,0.2,20.9,27.5,74.0,1012.6,5.5,12.0,62.0
2020-08-15,0.0,20.0,28.6,70.0,1012.2,4.2,301.0,44.0
2020-08-16,0.0,20.3,28.7,68.0,1011.5,4.4,29.0,74.0
2020-08-17,5.6,20.3,26.7,75.0,1010.4,4.5,25.0,87.0
2020-08-18,3.2,18.1,26.4,69.0,1010.3,4.2,48.0,65.0
2020-08-19,0.0,18.1,27.5,70.0,1010.9,4.4,291.0,44.0
2020-08-20,0.0,20.5,29.3,74.0,1013.0,4.9,63.0,45.0
2020-08-21,0.0,21.8,30.7,73.0,1015.9,4.9,122.0,15.0
2020-08-22,0.0,21.3,30.9,72.0,1014.6,4.7,76.0,9.0
2020-08-23,1.2,21.6,29.4,66.0,1013.5,8.5,62.0,44.0
2020-08-24,5.1,18.6,26.9,68.0,1013.8,8.9,35.0,65.0
2020-08-25,0.2,17.3,26.9,63.0,1014.6,4.9,339.0,13.0
2020-08-26,0.0,18.0,29.0,65.0,1014.2,5.4,68.0,54.0
2020-08-27,0.6,20.5,27.7,72.0,1013.3,5.4,56.0,45.0
2020-08-28,4.5,20.2,28.5,71.0,1008.7,7.0,39.0,59.0
2020-08-29,27.8,19.3,24.4,86.0,1004.6,8.1,32.0,84.0
2020-08-30,57.7,18.5,23.7,83.0,1005.2,8.0,346.0,80.0
2020-08-31,10.1,16.7,22.0,80.0,1011.8,5.5,40.0,93.0
2020-09-01,3.2,15.0,23.1,83.0,1011.7,5.6,279.0,53.0
2020-09-02,13.8,14.5,22.0,78.0,1015.6,4.8,4.0,53.0
2020-09-03,0.0,14.8,23.6,72.0,1020.8,3.1,333.0,17.0
2020-09-04,0.0,15.7,24.8,70.0,1025.4,3.4,108.0,15.0
2020-09-05,0.0,16.6,25.8,79.0,1019.0,3.5,41.0,1.0
2020-09-06,1.4,18.7,25.0,81.0,1013.7,4.6,31.0,34.0
2020-09-07,6.6,18.0,23.4,77.0,1016.8,8.2,39.0,66.0
2020-09-08,0.0,16.5,24.9,72.0,1025.0,4.4,41.0,9.0
2020-09-09,0.0,16.4,26.2,73.0,1023.2,4.9,307.0,9.0
2020-09-10,0.0,17.2,26.0,78.0,1017.3,4.8,42.0,65.0
2020-09-11,0.0,19.8,27.1,67.0,1014.9,6.3,50.0,66.0
2020-09-12,0.0,19.2,28.1,65.0,1017.6,5.0,32.0,15.0
2020-09-13,0.0,19.6,28.7,63.0,1023.3,4.9,24.0,6.0
2020-09-14,0.0,21.0,28.4,63.0,1025.7,7.2,34.0,5.0
2020-09-15,0.0,18.7,28.1,61.0,1022.1,7.6,33.0,20.0
2020-09-16,0.0,18.7,28.3,63.0,1017.5,4.4,333.0,16.0
2020-09-17,0.0,19.1,29.2,62.0,1016.4,5.0,17.0,21.0
2020-09-18,0.0,18.2,25.5,65.0,1020.3,6.1,53.0,20.0
2020-09-19,0.0,15.3,23.3,66.0,1020.2,5.7,52.0,31.0
2020-09-20,0.0,15.9,23.5,67.0,1016.4,4.8,52.0,35.0
2020-09-21,0.1,16.2,25.2,73.0,1016.0,3.8,58.0,56.0
2020-09-22,6.9,17.4,22.6,83.0,1014.7,4.4,62.0,94.0
2020-09-23,4.6,16.7,22.5,85.0,1010.4,4.4,221.0,80.0
2020-09-24,20.5,15.9,21.8,85.0,1010.6,5.3,52.0,82.0
2020-09-25,25.0,12.7,20.2,88.0,996.8,6.8,51.0,76.0
2020-09-26,2.5,10.8,18.0,68.0,996.9,8.1,45.0,89.0
2020-09-27,4.9,9.8,15.7,74.0,1005.1,10.8,48.0,81.0
2020-09-28,9.3,10.8,14.8,86.0,1007.1,5.2,288.0,92.0
2020-09-29,0.0,8.6,18.5,77.0,1016.0,3.6,11.0,26.0
2020-09-30,0.0,11.4,19.2,79.0,1015.1,4.1,23.0,34.0
2020-10-01,1.0,13.1,19.9,83.0,1008.4,5.2,40.0,62.0
2020-10-02,15.8,14.0,17.1,91.0,1003.8,12.0,42.0,96.0
2020-10-03,16.7,12.7,18.3,87.0,1000.1,12.0,37.0,81.0
2020-10-04,8.9,9.8,17.2,77.0,1005.5,7.4,32.0,62.0
2020-10-05,19.2,11.2,19.0,81.0,1008.4,7.4,349.0,63.0
2020-10-06,0.1,10.0,18.0,78.0,1013.2,5.4,35.0,55.0
2020-10-07,0.5,12.0,17.8,84.0,1011.9,4.8,359.0,40.0
2020-10-08,0.0,10.2,19.8,68.0,1021.6,4.1,5.0,27.0
2020-10-09,0.0,11.5,19.0,75.0,1022.5,3.5,15.0,83.0
2020-10-10,0.6,13.2,18.7,80.0,1018.0,4.2,42.0,55.0
2020-10-11,39.6,9.8,14.5,79.0,1013.0,10.7,31.0,100.0
2020-10-12,0.4,8.9,15.9,69.0,1012.1,6.5,303.0,73.0
2020-10-13,0.0,5.4,15.6,58.0,1009.5,4.7,343.0,9.0
2020-10-14,0.0,5.8,14.8,65.0,1009.3,4.1,21.0,23.0
2020-10-15,29.5,10.4,12.6,73.0,1006.6,15.4,31.0,100.0
2020-10-16,0.2,8.8,15.1,77.0,1011.8,3.8,297.0,92.0
2020-10-17,3.6,8.1,15.2,83.0,1015.3,5.3,40.0,61.0
2020-10-18,0.5,7.9,15.7,81.0,1020.5,3.7,9.0,35.0
2020-10-19,0.6,8.1,15.7,79.0,1024.0,3.8,28.0,46.0
2020-10-20,0.0,8.1,15.2,88.0,1024.8,4.6,45.0,75.0
2020-10-21,0.4,9.3,15.7,88.0,1023.7,4.2,48.0,73.0
2020-10-22,0.0,9.1,14.9,88.0,1023.7,5.1,56.0,66.0
2020-10-23,10.5,11.8,15.8,91.0,1020.9,3.8,55.0,99.0
2020-10-24,4.7,11.3,18.0,88.0,1016.3,3.6,24.0,63.0
2020-10-25,0.2,10.5,18.5,82.0,1014.5,5.3,263.0,27.0
2020-10-26,14.0,10.8,16.0,90.0,1008.9,9.1,35.0,74.0
2020-10-27,13.0,10.3,15.7,86.0,1008.5,5.1,27.0,57.0
2020-10-28,0.0,8.8,15.4,80.0,1016.9,3.5,354.0,45.0
2020-10-29,0.0,9.3,16.5,77.0,1018.9,3.1,308.0,76.0
2020-10-30,0.0,10.3,15.8,74.0,1023.3,2.8,329.0,48.0
2020-10-31,0.0,9.7,15.8,76.0,1023.6,2.9,306.0,33.0
2020-11-01,0.0,9.1,14.9,85.0,1022.2,3.7,22.0,52.0
2020-11-02,0.2,9.4,13.3,92.0,1023.3,3.6,54.0,85.0
2020-11-03,0.0,9.7,15.4,91.0,1023.7,3.6,3.0,74.0
2020-11-04,0.0,10.5,17.2,86.0,1023.4,4.4,41.0,77.0
2020-11-05,0.0,10.7,17.4,80.0,1029.7,4.2,31.0,64.0
2020-11-06,0.0,9.0,16.0,83.0,1032.1,4.2,360.0,15.0
2020-11-07,0.0,7.2,17.5,77.0,1029.8,3.9,328.0,0.0
2020-11-08,0.0,8.5,14.6,76.0,1026.6,3.5,22.0,13.0
2020-11-09,0.0,9.2,15.6,72.0,1024.4,2.7,352.0,16.0
2020-11-10,0.0,7.8,15.7,77.0,1025.5,3.9,66.0,65.0
2020-11-11,0.2,6.6,13.2,75.0,1026.4,5.4,57.0,34.0
2020-11-12,0.0,6.2,11.7,81.0,1025.4,3.7,9.0,30.0
2020-11-13,0.0,7.2,12.4,80.0,1025.8,2.8,351.0,30.0
2020-11-14,0.0,7.0,12.6,82.0,1026.0,2.8,341.0,60.0
2020-11-15,0.0,9.1,12.9,80.0,1023.1,2.8,7.0,30.0
2020-11-16,6.2,7.2,12.2,91.0,1018.4,4.6,321.0,66.0
2020-11-17,0.0,5.9,13.9,75.0,1026.8,4.2,316.0,18.0
2020-11-18,0.0,5.7,14.7,66.0,1029.6,3.9,307.0,8.0
2020-11-19,0.0,7.6,12.4,65.0,1023.7,3.1,25.0,6.0
2020-11-20,0.6,4.3,11.5,66.0,1023.3,6.2,358.0,59.0
2020-11-21,0.0,0.3,9.4,55.0,1033.2,5.4,17.0,2.0
2020-11-22,0.0,0.2,8.4,60.0,1032.1,3.8,322.0,31.0
2020-11-23,0.0,2.6,7.7,59.0,1029.0,3.6,23.0,61.0
2020-11-24,0.0,2.6,11.0,51.0,1028.0,4.1,9.0,14.0
2020-11-25,0.0,4.0,9.9,59.0,1024.9,3.4,352.0,0.0
2020-11-26,0.0,2.4,10.1,64.0,1025.0,3.4,345.0,21.0
2020-11-27,0.0,2.2,7.9,66.0,1023.5,3.4,3.0,11.0
2020-11-28,0.0,2.6,9.4,70.0,1019.8,4.0,2.0,35.0
2020-11-29,0.0,2.1,9.1,71.0,1018.8,5.2,40.0,49.0
2020-11-30,0.0,0.9,7.4,71.0,1024.2,4.0,17.0,15.0
2020-12-01,0.0,0.6,6.1,70.0,1018.8,6.7,49.0,68.0
2020-12-02,19.1,2.1,4.4,83.0,1013.3,10.2,52.0,100.0
2020-12-03,4.9,1.1,5.7,93.0,1008.2,4.5,264.0,78.0
2020-12-04,17.2,1.0,6.7,82.0,1002.8,11.6,33.0,96.0
2020-12-05,42.4,6.8,12.4,90.0,1000.1,13.8,40.0,100.0
2020-12-06,28.7,8.3,12.4,88.0,998.8,13.1,45.0,100.0
2020-12-07,9.8,4.2,8.3,90.0,1004.0,7.5,38.0,82.0
2020-12-08,31.2,4.1,7.0,80.0,1003.8,15.7,27.0,95.0
2020-12-09,20.8,6.1,9.7,81.0,1001.8,12.1,31.0,100.0
2020-12-10,0.5,3.8,9.4,84.0,1005.5,3.8,354.0,59.0
2020-12-11,0.1,2.6,8.6,79.0,1006.0,3.3,327.0,61.0
2020-12-12,0.3,2.8,7.6,87.0,1002.3,3.4,329.0,93.0
2020-12-13,0.0,2.4,10.5,72.0,1010.2,3.4,340.0,14.0
2020-12-14,0.0,4.0,10.5,63.0,1018.3,3.6,349.0,25.0
2020-12-15,0.0,3.0,9.0,71.0,1020.2,3.2,345.0,74.0
2020-12-16,0.1,3.0,8.5,78.0,1023.4,3.8,7.0,63.0
2020-12-17,0.0,3.2,8.9,83.0,1026.3,3.7,6.0,49.0
2020-12-18,0.0,3.0,11.3,72.0,1027.9,4.0,329.0,31.0
2020-12-19,0.0,5.5,9.9,70.0,1026.4,2.8,0.0,58.0
2020-12-20,0.2,4.6,9.2,84.0,1025.8,3.4,333.0,78.0
2020-12-21,0.2,5.2,9.6,82.0,1026.8,3.1,312.0,75.0
2020-12-22,0.1,5.1,8.9,92.0,1025.5,3.4,25.0,95.0
2020-12-23,0.5,6.6,9.0,90.0,1024.7,3.3,47.0,100.0
2020-12-24,2.8,6.2,8.2,91.0,1015.0,3.6,31.0,98.0
2020-12-25,9.8,3.9,9.1,87.0,1010.1,6.6,34.0,82.0
2020-12-26,0.0,-1.0,8.2,74.0,1017.6,4.5,5.0,21.0
2020-12-27,0.0,-2.6,4.3,65.0,1012.1,6.1,304.0,25.0
2020-12-28,26.3,-1.1,3.2,83.0,991.7,11.1,22.0,95.0
2020-12-29,4.1,-2.3,6.8,85.0,997.3,6.5,20.0,97.0
2020-12-30,1.3,-0.4,7.2,85.0,1004.1,3.3,354.0,84.0
2020-12-31,0.8,0.2,8.0,76.0,1009.6,3.5,346.0,27.0
2021-01-01,10.6,1.7,6.3,80.0,1010.9,8.4,15.0,96.0
2021-01-02,27.5,5.1,7.4,82.0,1008.5,15.1,22.0,98.0
2021-01-03,6.1,4.4,9.8,82.0,1009.4,7.9,35.0,78.0
2021-01-04,0.0,1.9,7.9,75.0,1011.1,4.6,21.0,82.0
2021-01-05,7.5,2.1,7.1,77.0,1009.9,6.9,30.0,92.0
2021-01-06,3.6,1.3,5.9,86.0,1009.9,4.0,331.0,91.0
2021-01-07,0.0,0.8,5.2,83.0,1014.7,3.0,329.0,64.0
2021-01-08,0.0,-0.8,7.6,72.0,1014.0,3.0,335.0,30.0
2021-01-09,0.0,-2.7,6.2,58.0,1018.5,4.5,357.0,84.0
2021-01-10,0.0,-1.8,6.0,51.0,1019.1,7.6,37.0,62.0
2021-01-11,0.0,-3.1,5.4,66.0,1019.6,4.1,343.0,5.0
2021-01-12,0.0,-2.9,1.8,67.0,1016.8,4.1,315.0,46.0
2021-01-13,0.0,-2.6,7.4,55.0,1014.3,4.0,301.0,2.0
2021-01-14,0.0,-2.6,7.5,58.0,1012.0,3.8,344.0,16.0
2021-01-15,0.0,-1.2,5.7,58.0,1018.2,7.2,41.0,70.0
2021-01-16,0.0,-3.1,6.0,67.0,1021.8,4.7,233.0,26.0
2021-01-17,0.0,-1.9,3.5,65.0,1017.4,4.1,17.0,88.0
2021-01-18,0.0,-2.5,5.2,64.0,1023.9,5.0,20.0,3.0
2021-01-19,0.0,-1.3,2.7,63.0,1025.1,2.6,26.0,54.0
2021-01-20,0.5,-1.8,3.5,67.0,1022.1,4.4,18.0,89.0
2021-01-21,1.9,0.4,6.4,90.0,1016.3,3.7,36.0,94.0
2021-01-22,31.7,4.6,8.1,89.0,1005.0,7.3,29.0,100.0
2021-01-23,23.9,3.0,7.9,89.0,995.4,10.9,30.0,91.0
2021-01-24,0.0,-0.9,8.7,77.0,997.9,4.7,333.0,59.0
2021-01-25,0.4,-2.1,7.7,56.0,1002.1,6.3,353.0,91.0
2021-01-26,0.0,-2.5,10.0,50.0,1013.7,4.6,332.0,23.0
2021-01-27,0.0,-3.5,5.1,64.0,1017.3,4.3,325.0,56.0
2021-01-28,0.0,-2.4,3.7,62.0,1013.9,3.0,342.0,50.0
2021-01-29,0.0,-2.1,6.1,68.0,1006.7,4.6,3.0,65.0
2021-01-30,0.4,-0.8,6.2,74.0,1002.4,4.3,43.0,66.0
2021-01-31,17.7,3.3,9.7,83.0,998.0,7.6,25.0,84.0
2021-02-01,0.2,-0.1,7.8,84.0,1001.1,4.2,334.0,80.0
2021-02-02,0.1,1.3,9.0,77.0,1011.0,3.2,326.0,56.0
2021-02-03,0.4,2.7,6.7,88.0,1014.8,3.4,338.0,86.0
2021-02-04,0.0,2.5,9.3,90.0,1016.9,3.9,46.0,67.0
2021-02-05,0.0,6.9,11.2,82.0,1018.2,2.8,330.0,90.0
2021-02-06,0.3,6.5,10.1,92.0,1014.5,3.7,45.0,99.0
2021-02-07,16.2,6.9,12.6,90.0,1001.2,8.9,41.0,95.0
2021-02-08,3.0,5.0,11.6,84.0,994.1,5.2,31.0,58.0
2021-02-09,2.4,5.1,10.2,84.0,999.5,5.3,331.0,91.0
2021-02-10,16.2,6.3,10.6,86.0,1000.0,7.7,21.0,99.0
2021-02-11,3.5,1.9,8.8,76.0,1012.3,9.0,82.0,76.0
2021-02-12,0.0,-1.2,2.4,44.0,1026.6,12.2,75.0,70.0
2021-02-13,0.0,-4.3,2.6,43.0,1031.2,10.6,77.0,31.0
2021-02-14,0.0,-5.4,6.5,47.0,1037.5,5.0,232.0,8.0
2021-02-15,0.0,-3.8,5.0,50.0,1037.8,4.8,104.0,30.0
2021-02-16,0.0,-1.3,5.5,61.0,1028.4,3.7,58.0,44.0
2021-02-17,0.0,0.4,8.5,70.0,1022.8,4.0,32.0,24.0
2021-02-18,0.0,3.1,9.9,75.0,1024.0,3.8,316.0,59.0
2021-02-19,0.4,5.4,10.3,84.0,1024.4,4.4,57.0,99.0
2021-02-20,0.2,6.4,10.9,85.0,1026.0,3.4,40.0,80.0
2021-02-21,0.1,6.8,12.1,84.0,1027.6,3.3,66.0,87.0
2021-02-22,0.0,6.0,12.2,82.0,1031.0,4.0,96.0,46.0
2021-02-23,0.0,5.4,12.7,89.0,1035.8,4.4,13.0,19.0
2021-02-24,0.0,7.1,20.2,39.0,1035.1,3.6,318.0,0.0
2021-02-25,0.0,9.4,19.6,44.0,1031.7,3.2,332.0,0.0
2021-02-26,0.0,10.8,17.3,55.0,1027.9,2.9,14.0,0.0
2021-02-27,0.0,8.6,18.3,58.0,1026.3,6.7,64.0,42.0
2021-02-28,0.0,2.4,11.4,62.0,1033.3,5.9,23.0,11.0
2021-03-01,0.0,3.5,15.3,57.0,1031.3,4.3,340.0,0.0
2021-03-02,0.0,4.6,14.2,57.0,1034.1,6.0,36.0,0.0
2021-03-03,0.0,4.5,14.9,66.0,1031.5,4.0,31.0,37.0
2021-03-04,0.0,4.9,12.1,75.0,1023.4,5.3,51.0,67.0
2021-03-05,6.9,5.5,13.2,80.0,1017.5,5.2,58.0,53.0
2021-03-06,1.5,3.2,7.9,70.0,1029.1,10.1,61.0,76.0
2021-03-07,0.0,1.7,9.2,61.0,1025.7,5.0,57.0,37.0
2021-03-08,0.0,1.5,10.1,73.0,1018.4,4.9,42.0,13.0
2021-03-09,0.6,2.4,11.2,65.0,1016.3,8.4,45.0,38.0
2021-03-10,0.2,4.6,12.4,67.0,1018.1,6.3,248.0,25.0
2021-03-11,0.0,3.0,11.0,69.0,1019.0,5.2,35.0,83.0
2021-03-12,0.8,4.6,12.9,76.0,1013.2,5.3,47.0,72.0
2021-03-13,0.6,5.3,12.7,79.0,1013.0,4.5,41.0,62.0
2021-03-14,1.0,2.8,10.6,83.0,1007.8,6.5,28.0,57.0
2021-03-15,0.0,-0.6,13.2,65.0,1010.5,4.8,29.0,41.0
2021-03-16,0.0,1.1,14.5,43.0,1014.0,5.3,7.0,29.0
2021-03-17,0.0,0.3,13.0,48.0,1016.9,6.1,18.0,35.0
2021-03-18,0.2,1.7,9.5,54.0,1018.3,5.3,6.0,39.0
2021-03-19,0.0,-0.2,8.4,65.0,1016.7,4.8,14.0,66.0
2021-03-20,1.6,-1.2,9.8,60.0,1019.0,7.2,64.0,28.0
2021-03-21,0.0,-3.5,8.0,50.0,1017.0,6.1,347.0,22.0
2021-03-22,0.0,-0.3,13.0,52.0,1013.4,5.1,311.0,34.0
2021-03-23,0.0,1.6,13.2,57.0,1022.1,7.8,244.0,19.0
2021-03-24,0.0,2.9,14.0,60.0,1023.0,6.2,56.0,0.0
2021-03-25,0.0,5.8,15.3,65.0,1022.3,5.2,93.0,28.0
2021-03-26,0.0,6.2,16.2,67.0,1023.8,5.5,78.0,18.0
2021-03-27,0.0,6.3,15.9,74.0,1024.5,6.9,67.0,65.0
2021-03-28,1.0,8.7,16.1,81.0,1030.3,6.3,74.0,69.0
2021-03-29,0.0,10.8,18.3,76.0,1032.9,3.5,143.0,67.0
2021-03-30,0.0,10.2,21.4,68.0,1030.8,3.7,222.0,11.0
2021-03-31,0.0,11.5,22.7,63.0,1025.3,4.7,226.0,1.0
2021-04-01,0.0,12.4,22.6,64.0,1018.0,4.3,70.0,21.0
2021-04-02,0.1,11.0,22.1,67.0,1012.7,5.7,81.0,19.0
2021-04-03,5.3,10.5,16.2,66.0,1013.0,10.0,76.0,62.0
2021-04-04,0.2,6.6,12.9,52.0,1019.1,6.1,104.0,63.0
2021-04-05,0.0,4.0,14.3,59.0,1013.3,9.1,245.0,41.0
2021-04-06,2.4,1.9,8.9,69.0,1005.9,11.0,66.0,77.0
2021-04-07,0.3,0.4,10.2,46.0,1014.4,5.9,317.0,52.0
2021-04-08,0.0,-2.0,13.7,44.0,1023.9,6.7,31.0,5.0
2021-04-09,0.0,3.5,14.6,57.0,1026.0,6.9,233.0,40.0
2021-04-10,0.1,6.0,16.6,67.0,1022.2,6.3,192.0,79.0
2021-04-11,22.3,8.9,10.9,87.0,1019.6,6.2,46.0,99.0
2021-04-12,46.6,8.0,13.7,88.0,1016.6,8.3,42.0,99.0
2021-04-13,23.8,4.0,9.7,84.0,1020.1,7.1,250.0,89.0
2021-04-14,0.0,0.5,12.6,58.0,1023.3,4.7,4.0,17.0
2021-04-15,0.0,3.4,11.1,64.0,1022.9,6.4,45.0,50.0
2021-04-16,0.0,1.5,12.7,61.0,1020.5,5.1,57.0,6.0
2021-04-17,0.0,2.5,13.6,57.0,1017.3,7.0,56.0,44.0
2021-04-18,0.0,4.7,13.3,66.0,1016.8,5.3,57.0,67.0
2021-04-19,0.0,4.8,14.8,65.0,1016.2,5.6,269.0,71.0
2021-04-20,0.1,5.4,16.0,69.0,1015.3,5.3,60.0,37.0
2021-04-21,2.2,6.3,16.7,77.0,1017.5,5.2,44.0,33.0
2021-04-22,0.5,6.7,16.3,79.0,1019.4,5.3,76.0,28.0
2021-04-23,0.8,8.4,17.9,78.0,1022.6,5.7,70.0,28.0
2021-04-24,0.0,7.9,18.9,71.0,1022.2,5.5,81.0,24.0
2021-04-25,0.1,9.3,20.9,68.0,1017.1,4.5,57.0,22.0
2021-04-26,0.2,10.3,15.1,64.0,1015.1,10.4,64.0,99.0
2021-04-27,0.0,9.1,15.3,71.0,1010.1,6.9,70.0,87.0
2021-04-28,0.3,7.5,18.0,71.0,1009.0,4.9,95.0,58.0
2021-04-29,22.1,12.2,17.3,86.0,1009.7,5.0,99.0,92.0
2021-04-30,14.9,12.5,19.4,87.0,1011.0,4.3,91.0,96.0
2021-05-01,26.6,12.8,19.7,83.0,1008.5,7.2,74.0,84.0
2021-05-02,9.2,11.9,19.9,80.0,1007.8,9.0,227.0,61.0
2021-05-03,1.9,9.3,16.6,72.0,1019.9,5.1,164.0,42.0
2021-05-04,0.1,8.1,18.9,68.0,1016.0,6.3,94.0,30.0
2021-05-05,0.8,9.5,19.6,76.0,1007.4,9.5,230.0,52.0
2021-05-06,0.0,10.6,15.2,72.0,1011.7,11.4,66.0,85.0
2021-05-07,2.4,10.7,21.5,80.0,1008.9,6.6,62.0,69.0
2021-05-08,0.0,10.4,18.2,61.0,1020.2,8.1,79.0,41.0
2021-05-09,0.0,9.9,20.3,65.0,1019.7,5.0,122.0,29.0
2021-05-10,0.0,11.6,22.0,71.0,1016.9,6.8,81.0,33.0
2021-05-11,20.1,13.5,17.8,77.0,1012.3,7.9,39.0,87.0
2021-05-12,15.3,12.5,17.8,83.0,1007.4,5.1,244.0,98.0
2021-05-13,12.7,12.2,18.8,87.0,1005.3,4.5,103.0,92.0
2021-05-14,7.1,12.0,18.3,84.0,1008.3,4.2,86.0,80.0
2021-05-15,0.4,11.3,17.6,77.0,1009.9,4.8,225.0,84.0
2021-05-16,5.9,9.9,18.6,80.0,1007.1,5.4,66.0,64.0
2021-05-17,11.0,13.3,19.4,74.0,1005.8,5.5,253.0,50.0
2021-05-18,8.4,9.6,20.5,71.0,1011.9,5.5,54.0,36.0
2021-05-19,15.6,10.3,18.2,83.0,1012.9,6.7,215.0,72.0
2021-05-20,0.0,8.2,20.8,63.0,1017.5,4.7,89.0,20.0
2021-05-21,1.1,10.6,19.9,68.0,1017.2,6.6,48.0,85.0
2021-05-22,5.7,12.4,19.1,77.0,1012.3,6.2,43.0,89.0
2021-05-23,2.1,13.1,23.4,74.0,1014.5,8.6,59.0,71.0
2021-05-24,50.6,13.0,14.6,84.0,1017.1,8.2,53.0,96.0
2021-05-25,0.3,11.3,21.6,74.0,1015.7,8.9,211.0,44.0
2021-05-26,0.7,11.2,20.1,69.0,1018.6,6.5,74.0,44.0
2021-05-27,4.9,13.1,21.1,80.0,1015.4,5.2,45.0,49.0
2021-05-28,0.0,12.2,21.0,67.0,1019.0,5.5,133.0,18.0
2021-05-29,1.4,13.6,21.6,67.0,1018.2,4.6,60.0,55.0
2021-05-30,0.4,12.5,20.2,67.0,1020.2,6.5,66.0,40.0
2021-05-31,0.9,14.0,19.6,67.0,1020.0,5.7,7.0,71.0
2021-06-01,0.0,13.2,21.6,69.0,1017.7,4.7,106.0,39.0
2021-06-02,0.0,12.4,23.0,70.0,1019.4,6.0,85.0,24.0
2021-06-03,0.1,14.4,24.7,73.0,1022.5,4.3,91.0,20.0
2021-06-04,0.0,16.3,26.7,73.0,1022.5,5.5,145.0,40.0
2021-06-05,0.1,16.2,26.0,71.0,1019.4,4.9,37.0,28.0
2021-06-06,10.1,16.9,24.1,78.0,1017.2,5.6,49.0,55.0
2021-06-07,1.5,16.2,24.8,72.0,1017.3,6.5,38.0,65.0
2021-06-08,0.0,17.2,26.2,64.0,1017.3,4.8,32.0,85.0
2021-06-09,0.0,17.2,27.4,61.0,1016.9,6.0,3.0,91.0
2021-06-10,0.1,17.6,26.3,64.0,1017.3,4.1,344.0,56.0
2021-06-11,5.2,17.1,25.2,71.0,1017.0,3.2,291.0,62.0
2021-06-12,0.0,17.5,27.8,63.0,1017.3,4.1,354.0,69.0
2021-06-13,0.9,18.7,29.2,71.0,1017.1,5.6,80.0,31.0
2021-06-14,0.0,19.6,25.9,70.0,1019.1,7.7,82.0,33.0
2021-06-15,0.0,18.7,27.3,66.0,1018.8,5.4,103.0,36.0
2021-06-16,0.0,17.8,27.0,68.0,1016.6,3.8,109.0,48.0
2021-06-17,0.0,18.8,28.6,69.0,1016.5,5.0,58.0,19.0
2021-06-18,0.6,19.5,26.7,74.0,1017.1,4.6,102.0,45.0
2021-06-19,0.0,19.9,29.8,77.0,1015.1,4.2,88.0,62.0
2021-06-20,0.2,20.6,29.6,76.0,1011.8,6.0,49.0,80.0
2021-06-21,0.1,20.6,30.9,69.0,1008.6,6.4,237.0,11.0
2021-06-22,0.0,20.0,30.3,66.0,1009.9,6.1,147.0,12.0
2021-06-23,0.4,20.6,29.4,67.0,1014.0,5.8,68.0,24.0
2021-06-24,0.0,19.5,29.8,65.0,1015.0,5.7,225.0,21.0
2021-06-25,0.0,17.9,26.9,59.0,1014.1,6.3,356.0,32.0
2021-06-26,0.0,18.0,28.3,57.0,1015.5,5.3,75.0,21.0
2021-06-27,0.0,18.8,29.9,59.0,1015.1,5.3,225.0,56.0
2021-06-28,0.0,20.5,30.5,61.0,1014.8,5.3,102.0,43.0
2021-06-29,1.1,20.2,29.6,61.0,1011.5,8.0,59.0,34.0
2021-06-30,0.1,19.0,27.6,63.0,1009.1,5.6,267.0,27.0
2021-07-01,1.3,17.2,29.0,59.0,1011.6,5.3,66.0,28.0
2021-07-02,0.1,18.7,28.0,58.0,1014.2,6.0,69.0,48.0
2021-07-03,1.5,18.6,27.7,65.0,1014.5,5.1,74.0,82.0
2021-07-04,17.0,19.2,24.2,87.0,1011.2,4.2,82.0,87.0
2021-07-05,0.1,16.2,27.5,74.0,1011.0,5.1,214.0,33.0
2021-07-06,0.0,17.9,28.8,70.0,1013.2,4.7,115.0,13.0
2021-07-07,0.0,20.3,29.4,72.0,1013.6,7.0,66.0,6.0
2021-07-08,32.0,20.6,29.5,72.0,1015.2,8.3,44.0,52.0
2021-07-09,0.1,17.0,25.9,79.0,1016.0,4.5,203.0,11.0
2021-07-10,0.0,19.1,28.2,66.0,1015.7,6.8,54.0,10.0
2021-07-11,0.0,19.9,28.2,65.0,1012.4,5.6,12.0,30.0
2021-07-12,0.3,19.7,28.5,69.0,1012.6,6.8,74.0,17.0
2021-07-13,38.3,19.2,26.8,77.0,1008.6,10.9,34.0,56.0
2021-07-14,6.6,16.2,23.0,76.0,1010.7,4.6,15.0,45.0
2021-07-15,0.3,16.1,23.8,70.0,1013.2,3.8,351.0,78.0
2021-07-16,1.3,17.5,24.9,77.0,1013.4,5.5,52.0,93.0
2021-07-17,1.1,18.7,25.3,74.0,1011.5,5.5,289.0,97.0
2021-07-18,0.0,19.5,30.0,70.0,1010.2,4.6,273.0,55.0
2021-07-19,0.0,20.4,30.5,63.0,1011.7,3.8,263.0,23.0
2021-07-20,0.0,20.5,28.1,65.0,1014.0,5.3,62.0,28.0
2021-07-21,0.3,21.1,28.3,70.0,1017.6,6.4,73.0,45.0
2021-07-22,2.5,21.1,27.6,71.0,1018.3,6.3,38.0,68.0
2021-07-23,0.1,19.0,28.5,74.0,1015.3,4.4,61.0,27.0
2021-07-24,0.0,21.4,28.2,75.0,1012.8,4.7,81.0,71.0
2021-07-25,1.3,20.4,28.7,74.0,1010.4,10.2,40.0,69.0
2021-07-26,4.6,21.3,28.4,70.0,1012.3,7.6,21.0,66.0
2021-07-27,8.6,20.3,26.2,82.0,1015.7,5.6,41.0,87.0
2021-07-28,1.2,18.9,27.6,78.0,1014.1,4.0,251.0,41.0
2021-07-29,0.2,19.2,29.2,75.0,1013.3,3.8,38.0,8.0
2021-07-30,0.5,20.2,29.2,73.0,1011.2,6.9,94.0,20.0
2021-07-31,4.0,20.0,28.6,73.0,1009.0,4.7,42.0,48.0
2021-08-01,22.8,19.8,26.9,70.0,1005.3,9.4,272.0,53.0
2021-08-02,0.4,15.7,26.3,69.0,1012.2,7.1,64.0,39.0
2021-08-03,0.9,16.9,25.8,69.0,1014.6,5.4,343.0,66.0
2021-08-04,5.3,18.9,24.6,77.0,1012.4,5.6,22.0,88.0
2021-08-05,14.3,17.9,27.1,77.0,1006.2,6.3,22.0,52.0
2021-08-06,0.8,17.5,26.7,73.0,1007.5,5.0,44.0,29.0
2021-08-07,4.3,20.4,27.1,78.0,1008.8,7.2,39.0,50.0
2021-08-08,3.0,19.9,28.4,76.0,1010.3,5.9,36.0,37.0
2021-08-09,0.2,19.0,29.2,70.0,1016.4,6.2,45.0,14.0
2021-08-10,0.0,19.5,29.2,65.0,1017.3,3.7,330.0,37.0
2021-08-11,0.0,19.3,31.4,64.0,1016.6,3.8,20.0,10.0
2021-08-12,0.0,22.2,31.6,63.0,1019.0,4.9,57.0,10.0
2021-08-13,0.0,22.2,32.0,68.0,1020.3,4.5,288.0,54.0
2021-08-14,0.0,23.1,32.6,70.0,1019.3,3.9,346.0,13.0
2021-08-15,0.0,23.4,32.4,66.0,1014.6,5.0,31.0,15.0
2021-08-16,16.5,21.3,31.5,73.0,1009.9,6.9,357.0,56.0
2021-08-17,0.0,16.2,26.9,64.0,1012.1,5.0,92.0,25.0
2021-08-18,0.0,17.6,24.8,60.0,1015.3,6.9,52.0,26.0
2021-08-19,0.0,18.0,26.2,59.0,1015.1,5.1,48.0,9.0
2021-08-20,0.0,18.8,27.0,60.0,1015.6,4.1,36.0,35.0
2021-08-21,0.0,19.5,29.2,66.0,1017.7,4.1,25.0,14.0
2021-08-22,0.1,20.4,29.7,66.0,1016.2,4.9,35.0,70.0
2021-08-23,2.9,18.2,25.4,68.0,1015.0,7.0,56.0,48.0
2021-08-24,0.0,16.4,25.5,65.0,1016.0,3.8,15.0,38.0
2021-08-25,0.1,17.9,23.7,62.0,1016.1,5.6,37.0,50.0
2021-08-26,1.0,15.8,26.4,68.0,1010.4,6.4,45.0,24.0
2021-08-27,9.8,15.6,22.0,69.0,1011.1,8.0,49.0,60.0
2021-08-28,0.2,15.3,22.8,63.0,1012.7,5.1,27.0,64.0
2021-08-29,2.8,12.4,24.1,67.0,1013.1,4.5,272.0,45.0
2021-08-30,2.8,15.0,23.1,73.0,1013.5,5.1,47.0,52.0
2021-08-31,1.7,14.1,24.1,78.0,1016.7,4.4,19.0,29.0
2021-09-01,0.0,15.6,25.3,66.0,1020.6,4.1,348.0,9.0
2021-09-02,0.4,17.0,24.8,63.0,1023.6,5.3,48.0,25.0
2021-09-03,0.0,16.2,25.2,67.0,1020.2,5.1,63.0,38.0
2021-09-04,0.0,15.2,25.6,67.0,1016.1,4.0,235.0,39.0
2021-09-05,0.0,16.3,26.4,64.0,1018.3,4.8,24.0,22.0
2021-09-06,0.0,16.8,26.3,52.0,1022.1,6.7,21.0,13.0
2021-09-07,0.0,17.0,26.2,54.0,1022.3,5.0,38.0,45.0
2021-09-08,0.0,17.3,26.2,49.0,1020.4,8.3,51.0,4.0
2021-09-09,0.0,16.0,25.9,48.0,1017.7,4.7,52.0,1.0
2021-09-10,0.0,15.5,26.5,56.0,1017.0,5.0,98.0,21.0
2021-09-11,0.0,16.4,26.2,63.0,1016.9,4.5,56.0,40.0
2021-09-12,0.0,17.3,27.8,57.0,1015.9,3.9,98.0,14.0
2021-09-13,0.0,18.8,28.9,57.0,1015.9,4.3,346.0,31.0
2021-09-14,0.0,18.3,29.6,57.0,1016.6,5.4,81.0,58.0
2021-09-15,0.0,18.3,27.4,64.0,1016.5,5.3,225.0,75.0
2021-09-16,5.0,18.1,22.5,83.0,1015.3,5.1,47.0,93.0
2021-09-17,3.7,17.8,24.0,83.0,1011.6,4.7,59.0,86.0
2021-09-18,0.6,16.5,22.8,75.0,1013.3,6.3,63.0,62.0
2021-09-19,8.7,16.2,21.6,78.0,1011.5,7.3,63.0,83.0
2021-09-20,0.1,12.9,21.8,74.0,1014.0,7.3,64.0,47.0
2021-09-21,0.0,13.6,20.2,65.0,1023.1,6.5,56.0,45.0
2021-09-22,0.0,13.7,20.7,71.0,1023.8,6.1,65.0,66.0
2021-09-23,0.0,14.3,20.9,72.0,1022.8,5.5,52.0,57.0
2021-09-24,0.0,11.4,21.2,78.0,1018.8,4.3,55.0,10.0
2021-09-25,0.0,14.4,23.3,79.0,1021.1,3.9,43.0,30.0
2021-09-26,6.7,16.7,22.0,87.0,1020.2,3.8,39.0,93.0
2021-09-27,0.5,15.9,22.1,85.0,1017.5,3.9,276.0,40.0
2021-09-28,0.1,15.0,25.6,75.0,1019.2,4.5,262.0,43.0
2021-09-29,2.5,16.7,25.2,65.0,1017.9,5.1,325.0,68.0
2021-09-30,1.7,15.5,22.4,70.0,1023.5,7.5,60.0,44.0
2021-10-01,0.0,12.8,21.0,63.0,1024.1,4.2,78.0,20.0
2021-10-02,0.0,12.9,20.2,71.0,1020.0,3.8,57.0,46.0
2021-10-03,0.2,13.8,21.3,78.0,1018.3,5.2,48.0,50.0
2021-10-04,10.6,16.2,22.9,84.0,1018.2,7.4,51.0,85.0
2021-10-05,26.4,15.6,20.8,87.0,1013.8,8.7,34.0,82.0
2021-10-06,13.0,13.4,17.4,78.0,1013.6,10.5,44.0,77.0
2021-10-07,2.0,12.6,16.8,79.0,1016.4,4.0,289.0,96.0
2021-10-08,1.9,12.2,18.3,76.0,1020.9,4.7,46.0,85.0
2021-10-09,0.0,10.0,17.8,63.0,1023.8,8.3,66.0,13.0
2021-10-10,0.0,6.4,16.0,63.0,1022.2,5.6,302.0,11.0
2021-10-11,0.0,8.9,18.3,64.0,1019.7,5.8,252.0,51.0
2021-10-12,0.1,8.1,15.9,76.0,1017.4,4.8,46.0,89.0
2021-10-13,1.9,6.6,16.6,75.0,1018.0,4.8,57.0,38.0
2021-10-14,0.5,6.4,15.3,69.0,1024.6,4.9,265.0,14.0
2021-10-15,0.0,6.4,15.7,68.0,1020.0,4.2,3.0,36.0
2021-10-16,0.0,7.1,18.4,63.0,1018.7,3.4,11.0,53.0
2021-10-17,0.0,9.7,17.8,62.0,1020.7,3.7,348.0,4.0
2021-10-18,0.0,8.4,17.7,74.0,1024.2,3.4,20.0,46.0
2021-10-19,0.0,9.2,17.0,70.0,1027.8,4.2,3.0,74.0
2021-10-20,0.6,9.6,16.6,80.0,1024.6,4.8,34.0,86.0
2021-10-21,5.6,11.0,15.0,91.0,1014.9,3.3,38.0,93.0
2021-10-22,0.0,9.1,17.9,85.0,1015.6,3.9,30.0,39.0
2021-10-23,0.0,9.5,18.9,74.0,1022.9,7.0,47.0,35.0
2021-10-24,0.0,8.6,16.1,62.0,1028.8,7.7,57.0,21.0
2021-10-25,0.0,6.1,14.4,66.0,1025.0,4.2,12.0,100.0
2021-10-26,0.0,8.9,15.9,51.0,1022.6,3.8,34.0,41.0
2021-10-27,0.0,6.2,17.2,57.0,1025.8,3.7,335.0,0.0
2021-10-28,0.0,8.7,16.9,60.0,1023.5,3.6,344.0,0.0
2021-10-29,0.0,7.7,15.5,58.0,1019.8,4.2,27.0,35.0
2021-10-30,0.0,6.4,15.8,60.0,1018.9,3.6,351.0,51.0
2021-10-31,0.0,8.3,15.0,79.0,1018.2,3.5,12.0,64.0
2021-11-01,38.0,7.7,12.9,85.0,1007.7,7.5,40.0,89.0
2021-11-02,0.1,7.3,15.3,81.0,1002.2,4.5,30.0,51.0
2021-11-03,21.9,7.0,13.2,82.0,1004.3,9.2,30.0,97.0
2021-11-04,11.2,7.9,14.8,81.0,1003.8,8.7,292.0,51.0
2021-11-05,0.0,4.5,16.0,73.0,1018.3,4.7,22.0,56.0
2021-11-06,0.0,4.4,14.3,57.0,1025.9,4.3,4.0,11.0
2021-11-07,0.0,6.1,13.0,67.0,1020.6,4.1,303.0,53.0
2021-11-08,0.5,6.7,12.7,75.0,1017.8,6.2,43.0,85.0
2021-11-09,0.0,5.4,14.5,67.0,1025.5,6.5,42.0,37.0
2021-11-10,0.0,7.7,15.1,65.0,1027.3,3.7,281.0,80.0
2021-11-11,0.0,8.7,16.7,75.0,1023.9,5.3,307.0,79.0
2021-11-12,0.0,8.9,15.0,85.0,1019.8,3.6,42.0,62.0
2021-11-13,1.5,7.8,12.7,93.0,1017.8,3.2,68.0,85.0
2021-11-14,31.4,9.6,13.1,88.0,1016.5,11.2,50.0,95.0
2021-11-15,0.0,7.9,16.2,72.0,1020.7,9.5,60.0,95.0
2021-11-16,0.0,7.7,12.9,77.0,1020.7,3.6,14.0,100.0
2021-11-17,0.0,8.9,14.0,84.0,1019.2,3.3,305.0,75.0
2021-11-18,0.1,7.5,14.4,80.0,1025.7,5.2,42.0,56.0
2021-11-19,0.0,5.7,13.5,83.0,1028.7,4.2,283.0,66.0
2021-11-20,0.0,6.6,10.9,89.0,1024.5,2.4,240.0,39.0
2021-11-21,0.0,4.5,8.2,92.0,1015.2,3.1,109.0,61.0
2021-11-22,0.0,5.9,12.7,82.0,1013.7,4.8,50.0,100.0
2021-11-23,0.0,4.9,12.6,73.0,1022.6,6.1,39.0,25.0
2021-11-24,0.0,3.5,9.2,76.0,1023.0,3.3,342.0,5.0
2021-11-25,4.6,2.0,8.3,84.0,1013.3,4.3,346.0,93.0
2021-11-26,4.5,7.4,9.6,93.0,997.8,5.2,27.0,98.0
2021-11-27,5.9,6.1,10.2,87.0,994.0,8.5,48.0,85.0
2021-11-28,20.4,3.4,8.2,88.0,993.0,5.4,10.0,88.0
2021-11-29,0.6,-0.4,8.4,75.0,1000.5,4.0,294.0,78.0
2021-11-30,0.0,-2.2,6.9,62.0,1014.1,5.0,15.0,41.0
2021-12-01,0.0,-0.7,7.5,70.0,1011.7,5.1,37.0,59.0
2021-12-02,9.8,4.5,7.6,87.0,1001.1,3.1,42.0,100.0
2021-12-03,1.0,3.4,9.4,79.0,1010.3,4.1,355.0,69.0
2021-12-04,0.0,2.1,5.9,74.0,1011.1,3.7,29.0,93.0
2021-12-05,10.2,1.9,6.6,85.0,1003.4,4.5,315.0,91.0
2021-12-06,0.1,-0.3,9.5,72.0,1008.9,5.2,324.0,29.0
2021-12-07,0.0,-0.6,6.9,61.0,1013.3,4.7,351.0,23.0
2021-12-08,25.8,-0.9,4.9,75.0,1007.4,9.9,24.0,84.0
2021-12-09,3.3,2.2,5.1,90.0,1002.1,5.0,284.0,100.0
2021-12-10,0.2,-0.6,6.4,75.0,1003.8,4.0,1.0,86.0
2021-12-11,0.0,0.3,8.4,69.0,1007.8,4.5,299.0,38.0
2021-12-12,0.0,-2.1,8.8,61.0,1021.4,3.5,31.0,18.0
2021-12-13,0.0,1.8,9.0,58.0,1025.3,3.2,327.0,38.0
2021-12-14,0.0,2.3,8.1,69.0,1026.7,4.0,353.0,50.0
2021-12-15,0.0,1.5,10.1,63.0,1029.5,4.1,14.0,60.0
2021-12-16,0.0,1.3,8.8,75.0,1031.7,5.9,343.0,5.0
2021-12-17,0.0,1.7,8.9,73.0,1031.6,5.1,13.0,13.0
2021-12-18,0.0,1.6,8.6,78.0,1032.6,4.8,240.0,38.0
2021-12-19,0.0,-1.1,3.0,83.0,1025.1,3.4,264.0,91.0
2021-12-20,0.0,-1.6,10.5,74.0,1018.6,8.0,44.0,51.0
2021-12-21,0.0,1.1,6.6,73.0,1024.3,5.6,47.0,94.0
2021-12-22,0.0,-0.4,7.6,84.0,1025.6,3.5,345.0,35.0
2021-12-23,0.0,-1.2,3.5,89.0,1023.3,2.7,273.0,88.0
2021-12-24,0.0,-1.5,3.2,82.0,1015.6,3.1,325.0,81.0
2021-12-25,0.4,-0.3,5.7,83.0,1009.5,3.2,332.0,100.0
2021-12-26,0.8,2.2,7.9,84.0,1008.5,3.3,343.0,86.0
2021-12-27,0.6,5.3,8.2,88.0,1009.5,2.6,266.0,98.0
2021-12-28,1.5,3.1,9.0,90.0,1008.8,4.1,272.0,89.0
2021-12-29,0.0,4.8,8.7,95.0,1010.1,3.6,258.0,99.0
2021-12-30,0.1,4.2,10.5,79.0,1019.6,3.9,285.0,89.0
2021-12-31,0.0,5.4,8.2,85.0,1024.9,2.2,76.0,65.0
2022-01-01,0.0,2.5,8.0,82.0,1025.9,3.1,250.0,70.0
2022-01-02,0.0,0.4,7.9,71.0,1025.4,3.5,56.0,66.0
2022-01-03,0.0,1.6,5.7,85.0,1021.1,4.0,290.0,100.0
2022-01-04,0.3,2.5,6.2,90.0,1012.8,3.7,11.0,100.0
2022-01-05,18.1,3.8,9.2,91.0,1003.3,6.9,47.0,100.0
2022-01-06,3.6,0.5,7.9,88.0,1013.2,5.1,193.0,45.0
2022-01-07,0.0,-1.7,5.9,62.0,1020.7,4.9,29.0,35.0
2022-01-08,0.0,-2.8,4.9,72.0,1015.5,4.6,308.0,33.0
2022-01-09,0.0,-2.1,4.6,67.0,1006.6,4.6,337.0,98.0
2022-01-10,0.0,0.2,8.0,67.0,1011.1,5.0,322.0,59.0
2022-01-11,0.0,-2.1,9.0,64.0,1022.9,4.4,1.0,0.0
2022-01-12,0.0,-1.9,7.3,63.0,1031.2,5.0,345.0,2.0
2022-01-13,0.0,-1.5,6.6,54.0,1037.0,5.0,315.0,11.0
2022-01-14,0.0,3.5,7.2,55.0,1031.3,2.7,336.0,0.0
2022-01-15,0.0,4.6,11.0,61.0,1025.7,3.8,54.0,1.0
2022-01-16,0.0,4.2,9.5,60.0,1024.3,4.0,351.0,0.0
2022-01-17,0.0,1.0,9.2,70.0,1025.5,4.6,349.0,36.0
2022-01-18,0.0,1.6,10.5,61.0,1032.2,3.6,339.0,16.0
2022-01-19,0.0,1.7,7.6,70.0,1031.1,3.1,325.0,12.0
2022-01-20,0.0,-0.7,5.3,86.0,1021.6,3.7,288.0,44.0
2022-01-21,0.0,-2.2,8.1,59.0,1023.8,3.9,292.0,8.0
2022-01-22,0.0,-3.0,5.4,67.0,1026.2,2.8,356.0,9.0
2022-01-23,0.0,-1.7,7.8,68.0,1030.2,3.9,346.0,33.0
2022-01-24,0.0,-1.4,7.0,70.0,1032.6,6.0,41.0,14.0
2022-01-25,0.0,1.5,5.6,86.0,1033.3,3.2,29.0,70.0
2022-01-26,0.0,0.1,5.4,93.0,1029.1,4.2,269.0,68.0
2022-01-27,0.0,-0.6,3.7,91.0,1027.0,3.7,278.0,99.0
2022-01-28,0.0,-1.1,8.8,83.0,1026.3,5.3,295.0,62.0
2022-01-29,0.0,-0.2,8.3,55.0,1029.4,4.5,19.0,60.0
2022-01-30,0.0,1.0,7.3,74.0,1020.6,3.4,332.0,26.0
2022-01-31,0.0,-0.4,7.4,64.0,1011.4,4.6,337.0,46.0
2022-02-01,0.0,-0.9,12.9,55.0,1011.2,5.9,358.0,39.0
2022-02-02,0.0,0.4,12.1,65.0,1012.0,4.6,294.0,74.0
2022-02-03,0.0,1.5,11.5,71.0,1021.8,8.9,53.0,68.0
2022-02-04,0.0,2.0,10.0,80.0,1018.5,3.8,350.0,40.0
2022-02-05,0.0,1.5,10.8,81.0,1019.5,3.2,326.0,26.0
2022-02-06,0.0,3.2,8.1,84.0,1020.8,4.9,48.0,78.0
2022-02-07,0.7,-0.5,13.1,63.0,1013.9,9.0,12.0,49.0
2022-02-08,0.0,-1.6,10.2,52.0,1029.2,4.9,17.0,6.0
2022-02-09,0.0,4.0,10.4,52.0,1030.8,3.3,49.0,17.0
2022-02-10,0.0,2.9,9.7,65.0,1027.3,5.6,57.0,28.0
2022-02-11,0.0,2.5,9.8,78.0,1024.3,4.0,22.0,58.0
2022-02-12,0.0,0.6,9.9,45.0,1031.5,7.7,45.0,0.0
2022-02-13,0.0,-0.5,8.3,59.0,1027.6,5.1,329.0,32.0
2022-02-14,0.2,0.9,5.7,65.0,1019.8,3.1,347.0,67.0
2022-02-15,21.7,2.9,7.6,86.0,1013.4,8.4,34.0,100.0
2022-02-16,0.0,1.7,11.3,80.0,1016.4,4.3,243.0,50.0
2022-02-17,0.0,1.7,7.7,89.0,1012.7,4.7,72.0,86.0
2022-02-18,0.0,2.4,11.8,85.0,1016.0,4.9,288.0,55.0
2022-02-19,0.0,4.7,10.5,88.0,1015.8,4.4,36.0,94.0
2022-02-20,0.7,6.4,13.2,85.0,1018.4,4.9,1.0,81.0
2022-02-21,2.0,5.5,11.1,91.0,1008.9,4.4,52.0,76.0
2022-02-22,0.0,0.2,14.4,62.0,1014.8,6.9,55.0,17.0
2022-02-23,0.0,4.1,13.1,62.0,1024.7,4.6,35.0,1.0
2022-02-24,0.0,4.0,12.6,65.0,1023.3,4.0,23.0,67.0
2022-02-25,1.0,2.1,12.1,78.0,1019.0,7.8,63.0,40.0
2022-02-26,0.0,-0.2,10.9,67.0,1025.6,5.7,24.0,36.0
2022-02-27,0.0,-1.5,11.8,47.0,1027.1,6.1,58.0,20.0
2022-02-28,0.2,1.4,10.2,52.0,1027.7,8.1,94.0,23.0
2022-03-01,0.3,-2.4,9.8,59.0,1030.1,7.0,259.0,10.0
2022-03-02,0.0,-1.1,9.4,63.0,1024.1,4.8,85.0,51.0
2022-03-03,0.0,2.4,11.5,67.0,1017.3,4.8,70.0,26.0
2022-03-04,2.1,1.6,10.8,63.0,1015.5,7.9,44.0,44.0
2022-03-05,0.0,1.3,8.8,52.0,1018.5,7.4,68.0,32.0
2022-03-06,0.0,-0.7,8.4,53.0,1018.3,6.2,21.0,44.0
2022-03-07,0.0,-1.2,9.1,61.0,1019.2,6.1,79.0,14.0
2022-03-08,0.0,0.4,8.9,53.0,1023.1,7.2,277.0,57.0
2022-03-09,0.0,0.2,11.9,59.0,1023.8,4.9,94.0,11.0
2022-03-10,0.0,1.6,13.9,61.0,1025.1,4.5,65.0,0.0
2022-03-11,0.0,4.6,8.3,63.0,1028.7,7.9,64.0,95.0
2022-03-12,0.0,0.4,8.8,50.0,1029.3,6.8,72.0,42.0
2022-03-13,0.0,-0.9,8.9,46.0,1027.8,4.4,102.0,0.0
2022-03-14,0.0,0.2,11.7,65.0,1032.5,5.1,81.0,65.0
2022-03-15,0.0,4.3,11.3,73.0,1034.0,5.0,35.0,94.0
2022-03-16,0.0,3.3,11.9,83.0,1026.2,6.2,79.0,57.0
2022-03-17,0.0,5.1,14.6,73.0,1027.4,5.7,62.0,96.0
2022-03-18,0.0,7.1,15.5,52.0,1033.0,10.5,67.0,77.0
2022-03-19,0.0,3.3,12.8,52.0,1035.5,8.5,67.0,2.0
2022-03-20,0.0,4.4,12.5,41.0,1036.4,12.0,59.0,19.0
2022-03-21,0.0,1.8,12.8,41.0,1036.7,5.4,22.0,8.0
2022-03-22,0.0,2.9,14.8,45.0,1035.3,6.9,49.0,0.0
2022-03-23,0.0,3.9,18.5,46.0,1030.9,4.4,305.0,0.0
2022-03-24,0.0,6.1,20.7,42.0,1026.4,4.8,258.0,0.0
2022-03-25,0.0,7.3,19.3,43.0,1025.1,5.0,46.0,0.0
2022-03-26,0.0,5.4,20.9,46.0,1026.4,5.7,60.0,1.0
2022-03-27,0.0,7.3,20.6,43.0,1027.9,4.4,73.0,0.0
2022-03-28,0.0,6.5,20.3,48.0,1024.7,6.1,106.0,0.0
2022-03-29,0.0,5.0,16.0,75.0,1015.9,6.1,89.0,70.0
2022-03-30,0.3,6.0,13.5,82.0,1006.1,6.1,56.0,97.0
2022-03-31,7.2,7.0,13.3,88.0,994.3,4.8,314.0,100.0
2022-04-01,7.2,7.0,12.4,87.0,993.0,8.0,65.0,99.0
2022-04-02,2.4,4.6,9.3,76.0,1000.5,9.0,73.0,99.0
2022-04-03,0.6,3.9,10.7,66.0,1013.9,5.0,353.0,81.0
2022-04-04,0.7,3.2,10.9,68.0,1018.2,5.6,73.0,53.0
2022-04-05,0.0,3.0,12.5,72.0,1013.7,5.2,70.0,3.0
2022-04-06,0.0,4.5,14.8,77.0,1011.0,5.3,85.0,58.0
2022-04-07,0.0,6.8,18.3,77.0,1003.8,6.1,65.0,75.0
2022-04-08,3.9,6.5,17.1,82.0,1003.2,5.8,75.0,92.0
2022-04-09,5.8,5.5,15.1,82.0,1002.4,11.5,65.0,94.0
2022-04-10,0.0,1.2,14.9,54.0,1017.2,7.8,214.0,18.0
2022-04-11,0.0,4.7,15.1,55.0,1021.9,7.4,65.0,57.0
2022-04-12,0.0,5.2,15.5,66.0,1020.7,4.7,74.0,81.0
2022-04-13,0.0,6.7,17.2,69.0,1020.1,4.2,90.0,96.0
2022-04-14,0.0,7.3,22.1,65.0,1019.5,4.3,102.0,30.0
2022-04-15,0.0,9.9,21.0,66.0,1019.9,5.5,80.0,47.0
2022-04-16,5.9,9.1,19.8,67.0,1019.6,6.9,49.0,36.0
2022-04-17,0.2,7.1,14.0,56.0,1021.2,5.9,195.0,28.0
2022-04-18,0.0,5.4,16.0,52.0,1016.5,8.1,246.0,30.0
2022-04-19,0.0,5.3,16.0,57.0,1011.4,6.6,81.0,49.0
2022-04-20,0.0,7.4,13.1,64.0,1013.8,5.4,56.0,80.0
2022-04-21,0.2,5.5,15.6,66.0,1010.9,6.7,70.0,84.0
2022-04-22,12.8,9.8,13.8,80.0,1002.5,6.7,33.0,100.0
2022-04-23,6.6,9.1,17.1,84.0,1006.9,5.7,89.0,93.0
2022-04-24,11.5,8.2,15.2,78.0,1005.5,8.1,56.0,86.0
2022-04-25,0.4,6.6,16.7,78.0,1009.9,6.2,79.0,81.0
2022-04-26,5.2,9.1,17.0,81.0,1013.9,5.2,69.0,62.0
2022-04-27,0.0,8.6,18.8,73.0,1018.5,5.8,128.0,16.0
2022-04-28,0.0,8.9,18.8,66.0,1023.8,5.6,89.0,26.0
2022-04-29,0.0,10.6,19.7,56.0,1024.9,6.4,64.0,33.0
2022-04-30,0.0,11.0,20.4,56.0,1020.1,6.6,11.0,72.0
2022-05-01,1.8,9.8,19.7,61.0,1016.3,9.1,16.0,78.0
2022-05-02,1.5,9.7,19.8,69.0,1014.9,6.6,21.0,61.0
2022-05-03,0.0,9.7,22.1,62.0,1014.5,4.6,307.0,53.0
2022-05-04,0.0,12.1,22.3,59.0,1016.7,5.8,112.0,84.0
2022-05-05,1.7,10.2,20.4,71.0,1019.7,8.3,81.0,81.0
2022-05-06,4.3,12.7,15.6,87.0,1020.4,6.3,71.0,100.0
2022-05-07,1.5,11.9,18.2,84.0,1019.4,3.4,30.0,99.0
2022-05-08,0.1,13.3,21.1,68.0,1019.5,7.8,57.0,85.0
2022-05-09,0.0,11.0,23.8,59.0,1022.3,7.5,58.0,13.0
2022-05-10,0.0,13.8,24.8,60.0,1021.1,4.4,247.0,12.0
2022-05-11,0.0,13.3,26.6,65.0,1019.4,6.2,215.0,62.0
2022-05-12,0.0,15.4,25.8,70.0,1019.4,5.6,71.0,23.0
2022-05-13,0.4,16.0,26.2,72.0,1018.4,4.8,58.0,88.0
2022-05-14,12.4,16.1,24.9,73.0,1018.4,5.2,11.0,72.0
2022-05-15,0.6,16.1,26.4,70.0,1018.0,4.6,240.0,55.0
2022-05-16,0.1,16.7,27.7,66.0,1017.7,6.3,90.0,84.0
2022-05-17,0.0,14.9,26.9,70.0,1017.6,5.0,106.0,34.0
2022-05-18,9.4,17.0,25.0,69.0,1021.9,7.9,62.0,44.0
2022-05-19,0.0,16.9,24.7,54.0,1026.7,7.4,89.0,49.0
2022-05-20,0.0,14.5,26.2,65.0,1024.9,5.4,95.0,52.0
2022-05-21,0.0,15.5,26.5,68.0,1018.0,4.4,85.0,46.0
2022-05-22,0.0,17.5,27.6,70.0,1012.3,5.3,98.0,74.0
2022-05-23,0.6,18.8,26.5,77.0,1008.5,6.2,91.0,71.0
2022-05-24,4.5,17.5,26.4,67.0,1006.7,11.0,55.0,93.0
2022-05-25,0.0,15.4,26.9,70.0,1012.2,6.1,55.0,73.0
2022-05-26,1.9,17.0,26.6,72.0,1019.6,6.5,86.0,52.0
2022-05-27,0.2,17.6,28.7,71.0,1016.7,5.8,107.0,71.0
2022-05-28,12.8,16.5,23.0,76.0,1011.4,13.6,60.0,87.0
2022-05-29,0.1,12.1,19.0,62.0,1008.9,10.5,67.0,83.0
2022-05-30,0.0,10.2,20.6,68.0,1010.6,5.7,78.0,44.0
2022-05-31,0.0,13.9,23.8,71.0,1014.5,5.4,94.0,60.0
2022-06-01,0.5,15.3,25.9,74.0,1014.9,6.5,98.0,26.0
2022-06-02,1.2,17.9,27.2,76.0,1016.5,6.2,68.0,50.0
2022-06-03,6.1,18.7,27.3,77.0,1018.3,5.1,91.0,91.0
2022-06-04,0.0,17.6,29.5,76.0,1017.2,5.5,91.0,31.0
2022-06-05,0.0,20.2,29.2,73.0,1014.9,6.4,85.0,58.0
2022-06-06,0.0,17.8,28.2,63.0,1014.9,5.1,123.0,25.0
2022-06-07,15.6,16.7,23.4,74.0,1011.7,4.8,351.0,87.0
2022-06-08,2.3,15.2,26.0,62.0,1009.6,6.0,214.0,50.0
2022-06-09,21.8,17.2,20.5,87.0,1008.2,4.1,220.0,100.0
2022-06-10,0.0,12.6,27.3,59.0,1014.7,5.2,318.0,35.0
2022-06-11,0.0,17.6,28.0,55.0,1019.2,4.9,51.0,10.0
2022-06-12,0.0,18.2,29.6,59.0,1019.5,5.6,68.0,18.0
2022-06-13,0.0,18.5,28.6,61.0,1015.6,5.5,93.0,37.0
2022-06-14,6.7,19.6,27.5,60.0,1018.2,8.9,55.0,28.0
2022-06-15,0.0,18.3,28.7,63.0,1018.3,4.8,94.0,49.0
2022-06-16,0.0,18.3,29.6,69.0,1016.9,6.1,198.0,36.0
2022-06-17,0.0,19.8,30.7,62.0,1018.8,5.9,63.0,69.0
2022-06-18,0.0,20.4,29.3,58.0,1021.0,6.8,120.0,46.0
2022-06-19,0.0,19.6,30.6,58.0,1016.2,6.6,154.0,2.0
2022-06-20,0.0,18.7,33.3,63.0,1012.1,7.1,82.0,2.0
2022-06-21,0.0,21.2,30.8,66.0,1011.4,5.6,12.0,60.0
2022-06-22,1.5,20.3,28.6,73.0,1011.7,5.5,260.0,96.0
2022-06-23,5.2,19.2,30.1,75.0,1012.1,6.3,92.0,34.0
2022-06-24,2.0,19.5,30.0,67.0,1010.7,8.1,233.0,39.0
2022-06-25,0.0,17.3,30.5,56.0,1011.7,6.3,83.0,4.0
2022-06-26,0.0,19.9,31.7,58.0,1014.3,7.3,77.0,24.0
2022-06-27,0.0,21.8,32.3,56.0,1014.7,7.5,88.0,6.0
2022-06-28,9.2,21.1,33.0,53.0,1014.1,10.0,29.0,59.0
2022-06-29,4.1,20.9,27.8,62.0,1011.0,9.2,34.0,50.0
2022-06-30,1.7,20.9,30.0,70.0,1011.8,4.9,223.0,28.0
2022-07-01,10.5,20.8,28.8,72.0,1013.4,8.2,38.0,34.0
2022-07-02,0.0,19.5,32.3,55.0,1017.5,5.6,63.0,13.0
2022-07-03,0.0,21.8,32.3,56.0,1016.9,5.1,18.0,25.0
2022-07-04,0.5,22.5,32.8,53.0,1014.9,5.3,5.0,52.0
2022-07-05,0.0,21.0,31.5,54.0,1014.5,6.4,21.0,31.0
2022-07-06,0.4,19.4,30.1,55.0,1017.3,6.0,4.0,30.0
2022-07-07,4.7,19.7,28.9,61.0,1016.8,6.8,24.0,47.0
2022-07-08,0.0,16.9,29.4,56.0,1019.6,5.8,245.0,7.0
2022-07-09,0.2,19.5,27.8,52.0,1021.4,7.4,61.0,55.0
2022-07-10,0.0,18.4,30.8,48.0,1016.2,8.3,270.0,47.0
2022-07-11,0.1,19.4,27.6,57.0,1018.3,8.7,92.0,44.0
2022-07-12,5.4,18.2,27.9,67.0,1020.6,7.4,82.0,52.0
2022-07-13,0.0,19.1,30.5,59.0,1022.3,6.6,212.0,19.0
2022-07-14,0.0,19.9,31.0,55.0,1019.0,5.2,124.0,50.0
2022-07-15,0.3,20.5,32.3,50.0,1013.7,7.7,80.0,20.0
2022-07-16,0.5,22.5,32.6,52.0,1015.8,7.8,77.0,31.0
2022-07-17,12.3,22.0,31.0,57.0,1020.7,9.2,61.0,32.0
2022-07-18,0.0,22.0,31.1,48.0,1021.7,7.5,69.0,24.0
2022-07-19,0.0,23.3,32.9,44.0,1020.0,5.7,103.0,18.0
2022-07-20,0.0,21.8,34.3,42.0,1018.6,5.5,139.0,3.0
2022-07-21,0.0,22.1,35.2,41.0,1016.5,6.0,145.0,15.0
2022-07-22,0.0,23.0,36.6,44.0,1015.6,5.4,162.0,44.0
2022-07-23,0.0,24.1,36.2,38.0,1014.3,6.6,156.0,67.0
2022-07-24,0.0,23.2,34.4,44.0,1015.7,7.2,98.0,12.0
2022-07-25,0.0,24.0,36.1,46.0,1012.8,6.9,144.0,19.0
2022-07-26,0.0,21.9,34.1,51.0,1010.2,8.5,74.0,47.0
2022-07-27,3.8,21.9,31.0,54.0,1011.2,7.9,70.0,71.0
2022-07-28,0.0,21.5,31.7,49.0,1013.3,9.2,82.0,31.0
2022-07-29,0.4,20.8,33.1,48.0,1013.3,6.9,238.0,77.0
2022-07-30,3.6,18.9,28.9,67.0,1013.9,6.0,189.0,22.0
2022-07-31,0.0,20.9,33.4,51.0,1015.0,6.1,199.0,8.0
2022-08-01,0.0,21.7,34.2,46.0,1014.3,7.6,125.0,13.0
2022-08-02,9.6,21.0,30.6,58.0,1016.0,6.2,55.0,50.0
2022-08-03,0.0,21.7,32.8,46.0,1016.3,6.7,118.0,9.0
2022-08-04,0.0,22.3,34.6,44.0,1015.1,6.3,187.0,2.0
2022-08-05,0.0,23.7,35.6,41.0,1013.3,6.1,203.0,11.0
2022-08-06,0.8,23.1,34.8,52.0,1013.9,7.3,29.0,34.0
2022-08-07,1.7,22.5,29.6,56.0,1016.1,6.5,2.0,83.0
2022-08-08,0.1,19.9,31.6,54.0,1016.4,8.8,66.0,46.0
2022-08-09,0.0,22.4,31.5,45.0,1018.9,8.6,63.0,18.0
2022-08-10,0.0,21.7,31.3,35.0,1019.6,10.6,66.0,24.0
2022-08-11,0.0,20.8,31.4,34.0,1017.8,9.4,60.0,52.0
2022-08-12,0.1,20.8,27.5,42.0,1015.7,11.4,51.0,66.0
2022-08-13,0.0,18.0,29.1,42.0,1013.4,7.0,49.0,27.0
2022-08-14,0.0,18.0,31.6,43.0,1010.0,6.7,215.0,49.0
2022-08-15,0.1,20.3,30.9,51.0,1007.1,6.7,220.0,56.0
2022-08-16,0.0,18.7,29.5,60.0,1010.2,5.0,103.0,9.0
2022-08-17,0.3,20.1,31.9,63.0,1012.5,6.2,117.0,60.0
2022-08-18,6.8,20.2,28.6,77.0,1011.5,8.6,50.0,85.0
2022-08-19,14.1,19.6,27.1,78.0,1009.7,6.9,247.0,72.0
2022-08-20,1.2,18.7,28.6,71.0,1011.5,6.4,351.0,52.0
2022-08-21,1.4,19.0,28.6,65.0,1011.3,5.2,29.0,13.0
2022-08-22,0.0,19.0,28.5,58.0,1009.6,4.6,52.0,9.0
2022-08-23,0.0,19.1,26.8,73.0,1012.8,4.9,74.0,22.0
2022-08-24,0.0,18.7,27.8,69.0,1015.8,4.8,240.0,15.0
2022-08-25,0.0,20.6,29.4,61.0,1014.3,3.8,225.0,31.0
2022-08-26,0.4,21.5,29.7,63.0,1011.2,3.6,9.0,47.0
2022-08-27,5.2,20.4,27.2,67.0,1010.5,7.2,329.0,95.0
2022-08-28,0.8,18.8,28.1,72.0,1013.3,5.3,111.0,67.0
2022-08-29,0.5,17.9,27.8,71.0,1016.5,6.1,26.0,68.0
2022-08-30,0.0,18.1,29.6,67.0,1017.1,5.5,0.0,74.0
2022-08-31,6.7,19.1,26.0,77.0,1014.6,7.0,42.0,74.0
2022-09-01,1.7,18.3,26.0,70.0,1014.4,7.7,48.0,81.0
2022-09-02,0.0,16.2,24.4,65.0,1015.7,4.3,12.0,58.0
2022-09-03,0.3,16.8,24.7,68.0,1015.8,5.7,91.0,74.0
2022-09-04,0.0,17.1,26.8,73.0,1018.8,4.5,89.0,16.0
2022-09-05,0.1,17.7,27.7,72.0,1021.7,4.6,266.0,44.0
2022-09-06,1.1,19.0,28.7,71.0,1018.7,4.9,55.0,35.0
2022-09-07,6.6,19.3,26.6,81.0,1016.3,5.4,38.0,85.0
2022-09-08,18.4,18.8,26.3,80.0,1012.4,6.8,78.0,94.0
2022-09-09,2.4,17.0,24.5,79.0,1012.5,7.8,71.0,56.0
2022-09-10,0.0,15.1,25.2,66.0,1013.7,4.6,15.0,10.0
2022-09-11,0.0,14.3,25.5,64.0,1015.0,4.8,314.0,15.0
2022-09-12,0.0,16.1,25.9,68.0,1015.8,5.3,91.0,27.0
2022-09-13,0.0,15.9,26.1,72.0,1013.8,4.7,80.0,52.0
2022-09-14,0.3,18.1,27.0,75.0,1010.8,6.9,243.0,96.0
2022-09-15,0.5,17.8,27.8,76.0,1006.0,8.6,273.0,72.0
2022-09-16,8.7,17.2,26.3,78.0,1004.9,9.3,63.0,58.0
2022-09-17,20.6,11.1,17.0,86.0,1007.6,8.2,79.0,68.0
2022-09-18,0.0,9.1,21.1,60.0,1013.2,5.4,334.0,49.0
2022-09-19,0.0,10.8,23.4,63.0,1012.5,6.5,70.0,16.0
2022-09-20,1.1,11.7,20.8,58.0,1017.6,6.8,39.0,24.0
2022-09-21,0.4,11.3,18.6,61.0,1022.0,6.4,41.0,18.0
2022-09-22,0.0,9.8,18.9,60.0,1021.8,5.8,60.0,38.0
2022-09-23,0.0,11.6,20.1,60.0,1020.3,4.6,227.0,47.0
2022-09-24,0.0,12.2,19.1,68.0,1016.6,4.4,37.0,98.0
2022-09-25,1.5,13.2,20.6,75.0,1011.5,6.0,258.0,59.0
2022-09-26,0.2,12.1,20.9,77.0,1006.9,5.4,68.0,46.0
2022-09-27,4.7,12.5,20.0,82.0,1000.5,5.9,60.0,66.0
2022-09-28,0.5,10.9,18.1,75.0,1001.0,5.8,49.0,79.0
2022-09-29,21.4,11.6,20.2,83.0,999.7,7.4,54.0,84.0
2022-09-30,14.8,12.1,17.5,86.0,1008.3,6.9,46.0,98.0
2022-10-01,0.3,11.7,20.0,79.0,1014.1,7.2,258.0,66.0
2022-10-02,0.0,12.1,21.2,77.0,1018.5,4.6,27.0,26.0
2022-10-03,0.2,12.6,22.8,81.0,1019.1,4.3,22.0,41.0
2022-10-04,0.5,13.5,19.6,78.0,1022.6,5.9,54.0,58.0
2022-10-05,0.0,13.4,20.6,80.0,1026.7,3.4,56.0,68.0
2022-10-06,0.0,12.5,22.0,80.0,1027.7,4.0,26.0,49.0
2022-10-07,0.0,12.9,23.9,64.0,1024.6,4.0,327.0,19.0
2022-10-08,0.0,13.8,22.4,65.0,1019.5,4.0,49.0,18.0
2022-10-09,0.5,14.3,22.2,68.0,1021.4,8.7,53.0,95.0
2022-10-10,0.0,12.4,21.6,65.0,1021.0,4.8,56.0,34.0
2022-10-11,0.0,12.3,22.7,71.0,1021.2,3.4,14.0,35.0
2022-10-12,0.0,13.0,22.0,67.0,1022.4,5.3,57.0,81.0
2022-10-13,0.0,12.3,21.4,71.0,1020.7,3.5,283.0,61.0
2022-10-14,0.0,12.9,20.7,74.0,1017.2,3.5,342.0,62.0
2022-10-15,0.0,12.5,21.7,77.0,1016.6,4.0,18.0,64.0
2022-10-16,0.0,13.6,21.7,78.0,1022.9,4.1,48.0,51.0
2022-10-17,0.0,12.1,22.7,77.0,1028.4,3.5,286.0,21.0
2022-10-18,0.0,13.5,21.7,73.0,1026.4,3.7,41.0,2.0
2022-10-19,0.0,14.6,23.9,70.0,1022.2,3.7,1.0,8.0
2022-10-20,0.0,14.0,20.6,73.0,1022.2,5.4,49.0,72.0
2022-10-21,0.4,13.7,19.4,80.0,1020.1,4.7,38.0,98.0
2022-10-22,25.5,15.2,20.9,90.0,1017.8,6.8,40.0,71.0
2022-10-23,0.0,13.4,21.5,81.0,1021.7,3.5,5.0,76.0
2022-10-24,1.2,15.1,21.9,84.0,1019.4,5.5,36.0,90.0
2022-10-25,0.7,14.1,21.2,80.0,1019.4,4.9,54.0,66.0
2022-10-26,0.0,12.7,21.2,80.0,1022.2,4.0,15.0,36.0
2022-10-27,0.0,14.3,23.0,73.0,1026.9,3.6,306.0,13.0
2022-10-28,0.0,13.9,22.5,63.0,1027.5,3.2,333.0,10.0
2022-10-29,0.0,16.4,21.7,66.0,1025.6,2.3,6.0,5.0
2022-10-30,0.0,14.7,22.8,63.0,1022.6,3.6,349.0,34.0
2022-10-31,0.0,15.7,22.3,62.0,1021.9,3.8,41.0,33.0
2022-11-01,0.0,13.7,18.6,67.0,1022.2,3.5,15.0,75.0
2022-11-02,0.3,12.1,18.3,80.0,1023.5,3.6,7.0,46.0
2022-11-03,1.2,11.9,17.8,82.0,1019.7,3.7,322.0,81.0
2022-11-04,27.2,7.3,16.8,78.0,1004.3,7.7,26.0,58.0
2022-11-05,0.0,5.4,16.8,64.0,1011.0,5.0,322.0,19.0
2022-11-06,0.0,6.3,15.2,61.0,1017.9,3.3,318.0,65.0
2022-11-07,0.0,7.1,14.9,64.0,1020.2,3.5,332.0,23.0
2022-11-08,0.0,7.0,13.9,65.0,1021.3,4.0,30.0,42.0
2022-11-09,0.0,7.6,13.8,76.0,1020.1,3.8,15.0,80.0
2022-11-10,5.1,10.6,16.4,87.0,1024.7,3.8,17.0,66.0
2022-11-11,0.0,8.3,15.6,83.0,1033.2,3.0,334.0,69.0
2022-11-12,0.0,8.1,15.9,59.0,1030.2,3.9,9.0,85.0
2022-11-13,0.0,8.0,15.7,63.0,1026.4,8.5,54.0,58.0
2022-11-14,3.2,8.0,14.0,81.0,1022.9,5.2,18.0,93.0
2022-11-15,1.8,6.4,11.8,85.0,1017.2,3.2,350.0,64.0
2022-11-16,0.9,8.0,13.1,90.0,1005.2,4.2,294.0,78.0
2022-11-17,0.2,7.4,13.9,87.0,1002.5,3.4,14.0,87.0
2022-11-18,0.5,8.3,15.3,83.0,1000.1,4.8,302.0,51.0
2022-11-19,0.0,6.7,15.1,66.0,1006.5,6.5,44.0,95.0
2022-11-20,0.8,5.3,13.2,77.0,1010.5,6.0,309.0,38.0
2022-11-21,0.2,4.4,10.6,84.0,1009.1,5.5,37.0,78.0
2022-11-22,50.1,6.9,9.5,78.0,995.9,13.9,16.0,100.0
2022-11-23,0.4,4.6,12.7,82.0,1002.8,4.8,302.0,33.0
2022-11-24,0.0,3.0,11.6,73.0,1013.1,3.4,325.0,13.0
2022-11-25,0.0,3.8,12.7,65.0,1019.6,4.8,25.0,66.0
2022-11-26,0.0,4.2,13.8,63.0,1025.4,4.0,356.0,51.0
2022-11-27,0.0,3.6,11.5,68.0,1028.1,4.3,326.0,22.0
2022-11-28,0.0,3.0,8.2,73.0,1020.4,3.2,1.0,97.0
2022-11-29,0.4,2.2,8.5,83.0,1017.8,5.0,46.0,88.0
2022-11-30,0.0,1.4,10.2,69.0,1018.9,4.4,4.0,88.0
2022-12-01,0.0,5.3,10.5,66.0,1018.8,3.8,333.0,99.0
2022-12-02,2.1,5.4,8.2,79.0,1019.7,5.8,47.0,97.0
2022-12-03,2.3,3.4,9.2,81.0,1018.4,5.5,34.0,100.0
2022-12-04,16.3,6.5,10.2,84.0,1015.0,11.9,52.0,93.0
2022-12-05,16.7,6.0,12.0,86.0,1017.9,4.9,6.0,84.0
2022-12-06,0.0,2.5,9.4,81.0,1016.3,2.4,344.0,28.0
2022-12-07,0.0,1.6,9.7,70.0,1013.7,3.8,345.0,8.0
2022-12-08,0.0,1.7,8.1,74.0,1011.5,3.9,312.0,50.0
2022-12-09,17.3,4.1,7.3,89.0,1004.4,5.3,346.0,94.0
2022-12-10,1.5,4.0,9.5,87.0,999.2,3.1,347.0,92.0
2022-12-11,15.4,1.9,7.6,91.0,1002.1,4.5,303.0,91.0
2022-12-12,0.0,-2.3,4.8,71.0,1010.1,4.7,22.0,22.0
2022-12-13,0.0,-0.9,5.0,58.0,1011.7,5.4,50.0,98.0
2022-12-14,0.0,1.0,5.6,73.0,1007.2,3.3,268.0,92.0
2022-12-15,13.7,-1.3,6.8,79.0,1007.0,6.6,38.0,77.0
2022-12-16,5.1,5.0,8.2,92.0,1004.2,3.5,355.0,92.0
2022-12-17,0.1,4.6,8.9,82.0,1017.2,5.7,68.0,81.0
2022-12-18,0.0,0.5,7.4,75.0,1032.4,5.5,59.0,31.0
2022-12-19,0.0,1.5,5.0,84.0,1034.8,3.1,292.0,87.0
2022-12-20,0.0,1.2,5.1,77.0,1029.7,3.0,326.0,96.0
2022-12-21,0.0,1.6,5.0,80.0,1022.5,3.5,337.0,93.0
2022-12-22,0.0,1.5,7.0,81.0,1018.2,3.9,303.0,66.0
2022-12-23,0.0,1.5,8.7,84.0,1016.0,4.2,317.0,82.0
2022-12-24,0.0,4.7,9.1,90.0,1017.9,3.8,304.0,88.0
2022-12-25,0.0,5.5,11.4,74.0,1023.7,3.9,304.0,29.0
2022-12-26,0.0,5.8,9.2,84.0,1025.3,4.1,50.0,83.0
2022-12-27,0.0,3.8,10.6,84.0,1025.8,4.1,338.0,24.0
2022-12-28,0.0,3.6,11.0,77.0,1026.5,4.5,356.0,76.0
2022-12-29,0.0,5.3,8.4,78.0,1022.9,2.8,11.0,93.0
2022-12-30,0.7,5.5,10.2,88.0,1021.8,3.8,338.0,100.0
2022-12-31,0.0,5.6,10.5,86.0,1029.0,2.5,27.0,89.0
2023-01-01,0.0,6.8,11.1,86.0,1031.2,3.6,29.0,94.0
2023-01-02,0.3,8.1,10.1,94.0,1030.1,2.4,220.0,100.0
2023-01-03,0.7,6.3,11.2,89.0,1029.9,2.4,304.0,99.0
2023-01-04,1.4,7.1,12.0,81.0,1029.8,3.2,301.0,53.0
2023-01-05,0.0,6.0,8.6,90.0,1023.9,3.0,21.0,94.0
2023-01-06,0.0,4.6,7.9,93.0,1025.7,4.1,263.0,63.0
2023-01-07,0.0,5.1,9.2,87.0,1024.4,3.5,265.0,92.0
2023-01-08,11.6,3.8,7.8,87.0,1017.3,4.5,40.0,98.0
2023-01-09,14.8,5.1,11.4,86.0,1004.2,7.2,350.0,99.0
2023-01-10,0.0,0.6,14.8,65.0,1013.9,6.2,318.0,30.0
2023-01-11,0.0,1.4,9.7,52.0,1021.1,3.0,5.0,76.0
2023-01-12,0.6,2.4,12.0,71.0,1022.0,3.9,303.0,86.0
2023-01-13,0.0,3.1,8.6,78.0,1019.6,4.9,30.0,69.0
2023-01-14,0.0,2.1,10.5,75.0,1022.3,3.8,337.0,51.0
2023-01-15,4.4,3.9,7.7,82.0,1015.2,2.8,13.0,100.0
2023-01-16,4.6,4.5,8.3,87.0,1000.8,6.1,360.0,98.0
2023-01-17,4.0,-0.1,6.0,88.0,990.8,7.0,16.0,81.0
2023-01-18,1.0,-0.8,6.3,87.0,993.2,5.8,349.0,85.0
2023-01-19,10.6,0.1,4.7,78.0,1002.6,7.6,18.0,99.0
2023-01-20,5.8,-1.0,6.0,73.0,1009.2,5.9,322.0,78.0
2023-01-21,0.0,-2.9,6.7,60.0,1011.2,4.2,326.0,98.0
2023-01-22,0.6,1.1,6.7,67.0,1018.0,5.0,22.0,96.0
2023-01-23,18.0,-0.2,8.8,74.0,1019.8,11.1,22.0,96.0
2023-01-24,2.0,2.2,10.4,76.0,1029.1,4.2,13.0,67.0
2023-01-25,0.3,2.5,9.7,80.0,1026.9,3.8,9.0,58.0
2023-01-26,0.0,-0.4,5.8,77.0,1017.2,4.6,1.0,43.0
2023-01-27,0.0,-1.9,6.1,71.0,1015.0,4.2,342.0,45.0
2023-01-28,0.0,-1.9,6.7,68.0,1019.6,3.7,325.0,47.0
2023-01-29,0.0,-0.8,6.6,68.0,1025.3,4.2,339.0,32.0
2023-01-30,0.0,-1.1,5.2,75.0,1019.7,3.6,36.0,32.0
2023-01-31,0.0,-1.7,10.0,73.0,1021.6,5.4,24.0,32.0
2023-02-01,0.0,2.6,7.6,65.0,1021.2,3.9,322.0,15.0
2023-02-02,0.0,-1.6,8.1,72.0,1021.5,3.9,36.0,45.0
2023-02-03,0.0,2.3,9.2,69.0,1024.8,4.2,326.0,59.0
2023-02-04,0.0,2.7,12.3,74.0,1022.8,5.8,76.0,63.0
2023-02-05,0.0,1.2,5.5,74.0,1033.2,5.6,164.0,79.0
2023-02-06,0.0,0.3,3.1,75.0,1035.8,6.8,70.0,96.0
2023-02-07,0.0,-3.6,4.5,70.0,1037.8,5.0,43.0,3.0
2023-02-08,0.0,-3.6,3.9,60.0,1038.7,8.3,48.0,0.0
2023-02-09,0.0,-4.9,4.3,57.0,1038.1,6.1,7.0,1.0
2023-02-10,0.0,-4.1,6.8,55.0,1037.4,3.8,290.0,0.0
2023-02-11,0.0,-1.3,8.7,40.0,1035.4,3.2,37.0,49.0
2023-02-12,0.0,2.4,12.5,52.0,1034.4,5.1,18.0,17.0
2023-02-13,0.0,1.4,11.7,58.0,1037.7,5.4,312.0,0.0
2023-02-14,0.0,2.1,11.3,65.0,1034.1,4.3,53.0,0.0
2023-02-15,0.0,4.5,13.8,56.0,1030.0,3.1,337.0,0.0
2023-02-16,0.0,3.2,11.0,69.0,1029.4,3.8,28.0,50.0
2023-02-17,0.0,4.8,10.4,80.0,1029.8,4.3,1.0,55.0
2023-02-18,0.0,4.2,8.4,91.0,1027.9,4.3,61.0,99.0
2023-02-19,0.3,6.6,9.7,89.0,1023.9,3.9,78.0,100.0
2023-02-20,0.0,3.4,13.5,82.0,1026.3,4.8,270.0,63.0
2023-02-21,0.0,3.1,10.3,87.0,1022.0,6.3,64.0,95.0
2023-02-22,0.0,4.2,12.0,86.0,1018.5,3.7,353.0,93.0
2023-02-23,0.4,5.6,12.1,83.0,1016.0,3.4,18.0,81.0
2023-02-24,0.4,6.3,12.6,88.0,1012.4,4.7,277.0,97.0
2023-02-25,0.1,5.3,13.3,88.0,1001.2,6.5,60.0,54.0
2023-02-26,2.1,4.6,9.5,58.0,1004.0,15.8,69.0,100.0
2023-02-27,0.0,2.2,8.5,48.0,1017.3,9.9,78.0,82.0
2023-02-28,0.0,-0.7,9.2,59.0,1022.9,9.5,63.0,48.0
2023-03-01,2.7,0.0,11.6,69.0,1018.5,9.2,65.0,92.0
2023-03-02,1.8,4.5,11.4,76.0,1017.6,5.7,25.0,83.0
2023-03-03,0.0,3.0,12.9,72.0,1016.9,4.7,12.0,74.0
2023-03-04,0.0,3.2,14.0,70.0,1016.9,5.6,273.0,6.0
2023-03-05,0.0,4.2,13.3,73.0,1012.1,5.7,72.0,38.0
2023-03-06,0.5,4.2,12.4,78.0,1006.6,6.1,65.0,73.0
2023-03-07,1.0,4.3,13.5,83.0,1004.3,6.1,69.0,92.0
2023-03-08,0.0,3.3,14.0,78.0,1004.6,7.6,58.0,73.0
2023-03-09,0.0,7.2,16.2,78.0,1004.2,6.6,61.0,74.0
2023-03-10,1.3,7.6,16.3,80.0,999.1,4.9,356.0,75.0
2023-03-11,0.8,6.3,17.3,72.0,999.1,6.4,68.0,73.0
2023-03-12,0.5,5.9,13.7,58.0,1013.9,8.4,68.0,55.0
2023-03-13,0.1,5.2,14.4,70.0,1017.5,5.2,73.0,96.0
2023-03-14,6.1,7.7,13.3,87.0,1005.2,7.4,51.0,96.0
2023-03-15,0.3,3.1,14.2,62.0,1009.8,4.9,349.0,39.0
2023-03-16,0.0,3.4,13.5,46.0,1021.6,5.6,144.0,45.0
2023-03-17,0.0,3.1,13.2,60.0,1022.7,4.5,188.0,73.0
2023-03-18,0.0,5.1,13.0,61.0,1019.1,5.1,75.0,49.0
2023-03-19,0.1,5.7,13.9,69.0,1019.8,4.6,95.0,100.0
2023-03-20,0.1,7.8,16.4,75.0,1019.6,5.0,82.0,62.0
2023-03-21,0.0,5.8,18.9,69.0,1017.2,4.5,216.0,32.0
2023-03-22,0.0,9.1,19.6,66.0,1015.7,5.2,72.0,43.0
2023-03-23,0.0,7.8,18.8,74.0,1015.3,5.6,74.0,89.0
2023-03-24,0.0,8.8,17.2,78.0,1014.1,4.8,201.0,91.0
2023-03-25,0.3,7.6,19.4,82.0,1011.3,8.2,60.0,51.0
2023-03-26,10.7,7.5,16.0,80.0,1008.2,4.9,44.0,66.0
2023-03-27,0.2,5.3,18.5,57.0,1005.5,6.0,10.0,53.0
2023-03-28,0.0,2.0,14.6,41.0,1022.1,7.3,181.0,17.0
2023-03-29,0.0,5.0,15.3,55.0,1023.5,7.1,58.0,71.0
2023-03-30,0.4,7.4,14.3,72.0,1021.3,5.6,44.0,100.0
2023-03-31,1.6,9.8,14.9,81.0,1012.0,5.2,272.0,100.0
2023-04-01,0.2,6.0,17.3,76.0,1005.3,4.7,243.0,57.0
2023-04-02,0.5,7.2,17.1,69.0,1009.9,6.3,25.0,82.0
2023-04-03,0.1,7.1,14.2,63.0,1014.5,7.2,52.0,56.0
2023-04-04,0.0,2.7,11.1,46.0,1016.8,6.1,88.0,12.0
2023-04-05,0.0,1.6,10.8,51.0,1019.2,6.7,86.0,22.0
2023-04-06,0.0,1.7,13.2,54.0,1019.1,5.9,135.0,32.0
2023-04-07,0.0,4.3,14.8,58.0,1016.5,5.6,90.0,75.0
2023-04-08,3.3,4.9,15.8,67.0,1017.6,6.3,62.0,76.0
2023-04-09,0.7,5.8,13.7,72.0,1022.0,5.5,51.0,54.0
2023-04-10,0.0,4.8,16.0,65.0,1023.4,5.7,203.0,37.0
2023-04-11,0.0,7.4,18.1,60.0,1016.6,5.5,72.0,96.0
2023-04-12,0.0,7.7,15.9,62.0,1010.7,5.6,66.0,97.0
2023-04-13,11.9,8.5,12.0,75.0,1003.1,9.0,67.0,100.0
2023-04-14,6.4,6.4,13.8,82.0,1003.8,6.8,227.0,88.0
2023-04-15,0.3,6.5,16.3,74.0,1006.5,10.3,51.0,81.0
2023-04-16,0.0,5.3,16.7,65.0,1012.9,5.7,325.0,25.0
2023-04-17,0.0,7.7,19.0,59.0,1014.4,5.7,316.0,48.0
2023-04-18,0.0,8.5,20.5,54.0,1015.1,4.4,191.0,73.0
2023-04-19,15.4,9.3,18.1,71.0,1015.3,5.4,315.0,53.0
2023-04-20,8.0,9.9,13.1,82.0,1013.6,12.5,52.0,95.0
2023-04-21,5.8,10.0,17.5,70.0,1014.8,8.2,13.0,76.0
2023-04-22,0.0,8.9,20.2,71.0,1014.4,4.3,151.0,85.0
2023-04-23,1.2,11.0,20.3,74.0,1012.3,6.1,82.0,75.0
2023-04-24,10.3,12.1,16.6,82.0,1007.4,6.4,66.0,89.0
2023-04-25,9.2,8.0,14.5,82.0,1009.8,7.8,42.0,62.0
2023-04-26,0.1,6.1,18.1,63.0,1014.1,5.9,166.0,22.0
2023-04-27,0.0,7.7,18.3,64.0,1018.3,6.0,84.0,19.0
2023-04-28,0.3,9.5,18.7,64.0,1018.9,4.9,88.0,89.0
2023-04-29,0.0,9.6,19.2,72.0,1015.1,4.3,58.0,80.0
2023-04-30,0.2,11.0,20.6,74.0,1015.9,6.3,52.0,83.0
2023-05-01,2.9,13.3,18.9,66.0,1015.8,11.2,58.0,100.0
2023-05-02,14.4,12.4,17.4,81.0,1015.8,6.9,21.0,100.0
2023-05-03,0.8,11.6,19.2,73.0,1020.5,5.9,45.0,63.0
2023-05-04,0.0,9.8,21.5,65.0,1021.1,5.4,221.0,31.0
2023-05-05,0.0,11.9,22.8,66.0,1019.0,4.4,197.0,45.0
2023-05-06,0.0,12.2,23.9,72.0,1016.0,4.6,79.0,78.0
2023-05-07,0.6,14.6,23.6,73.0,1016.0,3.8,299.0,95.0
2023-05-08,10.0,15.4,19.5,81.0,1018.9,8.6,60.0,95.0
2023-05-09,0.1,13.2,21.1,69.0,1018.1,8.6,79.0,69.0
2023-05-10,26.0,12.7,15.6,79.0,1013.0,8.3,54.0,100.0
2023-05-11,12.7,12.1,16.0,79.0,1010.5,5.6,355.0,100.0
2023-05-12,12.5,11.3,15.7,85.0,1013.5,10.7,58.0,98.0
2023-05-13,6.1,10.1,17.5,84.0,1017.4,7.4,64.0,93.0
2023-05-14,3.6,10.5,16.1,79.0,1012.8,5.3,2.0,95.0
2023-05-15,0.0,9.7,20.4,72.0,1008.9,3.6,14.0,56.0
2023-05-16,20.1,13.3,18.2,77.0,1005.3,8.1,4.0,100.0
2023-05-17,2.2,12.7,18.1,81.0,1011.6,4.9,250.0,99.0
2023-05-18,0.0,11.8,20.2,63.0,1018.2,5.6,69.0,55.0
2023-05-19,0.1,12.8,19.0,68.0,1019.2,10.3,68.0,100.0
2023-05-20,5.6,15.5,21.5,68.0,1015.9,11.5,32.0,100.0
2023-05-21,0.1,17.2,25.6,56.0,1013.0,13.2,37.0,59.0
2023-05-22,0.0,15.5,26.0,55.0,1013.2,7.4,21.0,12.0
2023-05-23,0.1,16.7,27.5,58.0,1012.4,5.6,52.0,39.0
2023-05-24,8.1,16.3,23.7,71.0,1013.9,8.6,51.0,44.0
2023-05-25,44.3,15.0,25.0,70.0,1018.0,7.4,16.0,39.0
2023-05-26,0.8,15.7,26.0,69.0,1018.6,4.3,12.0,34.0
2023-05-27,3.8,17.1,23.8,67.0,1018.9,5.9,336.0,56.0
2023-05-28,0.3,16.2,24.7,63.0,1015.4,5.7,31.0,67.0
2023-05-29,0.0,15.9,25.1,61.0,1014.6,7.2,34.0,58.0
2023-05-30,0.1,17.4,24.2,61.0,1015.9,9.2,32.0,68.0
2023-05-31,0.8,16.3,24.9,55.0,1017.6,12.9,38.0,49.0
2023-06-01,0.6,15.1,25.8,63.0,1015.8,6.3,47.0,24.0
2023-06-02,0.1,15.6,25.4,67.0,1012.8,3.5,300.0,51.0
2023-06-03,4.0,16.4,23.9,72.0,1015.1,8.2,44.0,73.0
2023-06-04,8.6,15.5,23.1,77.0,1016.9,5.2,65.0,77.0
2023-06-05,13.7,16.0,19.1,87.0,1016.3,5.3,65.0,94.0
2023-06-06,8.0,15.0,21.5,84.0,1015.8,4.1,68.0,75.0
2023-06-07,3.1,14.8,23.1,82.0,1016.1,4.3,255.0,70.0
2023-06-08,1.5,15.3,26.1,73.0,1013.7,5.6,227.0,21.0
2023-06-09,1.3,15.6,25.7,74.0,1012.0,5.0,0.0,50.0
2023-06-10,2.5,16.7,24.3,82.0,1011.4,4.8,65.0,78.0
2023-06-11,0.0,16.1,25.7,72.0,1012.1,4.3,23.0,38.0
2023-06-12,7.4,16.3,25.1,73.0,1012.8,5.8,30.0,41.0
2023-06-13,7.7,17.1,22.5,74.0,1011.7,9.6,62.0,87.0
2023-06-14,0.2,15.7,24.9,71.0,1011.2,5.7,61.0,77.0
2023-06-15,0.1,14.7,25.0,66.0,1013.8,6.0,29.0,33.0
2023-06-16,1.4,15.2,24.8,66.0,1014.2,5.5,316.0,23.0
2023-06-17,0.0,15.9,27.3,62.0,1014.3,5.3,280.0,8.0
2023-06-18,0.0,17.5,27.4,68.0,1015.7,6.1,68.0,46.0
2023-06-19,0.0,18.6,28.2,70.0,1015.8,4.5,77.0,59.0
2023-06-20,0.0,20.3,29.7,71.0,1016.5,5.7,109.0,84.0
2023-06-21,0.0,19.8,30.8,70.0,1016.9,5.8,74.0,52.0
2023-06-22,0.0,21.4,31.0,69.0,1017.5,5.1,80.0,74.0
2023-06-23,8.8,20.5,29.4,72.0,1014.5,7.4,350.0,57.0
2023-06-24,0.0,17.8,28.1,57.0,1018.0,4.8,86.0,8.0
2023-06-25,0.0,18.6,28.6,60.0,1017.2,5.1,218.0,7.0
2023-06-26,0.0,20.3,30.0,60.0,1015.4,5.7,87.0,18.0
2023-06-27,4.4,20.2,30.1,68.0,1013.2,6.0,56.0,81.0
2023-06-28,0.1,18.9,25.2,67.0,1014.9,8.4,75.0,40.0
2023-06-29,0.0,17.6,26.9,59.0,1016.5,4.8,58.0,38.0
2023-06-30,0.5,17.5,26.4,64.0,1012.3,4.3,173.0,81.0
2023-07-01,2.8,18.1,25.1,77.0,1008.5,3.8,143.0,84.0
2023-07-02,1.0,18.5,27.5,77.0,1009.9,4.8,101.0,35.0
2023-07-03,22.8,19.5,25.5,84.0,1012.8,5.5,69.0,82.0
2023-07-04,3.2,17.4,27.5,69.0,1014.3,4.1,177.0,67.0
2023-07-05,2.1,17.8,27.1,70.0,1013.9,6.8,255.0,53.0
2023-07-06,10.7,17.9,25.3,74.0,1016.3,5.5,44.0,67.0
2023-07-07,0.0,17.3,27.5,62.0,1020.4,4.8,107.0,15.0
2023-07-08,0.0,18.3,29.6,61.0,1020.7,5.6,206.0,30.0
2023-07-09,0.0,19.3,30.7,63.0,1020.6,4.2,111.0,13.0
2023-07-10,0.0,21.4,32.4,66.0,1019.6,4.4,153.0,37.0
2023-07-11,0.2,22.9,32.3,70.0,1017.3,5.1,83.0,31.0
2023-07-12,10.2,23.0,30.6,74.0,1015.1,5.7,95.0,87.0
2023-07-13,9.5,20.7,26.2,86.0,1014.5,5.0,116.0,69.0
2023-07-14,0.0,19.1,28.9,65.0,1016.9,4.8,70.0,16.0
2023-07-15,0.0,20.1,30.9,61.0,1015.7,4.9,122.0,7.0
2023-07-16,0.0,21.5,31.8,69.0,1015.2,5.0,93.0,2.0
2023-07-17,0.0,22.6,33.7,67.0,1015.8,4.5,117.0,5.0
2023-07-18,5.9,23.9,33.5,66.0,1016.4,6.4,54.0,24.0
2023-07-19,8.9,22.3,31.7,71.0,1011.5,5.0,311.0,64.0
2023-07-20,2.2,21.1,31.4,62.0,1009.4,5.8,82.0,35.0
2023-07-21,3.0,21.1,26.0,72.0,1009.6,7.5,74.0,69.0
2023-07-22,0.4,18.5,27.8,74.0,1013.4,4.8,57.0,39.0
2023-07-23,0.3,20.1,28.7,67.0,1015.2,6.5,68.0,32.0
2023-07-24,43.6,20.6,29.1,70.0,1011.2,7.2,31.0,66.0
2023-07-25,29.9,18.5,26.4,86.0,1003.2,6.7,169.0,76.0
2023-07-26,0.2,16.9,24.9,76.0,1008.4,4.1,265.0,31.0
2023-07-27,0.0,14.6,25.7,62.0,1015.2,5.6,106.0,19.0
2023-07-28,0.0,16.1,27.4,65.0,1013.3,5.6,191.0,37.0
2023-07-29,1.3,18.2,28.3,70.0,1013.1,5.8,103.0,32.0
2023-07-30,8.6,20.2,27.4,78.0,1012.4,4.4,99.0,55.0
2023-07-31,0.0,19.6,28.4,66.0,1012.6,6.1,82.0,60.0
2023-08-01,1.0,19.8,27.4,72.0,1005.9,5.2,51.0,73.0
2023-08-02,1.3,19.2,27.2,72.0,1006.8,6.2,105.0,49.0
2023-08-03,17.5,20.4,30.2,77.0,1005.7,7.0,12.0,57.0
2023-08-04,18.6,17.7,25.5,80.0,1007.7,10.1,52.0,71.0
2023-08-05,25.0,17.2,20.4,91.0,1006.5,5.8,255.0,92.0
2023-08-06,0.9,16.5,24.3,79.0,1006.0,4.6,67.0,32.0
2023-08-07,0.0,13.4,25.7,59.0,1011.9,4.6,216.0,12.0
2023-08-08,0.4,14.3,24.0,58.0,1017.2,6.7,63.0,38.0
2023-08-09,0.0,17.3,25.2,68.0,1016.2,4.5,37.0,83.0
2023-08-10,0.1,16.4,25.7,70.0,1018.7,5.0,62.0,22.0
2023-08-11,0.0,18.5,27.7,68.0,1021.8,4.8,138.0,22.0
2023-08-12,0.0,18.1,28.5,71.0,1020.8,4.0,138.0,28.0
2023-08-13,0.0,19.9,31.0,66.0,1018.5,3.9,181.0,13.0
2023-08-14,0.0,21.4,30.6,62.0,1017.8,4.4,139.0,39.0
2023-08-15,0.0,21.1,31.1,59.0,1017.1,4.7,176.0,14.0
2023-08-16,0.0,21.8,31.5,62.0,1017.0,4.9,288.0,33.0
2023-08-17,9.9,20.4,30.2,71.0,1016.3,4.3,313.0,59.0
2023-08-18,0.8,19.9,30.1,71.0,1016.1,4.5,88.0,62.0
2023-08-19,0.0,21.1,32.2,62.0,1016.6,3.6,190.0,5.0
2023-08-20,0.0,22.9,33.0,58.0,1018.9,3.3,229.0,6.0
2023-08-21,0.0,22.8,34.4,56.0,1019.7,4.0,250.0,3.0
2023-08-22,0.0,23.6,34.7,55.0,1017.7,4.0,135.0,12.0
2023-08-23,0.0,23.7,35.4,55.0,1015.5,3.8,128.0,23.0
2023-08-24,0.0,24.5,34.6,52.0,1015.3,4.2,259.0,37.0
2023-08-25,0.0,24.3,34.7,55.0,1012.9,4.7,118.0,28.0
2023-08-26,0.1,22.8,33.3,54.0,1010.8,6.0,348.0,58.0
2023-08-27,0.6,22.6,30.0,59.0,1008.0,5.3,312.0,89.0
2023-08-28,42.2,17.5,25.1,80.0,1001.6,12.9,43.0,81.0
2023-08-29,21.5,15.8,20.3,86.0,1001.4,7.2,332.0,93.0
2023-08-30,1.0,15.0,20.2,84.0,1006.2,3.7,165.0,77.0
2023-08-31,0.8,14.3,23.1,77.0,1013.3,5.1,44.0,53.0
2023-09-01,0.8,16.0,25.3,78.0,1018.1,5.1,61.0,43.0
2023-09-02,0.0,16.9,27.3,74.0,1020.3,4.3,30.0,28.0
2023-09-03,0.0,17.8,27.3,76.0,1021.7,3.8,67.0,64.0
2023-09-04,0.1,20.3,24.8,74.0,1023.0,5.9,63.0,76.0
2023-09-05,0.0,17.7,25.4,60.0,1022.4,5.8,55.0,43.0
2023-09-06,0.0,14.5,26.6,62.0,1021.3,4.6,36.0,1.0
2023-09-07,0.0,16.6,27.1,59.0,1020.7,7.5,43.0,0.0
2023-09-08,0.0,15.4,27.8,60.0,1019.7,5.8,37.0,0.0
2023-09-09,0.0,16.8,28.0,59.0,1018.6,4.1,18.0,0.0
2023-09-10,0.0,17.8,28.7,60.0,1018.3,3.1,357.0,0.0
2023-09-11,0.0,17.4,28.9,61.0,1015.4,3.5,183.0,0.0
2023-09-12,0.0,17.2,28.1,65.0,1014.7,3.9,62.0,52.0
2023-09-13,0.1,18.7,25.1,73.0,1016.0,3.8,50.0,77.0
2023-09-14,4.8,17.5,24.5,80.0,1017.6,4.2,54.0,54.0
2023-09-15,0.0,16.9,25.1,69.0,1018.5,5.6,64.0,66.0
2023-09-16,0.1,15.8,24.9,72.0,1018.5,4.6,211.0,38.0
2023-09-17,0.1,17.6,26.6,75.0,1018.8,4.5,337.0,76.0
2023-09-18,25.4,18.4,25.2,85.0,1015.9,3.5,25.0,80.0
2023-09-19,6.0,17.6,26.8,82.0,1013.9,5.2,51.0,38.0
2023-09-20,2.0,16.2,25.0,77.0,1015.7,3.9,43.0,61.0
2023-09-21,4.1,15.9,23.8,83.0,1010.5,4.9,35.0,62.0
2023-09-22,21.8,16.5,20.7,88.0,1007.2,5.3,14.0,99.0
2023-09-23,1.6,14.8,23.0,79.0,1010.8,5.4,52.0,69.0
2023-09-24,0.0,11.7,22.9,72.0,1019.6,4.2,66.0,20.0
2023-09-25,0.0,12.0,23.9,64.0,1021.5,3.5,321.0,3.0
2023-09-26,0.0,13.8,26.0,66.0,1021.2,4.9,26.0,0.0
2023-09-27,0.0,16.0,26.9,53.0,1020.2,9.7,36.0,14.0
2023-09-28,0.0,14.5,26.5,56.0,1019.4,5.6,20.0,20.0
2023-09-29,0.0,15.5,26.0,58.0,1021.1,3.5,341.0,8.0
2023-09-30,0.0,16.1,26.1,64.0,1021.7,3.4,322.0,42.0
2023-10-01,0.0,15.7,25.5,65.0,1024.1,3.7,63.0,11.0
2023-10-02,0.0,16.2,25.2,72.0,1025.0,3.5,43.0,4.0
2023-10-03,0.0,15.3,24.9,75.0,1022.1,4.3,63.0,34.0
2023-10-04,3.7,16.3,22.3,75.0,1023.7,6.8,54.0,77.0
2023-10-05,0.0,15.6,23.3,73.0,1024.2,4.1,308.0,67.0
2023-10-06,0.0,14.6,24.2,69.0,1024.7,4.7,65.0,61.0
2023-10-07,0.0,14.0,24.1,72.0,1023.7,3.3,18.0,32.0
2023-10-08,0.0,16.0,24.3,69.0,1022.5,3.8,18.0,54.0
2023-10-09,0.0,15.7,24.0,69.0,1021.1,4.5,59.0,65.0
2023-10-10,0.0,17.1,24.4,75.0,1020.3,3.9,28.0,91.0
2023-10-11,0.0,15.5,25.0,72.0,1021.6,3.3,284.0,5.0
2023-10-12,0.0,15.4,23.3,75.0,1020.8,3.6,55.0,47.0
2023-10-13,0.0,15.3,23.8,78.0,1020.6,4.9,322.0,53.0
2023-10-14,0.0,13.9,23.4,78.0,1014.5,4.9,39.0,26.0
2023-10-15,2.2,10.7,19.0,77.0,1012.5,8.8,60.0,72.0
2023-10-16,0.0,8.8,16.0,53.0,1020.7,6.2,55.0,93.0
2023-10-17,0.0,7.4,15.9,59.0,1018.9,4.4,48.0,71.0
2023-10-18,0.2,7.1,13.8,79.0,1015.7,2.5,22.0,98.0
2023-10-19,9.3,10.0,16.9,91.0,1005.4,2.9,356.0,96.0
2023-10-20,27.8,14.3,19.8,92.0,995.1,6.1,21.0,100.0
2023-10-21,17.8,13.2,21.2,84.0,1001.5,5.0,57.0,70.0
2023-10-22,2.0,11.3,19.4,83.0,1011.1,4.7,6.0,48.0
2023-10-23,2.6,10.8,19.7,77.0,1016.8,3.8,305.0,63.0
2023-10-24,49.0,14.1,16.7,88.0,1009.3,6.8,26.0,100.0
2023-10-25,0.6,11.6,17.8,87.0,1004.0,4.8,357.0,68.0
2023-10-26,3.6,11.9,17.1,86.0,1001.5,4.8,45.0,79.0
2023-10-27,32.3,11.6,20.8,87.0,994.8,7.0,1.0,65.0
2023-10-28,0.1,11.7,19.1,81.0,1005.9,4.9,51.0,64.0
2023-10-29,7.1,10.3,17.1,84.0,1013.2,3.0,12.0,78.0
2023-10-30,39.1,11.3,17.7,90.0,1010.5,8.9,39.0,99.0
2023-10-31,16.2,10.0,16.7,86.0,1004.1,6.0,23.0,65.0
2023-11-01,0.0,7.5,16.7,71.0,1013.4,3.6,344.0,52.0
2023-11-02,44.8,9.4,13.0,84.0,1000.9,9.6,25.0,90.0
2023-11-03,32.1,6.1,13.8,85.0,987.6,6.9,20.0,68.0
2023-11-04,6.9,3.7,13.5,73.0,997.5,4.1,347.0,54.0
2023-11-05,25.7,7.0,17.6,82.0,991.5,7.2,21.0,29.0
2023-11-06,4.1,6.9,15.8,81.0,1009.7,3.9,7.0,25.0
2023-11-07,5.1,7.2,16.3,82.0,1015.9,3.8,336.0,34.0
2023-11-08,0.0,4.5,15.2,74.0,1019.3,2.5,334.0,2.0
2023-11-09,2.3,4.1,12.5,80.0,1017.9,3.3,12.0,81.0
2023-11-10,13.1,8.0,12.8,87.0,1006.7,4.2,266.0,88.0
2023-11-11,0.0,3.8,12.4,84.0,1005.8,3.9,10.0,20.0
2023-11-12,0.1,3.9,12.2,70.0,1010.8,3.8,314.0,53.0
2023-11-13,0.0,3.2,11.6,76.0,1016.2,3.3,329.0,70.0
2023-11-14,0.0,4.6,11.9,80.0,1014.8,4.3,34.0,77.0
2023-11-15,0.0,5.7,16.0,81.0,1013.7,3.4,327.0,45.0
2023-11-16,0.0,6.1,13.4,60.0,1017.1,3.7,334.0,47.0
2023-11-17,0.0,3.2,16.1,72.0,1011.8,3.7,343.0,14.0
2023-11-18,0.0,3.2,13.1,66.0,1022.4,3.1,323.0,50.0
2023-11-19,0.0,4.2,11.1,62.0,1020.3,3.1,353.0,60.0
2023-11-20,0.0,3.2,10.9,78.0,1015.8,3.1,331.0,98.0
2023-11-21,0.7,4.8,13.5,76.0,1009.7,3.4,3.0,87.0
2023-11-22,0.0,3.7,13.4,73.0,1015.3,3.4,341.0,26.0
2023-11-23,0.0,5.3,11.2,68.0,1021.1,3.0,280.0,29.0
2023-11-24,0.0,1.0,9.4,78.0,1006.2,4.5,61.0,44.0
2023-11-25,0.0,-1.3,10.5,52.0,1004.0,6.2,318.0,7.0
2023-11-26,0.0,-1.7,11.9,60.0,1011.1,5.0,344.0,7.0
2023-11-27,0.0,0.1,8.0,63.0,1011.5,2.4,348.0,78.0
2023-11-28,0.1,1.2,6.1,82.0,996.4,2.1,290.0,40.0
2023-11-29,0.3,0.2,8.9,64.0,1006.9,5.9,31.0,31.0
2023-11-30,13.8,1.7,5.8,90.0,1006.1,3.6,314.0,100.0
2023-12-01,16.5,4.2,9.4,92.0,1000.1,3.3,7.0,100.0
2023-12-02,14.5,5.7,11.3,87.0,995.5,4.5,1.0,87.0
2023-12-03,0.0,0.4,6.9,78.0,1019.6,4.9,58.0,28.0
2023-12-04,1.4,-2.3,4.8,79.0,1022.8,3.4,327.0,79.0
2023-12-05,0.8,-0.1,6.0,88.0,1013.5,3.3,279.0,80.0
2023-12-06,0.0,1.4,8.4,75.0,1012.8,2.8,346.0,23.0
2023-12-07,0.1,-1.2,8.5,74.0,1019.3,3.5,342.0,27.0
2023-12-08,0.4,-0.2,6.4,78.0,1017.9,3.7,353.0,93.0
2023-12-09,0.0,1.8,8.4,79.0,1017.3,4.0,287.0,70.0
2023-12-10,0.0,0.7,7.4,89.0,1014.9,2.8,301.0,60.0
2023-12-11,0.0,1.2,7.9,74.0,1014.3,3.7,316.0,96.0
2023-12-12,0.0,4.2,10.2,71.0,1012.7,3.6,317.0,92.0
2023-12-13,14.6,5.6,8.0,91.0,1003.3,3.3,321.0,100.0
2023-12-14,0.2,2.9,10.4,84.0,1010.3,3.5,308.0,24.0
2023-12-15,0.0,1.0,10.8,69.0,1027.2,2.9,347.0,14.0
2023-12-16,0.0,0.1,8.1,73.0,1038.3,3.0,322.0,9.0
2023-12-17,0.0,0.4,9.9,65.0,1039.3,2.8,327.0,7.0
2023-12-18,0.0,2.2,11.2,60.0,1034.3,2.5,348.0,3.0
2023-12-19,0.0,7.3,9.8,58.0,1025.9,3.7,22.0,5.0
2023-12-20,0.0,2.3,7.4,60.0,1014.9,4.1,22.0,41.0
2023-12-21,0.0,0.8,8.1,67.0,1009.7,3.5,354.0,55.0
2023-12-22,0.0,0.3,11.3,78.0,1001.0,3.1,333.0,75.0
2023-12-23,0.0,1.7,12.6,74.0,1005.8,3.5,344.0,78.0
2023-12-24,0.0,1.7,11.2,67.0,1013.2,2.7,314.0,49.0
2023-12-25,0.0,3.6,10.0,86.0,1018.1,4.7,33.0,41.0
2023-12-26,0.0,4.4,10.5,90.0,1020.3,3.6,350.0,81.0
2023-12-27,0.0,3.6,9.8,89.0,1026.1,2.8,15.0,71.0
2023-12-28,0.0,4.3,9.6,89.0,1027.0,3.6,62.0,99.0
2023-12-29,0.0,3.6,9.0,84.0,1023.2,2.7,20.0,89.0
2023-12-30,0.0,3.0,10.0,84.0,1021.3,3.0,342.0,63.0
2023-12-31,7.3,5.2,9.8,81.0,1016.5,3.5,24.0,95.0
2024-01-01,2.5,3.0,10.8,87.0,1012.3,3.5,335.0,74.0
2024-01-02,0.2,1.5,6.2,79.0,1015.0,3.1,26.0,94.0
2024-01-03,0.0,3.5,7.2,91.0,1009.2,2.6,17.0,45.0
2024-01-04,0.0,1.8,8.0,89.0,1009.0,4.5,44.0,41.0
2024-01-05,6.9,3.1,8.7,74.0,1009.4,6.2,356.0,100.0
2024-01-06,38.5,7.3,9.1,87.0,1000.0,7.9,356.0,100.0
2024-01-07,14.5,6.3,9.0,88.0,1000.6,5.6,336.0,100.0
2024-01-08,0.0,4.5,8.7,79.0,1011.4,3.4,66.0,91.0
2024-01-09,0.0,0.5,7.0,78.0,1023.4,4.1,49.0,32.0
2024-01-10,0.0,-2.0,5.1,74.0,1028.5,3.1,357.0,85.0
2024-01-11,0.0,-2.2,5.6,72.0,1025.2,3.1,330.0,7.0
2024-01-12,0.0,-0.4,7.9,55.0,1024.3,4.0,14.0,2.0
2024-01-13,0.0,-1.2,5.4,66.0,1023.0,3.3,6.0,0.0
2024-01-14,0.0,-2.1,3.8,72.0,1014.3,3.0,26.0,59.0
2024-01-15,0.0,-2.3,6.2,74.0,1003.2,3.1,344.0,24.0
2024-01-16,0.0,-1.2,8.2,62.0,1009.5,4.7,16.0,49.0
2024-01-17,8.6,0.8,5.3,80.0,1006.5,3.5,329.0,100.0
2024-01-18,12.2,2.2,8.7,91.0,997.8,4.0,5.0,92.0
2024-01-19,1.7,-1.8,6.9,87.0,1009.1,7.8,52.0,84.0
2024-01-20,0.0,-5.5,4.9,68.0,1028.5,2.9,307.0,1.0
2024-01-21,0.0,-2.9,6.7,39.0,1033.4,2.8,350.0,26.0
2024-01-22,0.0,-2.4,6.0,37.0,1030.8,3.9,37.0,67.0
2024-01-23,0.0,-2.2,9.4,54.0,1029.0,4.8,308.0,22.0
2024-01-24,0.0,2.7,8.0,50.0,1029.8,3.8,324.0,70.0
2024-01-25,0.0,1.4,12.1,70.0,1025.9,4.5,313.0,66.0
2024-01-26,0.0,5.7,10.1,70.0,1026.5,3.4,322.0,47.0
2024-01-27,0.0,1.3,9.1,83.0,1030.1,3.3,360.0,20.0
2024-01-28,0.0,1.7,8.9,73.0,1037.1,3.1,343.0,20.0
2024-01-29,0.0,1.7,8.1,70.0,1036.9,3.1,317.0,3.0
2024-01-30,0.0,1.2,9.7,61.0,1036.2,3.5,2.0,37.0
2024-01-31,0.0,3.1,9.5,59.0,1034.1,2.8,348.0,64.0
2024-02-01,0.2,3.2,7.0,49.0,1028.5,3.3,4.0,55.0
2024-02-02,0.0,0.9,10.4,62.0,1029.1,3.8,7.0,46.0
2024-02-03,0.0,4.0,9.7,57.0,1026.8,2.5,348.0,61.0
2024-02-04,0.0,4.7,10.4,62.0,1024.7,2.8,5.0,78.0
2024-02-05,0.0,3.1,9.4,83.0,1024.3,2.9,329.0,73.0
2024-02-06,0.0,4.1,9.1,89.0,1022.7,3.8,7.0,97.0
2024-02-07,0.4,5.3,9.8,90.0,1015.3,3.8,55.0,94.0
2024-02-08,0.0,5.3,10.5,91.0,1010.4,4.6,56.0,99.0
2024-02-09,21.7,6.8,9.9,91.0,1004.2,4.1,26.0,100.0
2024-02-10,18.1,8.0,10.8,90.0,996.4,10.9,39.0,100.0
2024-02-11,8.0,7.4,12.1,88.0,992.5,4.1,355.0,98.0
2024-02-12,1.6,5.5,12.8,81.0,1004.1,4.1,356.0,87.0
2024-02-13,0.0,4.5,14.7,73.0,1016.4,3.4,310.0,42.0
2024-02-14,0.0,4.1,12.9,66.0,1024.4,3.0,15.0,29.0
2024-02-15,0.0,3.7,12.5,73.0,1024.2,2.8,72.0,50.0
2024-02-16,0.0,4.7,11.9,81.0,1022.2,3.1,60.0,34.0
2024-02-17,0.0,6.2,14.0,76.0,1026.8,2.4,160.0,45.0
2024-02-18,0.0,7.3,15.6,75.0,1030.8,4.8,62.0,74.0
2024-02-19,0.4,8.0,14.8,77.0,1024.8,3.3,312.0,67.0
2024-02-20,1.2,5.8,14.6,78.0,1024.9,4.1,315.0,49.0
2024-02-21,0.0,5.5,14.7,72.0,1024.4,5.1,287.0,59.0
2024-02-22,4.6,6.4,9.5,89.0,1013.7,4.2,39.0,100.0
2024-02-23,38.9,6.6,8.7,90.0,999.9,9.8,23.0,98.0
2024-02-24,7.3,3.3,11.4,83.0,1006.8,4.8,32.0,70.0
2024-02-25,6.7,4.5,11.7,83.0,1010.6,5.5,17.0,74.0
2024-02-26,8.2,2.5,10.4,82.0,1008.0,7.3,27.0,95.0
2024-02-27,39.9,6.9,10.0,81.0,1009.4,15.5,18.0,100.0
2024-02-28,26.6,8.2,14.3,85.0,1016.2,7.9,11.0,100.0
2024-02-29,0.5,7.3,17.1,74.0,1014.8,6.7,23.0,85.0
2024-03-01,8.5,9.4,12.1,84.0,1007.2,8.4,35.0,98.0
2024-03-02,2.7,6.9,11.8,86.0,1009.5,7.4,57.0,91.0
2024-03-03,8.0,6.6,14.1,82.0,1009.1,8.5,58.0,84.0
2024-03-04,10.1,8.1,14.4,79.0,1007.3,8.9,10.0,78.0
2024-03-05,3.3,5.2,16.4,74.0,1010.9,4.7,47.0,61.0
2024-03-06,13.8,8.2,12.5,82.0,1014.9,11.1,65.0,96.0
2024-03-07,10.7,5.2,12.1,87.0,1017.5,4.8,18.0,83.0
2024-03-08,5.5,5.8,7.8,81.0,1017.6,9.9,60.0,100.0
2024-03-09,3.5,5.8,11.9,80.0,1012.0,7.0,56.0,98.0
2024-03-10,28.1,7.7,10.3,87.0,1004.8,9.8,35.0,99.0
2024-03-11,0.1,3.6,13.8,82.0,1004.9,4.7,10.0,97.0
2024-03-12,0.0,5.4,15.9,73.0,1011.6,3.8,336.0,60.0
2024-03-13,0.0,7.0,16.0,69.0,1016.9,3.8,117.0,58.0
2024-03-14,0.0,6.5,15.4,75.0,1018.1,3.8,97.0,58.0
2024-03-15,0.1,6.7,15.0,81.0,1017.5,4.4,55.0,86.0
2024-03-16,0.0,9.5,16.0,83.0,1019.0,4.1,46.0,68.0
2024-03-17,1.0,7.6,17.1,81.0,1021.4,3.7,264.0,89.0
2024-03-18,6.4,8.7,12.8,89.0,1016.0,4.4,52.0,98.0
2024-03-19,0.0,5.8,16.3,83.0,1017.8,4.4,102.0,38.0
2024-03-20,0.6,8.9,15.9,84.0,1022.5,5.0,173.0,87.0
2024-03-21,0.2,6.2,16.5,82.0,1021.6,4.9,69.0,70.0
2024-03-22,0.0,6.8,19.8,69.0,1019.9,5.3,251.0,53.0
2024-03-23,1.9,7.3,18.4,75.0,1010.5,7.9,277.0,42.0
2024-03-24,2.0,5.1,13.3,70.0,1008.3,5.8,76.0,36.0
2024-03-25,0.0,2.1,14.5,64.0,1008.7,4.5,178.0,36.0
2024-03-26,6.5,5.6,12.2,73.0,1004.0,9.4,29.0,96.0
2024-03-27,33.1,5.7,10.7,90.0,995.2,8.5,17.0,87.0
2024-03-28,13.8,5.2,10.1,87.0,1000.7,6.1,340.0,64.0
2024-03-29,0.1,4.3,16.2,81.0,1012.3,6.5,35.0,79.0
2024-03-30,8.4,9.1,17.8,77.0,1009.7,13.9,47.0,91.0
2024-03-31,23.5,10.5,17.0,83.0,1007.6,8.9,34.0,96.0
2024-04-01,23.5,9.1,14.9,88.0,1005.1,8.3,37.0,95.0
2024-04-02,0.1,6.2,16.5,80.0,1012.0,5.7,55.0,46.0
2024-04-03,1.8,7.7,15.9,78.0,1015.8,5.5,263.0,81.0
2024-04-04,0.0,6.8,18.8,74.0,1018.5,5.4,108.0,56.0
2024-04-05,0.2,8.8,19.6,79.0,1022.3,5.2,91.0,90.0
2024-04-06,0.0,10.1,21.0,81.0,1023.0,5.1,77.0,45.0
2024-04-07,0.0,11.0,22.1,80.0,1021.1,4.3,94.0,62.0
2024-04-08,0.0,11.9,22.2,76.0,1017.7,3.9,94.0,90.0
2024-04-09,3.7,11.3,21.2,84.0,1015.5,6.5,82.0,74.0
2024-04-10,8.2,11.9,17.7,80.0,1017.4,7.2,5.0,99.0
2024-04-11,0.0,10.9,21.1,68.0,1027.3,3.4,274.0,35.0
2024-04-12,0.0,12.3,23.5,71.0,1028.7,4.0,226.0,2.0
2024-04-13,0.0,13.2,25.6,70.0,1026.6,4.2,238.0,39.0
2024-04-14,0.0,15.3,26.4,72.0,1022.2,5.6,82.0,49.0
2024-04-15,0.0,13.5,23.4,71.0,1012.2,7.5,229.0,63.0
2024-04-16,15.7,7.6,17.6,77.0,1001.7,9.9,63.0,68.0
2024-04-17,0.2,5.3,14.5,71.0,1005.6,4.7,316.0,71.0
2024-04-18,0.6,5.5,14.1,69.0,1010.3,6.3,61.0,95.0
2024-04-19,0.7,3.3,15.4,56.0,1014.0,7.2,229.0,56.0
2024-04-20,2.1,4.6,15.1,61.0,1010.3,5.7,44.0,55.0
2024-04-21,1.4,2.8,13.2,57.0,1014.7,4.8,7.0,56.0
2024-04-22,13.8,5.1,10.3,70.0,1014.5,15.2,44.0,100.0
2024-04-23,6.7,5.8,12.4,71.0,1009.3,14.4,43.0,94.0
2024-04-24,8.1,6.8,12.3,77.0,1007.1,4.4,82.0,94.0
2024-04-25,2.4,3.9,13.6,71.0,1008.9,4.3,223.0,28.0
2024-04-26,0.2,4.8,14.4,70.0,1012.6,5.5,73.0,60.0
2024-04-27,0.5,6.9,16.3,78.0,1017.0,6.2,75.0,71.0
2024-04-28,0.0,9.2,19.8,73.0,1020.3,4.9,69.0,81.0
2024-04-29,0.0,9.6,23.4,62.0,1021.1,4.1,35.0,16.0
2024-04-30,0.0,12.3,25.4,56.0,1018.1,6.9,63.0,35.0
2024-05-01,8.6,14.4,22.1,65.0,1010.7,14.0,52.0,96.0
2024-05-02,30.4,10.6,16.1,89.0,1007.4,7.4,55.0,96.0
2024-05-03,4.2,8.0,17.2,83.0,1010.9,3.8,55.0,88.0
2024-05-04,0.2,10.6,20.2,74.0,1015.1,3.6,246.0,71.0
2024-05-05,0.1,11.4,21.9,69.0,1014.6,6.1,170.0,62.0
2024-05-06,0.2,12.1,20.0,78.0,1013.4,7.2,255.0,89.0
2024-05-07,8.0,11.8,15.6,88.0,1013.5,6.1,52.0,100.0
2024-05-08,2.4,11.0,20.9,79.0,1016.7,4.9,47.0,60.0
2024-05-09,0.0,14.4,22.4,68.0,1019.4,4.2,183.0,82.0
2024-05-10,0.0,11.6,22.2,63.0,1019.7,4.8,40.0,37.0
2024-05-11,0.0,13.7,23.6,59.0,1018.9,5.9,56.0,33.0
2024-05-12,0.0,13.6,24.4,63.0,1017.5,5.3,88.0,50.0
2024-05-13,0.9,14.9,21.5,73.0,1015.6,6.5,45.0,98.0
2024-05-14,3.0,12.5,22.3,79.0,1012.0,7.5,78.0,57.0
2024-05-15,36.7,14.1,15.8,84.0,1011.1,13.2,39.0,100.0
2024-05-16,35.8,13.5,18.6,79.0,1007.7,12.7,48.0,91.0
2024-05-17,1.1,11.3,20.5,78.0,1009.1,6.9,238.0,59.0
2024-05-18,0.2,11.0,21.9,72.0,1013.4,5.0,97.0,13.0
2024-05-19,0.8,12.8,22.1,74.0,1012.1,4.7,89.0,46.0
2024-05-20,0.8,13.0,23.2,78.0,1010.9,5.2,69.0,72.0
2024-05-21,50.4,13.9,18.0,91.0,1006.5,8.6,55.0,89.0
2024-05-22,2.3,12.3,20.8,85.0,1011.0,4.5,67.0,60.0
2024-05-23,1.2,11.4,20.8,81.0,1015.9,4.6,247.0,47.0
2024-05-24,3.5,10.8,21.0,78.0,1018.2,5.0,166.0,59.0
2024-05-25,9.2,12.4,21.4,76.0,1017.4,4.0,293.0,64.0
2024-05-26,0.0,11.4,24.2,66.0,1017.3,5.0,96.0,25.0
2024-05-27,0.4,13.9,24.2,71.0,1018.1,4.3,157.0,76.0
2024-05-28,13.6,14.9,22.6,81.0,1015.4,4.7,356.0,81.0
2024-05-29,0.1,13.7,23.3,69.0,1014.4,4.4,145.0,54.0
2024-05-30,21.7,14.7,20.3,85.0,1008.0,5.7,62.0,91.0
2024-05-31,37.1,12.9,19.4,84.0,1003.4,8.0,53.0,92.0
2024-06-01,2.3,11.3,22.1,78.0,1011.3,4.2,111.0,63.0
2024-06-02,3.3,13.0,23.0,78.0,1015.1,5.5,49.0,52.0
2024-06-03,1.4,13.9,22.0,75.0,1013.5,5.0,319.0,84.0
2024-06-04,7.5,14.6,22.7,81.0,1014.2,4.5,64.0,87.0
2024-06-05,0.7,14.1,24.7,76.0,1015.3,4.4,186.0,26.0
2024-06-06,0.3,16.3,25.6,78.0,1017.1,6.2,99.0,49.0
2024-06-07,0.0,17.6,27.5,75.0,1016.4,4.8,73.0,71.0
2024-06-08,4.8,18.5,26.6,79.0,1013.7,4.9,101.0,86.0
2024-06-09,14.4,19.2,26.4,82.0,1008.3,8.0,53.0,98.0
2024-06-10,14.7,17.9,26.5,82.0,1004.4,6.5,154.0,90.0
2024-06-11,5.4,16.8,21.8,77.0,1009.4,9.0,74.0,68.0
2024-06-12,4.1,15.1,21.3,77.0,1012.7,8.4,83.0,75.0
2024-06-13,0.4,12.1,20.6,73.0,1015.5,5.8,53.0,59.0
2024-06-14,0.3,11.9,22.0,74.0,1016.8,5.2,235.0,76.0
2024-06-15,0.8,14.4,23.3,73.0,1012.6,4.4,54.0,54.0
2024-06-16,0.5,15.3,25.0,76.0,1011.0,5.9,221.0,56.0
2024-06-17,0.4,15.7,26.3,75.0,1015.5,5.3,156.0,31.0
2024-06-18,0.0,17.3,27.8,73.0,1017.7,4.8,111.0,52.0
2024-06-19,0.0,18.9,28.4,74.0,1016.6,4.6,82.0,38.0
2024-06-20,0.0,20.5,29.6,78.0,1018.3,5.9,76.0,61.0
2024-06-21,13.7,20.5,29.5,76.0,1015.2,5.2,87.0,70.0
2024-06-22,1.5,18.4,28.0,75.0,1010.0,5.5,52.0,25.0
2024-06-23,18.6,18.4,25.9,73.0,1011.2,10.0,10.0,95.0
2024-06-24,16.7,18.2,25.8,74.0,1013.2,9.7,23.0,67.0
2024-06-25,38.7,18.1,24.7,77.0,1013.2,8.1,22.0,73.0
2024-06-26,2.9,16.3,24.5,77.0,1011.9,4.1,37.0,53.0
2024-06-27,0.0,16.8,27.8,72.0,1011.0,4.3,150.0,27.0
2024-06-28,0.0,20.2,29.8,77.0,1015.2,4.3,88.0,33.0
2024-06-29,0.0,21.6,30.8,77.0,1016.5,4.5,86.0,49.0
2024-06-30,3.3,21.2,29.2,72.0,1010.6,7.3,250.0,40.0
2024-07-01,19.2,18.4,25.3,80.0,1010.5,5.3,3.0,75.0
2024-07-02,4.8,16.3,26.0,77.0,1009.3,3.6,304.0,35.0
2024-07-03,30.9,17.1,22.2,73.0,1009.0,5.8,47.0,99.0
2024-07-04,0.4,15.0,24.5,75.0,1010.5,4.6,192.0,17.0
2024-07-05,0.0,16.7,27.3,71.0,1014.6,4.7,161.0,30.0
2024-07-06,0.7,18.9,26.6,74.0,1012.5,4.7,82.0,59.0
2024-07-07,20.3,18.9,26.0,81.0,1012.1,6.6,45.0,73.0
2024-07-08,0.3,18.4,29.1,73.0,1014.7,4.4,194.0,30.0
2024-07-09,0.0,19.9,31.0,70.0,1015.8,4.2,93.0,4.0
2024-07-10,0.0,21.3,32.6,66.0,1014.6,4.3,261.0,23.0
2024-07-11,0.0,22.2,32.2,67.0,1013.7,3.6,83.0,14.0
2024-07-12,16.1,21.6,29.1,75.0,1011.2,5.6,16.0,52.0
2024-07-13,0.2,20.2,29.6,77.0,1009.5,5.4,127.0,36.0
2024-07-14,0.0,20.5,29.9,66.0,1011.2,5.2,225.0,44.0
2024-07-15,0.0,20.7,30.5,67.0,1012.9,4.1,94.0,3.0
2024-07-16,0.0,21.7,31.2,65.0,1011.8,3.9,96.0,23.0
2024-07-17,0.0,22.3,32.0,65.0,1014.2,5.1,41.0,30.0
2024-07-18,0.0,24.0,31.5,58.0,1017.2,7.2,57.0,14.0
2024-07-19,0.0,21.9,32.1,63.0,1015.4,4.6,336.0,30.0
2024-07-20,4.7,21.4,29.1,69.0,1010.7,4.5,45.0,59.0
2024-07-21,1.1,20.6,29.6,76.0,1009.4,3.9,234.0,35.0
2024-07-22,2.0,20.5,29.4,78.0,1011.9,4.8,18.0,54.0
2024-07-23,0.2,21.3,29.5,66.0,1015.1,4.2,6.0,34.0
2024-07-24,0.1,20.9,28.9,68.0,1013.5,4.4,38.0,41.0
2024-07-25,0.0,20.7,29.6,60.0,1012.6,7.7,48.0,58.0
2024-07-26,0.0,20.2,30.8,64.0,1012.8,4.6,157.0,24.0
2024-07-27,0.0,21.0,31.4,67.0,1015.2,4.5,182.0,16.0
2024-07-28,6.5,22.2,32.3,71.0,1017.3,5.0,24.0,32.0
2024-07-29,0.0,21.3,29.4,68.0,1018.8,6.5,54.0,41.0
2024-07-30,0.0,21.0,30.6,63.0,1017.6,5.5,84.0,38.0
2024-07-31,0.0,21.5,31.5,71.0,1014.2,4.4,163.0,23.0
2024-08-01,1.7,22.6,30.6,74.0,1010.9,5.0,94.0,45.0
2024-08-02,0.4,19.6,29.1,81.0,1009.2,4.3,228.0,38.0
2024-08-03,1.8,21.1,30.1,69.0,1008.9,6.0,54.0,19.0
2024-08-04,0.0,19.9,29.2,65.0,1011.4,4.2,320.0,62.0
2024-08-05,0.0,20.8,29.7,67.0,1011.8,4.1,246.0,56.0
2024-08-06,0.1,21.0,29.6,71.0,1011.6,5.1,60.0,41.0
2024-08-07,2.0,21.5,30.5,71.0,1011.8,5.2,266.0,80.0
2024-08-08,0.0,18.6,30.1,64.0,1013.3,3.8,119.0,26.0
2024-08-09,0.0,21.0,30.5,65.0,1015.6,3.8,140.0,37.0
2024-08-10,0.0,23.0,32.2,66.0,1018.5,3.6,82.0,6.0
2024-08-11,0.0,23.4,33.0,62.0,1018.1,3.2,218.0,16.0
2024-08-12,0.0,22.8,33.8,65.0,1013.4,4.2,235.0,37.0
2024-08-13,0.0,23.4,33.0,66.0,1010.7,4.0,212.0,29.0
2024-08-14,0.5,22.8,32.1,62.0,1011.2,4.0,323.0,44.0
2024-08-15,0.0,20.9,32.2,61.0,1014.7,4.4,237.0,71.0
2024-08-16,0.0,21.7,32.1,68.0,1015.1,4.1,244.0,31.0
2024-08-17,0.3,21.4,31.1,68.0,1011.9,3.5,4.0,29.0
2024-08-18,3.0,21.4,27.7,76.0,1007.7,5.6,58.0,82.0
2024-08-19,6.5,20.1,26.1,83.0,1008.8,4.0,5.0,100.0
2024-08-20,1.0,20.3,28.4,76.0,1010.7,5.2,11.0,57.0
2024-08-21,0.1,20.0,29.4,71.0,1011.3,3.9,40.0,18.0
2024-08-22,0.0,20.5,28.4,64.0,1013.9,6.4,63.0,69.0
2024-08-23,0.0,20.5,30.3,71.0,1014.3,4.9,184.0,17.0
2024-08-24,0.0,21.6,31.3,72.0,1016.1,4.3,142.0,8.0
2024-08-25,0.0,21.5,31.9,68.0,1014.3,4.3,28.0,16.0
2024-08-26,3.1,21.0,30.1,65.0,1014.5,8.2,16.0,91.0
2024-08-27,0.1,20.7,30.5,59.0,1016.5,8.3,35.0,64.0
2024-08-28,0.2,20.0,31.6,62.0,1017.4,6.0,35.0,40.0
2024-08-29,0.0,20.6,33.3,58.0,1016.5,4.4,251.0,3.0
2024-08-30,0.0,22.4,32.5,55.0,1016.5,4.2,59.0,10.0
2024-08-31,0.0,21.8,33.0,59.0,1017.1,5.1,26.0,44.0
2024-09-01,0.0,22.1,32.8,53.0,1014.8,4.9,44.0,70.0
2024-09-02,0.2,20.4,31.7,53.0,1012.8,4.4,281.0,13.0
2024-09-03,0.2,19.6,29.8,62.0,1015.4,4.0,356.0,15.0
2024-09-04,0.2,20.6,30.5,57.0,1014.1,4.7,99.0,40.0
2024-09-05,103.5,18.9,22.8,79.0,1010.4,10.7,13.0,85.0
2024-09-06,0.7,16.6,24.3,81.0,1012.8,4.2,74.0,51.0
2024-09-07,0.0,17.2,26.5,77.0,1016.3,4.1,205.0,14.0
2024-09-08,43.5,18.8,25.6,85.0,1012.8,5.2,61.0,89.0
2024-09-09,29.1,18.5,25.5,84.0,1003.4,8.1,68.0,66.0
2024-09-10,4.3,16.5,25.5,76.0,1008.9,4.4,333.0,16.0
2024-09-11,9.4,16.3,24.0,81.0,1009.2,5.9,39.0,71.0
2024-09-12,18.5,13.3,19.1,87.0,1004.1,5.2,70.0,99.0
2024-09-13,1.8,11.9,17.8,73.0,1007.6,5.1,280.0,100.0
2024-09-14,0.0,11.6,19.6,51.0,1012.6,7.0,265.0,99.0
2024-09-15,0.3,12.1,21.3,63.0,1013.1,4.9,74.0,90.0
2024-09-16,2.3,11.2,21.6,69.0,1012.6,4.0,152.0,80.0
2024-09-17,4.3,13.2,19.7,71.0,1016.5,9.0,61.0,67.0
2024-09-18,0.5,10.6,21.7,67.0,1018.9,7.2,33.0,65.0
2024-09-19,0.1,13.7,22.4,59.0,1017.0,10.3,24.0,85.0
2024-09-20,0.0,14.2,23.7,57.0,1019.8,6.9,37.0,39.0
2024-09-21,0.0,14.6,23.0,66.0,1021.7,6.4,46.0,17.0
2024-09-22,0.0,14.2,22.5,68.0,1018.5,3.4,304.0,64.0
2024-09-23,16.1,13.1,21.9,77.0,1013.8,6.8,51.0,56.0
2024-09-24,15.8,14.0,21.8,84.0,1009.9,6.3,11.0,65.0
2024-09-25,0.5,12.7,21.1,82.0,1013.8,6.0,77.0,51.0
2024-09-26,1.1,15.3,20.2,80.0,1010.6,4.7,29.0,96.0
2024-09-27,21.0,16.9,23.9,84.0,1006.5,6.8,60.0,78.0
2024-09-28,3.8,13.0,19.0,78.0,1011.1,6.3,54.0,55.0
2024-09-29,0.6,10.5,18.3,71.0,1023.2,4.5,12.0,42.0
2024-09-30,0.3,12.5,18.3,74.0,1021.9,5.7,43.0,72.0
2024-10-01,1.4,12.0,17.3,83.0,1016.5,3.7,55.0,99.0
2024-10-02,11.8,13.7,17.6,93.0,1007.2,4.7,66.0,80.0
2024-10-03,23.1,12.9,15.1,82.0,1005.2,8.1,36.0,99.0
2024-10-04,14.3,11.8,14.1,90.0,1007.6,2.7,271.0,100.0
2024-10-05,1.5,11.3,15.7,81.0,1013.1,3.0,340.0,78.0
2024-10-06,0.0,8.4,17.8,77.0,1013.1,5.3,250.0,50.0
2024-10-07,0.3,9.8,17.2,82.0,1015.7,3.8,61.0,69.0
2024-10-08,54.1,14.2,17.3,91.0,1010.4,8.0,48.0,100.0
2024-10-09,4.7,13.5,20.2,88.0,1005.3,4.8,66.0,82.0
2024-10-10,15.2,14.7,20.8,87.0,1000.9,8.0,29.0,74.0
2024-10-11,0.0,10.7,20.5,74.0,1010.8,4.1,351.0,12.0
2024-10-12,0.0,10.4,18.6,69.0,1018.5,5.0,12.0,59.0
2024-10-13,0.1,11.2,18.4,80.0,1017.5,5.3,63.0,86.0
2024-10-14,0.0,11.7,18.6,84.0,1020.0,2.8,305.0,83.0
2024-10-15,0.0,11.7,19.4,82.0,1020.7,3.2,67.0,83.0
2024-10-16,5.4,11.5,18.4,87.0,1022.4,5.4,46.0,99.0
2024-10-17,2.1,14.0,19.5,87.0,1021.6,6.1,73.0,96.0
2024-10-18,36.6,13.3,19.0,88.0,1017.2,11.5,50.0,85.0
2024-10-19,26.7,13.5,20.1,87.0,1018.1,7.7,41.0,98.0
2024-10-20,2.1,13.9,21.0,79.0,1024.4,5.6,54.0,83.0
2024-10-21,0.0,13.0,20.8,81.0,1029.2,3.5,260.0,39.0
2024-10-22,0.5,15.5,20.8,78.0,1028.7,3.0,100.0,53.0
2024-10-23,30.9,14.7,17.9,92.0,1029.1,4.7,52.0,100.0
2024-10-24,6.6,13.4,17.3,87.0,1028.7,7.1,66.0,84.0
2024-10-25,3.4,11.1,19.0,84.0,1025.2,3.6,57.0,76.0
2024-10-26,12.2,13.7,19.9,88.0,1022.7,5.3,56.0,80.0
2024-10-27,8.1,13.7,20.1,83.0,1023.7,2.5,270.0,69.0
2024-10-28,0.2,13.4,19.5,84.0,1026.3,3.2,61.0,77.0
2024-10-29,0.0,12.4,20.9,81.0,1025.6,2.5,304.0,12.0
2024-10-30,0.0,12.0,22.0,76.0,1024.5,3.2,347.0,2.0
2024-10-31,0.0,10.9,20.3,74.0,1025.6,3.2,342.0,4.0
2024-11-01,0.0,11.4,17.9,76.0,1024.4,2.9,5.0,14.0
2024-11-02,0.0,12.3,18.0,76.0,1023.2,3.5,37.0,2.0
2024-11-03,0.0,9.1,16.1,75.0,1027.9,4.8,48.0,18.0
2024-11-04,0.0,8.2,16.6,80.0,1026.8,2.7,320.0,5.0
2024-11-05,0.0,7.2,16.4,64.0,1026.4,3.3,2.0,66.0
2024-11-06,0.0,8.1,15.5,59.0,1028.6,2.7,320.0,70.0
2024-11-07,0.0,6.1,15.3,69.0,1030.5,2.8,358.0,27.0
2024-11-08,0.0,7.3,14.6,76.0,1029.0,3.2,300.0,55.0
2024-11-09,0.0,6.9,14.4,76.0,1026.8,3.6,319.0,76.0
2024-11-10,0.0,5.8,15.6,61.0,1023.2,4.2,16.0,5.0
2024-11-11,0.0,4.8,12.1,57.0,1024.9,3.8,38.0,7.0
2024-11-12,0.0,2.2,11.6,71.0,1024.6,3.8,44.0,24.0
2024-11-13,0.0,2.9,10.2,71.0,1025.0,3.0,75.0,28.0
2024-11-14,1.1,3.4,8.3,79.0,1024.2,2.4,109.0,34.0
2024-11-15,0.0,1.8,10.4,71.0,1024.6,1.6,330.0,2.0
2024-11-16,0.0,3.7,11.3,65.0,1023.0,2.0,276.0,1.0
2024-11-17,0.0,2.5,8.5,66.0,1016.0,1.3,135.0,15.0
2024-11-18,0.0,3.0,11.5,69.0,1013.3,2.3,302.0,91.0
2024-11-19,0.0,5.2,11.1,73.0,1010.5,2.4,353.0,90.0
2024-11-20,0.5,1.0,12.1,86.0,998.3,3.8,15.0,74.0
2024-11-21,4.6,-1.1,7.3,57.0,1004.0,5.3,4.0,63.0
2024-11-22,2.9,-0.6,9.6,84.0,1000.5,4.7,289.0,60.0
2024-11-23,0.0,-4.0,8.4,69.0,1025.1,4.0,347.0,28.0
2024-11-24,0.0,0.4,8.1,63.0,1032.9,2.2,3.0,76.0
2024-11-25,0.0,2.0,8.3,73.0,1028.6,2.4,51.0,36.0
2024-11-26,0.5,3.5,7.8,83.0,1023.5,2.4,4.0,78.0
2024-11-27,0.0,6.3,12.1,81.0,1023.8,1.5,332.0,67.0
2024-11-28,0.6,4.2,10.2,91.0,1022.8,3.3,29.0,90.0
2024-11-29,0.0,2.2,11.4,81.0,1026.1,3.4,299.0,34.0
2024-11-30,0.0,0.9,9.9,72.0,1030.0,3.1,298.0,0.0
2024-12-01,0.0,1.1,11.5,68.0,1026.2,3.3,329.0,0.0
2024-12-02,0.0,3.7,10.6,66.0,1021.5,2.1,343.0,18.0
2024-12-03,0.0,3.3,8.4,70.0,1017.5,1.9,15.0,71.0
2024-12-04,1.2,4.9,10.1,78.0,1020.7,2.4,359.0,88.0
2024-12-05,0.0,0.9,8.5,79.0,1025.0,2.0,298.0,21.0
2024-12-06,1.1,-0.6,6.3,80.0,1017.8,3.5,39.0,52.0
2024-12-07,0.0,-0.7,7.0,67.0,1013.6,2.7,16.0,79.0
2024-12-08,31.6,4.1,8.8,78.0,1001.0,13.7,8.0,100.0
2024-12-09,1.3,1.6,8.5,78.0,1009.5,3.5,355.0,86.0
2024-12-10,0.0,3.3,10.1,75.0,1018.5,4.3,29.0,94.0
2024-12-11,0.0,2.0,9.3,76.0,1023.9,2.2,308.0,40.0
2024-12-12,0.0,0.8,8.0,80.0,1028.8,2.1,355.0,6.0
2024-12-13,0.0,0.2,6.9,74.0,1030.1,2.3,359.0,23.0
2024-12-14,2.7,2.2,6.4,89.0,1022.9,3.7,316.0,81.0
2024-12-15,0.0,0.8,6.6,87.0,1025.4,2.3,271.0,30.0
2024-12-16,0.0,0.2,5.5,83.0,1034.3,0.9,279.0,67.0
2024-12-17,0.0,0.8,5.5,88.0,1031.9,1.4,78.0,56.0
2024-12-18,0.0,1.6,6.6,86.0,1028.2,1.3,66.0,88.0
2024-12-19,7.4,2.3,5.8,90.0,1016.5,2.4,25.0,100.0
2024-12-20,11.6,-1.5,8.7,86.0,1009.0,4.5,290.0,75.0
2024-12-21,0.0,-2.1,7.7,67.0,1022.8,2.2,311.0,16.0
2024-12-22,2.5,-0.8,4.9,73.0,1012.3,3.8,46.0,81.0
2024-12-23,0.0,-3.2,9.3,76.0,1004.2,3.1,300.0,65.0
2024-12-24,0.0,-3.3,10.7,65.0,1016.2,3.6,318.0,2.0
2024-12-25,0.0,-3.0,7.7,62.0,1029.0,2.2,318.0,0.0
2024-12-26,0.0,-0.8,9.4,52.0,1032.7,3.0,338.0,0.0
2024-12-27,0.0,1.8,10.3,45.0,1032.6,1.8,348.0,2.0
2024-12-28,0.0,3.2,11.8,55.0,1028.0,1.5,13.0,48.0
2024-12-29,0.0,4.3,12.4,62.0,1027.2,1.2,347.0,0.0
2024-12-30,0.0,4.3,11.4,63.0,1029.5,1.3,39.0,1.0
2024-12-31,0.0,2.1,8.2,75.0,1031.7,1.3,70.0,10.0
