date,rainfall_mm,temp_min,temp_max,humidity_pct,pressure_hpa,wind_speed_kmh,wind_dir_deg,cloud_pct,leaf_wetness_h
2016-01-01,0.0,0.5,5.5,76.0,1026.4,2.9,42.0,36.0,0.0
2016-01-02,5.4,-0.8,2.4,88.0,1020.0,4.1,14.0,94.0,11.0
2016-01-03,5.9,1.0,4.8,88.0,1009.9,3.5,27.0,92.0,13.0
2016-01-04,2.9,-1.2,3.5,88.0,1000.9,3.9,4.0,71.0,17.0
2016-01-05,0.8,-2.5,4.6,87.0,1000.7,3.4,4.0,47.0,8.0
2016-01-06,0.6,-1.9,7.6,86.0,1000.4,3.9,318.0,66.0,11.0
2016-01-07,0.1,-3.0,6.5,81.0,1002.9,3.1,21.0,51.0,0.0
2016-01-08,0.0,-2.2,7.6,82.0,1008.4,3.4,2.0,71.0,3.0
2016-01-09,7.9,2.5,6.5,90.0,1007.8,2.8,360.0,98.0,19.0
2016-01-10,1.7,-0.2,8.1,93.0,1004.0,3.9,347.0,74.0,19.0
2016-01-11,11.7,4.9,8.9,93.0,997.6,4.7,317.0,88.0,24.0
2016-01-12,0.0,-1.6,9.8,87.0,999.6,4.9,334.0,57.0,14.0
2016-01-13,0.0,-2.5,11.0,81.0,1010.6,5.6,307.0,43.0,11.0
2016-01-14,0.7,-1.8,6.2,78.0,1015.1,4.5,8.0,69.0,1.0
2016-01-15,0.0,-4.3,7.6,80.0,1008.6,4.9,351.0,24.0,6.0
2016-01-16,0.0,-4.6,8.1,57.0,1013.1,4.6,337.0,19.0,0.0
2016-01-17,0.0,-4.0,6.8,45.0,1015.6,5.5,323.0,25.0,0.0
2016-01-18,0.0,-3.0,4.7,42.0,1019.7,5.0,321.0,16.0,0.0
2016-01-19,0.0,-0.6,3.4,59.0,1017.7,3.0,64.0,17.0,0.0
2016-01-20,0.0,-1.2,3.4,68.0,1018.2,3.0,57.0,6.0,0.0
2016-01-21,0.0,-2.1,5.5,65.0,1022.5,3.6,25.0,1.0,0.0
2016-01-22,0.0,-0.3,4.9,66.0,1031.5,3.9,26.0,34.0,0.0
2016-01-23,0.0,-0.2,6.8,78.0,1032.5,3.1,11.0,46.0,0.0
2016-01-24,0.0,-3.2,6.8,76.0,1034.2,2.7,12.0,44.0,0.0
2016-01-25,0.0,-2.6,7.4,76.0,1031.1,2.3,31.0,17.0,0.0
2016-01-26,0.0,-1.3,8.6,85.0,1029.0,2.5,31.0,49.0,7.0
2016-01-27,0.0,-1.4,9.0,89.0,1028.7,3.1,26.0,27.0,17.0
2016-01-28,0.0,0.2,10.6,92.0,1028.1,3.5,11.0,62.0,17.0
2016-01-29,0.0,0.3,10.0,92.0,1029.9,3.4,27.0,46.0,18.0
2016-01-30,0.0,3.6,8.7,94.0,1027.2,2.6,249.0,88.0,23.0
2016-01-31,0.0,3.9,11.5,87.0,1015.6,3.6,261.0,67.0,13.0
2016-02-01,0.0,0.3,10.0,92.0,1021.1,2.6,62.0,88.0,18.0
2016-02-02,0.0,4.7,8.8,90.0,1025.2,2.0,178.0,96.0,16.0
2016-02-03,3.6,3.4,7.9,94.0,1016.6,3.3,7.0,97.0,23.0
2016-02-04,0.4,-1.6,11.0,66.0,1021.2,5.6,275.0,27.0,0.0
2016-02-05,0.0,-1.3,9.6,71.0,1025.1,5.2,42.0,2.0,0.0
2016-02-06,0.0,-1.8,9.6,83.0,1028.4,4.4,331.0,49.0,9.0
2016-02-07,26.8,1.5,6.7,96.0,1018.6,5.6,31.0,99.0,24.0
2016-02-08,17.6,5.6,9.4,93.0,1014.6,4.6,299.0,96.0,18.0
2016-02-09,11.5,1.4,8.2,93.0,1010.9,3.5,15.0,83.0,19.0
2016-02-10,10.7,-1.3,11.0,75.0,994.7,7.1,280.0,79.0,11.0
2016-02-11,0.1,-4.0,9.7,65.0,1006.7,5.4,6.0,23.0,0.0
2016-02-12,5.1,-1.7,8.3,81.0,1005.2,6.3,43.0,92.0,7.0
2016-02-13,0.9,-1.1,8.0,85.0,996.4,5.4,31.0,74.0,12.0
2016-02-14,8.8,-0.3,6.7,90.0,994.9,5.2,356.0,88.0,15.0
2016-02-15,4.2,0.0,11.8,84.0,1003.6,6.7,44.0,91.0,13.0
2016-02-16,7.3,5.4,11.7,76.0,1021.3,10.1,40.0,98.0,9.0
2016-02-17,21.4,4.9,7.3,89.0,1019.5,8.0,50.0,100.0,21.0
2016-02-18,0.0,-1.4,13.0,80.0,1014.4,4.6,311.0,38.0,11.0
2016-02-19,9.0,-0.7,10.3,84.0,1015.0,4.2,12.0,78.0,9.0
2016-02-20,2.8,-2.1,11.2,75.0,1022.9,6.3,281.0,43.0,7.0
2016-02-21,0.0,-1.1,10.2,78.0,1021.1,4.5,52.0,35.0,0.0
2016-02-22,0.3,2.4,10.8,87.0,1018.9,4.1,90.0,72.0,5.0
2016-02-23,0.1,6.4,12.6,89.0,1011.3,3.2,234.0,88.0,15.0
2016-02-24,0.3,1.7,10.6,73.0,1013.6,6.1,49.0,61.0,9.0
2016-02-25,1.3,2.9,8.1,78.0,1011.6,4.1,90.0,91.0,3.0
2016-02-26,1.5,1.2,8.1,82.0,1010.7,5.5,46.0,77.0,12.0
2016-02-27,9.7,2.2,6.5,84.0,1010.4,7.2,40.0,100.0,11.0
2016-02-28,36.0,5.8,9.5,90.0,1009.0,12.5,36.0,100.0,24.0
2016-02-29,38.3,5.0,9.6,89.0,1005.0,12.7,43.0,98.0,24.0
2016-03-01,1.0,1.1,13.7,82.0,1010.7,3.7,1.0,54.0,12.0
2016-03-02,2.3,0.3,12.4,84.0,1009.4,5.1,79.0,94.0,10.0
2016-03-03,33.7,2.6,6.8,81.0,996.8,9.9,9.0,99.0,17.0
2016-03-04,0.0,-5.6,11.2,72.0,1003.8,6.3,312.0,64.0,0.0
2016-03-05,43.2,1.6,7.1,94.0,1001.6,8.0,60.0,100.0,22.0
2016-03-06,3.7,0.4,9.6,89.0,999.9,3.1,58.0,61.0,18.0
2016-03-07,3.9,-1.1,8.4,86.0,1001.8,4.9,22.0,59.0,16.0
2016-03-08,6.4,-1.8,7.2,87.0,1008.2,7.8,34.0,95.0,19.0
2016-03-09,9.2,2.8,8.4,77.0,1010.8,7.9,33.0,75.0,7.0
2016-03-10,0.0,-2.4,13.2,71.0,1009.7,5.0,5.0,61.0,0.0
2016-03-11,0.0,2.2,12.7,70.0,1015.6,2.8,346.0,95.0,3.0
2016-03-12,0.6,5.3,13.2,68.0,1019.0,4.7,52.0,63.0,0.0
2016-03-13,0.1,0.9,14.0,65.0,1019.9,7.9,52.0,30.0,4.0
2016-03-14,0.0,1.2,12.9,62.0,1022.8,6.3,56.0,28.0,0.0
2016-03-15,5.3,1.5,10.8,75.0,1018.4,5.7,79.0,71.0,7.0
2016-03-16,1.3,1.7,10.3,65.0,1022.5,11.4,63.0,93.0,4.0
2016-03-17,0.0,1.1,12.8,63.0,1025.5,5.9,38.0,28.0,0.0
2016-03-18,0.0,-1.0,14.9,75.0,1017.6,4.4,252.0,0.0,8.0
2016-03-19,0.0,-0.3,15.8,76.0,1015.2,4.9,62.0,0.0,8.0
2016-03-20,0.1,2.1,16.2,80.0,1015.5,4.7,161.0,32.0,9.0
2016-03-21,3.6,7.2,14.4,87.0,1013.4,4.5,60.0,53.0,18.0
2016-03-22,0.1,5.3,13.5,80.0,1007.7,6.5,63.0,55.0,10.0
2016-03-23,0.0,3.4,14.3,62.0,1000.0,7.2,64.0,55.0,0.0
2016-03-24,0.0,0.5,14.8,66.0,1007.5,6.1,213.0,20.0,0.0
2016-03-25,0.0,7.1,12.6,71.0,1015.9,4.7,95.0,93.0,0.0
2016-03-26,0.0,3.8,15.0,77.0,1017.5,4.7,101.0,50.0,0.0
2016-03-27,0.2,4.2,14.6,83.0,1015.9,4.6,108.0,82.0,10.0
2016-03-28,0.7,8.1,14.0,84.0,1013.1,4.4,175.0,83.0,9.0
2016-03-29,0.0,3.9,17.4,78.0,1013.4,5.5,214.0,50.0,10.0
2016-03-30,0.0,7.8,16.5,83.0,1017.7,5.5,200.0,71.0,10.0
2016-03-31,0.0,7.1,18.1,85.0,1017.1,4.7,80.0,78.0,13.0
2016-04-01,0.0,8.5,18.7,84.0,1015.7,5.7,78.0,91.0,13.0
2016-04-02,0.0,9.4,19.7,78.0,1019.5,5.3,54.0,92.0,9.0
2016-04-03,0.0,6.0,19.3,79.0,1017.9,5.7,84.0,58.0,10.0
2016-04-04,0.0,8.1,17.0,82.0,1014.9,3.6,121.0,67.0,12.0
2016-04-05,0.0,5.7,19.2,78.0,1011.9,3.8,125.0,25.0,9.0
2016-04-06,0.0,6.8,19.1,81.0,1011.1,4.2,115.0,73.0,11.0
2016-04-07,0.7,8.8,19.1,79.0,1008.4,6.5,63.0,52.0,13.0
2016-04-08,14.7,8.0,17.6,83.0,1002.6,6.3,20.0,98.0,17.0
2016-04-09,20.8,9.4,12.8,85.0,1002.6,5.9,16.0,99.0,16.0
2016-04-10,0.2,5.0,17.5,78.0,1007.5,4.6,148.0,58.0,6.0
2016-04-11,0.0,7.2,19.4,74.0,1011.5,5.3,193.0,19.0,8.0
2016-04-12,0.0,5.5,19.5,74.0,1012.3,6.0,198.0,29.0,5.0
2016-04-13,2.4,7.7,18.4,77.0,1008.8,5.5,99.0,50.0,12.0
2016-04-14,6.0,7.5,19.3,77.0,1008.3,5.0,344.0,57.0,9.0
2016-04-15,0.1,6.7,17.7,75.0,1012.7,6.7,75.0,52.0,8.0
2016-04-16,0.0,7.0,19.8,74.0,1012.1,5.8,124.0,41.0,4.0
2016-04-17,11.8,9.0,19.4,81.0,1011.3,5.2,152.0,77.0,10.0
2016-04-18,7.2,9.2,19.3,82.0,1012.8,5.4,42.0,46.0,18.0
2016-04-19,8.7,8.6,18.4,75.0,1016.8,6.5,275.0,36.0,10.0
2016-04-20,0.0,8.0,16.9,70.0,1023.7,5.1,158.0,19.0,0.0
2016-04-21,0.0,5.6,18.7,71.0,1024.2,5.3,174.0,42.0,4.0
2016-04-22,0.4,8.3,18.2,73.0,1015.9,4.6,123.0,77.0,1.0
2016-04-23,7.8,9.9,15.9,88.0,1006.9,4.0,68.0,91.0,20.0
2016-04-24,4.4,6.8,13.3,85.0,1002.5,6.3,58.0,99.0,17.0
2016-04-25,0.0,4.7,14.4,64.0,1007.3,4.7,255.0,59.0,8.0
2016-04-26,1.8,2.9,14.0,74.0,1008.0,6.0,60.0,44.0,3.0
2016-04-27,3.3,6.9,16.3,75.0,1005.5,6.1,84.0,62.0,9.0
2016-04-28,0.5,4.0,11.4,69.0,1014.3,7.0,61.0,75.0,0.0
2016-04-29,0.0,4.5,15.5,65.0,1018.1,5.7,64.0,25.0,3.0
2016-04-30,0.0,3.8,17.1,68.0,1017.0,5.7,89.0,48.0,0.0
2016-05-01,9.6,9.0,12.9,82.0,1012.5,7.7,45.0,92.0,13.0
2016-05-02,9.8,9.0,17.5,82.0,1012.5,7.2,346.0,88.0,16.0
2016-05-03,0.6,5.7,21.7,65.0,1012.6,5.5,300.0,48.0,7.0
2016-05-04,0.2,6.9,20.5,57.0,1016.4,6.4,351.0,49.0,0.0
2016-05-05,0.4,8.0,19.1,62.0,1021.1,6.0,24.0,40.0,0.0
2016-05-06,0.6,8.3,19.8,66.0,1018.3,4.9,58.0,16.0,1.0
2016-05-07,0.0,6.5,21.0,65.0,1014.1,5.2,93.0,6.0,3.0
2016-05-08,0.4,6.7,20.7,69.0,1014.5,5.4,92.0,27.0,3.0
2016-05-09,0.9,10.6,17.6,78.0,1017.9,4.2,62.0,92.0,6.0
2016-05-10,1.2,11.9,19.0,79.0,1015.4,3.9,148.0,97.0,4.0
2016-05-11,23.0,11.7,14.6,92.0,1009.2,7.1,47.0,100.0,24.0
2016-05-12,43.0,12.6,17.5,86.0,999.8,6.7,320.0,90.0,22.0
2016-05-13,4.8,10.0,16.0,88.0,997.9,4.0,239.0,98.0,18.0
2016-05-14,17.8,9.6,19.2,90.0,1002.9,3.7,48.0,91.0,20.0
2016-05-15,19.1,8.4,16.8,85.0,1011.2,5.5,98.0,67.0,21.0
2016-05-16,8.8,8.8,15.4,76.0,1017.9,4.2,137.0,78.0,13.0
2016-05-17,3.0,5.9,17.7,77.0,1016.8,5.3,195.0,33.0,12.0
2016-05-18,0.4,8.2,19.4,71.0,1015.3,5.0,120.0,46.0,0.0
2016-05-19,14.1,9.9,14.1,89.0,1010.8,7.1,47.0,94.0,18.0
2016-05-20,0.9,6.8,21.9,69.0,1015.3,4.8,288.0,40.0,9.0
2016-05-21,0.0,8.9,23.1,68.0,1018.7,4.8,194.0,36.0,1.0
2016-05-22,0.0,10.0,24.0,71.0,1016.3,5.7,177.0,5.0,3.0
2016-05-23,31.6,11.7,18.1,88.0,1010.1,6.8,63.0,63.0,20.0
2016-05-24,0.4,8.9,20.6,76.0,1008.3,4.9,250.0,61.0,8.0
2016-05-25,0.1,8.6,22.6,74.0,1012.0,5.0,205.0,37.0,6.0
2016-05-26,0.0,10.5,23.2,77.0,1014.8,4.9,96.0,80.0,7.0
2016-05-27,0.0,13.0,24.8,75.0,1016.0,4.3,147.0,51.0,4.0
2016-05-28,0.0,12.5,24.4,77.0,1013.6,5.7,99.0,41.0,9.0
2016-05-29,27.0,14.2,20.2,89.0,1009.0,5.2,88.0,80.0,21.0
2016-05-30,14.7,13.4,20.5,87.0,1008.9,3.7,220.0,71.0,19.0
2016-05-31,8.4,11.0,20.3,82.0,1011.9,4.5,219.0,66.0,14.0
2016-06-01,11.5,12.9,19.7,82.0,1013.1,4.0,76.0,87.0,10.0
2016-06-02,6.1,12.3,19.6,88.0,1011.5,3.9,75.0,92.0,18.0
2016-06-03,5.6,11.6,21.0,86.0,1010.8,3.5,204.0,82.0,18.0
2016-06-04,11.4,13.0,21.6,88.0,1012.0,3.3,5.0,84.0,18.0
2016-06-05,8.6,12.0,22.4,87.0,1014.2,3.5,346.0,74.0,15.0
2016-06-06,2.0,11.9,23.9,75.0,1017.4,3.3,35.0,65.0,8.0
2016-06-07,1.9,12.4,25.3,73.0,1019.6,3.6,324.0,43.0,9.0
2016-06-08,23.9,13.6,24.4,85.0,1017.1,4.4,10.0,90.0,18.0
2016-06-09,21.8,15.3,19.0,89.0,1012.3,4.6,53.0,100.0,24.0
2016-06-10,0.8,12.4,22.4,78.0,1011.6,5.1,108.0,53.0,9.0
2016-06-11,15.4,14.8,21.6,85.0,1010.4,3.7,119.0,73.0,15.0
2016-06-12,7.1,13.7,21.6,81.0,1008.8,3.6,12.0,94.0,13.0
2016-06-13,4.3,12.4,23.4,79.0,1004.3,4.3,268.0,88.0,13.0
2016-06-14,17.9,12.8,19.7,90.0,1001.8,4.1,73.0,91.0,22.0
2016-06-15,14.6,14.5,23.2,80.0,1002.0,6.9,222.0,45.0,13.0
2016-06-16,4.8,14.5,23.9,81.0,1005.1,7.1,63.0,82.0,11.0
2016-06-17,6.8,15.9,23.4,73.0,1008.6,9.8,228.0,38.0,9.0
2016-06-18,1.5,14.0,22.9,67.0,1016.5,4.4,325.0,38.0,3.0
2016-06-19,1.5,13.3,22.4,73.0,1016.0,5.5,346.0,88.0,4.0
2016-06-20,3.3,13.4,23.5,69.0,1017.1,5.2,317.0,59.0,5.0
2016-06-21,0.0,15.1,24.6,73.0,1021.4,3.9,175.0,62.0,1.0
2016-06-22,0.0,14.4,28.1,73.0,1022.2,4.0,32.0,17.0,6.0
2016-06-23,0.0,16.7,29.7,75.0,1020.9,4.4,46.0,5.0,7.0
2016-06-24,0.5,18.2,30.7,73.0,1016.6,4.3,19.0,12.0,5.0
2016-06-25,0.8,19.4,30.4,70.0,1011.1,5.0,78.0,60.0,4.0
2016-06-26,8.7,17.6,26.3,80.0,1012.1,6.0,17.0,44.0,16.0
2016-06-27,19.2,17.6,25.0,80.0,1013.4,5.0,29.0,50.0,13.0
2016-06-28,0.0,17.0,25.8,69.0,1017.1,5.2,196.0,31.0,0.0
2016-06-29,0.0,16.2,26.6,71.0,1015.8,4.7,156.0,27.0,0.0
2016-06-30,3.1,16.2,27.7,76.0,1014.8,3.8,145.0,59.0,10.0
2016-07-01,4.0,16.3,26.8,79.0,1016.7,4.0,107.0,35.0,10.0
2016-07-02,4.0,17.6,26.6,80.0,1014.6,4.4,223.0,49.0,10.0
2016-07-03,13.0,17.0,22.9,83.0,1015.0,7.1,58.0,62.0,13.0
2016-07-04,0.0,17.8,24.7,66.0,1019.5,6.0,42.0,58.0,0.0
2016-07-05,1.1,14.5,27.5,70.0,1015.7,4.7,193.0,43.0,2.0
2016-07-06,1.5,16.0,27.3,77.0,1014.2,4.4,90.0,27.0,11.0
2016-07-07,3.8,17.2,25.7,77.0,1017.8,5.7,67.0,34.0,9.0
2016-07-08,3.4,18.1,26.6,76.0,1018.0,4.5,109.0,63.0,6.0
2016-07-09,6.1,17.5,28.2,80.0,1016.9,3.7,83.0,26.0,11.0
2016-07-10,5.7,19.5,28.8,80.0,1016.2,3.6,355.0,49.0,12.0
2016-07-11,1.0,19.3,29.8,79.0,1014.0,4.6,315.0,67.0,9.0
2016-07-12,8.5,19.5,28.7,82.0,1011.3,4.6,79.0,34.0,17.0
2016-07-13,21.9,19.0,26.4,84.0,1007.9,4.8,55.0,40.0,21.0
2016-07-14,4.3,13.8,24.9,68.0,1009.4,5.3,328.0,37.0,8.0
2016-07-15,0.0,13.5,23.2,62.0,1016.4,5.1,9.0,76.0,0.0
2016-07-16,0.0,10.9,24.6,64.0,1017.9,6.2,262.0,30.0,0.0
2016-07-17,0.0,11.3,28.3,65.0,1018.5,5.2,255.0,10.0,2.0
2016-07-18,1.8,14.7,27.6,75.0,1019.1,4.3,63.0,14.0,5.0
2016-07-19,0.4,16.2,28.2,73.0,1019.0,4.1,78.0,16.0,7.0
2016-07-20,0.3,18.2,28.7,72.0,1017.2,4.5,89.0,16.0,3.0
2016-07-21,2.2,18.2,30.0,71.0,1015.2,4.8,101.0,43.0,5.0
2016-07-22,3.1,18.5,28.1,77.0,1014.6,4.6,28.0,50.0,7.0
2016-07-23,1.5,17.7,27.6,73.0,1016.0,4.6,322.0,65.0,10.0
2016-07-24,1.6,16.3,28.4,75.0,1016.2,4.5,295.0,92.0,8.0
2016-07-25,1.5,18.2,30.3,71.0,1014.8,4.4,21.0,72.0,9.0
2016-07-26,3.2,17.9,29.0,68.0,1015.5,3.8,357.0,74.0,5.0
2016-07-27,4.6,19.5,28.9,69.0,1014.9,4.1,9.0,66.0,7.0
2016-07-28,10.0,18.2,25.4,79.0,1015.0,3.8,14.0,51.0,17.0
2016-07-29,0.1,17.1,28.6,70.0,1014.8,3.4,355.0,32.0,6.0
2016-07-30,3.3,19.3,29.3,72.0,1014.5,4.2,118.0,35.0,4.0
2016-07-31,8.2,19.5,28.1,77.0,1013.1,5.0,327.0,53.0,10.0
2016-08-01,6.2,17.5,25.5,78.0,1014.2,7.2,30.0,64.0,9.0
2016-08-02,0.0,18.5,26.4,62.0,1017.5,4.6,100.0,78.0,0.0
2016-08-03,0.0,17.9,28.0,66.0,1016.1,4.0,150.0,29.0,0.0
2016-08-04,0.4,19.0,28.9,71.0,1013.8,4.4,41.0,31.0,1.0
2016-08-05,34.0,16.8,23.8,82.0,1011.1,5.8,0.0,85.0,10.0
2016-08-06,0.9,14.8,26.7,65.0,1018.3,5.3,340.0,66.0,1.0
2016-08-07,0.0,15.2,27.2,61.0,1023.3,4.7,24.0,14.0,0.0
2016-08-08,0.0,16.8,27.2,60.0,1020.8,4.0,29.0,6.0,0.0
2016-08-09,2.6,16.5,28.2,70.0,1014.9,4.8,54.0,73.0,8.0
2016-08-10,24.8,15.7,20.3,81.0,1013.1,8.0,19.0,79.0,16.0
2016-08-11,0.3,14.3,21.5,67.0,1019.3,5.6,61.0,41.0,1.0
2016-08-12,0.0,15.1,22.3,65.0,1024.3,4.7,94.0,59.0,0.0
2016-08-13,0.0,12.7,25.2,75.0,1024.7,4.0,134.0,10.0,6.0
2016-08-14,0.0,14.1,28.0,74.0,1022.0,4.1,132.0,21.0,6.0
2016-08-15,4.2,15.7,28.3,77.0,1019.1,4.3,48.0,47.0,11.0
2016-08-16,1.8,15.6,26.9,79.0,1015.2,3.9,336.0,69.0,11.0
2016-08-17,11.4,15.9,26.5,83.0,1010.6,4.6,30.0,64.0,13.0
2016-08-18,11.2,16.4,24.1,83.0,1010.9,3.6,86.0,77.0,16.0
2016-08-19,4.2,16.1,25.3,80.0,1012.1,4.4,76.0,61.0,9.0
2016-08-20,4.1,18.4,25.5,81.0,1015.2,3.9,62.0,74.0,11.0
2016-08-21,36.8,18.4,23.7,89.0,1015.2,4.0,59.0,77.0,20.0
2016-08-22,0.1,11.4,25.1,66.0,1021.8,5.3,323.0,6.0,4.0
2016-08-23,0.0,12.7,26.3,65.0,1024.0,3.8,318.0,0.0,0.0
2016-08-24,0.0,14.5,27.0,70.0,1022.7,3.4,218.0,1.0,5.0
2016-08-25,0.0,16.9,26.5,68.0,1020.8,4.7,61.0,6.0,0.0
2016-08-26,0.0,17.6,26.3,69.0,1020.3,5.1,55.0,11.0,0.0
2016-08-27,0.0,15.8,27.9,73.0,1020.3,4.0,74.0,1.0,6.0
2016-08-28,0.0,15.4,29.0,75.0,1018.2,4.4,174.0,15.0,6.0
2016-08-29,6.3,16.2,27.9,80.0,1016.2,3.9,349.0,43.0,9.0
2016-08-30,3.8,18.9,26.1,75.0,1019.4,7.0,19.0,81.0,8.0
2016-08-31,0.0,16.8,26.7,66.0,1020.4,5.8,44.0,9.0,0.0
2016-09-01,0.8,15.3,27.4,69.0,1019.7,3.5,3.0,26.0,2.0
2016-09-02,1.2,16.7,28.1,70.0,1019.2,4.3,24.0,38.0,9.0
2016-09-03,0.7,15.9,28.0,70.0,1018.3,4.0,48.0,77.0,2.0
2016-09-04,4.8,17.4,27.5,76.0,1016.4,3.8,357.0,83.0,7.0
2016-09-05,4.8,17.6,25.0,80.0,1013.6,5.1,19.0,65.0,12.0
2016-09-06,1.7,12.7,25.4,75.0,1017.8,5.5,19.0,29.0,10.0
2016-09-07,0.0,12.6,27.0,71.0,1019.5,7.9,30.0,9.0,9.0
2016-09-08,0.0,14.7,26.6,65.0,1015.4,5.9,38.0,14.0,0.0
2016-09-09,0.0,15.4,28.9,67.0,1015.0,5.6,27.0,12.0,5.0
2016-09-10,0.0,15.2,28.1,66.0,1015.6,5.5,18.0,18.0,1.0
2016-09-11,0.1,15.4,28.1,68.0,1016.5,5.6,26.0,33.0,0.0
2016-09-12,0.3,15.6,28.8,68.0,1018.6,6.1,23.0,37.0,3.0
2016-09-13,0.0,15.0,29.0,64.0,1016.4,4.4,16.0,9.0,8.0
2016-09-14,0.0,14.8,27.7,68.0,1014.3,4.6,46.0,9.0,0.0
2016-09-15,5.8,16.0,23.3,87.0,1015.8,5.2,50.0,74.0,8.0
2016-09-16,32.4,14.6,21.3,91.0,1015.1,4.2,57.0,82.0,22.0
2016-09-17,4.8,15.2,23.2,80.0,1010.2,4.3,316.0,78.0,10.0
2016-09-18,11.8,13.2,19.3,87.0,1010.8,3.6,40.0,71.0,16.0
2016-09-19,0.1,12.2,23.6,79.0,1009.4,5.2,309.0,57.0,10.0
2016-09-20,6.0,11.6,22.2,78.0,1012.1,4.3,9.0,58.0,6.0
2016-09-21,8.7,13.5,18.2,81.0,1015.7,6.3,54.0,66.0,9.0
2016-09-22,0.0,14.6,19.5,67.0,1020.8,3.7,34.0,55.0,0.0
2016-09-23,0.0,10.1,20.6,75.0,1024.2,4.1,71.0,40.0,2.0
2016-09-24,0.0,11.5,21.9,73.0,1025.4,3.7,43.0,29.0,6.0
2016-09-25,0.0,9.3,22.3,77.0,1021.0,3.8,5.0,5.0,6.0
2016-09-26,1.2,10.9,21.3,75.0,1020.2,3.6,35.0,28.0,8.0
2016-09-27,2.3,9.9,21.5,77.0,1023.6,3.4,46.0,16.0,9.0
2016-09-28,0.0,12.8,22.2,78.0,1028.5,3.8,206.0,48.0,7.0
2016-09-29,0.0,10.9,22.7,80.0,1025.9,4.2,180.0,54.0,6.0
2016-09-30,0.0,12.2,21.9,80.0,1020.1,3.9,135.0,35.0,9.0
2016-10-01,0.0,13.6,21.6,79.0,1016.1,4.9,155.0,83.0,4.0
2016-10-02,6.9,13.9,18.8,90.0,1014.1,3.8,52.0,90.0,20.0
2016-10-03,1.9,11.9,19.6,73.0,1019.1,4.8,35.0,30.0,11.0
2016-10-04,0.0,7.2,21.4,71.0,1021.1,4.6,346.0,36.0,8.0
2016-10-05,11.1,9.0,14.5,86.0,1020.5,6.0,58.0,61.0,16.0
2016-10-06,0.2,5.1,15.4,74.0,1016.6,5.1,269.0,28.0,7.0
2016-10-07,0.0,5.4,16.8,73.0,1014.4,4.1,50.0,57.0,3.0
2016-10-08,5.6,10.1,12.8,87.0,1017.5,5.0,49.0,93.0,13.0
2016-10-09,0.8,8.3,14.9,76.0,1020.1,6.7,36.0,69.0,9.0
2016-10-10,0.1,6.4,14.8,65.0,1018.7,7.6,43.0,61.0,0.0
2016-10-11,1.5,4.1,13.7,75.0,1013.9,4.1,5.0,79.0,5.0
2016-10-12,0.0,1.5,15.5,69.0,1014.1,4.6,354.0,27.0,0.0
2016-10-13,1.7,3.5,13.6,82.0,1018.2,4.5,20.0,97.0,11.0
2016-10-14,41.2,9.4,14.2,89.0,1015.9,8.1,23.0,100.0,22.0
2016-10-15,37.1,11.9,19.3,85.0,1014.6,5.6,358.0,77.0,13.0
2016-10-16,0.0,7.9,19.8,87.0,1021.3,4.1,350.0,42.0,13.0
2016-10-17,0.0,11.3,18.2,87.0,1023.8,3.8,345.0,95.0,11.0
2016-10-18,2.3,10.7,17.9,83.0,1020.8,2.7,359.0,57.0,4.0
2016-10-19,5.1,9.3,15.7,89.0,1017.9,4.1,41.0,92.0,19.0
2016-10-20,15.8,10.1,13.2,84.0,1012.8,6.2,49.0,90.0,12.0
2016-10-21,0.1,4.5,14.4,76.0,1013.0,4.4,45.0,41.0,3.0
2016-10-22,0.0,4.8,13.3,81.0,1016.2,3.8,34.0,52.0,8.0
2016-10-23,0.0,6.6,13.3,82.0,1018.5,4.4,7.0,82.0,4.0
2016-10-24,0.1,10.7,15.3,88.0,1022.0,2.9,358.0,97.0,7.0
2016-10-25,4.5,10.9,16.1,94.0,1022.9,2.1,230.0,97.0,21.0
2016-10-26,1.7,9.4,18.0,88.0,1022.0,4.7,13.0,83.0,15.0
2016-10-27,0.0,12.0,16.6,77.0,1027.1,4.3,107.0,45.0,0.0
2016-10-28,0.0,9.5,15.7,82.0,1031.6,2.3,152.0,61.0,2.0
2016-10-29,0.0,4.9,17.6,82.0,1027.3,3.3,351.0,19.0,10.0
2016-10-30,0.0,6.2,16.4,82.0,1024.6,4.2,20.0,3.0,5.0
2016-10-31,0.0,7.6,13.9,84.0,1026.8,4.1,15.0,37.0,6.0
2016-11-01,0.0,4.2,14.8,86.0,1024.3,3.6,172.0,52.0,13.0
2016-11-02,0.0,7.7,14.7,88.0,1016.5,3.1,146.0,90.0,14.0
2016-11-03,0.7,7.0,13.0,82.0,1016.9,5.1,48.0,55.0,11.0
2016-11-04,0.0,4.7,11.9,78.0,1020.9,4.1,13.0,66.0,7.0
2016-11-05,21.1,7.1,10.3,90.0,1011.4,4.7,5.0,100.0,16.0
2016-11-06,16.4,9.1,13.3,94.0,997.4,4.3,298.0,92.0,23.0
2016-11-07,0.8,4.0,10.2,83.0,1003.3,4.8,18.0,49.0,10.0
2016-11-08,2.1,1.4,10.0,84.0,1006.7,5.1,0.0,47.0,13.0
2016-11-09,0.1,-2.3,9.2,79.0,1008.9,3.6,355.0,61.0,9.0
2016-11-10,0.2,-0.1,10.2,82.0,1011.6,3.8,52.0,77.0,4.0
2016-11-11,2.6,1.3,8.0,88.0,1011.5,4.6,346.0,91.0,19.0
2016-11-12,0.0,1.4,12.3,75.0,1014.3,5.3,305.0,58.0,6.0
2016-11-13,0.0,-0.6,9.1,74.0,1021.9,5.3,18.0,79.0,0.0
2016-11-14,0.0,2.8,7.8,72.0,1028.9,5.8,53.0,55.0,0.0
2016-11-15,0.0,2.6,6.9,69.0,1031.1,3.6,32.0,21.0,0.0
2016-11-16,0.0,0.6,8.4,79.0,1026.1,3.1,58.0,65.0,0.0
2016-11-17,0.0,0.3,8.7,84.0,1021.6,3.7,26.0,76.0,5.0
2016-11-18,0.5,5.3,9.9,89.0,1018.1,2.4,339.0,93.0,17.0
2016-11-19,18.7,7.4,10.8,94.0,1012.9,3.4,13.0,96.0,24.0
2016-11-20,0.0,3.8,12.8,90.0,1017.0,4.0,338.0,82.0,14.0
2016-11-21,0.0,5.5,12.3,93.0,1018.0,4.1,4.0,98.0,20.0
2016-11-22,2.2,8.0,13.8,96.0,1019.6,4.8,17.0,93.0,24.0
2016-11-23,0.4,9.2,14.6,92.0,1022.3,5.1,24.0,96.0,18.0
2016-11-24,0.1,8.7,14.7,93.0,1020.6,5.2,22.0,99.0,19.0
2016-11-25,12.1,9.6,13.5,93.0,1016.5,5.4,29.0,100.0,24.0
2016-11-26,10.6,8.1,12.9,94.0,1015.6,4.0,332.0,88.0,21.0
2016-11-27,0.1,7.4,11.6,91.0,1013.0,2.5,98.0,73.0,14.0
2016-11-28,2.8,4.9,9.2,81.0,1015.8,7.0,87.0,83.0,11.0
2016-11-29,0.0,-0.0,5.4,52.0,1029.9,3.8,162.0,29.0,0.0
2016-11-30,0.0,-2.1,6.5,73.0,1031.5,3.3,4.0,12.0,0.0
2016-12-01,0.0,-1.0,8.2,76.0,1022.4,2.3,21.0,70.0,0.0
2016-12-02,0.0,-1.8,7.1,81.0,1014.6,3.3,13.0,39.0,5.0
2016-12-03,0.0,-0.7,7.3,87.0,1021.7,4.9,13.0,86.0,5.0
2016-12-04,0.0,2.2,9.1,77.0,1026.3,3.9,7.0,55.0,0.0
2016-12-05,0.0,-0.4,9.7,83.0,1028.7,3.2,345.0,30.0,9.0
2016-12-06,0.0,-2.2,9.8,83.0,1028.9,3.2,344.0,2.0,8.0
2016-12-07,0.0,-2.3,7.4,77.0,1034.2,3.2,352.0,9.0,0.0
2016-12-08,0.0,-2.8,7.2,79.0,1036.0,2.9,352.0,9.0,0.0
2016-12-09,0.0,-2.8,6.3,82.0,1032.2,2.4,8.0,40.0,0.0
2016-12-10,0.0,-2.4,6.8,79.0,1027.8,2.1,1.0,20.0,0.0
2016-12-11,0.0,-1.5,5.4,80.0,1021.4,3.0,24.0,35.0,2.0
2016-12-12,0.0,-2.1,10.8,82.0,1019.7,3.5,318.0,22.0,5.0
2016-12-13,0.0,-1.9,8.3,83.0,1027.8,3.9,354.0,21.0,6.0
2016-12-14,0.0,-1.9,7.6,85.0,1027.0,3.0,335.0,55.0,9.0
2016-12-15,0.0,-2.4,8.3,81.0,1028.0,2.9,342.0,5.0,0.0
2016-12-16,0.0,-1.1,6.4,84.0,1032.6,4.6,13.0,21.0,5.0
2016-12-17,0.0,-4.4,7.8,81.0,1037.4,3.2,333.0,30.0,0.0
2016-12-18,0.0,-2.9,6.1,63.0,1033.7,2.6,344.0,53.0,0.0
2016-12-19,0.0,-2.0,5.8,65.0,1030.5,5.8,9.0,97.0,0.0
2016-12-20,0.0,2.8,8.0,81.0,1028.2,5.8,5.0,93.0,0.0
2016-12-21,0.0,1.1,11.4,81.0,1028.2,3.6,354.0,26.0,2.0
2016-12-22,0.0,-2.0,9.6,75.0,1029.9,3.3,356.0,4.0,0.0
2016-12-23,0.0,-2.3,11.8,76.0,1031.1,3.7,338.0,0.0,0.0
2016-12-24,0.0,-1.5,9.4,68.0,1028.6,3.3,346.0,62.0,0.0
2016-12-25,0.0,-1.7,11.3,80.0,1025.1,3.4,334.0,93.0,1.0
2016-12-26,0.0,-1.3,10.8,85.0,1026.5,3.3,4.0,39.0,12.0
2016-12-27,0.0,-0.7,12.7,81.0,1029.1,4.4,339.0,6.0,10.0
2016-12-28,0.0,-1.3,11.2,63.0,1032.5,6.1,320.0,13.0,0.0
2016-12-29,1.0,1.5,7.0,80.0,1037.4,3.4,345.0,50.0,6.0
2016-12-30,0.0,-2.9,6.1,82.0,1037.8,2.9,5.0,11.0,4.0
2016-12-31,0.0,-3.2,7.6,71.0,1032.4,2.6,350.0,11.0,0.0
2017-01-01,0.0,-2.9,8.2,43.0,1024.9,3.3,352.0,0.0,0.0
2017-01-02,0.0,-1.0,5.3,52.0,1020.3,5.0,28.0,26.0,0.0
2017-01-03,0.1,-0.5,6.7,67.0,1021.0,5.6,9.0,43.0,0.0
2017-01-04,0.0,-0.4,3.3,61.0,1013.9,2.8,21.0,37.0,0.0
2017-01-05,0.0,-3.4,7.5,38.0,1015.1,7.0,338.0,7.0,0.0
2017-01-06,0.0,-5.3,2.7,39.0,1028.7,6.7,79.0,0.0,0.0
2017-01-07,0.0,-6.0,0.4,36.0,1031.0,5.8,124.0,14.0,0.0
2017-01-08,0.0,-5.5,1.2,52.0,1026.2,4.7,318.0,11.0,0.0
2017-01-09,0.0,-4.4,2.3,62.0,1023.5,4.3,32.0,2.0,0.0
2017-01-10,0.5,-3.0,0.3,65.0,1017.7,7.0,63.0,86.0,0.0
2017-01-11,0.0,-5.3,0.7,54.0,1020.2,4.8,162.0,41.0,0.0
2017-01-12,0.1,-5.5,1.2,67.0,1018.8,5.6,69.0,36.0,0.0
2017-01-13,7.0,-0.6,4.4,90.0,1002.4,4.5,309.0,99.0,20.0
2017-01-14,0.0,-2.8,4.9,72.0,1008.1,4.0,312.0,69.0,1.0
2017-01-15,0.0,-2.2,6.5,51.0,1016.6,5.9,18.0,74.0,0.0
2017-01-16,0.0,-3.9,5.7,45.0,1016.8,7.4,27.0,54.0,0.0
2017-01-17,0.1,-1.8,7.6,48.0,1018.8,7.3,29.0,90.0,0.0
2017-01-18,0.0,-2.1,8.5,52.0,1024.9,6.3,359.0,18.0,0.0
2017-01-19,0.0,-1.0,7.2,59.0,1030.2,5.3,22.0,25.0,0.0
2017-01-20,0.0,-1.9,5.3,64.0,1033.4,4.6,10.0,0.0,0.0
2017-01-21,0.0,-2.6,6.4,59.0,1031.3,4.5,311.0,0.0,0.0
2017-01-22,0.0,-0.8,9.8,43.0,1029.1,5.5,22.0,8.0,0.0
2017-01-23,0.0,-0.6,8.5,48.0,1023.6,3.7,331.0,45.0,0.0
2017-01-24,0.0,-1.0,10.0,60.0,1019.2,4.6,48.0,0.0,0.0
2017-01-25,0.0,-1.6,5.8,65.0,1024.4,4.1,349.0,1.0,0.0
2017-01-26,0.0,-2.7,4.3,65.0,1029.2,7.2,59.0,3.0,0.0
2017-01-27,0.0,-2.7,4.5,58.0,1030.0,4.7,269.0,8.0,0.0
2017-01-28,0.0,-1.5,4.7,64.0,1026.9,2.7,323.0,68.0,0.0
2017-01-29,0.0,-2.1,5.0,77.0,1025.9,3.2,305.0,3.0,0.0
2017-01-30,0.0,-2.3,5.6,72.0,1024.0,2.8,29.0,39.0,0.0
2017-01-31,4.0,0.8,4.0,86.0,1021.5,3.1,25.0,93.0,12.0
2017-02-01,0.9,2.9,5.9,88.0,1020.7,2.8,32.0,94.0,11.0
2017-02-02,0.5,2.1,7.0,92.0,1021.4,3.0,25.0,97.0,19.0
2017-02-03,11.7,4.0,8.9,91.0,1014.7,4.5,28.0,87.0,20.0
2017-02-04,8.9,3.7,8.1,89.0,1009.1,4.9,2.0,76.0,16.0
2017-02-05,20.4,0.1,7.6,84.0,1006.9,9.7,31.0,82.0,13.0
2017-02-06,24.3,6.2,12.2,82.0,1002.7,8.1,338.0,99.0,18.0
2017-02-07,1.2,5.1,10.3,73.0,1014.7,4.7,305.0,79.0,4.0
2017-02-08,0.0,3.8,8.5,71.0,1018.7,8.2,65.0,95.0,0.0
2017-02-09,0.0,-1.1,8.4,65.0,1023.0,8.8,58.0,64.0,0.0
2017-02-10,2.2,3.2,8.0,72.0,1022.8,4.5,46.0,96.0,1.0
2017-02-11,2.0,4.2,8.3,88.0,1024.2,3.8,169.0,95.0,13.0
2017-02-12,0.0,5.2,10.2,79.0,1027.8,3.0,340.0,86.0,0.0
2017-02-13,0.0,3.8,7.9,79.0,1030.6,5.9,62.0,85.0,3.0
2017-02-14,0.0,3.8,10.8,71.0,1034.0,3.8,307.0,23.0,0.0
2017-02-15,0.0,5.0,13.1,73.0,1035.0,3.6,314.0,0.0,0.0
2017-02-16,0.0,7.2,13.6,58.0,1030.8,2.3,1.0,0.0,0.0
2017-02-17,1.3,3.1,10.7,63.0,1025.0,4.6,67.0,48.0,3.0
2017-02-18,0.0,2.7,12.3,74.0,1024.0,5.9,270.0,6.0,0.0
2017-02-19,0.0,3.3,8.6,79.0,1025.3,4.7,41.0,65.0,0.0
2017-02-20,0.0,2.3,11.2,79.0,1023.4,4.7,257.0,30.0,3.0
2017-02-21,0.0,0.7,7.2,89.0,1019.8,4.8,71.0,77.0,12.0
2017-02-22,0.1,4.3,7.6,91.0,1019.0,2.9,154.0,100.0,13.0
2017-02-23,0.6,5.5,7.3,91.0,1015.8,3.7,83.0,100.0,14.0
2017-02-24,3.3,5.0,9.9,90.0,1009.1,6.0,65.0,97.0,14.0
2017-02-25,0.0,1.9,11.2,73.0,1020.6,6.7,51.0,20.0,1.0
2017-02-26,0.0,1.5,11.0,63.0,1021.0,6.0,276.0,60.0,0.0
2017-02-27,0.0,4.8,11.5,65.0,1016.8,3.8,30.0,46.0,0.0
2017-02-28,9.3,5.0,9.1,82.0,1007.2,7.0,34.0,96.0,10.0
2017-03-01,3.4,5.0,12.2,82.0,1007.3,6.5,83.0,44.0,5.0
2017-03-02,0.0,4.5,13.1,79.0,1015.2,5.0,35.0,55.0,7.0
2017-03-03,0.0,3.9,13.1,77.0,1018.7,5.6,50.0,72.0,1.0
2017-03-04,10.2,6.1,11.1,90.0,1009.8,11.8,46.0,93.0,15.0
2017-03-05,2.4,5.4,11.6,82.0,1008.7,6.2,46.0,75.0,7.0
2017-03-06,1.5,4.5,11.9,82.0,1005.3,5.6,50.0,67.0,7.0
2017-03-07,0.8,3.4,14.5,64.0,1006.1,5.9,334.0,75.0,3.0
2017-03-08,0.0,1.1,14.7,51.0,1019.5,4.6,280.0,47.0,0.0
2017-03-09,0.0,5.8,16.0,55.0,1018.8,3.7,36.0,43.0,0.0
2017-03-10,0.0,6.1,18.9,58.0,1016.5,6.5,11.0,1.0,0.0
2017-03-11,0.0,4.9,14.2,46.0,1021.0,6.5,243.0,15.0,0.0
2017-03-12,0.0,3.9,12.5,63.0,1017.2,7.4,74.0,54.0,0.0
2017-03-13,0.0,3.4,12.9,64.0,1022.7,5.1,87.0,14.0,0.0
2017-03-14,0.0,4.8,16.1,69.0,1027.5,4.2,49.0,54.0,0.0
2017-03-15,0.0,7.0,15.6,59.0,1027.7,5.5,74.0,49.0,0.0
2017-03-16,0.0,6.1,16.5,66.0,1024.4,4.7,70.0,27.0,0.0
2017-03-17,0.0,8.2,16.4,74.0,1017.9,4.6,68.0,1.0,2.0
2017-03-18,0.1,6.5,14.3,80.0,1010.5,5.9,57.0,88.0,3.0
2017-03-19,0.0,6.4,17.0,82.0,1011.3,4.9,51.0,88.0,6.0
2017-03-20,0.0,9.2,15.2,85.0,1013.3,3.8,121.0,87.0,9.0
2017-03-21,0.6,9.1,15.2,84.0,1012.2,4.5,84.0,81.0,9.0
2017-03-22,1.5,9.5,14.5,87.0,1012.5,6.4,74.0,97.0,14.0
2017-03-23,2.7,9.0,16.4,83.0,1017.0,4.6,38.0,87.0,6.0
2017-03-24,0.9,9.7,19.2,75.0,1022.5,4.3,43.0,94.0,2.0
2017-03-25,0.0,9.7,19.9,68.0,1021.4,6.6,61.0,29.0,0.0
2017-03-26,4.5,8.9,15.7,78.0,1018.6,8.6,62.0,63.0,4.0
2017-03-27,0.0,5.8,15.2,55.0,1025.2,5.9,275.0,28.0,0.0
2017-03-28,0.0,6.0,18.5,54.0,1024.0,5.2,317.0,1.0,0.0
2017-03-29,0.0,8.7,21.7,50.0,1023.2,4.6,303.0,22.0,0.0
2017-03-30,0.0,10.9,22.0,54.0,1024.8,5.9,63.0,20.0,0.0
2017-03-31,0.0,12.0,21.7,62.0,1022.8,5.7,63.0,8.0,0.0
2017-04-01,0.0,9.6,19.2,65.0,1016.3,10.6,65.0,54.0,0.0
2017-04-02,1.7,9.9,18.8,61.0,1016.4,11.9,42.0,70.0,3.0
2017-04-03,0.0,8.9,22.0,59.0,1017.5,5.3,348.0,19.0,0.0
2017-04-04,1.0,11.6,21.3,54.0,1016.2,7.2,357.0,79.0,2.0
2017-04-05,12.4,10.2,16.9,75.0,1018.0,6.2,326.0,76.0,13.0
2017-04-06,1.3,9.4,16.9,74.0,1016.1,5.3,62.0,51.0,2.0
2017-04-07,2.4,9.4,17.5,73.0,1020.0,7.3,85.0,73.0,5.0
2017-04-08,0.0,8.5,20.1,74.0,1021.6,5.2,83.0,3.0,3.0
2017-04-09,0.0,10.8,20.4,72.0,1024.2,6.1,76.0,16.0,1.0
2017-04-10,0.0,11.1,21.2,69.0,1020.7,4.7,102.0,28.0,0.0
2017-04-11,1.9,11.8,21.0,69.0,1017.4,5.9,50.0,45.0,2.0
2017-04-12,0.0,12.6,19.4,65.0,1019.3,7.1,65.0,64.0,0.0
2017-04-13,1.0,10.1,20.2,74.0,1011.7,5.2,62.0,46.0,2.0
2017-04-14,1.8,12.2,19.8,73.0,1012.8,5.8,82.0,52.0,4.0
2017-04-15,8.7,12.0,17.1,82.0,1013.4,7.3,57.0,95.0,13.0
2017-04-16,6.0,9.8,18.8,78.0,1012.8,6.4,39.0,45.0,4.0
2017-04-17,3.9,7.3,14.8,71.0,1015.7,7.3,48.0,48.0,3.0
2017-04-18,1.7,4.7,12.3,76.0,1013.0,8.0,22.0,72.0,2.0
2017-04-19,0.4,2.2,13.6,43.0,1017.4,6.1,18.0,85.0,1.0
2017-04-20,0.1,0.6,13.7,45.0,1024.6,5.9,79.0,30.0,0.0
2017-04-21,0.0,2.0,14.5,49.0,1028.5,5.7,31.0,12.0,0.0
2017-04-22,0.0,4.1,16.3,64.0,1021.6,5.8,64.0,15.0,0.0
2017-04-23,0.0,5.8,16.9,68.0,1018.1,7.4,79.0,37.0,0.0
2017-04-24,0.5,10.4,14.2,74.0,1020.0,5.8,68.0,89.0,1.0
2017-04-25,2.9,10.5,17.4,83.0,1013.6,6.3,52.0,84.0,9.0
2017-04-26,28.4,11.5,13.0,88.0,1009.3,10.6,33.0,96.0,17.0
2017-04-27,28.4,11.9,18.8,86.0,1006.8,4.8,38.0,99.0,17.0
2017-04-28,13.3,7.8,13.1,79.0,1006.0,4.4,326.0,74.0,12.0
2017-04-29,0.0,3.9,16.5,57.0,1015.8,5.3,78.0,6.0,0.0
2017-04-30,0.0,7.3,16.8,59.0,1016.0,6.6,60.0,30.0,0.0
2017-05-01,8.4,9.0,16.9,66.0,1012.8,8.4,52.0,81.0,5.0
2017-05-02,0.2,7.0,16.9,73.0,1016.4,6.3,106.0,41.0,2.0
2017-05-03,6.8,9.9,16.3,74.0,1018.1,4.5,48.0,83.0,5.0
2017-05-04,10.6,8.5,16.8,78.0,1015.9,4.8,36.0,65.0,5.0
2017-05-05,0.3,9.4,19.5,70.0,1015.8,4.3,192.0,38.0,2.0
2017-05-06,9.2,9.7,17.4,77.0,1015.0,5.7,76.0,76.0,12.0
2017-05-07,2.0,10.2,17.6,86.0,1009.1,4.4,257.0,96.0,12.0
2017-05-08,1.6,11.7,18.7,78.0,1010.3,4.8,347.0,81.0,2.0
2017-05-09,5.1,11.8,17.1,76.0,1010.8,6.2,26.0,76.0,4.0
2017-05-10,6.5,9.4,15.9,77.0,1013.0,8.7,73.0,94.0,7.0
2017-05-11,4.5,11.0,18.5,79.0,1009.6,8.9,63.0,86.0,6.0
2017-05-12,6.4,12.3,22.1,77.0,1006.1,7.3,224.0,76.0,7.0
2017-05-13,1.9,12.6,22.2,77.0,1012.0,5.8,51.0,70.0,6.0
2017-05-14,0.7,12.8,22.5,79.0,1019.6,5.2,244.0,73.0,4.0
2017-05-15,0.8,14.9,22.9,68.0,1024.3,5.6,9.0,68.0,1.0
2017-05-16,0.0,14.3,24.2,65.0,1026.4,4.2,307.0,17.0,0.0
2017-05-17,0.0,15.6,24.3,62.0,1022.8,5.9,67.0,28.0,0.0
2017-05-18,0.0,17.2,24.2,62.0,1017.3,6.9,78.0,56.0,0.0
2017-05-19,10.3,15.2,22.6,74.0,1013.6,6.1,61.0,74.0,3.0
2017-05-20,5.6,13.4,18.7,85.0,1015.3,3.6,279.0,88.0,11.0
2017-05-21,0.1,12.1,24.5,63.0,1018.9,4.5,249.0,36.0,1.0
2017-05-22,0.0,14.2,24.7,60.0,1017.8,6.2,28.0,35.0,0.0
2017-05-23,0.0,16.1,25.5,66.0,1016.3,4.8,324.0,64.0,0.0
2017-05-24,2.1,18.1,25.5,72.0,1016.2,5.3,61.0,85.0,3.0
2017-05-25,2.7,14.7,22.6,74.0,1017.7,7.5,85.0,45.0,10.0
2017-05-26,0.0,14.7,23.7,68.0,1018.8,4.9,209.0,41.0,0.0
2017-05-27,0.0,15.9,26.0,60.0,1019.8,4.6,270.0,27.0,0.0
2017-05-28,0.0,19.2,27.0,61.0,1020.8,4.8,108.0,18.0,0.0
2017-05-29,0.0,17.3,27.8,64.0,1017.4,5.3,137.0,17.0,0.0
2017-05-30,0.0,17.7,28.5,67.0,1015.4,5.6,83.0,27.0,0.0
2017-05-31,0.1,18.4,26.0,76.0,1018.2,5.1,72.0,70.0,1.0
2017-06-01,2.2,17.1,26.4,76.0,1018.6,4.9,83.0,74.0,6.0
2017-06-02,0.1,16.9,26.5,71.0,1016.9,4.5,346.0,48.0,0.0
2017-06-03,0.0,17.5,26.9,68.0,1014.5,4.3,58.0,32.0,0.0
2017-06-04,0.8,19.4,25.2,70.0,1011.6,5.6,39.0,61.0,2.0
2017-06-05,3.1,17.6,23.9,72.0,1012.4,10.4,49.0,88.0,4.0
2017-06-06,27.2,16.3,21.4,81.0,1008.7,4.6,33.0,75.0,16.0
2017-06-07,2.6,14.9,23.0,76.0,1013.1,10.4,69.0,37.0,4.0
2017-06-08,0.0,12.5,22.6,62.0,1020.8,4.9,254.0,37.0,0.0
2017-06-09,0.0,13.8,25.4,61.0,1016.9,4.3,167.0,25.0,0.0
2017-06-10,0.0,16.4,26.5,60.0,1016.7,4.2,48.0,72.0,0.0
2017-06-11,0.0,17.7,27.4,62.0,1018.8,7.2,75.0,22.0,0.0
2017-06-12,0.0,17.4,29.0,65.0,1015.8,5.3,113.0,22.0,0.0
2017-06-13,0.0,19.1,29.2,65.0,1014.0,5.7,84.0,30.0,0.0
2017-06-14,6.8,21.1,27.5,77.0,1014.0,5.5,83.0,93.0,7.0
2017-06-15,0.6,19.6,28.0,71.0,1015.7,7.3,73.0,87.0,3.0
2017-06-16,1.3,20.8,27.9,76.0,1014.9,4.6,63.0,71.0,2.0
2017-06-17,0.0,19.6,28.0,67.0,1015.7,6.8,93.0,47.0,2.0
2017-06-18,0.0,18.0,26.6,55.0,1020.4,5.0,92.0,12.0,0.0
2017-06-19,0.0,16.6,28.5,57.0,1021.2,5.6,112.0,8.0,0.0
2017-06-20,0.0,18.6,30.4,60.0,1017.7,4.8,70.0,40.0,0.0
2017-06-21,0.0,19.8,29.5,64.0,1014.9,4.4,324.0,35.0,0.0
2017-06-22,0.0,21.3,31.9,67.0,1015.5,5.4,252.0,43.0,1.0
2017-06-23,1.2,21.4,32.4,71.0,1014.5,6.0,50.0,74.0,1.0
2017-06-24,0.8,22.5,30.4,70.0,1014.2,5.6,52.0,65.0,1.0
2017-06-25,21.2,19.2,25.1,86.0,1012.4,6.9,347.0,81.0,13.0
2017-06-26,0.0,18.9,28.0,70.0,1013.2,5.0,59.0,34.0,2.0
2017-06-27,6.1,20.3,26.9,73.0,1010.2,6.7,30.0,67.0,6.0
2017-06-28,68.1,18.8,26.8,78.0,1003.8,7.7,48.0,83.0,16.0
2017-06-29,12.4,17.1,24.1,79.0,1001.6,7.1,236.0,60.0,12.0
2017-06-30,1.0,16.0,23.6,65.0,1008.4,7.1,263.0,51.0,2.0
2017-07-01,1.3,13.7,23.6,75.0,1011.6,5.7,58.0,26.0,6.0
2017-07-02,0.0,15.9,24.6,66.0,1014.2,3.6,331.0,26.0,0.0
2017-07-03,1.2,17.2,27.3,70.0,1018.2,6.4,38.0,26.0,2.0
2017-07-04,0.2,18.9,25.8,71.0,1020.2,6.0,75.0,47.0,0.0
2017-07-05,0.0,19.3,28.9,71.0,1018.5,4.4,180.0,24.0,0.0
2017-07-06,0.0,20.2,30.7,70.0,1017.9,5.0,93.0,19.0,0.0
2017-07-07,0.0,22.2,30.5,71.0,1016.6,4.6,90.0,33.0,1.0
2017-07-08,0.0,22.0,31.2,73.0,1015.1,4.3,142.0,44.0,1.0
2017-07-09,2.3,21.6,31.3,68.0,1013.5,6.1,339.0,58.0,2.0
2017-07-10,26.9,21.6,28.8,71.0,1010.8,6.7,12.0,43.0,4.0
2017-07-11,5.3,20.3,30.0,74.0,1012.3,7.0,36.0,55.0,4.0
2017-07-12,0.7,19.8,27.5,76.0,1013.1,4.4,60.0,34.0,6.0
2017-07-13,1.2,20.9,28.6,68.0,1013.1,9.3,55.0,29.0,1.0
2017-07-14,2.3,18.0,25.3,66.0,1013.6,10.4,60.0,68.0,2.0
2017-07-15,0.6,17.2,26.8,67.0,1014.9,6.9,24.0,45.0,1.0
2017-07-16,0.0,17.4,25.2,49.0,1020.9,5.3,41.0,21.0,0.0
2017-07-17,0.0,16.5,27.6,52.0,1021.0,4.7,8.0,29.0,0.0
2017-07-18,0.0,18.9,30.4,55.0,1018.7,4.7,73.0,21.0,0.0
2017-07-19,0.0,19.8,31.0,54.0,1016.0,4.3,96.0,40.0,0.0
2017-07-20,0.6,20.1,30.0,65.0,1012.6,6.3,43.0,60.0,1.0
2017-07-21,0.0,20.5,29.1,66.0,1012.7,6.0,37.0,73.0,0.0
2017-07-22,0.9,20.5,30.9,60.0,1012.6,5.4,44.0,43.0,2.0
2017-07-23,3.2,21.9,29.9,68.0,1013.2,7.4,46.0,40.0,2.0
2017-07-24,28.4,18.7,24.2,81.0,1006.4,6.9,345.0,85.0,8.0
2017-07-25,1.5,17.3,25.4,65.0,1004.6,5.8,297.0,36.0,2.0
2017-07-26,0.0,15.9,25.1,66.0,1005.2,4.3,348.0,73.0,0.0
2017-07-27,0.1,17.4,28.7,59.0,1009.2,5.3,79.0,61.0,0.0
2017-07-28,0.0,19.0,29.3,59.0,1011.6,6.5,85.0,42.0,0.0
2017-07-29,4.1,20.9,29.9,68.0,1016.3,6.6,58.0,61.0,3.0
2017-07-30,9.7,20.1,28.3,74.0,1015.6,4.7,55.0,65.0,5.0
2017-07-31,0.0,21.2,32.3,68.0,1016.7,4.6,131.0,16.0,0.0
2017-08-01,0.0,22.4,34.7,63.0,1017.3,3.9,70.0,10.0,0.0
2017-08-02,0.0,24.6,36.9,59.0,1016.2,4.9,78.0,30.0,0.0
2017-08-03,0.0,25.2,35.6,60.0,1015.0,5.0,91.0,31.0,0.0
2017-08-04,0.0,25.5,36.1,58.0,1011.4,4.5,23.0,16.0,0.0
2017-08-05,0.0,26.3,36.5,51.0,1010.9,9.0,51.0,20.0,0.0
2017-08-06,18.4,21.8,32.9,62.0,1012.0,9.4,1.0,52.0,9.0
2017-08-07,1.5,20.8,28.7,59.0,1016.5,8.1,48.0,28.0,2.0
2017-08-08,0.0,20.3,30.0,51.0,1014.2,8.0,63.0,21.0,0.0
2017-08-09,2.7,20.9,30.3,66.0,1013.0,9.9,22.0,37.0,3.0
2017-08-10,32.8,20.3,29.6,69.0,1012.5,6.6,24.0,48.0,6.0
2017-08-11,6.6,18.1,25.0,75.0,1011.1,5.6,294.0,54.0,10.0
2017-08-12,1.0,15.8,24.2,63.0,1014.0,4.3,43.0,41.0,1.0
2017-08-13,0.0,17.3,26.5,62.0,1017.9,5.0,56.0,27.0,0.0
2017-08-14,0.9,19.4,26.2,71.0,1020.1,6.0,55.0,41.0,1.0
2017-08-15,0.0,19.8,29.5,67.0,1019.8,4.5,87.0,15.0,0.0
2017-08-16,0.4,20.4,28.7,65.0,1017.8,3.4,16.0,58.0,1.0
2017-08-17,0.0,21.3,30.6,55.0,1017.6,5.4,14.0,35.0,0.0
2017-08-18,0.0,21.6,31.7,57.0,1016.1,3.8,44.0,43.0,0.0
2017-08-19,2.3,20.0,28.1,63.0,1013.2,7.2,41.0,80.0,3.0
2017-08-20,0.5,16.4,25.6,62.0,1017.2,7.0,34.0,30.0,3.0
2017-08-21,0.0,17.8,24.8,49.0,1020.1,5.2,66.0,13.0,0.0
2017-08-22,0.0,17.6,24.7,57.0,1019.7,6.9,29.0,39.0,0.0
2017-08-23,0.0,16.1,26.2,63.0,1017.5,3.9,164.0,17.0,0.0
2017-08-24,0.0,18.2,28.5,69.0,1018.4,3.9,82.0,16.0,0.0
2017-08-25,0.0,20.5,28.6,72.0,1019.2,3.1,40.0,48.0,0.0
2017-08-26,0.0,20.8,31.0,68.0,1017.3,3.9,180.0,37.0,0.0
2017-08-27,0.0,21.9,33.1,61.0,1014.8,4.0,117.0,32.0,0.0
2017-08-28,4.3,23.2,31.6,59.0,1014.8,8.7,42.0,59.0,5.0
2017-08-29,0.0,20.0,28.4,54.0,1016.8,6.1,84.0,5.0,0.0
2017-08-30,0.0,20.1,29.9,61.0,1015.7,5.0,77.0,20.0,0.0
2017-08-31,0.4,20.3,29.8,69.0,1014.4,5.3,93.0,47.0,1.0
2017-09-01,37.4,18.6,23.0,86.0,1012.7,7.1,44.0,73.0,13.0
2017-09-02,13.7,15.1,19.0,83.0,1009.4,8.5,53.0,71.0,14.0
2017-09-03,3.8,13.3,22.6,68.0,1011.1,5.7,315.0,62.0,3.0
2017-09-04,0.1,12.8,21.1,74.0,1016.8,5.2,53.0,45.0,0.0
2017-09-05,0.4,15.2,23.5,75.0,1019.7,4.2,54.0,44.0,1.0
2017-09-06,4.3,17.3,24.1,79.0,1016.8,4.5,66.0,61.0,4.0
2017-09-07,11.1,16.8,22.2,82.0,1013.4,10.9,64.0,55.0,11.0
2017-09-08,0.0,14.7,23.0,73.0,1013.1,6.3,88.0,32.0,0.0
2017-09-09,7.7,15.9,22.8,80.0,1006.5,6.4,46.0,59.0,7.0
2017-09-10,87.7,16.6,17.9,89.0,1003.6,10.5,38.0,99.0,22.0
2017-09-11,7.5,16.3,21.7,82.0,1002.1,6.6,39.0,96.0,10.0
2017-09-12,17.7,12.2,19.3,81.0,1006.7,6.9,51.0,70.0,14.0
2017-09-13,0.4,11.6,21.6,74.0,1017.4,6.7,260.0,37.0,2.0
2017-09-14,6.3,15.2,19.9,86.0,1012.6,4.2,32.0,64.0,11.0
2017-09-15,2.6,13.5,18.8,76.0,1012.4,9.4,53.0,73.0,9.0
2017-09-16,2.7,13.8,19.8,82.0,1009.9,3.9,263.0,89.0,11.0
2017-09-17,0.8,12.5,20.5,73.0,1010.9,7.3,265.0,37.0,2.0
2017-09-18,5.6,11.3,19.0,77.0,1014.5,4.2,45.0,79.0,7.0
2017-09-19,15.8,11.4,13.7,88.0,1012.0,7.0,266.0,100.0,22.0
2017-09-20,0.0,9.6,20.8,69.0,1014.8,4.7,312.0,51.0,3.0
2017-09-21,0.1,11.2,20.6,63.0,1018.5,5.1,23.0,3.0,0.0
2017-09-22,0.0,10.8,20.2,71.0,1020.2,5.1,39.0,20.0,0.0
2017-09-23,2.1,12.6,20.6,79.0,1020.6,4.4,29.0,64.0,2.0
2017-09-24,14.9,12.7,17.4,88.0,1019.1,5.8,48.0,82.0,15.0
2017-09-25,0.0,11.4,19.3,71.0,1019.8,6.4,49.0,29.0,0.0
2017-09-26,0.0,11.7,20.4,69.0,1021.3,5.5,44.0,30.0,0.0
2017-09-27,0.0,12.8,21.8,69.0,1023.2,5.7,35.0,32.0,0.0
2017-09-28,0.0,14.9,21.7,67.0,1025.8,5.4,21.0,61.0,0.0
2017-09-29,0.0,13.4,20.6,65.0,1024.8,6.4,44.0,87.0,0.0
2017-09-30,0.0,14.2,18.8,63.0,1021.6,5.9,57.0,61.0,0.0
2017-10-01,0.9,13.1,15.8,71.0,1021.6,4.7,53.0,91.0,2.0
2017-10-02,0.0,11.4,19.1,68.0,1023.4,4.5,52.0,45.0,0.0
2017-10-03,0.6,12.1,16.9,82.0,1020.2,4.3,34.0,73.0,6.0
2017-10-04,0.0,11.8,20.5,77.0,1024.0,4.6,25.0,66.0,4.0
2017-10-05,0.0,11.7,19.7,82.0,1017.0,7.1,44.0,50.0,2.0
2017-10-06,2.3,9.8,18.5,81.0,1010.9,6.3,17.0,27.0,4.0
2017-10-07,0.0,7.4,18.9,65.0,1018.8,5.3,44.0,17.0,0.0
2017-10-08,0.0,10.6,18.3,70.0,1015.5,4.1,13.0,59.0,0.0
2017-10-09,0.0,11.2,19.3,75.0,1017.2,4.4,38.0,32.0,0.0
2017-10-10,0.0,12.2,19.3,75.0,1019.2,4.6,59.0,41.0,0.0
2017-10-11,0.0,11.5,19.5,82.0,1022.8,4.7,58.0,59.0,4.0
2017-10-12,0.0,11.9,19.4,79.0,1024.2,4.1,53.0,28.0,2.0
2017-10-13,0.0,11.9,20.4,80.0,1026.2,3.8,42.0,40.0,0.0
2017-10-14,0.0,14.1,21.7,77.0,1027.4,2.8,4.0,3.0,0.0
2017-10-15,0.0,15.4,22.4,72.0,1027.9,2.8,341.0,0.0,0.0
2017-10-16,0.0,15.8,22.1,67.0,1026.9,2.5,5.0,0.0,0.0
2017-10-17,0.0,14.8,20.8,66.0,1024.7,2.6,18.0,60.0,0.0
2017-10-18,0.0,12.2,17.7,79.0,1020.0,3.4,24.0,42.0,2.0
2017-10-19,0.0,12.3,16.7,83.0,1018.7,2.7,22.0,65.0,4.0
2017-10-20,0.0,10.3,15.3,88.0,1019.9,3.8,3.0,59.0,8.0
2017-10-21,0.0,11.2,15.5,88.0,1020.4,3.4,20.0,96.0,12.0
2017-10-22,11.4,10.2,16.5,87.0,1013.6,5.9,78.0,100.0,17.0
2017-10-23,0.0,8.4,19.0,63.0,1012.6,5.6,264.0,32.0,0.0
2017-10-24,0.0,7.2,20.0,54.0,1019.3,4.8,19.0,8.0,0.0
2017-10-25,0.0,10.8,17.5,59.0,1025.4,4.2,270.0,61.0,0.0
2017-10-26,0.0,10.4,17.8,73.0,1025.3,3.5,350.0,51.0,0.0
2017-10-27,0.0,9.3,16.0,79.0,1018.2,4.8,10.0,51.0,1.0
2017-10-28,0.0,5.7,15.8,60.0,1018.7,5.3,334.0,81.0,0.0
2017-10-29,0.0,6.8,13.9,77.0,1006.7,4.6,58.0,93.0,2.0
2017-10-30,0.0,7.1,16.5,61.0,1015.6,6.7,42.0,17.0,0.0
2017-10-31,0.0,8.3,13.8,54.0,1024.5,6.3,55.0,69.0,0.0
2017-11-01,0.0,6.9,14.4,73.0,1024.5,3.3,7.0,12.0,0.0
2017-11-02,0.0,7.0,13.0,83.0,1020.4,4.2,30.0,90.0,3.0
2017-11-03,0.0,7.2,15.4,81.0,1017.2,4.1,16.0,17.0,2.0
2017-11-04,0.0,9.4,14.1,81.0,1018.7,3.7,25.0,85.0,1.0
2017-11-05,34.8,10.4,14.3,87.0,1011.7,11.3,82.0,98.0,11.0
2017-11-06,10.4,10.0,14.5,67.0,1008.5,10.0,29.0,97.0,6.0
2017-11-07,7.1,9.9,13.0,67.0,1012.9,13.2,37.0,100.0,8.0
2017-11-08,0.1,5.7,14.3,75.0,1015.4,4.8,0.0,66.0,1.0
2017-11-09,1.3,8.1,12.6,81.0,1020.4,7.3,51.0,81.0,3.0
2017-11-10,0.0,5.9,13.6,77.0,1020.5,4.3,352.0,52.0,1.0
2017-11-11,0.0,5.5,11.5,82.0,1015.0,3.4,340.0,65.0,6.0
2017-11-12,5.7,6.1,10.3,87.0,1007.4,4.8,31.0,88.0,14.0
2017-11-13,18.2,1.9,8.4,92.0,1000.5,6.8,227.0,99.0,23.0
2017-11-14,0.0,3.6,11.6,69.0,1016.4,3.3,327.0,44.0,0.0
2017-11-15,0.0,2.7,10.9,61.0,1021.5,4.7,300.0,18.0,0.0
2017-11-16,0.0,4.5,13.1,60.0,1021.1,4.5,329.0,30.0,0.0
2017-11-17,0.0,4.6,12.3,71.0,1019.6,4.1,330.0,29.0,1.0
2017-11-18,0.0,5.5,12.4,74.0,1018.7,4.3,290.0,35.0,0.0
2017-11-19,0.8,3.7,10.4,70.0,1014.6,4.4,12.0,26.0,2.0
2017-11-20,0.0,0.7,10.7,61.0,1019.6,4.2,24.0,16.0,0.0
2017-11-21,0.0,3.2,9.8,68.0,1019.1,3.2,345.0,57.0,0.0
2017-11-22,0.0,4.3,10.3,77.0,1020.3,3.7,353.0,37.0,0.0
2017-11-23,0.0,4.8,10.9,84.0,1020.4,3.5,10.0,82.0,5.0
2017-11-24,0.0,5.7,11.7,77.0,1021.6,3.8,345.0,66.0,0.0
2017-11-25,12.3,7.9,9.7,82.0,1014.9,4.0,15.0,99.0,10.0
2017-11-26,2.4,0.9,10.2,81.0,1015.9,4.6,323.0,65.0,10.0
2017-11-27,0.0,-0.6,7.9,58.0,1024.5,3.7,18.0,4.0,0.0
2017-11-28,0.4,-0.3,5.2,62.0,1017.7,4.0,9.0,87.0,0.0
2017-11-29,2.5,2.6,6.9,85.0,1006.9,3.6,330.0,96.0,7.0
2017-11-30,0.2,1.3,6.9,85.0,1002.0,3.9,306.0,53.0,5.0
2017-12-01,0.3,-2.2,7.5,69.0,1010.8,7.2,16.0,63.0,0.0
2017-12-02,0.0,0.2,8.3,56.0,1016.8,8.4,27.0,88.0,0.0
2017-12-03,0.0,-1.6,5.8,63.0,1020.5,3.7,312.0,29.0,0.0
2017-12-04,0.0,-2.7,4.2,76.0,1026.7,3.7,309.0,25.0,0.0
2017-12-05,0.0,-1.8,6.9,67.0,1032.1,2.8,311.0,6.0,0.0
2017-12-06,0.0,1.8,5.7,63.0,1032.6,4.2,43.0,0.0,0.0
2017-12-07,0.0,-0.9,5.5,75.0,1029.7,6.1,31.0,24.0,0.0
2017-12-08,1.8,0.8,5.4,88.0,1016.1,4.8,17.0,89.0,9.0
2017-12-09,1.8,-2.9,7.0,74.0,1011.0,5.0,292.0,57.0,8.0
2017-12-10,4.3,-3.1,2.6,55.0,1012.1,4.2,13.0,78.0,7.0
2017-12-11,25.4,0.6,9.1,90.0,1000.8,7.2,5.0,100.0,22.0
2017-12-12,13.6,6.1,10.5,87.0,1006.3,6.2,327.0,95.0,12.0
2017-12-13,0.4,2.5,8.8,77.0,1015.9,5.9,54.0,76.0,1.0
2017-12-14,0.2,1.6,6.4,85.0,1008.2,3.7,23.0,69.0,5.0
2017-12-15,2.5,3.2,9.5,86.0,999.3,4.1,4.0,94.0,9.0
2017-12-16,5.9,0.7,8.2,81.0,1006.0,5.8,352.0,63.0,9.0
2017-12-17,0.0,-1.3,6.9,60.0,1018.3,3.3,336.0,10.0,0.0
2017-12-18,0.0,-2.2,5.8,54.0,1024.4,4.2,20.0,28.0,0.0
2017-12-19,0.0,-1.0,4.9,64.0,1031.4,3.3,4.0,35.0,0.0
2017-12-20,0.0,-1.6,5.5,71.0,1032.9,3.5,345.0,22.0,0.0
2017-12-21,0.0,-1.6,4.5,62.0,1034.1,3.6,306.0,22.0,0.0
2017-12-22,0.0,-0.3,8.5,61.0,1030.8,4.7,288.0,55.0,0.0
2017-12-23,0.0,3.5,7.9,64.0,1030.3,3.4,339.0,59.0,0.0
2017-12-24,0.0,2.2,6.3,68.0,1028.0,2.5,337.0,6.0,0.0
2017-12-25,0.0,0.0,6.6,73.0,1026.5,4.6,39.0,7.0,0.0
2017-12-26,1.0,0.8,6.7,87.0,1017.7,3.4,27.0,90.0,8.0
2017-12-27,32.1,4.9,7.2,90.0,998.5,11.4,30.0,100.0,21.0
2017-12-28,2.7,3.2,7.7,87.0,991.5,4.9,336.0,96.0,9.0
2017-12-29,0.2,-0.4,7.2,59.0,1009.5,4.3,321.0,58.0,0.0
2017-12-30,0.5,-1.8,5.8,71.0,1015.8,5.0,350.0,56.0,1.0
2017-12-31,0.0,-1.4,5.5,73.0,1020.3,4.5,22.0,29.0,0.0
2018-01-01,16.2,1.0,6.4,86.0,1012.7,4.8,320.0,88.0,15.0
2018-01-02,0.0,1.3,11.4,76.0,1011.3,4.9,351.0,56.0,2.0
2018-01-03,1.7,-0.9,6.0,58.0,1010.6,4.2,19.0,41.0,2.0
2018-01-04,0.0,-1.5,7.7,69.0,1007.9,4.0,11.0,70.0,0.0
2018-01-05,0.0,0.4,10.3,78.0,1008.7,4.5,330.0,50.0,0.0
2018-01-06,0.0,5.5,10.8,80.0,1012.8,3.3,4.0,85.0,0.0
2018-01-07,0.8,5.4,12.8,79.0,1019.8,6.7,34.0,94.0,1.0
2018-01-08,5.5,10.0,12.6,80.0,1024.1,13.9,24.0,98.0,10.0
2018-01-09,47.0,6.6,12.6,90.0,1020.4,12.8,36.0,93.0,20.0
2018-01-10,0.2,4.9,10.3,84.0,1015.8,4.7,6.0,50.0,5.0
2018-01-11,0.0,4.9,10.1,79.0,1013.6,3.5,18.0,67.0,0.0
2018-01-12,0.0,2.2,9.9,71.0,1019.8,5.2,328.0,16.0,0.0
2018-01-13,0.0,3.0,9.1,70.0,1022.6,4.2,344.0,62.0,0.0
2018-01-14,0.0,3.0,7.2,71.0,1022.5,6.1,53.0,75.0,0.0
2018-01-15,0.1,1.9,5.4,75.0,1023.3,4.0,48.0,77.0,0.0
2018-01-16,1.8,1.7,4.2,92.0,1010.4,2.8,104.0,98.0,20.0
2018-01-17,0.6,-0.1,10.3,71.0,1002.5,6.8,266.0,42.0,8.0
2018-01-18,0.0,-1.4,6.7,56.0,1013.1,6.6,31.0,7.0,0.0
2018-01-19,0.0,-1.3,8.6,70.0,1009.5,5.6,21.0,14.0,0.0
2018-01-20,0.1,0.3,7.3,73.0,1012.2,4.4,12.0,66.0,0.0
2018-01-21,4.6,0.5,9.7,84.0,1006.8,5.4,293.0,46.0,7.0
2018-01-22,0.7,0.7,7.0,64.0,1016.2,5.9,352.0,55.0,1.0
2018-01-23,0.0,-0.5,8.9,78.0,1022.5,4.7,328.0,8.0,0.0
2018-01-24,0.0,2.7,9.6,64.0,1030.7,3.1,353.0,21.0,0.0
2018-01-25,0.0,-0.7,6.8,82.0,1027.2,4.7,57.0,61.0,7.0
2018-01-26,0.1,4.3,8.7,85.0,1023.4,2.9,18.0,88.0,4.0
2018-01-27,0.0,4.2,10.0,82.0,1029.4,3.1,29.0,56.0,0.0
2018-01-28,0.0,4.0,10.2,84.0,1034.5,3.0,310.0,49.0,5.0
2018-01-29,0.1,3.5,7.2,91.0,1032.2,3.4,203.0,40.0,12.0
2018-01-30,0.1,3.8,6.4,97.0,1028.8,4.0,76.0,98.0,21.0
2018-01-31,0.1,2.1,6.6,89.0,1023.1,4.3,335.0,87.0,9.0
2018-02-01,13.4,4.7,7.1,92.0,1008.0,5.1,26.0,100.0,24.0
2018-02-02,9.1,3.4,6.8,89.0,1004.8,4.9,47.0,99.0,19.0
2018-02-03,2.9,0.5,4.4,85.0,1003.0,6.8,330.0,83.0,6.0
2018-02-04,0.5,-0.5,7.7,79.0,1014.0,3.7,358.0,57.0,3.0
2018-02-05,0.0,-0.1,7.9,68.0,1022.0,5.7,34.0,85.0,0.0
2018-02-06,1.4,-0.1,8.4,71.0,1016.2,7.1,55.0,99.0,3.0
2018-02-07,13.1,3.1,7.5,87.0,1007.8,5.0,319.0,97.0,15.0
2018-02-08,2.3,3.1,9.6,84.0,1013.0,4.6,71.0,87.0,8.0
2018-02-09,0.9,3.2,8.8,84.0,1016.0,4.1,32.0,79.0,6.0
2018-02-10,0.0,1.2,8.9,79.0,1013.3,4.9,24.0,29.0,0.0
2018-02-11,0.0,2.1,6.2,72.0,1012.5,4.9,256.0,66.0,0.0
2018-02-12,3.9,1.7,5.5,85.0,1011.0,4.8,76.0,98.0,10.0
2018-02-13,0.0,1.2,7.3,64.0,1013.8,4.5,2.0,74.0,1.0
2018-02-14,0.0,-2.3,7.4,68.0,1015.3,4.7,332.0,23.0,0.0
2018-02-15,1.2,-1.6,5.9,69.0,1023.2,4.2,194.0,71.0,2.0
2018-02-16,0.0,-1.8,7.4,72.0,1025.0,3.6,14.0,9.0,0.0
2018-02-17,0.0,1.3,9.0,67.0,1022.5,4.9,323.0,85.0,0.0
2018-02-18,2.0,1.5,7.7,84.0,1020.2,7.4,61.0,87.0,9.0
2018-02-19,0.0,0.2,7.0,65.0,1019.2,8.1,63.0,71.0,0.0
2018-02-20,0.0,-1.4,6.8,68.0,1011.6,4.7,341.0,85.0,0.0
2018-02-21,0.0,0.4,8.4,66.0,1009.7,3.9,325.0,94.0,0.0
2018-02-22,6.8,2.6,5.0,82.0,1008.8,7.2,54.0,100.0,10.0
2018-02-23,7.6,2.5,9.3,74.0,1009.8,8.4,63.0,98.0,10.0
2018-02-24,2.4,2.6,10.1,68.0,1011.9,8.7,70.0,72.0,3.0
2018-02-25,2.6,-4.0,1.8,45.0,1016.7,13.3,74.0,86.0,5.0
2018-02-26,0.0,-6.8,1.7,43.0,1013.0,9.5,88.0,40.0,0.0
2018-02-27,0.0,-4.8,0.1,53.0,1011.3,5.0,264.0,85.0,0.0
2018-02-28,2.0,-5.2,-0.8,65.0,1018.6,6.5,70.0,90.0,5.0
2018-03-01,3.4,-3.4,-1.0,74.0,1014.8,5.3,79.0,99.0,4.0
2018-03-02,3.7,-1.7,3.6,89.0,999.4,3.9,251.0,96.0,11.0
2018-03-03,2.8,-0.5,5.4,94.0,999.8,6.4,64.0,98.0,21.0
2018-03-04,0.0,-0.2,10.3,82.0,1004.0,5.6,70.0,64.0,5.0
2018-03-05,5.3,3.9,9.6,85.0,1000.2,4.3,52.0,100.0,9.0
2018-03-06,7.2,4.3,6.9,90.0,994.1,4.4,200.0,100.0,15.0
2018-03-07,3.5,3.9,8.1,89.0,999.7,6.7,52.0,94.0,18.0
2018-03-08,0.4,0.6,12.6,76.0,1008.6,4.7,48.0,22.0,5.0
2018-03-09,0.0,3.4,13.3,80.0,1015.1,5.1,93.0,63.0,5.0
2018-03-10,0.8,6.1,11.2,89.0,1014.7,4.1,53.0,96.0,15.0
2018-03-11,33.6,8.0,10.5,91.0,1008.2,8.1,43.0,100.0,24.0
2018-03-12,3.8,5.5,14.2,86.0,1001.6,5.9,248.0,72.0,13.0
2018-03-13,1.6,7.5,13.5,81.0,1006.3,4.0,61.0,80.0,10.0
2018-03-14,1.6,6.8,14.4,82.0,1010.7,4.8,78.0,52.0,10.0
2018-03-15,13.0,6.3,10.6,87.0,1007.8,6.4,38.0,95.0,18.0
2018-03-16,9.9,7.5,15.1,77.0,1001.9,8.1,18.0,78.0,5.0
2018-03-17,8.8,7.1,10.8,83.0,997.7,8.6,63.0,98.0,13.0
2018-03-18,9.5,3.8,10.0,78.0,997.9,17.3,54.0,100.0,11.0
2018-03-19,18.5,1.9,5.2,88.0,1001.8,8.8,68.0,99.0,17.0
2018-03-20,0.0,1.5,8.8,66.0,1007.7,7.9,81.0,83.0,0.0
2018-03-21,0.0,0.1,9.6,54.0,1017.5,6.0,117.0,51.0,0.0
2018-03-22,0.0,-2.5,8.9,56.0,1016.2,5.6,37.0,1.0,0.0
2018-03-23,0.0,1.0,11.0,62.0,1005.2,7.5,243.0,31.0,0.0
2018-03-24,0.0,3.1,10.7,69.0,1004.8,5.6,30.0,77.0,0.0
2018-03-25,0.0,3.5,11.2,67.0,1008.5,7.7,65.0,61.0,0.0
2018-03-26,0.1,2.7,13.3,67.0,1010.3,4.8,3.0,29.0,0.0
2018-03-27,4.2,4.2,12.8,77.0,1013.6,5.6,28.0,57.0,9.0
2018-03-28,0.0,4.8,15.1,74.0,1011.0,6.4,74.0,75.0,0.0
2018-03-29,4.0,7.4,11.7,85.0,1007.6,6.5,48.0,87.0,9.0
2018-03-30,13.4,7.9,14.5,85.0,1007.7,10.0,48.0,73.0,19.0
2018-03-31,18.9,7.0,12.2,85.0,998.9,7.8,39.0,91.0,15.0
2018-04-01,0.9,5.9,17.1,62.0,1003.6,8.9,260.0,65.0,2.0
2018-04-02,0.0,4.2,16.1,55.0,1014.7,5.2,94.0,29.0,0.0
2018-04-03,1.6,7.1,14.9,76.0,1017.5,4.7,90.0,69.0,2.0
2018-04-04,11.8,9.2,12.5,85.0,1016.5,5.3,69.0,100.0,15.0
2018-04-05,1.8,7.2,16.1,81.0,1013.4,5.3,19.0,51.0,8.0
2018-04-06,1.0,8.5,18.0,77.0,1019.6,5.3,77.0,51.0,1.0
2018-04-07,0.0,8.9,17.6,69.0,1019.5,5.6,88.0,27.0,1.0
2018-04-08,0.0,8.7,17.6,69.0,1016.4,5.8,80.0,20.0,0.0
2018-04-09,8.0,8.9,19.9,71.0,1010.2,10.1,48.0,90.0,4.0
2018-04-10,4.7,9.9,17.0,80.0,1009.7,6.6,234.0,87.0,12.0
2018-04-11,10.8,8.0,16.5,79.0,1009.7,8.1,49.0,74.0,11.0
2018-04-12,31.2,11.5,14.5,83.0,1007.7,13.4,54.0,100.0,17.0
2018-04-13,8.3,9.0,16.9,76.0,1013.1,5.9,249.0,50.0,9.0
2018-04-14,0.0,8.0,19.5,66.0,1019.9,4.8,26.0,50.0,0.0
2018-04-15,1.6,12.2,23.1,58.0,1012.2,10.6,19.0,92.0,3.0
2018-04-16,1.6,12.1,22.3,72.0,1010.7,5.0,35.0,52.0,2.0
2018-04-17,0.4,12.3,21.8,67.0,1020.7,3.8,305.0,27.0,1.0
2018-04-18,0.0,13.0,23.1,61.0,1027.7,4.8,259.0,21.0,0.0
2018-04-19,0.0,12.8,23.8,56.0,1027.7,4.1,317.0,1.0,0.0
2018-04-20,0.0,12.4,26.3,56.0,1023.4,4.2,255.0,0.0,0.0
2018-04-21,0.0,16.3,25.0,58.0,1020.0,5.7,92.0,1.0,0.0
2018-04-22,0.0,13.2,23.0,69.0,1018.0,5.8,81.0,3.0,0.0
2018-04-23,0.0,13.2,23.4,70.0,1016.7,5.6,79.0,22.0,0.0
2018-04-24,2.2,13.9,23.4,77.0,1016.7,4.4,27.0,51.0,5.0
2018-04-25,0.1,14.3,23.8,74.0,1014.8,5.9,76.0,13.0,0.0
2018-04-26,4.5,13.7,22.6,78.0,1012.2,8.0,68.0,36.0,8.0
2018-04-27,2.5,13.7,21.2,66.0,1015.0,10.3,65.0,61.0,3.0
2018-04-28,0.0,12.8,23.5,67.0,1013.2,4.4,68.0,34.0,0.0
2018-04-29,3.2,14.4,24.1,70.0,1011.2,5.8,35.0,57.0,1.0
2018-04-30,3.8,12.8,20.7,67.0,1009.4,11.3,240.0,37.0,8.0
2018-05-01,0.0,10.6,18.4,60.0,1012.3,4.2,64.0,86.0,0.0
2018-05-02,7.2,12.5,22.3,72.0,1009.2,7.6,17.0,97.0,6.0
2018-05-03,4.7,16.0,25.3,63.0,1005.3,10.4,19.0,91.0,4.0
2018-05-04,15.1,14.1,23.2,79.0,1010.8,7.4,32.0,79.0,12.0
2018-05-05,2.1,13.3,23.7,73.0,1015.6,5.9,3.0,70.0,3.0
2018-05-06,1.2,14.7,25.2,67.0,1016.0,5.3,8.0,42.0,1.0
2018-05-07,0.8,15.1,24.1,67.0,1015.1,5.4,2.0,88.0,1.0
2018-05-08,1.1,16.1,23.2,63.0,1009.3,7.3,13.0,53.0,1.0
2018-05-09,0.5,13.0,22.4,70.0,1007.1,6.0,34.0,71.0,1.0
2018-05-10,3.3,14.5,22.5,69.0,1009.5,5.8,290.0,61.0,6.0
2018-05-11,1.4,14.1,23.7,69.0,1015.0,5.6,30.0,41.0,2.0
2018-05-12,1.0,14.5,24.3,69.0,1014.5,4.6,232.0,21.0,2.0
2018-05-13,18.3,15.0,21.9,79.0,1010.6,5.7,48.0,48.0,13.0
2018-05-14,17.9,13.4,19.2,77.0,1009.2,5.6,70.0,86.0,9.0
2018-05-15,6.9,10.7,14.7,83.0,1009.9,3.6,120.0,97.0,14.0
2018-05-16,0.8,8.8,18.7,77.0,1012.9,4.7,106.0,66.0,6.0
2018-05-17,4.0,11.4,19.4,80.0,1014.9,4.4,43.0,95.0,6.0
2018-05-18,0.2,12.2,21.6,76.0,1016.4,4.6,356.0,47.0,2.0
2018-05-19,0.6,13.2,22.4,67.0,1016.5,5.3,61.0,49.0,1.0
2018-05-20,2.2,13.6,22.6,63.0,1016.8,10.4,51.0,30.0,2.0
2018-05-21,0.5,16.6,23.9,57.0,1014.7,11.2,35.0,51.0,1.0
2018-05-22,17.1,15.6,19.3,78.0,1013.7,8.6,35.0,96.0,13.0
2018-05-23,0.0,13.9,22.4,78.0,1016.0,4.1,32.0,92.0,4.0
2018-05-24,0.1,16.4,24.9,70.0,1016.4,4.4,13.0,55.0,0.0
2018-05-25,0.0,16.0,26.1,69.0,1015.7,4.3,347.0,32.0,0.0
2018-05-26,0.2,17.0,25.8,69.0,1019.0,4.0,49.0,66.0,0.0
2018-05-27,0.7,17.8,26.6,72.0,1018.5,5.2,7.0,77.0,1.0
2018-05-28,2.8,16.7,25.7,74.0,1017.9,4.2,344.0,82.0,2.0
2018-05-29,4.4,18.2,24.4,79.0,1016.4,4.2,31.0,82.0,6.0
2018-05-30,0.3,17.2,26.1,76.0,1015.1,4.3,275.0,67.0,1.0
2018-05-31,0.9,18.3,27.4,71.0,1015.0,5.1,244.0,57.0,2.0
2018-06-01,1.7,17.2,25.9,77.0,1015.8,6.1,126.0,25.0,1.0
2018-06-02,1.5,18.0,25.5,75.0,1016.5,4.5,46.0,42.0,1.0
2018-06-03,0.4,18.0,26.5,72.0,1015.9,3.9,197.0,54.0,1.0
2018-06-04,2.1,17.9,24.7,77.0,1011.1,3.7,300.0,92.0,2.0
2018-06-05,0.3,17.6,26.8,74.0,1008.7,4.3,72.0,36.0,0.0
2018-06-06,4.4,17.8,26.2,77.0,1012.1,4.5,237.0,60.0,4.0
2018-06-07,12.5,18.0,23.7,86.0,1015.5,5.6,61.0,92.0,15.0
2018-06-08,6.1,18.3,24.9,76.0,1012.2,5.6,9.0,75.0,4.0
2018-06-09,0.0,17.4,27.7,70.0,1010.3,5.2,202.0,43.0,1.0
2018-06-10,0.0,19.0,28.0,72.0,1010.5,4.2,73.0,25.0,0.0
2018-06-11,1.7,19.9,28.4,74.0,1010.2,4.5,289.0,56.0,1.0
2018-06-12,9.2,18.1,25.2,82.0,1007.3,4.9,66.0,65.0,7.0
2018-06-13,11.3,17.2,23.5,82.0,1004.6,3.2,79.0,87.0,11.0
2018-06-14,1.8,18.8,24.8,72.0,1008.8,4.6,335.0,74.0,2.0
2018-06-15,0.2,16.5,25.2,64.0,1012.1,4.9,243.0,27.0,0.0
2018-06-16,0.0,17.6,26.2,62.0,1012.8,4.7,265.0,31.0,0.0
2018-06-17,0.0,18.0,27.7,61.0,1013.4,4.2,328.0,37.0,0.0
2018-06-18,0.0,19.5,27.7,61.0,1015.8,5.2,320.0,37.0,0.0
2018-06-19,0.0,20.0,27.9,56.0,1019.3,4.7,317.0,17.0,0.0
2018-06-20,0.0,20.1,28.3,58.0,1020.0,4.7,343.0,27.0,0.0
2018-06-21,0.3,20.8,29.7,62.0,1014.7,5.7,242.0,35.0,1.0
2018-06-22,13.1,17.5,23.2,77.0,1014.0,10.3,60.0,72.0,11.0
2018-06-23,0.6,15.2,21.9,65.0,1020.2,6.1,74.0,43.0,0.0
2018-06-24,1.8,14.2,22.9,70.0,1018.3,4.7,52.0,65.0,3.0
2018-06-25,18.2,14.9,21.6,76.0,1017.6,6.6,43.0,53.0,9.0
2018-06-26,0.0,13.9,23.7,65.0,1018.6,4.5,307.0,25.0,0.0
2018-06-27,1.1,15.4,23.7,67.0,1015.9,6.5,17.0,26.0,2.0
2018-06-28,0.0,15.0,25.1,60.0,1011.7,4.8,268.0,70.0,0.0
2018-06-29,0.0,17.5,28.8,59.0,1009.3,4.6,275.0,73.0,0.0
2018-06-30,0.0,20.4,30.0,67.0,1009.4,5.2,72.0,27.0,0.0
2018-07-01,1.2,19.2,25.7,64.0,1012.7,11.4,71.0,47.0,1.0
2018-07-02,0.0,19.0,27.2,63.0,1013.8,6.3,81.0,61.0,0.0
2018-07-03,7.4,20.5,27.4,77.0,1014.3,4.3,14.0,71.0,5.0
2018-07-04,0.4,19.0,27.8,75.0,1014.9,3.3,344.0,59.0,2.0
2018-07-05,0.3,20.6,27.7,72.0,1013.1,5.7,30.0,69.0,0.0
2018-07-06,0.0,18.4,26.7,70.0,1012.8,4.0,308.0,48.0,0.0
2018-07-07,0.0,18.9,27.4,65.0,1016.1,3.4,16.0,47.0,0.0
2018-07-08,6.2,18.8,26.9,66.0,1017.2,6.5,352.0,41.0,3.0
2018-07-09,1.6,17.4,28.1,69.0,1016.3,5.4,327.0,39.0,5.0
2018-07-10,1.5,18.4,27.5,68.0,1013.4,5.7,41.0,64.0,2.0
2018-07-11,20.3,18.2,23.1,82.0,1012.1,7.5,81.0,72.0,16.0
2018-07-12,1.4,18.4,26.0,75.0,1014.8,6.1,71.0,67.0,4.0
2018-07-13,3.3,18.4,26.8,76.0,1016.8,3.8,306.0,55.0,4.0
2018-07-14,3.1,18.4,28.3,71.0,1016.6,5.1,331.0,47.0,6.0
2018-07-15,2.2,20.7,27.5,70.0,1014.2,4.4,40.0,52.0,2.0
2018-07-16,16.0,19.1,26.5,77.0,1011.9,5.1,286.0,74.0,8.0
2018-07-17,4.6,17.7,27.5,76.0,1011.1,4.7,280.0,35.0,6.0
2018-07-18,0.0,19.6,30.5,58.0,1012.9,4.7,307.0,7.0,0.0
2018-07-19,0.0,21.3,29.9,59.0,1012.6,4.7,41.0,27.0,0.0
2018-07-20,2.2,20.7,28.9,70.0,1012.5,4.8,7.0,57.0,2.0
2018-07-21,10.7,19.5,26.5,75.0,1011.0,5.3,352.0,93.0,6.0
2018-07-22,2.5,18.7,27.1,75.0,1009.7,2.9,270.0,58.0,4.0
2018-07-23,0.1,18.7,29.2,68.0,1011.1,6.6,274.0,35.0,0.0
2018-07-24,0.0,20.0,29.6,60.0,1012.6,5.4,275.0,19.0,0.0
2018-07-25,0.0,21.0,29.4,64.0,1011.8,4.4,290.0,22.0,0.0
2018-07-26,0.0,22.5,29.0,58.0,1012.2,5.9,44.0,27.0,0.0
2018-07-27,0.0,19.8,30.3,59.0,1012.0,4.4,286.0,26.0,0.0
2018-07-28,0.1,21.3,30.8,63.0,1010.3,5.1,66.0,50.0,0.0
2018-07-29,3.5,22.9,31.0,64.0,1012.7,5.7,37.0,51.0,3.0
2018-07-30,0.0,23.4,33.1,58.0,1013.6,3.0,36.0,45.0,0.0
2018-07-31,0.0,24.3,33.4,60.0,1014.0,4.3,339.0,32.0,0.0
2018-08-01,3.5,22.7,33.5,63.0,1014.6,6.1,290.0,41.0,1.0
2018-08-02,1.7,24.4,32.5,56.0,1015.9,4.7,33.0,49.0,2.0
2018-08-03,0.0,23.2,32.4,58.0,1016.5,4.0,180.0,30.0,0.0
2018-08-04,0.0,24.3,32.6,56.0,1015.3,3.7,15.0,43.0,0.0
2018-08-05,0.0,23.7,33.1,59.0,1014.9,4.1,37.0,50.0,0.0
2018-08-06,0.0,24.6,33.7,58.0,1015.3,5.0,39.0,64.0,0.0
2018-08-07,0.0,23.7,32.7,60.0,1014.2,4.7,237.0,70.0,0.0
2018-08-08,0.0,23.0,31.1,66.0,1014.3,5.0,128.0,56.0,0.0
2018-08-09,1.9,22.4,31.1,67.0,1015.5,4.7,247.0,24.0,2.0
2018-08-10,0.3,22.0,29.9,65.0,1017.8,5.1,349.0,27.0,0.0
2018-08-11,0.5,21.9,30.5,57.0,1017.8,6.1,51.0,43.0,1.0
2018-08-12,0.1,22.7,30.4,52.0,1017.0,9.1,49.0,17.0,0.0
2018-08-13,7.5,21.0,30.1,65.0,1012.3,5.0,241.0,43.0,5.0
2018-08-14,4.9,19.6,25.4,79.0,1011.7,3.4,83.0,92.0,11.0
2018-08-15,0.0,19.7,28.8,57.0,1015.5,4.1,344.0,50.0,0.0
2018-08-16,0.0,20.7,29.3,48.0,1016.2,6.6,29.0,21.0,0.0
2018-08-17,0.0,19.8,30.2,51.0,1014.3,4.7,312.0,14.0,0.0
2018-08-18,0.0,21.2,31.8,53.0,1016.2,5.2,54.0,25.0,0.0
2018-08-19,0.0,21.6,32.6,46.0,1017.3,8.9,42.0,23.0,0.0
2018-08-20,0.0,22.0,33.5,43.0,1015.4,6.7,45.0,12.0,0.0
2018-08-21,0.0,21.9,33.4,46.0,1015.6,6.5,19.0,12.0,0.0
2018-08-22,0.0,22.6,32.9,46.0,1015.8,8.0,39.0,22.0,0.0
2018-08-23,0.2,22.2,32.8,48.0,1013.3,4.2,23.0,63.0,0.0
2018-08-24,4.6,21.3,30.3,62.0,1009.9,4.7,335.0,62.0,4.0
2018-08-25,21.0,18.9,24.7,77.0,1008.0,6.1,43.0,91.0,10.0
2018-08-26,25.6,15.1,21.0,77.0,1010.5,5.3,179.0,71.0,10.0
2018-08-27,0.0,13.5,23.8,66.0,1015.9,4.0,170.0,16.0,0.0
2018-08-28,0.0,17.0,27.5,59.0,1017.6,3.7,303.0,6.0,0.0
2018-08-29,0.0,17.8,27.8,60.0,1015.9,4.0,38.0,31.0,0.0
2018-08-30,1.1,19.4,26.7,67.0,1014.9,3.5,22.0,38.0,1.0
2018-08-31,12.5,18.5,24.0,73.0,1015.5,9.9,47.0,88.0,11.0
2018-09-01,10.7,17.3,22.9,82.0,1014.6,7.0,47.0,84.0,12.0
2018-09-02,21.1,16.0,23.2,75.0,1016.0,8.3,26.0,88.0,11.0
2018-09-03,0.3,15.9,22.9,77.0,1013.6,4.1,295.0,70.0,0.0
2018-09-04,0.0,15.1,25.1,74.0,1013.0,3.8,45.0,68.0,0.0
2018-09-05,0.0,17.8,26.0,72.0,1014.7,3.7,297.0,20.0,0.0
2018-09-06,5.2,18.1,25.8,79.0,1012.5,4.2,21.0,47.0,7.0
2018-09-07,6.6,17.7,22.9,85.0,1012.3,3.6,8.0,94.0,12.0
2018-09-08,0.0,17.1,26.4,70.0,1017.8,4.1,22.0,17.0,0.0
2018-09-09,0.0,17.5,27.0,69.0,1020.3,4.3,283.0,7.0,0.0
2018-09-10,0.1,18.8,27.3,76.0,1021.1,3.6,4.0,50.0,0.0
2018-09-11,0.0,19.5,27.6,73.0,1023.4,3.7,34.0,57.0,0.0
2018-09-12,0.3,19.7,28.1,75.0,1021.9,4.3,68.0,32.0,0.0
2018-09-13,0.0,21.0,27.6,74.0,1015.4,3.9,145.0,86.0,0.0
2018-09-14,0.0,19.0,26.6,72.0,1015.0,3.7,17.0,34.0,0.0
2018-09-15,0.4,17.6,25.6,71.0,1019.3,5.7,52.0,25.0,1.0
2018-09-16,0.0,18.7,26.9,69.0,1022.0,5.0,76.0,33.0,0.0
2018-09-17,0.1,19.4,26.8,69.0,1020.7,3.8,27.0,45.0,0.0
2018-09-18,0.0,18.8,26.3,71.0,1019.3,3.5,350.0,42.0,0.0
2018-09-19,0.0,18.6,27.2,72.0,1019.4,3.5,155.0,27.0,0.0
2018-09-20,0.0,18.7,28.4,60.0,1018.9,3.9,44.0,6.0,0.0
2018-09-21,0.0,19.3,28.1,63.0,1015.3,4.8,260.0,10.0,0.0
2018-09-22,6.3,16.6,25.3,78.0,1016.4,10.3,63.0,96.0,8.0
2018-09-23,0.2,16.4,23.7,81.0,1017.3,4.5,104.0,67.0,5.0
2018-09-24,1.4,15.3,24.6,63.0,1017.8,8.3,94.0,38.0,9.0
2018-09-25,0.0,9.8,19.4,40.0,1032.2,7.2,69.0,6.0,0.0
2018-09-26,0.0,7.7,16.6,49.0,1037.3,5.7,38.0,23.0,0.0
2018-09-27,0.0,10.4,22.8,57.0,1029.6,3.9,267.0,20.0,0.0
2018-09-28,0.0,13.5,26.2,47.0,1018.0,4.8,304.0,0.0,0.0
2018-09-29,0.0,17.1,24.3,44.0,1019.3,10.5,67.0,32.0,0.0
2018-09-30,0.0,11.2,19.6,47.0,1019.8,6.1,72.0,6.0,0.0
2018-10-01,4.3,11.0,18.0,69.0,1010.7,6.0,77.0,65.0,9.0
2018-10-02,0.0,10.4,19.4,60.0,1017.1,4.3,44.0,46.0,0.0
2018-10-03,0.0,9.6,20.7,61.0,1020.9,4.0,2.0,28.0,0.0
2018-10-04,0.0,13.6,22.2,51.0,1025.1,7.8,56.0,28.0,0.0
2018-10-05,0.0,11.5,23.1,52.0,1023.6,6.6,51.0,26.0,0.0
2018-10-06,9.3,14.8,18.5,75.0,1018.3,6.3,62.0,92.0,14.0
2018-10-07,5.1,14.8,20.4,83.0,1014.0,3.3,31.0,53.0,7.0
2018-10-08,0.2,14.8,22.9,77.0,1019.0,3.0,29.0,35.0,0.0
2018-10-09,0.0,15.2,23.3,68.0,1021.5,6.1,45.0,13.0,0.0
2018-10-10,0.0,15.7,23.6,61.0,1022.1,9.2,48.0,7.0,0.0
2018-10-11,0.0,14.3,23.1,58.0,1021.4,7.2,51.0,48.0,0.0
2018-10-12,0.0,15.0,23.6,64.0,1024.5,3.8,300.0,20.0,0.0
2018-10-13,0.0,14.5,23.6,64.0,1024.3,7.4,54.0,0.0,0.0
2018-10-14,0.0,13.1,22.6,58.0,1020.8,7.3,47.0,18.0,0.0
2018-10-15,1.1,13.2,19.9,70.0,1019.5,8.2,42.0,41.0,1.0
2018-10-16,0.0,13.9,21.7,67.0,1020.5,4.3,52.0,85.0,0.0
2018-10-17,0.6,14.6,20.1,71.0,1019.3,3.1,20.0,81.0,0.0
2018-10-18,0.5,14.1,23.2,71.0,1016.5,3.3,357.0,72.0,1.0
2018-10-19,0.0,14.6,23.2,63.0,1018.3,5.6,37.0,40.0,0.0
2018-10-20,0.0,14.0,21.6,65.0,1022.7,4.7,50.0,24.0,0.0
2018-10-21,5.7,11.2,18.2,74.0,1022.2,9.1,61.0,63.0,4.0
2018-10-22,0.0,6.7,18.4,63.0,1022.5,4.8,346.0,3.0,5.0
2018-10-23,0.0,8.3,18.9,60.0,1022.1,5.4,265.0,34.0,0.0
2018-10-24,0.0,8.5,20.0,66.0,1012.2,4.8,51.0,46.0,0.0
2018-10-25,0.0,11.3,18.3,74.0,1016.8,5.8,57.0,74.0,0.0
2018-10-26,4.2,13.3,15.7,89.0,1013.5,2.9,48.0,99.0,12.0
2018-10-27,13.3,12.6,16.1,90.0,1005.1,6.1,27.0,99.0,21.0
2018-10-28,59.1,14.2,16.7,91.0,1000.9,12.2,46.0,96.0,24.0
2018-10-29,57.0,13.7,18.1,88.0,999.9,16.4,62.0,83.0,19.0
2018-10-30,9.1,9.8,14.7,80.0,1006.7,5.0,3.0,65.0,10.0
2018-10-31,0.0,8.4,16.8,71.0,1021.0,6.6,36.0,64.0,0.0
2018-11-01,26.7,11.7,15.2,79.0,1018.9,11.5,28.0,91.0,12.0
2018-11-02,8.9,11.5,15.2,87.0,1019.3,4.5,3.0,99.0,15.0
2018-11-03,0.0,12.0,20.8,78.0,1021.4,5.1,15.0,76.0,0.0
2018-11-04,2.5,12.6,20.9,70.0,1017.5,8.1,45.0,74.0,3.0
2018-11-05,21.4,13.5,16.6,83.0,1016.0,11.8,43.0,93.0,18.0
2018-11-06,10.4,12.8,16.9,83.0,1016.4,10.7,39.0,80.0,11.0
2018-11-07,3.9,11.7,16.0,88.0,1016.8,5.6,43.0,67.0,14.0
2018-11-08,1.1,11.5,16.9,84.0,1020.5,4.0,327.0,45.0,6.0
2018-11-09,0.3,11.6,16.2,85.0,1019.2,3.3,357.0,89.0,2.0
2018-11-10,0.7,10.2,14.8,88.0,1017.2,3.2,34.0,75.0,9.0
2018-11-11,0.4,9.9,15.0,88.0,1019.9,3.6,20.0,67.0,12.0
2018-11-12,0.0,11.4,17.0,84.0,1025.2,3.1,245.0,58.0,6.0
2018-11-13,0.6,11.6,13.8,94.0,1027.1,2.9,50.0,93.0,22.0
2018-11-14,0.0,10.2,16.6,79.0,1028.3,3.9,23.0,23.0,4.0
2018-11-15,0.0,9.2,14.2,81.0,1026.4,4.9,39.0,39.0,0.0
2018-11-16,0.0,6.3,11.5,65.0,1027.8,9.8,42.0,41.0,0.0
2018-11-17,0.0,3.4,12.3,60.0,1026.5,8.3,33.0,3.0,0.0
2018-11-18,0.0,1.8,9.2,64.0,1022.1,4.9,358.0,12.0,0.0
2018-11-19,0.0,1.8,8.0,64.0,1012.1,10.3,47.0,73.0,0.0
2018-11-20,8.6,4.2,8.2,81.0,1007.6,6.7,19.0,93.0,12.0
2018-11-21,0.0,5.4,11.2,76.0,1013.3,3.6,42.0,76.0,1.0
2018-11-22,0.7,7.3,11.2,84.0,1019.4,2.3,330.0,88.0,6.0
2018-11-23,9.9,6.2,11.8,88.0,1022.5,4.5,33.0,97.0,16.0
2018-11-24,20.3,8.8,14.3,85.0,1015.1,6.8,18.0,73.0,18.0
2018-11-25,2.2,7.4,13.6,85.0,1008.4,3.6,315.0,92.0,10.0
2018-11-26,6.4,8.7,9.9,90.0,1000.6,4.7,40.0,100.0,17.0
2018-11-27,1.0,5.1,12.3,79.0,1008.1,4.3,325.0,65.0,6.0
2018-11-28,0.0,1.9,9.9,76.0,1020.5,4.2,49.0,19.0,0.0
2018-11-29,0.0,-0.3,7.2,79.0,1027.0,5.7,70.0,56.0,0.0
2018-11-30,0.0,-0.1,5.8,70.0,1022.1,3.9,30.0,86.0,0.0
2018-12-01,0.0,0.3,8.6,69.0,1020.0,4.0,296.0,46.0,0.0
2018-12-02,0.6,2.6,8.2,72.0,1018.6,3.7,304.0,92.0,4.0
2018-12-03,0.4,2.5,8.8,78.0,1014.8,3.8,354.0,66.0,1.0
2018-12-04,0.0,3.0,12.3,77.0,1015.2,4.7,309.0,16.0,0.0
2018-12-05,0.0,5.5,12.8,66.0,1025.3,7.2,61.0,60.0,0.0
2018-12-06,5.1,4.4,9.0,89.0,1024.0,4.2,22.0,76.0,15.0
2018-12-07,0.4,4.0,8.1,91.0,1021.1,3.7,72.0,81.0,10.0
2018-12-08,12.8,5.3,11.5,91.0,1012.5,5.5,29.0,56.0,17.0
2018-12-09,0.2,3.8,9.9,88.0,1008.8,4.4,3.0,31.0,12.0
2018-12-10,0.0,0.8,14.1,64.0,1013.3,5.6,326.0,42.0,0.0
2018-12-11,0.0,-0.8,11.2,57.0,1018.1,6.1,325.0,3.0,0.0
2018-12-12,0.0,-1.9,7.5,50.0,1019.7,3.2,335.0,0.0,0.0
2018-12-13,0.0,-1.0,5.5,56.0,1017.4,9.3,35.0,55.0,0.0
2018-12-14,0.0,-1.5,6.2,64.0,1017.1,5.2,23.0,19.0,0.0
2018-12-15,0.0,-2.5,5.8,65.0,1020.2,6.3,280.0,1.0,0.0
2018-12-16,0.0,-1.9,3.4,63.0,1020.0,3.9,15.0,85.0,0.0
2018-12-17,0.0,-0.6,7.2,73.0,1020.6,4.5,316.0,91.0,0.0
2018-12-18,0.0,-0.5,6.6,61.0,1028.4,4.8,2.0,3.0,0.0
2018-12-19,0.8,-0.4,4.9,64.0,1025.0,3.9,339.0,87.0,1.0
2018-12-20,3.4,-0.1,7.1,87.0,1022.6,4.4,306.0,46.0,13.0
2018-12-21,0.0,1.3,4.0,87.0,1025.7,3.0,259.0,78.0,8.0
2018-12-22,0.0,0.0,4.9,92.0,1021.7,3.7,1.0,68.0,15.0
2018-12-23,0.0,1.5,6.1,89.0,1023.4,4.0,266.0,73.0,14.0
2018-12-24,0.0,1.5,8.1,87.0,1018.8,4.7,291.0,50.0,13.0
2018-12-25,0.0,-0.4,7.7,58.0,1029.4,4.7,3.0,36.0,1.0
2018-12-26,0.0,0.1,5.3,71.0,1030.9,3.4,327.0,22.0,3.0
2018-12-27,0.0,-0.4,5.8,83.0,1028.1,2.5,267.0,27.0,8.0
2018-12-28,0.0,0.8,5.2,56.0,1025.1,2.8,346.0,63.0,0.0
2018-12-29,0.0,2.6,9.5,49.0,1026.7,3.2,27.0,16.0,0.0
2018-12-30,0.0,-0.6,7.5,61.0,1025.1,4.9,310.0,36.0,1.0
2018-12-31,0.0,0.8,10.6,55.0,1027.1,4.9,22.0,32.0,0.0
2019-01-01,0.0,1.8,7.0,75.0,1027.5,6.0,47.0,64.0,5.0
2019-01-02,0.0,-2.3,9.6,65.0,1020.2,5.2,328.0,28.0,3.0
2019-01-03,0.0,-4.2,6.9,47.0,1027.2,5.1,351.0,6.0,0.0
2019-01-04,0.0,-4.0,5.0,55.0,1029.4,5.4,331.0,36.0,0.0
2019-01-05,0.0,-2.9,3.6,56.0,1022.8,4.1,291.0,41.0,0.0
2019-01-06,0.0,-2.9,8.9,59.0,1020.1,3.5,348.0,20.0,0.0
2019-01-07,0.0,-0.9,7.0,78.0,1026.9,5.2,40.0,59.0,4.0
2019-01-08,0.0,-1.4,5.6,89.0,1018.4,3.2,324.0,79.0,15.0
2019-01-09,0.0,-1.8,5.1,76.0,1006.8,4.4,328.0,71.0,5.0
2019-01-10,0.0,-1.0,8.0,49.0,1011.5,5.5,331.0,67.0,0.0
2019-01-11,0.6,-1.4,5.5,65.0,1020.0,4.4,8.0,50.0,1.0
2019-01-12,0.0,-0.1,4.7,59.0,1018.9,2.5,315.0,72.0,0.0
2019-01-13,0.0,-1.2,7.1,71.0,1010.7,5.7,301.0,58.0,0.0
2019-01-14,0.0,-1.1,12.0,62.0,1003.3,7.4,319.0,16.0,0.0
2019-01-15,0.0,0.3,9.3,57.0,1016.8,7.0,2.0,23.0,0.0
2019-01-16,0.0,0.5,7.7,57.0,1018.9,4.7,14.0,26.0,0.0
2019-01-17,6.5,1.3,6.6,82.0,1014.5,4.3,21.0,94.0,7.0
2019-01-18,2.0,2.9,7.6,82.0,1013.2,7.0,52.0,71.0,6.0
2019-01-19,0.0,0.1,5.3,64.0,1017.5,6.6,49.0,94.0,0.0
2019-01-20,0.0,-1.6,5.1,71.0,1015.7,3.6,299.0,12.0,0.0
2019-01-21,0.0,-0.9,6.7,68.0,1017.4,5.3,40.0,74.0,0.0
2019-01-22,0.1,-0.8,6.5,64.0,1010.1,3.3,326.0,77.0,0.0
2019-01-23,4.0,-1.9,3.4,81.0,999.6,6.0,50.0,80.0,9.0
2019-01-24,0.5,-1.6,7.8,69.0,1000.3,4.4,1.0,35.0,1.0
2019-01-25,0.0,-1.7,5.6,62.0,1007.6,4.5,295.0,0.0,0.0
2019-01-26,0.0,-0.9,5.2,69.0,1011.4,3.1,326.0,64.0,0.0
2019-01-27,7.4,-1.7,4.3,74.0,1003.1,5.2,20.0,91.0,5.0
2019-01-28,0.6,-1.1,6.7,86.0,995.9,5.4,291.0,97.0,6.0
2019-01-29,0.0,-1.2,8.1,61.0,1005.3,4.2,7.0,29.0,0.0
2019-01-30,0.0,-1.1,5.0,73.0,1001.9,6.4,35.0,87.0,0.0
2019-01-31,1.4,0.3,6.3,77.0,1002.7,4.7,346.0,86.0,1.0
2019-02-01,26.3,2.0,8.1,85.0,1000.3,7.8,17.0,100.0,24.0
2019-02-02,27.5,6.2,10.6,88.0,996.8,8.0,38.0,99.0,21.0
2019-02-03,32.5,4.1,8.0,88.0,1003.2,6.3,347.0,100.0,20.0
2019-02-04,0.0,-0.2,10.6,61.0,1023.4,5.0,19.0,16.0,1.0
2019-02-05,0.0,-0.2,9.3,62.0,1025.4,4.1,297.0,4.0,0.0
2019-02-06,0.0,1.3,10.6,56.0,1025.2,4.2,346.0,14.0,0.0
2019-02-07,0.0,0.7,9.3,66.0,1020.5,3.8,301.0,51.0,0.0
2019-02-08,0.0,3.1,12.2,64.0,1019.8,4.9,19.0,67.0,0.0
2019-02-09,0.0,3.6,10.3,69.0,1020.0,4.5,31.0,63.0,0.0
2019-02-10,2.8,4.7,8.1,83.0,1016.2,3.2,23.0,99.0,7.0
2019-02-11,2.5,1.7,10.6,78.0,1009.2,5.7,303.0,66.0,7.0
2019-02-12,0.0,-1.4,12.7,54.0,1024.1,7.7,20.0,15.0,0.0
2019-02-13,0.0,0.6,10.5,56.0,1035.2,6.3,304.0,2.0,0.0
2019-02-14,0.0,1.5,10.8,68.0,1035.2,4.2,17.0,31.0,0.0
2019-02-15,0.0,5.0,13.3,59.0,1032.5,4.2,18.0,8.0,0.0
2019-02-16,0.0,3.3,12.3,63.0,1031.3,3.6,317.0,36.0,0.0
2019-02-17,0.0,7.0,14.1,50.0,1027.7,2.7,341.0,11.0,0.0
2019-02-18,0.0,5.3,12.1,56.0,1024.2,3.1,34.0,0.0,0.0
2019-02-19,0.0,3.4,8.9,81.0,1022.6,3.1,63.0,60.0,3.0
2019-02-20,0.0,4.8,10.3,85.0,1024.5,2.5,204.0,68.0,6.0
2019-02-21,0.0,4.4,13.3,78.0,1027.1,3.0,16.0,18.0,0.0
2019-02-22,0.0,5.9,14.6,63.0,1024.9,5.1,341.0,6.0,0.0
2019-02-23,0.0,-0.1,10.9,60.0,1034.6,7.6,229.0,19.0,0.0
2019-02-24,0.0,-3.1,5.9,65.0,1037.2,4.3,313.0,36.0,0.0
2019-02-25,0.0,2.2,14.7,65.0,1033.7,3.1,243.0,21.0,0.0
2019-02-26,0.0,6.2,15.3,60.0,1028.6,4.0,333.0,78.0,0.0
2019-02-27,0.0,7.2,20.1,49.0,1024.7,5.4,59.0,48.0,2.0
2019-02-28,0.0,5.7,14.2,74.0,1019.2,5.7,34.0,7.0,1.0
2019-03-01,0.8,4.4,12.3,80.0,1013.3,4.7,7.0,47.0,3.0
2019-03-02,0.0,2.7,15.0,72.0,1015.0,4.3,32.0,35.0,3.0
2019-03-03,0.0,6.5,15.2,65.0,1017.8,4.4,46.0,28.0,0.0
2019-03-04,2.7,4.5,11.4,84.0,1011.5,5.4,40.0,70.0,5.0
2019-03-05,0.3,3.5,14.1,80.0,1010.8,4.0,354.0,39.0,5.0
2019-03-06,0.0,4.9,14.4,74.0,1016.9,5.4,41.0,67.0,0.0
2019-03-07,7.0,7.3,13.2,82.0,1012.2,7.4,32.0,95.0,11.0
2019-03-08,1.6,5.8,16.5,77.0,1015.6,6.7,242.0,45.0,7.0
2019-03-09,0.0,6.1,16.7,73.0,1020.1,6.1,271.0,57.0,0.0
2019-03-10,0.0,4.7,12.6,84.0,1016.9,6.0,41.0,71.0,5.0
2019-03-11,2.1,4.8,14.8,72.0,1013.7,5.2,358.0,58.0,9.0
2019-03-12,0.0,-0.7,14.2,41.0,1021.6,8.7,238.0,15.0,0.0
2019-03-13,0.0,1.6,11.6,57.0,1014.5,5.9,62.0,51.0,0.0
2019-03-14,0.0,2.5,12.6,71.0,1012.5,4.9,36.0,41.0,0.0
2019-03-15,0.0,1.9,14.4,74.0,1010.2,4.9,89.0,8.0,0.0
2019-03-16,0.0,5.0,15.3,76.0,1013.9,5.0,65.0,52.0,0.0
2019-03-17,0.3,7.4,14.1,78.0,1014.0,5.3,329.0,75.0,1.0
2019-03-18,11.3,3.1,10.5,84.0,1014.1,6.2,68.0,88.0,11.0
2019-03-19,0.0,3.2,12.2,63.0,1022.8,5.9,81.0,52.0,0.0
2019-03-20,0.0,2.9,12.3,53.0,1030.3,6.1,53.0,0.0,0.0
2019-03-21,0.0,2.2,14.6,56.0,1032.4,4.9,354.0,12.0,0.0
2019-03-22,0.0,5.5,17.5,49.0,1029.9,4.3,301.0,22.0,0.0
2019-03-23,0.0,7.7,19.9,49.0,1025.6,3.8,323.0,6.0,0.0
2019-03-24,0.0,10.1,21.7,50.0,1020.9,6.3,255.0,8.0,0.0
2019-03-25,2.6,9.4,19.0,64.0,1012.4,6.7,73.0,30.0,2.0
2019-03-26,0.1,5.6,15.5,56.0,1020.8,8.4,77.0,38.0,0.0
2019-03-27,0.0,4.3,13.8,52.0,1026.7,5.6,94.0,37.0,0.0
2019-03-28,0.0,4.0,14.9,58.0,1029.8,5.7,49.0,3.0,0.0
2019-03-29,0.0,4.2,16.5,59.0,1030.2,5.5,35.0,4.0,0.0
2019-03-30,0.0,6.6,17.9,59.0,1024.8,3.8,58.0,15.0,0.0
2019-03-31,0.0,7.6,19.9,49.0,1018.0,3.6,11.0,12.0,0.0
2019-04-01,0.0,8.9,21.5,47.0,1016.0,8.6,56.0,13.0,0.0
2019-04-02,0.0,10.5,20.2,53.0,1014.3,7.1,63.0,95.0,0.0
2019-04-03,8.0,10.1,16.5,77.0,1009.5,12.1,59.0,82.0,10.0
2019-04-04,30.5,9.4,13.1,88.0,1001.8,16.8,58.0,98.0,22.0
2019-04-05,34.4,9.1,14.7,84.0,1000.4,9.4,79.0,93.0,14.0
2019-04-06,0.0,8.1,14.1,79.0,1007.0,5.3,76.0,83.0,5.0
2019-04-07,0.5,6.2,14.5,76.0,1006.3,3.9,353.0,76.0,0.0
2019-04-08,5.9,7.4,14.5,76.0,1007.0,4.0,354.0,98.0,8.0
2019-04-09,2.6,8.4,16.2,79.0,1007.1,4.4,342.0,94.0,5.0
2019-04-10,3.8,8.8,16.7,77.0,1006.3,5.5,42.0,71.0,7.0
2019-04-11,22.0,10.4,13.4,86.0,1009.6,5.6,50.0,100.0,21.0
2019-04-12,0.7,9.3,13.8,81.0,1013.8,4.7,70.0,95.0,5.0
2019-04-13,1.1,8.0,12.6,78.0,1015.2,4.4,346.0,94.0,3.0
2019-04-14,0.1,8.4,13.1,64.0,1014.1,13.9,60.0,84.0,0.0
2019-04-15,0.1,6.9,17.3,62.0,1018.9,5.7,42.0,37.0,0.0
2019-04-16,0.0,7.7,17.0,58.0,1019.8,5.8,54.0,28.0,0.0
2019-04-17,0.0,7.9,19.7,58.0,1020.3,4.0,353.0,37.0,0.0
2019-04-18,0.0,10.8,19.4,55.0,1025.2,8.3,62.0,32.0,0.0
2019-04-19,0.0,11.0,19.7,58.0,1029.0,6.5,58.0,22.0,0.0
2019-04-20,0.0,8.6,21.9,57.0,1026.6,5.1,79.0,11.0,0.0
2019-04-21,0.0,10.6,21.2,55.0,1021.3,6.4,72.0,56.0,0.0
2019-04-22,0.2,9.1,18.3,60.0,1015.1,11.0,64.0,74.0,0.0
2019-04-23,47.9,12.0,13.8,86.0,1007.9,16.7,47.0,100.0,24.0
2019-04-24,29.0,12.6,19.5,86.0,1013.3,9.6,52.0,94.0,19.0
2019-04-25,2.9,11.6,20.0,81.0,1018.2,6.2,70.0,63.0,12.0
2019-04-26,12.6,10.8,18.1,84.0,1014.8,8.8,70.0,76.0,15.0
2019-04-27,2.4,8.4,20.0,72.0,1014.6,5.3,45.0,44.0,4.0
2019-04-28,29.2,7.8,13.9,79.0,1014.2,9.0,35.0,86.0,16.0
2019-04-29,23.9,6.9,13.8,78.0,1014.1,11.3,316.0,97.0,12.0
2019-04-30,0.0,6.7,18.0,70.0,1012.7,3.7,194.0,71.0,0.0
2019-05-01,0.1,8.1,20.6,69.0,1013.0,5.3,42.0,11.0,1.0
2019-05-02,1.1,9.8,20.5,73.0,1011.5,6.0,82.0,38.0,0.0
2019-05-03,11.5,10.6,16.2,87.0,1008.9,5.0,55.0,93.0,14.0
2019-05-04,7.9,10.4,16.1,85.0,1005.0,7.3,74.0,82.0,12.0
2019-05-05,39.3,6.3,11.3,82.0,1003.1,10.7,12.0,100.0,24.0
2019-05-06,1.1,6.0,16.0,68.0,1011.9,6.4,253.0,73.0,5.0
2019-05-07,0.4,7.4,14.2,68.0,1018.8,7.6,68.0,66.0,0.0
2019-05-08,4.5,9.1,15.6,77.0,1015.1,5.0,52.0,96.0,7.0
2019-05-09,9.4,10.4,18.0,79.0,1006.1,6.8,59.0,74.0,9.0
2019-05-10,8.0,11.9,18.8,83.0,1010.9,6.1,80.0,83.0,9.0
2019-05-11,11.2,12.2,17.7,86.0,1013.2,8.1,67.0,81.0,14.0
2019-05-12,32.6,10.2,14.0,77.0,1013.5,7.6,324.0,99.0,19.0
2019-05-13,3.0,10.0,16.1,85.0,1018.7,5.0,244.0,95.0,14.0
2019-05-14,0.3,7.6,15.4,70.0,1019.5,6.1,194.0,54.0,2.0
2019-05-15,4.0,7.0,13.1,80.0,1015.4,5.2,269.0,85.0,8.0
2019-05-16,0.1,7.8,18.2,72.0,1012.7,6.4,229.0,54.0,0.0
2019-05-17,0.0,9.8,17.9,74.0,1010.5,7.3,81.0,70.0,1.0
2019-05-18,18.6,11.5,15.7,79.0,1007.6,10.9,40.0,98.0,14.0
2019-05-19,36.3,12.5,16.8,86.0,1005.3,11.6,57.0,98.0,23.0
2019-05-20,11.2,11.2,15.8,89.0,1004.7,3.8,232.0,96.0,16.0
2019-05-21,6.6,12.2,18.7,87.0,1008.8,5.2,99.0,100.0,16.0
2019-05-22,0.0,14.1,20.8,83.0,1013.7,3.2,64.0,95.0,12.0
2019-05-23,2.6,12.5,21.4,81.0,1015.5,4.5,243.0,45.0,7.0
2019-05-24,4.3,13.9,22.3,81.0,1013.7,4.1,312.0,59.0,8.0
2019-05-25,5.0,14.6,22.4,81.0,1014.0,4.7,31.0,96.0,12.0
2019-05-26,0.5,14.1,22.8,75.0,1014.4,7.0,76.0,96.0,1.0
2019-05-27,10.3,13.3,16.7,88.0,1010.9,6.8,63.0,95.0,14.0
2019-05-28,8.7,13.5,19.9,86.0,1004.8,4.6,230.0,94.0,15.0
2019-05-29,12.5,12.5,15.6,84.0,1011.2,4.6,320.0,100.0,19.0
2019-05-30,4.3,12.6,18.3,79.0,1021.7,3.8,248.0,94.0,8.0
2019-05-31,0.0,12.2,23.3,70.0,1023.5,6.3,256.0,35.0,5.0
2019-06-01,0.0,14.0,25.8,64.0,1020.4,5.6,260.0,9.0,0.0
2019-06-02,0.0,16.8,27.2,64.0,1017.7,5.4,270.0,20.0,0.0
2019-06-03,0.0,18.2,26.6,71.0,1015.7,3.6,53.0,32.0,0.0
2019-06-04,3.2,18.5,26.7,74.0,1012.7,4.2,62.0,38.0,2.0
2019-06-05,3.0,16.6,25.2,80.0,1010.3,5.4,89.0,42.0,10.0
2019-06-06,3.5,17.5,23.5,82.0,1012.0,8.8,59.0,47.0,10.0
2019-06-07,0.2,15.3,24.7,75.0,1016.6,5.1,106.0,20.0,4.0
2019-06-08,0.0,17.0,27.2,68.0,1019.2,4.8,96.0,17.0,1.0
2019-06-09,0.0,18.2,27.8,69.0,1020.4,5.7,69.0,58.0,0.0
2019-06-10,1.9,20.1,28.4,67.0,1013.2,9.6,28.0,81.0,1.0
2019-06-11,4.5,19.7,26.9,69.0,1009.0,9.9,38.0,48.0,3.0
2019-06-12,20.2,19.4,26.0,76.0,1009.8,10.8,21.0,54.0,9.0
2019-06-13,0.0,17.9,27.4,67.0,1013.6,6.4,236.0,12.0,1.0
2019-06-14,0.0,17.0,27.8,60.0,1017.1,5.0,55.0,33.0,0.0
2019-06-15,1.0,19.8,28.7,66.0,1013.2,4.5,61.0,52.0,1.0
2019-06-16,0.1,20.6,29.9,65.0,1012.6,4.3,69.0,11.0,0.0
2019-06-17,0.1,20.4,28.3,59.0,1015.6,7.8,55.0,36.0,0.0
2019-06-18,0.4,18.6,27.9,66.0,1014.9,4.0,323.0,43.0,1.0
2019-06-19,0.0,19.1,28.4,73.0,1012.5,5.2,354.0,47.0,1.0
2019-06-20,0.0,20.0,28.2,72.0,1011.7,4.9,81.0,32.0,0.0
2019-06-21,12.4,18.8,28.6,69.0,1014.1,6.5,31.0,51.0,5.0
2019-06-22,19.8,19.2,25.6,74.0,1014.7,8.2,6.0,86.0,11.0
2019-06-23,0.0,17.4,27.6,72.0,1014.2,3.9,277.0,26.0,0.0
2019-06-24,0.0,20.0,29.2,69.0,1018.3,4.6,97.0,11.0,0.0
2019-06-25,0.0,21.9,30.2,70.0,1021.2,4.4,120.0,17.0,0.0
2019-06-26,0.0,23.4,32.3,65.0,1022.1,3.8,47.0,15.0,0.0
2019-06-27,0.0,23.7,34.2,67.0,1017.6,4.9,53.0,12.0,0.0
2019-06-28,0.0,25.3,31.9,63.0,1015.4,8.3,71.0,21.0,0.0
2019-06-29,0.0,23.2,29.1,59.0,1018.9,7.1,75.0,19.0,0.0
2019-06-30,0.0,20.6,31.2,61.0,1018.9,4.7,128.0,15.0,0.0
2019-07-01,0.0,21.3,31.9,68.0,1016.9,6.1,103.0,27.0,0.0
2019-07-02,2.5,21.3,30.0,71.0,1014.5,5.1,65.0,39.0,1.0
2019-07-03,0.1,22.4,30.1,65.0,1015.1,5.7,55.0,57.0,0.0
2019-07-04,0.0,19.1,29.6,64.0,1017.1,5.4,64.0,36.0,1.0
2019-07-05,0.0,20.5,31.2,68.0,1014.9,5.7,145.0,21.0,0.0
2019-07-06,0.0,22.1,30.5,70.0,1011.6,5.8,110.0,28.0,0.0
2019-07-07,0.3,20.2,28.8,77.0,1008.7,7.2,55.0,46.0,4.0
2019-07-08,19.9,19.6,27.6,74.0,1011.2,4.7,46.0,43.0,8.0
2019-07-09,9.2,19.0,26.1,76.0,1012.1,8.0,74.0,91.0,8.0
2019-07-10,2.1,19.2,25.2,67.0,1012.5,9.1,82.0,52.0,5.0
2019-07-11,7.1,18.9,23.3,70.0,1014.2,7.3,45.0,88.0,6.0
2019-07-12,2.3,17.8,25.7,75.0,1012.1,4.1,159.0,42.0,4.0
2019-07-13,1.5,17.5,24.7,77.0,1010.6,5.0,44.0,32.0,4.0
2019-07-14,0.0,15.4,25.4,66.0,1011.9,4.9,58.0,14.0,0.0
2019-07-15,1.4,18.6,24.3,64.0,1011.4,9.1,36.0,93.0,2.0
2019-07-16,0.0,15.8,26.8,60.0,1013.3,5.1,260.0,11.0,0.0
2019-07-17,0.0,18.4,28.7,60.0,1012.1,6.7,1.0,63.0,0.0
2019-07-18,7.9,18.1,25.8,76.0,1012.0,4.5,329.0,70.0,6.0
2019-07-19,0.0,18.5,28.4,68.0,1015.1,4.1,241.0,53.0,0.0
2019-07-20,0.3,20.0,29.3,70.0,1017.1,5.4,98.0,39.0,0.0
2019-07-21,0.2,20.5,29.9,72.0,1018.7,4.7,78.0,56.0,0.0
2019-07-22,5.0,21.5,31.6,67.0,1020.8,4.9,29.0,81.0,1.0
2019-07-23,0.0,23.0,31.9,66.0,1018.7,4.6,353.0,38.0,0.0
2019-07-24,0.0,23.9,34.3,63.0,1016.0,5.4,134.0,13.0,0.0
2019-07-25,2.1,23.9,32.9,68.0,1015.5,4.5,46.0,42.0,1.0
2019-07-26,2.5,24.2,31.1,73.0,1010.4,4.8,52.0,69.0,2.0
2019-07-27,12.5,19.6,26.2,80.0,1004.5,6.0,50.0,71.0,10.0
2019-07-28,39.4,19.1,21.1,89.0,998.5,6.6,0.0,100.0,24.0
2019-07-29,0.0,19.7,27.9,81.0,1004.8,4.0,93.0,69.0,7.0
2019-07-30,13.3,21.2,29.0,83.0,1010.0,4.6,6.0,37.0,12.0
2019-07-31,0.8,21.2,29.2,76.0,1011.8,3.9,345.0,39.0,3.0
2019-08-01,0.2,20.1,28.7,72.0,1013.7,6.4,62.0,39.0,2.0
2019-08-02,15.5,20.3,24.1,84.0,1011.4,5.9,5.0,85.0,9.0
2019-08-03,0.3,17.6,27.2,73.0,1011.8,6.1,56.0,12.0,2.0
2019-08-04,9.7,17.7,25.7,75.0,1014.8,4.9,25.0,36.0,8.0
2019-08-05,0.1,20.2,27.2,76.0,1015.1,4.0,97.0,59.0,3.0
2019-08-06,0.0,20.9,27.4,80.0,1014.2,4.1,72.0,72.0,5.0
2019-08-07,4.2,19.3,27.0,81.0,1011.7,3.9,32.0,83.0,8.0
2019-08-08,1.1,19.9,28.3,77.0,1011.3,4.5,74.0,48.0,7.0
2019-08-09,0.0,20.6,30.0,77.0,1014.0,3.8,200.0,27.0,2.0
2019-08-10,0.3,22.6,30.5,78.0,1014.0,5.4,95.0,28.0,0.0
2019-08-11,0.5,22.7,29.5,78.0,1014.6,6.9,57.0,12.0,1.0
2019-08-12,22.3,22.3,31.0,76.0,1011.8,5.9,17.0,41.0,5.0
2019-08-13,6.5,20.4,28.6,75.0,1011.0,5.2,24.0,61.0,4.0
2019-08-14,0.1,18.6,25.2,68.0,1013.8,6.3,5.0,48.0,0.0
2019-08-15,0.0,18.0,24.9,64.0,1015.8,6.1,23.0,57.0,0.0
2019-08-16,2.9,16.2,26.2,71.0,1016.2,4.7,94.0,29.0,6.0
2019-08-17,0.0,17.8,27.6,69.0,1016.3,4.2,127.0,59.0,0.0
2019-08-18,0.0,19.0,28.4,77.0,1015.2,5.6,87.0,28.0,2.0
2019-08-19,0.2,20.4,28.2,78.0,1015.8,5.1,65.0,33.0,3.0
2019-08-20,0.0,21.5,30.1,71.0,1016.8,4.3,43.0,36.0,0.0
2019-08-21,3.8,20.1,31.1,68.0,1018.2,7.9,52.0,70.0,3.0
2019-08-22,0.3,19.7,26.9,74.0,1020.9,5.2,45.0,71.0,2.0
2019-08-23,4.4,20.8,27.4,77.0,1021.1,6.9,37.0,95.0,7.0
2019-08-24,5.2,20.0,28.1,76.0,1019.1,5.7,350.0,85.0,9.0
2019-08-25,0.0,18.9,28.6,69.0,1017.7,4.3,7.0,52.0,0.0
2019-08-26,0.0,21.2,28.7,68.0,1017.6,5.5,45.0,43.0,0.0
2019-08-27,0.0,20.2,29.1,69.0,1017.4,3.6,334.0,40.0,0.0
2019-08-28,0.0,22.2,29.1,66.0,1017.0,3.0,354.0,90.0,0.0
2019-08-29,1.3,20.9,29.5,70.0,1016.9,3.5,32.0,69.0,1.0
2019-08-30,0.0,21.5,30.2,63.0,1018.6,4.8,38.0,52.0,0.0
2019-08-31,1.4,21.8,29.2,66.0,1016.5,8.0,10.0,80.0,2.0
2019-09-01,0.4,20.4,29.7,62.0,1012.0,4.3,275.0,61.0,1.0
2019-09-02,1.6,20.2,27.1,75.0,1013.0,6.0,31.0,75.0,2.0
2019-09-03,0.3,18.1,25.9,67.0,1019.6,6.0,77.0,25.0,1.0
2019-09-04,0.0,16.5,24.8,63.0,1018.7,4.6,35.0,9.0,0.0
2019-09-05,0.0,16.5,27.1,64.0,1012.7,5.6,67.0,19.0,0.0
2019-09-06,14.1,16.8,22.9,66.0,1015.4,10.8,49.0,88.0,11.0
2019-09-07,3.5,15.7,23.0,77.0,1014.6,5.0,1.0,73.0,6.0
2019-09-08,21.8,14.7,18.6,82.0,1012.7,8.5,48.0,79.0,10.0
2019-09-09,0.9,12.4,21.4,76.0,1012.2,5.8,321.0,43.0,7.0
2019-09-10,1.7,14.2,22.0,75.0,1017.0,8.1,36.0,60.0,3.0
2019-09-11,0.0,14.3,23.9,65.0,1020.6,3.4,328.0,46.0,0.0
2019-09-12,0.0,15.5,26.4,67.0,1027.0,3.9,6.0,6.0,0.0
2019-09-13,0.0,16.8,25.8,69.0,1029.2,4.4,27.0,12.0,0.0
2019-09-14,0.0,18.0,26.0,72.0,1027.8,4.4,52.0,21.0,0.0
2019-09-15,0.0,18.1,26.8,74.0,1024.3,5.2,87.0,26.0,0.0
2019-09-16,0.0,18.8,26.8,78.0,1018.5,4.0,119.0,15.0,0.0
2019-09-17,0.1,18.1,26.3,82.0,1014.3,5.4,62.0,38.0,11.0
2019-09-18,28.4,16.1,21.9,87.0,1016.1,11.2,62.0,87.0,22.0
2019-09-19,0.4,15.4,22.1,59.0,1020.4,9.7,76.0,70.0,0.0
2019-09-20,0.0,13.0,18.3,56.0,1026.0,8.2,49.0,39.0,0.0
2019-09-21,0.0,10.1,20.5,64.0,1024.3,4.7,40.0,22.0,0.0
2019-09-22,1.1,12.9,18.5,71.0,1018.7,3.7,28.0,83.0,3.0
2019-09-23,4.2,12.8,17.2,86.0,1013.3,3.8,276.0,90.0,10.0
2019-09-24,0.0,14.3,23.0,71.0,1012.6,5.4,246.0,48.0,2.0
2019-09-25,26.4,13.9,20.7,80.0,1010.2,6.6,65.0,58.0,10.0
2019-09-26,0.1,12.8,22.7,77.0,1014.1,5.1,298.0,27.0,4.0
2019-09-27,0.2,15.6,21.0,79.0,1017.0,3.9,40.0,75.0,1.0
2019-09-28,3.5,16.8,22.2,87.0,1016.1,5.5,47.0,72.0,13.0
2019-09-29,0.4,16.1,22.8,82.0,1014.6,4.1,274.0,32.0,7.0
2019-09-30,0.0,13.9,22.9,81.0,1010.3,6.3,54.0,29.0,6.0
2019-10-01,2.2,16.6,22.7,82.0,1011.5,5.4,49.0,54.0,6.0
2019-10-02,15.1,14.8,20.5,91.0,1004.7,4.4,42.0,76.0,21.0
2019-10-03,7.5,11.4,17.8,71.0,1011.6,6.3,107.0,44.0,6.0
2019-10-04,0.1,10.5,14.8,71.0,1014.1,4.3,23.0,87.0,0.0
2019-10-05,0.0,10.0,18.1,77.0,1009.9,3.9,14.0,34.0,0.0
2019-10-06,2.1,12.3,16.2,76.0,1014.8,7.6,33.0,81.0,7.0
2019-10-07,3.5,12.0,18.5,71.0,1013.3,8.1,59.0,66.0,5.0
2019-10-08,0.0,10.5,16.9,66.0,1019.5,4.3,78.0,47.0,0.0
2019-10-09,5.5,11.7,17.3,80.0,1016.5,3.5,32.0,68.0,6.0
2019-10-10,0.0,12.9,19.2,83.0,1015.7,4.5,359.0,48.0,4.0
2019-10-11,0.0,11.6,19.9,75.0,1022.9,3.7,16.0,10.0,0.0
2019-10-12,0.0,12.7,19.0,76.0,1023.2,3.8,39.0,38.0,2.0
2019-10-13,0.0,11.7,18.4,86.0,1023.2,3.6,58.0,78.0,6.0
2019-10-14,0.1,14.0,19.3,86.0,1021.5,4.0,58.0,77.0,8.0
2019-10-15,10.3,15.8,18.7,91.0,1015.4,8.6,55.0,98.0,20.0
2019-10-16,5.2,13.8,20.1,84.0,1014.6,5.1,47.0,33.0,8.0
2019-10-17,0.6,13.4,19.5,81.0,1018.6,4.4,24.0,58.0,1.0
2019-10-18,0.0,13.5,18.7,82.0,1017.3,5.2,38.0,65.0,1.0
2019-10-19,6.5,14.0,18.1,86.0,1016.4,7.3,41.0,91.0,9.0
2019-10-20,0.3,14.4,21.0,83.0,1018.1,7.4,58.0,53.0,9.0
2019-10-21,4.9,15.6,21.1,85.0,1021.8,8.1,48.0,90.0,10.0
2019-10-22,0.0,15.1,21.8,78.0,1022.6,3.5,303.0,40.0,0.0
2019-10-23,0.0,14.5,22.4,71.0,1019.7,3.3,25.0,32.0,0.0
2019-10-24,0.7,13.6,18.9,84.0,1016.7,5.3,39.0,81.0,7.0
2019-10-25,0.0,14.2,21.7,71.0,1019.2,4.6,18.0,65.0,2.0
2019-10-26,0.0,13.3,21.5,64.0,1022.6,3.7,324.0,0.0,0.0
2019-10-27,0.0,13.8,19.3,73.0,1020.5,4.0,35.0,13.0,0.0
2019-10-28,0.3,12.8,18.7,82.0,1016.7,3.3,30.0,77.0,1.0
2019-10-29,5.8,12.6,15.7,89.0,1016.1,5.3,69.0,96.0,17.0
2019-10-30,0.1,10.4,14.0,68.0,1021.6,10.4,62.0,94.0,0.0
2019-10-31,0.0,8.4,12.7,67.0,1021.7,7.7,74.0,82.0,0.0
2019-11-01,0.0,6.6,13.1,69.0,1019.0,4.0,68.0,51.0,0.0
2019-11-02,4.0,9.4,11.5,88.0,1009.5,2.3,107.0,97.0,15.0
2019-11-03,37.2,11.2,14.4,90.0,996.4,5.7,31.0,99.0,24.0
2019-11-04,1.7,9.3,15.3,87.0,996.6,4.9,43.0,57.0,9.0
2019-11-05,11.4,10.7,15.9,88.0,997.8,5.2,4.0,71.0,17.0
2019-11-06,6.0,8.7,13.8,85.0,1002.4,5.4,48.0,73.0,10.0
2019-11-07,0.1,5.9,13.8,79.0,1007.3,4.6,5.0,52.0,1.0
2019-11-08,30.2,9.1,11.1,84.0,1004.5,10.4,28.0,100.0,19.0
2019-11-09,13.9,4.8,12.1,86.0,1008.0,5.7,5.0,68.0,12.0
2019-11-10,0.0,3.3,13.4,78.0,1010.3,4.4,342.0,18.0,2.0
2019-11-11,4.3,5.7,9.7,81.0,1013.9,5.0,7.0,98.0,10.0
2019-11-12,30.0,8.7,12.6,84.0,1001.9,8.0,4.0,100.0,16.0
2019-11-13,10.2,6.2,12.6,82.0,998.1,10.4,55.0,73.0,9.0
2019-11-14,0.0,2.1,12.9,67.0,1008.4,6.2,22.0,37.0,0.0
2019-11-15,48.5,9.1,12.1,85.0,1003.8,16.0,43.0,99.0,22.0
2019-11-16,7.9,7.9,12.6,85.0,1010.6,7.0,35.0,91.0,13.0
2019-11-17,45.0,8.3,14.0,86.0,1004.6,15.3,32.0,100.0,23.0
2019-11-18,5.6,4.0,12.1,77.0,1012.0,5.7,18.0,45.0,7.0
2019-11-19,21.9,8.1,11.3,83.0,1015.8,12.0,19.0,99.0,22.0
2019-11-20,2.2,8.3,14.2,83.0,1012.8,4.3,3.0,97.0,11.0
2019-11-21,0.5,7.1,11.2,91.0,1012.5,4.2,43.0,83.0,16.0
2019-11-22,2.3,6.8,12.2,83.0,1013.7,7.5,42.0,80.0,5.0
2019-11-23,10.8,9.3,12.1,85.0,1009.9,13.9,32.0,98.0,17.0
2019-11-24,34.9,11.5,13.6,84.0,1008.2,16.2,29.0,100.0,24.0
2019-11-25,0.3,9.9,16.5,77.0,1008.4,6.2,348.0,26.0,1.0
2019-11-26,0.0,8.5,13.5,80.0,1009.6,4.3,42.0,51.0,3.0
2019-11-27,15.9,8.8,10.8,82.0,1006.3,4.8,24.0,93.0,12.0
2019-11-28,0.0,6.9,11.9,85.0,1003.4,4.5,20.0,62.0,5.0
2019-11-29,0.3,6.3,10.7,87.0,1008.4,4.1,346.0,56.0,12.0
2019-11-30,0.0,3.6,11.7,73.0,1018.0,6.7,52.0,38.0,2.0
2019-12-01,2.5,5.3,9.3,75.0,1021.1,6.3,51.0,100.0,3.0
2019-12-02,9.1,7.7,11.2,87.0,1016.1,5.3,36.0,93.0,14.0
2019-12-03,0.0,2.0,7.9,66.0,1025.2,5.9,67.0,42.0,0.0
2019-12-04,0.0,0.1,8.2,71.0,1026.6,6.4,35.0,3.0,0.0
2019-12-05,0.0,-0.1,7.9,65.0,1026.2,4.7,22.0,4.0,0.0
2019-12-06,0.0,3.2,8.4,65.0,1024.4,2.8,333.0,26.0,0.0
2019-12-07,0.0,3.5,8.2,70.0,1019.5,3.9,14.0,40.0,0.0
2019-12-08,0.0,3.9,8.8,70.0,1019.7,4.4,323.0,33.0,0.0
2019-12-09,0.0,3.8,8.2,81.0,1009.7,4.1,343.0,70.0,3.0
2019-12-10,0.0,0.6,12.8,67.0,1016.5,5.7,2.0,3.0,0.0
2019-12-11,0.0,-0.6,7.1,51.0,1017.7,3.6,319.0,33.0,0.0
2019-12-12,1.7,-1.0,4.2,72.0,1006.1,5.1,316.0,97.0,7.0
2019-12-13,10.0,-0.2,3.5,89.0,992.7,6.4,344.0,83.0,15.0
2019-12-14,0.0,1.0,8.2,70.0,1000.8,5.5,11.0,19.0,0.0
2019-12-15,0.0,2.1,10.3,67.0,1014.3,4.4,337.0,58.0,0.0
2019-12-16,0.0,5.6,10.8,75.0,1020.5,3.2,7.0,81.0,0.0
2019-12-17,3.4,6.8,11.4,86.0,1020.3,5.6,18.0,98.0,9.0
2019-12-18,1.0,9.0,14.7,87.0,1022.7,5.6,28.0,89.0,8.0
2019-12-19,3.5,9.6,14.2,83.0,1020.8,9.7,34.0,95.0,6.0
2019-12-20,22.7,9.0,10.4,94.0,1010.3,6.7,40.0,98.0,23.0
2019-12-21,39.1,4.8,12.4,88.0,994.7,9.5,19.0,71.0,19.0
2019-12-22,16.5,5.4,10.2,85.0,989.6,9.1,26.0,74.0,11.0
2019-12-23,0.0,4.1,15.1,62.0,1001.7,9.1,297.0,52.0,0.0
2019-12-24,0.0,2.1,10.4,64.0,1014.2,5.0,348.0,37.0,0.0
2019-12-25,0.0,1.3,9.2,68.0,1015.0,5.0,321.0,4.0,0.0
2019-12-26,0.0,0.9,11.0,60.0,1022.0,5.6,6.0,32.0,0.0
2019-12-27,0.0,3.7,10.6,75.0,1023.1,3.6,359.0,55.0,0.0
2019-12-28,0.0,3.7,10.1,74.0,1031.4,4.6,42.0,63.0,0.0
2019-12-29,0.0,0.3,6.0,77.0,1035.3,4.2,43.0,47.0,0.0
2019-12-30,0.0,0.0,4.7,79.0,1036.7,3.9,278.0,17.0,2.0
2019-12-31,0.0,2.4,5.6,62.0,1030.8,2.7,303.0,26.0,0.0
2020-01-01,0.0,0.9,9.7,58.0,1031.7,3.8,19.0,1.0,0.0
2020-01-02,0.0,1.1,9.0,59.0,1032.2,3.9,329.0,8.0,0.0
2020-01-03,0.0,0.5,6.2,66.0,1027.8,3.7,17.0,63.0,0.0
2020-01-04,0.0,2.0,9.2,62.0,1023.6,3.0,319.0,18.0,0.0
2020-01-05,0.0,-0.5,11.4,67.0,1028.1,4.9,20.0,8.0,0.0
2020-01-06,0.0,0.3,5.7,77.0,1032.4,5.3,328.0,43.0,2.0
2020-01-07,0.0,0.4,5.7,71.0,1027.9,3.2,311.0,15.0,1.0
2020-01-08,0.0,1.8,8.4,47.0,1030.8,3.9,340.0,3.0,0.0
2020-01-09,0.0,4.0,8.6,54.0,1027.5,3.6,29.0,41.0,0.0
2020-01-10,0.0,-1.1,7.1,63.0,1025.0,4.7,32.0,14.0,0.0
2020-01-11,0.0,2.7,11.4,53.0,1028.4,4.3,343.0,1.0,0.0
2020-01-12,0.0,1.5,7.5,71.0,1029.5,4.5,12.0,5.0,0.0
2020-01-13,0.0,0.4,8.5,55.0,1026.6,4.4,8.0,55.0,0.0
2020-01-14,0.0,0.4,5.8,77.0,1026.0,3.0,357.0,51.0,2.0
2020-01-15,0.0,1.3,6.2,75.0,1028.9,3.2,348.0,58.0,0.0
2020-01-16,0.0,1.0,9.6,73.0,1030.6,4.5,324.0,26.0,0.0
2020-01-17,0.0,3.4,10.7,61.0,1025.6,3.6,9.0,21.0,0.0
2020-01-18,8.3,4.1,7.2,85.0,1023.2,4.9,354.0,96.0,13.0
2020-01-19,2.0,2.0,9.9,79.0,1028.2,4.1,358.0,72.0,4.0
2020-01-20,0.0,-1.2,8.8,60.0,1040.8,4.7,17.0,44.0,0.0
2020-01-21,0.0,-0.9,7.6,57.0,1042.3,4.5,302.0,22.0,0.0
2020-01-22,0.0,-0.3,6.0,49.0,1034.3,3.8,32.0,50.0,0.0
2020-01-23,0.0,1.1,9.7,54.0,1031.7,4.9,26.0,1.0,0.0
2020-01-24,0.1,0.7,7.6,54.0,1028.0,3.6,31.0,19.0,0.0
2020-01-25,0.3,3.8,8.4,63.0,1024.6,3.6,305.0,95.0,0.0
2020-01-26,1.1,4.3,9.0,86.0,1021.4,2.6,299.0,79.0,11.0
2020-01-27,0.2,3.5,9.4,87.0,1018.9,3.7,34.0,61.0,8.0
2020-01-28,3.4,3.3,8.2,90.0,1008.2,3.8,356.0,78.0,14.0
2020-01-29,0.0,1.4,9.8,81.0,1009.0,5.2,33.0,18.0,4.0
2020-01-30,0.0,2.3,11.1,64.0,1018.6,4.3,5.0,49.0,0.0
2020-01-31,0.0,3.2,8.7,81.0,1019.1,4.7,57.0,34.0,1.0
2020-02-01,0.0,3.8,9.8,82.0,1018.6,4.1,28.0,52.0,8.0
2020-02-02,0.0,4.0,9.0,85.0,1018.3,3.9,28.0,44.0,8.0
2020-02-03,0.0,3.2,8.9,88.0,1016.5,5.3,29.0,58.0,9.0
2020-02-04,0.9,3.0,13.9,72.0,1007.5,5.6,305.0,54.0,11.0
2020-02-05,0.0,-0.3,12.3,45.0,1018.4,10.0,325.0,5.0,0.0
2020-02-06,0.0,-1.3,10.2,49.0,1028.7,4.0,294.0,1.0,0.0
2020-02-07,0.0,2.5,9.3,52.0,1026.9,3.3,21.0,1.0,0.0
2020-02-08,0.0,1.0,9.4,51.0,1028.9,5.0,23.0,22.0,0.0
2020-02-09,0.0,3.1,8.3,61.0,1029.5,3.6,360.0,45.0,0.0
2020-02-10,1.5,4.0,8.3,88.0,1016.1,5.2,53.0,75.0,8.0
2020-02-11,0.2,1.4,11.4,82.0,1007.7,6.3,42.0,22.0,8.0
2020-02-12,1.2,2.7,12.3,62.0,1016.3,4.3,348.0,7.0,1.0
2020-02-13,0.1,3.7,11.7,56.0,1019.4,4.8,26.0,55.0,0.0
2020-02-14,3.7,3.1,14.7,78.0,1017.1,5.5,341.0,18.0,5.0
2020-02-15,0.0,5.7,13.2,61.0,1027.5,5.5,41.0,45.0,0.0
2020-02-16,0.0,5.5,11.7,74.0,1028.3,3.6,38.0,79.0,0.0
2020-02-17,1.1,5.4,9.7,90.0,1025.3,4.5,72.0,96.0,11.0
2020-02-18,1.2,6.7,14.0,83.0,1023.6,4.4,35.0,61.0,6.0
2020-02-19,1.1,3.3,11.6,75.0,1020.9,4.8,344.0,49.0,0.0
2020-02-20,0.0,2.5,11.7,53.0,1024.6,5.1,57.0,6.0,0.0
2020-02-21,0.0,2.3,12.4,68.0,1024.5,5.6,47.0,14.0,0.0
2020-02-22,0.0,2.8,13.0,55.0,1031.2,5.3,54.0,42.0,0.0
2020-02-23,0.0,2.2,10.9,74.0,1025.9,6.0,56.0,62.0,1.0
2020-02-24,0.0,5.8,14.1,83.0,1019.8,8.6,55.0,71.0,9.0
2020-02-25,0.9,6.0,11.7,83.0,1010.6,3.1,22.0,78.0,6.0
2020-02-26,4.3,5.8,14.9,82.0,998.7,7.3,354.0,79.0,12.0
2020-02-27,0.0,0.2,11.8,44.0,1007.4,6.8,268.0,43.0,0.0
2020-02-28,0.0,2.2,13.6,40.0,1012.9,7.8,319.0,6.0,0.0
2020-02-29,0.0,2.8,11.0,50.0,1016.4,5.5,20.0,92.0,0.0
2020-03-01,11.8,6.7,9.2,86.0,1006.9,5.3,354.0,96.0,21.0
2020-03-02,26.3,3.5,8.2,88.0,999.7,13.3,35.0,79.0,20.0
2020-03-03,22.0,5.4,9.7,85.0,997.5,7.9,26.0,85.0,17.0
2020-03-04,2.4,3.8,11.5,76.0,1010.7,5.4,310.0,50.0,4.0
2020-03-05,2.6,3.3,10.2,80.0,1010.5,4.3,20.0,91.0,13.0
2020-03-06,19.1,4.2,11.4,83.0,999.8,9.1,45.0,86.0,13.0
2020-03-07,1.3,4.6,12.9,74.0,1010.8,4.5,315.0,64.0,6.0
2020-03-08,0.0,2.2,12.2,58.0,1020.2,4.1,127.0,7.0,0.0
2020-03-09,0.2,2.8,10.9,73.0,1014.7,5.1,38.0,95.0,0.0
2020-03-10,0.0,5.9,13.4,66.0,1017.0,3.8,53.0,66.0,0.0
2020-03-11,0.0,4.7,14.1,71.0,1018.7,4.3,36.0,9.0,0.0
2020-03-12,0.0,5.9,13.9,75.0,1019.5,4.3,21.0,50.0,0.0
2020-03-13,1.0,8.7,15.1,81.0,1015.6,6.7,69.0,89.0,3.0
2020-03-14,2.8,7.9,12.8,64.0,1018.9,11.6,41.0,96.0,4.0
2020-03-15,0.0,5.3,12.1,66.0,1024.6,5.1,2.0,27.0,0.0
2020-03-16,0.0,3.5,13.4,52.0,1026.8,5.1,63.0,2.0,0.0
2020-03-17,0.0,5.4,14.1,63.0,1030.5,4.5,57.0,26.0,0.0
2020-03-18,0.0,7.2,19.0,63.0,1028.4,4.0,17.0,4.0,0.0
2020-03-19,0.0,8.5,19.2,61.0,1025.1,4.6,46.0,1.0,0.0
2020-03-20,0.4,7.8,17.5,78.0,1022.0,5.8,76.0,23.0,3.0
2020-03-21,0.1,8.1,15.3,85.0,1016.5,5.2,72.0,51.0,10.0
2020-03-22,1.4,6.8,11.7,65.0,1020.7,10.7,78.0,88.0,2.0
2020-03-23,0.0,2.1,7.4,41.0,1028.4,8.8,132.0,51.0,0.0
2020-03-24,0.0,-2.0,10.2,51.0,1026.4,5.3,250.0,36.0,0.0
2020-03-25,0.0,1.3,8.8,53.0,1022.2,13.4,67.0,47.0,0.0
2020-03-26,1.3,0.9,9.9,54.0,1016.7,9.6,46.0,95.0,1.0
2020-03-27,0.0,6.1,14.3,58.0,1016.1,7.9,54.0,93.0,0.0
2020-03-28,0.0,5.3,17.1,57.0,1015.0,4.8,333.0,22.0,0.0
2020-03-29,2.3,7.1,17.3,71.0,1012.8,3.2,333.0,65.0,3.0
2020-03-30,4.4,5.1,12.1,71.0,1015.9,14.5,63.0,94.0,8.0
2020-03-31,0.4,2.6,9.8,56.0,1022.6,7.1,70.0,60.0,0.0
2020-04-01,0.0,0.4,9.2,54.0,1022.0,5.4,193.0,14.0,0.0
2020-04-02,0.0,1.6,11.9,60.0,1015.4,4.2,125.0,1.0,0.0
2020-04-03,0.0,3.5,14.5,62.0,1014.3,4.1,12.0,6.0,0.0
2020-04-04,0.0,6.5,17.2,48.0,1020.7,6.5,73.0,20.0,0.0
2020-04-05,0.0,6.6,18.6,46.0,1024.7,8.7,50.0,5.0,0.0
2020-04-06,0.0,8.7,20.1,43.0,1026.4,11.0,45.0,0.0,0.0
2020-04-07,0.0,8.6,19.9,43.0,1029.0,6.7,49.0,0.0,0.0
2020-04-08,0.0,8.4,20.5,36.0,1027.1,7.4,42.0,0.0,0.0
2020-04-09,0.0,8.2,20.9,43.0,1022.7,4.1,307.0,0.0,0.0
2020-04-10,0.0,10.8,23.4,42.0,1021.8,4.7,288.0,0.0,0.0
2020-04-11,0.0,12.0,23.2,48.0,1021.1,5.1,72.0,8.0,0.0
2020-04-12,0.0,10.2,22.9,53.0,1019.3,6.3,67.0,25.0,0.0
2020-04-13,0.0,11.2,21.4,55.0,1014.2,5.9,99.0,85.0,0.0
2020-04-14,1.0,7.5,17.9,64.0,1014.3,12.1,70.0,58.0,2.0
2020-04-15,0.0,7.3,13.9,57.0,1025.4,5.0,107.0,36.0,0.0
2020-04-16,0.0,8.1,18.9,54.0,1022.0,5.4,215.0,60.0,0.0
2020-04-17,0.0,7.2,19.0,67.0,1018.6,5.7,68.0,30.0,0.0
2020-04-18,0.0,9.9,20.4,69.0,1016.7,5.2,93.0,56.0,0.0
2020-04-19,0.0,10.9,21.0,66.0,1013.9,5.0,85.0,79.0,0.0
2020-04-20,2.9,13.2,17.0,66.0,1014.1,14.1,61.0,100.0,4.0
2020-04-21,0.3,12.6,19.0,42.0,1014.4,14.0,67.0,84.0,0.0
2020-04-22,0.0,11.0,20.6,39.0,1017.7,13.6,57.0,3.0,0.0
2020-04-23,0.0,10.8,20.9,46.0,1018.9,8.7,60.0,1.0,0.0
2020-04-24,0.0,10.0,21.9,51.0,1014.1,6.4,209.0,29.0,0.0
2020-04-25,0.0,10.9,21.5,60.0,1008.6,6.7,69.0,35.0,0.0
2020-04-26,0.1,12.7,19.6,72.0,1009.6,7.4,75.0,56.0,0.0
2020-04-27,0.7,12.2,19.9,75.0,1011.8,5.6,64.0,61.0,6.0
2020-04-28,7.8,12.4,17.9,87.0,1010.5,5.8,62.0,82.0,15.0
2020-04-29,4.9,11.5,18.9,82.0,1007.5,3.9,42.0,63.0,14.0
2020-04-30,7.4,10.7,18.8,74.0,1010.3,4.5,89.0,64.0,6.0
2020-05-01,9.0,10.3,18.0,84.0,1007.1,5.1,94.0,88.0,17.0
2020-05-02,3.0,13.1,20.2,78.0,1007.3,3.8,36.0,67.0,10.0
2020-05-03,3.7,10.8,19.9,63.0,1014.1,5.3,97.0,17.0,2.0
2020-05-04,0.0,11.0,21.4,57.0,1018.4,6.1,92.0,22.0,0.0
2020-05-05,0.4,10.7,19.4,68.0,1014.3,4.8,58.0,69.0,1.0
2020-05-06,0.6,12.1,17.8,70.0,1016.4,7.4,49.0,63.0,0.0
2020-05-07,0.0,9.7,21.5,61.0,1021.7,5.5,223.0,7.0,0.0
2020-05-08,0.0,10.8,22.9,68.0,1020.4,6.1,87.0,65.0,0.0
2020-05-09,0.0,12.7,22.5,68.0,1015.6,4.8,66.0,34.0,0.0
2020-05-10,0.0,14.3,20.7,76.0,1011.9,8.5,66.0,74.0,1.0
2020-05-11,28.7,14.3,18.6,84.0,1005.8,8.1,43.0,92.0,14.0
2020-05-12,16.1,12.0,21.4,82.0,1009.0,11.2,70.0,68.0,16.0
2020-05-13,7.7,11.8,19.2,81.0,1012.2,6.8,75.0,84.0,14.0
2020-05-14,0.5,12.2,22.5,77.0,1008.3,5.8,78.0,60.0,1.0
2020-05-15,12.4,14.5,20.6,78.0,1009.7,11.4,67.0,75.0,12.0
2020-05-16,5.0,13.7,19.8,77.0,1019.1,10.7,62.0,94.0,8.0
2020-05-17,5.2,13.1,23.6,77.0,1017.5,5.9,3.0,69.0,9.0
2020-05-18,0.0,14.0,24.4,70.0,1019.4,6.2,49.0,66.0,1.0
2020-05-19,1.0,16.3,23.5,73.0,1015.0,8.3,51.0,93.0,2.0
2020-05-20,2.9,15.3,24.4,75.0,1013.3,5.7,242.0,63.0,5.0
2020-05-21,3.6,14.7,23.4,73.0,1018.5,6.1,192.0,29.0,2.0
2020-05-22,0.0,14.9,23.1,70.0,1023.3,4.6,57.0,72.0,1.0
2020-05-23,1.9,15.4,23.7,69.0,1022.3,5.4,80.0,77.0,1.0
2020-05-24,12.6,15.4,21.6,69.0,1024.5,4.6,198.0,58.0,7.0
2020-05-25,0.1,13.1,23.6,61.0,1025.7,5.8,356.0,28.0,0.0
2020-05-26,0.6,13.3,20.8,67.0,1027.6,8.0,36.0,24.0,1.0
2020-05-27,0.1,12.3,22.3,61.0,1029.2,6.2,246.0,21.0,0.0
2020-05-28,0.8,13.1,22.4,61.0,1024.3,5.4,43.0,52.0,2.0
2020-05-29,3.4,11.4,20.7,64.0,1021.7,6.7,35.0,27.0,4.0
2020-05-30,1.2,12.8,19.9,64.0,1017.8,5.8,19.0,61.0,2.0
2020-05-31,1.4,14.0,20.0,69.0,1016.8,5.4,20.0,86.0,3.0
2020-06-01,0.1,13.8,23.7,65.0,1017.3,3.7,272.0,30.0,0.0
2020-06-02,0.1,15.2,25.1,65.0,1014.0,4.3,19.0,41.0,0.0
2020-06-03,1.5,13.6,23.8,74.0,1008.3,5.1,350.0,60.0,4.0
2020-06-04,38.5,15.2,18.6,87.0,1002.6,6.3,75.0,97.0,17.0
2020-06-05,11.0,14.9,20.4,81.0,998.2,6.7,76.0,55.0,11.0
2020-06-06,7.2,15.2,22.8,80.0,1006.5,7.4,62.0,54.0,4.0
2020-06-07,44.2,15.6,21.5,86.0,1007.0,6.5,43.0,83.0,16.0
2020-06-08,12.8,15.8,20.6,85.0,1008.1,10.5,66.0,87.0,18.0
2020-06-09,7.9,14.6,20.8,82.0,1009.6,8.4,66.0,83.0,12.0
2020-06-10,7.7,12.7,19.6,84.0,1009.8,4.1,59.0,83.0,10.0
2020-06-11,2.7,13.4,19.9,82.0,1010.5,5.3,69.0,63.0,8.0
2020-06-12,0.0,12.2,23.7,70.0,1011.7,5.8,224.0,23.0,0.0
2020-06-13,0.8,14.1,24.5,78.0,1011.1,6.5,67.0,36.0,6.0
2020-06-14,16.5,17.0,22.6,86.0,1010.0,4.4,120.0,78.0,16.0
2020-06-15,14.5,17.2,20.9,89.0,1012.6,3.1,90.0,91.0,19.0
2020-06-16,1.5,16.7,23.7,85.0,1012.5,4.0,252.0,94.0,9.0
2020-06-17,2.8,16.8,23.4,80.0,1010.0,5.1,251.0,70.0,10.0
2020-06-18,2.2,15.1,25.0,79.0,1010.6,6.4,106.0,27.0,6.0
2020-06-19,6.3,15.2,24.0,81.0,1013.8,5.1,25.0,43.0,12.0
2020-06-20,0.0,14.9,25.1,68.0,1015.9,5.6,265.0,19.0,0.0
2020-06-21,2.1,16.3,25.4,70.0,1014.8,4.8,29.0,44.0,3.0
2020-06-22,0.0,16.6,29.6,63.0,1016.2,4.1,278.0,10.0,0.0
2020-06-23,0.0,19.4,28.8,60.0,1018.0,4.7,101.0,11.0,0.0
2020-06-24,1.3,18.3,25.5,68.0,1019.8,7.6,75.0,49.0,1.0
2020-06-25,6.7,17.4,23.5,81.0,1018.9,8.6,61.0,69.0,12.0
2020-06-26,0.7,16.5,26.3,78.0,1017.5,4.2,120.0,51.0,7.0
2020-06-27,0.1,19.2,27.5,76.0,1015.8,4.0,158.0,30.0,2.0
2020-06-28,0.1,20.0,28.5,77.0,1015.0,4.5,104.0,18.0,2.0
2020-06-29,0.6,19.5,28.2,77.0,1010.7,7.2,53.0,30.0,3.0
2020-06-30,0.0,20.5,27.1,69.0,1011.9,7.0,57.0,33.0,0.0
2020-07-01,0.2,21.3,27.3,78.0,1011.5,3.9,35.0,57.0,0.0
2020-07-02,0.5,20.2,27.1,78.0,1010.6,3.8,59.0,70.0,1.0
2020-07-03,2.7,18.9,27.0,72.0,1012.6,7.4,40.0,69.0,8.0
2020-07-04,0.0,18.9,26.6,65.0,1016.9,4.6,21.0,48.0,0.0
2020-07-05,0.0,19.1,28.8,66.0,1016.3,5.0,36.0,12.0,0.0
2020-07-06,0.6,20.4,29.2,70.0,1010.3,3.9,44.0,18.0,1.0
2020-07-07,16.1,16.1,23.7,64.0,1015.3,7.0,77.0,17.0,3.0
2020-07-08,0.0,16.9,26.5,63.0,1017.6,6.4,66.0,7.0,0.0
2020-07-09,0.0,17.4,27.7,65.0,1016.9,3.8,56.0,22.0,0.0
2020-07-10,0.0,19.4,30.2,69.0,1014.6,5.0,126.0,31.0,0.0
2020-07-11,16.2,17.6,26.4,80.0,1014.4,5.9,65.0,74.0,8.0
2020-07-12,0.0,16.9,24.9,67.0,1021.1,5.8,63.0,20.0,0.0
2020-07-13,0.0,17.9,23.9,54.0,1020.9,8.1,51.0,63.0,0.0
2020-07-14,0.0,18.6,24.0,54.0,1016.1,6.1,41.0,61.0,0.0
2020-07-15,0.0,16.6,25.6,63.0,1013.5,5.0,2.0,62.0,0.0
2020-07-16,3.2,16.7,25.5,72.0,1014.0,5.2,56.0,47.0,2.0
2020-07-17,13.9,17.5,22.7,81.0,1014.1,7.8,52.0,66.0,9.0
2020-07-18,4.2,15.9,23.2,76.0,1016.1,5.6,348.0,31.0,4.0
2020-07-19,0.0,16.2,25.5,72.0,1015.6,4.6,270.0,20.0,4.0
2020-07-20,0.0,17.5,28.3,71.0,1016.5,4.7,104.0,23.0,0.0
2020-07-21,0.1,20.1,29.9,70.0,1018.4,5.2,320.0,32.0,0.0
2020-07-22,0.0,20.6,29.3,73.0,1016.8,4.9,36.0,60.0,0.0
2020-07-23,5.1,19.5,28.5,71.0,1013.3,4.6,358.0,43.0,2.0
2020-07-24,6.3,19.1,22.2,82.0,1011.4,6.8,302.0,96.0,11.0
2020-07-25,0.0,16.7,26.8,70.0,1012.7,5.0,276.0,42.0,2.0
2020-07-26,0.0,18.4,27.1,74.0,1014.1,4.9,70.0,56.0,0.0
2020-07-27,0.0,19.6,28.7,69.0,1016.8,4.5,360.0,18.0,0.0
2020-07-28,0.0,20.4,30.8,70.0,1015.1,5.2,98.0,13.0,0.0
2020-07-29,0.0,22.4,30.8,73.0,1014.7,4.2,81.0,35.0,0.0
2020-07-30,3.4,21.5,31.8,73.0,1016.6,4.7,335.0,47.0,5.0
2020-07-31,0.0,23.3,32.6,69.0,1014.7,4.3,39.0,49.0,0.0
2020-08-01,0.0,23.9,33.0,69.0,1012.4,4.1,25.0,33.0,0.0
2020-08-02,1.2,22.5,28.7,68.0,1011.0,7.4,67.0,61.0,1.0
2020-08-03,58.5,19.9,25.9,84.0,1005.3,4.4,43.0,88.0,15.0
2020-08-04,1.4,17.5,23.3,80.0,1005.1,5.2,338.0,86.0,9.0
2020-08-05,0.0,16.7,25.3,62.0,1013.0,4.2,348.0,64.0,0.0
2020-08-06,0.0,17.5,28.1,69.0,1016.4,4.4,251.0,19.0,0.0
2020-08-07,0.0,20.3,30.3,65.0,1018.5,4.5,41.0,14.0,0.0
2020-08-08,0.0,19.9,32.2,55.0,1018.0,4.5,7.0,2.0,0.0
2020-08-09,0.0,21.1,31.7,58.0,1016.0,4.2,311.0,16.0,0.0
2020-08-10,0.4,21.9,30.6,69.0,1014.7,4.1,354.0,58.0,0.0
2020-08-11,1.6,21.6,30.7,74.0,1015.5,4.0,18.0,61.0,2.0
2020-08-12,0.6,22.1,29.3,70.0,1016.1,3.4,332.0,64.0,1.0
2020-08-13,1.7,21.7,28.8,74.0,1014.9,4.8,336.0,69.0,2.0
2020-08-14,0.2,20.9,27.5,74.0,1012.6,5.5,12.0,62.0,0.0
2020-08-15,0.0,20.0,28.6,70.0,1012.2,4.2,301.0,44.0,0.0
2020-08-16,0.0,20.3,28.7,68.0,1011.5,4.4,29.0,74.0,0.0
2020-08-17,5.6,20.3,26.7,75.0,1010.4,4.5,25.0,87.0,6.0
2020-08-18,3.2,18.1,26.4,69.0,1010.3,4.2,48.0,65.0,1.0
2020-08-19,0.0,18.1,27.5,70.0,1010.9,4.4,291.0,44.0,0.0
2020-08-20,0.0,20.5,29.3,74.0,1013.0,4.9,63.0,45.0,0.0
2020-08-21,0.0,21.8,30.7,73.0,1015.9,4.9,122.0,15.0,1.0
2020-08-22,0.0,21.3,30.9,72.0,1014.6,4.7,76.0,9.0,0.0
2020-08-23,1.2,21.6,29.4,66.0,1013.5,8.5,62.0,44.0,2.0
2020-08-24,5.1,18.6,26.9,68.0,1013.8,8.9,35.0,65.0,7.0
2020-08-25,0.2,17.3,26.9,63.0,1014.6,4.9,339.0,13.0,1.0
2020-08-26,0.0,18.0,29.0,65.0,1014.2,5.4,68.0,54.0,0.0
2020-08-27,0.6,20.5,27.7,72.0,1013.3,5.4,56.0,45.0,2.0
2020-08-28,4.5,20.2,28.5,71.0,1008.7,7.0,39.0,59.0,4.0
2020-08-29,27.8,19.3,24.4,86.0,1004.6,8.1,32.0,84.0,15.0
2020-08-30,57.7,18.5,23.7,83.0,1005.2,8.0,346.0,80.0,12.0
2020-08-31,10.1,16.7,22.0,80.0,1011.8,5.5,40.0,93.0,9.0
2020-09-01,3.2,15.0,23.1,83.0,1011.7,5.6,279.0,53.0,10.0
2020-09-02,13.8,14.5,22.0,78.0,1015.6,4.8,4.0,53.0,9.0
2020-09-03,0.0,14.8,23.6,72.0,1020.8,3.1,333.0,17.0,0.0
2020-09-04,0.0,15.7,24.8,70.0,1025.4,3.4,108.0,15.0,0.0
2020-09-05,0.0,16.6,25.8,79.0,1019.0,3.5,41.0,1.0,4.0
2020-09-06,1.4,18.7,25.0,81.0,1013.7,4.6,31.0,34.0,6.0
2020-09-07,6.6,18.0,23.4,77.0,1016.8,8.2,39.0,66.0,7.0
2020-09-08,0.0,16.5,24.9,72.0,1025.0,4.4,41.0,9.0,0.0
2020-09-09,0.0,16.4,26.2,73.0,1023.2,4.9,307.0,9.0,0.0
2020-09-10,0.0,17.2,26.0,78.0,1017.3,4.8,42.0,65.0,0.0
2020-09-11,0.0,19.8,27.1,67.0,1014.9,6.3,50.0,66.0,0.0
2020-09-12,0.0,19.2,28.1,65.0,1017.6,5.0,32.0,15.0,0.0
2020-09-13,0.0,19.6,28.7,63.0,1023.3,4.9,24.0,6.0,0.0
2020-09-14,0.0,21.0,28.4,63.0,1025.7,7.2,34.0,5.0,0.0
2020-09-15,0.0,18.7,28.1,61.0,1022.1,7.6,33.0,20.0,0.0
2020-09-16,0.0,18.7,28.3,63.0,1017.5,4.4,333.0,16.0,0.0
2020-09-17,0.0,19.1,29.2,62.0,1016.4,5.0,17.0,21.0,0.0
2020-09-18,0.0,18.2,25.5,65.0,1020.3,6.1,53.0,20.0,0.0
2020-09-19,0.0,15.3,23.3,66.0,1020.2,5.7,52.0,31.0,0.0
2020-09-20,0.0,15.9,23.5,67.0,1016.4,4.8,52.0,35.0,0.0
2020-09-21,0.1,16.2,25.2,73.0,1016.0,3.8,58.0,56.0,0.0
2020-09-22,6.9,17.4,22.6,83.0,1014.7,4.4,62.0,94.0,15.0
2020-09-23,4.6,16.7,22.5,85.0,1010.4,4.4,221.0,80.0,12.0
2020-09-24,20.5,15.9,21.8,85.0,1010.6,5.3,52.0,82.0,18.0
2020-09-25,25.0,12.7,20.2,88.0,996.8,6.8,51.0,76.0,19.0
2020-09-26,2.5,10.8,18.0,68.0,996.9,8.1,45.0,89.0,3.0
2020-09-27,4.9,9.8,15.7,74.0,1005.1,10.8,48.0,81.0,2.0
2020-09-28,9.3,10.8,14.8,86.0,1007.1,5.2,288.0,92.0,14.0
2020-09-29,0.0,8.6,18.5,77.0,1016.0,3.6,11.0,26.0,2.0
2020-09-30,0.0,11.4,19.2,79.0,1015.1,4.1,23.0,34.0,0.0
2020-10-01,1.0,13.1,19.9,83.0,1008.4,5.2,40.0,62.0,4.0
2020-10-02,15.8,14.0,17.1,91.0,1003.8,12.0,42.0,96.0,24.0
2020-10-03,16.7,12.7,18.3,87.0,1000.1,12.0,37.0,81.0,16.0
2020-10-04,8.9,9.8,17.2,77.0,1005.5,7.4,32.0,62.0,10.0
2020-10-05,19.2,11.2,19.0,81.0,1008.4,7.4,349.0,63.0,11.0
2020-10-06,0.1,10.0,18.0,78.0,1013.2,5.4,35.0,55.0,0.0
2020-10-07,0.5,12.0,17.8,84.0,1011.9,4.8,359.0,40.0,5.0
2020-10-08,0.0,10.2,19.8,68.0,1021.6,4.1,5.0,27.0,0.0
2020-10-09,0.0,11.5,19.0,75.0,1022.5,3.5,15.0,83.0,0.0
2020-10-10,0.6,13.2,18.7,80.0,1018.0,4.2,42.0,55.0,1.0
2020-10-11,39.6,9.8,14.5,79.0,1013.0,10.7,31.0,100.0,23.0
2020-10-12,0.4,8.9,15.9,69.0,1012.1,6.5,303.0,73.0,1.0
2020-10-13,0.0,5.4,15.6,58.0,1009.5,4.7,343.0,9.0,0.0
2020-10-14,0.0,5.8,14.8,65.0,1009.3,4.1,21.0,23.0,0.0
2020-10-15,29.5,10.4,12.6,73.0,1006.6,15.4,31.0,100.0,16.0
2020-10-16,0.2,8.8,15.1,77.0,1011.8,3.8,297.0,92.0,1.0
2020-10-17,3.6,8.1,15.2,83.0,1015.3,5.3,40.0,61.0,8.0
2020-10-18,0.5,7.9,15.7,81.0,1020.5,3.7,9.0,35.0,6.0
2020-10-19,0.6,8.1,15.7,79.0,1024.0,3.8,28.0,46.0,3.0
2020-10-20,0.0,8.1,15.2,88.0,1024.8,4.6,45.0,75.0,13.0
2020-10-21,0.4,9.3,15.7,88.0,1023.7,4.2,48.0,73.0,13.0
2020-10-22,0.0,9.1,14.9,88.0,1023.7,5.1,56.0,66.0,9.0
2020-10-23,10.5,11.8,15.8,91.0,1020.9,3.8,55.0,99.0,18.0
2020-10-24,4.7,11.3,18.0,88.0,1016.3,3.6,24.0,63.0,15.0
2020-10-25,0.2,10.5,18.5,82.0,1014.5,5.3,263.0,27.0,4.0
2020-10-26,14.0,10.8,16.0,90.0,1008.9,9.1,35.0,74.0,18.0
2020-10-27,13.0,10.3,15.7,86.0,1008.5,5.1,27.0,57.0,10.0
2020-10-28,0.0,8.8,15.4,80.0,1016.9,3.5,354.0,45.0,3.0
2020-10-29,0.0,9.3,16.5,77.0,1018.9,3.1,308.0,76.0,0.0
2020-10-30,0.0,10.3,15.8,74.0,1023.3,2.8,329.0,48.0,0.0
2020-10-31,0.0,9.7,15.8,76.0,1023.6,2.9,306.0,33.0,0.0
2020-11-01,0.0,9.1,14.9,85.0,1022.2,3.7,22.0,52.0,8.0
2020-11-02,0.2,9.4,13.3,92.0,1023.3,3.6,54.0,85.0,17.0
2020-11-03,0.0,9.7,15.4,91.0,1023.7,3.6,3.0,74.0,15.0
2020-11-04,0.0,10.5,17.2,86.0,1023.4,4.4,41.0,77.0,11.0
2020-11-05,0.0,10.7,17.4,80.0,1029.7,4.2,31.0,64.0,1.0
2020-11-06,0.0,9.0,16.0,83.0,1032.1,4.2,360.0,15.0,6.0
2020-11-07,0.0,7.2,17.5,77.0,1029.8,3.9,328.0,0.0,0.0
2020-11-08,0.0,8.5,14.6,76.0,1026.6,3.5,22.0,13.0,0.0
2020-11-09,0.0,9.2,15.6,72.0,1024.4,2.7,352.0,16.0,0.0
2020-11-10,0.0,7.8,15.7,77.0,1025.5,3.9,66.0,65.0,1.0
2020-11-11,0.2,6.6,13.2,75.0,1026.4,5.4,57.0,34.0,1.0
2020-11-12,0.0,6.2,11.7,81.0,1025.4,3.7,9.0,30.0,4.0
2020-11-13,0.0,7.2,12.4,80.0,1025.8,2.8,351.0,30.0,3.0
2020-11-14,0.0,7.0,12.6,82.0,1026.0,2.8,341.0,60.0,3.0
2020-11-15,0.0,9.1,12.9,80.0,1023.1,2.8,7.0,30.0,0.0
2020-11-16,6.2,7.2,12.2,91.0,1018.4,4.6,321.0,66.0,16.0
2020-11-17,0.0,5.9,13.9,75.0,1026.8,4.2,316.0,18.0,2.0
2020-11-18,0.0,5.7,14.7,66.0,1029.6,3.9,307.0,8.0,0.0
2020-11-19,0.0,7.6,12.4,65.0,1023.7,3.1,25.0,6.0,0.0
2020-11-20,0.6,4.3,11.5,66.0,1023.3,6.2,358.0,59.0,0.0
2020-11-21,0.0,0.3,9.4,55.0,1033.2,5.4,17.0,2.0,0.0
2020-11-22,0.0,0.2,8.4,60.0,1032.1,3.8,322.0,31.0,0.0
2020-11-23,0.0,2.6,7.7,59.0,1029.0,3.6,23.0,61.0,0.0
2020-11-24,0.0,2.6,11.0,51.0,1028.0,4.1,9.0,14.0,0.0
2020-11-25,0.0,4.0,9.9,59.0,1024.9,3.4,352.0,0.0,0.0
2020-11-26,0.0,2.4,10.1,64.0,1025.0,3.4,345.0,21.0,0.0
2020-11-27,0.0,2.2,7.9,66.0,1023.5,3.4,3.0,11.0,0.0
2020-11-28,0.0,2.6,9.4,70.0,1019.8,4.0,2.0,35.0,0.0
2020-11-29,0.0,2.1,9.1,71.0,1018.8,5.2,40.0,49.0,0.0
2020-11-30,0.0,0.9,7.4,71.0,1024.2,4.0,17.0,15.0,0.0
2020-12-01,0.0,0.6,6.1,70.0,1018.8,6.7,49.0,68.0,0.0
2020-12-02,19.1,2.1,4.4,83.0,1013.3,10.2,52.0,100.0,20.0
2020-12-03,4.9,1.1,5.7,93.0,1008.2,4.5,264.0,78.0,16.0
2020-12-04,17.2,1.0,6.7,82.0,1002.8,11.6,33.0,96.0,9.0
2020-12-05,42.4,6.8,12.4,90.0,1000.1,13.8,40.0,100.0,24.0
2020-12-06,28.7,8.3,12.4,88.0,998.8,13.1,45.0,100.0,21.0
2020-12-07,9.8,4.2,8.3,90.0,1004.0,7.5,38.0,82.0,21.0
2020-12-08,31.2,4.1,7.0,80.0,1003.8,15.7,27.0,95.0,13.0
2020-12-09,20.8,6.1,9.7,81.0,1001.8,12.1,31.0,100.0,17.0
2020-12-10,0.5,3.8,9.4,84.0,1005.5,3.8,354.0,59.0,7.0
2020-12-11,0.1,2.6,8.6,79.0,1006.0,3.3,327.0,61.0,2.0
2020-12-12,0.3,2.8,7.6,87.0,1002.3,3.4,329.0,93.0,7.0
2020-12-13,0.0,2.4,10.5,72.0,1010.2,3.4,340.0,14.0,0.0
2020-12-14,0.0,4.0,10.5,63.0,1018.3,3.6,349.0,25.0,0.0
2020-12-15,0.0,3.0,9.0,71.0,1020.2,3.2,345.0,74.0,0.0
2020-12-16,0.1,3.0,8.5,78.0,1023.4,3.8,7.0,63.0,0.0
2020-12-17,0.0,3.2,8.9,83.0,1026.3,3.7,6.0,49.0,3.0
2020-12-18,0.0,3.0,11.3,72.0,1027.9,4.0,329.0,31.0,0.0
2020-12-19,0.0,5.5,9.9,70.0,1026.4,2.8,0.0,58.0,1.0
2020-12-20,0.2,4.6,9.2,84.0,1025.8,3.4,333.0,78.0,6.0
2020-12-21,0.2,5.2,9.6,82.0,1026.8,3.1,312.0,75.0,4.0
2020-12-22,0.1,5.1,8.9,92.0,1025.5,3.4,25.0,95.0,17.0
2020-12-23,0.5,6.6,9.0,90.0,1024.7,3.3,47.0,100.0,16.0
2020-12-24,2.8,6.2,8.2,91.0,1015.0,3.6,31.0,98.0,19.0
2020-12-25,9.8,3.9,9.1,87.0,1010.1,6.6,34.0,82.0,16.0
2020-12-26,0.0,-1.0,8.2,74.0,1017.6,4.5,5.0,21.0,0.0
2020-12-27,0.0,-2.6,4.3,65.0,1012.1,6.1,304.0,25.0,0.0
2020-12-28,26.3,-1.1,3.2,83.0,991.7,11.1,22.0,95.0,18.0
2020-12-29,4.1,-2.3,6.8,85.0,997.3,6.5,20.0,97.0,15.0
2020-12-30,1.3,-0.4,7.2,85.0,1004.1,3.3,354.0,84.0,7.0
2020-12-31,0.8,0.2,8.0,76.0,1009.6,3.5,346.0,27.0,2.0
2021-01-01,10.6,1.7,6.3,80.0,1010.9,8.4,15.0,96.0,9.0
2021-01-02,27.5,5.1,7.4,82.0,1008.5,15.1,22.0,98.0,18.0
2021-01-03,6.1,4.4,9.8,82.0,1009.4,7.9,35.0,78.0,8.0
2021-01-04,0.0,1.9,7.9,75.0,1011.1,4.6,21.0,82.0,0.0
2021-01-05,7.5,2.1,7.1,77.0,1009.9,6.9,30.0,92.0,8.0
2021-01-06,3.6,1.3,5.9,86.0,1009.9,4.0,331.0,91.0,9.0
2021-01-07,0.0,0.8,5.2,83.0,1014.7,3.0,329.0,64.0,5.0
2021-01-08,0.0,-0.8,7.6,72.0,1014.0,3.0,335.0,30.0,1.0
2021-01-09,0.0,-2.7,6.2,58.0,1018.5,4.5,357.0,84.0,0.0
2021-01-10,0.0,-1.8,6.0,51.0,1019.1,7.6,37.0,62.0,0.0
2021-01-11,0.0,-3.1,5.4,66.0,1019.6,4.1,343.0,5.0,0.0
2021-01-12,0.0,-2.9,1.8,67.0,1016.8,4.1,315.0,46.0,0.0
2021-01-13,0.0,-2.6,7.4,55.0,1014.3,4.0,301.0,2.0,0.0
2021-01-14,0.0,-2.6,7.5,58.0,1012.0,3.8,344.0,16.0,0.0
2021-01-15,0.0,-1.2,5.7,58.0,1018.2,7.2,41.0,70.0,0.0
2021-01-16,0.0,-3.1,6.0,67.0,1021.8,4.7,233.0,26.0,0.0
2021-01-17,0.0,-1.9,3.5,65.0,1017.4,4.1,17.0,88.0,0.0
2021-01-18,0.0,-2.5,5.2,64.0,1023.9,5.0,20.0,3.0,0.0
2021-01-19,0.0,-1.3,2.7,63.0,1025.1,2.6,26.0,54.0,0.0
2021-01-20,0.5,-1.8,3.5,67.0,1022.1,4.4,18.0,89.0,2.0
2021-01-21,1.9,0.4,6.4,90.0,1016.3,3.7,36.0,94.0,14.0
2021-01-22,31.7,4.6,8.1,89.0,1005.0,7.3,29.0,100.0,23.0
2021-01-23,23.9,3.0,7.9,89.0,995.4,10.9,30.0,91.0,21.0
2021-01-24,0.0,-0.9,8.7,77.0,997.9,4.7,333.0,59.0,3.0
2021-01-25,0.4,-2.1,7.7,56.0,1002.1,6.3,353.0,91.0,0.0
2021-01-26,0.0,-2.5,10.0,50.0,1013.7,4.6,332.0,23.0,0.0
2021-01-27,0.0,-3.5,5.1,64.0,1017.3,4.3,325.0,56.0,0.0
2021-01-28,0.0,-2.4,3.7,62.0,1013.9,3.0,342.0,50.0,0.0
2021-01-29,0.0,-2.1,6.1,68.0,1006.7,4.6,3.0,65.0,0.0
2021-01-30,0.4,-0.8,6.2,74.0,1002.4,4.3,43.0,66.0,1.0
2021-01-31,17.7,3.3,9.7,83.0,998.0,7.6,25.0,84.0,13.0
2021-02-01,0.2,-0.1,7.8,84.0,1001.1,4.2,334.0,80.0,8.0
2021-02-02,0.1,1.3,9.0,77.0,1011.0,3.2,326.0,56.0,0.0
2021-02-03,0.4,2.7,6.7,88.0,1014.8,3.4,338.0,86.0,11.0
2021-02-04,0.0,2.5,9.3,90.0,1016.9,3.9,46.0,67.0,13.0
2021-02-05,0.0,6.9,11.2,82.0,1018.2,2.8,330.0,90.0,5.0
2021-02-06,0.3,6.5,10.1,92.0,1014.5,3.7,45.0,99.0,18.0
2021-02-07,16.2,6.9,12.6,90.0,1001.2,8.9,41.0,95.0,24.0
2021-02-08,3.0,5.0,11.6,84.0,994.1,5.2,31.0,58.0,8.0
2021-02-09,2.4,5.1,10.2,84.0,999.5,5.3,331.0,91.0,8.0
2021-02-10,16.2,6.3,10.6,86.0,1000.0,7.7,21.0,99.0,18.0
2021-02-11,3.5,1.9,8.8,76.0,1012.3,9.0,82.0,76.0,6.0
2021-02-12,0.0,-1.2,2.4,44.0,1026.6,12.2,75.0,70.0,0.0
2021-02-13,0.0,-4.3,2.6,43.0,1031.2,10.6,77.0,31.0,0.0
2021-02-14,0.0,-5.4,6.5,47.0,1037.5,5.0,232.0,8.0,0.0
2021-02-15,0.0,-3.8,5.0,50.0,1037.8,4.8,104.0,30.0,0.0
2021-02-16,0.0,-1.3,5.5,61.0,1028.4,3.7,58.0,44.0,0.0
2021-02-17,0.0,0.4,8.5,70.0,1022.8,4.0,32.0,24.0,0.0
2021-02-18,0.0,3.1,9.9,75.0,1024.0,3.8,316.0,59.0,1.0
2021-02-19,0.4,5.4,10.3,84.0,1024.4,4.4,57.0,99.0,5.0
2021-02-20,0.2,6.4,10.9,85.0,1026.0,3.4,40.0,80.0,6.0
2021-02-21,0.1,6.8,12.1,84.0,1027.6,3.3,66.0,87.0,8.0
2021-02-22,0.0,6.0,12.2,82.0,1031.0,4.0,96.0,46.0,5.0
2021-02-23,0.0,5.4,12.7,89.0,1035.8,4.4,13.0,19.0,11.0
2021-02-24,0.0,7.1,20.2,39.0,1035.1,3.6,318.0,0.0,0.0
2021-02-25,0.0,9.4,19.6,44.0,1031.7,3.2,332.0,0.0,0.0
2021-02-26,0.0,10.8,17.3,55.0,1027.9,2.9,14.0,0.0,0.0
2021-02-27,0.0,8.6,18.3,58.0,1026.3,6.7,64.0,42.0,0.0
2021-02-28,0.0,2.4,11.4,62.0,1033.3,5.9,23.0,11.0,0.0
2021-03-01,0.0,3.5,15.3,57.0,1031.3,4.3,340.0,0.0,0.0
2021-03-02,0.0,4.6,14.2,57.0,1034.1,6.0,36.0,0.0,0.0
2021-03-03,0.0,4.5,14.9,66.0,1031.5,4.0,31.0,37.0,0.0
2021-03-04,0.0,4.9,12.1,75.0,1023.4,5.3,51.0,67.0,0.0
2021-03-05,6.9,5.5,13.2,80.0,1017.5,5.2,58.0,53.0,6.0
2021-03-06,1.5,3.2,7.9,70.0,1029.1,10.1,61.0,76.0,3.0
2021-03-07,0.0,1.7,9.2,61.0,1025.7,5.0,57.0,37.0,0.0
2021-03-08,0.0,1.5,10.1,73.0,1018.4,4.9,42.0,13.0,0.0
2021-03-09,0.6,2.4,11.2,65.0,1016.3,8.4,45.0,38.0,0.0
2021-03-10,0.2,4.6,12.4,67.0,1018.1,6.3,248.0,25.0,2.0
2021-03-11,0.0,3.0,11.0,69.0,1019.0,5.2,35.0,83.0,0.0
2021-03-12,0.8,4.6,12.9,76.0,1013.2,5.3,47.0,72.0,2.0
2021-03-13,0.6,5.3,12.7,79.0,1013.0,4.5,41.0,62.0,2.0
2021-03-14,1.0,2.8,10.6,83.0,1007.8,6.5,28.0,57.0,10.0
2021-03-15,0.0,-0.6,13.2,65.0,1010.5,4.8,29.0,41.0,0.0
2021-03-16,0.0,1.1,14.5,43.0,1014.0,5.3,7.0,29.0,0.0
2021-03-17,0.0,0.3,13.0,48.0,1016.9,6.1,18.0,35.0,0.0
2021-03-18,0.2,1.7,9.5,54.0,1018.3,5.3,6.0,39.0,0.0
2021-03-19,0.0,-0.2,8.4,65.0,1016.7,4.8,14.0,66.0,0.0
2021-03-20,1.6,-1.2,9.8,60.0,1019.0,7.2,64.0,28.0,2.0
2021-03-21,0.0,-3.5,8.0,50.0,1017.0,6.1,347.0,22.0,0.0
2021-03-22,0.0,-0.3,13.0,52.0,1013.4,5.1,311.0,34.0,0.0
2021-03-23,0.0,1.6,13.2,57.0,1022.1,7.8,244.0,19.0,0.0
2021-03-24,0.0,2.9,14.0,60.0,1023.0,6.2,56.0,0.0,0.0
2021-03-25,0.0,5.8,15.3,65.0,1022.3,5.2,93.0,28.0,0.0
2021-03-26,0.0,6.2,16.2,67.0,1023.8,5.5,78.0,18.0,0.0
2021-03-27,0.0,6.3,15.9,74.0,1024.5,6.9,67.0,65.0,0.0
2021-03-28,1.0,8.7,16.1,81.0,1030.3,6.3,74.0,69.0,4.0
2021-03-29,0.0,10.8,18.3,76.0,1032.9,3.5,143.0,67.0,0.0
2021-03-30,0.0,10.2,21.4,68.0,1030.8,3.7,222.0,11.0,0.0
2021-03-31,0.0,11.5,22.7,63.0,1025.3,4.7,226.0,1.0,0.0
2021-04-01,0.0,12.4,22.6,64.0,1018.0,4.3,70.0,21.0,0.0
2021-04-02,0.1,11.0,22.1,67.0,1012.7,5.7,81.0,19.0,0.0
2021-04-03,5.3,10.5,16.2,66.0,1013.0,10.0,76.0,62.0,4.0
2021-04-04,0.2,6.6,12.9,52.0,1019.1,6.1,104.0,63.0,0.0
2021-04-05,0.0,4.0,14.3,59.0,1013.3,9.1,245.0,41.0,0.0
2021-04-06,2.4,1.9,8.9,69.0,1005.9,11.0,66.0,77.0,3.0
2021-04-07,0.3,0.4,10.2,46.0,1014.4,5.9,317.0,52.0,0.0
2021-04-08,0.0,-2.0,13.7,44.0,1023.9,6.7,31.0,5.0,0.0
2021-04-09,0.0,3.5,14.6,57.0,1026.0,6.9,233.0,40.0,0.0
2021-04-10,0.1,6.0,16.6,67.0,1022.2,6.3,192.0,79.0,0.0
2021-04-11,22.3,8.9,10.9,87.0,1019.6,6.2,46.0,99.0,19.0
2021-04-12,46.6,8.0,13.7,88.0,1016.6,8.3,42.0,99.0,22.0
2021-04-13,23.8,4.0,9.7,84.0,1020.1,7.1,250.0,89.0,17.0
2021-04-14,0.0,0.5,12.6,58.0,1023.3,4.7,4.0,17.0,1.0
2021-04-15,0.0,3.4,11.1,64.0,1022.9,6.4,45.0,50.0,0.0
2021-04-16,0.0,1.5,12.7,61.0,1020.5,5.1,57.0,6.0,0.0
2021-04-17,0.0,2.5,13.6,57.0,1017.3,7.0,56.0,44.0,0.0
2021-04-18,0.0,4.7,13.3,66.0,1016.8,5.3,57.0,67.0,0.0
2021-04-19,0.0,4.8,14.8,65.0,1016.2,5.6,269.0,71.0,0.0
2021-04-20,0.1,5.4,16.0,69.0,1015.3,5.3,60.0,37.0,0.0
2021-04-21,2.2,6.3,16.7,77.0,1017.5,5.2,44.0,33.0,3.0
2021-04-22,0.5,6.7,16.3,79.0,1019.4,5.3,76.0,28.0,6.0
2021-04-23,0.8,8.4,17.9,78.0,1022.6,5.7,70.0,28.0,5.0
2021-04-24,0.0,7.9,18.9,71.0,1022.2,5.5,81.0,24.0,0.0
2021-04-25,0.1,9.3,20.9,68.0,1017.1,4.5,57.0,22.0,0.0
2021-04-26,0.2,10.3,15.1,64.0,1015.1,10.4,64.0,99.0,0.0
2021-04-27,0.0,9.1,15.3,71.0,1010.1,6.9,70.0,87.0,0.0
2021-04-28,0.3,7.5,18.0,71.0,1009.0,4.9,95.0,58.0,0.0
2021-04-29,22.1,12.2,17.3,86.0,1009.7,5.0,99.0,92.0,14.0
2021-04-30,14.9,12.5,19.4,87.0,1011.0,4.3,91.0,96.0,16.0
2021-05-01,26.6,12.8,19.7,83.0,1008.5,7.2,74.0,84.0,11.0
2021-05-02,9.2,11.9,19.9,80.0,1007.8,9.0,227.0,61.0,14.0
2021-05-03,1.9,9.3,16.6,72.0,1019.9,5.1,164.0,42.0,6.0
2021-05-04,0.1,8.1,18.9,68.0,1016.0,6.3,94.0,30.0,0.0
2021-05-05,0.8,9.5,19.6,76.0,1007.4,9.5,230.0,52.0,6.0
2021-05-06,0.0,10.6,15.2,72.0,1011.7,11.4,66.0,85.0,1.0
2021-05-07,2.4,10.7,21.5,80.0,1008.9,6.6,62.0,69.0,9.0
2021-05-08,0.0,10.4,18.2,61.0,1020.2,8.1,79.0,41.0,0.0
2021-05-09,0.0,9.9,20.3,65.0,1019.7,5.0,122.0,29.0,0.0
2021-05-10,0.0,11.6,22.0,71.0,1016.9,6.8,81.0,33.0,0.0
2021-05-11,20.1,13.5,17.8,77.0,1012.3,7.9,39.0,87.0,12.0
2021-05-12,15.3,12.5,17.8,83.0,1007.4,5.1,244.0,98.0,13.0
2021-05-13,12.7,12.2,18.8,87.0,1005.3,4.5,103.0,92.0,16.0
2021-05-14,7.1,12.0,18.3,84.0,1008.3,4.2,86.0,80.0,14.0
2021-05-15,0.4,11.3,17.6,77.0,1009.9,4.8,225.0,84.0,6.0
2021-05-16,5.9,9.9,18.6,80.0,1007.1,5.4,66.0,64.0,7.0
2021-05-17,11.0,13.3,19.4,74.0,1005.8,5.5,253.0,50.0,9.0
2021-05-18,8.4,9.6,20.5,71.0,1011.9,5.5,54.0,36.0,4.0
2021-05-19,15.6,10.3,18.2,83.0,1012.9,6.7,215.0,72.0,12.0
2021-05-20,0.0,8.2,20.8,63.0,1017.5,4.7,89.0,20.0,1.0
2021-05-21,1.1,10.6,19.9,68.0,1017.2,6.6,48.0,85.0,2.0
2021-05-22,5.7,12.4,19.1,77.0,1012.3,6.2,43.0,89.0,10.0
2021-05-23,2.1,13.1,23.4,74.0,1014.5,8.6,59.0,71.0,7.0
2021-05-24,50.6,13.0,14.6,84.0,1017.1,8.2,53.0,96.0,18.0
2021-05-25,0.3,11.3,21.6,74.0,1015.7,8.9,211.0,44.0,9.0
2021-05-26,0.7,11.2,20.1,69.0,1018.6,6.5,74.0,44.0,1.0
2021-05-27,4.9,13.1,21.1,80.0,1015.4,5.2,45.0,49.0,6.0
2021-05-28,0.0,12.2,21.0,67.0,1019.0,5.5,133.0,18.0,2.0
2021-05-29,1.4,13.6,21.6,67.0,1018.2,4.6,60.0,55.0,3.0
2021-05-30,0.4,12.5,20.2,67.0,1020.2,6.5,66.0,40.0,0.0
2021-05-31,0.9,14.0,19.6,67.0,1020.0,5.7,7.0,71.0,2.0
2021-06-01,0.0,13.2,21.6,69.0,1017.7,4.7,106.0,39.0,0.0
2021-06-02,0.0,12.4,23.0,70.0,1019.4,6.0,85.0,24.0,0.0
2021-06-03,0.1,14.4,24.7,73.0,1022.5,4.3,91.0,20.0,1.0
2021-06-04,0.0,16.3,26.7,73.0,1022.5,5.5,145.0,40.0,1.0
2021-06-05,0.1,16.2,26.0,71.0,1019.4,4.9,37.0,28.0,0.0
2021-06-06,10.1,16.9,24.1,78.0,1017.2,5.6,49.0,55.0,13.0
2021-06-07,1.5,16.2,24.8,72.0,1017.3,6.5,38.0,65.0,4.0
2021-06-08,0.0,17.2,26.2,64.0,1017.3,4.8,32.0,85.0,0.0
2021-06-09,0.0,17.2,27.4,61.0,1016.9,6.0,3.0,91.0,0.0
2021-06-10,0.1,17.6,26.3,64.0,1017.3,4.1,344.0,56.0,0.0
2021-06-11,5.2,17.1,25.2,71.0,1017.0,3.2,291.0,62.0,3.0
2021-06-12,0.0,17.5,27.8,63.0,1017.3,4.1,354.0,69.0,0.0
2021-06-13,0.9,18.7,29.2,71.0,1017.1,5.6,80.0,31.0,1.0
2021-06-14,0.0,19.6,25.9,70.0,1019.1,7.7,82.0,33.0,0.0
2021-06-15,0.0,18.7,27.3,66.0,1018.8,5.4,103.0,36.0,0.0
2021-06-16,0.0,17.8,27.0,68.0,1016.6,3.8,109.0,48.0,0.0
2021-06-17,0.0,18.8,28.6,69.0,1016.5,5.0,58.0,19.0,0.0
2021-06-18,0.6,19.5,26.7,74.0,1017.1,4.6,102.0,45.0,1.0
2021-06-19,0.0,19.9,29.8,77.0,1015.1,4.2,88.0,62.0,5.0
2021-06-20,0.2,20.6,29.6,76.0,1011.8,6.0,49.0,80.0,3.0
2021-06-21,0.1,20.6,30.9,69.0,1008.6,6.4,237.0,11.0,1.0
2021-06-22,0.0,20.0,30.3,66.0,1009.9,6.1,147.0,12.0,0.0
2021-06-23,0.4,20.6,29.4,67.0,1014.0,5.8,68.0,24.0,0.0
2021-06-24,0.0,19.5,29.8,65.0,1015.0,5.7,225.0,21.0,0.0
2021-06-25,0.0,17.9,26.9,59.0,1014.1,6.3,356.0,32.0,0.0
2021-06-26,0.0,18.0,28.3,57.0,1015.5,5.3,75.0,21.0,0.0
2021-06-27,0.0,18.8,29.9,59.0,1015.1,5.3,225.0,56.0,0.0
2021-06-28,0.0,20.5,30.5,61.0,1014.8,5.3,102.0,43.0,0.0
2021-06-29,1.1,20.2,29.6,61.0,1011.5,8.0,59.0,34.0,1.0
2021-06-30,0.1,19.0,27.6,63.0,1009.1,5.6,267.0,27.0,0.0
2021-07-01,1.3,17.2,29.0,59.0,1011.6,5.3,66.0,28.0,1.0
2021-07-02,0.1,18.7,28.0,58.0,1014.2,6.0,69.0,48.0,0.0
2021-07-03,1.5,18.6,27.7,65.0,1014.5,5.1,74.0,82.0,3.0
2021-07-04,17.0,19.2,24.2,87.0,1011.2,4.2,82.0,87.0,14.0
2021-07-05,0.1,16.2,27.5,74.0,1011.0,5.1,214.0,33.0,6.0
2021-07-06,0.0,17.9,28.8,70.0,1013.2,4.7,115.0,13.0,0.0
2021-07-07,0.0,20.3,29.4,72.0,1013.6,7.0,66.0,6.0,0.0
2021-07-08,32.0,20.6,29.5,72.0,1015.2,8.3,44.0,52.0,5.0
2021-07-09,0.1,17.0,25.9,79.0,1016.0,4.5,203.0,11.0,2.0
2021-07-10,0.0,19.1,28.2,66.0,1015.7,6.8,54.0,10.0,0.0
2021-07-11,0.0,19.9,28.2,65.0,1012.4,5.6,12.0,30.0,0.0
2021-07-12,0.3,19.7,28.5,69.0,1012.6,6.8,74.0,17.0,0.0
2021-07-13,38.3,19.2,26.8,77.0,1008.6,10.9,34.0,56.0,10.0
2021-07-14,6.6,16.2,23.0,76.0,1010.7,4.6,15.0,45.0,7.0
2021-07-15,0.3,16.1,23.8,70.0,1013.2,3.8,351.0,78.0,0.0
2021-07-16,1.3,17.5,24.9,77.0,1013.4,5.5,52.0,93.0,3.0
2021-07-17,1.1,18.7,25.3,74.0,1011.5,5.5,289.0,97.0,2.0
2021-07-18,0.0,19.5,30.0,70.0,1010.2,4.6,273.0,55.0,0.0
2021-07-19,0.0,20.4,30.5,63.0,1011.7,3.8,263.0,23.0,1.0
2021-07-20,0.0,20.5,28.1,65.0,1014.0,5.3,62.0,28.0,0.0
2021-07-21,0.3,21.1,28.3,70.0,1017.6,6.4,73.0,45.0,1.0
2021-07-22,2.5,21.1,27.6,71.0,1018.3,6.3,38.0,68.0,2.0
2021-07-23,0.1,19.0,28.5,74.0,1015.3,4.4,61.0,27.0,4.0
2021-07-24,0.0,21.4,28.2,75.0,1012.8,4.7,81.0,71.0,0.0
2021-07-25,1.3,20.4,28.7,74.0,1010.4,10.2,40.0,69.0,2.0
2021-07-26,4.6,21.3,28.4,70.0,1012.3,7.6,21.0,66.0,4.0
2021-07-27,8.6,20.3,26.2,82.0,1015.7,5.6,41.0,87.0,8.0
2021-07-28,1.2,18.9,27.6,78.0,1014.1,4.0,251.0,41.0,6.0
2021-07-29,0.2,19.2,29.2,75.0,1013.3,3.8,38.0,8.0,2.0
2021-07-30,0.5,20.2,29.2,73.0,1011.2,6.9,94.0,20.0,4.0
2021-07-31,4.0,20.0,28.6,73.0,1009.0,4.7,42.0,48.0,3.0
2021-08-01,22.8,19.8,26.9,70.0,1005.3,9.4,272.0,53.0,6.0
2021-08-02,0.4,15.7,26.3,69.0,1012.2,7.1,64.0,39.0,1.0
2021-08-03,0.9,16.9,25.8,69.0,1014.6,5.4,343.0,66.0,1.0
2021-08-04,5.3,18.9,24.6,77.0,1012.4,5.6,22.0,88.0,7.0
2021-08-05,14.3,17.9,27.1,77.0,1006.2,6.3,22.0,52.0,9.0
2021-08-06,0.8,17.5,26.7,73.0,1007.5,5.0,44.0,29.0,1.0
2021-08-07,4.3,20.4,27.1,78.0,1008.8,7.2,39.0,50.0,6.0
2021-08-08,3.0,19.9,28.4,76.0,1010.3,5.9,36.0,37.0,3.0
2021-08-09,0.2,19.0,29.2,70.0,1016.4,6.2,45.0,14.0,0.0
2021-08-10,0.0,19.5,29.2,65.0,1017.3,3.7,330.0,37.0,0.0
2021-08-11,0.0,19.3,31.4,64.0,1016.6,3.8,20.0,10.0,0.0
2021-08-12,0.0,22.2,31.6,63.0,1019.0,4.9,57.0,10.0,0.0
2021-08-13,0.0,22.2,32.0,68.0,1020.3,4.5,288.0,54.0,0.0
2021-08-14,0.0,23.1,32.6,70.0,1019.3,3.9,346.0,13.0,0.0
2021-08-15,0.0,23.4,32.4,66.0,1014.6,5.0,31.0,15.0,0.0
2021-08-16,16.5,21.3,31.5,73.0,1009.9,6.9,357.0,56.0,7.0
2021-08-17,0.0,16.2,26.9,64.0,1012.1,5.0,92.0,25.0,2.0
2021-08-18,0.0,17.6,24.8,60.0,1015.3,6.9,52.0,26.0,0.0
2021-08-19,0.0,18.0,26.2,59.0,1015.1,5.1,48.0,9.0,0.0
2021-08-20,0.0,18.8,27.0,60.0,1015.6,4.1,36.0,35.0,0.0
2021-08-21,0.0,19.5,29.2,66.0,1017.7,4.1,25.0,14.0,0.0
2021-08-22,0.1,20.4,29.7,66.0,1016.2,4.9,35.0,70.0,0.0
2021-08-23,2.9,18.2,25.4,68.0,1015.0,7.0,56.0,48.0,4.0
2021-08-24,0.0,16.4,25.5,65.0,1016.0,3.8,15.0,38.0,0.0
2021-08-25,0.1,17.9,23.7,62.0,1016.1,5.6,37.0,50.0,0.0
2021-08-26,1.0,15.8,26.4,68.0,1010.4,6.4,45.0,24.0,2.0
2021-08-27,9.8,15.6,22.0,69.0,1011.1,8.0,49.0,60.0,7.0
2021-08-28,0.2,15.3,22.8,63.0,1012.7,5.1,27.0,64.0,0.0
2021-08-29,2.8,12.4,24.1,67.0,1013.1,4.5,272.0,45.0,2.0
2021-08-30,2.8,15.0,23.1,73.0,1013.5,5.1,47.0,52.0,5.0
2021-08-31,1.7,14.1,24.1,78.0,1016.7,4.4,19.0,29.0,5.0
2021-09-01,0.0,15.6,25.3,66.0,1020.6,4.1,348.0,9.0,0.0
2021-09-02,0.4,17.0,24.8,63.0,1023.6,5.3,48.0,25.0,0.0
2021-09-03,0.0,16.2,25.2,67.0,1020.2,5.1,63.0,38.0,0.0
2021-09-04,0.0,15.2,25.6,67.0,1016.1,4.0,235.0,39.0,0.0
2021-09-05,0.0,16.3,26.4,64.0,1018.3,4.8,24.0,22.0,0.0
2021-09-06,0.0,16.8,26.3,52.0,1022.1,6.7,21.0,13.0,0.0
2021-09-07,0.0,17.0,26.2,54.0,1022.3,5.0,38.0,45.0,0.0
2021-09-08,0.0,17.3,26.2,49.0,1020.4,8.3,51.0,4.0,0.0
2021-09-09,0.0,16.0,25.9,48.0,1017.7,4.7,52.0,1.0,0.0
2021-09-10,0.0,15.5,26.5,56.0,1017.0,5.0,98.0,21.0,0.0
2021-09-11,0.0,16.4,26.2,63.0,1016.9,4.5,56.0,40.0,0.0
2021-09-12,0.0,17.3,27.8,57.0,1015.9,3.9,98.0,14.0,0.0
2021-09-13,0.0,18.8,28.9,57.0,1015.9,4.3,346.0,31.0,0.0
2021-09-14,0.0,18.3,29.6,57.0,1016.6,5.4,81.0,58.0,0.0
2021-09-15,0.0,18.3,27.4,64.0,1016.5,5.3,225.0,75.0,0.0
2021-09-16,5.0,18.1,22.5,83.0,1015.3,5.1,47.0,93.0,12.0
2021-09-17,3.7,17.8,24.0,83.0,1011.6,4.7,59.0,86.0,12.0
2021-09-18,0.6,16.5,22.8,75.0,1013.3,6.3,63.0,62.0,3.0
2021-09-19,8.7,16.2,21.6,78.0,1011.5,7.3,63.0,83.0,9.0
2021-09-20,0.1,12.9,21.8,74.0,1014.0,7.3,64.0,47.0,4.0
2021-09-21,0.0,13.6,20.2,65.0,1023.1,6.5,56.0,45.0,0.0
2021-09-22,0.0,13.7,20.7,71.0,1023.8,6.1,65.0,66.0,0.0
2021-09-23,0.0,14.3,20.9,72.0,1022.8,5.5,52.0,57.0,0.0
2021-09-24,0.0,11.4,21.2,78.0,1018.8,4.3,55.0,10.0,0.0
2021-09-25,0.0,14.4,23.3,79.0,1021.1,3.9,43.0,30.0,7.0
2021-09-26,6.7,16.7,22.0,87.0,1020.2,3.8,39.0,93.0,11.0
2021-09-27,0.5,15.9,22.1,85.0,1017.5,3.9,276.0,40.0,8.0
2021-09-28,0.1,15.0,25.6,75.0,1019.2,4.5,262.0,43.0,0.0
2021-09-29,2.5,16.7,25.2,65.0,1017.9,5.1,325.0,68.0,1.0
2021-09-30,1.7,15.5,22.4,70.0,1023.5,7.5,60.0,44.0,2.0
2021-10-01,0.0,12.8,21.0,63.0,1024.1,4.2,78.0,20.0,0.0
2021-10-02,0.0,12.9,20.2,71.0,1020.0,3.8,57.0,46.0,0.0
2021-10-03,0.2,13.8,21.3,78.0,1018.3,5.2,48.0,50.0,1.0
2021-10-04,10.6,16.2,22.9,84.0,1018.2,7.4,51.0,85.0,12.0
2021-10-05,26.4,15.6,20.8,87.0,1013.8,8.7,34.0,82.0,17.0
2021-10-06,13.0,13.4,17.4,78.0,1013.6,10.5,44.0,77.0,13.0
2021-10-07,2.0,12.6,16.8,79.0,1016.4,4.0,289.0,96.0,5.0
2021-10-08,1.9,12.2,18.3,76.0,1020.9,4.7,46.0,85.0,5.0
2021-10-09,0.0,10.0,17.8,63.0,1023.8,8.3,66.0,13.0,0.0
2021-10-10,0.0,6.4,16.0,63.0,1022.2,5.6,302.0,11.0,0.0
2021-10-11,0.0,8.9,18.3,64.0,1019.7,5.8,252.0,51.0,0.0
2021-10-12,0.1,8.1,15.9,76.0,1017.4,4.8,46.0,89.0,2.0
2021-10-13,1.9,6.6,16.6,75.0,1018.0,4.8,57.0,38.0,9.0
2021-10-14,0.5,6.4,15.3,69.0,1024.6,4.9,265.0,14.0,1.0
2021-10-15,0.0,6.4,15.7,68.0,1020.0,4.2,3.0,36.0,0.0
2021-10-16,0.0,7.1,18.4,63.0,1018.7,3.4,11.0,53.0,0.0
2021-10-17,0.0,9.7,17.8,62.0,1020.7,3.7,348.0,4.0,0.0
2021-10-18,0.0,8.4,17.7,74.0,1024.2,3.4,20.0,46.0,0.0
2021-10-19,0.0,9.2,17.0,70.0,1027.8,4.2,3.0,74.0,0.0
2021-10-20,0.6,9.6,16.6,80.0,1024.6,4.8,34.0,86.0,1.0
2021-10-21,5.6,11.0,15.0,91.0,1014.9,3.3,38.0,93.0,19.0
2021-10-22,0.0,9.1,17.9,85.0,1015.6,3.9,30.0,39.0,11.0
2021-10-23,0.0,9.5,18.9,74.0,1022.9,7.0,47.0,35.0,7.0
2021-10-24,0.0,8.6,16.1,62.0,1028.8,7.7,57.0,21.0,0.0
2021-10-25,0.0,6.1,14.4,66.0,1025.0,4.2,12.0,100.0,0.0
2021-10-26,0.0,8.9,15.9,51.0,1022.6,3.8,34.0,41.0,0.0
2021-10-27,0.0,6.2,17.2,57.0,1025.8,3.7,335.0,0.0,0.0
2021-10-28,0.0,8.7,16.9,60.0,1023.5,3.6,344.0,0.0,0.0
2021-10-29,0.0,7.7,15.5,58.0,1019.8,4.2,27.0,35.0,0.0
2021-10-30,0.0,6.4,15.8,60.0,1018.9,3.6,351.0,51.0,0.0
2021-10-31,0.0,8.3,15.0,79.0,1018.2,3.5,12.0,64.0,1.0
2021-11-01,38.0,7.7,12.9,85.0,1007.7,7.5,40.0,89.0,12.0
2021-11-02,0.1,7.3,15.3,81.0,1002.2,4.5,30.0,51.0,2.0
2021-11-03,21.9,7.0,13.2,82.0,1004.3,9.2,30.0,97.0,13.0
2021-11-04,11.2,7.9,14.8,81.0,1003.8,8.7,292.0,51.0,10.0
2021-11-05,0.0,4.5,16.0,73.0,1018.3,4.7,22.0,56.0,3.0
2021-11-06,0.0,4.4,14.3,57.0,1025.9,4.3,4.0,11.0,0.0
2021-11-07,0.0,6.1,13.0,67.0,1020.6,4.1,303.0,53.0,0.0
2021-11-08,0.5,6.7,12.7,75.0,1017.8,6.2,43.0,85.0,1.0
2021-11-09,0.0,5.4,14.5,67.0,1025.5,6.5,42.0,37.0,0.0
2021-11-10,0.0,7.7,15.1,65.0,1027.3,3.7,281.0,80.0,0.0
2021-11-11,0.0,8.7,16.7,75.0,1023.9,5.3,307.0,79.0,0.0
2021-11-12,0.0,8.9,15.0,85.0,1019.8,3.6,42.0,62.0,5.0
2021-11-13,1.5,7.8,12.7,93.0,1017.8,3.2,68.0,85.0,20.0
2021-11-14,31.4,9.6,13.1,88.0,1016.5,11.2,50.0,95.0,16.0
2021-11-15,0.0,7.9,16.2,72.0,1020.7,9.5,60.0,95.0,0.0
2021-11-16,0.0,7.7,12.9,77.0,1020.7,3.6,14.0,100.0,0.0
2021-11-17,0.0,8.9,14.0,84.0,1019.2,3.3,305.0,75.0,4.0
2021-11-18,0.1,7.5,14.4,80.0,1025.7,5.2,42.0,56.0,7.0
2021-11-19,0.0,5.7,13.5,83.0,1028.7,4.2,283.0,66.0,3.0
2021-11-20,0.0,6.6,10.9,89.0,1024.5,2.4,240.0,39.0,14.0
2021-11-21,0.0,4.5,8.2,92.0,1015.2,3.1,109.0,61.0,18.0
2021-11-22,0.0,5.9,12.7,82.0,1013.7,4.8,50.0,100.0,4.0
2021-11-23,0.0,4.9,12.6,73.0,1022.6,6.1,39.0,25.0,1.0
2021-11-24,0.0,3.5,9.2,76.0,1023.0,3.3,342.0,5.0,0.0
2021-11-25,4.6,2.0,8.3,84.0,1013.3,4.3,346.0,93.0,9.0
2021-11-26,4.5,7.4,9.6,93.0,997.8,5.2,27.0,98.0,23.0
2021-11-27,5.9,6.1,10.2,87.0,994.0,8.5,48.0,85.0,12.0
2021-11-28,20.4,3.4,8.2,88.0,993.0,5.4,10.0,88.0,18.0
2021-11-29,0.6,-0.4,8.4,75.0,1000.5,4.0,294.0,78.0,6.0
2021-11-30,0.0,-2.2,6.9,62.0,1014.1,5.0,15.0,41.0,0.0
2021-12-01,0.0,-0.7,7.5,70.0,1011.7,5.1,37.0,59.0,0.0
2021-12-02,9.8,4.5,7.6,87.0,1001.1,3.1,42.0,100.0,13.0
2021-12-03,1.0,3.4,9.4,79.0,1010.3,4.1,355.0,69.0,8.0
2021-12-04,0.0,2.1,5.9,74.0,1011.1,3.7,29.0,93.0,0.0
2021-12-05,10.2,1.9,6.6,85.0,1003.4,4.5,315.0,91.0,10.0
2021-12-06,0.1,-0.3,9.5,72.0,1008.9,5.2,324.0,29.0,6.0
2021-12-07,0.0,-0.6,6.9,61.0,1013.3,4.7,351.0,23.0,0.0
2021-12-08,25.8,-0.9,4.9,75.0,1007.4,9.9,24.0,84.0,10.0
2021-12-09,3.3,2.2,5.1,90.0,1002.1,5.0,284.0,100.0,13.0
2021-12-10,0.2,-0.6,6.4,75.0,1003.8,4.0,1.0,86.0,0.0
2021-12-11,0.0,0.3,8.4,69.0,1007.8,4.5,299.0,38.0,0.0
2021-12-12,0.0,-2.1,8.8,61.0,1021.4,3.5,31.0,18.0,0.0
2021-12-13,0.0,1.8,9.0,58.0,1025.3,3.2,327.0,38.0,0.0
2021-12-14,0.0,2.3,8.1,69.0,1026.7,4.0,353.0,50.0,0.0
2021-12-15,0.0,1.5,10.1,63.0,1029.5,4.1,14.0,60.0,0.0
2021-12-16,0.0,1.3,8.8,75.0,1031.7,5.9,343.0,5.0,0.0
2021-12-17,0.0,1.7,8.9,73.0,1031.6,5.1,13.0,13.0,1.0
2021-12-18,0.0,1.6,8.6,78.0,1032.6,4.8,240.0,38.0,7.0
2021-12-19,0.0,-1.1,3.0,83.0,1025.1,3.4,264.0,91.0,10.0
2021-12-20,0.0,-1.6,10.5,74.0,1018.6,8.0,44.0,51.0,8.0
2021-12-21,0.0,1.1,6.6,73.0,1024.3,5.6,47.0,94.0,0.0
2021-12-22,0.0,-0.4,7.6,84.0,1025.6,3.5,345.0,35.0,3.0
2021-12-23,0.0,-1.2,3.5,89.0,1023.3,2.7,273.0,88.0,8.0
2021-12-24,0.0,-1.5,3.2,82.0,1015.6,3.1,325.0,81.0,4.0
2021-12-25,0.4,-0.3,5.7,83.0,1009.5,3.2,332.0,100.0,7.0
2021-12-26,0.8,2.2,7.9,84.0,1008.5,3.3,343.0,86.0,4.0
2021-12-27,0.6,5.3,8.2,88.0,1009.5,2.6,266.0,98.0,7.0
2021-12-28,1.5,3.1,9.0,90.0,1008.8,4.1,272.0,89.0,11.0
2021-12-29,0.0,4.8,8.7,95.0,1010.1,3.6,258.0,99.0,20.0
2021-12-30,0.1,4.2,10.5,79.0,1019.6,3.9,285.0,89.0,2.0
2021-12-31,0.0,5.4,8.2,85.0,1024.9,2.2,76.0,65.0,7.0
2022-01-01,0.0,2.5,8.0,82.0,1025.9,3.1,250.0,70.0,7.0
2022-01-02,0.0,0.4,7.9,71.0,1025.4,3.5,56.0,66.0,5.0
2022-01-03,0.0,1.6,5.7,85.0,1021.1,4.0,290.0,100.0,6.0
2022-01-04,0.3,2.5,6.2,90.0,1012.8,3.7,11.0,100.0,11.0
2022-01-05,18.1,3.8,9.2,91.0,1003.3,6.9,47.0,100.0,24.0
2022-01-06,3.6,0.5,7.9,88.0,1013.2,5.1,193.0,45.0,12.0
2022-01-07,0.0,-1.7,5.9,62.0,1020.7,4.9,29.0,35.0,0.0
2022-01-08,0.0,-2.8,4.9,72.0,1015.5,4.6,308.0,33.0,0.0
2022-01-09,0.0,-2.1,4.6,67.0,1006.6,4.6,337.0,98.0,0.0
2022-01-10,0.0,0.2,8.0,67.0,1011.1,5.0,322.0,59.0,0.0
2022-01-11,0.0,-2.1,9.0,64.0,1022.9,4.4,1.0,0.0,0.0
2022-01-12,0.0,-1.9,7.3,63.0,1031.2,5.0,345.0,2.0,0.0
2022-01-13,0.0,-1.5,6.6,54.0,1037.0,5.0,315.0,11.0,0.0
2022-01-14,0.0,3.5,7.2,55.0,1031.3,2.7,336.0,0.0,0.0
2022-01-15,0.0,4.6,11.0,61.0,1025.7,3.8,54.0,1.0,0.0
2022-01-16,0.0,4.2,9.5,60.0,1024.3,4.0,351.0,0.0,0.0
2022-01-17,0.0,1.0,9.2,70.0,1025.5,4.6,349.0,36.0,0.0
2022-01-18,0.0,1.6,10.5,61.0,1032.2,3.6,339.0,16.0,0.0
2022-01-19,0.0,1.7,7.6,70.0,1031.1,3.1,325.0,12.0,2.0
2022-01-20,0.0,-0.7,5.3,86.0,1021.6,3.7,288.0,44.0,4.0
2022-01-21,0.0,-2.2,8.1,59.0,1023.8,3.9,292.0,8.0,0.0
2022-01-22,0.0,-3.0,5.4,67.0,1026.2,2.8,356.0,9.0,0.0
2022-01-23,0.0,-1.7,7.8,68.0,1030.2,3.9,346.0,33.0,0.0
2022-01-24,0.0,-1.4,7.0,70.0,1032.6,6.0,41.0,14.0,0.0
2022-01-25,0.0,1.5,5.6,86.0,1033.3,3.2,29.0,70.0,8.0
2022-01-26,0.0,0.1,5.4,93.0,1029.1,4.2,269.0,68.0,18.0
2022-01-27,0.0,-0.6,3.7,91.0,1027.0,3.7,278.0,99.0,11.0
2022-01-28,0.0,-1.1,8.8,83.0,1026.3,5.3,295.0,62.0,11.0
2022-01-29,0.0,-0.2,8.3,55.0,1029.4,4.5,19.0,60.0,0.0
2022-01-30,0.0,1.0,7.3,74.0,1020.6,3.4,332.0,26.0,0.0
2022-01-31,0.0,-0.4,7.4,64.0,1011.4,4.6,337.0,46.0,0.0
2022-02-01,0.0,-0.9,12.9,55.0,1011.2,5.9,358.0,39.0,0.0
2022-02-02,0.0,0.4,12.1,65.0,1012.0,4.6,294.0,74.0,0.0
2022-02-03,0.0,1.5,11.5,71.0,1021.8,8.9,53.0,68.0,0.0
2022-02-04,0.0,2.0,10.0,80.0,1018.5,3.8,350.0,40.0,4.0
2022-02-05,0.0,1.5,10.8,81.0,1019.5,3.2,326.0,26.0,3.0
2022-02-06,0.0,3.2,8.1,84.0,1020.8,4.9,48.0,78.0,7.0
2022-02-07,0.7,-0.5,13.1,63.0,1013.9,9.0,12.0,49.0,6.0
2022-02-08,0.0,-1.6,10.2,52.0,1029.2,4.9,17.0,6.0,0.0
2022-02-09,0.0,4.0,10.4,52.0,1030.8,3.3,49.0,17.0,0.0
2022-02-10,0.0,2.9,9.7,65.0,1027.3,5.6,57.0,28.0,0.0
2022-02-11,0.0,2.5,9.8,78.0,1024.3,4.0,22.0,58.0,2.0
2022-02-12,0.0,0.6,9.9,45.0,1031.5,7.7,45.0,0.0,0.0
2022-02-13,0.0,-0.5,8.3,59.0,1027.6,5.1,329.0,32.0,0.0
2022-02-14,0.2,0.9,5.7,65.0,1019.8,3.1,347.0,67.0,0.0
2022-02-15,21.7,2.9,7.6,86.0,1013.4,8.4,34.0,100.0,18.0
2022-02-16,0.0,1.7,11.3,80.0,1016.4,4.3,243.0,50.0,2.0
2022-02-17,0.0,1.7,7.7,89.0,1012.7,4.7,72.0,86.0,13.0
2022-02-18,0.0,2.4,11.8,85.0,1016.0,4.9,288.0,55.0,10.0
2022-02-19,0.0,4.7,10.5,88.0,1015.8,4.4,36.0,94.0,12.0
2022-02-20,0.7,6.4,13.2,85.0,1018.4,4.9,1.0,81.0,8.0
2022-02-21,2.0,5.5,11.1,91.0,1008.9,4.4,52.0,76.0,17.0
2022-02-22,0.0,0.2,14.4,62.0,1014.8,6.9,55.0,17.0,0.0
2022-02-23,0.0,4.1,13.1,62.0,1024.7,4.6,35.0,1.0,0.0
2022-02-24,0.0,4.0,12.6,65.0,1023.3,4.0,23.0,67.0,0.0
2022-02-25,1.0,2.1,12.1,78.0,1019.0,7.8,63.0,40.0,2.0
2022-02-26,0.0,-0.2,10.9,67.0,1025.6,5.7,24.0,36.0,3.0
2022-02-27,0.0,-1.5,11.8,47.0,1027.1,6.1,58.0,20.0,0.0
2022-02-28,0.2,1.4,10.2,52.0,1027.7,8.1,94.0,23.0,0.0
2022-03-01,0.3,-2.4,9.8,59.0,1030.1,7.0,259.0,10.0,0.0
2022-03-02,0.0,-1.1,9.4,63.0,1024.1,4.8,85.0,51.0,0.0
2022-03-03,0.0,2.4,11.5,67.0,1017.3,4.8,70.0,26.0,0.0
2022-03-04,2.1,1.6,10.8,63.0,1015.5,7.9,44.0,44.0,6.0
2022-03-05,0.0,1.3,8.8,52.0,1018.5,7.4,68.0,32.0,0.0
2022-03-06,0.0,-0.7,8.4,53.0,1018.3,6.2,21.0,44.0,0.0
2022-03-07,0.0,-1.2,9.1,61.0,1019.2,6.1,79.0,14.0,0.0
2022-03-08,0.0,0.4,8.9,53.0,1023.1,7.2,277.0,57.0,0.0
2022-03-09,0.0,0.2,11.9,59.0,1023.8,4.9,94.0,11.0,0.0
2022-03-10,0.0,1.6,13.9,61.0,1025.1,4.5,65.0,0.0,0.0
2022-03-11,0.0,4.6,8.3,63.0,1028.7,7.9,64.0,95.0,0.0
2022-03-12,0.0,0.4,8.8,50.0,1029.3,6.8,72.0,42.0,0.0
2022-03-13,0.0,-0.9,8.9,46.0,1027.8,4.4,102.0,0.0,0.0
2022-03-14,0.0,0.2,11.7,65.0,1032.5,5.1,81.0,65.0,0.0
2022-03-15,0.0,4.3,11.3,73.0,1034.0,5.0,35.0,94.0,2.0
2022-03-16,0.0,3.3,11.9,83.0,1026.2,6.2,79.0,57.0,7.0
2022-03-17,0.0,5.1,14.6,73.0,1027.4,5.7,62.0,96.0,5.0
2022-03-18,0.0,7.1,15.5,52.0,1033.0,10.5,67.0,77.0,0.0
2022-03-19,0.0,3.3,12.8,52.0,1035.5,8.5,67.0,2.0,0.0
2022-03-20,0.0,4.4,12.5,41.0,1036.4,12.0,59.0,19.0,0.0
2022-03-21,0.0,1.8,12.8,41.0,1036.7,5.4,22.0,8.0,0.0
2022-03-22,0.0,2.9,14.8,45.0,1035.3,6.9,49.0,0.0,0.0
2022-03-23,0.0,3.9,18.5,46.0,1030.9,4.4,305.0,0.0,0.0
2022-03-24,0.0,6.1,20.7,42.0,1026.4,4.8,258.0,0.0,0.0
2022-03-25,0.0,7.3,19.3,43.0,1025.1,5.0,46.0,0.0,0.0
2022-03-26,0.0,5.4,20.9,46.0,1026.4,5.7,60.0,1.0,0.0
2022-03-27,0.0,7.3,20.6,43.0,1027.9,4.4,73.0,0.0,0.0
2022-03-28,0.0,6.5,20.3,48.0,1024.7,6.1,106.0,0.0,0.0
2022-03-29,0.0,5.0,16.0,75.0,1015.9,6.1,89.0,70.0,3.0
2022-03-30,0.3,6.0,13.5,82.0,1006.1,6.1,56.0,97.0,8.0
2022-03-31,7.2,7.0,13.3,88.0,994.3,4.8,314.0,100.0,18.0
2022-04-01,7.2,7.0,12.4,87.0,993.0,8.0,65.0,99.0,17.0
2022-04-02,2.4,4.6,9.3,76.0,1000.5,9.0,73.0,99.0,7.0
2022-04-03,0.6,3.9,10.7,66.0,1013.9,5.0,353.0,81.0,0.0
2022-04-04,0.7,3.2,10.9,68.0,1018.2,5.6,73.0,53.0,0.0
2022-04-05,0.0,3.0,12.5,72.0,1013.7,5.2,70.0,3.0,0.0
2022-04-06,0.0,4.5,14.8,77.0,1011.0,5.3,85.0,58.0,3.0
2022-04-07,0.0,6.8,18.3,77.0,1003.8,6.1,65.0,75.0,4.0
2022-04-08,3.9,6.5,17.1,82.0,1003.2,5.8,75.0,92.0,13.0
2022-04-09,5.8,5.5,15.1,82.0,1002.4,11.5,65.0,94.0,13.0
2022-04-10,0.0,1.2,14.9,54.0,1017.2,7.8,214.0,18.0,0.0
2022-04-11,0.0,4.7,15.1,55.0,1021.9,7.4,65.0,57.0,0.0
2022-04-12,0.0,5.2,15.5,66.0,1020.7,4.7,74.0,81.0,0.0
2022-04-13,0.0,6.7,17.2,69.0,1020.1,4.2,90.0,96.0,0.0
2022-04-14,0.0,7.3,22.1,65.0,1019.5,4.3,102.0,30.0,0.0
2022-04-15,0.0,9.9,21.0,66.0,1019.9,5.5,80.0,47.0,0.0
2022-04-16,5.9,9.1,19.8,67.0,1019.6,6.9,49.0,36.0,3.0
2022-04-17,0.2,7.1,14.0,56.0,1021.2,5.9,195.0,28.0,0.0
2022-04-18,0.0,5.4,16.0,52.0,1016.5,8.1,246.0,30.0,0.0
2022-04-19,0.0,5.3,16.0,57.0,1011.4,6.6,81.0,49.0,0.0
2022-04-20,0.0,7.4,13.1,64.0,1013.8,5.4,56.0,80.0,0.0
2022-04-21,0.2,5.5,15.6,66.0,1010.9,6.7,70.0,84.0,0.0
2022-04-22,12.8,9.8,13.8,80.0,1002.5,6.7,33.0,100.0,17.0
2022-04-23,6.6,9.1,17.1,84.0,1006.9,5.7,89.0,93.0,13.0
2022-04-24,11.5,8.2,15.2,78.0,1005.5,8.1,56.0,86.0,9.0
2022-04-25,0.4,6.6,16.7,78.0,1009.9,6.2,79.0,81.0,2.0
2022-04-26,5.2,9.1,17.0,81.0,1013.9,5.2,69.0,62.0,10.0
2022-04-27,0.0,8.6,18.8,73.0,1018.5,5.8,128.0,16.0,6.0
2022-04-28,0.0,8.9,18.8,66.0,1023.8,5.6,89.0,26.0,0.0
2022-04-29,0.0,10.6,19.7,56.0,1024.9,6.4,64.0,33.0,0.0
2022-04-30,0.0,11.0,20.4,56.0,1020.1,6.6,11.0,72.0,0.0
2022-05-01,1.8,9.8,19.7,61.0,1016.3,9.1,16.0,78.0,2.0
2022-05-02,1.5,9.7,19.8,69.0,1014.9,6.6,21.0,61.0,2.0
2022-05-03,0.0,9.7,22.1,62.0,1014.5,4.6,307.0,53.0,0.0
2022-05-04,0.0,12.1,22.3,59.0,1016.7,5.8,112.0,84.0,0.0
2022-05-05,1.7,10.2,20.4,71.0,1019.7,8.3,81.0,81.0,3.0
2022-05-06,4.3,12.7,15.6,87.0,1020.4,6.3,71.0,100.0,14.0
2022-05-07,1.5,11.9,18.2,84.0,1019.4,3.4,30.0,99.0,4.0
2022-05-08,0.1,13.3,21.1,68.0,1019.5,7.8,57.0,85.0,0.0
2022-05-09,0.0,11.0,23.8,59.0,1022.3,7.5,58.0,13.0,0.0
2022-05-10,0.0,13.8,24.8,60.0,1021.1,4.4,247.0,12.0,0.0
2022-05-11,0.0,13.3,26.6,65.0,1019.4,6.2,215.0,62.0,0.0
2022-05-12,0.0,15.4,25.8,70.0,1019.4,5.6,71.0,23.0,0.0
2022-05-13,0.4,16.0,26.2,72.0,1018.4,4.8,58.0,88.0,4.0
2022-05-14,12.4,16.1,24.9,73.0,1018.4,5.2,11.0,72.0,7.0
2022-05-15,0.6,16.1,26.4,70.0,1018.0,4.6,240.0,55.0,0.0
2022-05-16,0.1,16.7,27.7,66.0,1017.7,6.3,90.0,84.0,0.0
2022-05-17,0.0,14.9,26.9,70.0,1017.6,5.0,106.0,34.0,0.0
2022-05-18,9.4,17.0,25.0,69.0,1021.9,7.9,62.0,44.0,5.0
2022-05-19,0.0,16.9,24.7,54.0,1026.7,7.4,89.0,49.0,0.0
2022-05-20,0.0,14.5,26.2,65.0,1024.9,5.4,95.0,52.0,0.0
2022-05-21,0.0,15.5,26.5,68.0,1018.0,4.4,85.0,46.0,0.0
2022-05-22,0.0,17.5,27.6,70.0,1012.3,5.3,98.0,74.0,2.0
2022-05-23,0.6,18.8,26.5,77.0,1008.5,6.2,91.0,71.0,3.0
2022-05-24,4.5,17.5,26.4,67.0,1006.7,11.0,55.0,93.0,6.0
2022-05-25,0.0,15.4,26.9,70.0,1012.2,6.1,55.0,73.0,0.0
2022-05-26,1.9,17.0,26.6,72.0,1019.6,6.5,86.0,52.0,5.0
2022-05-27,0.2,17.6,28.7,71.0,1016.7,5.8,107.0,71.0,2.0
2022-05-28,12.8,16.5,23.0,76.0,1011.4,13.6,60.0,87.0,8.0
2022-05-29,0.1,12.1,19.0,62.0,1008.9,10.5,67.0,83.0,0.0
2022-05-30,0.0,10.2,20.6,68.0,1010.6,5.7,78.0,44.0,0.0
2022-05-31,0.0,13.9,23.8,71.0,1014.5,5.4,94.0,60.0,0.0
2022-06-01,0.5,15.3,25.9,74.0,1014.9,6.5,98.0,26.0,2.0
2022-06-02,1.2,17.9,27.2,76.0,1016.5,6.2,68.0,50.0,5.0
2022-06-03,6.1,18.7,27.3,77.0,1018.3,5.1,91.0,91.0,9.0
2022-06-04,0.0,17.6,29.5,76.0,1017.2,5.5,91.0,31.0,5.0
2022-06-05,0.0,20.2,29.2,73.0,1014.9,6.4,85.0,58.0,1.0
2022-06-06,0.0,17.8,28.2,63.0,1014.9,5.1,123.0,25.0,0.0
2022-06-07,15.6,16.7,23.4,74.0,1011.7,4.8,351.0,87.0,11.0
2022-06-08,2.3,15.2,26.0,62.0,1009.6,6.0,214.0,50.0,1.0
2022-06-09,21.8,17.2,20.5,87.0,1008.2,4.1,220.0,100.0,17.0
2022-06-10,0.0,12.6,27.3,59.0,1014.7,5.2,318.0,35.0,0.0
2022-06-11,0.0,17.6,28.0,55.0,1019.2,4.9,51.0,10.0,0.0
2022-06-12,0.0,18.2,29.6,59.0,1019.5,5.6,68.0,18.0,0.0
2022-06-13,0.0,18.5,28.6,61.0,1015.6,5.5,93.0,37.0,0.0
2022-06-14,6.7,19.6,27.5,60.0,1018.2,8.9,55.0,28.0,3.0
2022-06-15,0.0,18.3,28.7,63.0,1018.3,4.8,94.0,49.0,0.0
2022-06-16,0.0,18.3,29.6,69.0,1016.9,6.1,198.0,36.0,2.0
2022-06-17,0.0,19.8,30.7,62.0,1018.8,5.9,63.0,69.0,0.0
2022-06-18,0.0,20.4,29.3,58.0,1021.0,6.8,120.0,46.0,0.0
2022-06-19,0.0,19.6,30.6,58.0,1016.2,6.6,154.0,2.0,0.0
2022-06-20,0.0,18.7,33.3,63.0,1012.1,7.1,82.0,2.0,0.0
2022-06-21,0.0,21.2,30.8,66.0,1011.4,5.6,12.0,60.0,0.0
2022-06-22,1.5,20.3,28.6,73.0,1011.7,5.5,260.0,96.0,7.0
2022-06-23,5.2,19.2,30.1,75.0,1012.1,6.3,92.0,34.0,11.0
2022-06-24,2.0,19.5,30.0,67.0,1010.7,8.1,233.0,39.0,5.0
2022-06-25,0.0,17.3,30.5,56.0,1011.7,6.3,83.0,4.0,0.0
2022-06-26,0.0,19.9,31.7,58.0,1014.3,7.3,77.0,24.0,0.0
2022-06-27,0.0,21.8,32.3,56.0,1014.7,7.5,88.0,6.0,0.0
2022-06-28,9.2,21.1,33.0,53.0,1014.1,10.0,29.0,59.0,2.0
2022-06-29,4.1,20.9,27.8,62.0,1011.0,9.2,34.0,50.0,2.0
2022-06-30,1.7,20.9,30.0,70.0,1011.8,4.9,223.0,28.0,1.0
2022-07-01,10.5,20.8,28.8,72.0,1013.4,8.2,38.0,34.0,2.0
2022-07-02,0.0,19.5,32.3,55.0,1017.5,5.6,63.0,13.0,0.0
2022-07-03,0.0,21.8,32.3,56.0,1016.9,5.1,18.0,25.0,0.0
2022-07-04,0.5,22.5,32.8,53.0,1014.9,5.3,5.0,52.0,1.0
2022-07-05,0.0,21.0,31.5,54.0,1014.5,6.4,21.0,31.0,0.0
2022-07-06,0.4,19.4,30.1,55.0,1017.3,6.0,4.0,30.0,1.0
2022-07-07,4.7,19.7,28.9,61.0,1016.8,6.8,24.0,47.0,4.0
2022-07-08,0.0,16.9,29.4,56.0,1019.6,5.8,245.0,7.0,0.0
2022-07-09,0.2,19.5,27.8,52.0,1021.4,7.4,61.0,55.0,0.0
2022-07-10,0.0,18.4,30.8,48.0,1016.2,8.3,270.0,47.0,0.0
2022-07-11,0.1,19.4,27.6,57.0,1018.3,8.7,92.0,44.0,0.0
2022-07-12,5.4,18.2,27.9,67.0,1020.6,7.4,82.0,52.0,4.0
2022-07-13,0.0,19.1,30.5,59.0,1022.3,6.6,212.0,19.0,0.0
2022-07-14,0.0,19.9,31.0,55.0,1019.0,5.2,124.0,50.0,0.0
2022-07-15,0.3,20.5,32.3,50.0,1013.7,7.7,80.0,20.0,1.0
2022-07-16,0.5,22.5,32.6,52.0,1015.8,7.8,77.0,31.0,1.0
2022-07-17,12.3,22.0,31.0,57.0,1020.7,9.2,61.0,32.0,7.0
2022-07-18,0.0,22.0,31.1,48.0,1021.7,7.5,69.0,24.0,0.0
2022-07-19,0.0,23.3,32.9,44.0,1020.0,5.7,103.0,18.0,0.0
2022-07-20,0.0,21.8,34.3,42.0,1018.6,5.5,139.0,3.0,0.0
2022-07-21,0.0,22.1,35.2,41.0,1016.5,6.0,145.0,15.0,0.0
2022-07-22,0.0,23.0,36.6,44.0,1015.6,5.4,162.0,44.0,0.0
2022-07-23,0.0,24.1,36.2,38.0,1014.3,6.6,156.0,67.0,0.0
2022-07-24,0.0,23.2,34.4,44.0,1015.7,7.2,98.0,12.0,0.0
2022-07-25,0.0,24.0,36.1,46.0,1012.8,6.9,144.0,19.0,0.0
2022-07-26,0.0,21.9,34.1,51.0,1010.2,8.5,74.0,47.0,0.0
2022-07-27,3.8,21.9,31.0,54.0,1011.2,7.9,70.0,71.0,3.0
2022-07-28,0.0,21.5,31.7,49.0,1013.3,9.2,82.0,31.0,0.0
2022-07-29,0.4,20.8,33.1,48.0,1013.3,6.9,238.0,77.0,1.0
2022-07-30,3.6,18.9,28.9,67.0,1013.9,6.0,189.0,22.0,10.0
2022-07-31,0.0,20.9,33.4,51.0,1015.0,6.1,199.0,8.0,0.0
2022-08-01,0.0,21.7,34.2,46.0,1014.3,7.6,125.0,13.0,0.0
2022-08-02,9.6,21.0,30.6,58.0,1016.0,6.2,55.0,50.0,3.0
2022-08-03,0.0,21.7,32.8,46.0,1016.3,6.7,118.0,9.0,0.0
2022-08-04,0.0,22.3,34.6,44.0,1015.1,6.3,187.0,2.0,0.0
2022-08-05,0.0,23.7,35.6,41.0,1013.3,6.1,203.0,11.0,0.0
2022-08-06,0.8,23.1,34.8,52.0,1013.9,7.3,29.0,34.0,2.0
2022-08-07,1.7,22.5,29.6,56.0,1016.1,6.5,2.0,83.0,3.0
2022-08-08,0.1,19.9,31.6,54.0,1016.4,8.8,66.0,46.0,0.0
2022-08-09,0.0,22.4,31.5,45.0,1018.9,8.6,63.0,18.0,0.0
2022-08-10,0.0,21.7,31.3,35.0,1019.6,10.6,66.0,24.0,0.0
2022-08-11,0.0,20.8,31.4,34.0,1017.8,9.4,60.0,52.0,0.0
2022-08-12,0.1,20.8,27.5,42.0,1015.7,11.4,51.0,66.0,0.0
2022-08-13,0.0,18.0,29.1,42.0,1013.4,7.0,49.0,27.0,0.0
2022-08-14,0.0,18.0,31.6,43.0,1010.0,6.7,215.0,49.0,0.0
2022-08-15,0.1,20.3,30.9,51.0,1007.1,6.7,220.0,56.0,0.0
2022-08-16,0.0,18.7,29.5,60.0,1010.2,5.0,103.0,9.0,1.0
2022-08-17,0.3,20.1,31.9,63.0,1012.5,6.2,117.0,60.0,0.0
2022-08-18,6.8,20.2,28.6,77.0,1011.5,8.6,50.0,85.0,4.0
2022-08-19,14.1,19.6,27.1,78.0,1009.7,6.9,247.0,72.0,6.0
2022-08-20,1.2,18.7,28.6,71.0,1011.5,6.4,351.0,52.0,1.0
2022-08-21,1.4,19.0,28.6,65.0,1011.3,5.2,29.0,13.0,1.0
2022-08-22,0.0,19.0,28.5,58.0,1009.6,4.6,52.0,9.0,0.0
2022-08-23,0.0,19.1,26.8,73.0,1012.8,4.9,74.0,22.0,0.0
2022-08-24,0.0,18.7,27.8,69.0,1015.8,4.8,240.0,15.0,0.0
2022-08-25,0.0,20.6,29.4,61.0,1014.3,3.8,225.0,31.0,0.0
2022-08-26,0.4,21.5,29.7,63.0,1011.2,3.6,9.0,47.0,1.0
2022-08-27,5.2,20.4,27.2,67.0,1010.5,7.2,329.0,95.0,3.0
2022-08-28,0.8,18.8,28.1,72.0,1013.3,5.3,111.0,67.0,4.0
2022-08-29,0.5,17.9,27.8,71.0,1016.5,6.1,26.0,68.0,1.0
2022-08-30,0.0,18.1,29.6,67.0,1017.1,5.5,0.0,74.0,2.0
2022-08-31,6.7,19.1,26.0,77.0,1014.6,7.0,42.0,74.0,9.0
2022-09-01,1.7,18.3,26.0,70.0,1014.4,7.7,48.0,81.0,3.0
2022-09-02,0.0,16.2,24.4,65.0,1015.7,4.3,12.0,58.0,0.0
2022-09-03,0.3,16.8,24.7,68.0,1015.8,5.7,91.0,74.0,1.0
2022-09-04,0.0,17.1,26.8,73.0,1018.8,4.5,89.0,16.0,4.0
2022-09-05,0.1,17.7,27.7,72.0,1021.7,4.6,266.0,44.0,0.0
2022-09-06,1.1,19.0,28.7,71.0,1018.7,4.9,55.0,35.0,2.0
2022-09-07,6.6,19.3,26.6,81.0,1016.3,5.4,38.0,85.0,8.0
2022-09-08,18.4,18.8,26.3,80.0,1012.4,6.8,78.0,94.0,10.0
2022-09-09,2.4,17.0,24.5,79.0,1012.5,7.8,71.0,56.0,7.0
2022-09-10,0.0,15.1,25.2,66.0,1013.7,4.6,15.0,10.0,0.0
2022-09-11,0.0,14.3,25.5,64.0,1015.0,4.8,314.0,15.0,0.0
2022-09-12,0.0,16.1,25.9,68.0,1015.8,5.3,91.0,27.0,0.0
2022-09-13,0.0,15.9,26.1,72.0,1013.8,4.7,80.0,52.0,0.0
2022-09-14,0.3,18.1,27.0,75.0,1010.8,6.9,243.0,96.0,1.0
2022-09-15,0.5,17.8,27.8,76.0,1006.0,8.6,273.0,72.0,4.0
2022-09-16,8.7,17.2,26.3,78.0,1004.9,9.3,63.0,58.0,13.0
2022-09-17,20.6,11.1,17.0,86.0,1007.6,8.2,79.0,68.0,15.0
2022-09-18,0.0,9.1,21.1,60.0,1013.2,5.4,334.0,49.0,0.0
2022-09-19,0.0,10.8,23.4,63.0,1012.5,6.5,70.0,16.0,0.0
2022-09-20,1.1,11.7,20.8,58.0,1017.6,6.8,39.0,24.0,2.0
2022-09-21,0.4,11.3,18.6,61.0,1022.0,6.4,41.0,18.0,1.0
2022-09-22,0.0,9.8,18.9,60.0,1021.8,5.8,60.0,38.0,0.0
2022-09-23,0.0,11.6,20.1,60.0,1020.3,4.6,227.0,47.0,0.0
2022-09-24,0.0,12.2,19.1,68.0,1016.6,4.4,37.0,98.0,0.0
2022-09-25,1.5,13.2,20.6,75.0,1011.5,6.0,258.0,59.0,5.0
2022-09-26,0.2,12.1,20.9,77.0,1006.9,5.4,68.0,46.0,5.0
2022-09-27,4.7,12.5,20.0,82.0,1000.5,5.9,60.0,66.0,11.0
2022-09-28,0.5,10.9,18.1,75.0,1001.0,5.8,49.0,79.0,5.0
2022-09-29,21.4,11.6,20.2,83.0,999.7,7.4,54.0,84.0,14.0
2022-09-30,14.8,12.1,17.5,86.0,1008.3,6.9,46.0,98.0,16.0
2022-10-01,0.3,11.7,20.0,79.0,1014.1,7.2,258.0,66.0,4.0
2022-10-02,0.0,12.1,21.2,77.0,1018.5,4.6,27.0,26.0,0.0
2022-10-03,0.2,12.6,22.8,81.0,1019.1,4.3,22.0,41.0,8.0
2022-10-04,0.5,13.5,19.6,78.0,1022.6,5.9,54.0,58.0,6.0
2022-10-05,0.0,13.4,20.6,80.0,1026.7,3.4,56.0,68.0,4.0
2022-10-06,0.0,12.5,22.0,80.0,1027.7,4.0,26.0,49.0,6.0
2022-10-07,0.0,12.9,23.9,64.0,1024.6,4.0,327.0,19.0,0.0
2022-10-08,0.0,13.8,22.4,65.0,1019.5,4.0,49.0,18.0,0.0
2022-10-09,0.5,14.3,22.2,68.0,1021.4,8.7,53.0,95.0,1.0
2022-10-10,0.0,12.4,21.6,65.0,1021.0,4.8,56.0,34.0,0.0
2022-10-11,0.0,12.3,22.7,71.0,1021.2,3.4,14.0,35.0,0.0
2022-10-12,0.0,13.0,22.0,67.0,1022.4,5.3,57.0,81.0,0.0
2022-10-13,0.0,12.3,21.4,71.0,1020.7,3.5,283.0,61.0,0.0
2022-10-14,0.0,12.9,20.7,74.0,1017.2,3.5,342.0,62.0,0.0
2022-10-15,0.0,12.5,21.7,77.0,1016.6,4.0,18.0,64.0,3.0
2022-10-16,0.0,13.6,21.7,78.0,1022.9,4.1,48.0,51.0,2.0
2022-10-17,0.0,12.1,22.7,77.0,1028.4,3.5,286.0,21.0,4.0
2022-10-18,0.0,13.5,21.7,73.0,1026.4,3.7,41.0,2.0,0.0
2022-10-19,0.0,14.6,23.9,70.0,1022.2,3.7,1.0,8.0,0.0
2022-10-20,0.0,14.0,20.6,73.0,1022.2,5.4,49.0,72.0,0.0
2022-10-21,0.4,13.7,19.4,80.0,1020.1,4.7,38.0,98.0,1.0
2022-10-22,25.5,15.2,20.9,90.0,1017.8,6.8,40.0,71.0,18.0
2022-10-23,0.0,13.4,21.5,81.0,1021.7,3.5,5.0,76.0,3.0
2022-10-24,1.2,15.1,21.9,84.0,1019.4,5.5,36.0,90.0,5.0
2022-10-25,0.7,14.1,21.2,80.0,1019.4,4.9,54.0,66.0,8.0
2022-10-26,0.0,12.7,21.2,80.0,1022.2,4.0,15.0,36.0,0.0
2022-10-27,0.0,14.3,23.0,73.0,1026.9,3.6,306.0,13.0,0.0
2022-10-28,0.0,13.9,22.5,63.0,1027.5,3.2,333.0,10.0,0.0
2022-10-29,0.0,16.4,21.7,66.0,1025.6,2.3,6.0,5.0,0.0
2022-10-30,0.0,14.7,22.8,63.0,1022.6,3.6,349.0,34.0,0.0
2022-10-31,0.0,15.7,22.3,62.0,1021.9,3.8,41.0,33.0,0.0
2022-11-01,0.0,13.7,18.6,67.0,1022.2,3.5,15.0,75.0,0.0
2022-11-02,0.3,12.1,18.3,80.0,1023.5,3.6,7.0,46.0,4.0
2022-11-03,1.2,11.9,17.8,82.0,1019.7,3.7,322.0,81.0,3.0
2022-11-04,27.2,7.3,16.8,78.0,1004.3,7.7,26.0,58.0,13.0
2022-11-05,0.0,5.4,16.8,64.0,1011.0,5.0,322.0,19.0,0.0
2022-11-06,0.0,6.3,15.2,61.0,1017.9,3.3,318.0,65.0,0.0
2022-11-07,0.0,7.1,14.9,64.0,1020.2,3.5,332.0,23.0,0.0
2022-11-08,0.0,7.0,13.9,65.0,1021.3,4.0,30.0,42.0,0.0
2022-11-09,0.0,7.6,13.8,76.0,1020.1,3.8,15.0,80.0,0.0
2022-11-10,5.1,10.6,16.4,87.0,1024.7,3.8,17.0,66.0,9.0
2022-11-11,0.0,8.3,15.6,83.0,1033.2,3.0,334.0,69.0,4.0
2022-11-12,0.0,8.1,15.9,59.0,1030.2,3.9,9.0,85.0,0.0
2022-11-13,0.0,8.0,15.7,63.0,1026.4,8.5,54.0,58.0,0.0
2022-11-14,3.2,8.0,14.0,81.0,1022.9,5.2,18.0,93.0,7.0
2022-11-15,1.8,6.4,11.8,85.0,1017.2,3.2,350.0,64.0,10.0
2022-11-16,0.9,8.0,13.1,90.0,1005.2,4.2,294.0,78.0,13.0
2022-11-17,0.2,7.4,13.9,87.0,1002.5,3.4,14.0,87.0,12.0
2022-11-18,0.5,8.3,15.3,83.0,1000.1,4.8,302.0,51.0,7.0
2022-11-19,0.0,6.7,15.1,66.0,1006.5,6.5,44.0,95.0,0.0
2022-11-20,0.8,5.3,13.2,77.0,1010.5,6.0,309.0,38.0,5.0
2022-11-21,0.2,4.4,10.6,84.0,1009.1,5.5,37.0,78.0,5.0
2022-11-22,50.1,6.9,9.5,78.0,995.9,13.9,16.0,100.0,21.0
2022-11-23,0.4,4.6,12.7,82.0,1002.8,4.8,302.0,33.0,4.0
2022-11-24,0.0,3.0,11.6,73.0,1013.1,3.4,325.0,13.0,0.0
2022-11-25,0.0,3.8,12.7,65.0,1019.6,4.8,25.0,66.0,0.0
2022-11-26,0.0,4.2,13.8,63.0,1025.4,4.0,356.0,51.0,0.0
2022-11-27,0.0,3.6,11.5,68.0,1028.1,4.3,326.0,22.0,0.0
2022-11-28,0.0,3.0,8.2,73.0,1020.4,3.2,1.0,97.0,0.0
2022-11-29,0.4,2.2,8.5,83.0,1017.8,5.0,46.0,88.0,3.0
2022-11-30,0.0,1.4,10.2,69.0,1018.9,4.4,4.0,88.0,0.0
2022-12-01,0.0,5.3,10.5,66.0,1018.8,3.8,333.0,99.0,0.0
2022-12-02,2.1,5.4,8.2,79.0,1019.7,5.8,47.0,97.0,3.0
2022-12-03,2.3,3.4,9.2,81.0,1018.4,5.5,34.0,100.0,5.0
2022-12-04,16.3,6.5,10.2,84.0,1015.0,11.9,52.0,93.0,18.0
2022-12-05,16.7,6.0,12.0,86.0,1017.9,4.9,6.0,84.0,15.0
2022-12-06,0.0,2.5,9.4,81.0,1016.3,2.4,344.0,28.0,6.0
2022-12-07,0.0,1.6,9.7,70.0,1013.7,3.8,345.0,8.0,0.0
2022-12-08,0.0,1.7,8.1,74.0,1011.5,3.9,312.0,50.0,0.0
2022-12-09,17.3,4.1,7.3,89.0,1004.4,5.3,346.0,94.0,21.0
2022-12-10,1.5,4.0,9.5,87.0,999.2,3.1,347.0,92.0,9.0
2022-12-11,15.4,1.9,7.6,91.0,1002.1,4.5,303.0,91.0,24.0
2022-12-12,0.0,-2.3,4.8,71.0,1010.1,4.7,22.0,22.0,0.0
2022-12-13,0.0,-0.9,5.0,58.0,1011.7,5.4,50.0,98.0,0.0
2022-12-14,0.0,1.0,5.6,73.0,1007.2,3.3,268.0,92.0,0.0
2022-12-15,13.7,-1.3,6.8,79.0,1007.0,6.6,38.0,77.0,8.0
2022-12-16,5.1,5.0,8.2,92.0,1004.2,3.5,355.0,92.0,20.0
2022-12-17,0.1,4.6,8.9,82.0,1017.2,5.7,68.0,81.0,5.0
2022-12-18,0.0,0.5,7.4,75.0,1032.4,5.5,59.0,31.0,0.0
2022-12-19,0.0,1.5,5.0,84.0,1034.8,3.1,292.0,87.0,4.0
2022-12-20,0.0,1.2,5.1,77.0,1029.7,3.0,326.0,96.0,0.0
2022-12-21,0.0,1.6,5.0,80.0,1022.5,3.5,337.0,93.0,0.0
2022-12-22,0.0,1.5,7.0,81.0,1018.2,3.9,303.0,66.0,5.0
2022-12-23,0.0,1.5,8.7,84.0,1016.0,4.2,317.0,82.0,6.0
2022-12-24,0.0,4.7,9.1,90.0,1017.9,3.8,304.0,88.0,14.0
2022-12-25,0.0,5.5,11.4,74.0,1023.7,3.9,304.0,29.0,0.0
2022-12-26,0.0,5.8,9.2,84.0,1025.3,4.1,50.0,83.0,6.0
2022-12-27,0.0,3.8,10.6,84.0,1025.8,4.1,338.0,24.0,5.0
2022-12-28,0.0,3.6,11.0,77.0,1026.5,4.5,356.0,76.0,0.0
2022-12-29,0.0,5.3,8.4,78.0,1022.9,2.8,11.0,93.0,0.0
2022-12-30,0.7,5.5,10.2,88.0,1021.8,3.8,338.0,100.0,10.0
2022-12-31,0.0,5.6,10.5,86.0,1029.0,2.5,27.0,89.0,6.0
2023-01-01,0.0,6.8,11.1,86.0,1031.2,3.6,29.0,94.0,6.0
2023-01-02,0.3,8.1,10.1,94.0,1030.1,2.4,220.0,100.0,24.0
2023-01-03,0.7,6.3,11.2,89.0,1029.9,2.4,304.0,99.0,11.0
2023-01-04,1.4,7.1,12.0,81.0,1029.8,3.2,301.0,53.0,7.0
2023-01-05,0.0,6.0,8.6,90.0,1023.9,3.0,21.0,94.0,15.0
2023-01-06,0.0,4.6,7.9,93.0,1025.7,4.1,263.0,63.0,21.0
2023-01-07,0.0,5.1,9.2,87.0,1024.4,3.5,265.0,92.0,11.0
2023-01-08,11.6,3.8,7.8,87.0,1017.3,4.5,40.0,98.0,13.0
2023-01-09,14.8,5.1,11.4,86.0,1004.2,7.2,350.0,99.0,10.0
2023-01-10,0.0,0.6,14.8,65.0,1013.9,6.2,318.0,30.0,4.0
2023-01-11,0.0,1.4,9.7,52.0,1021.1,3.0,5.0,76.0,0.0
2023-01-12,0.6,2.4,12.0,71.0,1022.0,3.9,303.0,86.0,1.0
2023-01-13,0.0,3.1,8.6,78.0,1019.6,4.9,30.0,69.0,0.0
2023-01-14,0.0,2.1,10.5,75.0,1022.3,3.8,337.0,51.0,0.0
2023-01-15,4.4,3.9,7.7,82.0,1015.2,2.8,13.0,100.0,6.0
2023-01-16,4.6,4.5,8.3,87.0,1000.8,6.1,360.0,98.0,15.0
2023-01-17,4.0,-0.1,6.0,88.0,990.8,7.0,16.0,81.0,14.0
2023-01-18,1.0,-0.8,6.3,87.0,993.2,5.8,349.0,85.0,9.0
2023-01-19,10.6,0.1,4.7,78.0,1002.6,7.6,18.0,99.0,9.0
2023-01-20,5.8,-1.0,6.0,73.0,1009.2,5.9,322.0,78.0,6.0
2023-01-21,0.0,-2.9,6.7,60.0,1011.2,4.2,326.0,98.0,0.0
2023-01-22,0.6,1.1,6.7,67.0,1018.0,5.0,22.0,96.0,0.0
2023-01-23,18.0,-0.2,8.8,74.0,1019.8,11.1,22.0,96.0,13.0
2023-01-24,2.0,2.2,10.4,76.0,1029.1,4.2,13.0,67.0,3.0
2023-01-25,0.3,2.5,9.7,80.0,1026.9,3.8,9.0,58.0,0.0
2023-01-26,0.0,-0.4,5.8,77.0,1017.2,4.6,1.0,43.0,1.0
2023-01-27,0.0,-1.9,6.1,71.0,1015.0,4.2,342.0,45.0,1.0
2023-01-28,0.0,-1.9,6.7,68.0,1019.6,3.7,325.0,47.0,0.0
2023-01-29,0.0,-0.8,6.6,68.0,1025.3,4.2,339.0,32.0,0.0
2023-01-30,0.0,-1.1,5.2,75.0,1019.7,3.6,36.0,32.0,2.0
2023-01-31,0.0,-1.7,10.0,73.0,1021.6,5.4,24.0,32.0,0.0
2023-02-01,0.0,2.6,7.6,65.0,1021.2,3.9,322.0,15.0,0.0
2023-02-02,0.0,-1.6,8.1,72.0,1021.5,3.9,36.0,45.0,0.0
2023-02-03,0.0,2.3,9.2,69.0,1024.8,4.2,326.0,59.0,3.0
2023-02-04,0.0,2.7,12.3,74.0,1022.8,5.8,76.0,63.0,0.0
2023-02-05,0.0,1.2,5.5,74.0,1033.2,5.6,164.0,79.0,0.0
2023-02-06,0.0,0.3,3.1,75.0,1035.8,6.8,70.0,96.0,0.0
2023-02-07,0.0,-3.6,4.5,70.0,1037.8,5.0,43.0,3.0,0.0
2023-02-08,0.0,-3.6,3.9,60.0,1038.7,8.3,48.0,0.0,0.0
2023-02-09,0.0,-4.9,4.3,57.0,1038.1,6.1,7.0,1.0,0.0
2023-02-10,0.0,-4.1,6.8,55.0,1037.4,3.8,290.0,0.0,0.0
2023-02-11,0.0,-1.3,8.7,40.0,1035.4,3.2,37.0,49.0,0.0
2023-02-12,0.0,2.4,12.5,52.0,1034.4,5.1,18.0,17.0,0.0
2023-02-13,0.0,1.4,11.7,58.0,1037.7,5.4,312.0,0.0,0.0
2023-02-14,0.0,2.1,11.3,65.0,1034.1,4.3,53.0,0.0,0.0
2023-02-15,0.0,4.5,13.8,56.0,1030.0,3.1,337.0,0.0,0.0
2023-02-16,0.0,3.2,11.0,69.0,1029.4,3.8,28.0,50.0,0.0
2023-02-17,0.0,4.8,10.4,80.0,1029.8,4.3,1.0,55.0,4.0
2023-02-18,0.0,4.2,8.4,91.0,1027.9,4.3,61.0,99.0,15.0
2023-02-19,0.3,6.6,9.7,89.0,1023.9,3.9,78.0,100.0,14.0
2023-02-20,0.0,3.4,13.5,82.0,1026.3,4.8,270.0,63.0,8.0
2023-02-21,0.0,3.1,10.3,87.0,1022.0,6.3,64.0,95.0,12.0
2023-02-22,0.0,4.2,12.0,86.0,1018.5,3.7,353.0,93.0,12.0
2023-02-23,0.4,5.6,12.1,83.0,1016.0,3.4,18.0,81.0,2.0
2023-02-24,0.4,6.3,12.6,88.0,1012.4,4.7,277.0,97.0,14.0
2023-02-25,0.1,5.3,13.3,88.0,1001.2,6.5,60.0,54.0,12.0
2023-02-26,2.1,4.6,9.5,58.0,1004.0,15.8,69.0,100.0,3.0
2023-02-27,0.0,2.2,8.5,48.0,1017.3,9.9,78.0,82.0,0.0
2023-02-28,0.0,-0.7,9.2,59.0,1022.9,9.5,63.0,48.0,0.0
2023-03-01,2.7,0.0,11.6,69.0,1018.5,9.2,65.0,92.0,5.0
2023-03-02,1.8,4.5,11.4,76.0,1017.6,5.7,25.0,83.0,2.0
2023-03-03,0.0,3.0,12.9,72.0,1016.9,4.7,12.0,74.0,0.0
2023-03-04,0.0,3.2,14.0,70.0,1016.9,5.6,273.0,6.0,0.0
2023-03-05,0.0,4.2,13.3,73.0,1012.1,5.7,72.0,38.0,1.0
2023-03-06,0.5,4.2,12.4,78.0,1006.6,6.1,65.0,73.0,2.0
2023-03-07,1.0,4.3,13.5,83.0,1004.3,6.1,69.0,92.0,11.0
2023-03-08,0.0,3.3,14.0,78.0,1004.6,7.6,58.0,73.0,2.0
2023-03-09,0.0,7.2,16.2,78.0,1004.2,6.6,61.0,74.0,0.0
2023-03-10,1.3,7.6,16.3,80.0,999.1,4.9,356.0,75.0,6.0
2023-03-11,0.8,6.3,17.3,72.0,999.1,6.4,68.0,73.0,1.0
2023-03-12,0.5,5.9,13.7,58.0,1013.9,8.4,68.0,55.0,1.0
2023-03-13,0.1,5.2,14.4,70.0,1017.5,5.2,73.0,96.0,0.0
2023-03-14,6.1,7.7,13.3,87.0,1005.2,7.4,51.0,96.0,13.0
2023-03-15,0.3,3.1,14.2,62.0,1009.8,4.9,349.0,39.0,3.0
2023-03-16,0.0,3.4,13.5,46.0,1021.6,5.6,144.0,45.0,0.0
2023-03-17,0.0,3.1,13.2,60.0,1022.7,4.5,188.0,73.0,0.0
2023-03-18,0.0,5.1,13.0,61.0,1019.1,5.1,75.0,49.0,0.0
2023-03-19,0.1,5.7,13.9,69.0,1019.8,4.6,95.0,100.0,0.0
2023-03-20,0.1,7.8,16.4,75.0,1019.6,5.0,82.0,62.0,0.0
2023-03-21,0.0,5.8,18.9,69.0,1017.2,4.5,216.0,32.0,1.0
2023-03-22,0.0,9.1,19.6,66.0,1015.7,5.2,72.0,43.0,0.0
2023-03-23,0.0,7.8,18.8,74.0,1015.3,5.6,74.0,89.0,0.0
2023-03-24,0.0,8.8,17.2,78.0,1014.1,4.8,201.0,91.0,2.0
2023-03-25,0.3,7.6,19.4,82.0,1011.3,8.2,60.0,51.0,9.0
2023-03-26,10.7,7.5,16.0,80.0,1008.2,4.9,44.0,66.0,11.0
2023-03-27,0.2,5.3,18.5,57.0,1005.5,6.0,10.0,53.0,2.0
2023-03-28,0.0,2.0,14.6,41.0,1022.1,7.3,181.0,17.0,0.0
2023-03-29,0.0,5.0,15.3,55.0,1023.5,7.1,58.0,71.0,0.0
2023-03-30,0.4,7.4,14.3,72.0,1021.3,5.6,44.0,100.0,1.0
2023-03-31,1.6,9.8,14.9,81.0,1012.0,5.2,272.0,100.0,5.0
2023-04-01,0.2,6.0,17.3,76.0,1005.3,4.7,243.0,57.0,4.0
2023-04-02,0.5,7.2,17.1,69.0,1009.9,6.3,25.0,82.0,2.0
2023-04-03,0.1,7.1,14.2,63.0,1014.5,7.2,52.0,56.0,0.0
2023-04-04,0.0,2.7,11.1,46.0,1016.8,6.1,88.0,12.0,0.0
2023-04-05,0.0,1.6,10.8,51.0,1019.2,6.7,86.0,22.0,0.0
2023-04-06,0.0,1.7,13.2,54.0,1019.1,5.9,135.0,32.0,0.0
2023-04-07,0.0,4.3,14.8,58.0,1016.5,5.6,90.0,75.0,0.0
2023-04-08,3.3,4.9,15.8,67.0,1017.6,6.3,62.0,76.0,4.0
2023-04-09,0.7,5.8,13.7,72.0,1022.0,5.5,51.0,54.0,4.0
2023-04-10,0.0,4.8,16.0,65.0,1023.4,5.7,203.0,37.0,0.0
2023-04-11,0.0,7.4,18.1,60.0,1016.6,5.5,72.0,96.0,0.0
2023-04-12,0.0,7.7,15.9,62.0,1010.7,5.6,66.0,97.0,0.0
2023-04-13,11.9,8.5,12.0,75.0,1003.1,9.0,67.0,100.0,12.0
2023-04-14,6.4,6.4,13.8,82.0,1003.8,6.8,227.0,88.0,11.0
2023-04-15,0.3,6.5,16.3,74.0,1006.5,10.3,51.0,81.0,0.0
2023-04-16,0.0,5.3,16.7,65.0,1012.9,5.7,325.0,25.0,0.0
2023-04-17,0.0,7.7,19.0,59.0,1014.4,5.7,316.0,48.0,0.0
2023-04-18,0.0,8.5,20.5,54.0,1015.1,4.4,191.0,73.0,0.0
2023-04-19,15.4,9.3,18.1,71.0,1015.3,5.4,315.0,53.0,5.0
2023-04-20,8.0,9.9,13.1,82.0,1013.6,12.5,52.0,95.0,9.0
2023-04-21,5.8,10.0,17.5,70.0,1014.8,8.2,13.0,76.0,6.0
2023-04-22,0.0,8.9,20.2,71.0,1014.4,4.3,151.0,85.0,0.0
2023-04-23,1.2,11.0,20.3,74.0,1012.3,6.1,82.0,75.0,5.0
2023-04-24,10.3,12.1,16.6,82.0,1007.4,6.4,66.0,89.0,8.0
2023-04-25,9.2,8.0,14.5,82.0,1009.8,7.8,42.0,62.0,13.0
2023-04-26,0.1,6.1,18.1,63.0,1014.1,5.9,166.0,22.0,0.0
2023-04-27,0.0,7.7,18.3,64.0,1018.3,6.0,84.0,19.0,0.0
2023-04-28,0.3,9.5,18.7,64.0,1018.9,4.9,88.0,89.0,1.0
2023-04-29,0.0,9.6,19.2,72.0,1015.1,4.3,58.0,80.0,1.0
2023-04-30,0.2,11.0,20.6,74.0,1015.9,6.3,52.0,83.0,1.0
2023-05-01,2.9,13.3,18.9,66.0,1015.8,11.2,58.0,100.0,5.0
2023-05-02,14.4,12.4,17.4,81.0,1015.8,6.9,21.0,100.0,21.0
2023-05-03,0.8,11.6,19.2,73.0,1020.5,5.9,45.0,63.0,3.0
2023-05-04,0.0,9.8,21.5,65.0,1021.1,5.4,221.0,31.0,1.0
2023-05-05,0.0,11.9,22.8,66.0,1019.0,4.4,197.0,45.0,0.0
2023-05-06,0.0,12.2,23.9,72.0,1016.0,4.6,79.0,78.0,0.0
2023-05-07,0.6,14.6,23.6,73.0,1016.0,3.8,299.0,95.0,2.0
2023-05-08,10.0,15.4,19.5,81.0,1018.9,8.6,60.0,95.0,10.0
2023-05-09,0.1,13.2,21.1,69.0,1018.1,8.6,79.0,69.0,0.0
2023-05-10,26.0,12.7,15.6,79.0,1013.0,8.3,54.0,100.0,20.0
2023-05-11,12.7,12.1,16.0,79.0,1010.5,5.6,355.0,100.0,10.0
2023-05-12,12.5,11.3,15.7,85.0,1013.5,10.7,58.0,98.0,15.0
2023-05-13,6.1,10.1,17.5,84.0,1017.4,7.4,64.0,93.0,12.0
2023-05-14,3.6,10.5,16.1,79.0,1012.8,5.3,2.0,95.0,8.0
2023-05-15,0.0,9.7,20.4,72.0,1008.9,3.6,14.0,56.0,2.0
2023-05-16,20.1,13.3,18.2,77.0,1005.3,8.1,4.0,100.0,16.0
2023-05-17,2.2,12.7,18.1,81.0,1011.6,4.9,250.0,99.0,6.0
2023-05-18,0.0,11.8,20.2,63.0,1018.2,5.6,69.0,55.0,0.0
2023-05-19,0.1,12.8,19.0,68.0,1019.2,10.3,68.0,100.0,0.0
2023-05-20,5.6,15.5,21.5,68.0,1015.9,11.5,32.0,100.0,5.0
2023-05-21,0.1,17.2,25.6,56.0,1013.0,13.2,37.0,59.0,0.0
2023-05-22,0.0,15.5,26.0,55.0,1013.2,7.4,21.0,12.0,0.0
2023-05-23,0.1,16.7,27.5,58.0,1012.4,5.6,52.0,39.0,0.0
2023-05-24,8.1,16.3,23.7,71.0,1013.9,8.6,51.0,44.0,2.0
2023-05-25,44.3,15.0,25.0,70.0,1018.0,7.4,16.0,39.0,6.0
2023-05-26,0.8,15.7,26.0,69.0,1018.6,4.3,12.0,34.0,1.0
2023-05-27,3.8,17.1,23.8,67.0,1018.9,5.9,336.0,56.0,2.0
2023-05-28,0.3,16.2,24.7,63.0,1015.4,5.7,31.0,67.0,1.0
2023-05-29,0.0,15.9,25.1,61.0,1014.6,7.2,34.0,58.0,0.0
2023-05-30,0.1,17.4,24.2,61.0,1015.9,9.2,32.0,68.0,0.0
2023-05-31,0.8,16.3,24.9,55.0,1017.6,12.9,38.0,49.0,1.0
2023-06-01,0.6,15.1,25.8,63.0,1015.8,6.3,47.0,24.0,1.0
2023-06-02,0.1,15.6,25.4,67.0,1012.8,3.5,300.0,51.0,0.0
2023-06-03,4.0,16.4,23.9,72.0,1015.1,8.2,44.0,73.0,6.0
2023-06-04,8.6,15.5,23.1,77.0,1016.9,5.2,65.0,77.0,4.0
2023-06-05,13.7,16.0,19.1,87.0,1016.3,5.3,65.0,94.0,16.0
2023-06-06,8.0,15.0,21.5,84.0,1015.8,4.1,68.0,75.0,9.0
2023-06-07,3.1,14.8,23.1,82.0,1016.1,4.3,255.0,70.0,8.0
2023-06-08,1.5,15.3,26.1,73.0,1013.7,5.6,227.0,21.0,5.0
2023-06-09,1.3,15.6,25.7,74.0,1012.0,5.0,0.0,50.0,3.0
2023-06-10,2.5,16.7,24.3,82.0,1011.4,4.8,65.0,78.0,10.0
2023-06-11,0.0,16.1,25.7,72.0,1012.1,4.3,23.0,38.0,2.0
2023-06-12,7.4,16.3,25.1,73.0,1012.8,5.8,30.0,41.0,5.0
2023-06-13,7.7,17.1,22.5,74.0,1011.7,9.6,62.0,87.0,5.0
2023-06-14,0.2,15.7,24.9,71.0,1011.2,5.7,61.0,77.0,4.0
2023-06-15,0.1,14.7,25.0,66.0,1013.8,6.0,29.0,33.0,2.0
2023-06-16,1.4,15.2,24.8,66.0,1014.2,5.5,316.0,23.0,2.0
2023-06-17,0.0,15.9,27.3,62.0,1014.3,5.3,280.0,8.0,0.0
2023-06-18,0.0,17.5,27.4,68.0,1015.7,6.1,68.0,46.0,0.0
2023-06-19,0.0,18.6,28.2,70.0,1015.8,4.5,77.0,59.0,0.0
2023-06-20,0.0,20.3,29.7,71.0,1016.5,5.7,109.0,84.0,0.0
2023-06-21,0.0,19.8,30.8,70.0,1016.9,5.8,74.0,52.0,0.0
2023-06-22,0.0,21.4,31.0,69.0,1017.5,5.1,80.0,74.0,0.0
2023-06-23,8.8,20.5,29.4,72.0,1014.5,7.4,350.0,57.0,3.0
2023-06-24,0.0,17.8,28.1,57.0,1018.0,4.8,86.0,8.0,0.0
2023-06-25,0.0,18.6,28.6,60.0,1017.2,5.1,218.0,7.0,0.0
2023-06-26,0.0,20.3,30.0,60.0,1015.4,5.7,87.0,18.0,0.0
2023-06-27,4.4,20.2,30.1,68.0,1013.2,6.0,56.0,81.0,4.0
2023-06-28,0.1,18.9,25.2,67.0,1014.9,8.4,75.0,40.0,1.0
2023-06-29,0.0,17.6,26.9,59.0,1016.5,4.8,58.0,38.0,0.0
2023-06-30,0.5,17.5,26.4,64.0,1012.3,4.3,173.0,81.0,0.0
2023-07-01,2.8,18.1,25.1,77.0,1008.5,3.8,143.0,84.0,6.0
2023-07-02,1.0,18.5,27.5,77.0,1009.9,4.8,101.0,35.0,7.0
2023-07-03,22.8,19.5,25.5,84.0,1012.8,5.5,69.0,82.0,18.0
2023-07-04,3.2,17.4,27.5,69.0,1014.3,4.1,177.0,67.0,7.0
2023-07-05,2.1,17.8,27.1,70.0,1013.9,6.8,255.0,53.0,3.0
2023-07-06,10.7,17.9,25.3,74.0,1016.3,5.5,44.0,67.0,9.0
2023-07-07,0.0,17.3,27.5,62.0,1020.4,4.8,107.0,15.0,0.0
2023-07-08,0.0,18.3,29.6,61.0,1020.7,5.6,206.0,30.0,0.0
2023-07-09,0.0,19.3,30.7,63.0,1020.6,4.2,111.0,13.0,0.0
2023-07-10,0.0,21.4,32.4,66.0,1019.6,4.4,153.0,37.0,0.0
2023-07-11,0.2,22.9,32.3,70.0,1017.3,5.1,83.0,31.0,0.0
2023-07-12,10.2,23.0,30.6,74.0,1015.1,5.7,95.0,87.0,8.0
2023-07-13,9.5,20.7,26.2,86.0,1014.5,5.0,116.0,69.0,13.0
2023-07-14,0.0,19.1,28.9,65.0,1016.9,4.8,70.0,16.0,6.0
2023-07-15,0.0,20.1,30.9,61.0,1015.7,4.9,122.0,7.0,0.0
2023-07-16,0.0,21.5,31.8,69.0,1015.2,5.0,93.0,2.0,0.0
2023-07-17,0.0,22.6,33.7,67.0,1015.8,4.5,117.0,5.0,0.0
2023-07-18,5.9,23.9,33.5,66.0,1016.4,6.4,54.0,24.0,2.0
2023-07-19,8.9,22.3,31.7,71.0,1011.5,5.0,311.0,64.0,3.0
2023-07-20,2.2,21.1,31.4,62.0,1009.4,5.8,82.0,35.0,1.0
2023-07-21,3.0,21.1,26.0,72.0,1009.6,7.5,74.0,69.0,4.0
2023-07-22,0.4,18.5,27.8,74.0,1013.4,4.8,57.0,39.0,6.0
2023-07-23,0.3,20.1,28.7,67.0,1015.2,6.5,68.0,32.0,0.0
2023-07-24,43.6,20.6,29.1,70.0,1011.2,7.2,31.0,66.0,4.0
2023-07-25,29.9,18.5,26.4,86.0,1003.2,6.7,169.0,76.0,16.0
2023-07-26,0.2,16.9,24.9,76.0,1008.4,4.1,265.0,31.0,8.0
2023-07-27,0.0,14.6,25.7,62.0,1015.2,5.6,106.0,19.0,0.0
2023-07-28,0.0,16.1,27.4,65.0,1013.3,5.6,191.0,37.0,0.0
2023-07-29,1.3,18.2,28.3,70.0,1013.1,5.8,103.0,32.0,1.0
2023-07-30,8.6,20.2,27.4,78.0,1012.4,4.4,99.0,55.0,9.0
2023-07-31,0.0,19.6,28.4,66.0,1012.6,6.1,82.0,60.0,0.0
2023-08-01,1.0,19.8,27.4,72.0,1005.9,5.2,51.0,73.0,2.0
2023-08-02,1.3,19.2,27.2,72.0,1006.8,6.2,105.0,49.0,5.0
2023-08-03,17.5,20.4,30.2,77.0,1005.7,7.0,12.0,57.0,7.0
2023-08-04,18.6,17.7,25.5,80.0,1007.7,10.1,52.0,71.0,13.0
2023-08-05,25.0,17.2,20.4,91.0,1006.5,5.8,255.0,92.0,18.0
2023-08-06,0.9,16.5,24.3,79.0,1006.0,4.6,67.0,32.0,11.0
2023-08-07,0.0,13.4,25.7,59.0,1011.9,4.6,216.0,12.0,1.0
2023-08-08,0.4,14.3,24.0,58.0,1017.2,6.7,63.0,38.0,1.0
2023-08-09,0.0,17.3,25.2,68.0,1016.2,4.5,37.0,83.0,0.0
2023-08-10,0.1,16.4,25.7,70.0,1018.7,5.0,62.0,22.0,4.0
2023-08-11,0.0,18.5,27.7,68.0,1021.8,4.8,138.0,22.0,0.0
2023-08-12,0.0,18.1,28.5,71.0,1020.8,4.0,138.0,28.0,2.0
2023-08-13,0.0,19.9,31.0,66.0,1018.5,3.9,181.0,13.0,0.0
2023-08-14,0.0,21.4,30.6,62.0,1017.8,4.4,139.0,39.0,0.0
2023-08-15,0.0,21.1,31.1,59.0,1017.1,4.7,176.0,14.0,0.0
2023-08-16,0.0,21.8,31.5,62.0,1017.0,4.9,288.0,33.0,0.0
2023-08-17,9.9,20.4,30.2,71.0,1016.3,4.3,313.0,59.0,6.0
2023-08-18,0.8,19.9,30.1,71.0,1016.1,4.5,88.0,62.0,5.0
2023-08-19,0.0,21.1,32.2,62.0,1016.6,3.6,190.0,5.0,0.0
2023-08-20,0.0,22.9,33.0,58.0,1018.9,3.3,229.0,6.0,0.0
2023-08-21,0.0,22.8,34.4,56.0,1019.7,4.0,250.0,3.0,0.0
2023-08-22,0.0,23.6,34.7,55.0,1017.7,4.0,135.0,12.0,0.0
2023-08-23,0.0,23.7,35.4,55.0,1015.5,3.8,128.0,23.0,0.0
2023-08-24,0.0,24.5,34.6,52.0,1015.3,4.2,259.0,37.0,0.0
2023-08-25,0.0,24.3,34.7,55.0,1012.9,4.7,118.0,28.0,0.0
2023-08-26,0.1,22.8,33.3,54.0,1010.8,6.0,348.0,58.0,0.0
2023-08-27,0.6,22.6,30.0,59.0,1008.0,5.3,312.0,89.0,1.0
2023-08-28,42.2,17.5,25.1,80.0,1001.6,12.9,43.0,81.0,15.0
2023-08-29,21.5,15.8,20.3,86.0,1001.4,7.2,332.0,93.0,12.0
2023-08-30,1.0,15.0,20.2,84.0,1006.2,3.7,165.0,77.0,7.0
2023-08-31,0.8,14.3,23.1,77.0,1013.3,5.1,44.0,53.0,2.0
2023-09-01,0.8,16.0,25.3,78.0,1018.1,5.1,61.0,43.0,8.0
2023-09-02,0.0,16.9,27.3,74.0,1020.3,4.3,30.0,28.0,0.0
2023-09-03,0.0,17.8,27.3,76.0,1021.7,3.8,67.0,64.0,2.0
2023-09-04,0.1,20.3,24.8,74.0,1023.0,5.9,63.0,76.0,0.0
2023-09-05,0.0,17.7,25.4,60.0,1022.4,5.8,55.0,43.0,0.0
2023-09-06,0.0,14.5,26.6,62.0,1021.3,4.6,36.0,1.0,0.0
2023-09-07,0.0,16.6,27.1,59.0,1020.7,7.5,43.0,0.0,0.0
2023-09-08,0.0,15.4,27.8,60.0,1019.7,5.8,37.0,0.0,0.0
2023-09-09,0.0,16.8,28.0,59.0,1018.6,4.1,18.0,0.0,0.0
2023-09-10,0.0,17.8,28.7,60.0,1018.3,3.1,357.0,0.0,0.0
2023-09-11,0.0,17.4,28.9,61.0,1015.4,3.5,183.0,0.0,0.0
2023-09-12,0.0,17.2,28.1,65.0,1014.7,3.9,62.0,52.0,0.0
2023-09-13,0.1,18.7,25.1,73.0,1016.0,3.8,50.0,77.0,0.0
2023-09-14,4.8,17.5,24.5,80.0,1017.6,4.2,54.0,54.0,6.0
2023-09-15,0.0,16.9,25.1,69.0,1018.5,5.6,64.0,66.0,1.0
2023-09-16,0.1,15.8,24.9,72.0,1018.5,4.6,211.0,38.0,0.0
2023-09-17,0.1,17.6,26.6,75.0,1018.8,4.5,337.0,76.0,1.0
2023-09-18,25.4,18.4,25.2,85.0,1015.9,3.5,25.0,80.0,12.0
2023-09-19,6.0,17.6,26.8,82.0,1013.9,5.2,51.0,38.0,10.0
2023-09-20,2.0,16.2,25.0,77.0,1015.7,3.9,43.0,61.0,4.0
2023-09-21,4.1,15.9,23.8,83.0,1010.5,4.9,35.0,62.0,12.0
2023-09-22,21.8,16.5,20.7,88.0,1007.2,5.3,14.0,99.0,21.0
2023-09-23,1.6,14.8,23.0,79.0,1010.8,5.4,52.0,69.0,9.0
2023-09-24,0.0,11.7,22.9,72.0,1019.6,4.2,66.0,20.0,5.0
2023-09-25,0.0,12.0,23.9,64.0,1021.5,3.5,321.0,3.0,0.0
2023-09-26,0.0,13.8,26.0,66.0,1021.2,4.9,26.0,0.0,0.0
2023-09-27,0.0,16.0,26.9,53.0,1020.2,9.7,36.0,14.0,0.0
2023-09-28,0.0,14.5,26.5,56.0,1019.4,5.6,20.0,20.0,0.0
2023-09-29,0.0,15.5,26.0,58.0,1021.1,3.5,341.0,8.0,0.0
2023-09-30,0.0,16.1,26.1,64.0,1021.7,3.4,322.0,42.0,0.0
2023-10-01,0.0,15.7,25.5,65.0,1024.1,3.7,63.0,11.0,0.0
2023-10-02,0.0,16.2,25.2,72.0,1025.0,3.5,43.0,4.0,0.0
2023-10-03,0.0,15.3,24.9,75.0,1022.1,4.3,63.0,34.0,0.0
2023-10-04,3.7,16.3,22.3,75.0,1023.7,6.8,54.0,77.0,4.0
2023-10-05,0.0,15.6,23.3,73.0,1024.2,4.1,308.0,67.0,0.0
2023-10-06,0.0,14.6,24.2,69.0,1024.7,4.7,65.0,61.0,7.0
2023-10-07,0.0,14.0,24.1,72.0,1023.7,3.3,18.0,32.0,0.0
2023-10-08,0.0,16.0,24.3,69.0,1022.5,3.8,18.0,54.0,0.0
2023-10-09,0.0,15.7,24.0,69.0,1021.1,4.5,59.0,65.0,0.0
2023-10-10,0.0,17.1,24.4,75.0,1020.3,3.9,28.0,91.0,0.0
2023-10-11,0.0,15.5,25.0,72.0,1021.6,3.3,284.0,5.0,0.0
2023-10-12,0.0,15.4,23.3,75.0,1020.8,3.6,55.0,47.0,0.0
2023-10-13,0.0,15.3,23.8,78.0,1020.6,4.9,322.0,53.0,7.0
2023-10-14,0.0,13.9,23.4,78.0,1014.5,4.9,39.0,26.0,3.0
2023-10-15,2.2,10.7,19.0,77.0,1012.5,8.8,60.0,72.0,6.0
2023-10-16,0.0,8.8,16.0,53.0,1020.7,6.2,55.0,93.0,0.0
2023-10-17,0.0,7.4,15.9,59.0,1018.9,4.4,48.0,71.0,0.0
2023-10-18,0.2,7.1,13.8,79.0,1015.7,2.5,22.0,98.0,2.0
2023-10-19,9.3,10.0,16.9,91.0,1005.4,2.9,356.0,96.0,20.0
2023-10-20,27.8,14.3,19.8,92.0,995.1,6.1,21.0,100.0,20.0
2023-10-21,17.8,13.2,21.2,84.0,1001.5,5.0,57.0,70.0,13.0
2023-10-22,2.0,11.3,19.4,83.0,1011.1,4.7,6.0,48.0,8.0
2023-10-23,2.6,10.8,19.7,77.0,1016.8,3.8,305.0,63.0,5.0
2023-10-24,49.0,14.1,16.7,88.0,1009.3,6.8,26.0,100.0,20.0
2023-10-25,0.6,11.6,17.8,87.0,1004.0,4.8,357.0,68.0,13.0
2023-10-26,3.6,11.9,17.1,86.0,1001.5,4.8,45.0,79.0,10.0
2023-10-27,32.3,11.6,20.8,87.0,994.8,7.0,1.0,65.0,17.0
2023-10-28,0.1,11.7,19.1,81.0,1005.9,4.9,51.0,64.0,6.0
2023-10-29,7.1,10.3,17.1,84.0,1013.2,3.0,12.0,78.0,9.0
2023-10-30,39.1,11.3,17.7,90.0,1010.5,8.9,39.0,99.0,22.0
2023-10-31,16.2,10.0,16.7,86.0,1004.1,6.0,23.0,65.0,14.0
2023-11-01,0.0,7.5,16.7,71.0,1013.4,3.6,344.0,52.0,0.0
2023-11-02,44.8,9.4,13.0,84.0,1000.9,9.6,25.0,90.0,12.0
2023-11-03,32.1,6.1,13.8,85.0,987.6,6.9,20.0,68.0,17.0
2023-11-04,6.9,3.7,13.5,73.0,997.5,4.1,347.0,54.0,4.0
2023-11-05,25.7,7.0,17.6,82.0,991.5,7.2,21.0,29.0,8.0
2023-11-06,4.1,6.9,15.8,81.0,1009.7,3.9,7.0,25.0,6.0
2023-11-07,5.1,7.2,16.3,82.0,1015.9,3.8,336.0,34.0,14.0
2023-11-08,0.0,4.5,15.2,74.0,1019.3,2.5,334.0,2.0,2.0
2023-11-09,2.3,4.1,12.5,80.0,1017.9,3.3,12.0,81.0,3.0
2023-11-10,13.1,8.0,12.8,87.0,1006.7,4.2,266.0,88.0,14.0
2023-11-11,0.0,3.8,12.4,84.0,1005.8,3.9,10.0,20.0,6.0
2023-11-12,0.1,3.9,12.2,70.0,1010.8,3.8,314.0,53.0,0.0
2023-11-13,0.0,3.2,11.6,76.0,1016.2,3.3,329.0,70.0,2.0
2023-11-14,0.0,4.6,11.9,80.0,1014.8,4.3,34.0,77.0,0.0
2023-11-15,0.0,5.7,16.0,81.0,1013.7,3.4,327.0,45.0,7.0
2023-11-16,0.0,6.1,13.4,60.0,1017.1,3.7,334.0,47.0,0.0
2023-11-17,0.0,3.2,16.1,72.0,1011.8,3.7,343.0,14.0,0.0
2023-11-18,0.0,3.2,13.1,66.0,1022.4,3.1,323.0,50.0,0.0
2023-11-19,0.0,4.2,11.1,62.0,1020.3,3.1,353.0,60.0,0.0
2023-11-20,0.0,3.2,10.9,78.0,1015.8,3.1,331.0,98.0,0.0
2023-11-21,0.7,4.8,13.5,76.0,1009.7,3.4,3.0,87.0,2.0
2023-11-22,0.0,3.7,13.4,73.0,1015.3,3.4,341.0,26.0,2.0
2023-11-23,0.0,5.3,11.2,68.0,1021.1,3.0,280.0,29.0,0.0
2023-11-24,0.0,1.0,9.4,78.0,1006.2,4.5,61.0,44.0,1.0
2023-11-25,0.0,-1.3,10.5,52.0,1004.0,6.2,318.0,7.0,0.0
2023-11-26,0.0,-1.7,11.9,60.0,1011.1,5.0,344.0,7.0,0.0
2023-11-27,0.0,0.1,8.0,63.0,1011.5,2.4,348.0,78.0,0.0
2023-11-28,0.1,1.2,6.1,82.0,996.4,2.1,290.0,40.0,0.0
2023-11-29,0.3,0.2,8.9,64.0,1006.9,5.9,31.0,31.0,0.0
2023-11-30,13.8,1.7,5.8,90.0,1006.1,3.6,314.0,100.0,18.0
2023-12-01,16.5,4.2,9.4,92.0,1000.1,3.3,7.0,100.0,23.0
2023-12-02,14.5,5.7,11.3,87.0,995.5,4.5,1.0,87.0,15.0
2023-12-03,0.0,0.4,6.9,78.0,1019.6,4.9,58.0,28.0,1.0
2023-12-04,1.4,-2.3,4.8,79.0,1022.8,3.4,327.0,79.0,4.0
2023-12-05,0.8,-0.1,6.0,88.0,1013.5,3.3,279.0,80.0,13.0
2023-12-06,0.0,1.4,8.4,75.0,1012.8,2.8,346.0,23.0,1.0
2023-12-07,0.1,-1.2,8.5,74.0,1019.3,3.5,342.0,27.0,1.0
2023-12-08,0.4,-0.2,6.4,78.0,1017.9,3.7,353.0,93.0,2.0
2023-12-09,0.0,1.8,8.4,79.0,1017.3,4.0,287.0,70.0,3.0
2023-12-10,0.0,0.7,7.4,89.0,1014.9,2.8,301.0,60.0,17.0
2023-12-11,0.0,1.2,7.9,74.0,1014.3,3.7,316.0,96.0,0.0
2023-12-12,0.0,4.2,10.2,71.0,1012.7,3.6,317.0,92.0,0.0
2023-12-13,14.6,5.6,8.0,91.0,1003.3,3.3,321.0,100.0,22.0
2023-12-14,0.2,2.9,10.4,84.0,1010.3,3.5,308.0,24.0,4.0
2023-12-15,0.0,1.0,10.8,69.0,1027.2,2.9,347.0,14.0,0.0
2023-12-16,0.0,0.1,8.1,73.0,1038.3,3.0,322.0,9.0,0.0
2023-12-17,0.0,0.4,9.9,65.0,1039.3,2.8,327.0,7.0,0.0
2023-12-18,0.0,2.2,11.2,60.0,1034.3,2.5,348.0,3.0,1.0
2023-12-19,0.0,7.3,9.8,58.0,1025.9,3.7,22.0,5.0,0.0
2023-12-20,0.0,2.3,7.4,60.0,1014.9,4.1,22.0,41.0,0.0
2023-12-21,0.0,0.8,8.1,67.0,1009.7,3.5,354.0,55.0,2.0
2023-12-22,0.0,0.3,11.3,78.0,1001.0,3.1,333.0,75.0,0.0
2023-12-23,0.0,1.7,12.6,74.0,1005.8,3.5,344.0,78.0,0.0
2023-12-24,0.0,1.7,11.2,67.0,1013.2,2.7,314.0,49.0,1.0
2023-12-25,0.0,3.6,10.0,86.0,1018.1,4.7,33.0,41.0,7.0
2023-12-26,0.0,4.4,10.5,90.0,1020.3,3.6,350.0,81.0,15.0
2023-12-27,0.0,3.6,9.8,89.0,1026.1,2.8,15.0,71.0,13.0
2023-12-28,0.0,4.3,9.6,89.0,1027.0,3.6,62.0,99.0,11.0
2023-12-29,0.0,3.6,9.0,84.0,1023.2,2.7,20.0,89.0,6.0
2023-12-30,0.0,3.0,10.0,84.0,1021.3,3.0,342.0,63.0,8.0
2023-12-31,7.3,5.2,9.8,81.0,1016.5,3.5,24.0,95.0,6.0
2024-01-01,2.5,3.0,10.8,87.0,1012.3,3.5,335.0,74.0,11.0
2024-01-02,0.2,1.5,6.2,79.0,1015.0,3.1,26.0,94.0,7.0
2024-01-03,0.0,3.5,7.2,91.0,1009.2,2.6,17.0,45.0,17.0
2024-01-04,0.0,1.8,8.0,89.0,1009.0,4.5,44.0,41.0,11.0
2024-01-05,6.9,3.1,8.7,74.0,1009.4,6.2,356.0,100.0,7.0
2024-01-06,38.5,7.3,9.1,87.0,1000.0,7.9,356.0,100.0,24.0
2024-01-07,14.5,6.3,9.0,88.0,1000.6,5.6,336.0,100.0,16.0
2024-01-08,0.0,4.5,8.7,79.0,1011.4,3.4,66.0,91.0,0.0
2024-01-09,0.0,0.5,7.0,78.0,1023.4,4.1,49.0,32.0,7.0
2024-01-10,0.0,-2.0,5.1,74.0,1028.5,3.1,357.0,85.0,2.0
2024-01-11,0.0,-2.2,5.6,72.0,1025.2,3.1,330.0,7.0,0.0
2024-01-12,0.0,-0.4,7.9,55.0,1024.3,4.0,14.0,2.0,0.0
2024-01-13,0.0,-1.2,5.4,66.0,1023.0,3.3,6.0,0.0,0.0
2024-01-14,0.0,-2.1,3.8,72.0,1014.3,3.0,26.0,59.0,0.0
2024-01-15,0.0,-2.3,6.2,74.0,1003.2,3.1,344.0,24.0,0.0
2024-01-16,0.0,-1.2,8.2,62.0,1009.5,4.7,16.0,49.0,0.0
2024-01-17,8.6,0.8,5.3,80.0,1006.5,3.5,329.0,100.0,8.0
2024-01-18,12.2,2.2,8.7,91.0,997.8,4.0,5.0,92.0,16.0
2024-01-19,1.7,-1.8,6.9,87.0,1009.1,7.8,52.0,84.0,13.0
2024-01-20,0.0,-5.5,4.9,68.0,1028.5,2.9,307.0,1.0,0.0
2024-01-21,0.0,-2.9,6.7,39.0,1033.4,2.8,350.0,26.0,0.0
2024-01-22,0.0,-2.4,6.0,37.0,1030.8,3.9,37.0,67.0,0.0
2024-01-23,0.0,-2.2,9.4,54.0,1029.0,4.8,308.0,22.0,0.0
2024-01-24,0.0,2.7,8.0,50.0,1029.8,3.8,324.0,70.0,0.0
2024-01-25,0.0,1.4,12.1,70.0,1025.9,4.5,313.0,66.0,0.0
2024-01-26,0.0,5.7,10.1,70.0,1026.5,3.4,322.0,47.0,0.0
2024-01-27,0.0,1.3,9.1,83.0,1030.1,3.3,360.0,20.0,1.0
2024-01-28,0.0,1.7,8.9,73.0,1037.1,3.1,343.0,20.0,0.0
2024-01-29,0.0,1.7,8.1,70.0,1036.9,3.1,317.0,3.0,0.0
2024-01-30,0.0,1.2,9.7,61.0,1036.2,3.5,2.0,37.0,0.0
2024-01-31,0.0,3.1,9.5,59.0,1034.1,2.8,348.0,64.0,0.0
2024-02-01,0.2,3.2,7.0,49.0,1028.5,3.3,4.0,55.0,0.0
2024-02-02,0.0,0.9,10.4,62.0,1029.1,3.8,7.0,46.0,0.0
2024-02-03,0.0,4.0,9.7,57.0,1026.8,2.5,348.0,61.0,0.0
2024-02-04,0.0,4.7,10.4,62.0,1024.7,2.8,5.0,78.0,0.0
2024-02-05,0.0,3.1,9.4,83.0,1024.3,2.9,329.0,73.0,6.0
2024-02-06,0.0,4.1,9.1,89.0,1022.7,3.8,7.0,97.0,14.0
2024-02-07,0.4,5.3,9.8,90.0,1015.3,3.8,55.0,94.0,15.0
2024-02-08,0.0,5.3,10.5,91.0,1010.4,4.6,56.0,99.0,17.0
2024-02-09,21.7,6.8,9.9,91.0,1004.2,4.1,26.0,100.0,21.0
2024-02-10,18.1,8.0,10.8,90.0,996.4,10.9,39.0,100.0,23.0
2024-02-11,8.0,7.4,12.1,88.0,992.5,4.1,355.0,98.0,16.0
2024-02-12,1.6,5.5,12.8,81.0,1004.1,4.1,356.0,87.0,11.0
2024-02-13,0.0,4.5,14.7,73.0,1016.4,3.4,310.0,42.0,3.0
2024-02-14,0.0,4.1,12.9,66.0,1024.4,3.0,15.0,29.0,0.0
2024-02-15,0.0,3.7,12.5,73.0,1024.2,2.8,72.0,50.0,0.0
2024-02-16,0.0,4.7,11.9,81.0,1022.2,3.1,60.0,34.0,2.0
2024-02-17,0.0,6.2,14.0,76.0,1026.8,2.4,160.0,45.0,0.0
2024-02-18,0.0,7.3,15.6,75.0,1030.8,4.8,62.0,74.0,0.0
2024-02-19,0.4,8.0,14.8,77.0,1024.8,3.3,312.0,67.0,1.0
2024-02-20,1.2,5.8,14.6,78.0,1024.9,4.1,315.0,49.0,1.0
2024-02-21,0.0,5.5,14.7,72.0,1024.4,5.1,287.0,59.0,1.0
2024-02-22,4.6,6.4,9.5,89.0,1013.7,4.2,39.0,100.0,14.0
2024-02-23,38.9,6.6,8.7,90.0,999.9,9.8,23.0,98.0,24.0
2024-02-24,7.3,3.3,11.4,83.0,1006.8,4.8,32.0,70.0,10.0
2024-02-25,6.7,4.5,11.7,83.0,1010.6,5.5,17.0,74.0,13.0
2024-02-26,8.2,2.5,10.4,82.0,1008.0,7.3,27.0,95.0,15.0
2024-02-27,39.9,6.9,10.0,81.0,1009.4,15.5,18.0,100.0,23.0
2024-02-28,26.6,8.2,14.3,85.0,1016.2,7.9,11.0,100.0,18.0
2024-02-29,0.5,7.3,17.1,74.0,1014.8,6.7,23.0,85.0,3.0
2024-03-01,8.5,9.4,12.1,84.0,1007.2,8.4,35.0,98.0,12.0
2024-03-02,2.7,6.9,11.8,86.0,1009.5,7.4,57.0,91.0,10.0
2024-03-03,8.0,6.6,14.1,82.0,1009.1,8.5,58.0,84.0,13.0
2024-03-04,10.1,8.1,14.4,79.0,1007.3,8.9,10.0,78.0,10.0
2024-03-05,3.3,5.2,16.4,74.0,1010.9,4.7,47.0,61.0,4.0
2024-03-06,13.8,8.2,12.5,82.0,1014.9,11.1,65.0,96.0,10.0
2024-03-07,10.7,5.2,12.1,87.0,1017.5,4.8,18.0,83.0,18.0
2024-03-08,5.5,5.8,7.8,81.0,1017.6,9.9,60.0,100.0,8.0
2024-03-09,3.5,5.8,11.9,80.0,1012.0,7.0,56.0,98.0,6.0
2024-03-10,28.1,7.7,10.3,87.0,1004.8,9.8,35.0,99.0,18.0
2024-03-11,0.1,3.6,13.8,82.0,1004.9,4.7,10.0,97.0,9.0
2024-03-12,0.0,5.4,15.9,73.0,1011.6,3.8,336.0,60.0,0.0
2024-03-13,0.0,7.0,16.0,69.0,1016.9,3.8,117.0,58.0,0.0
2024-03-14,0.0,6.5,15.4,75.0,1018.1,3.8,97.0,58.0,1.0
2024-03-15,0.1,6.7,15.0,81.0,1017.5,4.4,55.0,86.0,6.0
2024-03-16,0.0,9.5,16.0,83.0,1019.0,4.1,46.0,68.0,7.0
2024-03-17,1.0,7.6,17.1,81.0,1021.4,3.7,264.0,89.0,6.0
2024-03-18,6.4,8.7,12.8,89.0,1016.0,4.4,52.0,98.0,14.0
2024-03-19,0.0,5.8,16.3,83.0,1017.8,4.4,102.0,38.0,8.0
2024-03-20,0.6,8.9,15.9,84.0,1022.5,5.0,173.0,87.0,11.0
2024-03-21,0.2,6.2,16.5,82.0,1021.6,4.9,69.0,70.0,7.0
2024-03-22,0.0,6.8,19.8,69.0,1019.9,5.3,251.0,53.0,0.0
2024-03-23,1.9,7.3,18.4,75.0,1010.5,7.9,277.0,42.0,2.0
2024-03-24,2.0,5.1,13.3,70.0,1008.3,5.8,76.0,36.0,4.0
2024-03-25,0.0,2.1,14.5,64.0,1008.7,4.5,178.0,36.0,0.0
2024-03-26,6.5,5.6,12.2,73.0,1004.0,9.4,29.0,96.0,9.0
2024-03-27,33.1,5.7,10.7,90.0,995.2,8.5,17.0,87.0,20.0
2024-03-28,13.8,5.2,10.1,87.0,1000.7,6.1,340.0,64.0,13.0
2024-03-29,0.1,4.3,16.2,81.0,1012.3,6.5,35.0,79.0,4.0
2024-03-30,8.4,9.1,17.8,77.0,1009.7,13.9,47.0,91.0,7.0
2024-03-31,23.5,10.5,17.0,83.0,1007.6,8.9,34.0,96.0,14.0
2024-04-01,23.5,9.1,14.9,88.0,1005.1,8.3,37.0,95.0,20.0
2024-04-02,0.1,6.2,16.5,80.0,1012.0,5.7,55.0,46.0,7.0
2024-04-03,1.8,7.7,15.9,78.0,1015.8,5.5,263.0,81.0,3.0
2024-04-04,0.0,6.8,18.8,74.0,1018.5,5.4,108.0,56.0,3.0
2024-04-05,0.2,8.8,19.6,79.0,1022.3,5.2,91.0,90.0,9.0
2024-04-06,0.0,10.1,21.0,81.0,1023.0,5.1,77.0,45.0,10.0
2024-04-07,0.0,11.0,22.1,80.0,1021.1,4.3,94.0,62.0,3.0
2024-04-08,0.0,11.9,22.2,76.0,1017.7,3.9,94.0,90.0,0.0
2024-04-09,3.7,11.3,21.2,84.0,1015.5,6.5,82.0,74.0,12.0
2024-04-10,8.2,11.9,17.7,80.0,1017.4,7.2,5.0,99.0,12.0
2024-04-11,0.0,10.9,21.1,68.0,1027.3,3.4,274.0,35.0,0.0
2024-04-12,0.0,12.3,23.5,71.0,1028.7,4.0,226.0,2.0,0.0
2024-04-13,0.0,13.2,25.6,70.0,1026.6,4.2,238.0,39.0,0.0
2024-04-14,0.0,15.3,26.4,72.0,1022.2,5.6,82.0,49.0,0.0
2024-04-15,0.0,13.5,23.4,71.0,1012.2,7.5,229.0,63.0,2.0
2024-04-16,15.7,7.6,17.6,77.0,1001.7,9.9,63.0,68.0,5.0
2024-04-17,0.2,5.3,14.5,71.0,1005.6,4.7,316.0,71.0,0.0
2024-04-18,0.6,5.5,14.1,69.0,1010.3,6.3,61.0,95.0,5.0
2024-04-19,0.7,3.3,15.4,56.0,1014.0,7.2,229.0,56.0,2.0
2024-04-20,2.1,4.6,15.1,61.0,1010.3,5.7,44.0,55.0,3.0
2024-04-21,1.4,2.8,13.2,57.0,1014.7,4.8,7.0,56.0,2.0
2024-04-22,13.8,5.1,10.3,70.0,1014.5,15.2,44.0,100.0,14.0
2024-04-23,6.7,5.8,12.4,71.0,1009.3,14.4,43.0,94.0,9.0
2024-04-24,8.1,6.8,12.3,77.0,1007.1,4.4,82.0,94.0,10.0
2024-04-25,2.4,3.9,13.6,71.0,1008.9,4.3,223.0,28.0,8.0
2024-04-26,0.2,4.8,14.4,70.0,1012.6,5.5,73.0,60.0,0.0
2024-04-27,0.5,6.9,16.3,78.0,1017.0,6.2,75.0,71.0,0.0
2024-04-28,0.0,9.2,19.8,73.0,1020.3,4.9,69.0,81.0,0.0
2024-04-29,0.0,9.6,23.4,62.0,1021.1,4.1,35.0,16.0,0.0
2024-04-30,0.0,12.3,25.4,56.0,1018.1,6.9,63.0,35.0,0.0
2024-05-01,8.6,14.4,22.1,65.0,1010.7,14.0,52.0,96.0,6.0
2024-05-02,30.4,10.6,16.1,89.0,1007.4,7.4,55.0,96.0,20.0
2024-05-03,4.2,8.0,17.2,83.0,1010.9,3.8,55.0,88.0,14.0
2024-05-04,0.2,10.6,20.2,74.0,1015.1,3.6,246.0,71.0,8.0
2024-05-05,0.1,11.4,21.9,69.0,1014.6,6.1,170.0,62.0,0.0
2024-05-06,0.2,12.1,20.0,78.0,1013.4,7.2,255.0,89.0,2.0
2024-05-07,8.0,11.8,15.6,88.0,1013.5,6.1,52.0,100.0,17.0
2024-05-08,2.4,11.0,20.9,79.0,1016.7,4.9,47.0,60.0,9.0
2024-05-09,0.0,14.4,22.4,68.0,1019.4,4.2,183.0,82.0,2.0
2024-05-10,0.0,11.6,22.2,63.0,1019.7,4.8,40.0,37.0,0.0
2024-05-11,0.0,13.7,23.6,59.0,1018.9,5.9,56.0,33.0,0.0
2024-05-12,0.0,13.6,24.4,63.0,1017.5,5.3,88.0,50.0,0.0
2024-05-13,0.9,14.9,21.5,73.0,1015.6,6.5,45.0,98.0,1.0
2024-05-14,3.0,12.5,22.3,79.0,1012.0,7.5,78.0,57.0,5.0
2024-05-15,36.7,14.1,15.8,84.0,1011.1,13.2,39.0,100.0,18.0
2024-05-16,35.8,13.5,18.6,79.0,1007.7,12.7,48.0,91.0,16.0
2024-05-17,1.1,11.3,20.5,78.0,1009.1,6.9,238.0,59.0,7.0
2024-05-18,0.2,11.0,21.9,72.0,1013.4,5.0,97.0,13.0,0.0
2024-05-19,0.8,12.8,22.1,74.0,1012.1,4.7,89.0,46.0,3.0
2024-05-20,0.8,13.0,23.2,78.0,1010.9,5.2,69.0,72.0,2.0
2024-05-21,50.4,13.9,18.0,91.0,1006.5,8.6,55.0,89.0,22.0
2024-05-22,2.3,12.3,20.8,85.0,1011.0,4.5,67.0,60.0,12.0
2024-05-23,1.2,11.4,20.8,81.0,1015.9,4.6,247.0,47.0,7.0
2024-05-24,3.5,10.8,21.0,78.0,1018.2,5.0,166.0,59.0,8.0
2024-05-25,9.2,12.4,21.4,76.0,1017.4,4.0,293.0,64.0,8.0
2024-05-26,0.0,11.4,24.2,66.0,1017.3,5.0,96.0,25.0,0.0
2024-05-27,0.4,13.9,24.2,71.0,1018.1,4.3,157.0,76.0,1.0
2024-05-28,13.6,14.9,22.6,81.0,1015.4,4.7,356.0,81.0,13.0
2024-05-29,0.1,13.7,23.3,69.0,1014.4,4.4,145.0,54.0,0.0
2024-05-30,21.7,14.7,20.3,85.0,1008.0,5.7,62.0,91.0,13.0
2024-05-31,37.1,12.9,19.4,84.0,1003.4,8.0,53.0,92.0,17.0
2024-06-01,2.3,11.3,22.1,78.0,1011.3,4.2,111.0,63.0,11.0
2024-06-02,3.3,13.0,23.0,78.0,1015.1,5.5,49.0,52.0,11.0
2024-06-03,1.4,13.9,22.0,75.0,1013.5,5.0,319.0,84.0,5.0
2024-06-04,7.5,14.6,22.7,81.0,1014.2,4.5,64.0,87.0,8.0
2024-06-05,0.7,14.1,24.7,76.0,1015.3,4.4,186.0,26.0,6.0
2024-06-06,0.3,16.3,25.6,78.0,1017.1,6.2,99.0,49.0,7.0
2024-06-07,0.0,17.6,27.5,75.0,1016.4,4.8,73.0,71.0,1.0
2024-06-08,4.8,18.5,26.6,79.0,1013.7,4.9,101.0,86.0,9.0
2024-06-09,14.4,19.2,26.4,82.0,1008.3,8.0,53.0,98.0,7.0
2024-06-10,14.7,17.9,26.5,82.0,1004.4,6.5,154.0,90.0,14.0
2024-06-11,5.4,16.8,21.8,77.0,1009.4,9.0,74.0,68.0,7.0
2024-06-12,4.1,15.1,21.3,77.0,1012.7,8.4,83.0,75.0,10.0
2024-06-13,0.4,12.1,20.6,73.0,1015.5,5.8,53.0,59.0,4.0
2024-06-14,0.3,11.9,22.0,74.0,1016.8,5.2,235.0,76.0,0.0
2024-06-15,0.8,14.4,23.3,73.0,1012.6,4.4,54.0,54.0,0.0
2024-06-16,0.5,15.3,25.0,76.0,1011.0,5.9,221.0,56.0,4.0
2024-06-17,0.4,15.7,26.3,75.0,1015.5,5.3,156.0,31.0,1.0
2024-06-18,0.0,17.3,27.8,73.0,1017.7,4.8,111.0,52.0,0.0
2024-06-19,0.0,18.9,28.4,74.0,1016.6,4.6,82.0,38.0,0.0
2024-06-20,0.0,20.5,29.6,78.0,1018.3,5.9,76.0,61.0,1.0
2024-06-21,13.7,20.5,29.5,76.0,1015.2,5.2,87.0,70.0,3.0
2024-06-22,1.5,18.4,28.0,75.0,1010.0,5.5,52.0,25.0,7.0
2024-06-23,18.6,18.4,25.9,73.0,1011.2,10.0,10.0,95.0,10.0
2024-06-24,16.7,18.2,25.8,74.0,1013.2,9.7,23.0,67.0,9.0
2024-06-25,38.7,18.1,24.7,77.0,1013.2,8.1,22.0,73.0,11.0
2024-06-26,2.9,16.3,24.5,77.0,1011.9,4.1,37.0,53.0,9.0
2024-06-27,0.0,16.8,27.8,72.0,1011.0,4.3,150.0,27.0,0.0
2024-06-28,0.0,20.2,29.8,77.0,1015.2,4.3,88.0,33.0,1.0
2024-06-29,0.0,21.6,30.8,77.0,1016.5,4.5,86.0,49.0,2.0
2024-06-30,3.3,21.2,29.2,72.0,1010.6,7.3,250.0,40.0,3.0
2024-07-01,19.2,18.4,25.3,80.0,1010.5,5.3,3.0,75.0,9.0
2024-07-02,4.8,16.3,26.0,77.0,1009.3,3.6,304.0,35.0,10.0
2024-07-03,30.9,17.1,22.2,73.0,1009.0,5.8,47.0,99.0,10.0
2024-07-04,0.4,15.0,24.5,75.0,1010.5,4.6,192.0,17.0,7.0
2024-07-05,0.0,16.7,27.3,71.0,1014.6,4.7,161.0,30.0,0.0
2024-07-06,0.7,18.9,26.6,74.0,1012.5,4.7,82.0,59.0,1.0
2024-07-07,20.3,18.9,26.0,81.0,1012.1,6.6,45.0,73.0,8.0
2024-07-08,0.3,18.4,29.1,73.0,1014.7,4.4,194.0,30.0,6.0
2024-07-09,0.0,19.9,31.0,70.0,1015.8,4.2,93.0,4.0,0.0
2024-07-10,0.0,21.3,32.6,66.0,1014.6,4.3,261.0,23.0,0.0
2024-07-11,0.0,22.2,32.2,67.0,1013.7,3.6,83.0,14.0,0.0
2024-07-12,16.1,21.6,29.1,75.0,1011.2,5.6,16.0,52.0,2.0
2024-07-13,0.2,20.2,29.6,77.0,1009.5,5.4,127.0,36.0,7.0
2024-07-14,0.0,20.5,29.9,66.0,1011.2,5.2,225.0,44.0,0.0
2024-07-15,0.0,20.7,30.5,67.0,1012.9,4.1,94.0,3.0,0.0
2024-07-16,0.0,21.7,31.2,65.0,1011.8,3.9,96.0,23.0,0.0
2024-07-17,0.0,22.3,32.0,65.0,1014.2,5.1,41.0,30.0,0.0
2024-07-18,0.0,24.0,31.5,58.0,1017.2,7.2,57.0,14.0,0.0
2024-07-19,0.0,21.9,32.1,63.0,1015.4,4.6,336.0,30.0,0.0
2024-07-20,4.7,21.4,29.1,69.0,1010.7,4.5,45.0,59.0,3.0
2024-07-21,1.1,20.6,29.6,76.0,1009.4,3.9,234.0,35.0,1.0
2024-07-22,2.0,20.5,29.4,78.0,1011.9,4.8,18.0,54.0,2.0
2024-07-23,0.2,21.3,29.5,66.0,1015.1,4.2,6.0,34.0,0.0
2024-07-24,0.1,20.9,28.9,68.0,1013.5,4.4,38.0,41.0,0.0
2024-07-25,0.0,20.7,29.6,60.0,1012.6,7.7,48.0,58.0,0.0
2024-07-26,0.0,20.2,30.8,64.0,1012.8,4.6,157.0,24.0,0.0
2024-07-27,0.0,21.0,31.4,67.0,1015.2,4.5,182.0,16.0,0.0
2024-07-28,6.5,22.2,32.3,71.0,1017.3,5.0,24.0,32.0,4.0
2024-07-29,0.0,21.3,29.4,68.0,1018.8,6.5,54.0,41.0,0.0
2024-07-30,0.0,21.0,30.6,63.0,1017.6,5.5,84.0,38.0,0.0
2024-07-31,0.0,21.5,31.5,71.0,1014.2,4.4,163.0,23.0,0.0
2024-08-01,1.7,22.6,30.6,74.0,1010.9,5.0,94.0,45.0,3.0
2024-08-02,0.4,19.6,29.1,81.0,1009.2,4.3,228.0,38.0,8.0
2024-08-03,1.8,21.1,30.1,69.0,1008.9,6.0,54.0,19.0,3.0
2024-08-04,0.0,19.9,29.2,65.0,1011.4,4.2,320.0,62.0,0.0
2024-08-05,0.0,20.8,29.7,67.0,1011.8,4.1,246.0,56.0,0.0
2024-08-06,0.1,21.0,29.6,71.0,1011.6,5.1,60.0,41.0,0.0
2024-08-07,2.0,21.5,30.5,71.0,1011.8,5.2,266.0,80.0,1.0
2024-08-08,0.0,18.6,30.1,64.0,1013.3,3.8,119.0,26.0,0.0
2024-08-09,0.0,21.0,30.5,65.0,1015.6,3.8,140.0,37.0,0.0
2024-08-10,0.0,23.0,32.2,66.0,1018.5,3.6,82.0,6.0,0.0
2024-08-11,0.0,23.4,33.0,62.0,1018.1,3.2,218.0,16.0,0.0
2024-08-12,0.0,22.8,33.8,65.0,1013.4,4.2,235.0,37.0,0.0
2024-08-13,0.0,23.4,33.0,66.0,1010.7,4.0,212.0,29.0,0.0
2024-08-14,0.5,22.8,32.1,62.0,1011.2,4.0,323.0,44.0,1.0
2024-08-15,0.0,20.9,32.2,61.0,1014.7,4.4,237.0,71.0,0.0
2024-08-16,0.0,21.7,32.1,68.0,1015.1,4.1,244.0,31.0,0.0
2024-08-17,0.3,21.4,31.1,68.0,1011.9,3.5,4.0,29.0,1.0
2024-08-18,3.0,21.4,27.7,76.0,1007.7,5.6,58.0,82.0,5.0
2024-08-19,6.5,20.1,26.1,83.0,1008.8,4.0,5.0,100.0,8.0
2024-08-20,1.0,20.3,28.4,76.0,1010.7,5.2,11.0,57.0,4.0
2024-08-21,0.1,20.0,29.4,71.0,1011.3,3.9,40.0,18.0,0.0
2024-08-22,0.0,20.5,28.4,64.0,1013.9,6.4,63.0,69.0,0.0
2024-08-23,0.0,20.5,30.3,71.0,1014.3,4.9,184.0,17.0,0.0
2024-08-24,0.0,21.6,31.3,72.0,1016.1,4.3,142.0,8.0,0.0
2024-08-25,0.0,21.5,31.9,68.0,1014.3,4.3,28.0,16.0,0.0
2024-08-26,3.1,21.0,30.1,65.0,1014.5,8.2,16.0,91.0,1.0
2024-08-27,0.1,20.7,30.5,59.0,1016.5,8.3,35.0,64.0,0.0
2024-08-28,0.2,20.0,31.6,62.0,1017.4,6.0,35.0,40.0,0.0
2024-08-29,0.0,20.6,33.3,58.0,1016.5,4.4,251.0,3.0,0.0
2024-08-30,0.0,22.4,32.5,55.0,1016.5,4.2,59.0,10.0,0.0
2024-08-31,0.0,21.8,33.0,59.0,1017.1,5.1,26.0,44.0,0.0
2024-09-01,0.0,22.1,32.8,53.0,1014.8,4.9,44.0,70.0,0.0
2024-09-02,0.2,20.4,31.7,53.0,1012.8,4.4,281.0,13.0,0.0
2024-09-03,0.2,19.6,29.8,62.0,1015.4,4.0,356.0,15.0,0.0
2024-09-04,0.2,20.6,30.5,57.0,1014.1,4.7,99.0,40.0,0.0
2024-09-05,103.5,18.9,22.8,79.0,1010.4,10.7,13.0,85.0,15.0
2024-09-06,0.7,16.6,24.3,81.0,1012.8,4.2,74.0,51.0,8.0
2024-09-07,0.0,17.2,26.5,77.0,1016.3,4.1,205.0,14.0,0.0
2024-09-08,43.5,18.8,25.6,85.0,1012.8,5.2,61.0,89.0,11.0
2024-09-09,29.1,18.5,25.5,84.0,1003.4,8.1,68.0,66.0,13.0
2024-09-10,4.3,16.5,25.5,76.0,1008.9,4.4,333.0,16.0,3.0
2024-09-11,9.4,16.3,24.0,81.0,1009.2,5.9,39.0,71.0,11.0
2024-09-12,18.5,13.3,19.1,87.0,1004.1,5.2,70.0,99.0,18.0
2024-09-13,1.8,11.9,17.8,73.0,1007.6,5.1,280.0,100.0,3.0
2024-09-14,0.0,11.6,19.6,51.0,1012.6,7.0,265.0,99.0,0.0
2024-09-15,0.3,12.1,21.3,63.0,1013.1,4.9,74.0,90.0,0.0
2024-09-16,2.3,11.2,21.6,69.0,1012.6,4.0,152.0,80.0,4.0
2024-09-17,4.3,13.2,19.7,71.0,1016.5,9.0,61.0,67.0,8.0
2024-09-18,0.5,10.6,21.7,67.0,1018.9,7.2,33.0,65.0,1.0
2024-09-19,0.1,13.7,22.4,59.0,1017.0,10.3,24.0,85.0,0.0
2024-09-20,0.0,14.2,23.7,57.0,1019.8,6.9,37.0,39.0,0.0
2024-09-21,0.0,14.6,23.0,66.0,1021.7,6.4,46.0,17.0,0.0
2024-09-22,0.0,14.2,22.5,68.0,1018.5,3.4,304.0,64.0,0.0
2024-09-23,16.1,13.1,21.9,77.0,1013.8,6.8,51.0,56.0,7.0
2024-09-24,15.8,14.0,21.8,84.0,1009.9,6.3,11.0,65.0,14.0
2024-09-25,0.5,12.7,21.1,82.0,1013.8,6.0,77.0,51.0,10.0
2024-09-26,1.1,15.3,20.2,80.0,1010.6,4.7,29.0,96.0,2.0
2024-09-27,21.0,16.9,23.9,84.0,1006.5,6.8,60.0,78.0,12.0
2024-09-28,3.8,13.0,19.0,78.0,1011.1,6.3,54.0,55.0,5.0
2024-09-29,0.6,10.5,18.3,71.0,1023.2,4.5,12.0,42.0,0.0
2024-09-30,0.3,12.5,18.3,74.0,1021.9,5.7,43.0,72.0,0.0
2024-10-01,1.4,12.0,17.3,83.0,1016.5,3.7,55.0,99.0,4.0
2024-10-02,11.8,13.7,17.6,93.0,1007.2,4.7,66.0,80.0,22.0
2024-10-03,23.1,12.9,15.1,82.0,1005.2,8.1,36.0,99.0,17.0
2024-10-04,14.3,11.8,14.1,90.0,1007.6,2.7,271.0,100.0,23.0
2024-10-05,1.5,11.3,15.7,81.0,1013.1,3.0,340.0,78.0,12.0
2024-10-06,0.0,8.4,17.8,77.0,1013.1,5.3,250.0,50.0,3.0
2024-10-07,0.3,9.8,17.2,82.0,1015.7,3.8,61.0,69.0,7.0
2024-10-08,54.1,14.2,17.3,91.0,1010.4,8.0,48.0,100.0,21.0
2024-10-09,4.7,13.5,20.2,88.0,1005.3,4.8,66.0,82.0,17.0
2024-10-10,15.2,14.7,20.8,87.0,1000.9,8.0,29.0,74.0,16.0
2024-10-11,0.0,10.7,20.5,74.0,1010.8,4.1,351.0,12.0,4.0
2024-10-12,0.0,10.4,18.6,69.0,1018.5,5.0,12.0,59.0,0.0
2024-10-13,0.1,11.2,18.4,80.0,1017.5,5.3,63.0,86.0,2.0
2024-10-14,0.0,11.7,18.6,84.0,1020.0,2.8,305.0,83.0,11.0
2024-10-15,0.0,11.7,19.4,82.0,1020.7,3.2,67.0,83.0,6.0
2024-10-16,5.4,11.5,18.4,87.0,1022.4,5.4,46.0,99.0,16.0
2024-10-17,2.1,14.0,19.5,87.0,1021.6,6.1,73.0,96.0,13.0
2024-10-18,36.6,13.3,19.0,88.0,1017.2,11.5,50.0,85.0,17.0
2024-10-19,26.7,13.5,20.1,87.0,1018.1,7.7,41.0,98.0,15.0
2024-10-20,2.1,13.9,21.0,79.0,1024.4,5.6,54.0,83.0,4.0
2024-10-21,0.0,13.0,20.8,81.0,1029.2,3.5,260.0,39.0,2.0
2024-10-22,0.5,15.5,20.8,78.0,1028.7,3.0,100.0,53.0,5.0
2024-10-23,30.9,14.7,17.9,92.0,1029.1,4.7,52.0,100.0,24.0
2024-10-24,6.6,13.4,17.3,87.0,1028.7,7.1,66.0,84.0,13.0
2024-10-25,3.4,11.1,19.0,84.0,1025.2,3.6,57.0,76.0,8.0
2024-10-26,12.2,13.7,19.9,88.0,1022.7,5.3,56.0,80.0,17.0
2024-10-27,8.1,13.7,20.1,83.0,1023.7,2.5,270.0,69.0,5.0
2024-10-28,0.2,13.4,19.5,84.0,1026.3,3.2,61.0,77.0,6.0
2024-10-29,0.0,12.4,20.9,81.0,1025.6,2.5,304.0,12.0,4.0
2024-10-30,0.0,12.0,22.0,76.0,1024.5,3.2,347.0,2.0,0.0
2024-10-31,0.0,10.9,20.3,74.0,1025.6,3.2,342.0,4.0,0.0
2024-11-01,0.0,11.4,17.9,76.0,1024.4,2.9,5.0,14.0,0.0
2024-11-02,0.0,12.3,18.0,76.0,1023.2,3.5,37.0,2.0,0.0
2024-11-03,0.0,9.1,16.1,75.0,1027.9,4.8,48.0,18.0,0.0
2024-11-04,0.0,8.2,16.6,80.0,1026.8,2.7,320.0,5.0,3.0
2024-11-05,0.0,7.2,16.4,64.0,1026.4,3.3,2.0,66.0,0.0
2024-11-06,0.0,8.1,15.5,59.0,1028.6,2.7,320.0,70.0,0.0
2024-11-07,0.0,6.1,15.3,69.0,1030.5,2.8,358.0,27.0,0.0
2024-11-08,0.0,7.3,14.6,76.0,1029.0,3.2,300.0,55.0,0.0
2024-11-09,0.0,6.9,14.4,76.0,1026.8,3.6,319.0,76.0,0.0
2024-11-10,0.0,5.8,15.6,61.0,1023.2,4.2,16.0,5.0,0.0
2024-11-11,0.0,4.8,12.1,57.0,1024.9,3.8,38.0,7.0,0.0
2024-11-12,0.0,2.2,11.6,71.0,1024.6,3.8,44.0,24.0,0.0
2024-11-13,0.0,2.9,10.2,71.0,1025.0,3.0,75.0,28.0,0.0
2024-11-14,1.1,3.4,8.3,79.0,1024.2,2.4,109.0,34.0,1.0
2024-11-15,0.0,1.8,10.4,71.0,1024.6,1.6,330.0,2.0,0.0
2024-11-16,0.0,3.7,11.3,65.0,1023.0,2.0,276.0,1.0,0.0
2024-11-17,0.0,2.5,8.5,66.0,1016.0,1.3,135.0,15.0,0.0
2024-11-18,0.0,3.0,11.5,69.0,1013.3,2.3,302.0,91.0,0.0
2024-11-19,0.0,5.2,11.1,73.0,1010.5,2.4,353.0,90.0,1.0
2024-11-20,0.5,1.0,12.1,86.0,998.3,3.8,15.0,74.0,9.0
2024-11-21,4.6,-1.1,7.3,57.0,1004.0,5.3,4.0,63.0,6.0
2024-11-22,2.9,-0.6,9.6,84.0,1000.5,4.7,289.0,60.0,12.0
2024-11-23,0.0,-4.0,8.4,69.0,1025.1,4.0,347.0,28.0,0.0
2024-11-24,0.0,0.4,8.1,63.0,1032.9,2.2,3.0,76.0,0.0
2024-11-25,0.0,2.0,8.3,73.0,1028.6,2.4,51.0,36.0,0.0
2024-11-26,0.5,3.5,7.8,83.0,1023.5,2.4,4.0,78.0,7.0
2024-11-27,0.0,6.3,12.1,81.0,1023.8,1.5,332.0,67.0,3.0
2024-11-28,0.6,4.2,10.2,91.0,1022.8,3.3,29.0,90.0,17.0
2024-11-29,0.0,2.2,11.4,81.0,1026.1,3.4,299.0,34.0,7.0
2024-11-30,0.0,0.9,9.9,72.0,1030.0,3.1,298.0,0.0,0.0
2024-12-01,0.0,1.1,11.5,68.0,1026.2,3.3,329.0,0.0,0.0
2024-12-02,0.0,3.7,10.6,66.0,1021.5,2.1,343.0,18.0,0.0
2024-12-03,0.0,3.3,8.4,70.0,1017.5,1.9,15.0,71.0,0.0
2024-12-04,1.2,4.9,10.1,78.0,1020.7,2.4,359.0,88.0,2.0
2024-12-05,0.0,0.9,8.5,79.0,1025.0,2.0,298.0,21.0,1.0
2024-12-06,1.1,-0.6,6.3,80.0,1017.8,3.5,39.0,52.0,3.0
2024-12-07,0.0,-0.7,7.0,67.0,1013.6,2.7,16.0,79.0,0.0
2024-12-08,31.6,4.1,8.8,78.0,1001.0,13.7,8.0,100.0,20.0
2024-12-09,1.3,1.6,8.5,78.0,1009.5,3.5,355.0,86.0,7.0
2024-12-10,0.0,3.3,10.1,75.0,1018.5,4.3,29.0,94.0,0.0
2024-12-11,0.0,2.0,9.3,76.0,1023.9,2.2,308.0,40.0,0.0
2024-12-12,0.0,0.8,8.0,80.0,1028.8,2.1,355.0,6.0,0.0
2024-12-13,0.0,0.2,6.9,74.0,1030.1,2.3,359.0,23.0,0.0
2024-12-14,2.7,2.2,6.4,89.0,1022.9,3.7,316.0,81.0,13.0
2024-12-15,0.0,0.8,6.6,87.0,1025.4,2.3,271.0,30.0,5.0
2024-12-16,0.0,0.2,5.5,83.0,1034.3,0.9,279.0,67.0,7.0
2024-12-17,0.0,0.8,5.5,88.0,1031.9,1.4,78.0,56.0,10.0
2024-12-18,0.0,1.6,6.6,86.0,1028.2,1.3,66.0,88.0,6.0
2024-12-19,7.4,2.3,5.8,90.0,1016.5,2.4,25.0,100.0,14.0
2024-12-20,11.6,-1.5,8.7,86.0,1009.0,4.5,290.0,75.0,11.0
2024-12-21,0.0,-2.1,7.7,67.0,1022.8,2.2,311.0,16.0,0.0
2024-12-22,2.5,-0.8,4.9,73.0,1012.3,3.8,46.0,81.0,6.0
2024-12-23,0.0,-3.2,9.3,76.0,1004.2,3.1,300.0,65.0,3.0
2024-12-24,0.0,-3.3,10.7,65.0,1016.2,3.6,318.0,2.0,0.0
2024-12-25,0.0,-3.0,7.7,62.0,1029.0,2.2,318.0,0.0,0.0
2024-12-26,0.0,-0.8,9.4,52.0,1032.7,3.0,338.0,0.0,0.0
2024-12-27,0.0,1.8,10.3,45.0,1032.6,1.8,348.0,2.0,0.0
2024-12-28,0.0,3.2,11.8,55.0,1028.0,1.5,13.0,48.0,0.0
2024-12-29,0.0,4.3,12.4,62.0,1027.2,1.2,347.0,0.0,0.0
2024-12-30,0.0,4.3,11.4,63.0,1029.5,1.3,39.0,1.0,0.0
2024-12-31,0.0,2.1,8.2,75.0,1031.7,1.3,70.0,10.0,4.0
