date,rainfall_mm,temp_min,temp_max,humidity_pct,pressure_hpa,wind_speed_kmh,wind_dir_deg,cloud_pct
1996-01-01,3.8,3.2,5.8,89.0,999.9,3.4,284.0,88.0
1996-01-02,0.0,1.3,6.8,91.0,1005.2,2.5,312.0,49.0
1996-01-03,0.0,-2.7,7.6,88.0,1013.7,2.9,345.0,34.0
1996-01-04,2.3,0.9,3.6,85.0,1018.9,2.5,10.0,80.0
1996-01-05,1.9,-0.4,1.1,85.0,1014.5,1.8,97.0,92.0
1996-01-06,13.4,-0.1,3.5,87.0,1011.0,4.8,13.0,100.0
1996-01-07,14.0,3.5,6.8,90.0,1009.8,4.9,12.0,100.0
1996-01-08,1.5,4.5,9.9,92.0,1011.5,3.8,341.0,83.0
1996-01-09,0.3,-0.4,9.3,88.0,1018.3,2.3,287.0,64.0
1996-01-10,3.7,3.8,9.3,91.0,1018.2,3.4,3.0,98.0
1996-01-11,2.5,6.6,12.3,90.0,1016.8,4.1,11.0,92.0
1996-01-12,0.8,5.9,11.5,91.0,1014.1,4.6,18.0,80.0
1996-01-13,4.2,7.1,10.7,93.0,1018.1,3.0,351.0,95.0
1996-01-14,0.3,4.9,9.7,85.0,1022.9,2.3,68.0,61.0
1996-01-15,0.0,1.8,6.6,82.0,1027.5,2.4,262.0,18.0
1996-01-16,0.0,0.8,6.7,76.0,1030.4,2.3,298.0,2.0
1996-01-17,0.0,-2.7,8.1,75.0,1030.9,2.2,313.0,0.0
1996-01-18,0.0,-1.8,6.0,73.0,1024.7,2.1,255.0,61.0
1996-01-19,0.0,-0.5,5.5,77.0,1018.1,2.4,39.0,5.0
1996-01-20,1.1,-1.6,4.3,81.0,1017.4,4.4,30.0,68.0
1996-01-21,0.0,-0.9,4.3,75.0,1021.6,2.9,51.0,52.0
1996-01-22,0.0,-2.0,4.5,74.0,1022.5,3.4,37.0,55.0
1996-01-23,8.2,1.0,4.3,87.0,1020.7,3.6,23.0,100.0
1996-01-24,23.4,3.5,6.7,90.0,1012.1,5.1,30.0,100.0
1996-01-25,5.0,2.8,5.1,88.0,1009.8,3.1,69.0,99.0
1996-01-26,8.5,4.0,8.9,90.0,1011.3,4.4,31.0,96.0
1996-01-27,3.6,2.4,7.8,91.0,1013.5,2.3,335.0,93.0
1996-01-28,0.6,2.4,6.8,94.0,1017.8,3.0,19.0,91.0
1996-01-29,0.0,1.8,8.4,82.0,1018.7,3.7,28.0,59.0
1996-01-30,0.0,-0.3,6.5,72.0,1020.4,4.3,57.0,23.0
1996-01-31,0.0,-3.7,5.2,62.0,1024.8,5.0,45.0,6.0
1996-02-01,0.0,-3.5,4.8,66.0,1025.8,2.5,39.0,10.0
1996-02-02,2.1,-1.6,5.2,77.0,1020.4,2.8,13.0,91.0
1996-02-03,0.3,1.8,6.9,93.0,1009.9,2.5,304.0,84.0
1996-02-04,3.6,2.4,5.3,92.0,1007.9,4.3,62.0,94.0
1996-02-05,1.0,0.2,6.0,74.0,1005.8,5.0,84.0,77.0
1996-02-06,0.7,-2.9,1.8,69.0,1002.4,3.2,140.0,38.0
1996-02-07,0.0,-4.1,2.1,62.0,1002.3,2.8,138.0,12.0
1996-02-08,0.0,-4.1,3.4,63.0,999.4,3.9,257.0,8.0
1996-02-09,0.0,-3.5,6.1,64.0,1014.1,4.5,333.0,9.0
1996-02-10,0.4,-1.1,3.6,83.0,1018.6,2.1,136.0,96.0
1996-02-11,0.0,-1.8,5.2,82.0,1019.9,2.6,56.0,66.0
1996-02-12,0.2,-3.3,6.5,79.0,1016.3,4.0,200.0,49.0
1996-02-13,8.4,0.7,6.9,85.0,1001.5,3.8,48.0,74.0
1996-02-14,0.8,-3.3,8.5,77.0,1010.6,3.6,329.0,59.0
1996-02-15,0.0,-4.5,8.3,67.0,1024.1,3.6,336.0,1.0
1996-02-16,0.0,-2.6,7.2,74.0,1021.4,3.1,240.0,45.0
1996-02-17,0.0,-0.5,8.2,78.0,1012.4,3.7,50.0,20.0
1996-02-18,0.0,-2.6,8.7,70.0,1013.7,4.9,332.0,59.0
1996-02-19,13.8,0.7,5.4,90.0,997.5,4.4,23.0,98.0
1996-02-20,0.1,-4.2,9.2,74.0,1001.3,5.4,25.0,55.0
1996-02-21,0.0,-0.4,6.9,63.0,1005.5,5.2,26.0,100.0
1996-02-22,1.4,0.6,5.3,69.0,1010.5,3.2,21.0,78.0
1996-02-23,1.6,-3.2,3.2,70.0,1014.7,3.2,244.0,57.0
1996-02-24,1.2,-3.3,3.2,72.0,1017.3,3.7,219.0,63.0
1996-02-25,0.0,-3.7,5.6,71.0,1022.0,3.2,110.0,35.0
1996-02-26,0.0,-0.4,6.9,78.0,1024.3,2.8,32.0,69.0
1996-02-27,0.0,-1.3,8.1,81.0,1022.7,3.4,282.0,57.0
1996-02-28,0.0,-1.6,10.2,77.0,1021.2,3.3,23.0,15.0
1996-02-29,0.0,-2.7,10.9,71.0,1021.2,3.4,272.0,20.0
1996-03-01,0.5,1.0,10.8,74.0,1014.0,4.0,63.0,38.0
1996-03-02,0.3,0.5,7.5,41.0,1014.3,5.0,22.0,18.0
1996-03-03,0.2,-4.8,6.9,47.0,1014.4,3.5,334.0,29.0
1996-03-04,4.3,-3.9,3.8,72.0,1016.7,4.1,25.0,45.0
1996-03-05,1.5,-5.5,5.7,72.0,1022.4,3.8,250.0,38.0
1996-03-06,0.0,-5.2,7.8,69.0,1022.0,3.4,315.0,16.0
1996-03-07,0.0,-3.3,8.5,67.0,1019.7,5.8,36.0,31.0
1996-03-08,0.0,0.2,6.8,61.0,1026.0,5.7,57.0,73.0
1996-03-09,0.0,-2.8,6.6,64.0,1027.0,6.1,66.0,44.0
1996-03-10,0.0,-2.1,6.8,58.0,1024.3,4.7,88.0,18.0
1996-03-11,0.4,-1.1,5.6,64.0,1015.2,4.3,138.0,55.0
1996-03-12,3.9,-0.6,4.1,71.0,1008.5,6.0,76.0,93.0
1996-03-13,0.0,-2.3,4.3,67.0,1010.2,3.6,60.0,73.0
1996-03-14,0.0,-1.2,10.6,73.0,1012.9,3.3,13.0,73.0
1996-03-15,0.1,0.4,13.2,74.0,1010.9,4.5,35.0,78.0
1996-03-16,2.9,1.8,10.2,82.0,1007.9,5.4,50.0,94.0
1996-03-17,0.3,4.3,13.5,74.0,1012.6,4.2,63.0,67.0
1996-03-18,1.6,6.4,11.3,80.0,1014.9,3.3,125.0,98.0
1996-03-19,0.4,4.8,9.4,74.0,1015.6,2.8,154.0,88.0
1996-03-20,0.0,2.2,11.1,72.0,1013.1,3.4,197.0,52.0
1996-03-21,0.1,2.6,12.2,78.0,1015.3,3.9,166.0,71.0
1996-03-22,2.0,5.9,12.9,81.0,1016.6,3.6,88.0,99.0
1996-03-23,11.9,7.9,10.6,90.0,1021.0,3.0,74.0,95.0
1996-03-24,0.5,5.2,12.2,92.0,1022.2,3.1,190.0,90.0
1996-03-25,2.8,8.3,12.3,94.0,1019.8,2.9,150.0,96.0
1996-03-26,3.9,8.0,11.9,92.0,1014.9,3.0,150.0,95.0
1996-03-27,10.4,7.8,14.3,87.0,1006.1,2.5,59.0,99.0
1996-03-28,4.6,5.3,10.4,72.0,1009.9,4.2,195.0,59.0
1996-03-29,2.2,4.6,8.7,66.0,1010.3,3.5,181.0,69.0
1996-03-30,7.4,2.0,10.3,73.0,1008.5,4.7,57.0,55.0
1996-03-31,1.3,-3.3,9.7,74.0,1011.1,5.2,231.0,46.0
1996-04-01,5.7,2.5,8.9,74.0,1010.9,5.1,44.0,96.0
1996-04-02,12.1,4.8,10.2,84.0,1003.1,6.5,35.0,100.0
1996-04-03,9.8,4.2,9.9,72.0,1009.1,6.2,30.0,93.0
1996-04-04,6.0,2.7,11.2,76.0,1013.2,3.6,326.0,95.0
1996-04-05,1.9,5.7,14.5,79.0,1015.1,3.0,320.0,85.0
1996-04-06,0.0,3.5,18.1,71.0,1016.7,3.4,345.0,25.0
1996-04-07,0.0,2.6,19.0,70.0,1017.2,3.6,304.0,30.0
1996-04-08,2.8,5.2,18.4,72.0,1020.1,4.1,333.0,74.0
1996-04-09,1.4,4.8,18.5,75.0,1020.5,4.1,326.0,44.0
1996-04-10,2.1,3.4,16.5,80.0,1017.2,3.6,320.0,35.0
1996-04-11,4.6,5.9,14.2,82.0,1012.8,3.8,235.0,85.0
1996-04-12,2.9,3.0,15.9,83.0,1009.7,4.4,242.0,43.0
1996-04-13,6.0,6.9,11.8,91.0,1010.5,4.7,61.0,89.0
1996-04-14,0.5,5.4,12.8,73.0,1015.1,3.6,227.0,62.0
1996-04-15,0.0,0.9,16.4,55.0,1018.0,3.6,348.0,6.0
1996-04-16,0.0,1.2,17.5,52.0,1016.1,4.3,302.0,2.0
1996-04-17,0.0,4.7,15.9,67.0,1012.7,4.9,130.0,36.0
1996-04-18,0.0,3.4,19.2,67.0,1015.8,4.0,274.0,10.0
1996-04-19,0.0,4.7,20.1,69.0,1020.1,4.1,286.0,4.0
1996-04-20,0.0,6.1,21.0,72.0,1019.7,4.9,197.0,7.0
1996-04-21,0.0,6.1,20.7,71.0,1018.0,5.7,107.0,7.0
1996-04-22,0.0,6.3,21.2,68.0,1019.1,5.9,195.0,45.0
1996-04-23,0.1,8.3,19.5,71.0,1018.4,5.8,203.0,85.0
1996-04-24,1.9,10.8,16.7,84.0,1018.7,3.7,159.0,98.0
1996-04-25,5.6,12.0,16.3,90.0,1021.4,2.7,63.0,100.0
1996-04-26,3.9,11.4,16.8,82.0,1019.5,5.2,18.0,99.0
1996-04-27,2.4,8.4,15.2,85.0,1017.5,2.8,20.0,100.0
1996-04-28,0.0,7.5,17.3,78.0,1010.8,4.2,230.0,75.0
1996-04-29,3.0,9.6,15.4,85.0,1006.6,3.4,126.0,97.0
1996-04-30,16.0,10.8,16.8,89.0,1004.2,4.8,60.0,99.0
1996-05-01,4.5,9.6,18.3,78.0,1001.8,4.6,161.0,63.0
1996-05-02,6.6,11.0,17.5,83.0,1003.8,4.9,214.0,67.0
1996-05-03,16.1,8.7,14.7,87.0,1003.5,4.0,173.0,86.0
1996-05-04,2.2,6.7,16.7,79.0,1011.4,4.6,45.0,58.0
1996-05-05,1.3,7.9,17.9,76.0,1016.2,4.1,51.0,66.0
1996-05-06,0.0,6.6,20.4,70.0,1013.4,4.0,162.0,16.0
1996-05-07,0.0,8.1,21.7,72.0,1011.9,3.8,183.0,33.0
1996-05-08,2.1,10.1,20.9,78.0,1010.7,3.8,211.0,81.0
1996-05-09,19.0,10.7,18.0,88.0,1006.5,3.5,126.0,97.0
1996-05-10,17.0,11.9,18.1,86.0,1005.9,4.0,52.0,92.0
1996-05-11,0.7,9.7,21.3,73.0,1005.7,5.7,35.0,77.0
1996-05-12,20.1,12.9,16.6,88.0,1004.7,3.4,358.0,100.0
1996-05-13,20.8,12.9,18.6,88.0,1009.9,3.8,106.0,90.0
1996-05-14,5.5,12.3,20.0,84.0,1008.6,2.8,272.0,91.0
1996-05-15,8.5,12.0,22.0,84.0,1006.9,3.6,284.0,60.0
1996-05-16,7.1,11.7,21.8,88.0,1009.8,4.2,110.0,66.0
1996-05-17,1.7,13.3,22.0,81.0,1012.3,5.7,150.0,66.0
1996-05-18,2.0,12.1,21.7,80.0,1012.9,5.4,89.0,66.0
1996-05-19,9.8,13.9,22.1,83.0,1010.4,4.3,98.0,84.0
1996-05-20,9.0,11.6,19.2,85.0,1010.8,5.0,209.0,84.0
1996-05-21,2.3,7.2,19.2,74.0,1020.2,4.4,217.0,29.0
1996-05-22,2.3,8.6,19.9,69.0,1020.9,3.9,315.0,49.0
1996-05-23,0.5,12.4,19.6,74.0,1021.5,4.5,192.0,74.0
1996-05-24,1.0,10.8,21.7,78.0,1019.9,4.6,185.0,43.0
1996-05-25,2.4,12.0,22.5,77.0,1014.8,5.2,189.0,66.0
1996-05-26,4.6,13.8,20.9,79.0,1013.7,4.4,97.0,87.0
1996-05-27,22.1,13.6,16.9,90.0,1010.7,4.0,54.0,98.0
1996-05-28,0.4,8.3,21.9,63.0,1010.6,5.9,352.0,12.0
1996-05-29,0.0,6.9,19.4,58.0,1019.6,4.8,225.0,16.0
1996-05-30,0.0,11.4,22.2,66.0,1022.5,3.8,191.0,14.0
1996-05-31,0.1,10.3,24.4,71.0,1021.4,4.3,181.0,65.0
1996-06-01,0.1,13.1,24.7,74.0,1018.9,4.4,152.0,12.0
1996-06-02,0.0,12.8,24.6,75.0,1014.7,5.2,131.0,15.0
1996-06-03,0.1,12.9,25.0,72.0,1015.8,5.0,105.0,54.0
1996-06-04,2.4,13.7,26.7,71.0,1020.3,4.4,44.0,39.0
1996-06-05,0.9,15.7,25.9,72.0,1023.8,4.6,75.0,25.0
1996-06-06,0.0,15.0,26.4,69.0,1023.3,4.1,105.0,14.0
1996-06-07,0.1,15.5,28.1,72.0,1022.2,3.8,193.0,7.0
1996-06-08,0.0,14.8,28.5,71.0,1021.0,4.1,203.0,7.0
1996-06-09,0.8,15.5,29.6,71.0,1019.6,3.9,332.0,10.0
1996-06-10,0.5,15.8,30.6,64.0,1020.1,3.6,315.0,6.0
1996-06-11,2.0,16.5,30.9,65.0,1021.4,4.1,342.0,24.0
1996-06-12,2.6,17.6,31.2,67.0,1021.9,4.6,339.0,60.0
1996-06-13,4.2,18.5,29.8,69.0,1020.0,4.1,357.0,59.0
1996-06-14,11.2,17.6,22.5,70.0,1022.8,4.8,179.0,49.0
1996-06-15,1.2,16.1,22.1,67.0,1022.5,4.2,168.0,46.0
1996-06-16,4.3,14.9,21.7,72.0,1020.4,3.7,335.0,73.0
1996-06-17,0.3,12.1,23.2,66.0,1019.9,4.2,224.0,28.0
1996-06-18,1.9,13.0,25.1,67.0,1015.9,4.1,243.0,49.0
1996-06-19,8.7,13.9,24.6,77.0,1011.2,4.9,322.0,76.0
1996-06-20,9.0,16.8,22.7,88.0,1009.5,4.0,97.0,95.0
1996-06-21,16.5,17.8,23.1,87.0,1008.0,4.7,148.0,94.0
1996-06-22,24.1,14.9,22.3,84.0,1003.2,5.1,23.0,90.0
1996-06-23,11.0,11.9,18.0,72.0,1013.3,3.7,307.0,79.0
1996-06-24,2.4,8.5,19.7,70.0,1019.6,4.5,30.0,43.0
1996-06-25,6.0,11.7,19.5,71.0,1019.0,6.0,32.0,94.0
1996-06-26,3.0,12.9,20.1,72.0,1017.0,3.7,359.0,89.0
1996-06-27,0.6,10.6,22.0,72.0,1019.5,3.9,283.0,58.0
1996-06-28,0.0,11.3,23.7,75.0,1020.1,4.4,168.0,37.0
1996-06-29,1.9,13.1,23.2,77.0,1015.7,5.1,158.0,61.0
1996-06-30,1.8,14.7,20.6,76.0,1012.8,5.3,99.0,59.0
1996-07-01,7.3,15.3,19.1,81.0,1011.1,2.9,70.0,91.0
1996-07-02,24.2,15.6,18.5,85.0,1010.3,4.0,52.0,100.0
1996-07-03,2.3,14.7,20.7,72.0,1013.2,5.9,78.0,54.0
1996-07-04,0.0,13.2,23.4,76.0,1016.9,4.1,185.0,35.0
1996-07-05,3.9,15.4,23.4,84.0,1014.4,4.8,181.0,47.0
1996-07-06,3.0,16.7,24.9,79.0,1007.3,5.3,179.0,55.0
1996-07-07,6.3,16.2,23.6,80.0,1006.6,4.8,54.0,65.0
1996-07-08,28.6,16.7,20.8,79.0,1001.2,3.3,157.0,83.0
1996-07-09,1.8,12.3,22.6,65.0,1015.3,5.3,301.0,68.0
1996-07-10,5.3,10.9,19.2,79.0,1019.2,3.6,270.0,58.0
1996-07-11,2.3,10.4,21.9,78.0,1018.7,2.9,323.0,50.0
1996-07-12,2.1,15.7,23.3,77.0,1018.3,3.4,205.0,73.0
1996-07-13,2.8,13.9,26.0,74.0,1021.2,2.9,302.0,35.0
1996-07-14,2.3,15.8,27.9,73.0,1023.4,3.4,347.0,41.0
1996-07-15,1.4,17.5,28.5,73.0,1020.6,3.8,338.0,46.0
1996-07-16,6.1,17.9,27.7,77.0,1018.5,3.7,349.0,45.0
1996-07-17,5.9,18.1,22.8,71.0,1020.6,4.4,72.0,65.0
1996-07-18,0.2,15.7,24.0,70.0,1017.9,4.8,148.0,40.0
1996-07-19,1.4,16.3,23.5,67.0,1018.6,5.6,68.0,39.0
1996-07-20,1.8,16.1,21.5,64.0,1021.6,4.4,73.0,65.0
1996-07-21,0.6,14.3,22.1,63.0,1022.7,3.8,50.0,43.0
1996-07-22,0.0,14.8,23.7,60.0,1023.0,4.3,162.0,29.0
1996-07-23,0.1,12.7,25.3,66.0,1021.5,5.1,193.0,31.0
1996-07-24,1.8,16.2,26.5,74.0,1014.9,5.3,147.0,85.0
1996-07-25,3.2,19.1,25.8,76.0,1013.3,3.9,70.0,46.0
1996-07-26,5.4,15.7,27.2,66.0,1017.3,4.5,27.0,29.0
1996-07-27,0.1,16.5,27.6,63.0,1019.5,5.3,202.0,66.0
1996-07-28,4.5,17.4,27.4,65.0,1018.2,4.2,221.0,66.0
1996-07-29,2.5,16.3,27.9,71.0,1015.2,2.9,327.0,36.0
1996-07-30,4.8,17.4,27.1,71.0,1011.4,4.5,346.0,74.0
1996-07-31,0.5,15.1,26.6,67.0,1015.0,4.0,271.0,16.0
1996-08-01,0.3,17.0,27.9,69.0,1018.1,4.0,240.0,37.0
1996-08-02,3.4,17.9,29.5,68.0,1018.6,3.9,313.0,55.0
1996-08-03,11.5,18.6,26.3,75.0,1017.4,4.2,340.0,79.0
1996-08-04,2.6,18.5,24.8,66.0,1017.7,4.4,36.0,71.0
1996-08-05,0.9,16.9,24.1,65.0,1016.7,3.6,168.0,64.0
1996-08-06,1.6,15.6,24.9,72.0,1015.7,3.4,202.0,77.0
1996-08-07,2.6,16.7,26.5,74.0,1016.5,3.6,229.0,60.0
1996-08-08,6.2,17.3,24.9,80.0,1014.4,3.3,27.0,77.0
1996-08-09,0.4,14.9,26.5,73.0,1015.9,4.4,261.0,41.0
1996-08-10,2.9,18.4,26.8,68.0,1014.9,3.6,83.0,83.0
1996-08-11,14.6,17.0,24.5,78.0,1011.7,4.2,73.0,80.0
1996-08-12,57.6,16.8,21.9,91.0,1009.1,3.9,52.0,88.0
1996-08-13,8.4,13.2,22.4,83.0,1012.1,4.3,36.0,46.0
1996-08-14,1.5,13.2,22.3,83.0,1013.6,3.3,167.0,77.0
1996-08-15,7.7,15.9,22.5,82.0,1014.6,3.2,358.0,95.0
1996-08-16,1.1,13.4,24.5,78.0,1016.5,3.6,273.0,36.0
1996-08-17,0.6,14.2,25.1,80.0,1017.9,4.1,273.0,39.0
1996-08-18,3.6,15.7,24.4,80.0,1018.2,4.1,357.0,41.0
1996-08-19,0.5,14.1,26.6,65.0,1017.6,3.6,331.0,16.0
1996-08-20,2.2,14.5,25.9,66.0,1017.0,3.5,350.0,38.0
1996-08-21,1.3,14.1,25.8,70.0,1015.2,4.1,283.0,47.0
1996-08-22,4.0,14.7,24.2,76.0,1011.5,4.0,263.0,70.0
1996-08-23,1.5,14.4,26.4,72.0,1011.2,3.9,286.0,35.0
1996-08-24,1.5,15.5,26.1,74.0,1011.2,3.5,317.0,35.0
1996-08-25,13.7,16.3,23.3,82.0,1012.1,2.8,6.0,73.0
1996-08-26,2.4,14.6,23.1,81.0,1015.1,3.4,20.0,71.0
1996-08-27,4.4,15.3,23.4,84.0,1016.2,3.3,18.0,75.0
1996-08-28,24.5,16.2,21.5,88.0,1011.9,4.8,33.0,83.0
1996-08-29,1.4,13.6,22.6,78.0,1013.7,4.6,28.0,45.0
1996-08-30,0.9,14.6,23.3,74.0,1015.1,4.2,343.0,31.0
1996-08-31,3.0,13.8,21.8,74.0,1016.9,5.1,7.0,87.0
1996-09-01,2.3,13.7,22.3,73.0,1017.1,4.1,318.0,84.0
1996-09-02,0.2,12.1,22.1,69.0,1016.6,4.2,19.0,84.0
1996-09-03,1.9,15.9,22.1,70.0,1014.9,3.3,11.0,89.0
1996-09-04,3.6,15.6,23.1,74.0,1012.5,3.2,349.0,59.0
1996-09-05,8.5,13.1,21.9,81.0,1010.4,4.2,341.0,36.0
1996-09-06,10.8,10.0,19.8,74.0,1011.1,4.8,281.0,28.0
1996-09-07,1.9,8.6,19.4,65.0,1012.1,4.6,344.0,17.0
1996-09-08,0.3,7.4,20.1,61.0,1013.6,5.0,335.0,13.0
1996-09-09,0.0,8.2,18.2,66.0,1016.4,4.1,301.0,27.0
1996-09-10,0.6,9.3,18.0,75.0,1016.6,3.4,264.0,40.0
1996-09-11,2.0,12.8,18.3,83.0,1014.8,3.6,139.0,67.0
1996-09-12,1.8,11.6,20.1,85.0,1005.4,4.2,56.0,90.0
1996-09-13,11.3,9.4,17.0,83.0,1000.5,4.0,337.0,49.0
1996-09-14,0.1,5.9,19.8,73.0,1010.1,4.3,313.0,37.0
1996-09-15,2.1,8.8,19.2,76.0,1017.2,4.7,317.0,38.0
1996-09-16,4.8,8.5,18.3,78.0,1018.0,3.9,40.0,41.0
1996-09-17,8.2,11.7,16.1,86.0,1015.7,3.4,102.0,86.0
1996-09-18,5.9,11.6,15.1,76.0,1013.6,5.2,50.0,99.0
1996-09-19,2.1,12.5,16.4,71.0,1012.6,5.0,23.0,100.0
1996-09-20,0.5,12.2,15.4,78.0,1008.0,2.4,115.0,99.0
1996-09-21,10.7,11.7,16.0,87.0,1005.8,3.4,55.0,97.0
1996-09-22,2.1,11.5,18.7,79.0,1003.9,3.3,48.0,94.0
1996-09-23,9.3,12.8,16.4,89.0,999.2,4.3,311.0,100.0
1996-09-24,10.6,10.8,20.2,84.0,1004.2,3.7,1.0,72.0
1996-09-25,9.5,10.3,17.1,79.0,1010.4,3.6,34.0,82.0
1996-09-26,0.0,7.5,19.1,71.0,1015.3,4.1,344.0,24.0
1996-09-27,0.0,7.6,18.9,75.0,1017.2,4.1,218.0,31.0
1996-09-28,2.4,8.9,19.3,84.0,1019.8,3.4,330.0,52.0
1996-09-29,1.7,10.6,17.4,86.0,1025.9,2.9,344.0,88.0
1996-09-30,0.0,11.8,18.5,88.0,1022.8,3.3,173.0,75.0
1996-10-01,2.3,12.8,18.9,87.0,1016.4,4.0,160.0,80.0
1996-10-02,76.1,10.3,14.9,93.0,1010.5,5.3,36.0,99.0
1996-10-03,2.1,10.4,16.5,74.0,1020.1,4.5,347.0,73.0
1996-10-04,0.0,7.1,17.4,73.0,1021.6,3.9,22.0,27.0
1996-10-05,19.8,8.4,13.9,86.0,1012.2,4.1,5.0,98.0
1996-10-06,34.3,11.2,14.2,85.0,1013.3,6.6,2.0,97.0
1996-10-07,3.2,12.2,18.0,80.0,1017.8,5.6,33.0,98.0
1996-10-08,0.2,13.1,18.5,75.0,1014.1,6.6,32.0,99.0
1996-10-09,0.9,10.8,19.9,75.0,1014.0,4.3,10.0,91.0
1996-10-10,1.2,10.7,19.7,78.0,1017.5,3.3,347.0,64.0
1996-10-11,0.8,9.7,18.8,76.0,1020.5,3.8,11.0,33.0
1996-10-12,0.0,8.0,17.2,79.0,1020.6,3.7,338.0,34.0
1996-10-13,0.6,7.9,16.2,86.0,1020.9,4.0,38.0,48.0
1996-10-14,1.4,10.9,15.1,85.0,1018.6,4.3,35.0,95.0
1996-10-15,71.4,12.4,15.9,94.0,1012.6,6.1,36.0,100.0
1996-10-16,62.4,14.3,15.7,96.0,1004.7,5.6,56.0,100.0
1996-10-17,39.7,11.9,14.4,94.0,1006.0,6.2,77.0,100.0
1996-10-18,16.1,10.7,14.5,83.0,1011.8,5.1,17.0,75.0
1996-10-19,0.5,6.7,15.3,83.0,1016.2,3.0,279.0,57.0
1996-10-20,0.0,4.5,17.4,76.0,1021.3,4.4,298.0,23.0
1996-10-21,0.0,6.4,17.1,80.0,1015.2,3.8,35.0,33.0
1996-10-22,0.0,5.6,17.7,82.0,1018.0,4.5,331.0,9.0
1996-10-23,2.2,9.8,14.0,82.0,1023.8,3.0,347.0,66.0
1996-10-24,3.0,9.5,11.9,88.0,1026.1,2.9,114.0,81.0
1996-10-25,0.1,7.8,11.2,84.0,1026.2,2.6,159.0,77.0
1996-10-26,2.0,6.1,11.9,78.0,1027.2,2.3,254.0,91.0
1996-10-27,0.4,6.7,13.1,80.0,1027.0,2.6,223.0,84.0
1996-10-28,1.1,6.6,11.4,87.0,1020.7,3.0,107.0,84.0
1996-10-29,6.6,9.4,13.2,93.0,1013.0,2.7,107.0,96.0
1996-10-30,0.8,5.2,17.1,77.0,1017.8,4.4,340.0,31.0
1996-10-31,0.4,8.0,14.0,77.0,1025.9,3.2,344.0,80.0
1996-11-01,1.0,7.8,13.3,84.0,1022.7,2.6,47.0,74.0
1996-11-02,0.0,4.1,16.2,82.0,1026.8,3.3,308.0,16.0
1996-11-03,0.0,5.6,15.2,87.0,1026.3,2.2,77.0,22.0
1996-11-04,0.4,7.0,12.7,92.0,1023.3,3.1,99.0,72.0
1996-11-05,4.2,8.1,12.3,94.0,1018.3,2.4,127.0,89.0
1996-11-06,0.6,10.4,14.3,90.0,1021.5,3.9,169.0,88.0
1996-11-07,4.1,9.3,12.2,93.0,1020.1,3.0,146.0,89.0
1996-11-08,1.8,7.5,15.1,87.0,1021.2,3.5,38.0,52.0
1996-11-09,1.6,7.6,13.4,76.0,1029.5,3.8,1.0,70.0
1996-11-10,2.4,6.6,10.4,81.0,1024.7,2.8,4.0,98.0
1996-11-11,13.6,7.6,13.2,92.0,1015.5,3.0,44.0,97.0
1996-11-12,9.6,11.3,16.0,91.0,1013.8,2.9,109.0,89.0
1996-11-13,7.0,9.4,16.1,94.0,1011.6,2.8,182.0,84.0
1996-11-14,29.8,11.5,15.0,96.0,1009.3,4.7,126.0,93.0
1996-11-15,52.7,10.4,13.1,94.0,1017.4,5.4,21.0,99.0
1996-11-16,2.6,8.2,15.8,89.0,1021.6,4.8,22.0,100.0
1996-11-17,12.2,11.1,14.2,90.0,1013.8,3.2,37.0,100.0
1996-11-18,65.1,7.9,12.3,91.0,1001.0,5.5,48.0,95.0
1996-11-19,4.0,6.4,10.9,86.0,1002.9,3.1,137.0,82.0
1996-11-20,19.5,5.9,9.2,89.0,995.6,3.8,59.0,89.0
1996-11-21,2.7,0.7,10.5,86.0,1001.8,3.4,350.0,66.0
1996-11-22,7.5,1.0,5.3,89.0,1009.2,5.6,0.0,96.0
1996-11-23,0.6,-3.0,6.8,79.0,1015.0,4.0,340.0,48.0
1996-11-24,0.5,-2.9,8.0,65.0,1016.6,5.0,344.0,40.0
1996-11-25,0.3,-3.3,5.5,65.0,1016.4,3.7,14.0,92.0
1996-11-26,5.9,0.4,7.0,81.0,1000.9,4.5,330.0,96.0
1996-11-27,1.8,-3.0,8.3,83.0,1006.4,3.5,5.0,32.0
1996-11-28,4.5,3.4,6.9,86.0,1003.9,4.5,25.0,95.0
1996-11-29,0.3,-3.7,6.2,71.0,1014.7,4.4,333.0,43.0
1996-11-30,4.8,-2.1,4.6,86.0,1004.0,3.8,22.0,82.0
1996-12-01,0.0,-3.7,9.3,65.0,1008.6,6.5,344.0,20.0
1996-12-02,0.0,-4.0,6.7,62.0,1011.6,4.0,341.0,44.0
1996-12-03,0.0,-3.1,8.5,67.0,1016.7,4.4,344.0,2.0
1996-12-04,0.0,-2.4,7.8,73.0,1019.2,2.7,351.0,22.0
1996-12-05,0.0,-2.2,7.1,79.0,1020.1,2.1,338.0,65.0
1996-12-06,0.0,-1.9,7.2,82.0,1021.6,2.0,319.0,22.0
1996-12-07,0.0,-1.3,6.7,86.0,1025.7,1.9,357.0,93.0
1996-12-08,0.0,-0.7,8.8,82.0,1027.2,2.6,343.0,59.0
1996-12-09,0.4,-0.8,9.9,78.0,1025.2,4.3,3.0,98.0
1996-12-10,27.7,6.1,8.3,88.0,1018.4,6.0,28.0,100.0
1996-12-11,6.4,6.4,8.2,91.0,1017.4,3.8,30.0,100.0
1996-12-12,2.1,5.6,8.7,95.0,1017.4,2.1,146.0,92.0
1996-12-13,10.9,5.0,6.7,96.0,1010.3,3.0,107.0,99.0
1996-12-14,1.9,3.9,9.9,87.0,1000.0,2.7,335.0,89.0
1996-12-15,0.0,1.8,9.5,92.0,1010.1,2.7,323.0,58.0
1996-12-16,0.9,3.5,8.5,95.0,1018.3,1.6,28.0,86.0
1996-12-17,2.1,4.0,6.5,95.0,1019.9,1.7,132.0,91.0
1996-12-18,1.1,4.1,7.0,94.0,1015.5,1.7,99.0,88.0
1996-12-19,2.2,3.3,7.0,95.0,1011.4,2.1,81.0,89.0
1996-12-20,15.1,5.2,8.5,90.0,1004.2,4.2,359.0,96.0
1996-12-21,0.3,2.7,9.0,89.0,1009.5,3.1,18.0,76.0
1996-12-22,2.6,6.9,9.0,92.0,1014.3,2.5,32.0,100.0
1996-12-23,3.9,6.2,8.2,95.0,1003.8,2.0,66.0,100.0
1996-12-24,3.4,3.5,9.5,91.0,1000.2,3.5,72.0,96.0
1996-12-25,6.0,1.8,5.8,82.0,1002.0,3.6,106.0,100.0
1996-12-26,1.3,-5.4,1.8,56.0,1020.5,4.7,54.0,33.0
1996-12-27,0.0,-7.7,-0.5,43.0,1029.0,4.2,4.0,38.0
1996-12-28,0.0,-7.6,-3.2,46.0,1021.8,3.1,97.0,22.0
1996-12-29,0.0,-8.9,-3.2,51.0,1015.4,1.9,132.0,0.0
1996-12-30,0.0,-7.7,-1.9,62.0,1007.1,2.5,352.0,50.0
1996-12-31,1.7,-6.0,1.7,73.0,1012.0,3.6,352.0,95.0
1997-01-01,21.5,-0.6,3.1,88.0,1014.6,4.7,5.0,82.0
1997-01-02,6.3,-4.8,4.7,86.0,1018.1,4.8,352.0,93.0
1997-01-03,18.9,2.1,6.9,87.0,1011.4,5.8,7.0,99.0
1997-01-04,17.6,3.2,6.0,93.0,1002.1,5.8,34.0,98.0
1997-01-05,0.0,-0.9,6.9,88.0,1006.4,3.7,346.0,46.0
1997-01-06,1.3,-0.7,6.4,88.0,1014.9,5.4,18.0,81.0
1997-01-07,4.3,1.9,7.1,86.0,1015.4,4.6,18.0,79.0
1997-01-08,0.0,-3.6,5.9,81.0,1013.2,2.4,335.0,39.0
1997-01-09,0.6,-0.7,4.2,85.0,1009.2,4.6,5.0,100.0
1997-01-10,0.0,-0.6,8.0,86.0,1009.4,3.4,357.0,96.0
1997-01-11,0.0,-0.9,8.9,83.0,1018.6,2.7,321.0,47.0
1997-01-12,0.0,-4.0,8.9,77.0,1025.5,3.2,330.0,0.0
1997-01-13,0.0,-3.5,9.9,71.0,1026.7,2.7,334.0,0.0
1997-01-14,0.0,-3.1,9.9,78.0,1026.0,2.3,326.0,2.0
1997-01-15,0.0,-3.1,11.1,79.0,1026.2,2.5,333.0,0.0
1997-01-16,0.0,-2.0,10.9,78.0,1023.9,1.9,333.0,2.0
1997-01-17,0.0,-1.6,9.3,78.0,1022.7,1.9,336.0,0.0
1997-01-18,0.0,-0.7,7.0,80.0,1023.3,1.7,327.0,24.0
1997-01-19,0.0,-0.2,4.8,86.0,1021.8,2.0,360.0,95.0
1997-01-20,1.6,2.4,5.8,89.0,1020.8,1.8,10.0,96.0
1997-01-21,4.4,2.8,7.2,90.0,1028.1,3.3,17.0,93.0
1997-01-22,0.0,4.1,8.4,81.0,1033.4,2.4,1.0,78.0
1997-01-23,0.0,5.0,7.5,93.0,1032.1,2.7,183.0,98.0
1997-01-24,0.7,4.8,6.7,98.0,1029.8,2.4,183.0,96.0
1997-01-25,0.0,2.5,12.1,85.0,1029.0,2.2,9.0,81.0
1997-01-26,0.0,3.4,8.9,74.0,1028.9,3.4,107.0,54.0
1997-01-27,0.0,1.1,6.7,66.0,1028.7,2.2,289.0,47.0
1997-01-28,0.0,-1.4,8.2,73.0,1030.7,3.3,335.0,8.0
1997-01-29,0.0,-2.2,8.4,74.0,1033.5,2.6,28.0,1.0
1997-01-30,0.0,-2.4,8.0,78.0,1032.8,2.4,295.0,2.0
1997-01-31,0.0,-1.3,8.1,84.0,1027.5,2.4,276.0,0.0
1997-02-01,0.0,-2.6,8.1,80.0,1026.7,2.4,305.0,15.0
1997-02-02,0.0,-2.5,6.0,77.0,1028.5,2.5,190.0,36.0
1997-02-03,0.0,-0.3,6.2,81.0,1027.7,2.6,0.0,53.0
1997-02-04,0.2,-0.6,5.9,81.0,1028.1,2.5,169.0,48.0
1997-02-05,1.4,0.8,4.1,92.0,1023.2,2.2,118.0,96.0
1997-02-06,0.0,-1.5,11.6,74.0,1028.1,3.3,334.0,33.0
1997-02-07,0.0,-2.4,9.6,75.0,1036.0,2.8,294.0,0.0
1997-02-08,0.0,-1.5,10.6,81.0,1033.1,2.1,281.0,2.0
1997-02-09,0.0,-0.5,10.6,81.0,1030.5,2.1,307.0,8.0
1997-02-10,0.0,-0.6,10.6,81.0,1027.9,2.6,87.0,8.0
1997-02-11,0.3,2.9,7.2,95.0,1025.1,2.7,77.0,94.0
1997-02-12,2.8,4.8,8.7,92.0,1021.1,3.0,91.0,96.0
1997-02-13,4.7,5.4,9.7,91.0,1009.7,3.6,144.0,85.0
1997-02-14,0.0,-1.1,10.2,75.0,1007.1,5.2,6.0,15.0
1997-02-15,0.0,-0.4,11.5,73.0,1005.4,5.6,18.0,87.0
1997-02-16,0.0,-0.1,10.9,50.0,1019.0,4.8,354.0,29.0
1997-02-17,1.4,1.7,5.9,81.0,1025.8,2.8,71.0,74.0
1997-02-18,0.0,-1.0,8.1,77.0,1025.1,3.5,201.0,48.0
1997-02-19,0.0,-1.6,11.4,60.0,1024.2,5.5,353.0,26.0
1997-02-20,0.0,-0.6,9.9,55.0,1025.7,3.9,36.0,17.0
1997-02-21,0.0,-1.1,11.6,68.0,1028.7,3.4,219.0,4.0
1997-02-22,0.0,1.6,12.6,82.0,1029.9,2.9,3.0,2.0
1997-02-23,0.3,3.4,9.5,89.0,1025.7,2.6,155.0,56.0
1997-02-24,4.3,4.7,9.4,94.0,1020.7,3.2,157.0,98.0
1997-02-25,3.8,6.8,10.9,92.0,1020.0,3.8,186.0,97.0
1997-02-26,1.1,7.6,12.5,91.0,1015.7,4.1,182.0,96.0
1997-02-27,0.0,2.9,13.8,68.0,1020.9,6.2,341.0,54.0
1997-02-28,0.0,-0.8,11.4,57.0,1033.9,5.1,249.0,17.0
1997-03-01,0.0,2.8,12.2,70.0,1031.4,2.9,286.0,63.0
1997-03-02,0.0,0.4,17.1,68.0,1028.8,3.7,303.0,7.0
1997-03-03,0.0,1.0,17.1,75.0,1029.4,3.1,327.0,55.0
1997-03-04,0.0,3.3,17.1,76.0,1029.7,3.0,336.0,33.0
1997-03-05,0.0,3.6,16.6,75.0,1026.4,3.0,5.0,50.0
1997-03-06,1.5,2.9,15.1,75.0,1024.7,5.4,18.0,49.0
1997-03-07,0.0,1.1,15.7,68.0,1029.9,3.8,350.0,5.0
1997-03-08,0.0,5.0,14.1,67.0,1031.0,3.8,234.0,2.0
1997-03-09,0.0,5.4,15.5,66.0,1033.6,3.2,249.0,9.0
1997-03-10,0.0,3.0,16.0,64.0,1031.6,3.5,270.0,0.0
1997-03-11,0.0,7.5,15.0,57.0,1032.8,4.2,196.0,0.0
1997-03-12,0.0,1.1,16.4,64.0,1030.5,3.1,293.0,0.0
1997-03-13,0.0,3.1,17.5,70.0,1023.5,3.3,308.0,6.0
1997-03-14,0.0,3.1,15.8,71.0,1019.6,4.0,246.0,37.0
1997-03-15,1.4,3.4,17.2,69.0,1018.9,4.2,302.0,50.0
1997-03-16,0.0,3.4,18.3,70.0,1019.0,3.6,329.0,10.0
1997-03-17,0.0,4.1,21.1,64.0,1015.0,3.7,338.0,6.0
1997-03-18,0.0,6.0,12.5,63.0,1017.9,5.3,156.0,39.0
1997-03-19,11.8,6.4,13.6,80.0,1003.4,2.9,324.0,91.0
1997-03-20,1.7,0.5,14.5,75.0,1006.9,4.2,322.0,48.0
1997-03-21,12.6,3.5,9.8,80.0,1016.2,5.7,89.0,58.0
1997-03-22,3.5,1.1,11.3,79.0,1020.3,4.6,195.0,39.0
1997-03-23,9.1,5.2,7.5,89.0,1019.7,3.1,116.0,91.0
1997-03-24,4.1,4.6,10.6,78.0,1011.0,5.8,73.0,85.0
1997-03-25,0.5,0.7,12.2,77.0,1013.4,3.3,303.0,66.0
1997-03-26,0.5,-0.1,13.2,77.0,1019.7,4.2,182.0,50.0
1997-03-27,0.0,7.5,14.6,75.0,1020.9,3.9,186.0,76.0
1997-03-28,5.5,5.4,14.8,81.0,1010.2,4.9,94.0,59.0
1997-03-29,0.5,-0.1,12.8,52.0,1011.9,6.7,337.0,19.0
1997-03-30,0.0,-0.7,14.5,42.0,1015.6,5.3,3.0,6.0
1997-03-31,0.0,4.9,14.3,51.0,1021.5,4.2,252.0,16.0
1997-04-01,0.0,2.5,16.6,67.0,1018.2,4.2,180.0,19.0
1997-04-02,0.0,4.7,18.6,65.0,1015.9,5.2,250.0,11.0
1997-04-03,0.0,4.1,19.9,67.0,1010.3,4.5,317.0,16.0
1997-04-04,0.0,5.3,18.6,55.0,1007.0,6.0,29.0,35.0
1997-04-05,0.0,6.6,13.7,46.0,1015.8,6.3,185.0,43.0
1997-04-06,0.5,5.1,18.3,52.0,1010.0,6.0,30.0,7.0
1997-04-07,2.5,6.9,10.0,53.0,1024.2,5.1,161.0,42.0
1997-04-08,0.9,4.1,10.1,58.0,1031.4,6.2,201.0,49.0
1997-04-09,0.0,4.4,13.3,57.0,1031.8,4.7,194.0,20.0
1997-04-10,0.0,5.4,16.1,65.0,1028.0,4.0,174.0,22.0
1997-04-11,0.0,4.7,17.6,72.0,1016.2,5.4,136.0,44.0
1997-04-12,0.0,4.8,12.1,45.0,1013.9,7.2,138.0,18.0
1997-04-13,0.8,3.4,12.6,59.0,1019.9,5.0,181.0,42.0
1997-04-14,1.8,5.6,12.9,68.0,1022.0,5.2,193.0,77.0
1997-04-15,3.6,3.8,14.5,63.0,1013.1,5.6,71.0,22.0
1997-04-16,11.4,2.4,8.9,67.0,1016.8,4.3,220.0,48.0
1997-04-17,0.7,-2.3,10.5,65.0,1017.9,5.4,226.0,12.0
1997-04-18,0.0,1.3,14.6,54.0,1017.5,4.9,197.0,0.0
1997-04-19,0.3,2.6,14.6,64.0,1010.4,4.8,163.0,10.0
1997-04-20,13.8,4.1,12.4,85.0,1005.8,5.7,77.0,91.0
1997-04-21,1.0,3.5,13.2,57.0,1006.4,8.3,80.0,91.0
1997-04-22,0.1,5.2,12.3,57.0,1002.6,3.3,63.0,100.0
1997-04-23,0.4,4.7,13.6,61.0,1014.2,5.0,215.0,60.0
1997-04-24,0.4,3.9,14.5,61.0,1023.1,5.1,207.0,26.0
1997-04-25,0.0,3.7,17.3,65.0,1020.9,4.7,184.0,57.0
1997-04-26,0.0,6.9,16.7,71.0,1016.6,4.9,103.0,94.0
1997-04-27,42.7,9.0,11.4,89.0,1013.2,6.5,57.0,100.0
1997-04-28,5.3,8.0,17.2,77.0,1015.2,5.1,157.0,85.0
1997-04-29,4.8,9.1,14.3,87.0,1011.3,3.3,147.0,98.0
1997-04-30,3.1,5.3,18.7,77.0,1013.4,4.0,316.0,65.0
1997-05-01,0.4,5.1,19.4,68.0,1021.6,4.5,340.0,22.0
1997-05-02,0.0,6.5,20.0,69.0,1025.1,5.2,232.0,4.0
1997-05-03,0.0,8.0,22.3,72.0,1019.3,4.6,115.0,18.0
1997-05-04,2.1,9.4,21.4,76.0,1013.1,5.2,77.0,67.0
1997-05-05,0.4,9.9,18.5,79.0,1008.8,5.8,151.0,73.0
1997-05-06,18.7,10.1,16.1,91.0,1000.3,4.6,151.0,92.0
1997-05-07,4.7,7.5,15.4,79.0,1000.9,4.9,151.0,79.0
1997-05-08,28.6,8.2,11.5,85.0,1001.2,5.4,4.0,99.0
1997-05-09,1.1,2.4,16.2,80.0,1010.9,5.2,130.0,41.0
1997-05-10,2.3,9.3,17.1,77.0,1018.4,5.0,144.0,72.0
1997-05-11,0.0,8.5,19.7,75.0,1021.6,5.3,175.0,76.0
1997-05-12,1.3,11.9,21.3,74.0,1022.7,3.9,231.0,88.0
1997-05-13,0.0,9.1,24.4,71.0,1022.4,4.4,259.0,37.0
1997-05-14,0.0,11.4,28.7,65.0,1019.5,4.1,358.0,14.0
1997-05-15,0.0,13.2,26.9,63.0,1018.0,4.8,23.0,32.0
1997-05-16,0.0,13.7,26.5,61.0,1016.5,4.5,236.0,16.0
1997-05-17,1.1,12.2,25.9,68.0,1015.4,3.7,218.0,21.0
1997-05-18,2.1,13.4,25.2,70.0,1013.0,4.6,239.0,32.0
1997-05-19,0.2,13.3,23.9,70.0,1012.5,5.3,150.0,42.0
1997-05-20,0.0,12.5,23.9,72.0,1010.0,6.7,187.0,62.0
1997-05-21,5.3,13.0,22.3,73.0,1008.2,4.5,71.0,58.0
1997-05-22,7.9,13.0,19.6,81.0,1009.5,4.1,247.0,74.0
1997-05-23,3.2,9.1,19.9,80.0,1015.7,4.6,210.0,44.0
1997-05-24,3.6,12.7,21.6,75.0,1017.3,4.1,65.0,79.0
1997-05-25,5.3,13.8,19.2,72.0,1022.6,5.6,90.0,95.0
1997-05-26,0.1,13.2,19.4,62.0,1020.6,4.3,166.0,57.0
1997-05-27,0.0,13.4,21.3,69.0,1015.0,4.8,168.0,30.0
1997-05-28,10.9,14.3,21.1,71.0,1014.2,3.7,88.0,47.0
1997-05-29,7.3,12.0,19.3,68.0,1023.0,5.8,221.0,54.0
1997-05-30,0.0,10.3,21.1,60.0,1018.8,4.6,170.0,36.0
1997-05-31,1.1,13.1,16.8,64.0,1018.8,4.6,188.0,68.0
1997-06-01,5.1,10.5,15.3,72.0,1017.5,3.7,57.0,98.0
1997-06-02,3.3,11.0,18.8,75.0,1014.5,4.3,52.0,90.0
1997-06-03,2.2,10.6,20.5,76.0,1014.4,3.9,186.0,74.0
1997-06-04,11.6,12.5,20.8,85.0,1016.4,3.6,110.0,86.0
1997-06-05,8.1,13.5,20.3,85.0,1014.5,3.6,54.0,95.0
1997-06-06,1.6,14.3,22.9,78.0,1011.5,4.2,190.0,72.0
1997-06-07,0.2,12.5,23.2,81.0,1014.4,3.8,162.0,74.0
1997-06-08,7.5,16.5,23.1,83.0,1016.9,2.9,109.0,90.0
1997-06-09,2.4,14.2,26.1,70.0,1021.2,2.8,344.0,76.0
1997-06-10,2.0,15.5,26.8,69.0,1019.6,2.9,336.0,68.0
1997-06-11,2.4,16.0,26.6,71.0,1014.9,4.1,213.0,88.0
1997-06-12,4.5,15.6,26.9,75.0,1010.9,3.4,340.0,73.0
1997-06-13,6.3,16.7,24.6,80.0,1008.9,3.5,360.0,90.0
1997-06-14,27.1,16.1,25.1,85.0,1008.9,4.2,218.0,75.0
1997-06-15,0.2,15.2,25.9,74.0,1014.0,4.1,326.0,24.0
1997-06-16,7.6,15.0,26.2,75.0,1015.7,3.5,354.0,71.0
1997-06-17,5.3,16.1,25.9,78.0,1013.3,3.9,309.0,63.0
1997-06-18,7.5,15.6,22.3,80.0,1013.2,3.9,24.0,59.0
1997-06-19,33.3,14.0,21.2,82.0,1009.9,6.6,29.0,94.0
1997-06-20,5.6,15.8,23.3,80.0,1004.6,3.5,214.0,67.0
1997-06-21,4.4,15.3,22.5,82.0,1009.0,5.6,171.0,73.0
1997-06-22,7.2,15.6,23.4,83.0,1005.6,4.1,149.0,67.0
1997-06-23,3.3,14.6,22.0,76.0,1005.9,4.4,22.0,49.0
1997-06-24,4.9,11.5,22.3,75.0,1010.8,4.1,351.0,67.0
1997-06-25,0.4,10.5,21.5,68.0,1011.3,4.6,235.0,57.0
1997-06-26,6.0,13.4,20.0,79.0,1005.8,3.6,64.0,99.0
1997-06-27,33.2,15.0,21.0,92.0,1004.2,3.9,71.0,96.0
1997-06-28,14.3,17.2,24.6,80.0,1009.6,6.4,47.0,62.0
1997-06-29,2.0,15.4,26.8,66.0,1007.1,5.5,51.0,53.0
1997-06-30,7.7,14.9,21.1,74.0,1006.5,5.5,208.0,48.0
1997-07-01,6.8,13.6,21.2,77.0,1011.7,3.9,75.0,66.0
1997-07-02,0.5,12.8,22.6,78.0,1017.3,5.1,174.0,70.0
1997-07-03,3.7,15.3,22.3,81.0,1017.0,4.5,197.0,64.0
1997-07-04,1.1,14.3,25.1,79.0,1017.3,4.9,214.0,53.0
1997-07-05,15.4,15.8,21.8,85.0,1014.3,3.7,332.0,84.0
1997-07-06,2.1,14.0,23.9,76.0,1014.9,3.7,324.0,86.0
1997-07-07,0.0,11.3,24.5,62.0,1015.1,3.7,324.0,68.0
1997-07-08,0.0,13.1,26.2,62.0,1014.0,5.3,296.0,56.0
1997-07-09,0.4,14.5,25.4,66.0,1014.1,4.4,274.0,45.0
1997-07-10,3.8,14.7,25.0,72.0,1013.3,3.5,290.0,67.0
1997-07-11,5.9,15.1,23.9,79.0,1012.7,3.3,335.0,54.0
1997-07-12,1.9,12.9,25.5,74.0,1014.6,3.9,284.0,21.0
1997-07-13,0.3,14.5,26.0,75.0,1016.2,3.7,224.0,26.0
1997-07-14,6.5,16.6,26.2,77.0,1017.6,3.5,325.0,73.0
1997-07-15,16.2,17.0,24.9,83.0,1017.3,2.9,245.0,43.0
1997-07-16,1.0,14.9,24.7,78.0,1018.2,4.7,214.0,29.0
1997-07-17,7.2,15.8,24.9,79.0,1013.1,4.1,115.0,76.0
1997-07-18,21.0,16.8,23.2,84.0,1005.4,2.9,7.0,85.0
1997-07-19,1.4,13.7,25.9,74.0,1009.8,5.1,281.0,77.0
1997-07-20,2.6,14.0,23.7,73.0,1014.4,4.2,313.0,33.0
1997-07-21,0.9,12.9,23.1,78.0,1014.9,4.2,214.0,17.0
1997-07-22,0.0,14.5,25.3,77.0,1017.3,3.8,183.0,33.0
1997-07-23,4.3,16.2,26.3,79.0,1018.6,4.1,218.0,97.0
1997-07-24,8.7,17.1,25.9,79.0,1015.2,3.9,330.0,95.0
1997-07-25,6.3,16.9,25.4,80.0,1009.3,3.6,335.0,64.0
1997-07-26,7.8,16.4,25.5,78.0,1011.8,3.9,338.0,35.0
1997-07-27,3.8,16.0,25.9,77.0,1018.1,5.1,212.0,52.0
1997-07-28,4.8,17.3,26.5,76.0,1020.1,3.1,344.0,90.0
1997-07-29,6.0,17.5,25.4,76.0,1019.5,3.6,357.0,82.0
1997-07-30,0.0,15.3,27.1,66.0,1018.3,4.1,262.0,14.0
1997-07-31,2.1,15.9,27.5,70.0,1014.4,3.8,272.0,71.0
1997-08-01,9.8,17.1,22.0,72.0,1009.6,5.2,64.0,61.0
1997-08-02,8.4,13.6,23.3,75.0,1014.7,4.3,238.0,59.0
1997-08-03,0.3,16.0,25.0,73.0,1017.1,3.8,217.0,57.0
1997-08-04,0.1,16.2,26.9,73.0,1018.0,3.8,207.0,36.0
1997-08-05,2.8,17.1,27.7,79.0,1016.5,3.2,309.0,81.0
1997-08-06,20.7,19.0,24.8,85.0,1013.5,3.2,352.0,94.0
1997-08-07,6.2,17.7,23.9,83.0,1014.8,3.5,55.0,89.0
1997-08-08,8.0,16.3,25.8,79.0,1016.8,2.9,313.0,67.0
1997-08-09,2.0,16.9,26.4,79.0,1017.3,3.5,340.0,33.0
1997-08-10,0.1,16.1,26.2,78.0,1019.1,3.1,347.0,22.0
1997-08-11,0.3,15.3,26.5,70.0,1021.0,3.6,28.0,28.0
1997-08-12,1.0,15.3,26.9,66.0,1022.1,4.0,10.0,28.0
1997-08-13,0.0,16.6,26.9,67.0,1021.8,3.3,297.0,31.0
1997-08-14,0.0,16.0,28.3,69.0,1020.9,3.5,300.0,42.0
1997-08-15,3.2,17.0,28.3,75.0,1018.7,3.6,335.0,58.0
1997-08-16,4.8,17.8,25.7,78.0,1017.9,2.7,327.0,76.0
1997-08-17,8.8,17.4,23.9,84.0,1018.4,3.4,0.0,99.0
1997-08-18,4.4,17.5,24.9,77.0,1017.3,2.9,6.0,79.0
1997-08-19,5.1,16.3,24.4,78.0,1017.5,4.3,32.0,59.0
1997-08-20,1.7,15.7,26.4,72.0,1018.4,4.4,3.0,89.0
1997-08-21,1.5,16.0,24.2,76.0,1020.8,4.9,355.0,97.0
1997-08-22,0.0,14.7,27.2,67.0,1021.4,4.8,25.0,42.0
1997-08-23,1.4,15.1,27.3,68.0,1019.3,3.1,328.0,40.0
1997-08-24,3.4,16.9,26.0,74.0,1017.7,2.8,325.0,78.0
1997-08-25,2.7,16.1,26.5,77.0,1014.5,3.9,277.0,41.0
1997-08-26,10.8,18.7,25.7,82.0,1011.3,3.5,13.0,64.0
1997-08-27,5.4,17.1,24.8,85.0,1010.6,3.9,61.0,88.0
1997-08-28,5.1,17.9,25.8,85.0,1007.9,4.6,197.0,91.0
1997-08-29,10.9,15.9,21.5,78.0,1008.5,3.5,6.0,69.0
1997-08-30,0.0,11.2,22.8,73.0,1016.4,4.8,248.0,41.0
1997-08-31,0.0,14.7,25.0,76.0,1018.0,3.7,192.0,30.0
1997-09-01,0.0,15.1,26.4,78.0,1018.5,3.2,170.0,15.0
1997-09-02,0.0,16.5,27.4,76.0,1017.5,4.4,203.0,47.0
1997-09-03,0.2,16.3,27.6,77.0,1017.7,3.3,16.0,95.0
1997-09-04,1.0,17.1,27.9,74.0,1018.9,3.5,1.0,53.0
1997-09-05,1.3,16.8,27.2,76.0,1020.2,3.3,292.0,51.0
1997-09-06,2.3,17.6,27.2,79.0,1020.5,3.9,301.0,48.0
1997-09-07,6.4,17.2,26.7,78.0,1021.1,3.9,13.0,55.0
1997-09-08,0.2,16.5,25.4,72.0,1022.1,4.7,12.0,27.0
1997-09-09,0.0,16.1,26.1,80.0,1016.0,4.2,195.0,32.0
1997-09-10,0.0,15.3,26.1,72.0,1013.6,5.2,124.0,24.0
1997-09-11,0.2,17.4,23.7,62.0,1018.4,3.7,146.0,58.0
1997-09-12,0.5,15.0,24.3,73.0,1015.9,3.5,174.0,67.0
1997-09-13,8.3,17.0,24.9,83.0,1011.6,4.4,177.0,88.0
1997-09-14,10.7,14.5,19.1,78.0,1017.3,5.4,70.0,86.0
1997-09-15,0.0,11.5,20.5,62.0,1024.7,3.5,152.0,23.0
1997-09-16,0.0,9.8,21.3,59.0,1025.8,4.0,57.0,7.0
1997-09-17,0.0,10.2,22.1,64.0,1024.6,3.4,121.0,4.0
1997-09-18,0.0,11.6,23.9,72.0,1023.4,3.4,205.0,16.0
1997-09-19,0.0,12.6,24.1,73.0,1020.4,3.0,306.0,22.0
1997-09-20,1.6,12.3,21.4,77.0,1021.1,4.4,102.0,31.0
1997-09-21,0.2,12.5,20.2,65.0,1023.2,3.5,106.0,62.0
1997-09-22,0.4,13.9,21.3,63.0,1022.8,4.3,69.0,74.0
1997-09-23,0.0,11.1,21.5,65.0,1021.1,4.5,51.0,91.0
1997-09-24,0.0,9.7,23.5,63.0,1019.8,4.0,10.0,46.0
1997-09-25,0.0,13.3,20.8,63.0,1024.0,3.7,175.0,10.0
1997-09-26,0.0,13.1,20.7,61.0,1023.3,3.6,213.0,26.0
1997-09-27,0.0,10.2,21.8,70.0,1016.1,3.3,187.0,4.0
1997-09-28,0.0,11.7,21.5,74.0,1015.9,3.9,135.0,41.0
1997-09-29,0.0,12.4,22.4,73.0,1020.2,3.3,143.0,55.0
1997-09-30,0.0,11.8,23.1,77.0,1021.2,3.2,207.0,62.0
1997-10-01,0.0,13.9,22.1,78.0,1015.8,3.0,124.0,60.0
1997-10-02,0.2,12.8,22.5,80.0,1009.4,3.9,190.0,51.0
1997-10-03,0.0,11.3,20.2,72.0,1012.0,5.5,65.0,48.0
1997-10-04,0.0,14.0,20.1,63.0,1020.9,4.0,185.0,60.0
1997-10-05,0.0,11.9,20.8,78.0,1019.5,3.7,172.0,57.0
1997-10-06,0.2,12.0,20.4,83.0,1016.7,4.0,79.0,70.0
1997-10-07,7.4,15.6,21.7,86.0,1013.4,3.5,169.0,97.0
1997-10-08,2.6,15.9,20.8,91.0,1016.5,3.2,96.0,91.0
1997-10-09,0.7,16.6,21.7,88.0,1018.0,3.9,183.0,85.0
1997-10-10,3.0,17.4,20.8,91.0,1011.8,4.3,194.0,95.0
1997-10-11,3.9,12.5,22.3,84.0,1003.2,3.9,359.0,47.0
1997-10-12,2.9,12.3,19.8,78.0,996.0,3.2,357.0,68.0
1997-10-13,0.1,6.2,17.4,53.0,1006.6,4.9,335.0,36.0
1997-10-14,0.0,9.8,16.6,49.0,1010.4,5.8,1.0,51.0
1997-10-15,0.0,3.3,15.1,51.0,1013.5,5.5,302.0,17.0
1997-10-16,0.0,5.1,15.6,60.0,1014.1,4.6,356.0,36.0
1997-10-17,0.0,6.2,15.6,72.0,1021.2,4.5,29.0,48.0
1997-10-18,0.0,9.3,16.1,77.0,1026.2,3.4,83.0,48.0
1997-10-19,0.0,6.1,17.1,77.0,1023.0,2.7,171.0,5.0
1997-10-20,0.0,6.0,16.9,84.0,1015.0,3.5,180.0,45.0
1997-10-21,3.0,11.0,15.1,87.0,1012.6,3.7,83.0,100.0
1997-10-22,0.5,8.4,13.9,76.0,1014.1,2.8,144.0,64.0
1997-10-23,0.0,8.5,15.4,71.0,1012.7,2.7,171.0,83.0
1997-10-24,0.0,5.1,16.8,74.0,1011.0,4.3,108.0,34.0
1997-10-25,0.0,6.2,10.6,65.0,1021.6,4.0,181.0,40.0
1997-10-26,0.0,6.3,13.5,64.0,1020.9,2.8,236.0,21.0
1997-10-27,1.5,5.1,11.8,63.0,1020.5,5.1,97.0,81.0
1997-10-28,0.0,1.7,8.1,41.0,1029.0,8.0,67.0,31.0
1997-10-29,0.0,-2.1,9.8,45.0,1033.5,5.9,28.0,0.0
1997-10-30,0.6,-2.2,11.0,50.0,1029.5,6.8,42.0,63.0
1997-10-31,0.6,4.1,11.1,69.0,1026.4,3.5,57.0,85.0
1997-11-01,0.0,3.7,12.2,62.0,1022.8,2.5,290.0,63.0
1997-11-02,0.0,3.9,14.0,70.0,1017.5,2.6,277.0,4.0
1997-11-03,0.0,2.3,14.8,76.0,1015.2,2.7,295.0,0.0
1997-11-04,0.0,5.2,12.1,72.0,1018.6,4.1,36.0,45.0
1997-11-05,2.3,6.9,9.8,76.0,1018.1,2.7,18.0,97.0
1997-11-06,37.9,9.6,13.2,93.0,1008.8,4.1,35.0,100.0
1997-11-07,57.6,12.4,16.5,97.0,1004.5,4.3,141.0,96.0
1997-11-08,12.3,10.4,15.3,88.0,1003.1,4.0,227.0,75.0
1997-11-09,24.3,8.4,12.0,95.0,1008.1,4.9,18.0,89.0
1997-11-10,2.4,7.3,13.0,86.0,1009.0,3.6,38.0,69.0
1997-11-11,4.2,5.6,12.6,89.0,1009.8,3.8,36.0,86.0
1997-11-12,42.3,9.1,13.2,93.0,1005.1,5.3,82.0,99.0
1997-11-13,0.0,6.8,13.9,84.0,1002.8,3.8,353.0,100.0
1997-11-14,0.0,2.3,12.5,83.0,1009.5,4.0,327.0,21.0
1997-11-15,0.0,0.8,12.2,73.0,1019.4,4.8,323.0,18.0
1997-11-16,0.0,3.3,10.4,69.0,1016.7,2.9,44.0,48.0
1997-11-17,0.0,4.0,10.7,77.0,1018.3,2.9,294.0,14.0
1997-11-18,0.5,2.3,9.4,84.0,1012.7,3.0,104.0,67.0
1997-11-19,1.9,1.2,6.0,70.0,1012.5,4.5,119.0,76.0
1997-11-20,0.0,-0.9,4.8,58.0,1010.9,3.0,107.0,18.0
1997-11-21,0.0,0.9,8.5,66.0,1011.8,2.5,324.0,34.0
1997-11-22,0.0,-0.1,9.2,79.0,1014.2,3.9,9.0,80.0
1997-11-23,3.3,1.7,8.4,82.0,1014.1,4.1,351.0,99.0
1997-11-24,0.4,2.6,10.6,81.0,1016.6,2.9,344.0,75.0
1997-11-25,0.0,7.7,9.4,77.0,1014.6,2.0,1.0,99.0
1997-11-26,0.0,4.6,11.6,85.0,1013.9,2.2,328.0,86.0
1997-11-27,0.0,2.7,11.8,85.0,1017.2,3.0,332.0,76.0
1997-11-28,0.0,5.3,10.9,87.0,1017.5,2.0,302.0,90.0
1997-11-29,6.2,7.3,9.9,92.0,1013.0,3.2,21.0,100.0
1997-11-30,25.9,7.1,9.2,87.0,1004.8,6.3,7.0,100.0
1997-12-01,9.5,5.8,8.6,90.0,1004.8,6.1,338.0,100.0
1997-12-02,3.5,2.5,10.2,84.0,1003.0,3.9,17.0,92.0
1997-12-03,34.1,2.7,6.7,86.0,993.9,8.6,4.0,100.0
1997-12-04,0.6,-0.3,8.2,76.0,1007.4,5.4,341.0,30.0
1997-12-05,0.0,-1.2,6.6,73.0,1017.3,4.2,1.0,54.0
1997-12-06,0.0,-5.5,5.1,74.0,1021.1,2.5,319.0,2.0
1997-12-07,0.0,-4.4,5.6,69.0,1020.4,2.6,298.0,10.0
1997-12-08,0.0,-2.6,7.3,72.0,1016.3,1.7,331.0,42.0
1997-12-09,0.0,-0.1,7.3,77.0,1016.4,2.3,345.0,78.0
1997-12-10,0.1,-1.6,8.8,82.0,1019.8,2.4,324.0,68.0
1997-12-11,0.2,0.6,6.3,89.0,1017.5,3.4,47.0,85.0
1997-12-12,2.4,1.4,9.3,89.0,1009.4,2.8,356.0,57.0
1997-12-13,0.0,-1.3,9.8,83.0,1015.4,5.3,334.0,63.0
1997-12-14,0.0,-3.5,8.3,72.0,1021.2,4.7,332.0,10.0
1997-12-15,0.1,-1.8,7.0,73.0,1018.3,4.0,343.0,67.0
1997-12-16,0.6,-2.2,4.5,73.0,1024.5,4.2,25.0,88.0
1997-12-17,4.8,-2.9,2.4,76.0,1027.4,4.9,15.0,96.0
1997-12-18,12.1,2.0,6.7,90.0,1022.5,4.6,13.0,100.0
1997-12-19,13.7,4.6,8.7,91.0,1014.6,4.8,9.0,100.0
1997-12-20,48.7,6.9,9.7,93.0,1004.0,5.9,18.0,100.0
1997-12-21,0.2,5.4,9.9,92.0,1006.5,2.3,4.0,92.0
1997-12-22,2.2,5.4,9.6,89.0,1011.8,2.3,5.0,85.0
1997-12-23,0.8,5.2,9.2,88.0,1019.2,2.6,318.0,92.0
1997-12-24,0.0,-0.3,8.8,93.0,1027.9,2.1,288.0,70.0
1997-12-25,0.4,3.3,6.1,95.0,1026.4,1.9,134.0,92.0
1997-12-26,7.6,4.1,6.7,93.0,1016.4,2.3,26.0,100.0
1997-12-27,0.0,0.7,8.4,86.0,1008.6,3.9,321.0,97.0
1997-12-28,0.0,-3.0,8.4,80.0,1010.9,3.0,329.0,50.0
1997-12-29,0.0,-3.1,6.5,82.0,1013.6,2.8,325.0,20.0
1997-12-30,0.0,-2.3,5.1,82.0,1020.2,2.0,21.0,59.0
1997-12-31,0.0,-1.0,5.6,81.0,1021.5,2.0,343.0,74.0
1998-01-01,0.0,0.1,8.5,88.0,1022.6,2.7,283.0,75.0
1998-01-02,4.8,3.9,6.0,96.0,1014.6,2.2,96.0,99.0
1998-01-03,3.8,5.2,10.0,90.0,1012.2,3.6,353.0,97.0
1998-01-04,0.0,2.1,9.5,91.0,1015.7,2.6,72.0,58.0
1998-01-05,0.0,1.1,8.9,89.0,1015.0,3.3,38.0,48.0
1998-01-06,0.1,0.6,8.7,87.0,1014.6,2.8,18.0,42.0
1998-01-07,0.0,-1.0,8.9,81.0,1023.6,2.8,350.0,19.0
1998-01-08,0.0,0.7,8.4,84.0,1030.0,2.4,354.0,10.0
1998-01-09,0.0,1.3,6.4,92.0,1032.7,2.4,86.0,57.0
1998-01-10,0.0,1.2,9.0,84.0,1032.2,2.0,311.0,24.0
1998-01-11,0.0,-1.2,9.1,77.0,1031.0,2.1,322.0,3.0
1998-01-12,0.0,0.8,5.6,83.0,1029.8,2.6,118.0,42.0
1998-01-13,0.1,0.3,4.0,93.0,1024.6,1.8,154.0,88.0
1998-01-14,0.7,2.5,8.1,85.0,1019.5,3.1,29.0,88.0
1998-01-15,4.3,5.3,9.0,90.0,1022.8,4.4,3.0,99.0
1998-01-16,4.6,6.0,8.2,93.0,1019.7,3.4,188.0,100.0
1998-01-17,4.8,1.1,11.5,83.0,1017.7,4.1,352.0,72.0
1998-01-18,0.0,-2.0,8.3,70.0,1022.2,3.4,302.0,46.0
1998-01-19,6.5,-0.9,6.4,88.0,1005.4,3.7,21.0,76.0
1998-01-20,0.9,-1.7,9.0,69.0,1002.9,6.3,336.0,62.0
1998-01-21,0.0,-2.7,8.0,61.0,1014.3,5.9,340.0,95.0
1998-01-22,0.0,-0.7,7.9,62.0,1019.0,5.3,341.0,80.0
1998-01-23,0.0,-0.7,8.5,70.0,1019.9,4.2,306.0,73.0
1998-01-24,0.0,2.6,6.7,77.0,1017.6,3.2,118.0,40.0
1998-01-25,0.0,1.1,6.4,69.0,1021.1,3.9,57.0,33.0
1998-01-26,0.0,0.1,4.8,66.0,1025.2,2.4,160.0,3.0
1998-01-27,0.0,-0.4,4.6,63.0,1023.3,2.4,257.0,1.0
1998-01-28,0.0,-1.7,3.5,74.0,1018.8,2.3,177.0,6.0
1998-01-29,0.0,-1.2,5.0,80.0,1018.2,2.4,98.0,33.0
1998-01-30,0.0,-2.0,4.4,74.0,1020.1,3.3,180.0,41.0
1998-01-31,0.0,-1.8,6.0,79.0,1015.2,2.7,65.0,36.0
1998-02-01,0.0,-2.1,4.5,61.0,1016.7,5.1,87.0,9.0
1998-02-02,0.0,-1.8,2.8,55.0,1013.4,3.5,179.0,36.0
1998-02-03,0.0,-1.6,4.5,70.0,1011.3,3.0,127.0,65.0
1998-02-04,0.0,-1.8,8.5,65.0,1012.4,5.4,20.0,50.0
1998-02-05,0.0,-2.6,9.3,60.0,1014.9,4.0,309.0,0.0
1998-02-06,0.0,-1.3,10.0,65.0,1021.1,2.9,310.0,4.0
1998-02-07,0.0,-2.3,9.2,71.0,1024.1,2.9,283.0,27.0
1998-02-08,0.0,-1.0,10.8,64.0,1026.0,4.1,360.0,58.0
1998-02-09,0.0,0.3,8.4,64.0,1033.0,3.5,265.0,14.0
1998-02-10,0.0,0.2,10.3,74.0,1033.1,2.2,265.0,17.0
1998-02-11,0.0,1.0,12.1,77.0,1032.8,2.4,327.0,3.0
1998-02-12,0.0,1.2,12.1,81.0,1030.9,2.2,323.0,52.0
1998-02-13,0.0,0.2,15.3,81.0,1029.2,2.3,321.0,21.0
1998-02-14,0.0,0.4,17.5,78.0,1030.1,2.8,347.0,8.0
1998-02-15,0.0,0.4,17.3,78.0,1029.5,3.5,315.0,3.0
1998-02-16,0.0,2.0,15.0,83.0,1024.5,3.6,36.0,52.0
1998-02-17,0.0,4.6,16.7,71.0,1021.0,5.0,6.0,30.0
1998-02-18,0.0,5.4,11.5,63.0,1034.6,4.0,274.0,0.0
1998-02-19,0.0,1.8,12.8,74.0,1030.6,2.8,122.0,2.0
1998-02-20,0.0,-0.1,16.0,70.0,1028.3,3.1,331.0,0.0
1998-02-21,0.0,-0.4,13.4,78.0,1028.0,3.3,95.0,35.0
1998-02-22,1.7,1.3,12.7,83.0,1024.9,4.3,69.0,71.0
1998-02-23,3.2,5.2,13.9,82.0,1024.4,5.1,18.0,97.0
1998-02-24,0.0,3.8,15.9,72.0,1028.3,4.0,330.0,38.0
1998-02-25,0.0,5.2,14.9,75.0,1029.5,3.6,315.0,54.0
1998-02-26,0.0,6.8,13.9,74.0,1032.3,3.2,244.0,32.0
1998-02-27,0.0,1.8,14.7,80.0,1025.4,3.2,170.0,4.0
1998-02-28,0.4,3.5,11.5,87.0,1015.0,4.8,70.0,61.0
1998-03-01,5.9,5.7,12.0,89.0,1013.0,4.3,74.0,80.0
1998-03-02,0.0,3.3,11.0,71.0,1022.5,4.3,347.0,56.0
1998-03-03,0.7,4.4,9.8,83.0,1025.2,3.0,146.0,91.0
1998-03-04,5.2,5.8,11.1,93.0,1023.1,3.4,135.0,100.0
1998-03-05,6.0,7.1,13.2,84.0,1015.4,5.5,201.0,73.0
1998-03-06,0.0,-0.4,12.8,58.0,1024.4,5.9,27.0,7.0
1998-03-07,0.0,3.4,12.4,68.0,1018.4,5.4,66.0,45.0
1998-03-08,1.1,6.3,14.1,75.0,1007.0,3.7,108.0,64.0
1998-03-09,0.5,0.1,14.3,60.0,1008.1,6.5,9.0,28.0
1998-03-10,0.0,1.5,9.6,30.0,1024.7,4.7,12.0,12.0
1998-03-11,0.4,1.5,4.8,55.0,1020.2,4.2,195.0,68.0
1998-03-12,0.0,0.9,7.9,69.0,1017.0,3.1,153.0,86.0
1998-03-13,0.0,1.2,10.2,69.0,1021.5,3.5,198.0,24.0
1998-03-14,0.0,4.3,12.8,73.0,1020.3,4.1,202.0,32.0
1998-03-15,6.0,1.1,13.5,78.0,1018.7,3.7,357.0,34.0
1998-03-16,2.8,5.1,9.6,86.0,1020.7,3.6,189.0,69.0
1998-03-17,0.0,5.1,13.3,78.0,1020.9,3.4,197.0,36.0
1998-03-18,0.0,1.0,16.2,70.0,1025.9,5.0,275.0,7.0
1998-03-19,4.7,5.8,13.3,78.0,1028.5,4.0,45.0,50.0
1998-03-20,7.3,4.6,11.4,70.0,1025.8,4.2,239.0,54.0
1998-03-21,8.9,0.2,7.5,73.0,1022.9,5.5,147.0,63.0
1998-03-22,14.3,-2.3,7.8,81.0,1027.4,3.6,302.0,56.0
1998-03-23,8.8,0.0,2.8,83.0,1029.7,3.6,78.0,99.0
1998-03-24,0.5,-1.1,7.1,58.0,1025.2,6.7,33.0,45.0
1998-03-25,0.0,-8.2,8.1,55.0,1026.3,4.3,26.0,6.0
1998-03-26,0.0,-6.1,7.6,62.0,1024.9,4.0,254.0,2.0
1998-03-27,0.0,-5.2,11.3,67.0,1022.6,3.4,249.0,40.0
1998-03-28,0.0,-1.2,15.2,69.0,1020.4,3.4,232.0,54.0
1998-03-29,0.0,2.2,16.6,67.0,1016.9,4.0,60.0,46.0
1998-03-30,0.0,1.4,16.8,69.0,1018.9,4.6,82.0,6.0
1998-03-31,0.0,2.4,16.2,74.0,1020.9,4.3,175.0,11.0
1998-04-01,0.0,4.9,15.3,80.0,1017.0,4.2,131.0,50.0
1998-04-02,1.4,6.0,14.6,85.0,1012.4,5.0,110.0,78.0
1998-04-03,1.3,8.2,13.9,88.0,1011.6,5.0,117.0,94.0
1998-04-04,4.5,9.2,16.8,85.0,1010.0,5.1,149.0,76.0
1998-04-05,13.8,9.4,16.1,90.0,1010.3,4.9,144.0,96.0
1998-04-06,18.1,7.6,14.3,91.0,1010.2,3.3,218.0,77.0
1998-04-07,11.0,6.4,13.4,85.0,1011.0,4.7,86.0,97.0
1998-04-08,3.8,7.9,14.4,79.0,1006.3,4.2,153.0,82.0
1998-04-09,6.5,6.2,14.1,86.0,1003.7,4.0,91.0,90.0
1998-04-10,22.8,5.2,13.2,88.0,1003.3,5.7,108.0,96.0
1998-04-11,21.0,5.7,12.5,88.0,1003.6,5.1,122.0,75.0
1998-04-12,6.9,5.6,10.5,84.0,1001.3,3.9,180.0,90.0
1998-04-13,11.5,2.4,9.6,89.0,1004.0,4.3,60.0,93.0
1998-04-14,2.1,2.3,10.8,83.0,1007.5,3.9,113.0,75.0
1998-04-15,3.7,3.0,10.7,77.0,1013.1,5.0,85.0,96.0
1998-04-16,20.1,5.6,12.9,80.0,1000.5,6.0,57.0,89.0
1998-04-17,5.2,5.6,11.7,85.0,996.5,3.7,58.0,92.0
1998-04-18,8.6,5.0,11.2,89.0,996.2,3.5,339.0,95.0
1998-04-19,9.2,0.9,14.1,86.0,1006.4,3.6,328.0,67.0
1998-04-20,0.0,0.6,15.9,72.0,1016.6,5.4,231.0,17.0
1998-04-21,0.0,4.7,17.3,76.0,1018.3,4.3,139.0,62.0
1998-04-22,0.4,6.2,17.9,78.0,1017.1,3.9,105.0,51.0
1998-04-23,0.0,9.0,17.6,68.0,1017.6,5.3,63.0,46.0
1998-04-24,0.2,5.4,20.0,72.0,1017.4,3.8,250.0,43.0
1998-04-25,3.0,10.6,19.5,75.0,1018.8,4.8,251.0,68.0
1998-04-26,0.0,9.0,19.5,74.0,1014.5,4.6,161.0,73.0
1998-04-27,2.3,9.2,19.2,73.0,1007.8,6.8,71.0,85.0
1998-04-28,50.5,10.7,13.2,88.0,1005.1,5.5,34.0,100.0
1998-04-29,26.8,9.9,14.4,90.0,1008.0,2.8,93.0,90.0
1998-04-30,2.9,8.4,15.2,81.0,1012.4,5.1,62.0,86.0
1998-05-01,6.4,9.1,14.7,86.0,1012.4,4.1,57.0,95.0
1998-05-02,0.4,7.0,16.7,79.0,1010.8,5.6,208.0,62.0
1998-05-03,0.2,9.2,19.6,72.0,1007.1,5.7,46.0,74.0
1998-05-04,7.2,10.7,17.8,76.0,998.2,5.5,336.0,100.0
1998-05-05,1.1,7.9,16.2,74.0,1005.4,5.2,239.0,71.0
1998-05-06,1.4,9.5,17.3,70.0,1012.8,4.3,218.0,85.0
1998-05-07,0.0,7.8,19.5,68.0,1021.1,4.1,195.0,35.0
1998-05-08,0.0,7.0,21.8,70.0,1026.8,4.3,253.0,18.0
1998-05-09,0.0,8.1,23.6,67.0,1025.3,4.2,346.0,20.0
1998-05-10,0.0,10.5,25.0,65.0,1021.4,5.6,41.0,1.0
1998-05-11,0.2,11.1,24.7,66.0,1018.5,5.0,46.0,14.0
1998-05-12,1.5,10.4,25.5,72.0,1018.0,3.9,305.0,44.0
1998-05-13,0.8,12.4,26.1,70.0,1019.1,3.5,347.0,45.0
1998-05-14,8.5,13.4,23.2,77.0,1018.6,4.7,11.0,71.0
1998-05-15,1.5,10.9,20.9,71.0,1015.2,4.5,90.0,55.0
1998-05-16,5.8,12.3,18.2,72.0,1015.1,4.0,220.0,64.0
1998-05-17,7.3,8.8,15.6,80.0,1016.4,4.2,26.0,65.0
1998-05-18,4.7,6.7,16.6,80.0,1019.4,3.7,328.0,72.0
1998-05-19,0.0,8.8,22.7,69.0,1018.6,3.5,309.0,74.0
1998-05-20,1.3,9.1,23.1,67.0,1016.8,4.2,333.0,30.0
1998-05-21,2.7,10.3,22.1,73.0,1014.8,4.2,263.0,36.0
1998-05-22,2.5,10.4,21.6,76.0,1011.9,3.8,24.0,44.0
1998-05-23,1.2,11.9,19.0,71.0,1014.3,4.6,126.0,49.0
1998-05-24,10.5,12.5,16.3,80.0,1012.3,5.1,62.0,97.0
1998-05-25,4.3,11.4,18.2,75.0,1008.8,5.2,60.0,62.0
1998-05-26,2.2,8.6,20.5,72.0,1008.9,4.3,244.0,38.0
1998-05-27,2.0,11.5,20.7,72.0,1012.6,4.2,99.0,53.0
1998-05-28,4.1,12.4,19.5,84.0,1014.6,4.3,57.0,89.0
1998-05-29,4.7,12.8,17.8,86.0,1013.2,3.1,5.0,99.0
1998-05-30,0.7,12.1,21.0,77.0,1013.9,4.6,198.0,56.0
1998-05-31,3.0,12.0,21.9,79.0,1014.8,4.8,180.0,66.0
1998-06-01,0.6,12.2,22.0,77.0,1015.4,4.5,145.0,50.0
1998-06-02,0.0,12.2,23.7,77.0,1017.0,5.4,155.0,58.0
1998-06-03,1.5,12.6,25.5,77.0,1018.0,4.1,176.0,51.0
1998-06-04,1.9,15.2,27.1,75.0,1019.2,3.9,290.0,72.0
1998-06-05,1.1,15.7,28.6,74.0,1019.8,4.1,261.0,31.0
1998-06-06,0.5,15.9,28.6,74.0,1018.4,4.2,360.0,27.0
1998-06-07,3.2,16.5,27.4,72.0,1014.9,3.7,15.0,70.0
1998-06-08,7.1,17.2,23.8,81.0,1015.1,3.7,27.0,55.0
1998-06-09,0.0,12.7,24.9,71.0,1015.9,4.3,70.0,20.0
1998-06-10,1.4,14.8,24.3,77.0,1010.4,5.2,200.0,49.0
1998-06-11,30.6,15.1,19.9,88.0,1003.4,4.2,90.0,92.0
1998-06-12,19.7,13.5,18.7,81.0,1004.7,5.3,42.0,78.0
1998-06-13,1.1,9.3,20.5,66.0,1012.0,4.8,314.0,62.0
1998-06-14,2.3,10.1,19.4,75.0,1014.1,4.2,206.0,45.0
1998-06-15,11.6,11.5,19.6,84.0,1014.3,4.1,138.0,73.0
1998-06-16,13.1,11.6,19.9,84.0,1017.3,3.7,8.0,64.0
1998-06-17,2.2,11.8,20.8,70.0,1022.1,4.3,55.0,56.0
1998-06-18,0.3,9.8,21.7,74.0,1024.1,4.3,220.0,34.0
1998-06-19,1.4,12.0,22.4,76.0,1022.9,3.5,207.0,33.0
1998-06-20,0.0,14.3,24.8,78.0,1024.2,4.7,197.0,39.0
1998-06-21,0.2,14.5,26.2,77.0,1023.0,3.8,174.0,45.0
1998-06-22,5.3,18.0,27.8,79.0,1018.8,3.2,131.0,52.0
1998-06-23,13.5,17.7,25.6,80.0,1017.5,4.4,21.0,91.0
1998-06-24,3.7,15.6,24.5,78.0,1014.9,2.8,353.0,60.0
1998-06-25,0.1,15.1,26.3,77.0,1013.5,3.7,185.0,57.0
1998-06-26,2.8,17.2,26.9,79.0,1015.6,3.4,225.0,73.0
1998-06-27,1.3,17.7,27.5,76.0,1015.2,4.5,321.0,58.0
1998-06-28,2.9,17.9,27.7,76.0,1015.2,4.0,343.0,67.0
1998-06-29,3.0,18.5,27.3,71.0,1016.9,5.6,36.0,55.0
1998-06-30,3.8,18.7,26.1,77.0,1013.8,3.3,352.0,60.0
1998-07-01,3.5,17.6,27.2,79.0,1011.6,3.8,77.0,58.0
1998-07-02,6.0,18.1,28.4,73.0,1007.5,5.1,336.0,49.0
1998-07-03,22.1,18.4,25.5,78.0,1010.9,3.8,55.0,84.0
1998-07-04,0.2,14.3,25.3,75.0,1014.5,5.5,223.0,18.0
1998-07-05,2.0,16.6,24.0,80.0,1013.9,4.2,45.0,52.0
1998-07-06,5.5,17.3,23.1,85.0,1012.5,3.6,155.0,80.0
1998-07-07,14.8,17.8,23.6,82.0,1005.6,3.9,23.0,89.0
1998-07-08,9.5,13.4,22.0,78.0,1004.5,4.0,332.0,58.0
1998-07-09,0.0,10.4,22.9,69.0,1011.4,5.5,226.0,28.0
1998-07-10,0.0,13.7,23.8,75.0,1013.4,4.4,71.0,42.0
1998-07-11,1.9,16.6,24.5,78.0,1012.8,4.0,88.0,79.0
1998-07-12,3.6,18.2,24.6,84.0,1012.9,4.2,87.0,80.0
1998-07-13,2.6,18.0,26.0,83.0,1012.8,4.0,122.0,65.0
1998-07-14,45.2,15.6,21.6,86.0,1009.2,4.2,50.0,99.0
1998-07-15,2.8,13.4,22.0,71.0,1014.1,3.7,144.0,57.0
1998-07-16,0.3,13.9,23.0,68.0,1015.8,5.9,239.0,46.0
1998-07-17,0.0,12.8,24.9,69.0,1014.8,4.3,210.0,19.0
1998-07-18,3.5,15.0,25.3,78.0,1016.4,3.7,206.0,33.0
1998-07-19,1.4,16.5,27.9,77.0,1018.0,3.7,149.0,43.0
1998-07-20,0.4,17.3,29.9,77.0,1018.8,3.5,220.0,20.0
1998-07-21,0.3,17.9,30.7,77.0,1015.7,4.2,261.0,17.0
1998-07-22,0.1,19.7,30.8,74.0,1015.9,3.4,349.0,47.0
1998-07-23,1.1,18.3,31.7,67.0,1015.1,4.3,311.0,18.0
1998-07-24,2.4,18.8,31.8,66.0,1014.9,4.8,9.0,23.0
1998-07-25,1.3,20.1,30.7,66.0,1014.3,5.1,9.0,31.0
1998-07-26,0.9,19.2,28.4,68.0,1014.5,4.2,33.0,28.0
1998-07-27,5.5,18.3,29.5,72.0,1012.2,3.8,306.0,55.0
1998-07-28,11.3,19.2,25.4,74.0,1008.6,4.3,11.0,78.0
1998-07-29,0.0,17.0,26.4,65.0,1010.2,4.4,241.0,27.0
1998-07-30,0.0,15.8,27.7,70.0,1012.3,4.4,201.0,11.0
1998-07-31,2.8,17.6,29.0,70.0,1013.1,3.7,42.0,42.0
1998-08-01,2.5,18.4,29.9,67.0,1014.6,5.6,38.0,30.0
1998-08-02,0.0,19.8,31.5,64.0,1014.9,6.1,46.0,24.0
1998-08-03,0.1,19.2,32.3,61.0,1017.8,4.4,338.0,60.0
1998-08-04,0.0,18.5,33.2,59.0,1017.7,3.9,345.0,44.0
1998-08-05,3.9,21.2,29.2,66.0,1018.8,4.2,30.0,80.0
1998-08-06,0.0,17.0,27.9,59.0,1022.7,4.5,81.0,8.0
1998-08-07,0.0,15.9,29.3,58.0,1021.1,4.1,77.0,2.0
1998-08-08,0.0,17.2,31.7,57.0,1019.1,3.6,75.0,4.0
1998-08-09,0.4,18.0,32.8,60.0,1015.9,3.9,224.0,9.0
1998-08-10,0.8,19.4,33.2,59.0,1017.6,4.2,67.0,24.0
1998-08-11,0.5,20.4,33.0,59.0,1018.7,3.5,319.0,36.0
1998-08-12,2.6,21.0,33.7,61.0,1017.0,4.1,340.0,83.0
1998-08-13,2.7,19.9,33.1,60.0,1011.8,5.2,282.0,18.0
1998-08-14,1.6,19.0,30.2,59.0,1011.5,4.8,31.0,40.0
1998-08-15,2.1,18.7,30.9,61.0,1015.1,3.7,312.0,25.0
1998-08-16,1.1,19.5,31.1,61.0,1018.5,4.0,325.0,49.0
1998-08-17,1.6,18.8,32.3,59.0,1017.1,3.2,347.0,41.0
1998-08-18,4.2,18.8,30.9,62.0,1014.3,4.5,347.0,82.0
1998-08-19,3.6,18.4,28.7,64.0,1014.6,3.1,0.0,66.0
1998-08-20,4.6,18.4,28.1,64.0,1016.2,3.4,1.0,61.0
1998-08-21,2.7,17.0,27.1,67.0,1011.2,5.1,238.0,51.0
1998-08-22,2.7,17.2,28.5,71.0,1006.4,4.1,60.0,51.0
1998-08-23,0.7,17.9,26.6,61.0,1009.9,5.7,94.0,53.0
1998-08-24,10.5,19.1,25.2,70.0,1010.6,3.8,57.0,67.0
1998-08-25,0.0,13.7,25.3,64.0,1014.3,5.7,43.0,18.0
1998-08-26,0.0,15.9,25.6,58.0,1015.4,4.7,189.0,23.0
1998-08-27,11.7,14.6,24.9,69.0,1009.4,3.9,3.0,35.0
1998-08-28,0.2,14.3,21.3,57.0,1012.0,5.8,104.0,41.0
1998-08-29,0.0,12.5,20.6,51.0,1015.8,3.6,195.0,40.0
1998-08-30,0.4,14.4,20.2,59.0,1018.7,4.3,212.0,63.0
1998-08-31,0.1,11.4,22.0,69.0,1017.1,5.0,190.0,47.0
1998-09-01,0.0,14.6,22.9,72.0,1019.0,4.4,111.0,78.0
1998-09-02,0.0,15.6,24.1,74.0,1020.0,4.0,165.0,96.0
1998-09-03,4.6,17.1,24.4,81.0,1016.8,3.1,138.0,93.0
1998-09-04,7.6,16.3,24.4,81.0,1014.2,4.0,61.0,79.0
1998-09-05,83.4,13.8,19.1,91.0,1007.0,6.6,34.0,86.0
1998-09-06,0.2,9.1,22.3,72.0,1010.4,4.9,329.0,15.0
1998-09-07,0.3,13.7,22.7,71.0,1010.9,3.3,38.0,78.0
1998-09-08,11.1,15.9,20.2,83.0,1010.7,3.4,9.0,90.0
1998-09-09,0.0,13.0,24.6,78.0,1015.5,3.8,272.0,31.0
1998-09-10,0.0,15.5,23.2,80.0,1015.7,3.8,182.0,49.0
1998-09-11,7.2,15.2,23.0,87.0,1010.0,3.5,55.0,76.0
1998-09-12,55.7,15.2,19.1,92.0,994.6,4.2,89.0,99.0
1998-09-13,21.3,11.9,17.7,77.0,994.1,3.9,350.0,84.0
1998-09-14,10.5,9.7,16.7,79.0,999.9,4.8,243.0,87.0
1998-09-15,0.0,8.2,18.5,81.0,1007.2,4.8,43.0,72.0
1998-09-16,0.0,8.9,19.4,78.0,1009.5,4.5,101.0,54.0
1998-09-17,4.0,11.2,19.2,83.0,1008.1,4.1,14.0,47.0
1998-09-18,1.0,7.9,20.2,77.0,1017.6,3.7,319.0,19.0
1998-09-19,3.3,11.2,19.2,78.0,1026.2,4.1,307.0,43.0
1998-09-20,0.0,10.6,20.9,70.0,1026.6,3.9,312.0,60.0
1998-09-21,0.0,10.5,21.3,68.0,1024.6,4.0,325.0,63.0
1998-09-22,0.4,13.1,19.9,65.0,1023.0,3.1,43.0,40.0
1998-09-23,0.0,10.3,20.1,73.0,1021.6,4.0,37.0,39.0
1998-09-24,0.0,9.3,20.6,75.0,1022.0,4.0,34.0,27.0
1998-09-25,0.4,10.6,18.1,80.0,1019.3,3.8,359.0,94.0
1998-09-26,5.0,14.2,19.9,83.0,1014.7,4.3,186.0,99.0
1998-09-27,19.1,15.1,19.8,90.0,1008.3,3.7,176.0,99.0
1998-09-28,8.3,13.4,18.7,89.0,1005.2,2.4,16.0,88.0
1998-09-29,0.8,8.7,20.1,84.0,1008.6,3.4,252.0,34.0
1998-09-30,6.6,13.2,18.4,90.0,1010.1,3.6,55.0,91.0
1998-10-01,14.6,12.9,18.7,92.0,1006.5,4.6,25.0,79.0
1998-10-02,2.0,9.6,17.8,85.0,1006.2,3.7,324.0,80.0
1998-10-03,4.7,9.4,17.9,87.0,1007.4,3.6,8.0,76.0
1998-10-04,10.9,9.2,15.7,88.0,1008.1,4.1,45.0,80.0
1998-10-05,31.9,11.8,14.4,90.0,1008.5,5.3,11.0,100.0
1998-10-06,44.3,12.8,15.7,90.0,1010.6,5.1,14.0,97.0
1998-10-07,101.7,13.5,15.9,91.0,1009.9,5.1,17.0,100.0
1998-10-08,15.2,12.1,17.2,91.0,1015.1,4.9,35.0,89.0
1998-10-09,0.5,9.7,17.9,83.0,1021.4,4.0,304.0,53.0
1998-10-10,0.2,10.0,16.7,82.0,1018.0,5.3,211.0,51.0
1998-10-11,0.1,8.0,15.3,85.0,1015.9,3.6,95.0,80.0
1998-10-12,0.2,10.7,16.4,86.0,1009.9,4.2,45.0,68.0
1998-10-13,0.8,4.4,17.2,78.0,1017.0,4.2,333.0,15.0
1998-10-14,0.0,6.6,15.7,77.0,1023.5,3.7,47.0,50.0
1998-10-15,0.0,8.9,17.4,79.0,1022.8,2.9,204.0,13.0
1998-10-16,0.0,7.5,18.1,87.0,1022.7,2.8,169.0,33.0
1998-10-17,2.8,11.7,16.2,92.0,1020.1,4.0,202.0,85.0
1998-10-18,2.2,11.2,17.7,90.0,1016.3,3.5,346.0,77.0
1998-10-19,35.4,11.2,13.8,91.0,1012.8,4.8,49.0,100.0
1998-10-20,1.1,8.4,15.6,76.0,1017.2,3.8,320.0,52.0
1998-10-21,0.9,9.9,13.0,78.0,1029.0,2.2,136.0,98.0
1998-10-22,0.0,8.3,14.6,77.0,1030.0,2.8,156.0,71.0
1998-10-23,0.0,7.6,16.6,81.0,1025.9,2.4,236.0,34.0
1998-10-24,0.0,8.4,16.5,83.0,1016.4,2.9,10.0,49.0
1998-10-25,0.8,7.9,12.6,88.0,1005.6,2.8,2.0,69.0
1998-10-26,1.1,3.4,15.7,79.0,1008.8,3.6,319.0,30.0
1998-10-27,0.8,2.8,14.9,77.0,1018.3,4.7,340.0,40.0
1998-10-28,0.0,5.4,13.8,82.0,1017.9,4.4,69.0,60.0
1998-10-29,1.5,6.6,14.7,86.0,1011.5,4.4,53.0,54.0
1998-10-30,0.0,1.7,14.6,75.0,1015.5,4.7,352.0,9.0
1998-10-31,0.0,2.2,13.5,68.0,1014.3,5.5,358.0,43.0
1998-11-01,0.0,4.6,12.1,79.0,1005.7,4.1,14.0,62.0
1998-11-02,0.0,3.4,14.0,77.0,1008.3,4.6,11.0,50.0
1998-11-03,10.0,8.0,13.5,85.0,1006.9,2.8,20.0,96.0
1998-11-04,4.6,9.6,13.1,92.0,1002.3,2.2,32.0,99.0
1998-11-05,8.6,6.6,12.1,80.0,1012.8,4.7,54.0,47.0
1998-11-06,0.0,2.1,12.4,78.0,1023.5,3.2,343.0,8.0
1998-11-07,0.0,0.6,12.7,73.0,1028.0,3.9,336.0,1.0
1998-11-08,0.0,2.3,11.1,77.0,1029.0,3.0,344.0,53.0
1998-11-09,0.0,5.6,11.5,81.0,1023.5,2.6,60.0,84.0
1998-11-10,1.0,7.1,11.7,80.0,1017.4,3.1,75.0,89.0
1998-11-11,0.0,1.7,14.1,68.0,1014.5,5.9,1.0,23.0
1998-11-12,0.0,-0.4,9.4,61.0,1015.4,4.0,340.0,47.0
1998-11-13,0.0,1.8,9.6,65.0,1012.8,3.3,325.0,46.0
1998-11-14,0.7,1.1,8.1,76.0,1008.6,3.5,46.0,57.0
1998-11-15,0.1,1.3,9.7,82.0,1007.7,3.7,316.0,38.0
1998-11-16,0.0,1.1,9.3,80.0,1014.9,3.9,328.0,73.0
1998-11-17,4.7,-1.0,9.9,69.0,1019.9,4.3,339.0,45.0
1998-11-18,2.6,-0.5,4.7,71.0,1023.5,3.8,7.0,59.0
1998-11-19,0.0,-1.7,4.3,66.0,1022.6,4.4,9.0,26.0
1998-11-20,0.0,-5.4,4.5,56.0,1024.1,5.2,9.0,15.0
1998-11-21,0.0,-4.0,3.1,47.0,1028.3,5.5,19.0,37.0
1998-11-22,0.0,-3.4,4.8,50.0,1027.5,6.7,13.0,79.0
1998-11-23,0.8,0.2,6.5,71.0,1017.1,2.9,319.0,99.0
1998-11-24,0.4,3.9,7.6,80.0,1017.2,2.4,277.0,95.0
1998-11-25,0.6,3.4,6.5,85.0,1018.2,2.2,352.0,90.0
1998-11-26,0.0,1.3,8.6,83.0,1017.0,3.3,344.0,78.0
1998-11-27,0.0,2.0,7.7,80.0,1018.0,3.8,1.0,92.0
1998-11-28,0.0,-0.3,10.4,74.0,1018.6,4.4,343.0,36.0
1998-11-29,0.0,-1.4,8.0,73.0,1014.4,3.6,10.0,21.0
1998-11-30,0.0,-0.5,7.9,71.0,1018.0,6.0,23.0,70.0
1998-12-01,0.0,-0.7,9.0,67.0,1023.4,6.1,25.0,44.0
1998-12-02,1.0,2.5,4.8,76.0,1026.4,3.3,73.0,99.0
1998-12-03,0.0,2.2,7.3,77.0,1022.2,3.2,356.0,73.0
1998-12-04,0.2,1.7,8.0,87.0,1003.4,4.8,331.0,98.0
1998-12-05,0.2,-0.6,6.0,85.0,1005.2,4.0,331.0,62.0
1998-12-06,0.9,-3.1,5.7,68.0,1012.4,4.4,330.0,44.0
1998-12-07,0.0,-4.1,5.0,53.0,1021.0,5.4,339.0,21.0
1998-12-08,0.0,-3.4,4.6,61.0,1027.0,5.2,356.0,18.0
1998-12-09,0.0,-0.6,4.0,59.0,1030.1,3.6,6.0,63.0
1998-12-10,0.0,-2.0,3.2,68.0,1025.2,2.3,81.0,94.0
1998-12-11,0.0,-1.8,3.9,73.0,1021.1,3.5,38.0,53.0
1998-12-12,0.0,-1.6,6.8,73.0,1026.2,2.3,321.0,23.0
1998-12-13,0.0,2.1,5.9,81.0,1028.3,2.9,333.0,58.0
1998-12-14,0.0,-0.3,9.7,74.0,1029.7,3.5,325.0,78.0
1998-12-15,0.0,2.4,9.5,74.0,1028.8,3.1,320.0,56.0
1998-12-16,0.0,2.3,10.3,72.0,1027.9,2.6,329.0,48.0
1998-12-17,0.0,-1.5,10.8,71.0,1030.6,3.5,329.0,87.0
1998-12-18,0.0,-0.9,9.5,78.0,1026.8,2.3,328.0,61.0
1998-12-19,0.0,1.9,6.6,76.0,1017.2,2.8,18.0,19.0
1998-12-20,0.0,1.4,5.8,79.0,1009.8,4.5,11.0,81.0
1998-12-21,1.2,2.0,6.9,80.0,1007.5,6.1,26.0,94.0
1998-12-22,0.0,-4.3,4.7,58.0,1022.6,5.2,342.0,3.0
1998-12-23,0.0,-1.2,4.4,63.0,1028.4,2.6,10.0,8.0
1998-12-24,0.0,-1.3,2.5,78.0,1027.2,2.2,127.0,93.0
1998-12-25,0.0,-1.3,5.1,81.0,1030.3,1.9,27.0,19.0
1998-12-26,0.0,-1.6,3.8,80.0,1029.5,2.3,14.0,61.0
1998-12-27,0.0,-2.5,1.8,87.0,1026.2,2.5,48.0,93.0
1998-12-28,0.0,-0.2,5.1,81.0,1023.9,2.7,37.0,82.0
1998-12-29,0.0,1.7,7.0,84.0,1022.9,2.5,355.0,54.0
1998-12-30,0.0,0.3,6.9,87.0,1023.0,2.5,1.0,68.0
1998-12-31,1.1,1.6,6.9,85.0,1025.5,3.6,26.0,90.0
1999-01-01,6.3,3.8,7.4,90.0,1023.4,4.4,20.0,100.0
1999-01-02,3.9,0.9,8.6,89.0,1017.9,5.3,4.0,93.0
1999-01-03,0.8,1.9,9.6,87.0,1013.6,3.0,350.0,77.0
1999-01-04,0.0,-1.1,9.6,87.0,1018.0,3.6,338.0,41.0
1999-01-05,0.0,-1.0,10.6,84.0,1025.0,2.6,327.0,69.0
1999-01-06,0.0,-0.8,10.0,79.0,1024.4,2.0,330.0,7.0
1999-01-07,0.0,0.5,6.8,81.0,1017.8,3.2,40.0,9.0
1999-01-08,0.0,1.7,5.2,88.0,1008.9,2.8,62.0,82.0
1999-01-09,0.7,0.1,9.3,82.0,1005.0,3.8,353.0,55.0
1999-01-10,1.9,-2.8,7.6,80.0,1012.0,4.9,4.0,85.0
1999-01-11,41.7,3.2,6.2,88.0,1007.1,7.1,21.0,99.0
1999-01-12,0.3,0.0,5.0,91.0,1013.8,3.0,252.0,85.0
1999-01-13,3.5,-1.3,4.5,90.0,1009.9,2.9,9.0,79.0
1999-01-14,0.0,-5.8,5.3,83.0,1014.3,3.0,355.0,34.0
1999-01-15,0.0,-5.5,6.7,79.0,1020.8,2.4,324.0,3.0
1999-01-16,0.0,-3.7,4.4,81.0,1024.3,2.3,23.0,62.0
1999-01-17,0.0,-1.2,5.6,87.0,1023.8,2.6,359.0,53.0
1999-01-18,0.0,-2.0,6.8,88.0,1023.6,1.6,312.0,77.0
1999-01-19,0.0,-2.2,10.6,79.0,1024.8,2.4,335.0,46.0
1999-01-20,0.0,-2.3,9.5,77.0,1026.5,2.0,329.0,0.0
1999-01-21,0.0,-2.2,9.5,76.0,1024.7,2.0,329.0,0.0
1999-01-22,0.0,-1.8,8.2,77.0,1024.1,1.9,327.0,1.0
1999-01-23,0.0,-2.4,8.6,75.0,1024.5,2.0,325.0,23.0
1999-01-24,0.0,-2.3,7.2,81.0,1025.9,1.8,308.0,40.0
1999-01-25,0.0,-2.4,8.6,77.0,1027.1,2.2,306.0,31.0
1999-01-26,0.3,-1.2,6.2,81.0,1019.4,2.9,50.0,59.0
1999-01-27,2.2,-2.7,6.2,88.0,1005.9,2.8,336.0,70.0
1999-01-28,2.5,-4.4,7.1,79.0,1006.6,4.9,359.0,56.0
1999-01-29,0.0,-4.7,8.1,62.0,1009.0,7.0,356.0,32.0
1999-01-30,0.0,-3.1,1.1,27.0,1022.7,5.5,32.0,4.0
1999-01-31,0.0,-6.9,2.3,40.0,1026.8,6.3,339.0,34.0
1999-02-01,0.0,-6.2,2.6,47.0,1027.9,4.7,335.0,33.0
1999-02-02,0.0,-2.9,6.2,58.0,1027.4,3.2,321.0,64.0
1999-02-03,0.0,-2.0,8.7,71.0,1029.7,3.5,309.0,75.0
1999-02-04,0.0,-0.3,9.9,77.0,1022.8,3.2,305.0,52.0
1999-02-05,0.1,-0.2,8.6,83.0,1007.5,3.9,36.0,6.0
1999-02-06,0.4,-3.1,10.2,67.0,1003.8,4.9,323.0,12.0
1999-02-07,0.4,-3.2,7.0,77.0,1000.9,5.2,6.0,52.0
1999-02-08,0.0,-3.1,6.5,61.0,1001.4,5.1,326.0,46.0
1999-02-09,3.7,-1.5,2.9,68.0,1000.2,3.8,26.0,97.0
1999-02-10,5.1,-0.2,2.7,78.0,998.2,5.5,17.0,100.0
1999-02-11,0.0,-1.6,2.4,54.0,1005.0,6.0,348.0,100.0
1999-02-12,0.0,-3.9,2.9,42.0,1013.9,6.3,340.0,54.0
1999-02-13,0.0,-4.3,2.1,46.0,1020.0,4.6,339.0,77.0
1999-02-14,1.0,-0.8,1.6,76.0,1023.8,3.3,45.0,92.0
1999-02-15,0.0,-1.6,3.3,79.0,1025.8,2.7,245.0,54.0
1999-02-16,0.0,-3.1,2.6,79.0,1018.7,3.6,108.0,57.0
1999-02-17,0.0,-1.4,6.0,74.0,1008.3,5.0,31.0,53.0
1999-02-18,0.4,-4.0,6.6,63.0,1014.2,4.1,340.0,73.0
1999-02-19,0.0,-2.8,7.8,71.0,1021.3,2.9,188.0,48.0
1999-02-20,0.0,0.3,8.0,78.0,1017.3,3.7,62.0,73.0
1999-02-21,0.2,1.5,8.2,86.0,1011.7,3.3,123.0,75.0
1999-02-22,2.3,3.3,9.1,87.0,996.6,3.1,347.0,91.0
1999-02-23,0.0,-4.7,9.2,52.0,1002.7,7.3,295.0,64.0
1999-02-24,0.0,-3.4,8.9,54.0,1009.0,6.0,337.0,41.0
1999-02-25,0.0,-0.5,9.5,61.0,1015.7,5.1,338.0,41.0
1999-02-26,0.0,-2.5,9.6,67.0,1021.3,3.0,222.0,5.0
1999-02-27,0.0,-0.1,10.1,69.0,1020.9,2.9,175.0,9.0
1999-02-28,0.0,-0.2,10.8,70.0,1022.8,2.9,14.0,93.0
1999-03-01,0.0,-0.8,11.0,77.0,1023.4,3.4,171.0,39.0
1999-03-02,0.0,3.2,10.9,85.0,1017.4,3.6,112.0,86.0
1999-03-03,4.1,4.8,9.4,93.0,1012.6,2.7,126.0,97.0
1999-03-04,14.5,3.3,11.8,89.0,1002.6,5.3,65.0,87.0
1999-03-05,21.5,3.8,9.0,91.0,994.7,4.6,131.0,96.0
1999-03-06,6.4,0.9,8.7,87.0,1001.5,5.0,48.0,96.0
1999-03-07,9.9,1.1,6.6,91.0,1005.0,4.2,40.0,95.0
1999-03-08,0.1,-4.4,9.0,79.0,1014.0,4.2,233.0,52.0
1999-03-09,0.0,1.8,9.0,87.0,1015.8,3.1,185.0,93.0
1999-03-10,0.2,4.0,10.6,87.0,1017.6,4.2,69.0,95.0
1999-03-11,0.6,4.7,10.9,91.0,1016.9,3.6,51.0,77.0
1999-03-12,0.0,3.7,14.7,82.0,1019.1,3.2,262.0,50.0
1999-03-13,0.0,1.9,15.6,85.0,1018.2,2.6,207.0,28.0
1999-03-14,0.0,2.7,16.6,83.0,1020.8,3.0,306.0,42.0
1999-03-15,0.0,3.0,18.1,81.0,1022.0,3.7,293.0,19.0
1999-03-16,6.4,4.7,13.6,81.0,1022.0,4.6,80.0,47.0
1999-03-17,2.1,1.9,8.9,71.0,1024.4,3.8,158.0,43.0
1999-03-18,0.0,-1.0,9.8,49.0,1019.5,5.6,71.0,15.0
1999-03-19,0.0,-2.5,11.1,59.0,1013.6,4.3,279.0,19.0
1999-03-20,0.0,-1.0,13.4,60.0,1016.0,3.7,349.0,29.0
1999-03-21,0.3,-0.3,11.0,69.0,1017.1,4.4,208.0,73.0
1999-03-22,5.2,2.3,7.6,85.0,1008.9,5.4,48.0,100.0
1999-03-23,0.4,-0.3,13.3,72.0,1009.9,4.9,266.0,48.0
1999-03-24,0.0,-0.0,14.7,72.0,1017.0,3.8,50.0,24.0
1999-03-25,0.0,0.7,14.9,77.0,1016.0,3.7,85.0,62.0
1999-03-26,9.4,6.9,10.4,92.0,1011.1,3.9,56.0,97.0
1999-03-27,31.8,7.5,12.2,91.0,1004.3,6.1,41.0,89.0
1999-03-28,3.6,5.8,14.3,76.0,1005.2,4.3,37.0,53.0
1999-03-29,0.6,5.3,16.1,78.0,1013.0,3.7,302.0,75.0
1999-03-30,0.0,2.6,16.5,77.0,1016.1,3.8,320.0,28.0
1999-03-31,0.0,3.5,17.9,70.0,1017.5,4.5,308.0,17.0
1999-04-01,0.0,3.7,18.4,67.0,1016.0,3.8,302.0,13.0
1999-04-02,0.0,3.8,18.6,72.0,1014.2,3.9,307.0,9.0
1999-04-03,0.0,3.6,19.8,68.0,1017.0,4.1,303.0,21.0
1999-04-04,0.0,5.7,19.4,67.0,1021.2,3.7,287.0,53.0
1999-04-05,3.9,5.5,18.9,75.0,1025.0,4.1,339.0,35.0
1999-04-06,0.0,4.0,19.6,74.0,1026.0,5.1,257.0,8.0
1999-04-07,11.4,6.4,17.6,80.0,1014.8,4.8,151.0,83.0
1999-04-08,42.9,7.9,11.2,87.0,1012.1,6.0,34.0,100.0
1999-04-09,0.2,6.3,17.1,68.0,1018.5,4.9,360.0,55.0
1999-04-10,0.0,4.0,16.8,69.0,1017.6,4.8,238.0,18.0
1999-04-11,0.0,4.5,16.3,74.0,1013.5,3.5,180.0,62.0
1999-04-12,12.7,6.1,13.8,87.0,1009.2,3.6,161.0,88.0
1999-04-13,6.2,7.5,12.7,86.0,999.7,4.1,80.0,78.0
1999-04-14,5.6,3.3,14.0,86.0,1005.5,4.1,96.0,73.0
1999-04-15,6.0,6.1,13.9,86.0,1008.4,5.0,113.0,82.0
1999-04-16,50.1,9.7,12.2,96.0,1002.9,5.9,103.0,100.0
1999-04-17,3.7,6.4,13.8,77.0,1002.3,5.5,207.0,79.0
1999-04-18,5.7,5.5,11.5,79.0,1008.5,5.3,242.0,92.0
1999-04-19,9.9,3.7,12.2,83.0,1016.3,3.5,82.0,64.0
1999-04-20,0.1,-0.2,12.7,75.0,1017.5,5.7,222.0,51.0
1999-04-21,12.7,7.2,11.3,92.0,1015.4,4.3,157.0,98.0
1999-04-22,3.2,8.5,16.0,82.0,1015.7,3.7,118.0,78.0
1999-04-23,1.4,6.2,17.3,77.0,1014.6,4.0,277.0,69.0
1999-04-24,0.6,7.5,17.0,82.0,1012.4,3.4,291.0,88.0
1999-04-25,1.4,5.5,20.0,71.0,1012.8,3.4,311.0,61.0
1999-04-26,1.9,5.8,18.9,76.0,1013.9,4.3,252.0,38.0
1999-04-27,7.9,8.6,16.2,86.0,1016.0,3.6,43.0,84.0
1999-04-28,0.1,8.4,17.1,83.0,1018.9,4.2,122.0,94.0
1999-04-29,0.5,8.9,17.7,85.0,1016.0,4.7,191.0,86.0
1999-04-30,3.3,12.6,19.0,83.0,1014.1,3.8,196.0,73.0
1999-05-01,4.9,9.5,19.3,85.0,1017.6,3.2,8.0,57.0
1999-05-02,0.6,11.1,20.5,81.0,1017.9,3.5,236.0,78.0
1999-05-03,0.0,9.4,22.5,76.0,1018.6,4.0,243.0,78.0
1999-05-04,30.7,11.9,22.8,78.0,1011.8,6.2,7.0,97.0
1999-05-05,14.5,13.9,18.5,79.0,1010.3,5.1,87.0,92.0
1999-05-06,0.4,12.2,17.1,71.0,1018.8,3.2,119.0,84.0
1999-05-07,0.0,11.1,18.3,68.0,1018.6,4.0,150.0,74.0
1999-05-08,0.1,12.6,17.1,80.0,1015.9,3.3,166.0,97.0
1999-05-09,3.8,13.5,19.8,78.0,1018.2,3.5,62.0,73.0
1999-05-10,0.0,9.3,21.0,78.0,1020.0,5.3,201.0,62.0
1999-05-11,0.4,12.1,20.5,83.0,1016.4,4.7,147.0,98.0
1999-05-12,8.9,13.6,20.1,89.0,1012.0,3.9,112.0,98.0
1999-05-13,2.0,14.7,21.0,86.0,1011.7,2.9,121.0,86.0
1999-05-14,10.5,15.3,20.2,89.0,1008.8,3.4,101.0,92.0
1999-05-15,12.9,14.2,18.5,82.0,1008.1,4.1,22.0,80.0
1999-05-16,3.4,11.4,18.9,76.0,1011.9,4.0,49.0,70.0
1999-05-17,0.8,11.1,18.5,65.0,1018.3,4.1,47.0,94.0
1999-05-18,0.0,9.6,21.6,65.0,1016.6,4.5,83.0,31.0
1999-05-19,3.7,12.3,19.2,70.0,1017.8,5.6,65.0,86.0
1999-05-20,15.7,13.5,18.1,81.0,1011.1,4.5,37.0,85.0
1999-05-21,27.5,11.8,14.5,92.0,1006.8,1.9,49.0,97.0
1999-05-22,0.7,7.7,20.0,76.0,1012.2,4.4,291.0,57.0
1999-05-23,2.8,11.6,21.6,77.0,1017.9,3.7,336.0,61.0
1999-05-24,3.5,14.7,20.7,74.0,1021.6,4.2,190.0,60.0
1999-05-25,3.5,12.1,22.1,77.0,1017.9,3.6,216.0,68.0
1999-05-26,1.7,11.7,24.6,72.0,1018.4,3.7,9.0,34.0
1999-05-27,0.5,11.2,24.8,73.0,1020.9,4.3,210.0,13.0
1999-05-28,1.8,12.9,24.9,79.0,1022.7,3.6,272.0,46.0
1999-05-29,2.0,13.6,24.7,79.0,1022.4,3.7,252.0,54.0
1999-05-30,2.9,15.4,24.9,81.0,1019.0,4.1,273.0,47.0
1999-05-31,2.1,14.2,27.0,81.0,1018.7,3.0,202.0,59.0
1999-06-01,2.1,16.2,26.8,80.0,1019.3,3.3,353.0,74.0
1999-06-02,1.7,17.6,26.5,79.0,1017.3,4.1,166.0,77.0
1999-06-03,0.7,17.3,25.9,76.0,1014.0,4.6,58.0,31.0
1999-06-04,7.0,16.6,22.2,76.0,1010.1,4.6,18.0,41.0
1999-06-05,0.0,12.1,23.3,66.0,1013.0,4.6,232.0,23.0
1999-06-06,1.8,12.9,24.5,73.0,1012.4,4.4,87.0,31.0
1999-06-07,4.4,17.0,24.9,73.0,1015.5,5.6,50.0,54.0
1999-06-08,14.4,15.2,22.2,85.0,1016.4,4.4,15.0,61.0
1999-06-09,0.0,12.9,23.5,66.0,1022.1,5.6,43.0,21.0
1999-06-10,0.5,13.2,23.8,70.0,1021.5,4.9,59.0,68.0
1999-06-11,8.9,14.9,21.3,80.0,1016.9,3.3,50.0,85.0
1999-06-12,1.5,15.7,23.9,70.0,1016.9,3.4,3.0,50.0
1999-06-13,7.4,14.2,23.1,78.0,1017.3,4.0,21.0,52.0
1999-06-14,1.6,14.5,24.2,71.0,1016.8,3.8,19.0,60.0
1999-06-15,1.8,13.9,24.1,74.0,1018.3,4.4,19.0,82.0
1999-06-16,5.3,15.3,23.9,74.0,1018.9,3.5,359.0,73.0
1999-06-17,2.7,13.1,25.3,73.0,1015.9,4.0,313.0,48.0
1999-06-18,4.0,13.5,25.0,77.0,1013.1,3.7,19.0,49.0
1999-06-19,7.4,14.6,20.0,71.0,1016.9,3.7,111.0,78.0
1999-06-20,3.5,14.3,21.1,74.0,1015.3,5.9,39.0,71.0
1999-06-21,7.8,12.3,20.7,79.0,1007.3,3.8,343.0,74.0
1999-06-22,0.0,11.6,22.8,55.0,1009.2,5.6,338.0,46.0
1999-06-23,0.0,8.7,20.7,56.0,1019.0,5.6,246.0,14.0
1999-06-24,0.4,10.7,22.0,67.0,1021.1,4.3,202.0,25.0
1999-06-25,0.0,13.8,22.0,72.0,1020.5,4.7,198.0,56.0
1999-06-26,0.0,12.1,24.3,73.0,1015.6,4.7,190.0,41.0
1999-06-27,3.4,15.5,24.3,76.0,1013.5,3.9,74.0,76.0
1999-06-28,2.2,14.1,23.0,76.0,1014.5,4.3,77.0,68.0
1999-06-29,0.6,14.4,25.4,75.0,1019.8,4.0,214.0,60.0
1999-06-30,3.5,14.4,26.8,73.0,1017.3,3.5,326.0,57.0
1999-07-01,2.5,16.5,27.4,67.0,1017.3,4.2,326.0,51.0
1999-07-02,0.5,16.0,27.2,72.0,1016.5,4.4,242.0,27.0
1999-07-03,0.9,16.8,29.1,71.0,1015.3,3.7,221.0,33.0
1999-07-04,0.5,17.1,30.0,71.0,1014.2,3.8,204.0,29.0
1999-07-05,0.5,18.3,29.7,72.0,1013.6,4.5,146.0,24.0
1999-07-06,2.8,18.7,28.4,68.0,1012.4,6.6,67.0,21.0
1999-07-07,3.6,17.1,25.2,66.0,1015.1,5.2,0.0,52.0
1999-07-08,2.9,14.3,26.6,67.0,1017.2,3.5,330.0,44.0
1999-07-09,3.5,15.5,26.0,72.0,1015.2,4.7,341.0,91.0
1999-07-10,8.4,16.1,23.9,81.0,1012.8,3.5,357.0,92.0
1999-07-11,5.1,15.3,23.2,84.0,1014.5,2.8,46.0,99.0
1999-07-12,2.9,16.1,23.4,82.0,1014.8,3.6,170.0,85.0
1999-07-13,1.5,18.0,25.2,80.0,1011.3,4.3,193.0,69.0
1999-07-14,7.4,16.9,26.4,81.0,1007.1,4.2,287.0,57.0
1999-07-15,5.4,17.1,25.9,71.0,1011.8,4.5,358.0,44.0
1999-07-16,2.2,15.7,25.9,66.0,1016.4,3.9,7.0,57.0
1999-07-17,0.2,15.1,26.0,65.0,1019.5,4.2,279.0,34.0
1999-07-18,0.9,15.6,27.0,67.0,1018.7,3.6,248.0,73.0
1999-07-19,1.2,16.0,27.9,70.0,1018.0,4.3,252.0,59.0
1999-07-20,4.0,16.1,27.5,75.0,1017.2,4.2,239.0,38.0
1999-07-21,2.7,17.3,28.9,73.0,1015.7,4.2,242.0,24.0
1999-07-22,21.5,18.6,25.6,77.0,1011.6,5.1,22.0,77.0
1999-07-23,0.9,13.9,23.4,62.0,1013.1,4.5,28.0,42.0
1999-07-24,0.0,12.6,25.0,63.0,1017.0,5.3,53.0,36.0
1999-07-25,0.0,14.2,25.0,66.0,1016.4,5.4,43.0,64.0
1999-07-26,0.0,15.2,28.3,67.0,1013.6,4.3,234.0,29.0
1999-07-27,0.6,16.5,29.7,65.0,1014.4,4.4,287.0,38.0
1999-07-28,7.7,19.1,27.1,75.0,1013.9,4.4,28.0,96.0
1999-07-29,2.8,17.2,26.9,69.0,1013.6,4.0,352.0,66.0
1999-07-30,4.5,17.6,25.2,67.0,1013.9,3.4,317.0,64.0
1999-07-31,1.6,17.5,25.5,65.0,1014.1,3.4,296.0,56.0
1999-08-01,2.0,15.3,25.9,66.0,1015.0,3.9,302.0,76.0
1999-08-02,2.9,15.4,25.8,68.0,1015.1,3.9,341.0,43.0
1999-08-03,2.0,15.3,26.8,72.0,1014.5,4.0,288.0,54.0
1999-08-04,4.1,16.7,27.3,77.0,1014.4,4.3,285.0,48.0
1999-08-05,2.9,18.5,27.5,78.0,1014.1,3.8,212.0,68.0
1999-08-06,2.2,18.0,28.4,77.0,1013.6,3.8,272.0,54.0
1999-08-07,5.0,19.3,28.8,77.0,1009.1,3.8,44.0,47.0
1999-08-08,3.2,18.7,28.3,78.0,1006.3,4.1,21.0,49.0
1999-08-09,0.0,19.9,30.2,74.0,1009.1,5.3,200.0,29.0
1999-08-10,5.4,19.6,29.0,75.0,1010.1,4.6,28.0,50.0
1999-08-11,5.9,17.6,26.3,69.0,1013.2,4.7,12.0,56.0
1999-08-12,17.2,17.3,25.0,75.0,1013.1,5.2,25.0,99.0
1999-08-13,24.3,17.0,22.1,76.0,1011.8,4.0,46.0,81.0
1999-08-14,0.1,15.0,21.7,74.0,1013.8,3.9,213.0,78.0
1999-08-15,2.1,15.5,24.2,80.0,1011.1,4.7,176.0,59.0
1999-08-16,18.3,16.7,24.4,87.0,1010.0,4.2,179.0,79.0
1999-08-17,1.8,17.4,24.1,83.0,1007.9,3.6,40.0,86.0
1999-08-18,2.1,16.6,24.6,82.0,1009.9,4.0,29.0,50.0
1999-08-19,0.5,17.0,27.2,80.0,1013.3,5.2,193.0,61.0
1999-08-20,5.4,18.2,25.8,82.0,1014.9,3.7,39.0,91.0
1999-08-21,0.4,18.3,23.7,73.0,1015.5,5.2,61.0,67.0
1999-08-22,2.2,17.1,24.4,67.0,1016.7,3.7,28.0,64.0
1999-08-23,0.1,15.5,23.7,65.0,1018.2,4.3,101.0,58.0
1999-08-24,0.4,14.3,23.4,73.0,1019.0,3.5,310.0,81.0
1999-08-25,1.1,16.4,26.0,72.0,1019.7,3.4,148.0,30.0
1999-08-26,0.0,15.5,26.2,74.0,1018.4,4.2,71.0,81.0
1999-08-27,7.6,18.9,24.8,76.0,1017.7,5.0,38.0,85.0
1999-08-28,4.0,15.8,25.9,77.0,1017.9,3.1,322.0,55.0
1999-08-29,11.2,16.2,23.1,81.0,1015.6,4.5,27.0,99.0
1999-08-30,4.7,16.9,24.5,73.0,1013.8,3.8,19.0,73.0
1999-08-31,0.1,14.2,24.2,74.0,1013.9,3.9,259.0,26.0
1999-09-01,1.5,14.6,24.5,80.0,1015.3,3.3,297.0,28.0
1999-09-02,15.3,14.0,21.8,80.0,1016.7,4.5,306.0,45.0
1999-09-03,0.1,11.2,23.0,72.0,1017.4,4.1,316.0,63.0
1999-09-04,6.0,16.4,20.9,78.0,1018.1,4.6,26.0,90.0
1999-09-05,0.0,14.5,21.9,71.0,1018.5,4.3,48.0,68.0
1999-09-06,0.0,15.0,22.5,73.0,1017.6,4.3,191.0,70.0
1999-09-07,2.7,14.3,22.5,82.0,1016.2,3.5,332.0,53.0
1999-09-08,0.0,12.4,25.4,74.0,1018.5,3.5,323.0,16.0
1999-09-09,0.6,13.2,26.5,71.0,1020.3,3.7,310.0,18.0
1999-09-10,0.0,14.8,27.3,68.0,1023.3,4.3,320.0,15.0
1999-09-11,0.0,14.8,27.2,65.0,1021.9,4.0,31.0,10.0
1999-09-12,0.0,13.7,26.4,69.0,1017.9,3.8,6.0,1.0
1999-09-13,0.0,14.3,25.9,73.0,1014.2,3.7,202.0,21.0
1999-09-14,0.0,13.1,25.4,76.0,1014.1,4.7,199.0,15.0
1999-09-15,0.0,13.0,25.0,78.0,1014.3,4.2,148.0,44.0
1999-09-16,0.4,14.8,25.0,77.0,1011.6,4.6,333.0,72.0
1999-09-17,0.7,14.8,24.9,74.0,1010.5,3.6,256.0,68.0
1999-09-18,1.0,14.6,23.9,72.0,1010.1,3.3,309.0,71.0
1999-09-19,2.4,16.1,21.6,82.0,1010.1,3.6,84.0,81.0
1999-09-20,72.8,16.2,20.7,93.0,1007.7,6.2,102.0,100.0
1999-09-21,4.8,15.0,21.4,80.0,1008.2,3.4,176.0,66.0
1999-09-22,0.0,12.0,21.4,79.0,1015.8,5.1,66.0,62.0
1999-09-23,0.1,14.0,22.7,84.0,1017.6,4.5,56.0,57.0
1999-09-24,0.0,14.5,23.8,83.0,1019.9,3.9,56.0,55.0
1999-09-25,0.1,15.4,22.8,86.0,1017.4,3.8,196.0,69.0
1999-09-26,9.0,17.0,22.7,90.0,1011.3,3.7,188.0,83.0
1999-09-27,2.3,14.4,21.5,89.0,1012.3,4.6,9.0,68.0
1999-09-28,5.4,13.7,19.9,85.0,1009.4,3.4,358.0,72.0
1999-09-29,0.0,9.6,21.2,81.0,1013.0,5.2,299.0,28.0
1999-09-30,4.4,13.5,19.8,86.0,1007.6,3.9,101.0,94.0
1999-10-01,8.7,14.3,20.3,78.0,1008.6,4.3,40.0,50.0
1999-10-02,0.0,11.5,20.1,77.0,1014.4,3.9,289.0,63.0
1999-10-03,7.0,13.4,20.0,89.0,1010.5,2.5,196.0,78.0
1999-10-04,14.5,12.6,17.5,77.0,1008.1,5.0,44.0,74.0
1999-10-05,0.0,9.5,16.3,65.0,1013.9,3.7,15.0,84.0
1999-10-06,0.7,7.4,16.1,66.0,1020.6,4.1,303.0,41.0
1999-10-07,0.0,6.0,16.5,67.0,1026.5,4.7,288.0,15.0
1999-10-08,0.0,5.4,16.6,73.0,1026.5,4.1,253.0,15.0
1999-10-09,0.0,9.6,18.2,73.0,1022.6,3.1,213.0,50.0
1999-10-10,0.0,7.7,19.6,77.0,1022.8,3.0,232.0,62.0
1999-10-11,0.0,10.6,19.5,82.0,1024.6,3.0,150.0,9.0
1999-10-12,0.0,11.0,19.1,84.0,1025.5,3.0,256.0,73.0
1999-10-13,0.0,9.2,18.7,80.0,1025.0,3.4,311.0,86.0
1999-10-14,0.0,9.1,18.1,80.0,1020.9,3.1,255.0,31.0
1999-10-15,0.5,10.6,16.7,78.0,1018.2,4.0,14.0,60.0
1999-10-16,0.0,10.1,15.3,70.0,1018.5,4.2,59.0,60.0
1999-10-17,0.7,9.4,11.1,69.0,1020.3,3.5,79.0,99.0
1999-10-18,0.3,7.5,10.9,55.0,1020.1,6.0,74.0,96.0
1999-10-19,0.0,5.4,11.8,54.0,1015.4,5.4,68.0,90.0
1999-10-20,0.6,3.5,10.3,65.0,1018.1,2.8,80.0,79.0
1999-10-21,28.4,8.4,13.3,85.0,1011.5,6.9,24.0,100.0
1999-10-22,4.2,11.9,15.3,82.0,1012.2,3.6,116.0,85.0
1999-10-23,38.9,11.1,14.1,94.0,1010.2,3.6,24.0,100.0
1999-10-24,8.0,10.3,14.9,93.0,1008.5,3.4,12.0,87.0
1999-10-25,31.3,12.7,18.5,96.0,1009.0,2.9,29.0,99.0
1999-10-26,0.3,14.5,20.8,91.0,1016.7,4.0,325.0,83.0
1999-10-27,0.0,11.6,20.5,88.0,1023.0,3.5,340.0,49.0
1999-10-28,0.0,8.9,18.9,89.0,1027.4,2.6,241.0,69.0
1999-10-29,0.0,11.9,18.9,85.0,1026.1,3.0,4.0,72.0
1999-10-30,0.0,10.9,18.7,81.0,1024.5,3.4,347.0,99.0
1999-10-31,0.0,10.7,17.5,84.0,1023.2,2.9,90.0,49.0
1999-11-01,0.0,8.9,17.4,86.0,1027.9,2.9,272.0,43.0
1999-11-02,4.1,8.5,14.8,95.0,1024.9,2.5,141.0,85.0
1999-11-03,6.1,10.9,16.2,90.0,1023.6,3.2,32.0,94.0
1999-11-04,18.1,12.2,13.8,84.0,1023.5,5.1,26.0,98.0
1999-11-05,0.0,10.2,15.7,76.0,1020.1,3.3,5.0,84.0
1999-11-06,13.0,9.4,13.2,84.0,1011.8,3.9,40.0,98.0
1999-11-07,29.7,6.0,14.2,73.0,1012.1,10.5,353.0,63.0
1999-11-08,0.0,2.8,14.5,66.0,1020.1,5.6,344.0,11.0
1999-11-09,1.9,1.5,12.5,74.0,1020.8,4.0,320.0,62.0
1999-11-10,2.9,3.5,9.4,82.0,1020.1,3.9,354.0,97.0
1999-11-11,0.2,0.7,10.4,74.0,1025.6,5.7,24.0,84.0
1999-11-12,0.2,-0.1,11.7,74.0,1029.0,3.7,331.0,25.0
1999-11-13,0.0,0.2,11.2,79.0,1022.5,3.0,295.0,39.0
1999-11-14,1.9,2.1,9.1,90.0,1012.2,2.4,3.0,78.0
1999-11-15,4.3,3.3,7.9,90.0,1012.4,5.1,36.0,89.0
1999-11-16,0.2,1.4,6.7,79.0,1016.3,3.9,18.0,79.0
1999-11-17,7.3,2.0,5.3,82.0,1009.2,4.2,33.0,86.0
1999-11-18,1.1,1.3,7.0,81.0,1007.8,4.6,250.0,85.0
1999-11-19,10.7,1.8,4.5,83.0,998.2,6.8,351.0,100.0
1999-11-20,0.0,-4.2,4.6,71.0,1011.2,4.9,1.0,45.0
1999-11-21,8.0,-3.7,2.4,77.0,1009.1,5.7,346.0,99.0
1999-11-22,0.0,1.0,5.2,82.0,1009.4,2.6,304.0,66.0
1999-11-23,0.0,-0.2,5.1,75.0,1015.0,3.9,326.0,34.0
1999-11-24,0.0,-4.2,8.8,77.0,1021.4,3.9,325.0,10.0
1999-11-25,0.0,-4.8,10.2,73.0,1030.3,3.8,337.0,2.0
1999-11-26,0.0,-3.6,10.3,74.0,1033.7,3.0,334.0,4.0
1999-11-27,0.0,-2.3,7.8,76.0,1032.5,2.2,346.0,0.0
1999-11-28,0.0,-2.9,9.4,76.0,1034.6,2.2,322.0,0.0
1999-11-29,0.0,-2.7,8.5,75.0,1033.0,1.8,316.0,0.0
1999-11-30,0.0,-2.4,8.1,76.0,1031.7,1.8,318.0,0.0
1999-12-01,0.0,-2.3,4.9,90.0,1026.8,2.1,123.0,71.0
1999-12-02,0.0,-0.3,6.7,87.0,1023.3,2.4,64.0,46.0
1999-12-03,0.1,-1.6,8.8,84.0,1024.7,3.3,45.0,42.0
1999-12-04,0.4,1.3,6.7,92.0,1017.1,2.4,40.0,96.0
1999-12-05,0.3,1.0,8.1,76.0,1012.0,5.1,4.0,81.0
1999-12-06,0.0,-3.5,6.8,62.0,1026.5,4.6,338.0,3.0
1999-12-07,0.0,0.8,6.2,65.0,1025.2,2.3,61.0,7.0
1999-12-08,0.0,-1.1,5.6,70.0,1022.4,3.3,48.0,36.0
1999-12-09,2.7,1.8,5.7,82.0,1017.4,2.3,23.0,95.0
1999-12-10,20.2,3.4,7.7,89.0,1007.7,5.3,18.0,99.0
1999-12-11,5.2,3.6,10.0,84.0,1008.5,4.3,339.0,78.0
1999-12-12,0.6,1.7,7.7,83.0,1008.3,3.3,41.0,98.0
1999-12-13,0.0,-0.3,8.7,86.0,1007.1,3.0,318.0,61.0
1999-12-14,0.0,0.2,6.6,85.0,1006.4,3.8,25.0,88.0
1999-12-15,2.7,-1.2,6.2,84.0,999.8,5.8,15.0,86.0
1999-12-16,0.0,-2.8,6.0,75.0,1011.5,5.6,353.0,82.0
1999-12-17,0.0,-4.8,4.7,62.0,1024.7,4.3,324.0,2.0
1999-12-18,0.0,-2.5,2.1,78.0,1023.5,2.5,90.0,82.0
1999-12-19,0.0,-1.3,3.3,86.0,1013.9,2.5,73.0,94.0
1999-12-20,2.9,-1.2,3.9,75.0,1011.6,4.7,33.0,91.0
1999-12-21,0.0,-6.1,4.7,62.0,1023.9,5.8,340.0,0.0
1999-12-22,0.0,-4.8,3.2,60.0,1033.7,2.4,1.0,0.0
1999-12-23,0.0,-4.4,2.6,64.0,1032.3,2.0,328.0,30.0
1999-12-24,0.0,-1.8,3.2,63.0,1027.9,2.2,3.0,62.0
1999-12-25,2.1,-3.0,1.0,75.0,1018.2,2.5,56.0,91.0
1999-12-26,2.6,-2.6,5.0,84.0,1003.2,3.3,8.0,69.0
1999-12-27,1.0,-2.6,10.7,82.0,995.2,3.8,0.0,71.0
1999-12-28,19.6,1.6,6.2,88.0,984.9,6.1,5.0,97.0
1999-12-29,0.0,-3.1,7.0,77.0,1005.4,3.9,338.0,96.0
1999-12-30,0.0,-5.6,6.7,73.0,1021.6,4.1,335.0,37.0
1999-12-31,0.0,-5.5,5.3,65.0,1024.9,3.5,340.0,23.0
2000-01-01,0.0,-4.2,4.5,62.0,1026.3,2.6,295.0,33.0
2000-01-02,0.0,-2.7,5.9,72.0,1027.5,2.5,322.0,21.0
2000-01-03,0.0,-3.6,5.8,77.0,1029.4,2.0,305.0,34.0
2000-01-04,0.0,-3.5,5.4,84.0,1024.0,1.9,318.0,19.0
2000-01-05,0.0,-3.2,7.7,77.0,1022.7,2.1,322.0,13.0
2000-01-06,0.0,-2.5,8.0,79.0,1023.4,2.2,326.0,11.0
2000-01-07,0.0,-2.5,9.3,77.0,1024.7,2.1,337.0,34.0
2000-01-08,0.0,-2.4,8.4,73.0,1025.3,2.5,342.0,0.0
2000-01-09,0.0,-2.0,7.0,79.0,1025.0,2.2,337.0,64.0
2000-01-10,0.0,-3.5,7.7,83.0,1028.9,2.3,345.0,64.0
2000-01-11,0.0,-2.5,6.8,81.0,1034.9,2.7,329.0,51.0
2000-01-12,0.0,-3.7,4.5,78.0,1033.6,2.1,12.0,14.0
2000-01-13,0.0,-3.5,2.7,71.0,1028.4,2.3,347.0,27.0
2000-01-14,0.0,-4.4,7.3,67.0,1024.7,3.5,342.0,58.0
2000-01-15,0.0,-2.7,8.8,77.0,1024.4,3.3,336.0,38.0
2000-01-16,0.0,-2.3,4.8,79.0,1027.1,2.8,299.0,17.0
2000-01-17,0.0,-2.5,3.8,84.0,1020.4,3.0,313.0,36.0
2000-01-18,0.0,1.4,9.6,68.0,1005.9,4.3,346.0,64.0
2000-01-19,0.2,-2.6,8.9,58.0,1017.3,6.0,355.0,8.0
2000-01-20,0.0,-4.5,6.3,60.0,1025.7,4.0,339.0,39.0
2000-01-21,0.0,-3.4,7.2,68.0,1015.6,3.6,321.0,3.0
2000-01-22,4.2,-0.8,4.0,78.0,1014.1,4.5,27.0,68.0
2000-01-23,0.0,-4.2,8.2,68.0,1004.8,4.4,330.0,72.0
2000-01-24,4.8,-1.8,1.9,79.0,1015.0,3.4,234.0,74.0
2000-01-25,0.0,-6.2,-0.8,70.0,1027.3,2.9,274.0,65.0
2000-01-26,0.0,-9.9,0.9,68.0,1031.2,2.7,294.0,3.0
2000-01-27,0.0,-6.5,2.0,70.0,1030.4,2.6,49.0,0.0
2000-01-28,0.0,-6.8,3.0,76.0,1025.2,3.1,4.0,6.0
2000-01-29,0.0,-7.8,3.8,78.0,1019.5,3.2,151.0,63.0
2000-01-30,0.0,-0.1,6.6,83.0,1015.9,2.5,130.0,47.0
2000-01-31,0.0,0.0,8.4,81.0,1023.6,3.1,4.0,24.0
2000-02-01,0.0,0.8,9.4,86.0,1028.0,2.7,192.0,28.0
2000-02-02,1.2,3.2,5.8,98.0,1022.4,1.9,120.0,97.0
2000-02-03,0.4,0.0,12.1,88.0,1023.6,3.3,333.0,38.0
2000-02-04,0.0,-2.2,9.6,78.0,1036.0,4.0,273.0,41.0
2000-02-05,0.0,1.7,8.8,86.0,1033.6,2.8,325.0,59.0
2000-02-06,0.0,0.3,11.2,84.0,1029.6,2.8,334.0,19.0
2000-02-07,0.0,3.1,7.7,90.0,1024.0,2.8,50.0,67.0
2000-02-08,1.1,3.7,7.1,94.0,1020.1,2.8,129.0,95.0
2000-02-09,3.4,4.3,10.7,80.0,1015.9,3.1,31.0,73.0
2000-02-10,0.0,-3.7,10.5,57.0,1025.2,4.2,316.0,4.0
2000-02-11,0.0,-0.1,9.2,67.0,1023.8,2.9,357.0,94.0
2000-02-12,0.0,3.8,9.0,60.0,1024.6,3.3,339.0,71.0
2000-02-13,0.0,-0.1,10.0,74.0,1022.2,3.6,241.0,15.0
2000-02-14,0.0,2.3,10.3,74.0,1019.3,3.4,18.0,9.0
2000-02-15,0.0,2.5,9.1,74.0,1019.4,3.7,36.0,47.0
2000-02-16,2.7,2.6,6.8,85.0,1009.4,3.5,58.0,93.0
2000-02-17,0.8,0.4,7.9,75.0,1005.1,4.2,305.0,82.0
2000-02-18,0.0,-2.4,7.7,57.0,1012.8,5.4,347.0,40.0
2000-02-19,0.0,0.1,8.4,65.0,1008.3,5.2,41.0,36.0
2000-02-20,0.0,-1.5,12.1,58.0,1013.0,3.9,341.0,51.0
2000-02-21,2.2,-2.4,7.7,65.0,1023.8,4.3,294.0,29.0
2000-02-22,1.8,1.5,3.7,72.0,1026.9,3.4,103.0,83.0
2000-02-23,0.0,0.8,6.9,73.0,1025.9,3.0,179.0,57.0
2000-02-24,0.0,2.5,7.3,69.0,1029.1,3.0,201.0,52.0
2000-02-25,0.0,1.6,8.5,73.0,1027.7,4.3,123.0,35.0
2000-02-26,0.0,1.9,10.9,75.0,1030.2,3.7,92.0,33.0
2000-02-27,0.0,1.5,11.6,77.0,1031.5,3.4,316.0,38.0
2000-02-28,0.0,1.7,11.7,77.0,1032.3,4.8,226.0,31.0
2000-02-29,2.2,1.7,8.5,90.0,1027.1,4.3,157.0,78.0
2000-03-01,13.2,5.1,7.6,95.0,1009.6,4.2,70.0,100.0
2000-03-02,0.0,3.3,12.6,55.0,1011.7,5.7,353.0,46.0
2000-03-03,0.0,0.4,9.7,61.0,1020.4,4.8,46.0,49.0
2000-03-04,0.3,0.3,10.1,77.0,1014.1,5.3,32.0,52.0
2000-03-05,0.0,0.3,8.7,52.0,1025.7,6.7,350.0,21.0
2000-03-06,0.0,3.1,9.5,62.0,1033.7,4.8,200.0,49.0
2000-03-07,0.0,1.4,10.3,74.0,1029.0,4.2,110.0,24.0
2000-03-08,0.0,2.6,11.8,80.0,1026.0,4.4,109.0,24.0
2000-03-09,0.0,4.7,13.9,84.0,1021.0,4.1,109.0,49.0
2000-03-10,0.5,7.3,15.0,81.0,1018.3,3.1,300.0,25.0
2000-03-11,0.6,5.9,11.8,87.0,1018.3,3.6,144.0,77.0
2000-03-12,0.3,7.5,15.4,81.0,1019.8,3.4,206.0,51.0
2000-03-13,0.0,2.2,14.7,80.0,1024.2,4.3,181.0,37.0
2000-03-14,0.2,4.9,13.8,82.0,1022.6,4.1,189.0,54.0
2000-03-15,3.3,5.6,15.0,74.0,1016.4,3.6,66.0,49.0
2000-03-16,1.0,2.6,15.6,55.0,1019.3,4.2,260.0,13.0
2000-03-17,6.1,5.6,11.9,79.0,1017.0,4.3,187.0,54.0
2000-03-18,7.4,4.5,8.1,85.0,1018.1,4.2,186.0,74.0
2000-03-19,7.3,4.1,9.6,83.0,1022.4,3.7,125.0,78.0
2000-03-20,4.1,1.0,9.4,80.0,1024.6,4.7,211.0,60.0
2000-03-21,0.0,3.8,12.2,66.0,1022.0,3.7,197.0,26.0
2000-03-22,0.0,3.1,13.2,71.0,1021.6,3.9,177.0,3.0
2000-03-23,0.0,2.5,14.4,74.0,1019.0,4.3,159.0,36.0
2000-03-24,0.3,4.4,13.6,81.0,1016.5,4.7,138.0,98.0
2000-03-25,4.0,7.8,13.7,89.0,1017.8,3.3,95.0,86.0
2000-03-26,16.8,7.4,12.8,92.0,1013.9,3.9,76.0,99.0
2000-03-27,20.7,6.4,9.9,92.0,1004.9,4.9,60.0,99.0
2000-03-28,6.3,5.0,11.8,80.0,1009.7,4.1,87.0,93.0
2000-03-29,53.3,6.2,9.2,90.0,1008.1,7.0,25.0,94.0
2000-03-30,0.4,4.5,12.9,75.0,1008.8,5.8,223.0,62.0
2000-03-31,0.5,1.2,12.7,74.0,1009.9,4.8,114.0,47.0
2000-04-01,7.9,6.8,10.9,84.0,1005.0,4.2,62.0,86.0
2000-04-02,2.1,1.8,12.3,88.0,1009.8,4.3,83.0,81.0
2000-04-03,19.5,5.0,10.8,91.0,1005.4,5.6,33.0,100.0
2000-04-04,2.0,8.2,15.1,80.0,1000.3,3.6,183.0,94.0
2000-04-05,1.0,2.9,17.6,77.0,997.8,4.2,25.0,69.0
2000-04-06,4.8,6.1,16.0,80.0,1011.4,4.2,355.0,83.0
2000-04-07,1.4,5.7,13.8,67.0,1023.2,5.1,253.0,27.0
2000-04-08,0.0,2.5,14.8,68.0,1021.9,5.0,187.0,17.0
2000-04-09,0.9,5.0,13.1,73.0,1017.0,5.3,66.0,89.0
2000-04-10,3.6,6.5,10.2,82.0,1011.5,3.6,44.0,97.0
2000-04-11,1.0,7.1,12.8,80.0,1003.6,4.1,151.0,94.0
2000-04-12,9.9,7.1,14.9,87.0,999.3,4.6,175.0,79.0
2000-04-13,3.3,6.8,15.4,80.0,1005.1,5.4,177.0,52.0
2000-04-14,4.5,6.7,16.1,87.0,1008.3,4.1,100.0,76.0
2000-04-15,13.3,9.1,15.6,90.0,1005.1,3.9,88.0,93.0
2000-04-16,0.4,8.8,16.4,78.0,1008.5,4.1,88.0,84.0
2000-04-17,0.4,8.2,19.6,72.0,1006.6,4.7,32.0,74.0
2000-04-18,8.9,7.2,20.8,78.0,1005.0,6.1,6.0,85.0
2000-04-19,0.8,9.2,21.3,73.0,1005.3,4.6,360.0,72.0
2000-04-20,0.0,9.1,24.1,60.0,1010.9,5.0,341.0,14.0
2000-04-21,0.0,8.9,24.7,65.0,1014.8,4.5,302.0,9.0
2000-04-22,0.0,9.4,24.4,68.0,1016.3,4.4,263.0,29.0
2000-04-23,0.0,9.4,23.8,75.0,1013.0,5.4,111.0,40.0
2000-04-24,13.0,12.7,16.2,86.0,1008.7,3.7,50.0,99.0
2000-04-25,0.0,7.3,19.8,79.0,1012.1,4.5,223.0,35.0
2000-04-26,0.0,9.5,20.7,82.0,1014.3,4.8,161.0,48.0
2000-04-27,0.0,11.5,21.7,79.0,1014.9,4.0,119.0,89.0
2000-04-28,0.9,9.9,21.9,75.0,1013.0,4.7,63.0,73.0
2000-04-29,1.6,13.1,21.2,71.0,1015.1,4.9,25.0,98.0
2000-04-30,0.7,10.5,23.3,66.0,1018.2,3.5,330.0,63.0
2000-05-01,2.7,10.1,23.6,70.0,1014.9,4.6,357.0,54.0
2000-05-02,2.3,11.6,23.4,72.0,1014.6,4.1,10.0,52.0
2000-05-03,1.6,11.6,22.7,69.0,1017.5,4.0,332.0,65.0
2000-05-04,2.2,11.1,21.9,72.0,1017.7,4.3,291.0,61.0
2000-05-05,5.9,11.6,21.2,79.0,1016.5,3.8,360.0,75.0
2000-05-06,2.6,10.7,21.6,76.0,1017.1,3.4,186.0,76.0
2000-05-07,11.2,11.9,20.6,84.0,1019.6,3.5,86.0,93.0
2000-05-08,7.5,13.8,18.5,89.0,1020.4,4.5,60.0,96.0
2000-05-09,0.5,12.3,20.8,85.0,1021.2,4.1,162.0,74.0
2000-05-10,1.1,14.7,22.1,84.0,1019.8,3.5,186.0,69.0
2000-05-11,0.1,13.8,22.7,85.0,1018.1,4.8,190.0,83.0
2000-05-12,3.7,15.6,22.6,87.0,1017.5,4.3,359.0,71.0
2000-05-13,7.6,12.1,22.3,81.0,1019.3,4.5,47.0,65.0
2000-05-14,0.0,10.8,22.9,69.0,1021.4,4.6,68.0,21.0
2000-05-15,0.3,10.3,23.8,65.0,1021.8,4.3,43.0,19.0
2000-05-16,0.9,11.1,25.2,69.0,1019.5,3.8,245.0,39.0
2000-05-17,1.9,12.3,25.0,72.0,1015.6,4.9,180.0,31.0
2000-05-18,2.2,12.3,23.8,71.0,1010.0,5.8,205.0,39.0
2000-05-19,6.7,13.4,20.0,72.0,1007.2,4.9,52.0,49.0
2000-05-20,2.9,10.8,16.5,68.0,1008.9,5.6,55.0,56.0
2000-05-21,0.0,8.6,17.6,65.0,1012.6,3.5,223.0,69.0
2000-05-22,2.7,12.1,18.7,70.0,1011.7,4.1,78.0,55.0
2000-05-23,0.0,10.5,21.4,62.0,1018.4,5.0,42.0,37.0
2000-05-24,0.0,10.8,22.7,66.0,1018.5,4.5,195.0,31.0
2000-05-25,0.0,10.9,24.1,66.0,1016.6,5.1,198.0,29.0
2000-05-26,0.0,11.7,24.9,65.0,1017.6,4.5,169.0,25.0
2000-05-27,4.3,13.5,23.9,73.0,1015.5,4.2,87.0,39.0
2000-05-28,10.3,14.6,22.2,83.0,1013.3,3.8,135.0,70.0
2000-05-29,15.7,14.0,22.9,83.0,1009.9,5.2,120.0,78.0
2000-05-30,0.0,13.3,18.7,62.0,1017.0,3.8,152.0,80.0
2000-05-31,2.0,11.9,21.8,65.0,1014.4,2.7,150.0,63.0
2000-06-01,3.5,11.5,21.1,74.0,1023.3,4.4,232.0,52.0
2000-06-02,0.0,12.3,24.5,70.0,1023.4,4.0,157.0,20.0
2000-06-03,1.9,13.4,26.5,70.0,1020.4,3.6,171.0,26.0
2000-06-04,1.9,14.6,26.8,73.0,1019.1,3.6,199.0,46.0
2000-06-05,0.3,15.1,27.0,70.0,1017.7,4.3,219.0,30.0
2000-06-06,7.3,14.9,26.7,71.0,1013.5,4.0,330.0,52.0
2000-06-07,4.8,17.0,23.9,71.0,1015.9,5.2,47.0,72.0
2000-06-08,0.5,16.6,24.4,60.0,1020.8,3.5,69.0,49.0
2000-06-09,0.0,13.0,26.8,66.0,1018.9,4.4,198.0,6.0
2000-06-10,0.0,14.3,28.1,68.0,1016.4,3.7,79.0,15.0
2000-06-11,5.4,16.2,24.3,78.0,1016.5,4.3,27.0,60.0
2000-06-12,1.2,15.3,29.3,67.0,1020.5,5.5,33.0,43.0
2000-06-13,8.7,17.1,27.6,75.0,1023.3,5.4,359.0,70.0
2000-06-14,0.4,16.3,28.4,66.0,1021.0,4.2,246.0,32.0
2000-06-15,3.6,15.9,26.9,70.0,1018.2,3.1,338.0,49.0
2000-06-16,0.6,15.3,25.2,69.0,1017.5,4.9,28.0,29.0
2000-06-17,2.6,16.5,21.9,66.0,1023.3,4.4,173.0,45.0
2000-06-18,0.4,16.7,23.5,61.0,1028.4,4.6,185.0,43.0
2000-06-19,0.0,14.1,26.3,62.0,1024.7,4.2,183.0,8.0
2000-06-20,0.9,14.7,28.3,68.0,1020.4,4.0,164.0,27.0
2000-06-21,0.6,15.5,30.5,68.0,1017.8,4.7,170.0,25.0
2000-06-22,0.1,15.7,30.6,62.0,1017.4,5.4,182.0,8.0
2000-06-23,1.5,17.4,28.9,58.0,1015.5,6.0,108.0,18.0
2000-06-24,7.8,17.1,23.9,73.0,1013.5,5.1,73.0,73.0
2000-06-25,10.2,15.5,20.2,68.0,1012.1,4.9,63.0,62.0
2000-06-26,1.4,11.5,22.1,70.0,1017.1,4.3,264.0,41.0
2000-06-27,0.1,13.9,22.7,71.0,1018.0,4.9,159.0,52.0
2000-06-28,16.6,15.2,23.0,81.0,1014.0,3.3,45.0,80.0
2000-06-29,1.9,12.4,24.3,73.0,1014.2,3.8,312.0,67.0
2000-06-30,5.9,13.2,24.1,75.0,1014.9,4.0,356.0,49.0
2000-07-01,2.3,15.7,25.0,74.0,1014.7,3.7,286.0,68.0
2000-07-02,0.2,17.1,27.9,75.0,1016.3,4.6,199.0,68.0
2000-07-03,0.0,18.3,28.2,77.0,1013.9,5.1,117.0,60.0
2000-07-04,3.5,18.6,28.8,71.0,1009.2,6.1,61.0,48.0
2000-07-05,3.9,17.7,27.0,72.0,1012.1,4.2,8.0,35.0
2000-07-06,0.0,18.1,28.3,65.0,1017.2,4.6,36.0,27.0
2000-07-07,0.9,17.5,29.5,66.0,1012.4,4.4,155.0,38.0
2000-07-08,10.7,17.4,26.1,69.0,1005.5,5.8,24.0,71.0
2000-07-09,2.5,13.6,21.7,70.0,1009.3,6.3,201.0,48.0
2000-07-10,3.5,14.7,23.5,71.0,1005.2,5.3,171.0,58.0
2000-07-11,41.9,14.7,21.9,87.0,999.9,4.3,108.0,80.0
2000-07-12,5.0,12.4,20.2,73.0,1008.2,4.5,331.0,65.0
2000-07-13,1.8,10.6,20.6,71.0,1013.7,4.9,248.0,45.0
2000-07-14,5.2,13.6,19.9,80.0,1008.7,3.4,69.0,90.0
2000-07-15,6.9,13.1,19.2,82.0,1004.1,4.3,290.0,77.0
2000-07-16,3.0,11.5,20.1,73.0,1009.4,4.0,265.0,71.0
2000-07-17,1.7,9.4,21.1,74.0,1016.2,4.8,249.0,25.0
2000-07-18,2.1,12.4,22.1,76.0,1016.8,4.0,212.0,29.0
2000-07-19,4.9,14.5,22.9,80.0,1015.2,3.7,289.0,47.0
2000-07-20,0.1,12.2,23.1,68.0,1016.3,4.3,265.0,52.0
2000-07-21,0.8,14.1,22.5,74.0,1018.6,4.2,248.0,42.0
2000-07-22,2.4,14.9,23.9,75.0,1017.4,4.1,202.0,53.0
2000-07-23,0.1,14.9,25.6,74.0,1016.2,5.1,179.0,85.0
2000-07-24,2.6,17.2,24.6,79.0,1013.2,3.9,147.0,94.0
2000-07-25,1.8,16.8,25.1,77.0,1009.8,5.1,181.0,57.0
2000-07-26,2.6,15.7,27.9,73.0,1010.0,5.8,225.0,36.0
2000-07-27,0.0,15.7,27.9,62.0,1014.9,3.7,23.0,34.0
2000-07-28,10.4,16.1,24.7,74.0,1011.5,2.8,334.0,49.0
2000-07-29,1.6,12.6,25.1,73.0,1013.3,4.3,313.0,28.0
2000-07-30,2.0,13.4,24.8,69.0,1017.8,4.2,319.0,30.0
2000-07-31,0.0,13.2,24.8,68.0,1022.8,4.8,241.0,24.0
2000-08-01,0.0,15.7,26.3,67.0,1023.0,4.3,205.0,34.0
2000-08-02,1.7,15.7,27.8,70.0,1020.5,4.4,212.0,37.0
2000-08-03,6.2,16.7,27.0,72.0,1018.1,4.6,76.0,53.0
2000-08-04,10.9,17.1,24.0,79.0,1017.6,3.7,28.0,86.0
2000-08-05,10.5,17.1,23.9,76.0,1016.5,5.5,29.0,87.0
2000-08-06,10.3,16.4,22.2,77.0,1015.9,3.1,25.0,72.0
2000-08-07,0.9,14.1,24.8,72.0,1017.1,3.5,299.0,28.0
2000-08-08,1.3,14.6,25.1,74.0,1019.0,3.7,295.0,44.0
2000-08-09,3.5,16.3,25.6,76.0,1019.7,3.2,333.0,80.0
2000-08-10,0.0,14.9,27.0,68.0,1018.6,3.5,305.0,25.0
2000-08-11,0.8,16.0,28.2,70.0,1015.6,3.1,310.0,33.0
2000-08-12,2.7,16.8,28.1,74.0,1014.1,3.7,317.0,67.0
2000-08-13,2.0,17.4,29.2,68.0,1017.2,4.0,331.0,47.0
2000-08-14,2.5,16.3,30.4,67.0,1018.8,2.9,339.0,35.0
2000-08-15,0.0,17.7,30.3,64.0,1019.3,4.0,327.0,17.0
2000-08-16,0.5,17.8,30.7,63.0,1017.2,3.7,295.0,31.0
2000-08-17,0.3,18.3,31.3,63.0,1015.8,4.5,306.0,29.0
2000-08-18,0.7,18.3,31.6,63.0,1016.6,4.0,322.0,30.0
2000-08-19,0.5,18.9,32.0,65.0,1017.6,5.1,294.0,19.0
2000-08-20,0.0,18.0,32.1,65.0,1016.7,4.7,207.0,5.0
2000-08-21,0.9,18.5,32.4,66.0,1014.7,4.7,156.0,4.0
2000-08-22,0.0,18.9,32.4,61.0,1013.6,5.6,80.0,6.0
2000-08-23,0.0,18.8,31.3,58.0,1016.6,4.9,348.0,13.0
2000-08-24,0.4,19.9,30.2,56.0,1019.3,4.1,61.0,17.0
2000-08-25,0.0,18.5,32.1,57.0,1016.3,4.1,238.0,6.0
2000-08-26,0.0,20.4,28.2,52.0,1015.3,4.8,101.0,5.0
2000-08-27,0.0,16.7,27.6,51.0,1014.5,5.2,76.0,34.0
2000-08-28,3.8,19.1,25.2,50.0,1017.2,4.1,47.0,65.0
2000-08-29,2.0,16.4,25.9,58.0,1019.5,3.2,288.0,71.0
2000-08-30,3.5,15.2,27.3,65.0,1016.5,4.6,239.0,63.0
2000-08-31,10.8,16.1,21.9,86.0,1009.9,3.1,30.0,95.0
2000-09-01,0.0,14.3,25.4,74.0,1006.6,4.5,246.0,43.0
2000-09-02,14.5,15.3,23.5,81.0,1007.0,4.7,30.0,54.0
2000-09-03,1.8,11.6,23.0,69.0,1008.9,3.7,349.0,45.0
2000-09-04,2.0,13.2,21.6,65.0,1013.0,5.6,0.0,64.0
2000-09-05,0.2,9.4,20.5,65.0,1018.2,4.3,279.0,21.0
2000-09-06,0.0,13.0,19.6,71.0,1017.9,4.1,234.0,80.0
2000-09-07,3.6,13.4,21.7,76.0,1010.8,3.6,23.0,64.0
2000-09-08,0.0,9.1,22.9,64.0,1019.9,4.4,293.0,23.0
2000-09-09,0.0,11.7,23.4,64.0,1024.7,4.1,74.0,37.0
2000-09-10,0.0,10.8,25.4,65.0,1021.7,4.1,49.0,9.0
2000-09-11,0.0,12.1,25.5,62.0,1016.7,4.1,347.0,36.0
2000-09-12,0.2,12.5,26.5,62.0,1015.5,4.0,240.0,23.0
2000-09-13,0.0,12.6,25.6,64.0,1014.4,4.5,193.0,75.0
2000-09-14,0.0,14.4,25.6,69.0,1016.0,3.9,298.0,50.0
2000-09-15,1.0,15.3,25.7,76.0,1016.5,3.4,212.0,59.0
2000-09-16,17.2,17.6,23.3,85.0,1012.7,3.0,228.0,92.0
2000-09-17,0.1,13.0,22.1,74.0,1008.8,4.1,53.0,55.0
2000-09-18,1.8,15.5,22.0,73.0,1009.1,3.1,24.0,74.0
2000-09-19,4.4,14.8,20.4,85.0,1009.6,3.5,180.0,70.0
2000-09-20,22.1,14.6,23.1,88.0,1009.3,5.3,20.0,85.0
2000-09-21,48.5,15.9,19.2,83.0,1008.2,4.5,157.0,92.0
2000-09-22,0.0,12.4,21.4,69.0,1018.5,4.4,319.0,38.0
2000-09-23,4.8,14.6,17.4,82.0,1021.9,3.4,42.0,69.0
2000-09-24,0.3,14.0,18.3,74.0,1022.3,2.8,155.0,78.0
2000-09-25,0.0,13.8,20.3,72.0,1022.5,3.3,197.0,36.0
2000-09-26,0.0,11.4,21.8,79.0,1023.2,3.5,210.0,61.0
2000-09-27,0.0,11.9,22.8,77.0,1021.2,3.7,286.0,28.0
2000-09-28,0.0,13.5,20.6,82.0,1017.6,4.2,154.0,83.0
2000-09-29,14.1,14.3,18.7,92.0,1012.7,3.4,61.0,96.0
2000-09-30,56.5,14.7,17.2,92.0,1009.4,7.3,46.0,100.0
2000-10-01,52.9,14.3,18.8,90.0,1007.1,4.9,19.0,90.0
2000-10-02,2.6,11.2,18.2,86.0,1008.6,3.7,41.0,96.0
2000-10-03,6.4,11.5,16.6,81.0,1014.1,6.9,347.0,89.0
2000-10-04,0.2,12.2,23.3,76.0,1018.0,4.8,353.0,97.0
2000-10-05,0.0,11.3,21.6,75.0,1016.1,4.0,24.0,78.0
2000-10-06,9.0,11.8,19.1,83.0,1014.5,4.4,12.0,88.0
2000-10-07,36.8,9.5,12.5,83.0,1015.5,8.1,342.0,100.0
2000-10-08,12.4,9.0,14.2,81.0,1015.0,7.0,338.0,96.0
2000-10-09,5.1,10.7,16.2,83.0,1011.7,3.8,356.0,83.0
2000-10-10,12.2,7.1,12.6,88.0,1005.7,3.5,12.0,89.0
2000-10-11,14.1,10.9,14.5,89.0,1002.3,3.3,69.0,99.0
2000-10-12,49.3,12.7,19.6,92.0,1005.6,3.8,91.0,94.0
2000-10-13,10.2,14.7,19.4,91.0,1014.4,4.8,36.0,93.0
2000-10-14,0.1,15.1,23.8,76.0,1017.2,5.5,30.0,85.0
2000-10-15,17.1,13.5,23.5,76.0,1013.8,6.9,56.0,89.0
2000-10-16,0.9,11.5,17.7,87.0,1018.7,3.5,72.0,78.0
2000-10-17,0.9,11.3,16.8,84.0,1022.2,3.2,6.0,86.0
2000-10-18,0.4,8.1,18.6,79.0,1022.9,2.8,310.0,57.0
2000-10-19,1.7,12.0,17.0,82.0,1021.6,2.4,6.0,92.0
2000-10-20,0.1,12.3,17.5,80.0,1025.0,3.5,46.0,87.0
2000-10-21,0.0,9.4,15.9,77.0,1028.6,3.3,40.0,59.0
2000-10-22,0.0,7.6,17.0,79.0,1030.8,2.7,331.0,25.0
2000-10-23,0.0,6.0,16.8,86.0,1029.1,2.7,238.0,8.0
2000-10-24,0.0,7.2,14.1,93.0,1025.6,2.3,123.0,67.0
2000-10-25,3.0,10.7,14.3,94.0,1022.1,2.7,156.0,95.0
2000-10-26,3.5,11.6,15.3,91.0,1017.8,2.6,133.0,78.0
2000-10-27,0.2,10.9,16.4,86.0,1017.8,2.9,49.0,71.0
2000-10-28,0.0,9.7,16.2,83.0,1022.8,2.9,279.0,52.0
2000-10-29,2.7,7.0,13.4,94.0,1021.3,2.9,137.0,82.0
2000-10-30,4.4,10.8,14.8,93.0,1017.2,2.5,203.0,91.0
2000-10-31,21.7,11.4,17.3,94.0,1007.6,3.6,145.0,95.0
2000-11-01,13.4,9.5,15.4,85.0,1008.2,3.4,64.0,67.0
2000-11-02,3.9,6.3,14.3,86.0,1013.0,4.4,0.0,76.0
2000-11-03,61.3,10.5,13.1,94.0,1007.7,3.9,56.0,100.0
2000-11-04,11.4,8.2,13.3,94.0,1008.2,2.8,141.0,68.0
2000-11-05,0.0,3.2,12.5,82.0,1016.6,3.7,27.0,37.0
2000-11-06,59.4,5.1,13.3,92.0,1004.1,7.2,85.0,91.0
2000-11-07,14.1,8.1,13.1,90.0,993.5,4.5,188.0,87.0
2000-11-08,4.4,5.9,12.4,89.0,1003.6,3.2,88.0,80.0
2000-11-09,1.0,4.8,11.5,85.0,1013.8,2.6,53.0,77.0
2000-11-10,0.0,2.0,10.7,87.0,1021.3,3.5,360.0,36.0
2000-11-11,0.1,0.9,10.4,87.0,1027.7,2.8,318.0,54.0
2000-11-12,0.0,2.9,9.2,88.0,1025.6,2.0,153.0,81.0
2000-11-13,17.1,6.2,12.5,88.0,1015.7,2.7,5.0,99.0
2000-11-14,34.3,10.3,15.1,96.0,1010.2,2.7,94.0,97.0
2000-11-15,7.3,7.0,14.8,90.0,1016.1,3.1,349.0,92.0
2000-11-16,16.9,9.8,13.1,88.0,1015.6,3.7,9.0,97.0
2000-11-17,25.9,11.3,13.9,91.0,1009.3,6.9,33.0,96.0
2000-11-18,11.5,7.3,11.5,88.0,1011.1,6.4,28.0,90.0
2000-11-19,0.0,2.1,12.0,79.0,1009.9,3.5,340.0,67.0
2000-11-20,7.6,3.0,8.6,89.0,1009.3,4.4,22.0,97.0
2000-11-21,25.9,6.7,11.4,91.0,1008.7,5.4,20.0,95.0
2000-11-22,0.0,3.2,11.4,90.0,1017.1,3.1,332.0,92.0
2000-11-23,0.0,3.3,10.4,90.0,1017.6,3.6,15.0,99.0
2000-11-24,38.4,8.2,10.3,88.0,1011.2,5.9,13.0,100.0
2000-11-25,17.1,6.0,11.4,90.0,1008.3,3.4,360.0,81.0
2000-11-26,0.4,4.7,9.7,90.0,1007.2,3.7,5.0,87.0
2000-11-27,0.0,0.4,12.6,76.0,1016.0,3.6,339.0,35.0
2000-11-28,0.0,0.2,10.6,74.0,1023.9,2.4,351.0,59.0
2000-11-29,0.0,1.4,10.2,75.0,1022.3,2.0,314.0,44.0
2000-11-30,0.0,2.7,9.2,75.0,1022.4,1.9,4.0,95.0
2000-12-01,0.0,2.6,9.4,82.0,1024.7,2.1,317.0,3.0
2000-12-02,0.0,0.5,9.4,87.0,1024.4,2.0,333.0,82.0
2000-12-03,0.1,5.5,11.1,88.0,1021.9,3.6,353.0,94.0
2000-12-04,0.3,5.8,13.0,91.0,1022.4,3.1,334.0,75.0
2000-12-05,1.1,6.2,11.4,95.0,1023.5,2.6,335.0,86.0
2000-12-06,2.3,6.5,9.3,94.0,1023.4,2.0,110.0,88.0
2000-12-07,1.8,6.4,9.3,95.0,1023.0,1.7,140.0,98.0
2000-12-08,2.0,7.1,11.6,93.0,1019.4,2.1,23.0,98.0
2000-12-09,8.9,9.4,12.8,97.0,1019.5,2.4,358.0,100.0
2000-12-10,0.0,8.2,11.7,92.0,1021.9,3.2,12.0,83.0
2000-12-11,0.0,3.1,11.5,92.0,1027.5,2.7,327.0,75.0
2000-12-12,0.0,5.6,9.1,88.0,1029.3,2.0,180.0,92.0
2000-12-13,0.0,4.7,8.5,94.0,1024.1,2.0,100.0,97.0
2000-12-14,2.4,2.9,8.5,92.0,1017.0,2.2,61.0,97.0
2000-12-15,2.4,6.2,9.4,92.0,1005.5,2.8,55.0,92.0
2000-12-16,0.4,-0.9,8.7,86.0,1010.4,4.3,306.0,29.0
2000-12-17,0.9,1.3,7.7,88.0,1015.2,3.1,7.0,75.0
2000-12-18,0.0,-2.9,9.1,78.0,1020.1,3.4,330.0,41.0
2000-12-19,0.0,-0.0,7.6,76.0,1020.8,2.6,19.0,27.0
2000-12-20,0.0,2.1,6.3,70.0,1024.7,4.4,43.0,65.0
2000-12-21,0.0,0.4,4.2,63.0,1026.0,2.6,102.0,20.0
2000-12-22,0.0,-0.5,3.3,66.0,1024.1,2.3,120.0,0.0
2000-12-23,0.0,-1.1,3.2,71.0,1021.0,2.1,195.0,0.0
2000-12-24,0.3,-2.9,2.5,79.0,1016.3,2.7,37.0,34.0
2000-12-25,12.9,0.6,6.5,87.0,1003.1,3.8,357.0,100.0
2000-12-26,8.3,3.1,7.7,89.0,996.7,3.3,10.0,83.0
2000-12-27,3.1,1.9,8.9,85.0,994.7,4.9,355.0,89.0
2000-12-28,3.3,3.1,9.3,90.0,992.4,4.0,336.0,90.0
2000-12-29,2.4,0.3,7.6,87.0,997.3,5.4,12.0,95.0
2000-12-30,4.1,-1.4,7.4,84.0,998.8,4.1,338.0,60.0
2000-12-31,0.0,-2.9,7.0,69.0,1012.6,4.8,350.0,52.0
2001-01-01,0.0,-3.7,4.4,66.0,1017.6,2.4,72.0,39.0
2001-01-02,3.5,-2.4,3.7,77.0,1015.2,2.9,28.0,73.0
2001-01-03,7.8,2.7,9.2,87.0,1012.1,3.2,353.0,72.0
2001-01-04,3.4,2.5,6.6,89.0,1014.5,2.3,349.0,95.0
2001-01-05,0.1,-0.1,6.7,90.0,1013.9,3.1,289.0,82.0
2001-01-06,9.5,3.7,7.6,92.0,1011.3,3.6,19.0,100.0
2001-01-07,23.9,7.0,10.9,97.0,1012.1,3.0,33.0,100.0
2001-01-08,23.5,7.1,10.1,95.0,1007.2,2.4,31.0,100.0
2001-01-09,1.2,2.3,10.3,81.0,1012.8,4.7,304.0,66.0
2001-01-10,0.6,1.8,8.0,88.0,1020.2,3.2,13.0,93.0
2001-01-11,0.0,3.6,8.9,89.0,1020.5,2.4,25.0,98.0
2001-01-12,0.3,4.8,9.7,87.0,1020.1,3.1,54.0,98.0
2001-01-13,0.0,0.6,5.6,69.0,1024.2,4.0,124.0,70.0
2001-01-14,0.0,-2.3,3.9,53.0,1028.0,3.3,86.0,3.0
2001-01-15,0.0,-1.5,3.7,50.0,1027.4,1.5,112.0,6.0
2001-01-16,0.0,-1.1,2.9,54.0,1027.2,1.9,155.0,13.0
2001-01-17,0.2,-1.3,3.6,58.0,1026.0,2.5,44.0,65.0
2001-01-18,12.3,0.3,4.8,88.0,1022.9,4.7,16.0,99.0
2001-01-19,0.0,-0.9,7.4,83.0,1024.4,3.6,359.0,82.0
2001-01-20,0.1,0.0,8.5,80.0,1023.7,3.6,1.0,95.0
2001-01-21,0.2,0.6,7.3,81.0,1024.3,2.6,353.0,69.0
2001-01-22,2.1,1.9,4.3,89.0,1023.8,2.1,89.0,95.0
2001-01-23,2.2,1.8,6.6,89.0,1017.8,2.6,47.0,88.0
2001-01-24,10.5,3.8,6.9,88.0,1016.7,2.7,14.0,97.0
2001-01-25,21.4,6.2,9.6,91.0,1012.2,3.9,14.0,98.0
2001-01-26,2.9,5.0,9.6,93.0,1010.3,2.6,315.0,87.0
2001-01-27,5.3,2.5,6.0,96.0,1007.0,2.6,20.0,92.0
2001-01-28,0.0,0.7,8.6,80.0,1006.0,3.4,7.0,80.0
2001-01-29,0.1,-1.6,11.6,72.0,1006.4,5.0,9.0,86.0
2001-01-30,9.1,3.2,5.4,85.0,1009.5,6.9,344.0,100.0
2001-01-31,0.0,-1.2,7.9,74.0,1013.1,3.8,339.0,63.0
2001-02-01,0.0,-5.8,6.7,58.0,1016.5,5.4,346.0,17.0
2001-02-02,0.0,-5.3,5.9,56.0,1018.9,4.6,312.0,9.0
2001-02-03,0.0,-3.7,4.2,63.0,1015.6,3.6,45.0,40.0
2001-02-04,0.0,-2.7,5.1,76.0,1014.8,3.2,27.0,61.0
2001-02-05,0.5,0.2,8.0,88.0,1013.5,2.8,30.0,88.0
2001-02-06,0.7,2.2,8.2,91.0,1020.5,2.3,42.0,98.0
2001-02-07,2.6,5.5,9.7,92.0,1021.9,2.6,113.0,95.0
2001-02-08,4.8,5.6,11.4,92.0,1015.3,3.5,50.0,98.0
2001-02-09,4.7,4.1,12.1,91.0,1014.2,4.4,28.0,72.0
2001-02-10,0.0,0.7,11.7,84.0,1025.6,4.0,346.0,60.0
2001-02-11,0.0,-0.9,13.3,78.0,1036.3,4.0,328.0,6.0
2001-02-12,0.0,-0.6,13.9,72.0,1032.6,2.4,319.0,52.0
2001-02-13,0.0,1.8,15.4,70.0,1021.0,2.4,343.0,94.0
2001-02-14,0.0,3.4,12.2,68.0,1025.1,2.8,248.0,16.0
2001-02-15,0.0,3.9,11.9,69.0,1030.4,2.9,293.0,0.0
2001-02-16,0.0,3.1,11.6,74.0,1029.0,2.9,178.0,0.0
2001-02-17,0.0,2.5,12.7,75.0,1025.8,4.6,23.0,7.0
2001-02-18,0.0,1.8,12.9,73.0,1026.7,3.9,280.0,23.0
2001-02-19,0.0,0.1,11.1,72.0,1027.2,5.9,274.0,42.0
2001-02-20,0.9,0.5,10.5,74.0,1022.2,3.7,1.0,57.0
2001-02-21,0.0,0.1,11.5,68.0,1020.3,4.7,278.0,29.0
2001-02-22,1.9,1.3,11.9,74.0,1008.8,3.7,49.0,4.0
2001-02-23,3.2,3.7,11.4,80.0,998.9,5.1,31.0,41.0
2001-02-24,2.1,0.6,4.7,76.0,1001.5,5.5,99.0,93.0
2001-02-25,0.0,-3.6,6.0,59.0,1007.2,5.6,69.0,68.0
2001-02-26,0.0,-1.8,6.8,47.0,1005.3,4.8,2.0,71.0
2001-02-27,0.0,-3.5,5.3,59.0,1008.5,3.9,220.0,46.0
2001-02-28,9.0,-1.4,3.0,81.0,1003.5,6.4,29.0,95.0
2001-03-01,0.1,0.6,7.5,72.0,1000.8,4.4,220.0,57.0
2001-03-02,6.8,-2.1,6.8,82.0,1004.9,4.3,28.0,73.0
2001-03-03,10.0,2.1,7.0,91.0,997.5,3.3,11.0,95.0
2001-03-04,4.4,4.3,10.4,92.0,1002.6,2.7,35.0,99.0
2001-03-05,5.9,6.5,14.3,86.0,1008.2,4.4,31.0,90.0
2001-03-06,0.0,6.6,10.9,70.0,1021.6,4.5,105.0,75.0
2001-03-07,0.0,4.2,10.3,69.0,1021.7,3.0,128.0,91.0
2001-03-08,7.2,4.6,8.7,78.0,1017.3,3.6,57.0,99.0
2001-03-09,26.7,6.9,10.6,91.0,1009.6,5.0,41.0,99.0
2001-03-10,0.9,5.4,11.6,91.0,1013.4,3.3,181.0,94.0
2001-03-11,0.0,4.9,12.8,87.0,1016.2,4.3,243.0,90.0
2001-03-12,4.4,6.7,11.9,93.0,1015.4,3.3,145.0,97.0
2001-03-13,31.6,7.3,11.2,91.0,1005.6,3.6,27.0,86.0
2001-03-14,0.0,3.8,13.4,79.0,1008.4,4.3,340.0,46.0
2001-03-15,0.0,4.0,13.9,81.0,1013.8,3.9,155.0,70.0
2001-03-16,0.2,6.2,14.1,86.0,1016.0,4.4,167.0,77.0
2001-03-17,21.7,7.7,11.0,95.0,1007.7,4.1,32.0,98.0
2001-03-18,1.2,3.8,12.7,89.0,1006.3,4.1,127.0,79.0
2001-03-19,0.9,7.6,14.9,86.0,1007.3,4.1,171.0,79.0
2001-03-20,1.1,3.7,13.7,84.0,1011.1,4.7,76.0,69.0
2001-03-21,5.5,9.2,13.6,92.0,1007.5,2.8,123.0,99.0
2001-03-22,6.9,9.6,17.8,87.0,1001.0,3.9,45.0,66.0
2001-03-23,0.0,4.9,18.4,81.0,1007.8,4.4,74.0,64.0
2001-03-24,0.0,8.0,17.1,86.0,1007.2,4.2,86.0,76.0
2001-03-25,5.2,7.5,17.5,87.0,997.7,5.5,167.0,64.0
2001-03-26,11.6,5.2,15.9,87.0,1001.2,3.6,39.0,74.0
2001-03-27,11.2,7.2,11.3,85.0,1007.9,4.2,75.0,83.0
2001-03-28,2.3,5.4,10.9,80.0,1013.6,3.1,85.0,82.0
2001-03-29,11.3,6.3,12.9,88.0,1009.1,3.5,65.0,100.0
2001-03-30,26.0,9.1,14.1,84.0,1006.3,6.9,26.0,100.0
2001-03-31,0.0,6.0,17.5,67.0,1018.6,5.4,36.0,60.0
2001-04-01,0.0,3.1,16.8,68.0,1024.0,4.0,45.0,12.0
2001-04-02,0.0,4.0,16.6,66.0,1023.7,4.0,239.0,12.0
2001-04-03,0.0,3.4,17.3,74.0,1020.0,3.6,165.0,59.0
2001-04-04,0.6,5.9,14.7,81.0,1016.6,4.5,178.0,78.0
2001-04-05,13.1,6.6,11.4,85.0,1012.8,5.0,38.0,80.0
2001-04-06,0.0,3.7,14.8,73.0,1015.6,4.7,208.0,67.0
2001-04-07,20.7,5.9,11.8,84.0,1009.0,5.8,32.0,98.0
2001-04-08,11.1,7.7,13.7,79.0,1005.3,4.6,11.0,88.0
2001-04-09,1.5,3.2,16.3,72.0,1014.9,4.6,300.0,48.0
2001-04-10,1.5,4.4,14.9,75.0,1012.5,4.0,227.0,71.0
2001-04-11,11.0,7.9,12.5,86.0,1009.7,4.3,12.0,100.0
2001-04-12,0.3,7.3,16.0,80.0,1013.6,4.5,296.0,77.0
2001-04-13,19.9,3.4,10.2,86.0,1014.7,4.2,96.0,52.0
2001-04-14,3.7,2.3,10.2,48.0,1018.4,6.2,33.0,40.0
2001-04-15,0.0,1.8,11.2,55.0,1015.3,5.9,205.0,77.0
2001-04-16,6.2,4.6,11.8,77.0,1011.1,4.7,54.0,89.0
2001-04-17,3.9,2.7,14.6,76.0,1011.0,4.8,293.0,53.0
2001-04-18,4.6,2.1,12.6,85.0,1010.0,4.3,188.0,73.0
2001-04-19,16.0,6.2,13.7,87.0,1005.8,5.2,128.0,87.0
2001-04-20,18.6,6.1,14.0,87.0,1002.1,4.3,69.0,81.0
2001-04-21,8.9,6.4,12.5,78.0,997.9,5.2,41.0,79.0
2001-04-22,0.3,2.0,14.5,71.0,998.7,4.7,304.0,51.0
2001-04-23,0.0,2.7,16.2,65.0,1001.0,5.5,229.0,41.0
2001-04-24,0.0,3.4,16.9,74.0,1012.5,5.5,185.0,38.0
2001-04-25,0.0,6.6,17.0,82.0,1017.2,5.0,132.0,72.0
2001-04-26,2.9,10.2,15.4,77.0,1016.9,5.5,45.0,66.0
2001-04-27,0.0,4.2,17.8,64.0,1018.9,4.3,348.0,64.0
2001-04-28,0.0,4.6,18.8,72.0,1014.8,4.3,199.0,47.0
2001-04-29,0.0,9.2,19.4,74.0,1014.7,4.4,24.0,36.0
2001-04-30,0.0,7.2,22.0,67.0,1013.9,4.1,10.0,20.0
2001-05-01,0.0,7.9,23.3,64.0,1017.1,4.0,292.0,68.0
2001-05-02,0.0,8.4,25.0,60.0,1016.2,3.5,313.0,17.0
2001-05-03,2.4,10.9,22.2,66.0,1009.1,4.8,4.0,70.0
2001-05-04,9.8,9.6,19.9,80.0,1005.8,4.3,38.0,68.0
2001-05-05,2.3,12.2,19.8,76.0,1004.5,4.3,34.0,86.0
2001-05-06,8.1,8.8,22.3,76.0,1004.8,6.2,8.0,86.0
2001-05-07,2.5,10.9,21.8,76.0,1010.6,3.9,331.0,92.0
2001-05-08,10.3,10.6,20.7,82.0,1016.1,4.6,342.0,64.0
2001-05-09,1.9,10.3,22.4,70.0,1017.8,3.9,328.0,39.0
2001-05-10,2.3,11.2,21.4,72.0,1016.7,4.3,29.0,58.0
2001-05-11,1.9,9.9,21.9,68.0,1014.8,4.5,314.0,42.0
2001-05-12,0.6,10.5,21.2,73.0,1013.9,4.3,223.0,30.0
2001-05-13,1.8,12.8,19.0,75.0,1015.2,4.5,183.0,65.0
2001-05-14,0.3,11.2,19.0,73.0,1013.9,5.0,194.0,68.0
2001-05-15,4.0,11.5,19.4,81.0,1013.6,4.0,85.0,84.0
2001-05-16,1.6,10.4,19.8,81.0,1016.2,5.6,190.0,68.0
2001-05-17,6.4,11.9,20.9,87.0,1016.8,4.4,108.0,75.0
2001-05-18,13.0,14.8,21.2,87.0,1012.2,4.2,72.0,85.0
2001-05-19,0.0,7.6,20.3,61.0,1018.4,5.7,48.0,6.0
2001-05-20,0.0,9.8,21.8,65.0,1021.7,6.2,56.0,55.0
2001-05-21,2.8,11.7,18.3,79.0,1019.1,4.1,41.0,98.0
2001-05-22,1.6,13.8,21.8,78.0,1014.8,3.3,68.0,68.0
2001-05-23,0.8,15.4,22.0,70.0,1020.0,5.4,71.0,55.0
2001-05-24,0.0,10.9,23.2,67.0,1019.0,4.3,60.0,14.0
2001-05-25,2.8,11.8,24.2,72.0,1014.2,3.9,348.0,54.0
2001-05-26,0.0,12.2,24.4,67.0,1017.6,5.0,273.0,49.0
2001-05-27,0.3,14.1,25.1,72.0,1021.5,5.1,243.0,72.0
2001-05-28,0.0,15.4,27.0,73.0,1021.1,5.0,200.0,64.0
2001-05-29,0.0,15.9,28.4,75.0,1018.2,5.0,161.0,55.0
2001-05-30,1.0,17.6,28.1,75.0,1013.9,4.2,41.0,27.0
2001-05-31,12.9,16.4,23.9,84.0,1010.9,4.5,227.0,60.0
2001-06-01,8.7,13.5,21.2,78.0,1012.4,4.2,353.0,41.0
2001-06-02,2.1,13.4,19.3,68.0,1014.3,4.0,211.0,88.0
2001-06-03,8.8,9.4,16.7,79.0,1009.0,3.9,171.0,81.0
2001-06-04,0.0,8.0,20.8,61.0,1017.7,6.4,224.0,25.0
2001-06-05,0.0,9.4,20.9,67.0,1021.0,5.7,185.0,40.0
2001-06-06,10.4,11.4,18.2,83.0,1014.7,2.9,12.0,80.0
2001-06-07,0.1,8.7,21.9,75.0,1015.1,4.7,203.0,25.0
2001-06-08,0.6,12.9,22.9,76.0,1014.4,4.7,164.0,80.0
2001-06-09,2.5,14.1,22.6,75.0,1012.4,5.4,121.0,80.0
2001-06-10,9.0,15.3,23.0,75.0,1010.3,5.8,89.0,93.0
2001-06-11,11.5,14.9,20.9,75.0,1012.3,4.4,21.0,65.0
2001-06-12,0.0,8.4,20.9,61.0,1021.1,4.5,141.0,41.0
2001-06-13,0.9,12.0,23.0,61.0,1015.2,4.0,90.0,63.0
2001-06-14,2.3,12.2,22.8,67.0,1012.8,3.1,318.0,62.0
2001-06-15,0.4,12.2,23.7,72.0,1015.8,4.6,199.0,35.0
2001-06-16,5.6,14.0,25.5,70.0,1012.1,5.0,90.0,46.0
2001-06-17,8.5,14.7,23.0,71.0,1008.9,4.5,5.0,62.0
2001-06-18,4.8,13.7,21.0,76.0,1011.5,3.9,250.0,95.0
2001-06-19,3.5,10.4,24.4,66.0,1015.5,4.7,317.0,44.0
2001-06-20,0.0,9.8,23.4,63.0,1015.5,5.5,282.0,8.0
2001-06-21,0.0,13.7,25.0,67.0,1013.2,5.2,204.0,26.0
2001-06-22,1.3,13.9,24.8,70.0,1010.1,5.5,157.0,22.0
2001-06-23,0.1,15.9,23.9,73.0,1012.9,4.9,69.0,39.0
2001-06-24,0.5,15.2,26.2,73.0,1018.1,4.0,211.0,15.0
2001-06-25,0.7,16.5,27.1,72.0,1019.7,2.9,279.0,31.0
2001-06-26,0.2,17.9,27.6,67.0,1019.6,4.8,168.0,40.0
2001-06-27,1.8,15.8,28.6,63.0,1015.9,3.7,191.0,55.0
2001-06-28,3.5,16.9,28.5,62.0,1015.3,3.7,345.0,91.0
2001-06-29,2.3,19.0,27.7,65.0,1019.3,2.6,329.0,67.0
2001-06-30,1.7,18.3,27.6,67.0,1020.1,4.3,258.0,58.0
2001-07-01,8.3,17.2,28.1,67.0,1019.1,3.8,327.0,46.0
2001-07-02,0.6,14.8,25.5,68.0,1021.7,4.6,251.0,25.0
2001-07-03,16.0,17.7,22.5,78.0,1018.1,5.4,136.0,65.0
2001-07-04,2.8,16.5,22.6,74.0,1014.9,3.0,141.0,89.0
2001-07-05,2.0,18.2,24.4,79.0,1015.2,3.9,180.0,85.0
2001-07-06,0.1,18.3,27.6,77.0,1015.9,4.3,169.0,57.0
2001-07-07,5.5,17.3,26.4,74.0,1011.9,5.1,64.0,30.0
2001-07-08,2.4,14.3,26.1,66.0,1012.6,4.3,330.0,19.0
2001-07-09,4.1,16.3,25.4,70.0,1014.7,3.3,355.0,60.0
2001-07-10,6.9,16.6,24.6,79.0,1015.6,3.5,333.0,86.0
2001-07-11,1.8,15.8,26.4,76.0,1014.3,5.0,201.0,57.0
2001-07-12,8.5,18.8,22.3,75.0,1015.1,5.2,30.0,89.0
2001-07-13,3.0,17.9,24.7,71.0,1013.4,3.5,248.0,65.0
2001-07-14,0.8,16.4,27.1,74.0,1013.5,3.8,281.0,50.0
2001-07-15,2.3,17.5,28.9,71.0,1012.5,4.6,57.0,29.0
2001-07-16,11.5,18.3,25.2,78.0,1008.9,4.7,42.0,63.0
2001-07-17,3.8,17.2,24.2,70.0,1007.6,4.0,341.0,60.0
2001-07-18,13.0,15.2,24.4,76.0,1008.6,4.7,133.0,51.0
2001-07-19,11.3,16.7,24.0,85.0,1006.8,4.3,45.0,76.0
2001-07-20,17.4,16.0,20.5,81.0,1004.3,5.9,347.0,99.0
2001-07-21,0.3,12.1,24.0,72.0,1015.4,4.6,246.0,21.0
2001-07-22,0.0,14.3,25.7,74.0,1016.8,4.1,196.0,9.0
2001-07-23,1.4,16.4,26.6,76.0,1013.9,3.7,222.0,24.0
2001-07-24,3.2,16.3,26.4,79.0,1011.8,3.2,329.0,53.0
2001-07-25,2.5,18.0,27.1,74.0,1013.9,3.4,270.0,58.0
2001-07-26,3.5,16.9,28.0,73.0,1015.2,3.7,301.0,36.0
2001-07-27,3.0,17.5,28.0,75.0,1016.0,3.0,327.0,60.0
2001-07-28,1.5,17.6,29.0,70.0,1017.6,3.1,331.0,58.0
2001-07-29,3.5,18.0,29.8,68.0,1018.4,3.2,331.0,64.0
2001-07-30,0.0,18.3,29.9,65.0,1020.2,3.4,357.0,20.0
2001-07-31,0.0,18.5,29.8,67.0,1021.5,4.4,219.0,21.0
2001-08-01,0.0,19.6,31.4,65.0,1019.0,3.3,301.0,33.0
2001-08-02,0.2,19.7,31.1,65.0,1017.5,4.6,187.0,30.0
2001-08-03,0.7,19.8,31.7,68.0,1015.2,4.4,97.0,62.0
2001-08-04,2.4,20.3,30.5,68.0,1014.9,5.1,59.0,34.0
2001-08-05,6.3,19.3,26.8,70.0,1015.0,4.3,20.0,67.0
2001-08-06,0.0,18.9,26.3,57.0,1017.1,4.0,29.0,65.0
2001-08-07,0.6,15.8,27.9,58.0,1015.0,3.5,270.0,18.0
2001-08-08,2.2,17.0,28.6,67.0,1013.6,4.3,260.0,58.0
2001-08-09,4.5,18.6,27.2,75.0,1015.7,4.2,316.0,69.0
2001-08-10,6.7,18.2,28.5,72.0,1015.5,4.7,337.0,49.0
2001-08-11,2.6,17.7,23.6,66.0,1020.2,5.0,46.0,56.0
2001-08-12,1.5,14.4,23.9,71.0,1021.5,4.3,247.0,38.0
2001-08-13,0.0,14.0,26.1,70.0,1017.5,4.0,212.0,60.0
2001-08-14,0.0,16.2,29.2,65.0,1018.3,3.8,227.0,15.0
2001-08-15,0.0,16.6,30.2,62.0,1020.2,4.4,323.0,10.0
2001-08-16,0.0,17.2,30.4,64.0,1018.2,4.0,216.0,12.0
2001-08-17,0.9,17.8,31.4,62.0,1016.0,3.9,9.0,31.0
2001-08-18,1.4,19.5,30.4,63.0,1014.4,4.6,330.0,67.0
2001-08-19,1.1,17.6,29.8,62.0,1012.7,4.0,263.0,48.0
2001-08-20,4.3,17.9,28.4,68.0,1012.8,4.3,334.0,74.0
2001-08-21,1.7,16.2,27.7,65.0,1015.1,4.0,8.0,36.0
2001-08-22,0.0,16.5,28.2,63.0,1017.7,3.7,340.0,28.0
2001-08-23,0.7,17.3,28.7,65.0,1017.9,3.1,308.0,25.0
2001-08-24,0.5,18.2,28.7,66.0,1017.7,3.1,325.0,23.0
2001-08-25,0.0,17.6,29.7,67.0,1018.4,3.9,312.0,20.0
2001-08-26,0.4,18.0,31.3,62.0,1018.0,4.3,291.0,24.0
2001-08-27,1.2,18.6,30.9,67.0,1014.5,4.6,287.0,56.0
2001-08-28,0.9,19.5,29.5,66.0,1011.8,4.2,57.0,42.0
2001-08-29,1.7,20.1,30.1,64.0,1009.7,4.2,235.0,45.0
2001-08-30,1.3,20.8,25.1,55.0,1010.4,3.9,84.0,91.0
2001-08-31,11.4,17.5,22.9,73.0,1008.3,4.5,70.0,90.0
2001-09-01,12.6,13.6,22.8,74.0,1009.1,4.5,50.0,69.0
2001-09-02,1.0,13.9,21.9,74.0,1014.2,4.2,236.0,66.0
2001-09-03,0.2,15.6,22.3,74.0,1016.2,4.4,184.0,50.0
2001-09-04,13.0,13.8,20.7,87.0,1011.5,4.1,115.0,80.0
2001-09-05,10.9,13.3,20.3,75.0,1006.7,4.8,334.0,76.0
2001-09-06,0.0,9.7,23.0,61.0,1010.3,4.6,311.0,9.0
2001-09-07,2.7,12.2,21.2,77.0,1012.2,3.6,327.0,71.0
2001-09-08,0.0,14.3,22.6,78.0,1009.3,3.9,167.0,91.0
2001-09-09,1.3,11.9,23.2,70.0,1003.9,4.2,11.0,28.0
2001-09-10,0.2,7.8,19.3,63.0,1008.7,4.4,325.0,40.0
2001-09-11,0.0,7.9,20.2,58.0,1012.0,6.0,285.0,40.0
2001-09-12,0.0,9.3,20.2,66.0,1015.4,5.6,249.0,16.0
2001-09-13,0.0,10.0,20.8,70.0,1015.8,5.9,214.0,58.0
2001-09-14,33.2,13.1,17.5,83.0,1007.4,4.2,20.0,98.0
2001-09-15,6.3,11.5,18.9,69.0,1010.3,5.3,335.0,76.0
2001-09-16,12.8,9.3,15.4,85.0,1010.5,3.4,26.0,83.0
2001-09-17,3.0,4.5,15.7,88.0,1008.0,3.9,299.0,67.0
2001-09-18,1.2,6.9,15.9,82.0,1013.0,3.6,282.0,82.0
2001-09-19,2.1,7.5,16.2,81.0,1018.9,4.1,19.0,70.0
2001-09-20,0.0,7.0,16.7,81.0,1020.0,4.8,188.0,52.0
2001-09-21,0.1,8.3,18.4,82.0,1016.5,4.2,119.0,63.0
2001-09-22,2.2,10.8,17.5,87.0,1015.1,3.2,18.0,91.0
2001-09-23,27.8,13.4,15.6,90.0,1009.8,4.2,23.0,100.0
2001-09-24,2.0,14.7,19.9,84.0,1008.6,2.8,207.0,93.0
2001-09-25,23.5,13.4,18.4,90.0,1012.1,3.2,56.0,97.0
2001-09-26,3.7,12.2,18.0,76.0,1016.9,4.7,355.0,59.0
2001-09-27,0.0,7.4,18.8,78.0,1020.5,3.9,244.0,55.0
2001-09-28,0.0,8.4,19.2,83.0,1019.3,3.7,214.0,43.0
2001-09-29,0.0,11.2,19.7,85.0,1019.1,3.6,216.0,94.0
2001-09-30,1.7,14.2,17.4,91.0,1017.1,2.3,14.0,92.0
2001-10-01,0.3,11.1,18.3,90.0,1019.8,3.7,45.0,90.0
2001-10-02,4.7,14.6,19.7,91.0,1022.1,3.5,150.0,93.0
2001-10-03,3.2,14.7,20.5,90.0,1019.4,3.6,155.0,78.0
2001-10-04,6.0,14.3,20.2,89.0,1015.7,2.8,67.0,84.0
2001-10-05,2.4,15.7,18.8,82.0,1015.7,3.2,85.0,93.0
2001-10-06,0.2,15.0,20.9,81.0,1016.0,3.4,125.0,74.0
2001-10-07,6.3,14.2,20.6,88.0,1014.7,3.3,53.0,85.0
2001-10-08,5.2,15.8,21.6,86.0,1014.8,3.9,189.0,58.0
2001-10-09,0.0,13.7,21.4,86.0,1017.5,3.9,315.0,73.0
2001-10-10,0.2,12.9,21.1,87.0,1023.8,3.9,310.0,69.0
2001-10-11,0.0,11.2,22.5,84.0,1028.9,2.8,278.0,38.0
2001-10-12,0.0,11.9,23.3,79.0,1028.2,3.4,326.0,12.0
2001-10-13,0.0,10.9,23.6,80.0,1025.3,2.9,333.0,6.0
2001-10-14,0.0,10.5,23.2,78.0,1022.0,3.1,352.0,2.0
2001-10-15,0.0,9.8,20.2,79.0,1020.2,3.0,75.0,34.0
2001-10-16,0.0,9.6,21.3,78.0,1023.7,2.8,316.0,64.0
2001-10-17,0.0,10.4,19.8,81.0,1024.3,3.7,14.0,39.0
2001-10-18,0.0,10.5,18.5,83.0,1020.0,3.5,232.0,51.0
2001-10-19,0.2,13.2,17.6,88.0,1018.9,2.8,157.0,69.0
2001-10-20,3.0,13.6,18.0,92.0,1017.4,2.9,142.0,88.0
2001-10-21,19.9,11.9,19.4,88.0,1010.1,4.4,145.0,83.0
2001-10-22,0.0,7.7,18.6,86.0,1014.8,3.6,308.0,22.0
2001-10-23,0.2,10.7,16.6,89.0,1018.8,2.5,81.0,99.0
2001-10-24,1.9,11.8,19.1,82.0,1021.3,3.8,353.0,78.0
2001-10-25,6.5,8.4,16.6,88.0,1025.0,3.2,337.0,48.0
2001-10-26,0.6,6.4,15.6,82.0,1025.7,3.1,242.0,56.0
2001-10-27,0.1,11.6,14.8,83.0,1025.3,2.4,154.0,88.0
2001-10-28,0.0,11.4,16.4,84.0,1026.6,2.5,155.0,81.0
2001-10-29,0.0,9.0,17.1,85.0,1025.4,2.9,157.0,53.0
2001-10-30,0.0,10.7,15.8,90.0,1025.9,2.7,304.0,91.0
2001-10-31,0.0,8.3,16.4,83.0,1026.3,3.1,219.0,91.0
2001-11-01,0.2,9.6,17.4,74.0,1024.4,4.2,37.0,42.0
2001-11-02,0.0,5.0,13.8,65.0,1033.1,3.9,318.0,13.0
2001-11-03,0.0,7.0,12.4,73.0,1031.9,2.8,220.0,16.0
2001-11-04,0.0,4.9,14.4,77.0,1023.2,2.3,293.0,0.0
2001-11-05,0.0,5.0,16.1,78.0,1017.2,2.6,5.0,49.0
2001-11-06,0.0,8.7,12.4,70.0,1017.5,3.0,22.0,87.0
2001-11-07,0.5,4.7,11.9,81.0,1013.9,3.0,175.0,72.0
2001-11-08,2.1,7.9,10.3,92.0,1003.8,2.6,137.0,98.0
2001-11-09,12.6,3.1,9.3,80.0,1001.2,6.7,24.0,99.0
2001-11-10,0.0,2.4,10.0,59.0,1021.2,5.9,13.0,88.0
2001-11-11,3.7,5.2,13.2,66.0,1022.3,4.1,358.0,93.0
2001-11-12,12.8,9.7,11.8,93.0,1010.3,3.1,10.0,100.0
2001-11-13,0.0,7.2,13.1,85.0,1002.4,3.8,343.0,87.0
2001-11-14,0.8,4.4,10.4,72.0,1012.6,3.9,40.0,78.0
2001-11-15,0.0,1.1,8.9,54.0,1032.0,4.3,12.0,13.0
2001-11-16,0.0,2.9,8.8,61.0,1032.4,3.0,320.0,0.0
2001-11-17,0.0,2.7,10.7,60.0,1032.3,3.0,342.0,0.0
2001-11-18,0.0,3.3,9.1,68.0,1023.8,3.2,23.0,47.0
2001-11-19,1.9,4.0,11.1,80.0,1015.8,4.1,354.0,74.0
2001-11-20,0.0,0.1,10.2,78.0,1022.4,3.5,292.0,7.0
2001-11-21,0.0,2.6,9.4,78.0,1029.7,2.7,259.0,15.0
2001-11-22,0.5,3.2,5.7,90.0,1022.5,2.7,116.0,76.0
2001-11-23,0.3,1.2,8.3,58.0,1011.2,5.4,352.0,33.0
2001-11-24,0.0,-1.3,8.3,52.0,1017.7,4.4,336.0,13.0
2001-11-25,0.0,-0.0,7.4,59.0,1015.6,3.1,336.0,22.0
2001-11-26,0.0,3.7,7.9,59.0,1012.3,2.6,338.0,40.0
2001-11-27,1.8,2.6,7.8,82.0,1012.6,4.0,7.0,99.0
2001-11-28,0.2,1.7,11.5,84.0,1014.9,3.5,327.0,60.0
2001-11-29,0.0,-1.6,10.5,82.0,1020.0,3.8,310.0,40.0
2001-11-30,0.2,4.1,8.4,85.0,1016.4,2.9,43.0,80.0
2001-12-01,0.1,4.3,7.6,86.0,1022.4,2.6,176.0,69.0
2001-12-02,0.6,4.0,9.1,82.0,1025.3,2.3,346.0,33.0
2001-12-03,0.0,3.2,8.7,80.0,1024.9,2.1,321.0,34.0
2001-12-04,0.0,4.5,8.6,78.0,1022.7,2.3,339.0,78.0
2001-12-05,0.0,5.5,9.9,78.0,1022.3,2.5,353.0,83.0
2001-12-06,0.0,5.0,10.7,79.0,1018.7,2.3,353.0,33.0
2001-12-07,0.1,-0.7,9.1,81.0,1026.7,4.5,334.0,15.0
2001-12-08,0.0,1.7,6.5,72.0,1032.9,3.3,311.0,3.0
2001-12-09,0.0,1.1,6.0,76.0,1035.2,2.9,353.0,1.0
2001-12-10,0.0,-2.0,5.3,61.0,1036.5,3.3,331.0,9.0
2001-12-11,0.6,0.6,5.5,56.0,1029.0,2.2,333.0,52.0
2001-12-12,0.0,1.5,5.8,66.0,1021.4,3.3,331.0,9.0
2001-12-13,13.9,-5.2,2.5,77.0,1019.1,5.9,53.0,58.0
2001-12-14,0.0,-18.0,-1.2,60.0,1030.4,7.3,359.0,25.0
2001-12-15,0.0,-15.3,3.7,67.0,1027.9,4.0,334.0,0.0
2001-12-16,0.0,-5.9,-0.3,66.0,1024.9,4.0,305.0,1.0
2001-12-17,0.0,-11.2,1.0,68.0,1027.3,5.2,338.0,4.0
2001-12-18,0.0,-10.6,2.6,69.0,1029.7,3.7,328.0,5.0
2001-12-19,0.0,-7.6,1.3,76.0,1028.2,2.7,350.0,0.0
2001-12-20,0.0,-7.2,2.0,81.0,1021.0,3.3,2.0,26.0
2001-12-21,0.0,-8.4,1.7,72.0,1018.9,3.7,347.0,41.0
2001-12-22,0.0,-3.0,1.0,82.0,1009.0,3.1,38.0,80.0
2001-12-23,0.0,-9.0,5.7,67.0,1008.6,4.2,353.0,29.0
2001-12-24,0.0,-12.8,1.4,57.0,1016.8,4.4,339.0,1.0
2001-12-25,0.0,-8.2,0.8,58.0,1010.8,3.1,29.0,66.0
2001-12-26,0.0,-3.3,3.0,70.0,1003.7,3.6,4.0,95.0
2001-12-27,0.0,-6.0,4.0,70.0,1009.3,4.5,331.0,51.0
2001-12-28,0.0,-6.2,3.3,67.0,1013.5,3.7,358.0,29.0
2001-12-29,0.0,-5.3,3.7,73.0,1008.6,3.2,29.0,51.0
2001-12-30,0.0,-1.6,8.6,82.0,1001.7,4.1,34.0,53.0
2001-12-31,0.0,-1.7,5.6,56.0,1016.7,4.0,342.0,53.0
2002-01-01,0.0,-6.0,4.1,52.0,1034.4,4.5,323.0,0.0
2002-01-02,0.0,-3.5,2.8,64.0,1030.8,3.2,21.0,6.0
2002-01-03,0.4,-3.8,4.8,69.0,1029.4,3.6,341.0,30.0
2002-01-04,0.1,-2.8,2.9,78.0,1035.4,2.7,272.0,30.0
2002-01-05,0.0,-4.4,4.1,65.0,1034.8,2.8,320.0,4.0
2002-01-06,0.0,-4.7,7.0,62.0,1031.2,2.5,318.0,10.0
2002-01-07,0.0,-2.7,9.3,57.0,1027.3,3.6,356.0,55.0
2002-01-08,0.0,-4.0,5.8,59.0,1032.4,2.4,337.0,37.0
2002-01-09,0.0,-4.2,7.7,64.0,1036.2,2.1,333.0,0.0
2002-01-10,0.0,-4.1,7.7,67.0,1034.4,2.3,338.0,4.0
2002-01-11,0.0,-4.2,6.3,71.0,1032.7,2.4,338.0,3.0
2002-01-12,0.0,-4.4,7.4,69.0,1031.9,2.6,331.0,19.0
2002-01-13,0.0,-3.9,6.8,71.0,1029.2,3.6,25.0,12.0
2002-01-14,0.0,-4.1,3.9,76.0,1028.2,3.2,332.0,52.0
2002-01-15,0.0,-5.4,3.5,78.0,1023.1,2.8,301.0,69.0
2002-01-16,0.0,-2.1,2.7,81.0,1020.8,2.8,303.0,60.0
2002-01-17,0.0,-6.0,5.3,79.0,1023.1,2.6,329.0,3.0
2002-01-18,0.0,-6.1,5.7,76.0,1022.8,2.8,319.0,4.0
2002-01-19,0.0,-5.8,5.6,72.0,1023.0,2.7,346.0,60.0
2002-01-20,0.0,-4.6,6.6,79.0,1025.3,2.9,356.0,40.0
2002-01-21,0.0,-3.3,4.1,88.0,1022.7,3.1,52.0,80.0
2002-01-22,0.3,-0.5,5.4,92.0,1020.5,3.0,49.0,65.0
2002-01-23,0.4,1.6,5.3,93.0,1020.2,2.5,111.0,88.0
2002-01-24,19.5,2.8,5.4,94.0,1012.9,3.6,16.0,100.0
2002-01-25,0.3,-2.2,11.3,88.0,1017.6,3.7,328.0,27.0
2002-01-26,0.1,-0.5,8.3,92.0,1024.8,2.6,31.0,82.0
2002-01-27,2.1,3.3,6.1,97.0,1021.5,2.4,126.0,98.0
2002-01-28,0.0,4.2,8.3,94.0,1024.6,2.3,191.0,91.0
2002-01-29,0.0,2.7,10.2,90.0,1029.9,2.7,262.0,67.0
2002-01-30,0.0,3.2,6.6,91.0,1030.3,2.1,159.0,93.0
2002-01-31,0.2,2.5,4.7,95.0,1027.6,2.3,161.0,96.0
2002-02-01,0.6,2.8,9.7,90.0,1028.0,2.1,316.0,59.0
2002-02-02,0.0,-1.6,13.3,81.0,1033.9,3.4,332.0,3.0
2002-02-03,0.0,-1.6,10.5,84.0,1032.0,2.9,13.0,11.0
2002-02-04,0.0,2.0,7.0,91.0,1027.3,2.1,38.0,61.0
2002-02-05,0.0,-1.3,8.5,85.0,1022.5,3.2,50.0,47.0
2002-02-06,20.6,3.2,7.0,93.0,1010.7,4.5,31.0,100.0
2002-02-07,19.3,3.8,12.1,82.0,1014.8,5.7,21.0,63.0
2002-02-08,0.0,-0.4,11.6,86.0,1024.1,2.8,338.0,85.0
2002-02-09,0.4,3.9,10.5,89.0,1020.8,2.7,171.0,96.0
2002-02-10,3.6,4.8,11.6,89.0,1013.2,2.8,137.0,61.0
2002-02-11,0.0,-0.9,10.5,87.0,1018.6,2.8,219.0,83.0
2002-02-12,0.0,4.0,7.7,94.0,1019.4,2.1,151.0,74.0
2002-02-13,0.0,3.9,7.0,96.0,1018.4,2.7,157.0,83.0
2002-02-14,4.9,4.8,8.8,91.0,1018.1,4.1,58.0,97.0
2002-02-15,17.6,4.5,7.2,81.0,1023.3,8.4,52.0,99.0
2002-02-16,23.8,4.5,7.3,82.0,1026.0,6.4,34.0,90.0
2002-02-17,1.3,1.7,10.1,84.0,1024.1,2.8,5.0,65.0
2002-02-18,0.1,3.8,11.4,85.0,1018.1,2.5,266.0,83.0
2002-02-19,1.4,-0.8,10.2,92.0,1020.1,3.2,298.0,75.0
2002-02-20,1.7,3.9,8.6,90.0,1012.3,3.8,129.0,99.0
2002-02-21,2.4,3.0,10.0,80.0,1001.3,5.6,26.0,83.0
2002-02-22,0.0,-4.3,6.8,57.0,1015.6,5.7,332.0,46.0
2002-02-23,0.0,-1.7,7.3,74.0,1009.4,4.0,136.0,52.0
2002-02-24,0.0,-0.3,10.7,57.0,1006.9,6.0,334.0,31.0
2002-02-25,0.0,-1.6,9.5,52.0,1014.4,3.9,355.0,46.0
2002-02-26,0.0,-1.1,10.1,75.0,1014.9,4.7,68.0,98.0
2002-02-27,1.4,3.9,9.6,88.0,1011.7,3.2,79.0,96.0
2002-02-28,4.1,6.6,11.3,92.0,1008.1,3.3,118.0,90.0
2002-03-01,3.7,6.8,10.0,88.0,1012.6,3.8,57.0,98.0
2002-03-02,6.3,6.8,11.4,88.0,1010.0,3.2,51.0,100.0
2002-03-03,7.6,5.9,13.6,85.0,1011.4,4.5,356.0,68.0
2002-03-04,0.0,4.5,13.6,70.0,1018.8,4.5,43.0,16.0
2002-03-05,0.0,3.4,14.1,71.0,1015.2,3.9,18.0,54.0
2002-03-06,16.7,6.3,12.8,83.0,1012.6,5.6,13.0,95.0
2002-03-07,0.2,7.8,12.5,90.0,1017.0,2.9,159.0,77.0
2002-03-08,0.0,6.1,16.4,82.0,1021.6,3.7,67.0,57.0
2002-03-09,0.0,3.9,14.8,74.0,1017.8,5.0,35.0,24.0
2002-03-10,0.0,3.8,16.7,71.0,1015.9,3.7,293.0,35.0
2002-03-11,0.0,5.2,15.9,70.0,1022.8,4.0,4.0,16.0
2002-03-12,0.0,1.6,16.2,69.0,1020.3,3.6,270.0,34.0
2002-03-13,0.0,3.1,15.7,70.0,1017.6,3.7,75.0,33.0
2002-03-14,0.0,3.4,14.4,78.0,1014.7,4.5,87.0,27.0
2002-03-15,1.1,8.7,14.5,86.0,1014.9,4.1,126.0,87.0
2002-03-16,0.0,8.3,14.4,86.0,1017.6,3.6,166.0,68.0
2002-03-17,0.0,5.8,15.9,83.0,1016.8,3.8,232.0,96.0
2002-03-18,0.0,6.6,15.1,86.0,1014.5,4.0,200.0,71.0
2002-03-19,3.6,8.1,13.7,91.0,1010.0,3.6,96.0,95.0
2002-03-20,0.4,5.2,17.5,83.0,1011.7,4.5,30.0,60.0
2002-03-21,0.0,5.8,18.5,85.0,1014.7,3.5,177.0,37.0
2002-03-22,0.1,5.7,19.4,66.0,1012.7,6.5,319.0,70.0
2002-03-23,0.0,4.8,13.2,48.0,1015.1,7.7,356.0,12.0
2002-03-24,0.0,1.4,10.8,38.0,1020.0,7.1,0.0,19.0
2002-03-25,0.0,-2.3,12.3,50.0,1020.2,4.6,340.0,10.0
2002-03-26,0.0,-1.1,12.3,64.0,1020.7,4.7,313.0,30.0
2002-03-27,3.7,3.1,9.5,72.0,1024.5,4.2,260.0,59.0
2002-03-28,0.0,-0.4,13.1,64.0,1027.0,3.5,303.0,9.0
2002-03-29,0.0,-0.7,13.9,63.0,1027.1,4.5,315.0,1.0
2002-03-30,0.0,0.6,17.4,62.0,1022.9,3.8,288.0,0.0
2002-03-31,0.0,2.3,17.7,64.0,1018.7,4.0,245.0,3.0
2002-04-01,0.2,2.8,18.0,65.0,1016.8,3.9,330.0,20.0
2002-04-02,0.1,2.5,18.1,65.0,1017.3,4.2,20.0,24.0
2002-04-03,1.4,3.8,17.6,67.0,1012.0,7.5,35.0,29.0
2002-04-04,0.1,6.7,16.6,57.0,1006.4,7.7,56.0,25.0
2002-04-05,2.4,2.5,15.1,62.0,1002.7,4.3,328.0,37.0
2002-04-06,5.3,5.7,11.6,70.0,1010.0,4.4,138.0,73.0
2002-04-07,0.2,5.3,10.4,67.0,1018.3,3.8,95.0,89.0
2002-04-08,4.3,5.3,9.2,82.0,1019.6,3.1,142.0,93.0
2002-04-09,14.5,5.5,8.2,85.0,1014.3,6.2,62.0,99.0
2002-04-10,0.0,4.9,12.5,66.0,1011.1,6.2,60.0,92.0
2002-04-11,4.8,2.1,13.5,72.0,1011.2,5.6,45.0,96.0
2002-04-12,55.4,9.2,11.6,86.0,999.6,6.8,24.0,100.0
2002-04-13,17.7,8.2,14.7,88.0,999.8,4.6,37.0,90.0
2002-04-14,13.8,4.5,14.9,89.0,1004.3,3.6,129.0,90.0
2002-04-15,15.0,8.2,13.9,82.0,1008.8,5.1,36.0,79.0
2002-04-16,4.8,6.1,13.0,81.0,1012.0,4.7,22.0,89.0
2002-04-17,2.5,6.8,15.5,74.0,1013.5,4.9,15.0,68.0
2002-04-18,0.0,2.9,16.8,71.0,1016.0,4.0,38.0,39.0
2002-04-19,1.5,4.5,17.0,74.0,1018.3,3.8,11.0,44.0
2002-04-20,10.2,7.5,13.1,80.0,1020.7,6.2,358.0,81.0
2002-04-21,2.7,7.3,19.3,67.0,1026.6,7.3,10.0,63.0
2002-04-22,0.0,5.4,20.7,68.0,1027.5,4.6,341.0,17.0
2002-04-23,0.5,5.5,19.6,69.0,1025.4,4.1,300.0,26.0
2002-04-24,5.7,8.4,18.0,78.0,1020.4,4.0,15.0,84.0
2002-04-25,0.0,4.9,18.1,76.0,1020.2,4.1,258.0,38.0
2002-04-26,0.2,8.1,19.3,71.0,1015.0,5.5,204.0,72.0
2002-04-27,6.5,10.4,15.0,79.0,1009.4,5.0,59.0,79.0
2002-04-28,0.0,7.9,15.8,71.0,1015.2,4.2,175.0,74.0
2002-04-29,1.2,7.7,15.9,77.0,1013.1,5.0,183.0,67.0
2002-04-30,0.6,9.5,17.4,83.0,1017.2,4.4,86.0,87.0
2002-05-01,0.1,9.3,18.2,83.0,1014.9,4.3,172.0,60.0
2002-05-02,7.0,10.1,19.7,83.0,1012.2,5.3,80.0,65.0
2002-05-03,22.4,12.1,16.3,89.0,1012.3,6.2,65.0,100.0
2002-05-04,62.2,11.7,15.0,90.0,1011.4,6.0,63.0,92.0
2002-05-05,14.4,9.6,16.4,84.0,1014.0,5.3,28.0,60.0
2002-05-06,0.0,4.2,17.4,68.0,1019.7,4.1,270.0,11.0
2002-05-07,0.0,5.1,21.6,64.0,1018.8,6.4,36.0,39.0
2002-05-08,15.0,10.4,20.6,76.0,1015.3,5.6,25.0,100.0
2002-05-09,13.5,13.4,16.4,89.0,1013.6,4.0,44.0,100.0
2002-05-10,2.5,13.2,19.2,81.0,1012.7,4.2,167.0,73.0
2002-05-11,8.6,10.6,18.4,87.0,1011.3,3.7,70.0,74.0
2002-05-12,0.4,8.3,19.8,79.0,1012.4,3.9,243.0,60.0
2002-05-13,0.9,9.6,21.9,76.0,1016.0,2.8,216.0,41.0
2002-05-14,2.2,10.0,22.3,78.0,1018.9,4.3,342.0,46.0
2002-05-15,0.0,10.9,22.7,71.0,1024.6,4.4,312.0,40.0
2002-05-16,0.5,10.9,23.6,74.0,1023.9,4.4,190.0,39.0
2002-05-17,1.4,12.0,23.5,81.0,1017.7,5.0,191.0,33.0
2002-05-18,0.8,12.2,24.1,77.0,1014.0,4.9,99.0,33.0
2002-05-19,2.9,12.3,22.4,80.0,1014.4,4.5,34.0,55.0
2002-05-20,2.2,14.4,20.8,75.0,1014.9,4.0,21.0,88.0
2002-05-21,0.0,10.6,21.5,76.0,1012.6,3.7,207.0,45.0
2002-05-22,1.2,13.6,21.7,84.0,1011.5,5.1,188.0,73.0
2002-05-23,5.5,14.0,20.9,90.0,1009.6,4.5,105.0,93.0
2002-05-24,12.6,15.5,19.9,86.0,1008.3,5.2,51.0,91.0
2002-05-25,2.4,13.6,22.5,80.0,1011.9,3.9,16.0,83.0
2002-05-26,12.7,15.0,18.8,88.0,1008.7,4.1,41.0,92.0
2002-05-27,25.0,13.9,19.6,87.0,1007.0,4.5,72.0,79.0
2002-05-28,5.3,13.0,18.8,85.0,1006.4,3.5,326.0,97.0
2002-05-29,0.0,8.4,22.6,69.0,1012.4,4.6,306.0,40.0
2002-05-30,1.3,11.2,22.5,76.0,1019.8,4.6,253.0,43.0
2002-05-31,3.9,13.1,22.3,77.0,1022.4,3.9,347.0,59.0
2002-06-01,0.4,12.1,23.1,79.0,1021.0,3.8,253.0,43.0
2002-06-02,6.3,14.8,21.9,80.0,1017.9,3.7,28.0,50.0
2002-06-03,4.1,15.3,21.0,81.0,1015.4,4.3,171.0,95.0
2002-06-04,2.0,14.7,22.9,82.0,1012.1,4.0,192.0,75.0
2002-06-05,28.6,16.3,20.9,91.0,1008.7,4.9,136.0,99.0
2002-06-06,71.0,15.4,19.5,91.0,1003.0,5.0,52.0,97.0
2002-06-07,24.0,13.6,17.2,89.0,1004.1,5.5,204.0,100.0
2002-06-08,9.5,14.5,20.3,85.0,1009.2,4.3,162.0,94.0
2002-06-09,10.4,13.4,19.0,85.0,1007.9,4.0,32.0,83.0
2002-06-10,2.6,10.9,23.8,78.0,1006.9,3.8,291.0,41.0
2002-06-11,0.0,11.5,23.3,67.0,1014.4,4.5,358.0,32.0
2002-06-12,1.1,14.1,23.8,70.0,1020.0,4.3,279.0,42.0
2002-06-13,1.0,13.4,25.7,77.0,1019.8,4.7,238.0,48.0
2002-06-14,0.3,15.1,27.1,80.0,1018.6,3.8,177.0,26.0
2002-06-15,3.0,16.8,27.9,82.0,1018.5,3.4,210.0,39.0
2002-06-16,2.6,17.3,28.8,82.0,1018.7,4.3,312.0,76.0
2002-06-17,0.1,16.9,29.4,73.0,1020.4,3.8,291.0,40.0
2002-06-18,0.5,17.9,30.6,70.0,1020.3,3.3,110.0,31.0
2002-06-19,0.2,18.7,30.5,73.0,1019.3,4.1,49.0,11.0
2002-06-20,0.2,20.0,29.2,74.0,1020.0,4.8,181.0,19.0
2002-06-21,0.0,19.2,30.5,72.0,1020.2,3.9,270.0,38.0
2002-06-22,0.2,18.9,31.5,69.0,1019.9,4.2,330.0,19.0
2002-06-23,1.5,19.1,30.8,72.0,1019.2,4.6,285.0,56.0
2002-06-24,3.5,19.7,30.1,73.0,1017.1,3.6,343.0,72.0
2002-06-25,27.0,20.3,23.1,78.0,1020.2,4.9,63.0,89.0
2002-06-26,2.2,17.4,24.3,70.0,1021.9,3.7,206.0,43.0
2002-06-27,0.0,14.9,25.5,74.0,1016.7,5.4,201.0,33.0
2002-06-28,16.6,17.4,23.4,83.0,1010.5,3.9,78.0,91.0
2002-06-29,0.9,13.0,21.6,65.0,1017.2,5.3,92.0,22.0
2002-06-30,0.7,14.6,23.2,64.0,1018.0,4.4,81.0,66.0
2002-07-01,0.0,12.7,23.9,73.0,1015.4,5.2,196.0,51.0
2002-07-02,3.0,15.6,23.4,81.0,1012.3,4.3,82.0,80.0
2002-07-03,9.4,18.0,25.2,84.0,1010.2,4.4,48.0,66.0
2002-07-04,10.6,18.2,24.2,75.0,1010.6,4.2,69.0,52.0
2002-07-05,0.0,16.5,23.7,63.0,1017.8,4.1,76.0,45.0
2002-07-06,9.6,13.7,24.9,75.0,1014.1,3.7,316.0,59.0
2002-07-07,2.1,15.5,25.0,77.0,1016.3,3.7,263.0,36.0
2002-07-08,0.0,15.2,26.6,73.0,1017.7,4.0,196.0,23.0
2002-07-09,0.0,15.5,27.8,74.0,1013.9,4.3,205.0,27.0
2002-07-10,1.7,16.9,27.9,77.0,1011.0,4.7,262.0,26.0
2002-07-11,0.2,18.2,27.8,74.0,1014.3,4.3,24.0,29.0
2002-07-12,0.3,19.5,27.5,70.0,1016.6,5.1,37.0,44.0
2002-07-13,6.5,18.9,27.3,75.0,1012.6,4.1,358.0,63.0
2002-07-14,25.2,16.9,27.2,80.0,1012.8,5.3,22.0,92.0
2002-07-15,34.6,18.4,26.0,80.0,1012.8,6.0,25.0,94.0
2002-07-16,25.9,17.4,23.4,87.0,1010.1,3.5,34.0,76.0
2002-07-17,12.7,16.7,21.0,93.0,1009.2,2.2,158.0,95.0
2002-07-18,9.4,16.5,24.3,86.0,1010.0,3.7,278.0,70.0
2002-07-19,4.4,16.7,24.1,75.0,1013.5,4.0,9.0,73.0
2002-07-20,0.0,15.3,25.2,79.0,1016.2,4.0,206.0,26.0
2002-07-21,5.4,17.0,25.9,84.0,1015.3,4.8,223.0,66.0
2002-07-22,7.9,15.9,25.4,81.0,1014.1,3.7,352.0,53.0
2002-07-23,0.8,18.2,25.6,73.0,1015.0,4.1,126.0,41.0
2002-07-24,6.0,16.9,25.9,82.0,1011.2,3.3,314.0,56.0
2002-07-25,5.7,15.8,24.7,79.0,1011.3,4.6,336.0,58.0
2002-07-26,2.9,14.7,23.9,74.0,1015.4,4.0,307.0,51.0
2002-07-27,0.5,15.5,24.5,77.0,1017.9,3.4,310.0,39.0
2002-07-28,0.0,15.1,28.2,71.0,1018.5,4.6,32.0,16.0
2002-07-29,1.8,17.5,28.9,72.0,1016.7,4.2,353.0,49.0
2002-07-30,0.0,16.8,29.7,69.0,1011.4,4.2,303.0,55.0
2002-07-31,5.0,17.6,26.3,84.0,1008.8,3.9,107.0,75.0
2002-08-01,3.1,18.5,24.0,88.0,1010.7,4.3,162.0,81.0
2002-08-02,0.4,16.3,25.4,80.0,1014.2,5.2,192.0,25.0
2002-08-03,1.1,16.2,26.2,83.0,1015.0,4.6,142.0,37.0
2002-08-04,4.2,18.8,25.7,82.0,1011.7,4.3,289.0,77.0
2002-08-05,8.6,16.7,25.1,84.0,1012.0,3.7,9.0,55.0
2002-08-06,14.7,17.5,21.3,89.0,1010.0,3.5,354.0,91.0
2002-08-07,0.7,15.5,25.9,74.0,1007.3,4.3,306.0,62.0
2002-08-08,0.4,14.9,25.7,70.0,1009.9,4.0,326.0,27.0
2002-08-09,13.2,16.2,21.6,86.0,1008.6,3.8,47.0,98.0
2002-08-10,31.4,15.3,20.6,91.0,1005.0,4.6,65.0,91.0
2002-08-11,45.5,16.7,20.2,90.0,999.0,6.8,51.0,98.0
2002-08-12,9.7,15.5,22.1,87.0,1003.4,2.7,174.0,61.0
2002-08-13,0.0,12.5,24.8,80.0,1011.7,4.5,287.0,7.0
2002-08-14,0.0,14.9,25.3,72.0,1015.8,5.0,285.0,14.0
2002-08-15,0.0,16.3,25.5,75.0,1015.2,4.5,330.0,45.0
2002-08-16,1.4,15.2,26.8,74.0,1015.3,3.8,304.0,30.0
2002-08-17,2.7,16.1,27.3,74.0,1014.5,4.4,339.0,49.0
2002-08-18,1.5,16.3,26.2,74.0,1014.5,3.8,338.0,74.0
2002-08-19,0.0,16.2,27.4,73.0,1017.0,4.4,6.0,39.0
2002-08-20,1.6,15.6,26.8,75.0,1017.1,4.1,342.0,54.0
2002-08-21,5.3,17.7,23.2,82.0,1014.3,3.4,27.0,83.0
2002-08-22,0.2,14.5,24.2,74.0,1014.6,4.3,36.0,40.0
2002-08-23,0.8,15.3,24.8,76.0,1017.4,3.7,202.0,81.0
2002-08-24,1.1,15.0,24.6,80.0,1019.3,3.8,222.0,41.0
2002-08-25,0.0,16.1,25.8,79.0,1020.5,4.3,331.0,66.0
2002-08-26,0.0,15.3,26.1,75.0,1018.6,4.1,341.0,73.0
2002-08-27,2.5,17.9,23.2,81.0,1015.8,3.2,115.0,82.0
2002-08-28,0.0,16.1,25.0,76.0,1013.1,5.1,41.0,91.0
2002-08-29,1.3,16.2,24.9,79.0,1012.7,4.0,11.0,71.0
2002-08-30,2.2,15.0,26.9,74.0,1017.3,3.6,342.0,27.0
2002-08-31,1.4,15.2,26.4,74.0,1016.8,3.6,347.0,30.0
2002-09-01,2.9,17.4,22.8,78.0,1017.4,5.4,12.0,90.0
2002-09-02,0.0,13.6,25.9,69.0,1021.5,3.7,352.0,38.0
2002-09-03,1.0,15.7,23.1,70.0,1020.2,4.1,24.0,81.0
2002-09-04,0.3,14.6,23.1,70.0,1017.2,3.5,14.0,70.0
2002-09-05,2.3,14.8,22.2,77.0,1014.8,3.1,290.0,71.0
2002-09-06,1.5,14.5,22.9,79.0,1014.8,4.0,3.0,96.0
2002-09-07,0.0,13.5,24.3,71.0,1014.9,3.9,7.0,48.0
2002-09-08,0.6,13.2,23.7,74.0,1014.9,3.4,309.0,37.0
2002-09-09,0.0,14.0,23.4,79.0,1016.0,5.0,245.0,35.0
2002-09-10,4.3,14.1,23.2,81.0,1014.8,4.1,336.0,68.0
2002-09-11,0.5,15.6,24.1,70.0,1016.9,5.0,358.0,58.0
2002-09-12,5.5,13.2,21.7,76.0,1017.6,3.4,301.0,48.0
2002-09-13,1.5,13.1,19.1,67.0,1019.6,3.0,202.0,57.0
2002-09-14,0.0,10.4,19.8,72.0,1017.0,3.9,258.0,34.0
2002-09-15,6.8,10.3,20.9,78.0,1012.9,3.3,6.0,24.0
2002-09-16,2.9,10.7,17.8,79.0,1016.1,4.0,267.0,82.0
2002-09-17,0.2,12.5,19.5,80.0,1015.8,3.4,110.0,64.0
2002-09-18,0.5,13.0,20.7,83.0,1016.2,3.8,151.0,70.0
2002-09-19,0.8,13.8,21.5,86.0,1016.5,4.5,335.0,82.0
2002-09-20,7.1,15.6,22.9,86.0,1016.0,4.8,349.0,80.0
2002-09-21,21.4,15.8,21.2,91.0,1012.9,3.2,77.0,84.0
2002-09-22,10.6,15.2,18.1,88.0,1004.9,3.0,80.0,98.0
2002-09-23,12.8,12.0,15.3,84.0,1001.7,4.2,22.0,98.0
2002-09-24,46.9,10.2,12.8,83.0,1003.3,7.4,354.0,98.0
2002-09-25,3.8,10.4,14.1,78.0,1008.2,5.3,18.0,89.0
2002-09-26,0.0,4.9,16.6,72.0,1011.8,5.1,288.0,34.0
2002-09-27,7.1,7.7,16.6,83.0,1015.7,4.6,308.0,48.0
2002-09-28,0.8,6.1,17.0,74.0,1021.6,4.8,344.0,20.0
2002-09-29,0.7,7.4,17.4,68.0,1026.3,4.2,337.0,10.0
2002-09-30,0.0,5.0,17.7,70.0,1026.0,3.6,292.0,0.0
2002-10-01,0.0,5.8,17.9,78.0,1024.4,3.2,243.0,1.0
2002-10-02,0.0,7.6,18.5,79.0,1024.4,2.9,185.0,63.0
2002-10-03,0.0,9.4,17.7,84.0,1023.9,3.1,179.0,92.0
2002-10-04,0.0,10.1,18.5,86.0,1021.5,2.6,248.0,96.0
2002-10-05,3.5,9.1,18.6,85.0,1019.7,3.5,353.0,60.0
2002-10-06,2.8,11.0,15.5,89.0,1010.9,3.0,88.0,79.0
2002-10-07,4.7,5.3,18.0,82.0,1011.1,4.6,336.0,42.0
2002-10-08,11.6,9.9,13.6,82.0,1013.2,4.0,76.0,98.0
2002-10-09,0.0,9.7,16.0,81.0,1013.6,5.1,51.0,82.0
2002-10-10,19.1,10.9,15.9,84.0,1009.4,5.2,24.0,98.0
2002-10-11,13.5,13.8,18.5,86.0,1006.1,4.3,43.0,99.0
2002-10-12,22.1,13.2,15.4,94.0,1004.0,2.8,36.0,100.0
2002-10-13,1.0,9.3,17.1,84.0,1009.8,3.5,204.0,63.0
2002-10-14,1.0,12.0,15.2,85.0,1015.3,2.8,161.0,100.0
2002-10-15,6.0,12.8,15.7,91.0,1016.6,2.7,131.0,99.0
2002-10-16,7.0,13.4,18.3,91.0,1013.6,4.2,186.0,81.0
2002-10-17,26.9,12.7,18.4,94.0,1005.3,5.3,184.0,87.0
2002-10-18,7.8,9.1,17.7,79.0,1006.8,5.7,314.0,41.0
2002-10-19,0.6,5.5,15.5,76.0,1014.7,4.1,7.0,26.0
2002-10-20,0.0,5.9,14.4,78.0,1020.3,4.3,33.0,72.0
2002-10-21,0.5,9.0,13.5,87.0,1017.2,3.6,160.0,93.0
2002-10-22,13.8,11.5,16.2,89.0,1005.8,4.5,24.0,90.0
2002-10-23,2.4,10.4,16.5,90.0,1005.3,4.1,144.0,82.0
2002-10-24,7.1,9.8,14.9,79.0,1012.9,4.5,64.0,50.0
2002-10-25,0.6,9.1,14.2,79.0,1016.9,3.8,175.0,98.0
2002-10-26,0.1,10.6,15.3,87.0,1016.4,4.2,64.0,32.0
2002-10-27,0.4,7.6,16.2,85.0,1019.8,5.1,15.0,64.0
2002-10-28,0.0,6.2,18.6,69.0,1020.8,4.4,15.0,30.0
2002-10-29,0.0,4.7,15.3,68.0,1025.9,4.3,6.0,76.0
2002-10-30,0.0,5.5,12.9,82.0,1019.4,4.0,59.0,91.0
2002-10-31,0.0,8.8,15.5,85.0,1018.7,3.3,28.0,84.0
2002-11-01,0.0,6.4,15.9,87.0,1021.7,3.2,204.0,64.0
2002-11-02,2.6,10.6,13.1,95.0,1017.1,2.3,120.0,99.0
2002-11-03,1.1,8.3,13.9,91.0,1012.2,2.9,8.0,98.0
2002-11-04,6.1,5.8,14.6,86.0,1009.4,3.8,314.0,80.0
2002-11-05,3.9,3.9,13.6,82.0,1015.5,3.4,352.0,55.0
2002-11-06,2.1,4.2,7.5,85.0,1023.0,3.4,166.0,78.0
2002-11-07,0.5,2.2,6.0,76.0,1014.2,3.2,127.0,82.0
2002-11-08,0.2,2.3,10.9,75.0,1014.1,3.4,334.0,72.0
2002-11-09,0.0,2.6,8.0,84.0,1007.7,2.8,142.0,90.0
2002-11-10,0.0,2.7,12.6,75.0,1008.6,4.1,325.0,39.0
2002-11-11,0.0,3.9,10.4,84.0,1011.1,3.2,59.0,52.0
2002-11-12,0.4,0.7,13.2,82.0,1016.6,3.6,2.0,39.0
2002-11-13,4.1,6.8,11.6,85.0,1012.0,2.8,27.0,82.0
2002-11-14,17.1,9.0,15.4,93.0,1004.5,3.7,51.0,99.0
2002-11-15,25.4,11.8,14.6,94.0,1003.1,5.5,33.0,100.0
2002-11-16,38.6,12.5,16.2,93.0,1004.3,7.4,73.0,94.0
2002-11-17,2.7,8.5,13.6,93.0,1014.5,4.0,30.0,92.0
2002-11-18,63.3,9.8,11.4,91.0,1012.8,7.0,4.0,100.0
2002-11-19,13.6,6.7,12.3,89.0,1009.9,5.1,313.0,83.0
2002-11-20,0.1,5.3,12.0,89.0,1016.4,3.5,358.0,61.0
2002-11-21,3.8,6.7,12.7,88.0,1011.5,3.7,36.0,91.0
2002-11-22,28.1,8.9,11.6,92.0,1002.0,4.2,28.0,96.0
2002-11-23,0.0,3.9,11.9,88.0,1013.0,3.3,15.0,69.0
2002-11-24,14.2,5.9,11.3,88.0,1017.3,5.5,17.0,98.0
2002-11-25,55.1,11.1,14.6,95.0,1012.1,4.7,57.0,100.0
2002-11-26,85.7,13.2,15.7,97.0,1012.1,5.6,123.0,100.0
2002-11-27,8.1,12.2,15.5,87.0,1016.8,3.9,9.0,95.0
2002-11-28,0.4,8.5,15.4,89.0,1018.1,2.3,360.0,82.0
2002-11-29,13.8,8.7,12.4,95.0,1014.0,4.1,35.0,91.0
2002-11-30,0.0,5.0,12.3,88.0,1014.9,4.8,358.0,81.0
2002-12-01,0.0,1.8,12.5,77.0,1016.9,4.4,352.0,34.0
2002-12-02,0.2,2.8,9.0,73.0,1006.3,3.5,5.0,76.0
2002-12-03,13.3,4.4,9.5,81.0,1004.9,5.8,357.0,93.0
2002-12-04,0.5,2.4,9.6,84.0,1007.9,6.7,343.0,100.0
2002-12-05,9.4,6.1,11.1,88.0,1008.1,5.7,349.0,98.0
2002-12-06,3.6,5.4,11.9,87.0,1012.7,5.0,353.0,90.0
2002-12-07,0.0,2.9,12.7,82.0,1014.7,4.4,352.0,76.0
2002-12-08,0.0,2.8,7.8,73.0,1019.2,3.7,108.0,62.0
2002-12-09,0.0,-1.8,3.7,60.0,1024.2,6.1,87.0,39.0
2002-12-10,0.0,-2.0,1.7,55.0,1027.7,2.2,124.0,9.0
2002-12-11,0.0,-2.0,2.9,63.0,1027.5,2.1,55.0,23.0
2002-12-12,0.8,1.3,5.6,71.0,1027.2,3.4,14.0,95.0
2002-12-13,2.2,3.6,9.4,90.0,1023.3,3.4,339.0,81.0
2002-12-14,0.0,-0.6,8.7,90.0,1023.4,2.3,350.0,67.0
2002-12-15,1.8,4.1,6.7,87.0,1021.3,3.0,29.0,92.0
2002-12-16,0.2,-0.5,8.3,89.0,1021.0,2.3,317.0,72.0
2002-12-17,0.8,3.5,7.7,92.0,1018.8,2.2,53.0,92.0
2002-12-18,3.7,3.6,10.3,83.0,1020.4,4.3,343.0,61.0
2002-12-19,2.4,4.4,5.6,89.0,1028.6,1.9,14.0,81.0
2002-12-20,0.9,2.5,4.9,93.0,1027.3,2.1,173.0,85.0
2002-12-21,0.2,1.4,3.3,93.0,1023.2,2.4,168.0,94.0
2002-12-22,1.2,1.8,5.5,92.0,1021.8,2.6,145.0,82.0
2002-12-23,0.2,3.7,7.8,93.0,1016.4,1.9,122.0,80.0
2002-12-24,0.0,2.6,8.7,92.0,1018.0,2.4,11.0,96.0
2002-12-25,0.0,4.8,8.6,83.0,1018.8,2.6,28.0,97.0
2002-12-26,0.0,4.6,7.7,78.0,1020.0,2.5,356.0,78.0
2002-12-27,0.8,4.0,6.5,85.0,1016.1,2.2,74.0,99.0
2002-12-28,24.3,5.9,9.1,92.0,1004.4,4.1,23.0,100.0
2002-12-29,0.1,1.7,12.1,89.0,1007.9,3.2,319.0,58.0
2002-12-30,0.6,5.6,8.8,94.0,1009.6,2.1,105.0,97.0
2002-12-31,6.5,4.7,10.1,93.0,1005.7,4.1,4.0,99.0
2003-01-01,0.1,2.2,8.7,88.0,1012.2,2.3,307.0,76.0
2003-01-02,3.4,4.7,6.3,96.0,1008.3,2.5,139.0,99.0
2003-01-03,0.1,1.8,9.7,91.0,1002.4,3.0,31.0,60.0
2003-01-04,0.0,3.1,8.2,93.0,1002.4,2.9,43.0,76.0
2003-01-05,3.2,2.3,6.8,89.0,1000.4,6.3,19.0,87.0
2003-01-06,5.2,1.3,4.1,89.0,1008.6,3.6,68.0,91.0
2003-01-07,5.4,-0.4,2.9,87.0,1003.5,5.1,342.0,92.0
2003-01-08,0.6,-1.2,2.0,71.0,1012.2,4.1,15.0,96.0
2003-01-09,1.6,-0.8,1.2,73.0,1007.4,3.0,39.0,99.0
2003-01-10,1.7,-0.9,1.4,88.0,1011.7,2.2,163.0,89.0
2003-01-11,0.0,-2.7,2.1,71.0,1021.5,3.2,13.0,15.0
2003-01-12,0.0,-3.7,-0.1,69.0,1026.7,3.4,300.0,1.0
2003-01-13,0.0,-3.8,2.2,67.0,1028.6,2.8,305.0,34.0
2003-01-14,0.0,-2.0,4.9,68.0,1030.5,2.6,321.0,16.0
2003-01-15,0.0,-2.6,5.1,74.0,1032.0,2.7,26.0,0.0
2003-01-16,0.0,-1.3,6.2,82.0,1028.3,2.7,14.0,12.0
2003-01-17,0.0,-2.9,8.8,76.0,1028.8,4.2,355.0,8.0
2003-01-18,0.0,-2.9,8.5,76.0,1021.3,3.9,342.0,16.0
2003-01-19,0.0,-3.2,9.0,71.0,1017.5,3.8,325.0,6.0
2003-01-20,0.0,-2.1,8.0,79.0,1015.6,2.4,344.0,67.0
2003-01-21,15.2,0.1,4.7,89.0,1008.0,3.9,20.0,91.0
2003-01-22,19.3,2.8,7.6,92.0,1001.7,4.0,18.0,82.0
2003-01-23,1.0,-0.6,9.4,87.0,1011.9,3.3,334.0,72.0
2003-01-24,0.0,-2.6,11.0,72.0,1023.1,4.3,343.0,11.0
2003-01-25,0.0,-2.6,9.9,67.0,1028.3,5.7,355.0,1.0
2003-01-26,0.0,-3.6,9.2,65.0,1025.2,3.4,343.0,8.0
2003-01-27,0.0,-2.7,7.2,70.0,1024.1,3.8,272.0,29.0
2003-01-28,0.0,0.7,7.4,78.0,1013.7,2.8,32.0,44.0
2003-01-29,6.8,-2.7,5.3,87.0,1002.6,3.7,347.0,63.0
2003-01-30,0.7,-4.0,5.0,83.0,998.9,3.7,16.0,86.0
2003-01-31,0.4,-3.9,7.2,65.0,1001.6,5.1,345.0,60.0
2003-02-01,0.0,-4.7,4.9,51.0,1015.3,5.4,353.0,25.0
2003-02-02,0.0,-3.3,2.5,61.0,1017.2,3.0,276.0,30.0
2003-02-03,0.9,-3.2,2.0,73.0,1011.6,3.5,105.0,83.0
2003-02-04,6.0,-1.0,6.4,79.0,990.9,3.9,354.0,96.0
2003-02-05,0.0,-3.2,7.3,58.0,995.3,5.4,318.0,69.0
2003-02-06,0.0,-3.6,6.6,49.0,1009.0,6.0,322.0,56.0
2003-02-07,0.0,-4.3,7.2,54.0,1020.7,4.0,337.0,15.0
2003-02-08,0.0,-3.4,7.3,69.0,1021.5,3.7,45.0,15.0
2003-02-09,0.0,-1.5,5.6,74.0,1022.7,4.1,20.0,47.0
2003-02-10,0.0,-1.8,5.5,74.0,1022.5,3.1,16.0,22.0
2003-02-11,0.0,-1.6,5.8,73.0,1024.0,3.0,217.0,24.0
2003-02-12,0.9,-1.1,4.7,64.0,1026.3,3.8,111.0,43.0
2003-02-13,0.0,-3.1,4.1,59.0,1025.0,3.4,100.0,36.0
2003-02-14,0.0,-1.7,3.7,64.0,1024.4,2.2,107.0,56.0
2003-02-15,0.0,-3.1,5.4,67.0,1024.1,3.2,333.0,6.0
2003-02-16,0.0,-2.7,4.2,60.0,1027.4,6.4,64.0,58.0
2003-02-17,0.0,-4.2,4.8,48.0,1029.7,7.4,37.0,5.0
2003-02-18,0.0,-4.1,5.9,59.0,1023.5,3.2,308.0,2.0
2003-02-19,0.0,-3.2,5.7,63.0,1019.2,3.7,263.0,0.0
2003-02-20,0.0,-3.6,8.5,66.0,1016.8,2.5,342.0,0.0
2003-02-21,0.0,-1.4,8.3,67.0,1022.4,4.2,53.0,1.0
2003-02-22,0.0,-2.6,7.4,70.0,1030.0,4.0,83.0,31.0
2003-02-23,0.0,-0.5,7.0,66.0,1034.1,2.6,114.0,16.0
2003-02-24,0.0,-3.1,10.4,66.0,1031.5,2.5,332.0,0.0
2003-02-25,0.0,-3.2,11.4,58.0,1027.8,3.0,77.0,0.0
2003-02-26,0.0,-3.3,9.0,66.0,1026.1,4.1,56.0,9.0
2003-02-27,0.0,-1.9,9.2,72.0,1024.3,4.3,255.0,16.0
2003-02-28,0.0,-2.5,10.5,77.0,1026.9,3.1,318.0,14.0
2003-03-01,0.0,0.0,10.9,80.0,1025.8,3.2,202.0,55.0
2003-03-02,0.2,3.9,9.5,85.0,1018.0,2.8,27.0,96.0
2003-03-03,2.5,2.4,12.6,76.0,1012.9,4.5,333.0,98.0
2003-03-04,0.7,-0.4,12.7,73.0,1020.7,3.8,286.0,29.0
2003-03-05,0.0,2.1,11.9,79.0,1022.9,3.7,244.0,54.0
2003-03-06,0.1,1.3,10.3,82.0,1017.3,3.5,63.0,90.0
2003-03-07,0.6,5.2,12.3,77.0,1019.8,3.2,148.0,86.0
2003-03-08,0.0,6.0,12.5,78.0,1022.5,3.0,131.0,92.0
2003-03-09,0.0,2.0,13.5,76.0,1024.7,3.3,216.0,79.0
2003-03-10,0.0,1.2,15.7,79.0,1025.3,2.9,341.0,44.0
2003-03-11,0.0,1.9,16.2,78.0,1025.8,3.4,156.0,81.0
2003-03-12,0.0,7.0,13.0,86.0,1019.8,3.9,91.0,78.0
2003-03-13,5.1,2.7,15.6,79.0,1021.0,4.9,348.0,32.0
2003-03-14,13.6,2.4,8.2,81.0,1025.9,4.2,246.0,58.0
2003-03-15,1.9,-1.2,9.8,69.0,1031.5,3.5,23.0,45.0
2003-03-16,0.0,-3.5,11.4,63.0,1033.8,4.2,320.0,21.0
2003-03-17,0.0,-2.4,13.6,60.0,1028.9,4.5,291.0,36.0
2003-03-18,0.0,-0.3,13.9,62.0,1025.4,4.5,270.0,14.0
2003-03-19,0.0,1.3,12.9,67.0,1024.2,5.1,231.0,12.0
2003-03-20,0.0,1.7,14.1,68.0,1020.2,4.1,234.0,2.0
2003-03-21,0.0,1.1,11.1,68.0,1021.6,4.0,127.0,54.0
2003-03-22,0.0,1.9,9.7,57.0,1026.0,4.1,113.0,27.0
2003-03-23,0.0,1.4,10.3,51.0,1029.6,3.8,184.0,1.0
2003-03-24,0.0,1.5,15.5,58.0,1028.4,3.7,186.0,0.0
2003-03-25,0.0,1.8,17.6,61.0,1022.9,3.7,354.0,29.0
2003-03-26,0.0,2.1,18.2,62.0,1019.0,3.8,52.0,5.0
2003-03-27,0.0,2.4,17.6,64.0,1020.6,4.6,166.0,53.0
2003-03-28,0.0,4.1,16.6,71.0,1018.3,4.2,98.0,29.0
2003-03-29,0.0,6.1,14.5,82.0,1016.4,3.4,157.0,73.0
2003-03-30,0.0,6.9,15.1,82.0,1016.3,3.5,182.0,74.0
2003-03-31,0.4,7.1,16.2,80.0,1016.2,2.7,138.0,90.0
2003-04-01,3.0,7.3,15.0,60.0,1021.6,4.2,187.0,40.0
2003-04-02,30.2,3.2,9.0,77.0,1006.0,8.0,24.0,98.0
2003-04-03,27.8,3.2,9.5,81.0,1008.4,7.6,10.0,100.0
2003-04-04,3.6,4.0,13.4,65.0,1018.5,6.5,15.0,70.0
2003-04-05,0.0,-1.6,14.0,65.0,1013.7,5.2,252.0,5.0
2003-04-06,4.7,1.5,8.7,75.0,1010.3,5.4,126.0,43.0
2003-04-07,1.9,-7.0,5.5,53.0,1015.4,5.5,357.0,48.0
2003-04-08,0.0,-9.5,8.7,48.0,1019.7,5.6,304.0,2.0
2003-04-09,1.1,-4.3,9.4,67.0,1014.7,5.9,185.0,57.0
2003-04-10,15.1,3.1,6.3,91.0,1007.7,4.1,60.0,88.0
2003-04-11,0.0,-0.8,9.7,84.0,1011.6,4.4,53.0,86.0
2003-04-12,11.7,5.6,11.1,82.0,1016.2,5.0,33.0,93.0
2003-04-13,0.0,0.8,17.6,69.0,1020.6,4.3,254.0,23.0
2003-04-14,0.0,3.8,18.0,65.0,1021.4,4.7,53.0,24.0
2003-04-15,0.0,7.5,17.4,62.0,1023.8,6.0,45.0,53.0
2003-04-16,0.0,4.5,19.6,65.0,1023.2,4.9,38.0,17.0
2003-04-17,0.3,6.1,19.3,63.0,1023.2,4.2,27.0,56.0
2003-04-18,1.3,5.1,17.9,69.0,1018.2,4.9,272.0,30.0
2003-04-19,8.8,8.6,12.6,78.0,1015.4,4.6,74.0,94.0
2003-04-20,0.0,5.1,15.3,71.0,1017.0,4.9,36.0,79.0
2003-04-21,0.8,6.8,16.1,68.0,1015.2,4.5,85.0,86.0
2003-04-22,1.8,4.1,18.7,68.0,1013.1,3.7,332.0,44.0
2003-04-23,2.4,4.5,18.9,72.0,1011.3,4.4,306.0,33.0
2003-04-24,0.5,5.0,19.1,73.0,1014.7,4.4,60.0,11.0
2003-04-25,0.0,7.7,19.3,72.0,1019.7,4.7,196.0,65.0
2003-04-26,0.0,9.2,19.5,74.0,1017.2,5.3,172.0,91.0
2003-04-27,9.1,11.4,17.8,85.0,1014.6,3.8,126.0,76.0
2003-04-28,9.2,11.7,15.0,93.0,1017.9,3.4,153.0,100.0
2003-04-29,2.7,10.9,19.1,85.0,1019.5,4.0,172.0,93.0
2003-04-30,0.5,10.4,20.1,84.0,1021.4,4.2,120.0,98.0
2003-05-01,1.3,12.5,21.0,83.0,1020.7,4.8,141.0,78.0
2003-05-02,5.0,12.1,21.6,84.0,1019.2,4.1,137.0,90.0
2003-05-03,2.6,13.6,21.2,84.0,1018.8,3.7,4.0,61.0
2003-05-04,0.0,9.4,22.5,63.0,1024.3,4.6,59.0,15.0
2003-05-05,0.0,8.9,23.9,68.0,1020.4,4.1,163.0,5.0
2003-05-06,0.0,10.4,24.8,71.0,1019.3,4.4,176.0,47.0
2003-05-07,0.0,10.4,25.3,68.0,1020.8,4.4,202.0,35.0
2003-05-08,0.0,12.0,26.7,70.0,1019.5,4.8,188.0,60.0
2003-05-09,1.3,13.1,25.3,71.0,1016.4,5.5,42.0,54.0
2003-05-10,2.9,12.6,23.7,73.0,1018.3,4.5,35.0,86.0
2003-05-11,2.3,12.7,23.5,76.0,1019.1,3.5,241.0,57.0
2003-05-12,1.7,11.8,24.3,72.0,1016.8,4.3,305.0,60.0
2003-05-13,9.4,11.7,22.7,79.0,1012.6,5.4,194.0,55.0
2003-05-14,13.5,11.8,16.7,67.0,1014.4,8.2,25.0,74.0
2003-05-15,0.0,4.6,18.1,55.0,1019.4,5.6,19.0,22.0
2003-05-16,0.0,7.0,18.7,57.0,1018.9,4.9,72.0,42.0
2003-05-17,0.1,7.0,20.3,65.0,1017.4,4.9,210.0,79.0
2003-05-18,1.0,8.4,22.3,68.0,1017.9,5.4,202.0,48.0
2003-05-19,0.0,10.6,23.3,73.0,1018.3,6.1,150.0,52.0
2003-05-20,23.1,12.7,17.7,81.0,1014.7,4.6,25.0,91.0
2003-05-21,5.3,10.3,17.4,78.0,1018.5,4.1,274.0,75.0
2003-05-22,0.2,5.6,21.0,62.0,1020.9,4.7,276.0,15.0
2003-05-23,0.0,10.0,22.4,62.0,1018.4,4.5,267.0,45.0
2003-05-24,0.0,10.4,24.4,63.0,1013.7,4.4,145.0,19.0
2003-05-25,0.0,10.8,24.9,64.0,1011.3,3.8,215.0,40.0
2003-05-26,0.0,11.9,26.6,63.0,1014.2,4.3,174.0,49.0
2003-05-27,2.2,13.2,26.5,66.0,1016.3,4.6,22.0,78.0
2003-05-28,0.6,14.0,28.9,63.0,1015.3,5.9,18.0,69.0
2003-05-29,1.4,14.6,27.8,60.0,1014.0,4.3,21.0,58.0
2003-05-30,0.0,15.1,27.5,61.0,1014.0,4.0,254.0,58.0
2003-05-31,1.9,14.9,27.2,64.0,1013.5,4.2,278.0,74.0
2003-06-01,5.2,15.8,22.6,80.0,1013.1,3.6,309.0,69.0
2003-06-02,6.6,14.5,24.3,80.0,1013.4,3.9,56.0,67.0
2003-06-03,1.9,14.1,25.2,77.0,1015.6,4.3,211.0,47.0
2003-06-04,1.7,15.5,26.9,75.0,1018.4,4.5,221.0,44.0
2003-06-05,0.6,15.5,28.0,68.0,1020.2,5.1,233.0,46.0
2003-06-06,1.8,15.3,28.1,70.0,1019.3,4.0,264.0,59.0
2003-06-07,2.4,17.3,29.0,69.0,1017.9,3.5,315.0,50.0
2003-06-08,0.0,16.6,30.2,62.0,1016.2,4.7,249.0,17.0
2003-06-09,0.0,16.8,30.9,59.0,1016.9,5.1,284.0,28.0
2003-06-10,1.1,17.8,31.5,60.0,1018.4,4.9,271.0,49.0
2003-06-11,0.7,18.7,33.3,60.0,1018.4,4.3,331.0,65.0
2003-06-12,1.0,19.8,33.8,57.0,1019.3,4.4,296.0,42.0
2003-06-13,1.1,19.8,33.7,59.0,1018.0,4.8,317.0,59.0
2003-06-14,1.7,19.5,32.8,57.0,1017.8,4.6,331.0,53.0
2003-06-15,2.5,19.7,31.2,60.0,1014.4,4.1,284.0,70.0
2003-06-16,3.8,19.1,29.6,62.0,1011.5,3.6,326.0,59.0
2003-06-17,2.1,19.5,29.4,65.0,1012.2,4.2,301.0,98.0
2003-06-18,5.5,19.8,27.7,69.0,1014.0,4.1,353.0,70.0
2003-06-19,1.1,15.4,27.3,67.0,1018.2,4.6,228.0,20.0
2003-06-20,0.1,18.0,29.3,64.0,1015.6,5.2,189.0,20.0
2003-06-21,0.2,18.3,28.1,62.0,1012.6,4.0,58.0,29.0
2003-06-22,1.5,17.8,28.7,66.0,1013.5,4.2,300.0,52.0
2003-06-23,3.8,19.1,30.3,74.0,1015.3,3.9,236.0,61.0
2003-06-24,2.5,18.0,30.7,74.0,1017.2,4.1,294.0,57.0
2003-06-25,0.0,19.4,31.0,72.0,1016.0,4.1,250.0,49.0
2003-06-26,4.5,20.3,29.5,74.0,1013.1,3.9,351.0,64.0
2003-06-27,5.4,19.0,28.1,69.0,1012.3,3.5,344.0,69.0
2003-06-28,2.9,18.1,27.9,64.0,1012.8,3.3,358.0,70.0
2003-06-29,8.6,18.5,25.6,73.0,1011.4,4.1,190.0,77.0
2003-06-30,0.7,17.2,27.4,77.0,1010.4,5.5,198.0,71.0
2003-07-01,7.3,19.8,28.1,77.0,1004.0,6.2,202.0,58.0
2003-07-02,2.8,17.6,26.0,59.0,1005.8,5.2,34.0,36.0
2003-07-03,11.0,16.6,25.3,72.0,1009.4,3.3,333.0,43.0
2003-07-04,9.6,15.4,22.8,71.0,1012.2,4.1,357.0,82.0
2003-07-05,0.5,13.1,25.2,61.0,1013.4,4.5,259.0,31.0
2003-07-06,0.5,16.3,25.9,64.0,1016.1,3.7,278.0,36.0
2003-07-07,5.0,15.3,27.0,70.0,1018.6,3.4,332.0,42.0
2003-07-08,1.0,15.8,27.4,70.0,1017.4,3.9,252.0,33.0
2003-07-09,4.7,16.7,26.1,77.0,1016.1,4.3,327.0,83.0
2003-07-10,1.6,15.1,26.5,73.0,1015.7,3.8,246.0,46.0
2003-07-11,5.4,17.6,26.9,77.0,1015.8,3.5,355.0,40.0
2003-07-12,1.7,18.5,27.8,73.0,1017.2,4.4,213.0,62.0
2003-07-13,11.4,19.1,28.0,78.0,1014.2,4.1,135.0,71.0
2003-07-14,1.7,18.7,25.7,64.0,1015.5,3.9,104.0,41.0
2003-07-15,0.0,19.2,27.5,62.0,1014.1,4.2,191.0,37.0
2003-07-16,1.9,18.3,28.6,72.0,1013.6,3.6,193.0,64.0
2003-07-17,4.2,18.8,29.7,72.0,1014.2,4.2,316.0,46.0
2003-07-18,0.0,17.2,30.3,57.0,1018.0,5.4,334.0,11.0
2003-07-19,0.0,19.3,29.5,55.0,1019.8,4.8,230.0,20.0
2003-07-20,0.9,18.4,30.8,60.0,1018.0,4.0,266.0,43.0
2003-07-21,2.1,19.0,32.1,63.0,1017.5,4.0,277.0,72.0
2003-07-22,2.4,19.9,32.8,61.0,1018.3,5.7,274.0,35.0
2003-07-23,2.8,20.6,31.4,58.0,1016.3,4.5,340.0,45.0
2003-07-24,6.0,19.9,27.9,63.0,1014.8,4.2,330.0,77.0
2003-07-25,0.0,17.1,29.6,54.0,1013.4,5.4,261.0,30.0
2003-07-26,2.1,18.1,30.8,55.0,1014.5,3.9,214.0,34.0
2003-07-27,0.3,18.8,32.1,59.0,1014.9,4.7,257.0,24.0
2003-07-28,1.3,20.1,32.7,55.0,1014.6,4.5,353.0,35.0
2003-07-29,0.7,19.6,30.0,51.0,1017.7,5.1,13.0,40.0
2003-07-30,0.0,17.3,28.5,53.0,1016.7,4.6,269.0,26.0
2003-07-31,4.0,19.0,27.9,57.0,1012.2,4.6,340.0,77.0
2003-08-01,2.2,18.8,30.2,56.0,1013.7,4.1,359.0,59.0
2003-08-02,0.9,18.3,32.4,53.0,1017.7,3.2,341.0,22.0
2003-08-03,0.1,19.3,33.6,53.0,1020.2,3.5,296.0,15.0
2003-08-04,0.8,20.8,34.7,55.0,1021.4,3.4,312.0,45.0
2003-08-05,1.6,21.2,35.7,57.0,1021.1,4.1,320.0,64.0
2003-08-06,4.2,21.3,34.3,57.0,1019.9,4.6,356.0,63.0
2003-08-07,1.5,21.3,31.5,58.0,1019.5,3.6,340.0,46.0
2003-08-08,0.2,19.7,33.1,57.0,1019.0,4.9,267.0,23.0
2003-08-09,0.0,20.2,34.6,53.0,1017.3,3.3,284.0,51.0
2003-08-10,0.8,20.4,35.1,53.0,1016.0,3.7,273.0,65.0
2003-08-11,1.0,20.6,35.7,54.0,1015.9,4.0,343.0,24.0
2003-08-12,1.9,21.6,34.0,53.0,1020.8,4.3,317.0,29.0
2003-08-13,0.8,20.6,35.1,54.0,1020.1,4.3,254.0,25.0
2003-08-14,6.4,21.4,32.5,63.0,1015.8,4.7,354.0,76.0
2003-08-15,5.2,19.1,29.3,73.0,1013.5,3.0,291.0,71.0
2003-08-16,2.7,19.3,30.0,62.0,1015.3,3.2,325.0,41.0
2003-08-17,2.5,19.6,31.5,67.0,1017.2,3.7,299.0,80.0
2003-08-18,3.4,20.3,31.3,68.0,1017.9,4.7,283.0,59.0
2003-08-19,1.2,18.6,31.8,59.0,1017.3,4.1,360.0,21.0
2003-08-20,0.9,19.6,30.9,51.0,1017.5,4.0,353.0,39.0
2003-08-21,2.6,18.9,31.5,54.0,1015.6,4.5,312.0,54.0
2003-08-22,0.0,18.7,31.8,54.0,1015.9,5.0,301.0,23.0
2003-08-23,2.5,20.1,32.8,53.0,1016.0,4.2,292.0,30.0
2003-08-24,3.5,21.7,31.6,56.0,1013.9,4.3,325.0,60.0
2003-08-25,9.9,19.9,25.5,73.0,1011.7,4.0,42.0,75.0
2003-08-26,0.0,17.1,28.1,63.0,1011.2,3.8,226.0,48.0
2003-08-27,0.3,17.2,28.7,68.0,1010.7,4.5,208.0,25.0
2003-08-28,5.9,18.5,29.2,72.0,1010.1,3.7,321.0,55.0
2003-08-29,26.9,19.4,22.8,87.0,1007.9,4.6,78.0,91.0
2003-08-30,5.4,16.9,26.5,77.0,1008.7,5.4,347.0,27.0
2003-08-31,5.6,16.4,22.2,68.0,1010.8,5.6,30.0,51.0
2003-09-01,0.0,13.3,20.0,57.0,1016.0,4.0,34.0,85.0
2003-09-02,0.7,14.0,21.6,62.0,1017.8,3.8,333.0,47.0
2003-09-03,0.0,13.7,20.4,60.0,1025.0,3.8,28.0,53.0
2003-09-04,0.0,11.9,21.7,58.0,1028.3,4.3,217.0,17.0
2003-09-05,0.0,11.4,23.4,61.0,1024.2,4.2,204.0,54.0
2003-09-06,0.0,14.2,23.6,64.0,1019.9,3.5,345.0,74.0
2003-09-07,0.0,13.5,24.9,60.0,1018.3,3.7,90.0,72.0
2003-09-08,6.0,15.1,20.0,76.0,1010.7,4.6,24.0,94.0
2003-09-09,9.6,13.9,19.3,84.0,1006.3,4.3,27.0,100.0
2003-09-10,2.7,13.8,24.3,74.0,1009.7,4.0,300.0,68.0
2003-09-11,7.6,14.9,21.3,77.0,1013.0,4.1,276.0,34.0
2003-09-12,0.5,10.3,22.0,71.0,1018.6,3.7,327.0,28.0
2003-09-13,1.0,10.7,23.2,67.0,1022.0,4.9,328.0,28.0
2003-09-14,0.0,10.4,22.3,65.0,1024.3,4.4,349.0,21.0
2003-09-15,0.0,10.9,23.0,56.0,1025.9,3.7,23.0,14.0
2003-09-16,0.0,9.9,22.9,62.0,1023.7,4.0,335.0,26.0
2003-09-17,0.0,10.6,25.0,65.0,1023.1,3.5,242.0,42.0
2003-09-18,0.0,11.8,26.3,62.0,1022.9,3.6,249.0,1.0
2003-09-19,0.0,12.1,27.1,62.0,1023.2,3.8,278.0,3.0
2003-09-20,0.0,11.9,26.8,65.0,1025.0,4.1,251.0,4.0
2003-09-21,0.0,12.5,26.6,66.0,1023.7,4.0,266.0,4.0
2003-09-22,0.0,12.2,25.1,69.0,1019.4,4.5,186.0,10.0
2003-09-23,4.4,12.9,23.7,79.0,1014.9,4.3,234.0,48.0
2003-09-24,6.7,14.3,17.3,79.0,1020.9,5.7,58.0,71.0
2003-09-25,0.0,8.7,19.6,59.0,1028.0,3.5,45.0,22.0
2003-09-26,0.0,7.1,20.0,59.0,1024.5,4.0,15.0,6.0
2003-09-27,0.0,7.9,20.7,67.0,1020.2,4.1,216.0,63.0
2003-09-28,0.0,9.1,20.3,74.0,1016.7,4.3,96.0,52.0
2003-09-29,4.0,13.6,20.7,76.0,1010.6,3.2,342.0,77.0
2003-09-30,0.5,12.7,19.4,74.0,1015.7,2.8,90.0,76.0
2003-10-01,0.0,10.2,20.0,76.0,1017.0,4.2,229.0,89.0
2003-10-02,0.5,14.4,21.1,82.0,1016.5,3.2,177.0,91.0
2003-10-03,3.6,14.8,20.6,89.0,1013.3,3.6,223.0,81.0
2003-10-04,12.7,15.1,20.5,89.0,1006.0,2.9,44.0,93.0
2003-10-05,32.2,11.2,15.9,90.0,998.9,3.5,39.0,92.0
2003-10-06,0.6,8.9,17.1,67.0,1011.8,5.4,281.0,37.0
2003-10-07,0.1,6.6,15.6,77.0,1009.9,5.1,170.0,70.0
2003-10-08,0.2,7.3,18.2,58.0,1006.3,4.7,328.0,40.0
2003-10-09,0.1,7.9,18.7,59.0,1010.0,4.8,346.0,21.0
2003-10-10,0.0,8.1,18.7,77.0,1019.4,4.4,7.0,49.0
2003-10-11,0.6,10.8,18.4,84.0,1022.3,3.8,54.0,75.0
2003-10-12,0.9,12.4,18.1,87.0,1022.2,3.5,63.0,68.0
2003-10-13,1.1,12.9,15.5,81.0,1021.7,3.2,72.0,86.0
2003-10-14,0.0,11.5,14.7,68.0,1022.4,3.9,86.0,95.0
2003-10-15,0.1,8.1,14.8,57.0,1026.4,4.0,91.0,34.0
2003-10-16,0.0,5.0,14.2,58.0,1025.6,3.5,143.0,1.0
2003-10-17,0.0,5.3,11.9,60.0,1026.9,3.7,106.0,22.0
2003-10-18,0.0,2.3,12.4,60.0,1021.2,6.2,45.0,75.0
2003-10-19,0.0,6.6,13.1,57.0,1012.5,2.8,169.0,59.0
2003-10-20,11.1,7.5,11.4,84.0,1004.4,2.3,326.0,96.0
2003-10-21,1.3,7.8,13.5,91.0,1003.2,3.8,95.0,88.0
2003-10-22,2.6,8.3,11.7,73.0,1009.1,5.4,44.0,84.0
2003-10-23,13.6,6.4,9.2,84.0,1004.6,6.0,31.0,92.0
2003-10-24,2.5,4.8,9.6,73.0,1009.0,4.8,41.0,76.0
2003-10-25,0.0,-1.6,8.9,68.0,1021.3,4.1,302.0,27.0
2003-10-26,0.0,-2.7,9.1,75.0,1018.6,3.4,1.0,47.0
2003-10-27,1.2,3.2,11.7,69.0,1016.9,4.2,339.0,51.0
2003-10-28,0.0,-0.7,10.0,70.0,1022.6,3.3,12.0,42.0
2003-10-29,6.4,1.3,7.8,84.0,1012.1,3.9,14.0,95.0
2003-10-30,2.4,3.9,8.4,90.0,997.5,3.4,71.0,73.0
2003-10-31,22.8,0.8,9.5,93.0,1000.6,4.7,10.0,92.0
2003-11-01,74.9,9.0,13.7,97.0,998.0,4.5,47.0,100.0
2003-11-02,1.0,4.6,15.6,83.0,1007.0,4.1,339.0,54.0
2003-11-03,0.0,6.2,13.5,88.0,1019.5,3.4,53.0,73.0
2003-11-04,0.0,3.9,18.3,73.0,1027.3,4.0,1.0,9.0
2003-11-05,0.0,3.1,15.5,75.0,1031.4,2.6,10.0,26.0
2003-11-06,0.1,4.6,13.1,70.0,1028.5,2.8,82.0,67.0
2003-11-07,1.8,3.9,11.9,66.0,1027.5,6.8,42.0,75.0
2003-11-08,38.1,5.7,8.8,81.0,1026.9,8.4,19.0,99.0
2003-11-09,3.9,6.4,14.5,89.0,1026.2,3.1,335.0,62.0
2003-11-10,0.0,3.2,13.9,79.0,1023.2,3.2,19.0,1.0
2003-11-11,0.0,5.1,10.0,75.0,1025.1,2.3,112.0,23.0
2003-11-12,0.0,3.7,8.2,70.0,1026.5,2.9,38.0,26.0
2003-11-13,1.9,0.8,8.2,74.0,1026.7,2.7,360.0,35.0
2003-11-14,0.0,-1.0,9.8,82.0,1026.1,2.7,180.0,41.0
2003-11-15,0.1,4.4,9.8,87.0,1023.1,2.1,118.0,84.0
2003-11-16,0.1,5.8,9.8,84.0,1021.2,1.7,217.0,99.0
2003-11-17,4.8,6.1,11.8,90.0,1020.8,2.2,3.0,92.0
2003-11-18,0.0,4.3,13.2,87.0,1025.7,3.2,288.0,73.0
2003-11-19,0.0,6.2,10.9,94.0,1026.3,2.6,240.0,60.0
2003-11-20,0.0,7.5,9.3,96.0,1024.1,2.2,175.0,81.0
2003-11-21,0.0,6.7,10.8,95.0,1022.0,2.1,182.0,93.0
2003-11-22,0.0,7.6,10.6,92.0,1021.2,2.8,204.0,89.0
2003-11-23,0.0,8.7,12.5,93.0,1018.7,3.0,246.0,100.0
2003-11-24,0.3,9.0,14.4,94.0,1015.2,3.3,12.0,96.0
2003-11-25,0.2,7.1,13.8,93.0,1013.5,3.6,8.0,89.0
2003-11-26,16.9,9.4,11.9,90.0,1008.8,5.5,14.0,100.0
2003-11-27,24.3,9.6,11.8,94.0,1003.5,5.1,65.0,99.0
2003-11-28,48.7,6.1,10.6,93.0,1001.9,4.9,47.0,96.0
2003-11-29,0.0,1.1,12.9,79.0,1011.2,3.9,346.0,48.0
2003-11-30,0.0,3.6,11.1,82.0,1017.1,2.5,349.0,72.0
2003-12-01,0.6,4.3,9.2,86.0,1019.1,3.4,36.0,97.0
2003-12-02,4.7,8.3,11.6,89.0,1023.7,3.7,38.0,96.0
2003-12-03,1.4,7.0,12.0,91.0,1025.2,4.0,18.0,99.0
2003-12-04,0.0,3.2,13.8,82.0,1026.2,3.4,352.0,75.0
2003-12-05,0.0,3.0,12.6,88.0,1025.3,2.1,345.0,24.0
2003-12-06,0.0,5.9,9.2,96.0,1015.3,2.9,47.0,74.0
2003-12-07,2.2,1.7,8.6,52.0,1022.9,6.3,48.0,25.0
2003-12-08,0.0,-2.9,5.7,54.0,1025.9,3.3,350.0,0.0
2003-12-09,0.0,-2.5,9.0,58.0,1020.8,3.7,353.0,5.0
2003-12-10,12.3,1.2,5.6,82.0,1022.1,5.5,17.0,99.0
2003-12-11,4.1,4.1,9.5,91.0,1022.6,3.3,344.0,93.0
2003-12-12,0.0,1.1,10.9,91.0,1021.6,2.4,326.0,26.0
2003-12-13,0.0,-0.8,10.4,82.0,1023.8,3.2,333.0,60.0
2003-12-14,0.0,2.2,7.1,82.0,1010.1,3.2,30.0,62.0
2003-12-15,0.0,-2.3,9.3,64.0,1009.7,5.4,350.0,6.0
2003-12-16,0.0,-3.7,7.5,53.0,1018.6,6.2,325.0,21.0
2003-12-17,0.0,-2.8,7.3,65.0,1026.8,4.8,349.0,67.0
2003-12-18,0.0,-1.5,6.4,78.0,1028.5,2.5,345.0,36.0
2003-12-19,0.0,-2.5,5.9,80.0,1026.7,1.8,339.0,36.0
2003-12-20,0.0,-2.6,7.1,82.0,1026.9,1.8,301.0,11.0
2003-12-21,2.1,-0.4,4.2,93.0,1015.2,2.5,16.0,92.0
2003-12-22,0.9,-2.1,6.8,83.0,1008.3,4.4,330.0,79.0
2003-12-23,0.0,-5.4,2.4,41.0,1019.4,8.8,352.0,2.0
2003-12-24,0.0,-8.0,3.1,50.0,1027.2,6.5,342.0,0.0
2003-12-25,0.0,-7.1,3.7,55.0,1027.7,2.4,328.0,0.0
2003-12-26,0.0,-4.8,7.8,68.0,1022.3,2.5,327.0,20.0
2003-12-27,0.0,-2.5,5.2,67.0,1017.9,2.3,7.0,93.0
2003-12-28,12.9,1.7,5.6,89.0,1011.9,3.3,23.0,100.0
2003-12-29,48.7,3.9,6.2,93.0,1009.9,6.5,23.0,100.0
2003-12-30,19.6,5.3,7.5,88.0,1009.4,7.0,16.0,100.0
2003-12-31,14.6,2.9,8.0,87.0,1010.7,6.9,11.0,99.0
2004-01-01,0.0,-1.2,6.8,87.0,1011.5,2.7,334.0,69.0
2004-01-02,0.0,2.0,6.0,78.0,1007.3,4.4,36.0,100.0
2004-01-03,0.0,-4.0,4.0,76.0,1013.8,2.6,292.0,57.0
2004-01-04,0.0,-5.7,1.9,79.0,1014.9,2.6,287.0,55.0
2004-01-05,0.0,-5.3,3.7,79.0,1017.0,2.8,313.0,8.0
2004-01-06,0.0,-3.3,4.4,82.0,1024.0,2.8,20.0,66.0
2004-01-07,0.0,-0.2,4.2,83.0,1022.2,2.5,127.0,93.0
2004-01-08,0.0,-2.0,5.3,84.0,1019.8,2.0,315.0,83.0
2004-01-09,2.7,0.1,4.3,92.0,1012.4,2.5,313.0,87.0
2004-01-10,0.0,0.4,8.6,83.0,1012.1,3.9,310.0,42.0
2004-01-11,0.3,-3.3,7.4,79.0,1020.1,3.3,351.0,53.0
2004-01-12,0.4,-1.7,6.2,85.0,1012.6,3.4,45.0,82.0
2004-01-13,0.2,-0.2,6.8,88.0,1003.3,3.4,17.0,73.0
2004-01-14,0.0,-0.9,9.7,87.0,999.6,4.0,1.0,55.0
2004-01-15,0.4,0.3,8.6,81.0,1001.2,4.5,321.0,78.0
2004-01-16,0.0,-4.5,6.4,75.0,1012.2,4.4,3.0,55.0
2004-01-17,3.9,-1.8,5.5,90.0,1004.5,3.9,351.0,83.0
2004-01-18,14.8,-1.5,5.1,85.0,1008.7,6.7,17.0,95.0
2004-01-19,0.1,-1.4,7.7,78.0,1016.1,4.0,332.0,64.0
2004-01-20,0.9,-0.9,4.6,83.0,1005.9,3.4,44.0,68.0
2004-01-21,16.8,-4.3,3.3,89.0,1011.3,3.3,336.0,47.0
2004-01-22,33.4,-1.2,0.9,94.0,1018.2,3.1,35.0,82.0
2004-01-23,6.5,-1.9,-0.2,89.0,1020.7,2.7,79.0,88.0
2004-01-24,0.0,-3.5,0.3,86.0,1018.7,2.3,167.0,80.0
2004-01-25,0.0,-2.5,1.3,88.0,1013.2,2.5,326.0,83.0
2004-01-26,0.9,-9.8,1.5,87.0,1012.0,3.4,267.0,67.0
2004-01-27,1.1,-1.2,3.1,88.0,1001.8,3.8,328.0,85.0
2004-01-28,2.7,-4.8,4.7,84.0,998.9,3.8,319.0,91.0
2004-01-29,9.1,-5.0,1.5,85.0,1004.3,4.2,7.0,90.0
2004-01-30,0.0,-13.4,3.9,69.0,1019.3,4.1,347.0,11.0
2004-01-31,0.0,-6.0,3.6,74.0,1026.7,3.9,12.0,67.0
2004-02-01,0.0,-3.2,5.3,81.0,1026.8,3.4,32.0,79.0
2004-02-02,0.0,-2.6,4.5,91.0,1027.9,2.8,54.0,68.0
2004-02-03,0.0,0.0,9.5,87.0,1029.8,2.4,321.0,97.0
2004-02-04,0.0,-1.1,10.6,84.0,1032.2,1.8,326.0,78.0
2004-02-05,0.0,-1.9,9.8,85.0,1030.1,2.0,339.0,22.0
2004-02-06,0.0,-0.4,7.4,91.0,1028.2,2.3,167.0,69.0
2004-02-07,1.2,2.6,6.1,95.0,1021.2,3.1,109.0,82.0
2004-02-08,0.1,-0.5,6.2,92.0,1016.3,3.7,18.0,46.0
2004-02-09,0.0,-2.5,9.1,64.0,1020.6,4.5,346.0,20.0
2004-02-10,0.0,-6.7,7.2,71.0,1029.8,4.3,293.0,26.0
2004-02-11,0.0,-1.2,6.9,79.0,1017.9,3.2,3.0,42.0
2004-02-12,5.7,0.6,4.7,80.0,1023.9,5.3,190.0,58.0
2004-02-13,0.9,-0.5,2.0,83.0,1029.9,4.4,184.0,72.0
2004-02-14,0.0,-1.2,7.8,78.0,1022.8,2.8,279.0,52.0
2004-02-15,0.0,-2.0,9.4,80.0,1018.0,2.6,342.0,28.0
2004-02-16,0.0,-3.6,8.1,84.0,1022.2,3.1,332.0,6.0
2004-02-17,2.6,3.1,7.1,86.0,1026.7,2.6,206.0,69.0
2004-02-18,1.0,-1.0,5.9,87.0,1018.6,3.4,87.0,60.0
2004-02-19,28.0,1.9,3.1,86.0,1015.0,8.5,45.0,100.0
2004-02-20,9.8,1.4,4.0,81.0,1023.6,5.9,38.0,89.0
2004-02-21,20.4,1.1,4.6,86.0,1024.2,5.5,32.0,99.0
2004-02-22,21.3,4.5,9.1,90.0,1009.9,3.8,22.0,99.0
2004-02-23,18.6,4.9,7.8,94.0,1001.4,4.4,43.0,99.0
2004-02-24,12.5,-1.0,3.4,86.0,1010.0,5.7,20.0,95.0
2004-02-25,0.0,-8.4,2.5,86.0,1014.4,3.6,255.0,82.0
2004-02-26,4.9,-1.7,5.6,84.0,1002.8,3.1,13.0,95.0
2004-02-27,10.4,0.5,3.3,92.0,994.6,4.2,30.0,99.0
2004-02-28,2.1,-4.3,5.0,77.0,998.4,7.5,15.0,95.0
2004-02-29,2.2,-1.0,4.4,72.0,1006.7,5.8,11.0,99.0
2004-03-01,0.0,-6.9,6.0,59.0,1018.2,5.3,9.0,32.0
2004-03-02,0.0,-5.9,5.6,62.0,1025.4,3.8,299.0,23.0
2004-03-03,0.0,-4.0,7.8,71.0,1025.7,3.1,305.0,9.0
2004-03-04,0.0,-2.9,8.7,77.0,1023.1,4.1,236.0,48.0
2004-03-05,2.7,1.1,4.6,84.0,1022.4,3.4,82.0,79.0
2004-03-06,2.6,0.5,3.8,84.0,1024.7,3.1,140.0,97.0
2004-03-07,14.0,0.5,3.9,91.0,1022.2,5.1,42.0,100.0
2004-03-08,7.8,0.6,6.0,87.0,1016.9,4.1,317.0,99.0
2004-03-09,1.3,-1.2,8.1,77.0,1019.0,5.4,282.0,80.0
2004-03-10,11.1,-0.0,5.9,84.0,1022.8,4.8,34.0,88.0
2004-03-11,24.9,2.0,4.7,85.0,1020.0,7.4,34.0,100.0
2004-03-12,0.2,0.8,8.2,77.0,1022.9,4.1,228.0,89.0
2004-03-13,0.0,2.1,9.3,77.0,1027.4,3.8,161.0,93.0
2004-03-14,0.0,3.4,12.0,81.0,1031.3,3.4,191.0,83.0
2004-03-15,0.0,3.9,15.6,81.0,1033.7,2.7,290.0,33.0
2004-03-16,0.0,1.7,18.1,77.0,1033.7,3.0,281.0,18.0
2004-03-17,0.0,2.5,19.6,77.0,1031.4,2.9,311.0,40.0
2004-03-18,0.0,3.1,19.3,79.0,1028.4,3.6,209.0,27.0
2004-03-19,0.0,6.0,17.1,84.0,1024.1,4.6,21.0,64.0
2004-03-20,1.0,7.2,13.1,89.0,1021.6,4.6,81.0,97.0
2004-03-21,11.4,8.6,13.0,93.0,1015.6,4.2,156.0,98.0
2004-03-22,7.8,7.6,12.2,80.0,1011.1,6.2,68.0,91.0
2004-03-23,11.3,5.9,8.7,82.0,1005.7,5.4,38.0,100.0
2004-03-24,3.6,4.7,8.2,87.0,1001.5,3.3,254.0,100.0
2004-03-25,1.5,2.7,10.7,85.0,1007.4,3.6,17.0,99.0
2004-03-26,3.5,3.8,8.8,77.0,1009.7,6.5,46.0,99.0
2004-03-27,0.7,3.5,9.5,68.0,1012.9,3.8,197.0,71.0
2004-03-28,0.0,-0.5,11.1,72.0,1017.9,4.0,298.0,35.0
2004-03-29,0.0,-0.3,14.3,73.0,1020.7,3.8,32.0,1.0
2004-03-30,0.0,0.7,14.5,69.0,1020.3,5.5,57.0,13.0
2004-03-31,0.0,6.8,14.4,65.0,1018.0,4.0,215.0,69.0
2004-04-01,0.0,4.6,15.3,78.0,1014.1,2.7,21.0,77.0
2004-04-02,0.2,7.4,17.8,78.0,1017.1,3.2,150.0,57.0
2004-04-03,0.5,6.1,15.9,85.0,1021.8,3.6,97.0,68.0
2004-04-04,1.4,7.5,15.7,88.0,1023.6,4.3,221.0,88.0
2004-04-05,4.3,9.7,16.3,85.0,1016.1,4.3,178.0,84.0
2004-04-06,10.5,8.4,10.8,86.0,1007.2,4.3,45.0,92.0
2004-04-07,4.8,3.8,10.7,78.0,1005.3,4.9,37.0,74.0
2004-04-08,1.6,-0.0,12.9,75.0,1013.0,4.0,276.0,62.0
2004-04-09,6.8,3.9,12.6,74.0,1011.0,7.3,44.0,99.0
2004-04-10,6.9,6.3,12.3,76.0,1008.2,5.1,50.0,73.0
2004-04-11,0.3,1.6,14.9,70.0,1012.1,3.4,354.0,28.0
2004-04-12,0.4,4.4,14.5,65.0,1014.5,5.7,49.0,91.0
2004-04-13,4.0,6.3,14.1,75.0,1012.8,4.1,345.0,97.0
2004-04-14,1.0,5.2,15.0,78.0,1017.5,3.9,152.0,87.0
2004-04-15,3.8,7.3,13.0,82.0,1024.4,4.3,78.0,79.0
2004-04-16,4.8,7.3,11.7,86.0,1021.2,3.6,132.0,98.0
2004-04-17,1.2,7.5,15.5,78.0,1008.3,3.8,59.0,85.0
2004-04-18,7.3,9.5,15.5,88.0,1001.5,4.1,165.0,72.0
2004-04-19,22.8,9.6,13.3,91.0,997.8,5.0,79.0,92.0
2004-04-20,0.3,6.0,18.1,72.0,1003.7,5.4,310.0,53.0
2004-04-21,0.0,6.2,19.2,70.0,1015.7,4.9,264.0,19.0
2004-04-22,0.0,6.5,20.5,72.0,1015.0,4.6,245.0,17.0
2004-04-23,1.0,8.3,22.4,73.0,1013.3,4.0,329.0,78.0
2004-04-24,6.3,9.0,21.6,75.0,1013.2,4.2,355.0,55.0
2004-04-25,1.6,4.6,18.3,68.0,1017.4,4.1,343.0,17.0
2004-04-26,0.0,4.2,18.3,65.0,1018.0,4.4,54.0,26.0
2004-04-27,0.0,6.3,18.9,70.0,1014.7,4.1,23.0,40.0
2004-04-28,0.0,7.5,19.4,72.0,1012.6,4.6,201.0,43.0
2004-04-29,2.2,8.0,16.9,88.0,1010.8,4.7,67.0,70.0
2004-04-30,27.3,11.5,13.5,90.0,1006.5,6.1,46.0,100.0
2004-05-01,3.8,9.6,18.0,86.0,1007.9,4.0,89.0,80.0
2004-05-02,2.6,8.7,17.9,82.0,1010.5,5.2,191.0,72.0
2004-05-03,5.2,7.3,15.6,85.0,1009.9,4.0,37.0,93.0
2004-05-04,25.3,11.3,14.4,85.0,1000.7,6.6,29.0,99.0
2004-05-05,36.5,9.9,14.7,91.0,993.2,4.4,114.0,99.0
2004-05-06,28.5,10.0,15.5,83.0,992.3,5.7,100.0,83.0
2004-05-07,12.0,4.5,13.0,86.0,1000.1,3.6,69.0,83.0
2004-05-08,7.7,6.8,13.3,84.0,1005.1,4.0,83.0,96.0
2004-05-09,8.3,7.2,14.2,88.0,1007.0,3.6,147.0,97.0
2004-05-10,0.7,3.2,17.2,76.0,1010.2,4.2,255.0,37.0
2004-05-11,2.8,6.2,18.6,76.0,1015.3,3.6,285.0,38.0
2004-05-12,1.3,5.8,19.8,78.0,1013.2,4.0,108.0,68.0
2004-05-13,3.9,9.1,18.7,77.0,1007.2,3.9,296.0,83.0
2004-05-14,4.7,8.0,18.3,79.0,1015.6,4.3,307.0,45.0
2004-05-15,0.2,10.7,17.9,71.0,1022.1,5.0,239.0,72.0
2004-05-16,14.3,9.2,20.2,77.0,1017.8,3.9,37.0,49.0
2004-05-17,7.7,11.3,19.2,76.0,1021.9,4.4,206.0,40.0
2004-05-18,0.0,13.1,20.3,71.0,1023.6,4.8,191.0,58.0
2004-05-19,0.0,10.6,21.5,77.0,1022.1,3.3,167.0,29.0
2004-05-20,0.5,11.8,22.9,78.0,1019.4,4.2,174.0,30.0
2004-05-21,2.3,13.1,22.5,77.0,1013.8,5.6,177.0,42.0
2004-05-22,23.0,11.1,18.5,85.0,1011.6,5.5,41.0,86.0
2004-05-23,4.3,7.8,16.6,75.0,1015.9,4.2,117.0,42.0
2004-05-24,0.0,5.5,16.3,60.0,1021.6,6.0,238.0,26.0
2004-05-25,0.0,6.1,18.0,65.0,1020.9,5.1,201.0,16.0
2004-05-26,0.0,6.7,19.3,70.0,1018.3,4.8,203.0,74.0
2004-05-27,2.5,9.1,20.8,73.0,1017.7,4.0,182.0,59.0
2004-05-28,9.5,11.9,16.7,80.0,1018.9,5.2,12.0,97.0
2004-05-29,0.2,7.7,19.5,67.0,1021.5,4.2,323.0,40.0
2004-05-30,0.0,8.7,21.1,67.0,1021.6,4.2,256.0,22.0
2004-05-31,2.7,9.2,22.6,67.0,1017.7,5.1,241.0,76.0
2004-06-01,6.3,13.0,17.1,81.0,1016.5,4.6,40.0,96.0
2004-06-02,2.6,10.0,20.8,80.0,1014.0,4.0,292.0,64.0
2004-06-03,4.0,9.7,21.0,77.0,1013.5,4.1,321.0,67.0
2004-06-04,4.8,12.1,23.3,75.0,1014.0,4.7,334.0,55.0
2004-06-05,8.2,14.1,21.8,77.0,1012.6,3.4,332.0,74.0
2004-06-06,1.3,10.5,22.1,69.0,1015.4,3.5,304.0,33.0
2004-06-07,0.0,11.2,23.0,70.0,1020.7,4.5,222.0,29.0
2004-06-08,1.7,11.9,25.3,74.0,1022.2,3.6,254.0,35.0
2004-06-09,0.5,13.4,28.2,73.0,1021.9,4.7,240.0,19.0
2004-06-10,0.8,15.5,28.2,77.0,1020.7,4.4,298.0,32.0
2004-06-11,5.0,16.3,28.1,75.0,1017.2,4.3,339.0,58.0
2004-06-12,19.6,16.7,25.7,74.0,1014.7,3.9,16.0,71.0
2004-06-13,5.1,13.5,19.4,72.0,1018.8,5.0,58.0,82.0
2004-06-14,0.0,12.9,23.5,63.0,1022.0,6.8,38.0,51.0
2004-06-15,0.9,12.7,24.5,68.0,1018.4,4.3,283.0,20.0
2004-06-16,3.6,14.8,24.0,78.0,1012.2,3.6,290.0,58.0
2004-06-17,9.8,16.3,23.4,70.0,1012.7,4.6,27.0,51.0
2004-06-18,1.0,13.9,25.1,70.0,1006.4,3.3,294.0,22.0
2004-06-19,5.9,15.4,24.5,73.0,1004.8,4.8,35.0,76.0
2004-06-20,32.0,15.7,19.1,89.0,1003.8,3.2,26.0,91.0
2004-06-21,1.0,10.0,21.4,77.0,1011.8,4.6,60.0,48.0
2004-06-22,4.9,13.7,22.2,79.0,1018.5,4.5,207.0,78.0
2004-06-23,0.2,14.1,23.6,79.0,1016.1,5.5,193.0,72.0
2004-06-24,3.8,15.2,24.4,83.0,1012.4,3.5,50.0,53.0
2004-06-25,10.5,15.8,24.6,79.0,1014.1,4.5,28.0,66.0
2004-06-26,0.3,13.8,24.3,67.0,1020.2,4.4,36.0,49.0
2004-06-27,0.0,14.5,26.1,72.0,1020.6,4.1,195.0,46.0
2004-06-28,4.4,16.1,27.4,77.0,1020.0,4.0,252.0,49.0
2004-06-29,16.5,17.6,24.7,77.0,1019.0,4.7,36.0,52.0
2004-06-30,0.0,16.6,25.8,66.0,1018.7,4.1,76.0,42.0
2004-07-01,3.6,14.4,25.9,74.0,1014.1,4.9,181.0,52.0
2004-07-02,26.9,17.4,22.4,82.0,1011.9,5.0,75.0,84.0
2004-07-03,0.0,13.2,24.3,63.0,1016.4,4.6,27.0,18.0
2004-07-04,0.0,13.4,25.2,67.0,1017.7,4.8,49.0,9.0
2004-07-05,1.2,14.0,27.2,73.0,1018.3,4.7,232.0,24.0
2004-07-06,4.3,16.2,27.0,78.0,1016.5,4.3,310.0,63.0
2004-07-07,13.2,18.7,26.7,75.0,1016.9,4.6,65.0,86.0
2004-07-08,0.6,17.7,27.8,74.0,1015.0,4.6,214.0,70.0
2004-07-09,4.3,18.4,26.9,66.0,1011.1,5.8,225.0,35.0
2004-07-10,8.6,15.3,24.0,72.0,1012.3,4.6,24.0,37.0
2004-07-11,9.0,14.6,20.6,68.0,1011.0,5.6,20.0,58.0
2004-07-12,1.9,11.4,21.5,65.0,1009.6,3.7,331.0,79.0
2004-07-13,2.9,10.2,22.5,67.0,1011.7,4.8,320.0,27.0
2004-07-14,0.0,11.7,23.1,67.0,1016.4,4.9,290.0,40.0
2004-07-15,0.0,14.5,24.1,73.0,1016.6,4.2,165.0,54.0
2004-07-16,2.1,16.0,25.3,75.0,1017.7,3.5,220.0,68.0
2004-07-17,1.9,15.1,26.4,76.0,1019.3,3.9,284.0,41.0
2004-07-18,0.0,15.8,27.6,72.0,1019.8,4.1,262.0,44.0
2004-07-19,3.3,16.2,28.4,71.0,1018.7,3.8,312.0,68.0
2004-07-20,1.6,18.1,29.5,70.0,1017.0,4.7,278.0,53.0
2004-07-21,2.4,17.3,30.1,69.0,1017.1,3.6,292.0,18.0
2004-07-22,0.8,18.2,31.6,69.0,1017.9,4.8,294.0,27.0
2004-07-23,3.4,19.6,32.4,71.0,1017.4,3.5,331.0,38.0
2004-07-24,5.4,20.0,29.3,70.0,1015.0,5.1,349.0,90.0
2004-07-25,4.0,20.4,29.7,65.0,1013.1,5.1,357.0,97.0
2004-07-26,5.0,18.6,27.4,64.0,1010.5,4.3,338.0,70.0
2004-07-27,5.0,16.9,25.1,62.0,1012.8,4.2,348.0,35.0
2004-07-28,1.4,15.2,23.2,68.0,1016.5,4.7,261.0,37.0
2004-07-29,0.6,16.4,25.8,69.0,1015.8,3.8,199.0,49.0
2004-07-30,0.1,17.1,27.2,68.0,1017.1,3.7,195.0,23.0
2004-07-31,0.1,17.3,28.8,68.0,1018.2,3.4,207.0,30.0
2004-08-01,3.5,18.3,29.0,72.0,1016.0,3.2,296.0,39.0
2004-08-02,2.1,18.3,29.0,73.0,1013.3,3.6,305.0,40.0
2004-08-03,11.1,19.6,27.9,76.0,1010.4,3.2,334.0,45.0
2004-08-04,2.6,17.5,26.1,78.0,1011.1,3.8,67.0,96.0
2004-08-05,5.4,18.9,27.5,75.0,1011.4,3.3,49.0,51.0
2004-08-06,2.4,17.2,28.5,67.0,1012.5,3.5,351.0,56.0
2004-08-07,6.9,18.2,27.2,74.0,1013.7,3.9,309.0,72.0
2004-08-08,5.5,16.9,26.2,82.0,1012.7,3.5,40.0,80.0
2004-08-09,1.3,16.2,26.5,79.0,1013.1,3.9,169.0,54.0
2004-08-10,0.0,18.2,26.9,69.0,1014.5,3.9,59.0,80.0
2004-08-11,0.1,17.7,28.1,70.0,1013.2,4.1,138.0,57.0
2004-08-12,2.9,18.9,27.7,79.0,1011.3,4.1,196.0,63.0
2004-08-13,15.4,19.3,24.6,84.0,1008.8,4.6,32.0,52.0
2004-08-14,5.4,14.8,26.0,71.0,1012.1,4.2,301.0,25.0
2004-08-15,0.0,14.8,26.7,65.0,1017.6,3.4,345.0,28.0
2004-08-16,0.0,16.2,25.3,72.0,1016.4,4.8,221.0,70.0
2004-08-17,2.0,16.4,25.7,77.0,1014.5,4.6,209.0,72.0
2004-08-18,2.4,17.1,27.2,78.0,1016.0,4.7,123.0,38.0
2004-08-19,0.5,17.5,27.5,79.0,1015.5,5.0,166.0,43.0
2004-08-20,5.7,19.9,27.5,83.0,1010.2,4.7,168.0,67.0
2004-08-21,9.0,16.9,22.7,76.0,1010.0,6.2,0.0,61.0
2004-08-22,0.0,12.0,23.9,67.0,1018.8,5.1,297.0,14.0
2004-08-23,0.0,14.0,25.0,69.0,1022.0,4.8,211.0,23.0
2004-08-24,1.8,14.7,24.3,80.0,1018.8,4.9,188.0,77.0
2004-08-25,1.3,17.5,25.1,79.0,1013.4,5.7,179.0,53.0
2004-08-26,13.6,16.4,22.9,76.0,1008.9,4.6,331.0,66.0
2004-08-27,0.0,11.4,23.8,72.0,1014.7,5.0,287.0,13.0
2004-08-28,0.2,13.6,24.4,76.0,1016.1,4.5,147.0,17.0
2004-08-29,3.3,14.8,25.0,79.0,1016.5,4.0,315.0,69.0
2004-08-30,2.2,14.7,24.6,77.0,1015.9,3.7,360.0,61.0
2004-08-31,22.1,16.8,20.9,88.0,1013.7,4.4,82.0,83.0
2004-09-01,2.0,16.2,21.5,72.0,1017.0,4.6,56.0,72.0
2004-09-02,0.0,14.3,24.7,73.0,1018.8,4.4,34.0,21.0
2004-09-03,0.1,14.1,25.9,78.0,1022.1,3.4,342.0,24.0
2004-09-04,2.4,16.3,26.9,78.0,1024.4,3.8,354.0,46.0
2004-09-05,1.3,15.7,26.3,76.0,1024.8,3.7,343.0,27.0
2004-09-06,0.0,16.4,25.0,67.0,1025.1,6.1,45.0,28.0
2004-09-07,0.0,13.5,25.2,64.0,1025.3,5.2,44.0,14.0
2004-09-08,0.0,13.1,25.9,66.0,1024.7,4.2,265.0,32.0
2004-09-09,0.0,16.6,22.5,68.0,1026.0,4.5,160.0,46.0
2004-09-10,0.0,15.7,21.7,61.0,1026.3,3.6,148.0,45.0
2004-09-11,0.0,12.7,23.2,72.0,1024.0,4.2,155.0,58.0
2004-09-12,6.8,14.8,19.7,90.0,1019.8,2.2,107.0,91.0
2004-09-13,0.0,12.2,21.4,79.0,1019.1,4.1,34.0,69.0
2004-09-14,22.3,15.5,22.5,82.0,1017.6,4.1,38.0,77.0
2004-09-15,31.5,17.0,22.2,83.0,1014.6,4.4,13.0,91.0
2004-09-16,3.7,15.1,17.8,80.0,1020.0,6.3,24.0,97.0
2004-09-17,0.0,13.7,21.6,68.0,1023.0,5.2,48.0,45.0
2004-09-18,0.0,9.9,21.7,72.0,1020.9,4.5,29.0,12.0
2004-09-19,0.1,10.6,22.2,76.0,1017.2,3.2,33.0,50.0
2004-09-20,0.2,12.4,23.0,76.0,1017.7,3.7,273.0,60.0
2004-09-21,0.2,12.9,21.4,84.0,1014.7,4.7,158.0,80.0
2004-09-22,0.7,13.5,21.8,82.0,1012.6,4.8,4.0,71.0
2004-09-23,0.1,16.0,21.2,81.0,1007.6,3.6,156.0,93.0
2004-09-24,24.0,10.8,18.5,89.0,1003.7,5.6,62.0,90.0
2004-09-25,0.2,6.1,17.8,73.0,1011.3,4.5,309.0,29.0
2004-09-26,0.0,6.3,19.5,66.0,1016.0,4.2,349.0,20.0
2004-09-27,0.0,7.4,18.9,66.0,1018.9,4.9,269.0,9.0
2004-09-28,0.0,10.5,19.1,72.0,1020.5,3.0,240.0,62.0
2004-09-29,0.0,10.2,19.9,78.0,1018.0,4.3,219.0,54.0
2004-09-30,0.0,10.3,19.9,82.0,1019.0,4.5,33.0,38.0
2004-10-01,2.9,14.2,18.7,89.0,1021.2,3.1,66.0,92.0
2004-10-02,0.0,10.6,20.4,83.0,1021.7,3.6,27.0,75.0
2004-10-03,0.1,14.9,20.8,84.0,1023.1,3.9,44.0,76.0
2004-10-04,0.0,12.6,20.7,82.0,1023.4,3.6,164.0,92.0
2004-10-05,1.0,15.0,20.6,88.0,1022.8,2.9,147.0,82.0
2004-10-06,4.3,16.6,21.0,88.0,1021.0,3.1,165.0,84.0
2004-10-07,2.3,15.7,20.2,89.0,1019.4,3.6,147.0,79.0
2004-10-08,1.3,15.7,20.5,89.0,1017.2,3.6,184.0,82.0
2004-10-09,3.5,16.2,20.4,90.0,1013.2,3.6,152.0,93.0
2004-10-10,16.2,15.6,20.3,93.0,1008.9,3.5,213.0,96.0
2004-10-11,7.7,11.6,15.6,79.0,1015.2,5.8,95.0,99.0
2004-10-12,0.0,7.8,13.6,62.0,1022.6,6.6,84.0,71.0
2004-10-13,0.0,6.8,13.6,67.0,1022.0,5.2,77.0,84.0
2004-10-14,0.0,6.0,14.4,74.0,1015.4,3.0,130.0,82.0
2004-10-15,11.1,9.4,13.5,83.0,1008.5,4.5,118.0,89.0
2004-10-16,14.7,8.4,14.4,84.0,1002.5,4.3,16.0,83.0
2004-10-17,5.2,7.2,14.5,79.0,1006.9,4.5,333.0,64.0
2004-10-18,0.0,3.8,14.1,84.0,1014.8,3.5,42.0,65.0
2004-10-19,0.5,8.4,13.3,83.0,1015.5,2.7,7.0,89.0
2004-10-20,0.0,7.5,15.8,83.0,1015.4,2.5,247.0,85.0
2004-10-21,0.0,12.7,18.5,85.0,1016.3,2.4,176.0,78.0
2004-10-22,7.2,12.6,17.8,90.0,1020.4,2.9,328.0,80.0
2004-10-23,0.1,10.6,17.9,91.0,1021.5,3.3,97.0,88.0
2004-10-24,5.1,13.8,16.2,95.0,1020.8,2.5,155.0,90.0
2004-10-25,4.4,13.4,16.9,93.0,1018.4,2.8,166.0,92.0
2004-10-26,4.9,13.1,16.9,91.0,1013.7,3.5,65.0,99.0
2004-10-27,49.2,13.7,18.3,94.0,1009.5,4.0,40.0,97.0
2004-10-28,0.0,9.5,17.1,89.0,1009.4,3.5,339.0,89.0
2004-10-29,22.1,10.9,14.9,91.0,1007.6,4.0,30.0,100.0
2004-10-30,0.0,10.2,17.9,86.0,1008.4,2.5,333.0,85.0
2004-10-31,58.7,10.3,14.5,86.0,1011.3,7.1,3.0,96.0
2004-11-01,50.0,12.3,17.8,91.0,1016.1,5.6,28.0,99.0
2004-11-02,2.7,13.8,23.1,82.0,1016.9,6.2,16.0,67.0
2004-11-03,0.0,11.2,22.2,77.0,1019.7,4.6,2.0,82.0
2004-11-04,0.0,9.7,22.1,79.0,1020.3,3.9,350.0,39.0
2004-11-05,0.6,10.1,18.1,85.0,1019.2,3.2,11.0,56.0
2004-11-06,19.2,10.3,13.8,88.0,1017.6,3.5,22.0,78.0
2004-11-07,3.2,4.8,11.3,79.0,1014.1,3.8,357.0,50.0
2004-11-08,0.0,1.1,11.7,64.0,1010.9,4.7,334.0,31.0
2004-11-09,0.0,-0.3,9.9,65.0,1006.6,5.0,12.0,61.0
2004-11-10,37.6,4.6,6.5,82.0,1005.5,9.7,11.0,99.0
2004-11-11,8.2,5.4,11.6,78.0,1012.6,7.0,1.0,92.0
2004-11-12,2.5,6.9,16.2,80.0,1018.0,4.8,345.0,78.0
2004-11-13,0.0,4.0,15.3,71.0,1011.0,5.4,4.0,74.0
2004-11-14,0.0,2.9,9.4,44.0,1014.5,7.3,1.0,79.0
2004-11-15,0.0,3.8,8.6,59.0,1017.6,5.0,329.0,85.0
2004-11-16,0.0,-1.2,10.1,73.0,1020.3,4.0,329.0,19.0
2004-11-17,0.0,0.2,11.7,79.0,1024.8,3.3,324.0,9.0
2004-11-18,0.0,2.3,9.4,83.0,1019.1,3.8,31.0,28.0
2004-11-19,1.1,4.5,11.3,71.0,1006.8,4.0,6.0,55.0
2004-11-20,0.0,-2.1,8.8,49.0,1017.9,5.5,340.0,14.0
2004-11-21,0.0,-3.6,8.2,60.0,1024.4,5.1,332.0,0.0
2004-11-22,0.0,-0.6,7.2,71.0,1026.5,4.1,30.0,37.0
2004-11-23,0.0,0.2,8.0,76.0,1021.6,3.3,15.0,15.0
2004-11-24,0.0,-0.3,10.6,80.0,1025.1,3.1,333.0,24.0
2004-11-25,0.0,3.5,6.7,79.0,1030.2,2.7,348.0,72.0
2004-11-26,0.0,1.8,7.9,85.0,1028.4,2.8,6.0,63.0
2004-11-27,0.0,1.9,10.1,87.0,1024.0,2.9,333.0,50.0
2004-11-28,0.0,-0.6,9.8,84.0,1022.0,3.5,339.0,88.0
2004-11-29,4.3,3.4,8.4,87.0,1017.4,4.1,7.0,100.0
2004-11-30,46.7,7.2,8.9,87.0,1013.4,7.0,23.0,100.0
2004-12-01,1.6,2.6,10.4,85.0,1014.9,4.3,29.0,66.0
2004-12-02,0.2,2.1,9.3,84.0,1015.6,2.5,351.0,78.0
2004-12-03,0.6,4.9,9.5,90.0,1019.7,3.3,357.0,52.0
2004-12-04,0.0,0.6,12.5,81.0,1026.2,5.1,4.0,72.0
2004-12-05,4.5,4.8,10.5,86.0,1025.6,5.2,354.0,99.0
2004-12-06,0.4,5.6,12.9,85.0,1024.6,2.8,343.0,46.0
2004-12-07,0.0,1.3,12.5,82.0,1028.0,2.2,343.0,48.0
2004-12-08,0.0,0.9,12.7,79.0,1026.7,3.2,359.0,51.0
2004-12-09,0.0,0.1,11.9,75.0,1025.4,3.4,348.0,21.0
2004-12-10,0.0,-1.6,11.6,71.0,1023.2,3.4,339.0,3.0
2004-12-11,0.0,-1.5,11.8,67.0,1025.6,2.9,338.0,0.0
2004-12-12,0.0,-1.0,11.2,74.0,1027.1,2.6,345.0,0.0
2004-12-13,0.0,-0.7,9.6,77.0,1028.1,2.3,342.0,0.0
2004-12-14,0.0,-1.0,9.6,80.0,1028.3,2.1,339.0,0.0
2004-12-15,0.0,-1.8,8.5,79.0,1027.0,2.4,345.0,27.0
2004-12-16,0.8,-1.0,7.6,80.0,1023.2,3.6,358.0,69.0
2004-12-17,0.6,2.4,8.0,91.0,1009.3,3.3,188.0,84.0
2004-12-18,0.3,2.0,10.0,71.0,1002.0,4.3,342.0,42.0
2004-12-19,0.0,-2.3,6.4,68.0,1007.3,4.8,3.0,52.0
2004-12-20,0.0,-1.9,7.0,69.0,1014.6,4.7,5.0,34.0
2004-12-21,0.0,-3.8,6.3,62.0,1022.8,4.2,344.0,14.0
2004-12-22,0.0,-2.9,4.9,55.0,1023.2,3.4,329.0,28.0
2004-12-23,0.0,-0.3,4.0,67.0,1018.6,2.9,80.0,16.0
2004-12-24,0.0,0.2,4.4,75.0,1015.7,2.8,86.0,53.0
2004-12-25,2.2,0.0,4.8,83.0,1011.5,3.0,15.0,88.0
2004-12-26,44.5,2.9,6.6,90.0,999.0,6.7,20.0,100.0
2004-12-27,16.6,4.3,7.3,89.0,1004.6,6.0,4.0,99.0
2004-12-28,5.6,3.6,7.1,87.0,1009.5,4.3,18.0,97.0
2004-12-29,0.3,-1.3,9.1,72.0,1014.2,6.2,346.0,76.0
2004-12-30,0.0,-3.7,6.5,65.0,1029.0,4.9,340.0,9.0
2004-12-31,0.0,-3.8,8.6,70.0,1027.2,2.5,330.0,2.0
2005-01-01,0.0,-3.2,9.6,73.0,1025.1,3.2,326.0,34.0
2005-01-02,0.0,-2.4,6.7,79.0,1022.4,3.0,353.0,49.0
2005-01-03,0.0,-3.6,8.9,76.0,1027.7,3.9,332.0,8.0
2005-01-04,0.0,-2.1,7.4,78.0,1029.4,3.6,328.0,19.0
2005-01-05,0.0,-2.3,7.1,87.0,1029.1,2.3,353.0,13.0
2005-01-06,0.0,-0.5,6.2,91.0,1029.0,3.1,349.0,51.0
2005-01-07,0.0,-2.6,8.1,90.0,1035.1,2.3,314.0,13.0
2005-01-08,0.0,0.6,4.7,96.0,1032.1,2.5,115.0,65.0
2005-01-09,0.0,0.8,6.2,93.0,1031.1,2.0,69.0,87.0
2005-01-10,0.0,-1.8,9.2,85.0,1033.0,2.4,322.0,25.0
2005-01-11,0.1,0.4,6.7,97.0,1030.9,2.1,338.0,70.0
2005-01-12,0.0,-1.1,8.5,87.0,1028.9,2.2,281.0,34.0
2005-01-13,0.0,-1.6,6.6,86.0,1025.7,2.5,309.0,46.0
2005-01-14,0.8,-2.9,8.3,84.0,1026.9,2.4,334.0,26.0
2005-01-15,3.3,0.1,5.1,90.0,1029.3,2.2,16.0,83.0
2005-01-16,0.0,0.7,4.4,86.0,1031.1,2.6,287.0,52.0
2005-01-17,0.0,-4.2,6.9,78.0,1027.4,2.0,308.0,9.0
2005-01-18,2.6,-3.2,3.5,80.0,1014.6,2.7,62.0,61.0
2005-01-19,1.8,-0.3,7.1,79.0,1006.7,5.0,350.0,91.0
2005-01-20,0.0,-4.0,7.4,79.0,1014.9,3.3,200.0,40.0
2005-01-21,0.7,0.1,7.4,78.0,1004.0,3.4,76.0,14.0
2005-01-22,5.5,-2.6,9.6,75.0,1010.1,4.4,325.0,12.0
2005-01-23,0.2,-5.0,6.2,78.0,1015.5,3.4,343.0,58.0
2005-01-24,0.0,-5.3,5.7,63.0,1009.1,5.0,351.0,73.0
2005-01-25,0.0,-4.8,3.4,42.0,1007.9,8.6,346.0,88.0
2005-01-26,0.0,-4.2,2.1,46.0,1004.6,8.1,335.0,99.0
2005-01-27,0.0,-4.0,3.3,52.0,1007.9,4.5,335.0,62.0
2005-01-28,0.1,-3.5,1.4,59.0,1010.6,3.7,29.0,88.0
2005-01-29,0.9,-4.1,3.8,56.0,1012.1,4.9,347.0,67.0
2005-01-30,0.0,-7.2,3.1,59.0,1021.6,4.5,332.0,1.0
2005-01-31,0.0,-6.4,5.4,65.0,1021.6,3.7,326.0,21.0
2005-02-01,0.0,-4.6,8.6,65.0,1013.9,4.6,356.0,18.0
2005-02-02,0.0,-5.4,7.8,58.0,1021.0,5.2,345.0,22.0
2005-02-03,0.0,-3.2,9.5,74.0,1020.8,4.2,338.0,13.0
2005-02-04,3.1,1.5,4.3,82.0,1030.4,4.6,233.0,77.0
2005-02-05,1.8,-2.8,4.2,79.0,1029.6,2.6,115.0,66.0
2005-02-06,0.0,-5.5,4.0,65.0,1029.6,3.4,17.0,6.0
2005-02-07,0.0,-1.7,3.2,54.0,1031.8,2.6,120.0,1.0
2005-02-08,0.0,-2.3,3.8,54.0,1034.8,2.2,127.0,8.0
2005-02-09,0.0,-0.8,6.7,57.0,1033.4,2.5,323.0,1.0
2005-02-10,0.0,-2.3,9.4,67.0,1032.8,3.4,281.0,35.0
2005-02-11,0.0,0.9,7.9,77.0,1027.2,3.6,72.0,77.0
2005-02-12,0.9,2.8,7.0,84.0,1017.5,3.9,106.0,71.0
2005-02-13,2.9,1.0,8.7,87.0,998.6,3.4,127.0,55.0
2005-02-14,0.3,-4.3,9.0,59.0,996.0,6.6,352.0,48.0
2005-02-15,0.0,-2.2,7.7,46.0,998.4,5.2,346.0,85.0
2005-02-16,0.0,-2.6,6.4,48.0,1005.4,6.9,345.0,79.0
2005-02-17,0.0,-3.3,6.6,56.0,1012.6,4.7,328.0,88.0
2005-02-18,0.0,0.0,7.1,68.0,1016.8,4.0,273.0,40.0
2005-02-19,0.0,-1.2,6.0,70.0,1011.0,4.0,161.0,43.0
2005-02-20,0.9,-0.7,6.6,68.0,1005.8,6.5,43.0,90.0
2005-02-21,8.1,0.2,2.1,81.0,1002.0,6.7,56.0,100.0
2005-02-22,4.8,-1.2,2.8,84.0,1002.6,4.3,54.0,84.0
2005-02-23,0.4,-0.8,4.8,76.0,1006.1,5.8,9.0,69.0
2005-02-24,0.0,-0.7,3.7,67.0,1012.1,4.0,45.0,38.0
2005-02-25,0.0,0.3,6.1,67.0,1011.3,4.1,29.0,67.0
2005-02-26,0.1,-3.0,7.2,65.0,1008.9,4.4,37.0,70.0
2005-02-27,5.2,-0.5,3.9,80.0,1004.7,4.2,300.0,93.0
2005-02-28,2.4,-4.6,0.5,49.0,1014.2,4.3,71.0,67.0
2005-03-01,0.0,-4.9,0.1,42.0,1015.6,2.5,81.0,21.0
2005-03-02,0.0,-5.2,2.6,51.0,1010.6,2.9,155.0,6.0
2005-03-03,5.1,-4.1,2.2,68.0,1013.2,4.7,48.0,85.0
2005-03-04,1.7,-3.0,3.7,83.0,1007.9,3.8,315.0,58.0
2005-03-05,0.0,-7.3,5.0,77.0,1003.7,4.3,284.0,69.0
2005-03-06,4.3,-4.7,5.3,78.0,1007.7,3.7,334.0,73.0
2005-03-07,0.0,-7.9,5.3,65.0,1015.0,4.4,315.0,42.0
2005-03-08,0.0,-6.2,8.4,60.0,1016.8,4.9,353.0,25.0
2005-03-09,0.1,-4.2,11.4,67.0,1018.8,4.5,322.0,25.0
2005-03-10,1.4,-3.7,9.7,74.0,1021.6,5.5,163.0,28.0
2005-03-11,0.0,0.1,6.2,80.0,1020.2,3.7,157.0,80.0
2005-03-12,0.6,0.7,10.9,79.0,1005.1,4.8,135.0,57.0
2005-03-13,0.0,-1.4,12.0,62.0,1009.2,5.7,23.0,12.0
2005-03-14,0.0,0.4,10.6,76.0,1018.4,4.5,126.0,74.0
2005-03-15,0.0,3.6,13.7,80.0,1024.3,3.9,93.0,41.0
2005-03-16,0.0,2.2,15.7,83.0,1030.3,3.4,198.0,6.0
2005-03-17,0.0,3.4,15.3,86.0,1029.7,3.7,228.0,38.0
2005-03-18,0.0,3.5,17.7,80.0,1026.2,3.2,213.0,4.0
2005-03-19,0.0,4.0,18.1,84.0,1018.7,3.3,313.0,32.0
2005-03-20,0.6,5.6,11.8,75.0,1018.8,4.2,132.0,50.0
2005-03-21,0.0,6.4,14.2,60.0,1017.8,3.6,136.0,60.0
2005-03-22,0.0,3.4,14.5,69.0,1019.3,4.4,134.0,75.0
2005-03-23,0.5,6.7,12.8,76.0,1022.4,3.3,111.0,86.0
2005-03-24,0.0,6.0,13.0,87.0,1022.3,4.0,167.0,80.0
2005-03-25,3.1,9.2,14.1,92.0,1019.0,2.5,155.0,88.0
2005-03-26,4.7,9.6,12.5,96.0,1014.4,2.4,115.0,92.0
2005-03-27,0.8,7.7,15.6,89.0,1008.1,2.8,88.0,90.0
2005-03-28,0.0,5.0,18.4,80.0,1009.0,4.5,294.0,59.0
2005-03-29,3.8,4.4,17.3,80.0,1014.3,3.8,297.0,83.0
2005-03-30,1.3,4.8,16.9,79.0,1013.6,4.0,19.0,86.0
2005-03-31,2.8,6.6,15.7,74.0,1018.1,5.6,26.0,71.0
2005-04-01,0.7,6.7,13.5,62.0,1025.0,3.5,108.0,54.0
2005-04-02,0.0,2.0,14.1,57.0,1028.6,4.9,52.0,11.0
2005-04-03,0.0,0.9,14.8,66.0,1029.1,4.3,190.0,17.0
2005-04-04,0.0,1.6,14.9,66.0,1029.4,4.4,192.0,1.0
2005-04-05,0.0,0.6,14.2,68.0,1029.0,3.9,185.0,41.0
2005-04-06,0.0,2.7,16.0,74.0,1026.5,4.5,181.0,41.0
2005-04-07,0.0,4.3,13.5,82.0,1018.5,4.6,176.0,96.0
2005-04-08,9.8,6.0,14.9,85.0,1008.8,4.3,138.0,93.0
2005-04-09,21.2,8.8,13.1,85.0,1004.3,4.8,26.0,97.0
2005-04-10,7.5,6.3,12.2,78.0,1014.0,7.4,15.0,100.0
2005-04-11,4.0,6.7,16.3,69.0,1017.1,8.9,7.0,98.0
2005-04-12,5.2,8.4,14.1,83.0,1016.9,3.1,22.0,80.0
2005-04-13,0.2,3.5,17.3,75.0,1010.8,2.9,279.0,39.0
2005-04-14,0.3,5.2,18.9,74.0,1008.4,4.3,191.0,23.0
2005-04-15,0.8,5.6,17.0,79.0,1008.8,5.6,140.0,46.0
2005-04-16,32.3,6.7,11.6,92.0,1005.1,5.4,69.0,87.0
2005-04-17,1.2,3.7,13.1,78.0,999.7,4.5,227.0,76.0
2005-04-18,1.0,4.8,17.1,74.0,999.9,5.2,192.0,44.0
2005-04-19,3.6,6.6,14.5,83.0,1003.0,4.6,75.0,89.0
2005-04-20,14.8,8.1,11.3,91.0,1004.3,4.2,48.0,98.0
2005-04-21,10.8,6.0,14.1,83.0,1009.8,4.2,219.0,73.0
2005-04-22,0.5,6.1,12.3,72.0,1017.1,4.9,221.0,63.0
2005-04-23,0.0,2.5,13.5,71.0,1017.9,5.1,193.0,78.0
2005-04-24,5.1,8.0,12.5,86.0,1018.3,2.7,128.0,100.0
2005-04-25,7.1,7.8,14.0,89.0,1011.6,3.6,90.0,92.0
2005-04-26,0.9,5.6,18.3,83.0,1013.1,3.9,203.0,46.0
2005-04-27,0.2,6.9,18.4,82.0,1018.4,5.1,162.0,52.0
2005-04-28,1.4,9.1,19.7,77.0,1019.7,4.0,7.0,51.0
2005-04-29,1.9,8.2,19.1,80.0,1020.7,2.9,279.0,73.0
2005-04-30,0.8,7.9,21.4,76.0,1018.6,3.9,207.0,37.0
2005-05-01,0.0,8.4,22.0,76.0,1017.8,4.7,182.0,44.0
2005-05-02,0.0,9.5,23.3,77.0,1019.4,4.5,169.0,49.0
2005-05-03,0.0,10.7,23.8,75.0,1017.0,6.1,190.0,82.0
2005-05-04,4.5,12.0,21.6,74.0,1011.5,4.4,335.0,49.0
2005-05-05,12.3,10.5,16.5,82.0,1009.6,4.3,318.0,93.0
2005-05-06,8.0,6.3,18.7,80.0,1009.6,4.4,280.0,32.0
2005-05-07,12.4,6.0,18.2,82.0,1009.0,5.0,205.0,47.0
2005-05-08,3.9,7.1,18.6,73.0,1006.4,4.8,92.0,38.0
2005-05-09,4.5,7.1,15.3,72.0,1011.3,4.8,70.0,85.0
2005-05-10,0.0,6.5,14.1,75.0,1014.0,3.9,41.0,88.0
2005-05-11,3.7,8.7,17.1,71.0,1016.6,4.6,17.0,71.0
2005-05-12,0.7,5.2,18.0,67.0,1019.7,4.5,31.0,45.0
2005-05-13,0.0,6.1,19.5,64.0,1019.1,4.8,78.0,60.0
2005-05-14,0.9,7.6,18.3,73.0,1016.5,3.6,135.0,89.0
2005-05-15,1.5,9.5,18.9,79.0,1014.9,4.1,181.0,63.0
2005-05-16,6.1,11.9,18.9,84.0,1013.7,3.9,119.0,94.0
2005-05-17,6.9,9.4,20.0,81.0,1011.8,5.1,104.0,79.0
2005-05-18,38.4,12.9,19.0,83.0,1008.9,6.4,30.0,88.0
2005-05-19,0.8,10.8,19.0,73.0,1018.2,4.2,257.0,48.0
2005-05-20,0.1,13.3,20.5,76.0,1021.9,4.3,201.0,65.0
2005-05-21,0.7,9.4,22.5,77.0,1018.5,4.4,183.0,56.0
2005-05-22,0.4,12.4,22.6,78.0,1015.4,4.5,180.0,65.0
2005-05-23,1.9,11.0,21.9,73.0,1015.3,3.9,79.0,66.0
2005-05-24,0.2,11.4,23.3,64.0,1020.1,4.8,337.0,31.0
2005-05-25,0.0,12.4,23.5,71.0,1023.9,4.2,250.0,20.0
2005-05-26,0.2,12.9,25.2,71.0,1023.0,4.1,293.0,17.0
2005-05-27,0.1,12.9,27.1,69.0,1019.8,4.3,233.0,8.0
2005-05-28,0.4,12.9,28.5,67.0,1018.3,4.1,244.0,17.0
2005-05-29,0.0,14.1,29.5,63.0,1017.8,4.2,241.0,11.0
2005-05-30,0.1,14.5,28.7,70.0,1015.4,5.8,220.0,31.0
2005-05-31,13.1,16.2,24.0,76.0,1016.4,6.1,32.0,64.0
2005-06-01,2.6,14.7,22.3,69.0,1018.9,4.2,133.0,55.0
2005-06-02,0.9,13.3,22.8,63.0,1018.4,4.3,209.0,50.0
2005-06-03,0.0,11.6,24.5,69.0,1017.3,4.7,198.0,24.0
2005-06-04,3.9,13.0,23.3,75.0,1015.4,4.9,202.0,69.0
2005-06-05,7.1,15.1,20.4,75.0,1015.2,6.2,66.0,82.0
2005-06-06,3.2,13.0,22.0,64.0,1016.2,4.5,38.0,73.0
2005-06-07,12.8,11.4,20.5,78.0,1018.2,4.3,2.0,48.0
2005-06-08,0.2,6.5,19.6,53.0,1025.0,4.1,311.0,24.0
2005-06-09,1.9,8.2,18.0,60.0,1021.9,5.0,277.0,41.0
2005-06-10,0.0,8.0,20.6,55.0,1016.6,4.3,273.0,42.0
2005-06-11,1.7,9.0,20.9,67.0,1013.5,5.5,200.0,52.0
2005-06-12,3.9,12.2,19.9,79.0,1012.1,4.6,113.0,80.0
2005-06-13,6.1,14.3,21.5,84.0,1013.6,4.9,130.0,74.0
2005-06-14,10.3,13.7,19.8,88.0,1015.6,4.0,65.0,91.0
2005-06-15,3.0,12.7,23.6,79.0,1016.9,3.0,129.0,63.0
2005-06-16,3.6,13.6,26.8,71.0,1019.8,3.8,353.0,52.0
2005-06-17,0.0,14.6,27.8,67.0,1023.6,4.4,299.0,74.0
2005-06-18,0.2,15.7,28.3,68.0,1020.2,4.2,251.0,52.0
2005-06-19,5.5,19.0,25.1,74.0,1017.5,4.5,253.0,71.0
2005-06-20,0.5,17.2,25.8,70.0,1016.9,5.3,215.0,44.0
2005-06-21,1.8,16.1,28.0,67.0,1017.8,4.5,239.0,53.0
2005-06-22,2.9,16.1,29.2,70.0,1019.3,4.4,258.0,65.0
2005-06-23,2.1,17.1,29.0,72.0,1019.1,3.5,236.0,45.0
2005-06-24,2.1,19.4,28.9,73.0,1018.2,3.8,296.0,91.0
2005-06-25,5.2,18.8,29.1,78.0,1016.9,4.4,238.0,54.0
2005-06-26,5.5,18.4,29.5,72.0,1019.0,3.3,331.0,51.0
2005-06-27,1.3,18.8,29.4,71.0,1018.8,4.5,282.0,47.0
2005-06-28,3.5,19.5,29.5,75.0,1015.5,4.0,322.0,57.0
2005-06-29,6.1,19.7,29.5,76.0,1010.5,3.4,319.0,90.0
2005-06-30,4.9,18.7,28.5,72.0,1008.2,3.4,275.0,41.0
2005-07-01,11.1,18.2,23.5,74.0,1009.4,5.1,17.0,66.0
2005-07-02,0.0,14.3,27.1,59.0,1015.4,4.8,275.0,12.0
2005-07-03,0.0,15.7,26.3,66.0,1017.6,4.7,266.0,43.0
2005-07-04,0.0,16.2,26.0,66.0,1014.3,4.5,208.0,54.0
2005-07-05,22.7,15.7,20.1,79.0,1009.3,4.4,44.0,71.0
2005-07-06,0.0,9.9,22.9,59.0,1011.8,5.5,261.0,16.0
2005-07-07,4.0,13.9,22.6,67.0,1011.1,3.6,33.0,85.0
2005-07-08,8.3,15.8,22.7,68.0,1011.3,4.4,16.0,63.0
2005-07-09,2.9,13.2,21.0,72.0,1015.0,5.2,31.0,71.0
2005-07-10,1.4,13.4,24.2,72.0,1015.9,4.1,287.0,60.0
2005-07-11,8.3,16.9,22.7,78.0,1016.4,3.3,322.0,91.0
2005-07-12,2.7,14.6,26.7,72.0,1018.0,3.7,330.0,94.0
2005-07-13,2.5,16.0,25.9,71.0,1018.7,4.3,295.0,52.0
2005-07-14,0.6,14.8,27.9,64.0,1019.3,4.3,252.0,24.0
2005-07-15,2.2,16.6,27.9,73.0,1019.2,4.3,260.0,34.0
2005-07-16,2.5,16.1,28.8,76.0,1016.5,3.9,271.0,48.0
2005-07-17,0.3,17.7,29.2,77.0,1014.5,4.0,209.0,29.0
2005-07-18,5.1,21.0,27.7,82.0,1013.5,4.1,182.0,94.0
2005-07-19,12.4,19.0,26.5,76.0,1013.5,4.1,43.0,46.0
2005-07-20,0.0,18.3,26.8,71.0,1018.7,4.6,325.0,39.0
2005-07-21,8.3,16.7,26.2,78.0,1013.4,3.2,344.0,36.0
2005-07-22,4.6,14.8,25.2,72.0,1009.9,3.5,329.0,39.0
2005-07-23,1.0,14.7,25.0,66.0,1009.5,4.2,266.0,59.0
2005-07-24,1.4,14.9,25.2,71.0,1011.5,3.7,222.0,52.0
2005-07-25,1.2,17.5,25.3,79.0,1012.5,4.1,183.0,76.0
2005-07-26,2.0,19.2,27.4,80.0,1012.5,3.2,324.0,81.0
2005-07-27,0.7,18.8,30.4,71.0,1014.7,3.8,283.0,47.0
2005-07-28,0.0,17.9,31.4,72.0,1016.0,4.6,217.0,17.0
2005-07-29,0.0,19.1,32.4,72.0,1015.0,4.2,222.0,23.0
2005-07-30,1.3,20.6,32.5,67.0,1011.0,4.0,109.0,35.0
2005-07-31,3.6,20.4,29.6,65.0,1009.5,4.3,341.0,35.0
2005-08-01,0.0,20.4,29.4,58.0,1013.3,5.0,48.0,26.0
2005-08-02,0.5,17.9,29.1,64.0,1014.0,5.2,38.0,56.0
2005-08-03,4.0,17.0,25.4,77.0,1012.1,4.4,355.0,81.0
2005-08-04,1.6,16.0,25.3,68.0,1015.2,4.6,301.0,71.0
2005-08-05,0.0,13.1,24.9,57.0,1018.1,5.2,265.0,14.0
2005-08-06,0.6,14.1,25.1,67.0,1014.0,4.4,116.0,71.0
2005-08-07,16.7,16.0,20.1,72.0,1009.5,4.5,81.0,66.0
2005-08-08,1.9,10.9,21.0,70.0,1013.0,4.3,288.0,24.0
2005-08-09,0.0,12.1,23.1,68.0,1015.8,5.3,223.0,39.0
2005-08-10,0.3,12.3,24.1,75.0,1014.2,4.9,192.0,60.0
2005-08-11,9.8,16.5,23.6,84.0,1012.5,3.9,71.0,86.0
2005-08-12,3.3,17.2,23.5,77.0,1013.3,5.6,60.0,63.0
2005-08-13,7.5,14.1,26.0,71.0,1015.0,3.2,344.0,55.0
2005-08-14,10.1,16.7,24.0,76.0,1014.9,4.6,37.0,80.0
2005-08-15,2.9,14.4,21.5,77.0,1011.9,4.2,331.0,65.0
2005-08-16,1.9,13.2,23.8,73.0,1013.1,3.6,297.0,65.0
2005-08-17,0.0,12.9,27.2,66.0,1015.1,4.9,329.0,16.0
2005-08-18,1.1,15.4,26.0,71.0,1016.8,4.1,233.0,46.0
2005-08-19,2.3,16.2,25.6,78.0,1015.7,3.9,249.0,47.0
2005-08-20,10.3,17.2,23.4,84.0,1014.9,4.0,12.0,89.0
2005-08-21,26.4,16.2,19.8,89.0,1011.3,4.5,24.0,96.0
2005-08-22,10.7,13.9,18.3,90.0,1007.8,3.6,281.0,99.0
2005-08-23,11.7,15.2,22.1,88.0,1009.6,2.5,188.0,84.0
2005-08-24,3.8,14.2,23.0,88.0,1013.0,3.9,279.0,47.0
2005-08-25,1.0,15.9,23.1,84.0,1013.3,4.3,174.0,75.0
2005-08-26,6.1,16.7,23.8,90.0,1015.3,4.1,55.0,67.0
2005-08-27,9.8,17.0,22.6,84.0,1017.7,3.9,58.0,96.0
2005-08-28,13.0,17.3,22.3,83.0,1017.9,4.5,26.0,85.0
2005-08-29,0.0,14.4,26.5,74.0,1023.0,4.5,22.0,19.0
2005-08-30,1.7,15.6,27.1,78.0,1023.2,3.8,19.0,28.0
2005-08-31,0.0,16.8,26.8,75.0,1019.5,3.9,31.0,23.0
2005-09-01,0.3,15.9,27.2,76.0,1017.1,3.4,338.0,16.0
2005-09-02,1.9,17.0,28.6,77.0,1020.0,3.7,329.0,64.0
2005-09-03,13.7,18.3,26.0,80.0,1024.0,3.4,347.0,86.0
2005-09-04,15.0,15.5,23.0,83.0,1024.0,4.6,8.0,54.0
2005-09-05,0.0,15.2,22.8,74.0,1021.3,4.3,38.0,48.0
2005-09-06,0.0,12.3,23.3,74.0,1018.2,4.5,355.0,42.0
2005-09-07,0.6,13.6,21.8,83.0,1018.8,4.1,30.0,58.0
2005-09-08,1.1,16.1,23.8,84.0,1020.5,4.5,144.0,76.0
2005-09-09,45.7,17.5,19.8,94.0,1016.1,4.5,46.0,100.0
2005-09-10,2.1,14.7,23.0,83.0,1011.9,3.9,248.0,66.0
2005-09-11,7.4,16.1,22.0,88.0,1010.8,3.6,115.0,79.0
2005-09-12,5.3,15.5,22.1,80.0,1014.0,4.2,269.0,47.0
2005-09-13,0.0,11.3,23.1,75.0,1020.5,3.1,323.0,20.0
2005-09-14,0.0,13.7,23.4,76.0,1021.1,3.7,305.0,32.0
2005-09-15,0.0,14.4,23.9,81.0,1018.1,4.3,206.0,49.0
2005-09-16,2.3,16.3,22.1,87.0,1009.2,3.6,159.0,81.0
2005-09-17,40.9,12.1,20.7,90.0,1006.5,5.3,40.0,92.0
2005-09-18,21.0,11.4,14.4,84.0,1015.5,6.8,360.0,100.0
2005-09-19,0.2,13.1,15.9,86.0,1018.1,2.4,301.0,99.0
2005-09-20,1.3,13.9,17.6,82.0,1016.9,2.3,250.0,90.0
2005-09-21,2.0,13.1,19.3,78.0,1018.2,3.3,294.0,62.0
2005-09-22,0.1,13.2,20.1,73.0,1019.5,2.6,43.0,88.0
2005-09-23,0.0,13.3,19.9,76.0,1018.8,3.3,298.0,59.0
2005-09-24,0.2,11.8,21.7,79.0,1018.1,3.7,334.0,23.0
2005-09-25,1.3,10.8,21.1,81.0,1017.0,3.4,349.0,43.0
2005-09-26,0.6,10.9,21.6,79.0,1020.5,3.5,306.0,41.0
2005-09-27,3.8,12.3,20.6,85.0,1022.2,2.7,318.0,91.0
2005-09-28,1.5,11.7,20.1,89.0,1021.7,2.8,53.0,78.0
2005-09-29,19.3,14.9,18.8,93.0,1016.9,3.2,60.0,91.0
2005-09-30,1.1,9.6,19.4,72.0,1019.0,4.2,333.0,22.0
2005-10-01,1.4,9.2,16.0,79.0,1019.0,3.5,308.0,76.0
2005-10-02,8.4,10.5,15.4,82.0,1015.2,4.5,34.0,94.0
2005-10-03,50.1,11.9,15.1,85.0,1018.4,8.1,9.0,100.0
2005-10-04,14.3,10.9,17.9,87.0,1020.2,5.0,9.0,97.0
2005-10-05,18.5,10.2,17.7,89.0,1021.0,5.4,12.0,77.0
2005-10-06,29.9,14.3,17.7,84.0,1022.1,5.6,19.0,99.0
2005-10-07,12.6,13.5,17.1,81.0,1023.0,6.1,18.0,100.0
2005-10-08,2.5,13.3,18.9,78.0,1020.6,4.7,52.0,97.0
2005-10-09,0.0,9.1,18.0,75.0,1023.5,3.1,11.0,42.0
2005-10-10,0.0,9.3,18.6,74.0,1026.4,5.3,41.0,35.0
2005-10-11,0.0,7.2,17.9,69.0,1024.7,6.5,23.0,17.0
2005-10-12,0.0,6.4,16.9,72.0,1023.5,4.9,24.0,27.0
2005-10-13,0.0,5.9,15.6,77.0,1021.3,4.3,247.0,41.0
2005-10-14,0.0,5.7,16.8,84.0,1025.3,3.3,322.0,3.0
2005-10-15,0.0,6.9,17.6,83.0,1027.9,3.2,263.0,29.0
2005-10-16,0.0,8.0,17.5,85.0,1022.6,3.1,41.0,8.0
2005-10-17,0.0,9.5,13.9,75.0,1022.7,3.8,158.0,46.0
2005-10-18,0.0,8.6,13.4,74.0,1024.4,2.9,157.0,53.0
2005-10-19,0.7,3.8,12.3,82.0,1024.4,2.9,143.0,79.0
2005-10-20,8.7,8.2,10.9,88.0,1020.9,3.1,45.0,100.0
2005-10-21,1.7,11.0,15.4,86.0,1015.9,4.1,209.0,92.0
2005-10-22,0.0,10.2,15.5,90.0,1015.2,3.4,204.0,73.0
2005-10-23,0.1,11.9,16.1,90.0,1017.6,2.9,197.0,90.0
2005-10-24,0.0,11.3,17.6,89.0,1022.0,3.1,150.0,89.0
2005-10-25,3.1,12.7,16.6,93.0,1023.1,3.3,182.0,97.0
2005-10-26,3.0,12.0,16.8,93.0,1024.2,2.7,128.0,91.0
2005-10-27,0.0,12.5,16.2,94.0,1025.6,2.4,179.0,80.0
2005-10-28,0.2,12.3,16.3,93.0,1024.4,2.4,167.0,70.0
2005-10-29,0.0,7.7,17.8,89.0,1023.7,3.6,330.0,32.0
2005-10-30,0.2,8.9,15.5,88.0,1023.5,2.4,132.0,66.0
2005-10-31,0.2,7.2,13.2,92.0,1022.1,1.8,130.0,85.0
2005-11-01,2.9,10.0,13.1,91.0,1022.2,2.3,116.0,98.0
2005-11-02,0.0,11.8,16.6,85.0,1021.9,3.0,293.0,95.0
2005-11-03,1.3,10.7,15.4,91.0,1022.7,2.4,256.0,91.0
2005-11-04,1.3,9.2,14.0,93.0,1022.8,2.9,150.0,97.0
2005-11-05,4.6,10.6,14.3,93.0,1022.5,2.3,96.0,98.0
2005-11-06,34.1,11.2,13.5,85.0,1025.5,7.1,15.0,100.0
2005-11-07,4.9,9.0,14.6,87.0,1024.5,3.1,353.0,89.0
2005-11-08,0.0,5.6,16.8,87.0,1027.5,3.3,334.0,20.0
2005-11-09,0.0,6.9,15.2,84.0,1025.9,3.0,333.0,22.0
2005-11-10,0.0,5.5,15.5,87.0,1029.8,2.8,328.0,16.0
2005-11-11,0.0,4.2,15.1,81.0,1030.4,3.1,336.0,1.0
2005-11-12,0.0,3.7,12.9,87.0,1024.1,2.6,337.0,36.0
2005-11-13,0.0,5.8,12.0,88.0,1021.9,2.6,4.0,81.0
2005-11-14,0.0,2.7,11.6,87.0,1024.7,2.5,351.0,61.0
2005-11-15,0.0,5.6,11.1,89.0,1017.9,2.1,261.0,85.0
2005-11-16,0.0,6.5,10.1,93.0,1003.6,3.0,190.0,92.0
2005-11-17,0.7,5.2,12.0,77.0,1004.9,3.6,9.0,60.0
2005-11-18,1.1,1.2,8.6,77.0,1015.3,4.1,320.0,43.0
2005-11-19,1.6,-0.4,7.9,69.0,1022.3,4.3,325.0,22.0
2005-11-20,0.3,-0.3,6.7,75.0,1028.0,3.4,327.0,37.0
2005-11-21,0.0,0.9,7.7,74.0,1022.4,3.8,4.0,24.0
2005-11-22,0.5,-0.2,6.8,75.0,1024.9,4.0,339.0,27.0
2005-11-23,0.0,-2.1,6.1,50.0,1022.8,7.9,37.0,49.0
2005-11-24,0.6,0.2,5.2,66.0,1014.6,3.3,301.0,89.0
2005-11-25,4.2,-1.0,1.2,85.0,1002.2,3.1,57.0,91.0
2005-11-26,13.6,0.3,3.6,88.0,997.8,5.1,354.0,100.0
2005-11-27,0.3,2.1,5.9,86.0,996.4,3.0,315.0,95.0
2005-11-28,0.0,-1.6,4.6,89.0,1004.3,2.7,3.0,80.0
2005-11-29,8.6,-4.4,5.8,87.0,1009.9,5.9,1.0,98.0
2005-11-30,0.0,-2.1,9.1,80.0,1009.2,4.2,350.0,44.0
2005-12-01,0.0,-3.3,5.8,75.0,1012.6,3.6,328.0,28.0
2005-12-02,0.8,-4.2,4.3,81.0,1013.9,2.5,356.0,69.0
2005-12-03,29.1,2.1,7.8,91.0,1006.9,5.3,6.0,92.0
2005-12-04,0.4,1.6,8.1,87.0,1011.4,3.2,18.0,69.0
2005-12-05,4.9,4.3,8.4,89.0,1004.5,3.5,10.0,88.0
2005-12-06,0.7,-0.3,8.4,89.0,1001.6,3.7,332.0,92.0
2005-12-07,0.4,-1.0,9.1,83.0,1011.6,3.8,327.0,55.0
2005-12-08,0.8,-3.6,6.4,84.0,1020.0,4.0,356.0,73.0
2005-12-09,0.0,-1.3,9.0,71.0,1025.2,6.7,359.0,77.0
2005-12-10,0.0,-3.9,5.7,68.0,1033.8,3.8,348.0,0.0
2005-12-11,0.0,-4.3,6.5,68.0,1032.7,4.5,345.0,2.0
2005-12-12,5.1,-2.5,8.5,70.0,1025.6,4.8,354.0,95.0
2005-12-13,0.7,0.6,9.5,83.0,1024.4,2.8,342.0,65.0
2005-12-14,0.0,-1.8,8.5,82.0,1017.5,3.5,323.0,42.0
2005-12-15,0.0,-3.6,6.8,75.0,1016.1,4.2,312.0,9.0
2005-12-16,0.0,-2.1,3.5,85.0,1004.9,2.8,49.0,63.0
2005-12-17,2.5,-0.2,6.5,70.0,1000.5,4.7,342.0,24.0
2005-12-18,0.0,-5.0,6.0,57.0,1014.8,5.1,325.0,20.0
2005-12-19,0.0,-4.2,4.2,60.0,1024.2,2.7,339.0,42.0
2005-12-20,0.0,-3.9,5.2,67.0,1027.3,2.6,318.0,37.0
2005-12-21,0.0,-4.0,6.7,76.0,1028.0,3.0,332.0,0.0
2005-12-22,0.0,-3.2,4.4,76.0,1028.3,2.0,325.0,53.0
2005-12-23,0.0,-2.8,5.9,79.0,1026.1,1.9,323.0,32.0
2005-12-24,0.0,-1.5,5.5,85.0,1024.7,2.5,177.0,31.0
2005-12-25,0.0,-1.0,5.7,85.0,1018.5,2.8,354.0,89.0
2005-12-26,0.4,-1.3,6.4,81.0,1010.5,3.9,7.0,57.0
2005-12-27,3.7,-0.8,3.4,83.0,1004.3,5.3,28.0,93.0
2005-12-28,12.5,-4.8,3.0,82.0,999.6,6.1,7.0,75.0
2005-12-29,5.1,-5.1,0.3,76.0,1011.4,6.9,8.0,83.0
2005-12-30,0.0,-10.4,1.5,68.0,1016.8,4.4,339.0,7.0
2005-12-31,0.2,-3.1,-0.1,70.0,1017.3,2.9,22.0,85.0
2006-01-01,3.7,-0.7,4.1,82.0,1008.3,3.1,337.0,99.0
2006-01-02,5.8,0.6,4.7,90.0,1009.0,3.5,335.0,99.0
2006-01-03,0.0,-3.8,8.6,78.0,1018.2,5.4,343.0,80.0
2006-01-04,0.0,-5.5,6.6,67.0,1021.5,4.1,338.0,16.0
2006-01-05,0.0,-2.5,7.3,71.0,1018.4,3.4,340.0,95.0
2006-01-06,0.0,-3.3,6.9,79.0,1019.9,2.9,337.0,76.0
2006-01-07,0.0,0.5,7.8,77.0,1025.5,2.3,19.0,60.0
2006-01-08,0.0,-0.3,5.0,75.0,1030.2,4.1,29.0,39.0
2006-01-09,0.0,-2.0,4.4,71.0,1030.3,3.1,346.0,3.0
2006-01-10,0.0,-3.9,7.0,70.0,1029.6,2.4,332.0,0.0
2006-01-11,0.0,-4.2,8.6,71.0,1029.1,2.6,328.0,0.0
2006-01-12,0.0,-3.1,7.1,71.0,1030.4,1.7,328.0,0.0
2006-01-13,0.0,-3.7,5.7,72.0,1033.2,2.3,322.0,0.0
2006-01-14,0.0,-3.8,4.9,75.0,1030.7,1.7,307.0,1.0
2006-01-15,0.0,-4.4,2.7,71.0,1031.2,2.7,359.0,24.0
2006-01-16,0.0,-4.0,3.9,64.0,1028.5,2.6,314.0,8.0
2006-01-17,1.2,-2.3,1.4,81.0,1023.2,2.2,72.0,87.0
2006-01-18,1.4,-0.8,3.5,86.0,1010.0,2.4,178.0,69.0
2006-01-19,0.0,-4.1,8.8,74.0,1019.7,3.9,327.0,4.0
2006-01-20,0.0,-3.1,5.3,85.0,1026.0,2.3,37.0,29.0
2006-01-21,0.0,-1.3,5.1,86.0,1021.4,2.3,90.0,53.0
2006-01-22,0.9,-3.7,8.6,77.0,1022.4,3.4,323.0,22.0
2006-01-23,4.6,-4.9,2.2,84.0,1029.1,3.3,6.0,36.0
2006-01-24,0.0,-7.3,2.8,62.0,1034.4,4.5,356.0,3.0
2006-01-25,0.0,-6.0,1.6,53.0,1026.7,2.6,286.0,60.0
2006-01-26,3.6,-4.0,1.3,60.0,1019.7,5.7,29.0,85.0
2006-01-27,28.2,-0.7,2.8,85.0,1023.5,7.1,19.0,98.0
2006-01-28,14.1,1.8,4.3,88.0,1026.8,5.6,17.0,100.0
2006-01-29,1.5,4.2,8.3,86.0,1027.4,4.0,5.0,100.0
2006-01-30,0.0,2.2,11.9,84.0,1025.0,3.4,352.0,92.0
2006-01-31,0.0,-2.1,11.9,84.0,1019.6,2.2,332.0,42.0
2006-02-01,0.0,-1.5,13.2,80.0,1018.2,2.1,327.0,12.0
2006-02-02,0.0,-1.1,12.1,74.0,1014.7,2.3,346.0,1.0
2006-02-03,0.0,-1.6,10.8,69.0,1014.0,2.5,349.0,10.0
2006-02-04,0.0,-0.0,8.1,71.0,1015.5,2.6,55.0,28.0
2006-02-05,0.0,-0.6,4.5,74.0,1022.4,3.4,209.0,35.0
2006-02-06,0.8,-1.4,1.8,77.0,1023.9,4.3,198.0,77.0
2006-02-07,0.4,-2.1,1.7,82.0,1022.5,3.3,170.0,66.0
2006-02-08,0.0,-3.1,2.9,79.0,1012.0,3.3,157.0,63.0
2006-02-09,0.1,-6.9,8.0,79.0,1006.7,3.2,302.0,28.0
2006-02-10,0.0,-5.4,8.4,69.0,1010.8,4.3,300.0,20.0
2006-02-11,0.0,-4.5,8.6,58.0,1019.8,3.5,328.0,13.0
2006-02-12,0.0,-3.6,6.1,69.0,1024.4,3.6,360.0,20.0
2006-02-13,0.0,-2.7,5.0,81.0,1023.1,2.8,243.0,61.0
2006-02-14,0.0,-1.6,5.8,82.0,1023.3,3.2,174.0,72.0
2006-02-15,4.3,0.2,4.7,89.0,1018.7,2.6,95.0,97.0
2006-02-16,4.2,0.3,4.3,95.0,1004.1,2.2,78.0,93.0
2006-02-17,0.6,3.0,9.1,85.0,1000.7,2.7,98.0,88.0
2006-02-18,9.8,2.0,6.9,93.0,1008.9,3.9,27.0,93.0
2006-02-19,3.0,1.3,9.2,88.0,1010.9,3.9,36.0,89.0
2006-02-20,23.1,4.3,8.0,96.0,1007.6,3.7,38.0,99.0
2006-02-21,0.1,2.9,9.6,86.0,1011.6,4.3,36.0,100.0
2006-02-22,4.7,0.9,8.2,87.0,1016.6,5.0,14.0,98.0
2006-02-23,0.2,2.7,9.6,78.0,1016.1,5.8,37.0,68.0
2006-02-24,6.2,2.3,8.9,79.0,1009.0,7.8,21.0,100.0
2006-02-25,3.9,3.6,7.8,77.0,1008.5,3.9,128.0,100.0
2006-02-26,3.7,1.1,6.6,88.0,1009.5,3.1,202.0,99.0
2006-02-27,5.3,-0.4,4.9,81.0,1010.7,5.3,93.0,81.0
2006-02-28,0.0,-2.8,4.0,63.0,1008.2,4.0,130.0,67.0
2006-03-01,0.5,-1.7,4.6,71.0,1007.4,3.9,162.0,66.0
2006-03-02,3.6,-2.3,5.8,75.0,1007.1,4.8,16.0,51.0
2006-03-03,0.5,-4.0,5.7,83.0,1009.0,4.4,50.0,81.0
2006-03-04,2.3,2.2,8.9,91.0,999.7,4.9,186.0,100.0
2006-03-05,30.1,2.4,9.0,91.0,995.1,4.7,89.0,99.0
2006-03-06,0.0,-4.2,9.4,56.0,1008.8,5.9,360.0,58.0
2006-03-07,0.0,-3.6,8.2,48.0,1014.3,5.1,347.0,32.0
2006-03-08,0.0,-3.4,6.6,59.0,1017.1,5.0,216.0,61.0
2006-03-09,0.0,-0.5,6.9,76.0,1010.0,3.9,121.0,78.0
2006-03-10,8.5,2.1,8.5,87.0,1005.7,3.7,333.0,98.0
2006-03-11,9.7,0.4,11.0,76.0,1003.6,3.9,301.0,59.0
2006-03-12,4.9,-3.2,4.0,60.0,1009.5,11.1,349.0,72.0
2006-03-13,0.0,-4.0,8.7,58.0,1016.1,6.8,331.0,55.0
2006-03-14,0.0,-4.3,8.4,70.0,1017.5,3.9,297.0,23.0
2006-03-15,0.0,-0.3,8.4,79.0,1017.7,3.2,198.0,68.0
2006-03-16,0.0,2.3,8.9,75.0,1017.7,3.9,70.0,80.0
2006-03-17,0.0,1.4,9.2,72.0,1017.9,3.3,178.0,64.0
2006-03-18,0.0,2.5,9.0,69.0,1018.0,2.9,114.0,66.0
2006-03-19,0.0,-0.7,10.0,75.0,1015.1,4.2,198.0,49.0
2006-03-20,0.0,1.1,9.3,80.0,1013.1,3.7,181.0,45.0
2006-03-21,4.3,3.4,8.4,89.0,1011.3,3.0,89.0,90.0
2006-03-22,0.2,4.1,13.8,82.0,1005.5,2.6,15.0,91.0
2006-03-23,6.4,4.2,13.6,86.0,1005.1,4.1,238.0,89.0
2006-03-24,2.5,5.9,10.3,77.0,1012.4,3.3,178.0,97.0
2006-03-25,0.1,4.9,12.0,79.0,1015.2,3.7,167.0,71.0
2006-03-26,0.0,5.6,12.8,86.0,1020.2,3.4,151.0,86.0
2006-03-27,3.1,7.4,12.5,93.0,1018.5,2.9,145.0,96.0
2006-03-28,11.3,7.9,12.6,94.0,1010.6,3.7,108.0,98.0
2006-03-29,5.3,5.2,15.8,81.0,1009.1,4.9,321.0,44.0
2006-03-30,0.0,1.8,15.9,79.0,1017.1,4.3,45.0,67.0
2006-03-31,2.4,6.8,13.3,89.0,1015.8,3.9,100.0,81.0
2006-04-01,1.0,9.2,15.8,84.0,1017.1,3.6,78.0,99.0
2006-04-02,1.7,8.5,17.1,85.0,1015.0,3.1,103.0,38.0
2006-04-03,10.2,5.1,15.8,84.0,1014.8,4.2,1.0,58.0
2006-04-04,0.2,0.9,15.3,73.0,1016.0,4.7,209.0,23.0
2006-04-05,3.6,5.4,11.7,80.0,1008.9,4.6,55.0,97.0
2006-04-06,12.1,6.1,9.4,82.0,1008.3,5.7,45.0,74.0
2006-04-07,0.4,1.7,12.9,70.0,1015.4,3.6,211.0,36.0
2006-04-08,0.0,0.5,14.6,70.0,1016.4,4.4,203.0,3.0
2006-04-09,0.3,4.0,12.5,81.0,1016.1,4.0,142.0,86.0
2006-04-10,14.0,6.5,12.6,92.0,1010.5,4.4,50.0,98.0
2006-04-11,24.1,6.9,13.5,78.0,1005.4,6.7,12.0,86.0
2006-04-12,0.0,0.2,12.5,69.0,1010.1,4.3,329.0,74.0
2006-04-13,0.0,0.6,16.0,73.0,1012.4,4.6,193.0,20.0
2006-04-14,0.0,2.9,16.8,78.0,1014.5,4.8,95.0,13.0
2006-04-15,1.7,6.0,16.8,81.0,1017.7,4.3,106.0,91.0
2006-04-16,1.2,7.1,14.6,89.0,1014.6,3.5,114.0,91.0
2006-04-17,2.0,9.2,17.2,85.0,1013.0,3.1,225.0,89.0
2006-04-18,2.6,5.7,19.3,78.0,1010.8,6.0,29.0,97.0
2006-04-19,0.5,6.9,18.4,72.0,1012.2,3.8,344.0,67.0
2006-04-20,0.0,5.8,19.4,70.0,1015.1,4.2,280.0,52.0
2006-04-21,0.4,6.3,20.0,69.0,1016.7,4.6,294.0,20.0
2006-04-22,0.0,6.3,21.3,73.0,1015.9,4.9,229.0,7.0
2006-04-23,1.1,7.6,20.7,74.0,1015.0,4.3,2.0,30.0
2006-04-24,0.0,7.5,21.5,69.0,1017.9,4.7,273.0,35.0
2006-04-25,0.0,7.8,21.9,67.0,1018.4,4.7,255.0,78.0
2006-04-26,0.0,8.7,21.2,68.0,1015.8,3.2,344.0,76.0
2006-04-27,6.0,9.7,17.2,82.0,1013.2,3.0,9.0,97.0
2006-04-28,6.2,10.6,18.3,81.0,1009.5,3.2,15.0,94.0
2006-04-29,19.4,9.5,16.1,89.0,1006.4,3.9,46.0,96.0
2006-04-30,23.0,7.6,11.4,77.0,1010.3,6.1,20.0,99.0
2006-05-01,0.0,5.4,16.3,72.0,1013.2,3.5,188.0,88.0
2006-05-02,0.9,8.9,17.3,81.0,1018.8,4.4,88.0,71.0
2006-05-03,0.0,7.7,20.0,77.0,1021.2,3.6,83.0,44.0
2006-05-04,0.0,8.3,19.9,69.0,1021.4,5.8,54.0,48.0
2006-05-05,0.0,10.1,19.5,58.0,1023.2,5.9,52.0,53.0
2006-05-06,0.8,7.2,20.1,62.0,1020.8,4.3,331.0,49.0
2006-05-07,0.0,6.2,19.1,71.0,1018.4,4.8,77.0,29.0
2006-05-08,3.2,8.3,18.6,78.0,1017.1,4.4,230.0,78.0
2006-05-09,51.1,9.9,12.7,91.0,1013.1,6.8,36.0,100.0
2006-05-10,0.3,7.8,20.7,69.0,1011.5,4.4,301.0,42.0
2006-05-11,2.4,7.9,19.7,75.0,1015.0,3.9,301.0,25.0
2006-05-12,1.2,8.0,20.7,76.0,1020.2,5.9,193.0,50.0
2006-05-13,1.0,8.8,20.8,76.0,1019.9,5.5,115.0,75.0
2006-05-14,9.5,12.4,18.6,89.0,1018.2,3.6,53.0,72.0
2006-05-15,0.0,7.7,19.7,78.0,1021.5,4.9,215.0,71.0
2006-05-16,0.9,9.5,20.8,81.0,1019.8,4.4,170.0,70.0
2006-05-17,0.0,13.1,22.6,80.0,1017.9,4.1,124.0,60.0
2006-05-18,0.1,15.4,22.8,83.0,1018.4,4.1,154.0,94.0
2006-05-19,4.2,14.5,22.8,80.0,1012.3,4.4,56.0,64.0
2006-05-20,4.2,15.1,20.1,77.0,1008.4,5.6,61.0,96.0
2006-05-21,4.6,12.5,20.5,85.0,1009.4,5.5,117.0,86.0
2006-05-22,0.1,11.4,23.1,78.0,1012.8,5.3,157.0,49.0
2006-05-23,3.9,11.9,23.0,80.0,1014.1,5.2,88.0,69.0
2006-05-24,13.4,12.7,17.0,85.0,1018.0,4.5,57.0,85.0
2006-05-25,0.2,8.1,19.5,73.0,1021.7,4.5,224.0,66.0
2006-05-26,0.0,9.9,22.0,74.0,1020.6,4.5,195.0,74.0
2006-05-27,1.7,12.4,23.4,83.0,1019.5,3.5,87.0,82.0
2006-05-28,0.7,13.2,23.4,86.0,1015.3,4.4,184.0,75.0
2006-05-29,33.1,13.5,17.2,83.0,1008.8,5.7,55.0,90.0
2006-05-30,6.6,9.4,14.5,80.0,1003.6,4.9,340.0,91.0
2006-05-31,2.2,3.0,15.2,71.0,1011.4,4.0,351.0,43.0
2006-06-01,2.0,4.1,18.0,61.0,1016.1,4.8,349.0,50.0
2006-06-02,1.6,7.3,19.5,58.0,1016.3,6.9,12.0,83.0
2006-06-03,0.0,10.4,20.5,57.0,1015.2,5.2,357.0,84.0
2006-06-04,0.6,8.1,21.1,65.0,1016.1,5.0,296.0,47.0
2006-06-05,2.7,8.1,19.7,73.0,1018.0,4.1,28.0,90.0
2006-06-06,13.1,9.6,17.9,79.0,1020.6,4.1,39.0,64.0
2006-06-07,1.1,6.6,19.3,73.0,1023.6,4.1,290.0,22.0
2006-06-08,1.2,8.2,19.0,75.0,1025.0,3.5,325.0,50.0
2006-06-09,1.6,9.9,20.3,69.0,1024.1,3.5,304.0,51.0
2006-06-10,0.5,9.2,23.0,72.0,1020.5,4.1,224.0,57.0
2006-06-11,1.6,14.3,20.6,73.0,1025.1,4.0,191.0,51.0
2006-06-12,0.0,10.7,23.7,70.0,1026.8,4.9,265.0,19.0
2006-06-13,1.5,11.9,24.9,74.0,1022.4,4.2,259.0,27.0
2006-06-14,0.1,14.3,25.7,76.0,1018.1,3.5,200.0,27.0
2006-06-15,0.0,15.2,26.7,77.0,1018.1,3.9,181.0,34.0
2006-06-16,2.4,15.8,26.8,78.0,1018.5,4.3,156.0,74.0
2006-06-17,2.6,15.2,26.8,79.0,1018.5,4.1,172.0,53.0
2006-06-18,2.6,16.0,27.6,79.0,1019.5,4.6,174.0,54.0
2006-06-19,0.3,16.1,27.6,76.0,1018.2,5.3,163.0,52.0
2006-06-20,1.1,16.5,28.9,73.0,1018.4,4.3,205.0,50.0
2006-06-21,1.8,17.7,29.1,77.0,1016.0,3.7,188.0,42.0
2006-06-22,3.4,17.8,28.4,74.0,1013.3,4.2,325.0,43.0
2006-06-23,4.1,18.0,28.5,68.0,1013.3,5.4,26.0,51.0
2006-06-24,1.3,18.1,29.3,66.0,1015.3,4.2,296.0,47.0
2006-06-25,1.2,18.5,30.0,71.0,1015.6,4.5,269.0,52.0
2006-06-26,0.1,18.8,30.3,70.0,1015.5,4.8,59.0,20.0
2006-06-27,1.0,18.5,31.0,71.0,1016.8,4.4,261.0,22.0
2006-06-28,2.2,18.4,31.3,67.0,1015.9,4.2,339.0,61.0
2006-06-29,4.5,18.9,27.9,71.0,1015.0,5.8,338.0,66.0
2006-06-30,0.0,15.5,30.4,58.0,1016.6,5.2,313.0,10.0
2006-07-01,1.3,18.6,27.3,66.0,1018.7,4.3,315.0,35.0
2006-07-02,4.6,18.8,26.2,73.0,1018.3,3.1,327.0,45.0
2006-07-03,3.2,17.4,26.9,71.0,1017.5,3.0,16.0,53.0
2006-07-04,1.7,16.5,26.6,67.0,1018.9,4.1,114.0,50.0
2006-07-05,0.6,17.1,27.3,62.0,1020.8,4.0,154.0,65.0
2006-07-06,3.4,16.2,27.3,71.0,1020.1,4.6,175.0,58.0
2006-07-07,1.1,17.6,25.6,76.0,1016.9,3.6,1.0,73.0
2006-07-08,2.9,15.6,26.9,71.0,1016.5,3.6,13.0,58.0
2006-07-09,1.9,16.4,29.7,62.0,1018.4,4.0,307.0,51.0
2006-07-10,0.0,17.4,30.6,61.0,1021.5,4.2,332.0,21.0
2006-07-11,1.9,18.2,31.1,62.0,1021.7,3.9,286.0,25.0
2006-07-12,4.7,19.3,31.1,65.0,1019.8,3.9,341.0,63.0
2006-07-13,3.5,19.0,30.9,63.0,1018.3,4.8,318.0,54.0
2006-07-14,2.2,18.5,30.9,64.0,1018.9,4.0,316.0,35.0
2006-07-15,1.2,19.7,28.7,64.0,1021.2,5.0,268.0,47.0
2006-07-16,3.0,19.5,25.5,66.0,1022.8,5.5,252.0,47.0
2006-07-17,0.5,18.4,26.6,66.0,1022.7,4.4,208.0,55.0
2006-07-18,0.0,16.3,28.4,64.0,1022.0,4.6,240.0,28.0
2006-07-19,0.0,16.0,31.4,60.0,1021.2,4.3,240.0,7.0
2006-07-20,0.0,16.4,33.7,53.0,1019.9,4.2,263.0,1.0
2006-07-21,0.0,16.6,34.8,49.0,1018.4,3.9,328.0,1.0
2006-07-22,1.1,18.3,34.5,50.0,1016.2,4.0,348.0,30.0
2006-07-23,2.9,19.3,34.3,55.0,1015.7,4.9,341.0,30.0
2006-07-24,3.0,20.4,32.2,59.0,1017.3,5.5,353.0,53.0
2006-07-25,3.6,19.8,32.7,60.0,1016.9,3.5,339.0,45.0
2006-07-26,2.1,20.7,32.4,62.0,1016.7,3.9,298.0,73.0
2006-07-27,2.9,21.3,32.9,60.0,1015.8,4.1,301.0,49.0
2006-07-28,6.2,20.7,31.3,65.0,1012.0,4.7,302.0,48.0
2006-07-29,4.3,18.2,27.9,70.0,1008.9,3.6,306.0,59.0
2006-07-30,0.5,18.6,30.7,63.0,1011.7,3.9,290.0,35.0
2006-07-31,3.6,19.5,29.4,69.0,1013.9,3.7,312.0,73.0
2006-08-01,12.7,20.3,25.7,81.0,1010.4,4.7,2.0,90.0
2006-08-02,1.4,18.6,24.4,71.0,1008.1,6.5,57.0,56.0
2006-08-03,29.6,17.0,19.7,80.0,1003.1,5.1,14.0,81.0
2006-08-04,4.7,14.8,20.8,76.0,1005.0,4.9,321.0,93.0
2006-08-05,1.7,11.7,22.9,74.0,1010.7,3.6,287.0,45.0
2006-08-06,3.3,13.7,24.8,74.0,1010.7,3.4,285.0,84.0
2006-08-07,0.0,15.5,27.3,71.0,1008.4,2.8,316.0,64.0
2006-08-08,0.4,13.6,26.5,66.0,1008.6,4.4,313.0,32.0
2006-08-09,3.7,14.9,24.3,70.0,1010.6,3.6,0.0,57.0
2006-08-10,3.5,14.7,24.1,72.0,1010.8,4.0,0.0,54.0
2006-08-11,4.5,13.5,20.5,74.0,1010.0,4.2,28.0,85.0
2006-08-12,6.2,14.1,20.2,77.0,1006.1,4.6,12.0,92.0
2006-08-13,1.1,10.7,20.8,69.0,1007.4,4.3,222.0,70.0
2006-08-14,8.0,12.2,20.2,80.0,1010.5,3.6,44.0,70.0
2006-08-15,0.3,11.0,22.0,79.0,1013.8,4.5,141.0,54.0
2006-08-16,10.8,14.6,20.1,87.0,1012.7,4.4,27.0,83.0
2006-08-17,2.5,14.0,25.1,81.0,1011.9,3.7,99.0,67.0
2006-08-18,1.2,17.4,27.2,75.0,1012.2,5.2,219.0,41.0
2006-08-19,0.1,15.6,26.1,72.0,1017.7,4.3,315.0,57.0
2006-08-20,4.9,17.0,25.5,79.0,1017.9,4.5,219.0,50.0
2006-08-21,0.7,16.6,24.9,65.0,1017.9,5.3,15.0,35.0
2006-08-22,2.4,14.7,24.7,75.0,1015.5,3.8,269.0,34.0
2006-08-23,1.9,15.6,24.1,75.0,1014.6,3.1,8.0,52.0
2006-08-24,3.9,16.2,23.0,82.0,1011.8,3.6,306.0,83.0
2006-08-25,10.4,16.4,21.3,80.0,1008.2,5.1,58.0,59.0
2006-08-26,2.1,12.3,22.9,72.0,1009.6,3.6,16.0,40.0
2006-08-27,6.5,13.9,22.3,72.0,1010.9,3.2,323.0,56.0
2006-08-28,12.9,11.7,21.0,86.0,1010.8,3.8,244.0,67.0
2006-08-29,4.1,13.3,23.0,73.0,1005.5,4.6,323.0,65.0
2006-08-30,3.9,12.1,21.0,70.0,1011.0,4.6,310.0,41.0
2006-08-31,0.0,9.2,22.6,71.0,1020.5,4.8,268.0,5.0
2006-09-01,0.0,11.8,22.2,78.0,1021.4,4.3,182.0,32.0
2006-09-02,0.0,12.8,24.2,80.0,1018.2,3.6,201.0,39.0
2006-09-03,0.0,14.5,25.2,81.0,1019.7,3.7,184.0,64.0
2006-09-04,0.0,15.4,26.1,83.0,1022.6,3.6,150.0,37.0
2006-09-05,0.0,16.4,27.6,83.0,1021.0,3.5,215.0,30.0
2006-09-06,0.3,18.3,28.7,78.0,1018.8,3.9,63.0,22.0
2006-09-07,1.1,17.4,27.8,78.0,1016.1,3.7,85.0,41.0
2006-09-08,1.7,18.1,27.2,80.0,1017.0,3.6,4.0,76.0
2006-09-09,0.1,17.0,23.1,63.0,1024.6,3.6,117.0,37.0
2006-09-10,0.0,11.8,24.5,60.0,1025.3,4.5,51.0,19.0
2006-09-11,0.0,12.2,24.7,64.0,1024.2,4.4,41.0,66.0
2006-09-12,0.0,12.2,24.8,67.0,1022.2,4.6,33.0,23.0
2006-09-13,0.6,11.7,24.5,66.0,1020.7,4.0,34.0,22.0
2006-09-14,3.7,13.2,22.1,76.0,1016.9,4.6,35.0,82.0
2006-09-15,64.3,16.6,19.4,89.0,1009.6,7.7,44.0,100.0
2006-09-16,22.5,16.5,21.4,87.0,1009.3,4.2,35.0,96.0
2006-09-17,32.9,15.8,19.1,86.0,1009.3,6.9,37.0,97.0
2006-09-18,2.0,11.5,21.5,83.0,1010.1,3.8,299.0,84.0
2006-09-19,5.5,14.7,21.6,85.0,1012.5,3.4,317.0,55.0
2006-09-20,1.4,12.1,23.1,82.0,1017.4,3.6,319.0,36.0
2006-09-21,0.0,14.3,22.7,80.0,1019.3,4.2,301.0,54.0
2006-09-22,0.1,15.2,22.7,84.0,1016.5,3.6,134.0,60.0
2006-09-23,0.0,14.8,21.6,79.0,1017.3,3.7,58.0,64.0
2006-09-24,0.0,10.1,21.2,73.0,1017.0,4.4,44.0,34.0
2006-09-25,0.0,13.8,19.0,83.0,1013.1,4.0,63.0,89.0
2006-09-26,0.0,12.8,24.5,72.0,1009.8,5.3,23.0,92.0
2006-09-27,0.0,11.7,24.6,68.0,1011.8,4.8,351.0,32.0
2006-09-28,0.0,11.9,22.5,75.0,1011.9,3.3,312.0,43.0
2006-09-29,0.0,13.4,22.5,81.0,1013.9,3.7,231.0,68.0
2006-09-30,2.5,12.9,21.7,86.0,1016.1,3.9,61.0,76.0
2006-10-01,0.5,14.1,21.7,87.0,1017.2,4.3,179.0,85.0
2006-10-02,3.8,16.1,21.8,89.0,1016.7,3.9,170.0,85.0
2006-10-03,13.3,16.2,21.1,91.0,1010.6,4.0,169.0,93.0
2006-10-04,20.1,13.9,21.7,88.0,1007.2,4.1,58.0,78.0
2006-10-05,0.6,12.1,18.3,74.0,1016.8,5.7,31.0,32.0
2006-10-06,0.0,8.1,18.9,71.0,1020.8,4.2,343.0,22.0
2006-10-07,1.0,10.7,17.6,81.0,1016.0,3.5,330.0,79.0
2006-10-08,0.0,7.6,19.6,75.0,1021.3,4.6,332.0,11.0
2006-10-09,0.0,7.6,20.2,76.0,1022.2,2.8,346.0,7.0
2006-10-10,0.0,7.8,21.8,74.0,1021.1,3.2,358.0,1.0
2006-10-11,0.0,7.5,20.1,73.0,1018.8,3.6,13.0,0.0
2006-10-12,0.0,7.3,19.6,78.0,1020.3,3.5,339.0,27.0
2006-10-13,0.3,9.6,21.6,78.0,1024.4,3.0,337.0,36.0
2006-10-14,1.1,12.1,19.0,79.0,1025.9,4.9,26.0,91.0
2006-10-15,0.0,9.7,19.6,66.0,1024.9,5.4,15.0,27.0
2006-10-16,0.0,7.0,17.3,74.0,1022.0,3.2,162.0,25.0
2006-10-17,0.0,9.7,15.4,67.0,1022.4,2.7,120.0,46.0
2006-10-18,0.0,4.1,14.9,75.0,1018.3,3.7,172.0,42.0
2006-10-19,0.6,8.5,14.7,85.0,1013.9,3.7,79.0,94.0
2006-10-20,1.4,11.3,14.8,88.0,1009.3,2.8,22.0,94.0
2006-10-21,0.8,10.1,15.9,93.0,1010.3,3.0,332.0,99.0
2006-10-22,0.0,9.9,18.3,88.0,1013.1,3.4,230.0,83.0
2006-10-23,4.0,13.1,16.3,93.0,1012.7,3.0,190.0,98.0
2006-10-24,10.5,13.8,19.9,94.0,1008.0,4.3,178.0,93.0
2006-10-25,3.3,14.3,18.5,90.0,1015.4,3.4,31.0,92.0
2006-10-26,0.5,11.2,19.1,92.0,1020.8,3.4,113.0,84.0
2006-10-27,1.0,13.1,18.0,94.0,1023.8,2.1,171.0,69.0
2006-10-28,0.0,11.9,22.8,85.0,1023.6,2.6,332.0,67.0
2006-10-29,0.0,10.8,20.9,85.0,1015.6,3.1,323.0,16.0
2006-10-30,0.9,9.1,18.4,73.0,1016.1,5.2,322.0,51.0
2006-10-31,2.5,11.8,14.3,87.0,1017.8,2.7,146.0,91.0
2006-11-01,0.2,9.7,14.8,86.0,1009.1,3.7,68.0,69.0
2006-11-02,0.0,5.6,9.9,35.0,1018.6,5.7,21.0,0.0
2006-11-03,0.2,2.3,9.4,48.0,1023.1,4.0,9.0,18.0
2006-11-04,0.0,2.4,9.2,61.0,1029.1,4.7,355.0,36.0
2006-11-05,0.0,0.7,10.0,75.0,1026.4,3.3,321.0,56.0
2006-11-06,0.0,1.1,12.0,77.0,1023.9,3.5,320.0,91.0
2006-11-07,0.0,1.3,13.7,78.0,1025.5,2.6,346.0,15.0
2006-11-08,0.0,5.0,11.8,85.0,1027.3,3.3,20.0,30.0
2006-11-09,0.0,6.9,14.0,87.0,1025.4,3.0,3.0,50.0
2006-11-10,0.2,3.4,14.7,71.0,1027.9,3.8,10.0,19.0
2006-11-11,0.0,5.3,10.5,73.0,1027.4,3.3,25.0,85.0
2006-11-12,0.0,4.5,10.9,78.0,1013.4,3.2,34.0,49.0
2006-11-13,0.3,1.3,13.0,77.0,1014.9,3.5,336.0,47.0
2006-11-14,0.0,7.2,12.0,84.0,1018.2,2.9,73.0,45.0
2006-11-15,0.0,5.2,12.6,88.0,1023.5,2.7,4.0,48.0
2006-11-16,0.2,8.9,13.6,88.0,1021.8,3.0,218.0,75.0
2006-11-17,0.7,8.7,13.7,93.0,1020.1,2.6,250.0,89.0
2006-11-18,3.5,10.2,15.5,93.0,1020.1,3.2,17.0,97.0
2006-11-19,1.4,9.4,14.5,93.0,1023.0,3.3,229.0,91.0
2006-11-20,2.0,7.7,13.2,90.0,1018.6,3.1,36.0,75.0
2006-11-21,1.1,6.4,11.1,88.0,1010.1,3.0,12.0,94.0
2006-11-22,7.3,6.2,10.6,86.0,997.6,6.2,351.0,90.0
2006-11-23,0.0,-0.1,11.7,73.0,1006.5,4.3,352.0,54.0
2006-11-24,0.0,2.0,10.5,82.0,1015.1,3.6,352.0,76.0
2006-11-25,0.0,6.4,12.4,88.0,1019.8,2.3,281.0,84.0
2006-11-26,0.3,7.5,12.1,95.0,1024.4,2.7,344.0,77.0
2006-11-27,0.0,7.3,11.7,96.0,1027.5,2.2,208.0,76.0
2006-11-28,0.1,7.4,12.3,94.0,1026.4,2.1,214.0,94.0
2006-11-29,0.0,5.1,12.1,90.0,1026.4,2.4,354.0,41.0
2006-11-30,0.0,1.6,13.9,81.0,1032.4,2.6,337.0,2.0
2006-12-01,0.0,2.5,10.9,81.0,1032.7,2.8,339.0,8.0
2006-12-02,0.0,2.8,9.1,83.0,1028.8,2.7,24.0,32.0
2006-12-03,1.2,4.0,8.2,94.0,1023.2,2.2,76.0,93.0
2006-12-04,0.0,5.8,8.4,90.0,1016.5,2.3,75.0,72.0
2006-12-05,0.0,4.3,10.4,88.0,1018.1,2.6,18.0,62.0
2006-12-06,7.6,6.6,11.1,91.0,1014.7,4.1,15.0,99.0
2006-12-07,15.2,9.3,12.0,94.0,1014.3,2.7,10.0,98.0
2006-12-08,5.1,8.8,12.5,95.0,1012.9,2.4,96.0,98.0
2006-12-09,55.1,6.0,10.7,94.0,1007.8,5.1,44.0,90.0
2006-12-10,0.0,2.2,10.9,84.0,1024.0,4.0,348.0,52.0
2006-12-11,0.0,-0.8,9.6,76.0,1030.5,4.2,337.0,7.0
2006-12-12,0.0,-1.3,8.1,76.0,1026.7,3.0,339.0,45.0
2006-12-13,0.0,-1.4,10.6,77.0,1028.7,3.2,335.0,40.0
2006-12-14,0.0,-1.6,11.5,76.0,1033.0,2.6,338.0,0.0
2006-12-15,0.0,-1.3,10.2,79.0,1034.3,2.0,340.0,7.0
2006-12-16,0.0,2.4,8.5,87.0,1031.0,2.1,352.0,62.0
2006-12-17,0.0,3.8,9.4,83.0,1026.1,2.6,346.0,96.0
2006-12-18,23.7,4.7,7.2,89.0,1020.0,5.2,12.0,99.0
2006-12-19,0.0,0.8,8.2,76.0,1023.1,4.4,349.0,73.0
2006-12-20,0.0,-3.4,6.1,73.0,1030.0,3.7,330.0,0.0
2006-12-21,0.0,-3.4,8.6,72.0,1032.9,4.9,346.0,8.0
2006-12-22,0.0,-3.4,8.0,70.0,1036.1,4.3,336.0,1.0
2006-12-23,0.0,-3.3,8.3,75.0,1036.1,3.3,338.0,0.0
2006-12-24,0.0,-2.9,8.6,77.0,1031.6,3.1,336.0,0.0
2006-12-25,0.0,-2.4,9.5,81.0,1027.9,2.8,329.0,5.0
2006-12-26,0.0,-1.9,7.4,86.0,1032.3,1.6,322.0,22.0
2006-12-27,0.0,-2.7,6.7,80.0,1033.5,1.8,328.0,0.0
2006-12-28,0.0,-2.3,3.9,90.0,1031.0,1.9,235.0,39.0
2006-12-29,0.0,-1.3,5.8,91.0,1030.4,1.8,306.0,44.0
2006-12-30,0.0,-1.3,5.7,88.0,1035.0,1.9,270.0,69.0
2006-12-31,0.0,-0.6,5.6,94.0,1036.2,2.1,91.0,94.0
2007-01-01,1.0,1.7,5.8,93.0,1028.3,2.7,41.0,92.0
2007-01-02,0.8,0.8,7.8,85.0,1017.0,4.5,326.0,88.0
2007-01-03,0.0,-3.6,9.4,74.0,1024.7,4.7,335.0,17.0
2007-01-04,0.0,-1.0,6.3,79.0,1022.6,3.2,7.0,83.0
2007-01-05,0.0,-1.0,8.7,83.0,1021.0,2.7,317.0,25.0
2007-01-06,0.0,0.3,8.9,85.0,1026.3,2.4,16.0,59.0
2007-01-07,0.0,1.9,7.5,92.0,1024.9,2.6,50.0,77.0
2007-01-08,0.6,4.8,8.0,91.0,1020.6,2.6,346.0,88.0
2007-01-09,0.7,3.0,7.6,96.0,1022.9,1.8,25.0,94.0
2007-01-10,1.9,2.1,8.1,95.0,1028.1,2.1,71.0,78.0
2007-01-11,1.6,5.3,8.6,96.0,1025.7,2.3,147.0,88.0
2007-01-12,0.6,4.2,10.9,90.0,1020.7,3.4,322.0,31.0
2007-01-13,0.0,0.0,10.3,89.0,1026.2,2.3,290.0,29.0
2007-01-14,0.0,4.4,8.6,93.0,1027.2,2.5,184.0,58.0
2007-01-15,0.0,-0.7,11.9,84.0,1030.9,3.6,325.0,12.0
2007-01-16,0.3,4.0,7.1,88.0,1029.0,2.3,160.0,95.0
2007-01-17,0.1,3.8,8.5,93.0,1027.1,2.3,270.0,82.0
2007-01-18,2.3,4.2,6.2,96.0,1022.5,2.4,142.0,99.0
2007-01-19,0.1,4.9,11.7,86.0,1012.8,2.3,106.0,45.0
2007-01-20,0.0,1.4,11.9,88.0,1019.9,2.6,355.0,56.0
2007-01-21,0.0,6.8,8.4,94.0,1016.7,2.4,80.0,91.0
2007-01-22,4.6,7.0,9.3,93.0,1015.6,3.5,37.0,100.0
2007-01-23,45.1,6.3,7.5,92.0,1004.2,8.3,22.0,100.0
2007-01-24,5.7,2.5,6.9,90.0,994.0,4.3,52.0,83.0
2007-01-25,1.0,1.2,4.5,64.0,1009.2,6.1,41.0,90.0
2007-01-26,0.0,-2.9,3.8,67.0,1018.9,4.6,7.0,56.0
2007-01-27,0.2,-4.1,6.6,68.0,1019.9,4.0,327.0,9.0
2007-01-28,0.0,-3.6,7.8,78.0,1025.9,4.2,346.0,16.0
2007-01-29,0.0,-2.7,7.9,85.0,1017.7,3.2,338.0,37.0
2007-01-30,0.0,-2.7,9.5,83.0,1021.1,2.7,298.0,2.0
2007-01-31,0.0,-1.1,8.0,88.0,1022.7,2.6,217.0,28.0
2007-02-01,0.0,2.2,8.1,93.0,1021.0,2.6,180.0,83.0
2007-02-02,0.0,0.1,10.6,88.0,1027.8,2.6,261.0,41.0
2007-02-03,0.0,0.3,10.3,89.0,1024.4,2.7,340.0,33.0
2007-02-04,0.0,-0.9,10.6,75.0,1027.0,4.3,297.0,15.0
2007-02-05,0.0,-1.8,7.7,86.0,1020.5,2.7,139.0,47.0
2007-02-06,3.5,1.9,5.7,91.0,1008.5,2.8,65.0,94.0
2007-02-07,1.0,2.1,7.4,87.0,1004.5,2.8,60.0,91.0
2007-02-08,2.7,3.7,8.2,91.0,1005.3,2.9,169.0,95.0
2007-02-09,4.0,4.5,11.4,86.0,1007.0,3.9,47.0,87.0
2007-02-10,0.1,3.9,10.4,84.0,1009.4,3.5,354.0,80.0
2007-02-11,0.0,-0.1,11.1,85.0,1010.4,3.4,45.0,73.0
2007-02-12,9.8,5.6,9.5,91.0,1007.0,3.8,49.0,100.0
2007-02-13,9.9,5.2,12.8,82.0,1003.5,5.2,302.0,59.0
2007-02-14,0.0,-1.0,12.4,80.0,1014.0,3.5,308.0,58.0
2007-02-15,4.4,5.1,11.4,88.0,1015.1,3.1,319.0,71.0
2007-02-16,2.2,3.1,10.7,88.0,1022.0,3.6,341.0,72.0
2007-02-17,0.0,4.6,10.6,76.0,1024.0,3.5,30.0,87.0
2007-02-18,0.0,1.4,8.7,72.0,1022.1,3.4,67.0,49.0
2007-02-19,0.0,-1.1,10.7,78.0,1014.9,3.0,324.0,17.0
2007-02-20,0.0,-1.3,13.6,74.0,1014.2,3.6,338.0,15.0
2007-02-21,1.3,4.0,12.1,81.0,1016.4,3.2,52.0,67.0
2007-02-22,1.7,6.8,12.1,90.0,1014.8,2.8,183.0,90.0
2007-02-23,1.7,6.5,12.8,91.0,1014.1,2.6,356.0,81.0
2007-02-24,2.5,3.9,12.2,86.0,1013.0,3.3,29.0,83.0
2007-02-25,3.5,6.3,9.8,91.0,1010.6,3.5,58.0,99.0
2007-02-26,1.3,6.3,12.3,78.0,1006.6,3.8,294.0,75.0
2007-02-27,0.0,-0.1,13.9,77.0,1012.6,3.9,298.0,29.0
2007-02-28,0.3,3.5,11.2,84.0,1010.2,4.0,62.0,92.0
2007-03-01,2.8,4.8,11.0,87.0,1007.2,3.2,91.0,94.0
2007-03-02,3.3,6.2,15.1,85.0,1004.7,3.5,42.0,71.0
2007-03-03,1.5,4.4,13.7,86.0,1009.7,4.8,27.0,75.0
2007-03-04,0.0,1.5,15.8,70.0,1018.3,5.0,292.0,13.0
2007-03-05,0.0,2.6,15.2,72.0,1022.4,4.6,36.0,39.0
2007-03-06,0.7,6.3,13.0,83.0,1023.2,4.5,58.0,92.0
2007-03-07,37.6,8.3,11.8,91.0,1011.6,5.6,56.0,99.0
2007-03-08,9.0,8.2,13.8,84.0,1012.3,3.4,22.0,96.0
2007-03-09,0.0,3.6,14.8,76.0,1022.8,4.1,318.0,37.0
2007-03-10,0.0,1.9,15.9,64.0,1024.6,5.0,17.0,54.0
2007-03-11,0.0,-0.3,15.1,55.0,1029.8,6.2,7.0,17.0
2007-03-12,0.0,0.4,16.3,60.0,1027.6,3.4,350.0,1.0
2007-03-13,0.0,1.9,18.0,67.0,1025.0,3.7,317.0,20.0
2007-03-14,0.0,3.2,18.9,71.0,1026.5,4.0,298.0,0.0
2007-03-15,0.0,6.0,16.7,73.0,1026.3,4.2,247.0,16.0
2007-03-16,0.0,5.1,17.1,79.0,1023.0,3.4,264.0,30.0
2007-03-17,0.0,4.7,16.2,83.0,1019.4,4.0,129.0,57.0
2007-03-18,1.3,8.6,14.2,85.0,1011.9,4.1,130.0,80.0
2007-03-19,34.0,2.9,11.8,92.0,991.3,6.7,129.0,100.0
2007-03-20,9.9,2.5,5.3,85.0,988.5,6.2,15.0,98.0
2007-03-21,0.0,-2.3,10.8,61.0,997.4,4.0,355.0,87.0
2007-03-22,0.0,-3.8,10.6,55.0,1006.8,4.3,16.0,26.0
2007-03-23,0.0,-2.1,12.1,62.0,1003.7,3.8,296.0,57.0
2007-03-24,1.0,0.5,10.2,72.0,1004.0,6.1,23.0,93.0
2007-03-25,8.2,4.1,11.9,74.0,1014.0,8.6,23.0,100.0
2007-03-26,1.5,7.2,15.3,61.0,1018.5,8.8,40.0,70.0
2007-03-27,0.0,2.4,13.8,60.0,1019.5,7.6,31.0,67.0
2007-03-28,0.0,3.2,13.2,60.0,1017.9,4.5,48.0,86.0
2007-03-29,0.3,4.5,12.7,68.0,1017.6,3.8,77.0,56.0
2007-03-30,15.4,3.5,10.7,83.0,1013.6,4.7,12.0,99.0
2007-03-31,25.0,5.8,11.2,84.0,1015.7,6.9,25.0,86.0
2007-04-01,0.0,2.0,15.3,75.0,1024.9,3.3,345.0,70.0
2007-04-02,0.5,5.6,16.2,73.0,1025.4,3.9,5.0,62.0
2007-04-03,2.2,4.3,16.2,77.0,1013.0,4.4,281.0,61.0
2007-04-04,7.4,7.2,17.2,72.0,1007.3,6.6,46.0,84.0
2007-04-05,0.0,5.4,15.0,67.0,1014.5,3.9,181.0,18.0
2007-04-06,0.0,2.9,18.1,72.0,1018.0,4.2,242.0,2.0
2007-04-07,0.1,5.0,18.6,74.0,1018.9,4.3,264.0,31.0
2007-04-08,7.6,7.0,16.9,81.0,1019.6,4.2,9.0,72.0
2007-04-09,0.0,5.7,17.8,79.0,1019.0,4.7,246.0,30.0
2007-04-10,0.0,6.2,19.1,81.0,1018.9,4.5,95.0,14.0
2007-04-11,0.1,7.4,20.4,78.0,1021.2,4.0,11.0,25.0
2007-04-12,0.0,7.7,21.5,73.0,1022.2,4.4,24.0,11.0
2007-04-13,0.0,7.5,21.6,74.0,1022.1,3.8,30.0,23.0
2007-04-14,0.0,9.2,23.4,67.0,1021.3,6.1,32.0,7.0
2007-04-15,0.0,8.3,23.5,64.0,1021.1,5.1,11.0,0.0
2007-04-16,0.1,9.8,21.8,66.0,1019.8,4.0,16.0,28.0
2007-04-17,0.0,8.7,20.0,60.0,1018.8,4.3,218.0,29.0
2007-04-18,0.4,7.3,19.6,76.0,1015.9,3.7,112.0,66.0
2007-04-19,0.6,10.7,17.6,71.0,1017.9,4.7,133.0,38.0
2007-04-20,0.0,7.5,20.3,77.0,1016.5,4.2,183.0,26.0
2007-04-21,0.0,10.4,19.0,81.0,1018.2,3.2,141.0,77.0
2007-04-22,0.0,10.8,21.4,74.0,1021.3,4.3,12.0,42.0
2007-04-23,0.4,9.2,23.1,74.0,1022.1,4.3,259.0,21.0
2007-04-24,0.3,10.7,22.9,78.0,1019.0,3.5,357.0,90.0
2007-04-25,0.3,12.4,21.7,73.0,1017.5,3.9,294.0,56.0
2007-04-26,0.0,13.5,21.0,62.0,1020.1,4.3,67.0,53.0
2007-04-27,0.0,9.4,22.3,60.0,1022.0,4.9,34.0,14.0
2007-04-28,0.0,8.0,22.4,65.0,1020.8,4.5,221.0,5.0
2007-04-29,0.5,9.6,22.9,72.0,1015.3,3.7,273.0,26.0
2007-04-30,2.8,11.6,20.1,74.0,1011.4,4.2,42.0,86.0
2007-05-01,1.6,10.7,19.4,66.0,1012.0,4.4,27.0,73.0
2007-05-02,3.9,11.1,16.3,67.0,1015.2,4.8,61.0,92.0
2007-05-03,1.5,11.0,18.0,73.0,1013.2,4.1,203.0,85.0
2007-05-04,29.4,11.1,14.9,86.0,1009.0,5.8,39.0,99.0
2007-05-05,3.8,11.6,18.2,82.0,1006.8,4.4,57.0,80.0
2007-05-06,1.7,8.2,20.1,76.0,1009.6,3.2,321.0,64.0
2007-05-07,0.1,8.8,21.9,67.0,1014.2,5.3,270.0,36.0
2007-05-08,0.0,9.8,22.2,76.0,1013.0,4.6,74.0,75.0
2007-05-09,0.8,12.5,23.4,78.0,1012.9,4.2,61.0,89.0
2007-05-10,0.6,13.2,23.6,78.0,1015.7,4.1,200.0,46.0
2007-05-11,1.6,13.8,23.1,78.0,1012.8,5.5,217.0,58.0
2007-05-12,3.9,14.4,22.0,81.0,1012.6,4.0,29.0,73.0
2007-05-13,2.6,14.6,23.0,81.0,1015.9,4.3,183.0,56.0
2007-05-14,5.2,13.4,24.6,80.0,1013.8,4.6,204.0,62.0
2007-05-15,12.0,12.4,20.5,78.0,1010.2,4.6,9.0,66.0
2007-05-16,0.5,10.1,18.9,60.0,1013.4,4.8,64.0,59.0
2007-05-17,6.9,9.4,17.8,78.0,1009.3,3.6,348.0,79.0
2007-05-18,0.0,7.3,20.4,67.0,1012.8,5.4,317.0,7.0
2007-05-19,0.0,10.9,21.4,70.0,1015.0,5.0,196.0,28.0
2007-05-20,1.0,10.2,24.8,70.0,1015.6,4.5,287.0,25.0
2007-05-21,0.4,12.6,26.4,71.0,1016.4,4.2,268.0,19.0
2007-05-22,3.2,14.1,29.5,68.0,1014.9,4.3,307.0,30.0
2007-05-23,3.9,16.0,28.8,67.0,1015.2,4.5,335.0,52.0
2007-05-24,1.2,15.3,28.3,66.0,1015.0,5.2,303.0,29.0
2007-05-25,0.7,15.0,28.1,70.0,1012.1,5.0,265.0,54.0
2007-05-26,5.8,15.4,26.0,77.0,1008.0,5.3,237.0,69.0
2007-05-27,17.3,15.7,20.6,90.0,1004.3,4.3,58.0,89.0
2007-05-28,28.3,12.5,20.0,87.0,996.0,5.2,93.0,79.0
2007-05-29,22.1,10.3,17.7,74.0,999.6,4.0,21.0,98.0
2007-05-30,1.1,10.6,19.2,69.0,1010.9,4.4,17.0,65.0
2007-05-31,3.3,12.7,19.4,80.0,1014.7,4.3,187.0,78.0
2007-06-01,20.1,13.2,19.0,87.0,1013.9,4.9,61.0,99.0
2007-06-02,7.6,13.1,21.0,77.0,1015.2,4.9,15.0,88.0
2007-06-03,0.0,13.0,24.5,68.0,1017.1,4.7,38.0,37.0
2007-06-04,5.2,13.5,23.7,78.0,1016.9,4.4,2.0,76.0
2007-06-05,1.0,14.8,25.2,73.0,1013.8,6.4,34.0,91.0
2007-06-06,0.4,14.9,23.2,75.0,1012.5,5.1,7.0,98.0
2007-06-07,2.8,15.6,21.2,78.0,1014.5,5.0,27.0,64.0
2007-06-08,2.4,13.6,24.8,75.0,1016.1,3.8,35.0,56.0
2007-06-09,1.5,13.8,26.0,67.0,1017.0,3.8,17.0,43.0
2007-06-10,3.0,14.3,26.2,70.0,1015.1,3.8,270.0,40.0
2007-06-11,6.9,15.7,23.1,85.0,1013.4,3.0,323.0,96.0
2007-06-12,6.7,16.7,22.6,85.0,1010.9,3.1,100.0,97.0
2007-06-13,2.7,16.6,24.4,82.0,1010.4,4.3,248.0,73.0
2007-06-14,5.1,15.2,23.0,88.0,1011.4,3.8,215.0,88.0
2007-06-15,17.9,17.3,23.9,89.0,1009.6,3.4,91.0,81.0
2007-06-16,4.9,15.3,24.0,85.0,1009.6,4.4,79.0,62.0
2007-06-17,2.0,13.8,24.0,79.0,1012.7,5.4,200.0,55.0
2007-06-18,0.6,16.6,25.6,78.0,1013.4,3.8,178.0,83.0
2007-06-19,0.7,17.5,26.7,77.0,1015.9,4.2,236.0,51.0
2007-06-20,2.2,17.1,28.5,79.0,1014.3,4.0,186.0,53.0
2007-06-21,5.1,18.6,26.5,82.0,1011.7,4.8,274.0,54.0
2007-06-22,4.7,17.2,25.6,80.0,1011.5,6.2,244.0,56.0
2007-06-23,6.6,15.7,23.9,76.0,1012.3,5.0,51.0,52.0
2007-06-24,0.4,16.6,26.5,71.0,1016.0,5.0,68.0,36.0
2007-06-25,0.2,15.9,27.0,73.0,1010.6,5.0,204.0,25.0
2007-06-26,2.7,17.8,26.3,65.0,1002.8,6.8,211.0,48.0
2007-06-27,8.7,14.7,22.7,70.0,1006.8,5.1,14.0,61.0
2007-06-28,0.9,11.2,22.2,70.0,1013.0,4.5,298.0,40.0
2007-06-29,1.4,15.2,23.2,71.0,1016.0,4.3,198.0,68.0
2007-06-30,1.5,14.8,25.1,67.0,1017.2,3.7,24.0,61.0
2007-07-01,1.7,15.6,25.9,74.0,1015.6,4.2,213.0,73.0
2007-07-02,10.8,17.2,24.3,85.0,1011.2,3.7,332.0,81.0
2007-07-03,3.0,14.5,23.4,81.0,1010.5,5.1,154.0,85.0
2007-07-04,17.4,13.2,21.9,84.0,1005.3,4.9,98.0,80.0
2007-07-05,1.8,10.4,20.9,74.0,1012.1,4.2,299.0,24.0
2007-07-06,0.0,12.0,24.9,71.0,1013.5,5.5,218.0,27.0
2007-07-07,0.0,15.1,26.5,74.0,1015.5,4.6,97.0,23.0
2007-07-08,2.8,16.3,27.0,74.0,1017.5,4.7,18.0,38.0
2007-07-09,11.8,17.9,25.3,78.0,1011.5,5.2,257.0,74.0
2007-07-10,8.1,15.2,20.6,70.0,1009.0,5.0,2.0,73.0
2007-07-11,4.0,13.3,20.6,67.0,1013.5,3.7,288.0,64.0
2007-07-12,3.1,11.2,22.7,75.0,1017.3,3.8,293.0,25.0
2007-07-13,0.0,13.6,24.2,76.0,1020.4,4.6,201.0,35.0
2007-07-14,0.0,14.5,27.8,77.0,1021.2,4.2,202.0,28.0
2007-07-15,0.0,16.3,29.4,73.0,1021.2,4.3,213.0,13.0
2007-07-16,0.0,16.5,29.9,70.0,1020.0,5.2,214.0,7.0
2007-07-17,0.0,16.8,30.5,69.0,1018.3,3.9,203.0,4.0
2007-07-18,0.0,17.5,31.5,68.0,1017.1,4.4,221.0,4.0
2007-07-19,0.0,18.2,33.4,61.0,1015.6,3.7,293.0,4.0
2007-07-20,0.0,18.4,33.4,56.0,1013.9,3.9,253.0,3.0
2007-07-21,0.0,18.8,31.9,59.0,1012.9,4.5,88.0,7.0
2007-07-22,0.6,19.9,29.7,63.0,1010.5,6.2,224.0,16.0
2007-07-23,0.0,17.6,28.8,63.0,1009.8,5.8,106.0,24.0
2007-07-24,3.4,18.2,28.5,65.0,1005.9,5.3,219.0,32.0
2007-07-25,0.0,14.5,27.7,61.0,1013.7,4.9,5.0,23.0
2007-07-26,0.0,16.0,28.6,54.0,1015.6,4.6,191.0,8.0
2007-07-27,1.4,16.6,29.8,62.0,1014.9,4.0,256.0,22.0
2007-07-28,4.3,19.2,30.5,62.0,1014.3,4.5,334.0,44.0
2007-07-29,6.0,19.9,28.0,65.0,1012.8,4.4,352.0,56.0
2007-07-30,3.8,17.9,26.9,68.0,1008.7,6.0,67.0,60.0
2007-07-31,0.0,16.0,23.5,50.0,1015.6,3.8,128.0,39.0
2007-08-01,0.0,14.9,24.3,52.0,1017.8,4.5,199.0,27.0
2007-08-02,0.0,13.7,27.2,62.0,1015.7,4.8,187.0,47.0
2007-08-03,16.5,17.2,23.9,76.0,1016.9,4.7,24.0,68.0
2007-08-04,0.0,13.9,25.2,69.0,1020.7,5.0,255.0,18.0
2007-08-05,0.6,17.2,25.1,71.0,1018.5,4.7,220.0,39.0
2007-08-06,0.9,15.1,27.4,64.0,1013.8,4.2,266.0,25.0
2007-08-07,2.6,16.2,28.3,66.0,1010.8,4.0,287.0,75.0
2007-08-08,17.8,18.3,25.9,76.0,1009.7,3.9,70.0,96.0
2007-08-09,20.4,17.3,22.4,81.0,1008.0,4.5,77.0,58.0
2007-08-10,1.7,14.0,24.3,72.0,1007.5,3.5,18.0,66.0
2007-08-11,6.7,15.8,23.7,80.0,1009.2,4.2,231.0,74.0
2007-08-12,8.6,16.2,24.3,86.0,1010.3,3.4,243.0,51.0
2007-08-13,8.4,17.0,24.8,84.0,1012.2,3.8,281.0,72.0
2007-08-14,5.5,16.1,24.5,83.0,1014.5,4.0,287.0,75.0
2007-08-15,0.0,16.0,27.2,80.0,1014.2,3.9,218.0,21.0
2007-08-16,1.9,17.8,26.7,87.0,1012.2,3.6,168.0,54.0
2007-08-17,4.7,17.9,27.1,77.0,1013.6,4.2,357.0,32.0
2007-08-18,1.2,16.9,25.0,69.0,1014.6,5.8,41.0,63.0
2007-08-19,1.1,15.2,25.8,69.0,1011.2,4.4,313.0,42.0
2007-08-20,13.4,16.2,20.2,85.0,1007.0,4.1,12.0,91.0
2007-08-21,8.8,15.6,21.0,82.0,1008.3,4.6,65.0,91.0
2007-08-22,2.2,14.7,22.7,78.0,1012.2,3.8,106.0,64.0
2007-08-23,3.6,16.3,22.5,83.0,1016.1,3.5,29.0,89.0
2007-08-24,1.3,13.9,24.8,83.0,1022.2,4.1,320.0,51.0
2007-08-25,0.0,13.8,27.2,73.0,1024.8,4.4,333.0,46.0
2007-08-26,0.0,16.8,28.7,71.0,1023.9,4.5,305.0,40.0
2007-08-27,4.2,17.2,27.7,73.0,1020.0,3.6,263.0,36.0
2007-08-28,5.5,16.9,27.3,76.0,1014.8,3.8,231.0,66.0
2007-08-29,5.0,17.4,23.5,84.0,1012.7,3.7,17.0,90.0
2007-08-30,14.0,17.7,20.9,85.0,1010.4,5.5,14.0,83.0
2007-08-31,0.0,15.0,22.6,70.0,1014.2,5.6,45.0,68.0
2007-09-01,0.3,13.2,23.3,73.0,1016.7,4.1,311.0,36.0
2007-09-02,0.1,15.6,21.9,75.0,1018.6,3.4,336.0,61.0
2007-09-03,3.7,13.2,21.7,78.0,1013.8,3.8,217.0,76.0
2007-09-04,21.2,12.5,17.9,80.0,1011.1,5.2,39.0,77.0
2007-09-05,0.2,9.8,18.8,50.0,1016.9,4.9,326.0,50.0
2007-09-06,0.0,11.4,17.2,59.0,1016.2,3.7,312.0,97.0
2007-09-07,0.0,11.5,21.0,73.0,1016.7,3.6,314.0,27.0
2007-09-08,0.6,13.3,22.0,80.0,1017.7,4.6,268.0,56.0
2007-09-09,8.7,13.8,21.3,84.0,1014.9,3.7,6.0,64.0
2007-09-10,1.5,12.0,20.4,81.0,1015.1,4.5,273.0,58.0
2007-09-11,1.3,13.7,23.5,74.0,1011.9,4.4,353.0,41.0
2007-09-12,0.0,11.0,21.0,73.0,1021.3,4.8,285.0,34.0
2007-09-13,0.0,14.9,20.0,80.0,1023.6,3.8,223.0,70.0
2007-09-14,0.1,12.4,22.0,81.0,1021.0,3.9,203.0,59.0
2007-09-15,0.0,12.8,22.6,82.0,1020.7,3.7,163.0,60.0
2007-09-16,1.1,13.2,23.1,82.0,1021.6,4.0,212.0,50.0
2007-09-17,6.2,16.5,20.2,91.0,1017.7,3.1,77.0,84.0
2007-09-18,18.6,14.9,22.6,87.0,1010.5,4.0,118.0,89.0
2007-09-19,0.0,9.7,18.9,59.0,1019.2,5.0,60.0,28.0
2007-09-20,0.0,11.9,17.6,67.0,1024.7,3.1,186.0,61.0
2007-09-21,0.0,9.2,20.0,72.0,1025.9,3.9,354.0,25.0
2007-09-22,0.0,9.8,21.5,74.0,1024.6,3.8,316.0,30.0
2007-09-23,0.0,9.9,23.1,75.0,1023.8,3.9,360.0,36.0
2007-09-24,0.0,9.3,22.0,74.0,1020.4,4.3,35.0,21.0
2007-09-25,0.0,9.4,19.9,79.0,1014.8,4.5,77.0,49.0
2007-09-26,33.3,12.3,16.4,85.0,1009.7,6.9,29.0,93.0
2007-09-27,43.8,11.6,14.8,87.0,1005.7,7.1,51.0,89.0
2007-09-28,25.6,9.8,13.8,82.0,1007.7,5.5,343.0,94.0
2007-09-29,0.0,9.2,16.4,83.0,1020.1,4.2,29.0,78.0
2007-09-30,0.0,9.3,19.4,81.0,1025.3,3.6,326.0,60.0
2007-10-01,0.0,8.5,22.0,77.0,1025.7,3.3,333.0,63.0
2007-10-02,0.0,9.2,22.5,77.0,1021.7,3.5,310.0,55.0
2007-10-03,0.0,10.5,22.6,84.0,1020.4,3.3,263.0,28.0
2007-10-04,1.8,14.1,21.4,90.0,1021.3,2.8,205.0,99.0
2007-10-05,0.7,14.5,21.0,93.0,1020.2,3.2,202.0,94.0
2007-10-06,38.4,12.7,17.3,93.0,1017.3,5.1,47.0,86.0
2007-10-07,0.0,9.4,19.3,78.0,1018.6,4.4,14.0,28.0
2007-10-08,0.0,8.5,18.9,76.0,1020.6,3.5,22.0,20.0
2007-10-09,0.0,7.5,18.8,76.0,1022.0,4.5,35.0,81.0
2007-10-10,0.0,8.7,18.1,72.0,1020.6,5.5,40.0,80.0
2007-10-11,0.0,7.1,16.7,78.0,1022.0,2.9,334.0,73.0
2007-10-12,0.0,9.7,18.1,76.0,1019.2,3.5,259.0,49.0
2007-10-13,0.3,9.0,18.2,80.0,1020.3,4.1,315.0,36.0
2007-10-14,0.1,10.0,14.5,76.0,1025.1,3.4,149.0,60.0
2007-10-15,0.0,5.9,15.7,76.0,1024.9,3.2,151.0,10.0
2007-10-16,0.0,6.9,15.7,78.0,1025.7,3.5,157.0,9.0
2007-10-17,0.0,6.9,14.8,86.0,1023.8,2.9,177.0,68.0
2007-10-18,4.4,8.9,14.6,89.0,1020.3,2.7,90.0,74.0
2007-10-19,0.6,1.8,14.1,76.0,1023.2,4.6,330.0,23.0
2007-10-20,0.6,2.8,11.9,56.0,1024.7,5.0,19.0,53.0
2007-10-21,0.0,0.5,12.2,54.0,1021.6,4.8,360.0,13.0
2007-10-22,1.0,2.5,10.0,67.0,1012.8,7.1,334.0,97.0
2007-10-23,0.8,5.5,11.0,74.0,1011.0,4.1,337.0,91.0
2007-10-24,11.5,6.2,10.7,86.0,1016.6,4.0,6.0,100.0
2007-10-25,0.0,3.3,14.1,78.0,1020.4,4.3,7.0,71.0
2007-10-26,14.6,8.6,11.7,82.0,1021.7,5.9,11.0,100.0
2007-10-27,5.9,11.2,17.8,86.0,1024.7,3.4,349.0,79.0
2007-10-28,9.1,9.9,14.0,88.0,1022.8,3.3,2.0,73.0
2007-10-29,0.7,5.2,14.0,87.0,1020.0,3.0,351.0,77.0
2007-10-30,8.4,8.1,11.3,90.0,1015.4,4.5,26.0,98.0
2007-10-31,0.7,8.3,16.7,75.0,1019.3,5.0,360.0,52.0
2007-11-01,0.0,2.9,14.3,72.0,1025.9,4.1,345.0,9.0
2007-11-02,0.0,3.7,15.4,73.0,1027.3,3.1,314.0,8.0
2007-11-03,0.0,4.8,16.4,75.0,1024.7,3.0,318.0,17.0
2007-11-04,0.0,4.6,16.4,81.0,1018.7,3.8,327.0,26.0
2007-11-05,3.5,8.8,11.6,82.0,1024.3,3.5,295.0,80.0
2007-11-06,0.0,6.2,11.1,84.0,1022.2,2.3,78.0,68.0
2007-11-07,1.0,2.5,11.8,81.0,1021.4,3.9,341.0,57.0
2007-11-08,0.0,3.1,12.3,82.0,1017.1,3.2,345.0,16.0
2007-11-09,1.2,4.8,12.2,73.0,1009.3,3.8,347.0,61.0
2007-11-10,0.0,-0.6,12.1,54.0,1012.7,5.2,342.0,21.0
2007-11-11,0.0,3.1,11.1,72.0,1007.9,4.6,356.0,35.0
2007-11-12,0.0,1.3,12.3,58.0,1010.3,5.7,349.0,22.0
2007-11-13,0.0,-2.0,9.9,62.0,1014.7,4.3,353.0,30.0
2007-11-14,0.0,1.7,7.5,73.0,1003.4,4.1,16.0,69.0
2007-11-15,0.0,-2.4,8.5,58.0,1009.3,6.8,350.0,29.0
2007-11-16,0.0,-3.2,7.2,54.0,1019.8,5.5,351.0,6.0
2007-11-17,0.0,-2.7,7.0,61.0,1019.6,5.2,326.0,53.0
2007-11-18,0.0,-0.1,6.1,71.0,1013.8,3.4,340.0,89.0
2007-11-19,0.0,1.2,8.0,77.0,1018.7,3.3,349.0,75.0
2007-11-20,0.0,2.9,7.5,81.0,1023.6,2.5,148.0,98.0
2007-11-21,0.2,2.2,6.7,92.0,1023.6,2.2,145.0,94.0
2007-11-22,3.5,3.8,9.3,90.0,1020.6,3.2,13.0,97.0
2007-11-23,17.0,8.3,12.6,94.0,1017.3,3.6,26.0,100.0
2007-11-24,55.3,10.2,12.1,95.0,1018.6,5.3,13.0,100.0
2007-11-25,1.2,7.7,11.7,90.0,1017.5,3.7,238.0,94.0
2007-11-26,4.5,3.2,12.6,82.0,1015.3,3.3,1.0,36.0
2007-11-27,1.7,4.4,7.9,79.0,1023.2,3.5,19.0,67.0
2007-11-28,1.4,3.9,7.1,77.0,1024.7,3.6,52.0,72.0
2007-11-29,0.0,2.0,7.0,73.0,1016.7,2.7,58.0,28.0
2007-11-30,0.0,2.3,8.6,80.0,1012.4,2.6,308.0,23.0
2007-12-01,0.1,3.2,8.5,87.0,1016.8,2.9,110.0,52.0
2007-12-02,1.2,4.5,8.8,91.0,1018.0,2.8,118.0,84.0
2007-12-03,3.8,3.3,9.6,91.0,1003.0,2.9,135.0,68.0
2007-12-04,0.0,-1.1,11.5,66.0,1011.3,4.4,333.0,38.0
2007-12-05,0.0,4.0,9.9,60.0,1024.2,4.3,6.0,41.0
2007-12-06,0.0,2.8,10.2,72.0,1021.5,2.6,334.0,60.0
2007-12-07,0.8,4.0,6.9,83.0,1013.4,2.8,57.0,100.0
2007-12-08,2.6,3.8,11.1,86.0,1007.5,4.7,354.0,79.0
2007-12-09,2.8,3.8,6.5,87.0,1005.3,2.5,28.0,95.0
2007-12-10,1.0,1.6,8.2,87.0,1003.4,3.3,313.0,66.0
2007-12-11,0.0,0.4,8.6,87.0,1012.7,3.6,327.0,71.0
2007-12-12,0.0,-1.7,8.0,82.0,1021.1,4.5,339.0,84.0
2007-12-13,0.0,-2.2,9.2,78.0,1027.8,4.8,339.0,15.0
2007-12-14,7.1,0.4,6.1,83.0,1027.2,3.6,336.0,68.0
2007-12-15,9.7,-0.7,2.9,80.0,1028.3,2.8,215.0,54.0
2007-12-16,0.0,0.0,3.9,67.0,1029.9,4.0,7.0,40.0
2007-12-17,0.0,-0.9,3.5,63.0,1031.3,5.4,32.0,31.0
2007-12-18,0.0,-2.0,5.1,58.0,1032.5,4.2,342.0,30.0
2007-12-19,0.0,-4.2,7.0,61.0,1034.7,3.7,334.0,0.0
2007-12-20,0.0,-3.5,7.7,66.0,1034.0,2.7,334.0,0.0
2007-12-21,0.0,-3.2,8.4,73.0,1031.2,2.2,349.0,0.0
2007-12-22,0.0,-0.6,7.3,77.0,1031.5,2.6,353.0,42.0
2007-12-23,0.0,3.0,5.9,84.0,1030.4,2.5,30.0,98.0
2007-12-24,0.0,3.2,7.0,88.0,1027.4,2.0,334.0,52.0
2007-12-25,0.5,2.7,6.5,74.0,1026.4,3.2,11.0,47.0
2007-12-26,0.0,0.6,6.5,75.0,1028.0,2.8,329.0,50.0
2007-12-27,0.0,-1.9,7.2,73.0,1032.9,3.1,341.0,37.0
2007-12-28,0.0,-1.9,7.5,72.0,1033.6,2.8,335.0,0.0
2007-12-29,0.0,-0.6,5.4,81.0,1029.6,2.4,348.0,4.0
2007-12-30,0.0,-0.0,5.1,80.0,1023.6,2.3,344.0,82.0
2007-12-31,0.5,-2.7,8.4,76.0,1024.0,4.1,329.0,14.0
2008-01-01,16.7,-1.3,3.1,87.0,1023.6,2.9,335.0,65.0
2008-01-02,3.0,-1.5,3.5,82.0,1023.3,3.1,7.0,91.0
2008-01-03,0.9,-2.1,1.1,71.0,1021.6,3.9,44.0,98.0
2008-01-04,4.7,0.0,4.1,87.0,1024.0,2.9,6.0,99.0
2008-01-05,9.1,2.1,5.6,89.0,1023.2,3.4,10.0,100.0
2008-01-06,7.7,1.5,6.5,94.0,1016.3,2.1,115.0,76.0
2008-01-07,0.6,-2.1,7.5,92.0,1021.4,2.3,357.0,66.0
2008-01-08,0.0,-0.3,10.6,85.0,1025.8,3.0,345.0,23.0
2008-01-09,0.4,-0.4,6.7,89.0,1025.5,2.1,19.0,92.0
2008-01-10,0.1,2.1,7.2,93.0,1026.6,2.1,21.0,83.0
2008-01-11,4.9,3.5,5.8,95.0,1023.3,2.1,67.0,95.0
2008-01-12,43.8,4.4,8.4,95.0,1013.6,5.5,40.0,100.0
2008-01-13,34.9,6.7,8.6,89.0,1017.3,5.8,23.0,100.0
2008-01-14,2.8,5.1,8.4,91.0,1020.4,3.8,183.0,98.0
2008-01-15,1.5,3.4,8.1,94.0,1020.6,2.7,106.0,97.0
2008-01-16,20.6,4.8,7.6,95.0,1012.3,3.7,55.0,100.0
2008-01-17,24.3,6.5,8.8,88.0,1013.8,6.8,19.0,100.0
2008-01-18,0.1,7.0,11.0,81.0,1021.7,2.4,144.0,86.0
2008-01-19,0.0,4.4,8.6,95.0,1028.1,1.9,222.0,91.0
2008-01-20,0.0,1.7,9.4,92.0,1028.4,3.1,224.0,58.0
2008-01-21,0.1,2.5,4.7,96.0,1024.4,3.5,165.0,91.0
2008-01-22,0.8,2.2,7.1,89.0,1014.1,3.0,82.0,67.0
2008-01-23,0.0,-1.5,8.3,49.0,1028.4,5.5,347.0,0.0
2008-01-24,0.0,-0.5,9.3,65.0,1032.6,2.6,320.0,1.0
2008-01-25,0.0,0.2,12.1,74.0,1033.4,3.1,324.0,51.0
2008-01-26,0.0,-1.3,11.6,78.0,1034.1,2.6,316.0,32.0
2008-01-27,0.0,0.5,10.6,83.0,1024.0,3.2,327.0,76.0
2008-01-28,0.0,0.3,13.6,76.0,1026.9,4.5,309.0,75.0
2008-01-29,0.0,1.6,9.5,83.0,1029.6,3.3,310.0,41.0
2008-01-30,0.2,0.1,7.5,91.0,1025.3,3.1,22.0,86.0
2008-01-31,0.2,2.8,10.1,86.0,1022.5,2.2,6.0,86.0
2008-02-01,3.0,2.8,6.1,95.0,1018.2,4.0,188.0,98.0
2008-02-02,6.9,3.3,6.7,94.0,1014.8,3.1,77.0,96.0
2008-02-03,1.2,3.3,6.7,82.0,1024.9,5.3,58.0,90.0
2008-02-04,11.5,4.3,8.3,92.0,1018.0,4.0,66.0,100.0
2008-02-05,24.4,6.0,11.6,79.0,1019.4,5.6,4.0,79.0
2008-02-06,0.0,2.4,10.6,81.0,1025.1,2.8,18.0,62.0
2008-02-07,0.2,-1.9,13.1,70.0,1029.6,4.2,350.0,11.0
2008-02-08,0.0,-3.6,10.0,65.0,1035.8,3.8,332.0,6.0
2008-02-09,0.0,-2.7,9.3,68.0,1035.4,2.2,347.0,0.0
2008-02-10,0.0,-2.9,9.3,70.0,1033.8,2.3,343.0,4.0
2008-02-11,0.0,-2.4,8.7,76.0,1033.5,2.5,300.0,2.0
2008-02-12,0.0,-2.7,8.8,77.0,1032.9,2.0,3.0,1.0
2008-02-13,0.0,-2.2,8.8,73.0,1034.1,2.7,287.0,0.0
2008-02-14,0.0,-2.6,10.8,74.0,1031.0,2.4,328.0,0.0
2008-02-15,0.0,-1.2,9.5,74.0,1027.4,3.9,95.0,12.0
2008-02-16,0.4,0.3,3.0,75.0,1035.9,4.5,196.0,70.0
2008-02-17,0.6,-1.9,2.3,66.0,1043.3,4.9,188.0,69.0
2008-02-18,0.0,-2.2,5.9,72.0,1033.0,3.2,8.0,9.0
2008-02-19,0.0,-1.0,7.8,77.0,1027.9,2.9,45.0,0.0
2008-02-20,0.2,-0.4,6.5,86.0,1028.1,3.5,104.0,75.0
2008-02-21,0.3,2.7,9.4,87.0,1028.4,2.9,152.0,60.0
2008-02-22,0.0,3.4,10.4,85.0,1029.8,3.1,176.0,32.0
2008-02-23,0.0,1.6,11.1,90.0,1028.8,2.8,143.0,55.0
2008-02-24,0.0,3.8,13.1,85.0,1029.0,2.9,175.0,17.0
2008-02-25,0.1,4.1,9.1,93.0,1026.1,2.2,152.0,80.0
2008-02-26,0.1,1.7,9.6,91.0,1022.5,3.1,177.0,68.0
2008-02-27,0.9,5.1,7.8,96.0,1019.4,2.9,159.0,95.0
2008-02-28,0.0,2.8,12.1,86.0,1023.2,3.5,202.0,73.0
2008-02-29,2.0,6.9,10.2,94.0,1022.6,3.1,144.0,94.0
2008-03-01,4.3,6.5,15.0,87.0,1007.8,3.6,141.0,77.0
2008-03-02,0.0,2.7,15.6,80.0,1008.1,4.1,16.0,17.0
2008-03-03,0.6,3.6,14.6,83.0,1009.6,5.4,63.0,55.0
2008-03-04,22.9,3.7,8.9,87.0,1008.0,7.5,54.0,97.0
2008-03-05,0.0,1.8,9.6,56.0,1014.6,7.9,37.0,82.0
2008-03-06,0.0,-2.8,10.0,48.0,1019.8,7.8,22.0,52.0
2008-03-07,5.0,4.0,13.3,71.0,1011.7,5.8,33.0,99.0
2008-03-08,3.2,4.8,9.8,83.0,1011.1,2.7,104.0,91.0
2008-03-09,3.6,5.2,9.3,90.0,1012.5,2.8,147.0,96.0
2008-03-10,7.9,5.6,9.5,93.0,1008.6,2.9,142.0,97.0
2008-03-11,7.4,6.4,11.8,90.0,1001.9,3.1,119.0,87.0
2008-03-12,0.7,5.5,10.6,91.0,1006.9,3.0,118.0,77.0
2008-03-13,1.8,2.8,14.2,78.0,1011.7,4.7,21.0,32.0
2008-03-14,1.2,3.9,13.2,82.0,1014.7,3.9,45.0,67.0
2008-03-15,2.1,5.9,12.3,89.0,1015.6,3.7,130.0,83.0
2008-03-16,6.8,8.0,11.2,96.0,1009.4,3.6,172.0,100.0
2008-03-17,0.3,3.4,13.6,86.0,1005.1,3.1,224.0,80.0
2008-03-18,6.1,5.5,10.4,81.0,1005.2,4.4,73.0,57.0
2008-03-19,3.3,1.6,9.2,69.0,1011.1,4.2,272.0,49.0
2008-03-20,0.0,-0.7,11.2,57.0,1010.7,4.2,344.0,38.0
2008-03-21,3.5,1.7,9.6,67.0,998.2,5.0,162.0,93.0
2008-03-22,7.0,0.8,9.4,82.0,988.3,5.3,51.0,73.0
2008-03-23,3.9,-1.0,9.8,80.0,992.6,5.0,32.0,89.0
2008-03-24,4.6,2.0,7.7,75.0,992.4,4.0,11.0,94.0
2008-03-25,3.8,-2.5,8.6,74.0,999.2,3.2,2.0,57.0
2008-03-26,0.3,-0.8,8.8,72.0,1006.5,4.6,165.0,63.0
2008-03-27,2.8,1.3,9.0,84.0,1003.1,5.9,40.0,96.0
2008-03-28,1.6,4.3,13.7,72.0,1010.4,4.7,15.0,79.0
2008-03-29,1.0,3.0,15.3,75.0,1018.6,2.8,6.0,42.0
2008-03-30,0.0,2.8,16.2,72.0,1021.3,4.9,221.0,50.0
2008-03-31,0.0,3.0,16.0,74.0,1015.8,3.8,39.0,83.0
2008-04-01,0.0,4.1,19.0,71.0,1017.1,4.3,282.0,42.0
2008-04-02,8.1,5.0,15.1,85.0,1015.9,3.5,356.0,70.0
2008-04-03,1.9,1.3,13.3,74.0,1015.8,4.3,344.0,49.0
2008-04-04,0.0,-0.2,16.4,58.0,1018.8,5.2,336.0,23.0
2008-04-05,1.1,1.4,13.5,69.0,1013.3,3.7,283.0,31.0
2008-04-06,4.6,1.1,13.0,79.0,1003.3,4.8,139.0,59.0
2008-04-07,8.7,5.2,15.7,69.0,998.9,7.2,223.0,60.0
2008-04-08,0.0,4.5,12.4,77.0,1006.1,4.9,46.0,90.0
2008-04-09,4.1,5.3,13.3,86.0,1004.8,4.3,190.0,86.0
2008-04-10,5.9,8.7,13.4,92.0,1003.2,2.6,133.0,98.0
2008-04-11,18.0,10.4,14.9,96.0,1002.9,3.5,63.0,99.0
2008-04-12,10.6,9.0,14.9,92.0,1006.7,3.4,34.0,88.0
2008-04-13,2.8,5.6,12.7,78.0,1016.7,5.2,58.0,78.0
2008-04-14,2.5,5.7,14.3,85.0,1015.7,3.5,164.0,86.0
2008-04-15,7.5,6.2,11.5,87.0,1011.6,3.4,352.0,96.0
2008-04-16,9.8,3.1,13.9,82.0,1014.7,4.5,341.0,71.0
2008-04-17,1.8,6.2,13.4,76.0,1009.7,5.3,91.0,83.0
2008-04-18,19.9,8.6,14.3,84.0,1003.0,4.9,60.0,99.0
2008-04-19,10.9,7.4,17.0,76.0,1001.8,6.2,221.0,76.0
2008-04-20,0.0,4.8,18.1,76.0,1007.5,5.2,123.0,49.0
2008-04-21,14.8,6.8,15.2,87.0,1002.6,5.0,31.0,95.0
2008-04-22,3.4,7.8,13.2,88.0,1001.9,2.5,151.0,85.0
2008-04-23,2.9,5.3,17.5,86.0,1012.6,3.1,196.0,47.0
2008-04-24,0.7,5.5,17.1,75.0,1023.0,4.4,255.0,49.0
2008-04-25,5.5,6.6,17.5,80.0,1024.1,3.8,346.0,52.0
2008-04-26,1.9,4.6,18.2,70.0,1025.6,4.1,354.0,19.0
2008-04-27,0.0,5.5,18.7,64.0,1024.3,4.0,280.0,26.0
2008-04-28,0.0,5.4,18.7,72.0,1015.5,5.1,204.0,63.0
2008-04-29,8.1,8.8,12.0,84.0,1007.8,3.6,89.0,98.0
2008-04-30,3.3,7.9,15.1,83.0,1009.1,4.3,115.0,83.0
2008-05-01,3.0,8.1,17.6,86.0,1013.3,4.2,21.0,72.0
2008-05-02,2.4,5.9,19.6,71.0,1021.0,4.7,271.0,26.0
2008-05-03,0.1,7.5,20.4,68.0,1022.4,4.2,298.0,41.0
2008-05-04,1.8,9.9,18.4,74.0,1021.7,4.1,288.0,73.0
2008-05-05,8.9,9.7,17.0,78.0,1021.9,4.7,65.0,55.0
2008-05-06,0.7,5.6,20.5,70.0,1021.1,4.2,314.0,13.0
2008-05-07,0.8,8.2,19.1,72.0,1020.7,4.1,293.0,41.0
2008-05-08,0.0,7.7,20.2,72.0,1018.4,4.3,257.0,27.0
2008-05-09,0.0,8.0,21.1,73.0,1017.0,3.9,281.0,30.0
2008-05-10,2.1,9.1,21.5,73.0,1017.5,4.9,10.0,35.0
2008-05-11,0.0,8.8,20.3,64.0,1019.1,5.1,37.0,35.0
2008-05-12,0.0,7.8,20.4,63.0,1018.1,5.4,57.0,14.0
2008-05-13,0.0,7.3,21.4,63.0,1015.8,4.9,28.0,12.0
2008-05-14,0.5,8.5,22.2,63.0,1014.2,4.2,270.0,19.0
2008-05-15,4.9,9.2,21.0,79.0,1013.5,5.0,241.0,64.0
2008-05-16,8.7,11.4,20.6,88.0,1012.7,4.6,182.0,89.0
2008-05-17,25.8,14.5,19.1,91.0,1011.3,3.7,178.0,100.0
2008-05-18,59.8,14.1,16.8,93.0,1007.0,5.3,42.0,100.0
2008-05-19,6.9,12.0,20.5,83.0,1005.7,4.6,42.0,97.0
2008-05-20,25.6,12.8,18.2,84.0,1004.8,6.9,38.0,98.0
2008-05-21,8.1,12.1,19.6,78.0,1009.4,4.6,65.0,73.0
2008-05-22,2.0,10.1,19.3,78.0,1012.1,3.8,102.0,59.0
2008-05-23,8.5,11.7,18.7,86.0,1013.0,3.3,89.0,93.0
2008-05-24,6.6,13.8,20.1,85.0,1014.1,4.2,161.0,92.0
2008-05-25,0.6,12.8,22.1,83.0,1015.9,4.4,192.0,96.0
2008-05-26,0.0,15.5,23.5,84.0,1017.8,4.4,205.0,93.0
2008-05-27,0.3,13.1,26.3,80.0,1016.2,4.1,162.0,4.0
2008-05-28,0.0,14.3,26.7,78.0,1015.3,5.2,69.0,40.0
2008-05-29,0.0,15.4,27.7,71.0,1013.4,5.6,48.0,78.0
2008-05-30,39.6,15.9,22.4,82.0,1012.5,4.4,53.0,80.0
2008-05-31,2.1,14.2,22.3,79.0,1015.6,4.6,185.0,53.0
2008-06-01,1.8,13.2,24.6,78.0,1016.1,4.1,157.0,48.0
2008-06-02,7.6,14.7,25.3,81.0,1014.3,4.9,332.0,82.0
2008-06-03,0.5,13.2,24.9,75.0,1012.0,4.1,70.0,77.0
2008-06-04,7.6,15.0,21.7,87.0,1010.9,3.1,31.0,97.0
2008-06-05,25.5,15.9,19.8,92.0,1009.6,3.5,67.0,98.0
2008-06-06,16.2,15.0,19.2,91.0,1010.4,3.6,71.0,98.0
2008-06-07,4.5,12.0,22.0,80.0,1010.7,3.2,295.0,64.0
2008-06-08,4.8,13.0,22.5,78.0,1013.5,4.6,20.0,56.0
2008-06-09,1.5,12.6,24.0,72.0,1018.2,4.2,29.0,73.0
2008-06-10,1.0,13.2,25.1,72.0,1019.7,3.7,276.0,45.0
2008-06-11,10.0,13.8,23.8,80.0,1015.5,4.9,325.0,80.0
2008-06-12,6.2,14.0,22.8,78.0,1010.6,4.3,41.0,84.0
2008-06-13,6.4,12.5,17.7,80.0,1009.3,4.7,35.0,80.0
2008-06-14,2.6,10.2,15.8,73.0,1013.4,5.5,38.0,78.0
2008-06-15,1.4,8.2,18.6,74.0,1013.4,4.7,233.0,70.0
2008-06-16,4.9,12.1,18.0,83.0,1012.2,3.3,99.0,99.0
2008-06-17,10.9,13.4,21.3,87.0,1012.0,4.0,44.0,92.0
2008-06-18,4.0,13.9,23.0,81.0,1014.6,2.3,315.0,57.0
2008-06-19,0.2,13.4,25.1,75.0,1016.8,4.3,210.0,32.0
2008-06-20,1.8,15.3,27.5,72.0,1018.2,2.9,18.0,47.0
2008-06-21,0.1,15.4,28.4,67.0,1020.2,3.5,326.0,25.0
2008-06-22,0.0,16.1,28.0,77.0,1020.6,4.7,200.0,26.0
2008-06-23,1.7,17.6,29.0,79.0,1019.0,3.9,253.0,39.0
2008-06-24,1.2,18.3,29.4,78.0,1017.5,5.1,239.0,40.0
2008-06-25,0.0,20.1,30.5,77.0,1016.6,4.8,197.0,33.0
2008-06-26,1.1,19.6,30.4,74.0,1016.2,3.8,305.0,33.0
2008-06-27,6.5,19.0,29.0,75.0,1015.4,4.6,344.0,59.0
2008-06-28,2.9,18.1,27.5,69.0,1018.4,4.6,28.0,41.0
2008-06-29,1.8,18.4,28.5,71.0,1018.7,3.8,249.0,51.0
2008-06-30,9.8,19.6,27.8,78.0,1017.7,4.1,323.0,64.0
2008-07-01,3.2,19.1,28.2,70.0,1017.6,3.9,286.0,68.0
2008-07-02,3.5,17.3,28.0,75.0,1014.5,4.4,301.0,56.0
2008-07-03,2.0,17.2,27.6,76.0,1012.1,5.5,230.0,38.0
2008-07-04,0.6,16.8,26.9,76.0,1010.6,4.6,344.0,36.0
2008-07-05,1.0,18.2,26.0,73.0,1012.6,4.4,28.0,44.0
2008-07-06,11.5,19.1,26.6,81.0,1012.7,4.1,316.0,84.0
2008-07-07,14.3,18.8,25.3,85.0,1009.3,5.0,151.0,68.0
2008-07-08,9.7,16.6,23.3,76.0,1012.5,5.4,49.0,70.0
2008-07-09,0.0,14.8,24.6,70.0,1015.8,4.6,344.0,37.0
2008-07-10,1.8,15.0,26.3,76.0,1016.2,3.4,213.0,29.0
2008-07-11,2.0,16.8,26.3,80.0,1014.9,4.0,243.0,80.0
2008-07-12,8.1,18.3,26.8,80.0,1011.9,4.1,23.0,64.0
2008-07-13,9.3,17.5,25.6,79.0,1009.1,4.9,14.0,69.0
2008-07-14,8.5,14.6,22.4,76.0,1013.1,4.6,12.0,74.0
2008-07-15,0.1,11.8,24.1,71.0,1023.8,5.0,255.0,12.0
2008-07-16,0.0,14.6,25.5,75.0,1021.3,4.7,195.0,22.0
2008-07-17,6.1,15.9,24.7,77.0,1013.6,4.3,167.0,76.0
2008-07-18,21.8,17.5,22.2,78.0,1012.7,4.6,57.0,73.0
2008-07-19,0.0,14.4,25.0,72.0,1015.9,4.2,232.0,39.0
2008-07-20,8.7,16.0,24.1,86.0,1013.9,4.2,160.0,82.0
2008-07-21,8.5,16.0,22.9,73.0,1013.0,6.2,59.0,69.0
2008-07-22,2.7,13.5,21.2,70.0,1016.8,4.2,315.0,39.0
2008-07-23,0.0,10.4,24.2,65.0,1016.7,3.7,318.0,25.0
2008-07-24,0.0,13.1,26.1,62.0,1013.4,5.2,289.0,23.0
2008-07-25,0.9,15.0,26.9,70.0,1010.7,4.2,288.0,57.0
2008-07-26,3.6,16.7,27.3,76.0,1011.3,3.1,312.0,63.0
2008-07-27,0.7,17.5,28.7,70.0,1014.3,4.4,343.0,81.0
2008-07-28,1.6,17.6,28.9,70.0,1016.1,3.5,344.0,49.0
2008-07-29,2.2,16.5,29.1,72.0,1017.1,4.1,308.0,52.0
2008-07-30,1.6,18.1,29.2,75.0,1018.4,3.9,336.0,73.0
2008-07-31,5.1,18.2,29.1,72.0,1018.2,3.8,342.0,30.0
2008-08-01,4.4,17.4,29.6,73.0,1016.9,3.8,312.0,42.0
2008-08-02,4.1,19.0,28.9,73.0,1016.9,3.9,333.0,45.0
2008-08-03,2.4,17.6,29.2,71.0,1016.6,3.4,321.0,31.0
2008-08-04,3.4,19.7,28.3,80.0,1013.4,3.8,240.0,59.0
2008-08-05,6.6,20.3,28.5,78.0,1012.8,3.4,360.0,64.0
2008-08-06,1.1,21.0,28.3,69.0,1015.3,4.0,45.0,69.0
2008-08-07,0.6,18.8,28.3,71.0,1012.8,4.4,237.0,45.0
2008-08-08,8.5,19.6,26.7,76.0,1008.5,3.9,45.0,60.0
2008-08-09,0.0,14.3,25.9,65.0,1011.6,4.7,323.0,24.0
2008-08-10,0.7,16.4,24.3,75.0,1014.0,4.8,240.0,64.0
2008-08-11,0.2,15.7,26.7,75.0,1010.8,3.7,193.0,35.0
2008-08-12,1.3,17.0,26.6,78.0,1009.2,4.8,189.0,57.0
2008-08-13,3.3,19.1,27.1,79.0,1011.9,3.9,65.0,48.0
2008-08-14,1.8,18.7,28.0,72.0,1014.0,4.2,348.0,46.0
2008-08-15,21.4,18.3,24.2,83.0,1005.9,4.0,51.0,86.0
2008-08-16,13.0,15.8,22.5,70.0,1007.1,5.3,351.0,78.0
2008-08-17,3.2,16.3,22.4,77.0,1012.3,2.8,328.0,73.0
2008-08-18,0.0,13.1,24.2,77.0,1017.2,4.6,222.0,25.0
2008-08-19,0.0,14.8,25.6,80.0,1016.5,4.1,185.0,45.0
2008-08-20,6.3,17.0,25.3,84.0,1014.5,3.7,339.0,47.0
2008-08-21,0.0,17.8,26.9,73.0,1017.8,4.3,45.0,30.0
2008-08-22,0.0,15.2,27.8,71.0,1015.1,4.5,238.0,34.0
2008-08-23,18.6,16.7,23.1,83.0,1009.6,3.9,14.0,62.0
2008-08-24,0.0,12.2,23.1,69.0,1012.7,5.3,77.0,26.0
2008-08-25,0.5,13.4,24.0,71.0,1016.8,4.0,38.0,54.0
2008-08-26,1.3,14.0,25.6,72.0,1020.9,3.4,353.0,31.0
2008-08-27,2.3,15.8,25.8,71.0,1020.8,3.7,9.0,41.0
2008-08-28,2.1,15.5,26.5,71.0,1017.8,3.8,337.0,30.0
2008-08-29,0.0,16.1,27.2,72.0,1016.3,4.8,276.0,41.0
2008-08-30,0.5,17.1,26.1,78.0,1016.9,4.2,49.0,42.0
2008-08-31,0.0,18.7,24.5,76.0,1018.4,3.6,96.0,81.0
2008-09-01,4.5,17.9,24.7,78.0,1017.2,3.7,327.0,65.0
2008-09-02,1.4,15.4,24.9,78.0,1016.2,3.9,275.0,58.0
2008-09-03,3.6,17.0,23.9,82.0,1013.7,3.8,185.0,85.0
2008-09-04,0.8,17.1,25.2,83.0,1012.5,4.3,215.0,69.0
2008-09-05,3.7,17.7,24.3,81.0,1013.6,3.6,98.0,76.0
2008-09-06,2.5,17.4,26.3,83.0,1012.9,4.2,25.0,70.0
2008-09-07,18.5,16.4,25.0,88.0,1011.2,4.1,306.0,60.0
2008-09-08,0.0,14.7,24.4,75.0,1015.4,3.8,2.0,27.0
2008-09-09,0.0,14.7,25.2,71.0,1019.8,3.9,356.0,32.0
2008-09-10,1.3,14.3,27.2,75.0,1018.3,3.1,288.0,35.0
2008-09-11,0.8,16.2,28.2,74.0,1014.1,4.0,291.0,54.0
2008-09-12,5.0,16.6,25.5,83.0,1009.2,3.3,33.0,85.0
2008-09-13,12.2,14.4,20.1,85.0,1009.2,5.7,61.0,100.0
2008-09-14,13.5,12.8,18.0,73.0,1012.6,6.9,68.0,84.0
2008-09-15,2.0,12.2,16.8,72.0,1012.2,2.4,257.0,84.0
2008-09-16,0.4,10.0,18.4,72.0,1012.7,3.8,323.0,61.0
2008-09-17,0.0,9.3,15.5,74.0,1017.9,4.1,45.0,65.0
2008-09-18,3.0,11.8,14.4,78.0,1021.2,2.9,91.0,100.0
2008-09-19,5.5,12.3,18.1,77.0,1019.7,3.1,68.0,74.0
2008-09-20,1.3,12.5,17.0,75.0,1021.2,3.4,216.0,55.0
2008-09-21,11.5,9.5,14.3,86.0,1018.9,2.6,22.0,89.0
2008-09-22,0.9,5.2,17.2,75.0,1015.4,3.3,322.0,30.0
2008-09-23,3.5,6.8,16.8,76.0,1015.4,3.9,355.0,75.0
2008-09-24,0.1,6.0,17.5,72.0,1017.4,4.2,7.0,33.0
2008-09-25,0.0,6.7,18.9,72.0,1019.5,3.7,334.0,53.0
2008-09-26,0.1,7.2,18.6,70.0,1023.8,4.8,16.0,48.0
2008-09-27,0.0,7.2,18.1,60.0,1026.9,5.7,43.0,39.0
2008-09-28,0.0,5.5,17.4,68.0,1024.7,4.0,6.0,11.0
2008-09-29,0.0,5.4,17.1,73.0,1020.2,4.3,232.0,23.0
2008-09-30,0.2,8.4,16.3,81.0,1016.8,3.2,113.0,83.0
2008-10-01,1.7,9.7,16.7,88.0,1012.6,3.4,131.0,88.0
2008-10-02,3.3,11.6,16.6,90.0,1010.0,3.6,22.0,86.0
2008-10-03,17.4,10.7,17.4,92.0,1006.1,4.1,43.0,64.0
2008-10-04,1.3,7.9,15.9,69.0,1012.0,5.2,345.0,49.0
2008-10-05,0.0,4.5,15.2,70.0,1018.6,4.7,1.0,39.0
2008-10-06,0.0,6.8,16.6,76.0,1019.7,4.2,51.0,17.0
2008-10-07,0.0,6.3,17.5,83.0,1020.5,3.7,37.0,65.0
2008-10-08,0.5,12.0,17.6,87.0,1019.1,3.3,53.0,84.0
2008-10-09,0.0,11.2,19.7,85.0,1025.2,2.8,297.0,53.0
2008-10-10,0.0,10.3,20.9,80.0,1031.8,3.6,349.0,36.0
2008-10-11,0.0,9.4,20.8,79.0,1032.6,3.8,296.0,26.0
2008-10-12,0.0,10.0,20.3,84.0,1029.5,3.0,319.0,38.0
2008-10-13,0.0,9.6,22.9,75.0,1024.2,3.2,325.0,44.0
2008-10-14,0.6,10.1,22.8,78.0,1020.6,2.8,335.0,32.0
2008-10-15,0.0,9.3,21.9,79.0,1019.8,4.2,341.0,35.0
2008-10-16,1.7,11.5,17.4,90.0,1016.1,4.1,252.0,94.0
2008-10-17,0.0,11.5,18.0,81.0,1013.2,5.1,70.0,59.0
2008-10-18,0.0,10.2,15.8,66.0,1021.6,3.4,53.0,58.0
2008-10-19,0.0,9.4,17.0,69.0,1024.5,3.2,247.0,17.0
2008-10-20,0.5,6.2,16.1,85.0,1024.9,2.9,317.0,54.0
2008-10-21,2.6,11.0,15.1,89.0,1020.4,3.3,358.0,88.0
2008-10-22,0.2,11.5,16.1,89.0,1018.7,2.9,253.0,91.0
2008-10-23,1.0,11.1,18.4,82.0,1022.8,4.2,21.0,86.0
2008-10-24,0.0,9.5,17.9,79.0,1024.3,3.0,338.0,59.0
2008-10-25,0.0,9.6,17.8,78.0,1027.2,2.5,40.0,51.0
2008-10-26,0.0,10.1,16.7,80.0,1026.1,3.1,345.0,29.0
2008-10-27,3.6,10.8,13.4,91.0,1017.0,2.3,130.0,97.0
2008-10-28,18.2,11.3,15.3,90.0,1009.5,3.3,44.0,94.0
2008-10-29,60.5,13.3,17.0,95.0,1002.4,4.4,71.0,99.0
2008-10-30,23.3,9.1,14.4,77.0,999.9,7.5,190.0,68.0
2008-10-31,28.9,7.9,11.5,91.0,1011.6,6.3,18.0,100.0
2008-11-01,7.9,11.5,16.3,86.0,1011.1,4.5,349.0,88.0
2008-11-02,0.0,7.9,16.5,89.0,1018.6,3.7,43.0,90.0
2008-11-03,14.3,12.1,14.7,90.0,1019.1,5.1,44.0,96.0
2008-11-04,29.4,13.3,17.2,87.0,1019.5,6.7,27.0,97.0
2008-11-05,24.2,11.8,17.4,86.0,1018.1,6.2,47.0,64.0
2008-11-06,0.0,7.3,17.5,80.0,1016.7,4.2,12.0,72.0
2008-11-07,0.1,8.1,15.8,82.0,1016.4,3.7,12.0,96.0
2008-11-08,0.5,7.0,14.7,86.0,1021.5,3.4,14.0,82.0
2008-11-09,0.1,8.2,14.2,88.0,1028.8,3.7,23.0,74.0
2008-11-10,2.6,9.2,13.2,92.0,1029.6,2.8,80.0,95.0
2008-11-11,5.8,9.4,11.5,95.0,1023.9,2.3,122.0,91.0
2008-11-12,5.8,8.5,11.3,90.0,1019.8,3.7,20.0,99.0
2008-11-13,47.9,9.3,9.9,88.0,1018.1,9.4,16.0,100.0
2008-11-14,4.9,7.1,14.9,77.0,1023.0,6.3,359.0,76.0
2008-11-15,0.0,2.9,14.1,80.0,1026.0,4.2,341.0,6.0
2008-11-16,0.0,0.7,14.4,79.0,1023.2,3.1,335.0,12.0
2008-11-17,0.7,1.3,12.6,78.0,1022.6,3.4,340.0,43.0
2008-11-18,0.5,1.2,7.8,77.0,1020.2,2.0,337.0,93.0
2008-11-19,0.0,-1.2,8.3,79.0,1018.1,3.0,326.0,24.0
2008-11-20,0.0,0.9,5.7,91.0,1017.2,3.1,42.0,81.0
2008-11-21,0.2,2.7,6.2,89.0,1002.8,4.2,47.0,84.0
2008-11-22,0.0,-2.0,6.4,54.0,999.5,6.7,327.0,55.0
2008-11-23,0.0,-4.6,5.5,57.0,1006.6,4.2,330.0,10.0
2008-11-24,9.3,-3.7,1.9,78.0,999.8,5.1,15.0,81.0
2008-11-25,0.0,-8.8,6.8,79.0,1005.0,4.6,340.0,65.0
2008-11-26,0.0,-9.5,5.7,72.0,1021.8,4.1,338.0,3.0
2008-11-27,0.0,-4.8,5.5,67.0,1026.5,4.0,343.0,7.0
2008-11-28,26.1,-5.0,4.8,79.0,1013.7,7.5,4.0,89.0
2008-11-29,7.0,2.6,6.2,90.0,1001.7,4.4,30.0,99.0
2008-11-30,26.9,4.1,8.3,93.0,1005.4,5.7,27.0,97.0
2008-12-01,45.2,4.7,8.4,90.0,1001.5,6.7,55.0,93.0
2008-12-02,0.1,2.5,7.4,90.0,1010.1,4.4,3.0,86.0
2008-12-03,1.3,-1.9,7.1,87.0,1009.6,3.1,326.0,55.0
2008-12-04,0.0,-1.4,7.0,88.0,1006.8,2.5,328.0,78.0
2008-12-05,13.7,1.5,5.5,90.0,1001.6,3.5,11.0,83.0
2008-12-06,0.0,-0.4,8.1,87.0,1008.0,3.2,353.0,73.0
2008-12-07,0.0,-3.8,9.7,82.0,1018.7,3.6,328.0,16.0
2008-12-08,0.0,-3.9,8.4,79.0,1026.0,3.2,323.0,6.0
2008-12-09,0.0,-2.6,5.8,80.0,1023.7,2.1,2.0,71.0
2008-12-10,41.4,0.9,5.0,87.0,1014.3,7.4,13.0,100.0
2008-12-11,42.9,4.8,7.1,88.0,1006.1,8.0,15.0,100.0
2008-12-12,30.0,5.0,7.3,84.0,1006.4,7.9,358.0,100.0
2008-12-13,7.7,4.9,7.6,86.0,1011.4,4.3,29.0,100.0
2008-12-14,16.1,5.3,8.3,85.0,1010.6,6.9,30.0,93.0
2008-12-15,29.0,6.3,8.9,86.0,1014.1,7.8,22.0,100.0
2008-12-16,27.7,7.3,9.8,87.0,1015.3,7.5,13.0,99.0
2008-12-17,3.1,0.8,9.0,90.0,1009.8,3.7,358.0,61.0
2008-12-18,2.1,-1.4,5.9,90.0,1009.2,5.6,337.0,88.0
2008-12-19,0.0,-0.4,7.5,82.0,1017.5,4.2,339.0,61.0
2008-12-20,0.0,-3.3,6.5,73.0,1023.7,4.4,344.0,48.0
2008-12-21,0.0,-0.2,7.5,71.0,1024.6,3.5,338.0,33.0
2008-12-22,0.0,-0.7,8.5,76.0,1028.0,2.9,325.0,16.0
2008-12-23,0.0,-2.3,9.3,81.0,1026.1,4.1,337.0,5.0
2008-12-24,0.0,-1.4,7.3,80.0,1027.6,3.0,358.0,55.0
2008-12-25,3.8,1.2,8.8,82.0,1023.4,5.4,16.0,67.0
2008-12-26,0.6,-3.1,4.4,64.0,1032.3,5.3,20.0,15.0
2008-12-27,0.0,-6.3,3.3,67.0,1031.2,3.1,347.0,5.0
2008-12-28,0.0,-7.2,3.3,69.0,1028.9,4.6,357.0,51.0
2008-12-29,0.0,-2.2,4.3,71.0,1031.5,2.6,346.0,35.0
2008-12-30,0.0,-4.5,3.2,69.0,1035.3,1.7,336.0,0.0
2008-12-31,0.0,-5.7,2.9,67.0,1033.4,2.4,352.0,7.0
2009-01-01,2.7,-3.1,4.0,79.0,1024.6,4.2,345.0,62.0
2009-01-02,0.0,-4.6,4.6,78.0,1021.1,3.1,355.0,25.0
2009-01-03,0.0,-3.8,2.5,71.0,1022.6,3.3,345.0,15.0
2009-01-04,0.0,-6.8,2.9,76.0,1018.0,2.5,317.0,1.0
2009-01-05,0.0,-5.9,3.9,72.0,1014.5,2.4,350.0,76.0
2009-01-06,0.0,-3.2,3.5,65.0,1016.8,4.5,10.0,98.0
2009-01-07,0.0,-1.8,6.1,74.0,1017.2,4.2,0.0,91.0
2009-01-08,0.0,-0.9,3.6,71.0,1023.2,4.1,43.0,51.0
2009-01-09,0.0,-4.9,3.2,66.0,1029.4,2.6,327.0,3.0
2009-01-10,0.0,-5.1,7.3,71.0,1027.0,2.7,334.0,0.0
2009-01-11,0.0,-4.4,7.6,74.0,1030.2,2.3,333.0,6.0
2009-01-12,0.0,-3.7,6.1,76.0,1030.2,1.9,341.0,1.0
2009-01-13,0.0,-3.9,7.2,78.0,1022.7,3.2,343.0,38.0
2009-01-14,4.4,-0.0,6.1,85.0,1011.3,4.6,342.0,100.0
2009-01-15,2.8,3.2,6.2,83.0,1018.0,2.9,339.0,89.0
2009-01-16,0.0,-1.8,7.4,87.0,1023.7,2.2,319.0,29.0
2009-01-17,0.0,1.1,4.7,88.0,1024.8,2.1,54.0,81.0
2009-01-18,2.4,-1.4,3.6,93.0,1019.1,2.0,48.0,91.0
2009-01-19,2.2,-2.0,5.3,92.0,1011.8,3.1,13.0,73.0
2009-01-20,62.3,3.0,6.8,94.0,1002.1,5.8,21.0,100.0
2009-01-21,17.7,5.6,9.5,91.0,1002.4,4.5,3.0,100.0
2009-01-22,4.4,4.8,8.2,85.0,1005.8,3.3,358.0,95.0
2009-01-23,3.3,1.3,5.9,90.0,996.1,3.9,349.0,73.0
2009-01-24,0.2,0.4,6.2,86.0,990.6,4.2,61.0,88.0
2009-01-25,0.0,-0.3,10.3,70.0,996.8,4.4,351.0,72.0
2009-01-26,0.4,-1.4,8.0,70.0,1002.8,4.5,16.0,66.0
2009-01-27,9.8,3.3,9.0,85.0,1003.4,4.4,334.0,99.0
2009-01-28,1.2,2.3,7.9,81.0,1008.3,3.8,331.0,94.0
2009-01-29,0.0,1.0,8.8,80.0,1012.3,3.4,332.0,80.0
2009-01-30,2.3,1.6,8.1,87.0,1017.5,2.2,255.0,69.0
2009-01-31,3.1,1.2,4.3,84.0,1016.2,2.7,116.0,90.0
2009-02-01,4.8,0.0,2.9,75.0,1011.8,4.3,53.0,99.0
2009-02-02,32.2,2.0,5.9,87.0,1010.4,7.1,23.0,100.0
2009-02-03,19.6,3.6,9.4,84.0,1003.7,6.4,20.0,94.0
2009-02-04,0.0,1.3,10.2,86.0,1000.3,3.0,100.0,57.0
2009-02-05,0.2,4.6,9.7,93.0,1005.8,3.5,350.0,95.0
2009-02-06,27.2,6.5,9.8,95.0,1001.3,4.5,43.0,100.0
2009-02-07,37.7,6.5,8.8,93.0,992.7,5.0,29.0,99.0
2009-02-08,14.1,3.8,7.6,89.0,993.7,3.3,358.0,100.0
2009-02-09,2.4,-0.9,9.6,81.0,1008.4,4.3,15.0,63.0
2009-02-10,1.9,3.4,6.1,93.0,1006.4,2.3,100.0,96.0
2009-02-11,0.0,1.5,9.9,64.0,1003.7,5.4,350.0,96.0
2009-02-12,0.0,-2.6,7.9,49.0,1009.6,5.1,326.0,82.0
2009-02-13,0.0,-3.9,6.1,39.0,1013.1,5.6,343.0,11.0
2009-02-14,0.0,-4.1,7.3,49.0,1015.1,4.6,333.0,34.0
2009-02-15,0.0,-4.1,6.8,54.0,1022.4,4.0,325.0,12.0
2009-02-16,0.0,-3.2,6.1,63.0,1022.6,3.0,348.0,37.0
2009-02-17,0.4,-2.6,6.3,73.0,1014.2,3.5,27.0,63.0
2009-02-18,0.0,-2.1,5.6,49.0,1017.3,5.1,10.0,5.0
2009-02-19,0.0,-2.5,5.0,61.0,1021.3,3.5,289.0,12.0
2009-02-20,0.0,-2.8,6.2,71.0,1025.6,3.4,242.0,47.0
2009-02-21,0.0,-1.7,9.6,73.0,1024.9,3.2,272.0,67.0
2009-02-22,6.7,-0.7,6.1,88.0,1021.6,2.9,24.0,90.0
2009-02-23,0.0,2.1,7.0,88.0,1014.8,3.3,179.0,94.0
2009-02-24,3.4,-1.9,9.4,85.0,1016.7,3.1,318.0,53.0
2009-02-25,0.1,-4.2,8.5,75.0,1027.5,4.1,253.0,33.0
2009-02-26,0.0,-0.2,9.3,73.0,1023.1,3.0,137.0,77.0
2009-02-27,0.0,1.7,11.4,79.0,1016.5,3.2,253.0,36.0
2009-02-28,0.0,0.9,11.4,83.0,1018.7,3.1,171.0,8.0
2009-03-01,1.8,4.4,9.5,87.0,1017.4,2.8,56.0,81.0
2009-03-02,2.9,5.5,10.7,89.0,1015.4,2.8,223.0,98.0
2009-03-03,5.9,6.9,10.3,93.0,1015.8,1.9,180.0,97.0
2009-03-04,28.3,5.6,8.4,95.0,1004.7,5.2,35.0,95.0
2009-03-05,53.4,6.2,8.6,89.0,983.6,8.2,24.0,100.0
2009-03-06,15.1,5.2,9.1,84.0,989.6,4.6,37.0,91.0
2009-03-07,0.0,1.3,15.2,63.0,999.9,5.1,340.0,28.0
2009-03-08,0.0,-0.7,13.4,66.0,1009.1,5.2,326.0,31.0
2009-03-09,2.6,1.4,11.0,71.0,1008.4,4.2,341.0,31.0
2009-03-10,0.0,-2.6,11.3,69.0,1016.4,4.7,38.0,41.0
2009-03-11,0.0,0.1,13.0,63.0,1013.7,3.9,358.0,26.0
2009-03-12,0.0,-2.4,12.5,57.0,1021.8,4.5,13.0,32.0
2009-03-13,0.0,0.4,12.5,73.0,1017.2,3.9,25.0,33.0
2009-03-14,0.0,3.1,13.4,76.0,1021.2,3.5,201.0,70.0
2009-03-15,0.0,3.0,13.1,80.0,1021.7,3.0,213.0,50.0
2009-03-16,0.0,1.1,14.9,73.0,1027.1,4.7,277.0,15.0
2009-03-17,0.0,3.2,12.7,79.0,1028.0,4.1,274.0,60.0
2009-03-18,1.7,1.2,15.2,76.0,1023.4,4.4,314.0,12.0
2009-03-19,5.4,0.1,12.7,80.0,1018.6,4.3,36.0,34.0
2009-03-20,1.4,-0.8,9.1,58.0,1021.9,7.4,38.0,30.0
2009-03-21,0.0,-2.9,10.3,47.0,1022.0,7.2,11.0,6.0
2009-03-22,0.0,-3.0,11.7,58.0,1019.7,5.6,293.0,8.0
2009-03-23,0.0,-1.0,13.2,71.0,1013.6,4.4,195.0,58.0
2009-03-24,1.7,2.6,10.0,72.0,1000.7,4.8,21.0,37.0
2009-03-25,1.4,-1.9,10.8,68.0,1006.2,6.0,298.0,60.0
2009-03-26,2.4,1.5,13.1,78.0,1008.1,4.9,59.0,54.0
2009-03-27,0.5,3.4,10.4,85.0,1010.9,5.2,82.0,95.0
2009-03-28,8.4,5.2,11.9,90.0,1009.5,4.6,107.0,96.0
2009-03-29,52.0,8.4,10.6,90.0,1004.2,7.4,15.0,100.0
2009-03-30,9.7,7.3,11.8,79.0,1011.3,5.5,25.0,93.0
2009-03-31,5.1,5.3,15.6,74.0,1017.6,6.1,41.0,89.0
2009-04-01,3.4,9.0,18.6,76.0,1015.5,6.7,20.0,64.0
2009-04-02,18.0,7.7,14.3,86.0,1017.5,6.7,10.0,97.0
2009-04-03,0.5,7.6,18.7,74.0,1019.2,4.7,17.0,59.0
2009-04-04,0.0,5.6,19.3,74.0,1018.3,4.5,359.0,65.0
2009-04-05,0.0,6.3,20.7,67.0,1018.9,4.5,5.0,50.0
2009-04-06,0.1,5.9,20.6,66.0,1016.4,4.8,328.0,30.0
2009-04-07,0.3,5.3,20.3,65.0,1013.7,4.4,285.0,27.0
2009-04-08,0.0,5.6,19.4,74.0,1016.6,4.8,134.0,30.0
2009-04-09,0.0,6.6,19.1,80.0,1018.6,3.8,196.0,23.0
2009-04-10,0.0,5.9,18.1,78.0,1015.9,4.1,196.0,27.0
2009-04-11,0.0,5.2,18.2,75.0,1013.7,3.9,76.0,14.0
2009-04-12,0.0,5.0,19.0,72.0,1011.5,4.3,305.0,18.0
2009-04-13,0.0,5.3,22.2,63.0,1006.3,6.2,40.0,19.0
2009-04-14,0.0,5.9,20.6,65.0,1008.2,4.7,283.0,9.0
2009-04-15,0.6,6.4,20.4,69.0,1012.4,5.0,275.0,21.0
2009-04-16,9.4,8.3,16.4,79.0,1013.3,4.7,73.0,90.0
2009-04-17,9.9,8.4,15.9,78.0,1010.1,4.9,211.0,56.0
2009-04-18,2.1,7.3,15.9,78.0,1014.0,4.4,35.0,68.0
2009-04-19,4.2,5.6,16.0,81.0,1018.3,6.8,14.0,97.0
2009-04-20,1.1,9.9,17.6,74.0,1020.2,5.8,18.0,95.0
2009-04-21,2.3,10.9,19.0,71.0,1016.6,7.4,12.0,93.0
2009-04-22,0.0,6.4,23.0,63.0,1014.5,4.9,325.0,22.0
2009-04-23,10.0,8.4,14.7,79.0,1016.2,4.9,51.0,73.0
2009-04-24,0.0,4.5,15.9,71.0,1020.7,6.1,39.0,79.0
2009-04-25,0.0,4.1,18.0,70.0,1020.4,4.4,185.0,50.0
2009-04-26,6.3,6.7,16.7,81.0,1019.3,3.9,67.0,87.0
2009-04-27,30.7,10.7,14.2,87.0,1013.8,6.9,29.0,100.0
2009-04-28,33.6,10.1,13.5,86.0,1007.1,6.9,36.0,86.0
2009-04-29,21.1,8.9,14.2,90.0,1007.2,5.3,43.0,91.0
2009-04-30,1.8,5.6,15.2,80.0,1011.6,3.9,340.0,96.0
2009-05-01,0.3,5.6,23.3,63.0,1015.0,4.8,332.0,48.0
2009-05-02,1.9,7.1,22.2,69.0,1019.1,4.7,314.0,42.0
2009-05-03,0.7,6.1,19.5,76.0,1021.9,4.0,302.0,23.0
2009-05-04,1.7,7.1,20.0,74.0,1017.8,4.7,332.0,73.0
2009-05-05,0.0,9.2,17.9,67.0,1019.4,4.1,264.0,86.0
2009-05-06,0.0,8.4,19.5,77.0,1018.6,4.1,201.0,80.0
2009-05-07,0.0,8.4,20.9,79.0,1018.9,4.4,177.0,31.0
2009-05-08,0.4,11.9,20.9,80.0,1019.8,5.3,114.0,76.0
2009-05-09,3.6,11.7,21.9,81.0,1021.3,3.9,82.0,76.0
2009-05-10,3.2,13.7,21.4,82.0,1020.8,4.4,175.0,87.0
2009-05-11,0.1,11.7,22.6,79.0,1018.3,5.2,199.0,59.0
2009-05-12,1.8,11.8,22.8,79.0,1017.5,5.7,130.0,88.0
2009-05-13,1.6,13.6,22.2,78.0,1017.0,4.5,99.0,95.0
2009-05-14,0.5,13.6,21.8,78.0,1012.4,4.9,106.0,96.0
2009-05-15,0.6,12.1,19.5,81.0,1011.2,4.5,46.0,92.0
2009-05-16,1.1,11.6,21.6,78.0,1014.6,4.7,206.0,39.0
2009-05-17,0.0,11.9,24.1,74.0,1017.7,4.7,212.0,33.0
2009-05-18,1.7,13.1,25.0,75.0,1017.1,4.8,323.0,31.0
2009-05-19,1.7,12.8,25.1,69.0,1018.2,4.6,308.0,19.0
2009-05-20,0.7,14.2,25.9,68.0,1020.4,4.3,341.0,34.0
2009-05-21,1.0,13.7,26.3,72.0,1018.4,5.5,233.0,74.0
2009-05-22,1.4,14.2,26.0,77.0,1015.3,5.4,181.0,73.0
2009-05-23,1.0,15.1,27.2,74.0,1017.2,5.0,89.0,21.0
2009-05-24,1.6,17.5,27.8,78.0,1019.1,3.8,197.0,77.0
2009-05-25,1.1,16.1,29.6,76.0,1017.7,4.4,231.0,28.0
2009-05-26,5.1,16.9,29.5,74.0,1014.2,4.9,328.0,38.0
2009-05-27,1.4,14.8,23.4,68.0,1016.2,7.1,32.0,58.0
2009-05-28,0.1,9.6,21.6,61.0,1022.6,5.4,229.0,36.0
2009-05-29,15.6,11.3,20.2,74.0,1020.3,4.7,78.0,42.0
2009-05-30,6.1,9.0,19.7,69.0,1020.1,5.7,214.0,29.0
2009-05-31,10.3,11.7,16.5,80.0,1020.2,5.1,57.0,79.0
2009-06-01,0.9,8.7,21.3,71.0,1015.0,3.4,10.0,84.0
2009-06-02,0.4,11.9,22.1,71.0,1011.4,4.6,247.0,33.0
2009-06-03,0.5,11.3,24.8,73.0,1009.7,5.2,246.0,44.0
2009-06-04,8.9,13.4,21.1,78.0,1009.1,4.3,41.0,48.0
2009-06-05,10.0,15.2,21.1,82.0,1008.9,5.0,147.0,98.0
2009-06-06,18.7,14.7,21.3,86.0,1004.7,6.2,121.0,82.0
2009-06-07,4.2,14.6,21.2,77.0,1006.6,5.0,93.0,62.0
2009-06-08,1.9,13.9,22.0,80.0,1012.8,5.2,40.0,78.0
2009-06-09,13.8,12.5,22.9,83.0,1014.6,4.9,171.0,63.0
2009-06-10,3.6,13.4,22.1,82.0,1017.1,5.0,229.0,74.0
2009-06-11,3.7,12.5,24.0,78.0,1015.5,5.8,357.0,61.0
2009-06-12,4.6,13.2,23.3,72.0,1016.9,5.2,172.0,27.0
2009-06-13,0.0,15.0,23.8,68.0,1018.7,4.8,132.0,24.0
2009-06-14,0.0,14.0,26.1,72.0,1021.0,4.5,181.0,37.0
2009-06-15,2.0,17.1,25.5,76.0,1019.9,4.0,141.0,87.0
2009-06-16,5.5,17.2,26.2,81.0,1017.1,4.6,26.0,71.0
2009-06-17,3.3,18.0,23.9,67.0,1022.1,4.8,61.0,80.0
2009-06-18,0.0,14.0,26.7,71.0,1020.7,4.0,205.0,33.0
2009-06-19,6.5,15.6,26.9,75.0,1015.8,4.2,175.0,43.0
2009-06-20,12.3,14.6,20.6,72.0,1014.2,7.5,44.0,82.0
2009-06-21,0.3,12.2,22.4,65.0,1014.5,3.9,352.0,70.0
2009-06-22,1.4,10.4,21.6,65.0,1012.7,4.5,299.0,68.0
2009-06-23,7.4,13.8,19.6,79.0,1011.0,3.1,325.0,99.0
2009-06-24,5.8,13.3,23.3,80.0,1009.7,4.1,310.0,74.0
2009-06-25,16.8,15.7,22.7,83.0,1009.5,3.4,291.0,54.0
2009-06-26,3.6,13.6,24.7,79.0,1009.3,3.8,241.0,56.0
2009-06-27,7.5,14.6,23.4,86.0,1010.6,3.6,207.0,90.0
2009-06-28,3.9,15.6,24.5,83.0,1012.0,3.0,224.0,74.0
2009-06-29,11.1,16.2,25.2,84.0,1014.6,2.7,330.0,68.0
2009-06-30,5.9,16.0,26.4,80.0,1017.1,3.5,320.0,50.0
2009-07-01,3.3,16.6,28.2,74.0,1017.9,3.3,315.0,55.0
2009-07-02,2.5,16.7,27.8,72.0,1016.5,3.3,320.0,68.0
2009-07-03,4.5,17.0,27.2,75.0,1012.9,3.0,325.0,60.0
2009-07-04,7.6,17.3,27.1,79.0,1010.9,2.8,316.0,51.0
2009-07-05,3.4,17.0,27.2,74.0,1009.7,3.1,291.0,75.0
2009-07-06,2.5,17.7,26.5,77.0,1009.0,3.3,225.0,77.0
2009-07-07,11.7,17.0,21.1,88.0,1009.2,4.1,47.0,86.0
2009-07-08,5.4,16.3,22.3,79.0,1009.7,3.5,54.0,55.0
2009-07-09,3.3,13.4,23.8,71.0,1013.6,3.8,7.0,44.0
2009-07-10,2.9,14.5,21.2,75.0,1013.5,4.3,23.0,83.0
2009-07-11,2.3,11.2,23.0,68.0,1016.4,4.2,280.0,51.0
2009-07-12,0.0,13.4,23.8,72.0,1017.0,5.0,211.0,68.0
2009-07-13,0.0,15.6,25.4,77.0,1017.1,4.2,178.0,49.0
2009-07-14,1.1,18.1,26.5,82.0,1017.4,4.8,180.0,65.0
2009-07-15,2.5,17.8,28.3,79.0,1019.1,4.1,235.0,45.0
2009-07-16,1.3,18.5,30.1,75.0,1020.0,3.1,12.0,34.0
2009-07-17,2.8,19.8,30.4,72.0,1014.0,4.3,1.0,48.0
2009-07-18,33.7,18.1,22.3,74.0,1007.4,4.5,357.0,77.0
2009-07-19,0.0,12.7,23.0,68.0,1017.2,5.1,328.0,17.0
2009-07-20,0.7,13.9,23.8,76.0,1020.2,4.8,216.0,26.0
2009-07-21,1.1,14.9,26.5,77.0,1020.0,4.1,214.0,44.0
2009-07-22,1.0,16.6,28.3,81.0,1017.5,4.9,191.0,59.0
2009-07-23,0.0,18.6,28.7,80.0,1015.2,5.3,159.0,59.0
2009-07-24,3.2,17.8,29.2,73.0,1013.6,4.9,77.0,24.0
2009-07-25,1.8,18.6,25.9,67.0,1016.6,5.1,51.0,24.0
2009-07-26,0.0,17.4,24.8,64.0,1021.7,4.7,231.0,40.0
2009-07-27,0.0,15.0,26.5,69.0,1018.9,4.5,193.0,35.0
2009-07-28,4.1,16.3,27.3,75.0,1017.4,3.5,349.0,49.0
2009-07-29,0.0,17.3,28.5,69.0,1019.6,4.4,28.0,26.0
2009-07-30,1.0,17.1,30.4,71.0,1017.6,3.5,314.0,43.0
2009-07-31,1.3,20.1,28.6,67.0,1018.8,5.0,18.0,77.0
2009-08-01,0.6,19.3,29.6,66.0,1016.3,4.0,129.0,30.0
2009-08-02,4.2,18.2,29.4,75.0,1013.4,5.5,258.0,34.0
2009-08-03,20.6,17.9,25.4,81.0,1012.3,6.1,24.0,80.0
2009-08-04,3.1,17.7,25.2,79.0,1013.4,3.5,263.0,75.0
2009-08-05,0.0,15.8,27.0,70.0,1017.1,4.6,272.0,19.0
2009-08-06,0.2,17.1,26.9,76.0,1017.5,3.6,279.0,42.0
2009-08-07,0.4,18.3,27.4,75.0,1016.7,3.6,300.0,43.0
2009-08-08,3.0,18.2,27.9,72.0,1016.0,3.8,346.0,81.0
2009-08-09,2.1,18.0,27.5,70.0,1015.7,3.3,353.0,69.0
2009-08-10,10.4,18.2,26.5,75.0,1016.3,3.9,294.0,81.0
2009-08-11,0.5,16.3,26.3,80.0,1016.6,2.9,298.0,41.0
2009-08-12,1.0,17.9,26.7,79.0,1018.3,4.2,235.0,36.0
2009-08-13,8.3,18.9,27.2,79.0,1015.6,3.8,291.0,60.0
2009-08-14,5.6,18.4,25.8,79.0,1016.3,2.9,36.0,50.0
2009-08-15,0.0,17.5,27.2,76.0,1019.5,4.0,207.0,24.0
2009-08-16,3.1,18.6,28.4,77.0,1018.5,3.8,306.0,53.0
2009-08-17,2.0,18.3,31.0,66.0,1016.4,3.9,333.0,41.0
2009-08-18,0.4,17.3,30.8,65.0,1017.5,3.4,336.0,22.0
2009-08-19,0.4,18.6,30.6,71.0,1021.4,4.1,338.0,24.0
2009-08-20,0.8,19.9,30.7,73.0,1022.3,4.0,329.0,44.0
2009-08-21,1.1,20.2,30.7,76.0,1018.9,3.7,303.0,51.0
2009-08-22,4.6,19.5,28.5,74.0,1017.0,4.9,354.0,56.0
2009-08-23,0.0,17.0,27.0,63.0,1018.5,4.3,39.0,35.0
2009-08-24,0.0,17.2,25.9,62.0,1016.4,3.6,147.0,41.0
2009-08-25,0.0,15.5,26.8,68.0,1015.1,4.6,194.0,30.0
2009-08-26,1.4,16.7,27.4,74.0,1017.7,3.9,191.0,72.0
2009-08-27,3.5,17.7,28.0,77.0,1018.7,3.7,256.0,53.0
2009-08-28,0.0,18.3,29.3,75.0,1015.2,4.2,257.0,39.0
2009-08-29,12.9,18.6,25.8,80.0,1013.4,4.1,15.0,71.0
2009-08-30,0.0,16.8,23.8,63.0,1019.9,4.6,73.0,23.0
2009-08-31,0.0,13.1,25.5,64.0,1021.4,4.3,38.0,11.0
2009-09-01,0.0,13.2,26.1,72.0,1019.2,4.6,213.0,17.0
2009-09-02,2.7,15.7,26.7,77.0,1016.3,3.4,314.0,46.0
2009-09-03,2.4,18.4,24.8,82.0,1011.4,4.1,232.0,82.0
2009-09-04,6.4,18.9,25.8,84.0,1007.7,4.5,224.0,67.0
2009-09-05,7.6,15.3,22.7,65.0,1015.2,6.3,66.0,25.0
2009-09-06,0.0,11.5,21.7,58.0,1022.7,4.5,32.0,13.0
2009-09-07,0.0,12.1,22.4,64.0,1024.3,3.7,246.0,57.0
2009-09-08,0.0,11.5,23.1,65.0,1024.2,4.3,52.0,28.0
2009-09-09,0.0,14.7,23.6,62.0,1022.8,5.4,45.0,81.0
2009-09-10,0.0,14.2,25.7,63.0,1022.1,4.2,11.0,35.0
2009-09-11,1.1,13.5,26.8,61.0,1020.2,3.9,353.0,42.0
2009-09-12,0.6,16.0,25.8,59.0,1017.7,5.4,356.0,48.0
2009-09-13,5.2,13.7,23.8,69.0,1014.8,4.0,331.0,55.0
2009-09-14,48.1,13.3,15.2,88.0,1012.7,6.5,7.0,100.0
2009-09-15,3.3,13.7,20.8,79.0,1016.2,5.1,29.0,92.0
2009-09-16,47.4,15.1,17.5,87.0,1013.7,7.4,18.0,100.0
2009-09-17,1.8,15.6,22.2,80.0,1012.0,3.6,291.0,69.0
2009-09-18,0.6,14.0,22.9,81.0,1016.8,3.5,21.0,54.0
2009-09-19,0.7,14.7,22.3,82.0,1017.5,3.6,333.0,64.0
2009-09-20,0.1,12.4,24.4,78.0,1017.5,4.8,16.0,31.0
2009-09-21,0.0,13.8,24.7,74.0,1020.5,5.5,20.0,77.0
2009-09-22,0.0,13.2,24.4,75.0,1024.1,4.0,13.0,43.0
2009-09-23,0.0,13.1,24.2,78.0,1025.0,3.4,353.0,31.0
2009-09-24,0.1,12.2,24.8,75.0,1020.9,3.1,349.0,26.0
2009-09-25,2.8,13.6,24.0,76.0,1019.8,3.9,11.0,76.0
2009-09-26,0.4,14.5,22.7,75.0,1023.5,4.8,33.0,66.0
2009-09-27,0.0,11.8,23.1,72.0,1024.7,5.1,19.0,56.0
2009-09-28,0.0,11.2,23.4,75.0,1022.3,3.6,315.0,12.0
2009-09-29,0.0,12.0,23.0,81.0,1017.9,3.6,182.0,38.0
2009-09-30,0.3,13.9,21.7,87.0,1016.6,3.8,158.0,62.0
2009-10-01,1.6,16.4,21.7,86.0,1013.6,2.7,174.0,71.0
2009-10-02,7.2,13.7,21.1,80.0,1012.5,4.7,38.0,59.0
2009-10-03,0.1,12.1,18.4,75.0,1016.4,3.4,219.0,59.0
2009-10-04,0.0,10.3,19.3,79.0,1016.0,3.9,133.0,55.0
2009-10-05,1.4,12.9,19.5,86.0,1019.6,3.6,71.0,88.0
2009-10-06,0.2,13.2,21.1,87.0,1021.3,3.9,106.0,85.0
2009-10-07,0.2,15.2,21.7,88.0,1021.1,3.4,81.0,73.0
2009-10-08,0.6,16.0,21.5,91.0,1018.1,3.2,167.0,89.0
2009-10-09,8.9,15.9,20.0,95.0,1017.8,2.8,41.0,99.0
2009-10-10,3.9,14.4,19.2,90.0,1014.2,3.0,27.0,92.0
2009-10-11,1.0,10.3,20.1,85.0,1013.2,4.2,295.0,45.0
2009-10-12,2.6,12.7,18.6,65.0,1006.2,3.5,356.0,52.0
2009-10-13,0.0,8.9,16.8,42.0,1013.9,5.7,344.0,18.0
2009-10-14,0.0,5.9,13.2,50.0,1018.3,4.9,352.0,20.0
2009-10-15,0.0,3.4,11.4,57.0,1019.2,4.7,15.0,32.0
2009-10-16,0.0,3.6,11.4,59.0,1018.3,5.3,325.0,23.0
2009-10-17,0.3,4.1,12.3,71.0,1014.8,3.5,335.0,60.0
2009-10-18,0.2,2.5,11.7,72.0,1016.2,3.8,328.0,50.0
2009-10-19,0.0,1.3,12.2,69.0,1017.7,3.4,301.0,25.0
2009-10-20,0.0,5.4,9.3,80.0,1016.6,2.8,116.0,84.0
2009-10-21,1.3,5.1,11.8,80.0,1016.7,3.2,28.0,86.0
2009-10-22,23.6,9.5,13.9,92.0,1007.7,4.8,15.0,97.0
2009-10-23,5.8,9.1,17.5,87.0,1007.0,4.6,4.0,99.0
2009-10-24,2.4,10.7,17.8,79.0,1012.3,4.6,341.0,80.0
2009-10-25,0.0,6.6,19.6,76.0,1016.7,3.4,343.0,24.0
2009-10-26,0.0,6.8,18.1,78.0,1017.0,3.2,343.0,5.0
2009-10-27,0.5,8.1,17.1,82.0,1020.3,3.2,325.0,47.0
2009-10-28,0.0,7.9,16.3,81.0,1020.8,2.7,211.0,85.0
2009-10-29,0.0,8.6,17.6,80.0,1017.8,2.2,2.0,32.0
2009-10-30,0.0,7.5,13.8,81.0,1024.2,2.9,143.0,46.0
2009-10-31,0.0,7.9,11.7,71.0,1026.7,2.8,153.0,76.0
2009-11-01,0.0,4.9,12.8,72.0,1022.4,2.5,223.0,32.0
2009-11-02,24.7,4.3,8.6,89.0,1010.7,5.4,30.0,93.0
2009-11-03,27.6,7.2,12.1,79.0,998.6,5.3,350.0,77.0
2009-11-04,5.4,6.2,8.0,89.0,999.9,3.5,39.0,95.0
2009-11-05,0.0,3.1,11.7,78.0,1004.1,4.0,15.0,44.0
2009-11-06,13.7,5.9,10.4,82.0,1007.5,6.0,13.0,95.0
2009-11-07,1.1,6.8,11.4,83.0,1007.7,3.5,212.0,92.0
2009-11-08,16.8,7.3,11.3,84.0,1001.3,7.3,21.0,100.0
2009-11-09,8.8,6.8,12.1,79.0,1005.0,6.7,23.0,98.0
2009-11-10,0.1,5.6,14.5,75.0,1005.2,4.7,322.0,59.0
2009-11-11,0.0,3.1,12.5,73.0,1006.5,4.3,329.0,31.0
2009-11-12,0.0,0.4,11.1,79.0,1013.3,3.3,342.0,37.0
2009-11-13,0.0,3.1,12.2,82.0,1021.4,3.2,16.0,75.0
2009-11-14,2.5,8.5,11.7,88.0,1022.6,2.9,212.0,99.0
2009-11-15,0.1,8.9,13.0,90.0,1020.4,2.3,68.0,95.0
2009-11-16,1.5,9.7,12.6,91.0,1018.3,2.2,146.0,92.0
2009-11-17,3.5,8.8,12.6,96.0,1021.2,1.7,146.0,85.0
2009-11-18,0.0,9.3,12.3,93.0,1025.0,1.5,140.0,83.0
2009-11-19,0.0,6.2,13.7,92.0,1028.8,3.0,280.0,65.0
2009-11-20,0.0,6.2,13.2,90.0,1031.3,2.4,238.0,69.0
2009-11-21,0.0,6.0,10.4,95.0,1031.1,1.9,165.0,72.0
2009-11-22,0.0,6.1,8.9,94.0,1025.3,2.4,161.0,85.0
2009-11-23,1.1,7.0,11.6,90.0,1019.8,2.2,152.0,87.0
2009-11-24,0.0,7.3,11.2,90.0,1019.6,2.4,195.0,81.0
2009-11-25,0.4,6.2,10.6,89.0,1021.7,2.5,204.0,68.0
2009-11-26,3.0,6.8,9.2,95.0,1020.0,2.0,140.0,97.0
2009-11-27,0.2,8.0,11.3,92.0,1015.5,2.2,210.0,98.0
2009-11-28,0.0,6.1,12.0,90.0,1015.2,2.2,153.0,75.0
2009-11-29,7.2,5.0,9.8,92.0,1015.9,3.0,55.0,94.0
2009-11-30,64.2,8.5,12.5,94.0,1002.0,7.1,104.0,100.0
2009-12-01,3.1,5.5,10.8,91.0,1003.1,3.3,31.0,79.0
2009-12-02,0.0,-0.2,11.2,81.0,1014.7,3.7,344.0,44.0
2009-12-03,0.0,2.0,9.3,86.0,1013.6,2.2,357.0,95.0
2009-12-04,19.0,3.2,6.4,86.0,1007.7,7.4,6.0,100.0
2009-12-05,3.3,3.1,9.4,80.0,1014.4,4.0,336.0,79.0
2009-12-06,0.0,-0.2,9.8,83.0,1018.6,2.3,302.0,90.0
2009-12-07,1.7,3.2,8.9,88.0,1018.9,2.9,26.0,97.0
2009-12-08,4.6,6.5,9.2,90.0,1012.6,3.5,344.0,98.0
2009-12-09,0.0,-1.3,11.6,77.0,1019.3,4.5,332.0,21.0
2009-12-10,0.0,0.2,10.3,78.0,1023.5,2.6,338.0,25.0
2009-12-11,0.0,-1.1,8.1,83.0,1016.6,3.9,336.0,53.0
2009-12-12,0.0,-1.2,7.5,76.0,1015.2,3.5,338.0,67.0
2009-12-13,0.0,-0.3,4.2,70.0,1017.3,3.6,93.0,77.0
2009-12-14,0.1,-1.0,4.1,65.0,1015.2,5.4,58.0,65.0
2009-12-15,0.0,-1.3,5.0,58.0,1008.9,3.7,52.0,69.0
2009-12-16,0.6,-0.2,2.8,71.0,1006.7,3.6,206.0,47.0
2009-12-17,0.2,-1.6,3.0,70.0,1004.7,3.1,116.0,56.0
2009-12-18,0.3,-3.7,0.0,57.0,1005.7,2.7,113.0,49.0
2009-12-19,3.2,-7.8,-0.8,69.0,999.6,4.1,10.0,87.0
2009-12-20,0.0,-14.8,-3.0,77.0,1008.6,3.7,331.0,28.0
2009-12-21,3.7,-6.5,-1.3,81.0,1015.4,2.3,54.0,78.0
2009-12-22,14.4,-1.3,4.0,89.0,1006.8,4.5,15.0,100.0
2009-12-23,24.2,3.0,7.2,93.0,999.3,5.0,15.0,92.0
2009-12-24,27.6,3.8,9.7,93.0,1002.0,4.6,20.0,100.0
2009-12-25,33.6,6.6,11.3,96.0,996.6,3.4,17.0,86.0
2009-12-26,0.5,-2.1,9.0,84.0,1011.0,5.1,350.0,73.0
2009-12-27,0.0,-1.3,8.8,71.0,1006.6,3.5,333.0,71.0
2009-12-28,0.0,-1.6,6.7,74.0,1009.3,3.9,17.0,37.0
2009-12-29,0.0,-2.4,7.1,74.0,1009.7,3.0,349.0,41.0
2009-12-30,0.8,0.9,6.1,85.0,1004.9,2.1,76.0,88.0
2009-12-31,0.1,0.7,6.8,92.0,999.4,2.5,12.0,84.0
2010-01-01,0.0,1.5,8.6,90.0,991.9,3.2,342.0,90.0
2010-01-02,7.8,1.5,5.6,79.0,1003.3,4.6,11.0,93.0
2010-01-03,0.0,-3.3,5.1,51.0,1019.7,4.6,325.0,6.0
2010-01-04,0.4,-3.0,1.9,70.0,1018.4,3.8,14.0,53.0
2010-01-05,0.5,-3.3,4.8,66.0,1007.4,4.3,355.0,82.0
2010-01-06,1.6,0.9,4.5,83.0,999.8,3.7,349.0,93.0
2010-01-07,0.0,0.8,6.7,83.0,1008.2,3.9,35.0,78.0
2010-01-08,23.0,1.9,5.6,87.0,1004.9,6.6,9.0,100.0
2010-01-09,22.9,4.1,7.8,87.0,998.9,6.8,27.0,100.0
2010-01-10,3.6,3.1,7.3,88.0,1006.3,3.4,76.0,84.0
2010-01-11,1.0,-0.8,4.9,93.0,1013.3,3.1,38.0,93.0
2010-01-12,1.4,1.0,6.4,87.0,1015.6,3.3,27.0,88.0
2010-01-13,0.2,0.5,4.9,87.0,1011.6,2.9,9.0,97.0
2010-01-14,0.4,1.8,5.1,83.0,1012.4,2.8,18.0,94.0
2010-01-15,0.0,0.0,7.0,79.0,1019.0,3.0,31.0,47.0
2010-01-16,0.0,-2.2,5.9,74.0,1025.9,2.2,18.0,37.0
2010-01-17,0.5,-0.3,4.2,80.0,1022.8,2.5,141.0,76.0
2010-01-18,0.0,-2.9,7.8,82.0,1024.2,2.8,317.0,26.0
2010-01-19,0.0,-3.1,6.6,81.0,1023.2,2.7,335.0,20.0
2010-01-20,0.0,-3.0,5.4,81.0,1018.5,2.8,327.0,61.0
2010-01-21,0.0,-2.8,5.2,83.0,1018.6,2.7,265.0,43.0
2010-01-22,0.0,-2.0,3.5,84.0,1023.7,2.8,200.0,55.0
2010-01-23,0.0,-0.6,3.7,86.0,1025.3,2.3,166.0,68.0
2010-01-24,0.0,-1.1,2.5,85.0,1026.1,2.4,137.0,89.0
2010-01-25,0.0,-2.0,2.4,72.0,1029.2,3.2,102.0,97.0
2010-01-26,0.8,-2.7,2.3,76.0,1028.0,3.6,49.0,83.0
2010-01-27,0.0,-3.7,3.8,71.0,1023.3,3.3,288.0,35.0
2010-01-28,0.0,-2.1,2.8,74.0,1007.2,2.6,166.0,52.0
2010-01-29,1.1,-0.5,3.3,79.0,1000.0,2.8,143.0,80.0
2010-01-30,4.8,-0.2,4.3,87.0,991.9,2.6,83.0,84.0
2010-01-31,2.7,-1.6,4.8,71.0,1000.6,4.4,338.0,94.0
2010-02-01,0.1,-4.0,4.1,66.0,1012.1,4.3,341.0,32.0
2010-02-02,0.0,-1.1,5.0,70.0,1018.7,3.8,355.0,45.0
2010-02-03,0.0,-1.0,4.6,78.0,1018.2,4.1,69.0,25.0
2010-02-04,0.0,-0.4,6.6,77.0,1022.8,3.0,49.0,70.0
2010-02-05,12.9,2.4,6.8,88.0,1017.2,4.5,24.0,100.0
2010-02-06,13.8,3.1,9.1,90.0,1006.5,4.6,356.0,100.0
2010-02-07,6.0,0.9,9.0,93.0,1010.2,3.1,261.0,73.0
2010-02-08,0.1,-0.2,5.7,85.0,1010.0,2.3,182.0,70.0
2010-02-09,0.0,-0.5,3.6,77.0,1006.5,3.0,120.0,94.0
2010-02-10,7.8,-0.8,5.7,80.0,998.0,6.4,8.0,100.0
2010-02-11,5.5,-0.3,3.5,86.0,996.4,4.2,358.0,100.0
2010-02-12,0.0,-3.6,6.9,72.0,1003.1,5.1,4.0,27.0
2010-02-13,0.0,-3.3,7.4,70.0,1008.8,4.6,304.0,58.0
2010-02-14,0.0,-1.2,7.2,77.0,1009.7,3.5,15.0,52.0
2010-02-15,0.0,-2.8,5.9,73.0,1008.3,2.8,176.0,50.0
2010-02-16,0.0,-1.6,7.0,77.0,1008.1,4.0,23.0,83.0
2010-02-17,0.0,-0.5,9.7,77.0,1002.4,2.8,333.0,85.0
2010-02-18,3.1,4.8,10.4,86.0,1002.2,4.9,266.0,96.0
2010-02-19,38.5,4.7,7.6,93.0,998.2,7.2,27.0,99.0
2010-02-20,8.0,3.5,8.0,83.0,993.9,5.1,45.0,100.0
2010-02-21,1.9,-3.2,7.2,88.0,1007.9,3.9,260.0,67.0
2010-02-22,2.8,1.3,7.3,90.0,1008.0,3.4,190.0,96.0
2010-02-23,1.3,4.0,9.2,91.0,1003.7,2.8,213.0,96.0
2010-02-24,0.1,3.4,11.5,84.0,1004.6,2.5,6.0,85.0
2010-02-25,1.6,0.1,12.2,86.0,1007.6,3.8,149.0,67.0
2010-02-26,15.5,6.1,9.5,94.0,1001.5,3.8,30.0,94.0
2010-02-27,0.0,-1.9,12.6,82.0,1010.1,4.0,325.0,46.0
2010-02-28,0.2,4.4,9.8,87.0,1007.7,3.1,118.0,98.0
2010-03-01,0.0,3.8,10.8,87.0,1009.8,3.6,90.0,85.0
2010-03-02,1.7,4.1,12.4,82.0,1017.4,3.2,332.0,66.0
2010-03-03,4.2,5.6,9.1,84.0,1019.6,4.7,56.0,94.0
2010-03-04,5.2,4.4,11.4,72.0,1008.1,6.4,53.0,95.0
2010-03-05,10.1,0.2,5.8,81.0,1015.0,2.4,326.0,82.0
2010-03-06,0.9,-1.0,5.3,60.0,1017.9,4.9,170.0,54.0
2010-03-07,0.0,-3.5,6.2,60.0,1022.4,7.2,68.0,62.0
2010-03-08,0.0,-1.7,5.4,43.0,1018.9,6.2,92.0,3.0
2010-03-09,1.0,-2.5,4.5,41.0,1015.2,11.1,49.0,79.0
2010-03-10,19.2,0.5,2.9,73.0,1013.0,9.3,41.0,100.0
2010-03-11,0.4,0.0,5.9,73.0,1011.1,3.7,145.0,67.0
2010-03-12,2.1,0.7,5.9,80.0,1015.1,3.1,228.0,78.0
2010-03-13,0.1,-0.5,6.9,81.0,1019.6,3.3,236.0,38.0
2010-03-14,0.2,0.1,8.9,83.0,1019.4,3.4,196.0,39.0
2010-03-15,0.1,-2.7,13.1,72.0,1019.2,3.9,302.0,20.0
2010-03-16,0.0,-0.9,11.9,77.0,1021.8,3.2,359.0,46.0
2010-03-17,0.0,-0.4,12.2,79.0,1028.8,3.8,177.0,45.0
2010-03-18,0.0,3.9,12.3,83.0,1030.1,4.1,115.0,87.0
2010-03-19,0.1,5.8,11.2,88.0,1029.4,3.7,139.0,97.0
2010-03-20,4.8,5.1,11.5,92.0,1026.3,3.7,130.0,97.0
2010-03-21,5.9,6.8,11.6,95.0,1023.7,3.0,141.0,100.0
2010-03-22,4.2,8.4,13.2,93.0,1023.0,3.4,73.0,100.0
2010-03-23,1.1,8.8,16.2,83.0,1020.4,2.9,27.0,69.0
2010-03-24,0.0,4.0,17.2,76.0,1018.3,4.3,48.0,35.0
2010-03-25,6.3,8.5,16.0,88.0,1018.5,3.6,149.0,75.0
2010-03-26,14.9,10.0,12.5,96.0,1016.9,3.7,114.0,100.0
2010-03-27,2.4,6.2,13.8,85.0,1010.7,3.4,339.0,65.0
2010-03-28,0.0,1.7,16.2,80.0,1012.6,3.8,343.0,36.0
2010-03-29,0.2,5.0,15.6,81.0,1014.2,4.9,88.0,81.0
2010-03-30,15.5,7.6,13.8,88.0,1007.4,4.9,95.0,91.0
2010-03-31,13.1,6.8,13.0,87.0,1004.7,3.9,6.0,86.0
2010-04-01,13.8,2.0,12.3,85.0,1012.6,5.6,38.0,80.0
2010-04-02,0.0,-0.6,12.1,68.0,1017.1,4.1,46.0,54.0
2010-04-03,2.5,3.2,12.7,78.0,1020.3,4.4,149.0,86.0
2010-04-04,2.3,5.8,13.4,83.0,1018.1,4.3,86.0,95.0
2010-04-05,6.2,7.0,15.8,68.0,1017.7,4.3,357.0,67.0
2010-04-06,0.0,2.3,15.4,67.0,1024.2,5.0,247.0,17.0
2010-04-07,0.0,3.6,15.7,72.0,1022.3,4.3,158.0,21.0
2010-04-08,0.0,3.4,17.3,70.0,1021.9,4.7,23.0,9.0
2010-04-09,0.0,4.2,19.5,69.0,1023.7,4.1,307.0,15.0
2010-04-10,4.0,6.7,18.6,77.0,1019.9,5.1,60.0,34.0
2010-04-11,3.8,4.6,12.6,72.0,1016.0,5.0,76.0,47.0
2010-04-12,0.9,0.4,13.1,69.0,1013.2,5.8,32.0,39.0
2010-04-13,0.0,0.9,13.6,75.0,1012.6,5.3,63.0,69.0
2010-04-14,6.2,5.6,13.1,85.0,1011.1,3.4,159.0,73.0
2010-04-15,1.8,3.3,14.5,76.0,1012.9,3.2,261.0,49.0
2010-04-16,0.7,3.5,17.4,70.0,1014.6,4.5,39.0,55.0
2010-04-17,2.0,5.3,17.6,74.0,1017.5,4.8,25.0,62.0
2010-04-18,8.1,8.1,14.5,77.0,1017.1,5.2,58.0,78.0
2010-04-19,0.4,4.8,18.4,76.0,1012.7,4.0,294.0,36.0
2010-04-20,0.9,4.7,20.0,72.0,1013.9,4.8,288.0,25.0
2010-04-21,0.0,5.5,19.6,76.0,1012.5,5.7,30.0,24.0
2010-04-22,1.4,7.9,15.6,81.0,1013.0,6.1,67.0,77.0
2010-04-23,5.2,10.3,15.8,82.0,1014.8,3.9,66.0,100.0
2010-04-24,0.8,9.6,17.5,83.0,1018.6,4.0,234.0,83.0
2010-04-25,0.1,7.6,21.6,71.0,1022.1,4.4,56.0,21.0
2010-04-26,1.4,8.9,22.6,71.0,1021.7,3.8,346.0,53.0
2010-04-27,0.8,10.8,20.6,68.0,1023.0,4.7,9.0,67.0
2010-04-28,0.2,9.1,20.9,69.0,1024.5,5.5,247.0,25.0
2010-04-29,0.0,11.2,20.1,76.0,1021.3,4.9,175.0,55.0
2010-04-30,0.4,9.6,20.9,79.0,1016.1,4.5,118.0,58.0
2010-05-01,1.3,11.3,20.0,78.0,1013.0,5.8,157.0,69.0
2010-05-02,19.7,12.4,17.7,86.0,1011.5,5.2,80.0,96.0
2010-05-03,30.4,12.6,19.2,87.0,1008.5,4.6,69.0,90.0
2010-05-04,45.0,13.0,15.1,91.0,1010.9,7.2,32.0,100.0
2010-05-05,37.7,13.5,19.1,83.0,1006.7,8.5,31.0,97.0
2010-05-06,19.9,10.6,15.3,87.0,1003.2,4.1,192.0,84.0
2010-05-07,2.2,8.2,15.6,79.0,1007.9,4.5,179.0,80.0
2010-05-08,8.2,10.2,15.3,84.0,1009.9,3.3,108.0,89.0
2010-05-09,2.8,8.1,17.9,81.0,1011.0,5.3,179.0,83.0
2010-05-10,5.5,11.3,16.3,91.0,1009.3,3.6,173.0,96.0
2010-05-11,28.8,11.9,17.0,93.0,1008.9,4.1,81.0,100.0
2010-05-12,10.2,12.5,18.6,90.0,1007.5,3.2,129.0,94.0
2010-05-13,6.9,10.8,18.4,82.0,1006.2,4.0,128.0,86.0
2010-05-14,7.2,10.2,17.8,86.0,1006.6,5.3,139.0,74.0
2010-05-15,5.5,10.5,16.8,85.0,1000.6,3.7,338.0,100.0
2010-05-16,0.0,10.6,19.2,69.0,1006.0,2.9,304.0,100.0
2010-05-17,0.2,8.3,19.4,65.0,1013.9,3.9,314.0,77.0
2010-05-18,0.0,6.7,21.2,62.0,1016.9,4.6,357.0,21.0
2010-05-19,0.0,8.7,18.7,55.0,1018.3,6.2,336.0,33.0
2010-05-20,0.9,10.5,18.1,72.0,1020.1,4.2,268.0,44.0
2010-05-21,1.9,8.7,21.6,72.0,1020.3,4.4,251.0,47.0
2010-05-22,1.0,9.8,23.3,68.0,1019.0,4.6,278.0,33.0
2010-05-23,0.7,9.9,23.0,70.0,1017.8,3.0,321.0,22.0
2010-05-24,0.4,11.2,23.6,76.0,1015.9,5.5,212.0,28.0
2010-05-25,0.5,12.5,23.7,78.0,1013.7,5.2,107.0,37.0
2010-05-26,2.4,13.8,22.6,77.0,1011.7,5.7,132.0,66.0
2010-05-27,4.2,11.9,22.1,77.0,1010.1,5.0,45.0,55.0
2010-05-28,1.8,10.5,21.4,77.0,1013.8,3.8,272.0,72.0
2010-05-29,3.5,12.0,21.9,79.0,1016.7,3.4,18.0,65.0
2010-05-30,10.1,13.3,20.4,87.0,1012.3,3.5,194.0,87.0
2010-05-31,14.0,14.7,21.6,69.0,1005.5,3.7,1.0,50.0
2010-06-01,0.1,9.9,23.0,65.0,1007.7,4.9,227.0,40.0
2010-06-02,9.6,12.7,21.2,79.0,1006.3,3.5,327.0,87.0
2010-06-03,3.7,13.6,19.5,81.0,1010.4,3.7,146.0,81.0
2010-06-04,0.5,15.4,22.9,78.0,1015.0,3.7,182.0,52.0
2010-06-05,1.0,15.8,23.6,82.0,1020.0,3.8,184.0,51.0
2010-06-06,0.0,13.9,25.4,78.0,1017.3,5.3,204.0,31.0
2010-06-07,3.1,16.0,24.3,78.0,1013.4,3.9,167.0,71.0
2010-06-08,6.4,16.3,23.8,80.0,1012.3,4.5,192.0,70.0
2010-06-09,4.3,15.9,25.0,83.0,1012.7,4.7,150.0,58.0
2010-06-10,0.0,16.4,25.9,80.0,1014.3,4.2,132.0,80.0
2010-06-11,0.0,15.5,27.2,75.0,1013.3,4.5,116.0,32.0
2010-06-12,1.4,16.5,27.5,74.0,1011.6,4.5,126.0,24.0
2010-06-13,5.5,17.7,26.5,76.0,1011.0,3.6,96.0,70.0
2010-06-14,8.3,16.9,24.4,77.0,1012.0,4.7,185.0,40.0
2010-06-15,12.5,16.8,21.7,85.0,1016.0,4.0,11.0,99.0
2010-06-16,19.3,17.7,22.2,86.0,1012.5,4.1,41.0,88.0
2010-06-17,16.5,15.9,23.0,85.0,1014.4,3.8,90.0,66.0
2010-06-18,0.7,13.8,22.5,77.0,1009.7,4.7,231.0,60.0
2010-06-19,6.4,15.3,20.1,83.0,1003.4,5.0,46.0,89.0
2010-06-20,36.0,12.0,15.5,82.0,1002.8,8.4,4.0,100.0
2010-06-21,0.6,12.8,20.9,70.0,1007.8,5.4,314.0,95.0
2010-06-22,0.0,11.2,22.8,69.0,1014.0,4.6,276.0,83.0
2010-06-23,0.0,13.6,22.9,70.0,1016.9,4.9,262.0,56.0
2010-06-24,0.7,15.2,21.9,80.0,1016.2,4.8,195.0,51.0
2010-06-25,4.3,15.3,23.5,81.0,1014.9,3.7,219.0,54.0
2010-06-26,3.7,14.5,24.5,81.0,1013.9,2.8,272.0,59.0
2010-06-27,1.7,16.3,25.3,78.0,1016.6,4.2,217.0,48.0
2010-06-28,1.6,16.9,25.8,81.0,1017.4,4.0,200.0,43.0
2010-06-29,2.8,17.4,26.1,79.0,1017.4,3.6,271.0,48.0
2010-06-30,4.4,16.9,28.2,74.0,1017.1,3.4,320.0,47.0
2010-07-01,3.2,17.2,29.0,67.0,1017.0,3.1,322.0,44.0
2010-07-02,2.6,17.6,28.4,76.0,1017.0,3.5,295.0,54.0
2010-07-03,3.8,18.3,29.0,78.0,1016.8,3.7,298.0,29.0
2010-07-04,2.0,18.8,30.5,75.0,1016.2,3.5,299.0,27.0
2010-07-05,5.6,19.4,28.7,75.0,1015.9,3.5,324.0,52.0
2010-07-06,9.4,19.5,25.6,77.0,1016.6,3.5,354.0,66.0
2010-07-07,1.1,18.1,24.8,71.0,1019.8,4.2,61.0,55.0
2010-07-08,0.0,18.0,24.5,73.0,1022.4,4.2,184.0,75.0
2010-07-09,0.0,16.3,28.2,76.0,1021.5,3.9,186.0,31.0
2010-07-10,3.9,18.6,29.5,78.0,1020.5,2.9,255.0,59.0
2010-07-11,2.2,18.9,29.5,77.0,1018.7,4.2,257.0,65.0
2010-07-12,2.6,19.4,30.4,74.0,1016.2,4.0,235.0,40.0
2010-07-13,4.4,19.7,29.1,79.0,1013.3,4.2,279.0,81.0
2010-07-14,1.5,20.1,30.1,78.0,1013.5,4.2,207.0,59.0
2010-07-15,1.0,21.6,30.7,77.0,1013.0,4.1,200.0,51.0
2010-07-16,0.0,20.0,33.0,67.0,1015.6,3.6,8.0,11.0
2010-07-17,0.4,20.8,32.6,65.0,1014.6,4.6,237.0,32.0
2010-07-18,3.3,19.6,29.4,57.0,1017.6,6.9,22.0,62.0
2010-07-19,0.3,21.2,28.1,57.0,1018.9,3.2,76.0,41.0
2010-07-20,0.2,19.4,27.7,65.0,1016.0,4.3,94.0,50.0
2010-07-21,0.7,18.3,29.3,71.0,1013.5,4.0,202.0,36.0
2010-07-22,1.5,19.8,30.1,76.0,1014.0,4.8,201.0,43.0
2010-07-23,18.4,20.4,29.6,80.0,1012.7,4.7,212.0,46.0
2010-07-24,0.3,18.3,26.6,61.0,1010.5,6.3,354.0,44.0
2010-07-25,0.8,15.1,25.0,57.0,1010.8,3.7,323.0,36.0
2010-07-26,0.1,14.2,24.1,59.0,1011.9,4.2,245.0,37.0
2010-07-27,4.1,14.2,23.2,73.0,1013.9,3.6,308.0,68.0
2010-07-28,0.3,13.1,25.0,77.0,1016.3,4.3,215.0,36.0
2010-07-29,21.8,16.5,20.8,89.0,1011.4,4.6,31.0,93.0
2010-07-30,3.0,12.2,22.5,73.0,1011.4,3.8,358.0,59.0
2010-07-31,0.0,12.8,24.9,68.0,1016.1,4.5,266.0,17.0
2010-08-01,0.0,14.6,26.5,71.0,1018.0,4.5,201.0,19.0
2010-08-02,2.9,15.8,27.2,76.0,1015.5,4.3,203.0,33.0
2010-08-03,15.2,18.0,25.6,80.0,1010.6,3.6,335.0,52.0
2010-08-04,0.4,17.5,25.5,69.0,1010.5,4.2,30.0,48.0
2010-08-05,13.8,16.7,20.7,81.0,1006.7,4.8,11.0,95.0
2010-08-06,2.4,14.3,23.9,73.0,1009.0,4.0,331.0,75.0
2010-08-07,0.4,14.8,24.6,72.0,1015.4,4.7,231.0,39.0
2010-08-08,4.8,16.7,24.0,84.0,1017.7,3.2,313.0,68.0
2010-08-09,0.0,15.5,25.7,76.0,1016.7,4.1,327.0,33.0
2010-08-10,1.3,16.4,27.1,73.0,1016.4,3.2,342.0,41.0
2010-08-11,2.6,16.6,27.9,73.0,1015.7,3.9,336.0,53.0
2010-08-12,0.9,17.3,26.8,70.0,1013.8,5.1,10.0,70.0
2010-08-13,7.5,17.4,22.9,85.0,1014.8,4.1,37.0,97.0
2010-08-14,26.1,14.6,23.6,86.0,1015.4,5.2,54.0,91.0
2010-08-15,34.4,17.1,24.0,85.0,1013.9,4.7,102.0,61.0
2010-08-16,3.0,13.9,21.6,77.0,1014.4,4.5,266.0,52.0
2010-08-17,0.2,12.4,22.8,77.0,1014.4,5.0,169.0,50.0
2010-08-18,3.6,16.8,22.6,86.0,1012.7,4.6,113.0,60.0
2010-08-19,0.9,17.0,24.5,83.0,1015.7,3.8,97.0,78.0
2010-08-20,1.5,18.0,26.7,79.0,1021.2,3.3,353.0,80.0
2010-08-21,1.2,17.0,29.2,78.0,1022.8,3.9,345.0,25.0
2010-08-22,0.7,18.5,29.0,77.0,1019.8,3.8,254.0,24.0
2010-08-23,0.4,19.4,28.5,80.0,1013.3,5.2,206.0,55.0
2010-08-24,5.4,19.0,26.4,85.0,1011.3,4.0,128.0,66.0
2010-08-25,4.3,19.7,25.8,81.0,1015.3,3.5,42.0,59.0
2010-08-26,0.0,20.1,26.9,79.0,1016.5,3.7,163.0,69.0
2010-08-27,4.2,21.1,27.4,84.0,1009.4,6.5,181.0,78.0
2010-08-28,14.4,17.9,25.2,81.0,1007.4,4.6,45.0,54.0
2010-08-29,1.2,14.0,20.1,69.0,1015.0,3.7,347.0,47.0
2010-08-30,5.1,13.1,18.2,72.0,1009.4,4.1,48.0,67.0
2010-08-31,0.2,9.8,21.4,64.0,1011.7,3.8,307.0,37.0
2010-09-01,0.0,8.1,22.1,58.0,1014.6,5.5,319.0,9.0
2010-09-02,0.0,12.7,21.2,67.0,1016.9,4.3,159.0,74.0
2010-09-03,3.9,14.6,21.4,78.0,1017.7,4.2,42.0,68.0
2010-09-04,2.0,14.3,22.5,77.0,1016.3,3.8,303.0,48.0
2010-09-05,0.7,15.6,19.9,72.0,1017.7,4.3,42.0,79.0
2010-09-06,2.0,14.6,19.1,67.0,1016.7,5.4,97.0,80.0
2010-09-07,7.8,13.3,17.7,80.0,1013.5,3.6,59.0,100.0
2010-09-08,23.4,16.1,19.8,89.0,1008.8,4.3,40.0,96.0
2010-09-09,5.6,14.1,21.5,84.0,1013.2,3.8,13.0,68.0
2010-09-10,0.0,12.8,23.7,71.0,1017.9,5.2,335.0,54.0
2010-09-11,0.0,10.8,23.8,67.0,1018.4,4.5,311.0,14.0
2010-09-12,0.0,12.3,22.9,72.0,1018.9,3.8,222.0,41.0
2010-09-13,5.7,13.0,22.1,76.0,1019.0,4.3,350.0,72.0
2010-09-14,0.0,11.7,23.4,66.0,1021.8,4.6,290.0,60.0
2010-09-15,0.0,12.7,23.1,77.0,1017.1,4.5,181.0,59.0
2010-09-16,5.0,15.2,21.6,85.0,1012.4,3.5,119.0,88.0
2010-09-17,16.2,17.2,20.8,93.0,1010.6,4.5,179.0,100.0
2010-09-18,24.5,14.7,18.2,84.0,1013.2,5.6,66.0,99.0
2010-09-19,0.0,14.3,19.6,72.0,1013.8,3.9,116.0,66.0
2010-09-20,0.0,14.0,19.2,75.0,1020.0,3.2,123.0,63.0
2010-09-21,0.0,9.6,22.7,77.0,1019.9,3.5,2.0,8.0
2010-09-22,0.0,9.8,23.5,72.0,1020.7,4.2,40.0,7.0
2010-09-23,0.0,10.0,22.0,72.0,1018.8,4.0,26.0,43.0
2010-09-24,6.1,9.5,20.8,80.0,1010.0,5.2,36.0,73.0
2010-09-25,36.2,13.9,19.1,83.0,998.7,6.2,23.0,74.0
2010-09-26,0.5,11.4,19.5,70.0,1001.5,4.8,353.0,61.0
2010-09-27,6.5,11.5,16.6,82.0,1008.4,5.2,34.0,81.0
2010-09-28,0.8,8.6,16.9,85.0,1012.9,3.3,338.0,40.0
2010-09-29,0.3,8.0,18.6,78.0,1015.3,3.6,288.0,22.0
2010-09-30,1.0,9.6,16.6,86.0,1016.4,3.4,16.0,85.0
2010-10-01,8.0,11.7,16.7,90.0,1015.9,3.4,70.0,95.0
2010-10-02,0.6,12.0,17.5,86.0,1019.1,3.1,140.0,90.0
2010-10-03,5.1,13.5,17.8,90.0,1018.7,3.5,162.0,94.0
2010-10-04,8.9,14.0,19.2,89.0,1014.1,2.9,152.0,91.0
2010-10-05,31.6,14.8,20.3,91.0,1009.8,3.5,52.0,91.0
2010-10-06,0.0,11.4,21.0,85.0,1014.7,3.6,78.0,40.0
2010-10-07,0.0,14.9,19.8,79.0,1020.9,3.0,132.0,83.0
2010-10-08,0.0,12.3,17.9,69.0,1023.6,4.2,96.0,51.0
2010-10-09,0.0,9.9,17.0,66.0,1022.0,3.6,73.0,39.0
2010-10-10,0.0,6.9,15.3,71.0,1014.4,4.6,29.0,43.0
2010-10-11,0.0,6.6,16.4,65.0,1013.3,5.5,28.0,43.0
2010-10-12,0.0,5.6,16.8,72.0,1013.6,4.8,31.0,39.0
2010-10-13,0.0,5.4,16.7,73.0,1011.8,5.7,31.0,85.0
2010-10-14,0.0,7.6,17.4,71.0,1009.6,3.7,346.0,39.0
2010-10-15,0.0,5.4,16.3,75.0,1009.0,3.6,67.0,24.0
2010-10-16,1.7,8.7,13.2,72.0,1008.6,4.2,48.0,92.0
2010-10-17,24.8,8.3,9.9,83.0,1010.6,6.8,24.0,99.0
2010-10-18,0.0,7.4,15.9,72.0,1012.7,5.2,4.0,73.0
2010-10-19,0.0,6.1,16.2,70.0,1007.8,4.6,328.0,57.0
2010-10-20,3.1,6.9,14.1,81.0,1007.6,2.9,346.0,57.0
2010-10-21,0.0,2.0,14.5,70.0,1021.2,4.7,356.0,13.0
2010-10-22,0.0,4.6,13.8,70.0,1025.4,4.4,360.0,42.0
2010-10-23,0.0,6.3,12.9,83.0,1020.3,3.3,7.0,93.0
2010-10-24,4.4,8.4,12.4,88.0,1013.2,2.5,115.0,93.0
2010-10-25,66.3,6.6,11.0,87.0,1007.8,9.1,6.0,100.0
2010-10-26,7.1,4.9,10.9,77.0,1019.8,3.9,339.0,77.0
2010-10-27,0.0,-0.2,11.9,72.0,1025.1,3.0,324.0,25.0
2010-10-28,0.0,-0.0,12.6,77.0,1024.0,2.1,317.0,46.0
2010-10-29,0.0,1.9,16.0,79.0,1021.5,3.6,331.0,2.0
2010-10-30,0.3,2.3,12.9,88.0,1018.7,4.6,51.0,61.0
2010-10-31,51.6,8.3,13.4,93.0,1014.1,6.0,58.0,100.0
2010-11-01,64.4,13.1,15.1,95.0,1012.5,5.8,72.0,100.0
2010-11-02,27.7,9.3,15.3,88.0,1013.4,6.9,9.0,96.0
2010-11-03,0.0,7.9,17.0,87.0,1018.5,4.1,347.0,87.0
2010-11-04,0.0,8.8,16.8,89.0,1027.9,3.2,232.0,94.0
2010-11-05,0.1,9.3,13.8,95.0,1028.8,3.0,179.0,85.0
2010-11-06,3.0,9.8,12.4,95.0,1020.3,3.4,172.0,84.0
2010-11-07,15.8,9.8,11.7,94.0,1007.2,3.7,35.0,100.0
2010-11-08,16.8,5.1,10.9,93.0,989.5,2.9,8.0,95.0
2010-11-09,7.5,4.9,9.9,89.0,986.9,4.1,19.0,97.0
2010-11-10,1.1,4.9,11.8,88.0,995.8,3.9,9.0,92.0
2010-11-11,0.1,6.5,11.9,86.0,1010.6,2.9,309.0,78.0
2010-11-12,0.4,6.8,10.2,89.0,1010.6,2.1,137.0,83.0
2010-11-13,0.7,7.1,11.8,89.0,1013.2,2.4,137.0,91.0
2010-11-14,5.9,10.0,12.4,94.0,1015.6,2.4,175.0,85.0
2010-11-15,3.4,9.3,13.2,94.0,1015.7,2.6,127.0,89.0
2010-11-16,80.7,10.9,12.6,94.0,1010.4,5.4,31.0,100.0
2010-11-17,18.5,8.1,12.1,90.0,1008.5,2.6,355.0,99.0
2010-11-18,9.2,6.4,11.8,94.0,1009.8,3.2,29.0,82.0
2010-11-19,15.3,5.7,10.2,86.0,1015.5,4.3,6.0,80.0
2010-11-20,0.4,4.4,11.1,87.0,1018.6,3.6,26.0,94.0
2010-11-21,40.8,7.1,8.9,86.0,1009.3,6.9,18.0,100.0
2010-11-22,16.2,6.7,10.6,86.0,998.6,3.8,15.0,94.0
2010-11-23,0.4,2.1,10.8,90.0,998.5,2.9,335.0,58.0
2010-11-24,0.9,-0.3,9.5,85.0,1004.9,4.6,312.0,47.0
2010-11-25,1.3,-2.2,7.7,82.0,1007.5,3.7,334.0,72.0
2010-11-26,18.5,-0.8,2.8,86.0,1000.7,6.9,4.0,97.0
2010-11-27,0.2,-7.6,4.7,79.0,1007.4,4.4,340.0,60.0
2010-11-28,10.8,-1.2,4.9,84.0,1004.5,6.2,2.0,100.0
2010-11-29,1.6,0.8,5.7,91.0,1000.9,3.0,189.0,82.0
2010-11-30,0.2,-2.3,7.0,71.0,1010.0,6.1,1.0,56.0
2010-12-01,19.8,1.8,3.6,89.0,999.7,5.0,358.0,100.0
2010-12-02,2.0,-0.1,5.8,93.0,1005.3,2.9,40.0,85.0
2010-12-03,7.7,0.7,4.1,92.0,1007.2,3.8,1.0,92.0
2010-12-04,7.3,-3.2,4.6,81.0,1016.2,6.0,7.0,70.0
2010-12-05,1.3,-5.6,3.3,82.0,1021.2,2.3,312.0,87.0
2010-12-06,9.3,0.2,4.1,92.0,1010.7,2.8,11.0,99.0
2010-12-07,2.6,4.0,8.4,87.0,1007.9,2.2,11.0,92.0
2010-12-08,2.1,7.1,9.3,88.0,1009.0,1.8,336.0,100.0
2010-12-09,0.4,3.4,10.9,75.0,1009.3,4.5,13.0,56.0
2010-12-10,0.0,-3.1,7.6,61.0,1021.7,4.9,332.0,16.0
2010-12-11,0.0,-2.3,6.7,71.0,1019.9,3.4,325.0,22.0
2010-12-12,0.0,-2.1,8.1,77.0,1008.6,4.0,347.0,4.0
2010-12-13,0.0,-3.9,7.0,63.0,1011.3,4.7,13.0,17.0
2010-12-14,0.0,-5.0,2.9,52.0,1018.9,3.2,334.0,18.0
2010-12-15,0.6,-3.1,3.0,62.0,1019.6,3.7,349.0,59.0
2010-12-16,2.0,-4.9,0.7,58.0,1015.7,4.6,332.0,40.0
2010-12-17,2.0,-4.4,-1.8,75.0,1003.8,2.8,63.0,96.0
2010-12-18,0.0,-3.3,1.6,69.0,1001.4,4.4,316.0,58.0
2010-12-19,0.0,-3.8,1.7,78.0,1012.7,3.3,29.0,69.0
2010-12-20,0.0,0.0,3.0,82.0,1011.1,2.3,143.0,51.0
2010-12-21,0.7,0.8,5.0,87.0,1014.4,2.2,30.0,89.0
2010-12-22,15.2,3.1,7.5,90.0,1011.1,4.0,13.0,100.0
2010-12-23,46.6,6.1,8.9,96.0,1004.3,6.2,23.0,100.0
2010-12-24,49.1,5.5,9.3,94.0,993.7,6.7,21.0,99.0
2010-12-25,21.6,3.9,7.1,87.0,1000.2,5.8,6.0,99.0
2010-12-26,1.7,-0.3,4.2,69.0,1015.9,5.0,12.0,99.0
2010-12-27,0.0,-6.5,3.3,66.0,1023.7,3.8,336.0,27.0
2010-12-28,0.0,-4.5,2.5,74.0,1023.7,2.3,5.0,47.0
2010-12-29,0.0,-2.7,4.6,76.0,1024.0,2.5,11.0,26.0
2010-12-30,0.0,-1.9,5.4,70.0,1024.8,2.4,359.0,23.0
2010-12-31,0.0,-2.0,4.7,77.0,1023.8,1.7,353.0,2.0
2011-01-01,0.0,-2.2,5.2,84.0,1020.0,2.2,351.0,30.0
2011-01-02,0.0,-1.1,6.7,82.0,1015.8,2.8,9.0,51.0
2011-01-03,5.0,-4.2,3.1,74.0,1021.5,3.7,354.0,56.0
2011-01-04,0.0,-2.1,1.6,64.0,1022.4,2.9,46.0,90.0
2011-01-05,0.0,-1.7,1.6,68.0,1021.6,2.6,101.0,70.0
2011-01-06,0.4,-1.6,1.9,82.0,1021.8,1.8,102.0,94.0
2011-01-07,0.0,0.9,3.7,89.0,1023.9,1.1,143.0,100.0
2011-01-08,0.4,3.2,6.2,92.0,1022.9,1.6,135.0,99.0
2011-01-09,0.2,3.4,6.5,96.0,1022.6,2.1,328.0,95.0
2011-01-10,5.7,3.8,7.9,95.0,1020.8,3.7,9.0,98.0
2011-01-11,6.2,5.3,8.3,94.0,1014.8,3.7,26.0,99.0
2011-01-12,0.0,0.8,9.6,94.0,1018.2,2.6,269.0,71.0
2011-01-13,0.1,3.7,7.2,93.0,1018.7,1.8,189.0,88.0
2011-01-14,0.0,2.6,8.9,87.0,1019.7,2.6,231.0,55.0
2011-01-15,0.2,0.6,9.6,90.0,1023.2,3.0,296.0,50.0
2011-01-16,0.0,0.6,12.0,84.0,1029.5,2.2,324.0,41.0
2011-01-17,0.0,-0.7,10.1,88.0,1028.0,2.1,332.0,43.0
2011-01-18,0.0,0.4,9.9,84.0,1025.3,2.5,341.0,27.0
2011-01-19,2.4,1.4,7.7,82.0,1022.3,2.3,355.0,77.0
2011-01-20,0.5,0.1,6.9,72.0,1020.4,4.3,356.0,96.0
2011-01-21,0.0,-2.9,5.7,60.0,1022.2,6.3,359.0,93.0
2011-01-22,0.0,-2.4,5.6,51.0,1021.5,5.5,355.0,33.0
2011-01-23,0.0,-0.9,4.6,59.0,1019.4,4.4,305.0,7.0
2011-01-24,0.0,-0.2,5.8,66.0,1019.3,3.5,22.0,16.0
2011-01-25,0.0,0.1,4.6,79.0,1017.5,3.9,133.0,74.0
2011-01-26,0.0,0.1,3.9,88.0,1011.3,3.1,143.0,89.0
2011-01-27,0.0,-0.1,7.1,78.0,1013.7,4.9,31.0,49.0
2011-01-28,0.0,-0.3,7.2,63.0,1017.9,8.2,51.0,50.0
2011-01-29,0.0,0.1,4.4,55.0,1020.4,4.1,74.0,84.0
2011-01-30,0.0,-0.6,6.5,65.0,1017.6,4.3,31.0,84.0
2011-01-31,0.0,0.2,7.7,71.0,1019.5,3.1,9.0,28.0
2011-02-01,0.0,-0.6,8.2,69.0,1021.9,2.1,350.0,0.0
2011-02-02,0.0,-1.0,8.8,69.0,1022.1,2.6,319.0,0.0
2011-02-03,0.0,-0.9,8.7,68.0,1024.8,3.3,323.0,49.0
2011-02-04,0.0,-1.9,11.0,70.0,1027.5,2.9,305.0,13.0
2011-02-05,0.0,1.5,10.0,74.0,1027.1,3.1,351.0,60.0
2011-02-06,0.0,0.4,12.4,78.0,1026.8,2.0,306.0,24.0
2011-02-07,0.0,-1.1,12.8,81.0,1025.5,2.4,330.0,8.0
2011-02-08,0.0,-1.2,10.9,79.0,1020.9,2.8,2.0,3.0
2011-02-09,0.0,-1.0,12.7,71.0,1021.4,3.2,353.0,0.0
2011-02-10,0.0,-0.5,12.2,74.0,1022.3,2.7,315.0,0.0
2011-02-11,0.0,2.0,9.0,85.0,1019.9,3.6,135.0,38.0
2011-02-12,0.0,4.1,8.1,96.0,1017.2,3.0,122.0,84.0
2011-02-13,2.2,5.3,7.8,93.0,1016.1,3.1,58.0,98.0
2011-02-14,0.3,5.5,8.0,90.0,1012.3,2.5,105.0,98.0
2011-02-15,3.1,4.5,7.0,92.0,1008.3,2.7,101.0,97.0
2011-02-16,36.5,4.8,6.6,90.0,1003.9,6.8,35.0,100.0
2011-02-17,13.7,4.9,7.7,86.0,1003.4,4.7,50.0,100.0
2011-02-18,0.5,0.4,12.7,77.0,1007.7,3.5,351.0,74.0
2011-02-19,2.5,0.8,11.1,81.0,1011.6,3.8,277.0,30.0
2011-02-20,6.0,4.0,7.5,85.0,1013.5,3.2,59.0,96.0
2011-02-21,3.5,3.0,7.9,79.0,1012.2,3.7,85.0,93.0
2011-02-22,1.3,0.5,5.9,77.0,1012.0,2.7,112.0,78.0
2011-02-23,1.5,-3.0,5.8,70.0,1019.4,3.2,326.0,31.0
2011-02-24,0.0,-1.5,7.7,69.0,1024.9,3.1,235.0,26.0
2011-02-25,1.4,1.0,5.2,80.0,1024.6,3.2,234.0,57.0
2011-02-26,0.0,0.5,9.1,73.0,1021.6,3.0,315.0,19.0
2011-02-27,4.6,1.6,6.0,79.0,1015.2,2.7,55.0,100.0
2011-02-28,2.1,2.7,10.3,74.0,1019.0,6.3,49.0,89.0
2011-03-01,0.0,0.7,9.8,68.0,1022.1,6.5,60.0,88.0
2011-03-02,0.0,-0.3,7.6,58.0,1024.0,7.8,75.0,85.0
2011-03-03,6.7,-0.2,6.1,76.0,1026.7,6.2,39.0,94.0
2011-03-04,0.0,0.2,9.9,72.0,1027.9,4.3,39.0,29.0
2011-03-05,0.0,-0.4,11.6,72.0,1019.8,2.6,227.0,37.0
2011-03-06,0.5,-0.9,12.3,73.0,1017.0,4.8,131.0,21.0
2011-03-07,0.7,2.6,6.7,60.0,1030.8,5.4,193.0,63.0
2011-03-08,0.0,0.2,6.5,59.0,1034.7,4.0,176.0,36.0
2011-03-09,0.0,-0.2,8.4,68.0,1025.3,3.7,163.0,8.0
2011-03-10,0.0,0.1,10.5,75.0,1022.7,3.6,152.0,67.0
2011-03-11,0.0,2.1,10.8,80.0,1022.4,3.8,133.0,48.0
2011-03-12,0.2,4.9,10.8,84.0,1022.1,3.3,124.0,95.0
2011-03-13,15.1,4.0,10.1,89.0,1017.6,5.0,55.0,98.0
2011-03-14,13.6,7.4,12.0,90.0,1018.7,3.8,56.0,98.0
2011-03-15,10.1,6.9,11.2,96.0,1019.8,4.6,44.0,100.0
2011-03-16,48.4,9.3,10.7,90.0,1010.9,8.2,29.0,100.0
2011-03-17,33.2,8.2,10.4,93.0,1004.2,5.1,222.0,100.0
2011-03-18,1.4,7.1,14.2,87.0,1013.0,3.5,63.0,84.0
2011-03-19,8.6,4.0,11.7,91.0,1019.3,4.1,10.0,93.0
2011-03-20,3.2,0.7,13.0,73.0,1025.8,4.1,330.0,27.0
2011-03-21,0.0,3.0,12.6,60.0,1030.5,4.0,73.0,12.0
2011-03-22,0.0,0.0,13.8,60.0,1034.1,3.6,259.0,48.0
2011-03-23,0.0,1.2,16.4,67.0,1033.1,4.2,248.0,2.0
2011-03-24,0.0,2.7,17.8,72.0,1032.0,3.1,212.0,15.0
2011-03-25,0.0,3.4,16.8,79.0,1022.9,4.3,103.0,31.0
2011-03-26,0.7,6.5,15.2,79.0,1015.6,4.2,98.0,72.0
2011-03-27,1.5,8.3,14.1,82.0,1015.8,4.4,119.0,93.0
2011-03-28,4.9,8.4,12.6,94.0,1013.4,2.9,122.0,93.0
2011-03-29,0.0,2.6,16.2,74.0,1015.9,4.1,309.0,22.0
2011-03-30,0.0,2.5,16.4,72.0,1017.4,4.2,280.0,10.0
2011-03-31,0.0,3.2,18.2,73.0,1020.9,4.3,321.0,48.0
2011-04-01,0.0,6.6,20.1,75.0,1022.3,4.1,360.0,55.0
2011-04-02,0.0,8.2,20.1,73.0,1020.9,3.8,29.0,32.0
2011-04-03,0.0,6.7,20.6,76.0,1015.2,3.8,195.0,22.0
2011-04-04,5.2,7.9,20.3,77.0,1014.4,5.0,16.0,83.0
2011-04-05,0.0,5.5,17.9,67.0,1023.1,5.4,291.0,48.0
2011-04-06,0.0,6.8,19.3,73.0,1026.8,3.7,204.0,53.0
2011-04-07,0.0,7.4,22.4,76.0,1023.3,3.7,205.0,53.0
2011-04-08,0.0,8.9,24.4,72.0,1015.5,4.5,277.0,63.0
2011-04-09,0.0,8.4,26.1,66.0,1012.9,4.5,343.0,15.0
2011-04-10,0.0,12.1,19.3,58.0,1016.6,5.0,242.0,35.0
2011-04-11,0.0,7.3,20.6,69.0,1019.6,4.6,209.0,28.0
2011-04-12,8.8,7.5,19.5,74.0,1014.0,3.9,78.0,54.0
2011-04-13,0.5,5.8,14.7,59.0,1015.5,3.6,290.0,33.0
2011-04-14,0.4,4.4,13.6,63.0,1014.6,4.1,295.0,92.0
2011-04-15,0.0,3.7,14.9,63.0,1016.2,5.0,40.0,46.0
2011-04-16,0.0,3.5,15.5,62.0,1019.7,5.3,64.0,44.0
2011-04-17,0.0,3.4,16.4,62.0,1022.3,4.9,49.0,27.0
2011-04-18,0.0,4.4,17.3,63.0,1021.9,5.3,333.0,20.0
2011-04-19,0.0,4.6,18.5,64.0,1017.9,5.2,310.0,8.0
2011-04-20,0.0,5.4,19.9,64.0,1018.6,4.9,191.0,7.0
2011-04-21,0.0,5.9,19.8,68.0,1018.8,5.0,164.0,9.0
2011-04-22,0.0,6.3,19.4,70.0,1015.7,5.1,160.0,23.0
2011-04-23,0.2,8.2,18.4,70.0,1015.6,5.2,200.0,82.0
2011-04-24,0.9,7.3,19.6,76.0,1016.0,4.3,170.0,78.0
2011-04-25,2.7,9.5,20.1,80.0,1015.6,3.7,79.0,61.0
2011-04-26,4.4,9.0,19.9,70.0,1013.0,4.6,35.0,57.0
2011-04-27,0.9,8.7,19.3,65.0,1013.0,6.9,53.0,64.0
2011-04-28,0.2,11.9,18.6,60.0,1012.1,6.2,31.0,92.0
2011-04-29,2.7,9.9,18.0,71.0,1010.5,5.1,43.0,81.0
2011-04-30,1.8,7.6,17.9,72.0,1008.1,4.7,53.0,53.0
2011-05-01,1.0,6.9,20.3,69.0,1004.9,4.3,315.0,35.0
2011-05-02,3.5,8.5,18.6,75.0,1007.6,4.8,155.0,65.0
2011-05-03,3.6,10.3,19.5,76.0,1004.3,4.3,237.0,71.0
2011-05-04,3.5,10.5,16.3,68.0,1012.8,4.6,157.0,59.0
2011-05-05,1.0,9.5,16.0,65.0,1022.6,5.1,208.0,46.0
2011-05-06,0.0,7.1,18.9,64.0,1026.1,5.4,198.0,19.0
2011-05-07,0.1,6.6,21.6,68.0,1023.0,4.4,184.0,10.0
2011-05-08,2.2,8.9,23.3,68.0,1018.4,4.4,134.0,19.0
2011-05-09,0.0,10.5,20.1,57.0,1025.7,4.3,216.0,25.0
2011-05-10,0.0,8.0,22.8,57.0,1026.7,5.2,238.0,35.0
2011-05-11,2.0,10.1,24.4,63.0,1021.2,4.2,303.0,38.0
2011-05-12,3.0,12.2,24.7,67.0,1017.1,4.8,291.0,92.0
2011-05-13,4.7,11.8,22.7,69.0,1017.8,4.2,22.0,45.0
2011-05-14,4.5,12.3,21.9,72.0,1015.8,5.2,140.0,70.0
2011-05-15,27.8,10.0,15.9,85.0,1013.6,5.7,37.0,99.0
2011-05-16,0.0,6.0,19.6,65.0,1020.2,4.5,264.0,33.0
2011-05-17,0.3,8.3,20.3,70.0,1021.8,4.3,245.0,38.0
2011-05-18,0.0,10.2,23.1,64.0,1020.2,4.4,48.0,18.0
2011-05-19,0.0,10.4,24.4,63.0,1018.6,4.0,202.0,14.0
2011-05-20,1.0,11.5,24.6,63.0,1019.1,3.9,308.0,48.0
2011-05-21,0.6,11.4,26.0,59.0,1019.4,4.4,34.0,22.0
2011-05-22,1.7,12.1,25.7,61.0,1018.7,3.7,324.0,38.0
2011-05-23,1.2,13.0,27.6,59.0,1021.4,4.1,4.0,54.0
2011-05-24,1.8,13.8,27.8,64.0,1020.8,4.1,311.0,36.0
2011-05-25,3.3,15.0,28.3,59.0,1021.1,4.3,319.0,41.0
2011-05-26,0.6,16.3,27.0,61.0,1018.5,4.7,221.0,43.0
2011-05-27,19.1,15.6,25.0,75.0,1012.3,4.6,70.0,65.0
2011-05-28,21.2,11.8,20.1,67.0,1013.1,6.0,28.0,72.0
2011-05-29,0.0,10.4,22.2,69.0,1018.4,4.3,211.0,52.0
2011-05-30,0.0,11.4,24.8,66.0,1019.0,4.9,166.0,15.0
2011-05-31,0.1,11.8,24.1,69.0,1015.2,4.6,146.0,27.0
2011-06-01,0.6,15.4,24.2,69.0,1015.3,4.1,103.0,66.0
2011-06-02,0.9,14.5,25.7,67.0,1020.3,4.1,352.0,64.0
2011-06-03,3.8,14.1,25.9,72.0,1021.1,4.9,11.0,83.0
2011-06-04,2.0,14.7,26.0,72.0,1017.5,5.0,55.0,54.0
2011-06-05,7.1,14.8,24.4,80.0,1013.6,4.2,75.0,75.0
2011-06-06,13.0,15.8,21.4,85.0,1010.7,3.3,65.0,79.0
2011-06-07,25.8,12.4,20.3,85.0,1008.4,5.6,25.0,92.0
2011-06-08,15.3,16.2,20.5,89.0,1006.9,3.2,156.0,93.0
2011-06-09,4.4,14.0,21.7,82.0,1010.7,4.1,103.0,85.0
2011-06-10,1.6,14.2,21.7,75.0,1013.6,4.0,37.0,69.0
2011-06-11,4.8,13.4,23.0,73.0,1014.1,3.0,8.0,69.0
2011-06-12,2.2,14.2,23.2,70.0,1016.1,4.1,353.0,61.0
2011-06-13,1.8,15.2,22.5,74.0,1016.2,3.6,313.0,94.0
2011-06-14,1.9,13.3,24.1,68.0,1016.7,4.0,2.0,36.0
2011-06-15,1.0,14.0,25.7,69.0,1018.3,3.9,291.0,30.0
2011-06-16,3.3,15.3,26.1,75.0,1016.9,4.5,249.0,74.0
2011-06-17,4.5,16.1,24.2,81.0,1015.9,5.0,113.0,83.0
2011-06-18,6.2,16.5,24.5,83.0,1010.6,4.8,187.0,91.0
2011-06-19,6.3,15.6,20.6,70.0,1011.1,5.6,78.0,51.0
2011-06-20,0.0,14.0,22.2,66.0,1017.5,4.4,66.0,50.0
2011-06-21,0.2,13.6,25.2,71.0,1019.5,4.7,192.0,35.0
2011-06-22,2.1,15.4,26.4,76.0,1018.9,4.6,215.0,48.0
2011-06-23,9.0,17.3,26.5,77.0,1016.0,4.8,324.0,59.0
2011-06-24,3.2,16.2,23.3,71.0,1016.6,6.1,43.0,69.0
2011-06-25,2.8,13.8,22.5,64.0,1021.9,4.5,206.0,50.0
2011-06-26,0.0,15.9,25.0,65.0,1022.7,4.4,169.0,20.0
2011-06-27,0.0,15.7,26.3,72.0,1021.0,4.2,178.0,31.0
2011-06-28,0.2,16.5,27.7,75.0,1015.7,4.1,190.0,18.0
2011-06-29,8.0,19.6,27.8,76.0,1013.2,4.6,197.0,58.0
2011-06-30,14.6,19.4,25.1,82.0,1012.5,3.0,272.0,90.0
2011-07-01,1.7,16.6,22.6,65.0,1014.6,4.4,22.0,54.0
2011-07-02,1.9,11.7,21.1,60.0,1013.2,4.0,340.0,27.0
2011-07-03,0.0,10.6,23.6,67.0,1011.0,6.1,201.0,25.0
2011-07-04,0.3,14.4,26.3,72.0,1013.0,5.0,182.0,43.0
2011-07-05,8.8,17.6,24.8,81.0,1012.5,3.8,165.0,72.0
2011-07-06,0.7,19.1,26.4,77.0,1012.1,4.4,197.0,43.0
2011-07-07,6.3,19.1,25.9,82.0,1013.2,3.6,192.0,67.0
2011-07-08,2.5,17.3,28.6,74.0,1014.2,5.0,180.0,49.0
2011-07-09,0.4,17.6,29.6,69.0,1017.6,5.6,56.0,20.0
2011-07-10,0.9,18.1,30.0,68.0,1016.8,4.4,246.0,41.0
2011-07-11,2.6,18.7,30.4,63.0,1015.5,3.4,332.0,38.0
2011-07-12,0.7,19.3,30.9,62.0,1015.5,4.7,61.0,43.0
2011-07-13,5.4,20.1,30.5,70.0,1011.2,4.8,354.0,86.0
2011-07-14,3.4,20.9,29.2,68.0,1010.0,4.6,9.0,46.0
2011-07-15,5.8,19.3,25.9,74.0,1014.0,3.8,51.0,47.0
2011-07-16,2.0,17.4,25.8,71.0,1014.5,4.2,76.0,66.0
2011-07-17,3.8,16.5,26.1,73.0,1008.5,5.3,190.0,57.0
2011-07-18,3.0,17.4,26.3,68.0,1005.2,3.4,176.0,55.0
2011-07-19,2.1,16.9,25.0,62.0,1005.9,5.1,146.0,66.0
2011-07-20,7.4,15.5,24.1,72.0,1003.0,4.3,255.0,69.0
2011-07-21,2.9,13.9,25.1,65.0,1005.6,5.2,303.0,22.0
2011-07-22,3.6,14.0,25.2,73.0,1007.4,5.3,243.0,27.0
2011-07-23,8.8,16.5,22.5,74.0,1007.5,4.3,37.0,79.0
2011-07-24,14.6,14.3,18.2,78.0,1006.2,4.1,349.0,91.0
2011-07-25,1.4,12.1,21.7,70.0,1008.8,3.7,303.0,82.0
2011-07-26,2.4,12.6,22.7,70.0,1012.4,3.7,252.0,54.0
2011-07-27,3.6,13.6,22.5,76.0,1017.4,3.6,159.0,70.0
2011-07-28,3.3,15.4,24.4,71.0,1015.0,3.3,289.0,89.0
2011-07-29,2.4,14.8,25.5,67.0,1014.0,4.0,282.0,68.0
2011-07-30,4.9,14.6,24.7,83.0,1012.3,4.3,5.0,85.0
2011-07-31,2.0,14.7,25.0,77.0,1011.8,3.1,277.0,67.0
2011-08-01,2.8,15.3,25.7,73.0,1013.3,3.2,286.0,61.0
2011-08-02,0.0,16.5,26.3,76.0,1016.8,4.5,192.0,40.0
2011-08-03,5.3,19.6,27.2,79.0,1017.7,3.6,220.0,77.0
2011-08-04,4.7,16.3,27.9,74.0,1014.8,3.7,328.0,44.0
2011-08-05,3.1,16.8,28.0,71.0,1015.2,3.8,306.0,57.0
2011-08-06,5.5,19.3,25.7,76.0,1012.5,3.7,212.0,91.0
2011-08-07,22.5,19.8,26.7,83.0,1009.7,5.6,187.0,89.0
2011-08-08,2.1,19.1,27.1,80.0,1008.1,5.5,192.0,56.0
2011-08-09,2.7,14.4,24.0,62.0,1015.3,4.5,43.0,30.0
2011-08-10,0.0,11.7,24.2,64.0,1020.4,5.0,247.0,14.0
2011-08-11,0.0,13.9,23.7,69.0,1020.2,4.3,176.0,32.0
2011-08-12,3.4,14.0,26.2,71.0,1014.2,2.9,284.0,46.0
2011-08-13,0.9,15.3,26.7,66.0,1011.8,3.2,337.0,50.0
2011-08-14,0.6,15.6,28.8,67.0,1011.6,4.3,291.0,37.0
2011-08-15,7.3,17.9,25.9,75.0,1012.6,2.7,353.0,64.0
2011-08-16,0.0,15.5,28.3,65.0,1016.6,4.6,6.0,44.0
2011-08-17,1.5,18.0,29.0,65.0,1017.2,3.7,282.0,39.0
2011-08-18,1.2,18.9,30.7,69.0,1017.2,3.2,216.0,34.0
2011-08-19,1.0,19.3,31.6,71.0,1017.6,4.4,241.0,27.0
2011-08-20,1.1,20.2,32.3,68.0,1019.8,3.2,346.0,27.0
2011-08-21,0.1,20.7,32.8,65.0,1019.9,5.0,306.0,29.0
2011-08-22,0.2,20.0,34.7,65.0,1018.6,4.4,276.0,17.0
2011-08-23,0.0,19.0,34.8,57.0,1017.2,4.4,302.0,7.0
2011-08-24,0.6,20.4,33.3,62.0,1016.1,4.2,177.0,5.0
2011-08-25,0.0,19.8,33.2,62.0,1015.0,4.1,186.0,6.0
2011-08-26,1.0,19.9,32.7,60.0,1013.3,4.4,81.0,15.0
2011-08-27,14.5,19.9,27.9,66.0,1010.6,5.8,20.0,28.0
2011-08-28,0.0,15.2,26.2,52.0,1016.9,5.5,34.0,15.0
2011-08-29,0.0,15.2,26.9,59.0,1014.2,4.1,28.0,33.0
2011-08-30,3.1,15.0,26.2,66.0,1012.2,3.7,18.0,32.0
2011-08-31,2.4,17.4,26.4,69.0,1013.1,4.3,315.0,59.0
2011-09-01,2.2,17.1,26.0,74.0,1014.7,4.1,294.0,87.0
2011-09-02,1.0,17.5,26.6,76.0,1015.2,3.5,314.0,58.0
2011-09-03,1.0,16.6,29.3,66.0,1015.4,4.3,5.0,63.0
2011-09-04,23.9,19.2,26.8,83.0,1014.2,3.4,55.0,99.0
2011-09-05,37.6,18.7,22.6,91.0,1014.8,3.4,120.0,96.0
2011-09-06,0.0,17.8,24.1,70.0,1021.1,4.1,351.0,62.0
2011-09-07,0.0,14.0,24.0,79.0,1015.6,4.4,194.0,82.0
2011-09-08,0.0,16.3,24.4,79.0,1011.5,3.4,214.0,94.0
2011-09-09,1.1,18.1,25.3,83.0,1013.0,3.3,55.0,55.0
2011-09-10,0.0,17.1,26.4,80.0,1016.3,3.9,190.0,27.0
2011-09-11,2.4,18.8,25.9,88.0,1016.6,3.9,187.0,60.0
2011-09-12,3.1,19.0,26.6,80.0,1014.8,3.2,338.0,53.0
2011-09-13,0.0,16.4,28.0,73.0,1015.5,4.1,304.0,16.0
2011-09-14,1.9,16.5,26.3,82.0,1014.7,4.4,358.0,33.0
2011-09-15,2.2,16.7,25.8,78.0,1016.5,3.8,13.0,45.0
2011-09-16,0.0,17.3,26.1,73.0,1017.1,3.7,335.0,66.0
2011-09-17,2.4,17.2,25.6,77.0,1015.2,4.6,317.0,69.0
2011-09-18,26.3,17.1,22.8,86.0,1008.0,4.5,59.0,98.0
2011-09-19,49.8,13.0,17.4,80.0,1005.1,7.0,360.0,81.0
2011-09-20,0.0,12.2,21.9,60.0,1016.3,4.9,338.0,34.0
2011-09-21,0.0,10.9,25.3,66.0,1018.3,4.6,312.0,10.0
2011-09-22,0.0,13.5,24.3,78.0,1016.9,3.7,359.0,67.0
2011-09-23,0.3,16.6,22.5,76.0,1016.9,3.8,36.0,82.0
2011-09-24,0.0,14.1,23.1,76.0,1017.3,4.0,22.0,48.0
2011-09-25,0.0,13.5,24.0,75.0,1020.1,4.0,21.0,39.0
2011-09-26,0.0,12.1,25.1,73.0,1023.4,4.5,4.0,7.0
2011-09-27,0.1,11.9,25.7,71.0,1026.1,4.1,352.0,11.0
2011-09-28,0.0,13.4,25.9,69.0,1027.2,4.4,9.0,11.0
2011-09-29,0.0,11.9,24.3,72.0,1027.1,3.5,322.0,11.0
2011-09-30,0.0,12.1,25.8,70.0,1026.6,4.0,347.0,15.0
2011-10-01,0.0,12.5,25.3,70.0,1025.7,4.0,333.0,0.0
2011-10-02,0.0,12.5,25.3,72.0,1024.0,3.7,309.0,13.0
2011-10-03,0.0,13.0,24.5,71.0,1023.4,3.7,227.0,18.0
2011-10-04,0.0,12.7,24.5,75.0,1022.1,3.6,333.0,15.0
2011-10-05,0.0,13.3,25.0,77.0,1021.3,3.6,341.0,22.0
2011-10-06,0.5,14.0,22.4,81.0,1017.8,4.0,169.0,42.0
2011-10-07,28.2,9.1,15.8,83.0,1008.1,4.7,52.0,71.0
2011-10-08,0.3,5.6,15.1,71.0,1012.1,3.4,331.0,49.0
2011-10-09,0.8,4.4,17.0,60.0,1016.1,4.6,355.0,32.0
2011-10-10,0.6,6.9,14.8,59.0,1020.7,4.5,313.0,74.0
2011-10-11,0.0,6.9,19.9,74.0,1019.0,3.5,313.0,30.0
2011-10-12,0.0,10.1,21.2,77.0,1016.1,3.5,345.0,64.0
2011-10-13,2.1,10.4,20.1,78.0,1018.5,4.4,20.0,33.0
2011-10-14,0.4,9.3,15.4,68.0,1026.3,4.1,159.0,58.0
2011-10-15,0.0,7.8,14.3,54.0,1029.8,2.9,122.0,27.0
2011-10-16,0.0,7.4,13.1,58.0,1028.2,3.3,138.0,9.0
2011-10-17,0.0,6.3,13.6,59.0,1025.9,2.9,171.0,11.0
2011-10-18,0.0,4.8,14.5,68.0,1022.7,3.6,167.0,16.0
2011-10-19,1.6,5.9,14.1,84.0,1020.1,2.9,7.0,83.0
2011-10-20,42.6,7.8,11.1,87.0,1018.4,5.9,23.0,98.0
2011-10-21,0.0,1.8,13.4,65.0,1025.4,5.0,4.0,21.0
2011-10-22,0.0,0.7,12.4,67.0,1025.1,4.9,15.0,9.0
2011-10-23,0.0,1.4,11.4,76.0,1022.6,4.3,17.0,63.0
2011-10-24,0.4,3.8,12.2,77.0,1019.4,3.9,25.0,63.0
2011-10-25,28.2,8.3,11.8,85.0,1015.2,5.4,17.0,100.0
2011-10-26,59.8,10.3,13.9,95.0,1015.3,4.6,21.0,97.0
2011-10-27,0.1,5.6,16.4,84.0,1020.4,2.9,326.0,94.0
2011-10-28,0.0,8.0,15.2,87.0,1025.8,2.8,7.0,75.0
2011-10-29,0.0,7.1,16.4,83.0,1026.3,2.7,35.0,29.0
2011-10-30,0.0,6.3,15.9,83.0,1023.8,3.4,12.0,37.0
2011-10-31,0.0,4.7,16.0,81.0,1022.3,3.5,354.0,11.0
2011-11-01,0.0,4.9,15.2,84.0,1021.3,2.8,10.0,51.0
2011-11-02,0.0,3.0,14.2,89.0,1020.8,2.8,10.0,81.0
2011-11-03,2.6,7.8,11.7,93.0,1018.7,2.9,187.0,89.0
2011-11-04,5.3,8.8,13.0,94.0,1016.3,2.7,43.0,97.0
2011-11-05,23.5,12.6,14.8,95.0,1015.9,4.4,56.0,100.0
2011-11-06,33.3,13.3,15.7,87.0,1016.0,6.1,42.0,100.0
2011-11-07,43.6,11.7,13.5,88.0,1019.7,4.9,55.0,100.0
2011-11-08,20.3,11.4,13.6,91.0,1023.4,5.9,36.0,94.0
2011-11-09,0.0,9.4,16.4,86.0,1023.0,3.7,333.0,60.0
2011-11-10,0.0,6.9,15.8,87.0,1020.3,2.7,358.0,27.0
2011-11-11,0.0,7.8,11.7,78.0,1024.5,4.5,55.0,79.0
2011-11-12,0.0,6.1,11.1,67.0,1032.1,2.9,37.0,19.0
2011-11-13,0.0,1.2,13.5,76.0,1033.1,2.7,326.0,0.0
2011-11-14,0.0,0.3,13.4,75.0,1027.3,2.6,335.0,16.0
2011-11-15,0.0,0.6,12.7,73.0,1020.8,2.5,355.0,12.0
2011-11-16,0.0,0.3,11.7,71.0,1022.2,3.1,360.0,0.0
2011-11-17,0.0,-0.1,11.1,74.0,1024.8,2.7,334.0,0.0
2011-11-18,0.0,1.2,10.1,78.0,1025.3,2.4,329.0,0.0
2011-11-19,0.0,2.1,8.9,80.0,1024.7,2.5,331.0,19.0
2011-11-20,0.0,2.5,8.7,78.0,1024.8,2.1,330.0,27.0
2011-11-21,0.0,1.8,7.9,81.0,1023.9,2.4,340.0,10.0
2011-11-22,0.0,0.2,10.9,81.0,1022.0,3.8,353.0,11.0
2011-11-23,0.0,0.4,11.1,81.0,1022.9,2.8,351.0,10.0
2011-11-24,0.0,3.4,11.3,77.0,1029.2,2.4,328.0,2.0
2011-11-25,0.0,-0.6,10.3,76.0,1029.4,2.3,326.0,1.0
2011-11-26,0.0,0.5,11.4,80.0,1028.5,2.1,332.0,48.0
2011-11-27,0.0,4.7,9.5,82.0,1027.6,2.6,360.0,13.0
2011-11-28,0.0,3.5,11.0,83.0,1026.9,3.3,0.0,45.0
2011-11-29,0.0,0.2,11.4,79.0,1026.4,2.9,336.0,55.0
2011-11-30,0.0,3.1,10.0,83.0,1027.9,2.7,352.0,49.0
2011-12-01,0.0,2.0,9.9,87.0,1027.8,2.6,354.0,36.0
2011-12-02,0.6,3.8,8.7,93.0,1022.6,2.9,354.0,77.0
2011-12-03,1.3,6.2,8.3,93.0,1018.1,1.8,284.0,100.0
2011-12-04,1.1,4.9,8.8,97.0,1013.7,2.9,174.0,92.0
2011-12-05,1.5,2.1,9.5,95.0,1005.6,2.4,99.0,79.0
2011-12-06,2.0,1.7,8.6,75.0,1012.3,3.0,330.0,44.0
2011-12-07,0.0,2.1,7.7,79.0,1014.4,3.7,58.0,65.0
2011-12-08,0.0,2.7,11.4,76.0,1019.3,3.9,341.0,12.0
2011-12-09,0.0,0.7,9.1,79.0,1021.6,3.4,7.0,93.0
2011-12-10,0.0,5.0,8.6,87.0,1017.4,2.3,19.0,72.0
2011-12-11,0.0,4.0,9.9,87.0,1019.5,3.4,359.0,57.0
2011-12-12,4.1,5.4,8.4,85.0,1015.0,3.2,357.0,95.0
2011-12-13,1.0,0.4,10.0,86.0,1016.4,3.7,350.0,69.0
2011-12-14,1.9,2.8,7.1,90.0,1016.6,3.3,14.0,83.0
2011-12-15,0.2,1.5,8.0,93.0,1013.4,3.2,346.0,85.0
2011-12-16,8.9,1.0,5.5,94.0,1003.6,4.2,7.0,97.0
2011-12-17,0.3,-1.8,8.2,73.0,996.5,3.9,331.0,64.0
2011-12-18,0.0,-3.8,6.3,72.0,1011.0,4.2,352.0,68.0
2011-12-19,0.0,-3.8,6.7,64.0,1015.1,4.8,341.0,47.0
2011-12-20,0.0,-3.2,4.3,67.0,1015.9,3.9,347.0,49.0
2011-12-21,0.0,-2.9,5.6,68.0,1016.0,2.9,339.0,23.0
2011-12-22,0.1,-2.9,7.8,74.0,1020.8,2.8,332.0,24.0
2011-12-23,0.0,1.0,6.3,68.0,1023.9,2.8,325.0,6.0
2011-12-24,0.0,-0.4,5.9,77.0,1019.2,3.4,357.0,47.0
2011-12-25,0.0,-3.4,8.8,74.0,1030.4,4.4,337.0,17.0
2011-12-26,0.0,-1.6,8.4,76.0,1036.4,3.1,334.0,29.0
2011-12-27,0.0,-0.8,9.4,79.0,1036.3,2.6,327.0,1.0
2011-12-28,0.0,-1.8,9.0,84.0,1030.0,2.2,350.0,0.0
2011-12-29,1.3,0.6,7.3,86.0,1022.6,4.1,14.0,70.0
2011-12-30,0.0,-2.2,5.4,89.0,1014.5,4.0,335.0,66.0
2011-12-31,0.0,-3.5,6.3,77.0,1017.8,4.1,346.0,36.0
2012-01-01,0.0,-0.8,6.7,70.0,1021.5,2.7,349.0,35.0
2012-01-02,3.8,-1.0,5.1,83.0,1021.5,3.1,2.0,96.0
2012-01-03,6.1,2.8,8.7,88.0,1023.1,4.1,348.0,73.0
2012-01-04,0.1,-3.3,4.8,94.0,1020.0,2.2,1.0,85.0
2012-01-05,0.5,-3.9,4.8,88.0,1008.2,3.6,11.0,86.0
2012-01-06,0.0,-3.4,8.9,68.0,1003.4,5.0,318.0,22.0
2012-01-07,0.0,-2.9,8.6,68.0,1017.2,4.4,333.0,24.0
2012-01-08,0.0,-3.4,8.9,78.0,1016.2,3.9,337.0,9.0
2012-01-09,0.0,-3.3,9.5,71.0,1022.8,3.8,343.0,14.0
2012-01-10,0.0,-1.8,10.1,74.0,1027.1,3.1,337.0,5.0
2012-01-11,0.0,0.2,8.7,73.0,1031.8,2.7,325.0,1.0
2012-01-12,0.0,-0.8,7.9,82.0,1028.5,2.8,13.0,1.0
2012-01-13,0.0,-0.7,7.7,85.0,1019.3,3.7,17.0,18.0
2012-01-14,0.3,-2.6,7.3,64.0,1020.8,4.0,335.0,13.0
2012-01-15,0.8,-3.2,5.6,76.0,1020.9,3.2,341.0,16.0
2012-01-16,0.0,-1.7,3.5,69.0,1024.1,3.2,4.0,61.0
2012-01-17,0.0,-1.0,3.6,81.0,1027.3,2.9,194.0,54.0
2012-01-18,0.0,-3.3,5.2,82.0,1031.4,3.0,266.0,38.0
2012-01-19,0.0,-1.9,0.9,91.0,1028.3,2.3,114.0,99.0
2012-01-20,0.0,-1.4,4.5,85.0,1016.0,3.0,125.0,58.0
2012-01-21,2.2,-2.9,7.8,78.0,1015.6,4.2,338.0,49.0
2012-01-22,0.0,-0.8,7.1,83.0,1010.8,3.2,50.0,87.0
2012-01-23,0.0,-1.1,10.2,85.0,1013.4,2.6,1.0,62.0
2012-01-24,0.4,-2.5,9.4,76.0,1014.3,4.3,337.0,38.0
2012-01-25,0.0,-5.7,7.4,63.0,1019.6,4.5,332.0,4.0
2012-01-26,0.0,-3.0,5.4,68.0,1020.9,4.0,10.0,25.0
2012-01-27,0.0,-0.8,4.5,71.0,1025.2,2.7,61.0,53.0
2012-01-28,0.0,-1.5,5.4,71.0,1026.2,3.8,28.0,85.0
2012-01-29,0.0,-2.5,5.1,69.0,1024.2,5.8,58.0,86.0
2012-01-30,0.0,-3.5,5.0,60.0,1025.4,5.1,59.0,70.0
2012-01-31,0.0,-4.4,2.0,51.0,1023.1,5.7,64.0,86.0
2012-02-01,0.0,-2.2,2.7,45.0,1018.1,7.8,41.0,100.0
2012-02-02,0.0,-3.1,0.9,39.0,1019.8,7.0,65.0,97.0
2012-02-03,0.0,-7.0,0.9,39.0,1021.0,6.2,53.0,50.0
2012-02-04,0.2,-6.8,-0.5,45.0,1022.4,5.6,337.0,98.0
2012-02-05,0.6,-5.7,-0.7,53.0,1026.5,3.0,48.0,84.0
2012-02-06,0.0,-10.5,0.5,52.0,1021.3,4.1,333.0,23.0
2012-02-07,0.6,-4.3,1.8,58.0,1015.9,5.7,331.0,100.0
2012-02-08,0.0,-5.1,6.3,65.0,1024.2,3.7,350.0,29.0
2012-02-09,0.8,-4.9,3.9,63.0,1023.4,3.3,180.0,41.0
2012-02-10,1.3,-4.1,1.0,47.0,1024.9,7.0,46.0,98.0
2012-02-11,1.4,-4.2,0.0,48.0,1021.0,7.1,40.0,98.0
2012-02-12,2.8,-6.3,1.0,64.0,1021.9,4.5,351.0,87.0
2012-02-13,0.3,-3.5,2.7,73.0,1019.6,3.8,252.0,79.0
2012-02-14,0.2,-5.3,3.3,76.0,1015.8,3.2,253.0,51.0
2012-02-15,0.3,-3.7,4.3,76.0,1008.5,3.9,37.0,51.0
2012-02-16,0.3,-4.2,8.0,70.0,1013.9,4.0,327.0,31.0
2012-02-17,1.6,-1.0,8.3,83.0,1021.7,3.3,360.0,42.0
2012-02-18,0.0,-2.1,8.4,86.0,1021.1,3.1,106.0,67.0
2012-02-19,3.3,2.1,6.6,91.0,1019.4,2.6,65.0,94.0
2012-02-20,8.2,1.0,5.6,84.0,1026.6,5.8,50.0,91.0
2012-02-21,0.0,-2.9,8.5,67.0,1030.9,3.6,354.0,8.0
2012-02-22,0.0,-3.9,12.1,64.0,1028.5,2.8,351.0,0.0
2012-02-23,0.0,-2.0,12.2,69.0,1023.6,2.7,283.0,66.0
2012-02-24,0.0,-0.5,14.3,77.0,1023.3,2.9,308.0,22.0
2012-02-25,0.0,1.1,15.1,78.0,1017.9,3.0,348.0,6.0
2012-02-26,7.4,0.6,13.3,82.0,1013.9,3.6,333.0,26.0
2012-02-27,1.1,-1.9,7.8,77.0,1021.7,4.7,255.0,45.0
2012-02-28,0.0,2.7,9.2,79.0,1022.5,3.4,228.0,43.0
2012-02-29,0.0,-0.5,15.3,79.0,1017.8,3.2,330.0,44.0
2012-03-01,0.0,1.2,16.2,79.0,1023.1,3.0,271.0,0.0
2012-03-02,0.0,1.7,15.8,81.0,1023.1,2.9,335.0,1.0
2012-03-03,0.0,3.8,15.9,80.0,1021.4,3.2,20.0,4.0
2012-03-04,6.2,5.6,12.3,86.0,1020.0,2.9,2.0,77.0
2012-03-05,8.0,5.5,8.7,82.0,1016.4,4.8,27.0,99.0
2012-03-06,0.0,3.1,12.0,60.0,1020.0,6.7,52.0,69.0
2012-03-07,0.0,0.7,10.1,60.0,1025.1,3.3,214.0,28.0
2012-03-08,0.0,1.8,11.0,75.0,1020.6,3.7,20.0,80.0
2012-03-09,0.0,2.2,12.6,64.0,1031.4,3.9,10.0,52.0
2012-03-10,0.0,0.6,12.3,59.0,1032.3,3.4,347.0,29.0
2012-03-11,0.0,0.7,14.5,62.0,1023.0,3.9,304.0,24.0
2012-03-12,0.0,3.0,14.4,74.0,1020.8,4.5,283.0,23.0
2012-03-13,0.0,0.9,15.0,75.0,1025.0,3.9,231.0,16.0
2012-03-14,0.0,1.4,15.5,77.0,1025.9,3.2,203.0,3.0
2012-03-15,0.0,1.3,16.4,77.0,1027.0,3.1,28.0,7.0
2012-03-16,0.0,1.7,17.2,75.0,1028.0,3.4,167.0,0.0
2012-03-17,0.0,3.8,15.6,78.0,1026.7,3.7,142.0,29.0
2012-03-18,1.2,5.4,12.8,86.0,1023.6,4.6,142.0,83.0
2012-03-19,13.0,7.1,13.6,93.0,1023.6,3.6,76.0,95.0
2012-03-20,0.3,6.1,16.5,69.0,1032.7,4.2,348.0,45.0
2012-03-21,0.0,4.4,18.5,63.0,1032.8,3.8,332.0,41.0
2012-03-22,0.0,3.6,19.1,68.0,1029.9,4.1,325.0,3.0
2012-03-23,0.0,3.9,18.6,72.0,1026.2,3.8,298.0,12.0
2012-03-24,1.6,4.4,17.8,74.0,1023.8,3.3,345.0,61.0
2012-03-25,0.0,4.3,19.2,68.0,1024.7,5.4,356.0,74.0
2012-03-26,0.0,4.4,19.7,66.0,1026.8,5.2,309.0,5.0
2012-03-27,0.0,8.3,18.8,62.0,1027.2,4.2,251.0,12.0
2012-03-28,0.0,4.3,21.3,65.0,1024.2,5.0,286.0,4.0
2012-03-29,0.0,5.2,21.4,67.0,1015.3,5.0,335.0,31.0
2012-03-30,0.0,6.4,21.1,58.0,1008.1,3.1,273.0,43.0
2012-03-31,0.0,5.1,18.9,72.0,1005.8,4.1,165.0,32.0
2012-04-01,1.3,6.5,11.5,68.0,1009.0,6.1,171.0,60.0
2012-04-02,0.0,5.1,13.8,66.0,1013.7,4.8,197.0,43.0
2012-04-03,0.1,6.0,13.4,80.0,1011.3,4.1,141.0,82.0
2012-04-04,6.0,9.7,16.4,90.0,1010.3,3.3,130.0,95.0
2012-04-05,21.7,11.5,13.6,94.0,1009.8,5.2,43.0,99.0
2012-04-06,1.2,10.5,18.3,79.0,1007.2,4.9,197.0,63.0
2012-04-07,9.8,10.3,16.5,87.0,1001.8,4.3,126.0,95.0
2012-04-08,10.6,5.5,9.8,83.0,1003.9,4.1,61.0,74.0
2012-04-09,7.7,3.4,9.2,73.0,1013.2,5.2,201.0,77.0
2012-04-10,0.2,2.8,10.3,72.0,1012.0,4.7,193.0,73.0
2012-04-11,31.1,6.0,8.9,91.0,1003.9,6.1,47.0,100.0
2012-04-12,0.8,4.1,14.2,78.0,1004.0,4.4,175.0,50.0
2012-04-13,6.2,7.2,11.9,88.0,1003.2,4.7,31.0,99.0
2012-04-14,1.4,4.9,16.6,76.0,996.6,4.4,6.0,99.0
2012-04-15,8.5,8.6,12.1,87.0,998.6,2.4,355.0,100.0
2012-04-16,7.2,7.2,14.4,87.0,1004.8,2.8,17.0,89.0
2012-04-17,0.0,1.2,14.7,67.0,1007.7,5.0,302.0,33.0
2012-04-18,2.1,5.8,13.3,73.0,1001.6,4.5,120.0,88.0
2012-04-19,8.8,6.0,13.2,84.0,997.8,4.1,139.0,86.0
2012-04-20,9.6,7.3,13.9,88.0,998.9,3.5,95.0,91.0
2012-04-21,4.7,5.2,15.0,85.0,1006.3,4.5,135.0,62.0
2012-04-22,17.9,7.2,15.0,89.0,1008.4,4.4,54.0,80.0
2012-04-23,7.1,4.5,13.4,82.0,1010.0,5.4,48.0,79.0
2012-04-24,22.3,7.0,14.7,84.0,1003.8,5.5,111.0,94.0
2012-04-25,0.8,3.0,16.0,76.0,1010.8,5.7,199.0,40.0
2012-04-26,0.0,6.6,17.8,78.0,1018.0,5.4,165.0,52.0
2012-04-27,0.0,5.1,20.0,81.0,1020.2,3.5,190.0,24.0
2012-04-28,0.0,7.4,25.6,70.0,1019.1,4.6,29.0,12.0
2012-04-29,0.1,10.4,20.7,75.0,1017.7,5.0,74.0,91.0
2012-04-30,0.0,12.5,21.7,77.0,1016.8,3.2,9.0,73.0
2012-05-01,1.0,10.9,22.7,73.0,1016.4,3.9,312.0,63.0
2012-05-02,0.0,12.0,21.4,69.0,1015.0,3.9,221.0,24.0
2012-05-03,0.0,10.1,21.0,73.0,1010.4,3.8,124.0,39.0
2012-05-04,3.2,9.7,20.7,81.0,1008.4,4.0,23.0,53.0
2012-05-05,6.5,11.4,19.2,83.0,1009.0,4.8,193.0,88.0
2012-05-06,15.2,9.7,18.5,88.0,1011.4,4.1,181.0,88.0
2012-05-07,0.1,8.8,18.7,77.0,1014.8,4.8,240.0,62.0
2012-05-08,0.2,8.5,19.7,73.0,1018.6,5.6,225.0,68.0
2012-05-09,0.2,10.2,21.3,77.0,1019.1,5.2,177.0,59.0
2012-05-10,0.0,10.2,24.9,71.0,1023.5,3.8,224.0,32.0
2012-05-11,0.0,12.6,26.1,72.0,1024.8,4.5,208.0,74.0
2012-05-12,5.7,12.9,26.4,78.0,1019.7,3.8,332.0,66.0
2012-05-13,18.5,11.0,18.8,71.0,1019.5,6.6,109.0,85.0
2012-05-14,0.5,6.4,16.9,67.0,1015.8,4.4,202.0,31.0
2012-05-15,0.5,10.7,17.4,65.0,1010.7,4.3,189.0,61.0
2012-05-16,13.8,9.3,13.3,77.0,1011.6,4.2,24.0,78.0
2012-05-17,0.0,3.5,17.2,57.0,1017.6,5.6,241.0,8.0
2012-05-18,0.0,5.3,16.1,70.0,1017.6,5.0,176.0,64.0
2012-05-19,0.2,6.5,20.0,72.0,1016.2,4.5,192.0,39.0
2012-05-20,2.3,9.8,18.8,77.0,1013.6,4.6,202.0,64.0
2012-05-21,53.0,12.5,14.5,90.0,1006.7,5.7,50.0,100.0
2012-05-22,3.1,9.5,18.8,81.0,1006.3,3.5,185.0,86.0
2012-05-23,1.9,12.3,23.8,81.0,1012.9,3.2,232.0,70.0
2012-05-24,3.1,13.0,28.2,71.0,1017.1,4.9,326.0,42.0
2012-05-25,11.3,12.8,21.1,81.0,1017.9,4.2,340.0,46.0
2012-05-26,4.0,11.7,20.2,74.0,1018.4,3.7,315.0,50.0
2012-05-27,2.4,10.0,20.9,69.0,1017.6,4.2,293.0,67.0
2012-05-28,2.5,10.9,21.5,72.0,1014.3,4.2,284.0,44.0
2012-05-29,0.9,9.9,22.6,77.0,1012.5,4.0,288.0,29.0
2012-05-30,1.6,10.9,25.4,72.0,1016.3,5.0,269.0,32.0
2012-05-31,4.6,13.0,23.4,80.0,1017.9,3.8,319.0,68.0
2012-06-01,2.7,16.0,22.1,86.0,1013.5,3.3,125.0,88.0
2012-06-02,13.8,17.5,21.0,91.0,1014.9,4.2,135.0,87.0
2012-06-03,8.1,16.5,23.4,88.0,1013.7,5.0,158.0,88.0
2012-06-04,40.7,15.6,19.3,92.0,1009.1,3.1,61.0,91.0
2012-06-05,0.2,9.4,20.9,77.0,1011.5,5.3,237.0,32.0
2012-06-06,1.6,14.9,19.7,80.0,1013.5,3.7,141.0,93.0
2012-06-07,0.7,14.6,21.9,84.0,1012.5,4.8,178.0,85.0
2012-06-08,0.2,15.2,24.5,83.0,1012.8,4.0,150.0,81.0
2012-06-09,10.3,15.6,21.8,87.0,1013.0,4.2,55.0,89.0
2012-06-10,10.0,15.6,21.4,83.0,1009.3,3.8,59.0,90.0
2012-06-11,11.6,15.5,21.4,86.0,1005.4,2.7,176.0,77.0
2012-06-12,19.9,12.9,19.4,86.0,1002.9,5.2,331.0,69.0
2012-06-13,4.8,10.4,21.1,75.0,1010.3,3.8,358.0,49.0
2012-06-14,0.8,9.4,21.8,75.0,1017.7,4.7,254.0,44.0
2012-06-15,0.0,11.5,23.9,77.0,1020.7,4.7,181.0,44.0
2012-06-16,0.0,13.2,26.3,76.0,1020.9,4.2,201.0,11.0
2012-06-17,0.3,14.2,28.2,73.0,1019.4,3.3,354.0,9.0
2012-06-18,0.0,15.6,29.5,72.0,1017.7,4.8,273.0,15.0
2012-06-19,1.1,17.0,30.5,71.0,1016.6,3.7,277.0,41.0
2012-06-20,3.3,18.2,29.7,74.0,1013.7,4.0,230.0,33.0
2012-06-21,2.7,18.7,29.0,76.0,1010.0,4.4,36.0,29.0
2012-06-22,2.2,18.5,28.9,65.0,1014.1,4.7,24.0,24.0
2012-06-23,4.7,18.9,27.1,67.0,1019.7,6.2,24.0,51.0
2012-06-24,0.8,17.4,27.6,69.0,1018.2,4.1,304.0,73.0
2012-06-25,10.3,18.0,26.4,81.0,1011.9,4.2,27.0,88.0
2012-06-26,0.0,16.2,24.9,70.0,1017.4,4.1,358.0,38.0
2012-06-27,0.1,16.7,25.6,71.0,1019.1,3.8,108.0,34.0
2012-06-28,0.2,16.6,27.3,73.0,1015.6,4.3,190.0,55.0
2012-06-29,1.1,16.9,28.8,75.0,1014.8,3.8,215.0,54.0
2012-06-30,0.0,18.5,29.7,78.0,1015.3,4.3,203.0,27.0
2012-07-01,1.1,18.9,31.0,77.0,1014.5,4.7,182.0,15.0
2012-07-02,6.0,19.4,30.5,73.0,1014.4,5.0,20.0,53.0
2012-07-03,5.5,19.8,28.1,73.0,1013.5,4.1,40.0,44.0
2012-07-04,3.0,17.7,28.8,73.0,1012.6,4.4,15.0,38.0
2012-07-05,0.3,16.9,28.7,70.0,1011.5,3.1,33.0,39.0
2012-07-06,1.1,18.6,27.5,72.0,1011.8,4.5,7.0,68.0
2012-07-07,0.8,17.4,28.2,69.0,1012.8,4.6,214.0,23.0
2012-07-08,0.0,16.8,29.4,71.0,1012.5,5.2,171.0,15.0
2012-07-09,1.5,17.8,29.3,69.0,1011.7,3.8,335.0,26.0
2012-07-10,4.2,18.8,28.2,68.0,1012.9,4.8,353.0,48.0
2012-07-11,3.1,18.6,29.2,67.0,1012.6,5.5,296.0,47.0
2012-07-12,0.9,17.6,26.0,69.0,1013.0,4.9,21.0,57.0
2012-07-13,10.7,18.6,23.5,73.0,1011.1,5.7,51.0,79.0
2012-07-14,6.9,17.4,25.4,76.0,1009.3,4.9,193.0,72.0
2012-07-15,9.9,17.8,23.2,77.0,1011.2,5.7,44.0,65.0
2012-07-16,0.0,13.9,24.3,62.0,1020.4,5.1,34.0,22.0
2012-07-17,0.0,14.4,25.5,67.0,1022.1,4.4,182.0,36.0
2012-07-18,0.0,15.3,26.8,70.0,1019.7,4.3,198.0,22.0
2012-07-19,0.3,15.9,28.4,75.0,1013.7,5.1,165.0,49.0
2012-07-20,3.3,17.8,28.6,69.0,1011.7,4.8,35.0,66.0
2012-07-21,27.5,17.6,22.9,78.0,1012.8,6.0,33.0,86.0
2012-07-22,0.9,13.5,24.6,63.0,1017.6,6.2,31.0,50.0
2012-07-23,0.0,14.3,27.0,54.0,1020.0,8.1,35.0,77.0
2012-07-24,1.0,16.8,29.7,64.0,1017.0,6.5,22.0,81.0
2012-07-25,6.6,19.6,24.6,80.0,1014.1,3.0,242.0,65.0
2012-07-26,0.3,16.2,27.3,80.0,1015.7,3.7,239.0,31.0
2012-07-27,0.9,17.7,30.5,74.0,1015.1,3.7,207.0,16.0
2012-07-28,5.7,18.8,29.3,76.0,1012.0,4.2,312.0,35.0
2012-07-29,2.8,18.0,29.7,68.0,1010.2,4.0,331.0,38.0
2012-07-30,6.0,19.9,27.2,68.0,1014.9,4.6,9.0,67.0
2012-07-31,3.5,18.4,27.8,68.0,1016.8,4.6,6.0,48.0
2012-08-01,0.6,18.2,30.1,63.0,1016.4,4.1,308.0,27.0
2012-08-02,2.9,18.0,30.6,65.0,1014.6,4.2,304.0,44.0
2012-08-03,3.1,19.6,30.5,64.0,1013.9,3.7,27.0,35.0
2012-08-04,0.8,19.6,30.2,64.0,1013.8,4.0,19.0,46.0
2012-08-05,0.7,19.6,30.8,63.0,1012.5,4.9,53.0,38.0
2012-08-06,2.8,19.5,30.6,70.0,1013.5,5.1,247.0,34.0
2012-08-07,0.4,18.8,28.9,69.0,1017.5,4.6,20.0,37.0
2012-08-08,2.2,18.6,28.9,59.0,1019.2,4.7,30.0,36.0
2012-08-09,4.4,18.5,28.0,64.0,1019.6,4.4,350.0,66.0
2012-08-10,2.0,16.2,27.0,63.0,1019.6,3.4,348.0,43.0
2012-08-11,2.8,17.5,26.4,64.0,1017.0,3.9,317.0,31.0
2012-08-12,0.3,18.1,24.8,63.0,1015.5,3.4,150.0,79.0
2012-08-13,3.0,17.7,25.7,61.0,1013.7,3.3,2.0,59.0
2012-08-14,3.8,17.0,26.9,69.0,1013.8,3.5,216.0,57.0
2012-08-15,0.0,18.3,28.1,72.0,1014.3,4.0,208.0,47.0
2012-08-16,10.6,18.9,27.1,80.0,1014.5,3.7,6.0,65.0
2012-08-17,0.0,18.5,29.9,64.0,1018.3,4.5,28.0,28.0
2012-08-18,0.0,18.7,30.5,61.0,1020.4,4.2,255.0,21.0
2012-08-19,0.2,19.2,31.8,64.0,1022.0,4.1,243.0,21.0
2012-08-20,0.8,19.5,33.0,66.0,1020.8,4.5,288.0,40.0
2012-08-21,1.3,20.5,33.3,63.0,1017.9,3.0,257.0,56.0
2012-08-22,2.3,20.6,33.3,63.0,1016.4,3.9,243.0,26.0
2012-08-23,0.6,20.8,32.1,65.0,1015.6,4.3,339.0,63.0
2012-08-24,1.9,20.2,31.7,65.0,1012.6,5.1,298.0,42.0
2012-08-25,0.1,19.9,32.2,63.0,1011.2,5.8,66.0,44.0
2012-08-26,9.7,17.0,23.9,74.0,1010.9,5.2,34.0,63.0
2012-08-27,0.0,11.9,25.3,63.0,1019.8,5.1,274.0,8.0
2012-08-28,0.0,14.4,27.1,65.0,1020.6,4.7,204.0,21.0
2012-08-29,0.6,15.9,28.4,64.0,1019.4,3.0,353.0,57.0
2012-08-30,3.3,16.6,29.1,64.0,1017.2,4.2,321.0,88.0
2012-08-31,49.8,15.3,21.1,80.0,1012.3,5.6,7.0,94.0
2012-09-01,17.1,14.8,21.5,71.0,1015.1,7.4,17.0,89.0
2012-09-02,10.2,16.7,24.6,74.0,1019.7,5.8,23.0,96.0
2012-09-03,0.2,16.9,26.7,69.0,1017.2,6.2,9.0,99.0
2012-09-04,10.1,17.8,26.7,73.0,1016.5,6.1,4.0,83.0
2012-09-05,4.7,16.7,25.9,75.0,1015.3,5.3,1.0,73.0
2012-09-06,2.1,15.3,26.5,73.0,1017.9,4.1,328.0,35.0
2012-09-07,0.1,18.1,23.7,78.0,1022.5,3.6,90.0,43.0
2012-09-08,0.0,14.8,25.9,74.0,1020.6,3.8,329.0,13.0
2012-09-09,0.0,14.2,27.2,70.0,1018.4,4.6,27.0,8.0
2012-09-10,0.0,15.2,28.1,66.0,1017.7,3.8,2.0,56.0
2012-09-11,0.0,15.3,26.8,72.0,1016.8,3.7,325.0,56.0
2012-09-12,27.4,13.7,18.9,91.0,1009.2,5.1,31.0,99.0
2012-09-13,4.7,11.7,17.3,72.0,1006.6,4.6,3.0,92.0
2012-09-14,0.0,10.3,23.7,62.0,1009.8,5.0,342.0,57.0
2012-09-15,0.0,13.6,21.5,68.0,1013.4,4.2,242.0,28.0
2012-09-16,0.0,13.6,20.7,76.0,1017.1,3.8,113.0,62.0
2012-09-17,0.0,13.7,22.4,72.0,1016.0,3.8,37.0,64.0
2012-09-18,0.0,11.6,23.6,76.0,1015.0,4.1,200.0,51.0
2012-09-19,23.5,14.5,19.6,87.0,1012.1,2.9,68.0,94.0
2012-09-20,0.3,7.9,18.4,73.0,1020.6,4.7,255.0,41.0
2012-09-21,0.0,12.4,17.7,71.0,1022.6,3.4,154.0,80.0
2012-09-22,0.1,10.9,18.3,80.0,1017.4,3.5,137.0,62.0
2012-09-23,2.4,13.0,18.5,88.0,1018.3,3.2,30.0,84.0
2012-09-24,15.4,15.6,20.5,92.0,1009.0,2.7,35.0,99.0
2012-09-25,3.0,14.2,21.5,86.0,1009.5,4.4,43.0,61.0
2012-09-26,17.9,14.7,21.3,93.0,1010.5,3.7,48.0,94.0
2012-09-27,14.5,16.8,22.1,81.0,1010.6,5.0,180.0,88.0
2012-09-28,0.0,12.5,21.9,74.0,1018.4,4.4,33.0,65.0
2012-09-29,3.5,14.5,19.6,86.0,1017.7,3.6,348.0,95.0
2012-09-30,6.6,13.0,22.2,86.0,1017.3,4.5,31.0,92.0
2012-10-01,31.4,15.6,20.7,85.0,1016.7,4.7,45.0,96.0
2012-10-02,2.4,12.5,21.4,85.0,1016.6,3.3,342.0,71.0
2012-10-03,2.2,12.4,20.5,88.0,1018.2,3.4,342.0,62.0
2012-10-04,2.2,12.7,19.3,87.0,1016.9,4.6,276.0,89.0
2012-10-05,1.6,12.2,19.6,86.0,1019.5,4.2,29.0,91.0
2012-10-06,0.5,14.8,20.4,88.0,1019.7,3.6,138.0,83.0
2012-10-07,1.3,15.0,21.7,87.0,1014.5,3.8,49.0,74.0
2012-10-08,0.3,10.2,16.1,75.0,1018.0,4.2,8.0,76.0
2012-10-09,1.9,13.3,16.5,79.0,1012.4,2.7,137.0,97.0
2012-10-10,7.9,11.7,15.9,93.0,1011.4,2.4,111.0,93.0
2012-10-11,2.7,11.8,15.4,88.0,1012.2,3.3,25.0,100.0
2012-10-12,0.9,13.2,18.5,81.0,1010.6,2.9,42.0,82.0
2012-10-13,8.1,12.6,16.2,85.0,1013.2,3.8,20.0,98.0
2012-10-14,1.6,10.1,16.1,83.0,1008.8,2.6,78.0,76.0
2012-10-15,42.5,10.7,15.6,91.0,1004.5,5.1,27.0,99.0
2012-10-16,14.4,9.9,16.3,78.0,1009.8,4.1,356.0,67.0
2012-10-17,0.0,7.9,16.6,79.0,1021.4,3.7,34.0,81.0
2012-10-18,0.0,10.3,17.4,85.0,1022.8,3.3,182.0,81.0
2012-10-19,0.0,9.6,17.4,89.0,1022.8,2.9,201.0,76.0
2012-10-20,0.0,11.6,16.5,92.0,1021.4,2.3,165.0,70.0
2012-10-21,0.0,12.2,18.2,90.0,1019.0,2.2,239.0,54.0
2012-10-22,0.0,10.1,21.9,76.0,1018.7,2.8,353.0,1.0
2012-10-23,0.0,7.2,20.4,75.0,1019.8,3.1,346.0,0.0
2012-10-24,0.0,8.3,18.1,73.0,1017.3,2.6,344.0,7.0
2012-10-25,0.0,8.3,16.6,80.0,1013.7,3.3,25.0,17.0
2012-10-26,12.0,10.7,14.8,89.0,1008.0,3.6,35.0,96.0
2012-10-27,24.3,12.1,15.3,91.0,989.8,3.7,48.0,100.0
2012-10-28,13.1,4.8,11.9,70.0,998.0,7.7,23.0,91.0
2012-10-29,0.6,2.8,10.3,65.0,1008.9,4.1,348.0,75.0
2012-10-30,0.0,3.0,9.1,72.0,1012.7,2.9,56.0,79.0
2012-10-31,11.6,5.1,11.7,76.0,1009.2,6.5,21.0,92.0
2012-11-01,34.1,8.2,11.1,89.0,995.5,5.4,22.0,96.0
2012-11-02,0.8,7.4,13.9,87.0,1006.6,3.3,51.0,75.0
2012-11-03,2.1,7.9,13.4,89.0,1014.3,2.9,37.0,89.0
2012-11-04,12.3,10.1,12.4,92.0,1010.5,3.7,20.0,100.0
2012-11-05,34.8,9.2,16.2,90.0,999.7,3.3,6.0,71.0
2012-11-06,0.7,4.0,13.4,80.0,1012.9,4.5,347.0,48.0
2012-11-07,0.0,1.4,12.8,76.0,1024.5,4.3,323.0,7.0
2012-11-08,0.0,5.0,12.4,80.0,1025.3,3.2,33.0,62.0
2012-11-09,0.0,6.8,13.0,86.0,1019.8,3.0,45.0,65.0
2012-11-10,6.3,7.0,11.4,83.0,1017.9,4.0,24.0,98.0
2012-11-11,100.5,10.4,15.2,94.0,1012.7,7.3,71.0,100.0
2012-11-12,5.7,10.3,14.9,94.0,1020.4,4.2,11.0,99.0
2012-11-13,0.7,10.1,15.4,86.0,1026.9,4.1,16.0,78.0
2012-11-14,0.0,6.5,14.0,78.0,1027.8,3.9,20.0,33.0
2012-11-15,0.0,3.4,11.8,74.0,1023.6,2.2,345.0,5.0
2012-11-16,0.0,2.3,11.7,72.0,1022.0,2.9,356.0,2.0
2012-11-17,0.0,0.9,11.0,79.0,1019.3,2.6,326.0,3.0
2012-11-18,0.0,1.8,10.2,82.0,1016.2,2.9,340.0,97.0
2012-11-19,1.3,5.6,13.2,83.0,1015.8,5.9,349.0,96.0
2012-11-20,0.0,4.2,13.4,84.0,1017.5,3.8,342.0,77.0
2012-11-21,0.0,2.8,14.1,82.0,1019.6,3.6,338.0,10.0
2012-11-22,0.8,4.3,13.4,78.0,1022.5,3.4,1.0,86.0
2012-11-23,0.1,9.2,13.4,79.0,1022.8,2.8,356.0,86.0
2012-11-24,1.1,8.8,12.4,90.0,1023.9,2.7,26.0,96.0
2012-11-25,2.9,8.4,11.2,96.0,1021.7,1.8,102.0,96.0
2012-11-26,2.6,8.8,11.4,93.0,1018.4,2.1,123.0,96.0
2012-11-27,16.4,7.6,11.9,96.0,1011.0,3.2,48.0,97.0
2012-11-28,75.2,9.7,12.4,92.0,998.3,8.3,26.0,100.0
2012-11-29,14.7,5.9,11.1,91.0,992.0,4.5,23.0,91.0
2012-11-30,0.6,2.1,8.8,73.0,1000.6,5.4,17.0,80.0
2012-12-01,0.6,5.0,8.2,69.0,1010.9,4.6,42.0,76.0
2012-12-02,2.3,1.3,6.1,82.0,1009.3,3.6,349.0,79.0
2012-12-03,0.0,-3.8,8.3,72.0,1012.8,5.0,334.0,30.0
2012-12-04,0.0,-0.6,5.2,70.0,1006.1,4.5,17.0,78.0
2012-12-05,0.0,-2.3,5.5,81.0,1003.0,3.7,346.0,91.0
2012-12-06,0.0,-3.9,7.0,75.0,1009.7,5.0,337.0,33.0
2012-12-07,2.5,-2.2,3.8,58.0,1012.8,5.6,28.0,71.0
2012-12-08,1.8,-1.9,3.2,76.0,1007.9,4.2,330.0,96.0
2012-12-09,0.0,-5.2,5.2,64.0,1018.7,5.5,335.0,5.0
2012-12-10,0.0,-2.5,4.5,69.0,1010.0,3.9,21.0,41.0
2012-12-11,0.0,-3.7,7.4,58.0,1012.9,6.2,341.0,12.0
2012-12-12,0.5,-3.5,5.3,63.0,1021.0,4.4,358.0,21.0
2012-12-13,0.0,-0.9,2.8,66.0,1023.0,3.3,50.0,82.0
2012-12-14,3.9,0.1,4.1,82.0,1020.1,1.8,66.0,100.0
2012-12-15,16.5,2.6,6.7,91.0,1013.0,2.3,18.0,77.0
2012-12-16,0.0,0.6,7.6,92.0,1014.3,2.7,334.0,64.0
2012-12-17,0.0,-0.2,7.8,90.0,1011.4,3.3,332.0,87.0
2012-12-18,0.0,-1.9,9.4,84.0,1011.5,3.6,332.0,54.0
2012-12-19,0.2,-2.6,8.3,78.0,1019.7,4.6,340.0,5.0
2012-12-20,0.4,-2.1,6.6,80.0,1020.8,2.7,342.0,79.0
2012-12-21,0.8,1.7,4.4,90.0,1014.3,2.3,47.0,94.0
2012-12-22,0.0,0.4,7.4,88.0,1019.2,2.6,328.0,62.0
2012-12-23,0.3,2.5,5.6,90.0,1019.0,2.5,117.0,96.0
2012-12-24,0.0,1.6,6.8,88.0,1022.1,2.7,119.0,83.0
2012-12-25,0.5,3.0,5.7,96.0,1020.6,2.0,139.0,98.0
2012-12-26,5.1,1.7,7.2,95.0,1015.9,2.5,347.0,93.0
2012-12-27,1.2,0.9,7.8,94.0,1018.4,3.3,324.0,92.0
2012-12-28,0.3,-0.1,10.0,88.0,1020.3,4.3,330.0,37.0
2012-12-29,0.0,-0.1,9.4,77.0,1028.0,2.9,337.0,30.0
2012-12-30,0.0,-0.5,7.6,74.0,1023.6,2.6,344.0,0.0
2012-12-31,0.0,-2.0,10.4,78.0,1025.6,3.9,339.0,22.0
2013-01-01,0.0,-1.2,6.0,82.0,1018.5,2.8,13.0,51.0
2013-01-02,4.6,1.1,6.6,88.0,1021.8,4.8,359.0,98.0
2013-01-03,0.0,-1.6,9.1,85.0,1032.7,3.0,309.0,38.0
2013-01-04,0.0,0.6,9.8,84.0,1029.1,3.1,326.0,55.0
2013-01-05,0.0,-0.8,12.9,85.0,1021.1,4.5,332.0,26.0
2013-01-06,0.0,0.3,11.5,87.0,1020.7,3.3,331.0,22.0
2013-01-07,0.0,-0.8,11.7,83.0,1021.1,3.5,346.0,21.0
2013-01-08,0.0,4.1,7.7,92.0,1025.4,2.1,163.0,83.0
2013-01-09,0.0,4.0,7.8,92.0,1022.2,3.0,211.0,91.0
2013-01-10,0.0,3.1,5.5,94.0,1013.9,2.2,171.0,99.0
2013-01-11,0.0,1.8,7.6,90.0,1009.3,2.6,47.0,60.0
2013-01-12,6.2,0.9,3.8,87.0,1016.1,3.2,37.0,77.0
2013-01-13,1.0,1.1,5.7,85.0,1013.5,4.9,58.0,98.0
2013-01-14,13.4,1.2,4.6,87.0,1009.1,5.1,30.0,97.0
2013-01-15,6.0,0.3,5.0,86.0,1008.5,5.3,29.0,89.0
2013-01-16,12.1,-0.4,4.7,84.0,999.6,7.9,356.0,98.0
2013-01-17,7.3,-3.4,2.4,77.0,1000.2,7.2,350.0,93.0
2013-01-18,0.0,-3.6,5.7,63.0,1001.5,5.9,336.0,59.0
2013-01-19,1.3,0.3,4.2,71.0,1001.7,3.4,51.0,90.0
2013-01-20,12.5,0.8,7.1,86.0,999.1,3.7,1.0,99.0
2013-01-21,5.7,5.4,8.7,90.0,995.3,3.0,19.0,92.0
2013-01-22,18.5,2.9,6.6,90.0,1000.6,4.3,22.0,94.0
2013-01-23,0.0,-3.0,6.3,88.0,1007.7,3.4,9.0,66.0
2013-01-24,0.0,-2.3,8.1,83.0,1002.2,5.4,341.0,97.0
2013-01-25,0.0,-2.9,6.5,71.0,1007.4,4.0,336.0,27.0
2013-01-26,0.0,-3.4,4.3,72.0,1011.9,2.5,296.0,15.0
2013-01-27,0.0,-3.7,5.7,77.0,1014.5,2.3,207.0,76.0
2013-01-28,4.4,-1.1,3.6,93.0,1015.5,2.3,8.0,88.0
2013-01-29,0.0,-4.5,7.3,88.0,1022.5,2.7,257.0,67.0
2013-01-30,0.0,0.4,6.1,91.0,1020.0,2.5,166.0,83.0
2013-01-31,0.0,0.8,8.2,87.0,1019.5,2.7,198.0,41.0
2013-02-01,0.0,1.4,7.1,89.0,1012.2,2.7,116.0,84.0
2013-02-02,16.1,2.6,6.7,89.0,994.3,4.7,28.0,100.0
2013-02-03,0.8,0.5,9.1,60.0,1008.3,5.2,340.0,54.0
2013-02-04,0.0,-1.5,7.8,68.0,1016.4,4.1,28.0,45.0
2013-02-05,0.1,0.3,7.2,81.0,1012.3,3.8,65.0,89.0
2013-02-06,3.7,0.8,6.9,80.0,999.1,4.6,12.0,93.0
2013-02-07,0.5,-1.4,7.4,74.0,1003.5,2.9,340.0,93.0
2013-02-08,0.0,-3.4,6.8,58.0,1009.3,4.1,337.0,57.0
2013-02-09,0.8,-2.7,4.2,69.0,1013.2,3.2,301.0,86.0
2013-02-10,0.1,-2.5,4.1,63.0,1014.4,4.0,243.0,48.0
2013-02-11,13.9,-2.6,2.5,80.0,1009.3,6.1,38.0,94.0
2013-02-12,16.5,-1.6,4.7,82.0,1003.8,6.1,25.0,83.0
2013-02-13,0.0,-4.8,7.1,67.0,1011.4,4.7,346.0,64.0
2013-02-14,0.0,-1.0,6.8,64.0,1017.2,4.5,326.0,69.0
2013-02-15,0.0,1.1,7.3,74.0,1016.5,2.8,12.0,82.0
2013-02-16,0.2,-1.6,8.6,76.0,1020.4,2.9,340.0,42.0
2013-02-17,1.7,-2.4,6.9,77.0,1020.7,4.6,10.0,68.0
2013-02-18,0.0,0.5,6.4,68.0,1019.0,4.4,18.0,33.0
2013-02-19,0.0,1.7,6.7,72.0,1015.9,3.5,202.0,63.0
2013-02-20,5.0,1.6,5.1,87.0,1013.9,3.8,68.0,79.0
2013-02-21,3.3,-0.1,4.0,75.0,1013.6,6.6,76.0,99.0
2013-02-22,0.2,-0.8,4.3,63.0,1006.4,5.9,83.0,88.0
2013-02-23,3.6,-0.1,5.3,70.0,1003.4,4.9,57.0,82.0
2013-02-24,15.7,1.8,6.2,85.0,1005.5,6.9,40.0,92.0
2013-02-25,4.0,-2.3,8.1,80.0,1017.0,6.1,20.0,46.0
2013-02-26,0.0,-4.5,10.1,68.0,1019.7,4.5,338.0,54.0
2013-02-27,2.5,3.0,9.8,85.0,1021.9,3.1,349.0,92.0
2013-02-28,0.0,4.9,11.1,81.0,1024.2,3.2,37.0,67.0
2013-03-01,0.0,4.3,9.9,86.0,1019.8,3.1,205.0,64.0
2013-03-02,0.0,-0.2,10.6,81.0,1018.7,3.5,20.0,42.0
2013-03-03,0.0,1.2,12.3,75.0,1018.0,2.6,273.0,6.0
2013-03-04,0.0,-0.6,12.6,71.0,1020.7,3.5,39.0,1.0
2013-03-05,0.0,-0.8,11.6,71.0,1022.7,4.4,27.0,63.0
2013-03-06,15.7,4.6,8.7,86.0,1014.8,4.6,26.0,100.0
2013-03-07,5.1,7.3,12.3,91.0,1006.4,3.8,79.0,100.0
2013-03-08,3.6,8.2,11.9,95.0,1004.8,2.7,202.0,100.0
2013-03-09,10.4,8.0,11.6,96.0,1003.2,2.1,3.0,100.0
2013-03-10,11.8,6.1,13.4,89.0,1000.9,3.9,33.0,87.0
2013-03-11,2.1,4.4,13.0,84.0,999.8,3.6,16.0,81.0
2013-03-12,1.3,3.7,12.2,84.0,998.7,3.4,69.0,94.0
2013-03-13,6.0,5.1,10.2,92.0,996.8,3.5,46.0,99.0
2013-03-14,2.1,2.3,9.6,61.0,993.9,7.3,351.0,99.0
2013-03-15,0.0,-0.8,7.7,34.0,1004.9,5.7,354.0,65.0
2013-03-16,1.7,0.5,5.0,60.0,1019.0,5.0,208.0,72.0
2013-03-17,3.1,0.1,7.0,78.0,1016.6,3.8,154.0,93.0
2013-03-18,42.1,3.1,6.0,90.0,998.8,7.3,31.0,100.0
2013-03-19,1.5,1.7,11.5,84.0,999.4,4.0,80.0,73.0
2013-03-20,3.2,1.1,11.4,81.0,1007.5,4.0,6.0,94.0
2013-03-21,3.8,4.0,15.1,68.0,1009.3,4.9,298.0,44.0
2013-03-22,0.1,1.0,13.3,66.0,1012.5,5.1,196.0,23.0
2013-03-23,1.8,2.0,10.2,76.0,1013.0,4.5,78.0,90.0
2013-03-24,13.9,4.2,6.5,88.0,1011.0,5.9,60.0,100.0
2013-03-25,14.3,1.5,7.0,86.0,1003.2,4.9,83.0,100.0
2013-03-26,3.2,0.5,6.6,81.0,1003.2,3.7,189.0,99.0
2013-03-27,0.1,-2.0,6.9,76.0,1008.3,3.0,150.0,91.0
2013-03-28,5.0,2.4,6.5,79.0,1013.1,3.6,60.0,88.0
2013-03-29,6.4,4.8,9.5,85.0,1006.9,3.5,150.0,95.0
2013-03-30,19.0,5.9,9.8,88.0,1001.7,4.9,21.0,98.0
2013-03-31,23.6,5.4,10.0,85.0,997.6,4.4,15.0,98.0
2013-04-01,1.6,1.6,10.1,76.0,1006.3,4.1,75.0,93.0
2013-04-02,0.2,5.2,13.7,68.0,1002.9,6.0,57.0,94.0
2013-04-03,3.2,4.2,11.1,83.0,1005.2,3.4,203.0,98.0
2013-04-04,3.6,5.5,10.7,87.0,1008.9,3.3,134.0,98.0
2013-04-05,9.1,6.7,12.2,83.0,1002.6,5.1,13.0,99.0
2013-04-06,1.9,6.0,13.0,82.0,1009.8,3.4,103.0,94.0
2013-04-07,1.4,5.4,12.1,76.0,1012.7,4.0,171.0,82.0
2013-04-08,0.7,5.3,9.1,76.0,1011.2,4.2,194.0,99.0
2013-04-09,1.7,4.9,10.3,84.0,1009.0,4.6,182.0,97.0
2013-04-10,0.4,6.3,13.3,85.0,1011.3,3.6,158.0,83.0
2013-04-11,3.5,7.2,12.4,87.0,1014.5,3.8,174.0,96.0
2013-04-12,8.4,8.5,13.3,94.0,1010.0,3.7,145.0,98.0
2013-04-13,0.0,6.3,17.6,75.0,1018.0,3.9,26.0,36.0
2013-04-14,0.0,6.0,18.9,75.0,1026.7,3.9,229.0,40.0
2013-04-15,0.0,6.7,18.9,81.0,1023.6,3.4,140.0,49.0
2013-04-16,0.2,8.6,20.0,74.0,1022.5,4.5,193.0,70.0
2013-04-17,0.0,8.1,21.8,74.0,1023.3,3.4,237.0,72.0
2013-04-18,0.0,8.3,22.5,77.0,1020.0,4.0,204.0,29.0
2013-04-19,5.1,9.7,22.4,77.0,1015.9,3.9,67.0,64.0
2013-04-20,7.8,12.5,18.2,75.0,1016.6,5.7,24.0,98.0
2013-04-21,3.9,11.1,19.8,69.0,1015.9,6.9,32.0,70.0
2013-04-22,8.5,7.8,16.1,81.0,1014.3,4.9,21.0,79.0
2013-04-23,3.9,6.5,16.4,87.0,1021.8,3.1,94.0,66.0
2013-04-24,0.0,6.7,19.0,78.0,1028.5,4.8,212.0,35.0
2013-04-25,0.0,7.2,21.4,76.0,1025.9,4.1,189.0,5.0
2013-04-26,0.3,9.1,20.0,76.0,1017.8,4.7,178.0,58.0
2013-04-27,36.9,12.2,16.4,90.0,1008.4,4.4,129.0,99.0
2013-04-28,12.0,12.7,19.0,89.0,1012.3,4.2,117.0,83.0
2013-04-29,5.5,12.6,18.9,85.0,1019.1,4.1,75.0,95.0
2013-04-30,0.0,9.9,22.2,76.0,1019.5,3.8,354.0,83.0
2013-05-01,1.4,11.5,25.1,73.0,1019.0,3.5,45.0,65.0
2013-05-02,12.2,15.1,20.5,84.0,1015.8,3.6,59.0,95.0
2013-05-03,3.7,11.7,20.2,88.0,1013.4,4.3,210.0,87.0
2013-05-04,1.2,11.0,20.8,80.0,1015.2,4.3,354.0,51.0
2013-05-05,11.6,10.5,21.7,77.0,1017.7,6.6,42.0,94.0
2013-05-06,8.7,14.3,19.6,81.0,1016.4,5.4,24.0,96.0
2013-05-07,2.8,12.2,20.3,84.0,1014.0,3.1,63.0,79.0
2013-05-08,3.0,11.4,21.0,80.0,1014.9,3.9,8.0,42.0
2013-05-09,0.0,10.3,23.9,70.0,1015.2,4.5,344.0,61.0
2013-05-10,21.5,12.5,19.1,87.0,1012.4,3.4,46.0,95.0
2013-05-11,9.6,13.3,16.5,79.0,1011.2,4.9,14.0,94.0
2013-05-12,1.7,10.2,19.1,70.0,1012.0,4.7,302.0,75.0
2013-05-13,0.0,8.2,18.4,63.0,1015.9,5.5,231.0,39.0
2013-05-14,0.4,9.5,19.7,71.0,1014.3,5.0,167.0,23.0
2013-05-15,0.0,8.8,20.6,71.0,1009.1,5.0,88.0,54.0
2013-05-16,83.1,13.3,15.3,85.0,1003.7,7.8,54.0,100.0
2013-05-17,54.0,12.9,16.0,92.0,1003.1,6.1,69.0,96.0
2013-05-18,0.0,8.4,18.8,78.0,1013.4,4.8,188.0,71.0
2013-05-19,8.3,12.7,17.6,75.0,1011.6,5.7,39.0,70.0
2013-05-20,6.5,9.5,17.9,78.0,1014.8,4.8,166.0,63.0
2013-05-21,3.4,8.1,17.1,79.0,1014.3,5.3,186.0,61.0
2013-05-22,1.8,6.8,18.8,77.0,1007.4,4.0,12.0,58.0
2013-05-23,8.9,9.1,18.8,75.0,1002.4,4.9,2.0,87.0
2013-05-24,45.2,8.8,12.3,84.0,1005.3,9.8,24.0,98.0
2013-05-25,8.1,7.8,14.1,78.0,1008.0,5.6,49.0,95.0
2013-05-26,0.0,6.4,17.1,74.0,1009.7,5.6,244.0,78.0
2013-05-27,0.4,7.2,18.0,77.0,1010.4,4.3,148.0,80.0
2013-05-28,3.1,10.9,17.3,80.0,1008.4,5.0,156.0,80.0
2013-05-29,10.8,11.4,17.9,84.0,1002.8,4.5,77.0,78.0
2013-05-30,10.7,8.7,12.9,87.0,1003.3,3.2,231.0,99.0
2013-05-31,11.7,10.0,13.2,92.0,1001.7,3.0,196.0,100.0
2013-06-01,4.6,8.8,18.5,83.0,1005.1,3.9,217.0,76.0
2013-06-02,5.2,11.9,20.2,86.0,1009.2,2.7,178.0,99.0
2013-06-03,0.6,9.9,20.9,71.0,1014.6,4.8,275.0,79.0
2013-06-04,2.3,12.4,21.6,72.0,1014.5,4.4,318.0,64.0
2013-06-05,5.7,11.3,21.5,78.0,1016.0,3.8,241.0,49.0
2013-06-06,2.5,11.2,22.0,80.0,1018.1,3.5,277.0,54.0
2013-06-07,1.9,11.3,23.3,76.0,1017.7,3.8,315.0,36.0
2013-06-08,2.0,12.3,24.5,73.0,1015.4,3.8,268.0,59.0
2013-06-09,18.1,14.0,23.0,84.0,1012.2,4.4,194.0,76.0
2013-06-10,5.5,14.0,19.7,78.0,1009.5,3.8,207.0,76.0
2013-06-11,4.0,11.7,21.9,81.0,1012.1,3.8,335.0,60.0
2013-06-12,1.3,12.3,23.7,74.0,1017.3,4.2,312.0,24.0
2013-06-13,0.0,12.6,24.7,71.0,1019.1,4.7,224.0,8.0
2013-06-14,0.0,13.2,26.0,73.0,1016.5,3.4,70.0,25.0
2013-06-15,0.0,15.1,26.3,69.0,1015.7,4.3,175.0,35.0
2013-06-16,2.1,16.3,26.2,76.0,1016.8,4.1,90.0,56.0
2013-06-17,0.7,17.1,28.2,80.0,1017.1,4.5,212.0,20.0
2013-06-18,0.2,18.4,29.9,78.0,1016.8,4.1,290.0,18.0
2013-06-19,0.0,18.7,30.4,75.0,1016.6,4.0,209.0,16.0
2013-06-20,0.4,18.1,29.3,79.0,1015.3,4.9,205.0,21.0
2013-06-21,1.3,18.5,27.0,68.0,1014.4,4.8,214.0,19.0
2013-06-22,0.9,15.5,26.1,71.0,1014.7,3.6,338.0,36.0
2013-06-23,3.9,16.0,25.9,76.0,1013.0,4.4,43.0,34.0
2013-06-24,34.7,15.8,19.3,72.0,1012.6,7.2,355.0,88.0
2013-06-25,2.1,13.9,23.3,64.0,1016.1,4.1,329.0,69.0
2013-06-26,3.0,11.5,20.4,72.0,1020.7,5.0,318.0,57.0
2013-06-27,1.5,10.9,19.4,70.0,1021.7,3.9,359.0,74.0
2013-06-28,3.4,12.7,19.6,68.0,1019.5,4.2,359.0,75.0
2013-06-29,0.0,9.4,21.8,66.0,1017.9,5.5,262.0,59.0
2013-06-30,0.1,10.8,23.4,68.0,1018.0,4.7,270.0,24.0
2013-07-01,2.0,15.1,23.2,73.0,1019.4,4.5,162.0,47.0
2013-07-02,1.1,14.8,24.8,77.0,1018.2,4.3,217.0,47.0
2013-07-03,4.2,16.4,25.0,78.0,1015.6,4.3,213.0,91.0
2013-07-04,1.7,15.8,28.3,66.0,1016.7,4.8,9.0,45.0
2013-07-05,5.7,16.4,28.0,69.0,1021.6,3.9,316.0,38.0
2013-07-06,1.8,17.7,28.2,69.0,1022.5,3.7,327.0,35.0
2013-07-07,3.0,17.6,28.6,67.0,1023.0,5.4,36.0,65.0
2013-07-08,0.6,17.4,28.3,66.0,1023.1,4.0,360.0,63.0
2013-07-09,2.0,17.3,28.5,68.0,1020.1,4.3,357.0,48.0
2013-07-10,3.9,17.5,26.7,72.0,1014.6,3.1,317.0,93.0
2013-07-11,8.2,16.9,28.1,69.0,1011.9,3.5,332.0,76.0
2013-07-12,5.0,18.2,24.9,74.0,1016.1,4.8,125.0,65.0
2013-07-13,3.6,17.6,25.2,76.0,1017.0,3.6,354.0,61.0
2013-07-14,0.0,15.5,26.4,67.0,1018.1,4.1,322.0,25.0
2013-07-15,0.4,16.5,26.9,73.0,1018.2,3.6,277.0,45.0
2013-07-16,0.3,17.7,25.9,73.0,1020.8,4.5,188.0,32.0
2013-07-17,1.6,18.4,26.2,74.0,1020.9,4.0,205.0,51.0
2013-07-18,1.5,16.5,28.0,64.0,1019.5,4.5,67.0,36.0
2013-07-19,0.0,16.2,28.6,64.0,1017.8,4.5,339.0,31.0
2013-07-20,0.2,16.6,30.0,63.0,1016.1,4.6,336.0,16.0
2013-07-21,3.3,19.5,28.7,69.0,1017.8,3.7,11.0,60.0
2013-07-22,0.7,17.8,29.0,67.0,1017.2,4.3,266.0,27.0
2013-07-23,3.2,17.9,29.1,72.0,1014.3,3.6,285.0,62.0
2013-07-24,5.6,18.5,29.4,76.0,1014.8,3.6,298.0,50.0
2013-07-25,0.2,18.4,29.8,71.0,1016.2,4.3,290.0,29.0
2013-07-26,3.7,18.4,30.9,71.0,1016.1,4.2,245.0,34.0
2013-07-27,1.1,20.7,32.0,71.0,1014.0,4.4,237.0,33.0
2013-07-28,1.1,20.9,32.1,74.0,1014.8,4.5,218.0,27.0
2013-07-29,14.3,19.3,30.5,78.0,1015.3,4.9,189.0,60.0
2013-07-30,0.0,15.8,27.8,69.0,1017.1,4.6,290.0,14.0
2013-07-31,0.0,17.4,28.3,66.0,1018.7,5.1,260.0,20.0
2013-08-01,0.0,18.1,29.8,66.0,1018.8,4.8,246.0,19.0
2013-08-02,0.0,17.5,32.4,66.0,1017.9,4.6,234.0,4.0
2013-08-03,0.1,18.0,32.9,68.0,1017.1,3.8,168.0,2.0
2013-08-04,0.8,19.6,33.9,63.0,1017.7,4.4,268.0,9.0
2013-08-05,0.3,20.3,33.8,61.0,1017.0,4.6,3.0,12.0
2013-08-06,0.0,19.8,33.9,60.0,1015.2,4.9,277.0,16.0
2013-08-07,1.5,20.7,33.7,62.0,1013.6,4.9,345.0,63.0
2013-08-08,1.5,21.0,33.7,58.0,1014.3,6.0,337.0,50.0
2013-08-09,2.4,21.2,32.1,54.0,1013.2,5.1,333.0,91.0
2013-08-10,0.5,19.6,28.4,52.0,1015.1,5.9,357.0,55.0
2013-08-11,0.1,18.6,27.2,61.0,1016.8,4.2,297.0,30.0
2013-08-12,0.0,16.7,29.3,56.0,1016.1,4.3,270.0,17.0
2013-08-13,6.3,17.1,28.2,64.0,1014.4,4.5,320.0,36.0
2013-08-14,16.2,18.1,20.9,78.0,1017.8,6.6,47.0,87.0
2013-08-15,0.0,13.9,25.7,62.0,1020.8,5.3,33.0,27.0
2013-08-16,0.0,14.0,26.4,63.0,1019.9,4.7,5.0,15.0
2013-08-17,0.2,14.7,28.3,65.0,1017.3,4.1,322.0,13.0
2013-08-18,0.0,15.3,29.3,63.0,1017.0,4.2,261.0,15.0
2013-08-19,9.2,15.9,27.6,72.0,1015.9,4.6,297.0,52.0
2013-08-20,2.1,16.4,22.7,68.0,1019.1,5.7,21.0,85.0
2013-08-21,0.0,14.7,26.3,59.0,1020.6,4.5,4.0,32.0
2013-08-22,0.0,15.6,26.0,63.0,1018.0,4.4,51.0,30.0
2013-08-23,4.6,15.3,26.3,68.0,1016.0,3.9,344.0,79.0
2013-08-24,4.4,14.4,25.9,76.0,1013.4,4.6,304.0,58.0
2013-08-25,34.5,17.3,21.7,87.0,1008.8,4.7,40.0,91.0
2013-08-26,5.7,16.5,20.6,81.0,1010.7,4.1,33.0,80.0
2013-08-27,2.5,13.9,22.1,77.0,1011.6,3.8,47.0,58.0
2013-08-28,2.0,14.0,22.9,79.0,1012.4,3.7,321.0,71.0
2013-08-29,0.8,13.0,23.4,77.0,1019.0,3.6,338.0,34.0
2013-08-30,0.3,14.4,22.9,74.0,1020.1,3.3,357.0,49.0
2013-08-31,0.0,14.8,24.2,71.0,1019.8,3.4,308.0,48.0
2013-09-01,4.5,14.1,24.3,75.0,1019.9,3.6,354.0,74.0
2013-09-02,0.1,15.7,23.2,70.0,1022.1,4.3,305.0,51.0
2013-09-03,0.0,13.7,25.6,76.0,1023.1,3.7,214.0,11.0
2013-09-04,0.0,16.2,25.3,78.0,1023.3,3.8,141.0,26.0
2013-09-05,1.0,16.2,25.2,78.0,1018.2,3.9,94.0,50.0
2013-09-06,0.0,15.8,26.1,76.0,1014.9,3.7,147.0,33.0
2013-09-07,0.1,16.3,26.2,78.0,1017.5,3.8,186.0,36.0
2013-09-08,4.3,17.5,24.9,85.0,1019.4,3.3,54.0,86.0
2013-09-09,20.8,17.4,23.8,87.0,1015.6,3.3,60.0,76.0
2013-09-10,10.5,17.2,21.5,77.0,1014.9,4.7,54.0,95.0
2013-09-11,5.6,12.9,17.8,75.0,1013.3,5.9,53.0,72.0
2013-09-12,1.5,10.0,19.9,73.0,1014.0,3.3,308.0,57.0
2013-09-13,3.2,9.6,20.5,77.0,1017.5,3.8,312.0,40.0
2013-09-14,0.0,10.5,20.9,79.0,1017.6,4.4,276.0,55.0
2013-09-15,5.7,14.4,20.7,84.0,1013.4,3.9,46.0,98.0
2013-09-16,1.7,10.5,21.6,82.0,1006.0,4.3,222.0,61.0
2013-09-17,6.2,12.8,19.4,72.0,1001.9,4.3,70.0,59.0
2013-09-18,0.3,11.1,16.7,80.0,1005.8,3.7,86.0,85.0
2013-09-19,0.4,12.5,21.2,75.0,1007.2,3.9,41.0,42.0
2013-09-20,0.6,14.0,20.4,77.0,1015.5,4.7,96.0,59.0
2013-09-21,0.1,14.3,21.8,78.0,1021.0,3.6,35.0,62.0
2013-09-22,0.0,13.1,20.6,78.0,1025.2,4.0,245.0,77.0
2013-09-23,0.0,12.3,22.3,81.0,1021.0,3.5,207.0,20.0
2013-09-24,0.0,12.8,21.6,86.0,1016.0,3.2,176.0,40.0
2013-09-25,4.5,16.0,21.7,90.0,1014.1,3.4,130.0,80.0
2013-09-26,0.5,14.4,21.9,86.0,1014.0,4.1,148.0,76.0
2013-09-27,4.7,17.1,21.3,88.0,1014.5,3.2,112.0,87.0
2013-09-28,6.1,17.2,18.9,95.0,1013.0,2.8,115.0,96.0
2013-09-29,13.6,14.3,20.1,94.0,1008.7,4.6,67.0,100.0
2013-09-30,3.3,12.6,15.4,81.0,1005.3,3.9,110.0,99.0
2013-10-01,0.5,11.7,17.9,75.0,1008.9,3.7,212.0,80.0
2013-10-02,1.2,13.2,17.4,71.0,1016.7,4.7,100.0,76.0
2013-10-03,0.0,10.0,14.8,67.0,1026.0,3.5,124.0,87.0
2013-10-04,0.0,8.3,14.1,65.0,1027.5,3.2,128.0,91.0
2013-10-05,0.4,9.2,11.9,77.0,1022.9,3.2,66.0,96.0
2013-10-06,4.2,12.1,17.1,85.0,1021.5,4.2,31.0,85.0
2013-10-07,4.4,13.4,19.2,85.0,1022.8,5.2,40.0,97.0
2013-10-08,2.0,12.7,20.0,78.0,1022.9,4.1,37.0,99.0
2013-10-09,1.3,13.2,18.0,81.0,1019.1,2.6,331.0,69.0
2013-10-10,22.2,12.0,16.4,93.0,1009.8,3.9,112.0,93.0
2013-10-11,16.7,9.9,14.4,79.0,1010.7,4.9,117.0,53.0
2013-10-12,8.6,8.1,14.6,82.0,1018.7,5.1,18.0,73.0
2013-10-13,0.0,6.6,16.7,77.0,1021.9,4.2,342.0,59.0
2013-10-14,0.0,10.4,16.2,84.0,1021.7,3.8,0.0,92.0
2013-10-15,1.9,10.9,15.3,91.0,1016.6,3.2,129.0,81.0
2013-10-16,0.8,12.0,19.1,81.0,1008.8,3.0,343.0,44.0
2013-10-17,0.0,6.5,18.2,69.0,1015.2,4.0,332.0,14.0
2013-10-18,0.0,7.2,18.3,83.0,1017.6,3.0,245.0,42.0
2013-10-19,0.0,9.1,17.2,81.0,1022.3,3.2,88.0,83.0
2013-10-20,2.9,11.4,17.1,87.0,1024.2,3.1,162.0,91.0
2013-10-21,0.3,13.8,18.1,87.0,1023.0,3.2,241.0,76.0
2013-10-22,0.4,13.3,18.6,90.0,1021.8,3.0,211.0,86.0
2013-10-23,6.8,13.8,18.5,94.0,1019.6,3.4,157.0,100.0
2013-10-24,22.0,15.2,17.2,96.0,1020.7,3.8,30.0,95.0
2013-10-25,0.0,14.5,18.8,89.0,1022.3,3.5,228.0,89.0
2013-10-26,2.6,14.6,18.0,92.0,1022.7,2.1,174.0,83.0
2013-10-27,4.6,13.9,17.2,95.0,1020.2,3.8,197.0,96.0
2013-10-28,6.1,14.6,18.3,94.0,1016.7,3.6,184.0,89.0
2013-10-29,10.7,14.4,18.5,93.0,1015.1,3.1,7.0,94.0
2013-10-30,10.4,13.3,18.2,88.0,1018.1,3.9,41.0,93.0
2013-10-31,0.0,10.5,17.6,69.0,1023.9,4.6,34.0,45.0
2013-11-01,0.4,7.1,16.0,81.0,1022.3,3.2,265.0,54.0
2013-11-02,1.9,10.8,15.2,91.0,1016.7,2.6,190.0,99.0
2013-11-03,9.6,10.6,15.0,94.0,1009.5,3.2,51.0,89.0
2013-11-04,8.0,9.0,11.6,83.0,1005.4,4.0,24.0,98.0
2013-11-05,4.9,9.2,15.6,81.0,997.6,3.2,342.0,72.0
2013-11-06,0.0,10.4,15.2,80.0,1005.1,2.9,74.0,78.0
2013-11-07,0.1,7.7,15.7,85.0,1015.3,3.1,36.0,37.0
2013-11-08,4.9,11.8,14.6,90.0,1017.2,2.8,56.0,93.0
2013-11-09,28.5,10.9,15.8,93.0,1011.4,4.1,64.0,97.0
2013-11-10,2.9,8.2,12.0,78.0,1006.6,5.4,27.0,87.0
2013-11-11,0.0,6.8,13.0,49.0,1011.5,9.9,350.0,76.0
2013-11-12,0.0,5.9,17.1,65.0,1020.8,5.4,0.0,31.0
2013-11-13,0.0,6.4,15.6,80.0,1020.0,3.6,340.0,55.0
2013-11-14,4.2,8.3,12.8,81.0,1018.4,2.8,114.0,92.0
2013-11-15,35.9,7.7,9.3,86.0,1018.4,7.8,15.0,94.0
2013-11-16,0.0,4.2,13.7,78.0,1024.7,3.8,11.0,28.0
2013-11-17,0.0,2.1,12.2,80.0,1023.6,3.0,358.0,34.0
2013-11-18,0.0,3.2,12.4,82.0,1018.3,4.1,360.0,78.0
2013-11-19,36.3,8.3,11.2,87.0,1006.9,6.2,14.0,100.0
2013-11-20,2.3,7.0,12.6,86.0,1001.7,3.8,28.0,73.0
2013-11-21,11.1,4.8,7.8,91.0,1000.8,5.3,40.0,90.0
2013-11-22,19.6,2.5,10.3,79.0,1001.2,6.6,24.0,76.0
2013-11-23,26.9,2.6,7.7,81.0,1001.6,8.2,349.0,100.0
2013-11-24,5.1,4.7,10.7,83.0,1006.8,5.7,344.0,100.0
2013-11-25,0.0,-0.6,8.1,56.0,1015.1,7.0,351.0,6.0
2013-11-26,0.0,-4.2,5.9,50.0,1022.0,7.7,346.0,0.0
2013-11-27,0.0,-3.6,4.8,56.0,1026.5,5.8,338.0,57.0
2013-11-28,0.0,-3.7,6.3,67.0,1029.4,3.0,319.0,5.0
2013-11-29,0.0,-3.2,6.0,74.0,1024.9,2.2,350.0,27.0
2013-11-30,1.1,-1.1,6.8,81.0,1017.7,5.3,2.0,78.0
2013-12-01,0.0,-2.7,9.4,69.0,1021.8,7.1,346.0,26.0
2013-12-02,0.0,-3.1,9.8,65.0,1025.0,3.6,336.0,6.0
2013-12-03,0.0,-2.9,9.4,69.0,1028.5,2.0,318.0,19.0
2013-12-04,0.0,-1.8,9.2,76.0,1023.8,2.0,318.0,14.0
2013-12-05,0.0,-2.4,11.3,75.0,1021.0,2.7,344.0,36.0
2013-12-06,1.0,-0.7,9.2,79.0,1012.7,4.3,6.0,22.0
2013-12-07,0.0,-3.6,8.8,71.0,1021.6,5.4,337.0,11.0
2013-12-08,0.0,-2.4,9.1,78.0,1027.6,3.0,339.0,19.0
2013-12-09,0.0,1.5,7.5,80.0,1029.0,2.5,301.0,80.0
2013-12-10,0.0,-1.0,11.1,78.0,1033.0,3.2,345.0,23.0
2013-12-11,0.0,-0.8,10.1,84.0,1035.0,2.5,324.0,1.0
2013-12-12,0.0,-0.7,9.5,85.0,1031.7,2.5,328.0,0.0
2013-12-13,0.0,-0.0,9.8,80.0,1025.5,2.6,334.0,1.0
2013-12-14,0.0,2.3,8.1,78.0,1026.1,2.5,344.0,6.0
2013-12-15,0.1,-2.5,9.8,82.0,1032.3,3.6,330.0,20.0
2013-12-16,0.0,-1.3,8.9,78.0,1034.5,2.4,333.0,0.0
2013-12-17,0.0,-2.0,9.9,72.0,1032.2,2.0,335.0,1.0
2013-12-18,0.0,-0.2,7.3,70.0,1026.6,2.2,340.0,55.0
2013-12-19,0.0,0.9,5.7,77.0,1023.0,3.4,17.0,58.0
2013-12-20,0.0,2.8,9.3,84.0,1026.7,3.5,353.0,93.0
2013-12-21,0.0,3.0,9.1,93.0,1034.8,2.5,342.0,73.0
2013-12-22,0.0,5.2,7.8,97.0,1031.9,2.1,135.0,95.0
2013-12-23,1.0,4.3,8.5,96.0,1027.0,2.0,55.0,97.0
2013-12-24,2.8,5.4,7.7,96.0,1021.3,2.3,190.0,97.0
2013-12-25,35.4,5.4,8.9,97.0,1009.4,3.3,101.0,100.0
2013-12-26,91.4,6.9,9.3,92.0,996.2,7.7,58.0,99.0
2013-12-27,0.3,3.8,10.8,85.0,1007.4,5.1,352.0,55.0
2013-12-28,1.1,3.6,9.3,80.0,1015.3,2.7,30.0,68.0
2013-12-29,8.1,5.8,9.4,93.0,1017.0,4.2,24.0,98.0
2013-12-30,0.0,1.0,9.6,79.0,1025.6,4.9,8.0,73.0
2013-12-31,0.0,-2.3,9.3,78.0,1022.7,3.3,339.0,27.0
2014-01-01,0.0,-0.5,7.7,78.0,1020.0,2.6,349.0,28.0
2014-01-02,0.8,0.8,5.3,87.0,1017.9,2.2,35.0,97.0
2014-01-03,0.0,1.8,7.5,88.0,1019.9,2.2,334.0,83.0
2014-01-04,38.5,4.0,7.6,91.0,1017.1,4.7,6.0,98.0
2014-01-05,31.9,6.6,9.0,91.0,1007.2,6.6,10.0,98.0
2014-01-06,0.0,3.1,12.1,79.0,1018.7,3.3,327.0,60.0
2014-01-07,0.0,4.4,9.7,90.0,1023.9,2.3,5.0,93.0
2014-01-08,0.0,3.9,8.8,95.0,1026.2,2.5,51.0,98.0
2014-01-09,0.8,5.4,7.8,96.0,1022.5,2.0,137.0,97.0
2014-01-10,1.5,4.8,8.9,92.0,1019.0,2.8,115.0,83.0
2014-01-11,0.4,6.5,8.7,91.0,1021.8,2.2,101.0,86.0
2014-01-12,0.0,5.7,9.1,97.0,1022.6,2.6,175.0,82.0
2014-01-13,0.7,5.3,7.6,94.0,1020.2,2.0,163.0,90.0
2014-01-14,32.4,5.3,8.2,92.0,1008.8,4.8,32.0,100.0
2014-01-15,0.2,4.0,9.8,88.0,1010.9,2.5,351.0,58.0
2014-01-16,0.5,4.4,6.8,91.0,1015.5,2.7,182.0,98.0
2014-01-17,29.6,4.5,7.8,93.0,1011.5,3.9,26.0,100.0
2014-01-18,12.1,5.8,8.9,93.0,1010.1,3.6,35.0,98.0
2014-01-19,20.7,8.3,10.9,93.0,1004.8,5.7,27.0,100.0
2014-01-20,1.7,5.4,10.8,91.0,1001.1,3.8,12.0,90.0
2014-01-21,2.0,2.6,13.2,86.0,1003.5,3.8,320.0,71.0
2014-01-22,6.3,2.7,9.8,92.0,1010.9,2.7,8.0,71.0
2014-01-23,3.9,4.5,9.2,91.0,1015.2,3.3,52.0,92.0
2014-01-24,6.0,4.4,7.6,91.0,1008.9,3.4,5.0,99.0
2014-01-25,1.9,-3.2,8.9,80.0,1010.3,4.4,322.0,41.0
2014-01-26,9.9,2.7,6.9,91.0,1009.5,2.5,117.0,86.0
2014-01-27,7.1,2.1,5.6,89.0,1003.4,4.1,43.0,92.0
2014-01-28,7.5,1.4,6.9,83.0,1000.1,3.8,326.0,98.0
2014-01-29,2.7,-1.2,3.4,89.0,1005.4,2.9,35.0,87.0
2014-01-30,29.4,1.0,5.2,87.0,1011.0,6.8,19.0,100.0
2014-01-31,56.4,4.7,7.0,88.0,1012.1,8.1,17.0,100.0
2014-02-01,38.8,7.0,8.7,90.0,1011.9,6.9,27.0,100.0
2014-02-02,29.9,6.6,8.7,88.0,1010.2,5.7,39.0,100.0
2014-02-03,36.3,6.1,7.6,88.0,1014.9,5.8,43.0,100.0
2014-02-04,30.0,5.4,6.5,89.0,1016.6,5.0,40.0,100.0
2014-02-05,3.9,4.9,7.1,92.0,1013.1,3.9,56.0,100.0
2014-02-06,1.5,2.7,11.8,81.0,1012.7,4.0,17.0,62.0
2014-02-07,10.0,4.4,8.0,91.0,1013.3,2.7,42.0,93.0
2014-02-08,4.4,5.5,9.2,85.0,1008.3,3.9,224.0,89.0
2014-02-09,16.8,2.1,9.3,90.0,1002.5,4.0,29.0,87.0
2014-02-10,21.8,1.3,6.0,87.0,1006.9,5.9,16.0,99.0
2014-02-11,6.7,5.6,10.3,88.0,1005.4,3.6,31.0,98.0
2014-02-12,0.0,-0.3,12.6,79.0,1007.2,4.0,339.0,35.0
2014-02-13,5.2,0.5,9.0,88.0,1010.2,3.5,60.0,93.0
2014-02-14,0.7,-0.5,11.7,79.0,1010.3,4.1,329.0,38.0
2014-02-15,0.1,0.8,9.6,85.0,1016.1,3.6,4.0,91.0
2014-02-16,1.9,6.5,10.8,92.0,1014.5,2.4,353.0,94.0
2014-02-17,19.1,6.5,9.1,87.0,1014.1,4.7,46.0,89.0
2014-02-18,0.2,3.7,12.4,79.0,1020.8,4.0,22.0,83.0
2014-02-19,28.8,8.1,9.9,90.0,1014.8,6.2,11.0,100.0
2014-02-20,9.0,6.3,10.8,78.0,1014.6,5.2,32.0,93.0
2014-02-21,0.2,4.5,13.1,78.0,1012.2,2.8,349.0,67.0
2014-02-22,23.5,4.9,8.2,87.0,1013.6,4.3,11.0,97.0
2014-02-23,0.0,-1.8,12.0,75.0,1021.6,3.4,316.0,12.0
2014-02-24,0.0,-1.1,12.7,69.0,1022.2,3.7,318.0,8.0
2014-02-25,0.0,-0.8,11.5,79.0,1019.8,3.4,253.0,59.0
2014-02-26,2.1,2.2,11.1,87.0,1020.2,4.3,50.0,91.0
2014-02-27,3.9,4.0,11.3,89.0,1019.9,3.7,43.0,73.0
2014-02-28,3.1,3.8,8.7,88.0,1011.7,3.9,63.0,92.0
2014-03-01,25.7,5.1,8.2,87.0,1003.0,8.5,33.0,100.0
2014-03-02,19.2,6.5,11.3,82.0,1000.0,5.4,1.0,83.0
2014-03-03,0.0,4.2,10.8,79.0,998.6,3.7,349.0,77.0
2014-03-04,0.0,1.7,12.6,71.0,997.3,7.6,35.0,93.0
2014-03-05,0.0,1.1,13.3,72.0,1009.0,3.5,319.0,70.0
2014-03-06,0.0,0.5,15.4,67.0,1018.9,5.1,348.0,12.0
2014-03-07,0.0,1.1,14.5,74.0,1022.5,4.3,329.0,20.0
2014-03-08,0.0,5.4,15.1,73.0,1026.8,3.2,303.0,20.0
2014-03-09,0.0,1.6,16.3,73.0,1029.0,2.8,340.0,7.0
2014-03-10,0.0,4.9,15.6,58.0,1023.8,4.6,48.0,29.0
2014-03-11,0.0,2.7,14.1,68.0,1023.8,2.9,270.0,35.0
2014-03-12,0.0,1.3,17.7,70.0,1028.6,3.2,296.0,0.0
2014-03-13,0.0,2.0,17.0,68.0,1027.5,3.5,332.0,0.0
2014-03-14,0.0,2.0,17.0,72.0,1024.7,3.1,239.0,0.0
2014-03-15,0.2,2.6,13.9,84.0,1016.9,3.7,117.0,50.0
2014-03-16,0.0,4.2,17.4,81.0,1014.5,4.2,231.0,30.0
2014-03-17,0.0,4.0,17.4,86.0,1017.1,3.5,239.0,13.0
2014-03-18,0.1,8.3,16.3,86.0,1017.9,2.9,156.0,68.0
2014-03-19,0.6,9.8,18.1,86.0,1018.9,2.1,178.0,49.0
2014-03-20,0.6,6.4,17.9,75.0,1025.2,4.4,282.0,42.0
2014-03-21,0.1,4.2,17.3,80.0,1020.1,4.3,169.0,77.0
2014-03-22,8.9,9.0,14.8,89.0,1013.5,4.5,154.0,97.0
2014-03-23,62.4,7.5,12.1,93.0,1002.2,5.6,146.0,98.0
2014-03-24,3.6,4.7,11.4,73.0,1005.7,6.1,43.0,84.0
2014-03-25,1.5,0.3,10.3,77.0,1009.6,4.4,16.0,72.0
2014-03-26,0.4,0.4,11.9,69.0,1011.1,8.0,39.0,83.0
2014-03-27,0.0,5.3,15.4,59.0,1010.4,8.3,28.0,94.0
2014-03-28,0.0,3.7,17.3,62.0,1014.0,4.6,294.0,43.0
2014-03-29,0.0,3.1,18.4,66.0,1021.4,4.2,296.0,3.0
2014-03-30,0.0,3.6,18.4,72.0,1018.6,4.3,221.0,26.0
2014-03-31,0.0,4.6,18.7,78.0,1014.4,3.8,185.0,18.0
2014-04-01,0.0,6.2,18.0,81.0,1013.2,4.0,136.0,66.0
2014-04-02,0.1,8.8,17.3,81.0,1013.0,5.5,135.0,78.0
2014-04-03,0.8,8.5,16.3,87.0,1012.0,3.6,107.0,98.0
2014-04-04,0.0,8.3,16.2,79.0,1008.4,5.3,45.0,93.0
2014-04-05,3.3,10.3,19.0,78.0,1009.4,5.1,330.0,91.0
2014-04-06,0.3,6.4,21.2,72.0,1015.6,4.5,327.0,38.0
2014-04-07,0.1,7.1,20.8,74.0,1018.9,4.5,248.0,26.0
2014-04-08,9.4,10.0,19.7,80.0,1016.8,4.1,60.0,86.0
2014-04-09,9.9,6.2,16.0,81.0,1017.9,4.8,281.0,34.0
2014-04-10,2.3,4.9,17.2,79.0,1018.0,4.1,206.0,45.0
2014-04-11,1.2,8.6,13.6,82.0,1017.3,4.3,149.0,84.0
2014-04-12,0.9,10.3,15.7,77.0,1016.8,3.4,182.0,90.0
2014-04-13,0.4,10.3,16.0,83.0,1016.9,3.7,203.0,71.0
2014-04-14,3.1,8.3,16.8,85.0,1013.3,5.8,183.0,52.0
2014-04-15,5.0,5.6,16.0,58.0,1013.9,5.2,15.0,19.0
2014-04-16,0.0,2.2,15.7,45.0,1020.4,5.4,1.0,17.0
2014-04-17,0.0,1.8,17.2,48.0,1018.2,5.1,336.0,2.0
2014-04-18,0.1,6.4,16.7,62.0,1009.6,3.6,284.0,89.0
2014-04-19,6.1,8.5,17.5,67.0,1007.2,7.6,18.0,88.0
2014-04-20,8.6,7.7,15.1,80.0,1007.3,4.5,66.0,66.0
2014-04-21,12.7,9.9,14.7,86.0,1008.0,5.2,30.0,99.0
2014-04-22,0.9,7.2,18.3,80.0,1012.2,4.2,188.0,41.0
2014-04-23,1.6,6.6,21.6,75.0,1016.0,4.5,15.0,68.0
2014-04-24,0.0,9.3,22.2,69.0,1014.2,4.2,320.0,83.0
2014-04-25,0.0,7.9,21.2,71.0,1010.6,4.0,304.0,44.0
2014-04-26,4.6,9.2,21.2,78.0,1009.4,3.8,27.0,51.0
2014-04-27,24.5,10.6,16.1,90.0,1006.1,4.0,45.0,99.0
2014-04-28,11.4,11.2,16.1,87.0,1005.2,4.7,360.0,95.0
2014-04-29,4.0,10.3,19.6,77.0,1007.2,4.4,307.0,78.0
2014-04-30,2.5,8.6,17.3,80.0,1008.4,3.4,348.0,98.0
2014-05-01,0.3,6.9,20.9,69.0,1009.1,3.5,324.0,67.0
2014-05-02,5.1,7.7,17.3,85.0,1009.1,3.7,53.0,93.0
2014-05-03,5.5,7.9,19.5,80.0,1007.9,4.5,341.0,88.0
2014-05-04,0.0,5.4,19.3,65.0,1010.9,4.6,337.0,30.0
2014-05-05,0.4,7.8,17.1,74.0,1017.2,5.2,212.0,66.0
2014-05-06,0.0,8.6,18.1,76.0,1018.5,4.8,180.0,59.0
2014-05-07,9.5,10.6,17.7,84.0,1016.7,4.4,99.0,98.0
2014-05-08,0.3,7.1,19.7,78.0,1017.7,5.9,227.0,29.0
2014-05-09,0.0,10.5,21.1,77.0,1016.4,4.5,174.0,60.0
2014-05-10,2.9,10.4,22.3,77.0,1014.3,4.1,227.0,63.0
2014-05-11,19.1,13.6,19.2,85.0,1007.9,6.1,137.0,88.0
2014-05-12,2.1,8.6,18.5,63.0,1012.3,4.2,303.0,63.0
2014-05-13,3.6,10.3,16.2,64.0,1012.6,4.4,41.0,80.0
2014-05-14,0.6,5.1,19.7,56.0,1015.7,4.8,340.0,42.0
2014-05-15,0.0,5.1,20.7,45.0,1017.4,6.4,344.0,52.0
2014-05-16,0.0,10.5,19.7,51.0,1013.5,6.9,321.0,81.0
2014-05-17,0.0,7.9,19.4,58.0,1014.9,5.2,236.0,70.0
2014-05-18,5.3,9.2,18.3,82.0,1015.6,3.8,121.0,86.0
2014-05-19,2.2,12.1,18.6,80.0,1016.6,4.6,82.0,76.0
2014-05-20,0.4,9.9,19.9,80.0,1017.9,5.0,193.0,57.0
2014-05-21,0.0,11.3,21.5,81.0,1018.7,5.2,182.0,64.0
2014-05-22,0.0,12.3,23.3,76.0,1016.4,4.7,185.0,30.0
2014-05-23,4.8,14.5,20.4,81.0,1013.4,3.1,85.0,85.0
2014-05-24,0.0,14.6,22.8,69.0,1014.3,4.8,210.0,27.0
2014-05-25,0.0,10.9,24.4,62.0,1016.9,4.1,64.0,9.0
2014-05-26,3.0,12.6,20.8,76.0,1014.3,3.7,312.0,86.0
2014-05-27,4.1,12.7,19.4,79.0,1010.7,4.2,223.0,84.0
2014-05-28,14.3,11.3,19.7,85.0,1010.1,3.5,77.0,94.0
2014-05-29,2.1,10.7,20.9,80.0,1010.6,3.5,247.0,70.0
2014-05-30,18.0,10.8,20.7,85.0,1012.4,4.4,31.0,74.0
2014-05-31,4.5,11.3,19.7,72.0,1016.8,3.8,281.0,42.0
2014-06-01,0.7,8.2,21.4,69.0,1016.7,3.8,280.0,19.0
2014-06-02,3.3,8.8,21.2,72.0,1016.5,4.1,281.0,35.0
2014-06-03,2.7,9.8,22.4,71.0,1014.2,3.9,313.0,44.0
2014-06-04,2.4,10.0,21.4,74.0,1011.6,4.7,256.0,65.0
2014-06-05,6.8,13.2,21.3,83.0,1013.7,3.8,62.0,85.0
2014-06-06,0.0,12.1,23.9,76.0,1018.4,4.9,208.0,52.0
2014-06-07,0.9,14.8,26.8,74.0,1018.3,3.4,234.0,35.0
2014-06-08,0.4,14.1,29.6,65.0,1019.6,4.1,243.0,17.0
2014-06-09,0.8,15.6,30.4,64.0,1019.7,5.0,295.0,10.0
2014-06-10,0.0,16.4,31.3,63.0,1018.5,4.5,239.0,4.0
2014-06-11,0.5,17.0,32.1,62.0,1018.8,3.4,321.0,15.0
2014-06-12,2.4,18.2,32.3,61.0,1019.5,5.9,346.0,56.0
2014-06-13,3.9,17.6,28.5,68.0,1015.1,3.9,324.0,47.0
2014-06-14,8.8,16.3,25.6,72.0,1011.8,3.8,7.0,84.0
2014-06-15,2.1,15.9,23.9,62.0,1014.4,4.8,46.0,95.0
2014-06-16,1.4,15.9,21.8,59.0,1014.8,4.2,66.0,96.0
2014-06-17,2.2,13.2,23.6,58.0,1014.5,4.7,45.0,44.0
2014-06-18,2.1,12.7,24.7,60.0,1015.4,4.5,10.0,54.0
2014-06-19,2.5,12.3,25.8,61.0,1014.4,4.7,300.0,36.0
2014-06-20,3.2,13.3,26.2,66.0,1011.7,4.4,326.0,58.0
2014-06-21,1.3,16.5,23.0,66.0,1015.5,5.0,201.0,47.0
2014-06-22,1.1,16.3,24.5,71.0,1017.7,4.1,183.0,76.0
2014-06-23,10.5,19.2,24.0,85.0,1018.4,3.5,273.0,95.0
2014-06-24,11.1,16.5,25.0,80.0,1013.4,4.1,294.0,86.0
2014-06-25,14.5,15.9,20.9,84.0,1008.7,3.4,117.0,85.0
2014-06-26,1.0,12.1,23.2,73.0,1011.9,4.3,41.0,48.0
2014-06-27,2.3,14.2,24.5,68.0,1016.0,3.1,51.0,82.0
2014-06-28,3.3,15.8,24.6,74.0,1016.7,4.8,215.0,48.0
2014-06-29,28.2,15.9,25.7,80.0,1011.1,4.4,166.0,84.0
2014-06-30,7.2,16.3,22.2,71.0,1010.3,4.4,333.0,67.0
2014-07-01,4.2,14.2,21.8,77.0,1017.9,3.8,113.0,70.0
2014-07-02,3.8,13.8,23.8,76.0,1019.2,3.8,277.0,64.0
2014-07-03,0.3,12.9,25.1,67.0,1024.0,5.0,270.0,15.0
2014-07-04,0.0,13.1,25.4,65.0,1020.0,4.9,202.0,56.0
2014-07-05,1.8,16.6,25.5,71.0,1012.6,3.9,209.0,56.0
2014-07-06,0.3,16.5,27.6,73.0,1014.6,3.9,214.0,35.0
2014-07-07,12.8,17.4,26.9,81.0,1014.9,4.0,204.0,63.0
2014-07-08,29.1,17.7,22.0,88.0,1008.6,4.5,80.0,90.0
2014-07-09,10.0,15.5,22.2,72.0,1006.5,3.4,344.0,90.0
2014-07-10,4.1,14.9,19.9,74.0,1006.5,4.6,44.0,91.0
2014-07-11,4.0,13.4,22.0,78.0,1007.9,3.3,246.0,59.0
2014-07-12,11.3,13.5,23.2,86.0,1010.5,3.5,331.0,59.0
2014-07-13,1.1,15.0,22.7,77.0,1012.3,3.9,89.0,78.0
2014-07-14,7.8,15.7,22.8,84.0,1013.5,3.0,33.0,97.0
2014-07-15,1.9,14.5,28.1,69.0,1017.1,3.6,299.0,25.0
2014-07-16,4.3,16.2,28.7,68.0,1018.6,4.2,322.0,53.0
2014-07-17,1.2,17.1,28.7,68.0,1018.8,3.6,332.0,54.0
2014-07-18,0.0,16.9,28.8,66.0,1018.2,4.4,288.0,14.0
2014-07-19,0.0,17.1,29.2,69.0,1017.0,4.8,252.0,40.0
2014-07-20,1.1,19.0,29.5,77.0,1014.3,4.4,197.0,72.0
2014-07-21,41.5,18.2,23.1,89.0,1010.0,5.6,48.0,92.0
2014-07-22,3.3,15.8,24.5,81.0,1008.8,3.6,247.0,87.0
2014-07-23,7.6,18.9,26.5,80.0,1010.8,3.4,305.0,73.0
2014-07-24,5.2,18.5,23.7,78.0,1011.8,3.5,313.0,96.0
2014-07-25,3.3,15.0,25.1,76.0,1013.0,3.3,354.0,61.0
2014-07-26,16.4,15.7,21.7,88.0,1012.8,5.0,31.0,98.0
2014-07-27,3.8,16.5,24.5,81.0,1012.1,3.6,339.0,77.0
2014-07-28,8.5,16.7,25.9,81.0,1011.1,3.7,271.0,76.0
2014-07-29,15.4,18.4,22.9,90.0,1008.7,4.9,53.0,94.0
2014-07-30,26.2,18.1,23.7,83.0,1005.5,6.9,34.0,96.0
2014-07-31,6.9,18.5,23.1,90.0,1009.3,2.9,224.0,94.0
2014-08-01,5.6,17.5,26.4,81.0,1010.7,3.7,285.0,70.0
2014-08-02,4.3,17.3,26.4,78.0,1011.0,4.1,263.0,68.0
2014-08-03,6.3,16.5,24.6,85.0,1012.4,3.6,312.0,67.0
2014-08-04,2.5,16.6,25.8,79.0,1014.1,3.0,351.0,41.0
2014-08-05,7.3,16.9,24.9,77.0,1014.4,4.5,346.0,73.0
2014-08-06,0.0,14.3,26.7,70.0,1013.9,4.7,290.0,38.0
2014-08-07,6.1,16.8,26.4,75.0,1013.9,3.3,316.0,60.0
2014-08-08,4.1,15.7,26.4,77.0,1014.8,4.3,299.0,50.0
2014-08-09,7.5,18.1,25.6,85.0,1014.8,4.1,277.0,83.0
2014-08-10,1.3,17.0,26.5,82.0,1015.4,4.9,247.0,80.0
2014-08-11,6.3,18.5,26.4,89.0,1012.9,4.4,157.0,85.0
2014-08-12,12.9,20.4,25.5,84.0,1012.1,3.8,55.0,74.0
2014-08-13,49.3,19.3,24.3,89.0,1008.2,5.1,58.0,83.0
2014-08-14,9.5,17.1,20.9,89.0,1009.0,5.4,49.0,61.0
2014-08-15,3.9,12.8,21.9,74.0,1012.8,3.5,355.0,52.0
2014-08-16,2.1,12.5,22.3,70.0,1015.9,5.2,352.0,43.0
2014-08-17,0.0,11.0,21.6,72.0,1017.4,5.1,244.0,42.0
2014-08-18,1.2,13.5,22.2,80.0,1013.8,4.9,156.0,50.0
2014-08-19,7.6,14.7,21.6,85.0,1013.3,3.3,24.0,86.0
2014-08-20,8.2,14.6,22.2,83.0,1013.7,3.5,18.0,71.0
2014-08-21,4.2,17.0,21.8,80.0,1013.8,4.5,59.0,49.0
2014-08-22,2.3,15.2,22.5,79.0,1015.1,3.9,29.0,57.0
2014-08-23,22.7,14.8,18.9,89.0,1013.5,4.4,0.0,81.0
2014-08-24,2.7,11.1,20.8,78.0,1014.7,3.8,13.0,55.0
2014-08-25,0.5,13.7,20.7,70.0,1017.7,4.5,69.0,85.0
2014-08-26,3.9,16.1,19.6,84.0,1012.1,3.2,176.0,98.0
2014-08-27,1.8,16.3,24.8,84.0,1010.0,3.0,32.0,65.0
2014-08-28,4.8,17.4,22.8,73.0,1017.2,3.8,42.0,61.0
2014-08-29,1.3,13.6,25.1,74.0,1017.6,3.8,346.0,50.0
2014-08-30,2.1,13.9,26.1,73.0,1016.4,3.1,339.0,67.0
2014-08-31,8.8,16.9,23.7,77.0,1013.0,3.3,353.0,92.0
2014-09-01,20.6,13.4,20.2,78.0,1008.6,4.9,354.0,87.0
2014-09-02,0.2,12.4,22.5,71.0,1011.9,5.5,355.0,72.0
2014-09-03,7.1,15.1,25.9,75.0,1013.4,5.3,342.0,83.0
2014-09-04,1.8,16.8,23.2,82.0,1014.5,4.0,342.0,95.0
2014-09-05,1.5,15.8,26.0,75.0,1013.9,4.2,354.0,68.0
2014-09-06,0.4,14.4,24.4,78.0,1012.2,3.6,334.0,41.0
2014-09-07,4.4,16.1,23.3,80.0,1014.0,3.0,330.0,57.0
2014-09-08,0.9,14.1,24.7,81.0,1016.2,3.4,277.0,31.0
2014-09-09,4.0,15.7,24.9,85.0,1016.0,3.4,323.0,56.0
2014-09-10,11.8,15.7,23.4,84.0,1012.9,3.5,40.0,66.0
2014-09-11,7.1,13.8,20.6,79.0,1010.5,3.5,346.0,76.0
2014-09-12,1.4,10.1,19.1,80.0,1011.7,3.5,325.0,66.0
2014-09-13,7.1,13.0,20.3,81.0,1014.7,3.6,252.0,84.0
2014-09-14,1.7,11.4,21.7,83.0,1015.8,3.7,296.0,38.0
2014-09-15,3.5,14.4,22.1,84.0,1015.8,3.0,300.0,58.0
2014-09-16,2.7,13.8,22.5,81.0,1016.4,3.8,18.0,63.0
2014-09-17,0.2,14.8,21.7,75.0,1016.9,4.1,41.0,65.0
2014-09-18,0.2,13.5,21.3,76.0,1017.6,3.8,146.0,72.0
2014-09-19,0.0,14.3,21.3,83.0,1019.0,3.4,206.0,87.0
2014-09-20,2.6,16.4,23.0,86.0,1016.9,3.7,124.0,79.0
2014-09-21,6.6,15.7,22.8,89.0,1014.3,3.3,248.0,66.0
2014-09-22,9.5,12.5,22.5,84.0,1010.1,4.8,342.0,50.0
2014-09-23,0.0,9.4,19.1,72.0,1016.5,4.8,237.0,40.0
2014-09-24,0.0,10.4,18.6,77.0,1017.6,4.7,204.0,67.0
2014-09-25,1.6,11.0,18.8,82.0,1016.7,3.0,33.0,63.0
2014-09-26,0.0,9.8,19.5,81.0,1021.6,4.0,234.0,46.0
2014-09-27,0.0,11.3,21.6,82.0,1025.0,3.0,198.0,13.0
2014-09-28,0.0,13.9,21.9,81.0,1028.0,4.2,256.0,48.0
2014-09-29,0.0,12.6,21.2,87.0,1027.6,4.3,203.0,69.0
2014-09-30,0.1,15.8,21.5,88.0,1025.9,3.2,183.0,70.0
2014-10-01,12.9,13.2,18.6,96.0,1024.2,2.8,15.0,98.0
2014-10-02,0.3,10.6,22.3,82.0,1024.5,4.2,327.0,35.0
2014-10-03,3.7,12.3,19.8,84.0,1023.5,3.0,355.0,56.0
2014-10-04,0.0,9.5,19.7,80.0,1019.5,3.5,6.0,32.0
2014-10-05,1.3,10.7,19.5,81.0,1017.3,4.0,9.0,46.0
2014-10-06,0.0,10.5,19.6,76.0,1016.0,3.9,6.0,64.0
2014-10-07,0.1,10.5,18.1,82.0,1017.2,4.1,35.0,78.0
2014-10-08,2.0,14.6,20.0,88.0,1018.6,3.7,281.0,91.0
2014-10-09,0.2,13.9,20.5,91.0,1017.8,4.1,199.0,75.0
2014-10-10,1.6,15.2,21.3,90.0,1018.5,3.0,21.0,83.0
2014-10-11,1.5,16.7,19.9,93.0,1017.0,2.2,167.0,97.0
2014-10-12,0.2,15.6,21.1,88.0,1016.8,3.9,301.0,71.0
2014-10-13,17.5,15.6,20.0,95.0,1014.1,2.6,8.0,100.0
2014-10-14,1.6,14.7,20.1,87.0,1012.1,3.5,337.0,80.0
2014-10-15,0.0,13.1,20.4,84.0,1009.4,3.7,358.0,85.0
2014-10-16,0.1,13.9,19.5,89.0,1011.7,3.7,165.0,83.0
2014-10-17,0.9,15.9,21.8,87.0,1013.7,3.5,234.0,53.0
2014-10-18,0.2,15.2,20.8,81.0,1022.9,3.4,12.0,55.0
2014-10-19,0.0,14.0,21.6,85.0,1025.0,3.8,294.0,60.0
2014-10-20,3.4,15.9,20.6,93.0,1021.2,3.2,156.0,92.0
2014-10-21,4.6,16.1,20.2,91.0,1011.3,3.5,171.0,93.0
2014-10-22,4.0,9.6,16.7,52.0,1006.0,5.4,302.0,43.0
2014-10-23,4.8,7.3,14.1,70.0,1009.1,4.1,337.0,76.0
2014-10-24,0.4,5.6,18.0,71.0,1013.8,5.5,332.0,22.0
2014-10-25,3.6,11.0,14.9,82.0,1020.7,2.3,124.0,74.0
2014-10-26,0.2,8.1,15.0,74.0,1024.9,3.1,304.0,41.0
2014-10-27,0.0,6.8,14.0,76.0,1026.8,3.2,35.0,21.0
2014-10-28,0.0,6.1,13.0,70.0,1023.4,3.0,22.0,1.0
2014-10-29,0.0,5.1,12.5,70.0,1020.1,3.2,7.0,3.0
2014-10-30,0.0,4.1,15.3,75.0,1023.2,3.2,320.0,8.0
2014-10-31,0.0,5.0,15.7,75.0,1025.8,2.8,322.0,27.0
2014-11-01,0.0,6.1,17.3,79.0,1024.6,3.4,327.0,54.0
2014-11-02,0.0,5.4,17.5,83.0,1021.6,3.1,322.0,4.0
2014-11-03,1.8,5.8,13.7,93.0,1018.6,3.7,90.0,77.0
2014-11-04,11.5,8.5,13.7,96.0,1011.2,4.0,90.0,93.0
2014-11-05,73.3,11.3,14.9,95.0,1005.1,5.2,112.0,100.0
2014-11-06,48.1,13.1,14.9,95.0,1008.3,5.3,104.0,100.0
2014-11-07,9.6,11.7,15.5,90.0,1009.4,3.6,8.0,96.0
2014-11-08,20.8,9.9,15.1,93.0,1011.8,3.7,36.0,99.0
2014-11-09,8.8,12.0,14.0,91.0,1014.0,3.8,35.0,99.0
2014-11-10,17.5,10.2,14.0,94.0,1016.6,5.0,33.0,100.0
2014-11-11,21.0,12.6,15.2,94.0,1014.9,4.1,23.0,100.0
2014-11-12,30.5,12.7,13.7,96.0,1007.6,6.8,30.0,100.0
2014-11-13,4.4,11.9,15.2,89.0,1008.2,3.6,355.0,92.0
2014-11-14,0.0,10.0,15.3,86.0,1013.9,2.8,355.0,65.0
2014-11-15,16.6,9.6,13.8,90.0,1010.6,5.2,48.0,98.0
2014-11-16,23.8,8.3,13.3,95.0,1005.6,4.0,90.0,87.0
2014-11-17,19.6,7.1,11.6,89.0,1008.2,6.0,28.0,97.0
2014-11-18,17.7,7.7,10.0,88.0,1005.9,4.3,22.0,96.0
2014-11-19,0.0,2.0,13.6,83.0,1015.5,4.1,330.0,28.0
2014-11-20,0.0,4.2,12.5,82.0,1024.0,3.2,335.0,60.0
2014-11-21,0.0,5.1,10.9,81.0,1023.8,2.5,20.0,68.0
2014-11-22,0.0,3.9,11.8,83.0,1024.3,2.9,9.0,51.0
2014-11-23,0.0,3.4,12.2,87.0,1026.2,2.1,291.0,19.0
2014-11-24,0.5,5.3,11.6,89.0,1023.9,2.1,337.0,53.0
2014-11-25,0.0,5.7,12.6,84.0,1021.5,3.2,52.0,49.0
2014-11-26,0.1,6.5,9.3,81.0,1019.1,3.1,98.0,90.0
2014-11-27,0.7,7.0,9.0,78.0,1015.6,1.9,75.0,95.0
2014-11-28,1.2,7.2,13.2,81.0,1015.2,3.9,15.0,99.0
2014-11-29,1.4,7.7,15.2,88.0,1015.0,4.0,11.0,69.0
2014-11-30,2.0,6.8,13.7,87.0,1013.3,3.9,5.0,98.0
2014-12-01,35.5,9.7,12.6,89.0,1005.2,6.2,39.0,100.0
2014-12-02,0.1,8.0,11.7,85.0,1005.9,3.8,77.0,91.0
2014-12-03,10.1,5.7,10.8,84.0,1011.5,5.1,44.0,91.0
2014-12-04,22.4,8.1,9.3,89.0,1015.1,4.2,33.0,100.0
2014-12-05,0.8,6.8,12.2,82.0,1015.6,3.9,12.0,80.0
2014-12-06,3.2,5.4,10.7,90.0,1014.5,2.5,340.0,86.0
2014-12-07,1.9,6.5,10.5,92.0,1015.7,2.4,309.0,93.0
2014-12-08,2.8,3.8,10.2,89.0,1016.0,2.8,357.0,76.0
2014-12-09,2.6,1.2,10.3,80.0,1018.2,4.1,350.0,46.0
2014-12-10,0.0,-1.5,7.9,71.0,1022.2,3.6,339.0,31.0
2014-12-11,0.0,1.0,9.1,67.0,1018.4,2.6,334.0,24.0
2014-12-12,0.0,0.6,8.3,67.0,1019.7,3.2,359.0,13.0
2014-12-13,0.0,3.1,7.2,71.0,1020.9,2.4,43.0,95.0
2014-12-14,0.0,5.0,9.6,81.0,1022.4,2.0,358.0,96.0
2014-12-15,0.5,7.1,10.3,86.0,1021.6,2.9,354.0,90.0
2014-12-16,9.6,5.9,9.6,93.0,1014.1,4.7,8.0,97.0
2014-12-17,1.2,2.2,11.3,89.0,1012.2,3.2,326.0,84.0
2014-12-18,0.1,5.1,10.6,91.0,1018.4,2.4,236.0,81.0
2014-12-19,0.0,6.2,9.1,96.0,1022.0,2.2,150.0,79.0
2014-12-20,0.0,5.6,9.9,92.0,1021.5,2.5,179.0,49.0
2014-12-21,0.4,3.8,10.0,86.0,1027.0,2.8,300.0,29.0
2014-12-22,0.0,2.2,5.9,90.0,1029.2,2.4,221.0,86.0
2014-12-23,0.0,3.3,6.7,93.0,1027.4,2.3,144.0,69.0
2014-12-24,0.3,3.2,6.1,95.0,1026.0,2.9,139.0,93.0
2014-12-25,0.8,3.9,8.1,92.0,1022.3,2.2,100.0,73.0
2014-12-26,5.0,-2.5,8.0,80.0,1022.7,4.1,332.0,23.0
2014-12-27,15.6,-1.1,2.1,87.0,1013.5,4.6,32.0,85.0
2014-12-28,2.9,-1.5,4.6,81.0,1003.0,4.4,332.0,99.0
2014-12-29,0.0,-7.2,1.6,62.0,1022.0,7.5,342.0,31.0
2014-12-30,1.0,-1.8,1.0,61.0,1029.1,4.2,7.0,42.0
2014-12-31,3.3,-2.4,-0.7,82.0,1030.7,3.8,147.0,55.0
2015-01-01,0.0,-1.8,3.9,70.0,1033.8,2.4,228.0,17.0
2015-01-02,0.0,1.8,7.8,71.0,1030.5,2.5,347.0,62.0
2015-01-03,0.0,0.1,10.0,75.0,1024.5,3.2,31.0,57.0
2015-01-04,0.0,2.0,9.3,75.0,1020.5,6.1,340.0,8.0
2015-01-05,0.0,1.2,6.9,46.0,1027.6,5.5,338.0,0.0
2015-01-06,0.0,2.2,7.4,63.0,1024.5,3.8,16.0,22.0
2015-01-07,0.5,3.7,7.1,82.0,1029.4,3.2,50.0,89.0
2015-01-08,0.3,4.6,7.1,86.0,1032.3,2.2,97.0,85.0
2015-01-09,0.1,3.4,6.9,92.0,1029.5,2.5,144.0,91.0
2015-01-10,0.9,2.7,7.2,92.0,1019.1,2.6,170.0,81.0
2015-01-11,3.5,3.5,8.4,89.0,1014.8,2.7,27.0,41.0
2015-01-12,0.2,-2.4,8.6,77.0,1026.8,4.5,3.0,17.0
2015-01-13,0.0,1.9,7.3,75.0,1026.9,3.7,43.0,23.0
2015-01-14,0.0,1.9,6.9,89.0,1020.7,3.8,30.0,38.0
2015-01-15,0.2,2.2,7.3,87.0,1020.9,2.8,25.0,84.0
2015-01-16,3.5,4.4,8.4,91.0,1018.1,3.5,48.0,91.0
2015-01-17,25.7,4.3,10.3,97.0,1013.0,3.1,67.0,95.0
2015-01-18,4.2,1.0,9.5,88.0,1016.6,3.4,352.0,53.0
2015-01-19,0.0,-2.2,7.7,82.0,1014.0,3.7,340.0,59.0
2015-01-20,0.0,0.2,8.3,78.0,1011.8,3.6,348.0,63.0
2015-01-21,3.6,-0.6,8.3,83.0,1011.9,4.7,5.0,58.0
2015-01-22,10.7,3.1,8.7,89.0,1012.3,5.0,19.0,99.0
2015-01-23,0.0,-1.0,12.8,80.0,1009.4,5.3,338.0,82.0
2015-01-24,0.0,1.8,10.5,68.0,1011.5,5.1,339.0,66.0
2015-01-25,0.0,-0.4,9.0,60.0,1016.6,6.2,347.0,60.0
2015-01-26,0.0,-3.2,7.1,60.0,1023.3,5.1,329.0,17.0
2015-01-27,0.0,0.1,7.8,67.0,1017.3,3.4,340.0,57.0
2015-01-28,0.0,-3.5,7.3,69.0,1016.6,4.7,326.0,28.0
2015-01-29,0.5,-1.1,3.7,85.0,1002.9,3.2,58.0,98.0
2015-01-30,5.9,0.7,5.0,88.0,979.4,4.5,354.0,98.0
2015-01-31,0.0,-3.1,5.7,76.0,986.4,5.6,22.0,69.0
2015-02-01,0.0,-0.8,7.1,68.0,990.4,4.9,348.0,78.0
2015-02-02,1.8,-2.7,6.2,76.0,999.9,3.6,340.0,75.0
2015-02-03,7.3,-3.0,4.0,83.0,1003.9,6.6,30.0,88.0
2015-02-04,0.1,-1.8,9.3,67.0,1003.8,6.1,21.0,99.0
2015-02-05,16.9,2.2,4.0,79.0,1007.3,9.2,33.0,100.0
2015-02-06,9.6,3.2,6.1,75.0,1006.9,8.2,32.0,100.0
2015-02-07,1.8,1.5,6.4,80.0,1018.7,3.5,273.0,53.0
2015-02-08,0.3,-2.4,7.7,68.0,1014.0,5.5,24.0,29.0
2015-02-09,0.0,-0.3,6.3,47.0,1021.1,4.4,230.0,5.0
2015-02-10,0.0,-1.0,10.0,66.0,1022.3,4.1,331.0,3.0
2015-02-11,0.0,0.1,10.8,73.0,1024.7,2.6,308.0,0.0
2015-02-12,0.0,2.4,9.3,76.0,1025.1,3.6,47.0,17.0
2015-02-13,0.6,1.7,6.8,86.0,1024.6,2.7,72.0,74.0
2015-02-14,5.6,3.4,6.4,91.0,1018.7,2.8,85.0,97.0
2015-02-15,10.0,4.7,8.4,93.0,1016.1,4.6,37.0,96.0
2015-02-16,0.0,-0.6,12.2,75.0,1020.5,6.1,19.0,29.0
2015-02-17,0.0,-0.7,11.9,69.0,1027.8,4.4,55.0,4.0
2015-02-18,0.0,1.2,9.5,71.0,1035.3,2.8,209.0,2.0
2015-02-19,0.0,0.4,9.1,75.0,1032.4,2.7,177.0,19.0
2015-02-20,0.0,0.6,8.0,86.0,1024.5,2.8,156.0,58.0
2015-02-21,5.8,1.2,6.6,93.0,1012.2,3.5,79.0,98.0
2015-02-22,11.1,4.2,9.8,83.0,1002.7,6.2,18.0,97.0
2015-02-23,0.7,3.9,10.7,80.0,1004.7,3.8,347.0,79.0
2015-02-24,7.3,5.7,9.4,87.0,1003.6,5.0,17.0,100.0
2015-02-25,0.9,4.0,12.8,63.0,1010.8,6.7,349.0,98.0
2015-02-26,0.0,1.3,11.3,63.0,1017.3,4.2,335.0,60.0
2015-02-27,0.0,1.8,11.4,71.0,1012.8,3.5,302.0,44.0
2015-02-28,0.0,1.4,11.8,76.0,1016.2,3.4,295.0,56.0
2015-03-01,0.0,4.2,8.9,84.0,1016.6,3.4,159.0,87.0
2015-03-02,1.8,5.2,10.1,90.0,1011.9,2.8,58.0,76.0
2015-03-03,2.8,0.4,12.1,65.0,1020.4,4.7,16.0,26.0
2015-03-04,2.8,1.2,12.7,69.0,1021.3,4.6,29.0,75.0
2015-03-05,0.0,3.3,11.7,45.0,1021.8,10.1,22.0,49.0
2015-03-06,0.0,-0.6,13.0,42.0,1029.5,5.3,2.0,0.0
2015-03-07,0.0,2.7,11.7,63.0,1031.5,3.8,306.0,10.0
2015-03-08,0.0,-0.4,13.1,63.0,1027.9,4.2,70.0,29.0
2015-03-09,0.0,-0.5,10.9,64.0,1026.2,3.6,334.0,48.0
2015-03-10,0.0,1.2,14.1,65.0,1024.2,3.3,245.0,20.0
2015-03-11,2.3,4.0,14.0,74.0,1020.2,3.6,28.0,40.0
2015-03-12,0.0,0.1,12.9,53.0,1021.7,5.8,326.0,4.0
2015-03-13,0.0,4.6,10.9,64.0,1019.5,4.0,219.0,48.0
2015-03-14,0.3,3.4,11.1,73.0,1021.1,3.8,155.0,72.0
2015-03-15,0.0,2.4,11.6,72.0,1026.4,5.9,47.0,77.0
2015-03-16,17.2,5.4,8.2,82.0,1029.2,7.2,27.0,100.0
2015-03-17,3.4,6.7,16.3,71.0,1027.8,6.3,27.0,97.0
2015-03-18,0.0,3.1,14.4,70.0,1024.6,4.2,58.0,32.0
2015-03-19,0.0,3.0,14.3,71.0,1022.6,3.5,204.0,28.0
2015-03-20,0.0,5.4,13.6,71.0,1023.9,4.3,169.0,58.0
2015-03-21,0.3,1.2,11.7,80.0,1019.7,3.7,140.0,59.0
2015-03-22,5.4,5.4,12.2,83.0,1016.8,5.0,39.0,74.0
2015-03-23,0.0,3.6,13.8,73.0,1016.6,3.8,28.0,54.0
2015-03-24,0.0,2.3,14.5,76.0,1013.6,4.9,106.0,51.0
2015-03-25,23.5,4.4,11.4,84.0,1006.4,7.8,22.0,99.0
2015-03-26,36.7,8.5,11.1,88.0,1006.0,7.0,21.0,100.0
2015-03-27,1.4,7.9,14.0,81.0,1008.7,4.0,9.0,89.0
2015-03-28,0.0,1.8,15.7,64.0,1015.3,5.5,280.0,6.0
2015-03-29,0.0,4.8,14.4,74.0,1012.4,4.2,171.0,73.0
2015-03-30,3.3,5.4,16.8,78.0,1004.3,4.9,75.0,52.0
2015-03-31,3.2,5.3,16.0,84.0,1007.1,5.4,158.0,52.0
2015-04-01,0.2,3.2,16.0,59.0,1010.3,5.8,342.0,9.0
2015-04-02,0.5,3.9,14.3,55.0,1014.0,6.1,241.0,28.0
2015-04-03,0.0,3.4,11.6,56.0,1017.4,7.5,233.0,34.0
2015-04-04,2.9,4.9,8.9,77.0,1013.4,4.6,85.0,99.0
2015-04-05,0.2,4.4,13.4,59.0,1012.1,7.6,55.0,76.0
2015-04-06,0.3,-1.3,12.3,46.0,1019.8,3.7,357.0,29.0
2015-04-07,0.0,0.7,14.3,41.0,1027.6,4.5,1.0,15.0
2015-04-08,0.0,0.9,15.0,56.0,1027.5,4.6,329.0,5.0
2015-04-09,0.0,5.1,15.8,67.0,1028.6,3.9,181.0,3.0
2015-04-10,0.0,4.4,16.7,72.0,1026.8,4.4,161.0,33.0
2015-04-11,0.6,4.9,16.7,75.0,1024.8,4.5,153.0,45.0
2015-04-12,0.0,4.8,19.3,73.0,1028.5,4.1,254.0,16.0
2015-04-13,0.4,5.8,20.7,76.0,1026.3,4.7,219.0,24.0
2015-04-14,0.0,7.1,19.5,75.0,1024.7,4.8,204.0,93.0
2015-04-15,0.0,6.9,20.6,73.0,1022.5,4.3,176.0,29.0
2015-04-16,0.1,7.7,20.1,75.0,1017.6,4.7,145.0,49.0
2015-04-17,8.1,10.6,13.7,91.0,1014.9,4.4,168.0,90.0
2015-04-18,7.4,7.4,14.8,90.0,1015.2,4.3,79.0,87.0
2015-04-19,0.0,4.9,13.5,71.0,1021.3,3.6,182.0,45.0
2015-04-20,0.0,3.4,17.0,68.0,1019.8,4.6,224.0,3.0
2015-04-21,0.0,5.1,20.7,66.0,1022.2,5.1,270.0,4.0
2015-04-22,0.1,6.0,21.4,68.0,1021.1,4.9,152.0,13.0
2015-04-23,3.1,9.0,18.9,70.0,1015.3,6.4,70.0,44.0
2015-04-24,4.5,8.3,17.9,71.0,1015.6,5.7,64.0,39.0
2015-04-25,0.2,8.6,16.9,80.0,1017.0,5.4,166.0,81.0
2015-04-26,4.4,10.5,17.2,87.0,1013.3,4.3,177.0,86.0
2015-04-27,14.3,12.4,15.5,93.0,1008.4,4.1,107.0,100.0
2015-04-28,3.6,11.3,17.9,85.0,1005.0,3.3,19.0,98.0
2015-04-29,0.0,5.2,16.0,68.0,1017.4,5.6,230.0,56.0
2015-04-30,2.9,7.7,16.1,77.0,1016.9,3.7,185.0,93.0
2015-05-01,6.3,10.4,14.8,88.0,1012.4,4.7,181.0,100.0
2015-05-02,3.8,12.1,18.5,84.0,1009.7,4.5,156.0,88.0
2015-05-03,8.3,13.1,17.1,91.0,1012.9,4.0,136.0,99.0
2015-05-04,6.8,13.7,18.4,92.0,1014.9,3.5,148.0,97.0
2015-05-05,0.0,13.1,20.9,88.0,1014.1,3.9,147.0,92.0
2015-05-06,5.8,12.9,23.0,83.0,1012.5,4.8,236.0,66.0
2015-05-07,2.3,11.4,22.8,67.0,1016.0,4.7,12.0,52.0
2015-05-08,3.2,11.9,22.6,66.0,1015.9,4.5,281.0,46.0
2015-05-09,5.9,12.0,24.6,71.0,1016.2,4.6,348.0,83.0
2015-05-10,0.0,10.1,23.2,66.0,1022.2,4.8,265.0,28.0
2015-05-11,0.0,12.3,22.4,71.0,1024.8,5.1,188.0,45.0
2015-05-12,0.0,13.9,22.7,72.0,1024.5,5.0,177.0,85.0
2015-05-13,0.4,13.1,22.9,74.0,1019.0,3.9,159.0,86.0
2015-05-14,4.6,14.7,22.1,78.0,1010.3,3.0,117.0,75.0
2015-05-15,28.6,15.0,17.9,86.0,1009.1,7.9,44.0,98.0
2015-05-16,2.7,12.5,23.4,71.0,1016.8,4.9,35.0,55.0
2015-05-17,1.0,13.3,24.1,70.0,1019.4,5.0,26.0,49.0
2015-05-18,0.1,12.4,23.9,70.0,1014.2,4.6,101.0,26.0
2015-05-19,6.7,12.8,23.3,74.0,1008.4,4.1,80.0,69.0
2015-05-20,25.9,14.2,20.2,89.0,1008.4,4.3,32.0,95.0
2015-05-21,3.3,10.0,18.5,70.0,1014.1,7.5,30.0,77.0
2015-05-22,9.3,9.7,16.0,80.0,1015.0,4.6,330.0,97.0
2015-05-23,17.5,11.1,14.9,87.0,1012.4,3.4,309.0,100.0
2015-05-24,0.8,9.5,20.4,70.0,1014.3,3.6,338.0,46.0
2015-05-25,1.3,9.6,21.1,73.0,1012.1,3.8,290.0,74.0
2015-05-26,5.9,10.4,20.1,84.0,1010.6,2.7,297.0,87.0
2015-05-27,4.2,10.0,19.7,70.0,1015.1,4.3,288.0,38.0
2015-05-28,0.9,10.3,19.3,75.0,1018.0,5.6,208.0,49.0
2015-05-29,0.9,10.7,20.6,75.0,1015.7,4.8,190.0,50.0
2015-05-30,3.4,11.6,21.5,77.0,1014.3,3.8,172.0,56.0
2015-05-31,5.8,12.9,21.9,77.0,1017.7,4.3,51.0,81.0
2015-06-01,0.9,11.6,23.4,74.0,1018.1,4.0,192.0,74.0
2015-06-02,2.6,13.3,24.2,80.0,1019.1,3.7,216.0,44.0
2015-06-03,2.2,13.7,28.1,75.0,1021.0,3.7,262.0,20.0
2015-06-04,2.7,15.5,29.8,71.0,1021.9,4.1,325.0,30.0
2015-06-05,0.6,18.7,28.6,70.0,1021.3,4.1,317.0,43.0
2015-06-06,0.4,18.0,29.1,72.0,1021.1,4.6,288.0,17.0
2015-06-07,1.4,18.3,29.6,70.0,1021.2,4.5,8.0,20.0
2015-06-08,0.6,17.8,28.1,60.0,1017.6,4.7,13.0,77.0
2015-06-09,0.0,15.3,27.9,61.0,1015.2,4.3,11.0,66.0
2015-06-10,0.5,17.8,27.0,60.0,1018.7,3.8,4.0,52.0
2015-06-11,0.0,14.6,28.1,62.0,1017.3,4.3,284.0,24.0
2015-06-12,1.3,16.2,27.0,68.0,1015.9,5.4,226.0,60.0
2015-06-13,2.8,17.4,27.3,70.0,1014.8,4.3,218.0,55.0
2015-06-14,23.6,16.5,22.8,84.0,1012.3,4.9,33.0,94.0
2015-06-15,8.0,13.7,23.4,81.0,1012.3,4.0,180.0,59.0
2015-06-16,14.4,14.8,23.3,86.0,1014.8,3.1,30.0,82.0
2015-06-17,2.7,16.0,22.3,75.0,1015.9,4.4,104.0,71.0
2015-06-18,2.6,16.2,21.8,76.0,1015.7,4.0,214.0,80.0
2015-06-19,33.7,15.1,20.6,87.0,1012.0,3.4,13.0,77.0
2015-06-20,4.9,13.2,20.7,72.0,1014.4,3.9,2.0,56.0
2015-06-21,2.1,10.6,19.9,76.0,1017.3,3.9,266.0,74.0
2015-06-22,1.2,13.0,21.7,79.0,1016.2,4.9,200.0,86.0
2015-06-23,27.2,14.2,21.4,83.0,1009.1,4.0,72.0,95.0
2015-06-24,1.4,12.3,21.1,72.0,1018.8,3.8,216.0,45.0
2015-06-25,1.8,12.4,21.9,75.0,1022.1,4.2,221.0,60.0
2015-06-26,0.5,12.3,24.0,75.0,1019.8,4.5,243.0,38.0
2015-06-27,6.8,16.5,24.5,80.0,1017.6,3.7,289.0,82.0
2015-06-28,0.0,14.0,25.9,74.0,1017.6,4.2,318.0,30.0
2015-06-29,0.4,16.6,24.7,74.0,1020.9,3.5,234.0,76.0
2015-06-30,0.2,16.1,26.8,72.0,1020.8,3.6,244.0,33.0
2015-07-01,0.1,16.6,27.4,73.0,1021.1,4.3,172.0,29.0
2015-07-02,1.7,17.6,28.4,74.0,1022.2,3.7,191.0,50.0
2015-07-03,3.6,18.1,30.0,77.0,1024.2,3.4,281.0,55.0
2015-07-04,1.6,19.9,30.2,76.0,1022.8,4.4,217.0,35.0
2015-07-05,2.0,19.8,30.4,79.0,1019.4,3.3,253.0,53.0
2015-07-06,1.3,20.8,31.4,80.0,1018.3,3.2,177.0,55.0
2015-07-07,1.0,20.7,31.8,77.0,1016.0,4.4,213.0,71.0
2015-07-08,24.3,21.8,28.4,84.0,1009.7,4.0,3.0,64.0
2015-07-09,0.7,19.6,25.3,71.0,1013.1,5.3,64.0,39.0
2015-07-10,0.0,17.9,25.0,67.0,1019.0,5.0,203.0,18.0
2015-07-11,0.8,15.8,27.3,73.0,1017.5,4.4,206.0,13.0
2015-07-12,0.5,17.8,29.8,66.0,1015.9,2.7,324.0,32.0
2015-07-13,2.0,18.8,27.7,68.0,1014.3,4.1,18.0,73.0
2015-07-14,0.1,18.1,28.9,70.0,1016.0,4.1,227.0,24.0
2015-07-15,1.6,20.1,30.0,73.0,1017.2,2.9,335.0,56.0
2015-07-16,3.1,20.8,30.8,73.0,1018.1,3.3,339.0,86.0
2015-07-17,0.8,20.7,32.0,71.0,1017.9,4.2,297.0,75.0
2015-07-18,0.2,20.1,32.6,66.0,1016.8,4.0,323.0,42.0
2015-07-19,1.0,20.6,32.6,67.0,1013.7,5.1,298.0,46.0
2015-07-20,2.1,20.6,32.5,64.0,1012.6,4.2,3.0,32.0
2015-07-21,2.2,21.1,33.7,61.0,1014.4,3.6,349.0,21.0
2015-07-22,0.0,20.9,34.4,61.0,1013.6,4.5,340.0,22.0
2015-07-23,0.0,20.1,34.7,56.0,1010.6,4.4,349.0,33.0
2015-07-24,2.1,22.1,31.4,59.0,1010.9,4.2,25.0,80.0
2015-07-25,6.6,21.1,29.8,70.0,1008.5,4.0,332.0,56.0
2015-07-26,4.1,20.1,25.2,69.0,1011.5,6.0,65.0,75.0
2015-07-27,4.5,18.4,25.5,76.0,1007.0,3.6,80.0,57.0
2015-07-28,3.7,20.0,26.3,70.0,1008.1,5.4,62.0,67.0
2015-07-29,30.3,19.6,25.6,79.0,1007.8,4.9,72.0,69.0
2015-07-30,7.8,19.5,22.5,72.0,1010.7,7.1,60.0,82.0
2015-07-31,0.7,18.9,24.7,61.0,1014.4,6.0,78.0,70.0
2015-08-01,2.6,15.2,26.2,64.0,1015.6,5.0,45.0,74.0
2015-08-02,4.4,18.4,25.1,76.0,1016.7,3.0,280.0,60.0
2015-08-03,0.0,16.8,28.9,70.0,1017.1,3.7,26.0,18.0
2015-08-04,2.3,18.4,30.1,70.0,1015.2,4.4,294.0,46.0
2015-08-05,0.3,19.2,31.5,65.0,1016.0,4.4,355.0,36.0
2015-08-06,0.0,19.0,33.0,64.0,1016.3,4.0,350.0,21.0
2015-08-07,0.1,20.2,33.4,65.0,1016.5,4.4,20.0,21.0
2015-08-08,1.8,21.3,31.3,69.0,1017.4,5.6,349.0,82.0
2015-08-09,0.0,21.0,33.1,57.0,1015.9,6.3,22.0,31.0
2015-08-10,0.0,20.3,31.6,53.0,1013.8,6.6,44.0,27.0
2015-08-11,0.0,18.3,31.0,57.0,1014.0,5.6,34.0,17.0
2015-08-12,0.0,18.9,32.8,56.0,1016.8,4.2,348.0,12.0
2015-08-13,0.0,19.1,33.9,54.0,1015.2,4.3,330.0,7.0
2015-08-14,0.0,19.6,33.2,54.0,1010.7,4.7,338.0,47.0
2015-08-15,1.2,20.5,29.2,60.0,1009.0,3.6,7.0,81.0
2015-08-16,3.6,19.8,26.1,69.0,1008.3,3.3,333.0,96.0
2015-08-17,8.8,18.8,25.8,76.0,1008.3,3.3,259.0,92.0
2015-08-18,3.0,15.8,25.0,76.0,1012.0,3.4,338.0,72.0
2015-08-19,5.8,17.6,22.6,78.0,1014.4,3.7,38.0,98.0
2015-08-20,2.0,14.3,25.8,71.0,1018.5,3.9,335.0,43.0
2015-08-21,3.6,15.3,23.7,72.0,1022.0,3.6,354.0,64.0
2015-08-22,0.8,14.0,23.8,68.0,1019.2,3.4,343.0,44.0
2015-08-23,0.0,15.7,23.8,69.0,1015.0,4.4,218.0,71.0
2015-08-24,13.8,17.5,19.9,84.0,1013.9,4.2,27.0,93.0
2015-08-25,8.1,18.2,24.2,85.0,1015.1,3.8,63.0,76.0
2015-08-26,0.0,15.1,26.4,74.0,1018.8,4.5,37.0,28.0
2015-08-27,0.0,15.9,27.4,76.0,1017.8,4.4,204.0,28.0
2015-08-28,0.0,17.3,27.9,81.0,1019.6,3.7,178.0,36.0
2015-08-29,0.0,17.8,31.4,71.0,1022.0,3.3,14.0,10.0
2015-08-30,0.0,17.4,31.3,66.0,1020.8,3.3,357.0,20.0
2015-08-31,0.0,17.5,28.7,76.0,1017.7,5.0,211.0,8.0
2015-09-01,0.0,17.4,28.5,76.0,1013.2,5.1,207.0,13.0
2015-09-02,6.9,18.4,25.3,81.0,1012.0,4.3,23.0,56.0
2015-09-03,3.1,16.7,25.2,76.0,1011.9,4.3,12.0,71.0
2015-09-04,8.9,14.9,24.7,81.0,1012.4,3.9,16.0,53.0
2015-09-05,13.5,15.7,22.7,82.0,1011.2,3.5,34.0,74.0
2015-09-06,0.2,10.5,21.2,69.0,1017.2,4.5,320.0,21.0
2015-09-07,0.0,14.0,20.3,64.0,1020.7,4.6,1.0,44.0
2015-09-08,0.0,10.4,21.2,67.0,1021.2,4.2,286.0,26.0
2015-09-09,2.0,13.0,20.0,70.0,1018.7,3.9,28.0,62.0
2015-09-10,1.0,11.9,21.1,65.0,1017.7,4.6,46.0,70.0
2015-09-11,0.1,10.7,21.3,65.0,1019.6,4.2,235.0,46.0
2015-09-12,0.0,12.1,21.8,75.0,1021.5,4.4,221.0,46.0
2015-09-13,9.4,15.4,21.7,84.0,1017.8,3.9,53.0,93.0
2015-09-14,46.4,16.6,21.5,90.0,1010.8,5.5,32.0,89.0
2015-09-15,1.2,16.8,23.4,82.0,1011.7,4.8,0.0,77.0
2015-09-16,0.4,14.3,23.2,84.0,1011.1,4.6,75.0,88.0
2015-09-17,3.4,17.9,25.1,89.0,1010.1,4.0,69.0,63.0
2015-09-18,1.7,17.7,23.9,89.0,1013.7,3.5,39.0,64.0
2015-09-19,0.2,14.4,25.1,73.0,1016.2,4.0,18.0,64.0
2015-09-20,1.0,14.2,23.4,69.0,1015.6,4.7,354.0,44.0
2015-09-21,0.6,14.0,18.9,72.0,1016.0,3.6,345.0,61.0
2015-09-22,0.0,13.0,19.3,69.0,1010.7,3.5,36.0,85.0
2015-09-23,22.0,11.8,17.2,82.0,1007.5,6.3,13.0,99.0
2015-09-24,2.5,11.5,16.9,76.0,1013.2,7.7,344.0,95.0
2015-09-25,2.9,11.9,20.1,80.0,1014.8,4.6,342.0,72.0
2015-09-26,11.5,14.3,20.4,82.0,1018.3,3.6,358.0,77.0
2015-09-27,1.4,14.4,19.0,77.0,1022.6,2.9,26.0,90.0
2015-09-28,0.0,11.7,18.7,63.0,1026.4,5.0,54.0,49.0
2015-09-29,0.0,6.9,18.4,63.0,1027.1,4.8,31.0,15.0
2015-09-30,0.5,9.0,17.3,63.0,1027.8,7.2,55.0,51.0
2015-10-01,0.0,12.0,17.4,58.0,1027.5,7.7,40.0,91.0
2015-10-02,10.1,10.9,17.2,75.0,1025.0,5.5,11.0,96.0
2015-10-03,7.8,13.9,18.7,85.0,1021.9,4.3,58.0,83.0
2015-10-04,17.1,13.4,17.2,94.0,1019.5,3.2,43.0,86.0
2015-10-05,0.0,10.2,19.8,82.0,1016.5,4.0,1.0,47.0
2015-10-06,4.9,13.5,17.7,80.0,1012.1,3.7,8.0,84.0
2015-10-07,3.0,11.3,20.2,82.0,1009.8,3.0,351.0,83.0
2015-10-08,1.1,12.4,20.8,81.0,1015.1,3.4,330.0,75.0
2015-10-09,1.6,11.3,19.9,82.0,1017.4,3.2,17.0,89.0
2015-10-10,0.8,11.9,18.8,77.0,1011.6,5.5,48.0,99.0
2015-10-11,4.3,12.5,18.9,79.0,1007.0,3.6,304.0,76.0
2015-10-12,1.1,11.6,16.9,82.0,1014.1,4.6,207.0,85.0
2015-10-13,13.2,12.4,14.1,90.0,1014.1,4.0,53.0,99.0
2015-10-14,23.1,12.3,14.6,88.0,1008.7,6.2,42.0,99.0
2015-10-15,17.9,10.8,15.8,84.0,1008.9,5.6,44.0,86.0
2015-10-16,18.6,8.1,13.0,86.0,1014.1,4.8,39.0,73.0
2015-10-17,0.0,3.7,13.8,79.0,1018.3,3.8,4.0,63.0
2015-10-18,0.0,9.2,14.5,79.0,1017.9,3.5,93.0,83.0
2015-10-19,4.7,8.9,16.0,80.0,1014.5,3.5,25.0,50.0
2015-10-20,0.0,3.0,15.1,74.0,1016.8,4.7,329.0,6.0
2015-10-21,0.0,5.2,15.3,71.0,1017.7,3.6,353.0,24.0
2015-10-22,0.0,3.2,14.9,72.0,1014.6,4.4,301.0,7.0
2015-10-23,0.0,8.9,16.0,72.0,1020.0,3.2,280.0,19.0
2015-10-24,0.0,6.7,17.4,79.0,1022.1,3.1,312.0,20.0
2015-10-25,0.0,6.8,17.8,79.0,1021.7,2.4,342.0,95.0
2015-10-26,0.0,6.8,18.1,77.0,1022.0,3.7,7.0,10.0
2015-10-27,0.0,6.2,17.5,79.0,1020.6,3.4,2.0,5.0
2015-10-28,4.2,6.2,13.8,87.0,1018.6,3.4,11.0,88.0
2015-10-29,23.9,12.0,15.1,89.0,1015.6,5.2,18.0,100.0
2015-10-30,0.0,9.6,18.3,82.0,1023.3,2.9,359.0,22.0
2015-10-31,0.0,6.3,18.6,71.0,1029.3,4.8,21.0,8.0
2015-11-01,0.0,4.2,17.4,66.0,1032.8,4.3,8.0,0.0
2015-11-02,0.0,3.1,16.1,66.0,1032.0,3.1,334.0,0.0
2015-11-03,0.0,4.5,15.2,68.0,1028.5,2.7,294.0,5.0
2015-11-04,0.0,6.9,14.5,78.0,1022.9,3.1,1.0,66.0
2015-11-05,0.0,5.5,17.0,82.0,1020.9,2.7,326.0,8.0
2015-11-06,0.0,5.2,18.9,82.0,1023.5,3.0,332.0,30.0
2015-11-07,0.0,6.2,19.0,79.0,1026.9,3.0,327.0,30.0
2015-11-08,0.0,6.9,19.8,81.0,1029.0,2.3,325.0,35.0
2015-11-09,0.0,7.4,17.2,87.0,1026.0,2.9,339.0,17.0
2015-11-10,0.0,7.4,17.5,87.0,1024.5,2.4,322.0,61.0
2015-11-11,0.0,8.5,18.1,85.0,1023.6,2.8,346.0,37.0
2015-11-12,0.0,5.9,18.6,83.0,1025.2,3.0,340.0,21.0
2015-11-13,0.0,6.3,15.4,86.0,1026.8,2.5,146.0,39.0
2015-11-14,0.0,8.6,13.9,91.0,1025.8,1.8,195.0,93.0
2015-11-15,0.0,6.4,11.8,92.0,1020.5,2.5,229.0,88.0
2015-11-16,0.0,7.5,14.3,87.0,1019.0,2.5,249.0,49.0
2015-11-17,0.0,8.0,12.8,85.0,1019.7,2.5,170.0,70.0
2015-11-18,0.0,7.6,11.0,93.0,1021.0,2.7,162.0,80.0
2015-11-19,0.0,7.0,11.8,92.0,1022.0,2.8,166.0,71.0
2015-11-20,4.7,8.3,10.2,97.0,1013.5,3.0,163.0,99.0
2015-11-21,15.0,4.9,10.8,92.0,993.5,3.5,72.0,100.0
2015-11-22,2.0,1.1,7.7,86.0,1001.5,4.1,287.0,83.0
2015-11-23,0.7,-0.6,8.2,77.0,1019.0,5.5,15.0,75.0
2015-11-24,0.0,-2.0,7.7,67.0,1023.4,4.5,9.0,1.0
2015-11-25,0.0,1.1,5.4,70.0,1012.3,2.7,11.0,84.0
2015-11-26,0.2,0.6,8.2,78.0,1006.1,3.8,343.0,86.0
2015-11-27,0.0,-2.4,9.3,70.0,1011.9,5.0,335.0,5.0
2015-11-28,0.0,3.2,7.5,75.0,1012.8,3.1,282.0,29.0
2015-11-29,0.0,0.8,9.0,76.0,1022.4,3.6,325.0,49.0
2015-11-30,0.0,3.3,8.5,83.0,1023.9,3.0,60.0,25.0
2015-12-01,0.0,3.8,9.4,85.0,1023.9,2.9,344.0,41.0
2015-12-02,0.0,2.1,11.8,86.0,1028.3,2.2,311.0,5.0
2015-12-03,0.0,1.0,11.3,85.0,1030.8,2.1,317.0,22.0
2015-12-04,0.0,2.4,8.1,89.0,1032.9,2.2,346.0,68.0
2015-12-05,0.0,4.4,11.8,86.0,1035.3,3.0,336.0,49.0
2015-12-06,0.1,4.1,7.7,91.0,1035.1,2.3,23.0,43.0
2015-12-07,0.0,2.1,10.3,89.0,1036.4,2.7,346.0,32.0
2015-12-08,0.0,-0.5,10.8,84.0,1034.1,2.4,339.0,15.0
2015-12-09,0.0,1.4,9.8,84.0,1032.2,2.9,330.0,32.0
2015-12-10,0.0,-1.3,10.9,80.0,1034.9,3.7,334.0,10.0
2015-12-11,0.0,1.5,7.7,75.0,1031.1,2.2,319.0,27.0
2015-12-12,0.0,1.6,6.8,79.0,1026.4,2.4,336.0,59.0
2015-12-13,0.0,2.1,6.0,76.0,1024.1,2.7,9.0,55.0
2015-12-14,0.0,2.5,8.3,72.0,1025.1,2.8,343.0,43.0
2015-12-15,0.0,3.7,8.5,79.0,1027.0,2.4,339.0,23.0
2015-12-16,0.4,0.7,10.5,80.0,1029.7,2.2,330.0,85.0
2015-12-17,1.8,2.4,10.5,82.0,1030.1,2.7,333.0,52.0
2015-12-18,0.0,2.4,9.5,85.0,1027.5,2.2,336.0,28.0
2015-12-19,0.0,-0.2,11.6,79.0,1027.0,2.3,331.0,11.0
2015-12-20,0.0,3.9,10.7,78.0,1028.8,2.8,346.0,1.0
2015-12-21,0.0,4.2,7.0,91.0,1031.7,2.4,12.0,56.0
2015-12-22,0.0,3.0,9.4,95.0,1034.2,2.3,358.0,63.0
2015-12-23,0.4,3.2,7.4,96.0,1032.6,2.0,98.0,71.0
2015-12-24,0.1,3.4,8.5,92.0,1032.3,2.4,326.0,57.0
2015-12-25,0.0,0.8,10.0,91.0,1034.6,2.5,333.0,8.0
2015-12-26,0.0,-0.7,10.9,77.0,1034.0,2.1,323.0,1.0
2015-12-27,0.0,3.4,9.8,75.0,1033.2,2.2,323.0,2.0
2015-12-28,0.0,1.5,9.7,71.0,1031.7,2.4,327.0,3.0
2015-12-29,0.0,1.4,9.6,68.0,1028.0,2.5,341.0,1.0
2015-12-30,0.0,2.9,7.6,67.0,1030.1,3.1,49.0,9.0
2015-12-31,0.0,0.2,4.0,75.0,1029.0,2.4,151.0,51.0
2016-01-01,0.0,0.8,5.8,71.0,1026.2,2.4,69.0,43.0
2016-01-02,2.8,-0.5,3.6,84.0,1020.0,3.6,34.0,93.0
2016-01-03,5.8,0.5,4.5,86.0,1009.8,4.5,176.0,86.0
2016-01-04,2.9,-1.2,3.3,84.0,1000.9,2.9,113.0,69.0
2016-01-05,0.8,-0.5,5.3,84.0,1000.8,2.9,360.0,45.0
2016-01-06,0.0,0.3,7.4,81.0,1000.6,3.3,332.0,68.0
2016-01-07,0.2,-1.4,6.8,80.0,1003.1,3.2,6.0,47.0
2016-01-08,0.0,1.1,8.7,80.0,1008.3,3.6,21.0,70.0
2016-01-09,7.0,5.6,7.0,81.0,1007.8,2.5,4.0,96.0
2016-01-10,2.6,2.2,8.4,89.0,1004.0,3.6,16.0,76.0
2016-01-11,16.0,6.0,9.6,93.0,997.7,3.8,310.0,93.0
2016-01-12,0.1,0.8,9.4,87.0,1000.0,3.9,351.0,70.0
2016-01-13,0.3,-1.7,10.4,82.0,1011.0,3.9,336.0,44.0
2016-01-14,0.4,-2.2,7.0,78.0,1015.4,4.1,12.0,73.0
2016-01-15,0.0,-1.8,7.3,81.0,1008.9,4.2,336.0,47.0
2016-01-16,0.0,-4.1,7.7,65.0,1013.5,4.3,351.0,15.0
2016-01-17,0.0,-1.7,6.2,43.0,1015.9,4.8,330.0,21.0
2016-01-18,0.0,-2.9,4.3,44.0,1020.0,4.9,335.0,6.0
2016-01-19,0.0,-1.7,3.0,69.0,1017.9,3.0,85.0,31.0
2016-01-20,0.0,-1.8,3.5,75.0,1018.2,2.9,101.0,9.0
2016-01-21,0.0,-2.5,6.3,69.0,1022.6,3.0,18.0,4.0
2016-01-22,0.0,-1.0,5.0,69.0,1031.7,3.2,34.0,30.0
2016-01-23,0.1,1.3,5.9,78.0,1032.5,3.0,333.0,52.0
2016-01-24,0.0,-1.3,6.5,81.0,1034.2,2.9,329.0,44.0
2016-01-25,0.0,0.6,6.8,81.0,1031.1,2.2,320.0,23.0
2016-01-26,0.0,0.8,8.8,84.0,1029.1,2.1,348.0,44.0
2016-01-27,0.0,-0.4,9.4,84.0,1028.6,2.8,14.0,35.0
2016-01-28,0.0,1.9,8.3,94.0,1028.1,2.6,17.0,68.0
2016-01-29,0.0,1.0,9.5,93.0,1029.9,2.5,51.0,54.0
2016-01-30,3.0,5.6,7.9,95.0,1027.2,2.4,216.0,78.0
2016-01-31,0.4,5.5,10.3,92.0,1015.7,3.7,146.0,84.0
2016-02-01,0.0,6.3,10.4,94.0,1021.0,2.5,142.0,90.0
2016-02-02,1.0,6.4,9.2,96.0,1025.0,2.6,155.0,98.0
2016-02-03,8.8,5.9,7.5,97.0,1016.6,3.0,54.0,98.0
2016-02-04,0.1,0.2,11.0,66.0,1021.6,5.0,348.0,47.0
2016-02-05,0.0,1.4,9.8,74.0,1025.5,4.3,17.0,13.0
2016-02-06,0.0,0.4,9.4,80.0,1028.6,4.3,3.0,47.0
2016-02-07,22.3,3.4,7.3,95.0,1019.0,3.3,39.0,100.0
2016-02-08,21.3,6.6,9.0,95.0,1014.7,4.2,204.0,99.0
2016-02-09,12.4,5.0,8.0,96.0,1011.1,2.9,109.0,93.0
2016-02-10,13.6,1.1,10.8,78.0,994.9,4.9,303.0,84.0
2016-02-11,0.0,-1.8,9.8,67.0,1007.0,4.9,344.0,15.0
2016-02-12,3.0,0.5,8.2,81.0,1005.7,5.0,48.0,93.0
2016-02-13,1.4,0.6,8.4,82.0,996.5,4.7,63.0,72.0
2016-02-14,9.0,2.0,7.1,87.0,995.1,4.6,6.0,89.0
2016-02-15,3.5,3.1,12.3,81.0,1003.8,4.9,34.0,96.0
2016-02-16,5.7,6.0,12.1,72.0,1021.8,7.6,31.0,97.0
2016-02-17,25.8,5.4,7.6,86.0,1019.9,5.8,41.0,100.0
2016-02-18,0.0,0.8,13.5,77.0,1014.4,4.2,342.0,33.0
2016-02-19,3.9,2.4,8.4,85.0,1015.3,4.2,22.0,89.0
2016-02-20,1.0,-0.9,10.8,71.0,1023.1,5.8,304.0,53.0
2016-02-21,0.0,1.7,9.3,80.0,1021.1,4.1,57.0,44.0
2016-02-22,1.6,3.6,9.1,89.0,1018.8,3.2,102.0,84.0
2016-02-23,2.4,6.8,11.1,91.0,1011.5,3.0,239.0,97.0
2016-02-24,2.0,2.7,10.9,72.0,1014.0,5.1,33.0,59.0
2016-02-25,0.0,4.1,7.7,75.0,1011.7,3.2,155.0,96.0
2016-02-26,1.4,2.5,8.4,79.0,1011.0,4.0,43.0,83.0
2016-02-27,7.5,3.0,7.0,80.0,1010.9,5.4,40.0,100.0
2016-02-28,39.8,6.3,9.8,88.0,1010.1,8.3,27.0,100.0
2016-02-29,34.8,5.1,9.8,86.0,1005.9,9.1,30.0,98.0
2016-03-01,3.9,3.4,13.0,83.0,1011.1,3.7,303.0,67.0
2016-03-02,2.2,2.6,11.3,85.0,1009.7,4.2,125.0,94.0
2016-03-03,40.0,3.2,6.0,83.0,997.6,9.2,3.0,100.0
2016-03-04,0.0,-4.9,9.6,72.0,1004.1,5.2,298.0,63.0
2016-03-05,47.2,1.9,7.9,89.0,1002.5,6.2,52.0,100.0
2016-03-06,5.5,4.3,9.6,87.0,1000.2,2.7,101.0,86.0
2016-03-07,6.1,0.2,7.8,82.0,1002.1,5.0,21.0,70.0
2016-03-08,4.2,0.2,8.7,82.0,1008.8,6.0,33.0,97.0
2016-03-09,8.9,3.3,9.4,75.0,1011.2,5.8,16.0,81.0
2016-03-10,0.0,-1.1,14.0,69.0,1009.8,4.5,358.0,67.0
2016-03-11,0.0,1.7,12.6,71.0,1015.8,3.4,342.0,93.0
2016-03-12,0.0,3.7,14.6,66.0,1019.1,3.9,44.0,68.0
2016-03-13,0.0,0.7,14.3,62.0,1020.2,7.6,35.0,24.0
2016-03-14,0.0,0.3,13.5,60.0,1023.0,5.4,45.0,27.0
2016-03-15,3.7,2.9,9.4,73.0,1018.7,3.8,30.0,76.0
2016-03-16,1.6,0.9,10.8,65.0,1023.2,7.8,54.0,89.0
2016-03-17,0.0,-0.5,13.0,65.0,1025.8,5.0,17.0,17.0
2016-03-18,0.0,-0.6,14.4,76.0,1017.8,3.5,243.0,0.0
2016-03-19,0.0,0.5,15.8,77.0,1015.5,3.5,351.0,1.0
2016-03-20,0.3,2.9,15.2,81.0,1015.8,3.7,151.0,37.0
2016-03-21,5.0,6.9,14.6,86.0,1013.8,3.8,42.0,59.0
2016-03-22,0.3,6.4,14.5,76.0,1008.0,5.7,73.0,53.0
2016-03-23,0.0,3.1,14.8,57.0,1000.4,8.0,45.0,56.0
2016-03-24,0.8,1.8,13.2,62.0,1007.9,4.2,238.0,19.0
2016-03-25,2.5,6.2,12.0,77.0,1016.4,4.2,128.0,96.0
2016-03-26,0.0,5.2,13.8,76.0,1017.7,4.0,217.0,59.0
2016-03-27,1.0,5.5,12.0,85.0,1016.2,3.4,112.0,86.0
2016-03-28,0.7,7.8,12.9,84.0,1013.3,4.8,168.0,93.0
2016-03-29,1.9,7.0,15.1,87.0,1013.9,4.0,123.0,82.0
2016-03-30,0.2,7.7,15.6,86.0,1018.0,5.3,135.0,79.0
2016-03-31,0.1,7.9,16.5,87.0,1017.5,4.7,84.0,84.0
2016-04-01,0.3,7.3,17.3,86.0,1016.0,4.5,73.0,87.0
2016-04-02,0.0,8.8,20.0,77.0,1019.7,4.0,27.0,84.0
2016-04-03,0.0,5.9,19.4,78.0,1018.1,4.0,104.0,67.0
2016-04-04,0.0,7.2,17.1,83.0,1015.0,3.4,166.0,67.0
2016-04-05,0.0,6.5,19.5,80.0,1012.1,4.0,104.0,21.0
2016-04-06,0.2,7.6,19.6,82.0,1011.3,3.8,173.0,65.0
2016-04-07,0.1,8.2,19.5,75.0,1008.8,4.6,44.0,45.0
2016-04-08,16.4,8.1,18.1,79.0,1003.1,6.2,15.0,96.0
2016-04-09,19.0,9.9,13.1,83.0,1002.9,4.7,17.0,100.0
2016-04-10,0.3,6.0,17.2,79.0,1007.8,3.4,233.0,63.0
2016-04-11,0.2,7.1,18.2,83.0,1011.9,4.5,166.0,48.0
2016-04-12,0.0,7.8,18.6,81.0,1012.8,5.9,151.0,55.0
2016-04-13,3.0,8.9,17.8,81.0,1009.3,5.3,89.0,64.0
2016-04-14,10.3,10.0,17.8,82.0,1008.6,4.5,260.0,64.0
2016-04-15,0.3,7.8,17.0,78.0,1013.2,5.6,102.0,65.0
2016-04-16,0.1,8.0,18.5,79.0,1012.5,5.3,157.0,61.0
2016-04-17,16.0,9.0,17.9,84.0,1011.8,4.8,150.0,85.0
2016-04-18,14.3,11.0,18.1,88.0,1013.5,5.0,34.0,73.0
2016-04-19,1.9,8.7,18.6,72.0,1017.1,5.9,301.0,31.0
2016-04-20,4.3,10.8,15.8,78.0,1024.1,4.0,202.0,43.0
2016-04-21,0.0,7.4,18.0,73.0,1024.4,5.3,192.0,48.0
2016-04-22,2.2,7.9,17.7,76.0,1016.2,3.8,151.0,88.0
2016-04-23,8.9,9.9,14.8,88.0,1007.2,3.3,78.0,89.0
2016-04-24,2.2,7.9,14.0,79.0,1002.8,5.0,53.0,100.0
2016-04-25,4.1,5.3,11.5,74.0,1007.8,4.4,223.0,66.0
2016-04-26,5.4,3.3,13.7,79.0,1008.4,5.3,82.0,58.0
2016-04-27,10.3,5.8,13.9,79.0,1006.2,4.6,74.0,75.0
2016-04-28,0.3,1.7,11.9,70.0,1014.8,5.7,55.0,82.0
2016-04-29,0.0,3.7,15.8,63.0,1018.4,4.9,50.0,30.0
2016-04-30,0.0,3.8,17.3,67.0,1017.3,4.6,106.0,45.0
2016-05-01,12.7,9.3,12.6,80.0,1012.9,6.1,20.0,98.0
2016-05-02,9.6,8.7,18.0,79.0,1012.7,5.9,351.0,92.0
2016-05-03,0.0,6.3,21.0,68.0,1013.0,5.9,299.0,47.0
2016-05-04,0.7,6.0,19.9,60.0,1016.9,5.5,346.0,49.0
2016-05-05,0.0,5.9,19.5,62.0,1021.4,5.4,18.0,34.0
2016-05-06,0.8,8.0,20.5,65.0,1018.7,4.2,8.0,19.0
2016-05-07,0.2,7.1,21.0,67.0,1014.4,4.6,169.0,10.0
2016-05-08,0.2,7.3,20.3,70.0,1014.8,4.9,197.0,13.0
2016-05-09,0.7,9.2,18.1,76.0,1018.1,4.4,238.0,75.0
2016-05-10,1.5,12.3,17.5,81.0,1015.6,3.9,169.0,98.0
2016-05-11,17.5,12.6,16.4,89.0,1009.7,4.7,55.0,100.0
2016-05-12,37.1,13.0,17.4,85.0,1000.1,5.7,356.0,89.0
2016-05-13,7.1,10.8,15.6,88.0,998.1,3.7,196.0,99.0
2016-05-14,12.5,11.1,18.4,89.0,1003.1,3.2,44.0,93.0
2016-05-15,11.8,9.9,16.9,83.0,1011.4,4.2,84.0,70.0
2016-05-16,7.8,8.9,15.1,74.0,1018.1,4.0,237.0,72.0
2016-05-17,0.9,5.7,17.7,74.0,1017.1,5.0,233.0,32.0
2016-05-18,0.7,8.1,17.9,74.0,1015.8,4.9,174.0,62.0
2016-05-19,8.7,10.0,15.0,86.0,1011.4,5.6,43.0,91.0
2016-05-20,0.0,8.4,21.8,69.0,1015.5,5.0,305.0,39.0
2016-05-21,0.0,9.2,22.1,71.0,1019.0,4.6,227.0,40.0
2016-05-22,0.0,10.8,23.5,74.0,1016.6,5.6,200.0,15.0
2016-05-23,26.8,12.1,19.2,85.0,1010.6,5.1,59.0,69.0
2016-05-24,1.2,10.1,18.3,79.0,1008.3,4.7,234.0,67.0
2016-05-25,0.6,9.3,21.9,77.0,1012.3,4.3,228.0,30.0
2016-05-26,1.0,10.9,22.8,78.0,1015.2,3.8,88.0,79.0
2016-05-27,0.1,12.5,24.3,77.0,1016.2,4.2,184.0,59.0
2016-05-28,0.0,13.2,24.3,75.0,1014.0,5.3,133.0,48.0
2016-05-29,20.8,14.6,21.3,84.0,1009.4,4.4,87.0,83.0
2016-05-30,10.7,13.9,19.6,90.0,1009.2,3.1,174.0,87.0
2016-05-31,11.4,11.9,20.4,86.0,1012.3,4.5,194.0,80.0
2016-06-01,12.1,12.7,19.5,83.0,1013.4,3.9,86.0,84.0
2016-06-02,6.6,12.5,20.2,88.0,1011.8,3.5,88.0,90.0
2016-06-03,2.6,10.6,20.9,83.0,1011.0,3.6,205.0,81.0
2016-06-04,3.7,13.1,21.4,84.0,1012.2,3.7,240.0,73.0
2016-06-05,11.1,12.9,21.7,86.0,1014.4,3.4,0.0,81.0
2016-06-06,2.5,12.1,24.0,76.0,1017.7,3.0,1.0,73.0
2016-06-07,3.0,12.7,25.1,73.0,1020.0,3.6,298.0,46.0
2016-06-08,15.0,13.9,24.3,82.0,1017.6,4.1,359.0,85.0
2016-06-09,18.7,15.8,20.0,85.0,1012.6,4.4,31.0,100.0
2016-06-10,0.0,13.2,22.6,74.0,1011.8,4.5,128.0,49.0
2016-06-11,14.2,15.1,21.9,87.0,1010.8,3.0,133.0,84.0
2016-06-12,3.1,14.7,22.6,81.0,1009.0,3.5,26.0,96.0
2016-06-13,5.2,13.2,23.2,79.0,1004.5,3.8,264.0,88.0
2016-06-14,19.4,13.7,20.5,87.0,1002.1,3.2,57.0,90.0
2016-06-15,13.0,15.2,22.4,80.0,1002.5,5.9,202.0,54.0
2016-06-16,8.0,15.4,23.8,82.0,1005.8,4.9,62.0,82.0
2016-06-17,11.5,16.8,23.2,73.0,1008.8,7.6,211.0,49.0
2016-06-18,2.0,13.0,23.0,65.0,1017.0,3.9,328.0,37.0
2016-06-19,3.4,13.4,22.6,74.0,1016.2,5.0,358.0,86.0
2016-06-20,1.7,14.5,23.0,70.0,1017.4,4.1,315.0,71.0
2016-06-21,0.1,14.7,24.5,76.0,1021.8,3.4,205.0,59.0
2016-06-22,0.0,14.8,28.3,74.0,1022.5,4.0,328.0,17.0
2016-06-23,0.0,17.1,30.1,73.0,1021.3,4.8,47.0,9.0
2016-06-24,0.1,18.8,31.2,74.0,1017.0,4.2,7.0,15.0
2016-06-25,2.0,20.4,29.9,73.0,1011.8,4.4,39.0,59.0
2016-06-26,7.7,18.6,27.0,76.0,1012.6,4.9,16.0,48.0
2016-06-27,13.6,17.5,25.6,74.0,1014.0,5.6,22.0,52.0
2016-06-28,0.0,16.4,24.7,69.0,1017.5,4.7,214.0,21.0
2016-06-29,0.0,15.7,26.0,73.0,1016.2,4.4,212.0,35.0
2016-06-30,5.3,16.9,27.3,74.0,1015.2,4.2,252.0,64.0
2016-07-01,2.8,17.3,26.9,72.0,1017.1,3.8,292.0,31.0
2016-07-02,1.5,17.4,26.9,77.0,1015.0,4.4,245.0,50.0
2016-07-03,6.8,17.9,23.1,78.0,1015.6,5.9,49.0,68.0
2016-07-04,0.7,18.3,24.9,68.0,1019.9,3.5,18.0,61.0
2016-07-05,0.9,14.9,27.2,70.0,1016.1,4.5,234.0,53.0
2016-07-06,1.1,16.9,27.6,70.0,1014.6,4.8,296.0,23.0
2016-07-07,0.1,17.9,25.8,73.0,1018.2,4.7,76.0,34.0
2016-07-08,2.0,17.9,26.5,73.0,1018.4,4.3,237.0,65.0
2016-07-09,0.3,17.7,28.9,76.0,1017.2,3.4,228.0,23.0
2016-07-10,2.6,19.8,29.9,73.0,1016.6,3.6,324.0,43.0
2016-07-11,2.6,19.3,29.3,79.0,1014.5,4.0,266.0,61.0
2016-07-12,7.7,20.4,28.3,79.0,1011.7,4.2,153.0,39.0
2016-07-13,15.4,18.8,27.4,80.0,1008.5,4.9,12.0,46.0
2016-07-14,3.7,14.8,23.6,69.0,1009.9,5.0,337.0,42.0
2016-07-15,0.0,14.3,23.6,57.0,1016.8,4.8,23.0,82.0
2016-07-16,0.0,11.6,24.3,62.0,1018.3,4.5,309.0,36.0
2016-07-17,0.0,13.1,26.5,63.0,1018.8,4.4,247.0,14.0
2016-07-18,2.0,15.3,27.4,70.0,1019.5,3.2,213.0,16.0
2016-07-19,0.4,16.4,28.8,70.0,1019.4,3.6,267.0,18.0
2016-07-20,0.3,18.5,28.5,71.0,1017.6,3.9,193.0,25.0
2016-07-21,5.0,18.6,29.9,72.0,1015.7,3.7,231.0,51.0
2016-07-22,5.3,19.1,28.5,75.0,1015.1,4.6,339.0,59.0
2016-07-23,1.7,18.5,28.5,69.0,1016.4,4.7,300.0,61.0
2016-07-24,1.9,17.2,28.8,71.0,1016.5,4.5,292.0,87.0
2016-07-25,3.0,19.0,30.5,69.0,1015.3,4.1,5.0,76.0
2016-07-26,3.6,19.5,29.4,66.0,1015.9,4.1,319.0,84.0
2016-07-27,5.4,18.4,29.3,70.0,1015.5,4.5,352.0,65.0
2016-07-28,5.2,19.0,26.2,75.0,1015.4,3.6,358.0,64.0
2016-07-29,0.1,17.2,28.5,68.0,1015.2,3.8,294.0,37.0
2016-07-30,2.9,18.6,29.2,71.0,1015.0,4.0,272.0,42.0
2016-07-31,9.9,19.6,28.4,74.0,1013.6,4.6,309.0,58.0
2016-08-01,5.2,18.1,24.8,74.0,1014.6,5.9,20.0,69.0
2016-08-02,0.0,17.6,26.2,64.0,1017.9,3.8,235.0,76.0
2016-08-03,0.0,17.0,28.0,68.0,1016.5,4.1,246.0,36.0
2016-08-04,0.1,18.1,29.3,69.0,1014.3,3.7,313.0,31.0
2016-08-05,25.3,17.9,23.4,78.0,1011.6,5.3,0.0,83.0
2016-08-06,0.0,14.5,26.7,62.0,1018.7,5.9,353.0,64.0
2016-08-07,0.0,14.8,27.1,63.0,1023.7,5.5,25.0,5.0
2016-08-08,0.0,16.8,27.1,63.0,1021.1,4.3,335.0,12.0
2016-08-09,3.7,16.9,28.7,68.0,1015.5,3.6,336.0,82.0
2016-08-10,25.8,15.8,20.5,77.0,1013.6,6.7,19.0,81.0
2016-08-11,0.9,14.8,21.3,63.0,1019.7,3.8,25.0,46.0
2016-08-12,0.0,13.5,21.8,68.0,1024.6,4.0,242.0,65.0
2016-08-13,0.0,13.8,24.6,73.0,1025.0,4.1,223.0,13.0
2016-08-14,1.8,15.1,27.4,76.0,1022.4,3.7,219.0,27.0
2016-08-15,6.8,16.8,27.8,78.0,1019.6,3.5,312.0,57.0
2016-08-16,1.4,16.5,27.1,77.0,1015.7,4.4,316.0,51.0
2016-08-17,8.3,16.6,25.6,81.0,1011.1,4.3,354.0,58.0
2016-08-18,6.0,17.2,24.8,79.0,1011.2,3.6,225.0,71.0
2016-08-19,2.9,16.6,25.8,77.0,1012.5,3.7,44.0,54.0
2016-08-20,2.8,18.1,27.0,77.0,1015.6,3.7,304.0,72.0
2016-08-21,17.9,18.8,24.0,84.0,1015.8,3.9,34.0,80.0
2016-08-22,0.0,12.3,25.1,64.0,1022.2,5.7,329.0,7.0
2016-08-23,0.0,13.8,26.3,65.0,1024.3,4.4,300.0,1.0
2016-08-24,0.0,15.8,27.1,70.0,1023.0,3.7,201.0,4.0
2016-08-25,0.0,17.3,27.2,70.0,1021.0,4.2,95.0,23.0
2016-08-26,0.0,18.1,27.2,64.0,1020.6,4.7,65.0,25.0
2016-08-27,0.0,16.6,28.3,72.0,1020.6,4.0,49.0,12.0
2016-08-28,0.6,16.5,28.7,76.0,1018.6,4.4,244.0,13.0
2016-08-29,3.0,16.5,29.3,74.0,1016.7,4.1,325.0,48.0
2016-08-30,2.7,19.4,27.3,69.0,1020.0,5.2,15.0,83.0
2016-08-31,0.0,17.3,27.2,65.0,1020.9,5.0,46.0,11.0
2016-09-01,3.6,16.2,27.6,69.0,1020.2,3.5,335.0,28.0
2016-09-02,0.8,17.6,28.3,66.0,1019.7,4.2,328.0,36.0
2016-09-03,1.9,16.9,28.1,70.0,1018.9,3.7,334.0,74.0
2016-09-04,6.1,17.6,28.0,74.0,1016.8,4.3,314.0,82.0
2016-09-05,9.1,17.5,25.1,81.0,1014.0,4.1,346.0,66.0
2016-09-06,1.0,12.8,24.6,76.0,1018.2,4.8,349.0,31.0
2016-09-07,0.0,13.4,28.0,66.0,1020.0,6.9,23.0,13.0
2016-09-08,0.0,15.1,27.5,64.0,1015.8,5.6,44.0,15.0
2016-09-09,0.3,16.3,29.6,63.0,1015.3,4.6,19.0,16.0
2016-09-10,0.0,16.0,28.8,63.0,1016.0,4.4,4.0,19.0
2016-09-11,0.7,16.5,29.1,65.0,1016.9,5.4,18.0,46.0
2016-09-12,0.0,16.8,29.6,64.0,1019.2,5.2,7.0,47.0
2016-09-13,0.0,15.6,29.0,63.0,1016.8,4.1,357.0,11.0
2016-09-14,0.0,15.8,27.9,68.0,1014.8,4.2,318.0,12.0
2016-09-15,7.7,16.8,24.2,83.0,1016.3,3.5,27.0,69.0
2016-09-16,30.6,15.6,22.3,87.0,1015.3,3.1,31.0,93.0
2016-09-17,14.0,16.0,22.4,84.0,1010.5,3.1,326.0,83.0
2016-09-18,8.2,14.4,20.2,86.0,1011.1,3.5,19.0,80.0
2016-09-19,0.4,12.5,22.6,79.0,1009.5,4.7,308.0,64.0
2016-09-20,2.0,12.0,22.4,76.0,1012.5,4.4,343.0,52.0
2016-09-21,7.9,14.6,18.4,78.0,1016.1,4.2,53.0,79.0
2016-09-22,0.0,14.0,19.7,72.0,1021.0,3.4,308.0,64.0
2016-09-23,0.0,11.8,20.4,76.0,1024.5,3.6,340.0,51.0
2016-09-24,0.5,12.3,21.9,74.0,1025.7,3.3,339.0,36.0
2016-09-25,0.0,10.5,22.1,76.0,1021.3,3.6,331.0,11.0
2016-09-26,0.0,11.7,21.9,75.0,1020.5,3.2,352.0,24.0
2016-09-27,0.1,11.2,21.8,76.0,1024.0,3.4,335.0,26.0
2016-09-28,0.0,13.1,22.1,77.0,1028.7,3.6,242.0,51.0
2016-09-29,0.0,13.5,21.5,83.0,1026.2,3.7,180.0,75.0
2016-09-30,0.0,14.3,21.1,85.0,1020.4,3.6,113.0,57.0
2016-10-01,0.0,13.9,21.3,82.0,1016.6,4.9,239.0,85.0
2016-10-02,6.0,15.2,18.5,90.0,1014.4,3.4,55.0,94.0
2016-10-03,1.7,12.7,19.9,71.0,1019.5,4.5,6.0,34.0
2016-10-04,0.0,8.0,20.0,70.0,1021.5,4.1,329.0,37.0
2016-10-05,7.3,9.9,13.6,84.0,1020.9,4.5,353.0,72.0
2016-10-06,0.0,5.4,14.9,76.0,1016.8,4.5,257.0,21.0
2016-10-07,0.2,6.1,16.6,73.0,1014.7,3.3,348.0,62.0
2016-10-08,6.4,10.5,12.8,83.0,1017.9,2.8,63.0,90.0
2016-10-09,1.3,6.8,15.5,73.0,1020.5,6.0,27.0,70.0
2016-10-10,0.5,6.5,14.9,64.0,1019.0,6.1,28.0,56.0
2016-10-11,1.4,4.6,14.1,72.0,1014.0,4.2,354.0,53.0
2016-10-12,0.0,2.1,15.3,70.0,1014.4,4.2,309.0,23.0
2016-10-13,1.3,4.0,13.9,81.0,1018.5,4.2,21.0,93.0
2016-10-14,31.6,10.2,14.7,87.0,1016.5,5.9,25.0,100.0
2016-10-15,43.1,12.8,19.7,86.0,1014.9,5.3,15.0,80.0
2016-10-16,0.0,8.6,20.3,83.0,1021.4,3.8,331.0,25.0
2016-10-17,0.0,10.4,18.7,86.0,1024.0,3.2,344.0,95.0
2016-10-18,3.7,12.3,18.1,83.0,1021.0,2.4,354.0,60.0
2016-10-19,7.0,10.4,15.8,88.0,1018.1,3.1,45.0,93.0
2016-10-20,13.7,10.5,14.0,78.0,1013.3,5.7,43.0,86.0
2016-10-21,1.0,6.4,14.3,73.0,1013.2,3.9,21.0,39.0
2016-10-22,0.2,4.9,13.5,79.0,1016.5,3.0,2.0,49.0
2016-10-23,0.0,7.6,13.9,77.0,1018.8,3.9,10.0,76.0
2016-10-24,0.2,11.4,15.6,84.0,1022.1,3.0,357.0,97.0
2016-10-25,4.3,12.0,16.2,94.0,1022.9,2.4,202.0,96.0
2016-10-26,2.0,11.3,18.9,88.0,1022.4,4.1,357.0,85.0
2016-10-27,0.3,11.3,16.8,78.0,1027.2,3.8,235.0,43.0
2016-10-28,1.4,10.9,14.9,88.0,1031.6,3.0,210.0,75.0
2016-10-29,0.0,6.8,17.8,83.0,1027.4,2.6,307.0,33.0
2016-10-30,0.0,7.6,16.9,78.0,1024.7,3.7,345.0,2.0
2016-10-31,0.0,9.5,14.5,77.0,1026.8,3.8,313.0,35.0
2016-11-01,0.0,6.5,13.8,89.0,1024.3,2.9,164.0,65.0
2016-11-02,1.8,9.8,12.9,93.0,1016.6,2.6,150.0,91.0
2016-11-03,0.1,7.8,13.5,80.0,1017.2,3.4,53.0,52.0
2016-11-04,0.0,5.5,11.8,73.0,1021.1,3.5,10.0,65.0
2016-11-05,20.5,7.6,10.5,83.0,1011.8,4.3,8.0,100.0
2016-11-06,21.1,9.6,13.7,94.0,997.6,3.8,352.0,98.0
2016-11-07,2.4,5.5,10.6,77.0,1003.9,4.6,28.0,58.0
2016-11-08,1.5,3.6,10.4,76.0,1007.0,4.9,353.0,48.0
2016-11-09,0.6,-1.4,9.1,75.0,1009.2,3.9,325.0,59.0
2016-11-10,0.5,1.6,9.1,82.0,1011.8,3.1,105.0,82.0
2016-11-11,2.4,3.4,8.3,85.0,1011.7,5.4,2.0,96.0
2016-11-12,0.1,3.4,12.4,75.0,1014.7,4.3,333.0,66.0
2016-11-13,0.5,2.0,8.6,71.0,1022.3,5.6,15.0,89.0
2016-11-14,0.0,3.9,8.0,68.0,1029.2,3.6,73.0,46.0
2016-11-15,0.0,2.3,7.4,66.0,1031.0,2.8,249.0,24.0
2016-11-16,0.1,3.0,8.3,71.0,1025.9,3.1,69.0,80.0
2016-11-17,0.0,3.3,9.3,81.0,1021.5,3.6,95.0,77.0
2016-11-18,1.7,6.7,10.0,89.0,1018.1,2.5,343.0,94.0
2016-11-19,26.6,8.4,11.3,94.0,1013.1,2.7,25.0,99.0
2016-11-20,0.0,5.6,13.3,89.0,1017.2,3.8,349.0,83.0
2016-11-21,0.4,6.1,13.0,91.0,1018.2,3.4,11.0,92.0
2016-11-22,1.9,8.1,14.0,95.0,1019.9,3.7,32.0,93.0
2016-11-23,0.5,9.2,15.0,92.0,1022.7,4.7,21.0,91.0
2016-11-24,1.4,9.6,14.9,91.0,1020.9,4.3,26.0,99.0
2016-11-25,14.0,10.4,13.2,91.0,1016.9,4.8,23.0,100.0
2016-11-26,12.3,10.3,13.6,92.0,1015.8,4.1,3.0,93.0
2016-11-27,0.0,9.6,12.3,95.0,1013.1,2.2,123.0,88.0
2016-11-28,3.6,3.8,10.2,80.0,1015.9,4.5,112.0,60.0
2016-11-29,0.0,1.8,5.8,52.0,1029.8,3.0,219.0,16.0
2016-11-30,0.0,1.1,6.1,64.0,1031.4,2.9,5.0,18.0
2016-12-01,0.0,1.4,8.2,71.0,1022.5,3.0,301.0,56.0
2016-12-02,0.0,1.7,8.9,82.0,1014.7,2.9,337.0,49.0
2016-12-03,0.0,2.2,7.7,78.0,1022.0,4.8,7.0,75.0
2016-12-04,0.0,3.9,8.8,73.0,1026.5,3.8,1.0,45.0
2016-12-05,0.0,2.9,9.4,77.0,1028.8,3.2,336.0,33.0
2016-12-06,0.0,-0.7,9.6,80.0,1028.9,2.9,332.0,1.0
2016-12-07,0.0,-0.5,7.8,74.0,1034.1,2.3,345.0,8.0
2016-12-08,0.0,0.5,7.1,75.0,1035.9,2.3,342.0,12.0
2016-12-09,0.0,1.7,6.5,85.0,1032.1,2.8,320.0,33.0
2016-12-10,0.0,-0.5,7.5,76.0,1027.6,2.3,336.0,19.0
2016-12-11,0.0,2.2,6.0,83.0,1021.1,2.7,30.0,35.0
2016-12-12,0.0,-0.6,11.3,80.0,1019.8,3.5,328.0,24.0
2016-12-13,0.0,-0.4,8.9,79.0,1027.9,3.3,350.0,32.0
2016-12-14,0.0,3.6,7.9,85.0,1026.8,2.7,318.0,62.0
2016-12-15,0.0,-0.1,9.1,79.0,1027.8,2.4,337.0,14.0
2016-12-16,0.0,2.0,7.2,81.0,1032.5,3.6,31.0,26.0
2016-12-17,0.0,-3.7,7.8,75.0,1037.2,3.1,336.0,32.0
2016-12-18,0.0,-0.7,6.4,59.0,1033.7,2.6,343.0,55.0
2016-12-19,0.0,0.5,6.1,68.0,1030.9,5.7,7.0,89.0
2016-12-20,0.0,3.1,9.4,78.0,1028.5,5.4,0.0,75.0
2016-12-21,0.0,0.1,10.9,79.0,1028.3,3.2,337.0,10.0
2016-12-22,0.0,0.1,9.2,76.0,1029.9,2.4,338.0,4.0
2016-12-23,0.0,-1.8,12.0,74.0,1031.1,2.8,332.0,0.0
2016-12-24,0.0,1.4,9.4,66.0,1028.6,2.6,338.0,64.0
2016-12-25,0.0,-0.3,11.2,76.0,1025.2,3.2,327.0,90.0
2016-12-26,0.0,-0.6,10.3,77.0,1026.5,2.5,336.0,34.0
2016-12-27,0.0,-1.2,12.7,76.0,1029.5,4.5,348.0,9.0
2016-12-28,0.0,-1.2,11.0,61.0,1033.0,5.8,341.0,15.0
2016-12-29,1.4,2.7,6.4,84.0,1037.4,3.3,227.0,63.0
2016-12-30,0.0,1.6,5.8,89.0,1037.6,2.2,40.0,20.0
2016-12-31,0.0,-0.8,7.6,70.0,1032.3,2.5,339.0,9.0
2017-01-01,0.0,-4.2,8.2,66.0,1024.8,4.8,330.0,0.0
2017-01-02,0.0,-4.2,4.7,68.0,1020.3,4.2,347.0,25.0
2017-01-03,0.0,-3.0,6.3,75.0,1020.9,6.6,359.0,39.0
2017-01-04,0.0,-4.5,4.3,71.0,1013.9,4.3,347.0,37.0
2017-01-05,0.0,-4.6,6.8,40.0,1014.9,9.5,335.0,3.0
2017-01-06,0.0,-6.8,1.4,36.0,1028.7,5.8,231.0,0.0
2017-01-07,0.0,-6.5,-0.3,42.0,1031.1,4.2,270.0,18.0
2017-01-08,0.0,-6.5,2.0,50.0,1026.2,5.3,315.0,22.0
2017-01-09,0.0,-6.9,2.0,62.0,1023.5,4.2,4.0,7.0
2017-01-10,0.0,-4.3,0.3,63.0,1017.9,4.7,53.0,89.0
2017-01-11,0.0,-6.7,-0.2,58.0,1020.3,4.5,291.0,39.0
2017-01-12,0.1,-6.3,0.6,68.0,1019.0,5.4,347.0,36.0
2017-01-13,7.4,-0.8,4.5,90.0,1002.3,5.9,290.0,98.0
2017-01-14,0.1,-3.6,5.9,82.0,1008.0,5.3,311.0,68.0
2017-01-15,0.0,-3.2,6.1,54.0,1016.7,7.9,358.0,75.0
2017-01-16,0.0,-3.8,5.1,43.0,1016.9,10.1,348.0,65.0
2017-01-17,0.1,-1.7,7.5,39.0,1019.0,8.8,359.0,89.0
2017-01-18,0.0,-2.0,8.2,50.0,1024.9,7.9,353.0,17.0
2017-01-19,0.0,-2.9,6.7,65.0,1030.2,5.2,14.0,14.0
2017-01-20,0.0,-3.9,4.9,63.0,1033.4,3.2,354.0,0.0
2017-01-21,0.0,-5.7,6.7,58.0,1031.3,4.0,325.0,0.0
2017-01-22,0.0,-6.2,8.9,51.0,1029.2,6.3,355.0,0.0
2017-01-23,0.0,-5.4,8.6,49.0,1023.7,5.2,329.0,43.0
2017-01-24,0.0,-3.3,9.4,63.0,1019.3,6.8,360.0,0.0
2017-01-25,0.0,-3.5,5.7,64.0,1024.5,3.4,25.0,2.0
2017-01-26,0.0,-3.7,4.2,63.0,1029.3,4.9,47.0,1.0
2017-01-27,0.0,-3.6,4.3,66.0,1029.9,4.1,293.0,0.0
2017-01-28,0.0,-4.6,4.8,73.0,1026.9,3.5,306.0,59.0
2017-01-29,0.0,-4.7,5.8,79.0,1025.9,3.7,319.0,6.0
2017-01-30,0.0,-3.7,5.1,75.0,1024.0,2.8,329.0,34.0
2017-01-31,7.0,-0.4,3.7,90.0,1021.6,3.4,342.0,91.0
2017-02-01,1.3,2.0,6.2,93.0,1020.7,3.2,340.0,98.0
2017-02-02,0.1,3.1,7.1,95.0,1021.4,2.9,336.0,97.0
2017-02-03,8.0,4.1,7.8,95.0,1014.8,4.0,352.0,94.0
2017-02-04,10.1,2.0,8.9,93.0,1009.0,5.5,335.0,78.0
2017-02-05,17.1,-0.3,7.4,90.0,1007.3,8.8,360.0,90.0
2017-02-06,29.7,6.2,13.1,81.0,1002.8,8.2,334.0,99.0
2017-02-07,1.0,2.6,10.4,80.0,1014.6,5.7,311.0,77.0
2017-02-08,0.0,3.1,8.4,74.0,1018.9,6.8,69.0,84.0
2017-02-09,0.0,-2.0,8.2,70.0,1023.1,7.2,65.0,68.0
2017-02-10,1.0,1.0,8.3,72.0,1022.9,4.2,9.0,95.0
2017-02-11,1.4,3.9,7.6,90.0,1024.2,2.9,6.0,88.0
2017-02-12,0.0,3.4,10.3,85.0,1027.7,2.9,3.0,88.0
2017-02-13,0.0,3.8,7.4,82.0,1030.7,5.3,60.0,70.0
2017-02-14,0.0,1.0,10.6,73.0,1034.0,3.1,337.0,13.0
2017-02-15,0.0,-1.5,12.5,80.0,1034.9,5.1,321.0,0.0
2017-02-16,0.0,-1.7,13.2,69.0,1030.7,5.5,329.0,0.0
2017-02-17,0.8,-1.3,9.9,77.0,1025.1,5.7,13.0,54.0
2017-02-18,0.0,-1.1,12.0,81.0,1023.9,6.9,296.0,5.0
2017-02-19,0.5,2.3,8.6,78.0,1025.3,4.9,7.0,67.0
2017-02-20,0.0,2.3,10.9,81.0,1023.3,4.9,263.0,38.0
2017-02-21,0.0,1.6,6.9,92.0,1019.8,3.6,45.0,78.0
2017-02-22,0.1,3.5,8.0,88.0,1019.0,3.9,330.0,88.0
2017-02-23,0.4,5.5,7.0,92.0,1015.9,3.0,26.0,100.0
2017-02-24,4.4,5.8,9.4,92.0,1009.3,5.4,61.0,100.0
2017-02-25,0.0,1.2,11.2,71.0,1020.5,7.5,40.0,26.0
2017-02-26,0.0,-1.7,11.3,70.0,1020.9,5.6,298.0,61.0
2017-02-27,0.0,2.0,11.1,75.0,1016.8,4.4,238.0,48.0
2017-02-28,9.5,4.2,8.2,86.0,1007.4,6.2,37.0,97.0
2017-03-01,1.3,4.5,11.7,82.0,1007.3,7.0,223.0,53.0
2017-03-02,0.0,3.0,12.0,78.0,1015.4,5.2,31.0,53.0
2017-03-03,0.0,2.0,12.9,76.0,1018.7,5.9,348.0,64.0
2017-03-04,17.5,5.6,10.0,93.0,1010.2,9.0,54.0,92.0
2017-03-05,7.6,4.6,11.0,89.0,1008.8,5.1,40.0,71.0
2017-03-06,1.8,2.7,11.7,84.0,1005.4,5.0,65.0,75.0
2017-03-07,0.0,2.7,15.8,60.0,1005.8,8.0,338.0,88.0
2017-03-08,0.0,3.1,15.4,46.0,1019.3,9.1,315.0,44.0
2017-03-09,0.4,2.7,16.0,63.0,1018.8,5.8,331.0,61.0
2017-03-10,0.0,5.0,18.4,50.0,1016.5,12.6,355.0,0.0
2017-03-11,0.0,1.6,13.7,50.0,1020.8,6.5,277.0,12.0
2017-03-12,0.0,3.0,12.8,65.0,1017.3,6.6,54.0,40.0
2017-03-13,0.0,3.1,12.6,69.0,1022.7,5.5,343.0,13.0
2017-03-14,0.0,2.6,15.7,73.0,1027.5,4.6,315.0,62.0
2017-03-15,0.0,5.0,15.2,70.0,1027.7,5.4,286.0,51.0
2017-03-16,0.0,3.9,16.3,72.0,1024.5,4.8,2.0,13.0
2017-03-17,0.0,3.0,16.4,78.0,1018.0,4.9,356.0,2.0
2017-03-18,0.0,6.7,13.6,79.0,1010.6,5.5,51.0,85.0
2017-03-19,0.0,5.4,15.5,85.0,1011.4,6.7,18.0,89.0
2017-03-20,0.0,8.7,15.5,85.0,1013.3,3.8,18.0,64.0
2017-03-21,0.0,9.0,14.4,90.0,1012.3,4.3,96.0,82.0
2017-03-22,1.3,9.4,13.2,91.0,1012.7,5.3,70.0,95.0
2017-03-23,8.0,9.7,16.1,85.0,1017.0,4.3,18.0,76.0
2017-03-24,0.4,7.4,19.2,78.0,1022.5,6.0,309.0,91.0
2017-03-25,0.0,8.8,19.3,72.0,1021.5,6.3,39.0,34.0
2017-03-26,4.1,7.9,15.4,79.0,1018.7,8.0,56.0,48.0
2017-03-27,0.0,5.3,15.7,54.0,1025.0,6.4,276.0,25.0
2017-03-28,0.0,2.3,19.1,63.0,1023.8,6.6,297.0,0.0
2017-03-29,0.0,6.3,22.2,62.0,1023.1,7.7,311.0,25.0
2017-03-30,0.0,9.6,21.6,60.0,1024.9,8.1,360.0,15.0
2017-03-31,0.0,7.7,21.4,67.0,1022.9,6.1,327.0,6.0
2017-04-01,0.0,8.5,18.7,69.0,1016.6,8.3,65.0,50.0
2017-04-02,0.8,7.8,19.2,65.0,1016.6,8.6,348.0,66.0
2017-04-03,0.0,8.6,22.2,57.0,1017.3,10.0,327.0,20.0
2017-04-04,1.9,11.3,21.8,56.0,1016.3,9.5,329.0,85.0
2017-04-05,3.8,9.5,17.8,74.0,1017.8,11.4,321.0,75.0
2017-04-06,0.1,9.2,16.7,78.0,1016.2,5.9,45.0,59.0
2017-04-07,1.3,9.4,16.1,73.0,1020.1,6.9,172.0,84.0
2017-04-08,0.0,5.0,19.8,76.0,1021.6,4.7,253.0,5.0
2017-04-09,0.0,8.6,21.0,74.0,1024.2,5.8,67.0,21.0
2017-04-10,0.0,8.3,21.0,72.0,1020.7,5.7,322.0,23.0
2017-04-11,0.8,9.4,20.5,74.0,1017.5,5.3,38.0,39.0
2017-04-12,0.0,11.3,19.3,66.0,1019.3,6.1,80.0,57.0
2017-04-13,0.7,9.5,18.2,76.0,1011.9,5.4,40.0,53.0
2017-04-14,2.8,10.6,20.4,76.0,1012.8,5.7,69.0,49.0
2017-04-15,6.5,11.4,16.9,85.0,1013.5,6.1,60.0,92.0
2017-04-16,9.2,8.2,19.1,80.0,1012.8,7.2,11.0,52.0
2017-04-17,0.5,5.8,15.0,72.0,1015.6,6.9,242.0,50.0
2017-04-18,0.8,6.0,11.1,73.0,1013.0,9.4,16.0,78.0
2017-04-19,0.3,4.5,13.8,33.0,1017.3,10.6,347.0,79.0
2017-04-20,0.2,3.7,13.1,37.0,1024.6,7.7,359.0,39.0
2017-04-21,0.0,0.2,13.9,54.0,1028.6,5.6,255.0,10.0
2017-04-22,0.1,3.3,15.5,68.0,1021.8,4.5,53.0,20.0
2017-04-23,0.0,5.7,16.8,69.0,1018.2,6.2,106.0,35.0
2017-04-24,0.1,9.4,13.5,72.0,1020.1,4.7,59.0,84.0
2017-04-25,3.0,9.5,15.6,86.0,1013.8,5.2,51.0,79.0
2017-04-26,24.8,10.9,13.5,92.0,1009.6,7.3,59.0,99.0
2017-04-27,41.6,11.5,17.9,93.0,1006.9,5.5,53.0,100.0
2017-04-28,9.7,8.1,14.7,77.0,1005.9,5.1,292.0,68.0
2017-04-29,0.0,5.3,17.2,58.0,1015.6,6.8,311.0,11.0
2017-04-30,0.0,7.1,16.4,61.0,1016.1,6.3,41.0,37.0
2017-05-01,8.2,9.2,17.0,66.0,1012.8,8.2,59.0,78.0
2017-05-02,0.1,7.4,16.6,73.0,1016.3,5.6,235.0,40.0
2017-05-03,4.4,8.1,16.3,78.0,1018.0,4.8,340.0,71.0
2017-05-04,17.0,8.4,16.4,84.0,1016.0,5.2,67.0,71.0
2017-05-05,0.6,7.7,19.3,75.0,1015.7,5.1,244.0,45.0
2017-05-06,4.4,8.2,17.8,79.0,1014.9,5.6,300.0,70.0
2017-05-07,3.2,10.1,19.6,81.0,1008.9,5.8,260.0,94.0
2017-05-08,0.8,9.3,18.7,81.0,1010.2,5.0,295.0,85.0
2017-05-09,8.6,11.6,16.8,78.0,1010.9,7.4,346.0,78.0
2017-05-10,1.9,8.7,15.3,76.0,1013.2,7.6,83.0,87.0
2017-05-11,3.4,11.0,17.6,81.0,1009.9,7.2,64.0,89.0
2017-05-12,5.3,13.5,21.3,80.0,1006.3,6.9,81.0,76.0
2017-05-13,0.6,12.2,21.8,81.0,1012.0,5.4,65.0,79.0
2017-05-14,3.3,13.0,22.8,80.0,1019.5,5.4,315.0,67.0
2017-05-15,2.5,15.1,22.7,71.0,1024.3,7.6,349.0,81.0
2017-05-16,0.0,12.8,24.8,67.0,1026.3,7.3,299.0,19.0
2017-05-17,0.0,14.2,24.8,63.0,1022.9,6.1,40.0,28.0
2017-05-18,0.0,15.9,24.5,64.0,1017.4,5.8,99.0,41.0
2017-05-19,7.8,14.3,22.5,74.0,1013.7,6.2,51.0,79.0
2017-05-20,7.6,12.3,19.3,85.0,1015.1,5.5,318.0,83.0
2017-05-21,0.0,9.8,24.4,68.0,1018.7,5.4,308.0,44.0
2017-05-22,0.2,14.0,24.7,68.0,1017.8,5.6,297.0,35.0
2017-05-23,1.7,13.2,25.4,72.0,1016.3,5.9,296.0,47.0
2017-05-24,6.3,15.0,25.1,77.0,1016.4,5.3,7.0,84.0
2017-05-25,0.1,14.4,21.9,73.0,1017.8,6.7,130.0,32.0
2017-05-26,0.0,13.9,23.3,71.0,1018.8,5.7,259.0,40.0
2017-05-27,0.0,15.7,26.8,67.0,1019.7,5.2,278.0,41.0
2017-05-28,0.0,15.8,27.0,69.0,1020.8,5.3,148.0,13.0
2017-05-29,0.0,16.2,27.0,69.0,1017.4,5.7,217.0,17.0
2017-05-30,0.0,16.8,26.8,68.0,1015.5,5.3,162.0,26.0
2017-05-31,0.1,18.4,26.7,77.0,1018.3,5.4,108.0,79.0
2017-06-01,1.8,17.3,26.8,79.0,1018.7,5.0,16.0,69.0
2017-06-02,1.3,16.6,26.9,71.0,1016.8,5.1,323.0,61.0
2017-06-03,0.0,17.2,27.2,71.0,1014.4,4.8,319.0,29.0
2017-06-04,2.6,18.0,25.7,76.0,1011.6,6.0,31.0,65.0
2017-06-05,4.0,16.5,23.8,74.0,1012.6,8.4,37.0,84.0
2017-06-06,21.3,15.8,21.7,85.0,1008.8,5.7,11.0,76.0
2017-06-07,4.7,12.6,21.2,76.0,1013.3,10.5,67.0,60.0
2017-06-08,0.0,10.9,22.4,64.0,1020.7,4.8,290.0,37.0
2017-06-09,0.0,12.0,25.7,63.0,1016.8,6.1,271.0,26.0
2017-06-10,0.0,14.9,26.7,66.0,1016.7,4.8,43.0,66.0
2017-06-11,0.0,16.5,27.2,66.0,1018.8,6.2,80.0,25.0
2017-06-12,0.0,16.5,27.8,69.0,1015.9,5.4,214.0,25.0
2017-06-13,0.0,18.9,28.5,66.0,1014.0,5.0,147.0,31.0
2017-06-14,5.2,20.4,27.3,79.0,1014.1,5.0,60.0,94.0
2017-06-15,0.0,18.8,28.0,73.0,1015.7,6.5,69.0,89.0
2017-06-16,4.3,19.1,27.5,79.0,1015.0,5.2,331.0,70.0
2017-06-17,0.0,18.7,27.2,69.0,1015.8,7.4,152.0,53.0
2017-06-18,0.0,16.7,26.6,58.0,1020.3,6.5,252.0,5.0
2017-06-19,0.0,16.8,28.3,65.0,1021.2,6.0,219.0,9.0
2017-06-20,0.0,17.2,29.2,67.0,1017.7,5.8,232.0,39.0
2017-06-21,0.2,18.7,29.6,69.0,1014.9,4.8,273.0,37.0
2017-06-22,0.0,20.1,31.1,70.0,1015.5,7.7,271.0,33.0
2017-06-23,0.0,20.1,31.8,74.0,1014.6,5.4,332.0,68.0
2017-06-24,14.8,21.4,30.3,77.0,1014.4,6.4,8.0,67.0
2017-06-25,22.9,18.9,25.1,86.0,1012.3,7.2,328.0,83.0
2017-06-26,0.0,17.5,28.0,72.0,1013.2,5.4,41.0,28.0
2017-06-27,1.9,19.6,26.4,70.0,1010.1,7.4,329.0,66.0
2017-06-28,64.5,18.7,26.3,81.0,1004.1,7.5,37.0,84.0
2017-06-29,9.8,16.9,24.0,81.0,1001.5,6.6,226.0,61.0
2017-06-30,6.7,15.2,23.4,69.0,1008.4,6.5,251.0,52.0
2017-07-01,0.3,13.6,23.5,75.0,1011.6,4.8,356.0,24.0
2017-07-02,0.2,14.2,25.3,71.0,1014.1,5.3,331.0,33.0
2017-07-03,0.6,16.3,26.4,72.0,1018.3,5.9,14.0,29.0
2017-07-04,1.6,18.3,25.8,73.0,1020.3,5.6,29.0,56.0
2017-07-05,0.0,18.3,28.0,75.0,1018.5,4.4,258.0,30.0
2017-07-06,0.0,19.3,29.9,76.0,1017.9,6.6,292.0,19.0
2017-07-07,0.0,20.6,30.4,74.0,1016.6,5.1,10.0,36.0
2017-07-08,0.3,20.5,31.4,71.0,1015.0,5.2,302.0,39.0
2017-07-09,15.6,20.8,31.5,70.0,1013.5,9.1,317.0,59.0
2017-07-10,13.6,21.0,28.5,77.0,1011.0,6.9,7.0,43.0
2017-07-11,16.4,19.9,29.2,80.0,1012.5,6.7,47.0,58.0
2017-07-12,0.5,18.3,27.1,78.0,1013.1,4.6,22.0,31.0
2017-07-13,0.0,19.3,28.0,70.0,1013.3,8.1,53.0,32.0
2017-07-14,3.1,18.2,24.7,69.0,1013.7,8.0,73.0,59.0
2017-07-15,0.0,17.0,25.9,68.0,1015.0,7.3,6.0,45.0
2017-07-16,0.0,14.8,25.9,58.0,1020.8,3.9,104.0,15.0
2017-07-17,0.0,16.2,27.4,57.0,1021.0,5.5,304.0,28.0
2017-07-18,0.0,18.7,29.4,61.0,1018.8,5.9,169.0,26.0
2017-07-19,0.0,17.1,29.2,67.0,1016.2,5.3,208.0,36.0
2017-07-20,0.0,19.0,28.6,72.0,1012.7,5.0,54.0,51.0
2017-07-21,0.0,19.7,29.0,73.0,1012.8,5.1,349.0,69.0
2017-07-22,1.9,20.6,29.9,69.0,1012.7,6.7,46.0,48.0
2017-07-23,0.2,20.3,28.9,74.0,1013.4,5.3,15.0,40.0
2017-07-24,20.5,17.6,24.0,85.0,1006.5,7.7,0.0,91.0
2017-07-25,0.6,13.1,25.6,68.0,1004.6,6.2,296.0,47.0
2017-07-26,0.0,13.5,24.5,73.0,1005.1,4.9,321.0,76.0
2017-07-27,0.0,15.2,27.3,60.0,1009.2,6.6,318.0,53.0
2017-07-28,0.0,16.5,27.9,68.0,1011.7,6.0,76.0,36.0
2017-07-29,0.0,19.3,28.7,70.0,1016.3,5.7,36.0,53.0
2017-07-30,3.7,19.3,27.4,75.0,1015.6,6.5,339.0,68.0
2017-07-31,0.0,19.7,32.1,72.0,1016.7,5.5,293.0,14.0
2017-08-01,0.0,21.0,33.5,68.0,1017.3,5.4,307.0,10.0
2017-08-02,0.0,22.3,34.0,71.0,1016.3,4.7,343.0,31.0
2017-08-03,0.0,23.1,34.6,65.0,1015.1,6.7,315.0,27.0
2017-08-04,0.0,24.0,35.0,67.0,1011.4,5.8,327.0,18.0
2017-08-05,0.0,24.8,35.1,60.0,1011.1,8.0,22.0,15.0
2017-08-06,32.3,21.9,30.0,67.0,1012.2,11.4,341.0,52.0
2017-08-07,11.5,18.6,27.8,65.0,1016.6,6.1,70.0,27.0
2017-08-08,0.0,19.5,28.9,59.0,1014.4,5.5,61.0,16.0
2017-08-09,3.9,20.2,30.3,70.0,1013.1,9.0,358.0,40.0
2017-08-10,20.8,20.0,29.7,76.0,1012.7,9.6,342.0,50.0
2017-08-11,13.7,17.6,25.9,74.0,1010.9,7.3,300.0,54.0
2017-08-12,0.0,15.5,23.9,68.0,1013.9,5.3,346.0,40.0
2017-08-13,0.0,15.0,26.6,66.0,1017.8,5.6,312.0,29.0
2017-08-14,0.1,20.1,26.5,68.0,1020.2,5.9,3.0,51.0
2017-08-15,0.0,18.9,29.2,68.0,1019.8,5.4,304.0,16.0
2017-08-16,5.3,18.9,29.5,70.0,1017.8,5.6,346.0,55.0
2017-08-17,0.0,20.7,30.7,61.0,1017.6,6.2,353.0,29.0
2017-08-18,0.0,20.2,31.7,60.0,1016.1,6.5,329.0,41.0
2017-08-19,2.7,19.8,27.7,67.0,1013.3,6.8,60.0,76.0
2017-08-20,0.9,15.9,25.8,62.0,1017.1,6.1,56.0,25.0
2017-08-21,0.0,16.4,24.7,57.0,1020.0,4.4,3.0,22.0
2017-08-22,0.0,16.4,24.8,58.0,1019.7,6.6,294.0,40.0
2017-08-23,0.0,15.4,26.8,68.0,1017.4,5.5,262.0,27.0
2017-08-24,0.0,16.9,28.3,71.0,1018.4,5.7,6.0,21.0
2017-08-25,0.9,19.0,29.1,73.0,1019.1,3.9,273.0,44.0
2017-08-26,0.0,19.4,30.9,71.0,1017.3,5.5,290.0,36.0
2017-08-27,0.0,20.1,32.7,63.0,1014.8,6.6,301.0,36.0
2017-08-28,0.5,22.0,29.9,63.0,1014.9,8.1,32.0,60.0
2017-08-29,0.0,17.8,28.9,65.0,1016.8,5.9,75.0,12.0
2017-08-30,0.0,18.4,29.6,65.0,1015.8,5.9,86.0,18.0
2017-08-31,0.0,19.6,29.5,72.0,1014.4,5.7,157.0,41.0
2017-09-01,35.5,17.4,22.6,89.0,1013.0,7.7,28.0,79.0
2017-09-02,26.8,13.3,18.9,86.0,1009.6,11.0,33.0,70.0
2017-09-03,5.2,13.3,22.2,66.0,1011.0,7.2,306.0,68.0
2017-09-04,0.7,12.1,20.7,80.0,1016.9,5.1,11.0,61.0
2017-09-05,0.1,14.0,23.0,76.0,1019.7,3.9,1.0,37.0
2017-09-06,4.7,15.8,24.3,82.0,1016.9,4.7,225.0,65.0
2017-09-07,16.4,15.8,21.6,85.0,1013.6,9.9,70.0,73.0
2017-09-08,0.0,14.5,22.9,75.0,1013.1,5.8,78.0,37.0
2017-09-09,6.7,15.2,22.2,81.0,1006.7,6.0,65.0,52.0
2017-09-10,53.8,16.6,18.1,92.0,1003.9,9.4,58.0,99.0
2017-09-11,8.4,16.8,21.3,87.0,1002.3,5.6,21.0,97.0
2017-09-12,14.7,10.5,18.0,86.0,1006.8,6.6,21.0,73.0
2017-09-13,0.0,9.8,20.5,77.0,1017.5,5.1,286.0,44.0
2017-09-14,6.7,15.0,19.2,86.0,1012.7,4.7,359.0,64.0
2017-09-15,0.6,13.2,17.6,78.0,1012.6,6.4,57.0,81.0
2017-09-16,6.5,13.1,19.8,85.0,1009.8,4.2,172.0,87.0
2017-09-17,3.7,12.5,20.5,76.0,1010.9,7.8,302.0,46.0
2017-09-18,6.5,11.0,18.9,81.0,1014.6,5.8,26.0,77.0
2017-09-19,19.7,11.5,14.3,88.0,1011.7,7.0,291.0,100.0
2017-09-20,0.0,10.5,21.9,73.0,1014.6,5.3,310.0,52.0
2017-09-21,0.0,8.6,19.8,63.0,1018.5,6.5,310.0,1.0
2017-09-22,0.0,9.3,19.9,76.0,1020.3,5.6,10.0,27.0
2017-09-23,1.3,11.4,20.2,82.0,1020.6,4.7,336.0,57.0
2017-09-24,22.8,12.8,16.5,93.0,1019.2,4.4,22.0,92.0
2017-09-25,0.1,11.0,19.2,79.0,1019.8,6.7,24.0,48.0
2017-09-26,0.0,10.8,20.4,74.0,1021.3,6.2,8.0,26.0
2017-09-27,0.0,12.5,21.9,72.0,1023.2,6.7,359.0,35.0
2017-09-28,0.0,11.2,22.1,73.0,1025.7,5.4,15.0,50.0
2017-09-29,0.0,13.1,20.0,66.0,1024.8,5.9,35.0,84.0
2017-09-30,0.0,14.0,18.3,65.0,1021.7,4.9,55.0,85.0
2017-10-01,0.1,12.3,16.6,71.0,1021.5,5.2,20.0,90.0
2017-10-02,0.0,12.0,18.8,72.0,1023.4,4.5,18.0,51.0
2017-10-03,1.0,12.3,15.9,84.0,1020.3,3.6,13.0,74.0
2017-10-04,0.0,10.9,19.6,80.0,1024.0,6.3,329.0,63.0
2017-10-05,0.1,12.6,19.2,84.0,1017.1,5.0,37.0,56.0
2017-10-06,1.9,9.2,18.1,83.0,1010.9,8.3,12.0,39.0
2017-10-07,0.0,6.3,18.4,73.0,1018.7,6.7,332.0,9.0
2017-10-08,0.0,9.7,17.6,75.0,1015.4,4.1,344.0,54.0
2017-10-09,0.0,8.5,19.2,80.0,1017.2,4.6,334.0,27.0
2017-10-10,0.0,10.2,18.8,83.0,1019.2,4.6,23.0,35.0
2017-10-11,0.0,11.0,18.6,84.0,1022.8,3.9,289.0,47.0
2017-10-12,0.1,11.5,20.3,84.0,1024.1,4.4,333.0,50.0
2017-10-13,0.0,9.8,20.2,83.0,1026.2,4.1,300.0,53.0
2017-10-14,0.0,9.0,21.8,79.0,1027.4,4.3,316.0,3.0
2017-10-15,0.0,9.0,22.0,79.0,1027.8,5.3,313.0,0.0
2017-10-16,0.0,9.2,22.3,80.0,1026.8,5.4,318.0,0.0
2017-10-17,0.0,8.7,20.9,79.0,1024.6,4.9,328.0,59.0
2017-10-18,0.0,9.2,17.7,86.0,1019.9,4.0,29.0,44.0
2017-10-19,0.0,10.9,16.7,86.0,1018.7,3.5,271.0,50.0
2017-10-20,0.0,9.7,15.2,89.0,1019.9,4.0,308.0,45.0
2017-10-21,0.0,11.6,15.2,88.0,1020.4,3.1,326.0,75.0
2017-10-22,12.0,10.1,16.3,86.0,1013.7,4.3,65.0,100.0
2017-10-23,0.3,6.8,18.7,67.0,1012.5,5.7,317.0,35.0
2017-10-24,0.0,6.8,20.5,55.0,1019.3,8.3,321.0,9.0
2017-10-25,0.0,4.8,17.6,75.0,1025.4,6.1,299.0,64.0
2017-10-26,0.0,6.6,17.8,81.0,1025.3,4.0,331.0,47.0
2017-10-27,0.0,8.7,17.3,75.0,1018.2,4.7,11.0,48.0
2017-10-28,0.0,6.6,15.5,61.0,1018.7,6.3,322.0,79.0
2017-10-29,0.0,4.8,14.0,80.0,1006.7,6.3,21.0,93.0
2017-10-30,0.0,5.6,16.0,62.0,1015.6,6.2,41.0,14.0
2017-10-31,0.0,5.7,13.8,64.0,1024.7,4.6,3.0,47.0
2017-11-01,0.0,4.8,14.7,76.0,1024.5,5.8,318.0,18.0
2017-11-02,0.0,4.5,13.0,85.0,1020.5,4.7,353.0,91.0
2017-11-03,0.0,5.2,15.4,83.0,1017.2,4.7,344.0,29.0
2017-11-04,1.1,9.2,13.9,86.0,1018.8,3.0,14.0,84.0
2017-11-05,48.1,10.4,14.3,92.0,1012.1,10.5,88.0,97.0
2017-11-06,30.0,9.1,13.8,70.0,1008.9,13.4,359.0,97.0
2017-11-07,8.2,8.8,12.7,77.0,1013.3,9.4,350.0,99.0
2017-11-08,0.0,6.1,14.5,75.0,1015.4,7.5,345.0,64.0
2017-11-09,4.6,7.0,12.8,83.0,1020.6,5.1,34.0,78.0
2017-11-10,0.0,3.2,13.2,80.0,1020.5,4.6,330.0,54.0
2017-11-11,0.0,5.5,11.6,86.0,1014.9,4.0,347.0,63.0
2017-11-12,1.9,6.9,9.7,89.0,1007.4,3.3,10.0,85.0
2017-11-13,19.3,3.1,8.7,82.0,1000.3,7.8,303.0,99.0
2017-11-14,0.0,2.4,11.4,68.0,1016.3,3.4,323.0,42.0
2017-11-15,0.0,-0.1,11.1,59.0,1021.5,4.0,316.0,25.0
2017-11-16,0.0,4.2,13.0,66.0,1021.1,4.0,316.0,27.0
2017-11-17,0.0,2.1,12.4,81.0,1019.5,5.0,343.0,33.0
2017-11-18,0.0,1.4,12.4,81.0,1018.6,4.7,284.0,19.0
2017-11-19,1.5,1.4,10.6,73.0,1014.5,5.0,328.0,33.0
2017-11-20,0.0,1.3,9.6,58.0,1019.6,9.0,332.0,22.0
2017-11-21,0.0,1.0,9.4,76.0,1019.0,4.6,327.0,67.0
2017-11-22,0.0,1.0,10.0,84.0,1020.3,4.4,333.0,20.0
2017-11-23,0.0,2.6,10.9,83.0,1020.4,5.1,324.0,73.0
2017-11-24,0.0,0.9,12.0,81.0,1021.5,5.1,316.0,63.0
2017-11-25,8.8,6.0,9.2,88.0,1014.9,3.8,345.0,99.0
2017-11-26,3.2,-1.0,9.1,79.0,1015.8,6.9,47.0,67.0
2017-11-27,0.0,-2.2,7.7,67.0,1024.4,6.9,323.0,3.0
2017-11-28,0.8,-2.4,5.0,74.0,1017.8,4.4,349.0,88.0
2017-11-29,1.5,2.2,6.8,89.0,1006.9,5.0,336.0,96.0
2017-11-30,10.5,0.7,7.9,90.0,1001.9,6.8,329.0,61.0
2017-12-01,0.1,-1.8,7.3,69.0,1010.9,8.6,345.0,55.0
2017-12-02,0.0,-2.8,8.3,62.0,1017.0,8.8,359.0,73.0
2017-12-03,0.0,-3.9,5.9,66.0,1020.5,5.9,322.0,33.0
2017-12-04,0.0,-4.0,4.6,72.0,1026.6,4.5,320.0,28.0
2017-12-05,0.0,-3.9,7.9,65.0,1032.0,4.2,316.0,1.0
2017-12-06,0.0,-2.2,6.8,68.0,1032.7,3.4,339.0,0.0
2017-12-07,0.0,-1.2,5.5,82.0,1029.7,3.6,351.0,34.0
2017-12-08,3.3,-1.3,3.9,91.0,1016.1,3.9,337.0,96.0
2017-12-09,4.4,-3.1,6.7,72.0,1010.7,6.8,318.0,58.0
2017-12-10,5.5,-3.7,2.3,66.0,1012.2,5.1,345.0,79.0
2017-12-11,28.5,0.2,10.5,92.0,1001.1,7.9,342.0,100.0
2017-12-12,14.0,5.3,11.7,88.0,1006.2,6.9,271.0,96.0
2017-12-13,0.4,2.8,7.0,84.0,1015.9,5.8,49.0,85.0
2017-12-14,0.4,0.9,6.4,88.0,1008.1,3.7,353.0,74.0
2017-12-15,1.5,2.3,9.7,89.0,999.2,4.8,343.0,95.0
2017-12-16,3.9,-1.8,8.5,85.0,1005.9,5.6,358.0,65.0
2017-12-17,0.0,-1.6,7.4,62.0,1018.2,9.7,328.0,10.0
2017-12-18,0.0,-2.3,5.3,61.0,1024.4,7.9,340.0,33.0
2017-12-19,0.0,-4.8,4.0,75.0,1031.5,4.0,325.0,29.0
2017-12-20,0.0,-2.7,5.6,78.0,1032.9,3.9,314.0,17.0
2017-12-21,0.0,-5.4,4.5,68.0,1034.0,3.7,324.0,20.0
2017-12-22,0.0,-2.3,9.3,70.0,1030.6,5.2,310.0,52.0
2017-12-23,0.0,-2.7,9.7,74.0,1030.2,4.5,321.0,65.0
2017-12-24,0.0,-1.2,7.0,69.0,1028.0,2.9,338.0,3.0
2017-12-25,0.0,-1.2,5.8,77.0,1026.5,3.4,340.0,19.0
2017-12-26,0.3,-0.5,7.1,86.0,1017.7,4.4,350.0,89.0
2017-12-27,31.8,3.5,7.3,94.0,998.8,8.0,18.0,99.0
2017-12-28,7.7,2.6,6.8,92.0,991.4,7.0,344.0,97.0
2017-12-29,0.0,-1.6,7.2,59.0,1009.3,7.7,326.0,57.0
2017-12-30,0.0,-2.7,4.7,69.0,1015.8,7.8,331.0,49.0
2017-12-31,0.0,-3.3,5.0,78.0,1020.3,4.3,326.0,32.0
2018-01-01,24.1,0.5,5.8,88.0,1012.6,7.0,327.0,92.0
2018-01-02,0.0,-0.1,8.9,84.0,1011.3,8.0,329.0,58.0
2018-01-03,1.1,-2.1,5.2,74.0,1010.6,7.4,341.0,49.0
2018-01-04,0.0,-2.5,7.0,78.0,1008.1,5.9,348.0,69.0
2018-01-05,0.0,-1.7,10.0,81.0,1008.7,6.7,323.0,51.0
2018-01-06,0.3,3.5,11.1,81.0,1012.8,5.2,334.0,80.0
2018-01-07,2.3,4.1,10.9,86.0,1020.1,5.5,345.0,92.0
2018-01-08,10.2,8.7,12.3,88.0,1024.5,9.0,357.0,95.0
2018-01-09,59.7,6.1,11.6,91.0,1020.7,9.7,45.0,98.0
2018-01-10,0.0,2.4,10.3,89.0,1015.7,4.0,317.0,51.0
2018-01-11,0.0,0.3,10.1,83.0,1013.6,4.1,350.0,51.0
2018-01-12,0.0,-1.9,9.9,77.0,1019.8,5.7,318.0,9.0
2018-01-13,0.0,0.8,9.3,69.0,1022.6,6.1,320.0,58.0
2018-01-14,0.0,0.8,6.5,73.0,1022.5,4.8,39.0,62.0
2018-01-15,0.0,0.8,5.7,76.0,1023.3,4.1,39.0,70.0
2018-01-16,2.1,1.2,4.6,92.0,1010.4,3.5,343.0,88.0
2018-01-17,1.9,-1.1,8.9,69.0,1002.1,7.7,303.0,38.0
2018-01-18,0.0,-2.4,6.2,55.0,1013.1,9.2,347.0,6.0
2018-01-19,0.4,-3.5,9.0,77.0,1009.5,5.2,331.0,14.0
2018-01-20,0.6,-2.6,7.4,72.0,1012.2,5.7,331.0,65.0
2018-01-21,0.7,0.0,11.5,72.0,1006.7,7.4,348.0,39.0
2018-01-22,0.0,-1.2,7.3,59.0,1016.2,6.7,334.0,58.0
2018-01-23,0.0,-1.7,9.1,83.0,1022.4,6.4,327.0,10.0
2018-01-24,0.0,-2.3,9.8,82.0,1030.7,5.6,332.0,27.0
2018-01-25,0.0,-1.2,6.2,87.0,1027.2,4.2,7.0,58.0
2018-01-26,0.0,3.2,9.3,86.0,1023.4,2.9,342.0,81.0
2018-01-27,0.0,0.3,10.1,88.0,1029.4,4.7,337.0,39.0
2018-01-28,0.0,-1.3,10.2,86.0,1034.4,4.8,318.0,38.0
2018-01-29,0.0,0.4,6.9,89.0,1032.2,2.9,320.0,42.0
2018-01-30,0.0,2.1,7.3,94.0,1028.8,3.7,357.0,83.0
2018-01-31,0.0,0.5,6.3,93.0,1023.1,3.8,328.0,86.0
2018-02-01,13.2,4.1,6.9,94.0,1008.1,4.3,8.0,100.0
2018-02-02,10.4,3.1,6.4,90.0,1004.8,4.7,21.0,99.0
2018-02-03,4.3,-0.2,5.4,88.0,1002.9,5.7,314.0,90.0
2018-02-04,0.0,-2.1,6.3,81.0,1014.0,6.4,334.0,54.0
2018-02-05,0.0,-0.5,7.3,66.0,1022.2,6.2,349.0,76.0
2018-02-06,1.0,-1.9,7.8,74.0,1016.5,5.3,25.0,95.0
2018-02-07,14.9,2.7,7.3,88.0,1007.8,4.7,338.0,97.0
2018-02-08,2.2,2.0,8.0,89.0,1013.1,3.2,11.0,84.0
2018-02-09,1.0,3.4,8.1,87.0,1016.0,3.6,40.0,79.0
2018-02-10,0.0,-1.3,8.9,80.0,1013.4,4.8,17.0,21.0
2018-02-11,0.0,-3.1,6.0,77.0,1012.5,4.9,282.0,38.0
2018-02-12,3.2,1.1,5.8,86.0,1011.1,4.1,39.0,96.0
2018-02-13,0.0,-1.1,7.1,66.0,1013.7,6.6,337.0,76.0
2018-02-14,0.0,-3.5,7.1,70.0,1015.3,6.4,329.0,15.0
2018-02-15,0.0,-3.3,6.4,64.0,1023.2,7.1,312.0,47.0
2018-02-16,0.0,-3.0,7.7,76.0,1025.0,4.7,333.0,14.0
2018-02-17,0.3,0.2,8.4,72.0,1022.5,4.2,358.0,83.0
2018-02-18,1.8,1.9,7.8,82.0,1020.2,6.3,62.0,93.0
2018-02-19,0.0,1.3,7.1,67.0,1019.1,6.7,78.0,73.0
2018-02-20,0.0,-2.8,6.5,71.0,1011.4,5.4,335.0,81.0
2018-02-21,0.1,-1.9,9.1,69.0,1009.6,4.4,330.0,92.0
2018-02-22,4.6,0.3,5.4,79.0,1008.9,7.2,5.0,100.0
2018-02-23,5.6,1.7,9.5,76.0,1010.0,6.6,50.0,98.0
2018-02-24,0.9,2.0,10.1,65.0,1012.1,8.5,84.0,70.0
2018-02-25,0.6,-4.4,2.1,42.0,1016.6,14.6,94.0,82.0
2018-02-26,0.0,-7.9,0.8,43.0,1013.0,9.4,80.0,45.0
2018-02-27,0.0,-4.5,0.0,45.0,1011.2,5.1,141.0,86.0
2018-02-28,0.2,-6.3,-1.3,60.0,1018.6,5.1,76.0,83.0
2018-03-01,1.8,-4.4,-1.3,67.0,1015.0,5.6,78.0,99.0
2018-03-02,2.8,-1.0,4.6,83.0,999.1,4.6,277.0,95.0
2018-03-03,2.4,0.7,4.8,94.0,999.8,6.8,9.0,99.0
2018-03-04,0.0,0.7,10.1,81.0,1004.0,4.9,12.0,66.0
2018-03-05,5.1,2.3,9.6,87.0,1000.2,4.6,49.0,100.0
2018-03-06,8.6,3.5,7.0,91.0,994.0,5.1,109.0,100.0
2018-03-07,5.2,4.0,7.9,90.0,999.8,5.1,15.0,96.0
2018-03-08,0.6,-0.9,12.4,82.0,1008.5,7.0,344.0,20.0
2018-03-09,0.0,3.0,12.6,79.0,1015.2,4.1,129.0,58.0
2018-03-10,0.3,5.1,11.1,89.0,1014.8,4.3,72.0,97.0
2018-03-11,32.8,7.7,10.5,94.0,1008.4,5.9,34.0,100.0
2018-03-12,7.6,6.1,13.7,89.0,1001.6,5.8,304.0,75.0
2018-03-13,5.0,5.5,12.3,87.0,1006.3,4.5,14.0,82.0
2018-03-14,1.3,3.2,13.9,84.0,1010.7,4.9,24.0,50.0
2018-03-15,12.1,6.2,10.3,90.0,1007.9,5.9,38.0,91.0
2018-03-16,12.2,6.5,12.8,83.0,1002.2,7.5,352.0,79.0
2018-03-17,5.9,6.5,11.3,85.0,997.8,6.6,76.0,99.0
2018-03-18,8.5,3.6,10.4,77.0,998.3,13.2,70.0,100.0
2018-03-19,14.3,1.7,5.9,86.0,1002.0,6.9,81.0,98.0
2018-03-20,0.0,1.0,8.5,65.0,1007.8,6.6,94.0,85.0
2018-03-21,0.0,-0.1,9.6,50.0,1017.3,8.4,101.0,46.0
2018-03-22,0.0,-4.8,9.1,57.0,1016.1,5.7,331.0,2.0
2018-03-23,0.0,0.2,10.4,69.0,1005.1,7.1,239.0,30.0
2018-03-24,1.8,2.3,10.6,72.0,1004.8,7.7,303.0,71.0
2018-03-25,0.0,2.1,10.5,67.0,1008.5,6.5,48.0,58.0
2018-03-26,0.0,0.8,13.1,70.0,1010.3,5.8,301.0,20.0
2018-03-27,2.7,3.6,12.8,79.0,1013.8,5.0,22.0,51.0
2018-03-28,0.1,4.3,14.2,76.0,1011.1,5.1,85.0,79.0
2018-03-29,2.5,7.5,12.1,88.0,1007.7,5.7,59.0,95.0
2018-03-30,16.3,7.4,14.2,90.0,1008.1,8.6,55.0,72.0
2018-03-31,5.9,6.7,12.4,88.0,999.0,6.2,64.0,94.0
2018-04-01,0.8,5.6,16.5,66.0,1003.6,8.0,287.0,66.0
2018-04-02,0.0,1.5,15.6,61.0,1014.7,6.5,346.0,28.0
2018-04-03,1.0,4.8,14.8,79.0,1017.6,4.3,70.0,75.0
2018-04-04,8.0,8.7,12.9,86.0,1016.6,4.4,56.0,100.0
2018-04-05,2.3,8.2,15.6,84.0,1013.5,5.0,77.0,50.0
2018-04-06,0.0,5.3,17.8,78.0,1019.6,6.3,328.0,51.0
2018-04-07,0.0,7.4,17.6,71.0,1019.5,5.9,42.0,18.0
2018-04-08,0.0,6.8,17.3,72.0,1016.5,5.7,59.0,18.0
2018-04-09,4.0,7.1,20.7,73.0,1010.4,12.1,18.0,87.0
2018-04-10,3.8,10.7,17.3,81.0,1009.6,6.8,227.0,93.0
2018-04-11,4.9,9.7,16.4,82.0,1009.8,6.0,43.0,78.0
2018-04-12,40.7,10.9,13.6,90.0,1008.0,8.7,51.0,100.0
2018-04-13,6.0,8.7,16.3,80.0,1013.1,5.3,231.0,47.0
2018-04-14,0.0,5.8,19.9,71.0,1020.0,6.9,345.0,48.0
2018-04-15,0.8,10.8,23.2,64.0,1012.4,11.2,348.0,90.0
2018-04-16,2.7,12.4,21.4,77.0,1010.6,7.1,348.0,54.0
2018-04-17,0.3,10.2,21.9,73.0,1020.6,5.5,316.0,47.0
2018-04-18,0.0,10.6,23.7,65.0,1027.6,7.7,312.0,27.0
2018-04-19,0.0,9.7,24.1,61.0,1027.6,5.9,327.0,0.0
2018-04-20,0.0,12.5,26.7,64.0,1023.3,8.2,315.0,0.0
2018-04-21,0.0,12.4,25.1,65.0,1020.0,6.5,275.0,1.0
2018-04-22,0.0,11.9,22.7,68.0,1018.1,5.7,103.0,8.0
2018-04-23,0.0,11.0,22.8,71.0,1016.8,5.3,78.0,23.0
2018-04-24,3.2,13.3,23.9,75.0,1016.6,4.5,81.0,52.0
2018-04-25,0.0,13.0,23.3,76.0,1015.0,6.1,80.0,27.0
2018-04-26,6.3,13.4,22.2,81.0,1012.5,7.2,64.0,39.0
2018-04-27,2.1,13.0,21.0,68.0,1015.2,8.5,78.0,60.0
2018-04-28,0.1,12.1,23.9,70.0,1013.2,6.9,346.0,43.0
2018-04-29,3.4,12.6,24.0,75.0,1011.2,6.2,5.0,47.0
2018-04-30,3.8,14.3,21.5,67.0,1009.2,12.4,233.0,34.0
2018-05-01,0.1,9.0,18.6,64.0,1012.3,5.7,115.0,83.0
2018-05-02,5.5,12.1,23.2,73.0,1009.2,8.8,351.0,93.0
2018-05-03,1.3,15.1,25.5,66.0,1005.4,10.8,348.0,89.0
2018-05-04,5.6,13.8,23.0,82.0,1010.8,8.1,352.0,74.0
2018-05-05,1.7,14.3,23.7,76.0,1015.4,9.5,338.0,75.0
2018-05-06,1.5,14.5,25.9,67.0,1015.9,6.7,347.0,44.0
2018-05-07,0.3,15.2,24.1,69.0,1015.0,7.9,338.0,88.0
2018-05-08,0.4,13.2,22.5,71.0,1009.4,8.9,349.0,54.0
2018-05-09,2.3,11.3,21.8,72.0,1007.1,6.7,5.0,68.0
2018-05-10,0.9,14.1,22.9,69.0,1009.2,8.8,305.0,69.0
2018-05-11,2.0,14.0,23.9,72.0,1015.0,7.9,346.0,37.0
2018-05-12,1.4,13.5,24.3,74.0,1014.4,6.5,321.0,24.0
2018-05-13,17.5,13.9,22.5,82.0,1010.7,4.7,9.0,44.0
2018-05-14,17.6,13.1,18.0,85.0,1009.3,5.8,60.0,84.0
2018-05-15,10.2,10.9,15.0,88.0,1010.0,3.8,93.0,97.0
2018-05-16,1.8,8.3,18.4,78.0,1012.9,6.6,260.0,65.0
2018-05-17,3.6,11.2,19.0,84.0,1014.9,4.3,18.0,87.0
2018-05-18,0.1,11.3,21.5,78.0,1016.3,4.0,21.0,56.0
2018-05-19,0.3,11.6,23.2,68.0,1016.4,7.5,2.0,53.0
2018-05-20,0.5,12.7,22.7,64.0,1016.9,11.2,46.0,34.0
2018-05-21,1.3,14.6,24.1,64.0,1014.9,10.6,22.0,52.0
2018-05-22,17.4,15.2,19.4,81.0,1013.8,9.2,26.0,94.0
2018-05-23,1.7,14.5,22.0,79.0,1016.0,5.7,344.0,95.0
2018-05-24,12.6,16.5,23.9,75.0,1016.3,7.0,340.0,61.0
2018-05-25,0.0,15.2,26.6,69.0,1015.6,6.6,345.0,19.0
2018-05-26,0.2,16.4,26.4,73.0,1019.0,5.2,316.0,65.0
2018-05-27,1.7,17.6,26.4,72.0,1018.5,8.0,346.0,83.0
2018-05-28,0.5,16.9,25.9,73.0,1017.8,5.4,348.0,83.0
2018-05-29,7.9,17.3,24.5,80.0,1016.4,5.9,334.0,85.0
2018-05-30,0.6,15.8,27.4,76.0,1014.9,6.5,319.0,63.0
2018-05-31,2.1,16.9,27.9,73.0,1014.9,6.7,274.0,62.0
2018-06-01,5.1,17.3,26.2,77.0,1015.8,5.3,262.0,41.0
2018-06-02,1.1,17.5,26.0,73.0,1016.5,5.9,19.0,45.0
2018-06-03,0.1,16.0,27.0,71.0,1015.8,5.0,263.0,52.0
2018-06-04,0.7,16.6,24.8,79.0,1011.0,4.4,303.0,90.0
2018-06-05,1.5,16.4,26.6,80.0,1008.7,4.8,1.0,46.0
2018-06-06,0.9,16.7,27.3,79.0,1012.0,5.8,249.0,49.0
2018-06-07,12.9,17.8,24.0,86.0,1015.5,4.1,43.0,95.0
2018-06-08,2.2,16.7,25.8,76.0,1012.1,6.9,337.0,77.0
2018-06-09,0.0,17.3,27.8,70.0,1010.1,6.4,257.0,56.0
2018-06-10,0.0,18.3,28.3,74.0,1010.4,5.1,78.0,29.0
2018-06-11,0.0,18.9,28.6,72.0,1010.1,5.9,303.0,60.0
2018-06-12,8.0,17.6,24.9,83.0,1007.4,7.1,352.0,73.0
2018-06-13,7.5,16.9,24.2,82.0,1004.5,4.1,329.0,84.0
2018-06-14,0.7,18.0,25.1,66.0,1008.7,5.7,319.0,82.0
2018-06-15,0.5,15.6,26.1,67.0,1011.9,6.5,225.0,27.0
2018-06-16,0.0,16.9,27.3,63.0,1012.6,5.5,285.0,37.0
2018-06-17,0.0,18.4,28.2,61.0,1013.3,5.5,331.0,37.0
2018-06-18,0.7,18.8,28.8,59.0,1015.6,7.0,332.0,33.0
2018-06-19,0.0,17.9,29.0,59.0,1019.1,6.9,292.0,18.0
2018-06-20,0.0,19.4,29.9,61.0,1019.8,5.4,298.0,29.0
2018-06-21,1.7,19.4,29.8,65.0,1014.6,7.7,259.0,36.0
2018-06-22,11.3,17.3,22.7,79.0,1014.2,9.1,67.0,66.0
2018-06-23,0.2,14.1,22.1,66.0,1020.2,4.9,128.0,29.0
2018-06-24,2.6,13.7,23.0,74.0,1018.3,5.6,33.0,60.0
2018-06-25,4.4,15.2,22.2,75.0,1017.5,7.2,34.0,57.0
2018-06-26,0.0,14.5,25.0,64.0,1018.4,5.8,309.0,23.0
2018-06-27,0.2,14.7,24.2,67.0,1015.9,5.8,340.0,27.0
2018-06-28,0.4,15.4,25.4,60.0,1011.6,7.5,309.0,78.0
2018-06-29,0.0,16.4,28.5,62.0,1009.2,6.9,292.0,74.0
2018-06-30,2.2,18.8,30.2,70.0,1009.5,5.8,43.0,29.0
2018-07-01,3.5,18.1,25.8,61.0,1012.9,10.7,79.0,51.0
2018-07-02,0.2,19.6,26.9,61.0,1013.9,6.7,101.0,74.0
2018-07-03,0.7,19.4,27.6,76.0,1014.3,5.6,326.0,71.0
2018-07-04,1.6,18.2,28.7,71.0,1014.8,5.4,320.0,61.0
2018-07-05,8.4,18.9,27.8,76.0,1013.2,5.3,343.0,70.0
2018-07-06,0.0,16.3,27.5,67.0,1012.6,4.9,349.0,46.0
2018-07-07,0.2,17.9,27.6,66.0,1016.0,6.6,327.0,47.0
2018-07-08,1.8,17.7,27.9,65.0,1017.1,8.0,306.0,44.0
2018-07-09,0.2,17.2,28.4,66.0,1016.3,7.2,316.0,36.0
2018-07-10,1.1,18.8,28.0,64.0,1013.4,7.7,302.0,60.0
2018-07-11,18.5,17.7,23.8,81.0,1012.2,6.7,87.0,80.0
2018-07-12,3.4,17.4,26.8,75.0,1014.8,6.3,74.0,65.0
2018-07-13,4.1,18.3,27.8,72.0,1016.6,3.9,329.0,56.0
2018-07-14,0.1,19.5,29.4,67.0,1016.5,7.5,322.0,42.0
2018-07-15,6.4,20.4,28.5,71.0,1014.2,8.0,340.0,56.0
2018-07-16,6.2,18.5,28.0,74.0,1011.8,7.0,306.0,71.0
2018-07-17,2.2,17.2,28.6,72.0,1011.0,5.9,287.0,34.0
2018-07-18,0.0,18.5,30.8,58.0,1012.8,7.5,288.0,7.0
2018-07-19,0.2,18.7,30.9,60.0,1012.6,5.8,287.0,20.0
2018-07-20,2.2,21.1,30.5,66.0,1012.5,6.5,333.0,65.0
2018-07-21,6.9,18.7,27.4,71.0,1010.9,7.9,344.0,92.0
2018-07-22,4.6,18.5,29.0,70.0,1009.5,4.5,312.0,70.0
2018-07-23,0.1,18.0,30.0,64.0,1010.9,5.9,294.0,38.0
2018-07-24,0.0,19.5,30.9,54.0,1012.5,8.2,294.0,16.0
2018-07-25,0.0,20.5,31.8,55.0,1011.6,7.0,307.0,23.0
2018-07-26,3.9,20.8,30.9,58.0,1012.2,7.0,340.0,30.0
2018-07-27,0.2,19.6,31.0,58.0,1011.8,6.7,299.0,23.0
2018-07-28,0.1,20.8,31.7,65.0,1010.3,6.3,312.0,49.0
2018-07-29,3.7,21.2,30.7,69.0,1012.7,6.5,329.0,54.0
2018-07-30,0.0,22.5,34.2,63.0,1013.5,6.7,329.0,41.0
2018-07-31,0.0,23.8,34.6,60.0,1013.9,7.0,312.0,23.0
2018-08-01,3.1,23.1,35.2,58.0,1014.4,7.4,305.0,36.0
2018-08-02,0.0,22.2,33.3,58.0,1015.9,5.2,2.0,46.0
2018-08-03,0.1,21.3,33.8,62.0,1016.4,4.8,348.0,33.0
2018-08-04,0.1,23.3,33.7,56.0,1015.2,6.2,333.0,41.0
2018-08-05,0.0,22.9,34.1,58.0,1014.9,6.1,333.0,46.0
2018-08-06,0.1,23.3,34.1,58.0,1015.3,6.1,322.0,68.0
2018-08-07,0.1,23.1,33.0,60.0,1014.1,6.9,285.0,58.0
2018-08-08,0.0,21.9,32.3,67.0,1014.3,5.9,289.0,66.0
2018-08-09,0.0,21.4,32.6,63.0,1015.3,7.5,276.0,23.0
2018-08-10,0.5,21.1,30.3,70.0,1017.8,4.9,323.0,27.0
2018-08-11,0.0,21.6,29.6,61.0,1017.9,6.8,11.0,46.0
2018-08-12,0.0,20.8,30.5,56.0,1017.0,8.7,23.0,23.0
2018-08-13,6.1,19.7,31.3,71.0,1012.2,6.9,311.0,38.0
2018-08-14,11.2,18.8,25.7,81.0,1011.7,5.4,49.0,92.0
2018-08-15,0.0,19.3,29.1,58.0,1015.3,6.3,0.0,56.0
2018-08-16,0.0,20.0,29.9,50.0,1016.0,7.6,25.0,23.0
2018-08-17,0.0,18.0,30.4,55.0,1014.2,6.2,305.0,17.0
2018-08-18,0.0,19.8,31.7,59.0,1016.1,7.3,2.0,22.0
2018-08-19,0.0,21.2,32.8,48.0,1017.3,10.1,24.0,20.0
2018-08-20,0.0,21.9,33.8,46.0,1015.4,7.9,350.0,10.0
2018-08-21,0.0,21.6,34.0,47.0,1015.6,8.7,351.0,15.0
2018-08-22,0.0,21.6,33.1,47.0,1015.8,9.5,18.0,25.0
2018-08-23,0.2,21.5,33.2,51.0,1013.2,6.5,332.0,51.0
2018-08-24,3.6,20.9,31.6,64.0,1009.8,6.7,335.0,58.0
2018-08-25,22.0,18.6,25.2,75.0,1008.1,7.8,55.0,93.0
2018-08-26,32.1,13.6,19.6,76.0,1010.6,9.1,358.0,68.0
2018-08-27,0.0,12.3,24.1,62.0,1015.8,6.1,311.0,13.0
2018-08-28,0.0,13.7,27.8,63.0,1017.5,6.5,308.0,8.0
2018-08-29,0.0,15.5,28.0,65.0,1015.9,6.4,307.0,33.0
2018-08-30,0.3,17.0,26.9,72.0,1014.9,6.0,335.0,38.0
2018-08-31,12.5,18.5,24.3,80.0,1015.7,8.5,45.0,84.0
2018-09-01,29.1,17.2,22.2,86.0,1014.8,6.7,32.0,90.0
2018-09-02,13.0,15.4,23.4,78.0,1016.1,6.3,360.0,77.0
2018-09-03,0.8,15.1,24.3,74.0,1013.4,6.2,312.0,60.0
2018-09-04,0.7,15.3,24.4,81.0,1013.0,4.5,56.0,78.0
2018-09-05,0.1,15.9,26.5,75.0,1014.6,5.0,280.0,17.0
2018-09-06,2.4,16.8,26.2,82.0,1012.5,4.5,344.0,43.0
2018-09-07,6.5,16.9,22.9,87.0,1012.3,4.3,340.0,95.0
2018-09-08,0.0,15.9,26.5,74.0,1017.7,5.7,351.0,17.0
2018-09-09,0.0,16.7,27.1,72.0,1020.3,6.8,294.0,9.0
2018-09-10,0.0,17.2,27.7,74.0,1021.0,5.7,325.0,43.0
2018-09-11,0.0,17.5,28.1,72.0,1023.4,5.7,309.0,56.0
2018-09-12,0.0,18.2,28.2,75.0,1022.0,5.7,307.0,25.0
2018-09-13,0.0,17.5,27.6,74.0,1015.3,4.5,4.0,87.0
2018-09-14,0.1,17.8,26.9,73.0,1014.9,4.9,338.0,30.0
2018-09-15,0.2,17.8,25.4,75.0,1019.3,6.7,20.0,21.0
2018-09-16,0.0,17.2,26.8,73.0,1022.0,5.6,337.0,31.0
2018-09-17,0.3,16.2,27.4,75.0,1020.7,5.4,314.0,38.0
2018-09-18,0.6,17.0,26.4,77.0,1019.3,4.7,326.0,33.0
2018-09-19,0.2,17.1,27.6,75.0,1019.4,5.8,332.0,22.0
2018-09-20,0.0,18.0,28.5,67.0,1018.9,7.6,353.0,7.0
2018-09-21,0.0,17.6,27.8,69.0,1015.4,6.9,293.0,4.0
2018-09-22,4.8,16.2,24.4,81.0,1016.7,10.1,71.0,95.0
2018-09-23,1.3,15.9,21.8,84.0,1017.4,3.6,68.0,84.0
2018-09-24,1.1,14.2,23.3,56.0,1017.8,9.6,77.0,43.0
2018-09-25,0.0,8.6,19.2,46.0,1032.3,7.5,67.0,3.0
2018-09-26,0.0,6.9,16.9,55.0,1037.2,5.5,8.0,23.0
2018-09-27,0.0,7.2,22.9,69.0,1029.6,4.6,310.0,19.0
2018-09-28,0.0,10.0,26.5,59.0,1017.9,6.6,318.0,0.0
2018-09-29,0.0,14.0,24.3,54.0,1019.4,8.8,81.0,46.0
2018-09-30,0.0,10.4,19.8,52.0,1019.8,5.5,87.0,8.0
2018-10-01,3.2,9.6,16.9,76.0,1010.9,5.7,59.0,62.0
2018-10-02,0.1,11.0,19.0,62.0,1017.1,5.7,86.0,48.0
2018-10-03,0.0,7.4,20.2,65.0,1020.9,4.8,338.0,30.0
2018-10-04,0.0,9.9,21.8,64.0,1025.2,7.0,36.0,16.0
2018-10-05,0.0,8.5,22.6,62.0,1023.7,7.6,19.0,22.0
2018-10-06,14.9,14.9,17.9,78.0,1018.4,4.7,31.0,93.0
2018-10-07,4.3,14.4,20.4,87.0,1013.9,3.7,38.0,55.0
2018-10-08,0.2,14.5,22.2,84.0,1019.0,4.0,11.0,32.0
2018-10-09,0.0,13.4,22.9,73.0,1021.6,7.9,7.0,10.0
2018-10-10,0.0,13.0,23.1,68.0,1022.3,8.1,33.0,3.0
2018-10-11,0.0,11.7,22.8,66.0,1021.5,7.2,358.0,21.0
2018-10-12,0.0,12.9,23.3,75.0,1024.5,4.5,311.0,22.0
2018-10-13,0.0,11.1,23.3,69.0,1024.4,7.7,38.0,0.0
2018-10-14,0.0,11.6,22.0,65.0,1020.9,7.2,3.0,22.0
2018-10-15,0.4,11.4,19.8,76.0,1019.7,7.6,22.0,49.0
2018-10-16,0.0,12.4,20.4,78.0,1020.5,4.8,331.0,86.0
2018-10-17,5.4,13.3,18.5,82.0,1019.3,5.7,330.0,86.0
2018-10-18,0.0,13.2,23.0,77.0,1016.5,5.6,343.0,58.0
2018-10-19,0.0,13.1,22.8,71.0,1018.4,6.5,2.0,40.0
2018-10-20,0.0,12.7,21.3,72.0,1022.8,4.1,0.0,19.0
2018-10-21,3.4,9.0,18.0,83.0,1022.4,6.9,46.0,56.0
2018-10-22,0.0,5.6,18.5,67.0,1022.5,5.6,320.0,2.0
2018-10-23,0.0,4.8,18.1,70.0,1022.1,6.2,284.0,34.0
2018-10-24,0.0,7.9,19.0,72.0,1012.3,4.3,15.0,42.0
2018-10-25,0.0,9.8,17.2,78.0,1017.0,5.0,2.0,72.0
2018-10-26,3.5,13.1,14.9,89.0,1013.6,3.0,6.0,100.0
2018-10-27,12.0,12.2,16.2,94.0,1005.3,5.0,34.0,98.0
2018-10-28,37.8,14.3,17.0,93.0,1001.6,10.5,79.0,97.0
2018-10-29,60.8,12.8,18.1,91.0,1000.6,15.1,94.0,89.0
2018-10-30,3.3,9.2,14.0,84.0,1006.9,5.9,52.0,62.0
2018-10-31,0.2,6.9,16.5,82.0,1021.1,5.8,7.0,54.0
2018-11-01,34.8,10.2,14.4,87.0,1019.3,8.4,5.0,96.0
2018-11-02,7.4,12.0,15.8,91.0,1019.5,5.0,334.0,100.0
2018-11-03,0.4,11.0,20.4,83.0,1021.5,5.5,330.0,73.0
2018-11-04,0.9,12.5,20.4,72.0,1017.7,7.8,345.0,85.0
2018-11-05,16.0,13.2,15.6,89.0,1016.3,7.0,33.0,92.0
2018-11-06,15.2,13.4,16.1,91.0,1016.7,8.4,36.0,92.0
2018-11-07,2.6,11.4,15.8,93.0,1017.0,4.5,15.0,68.0
2018-11-08,0.0,9.6,16.6,86.0,1020.4,4.5,326.0,29.0
2018-11-09,0.0,11.0,16.1,83.0,1019.1,4.3,321.0,83.0
2018-11-10,0.0,11.1,14.9,88.0,1017.2,2.5,360.0,65.0
2018-11-11,0.1,10.2,14.7,89.0,1019.9,2.8,1.0,64.0
2018-11-12,0.0,10.1,15.8,86.0,1025.1,4.7,311.0,51.0
2018-11-13,0.0,11.7,14.3,92.0,1027.1,3.6,265.0,82.0
2018-11-14,0.0,8.2,16.3,84.0,1028.3,5.1,357.0,26.0
2018-11-15,0.0,6.8,14.1,83.0,1026.5,4.8,13.0,38.0
2018-11-16,0.0,4.8,12.4,68.0,1027.9,7.0,45.0,24.0
2018-11-17,0.0,4.0,12.2,65.0,1026.6,7.6,0.0,1.0
2018-11-18,0.0,1.2,9.8,71.0,1022.0,4.2,297.0,6.0
2018-11-19,0.1,1.0,7.6,68.0,1012.2,7.9,52.0,70.0
2018-11-20,8.1,4.1,7.9,79.0,1007.7,5.8,5.0,98.0
2018-11-21,0.1,6.1,11.1,76.0,1013.3,3.5,340.0,90.0
2018-11-22,0.0,6.3,10.6,91.0,1019.4,2.6,313.0,80.0
2018-11-23,8.5,7.1,11.2,89.0,1022.6,3.3,23.0,89.0
2018-11-24,24.6,8.9,13.7,92.0,1015.3,5.0,8.0,82.0
2018-11-25,1.2,7.5,12.5,85.0,1008.3,6.6,325.0,87.0
2018-11-26,0.7,8.1,9.9,91.0,1000.6,3.8,7.0,99.0
2018-11-27,0.2,5.1,12.5,86.0,1008.0,4.2,268.0,75.0
2018-11-28,0.0,1.8,10.3,68.0,1020.5,5.0,340.0,15.0
2018-11-29,0.0,-2.2,6.4,74.0,1027.2,4.5,53.0,51.0
2018-11-30,0.0,-1.1,5.1,67.0,1022.1,3.5,15.0,86.0
2018-12-01,0.0,-0.3,8.8,78.0,1019.8,4.3,317.0,48.0
2018-12-02,0.3,0.9,8.5,80.0,1018.4,4.6,317.0,87.0
2018-12-03,1.4,0.0,9.4,86.0,1014.8,4.3,318.0,66.0
2018-12-04,0.7,1.5,12.2,89.0,1015.0,6.0,329.0,25.0
2018-12-05,0.0,2.2,10.6,79.0,1025.5,6.6,23.0,60.0
2018-12-06,5.2,2.9,8.7,90.0,1024.0,4.1,8.0,76.0
2018-12-07,0.2,1.4,7.9,93.0,1021.1,3.5,345.0,75.0
2018-12-08,7.4,5.2,12.1,89.0,1012.5,5.5,311.0,64.0
2018-12-09,0.0,3.1,10.2,87.0,1008.8,5.1,338.0,31.0
2018-12-10,0.0,0.8,14.0,60.0,1013.3,9.1,335.0,46.0
2018-12-11,0.0,1.5,10.7,46.0,1018.0,11.3,333.0,7.0
2018-12-12,0.0,-0.5,9.1,52.0,1019.5,9.8,325.0,0.0
2018-12-13,0.3,-1.4,5.4,67.0,1017.6,6.4,18.0,62.0
2018-12-14,0.0,-1.6,6.3,70.0,1017.1,5.3,19.0,30.0
2018-12-15,0.0,-4.5,5.4,71.0,1020.1,6.1,306.0,0.0
2018-12-16,0.0,-3.3,3.9,69.0,1020.1,4.3,5.0,75.0
2018-12-17,0.0,-3.0,7.1,73.0,1020.6,4.8,327.0,87.0
2018-12-18,0.0,-3.4,7.3,70.0,1028.4,4.3,333.0,7.0
2018-12-19,0.6,-3.8,5.8,71.0,1025.0,4.4,322.0,79.0
2018-12-20,4.4,-1.2,7.3,90.0,1022.4,6.1,309.0,44.0
2018-12-21,0.0,-1.7,3.7,92.0,1025.6,3.4,299.0,75.0
2018-12-22,0.8,-1.5,5.6,91.0,1021.6,3.1,334.0,65.0
2018-12-23,0.0,-1.2,8.5,86.0,1023.2,4.4,321.0,73.0
2018-12-24,0.0,-0.4,8.6,83.0,1018.7,4.6,333.0,50.0
2018-12-25,0.0,-2.0,8.7,74.0,1029.4,7.0,329.0,49.0
2018-12-26,0.0,-3.2,6.1,73.0,1030.9,4.9,328.0,17.0
2018-12-27,0.0,-2.7,6.4,70.0,1027.9,4.5,305.0,25.0
2018-12-28,0.0,-1.8,6.7,55.0,1025.0,2.8,312.0,58.0
2018-12-29,0.0,-1.4,9.9,60.0,1026.7,3.8,338.0,8.0
2018-12-30,0.0,-1.9,10.1,65.0,1024.9,5.0,313.0,31.0
2018-12-31,0.0,-1.7,10.1,62.0,1027.2,4.3,346.0,40.0
2019-01-01,0.0,-0.3,6.9,76.0,1027.7,5.0,333.0,65.0
2019-01-02,0.0,-2.6,10.2,59.0,1020.0,11.0,330.0,21.0
2019-01-03,0.0,-4.1,6.2,39.0,1027.0,8.1,320.0,6.0
2019-01-04,0.0,-3.4,4.7,58.0,1029.3,6.9,294.0,35.0
2019-01-05,0.0,-3.7,3.9,65.0,1022.7,3.5,322.0,42.0
2019-01-06,0.0,-3.2,10.3,63.0,1020.1,4.6,318.0,21.0
2019-01-07,0.0,-0.7,6.8,80.0,1027.0,5.8,11.0,76.0
2019-01-08,0.2,-2.6,5.5,89.0,1018.4,4.3,345.0,75.0
2019-01-09,0.0,-2.3,4.3,75.0,1006.6,6.3,326.0,60.0
2019-01-10,0.0,-1.5,8.7,50.0,1011.3,8.3,326.0,66.0
2019-01-11,0.0,-3.1,5.3,72.0,1020.0,5.1,299.0,35.0
2019-01-12,0.0,-2.6,4.5,65.0,1018.9,3.3,350.0,82.0
2019-01-13,0.3,-2.1,7.1,72.0,1010.7,6.0,315.0,69.0
2019-01-14,0.0,-2.4,9.7,67.0,1003.2,7.2,324.0,18.0
2019-01-15,0.0,-1.1,9.2,58.0,1016.8,9.1,338.0,19.0
2019-01-16,0.0,-2.9,7.6,70.0,1019.0,4.7,346.0,32.0
2019-01-17,4.9,0.2,6.2,83.0,1014.6,4.1,349.0,89.0
2019-01-18,3.1,1.2,8.1,85.0,1013.2,6.7,52.0,68.0
2019-01-19,0.0,0.4,5.2,67.0,1017.5,5.3,36.0,95.0
2019-01-20,0.0,-3.3,5.2,81.0,1015.6,3.7,318.0,19.0
2019-01-21,0.0,-2.5,6.1,69.0,1017.5,5.3,23.0,77.0
2019-01-22,0.1,-3.7,6.1,69.0,1010.0,3.5,139.0,80.0
2019-01-23,3.6,-1.6,2.2,82.0,999.5,5.6,36.0,90.0
2019-01-24,0.0,-3.0,8.6,68.0,1000.3,4.7,3.0,42.0
2019-01-25,0.0,-4.6,5.7,65.0,1007.5,4.0,293.0,0.0
2019-01-26,0.0,-4.0,4.9,72.0,1011.4,3.9,264.0,64.0
2019-01-27,7.2,-3.1,4.6,75.0,1003.3,4.6,337.0,89.0
2019-01-28,1.4,-1.9,7.1,91.0,995.7,5.7,321.0,96.0
2019-01-29,0.0,-2.5,7.8,66.0,1005.3,7.1,340.0,47.0
2019-01-30,0.0,-2.0,4.4,77.0,1002.0,4.4,6.0,83.0
2019-01-31,0.5,0.4,6.3,74.0,1002.6,6.1,347.0,80.0
2019-02-01,35.5,1.6,8.3,90.0,1000.7,8.2,351.0,100.0
2019-02-02,38.7,6.1,10.2,94.0,997.1,6.6,31.0,99.0
2019-02-03,16.0,4.9,8.2,89.0,1003.1,8.4,334.0,98.0
2019-02-04,0.0,-1.3,10.5,59.0,1023.4,6.9,13.0,16.0
2019-02-05,0.0,-4.3,9.4,71.0,1025.4,5.2,314.0,1.0
2019-02-06,0.0,-4.0,10.1,64.0,1025.2,5.4,328.0,12.0
2019-02-07,0.0,-4.2,9.6,71.0,1020.4,5.2,307.0,48.0
2019-02-08,0.0,1.0,11.7,66.0,1019.8,4.1,342.0,56.0
2019-02-09,0.0,-2.0,9.7,81.0,1020.0,4.7,331.0,63.0
2019-02-10,2.5,2.8,7.7,85.0,1016.2,3.4,4.0,100.0
2019-02-11,1.0,0.2,11.5,74.0,1009.0,6.0,305.0,80.0
2019-02-12,0.0,0.1,13.2,50.0,1024.0,8.4,330.0,20.0
2019-02-13,0.0,-3.7,10.2,68.0,1035.2,6.3,291.0,4.0
2019-02-14,0.0,-2.3,11.3,79.0,1035.2,4.4,327.0,31.0
2019-02-15,0.0,-2.7,13.1,77.0,1032.5,5.8,332.0,6.0
2019-02-16,0.0,-2.6,12.6,77.0,1031.3,5.5,310.0,33.0
2019-02-17,0.0,-2.5,13.6,70.0,1027.6,5.4,321.0,12.0
2019-02-18,0.0,-1.6,12.1,68.0,1024.2,4.9,328.0,0.0
2019-02-19,0.0,-0.5,9.3,79.0,1022.6,3.7,7.0,14.0
2019-02-20,0.0,-0.5,10.5,84.0,1024.4,4.4,296.0,29.0
2019-02-21,0.0,0.1,13.5,78.0,1027.1,4.1,296.0,30.0
2019-02-22,0.0,0.8,14.0,74.0,1024.9,5.5,310.0,6.0
2019-02-23,0.0,0.6,7.1,63.0,1034.5,6.4,220.0,22.0
2019-02-24,0.0,-3.2,5.6,65.0,1037.2,4.4,272.0,36.0
2019-02-25,0.0,-1.2,15.1,74.0,1033.6,4.3,308.0,20.0
2019-02-26,0.0,0.2,15.9,72.0,1028.5,5.7,318.0,84.0
2019-02-27,0.0,4.4,20.0,61.0,1024.8,7.2,311.0,44.0
2019-02-28,0.0,2.0,14.6,73.0,1019.3,5.0,9.0,6.0
2019-03-01,0.5,1.4,12.0,83.0,1013.4,4.3,324.0,51.0
2019-03-02,0.0,1.9,14.6,76.0,1014.9,6.5,348.0,22.0
2019-03-03,0.0,0.6,14.9,72.0,1017.8,5.4,322.0,31.0
2019-03-04,1.7,3.7,10.5,88.0,1011.6,6.2,20.0,82.0
2019-03-05,0.0,1.1,13.3,81.0,1010.8,4.7,348.0,37.0
2019-03-06,0.0,4.3,13.5,81.0,1017.0,4.6,41.0,74.0
2019-03-07,6.4,5.5,12.9,86.0,1012.4,6.3,37.0,95.0
2019-03-08,1.0,6.8,15.7,82.0,1015.8,5.9,326.0,55.0
2019-03-09,0.0,5.0,15.2,81.0,1020.2,5.9,41.0,51.0
2019-03-10,0.5,5.1,12.3,86.0,1017.0,5.2,30.0,76.0
2019-03-11,0.2,2.9,17.4,66.0,1013.6,6.3,353.0,59.0
2019-03-12,0.0,1.5,14.4,40.0,1021.5,9.1,280.0,7.0
2019-03-13,0.0,0.5,11.8,65.0,1014.6,5.8,58.0,52.0
2019-03-14,0.0,-0.1,11.5,77.0,1012.5,6.2,351.0,45.0
2019-03-15,0.0,0.4,13.5,76.0,1010.1,5.3,326.0,15.0
2019-03-16,0.0,2.8,14.8,78.0,1014.1,5.6,26.0,61.0
2019-03-17,1.5,6.4,14.5,88.0,1014.1,5.8,26.0,67.0
2019-03-18,10.3,3.1,9.9,88.0,1014.2,6.6,61.0,92.0
2019-03-19,0.0,1.3,11.9,63.0,1022.7,8.0,20.0,55.0
2019-03-20,0.0,0.3,12.6,56.0,1030.3,8.7,32.0,0.0
2019-03-21,0.0,1.1,14.6,57.0,1032.4,6.9,352.0,12.0
2019-03-22,0.0,-0.8,17.8,58.0,1029.8,5.3,309.0,27.0
2019-03-23,0.0,2.6,20.5,61.0,1025.5,6.1,321.0,1.0
2019-03-24,0.0,5.1,21.1,65.0,1020.9,7.3,291.0,8.0
2019-03-25,1.7,5.8,18.4,68.0,1012.6,6.9,42.0,33.0
2019-03-26,0.2,4.9,15.1,53.0,1020.6,10.8,75.0,34.0
2019-03-27,0.0,2.1,13.5,55.0,1026.6,4.3,218.0,45.0
2019-03-28,0.0,0.6,15.5,62.0,1029.6,6.2,319.0,1.0
2019-03-29,0.0,3.4,16.5,61.0,1030.2,7.2,340.0,3.0
2019-03-30,0.0,3.3,18.3,66.0,1024.8,6.0,325.0,24.0
2019-03-31,0.0,3.7,20.8,60.0,1017.8,6.5,321.0,10.0
2019-04-01,0.0,8.3,21.3,51.0,1016.1,9.1,27.0,5.0
2019-04-02,0.0,7.6,20.4,59.0,1014.4,6.4,59.0,93.0
2019-04-03,4.2,10.0,15.6,80.0,1009.8,8.8,60.0,86.0
2019-04-04,39.7,9.5,14.7,88.0,1002.5,12.9,85.0,95.0
2019-04-05,52.3,8.7,13.9,87.0,1000.6,11.1,49.0,98.0
2019-04-06,0.0,8.2,13.2,80.0,1007.1,4.4,41.0,89.0
2019-04-07,0.2,5.8,14.8,76.0,1006.1,4.1,282.0,83.0
2019-04-08,3.5,6.9,13.4,85.0,1006.8,5.9,320.0,98.0
2019-04-09,2.8,8.2,16.0,78.0,1006.9,8.1,315.0,92.0
2019-04-10,12.4,9.1,17.5,82.0,1006.3,6.8,356.0,73.0
2019-04-11,20.1,10.2,13.3,89.0,1009.6,4.9,21.0,99.0
2019-04-12,0.6,8.5,12.5,81.0,1013.7,3.9,112.0,93.0
2019-04-13,2.3,8.0,13.7,77.0,1015.1,4.6,128.0,95.0
2019-04-14,0.2,8.2,12.9,65.0,1014.2,9.6,67.0,81.0
2019-04-15,0.2,5.4,17.0,67.0,1018.8,6.0,349.0,36.0
2019-04-16,0.0,7.2,17.5,63.0,1019.7,6.1,266.0,26.0
2019-04-17,0.0,5.8,20.2,65.0,1020.3,5.9,317.0,45.0
2019-04-18,0.0,7.4,19.1,62.0,1025.3,7.3,57.0,40.0
2019-04-19,0.0,9.9,19.8,61.0,1028.9,6.4,30.0,27.0
2019-04-20,0.0,8.6,22.3,59.0,1026.5,8.3,337.0,6.0
2019-04-21,0.0,8.4,21.4,60.0,1021.4,6.7,61.0,58.0
2019-04-22,0.1,6.3,18.0,68.0,1015.3,7.9,69.0,73.0
2019-04-23,39.6,11.9,13.7,87.0,1008.4,12.8,51.0,100.0
2019-04-24,19.5,12.0,17.7,91.0,1013.7,7.2,52.0,94.0
2019-04-25,2.1,10.8,19.5,84.0,1018.4,6.3,84.0,80.0
2019-04-26,17.6,9.8,17.7,90.0,1015.0,8.6,85.0,78.0
2019-04-27,4.8,8.3,17.6,76.0,1014.8,6.7,20.0,46.0
2019-04-28,59.2,6.4,11.6,84.0,1014.4,15.5,341.0,93.0
2019-04-29,25.0,5.9,14.5,80.0,1013.9,11.4,308.0,94.0
2019-04-30,0.5,6.6,15.5,73.0,1012.7,5.2,328.0,80.0
2019-05-01,0.0,7.0,20.1,70.0,1012.9,6.9,322.0,10.0
2019-05-02,0.3,7.6,20.1,75.0,1011.7,7.0,68.0,35.0
2019-05-03,9.0,11.2,16.2,86.0,1009.0,5.6,23.0,94.0
2019-05-04,11.6,9.8,14.6,92.0,1005.2,5.6,86.0,86.0
2019-05-05,30.4,6.6,11.2,80.0,1003.3,10.5,351.0,100.0
2019-05-06,1.6,6.2,16.6,67.0,1011.7,5.6,266.0,75.0
2019-05-07,0.6,4.6,13.0,72.0,1019.0,6.0,64.0,49.0
2019-05-08,3.3,7.7,14.3,82.0,1015.2,4.7,56.0,92.0
2019-05-09,9.4,9.9,17.4,82.0,1006.3,5.1,119.0,86.0
2019-05-10,3.4,10.9,17.9,85.0,1011.1,4.8,104.0,79.0
2019-05-11,11.0,11.7,17.3,87.0,1013.3,7.3,68.0,77.0
2019-05-12,30.9,10.0,14.6,72.0,1013.4,11.4,340.0,100.0
2019-05-13,1.4,11.8,19.0,55.0,1018.3,8.1,353.0,98.0
2019-05-14,0.1,8.2,16.9,64.0,1019.2,6.6,193.0,48.0
2019-05-15,3.1,6.9,14.1,78.0,1015.1,5.2,254.0,88.0
2019-05-16,0.2,9.0,17.4,76.0,1012.8,4.9,151.0,75.0
2019-05-17,0.0,11.2,17.9,71.0,1010.6,6.4,101.0,73.0
2019-05-18,18.6,10.1,16.4,83.0,1007.9,8.3,36.0,99.0
2019-05-19,21.7,12.0,15.3,88.0,1005.5,8.3,60.0,98.0
2019-05-20,10.7,11.3,16.0,91.0,1004.7,3.4,217.0,95.0
2019-05-21,7.4,12.0,17.2,88.0,1008.9,5.1,92.0,100.0
2019-05-22,2.4,12.5,20.5,85.0,1013.7,4.4,73.0,87.0
2019-05-23,1.3,11.7,21.5,80.0,1015.4,4.9,266.0,39.0
2019-05-24,1.5,12.8,22.6,80.0,1013.7,4.8,298.0,47.0
2019-05-25,2.8,14.2,21.3,84.0,1014.1,4.3,23.0,96.0
2019-05-26,0.8,13.4,22.3,79.0,1014.5,5.0,55.0,98.0
2019-05-27,10.5,14.2,16.7,88.0,1011.0,4.6,49.0,96.0
2019-05-28,15.8,13.4,18.9,89.0,1004.8,3.6,321.0,97.0
2019-05-29,19.3,11.8,16.0,82.0,1011.1,9.5,345.0,100.0
2019-05-30,4.6,11.4,17.7,87.0,1021.6,5.4,293.0,87.0
2019-05-31,0.0,11.1,23.1,68.0,1023.3,7.6,286.0,24.0
2019-06-01,0.0,12.8,25.8,65.0,1020.2,8.2,287.0,15.0
2019-06-02,0.0,14.2,27.4,69.0,1017.6,6.3,287.0,19.0
2019-06-03,0.2,16.2,27.2,71.0,1015.7,4.8,327.0,25.0
2019-06-04,0.9,16.9,27.2,76.0,1012.7,5.3,331.0,28.0
2019-06-05,3.0,16.3,25.2,82.0,1010.5,6.5,57.0,55.0
2019-06-06,1.5,17.0,22.5,82.0,1012.2,8.3,76.0,56.0
2019-06-07,0.9,15.5,24.6,74.0,1016.6,5.9,143.0,31.0
2019-06-08,0.0,15.8,26.8,72.0,1019.2,4.8,98.0,9.0
2019-06-09,0.0,16.4,28.5,71.0,1020.4,6.3,39.0,52.0
2019-06-10,0.0,18.8,29.4,68.0,1013.4,7.0,2.0,67.0
2019-06-11,4.4,19.6,27.0,69.0,1009.2,7.8,45.0,60.0
2019-06-12,11.0,18.8,26.8,76.0,1009.9,12.7,345.0,48.0
2019-06-13,0.1,18.7,28.2,65.0,1013.5,8.1,265.0,17.0
2019-06-14,0.0,15.4,28.7,64.0,1017.1,5.3,8.0,36.0
2019-06-15,2.3,19.0,30.1,68.0,1013.2,6.8,84.0,67.0
2019-06-16,0.6,19.0,29.5,74.0,1012.6,5.3,60.0,14.0
2019-06-17,0.2,19.4,28.7,59.0,1015.6,7.2,60.0,53.0
2019-06-18,0.0,19.3,28.2,66.0,1014.8,5.4,321.0,28.0
2019-06-19,0.2,19.4,28.7,72.0,1012.5,6.3,319.0,41.0
2019-06-20,0.2,18.2,28.1,73.0,1011.7,5.9,7.0,30.0
2019-06-21,5.2,19.0,28.9,69.0,1014.1,7.4,349.0,52.0
2019-06-22,8.3,19.4,25.3,72.0,1014.7,7.6,349.0,90.0
2019-06-23,0.0,16.8,27.7,71.0,1014.2,4.7,337.0,26.0
2019-06-24,0.0,18.0,29.7,70.0,1018.2,5.4,216.0,12.0
2019-06-25,0.0,21.0,31.4,67.0,1021.1,4.6,356.0,12.0
2019-06-26,0.0,23.1,33.4,63.0,1022.0,4.5,32.0,11.0
2019-06-27,0.0,23.0,35.3,66.0,1017.5,4.6,300.0,11.0
2019-06-28,0.0,24.1,33.1,59.0,1015.5,8.1,82.0,15.0
2019-06-29,0.0,22.8,30.0,52.0,1018.9,7.4,98.0,14.0
2019-06-30,0.0,20.1,32.2,58.0,1018.8,5.2,202.0,17.0
2019-07-01,0.0,21.9,31.6,63.0,1016.9,5.9,134.0,32.0
2019-07-02,2.1,21.3,31.6,68.0,1014.6,4.8,32.0,40.0
2019-07-03,0.0,20.7,30.2,65.0,1015.1,6.8,8.0,65.0
2019-07-04,0.0,18.2,29.1,65.0,1017.1,6.7,66.0,44.0
2019-07-05,0.0,19.3,31.3,66.0,1014.9,6.8,221.0,24.0
2019-07-06,2.4,20.9,31.2,71.0,1011.7,5.4,158.0,39.0
2019-07-07,0.0,19.6,28.0,79.0,1008.8,6.3,59.0,53.0
2019-07-08,12.4,18.4,27.4,75.0,1011.3,5.0,13.0,39.0
2019-07-09,3.1,19.2,25.7,72.0,1012.2,6.7,80.0,94.0
2019-07-10,0.0,18.5,26.5,65.0,1012.5,8.1,98.0,35.0
2019-07-11,8.3,17.7,23.3,68.0,1014.3,5.9,31.0,81.0
2019-07-12,0.6,16.1,26.0,78.0,1012.1,4.0,185.0,47.0
2019-07-13,0.3,16.9,25.1,78.0,1010.6,5.6,12.0,30.0
2019-07-14,0.3,14.4,25.2,68.0,1011.9,5.2,12.0,14.0
2019-07-15,0.3,17.1,24.5,66.0,1011.4,8.8,5.0,87.0
2019-07-16,0.0,16.2,27.0,63.0,1013.1,7.6,288.0,11.0
2019-07-17,1.9,17.2,28.2,66.0,1012.2,6.8,293.0,68.0
2019-07-18,2.4,18.7,25.9,76.0,1011.9,4.5,324.0,73.0
2019-07-19,0.0,17.8,29.0,68.0,1015.0,5.8,250.0,55.0
2019-07-20,0.0,19.4,28.7,71.0,1017.2,5.2,201.0,42.0
2019-07-21,0.1,19.9,29.7,73.0,1018.7,4.8,284.0,57.0
2019-07-22,0.0,21.1,31.7,65.0,1020.7,6.6,348.0,75.0
2019-07-23,0.0,22.4,32.4,66.0,1018.7,6.1,294.0,30.0
2019-07-24,0.0,22.3,33.3,67.0,1016.0,5.3,241.0,18.0
2019-07-25,0.1,23.6,32.6,72.0,1015.5,5.1,330.0,59.0
2019-07-26,15.9,22.5,31.8,78.0,1010.5,5.5,7.0,75.0
2019-07-27,13.4,19.9,25.8,85.0,1004.6,5.4,40.0,74.0
2019-07-28,47.3,18.9,22.3,91.0,998.5,6.2,345.0,99.0
2019-07-29,2.6,19.6,28.3,81.0,1004.8,4.2,275.0,71.0
2019-07-30,14.3,20.9,29.4,82.0,1010.0,4.8,320.0,37.0
2019-07-31,0.4,20.8,29.5,76.0,1011.8,4.2,339.0,42.0
2019-08-01,0.6,20.0,29.1,76.0,1013.7,6.2,65.0,37.0
2019-08-02,15.0,19.6,24.8,84.0,1011.4,7.3,349.0,88.0
2019-08-03,0.2,16.9,26.8,74.0,1011.8,5.5,297.0,15.0
2019-08-04,0.1,17.7,26.3,74.0,1014.7,5.6,348.0,30.0
2019-08-05,0.1,19.5,27.2,76.0,1015.2,6.3,290.0,59.0
2019-08-06,0.9,20.8,27.4,81.0,1014.3,5.1,27.0,76.0
2019-08-07,0.8,19.6,27.0,80.0,1011.8,5.9,347.0,81.0
2019-08-08,2.9,19.0,28.1,82.0,1011.4,5.5,39.0,48.0
2019-08-09,0.0,20.1,30.0,76.0,1013.9,5.0,265.0,23.0
2019-08-10,0.7,21.8,29.5,79.0,1014.1,6.2,216.0,36.0
2019-08-11,0.2,22.5,29.9,78.0,1014.6,7.2,41.0,15.0
2019-08-12,0.2,21.6,30.7,73.0,1011.8,6.3,338.0,39.0
2019-08-13,2.6,20.3,30.1,71.0,1010.9,8.5,29.0,64.0
2019-08-14,0.3,18.4,26.0,68.0,1013.8,5.5,61.0,53.0
2019-08-15,0.0,17.7,25.4,65.0,1015.8,6.0,311.0,58.0
2019-08-16,7.0,15.7,26.9,71.0,1016.1,6.2,331.0,36.0
2019-08-17,0.0,15.9,26.8,71.0,1016.4,5.5,259.0,60.0
2019-08-18,0.0,18.2,27.7,78.0,1015.3,5.3,178.0,23.0
2019-08-19,0.6,19.3,28.3,78.0,1015.9,5.5,26.0,28.0
2019-08-20,0.0,20.3,30.6,71.0,1016.9,5.0,340.0,31.0
2019-08-21,1.3,21.0,31.7,65.0,1018.3,9.4,23.0,72.0
2019-08-22,0.0,20.2,27.5,69.0,1020.8,5.3,81.0,80.0
2019-08-23,1.8,21.0,26.5,75.0,1021.1,6.3,36.0,98.0
2019-08-24,0.7,20.9,28.3,73.0,1019.0,6.3,7.0,83.0
2019-08-25,0.7,20.0,29.5,68.0,1017.6,6.6,0.0,49.0
2019-08-26,0.3,19.9,28.7,71.0,1017.6,6.4,20.0,36.0
2019-08-27,0.0,20.2,30.5,67.0,1017.3,5.7,333.0,40.0
2019-08-28,0.0,21.3,29.8,67.0,1016.9,5.2,331.0,92.0
2019-08-29,0.0,20.8,30.4,68.0,1016.8,4.8,336.0,78.0
2019-08-30,0.1,20.6,30.7,62.0,1018.6,8.3,40.0,50.0
2019-08-31,3.6,20.8,29.1,67.0,1016.5,9.6,336.0,73.0
2019-09-01,1.3,20.4,31.3,61.0,1011.9,7.2,316.0,52.0
2019-09-02,8.3,19.8,26.0,73.0,1013.1,9.0,340.0,75.0
2019-09-03,5.3,16.4,26.4,63.0,1019.6,6.7,90.0,23.0
2019-09-04,0.0,16.2,25.9,63.0,1018.6,5.0,305.0,5.0
2019-09-05,0.0,16.1,27.9,59.0,1012.7,6.4,69.0,12.0
2019-09-06,7.5,16.3,23.0,66.0,1015.5,9.0,34.0,79.0
2019-09-07,4.7,15.6,22.0,80.0,1014.5,4.8,2.0,76.0
2019-09-08,36.4,13.9,17.2,88.0,1012.8,7.3,28.0,88.0
2019-09-09,0.8,12.3,20.6,78.0,1012.1,6.1,339.0,44.0
2019-09-10,0.2,14.3,22.4,74.0,1017.1,6.0,9.0,60.0
2019-09-11,0.0,13.1,23.9,68.0,1020.6,5.9,324.0,36.0
2019-09-12,0.0,16.1,26.8,64.0,1026.9,5.7,322.0,6.0
2019-09-13,0.0,14.3,26.1,71.0,1029.2,5.5,313.0,4.0
2019-09-14,0.0,16.2,26.6,74.0,1027.8,5.8,327.0,44.0
2019-09-15,0.0,17.3,26.9,75.0,1024.4,5.2,314.0,32.0
2019-09-16,0.0,17.6,26.8,79.0,1018.4,4.6,235.0,12.0
2019-09-17,1.3,18.3,25.5,84.0,1014.4,4.8,87.0,46.0
2019-09-18,5.7,16.4,22.0,79.0,1016.4,10.3,78.0,76.0
2019-09-19,0.0,15.5,22.7,60.0,1020.4,9.5,84.0,67.0
2019-09-20,0.0,12.7,18.4,55.0,1025.9,7.0,64.0,52.0
2019-09-21,0.0,9.4,20.5,62.0,1024.3,5.2,38.0,18.0
2019-09-22,0.0,11.4,19.0,69.0,1018.7,3.6,16.0,81.0
2019-09-23,4.8,12.2,17.8,84.0,1013.1,4.6,296.0,86.0
2019-09-24,0.0,14.4,23.0,72.0,1012.6,6.1,256.0,54.0
2019-09-25,11.7,13.3,20.0,86.0,1010.4,5.9,54.0,64.0
2019-09-26,0.0,11.5,22.2,79.0,1014.0,5.0,275.0,24.0
2019-09-27,0.0,13.7,21.2,80.0,1017.0,4.0,336.0,76.0
2019-09-28,3.9,16.5,21.3,88.0,1016.3,5.0,61.0,86.0
2019-09-29,1.0,14.9,22.3,87.0,1014.7,4.6,27.0,28.0
2019-09-30,0.0,14.4,22.9,82.0,1010.4,5.5,57.0,44.0
2019-10-01,1.7,15.5,22.5,85.0,1011.6,5.3,64.0,42.0
2019-10-02,11.9,13.8,20.1,92.0,1004.7,5.7,70.0,81.0
2019-10-03,1.8,11.4,17.2,71.0,1011.7,6.8,67.0,48.0
2019-10-04,0.0,9.7,14.7,73.0,1014.1,3.7,15.0,82.0
2019-10-05,0.0,8.9,17.8,77.0,1009.9,4.3,13.0,38.0
2019-10-06,0.3,10.0,16.0,75.0,1015.0,4.6,359.0,73.0
2019-10-07,0.5,11.8,17.9,72.0,1013.4,6.3,86.0,69.0
2019-10-08,0.0,9.6,17.1,69.0,1019.5,4.6,34.0,37.0
2019-10-09,5.6,10.9,16.6,82.0,1016.6,3.6,11.0,71.0
2019-10-10,0.0,11.7,18.9,84.0,1015.7,4.4,5.0,41.0
2019-10-11,0.0,10.3,19.9,77.0,1022.9,4.6,342.0,17.0
2019-10-12,0.0,8.6,19.1,82.0,1023.2,5.1,273.0,35.0
2019-10-13,0.0,11.3,17.9,86.0,1023.2,3.8,319.0,69.0
2019-10-14,0.2,13.6,19.3,86.0,1021.5,3.4,27.0,79.0
2019-10-15,14.6,15.3,17.3,95.0,1015.7,6.4,58.0,95.0
2019-10-16,6.4,13.1,19.5,89.0,1014.7,4.5,76.0,36.0
2019-10-17,0.0,12.9,18.6,85.0,1018.7,3.6,24.0,54.0
2019-10-18,0.1,12.0,18.3,86.0,1017.4,4.6,9.0,57.0
2019-10-19,1.7,13.4,17.9,88.0,1016.6,5.3,44.0,87.0
2019-10-20,0.1,13.8,21.1,85.0,1018.3,5.0,55.0,46.0
2019-10-21,1.8,16.2,20.1,88.0,1022.0,5.5,33.0,76.0
2019-10-22,0.0,12.0,22.4,86.0,1022.5,4.3,300.0,37.0
2019-10-23,0.0,11.7,23.2,75.0,1019.6,6.3,332.0,32.0
2019-10-24,0.2,10.9,18.9,84.0,1016.8,5.1,348.0,72.0
2019-10-25,0.0,10.5,21.8,80.0,1019.1,6.1,331.0,59.0
2019-10-26,0.0,11.3,22.0,72.0,1022.5,6.7,310.0,0.0
2019-10-27,0.0,8.9,18.9,80.0,1020.5,4.6,357.0,12.0
2019-10-28,0.1,9.8,18.1,86.0,1016.6,3.6,350.0,75.0
2019-10-29,5.4,12.1,14.6,90.0,1016.1,6.6,76.0,91.0
2019-10-30,0.0,10.2,13.9,66.0,1021.7,7.8,86.0,97.0
2019-10-31,0.0,7.3,13.0,68.0,1021.7,7.1,84.0,71.0
2019-11-01,0.0,5.4,12.8,72.0,1018.9,3.0,59.0,48.0
2019-11-02,3.0,9.4,10.7,86.0,1009.5,1.8,38.0,99.0
2019-11-03,41.0,10.6,14.6,93.0,996.6,5.0,7.0,100.0
2019-11-04,5.6,10.2,15.1,89.0,996.6,5.8,39.0,66.0
2019-11-05,13.8,10.5,16.2,89.0,997.8,4.9,349.0,75.0
2019-11-06,5.3,8.5,13.9,89.0,1002.5,4.7,31.0,79.0
2019-11-07,0.0,5.7,13.7,82.0,1007.3,4.0,349.0,56.0
2019-11-08,32.4,8.4,10.5,89.0,1004.8,7.1,356.0,100.0
2019-11-09,13.1,4.3,11.1,85.0,1007.9,7.0,324.0,61.0
2019-11-10,0.0,4.2,13.4,72.0,1010.3,8.6,332.0,16.0
2019-11-11,5.8,4.1,9.6,79.0,1014.1,6.4,326.0,91.0
2019-11-12,37.1,8.2,11.2,86.0,1002.4,10.3,339.0,100.0
2019-11-13,15.1,5.6,10.6,79.0,998.5,13.9,9.0,82.0
2019-11-14,0.0,2.5,12.5,73.0,1008.6,6.6,335.0,41.0
2019-11-15,79.5,7.2,12.3,89.0,1004.4,12.6,47.0,99.0
2019-11-16,8.0,8.0,12.9,87.0,1010.7,5.3,12.0,86.0
2019-11-17,88.2,8.1,14.4,91.0,1005.1,12.6,52.0,100.0
2019-11-18,7.2,5.6,12.2,80.0,1012.0,5.9,326.0,48.0
2019-11-19,32.1,7.6,10.7,88.0,1016.3,9.7,355.0,99.0
2019-11-20,3.2,8.6,14.7,86.0,1012.8,6.5,340.0,98.0
2019-11-21,0.1,7.7,11.3,92.0,1012.5,4.7,62.0,77.0
2019-11-22,1.2,7.2,11.8,83.0,1013.8,4.7,28.0,77.0
2019-11-23,16.9,8.0,12.2,89.0,1010.5,9.1,32.0,98.0
2019-11-24,42.1,11.8,13.6,88.0,1008.6,12.2,25.0,100.0
2019-11-25,0.0,8.9,17.6,80.0,1008.5,6.7,334.0,21.0
2019-11-26,0.0,5.7,13.4,82.0,1009.7,4.2,6.0,48.0
2019-11-27,11.3,7.8,10.7,91.0,1006.4,3.7,359.0,93.0
2019-11-28,0.0,6.5,11.0,92.0,1003.3,3.9,328.0,64.0
2019-11-29,0.3,4.3,10.1,91.0,1008.2,4.4,330.0,51.0
2019-11-30,0.1,3.1,11.6,77.0,1018.1,8.1,34.0,31.0
2019-12-01,1.3,5.5,9.0,72.0,1021.3,4.4,45.0,97.0
2019-12-02,9.0,7.3,11.5,86.0,1016.1,5.8,40.0,95.0
2019-12-03,0.0,2.0,7.7,66.0,1025.2,5.1,52.0,34.0
2019-12-04,0.0,0.3,7.4,70.0,1026.7,5.4,14.0,16.0
2019-12-05,0.0,-1.1,7.8,74.0,1026.3,4.8,359.0,1.0
2019-12-06,0.0,-2.1,8.6,81.0,1024.3,5.2,324.0,25.0
2019-12-07,0.0,-0.5,8.5,83.0,1019.4,3.8,330.0,34.0
2019-12-08,0.0,-1.3,9.1,80.0,1019.6,5.4,321.0,24.0
2019-12-09,0.0,-0.2,8.3,81.0,1009.6,6.0,330.0,68.0
2019-12-10,0.0,-0.1,12.3,63.0,1016.4,8.5,343.0,2.0
2019-12-11,0.0,-4.3,6.6,70.0,1017.7,5.3,313.0,32.0
2019-12-12,1.4,-2.5,4.8,77.0,1006.0,4.8,321.0,99.0
2019-12-13,11.0,-1.1,3.1,91.0,992.8,6.9,330.0,88.0
2019-12-14,0.0,-1.1,8.7,80.0,1000.7,6.4,343.0,24.0
2019-12-15,0.0,-0.8,11.2,69.0,1014.3,7.2,320.0,52.0
2019-12-16,0.0,3.2,10.6,83.0,1020.5,3.8,337.0,86.0
2019-12-17,2.6,6.0,11.3,93.0,1020.4,5.3,349.0,98.0
2019-12-18,1.0,8.7,13.9,92.0,1022.8,5.0,12.0,87.0
2019-12-19,11.7,9.0,12.4,90.0,1021.2,7.8,13.0,99.0
2019-12-20,20.7,9.0,10.8,95.0,1010.5,5.8,32.0,96.0
2019-12-21,34.3,4.6,11.6,92.0,994.9,7.9,8.0,78.0
2019-12-22,13.6,4.9,9.3,87.0,989.7,8.5,332.0,83.0
2019-12-23,0.0,1.8,13.0,81.0,1001.4,7.5,330.0,65.0
2019-12-24,0.5,1.1,10.7,69.0,1014.1,8.8,329.0,41.0
2019-12-25,0.0,-0.5,9.6,80.0,1015.0,6.5,326.0,2.0
2019-12-26,0.0,0.4,12.0,62.0,1022.0,7.4,332.0,32.0
2019-12-27,0.0,1.9,10.7,76.0,1023.2,5.0,351.0,64.0
2019-12-28,0.0,2.4,9.4,78.0,1031.5,3.6,271.0,61.0
2019-12-29,0.0,-1.0,5.0,83.0,1035.5,3.1,246.0,44.0
2019-12-30,0.0,-3.3,4.3,77.0,1036.7,4.3,305.0,9.0
2019-12-31,0.0,-2.5,6.6,70.0,1030.7,3.5,326.0,21.0
2020-01-01,0.0,-0.8,9.5,67.0,1031.8,4.2,339.0,0.0
2020-01-02,0.0,-3.4,9.8,72.0,1032.2,5.3,322.0,9.0
2020-01-03,0.0,-2.9,7.5,70.0,1027.8,4.2,331.0,59.0
2020-01-04,0.0,-3.3,10.4,64.0,1023.5,6.6,326.0,23.0
2020-01-05,0.0,-1.0,9.3,62.0,1028.1,7.3,352.0,13.0
2020-01-06,0.0,-1.9,5.0,80.0,1032.5,5.1,345.0,43.0
2020-01-07,0.9,-4.0,5.7,75.0,1027.8,4.1,321.0,37.0
2020-01-08,0.0,-3.9,8.5,66.0,1030.8,4.5,318.0,6.0
2020-01-09,0.0,-0.6,8.1,70.0,1027.5,3.7,341.0,51.0
2020-01-10,0.0,-2.5,7.0,72.0,1024.9,4.0,354.0,28.0
2020-01-11,0.0,-2.6,12.9,70.0,1028.3,5.6,326.0,1.0
2020-01-12,0.0,-4.1,8.3,77.0,1029.5,4.8,321.0,7.0
2020-01-13,0.0,-3.6,8.2,70.0,1026.7,4.4,330.0,58.0
2020-01-14,0.0,-3.0,6.3,73.0,1026.0,4.2,327.0,38.0
2020-01-15,0.0,-3.6,6.7,78.0,1028.9,4.1,326.0,41.0
2020-01-16,0.0,-3.4,9.6,74.0,1030.5,4.8,325.0,24.0
2020-01-17,0.0,-1.3,10.6,71.0,1025.5,6.9,324.0,23.0
2020-01-18,6.0,1.2,5.8,85.0,1023.1,6.8,331.0,93.0
2020-01-19,0.2,1.3,10.0,82.0,1028.2,4.9,338.0,60.0
2020-01-20,0.0,-1.3,9.4,55.0,1040.8,7.9,347.0,47.0
2020-01-21,0.0,-3.4,7.7,58.0,1042.2,6.0,314.0,14.0
2020-01-22,0.0,-3.7,6.4,59.0,1034.4,4.7,358.0,48.0
2020-01-23,0.0,-3.5,8.2,62.0,1031.8,5.2,359.0,1.0
2020-01-24,0.2,-3.4,7.8,67.0,1028.0,3.9,346.0,21.0
2020-01-25,0.3,-1.0,9.0,80.0,1024.5,4.7,312.0,93.0
2020-01-26,1.3,3.8,8.7,92.0,1021.3,3.5,314.0,79.0
2020-01-27,0.0,0.3,9.0,91.0,1018.9,4.4,333.0,55.0
2020-01-28,2.2,2.8,7.9,95.0,1008.2,4.2,347.0,79.0
2020-01-29,0.0,0.6,10.1,86.0,1009.0,5.2,343.0,19.0
2020-01-30,0.0,-2.2,10.5,78.0,1018.6,6.2,342.0,42.0
2020-01-31,0.0,0.1,8.9,82.0,1019.0,5.2,2.0,32.0
2020-02-01,0.0,-0.7,9.7,87.0,1018.6,4.7,323.0,50.0
2020-02-02,0.0,0.6,8.9,89.0,1018.2,3.5,334.0,39.0
2020-02-03,0.0,1.8,9.4,91.0,1016.4,6.0,344.0,55.0
2020-02-04,0.7,2.7,13.8,68.0,1007.2,7.2,329.0,60.0
2020-02-05,0.0,0.3,11.9,36.0,1017.8,12.3,316.0,3.0
2020-02-06,0.0,-3.4,9.2,57.0,1028.7,5.7,295.0,0.0
2020-02-07,0.0,-2.8,9.3,65.0,1026.9,4.9,340.0,4.0
2020-02-08,0.0,-2.8,9.5,61.0,1029.0,4.3,346.0,19.0
2020-02-09,0.0,-2.8,7.9,73.0,1029.5,4.3,320.0,43.0
2020-02-10,1.0,2.9,8.3,86.0,1016.3,4.4,10.0,93.0
2020-02-11,0.0,2.3,12.6,84.0,1007.7,5.7,347.0,23.0
2020-02-12,0.0,-1.0,11.8,74.0,1016.3,5.4,347.0,7.0
2020-02-13,0.0,-1.0,10.9,68.0,1019.5,5.9,342.0,61.0
2020-02-14,0.7,2.5,15.3,75.0,1016.9,6.8,321.0,21.0
2020-02-15,0.0,-0.5,13.0,72.0,1027.6,5.3,320.0,49.0
2020-02-16,0.0,0.0,10.9,82.0,1028.4,4.6,341.0,76.0
2020-02-17,0.6,6.2,8.6,89.0,1025.4,4.2,44.0,95.0
2020-02-18,0.6,5.3,13.6,85.0,1023.6,4.5,12.0,49.0
2020-02-19,0.5,5.1,12.0,72.0,1020.8,5.7,338.0,44.0
2020-02-20,0.0,-1.2,11.1,59.0,1024.6,6.0,302.0,4.0
2020-02-21,0.0,-1.1,12.0,74.0,1024.6,5.3,357.0,10.0
2020-02-22,0.0,2.7,12.3,69.0,1031.4,4.0,19.0,39.0
2020-02-23,0.0,1.9,11.1,82.0,1026.0,5.2,28.0,63.0
2020-02-24,0.0,5.7,13.6,86.0,1020.0,7.5,36.0,72.0
2020-02-25,0.5,5.9,11.1,88.0,1010.6,3.7,334.0,81.0
2020-02-26,2.8,4.1,11.3,87.0,998.7,5.3,55.0,91.0
2020-02-27,0.0,-1.3,11.4,61.0,1007.4,7.5,286.0,50.0
2020-02-28,0.0,1.1,13.4,47.0,1012.7,11.3,345.0,2.0
2020-02-29,0.0,-0.1,10.9,61.0,1016.5,4.7,344.0,93.0
2020-03-01,14.2,5.8,9.2,88.0,1006.9,4.8,336.0,98.0
2020-03-02,28.4,2.5,8.9,91.0,1000.2,10.8,41.0,76.0
2020-03-03,25.3,6.6,11.1,84.0,997.6,8.7,42.0,85.0
2020-03-04,0.1,1.8,11.5,79.0,1010.5,6.2,307.0,45.0
2020-03-05,1.1,2.3,10.3,77.0,1010.5,5.6,336.0,83.0
2020-03-06,16.7,3.5,10.6,86.0,1000.0,8.1,6.0,88.0
2020-03-07,0.7,4.1,13.1,76.0,1010.7,7.2,323.0,60.0
2020-03-08,0.0,0.3,11.9,60.0,1020.2,7.9,301.0,3.0
2020-03-09,0.0,1.9,10.9,75.0,1014.7,5.0,353.0,94.0
2020-03-10,0.0,2.7,13.3,74.0,1017.1,5.4,344.0,52.0
2020-03-11,0.0,2.1,13.7,78.0,1018.7,6.0,19.0,9.0
2020-03-12,0.0,2.6,13.9,79.0,1019.5,5.1,313.0,43.0
2020-03-13,0.9,9.5,16.1,81.0,1015.7,6.5,73.0,92.0
2020-03-14,3.2,7.3,12.0,65.0,1019.0,9.3,32.0,94.0
2020-03-15,0.0,2.5,11.8,73.0,1024.6,5.7,55.0,21.0
2020-03-16,0.0,2.6,13.4,59.0,1026.8,6.4,42.0,4.0
2020-03-17,0.0,1.2,14.7,73.0,1030.4,5.0,288.0,22.0
2020-03-18,0.0,4.3,19.2,72.0,1028.3,6.0,321.0,9.0
2020-03-19,0.0,6.5,19.3,69.0,1025.1,7.1,339.0,1.0
2020-03-20,0.0,5.7,17.2,81.0,1022.1,5.7,6.0,24.0
2020-03-21,0.2,7.1,15.2,87.0,1016.6,5.5,72.0,62.0
2020-03-22,0.6,6.1,12.0,63.0,1020.7,10.5,97.0,83.0
2020-03-23,0.0,1.6,8.7,44.0,1028.1,7.2,116.0,36.0
2020-03-24,0.0,-2.3,9.8,54.0,1026.2,4.9,235.0,36.0
2020-03-25,0.0,-0.7,8.4,54.0,1022.3,14.3,67.0,22.0
2020-03-26,0.1,2.3,10.7,47.0,1016.8,11.5,51.0,96.0
2020-03-27,0.0,5.5,14.5,60.0,1016.2,8.9,35.0,83.0
2020-03-28,0.0,6.1,17.4,60.0,1014.9,7.9,335.0,22.0
2020-03-29,0.5,6.2,17.9,69.0,1012.7,6.3,326.0,57.0
2020-03-30,2.1,4.6,11.3,70.0,1016.3,11.6,62.0,95.0
2020-03-31,0.0,2.1,10.0,55.0,1022.3,8.1,83.0,45.0
2020-04-01,0.0,-1.3,10.0,58.0,1021.8,5.2,256.0,10.0
2020-04-02,0.0,-0.1,12.4,67.0,1015.3,6.3,273.0,0.0
2020-04-03,0.0,1.1,15.6,67.0,1014.1,5.4,309.0,3.0
2020-04-04,0.0,4.4,17.7,56.0,1020.7,6.1,5.0,12.0
2020-04-05,0.0,4.3,18.6,55.0,1024.7,8.0,31.0,3.0
2020-04-06,0.0,6.7,20.2,45.0,1026.4,11.0,34.0,0.0
2020-04-07,0.0,3.1,20.6,53.0,1029.0,7.5,23.0,0.0
2020-04-08,0.0,3.1,20.8,47.0,1027.1,8.2,14.0,0.0
2020-04-09,0.0,6.2,21.8,47.0,1022.4,7.6,312.0,0.0
2020-04-10,0.0,7.4,24.0,54.0,1021.7,7.2,300.0,1.0
2020-04-11,0.0,9.7,23.6,55.0,1021.1,6.6,331.0,7.0
2020-04-12,0.0,8.3,23.1,56.0,1019.4,6.5,58.0,24.0
2020-04-13,0.0,8.8,21.2,60.0,1014.4,7.3,74.0,81.0
2020-04-14,0.3,7.2,16.2,65.0,1014.4,11.7,83.0,56.0
2020-04-15,0.0,6.5,14.6,55.0,1025.3,5.5,113.0,34.0
2020-04-16,0.0,4.3,18.9,63.0,1022.0,6.0,235.0,64.0
2020-04-17,0.0,5.8,19.1,67.0,1018.7,5.9,71.0,28.0
2020-04-18,0.0,8.3,20.5,70.0,1016.8,5.3,119.0,52.0
2020-04-19,0.0,9.6,21.2,65.0,1013.9,5.2,111.0,71.0
2020-04-20,0.5,13.1,17.3,63.0,1014.3,12.6,75.0,100.0
2020-04-21,0.0,12.5,19.4,38.0,1014.4,14.0,81.0,72.0
2020-04-22,0.0,9.4,20.4,41.0,1017.8,12.9,55.0,0.0
2020-04-23,0.0,8.8,21.1,47.0,1018.8,7.9,46.0,5.0
2020-04-24,0.0,8.0,21.9,56.0,1014.2,7.2,242.0,30.0
2020-04-25,0.0,8.8,21.7,61.0,1008.8,6.6,65.0,46.0
2020-04-26,1.6,11.8,19.4,76.0,1009.7,6.2,96.0,52.0
2020-04-27,0.5,11.4,20.1,78.0,1011.8,5.6,112.0,53.0
2020-04-28,7.2,12.7,17.6,90.0,1010.7,4.8,67.0,84.0
2020-04-29,4.4,10.7,18.2,87.0,1007.5,4.4,14.0,55.0
2020-04-30,7.4,7.9,19.2,78.0,1010.3,6.2,195.0,64.0
2020-05-01,8.6,9.9,17.7,81.0,1007.1,5.6,258.0,82.0
2020-05-02,4.9,11.3,20.4,80.0,1007.4,5.5,39.0,58.0
2020-05-03,4.4,8.7,20.1,65.0,1014.1,7.2,129.0,10.0
2020-05-04,0.0,8.7,20.3,62.0,1018.4,7.3,204.0,22.0
2020-05-05,1.0,9.3,17.8,68.0,1014.4,5.0,54.0,73.0
2020-05-06,0.4,11.5,18.7,71.0,1016.4,6.2,58.0,51.0
2020-05-07,0.0,11.5,21.3,65.0,1021.7,6.2,169.0,28.0
2020-05-08,0.0,10.0,21.9,67.0,1020.5,5.4,168.0,61.0
2020-05-09,0.0,10.7,23.3,68.0,1015.7,5.8,90.0,38.0
2020-05-10,0.4,13.1,20.1,78.0,1012.1,7.1,78.0,80.0
2020-05-11,31.8,13.7,18.3,89.0,1006.0,8.6,104.0,89.0
2020-05-12,16.0,10.9,21.0,84.0,1009.4,10.8,78.0,69.0
2020-05-13,6.8,10.8,18.6,84.0,1012.4,5.1,69.0,89.0
2020-05-14,0.6,12.6,22.9,79.0,1008.3,6.2,75.0,61.0
2020-05-15,17.9,14.3,20.3,81.0,1010.0,10.5,78.0,82.0
2020-05-16,3.6,13.1,19.3,76.0,1019.2,9.9,79.0,94.0
2020-05-17,7.2,12.4,24.3,78.0,1017.5,6.8,8.0,59.0
2020-05-18,0.0,13.3,24.7,72.0,1019.4,6.3,45.0,65.0
2020-05-19,2.9,16.5,23.6,73.0,1015.1,8.6,37.0,89.0
2020-05-20,4.5,15.9,24.1,76.0,1013.1,8.5,283.0,66.0
2020-05-21,0.0,13.7,22.7,76.0,1018.4,7.4,263.0,26.0
2020-05-22,0.0,15.5,23.0,67.0,1023.4,5.1,78.0,79.0
2020-05-23,3.1,14.9,23.7,68.0,1022.4,4.8,86.0,78.0
2020-05-24,10.7,14.8,21.9,68.0,1024.4,5.5,103.0,43.0
2020-05-25,0.0,11.9,23.1,66.0,1025.7,6.7,191.0,20.0
2020-05-26,0.6,13.0,19.8,71.0,1027.6,7.4,337.0,28.0
2020-05-27,0.0,10.8,22.7,65.0,1029.0,7.8,282.0,7.0
2020-05-28,0.5,12.2,22.0,65.0,1024.3,5.9,357.0,54.0
2020-05-29,3.5,11.2,20.8,62.0,1021.5,8.6,27.0,29.0
2020-05-30,0.2,12.8,19.9,65.0,1017.9,6.6,13.0,61.0
2020-05-31,0.0,13.6,20.0,67.0,1016.7,5.9,309.0,81.0
2020-06-01,0.0,11.5,24.0,68.0,1017.2,5.6,255.0,19.0
2020-06-02,0.6,14.3,24.2,68.0,1014.0,3.8,359.0,35.0
2020-06-03,5.4,13.8,24.4,74.0,1008.3,5.4,320.0,62.0
2020-06-04,31.1,15.2,19.1,88.0,1002.7,7.1,138.0,93.0
2020-06-05,25.0,14.9,20.4,82.0,998.3,7.6,72.0,62.0
2020-06-06,3.3,14.7,21.8,82.0,1006.8,5.9,68.0,52.0
2020-06-07,20.3,15.1,20.5,89.0,1007.2,5.3,50.0,84.0
2020-06-08,20.9,15.5,20.4,86.0,1008.2,9.6,73.0,90.0
2020-06-09,12.5,15.3,20.3,82.0,1009.6,9.2,71.0,84.0
2020-06-10,6.8,12.9,19.4,86.0,1009.8,4.0,94.0,80.0
2020-06-11,5.0,13.5,20.2,83.0,1010.5,5.2,89.0,61.0
2020-06-12,0.0,11.3,23.4,77.0,1011.8,6.9,224.0,27.0
2020-06-13,1.3,14.4,25.3,81.0,1011.2,7.0,106.0,42.0
2020-06-14,9.5,17.1,22.0,89.0,1010.0,3.9,155.0,78.0
2020-06-15,12.7,17.0,20.0,91.0,1012.6,3.6,277.0,99.0
2020-06-16,2.9,16.7,24.7,81.0,1012.3,4.9,272.0,92.0
2020-06-17,5.2,17.6,24.2,79.0,1009.9,5.7,252.0,71.0
2020-06-18,16.7,15.2,24.2,83.0,1010.8,5.1,45.0,36.0
2020-06-19,12.5,15.0,22.4,83.0,1013.9,5.4,348.0,56.0
2020-06-20,0.0,14.2,24.8,75.0,1015.8,6.4,245.0,71.0
2020-06-21,0.0,14.1,25.4,74.0,1014.8,5.3,343.0,47.0
2020-06-22,0.0,16.0,29.4,64.0,1016.1,6.8,299.0,14.0
2020-06-23,0.0,16.7,28.7,64.0,1017.9,7.6,285.0,10.0
2020-06-24,0.5,18.7,24.8,68.0,1019.9,6.2,81.0,62.0
2020-06-25,9.3,17.5,22.5,82.0,1019.0,8.6,76.0,74.0
2020-06-26,0.6,16.7,26.0,76.0,1017.5,4.1,149.0,54.0
2020-06-27,0.1,17.7,27.4,79.0,1015.8,5.4,188.0,30.0
2020-06-28,0.6,18.5,28.6,79.0,1015.0,4.8,268.0,21.0
2020-06-29,8.0,19.6,26.6,79.0,1010.9,6.8,69.0,39.0
2020-06-30,0.0,19.8,27.3,70.0,1011.9,7.0,72.0,31.0
2020-07-01,1.0,20.3,27.4,79.0,1011.6,3.7,7.0,56.0
2020-07-02,1.1,19.0,27.0,78.0,1010.6,5.0,331.0,71.0
2020-07-03,2.3,19.3,26.0,72.0,1012.6,8.2,29.0,70.0
2020-07-04,0.0,18.5,27.4,65.0,1016.7,4.7,28.0,47.0
2020-07-05,0.0,18.1,28.4,68.0,1016.3,5.4,271.0,17.0
2020-07-06,4.7,19.2,29.8,71.0,1010.3,5.8,309.0,22.0
2020-07-07,12.8,14.9,24.5,64.0,1015.3,8.6,104.0,14.0
2020-07-08,0.0,16.0,26.3,64.0,1017.6,5.8,120.0,15.0
2020-07-09,0.0,16.3,28.0,72.0,1016.8,4.6,280.0,18.0
2020-07-10,0.0,18.2,28.9,73.0,1014.6,5.4,236.0,25.0
2020-07-11,5.9,17.4,25.9,80.0,1014.6,6.3,45.0,72.0
2020-07-12,0.0,15.8,24.7,67.0,1021.1,5.7,77.0,15.0
2020-07-13,0.0,17.8,24.1,53.0,1020.9,6.3,45.0,73.0
2020-07-14,0.0,18.0,24.6,54.0,1016.1,6.4,5.0,68.0
2020-07-15,0.0,16.4,25.3,65.0,1013.5,5.3,250.0,67.0
2020-07-16,3.3,16.0,24.9,77.0,1014.2,3.9,45.0,57.0
2020-07-17,9.0,17.4,22.8,80.0,1014.2,6.8,51.0,64.0
2020-07-18,6.7,15.3,23.2,74.0,1016.0,5.4,287.0,36.0
2020-07-19,0.0,14.9,25.4,76.0,1015.6,5.3,247.0,29.0
2020-07-20,0.0,17.9,28.0,71.0,1016.5,6.4,244.0,28.0
2020-07-21,0.0,19.8,29.6,71.0,1018.3,5.6,241.0,36.0
2020-07-22,0.1,20.2,29.7,74.0,1016.9,5.1,350.0,60.0
2020-07-23,0.0,19.4,29.4,66.0,1013.2,6.0,323.0,44.0
2020-07-24,3.8,18.2,22.7,83.0,1011.3,7.5,293.0,96.0
2020-07-25,0.1,17.3,27.7,70.0,1012.5,6.5,262.0,37.0
2020-07-26,0.2,17.3,27.4,73.0,1014.2,5.2,0.0,54.0
2020-07-27,0.0,18.2,29.2,71.0,1016.7,6.2,279.0,12.0
2020-07-28,0.0,19.7,30.8,70.0,1015.1,5.5,217.0,16.0
2020-07-29,0.5,21.3,31.1,72.0,1014.8,6.0,344.0,41.0
2020-07-30,1.6,21.1,32.6,70.0,1016.6,6.7,335.0,50.0
2020-07-31,0.0,23.0,33.7,67.0,1014.6,5.7,346.0,39.0
2020-08-01,0.0,23.1,34.3,66.0,1012.4,5.2,331.0,23.0
2020-08-02,6.7,21.7,28.5,67.0,1011.1,9.9,54.0,69.0
2020-08-03,79.8,20.2,25.9,84.0,1005.2,7.3,62.0,89.0
2020-08-04,5.6,17.4,23.8,82.0,1005.0,5.4,354.0,83.0
2020-08-05,0.0,18.0,25.1,62.0,1012.9,4.7,331.0,65.0
2020-08-06,0.0,17.4,28.7,69.0,1016.3,4.7,321.0,20.0
2020-08-07,0.0,20.2,30.5,64.0,1018.3,6.6,9.0,12.0
2020-08-08,0.0,20.5,32.6,57.0,1018.0,8.9,351.0,1.0
2020-08-09,0.0,21.0,32.1,60.0,1015.9,6.3,325.0,20.0
2020-08-10,0.0,21.1,31.4,68.0,1014.6,5.8,321.0,57.0
2020-08-11,0.4,21.3,30.1,77.0,1015.4,6.9,354.0,63.0
2020-08-12,0.0,20.8,30.3,69.0,1016.0,5.3,327.0,59.0
2020-08-13,5.5,21.4,29.7,76.0,1015.0,5.3,317.0,68.0
2020-08-14,0.2,20.7,28.7,75.0,1012.6,4.4,340.0,64.0
2020-08-15,0.0,19.1,29.3,69.0,1012.1,4.9,243.0,59.0
2020-08-16,0.0,20.4,29.2,68.0,1011.5,4.8,248.0,76.0
2020-08-17,0.4,20.5,27.2,76.0,1010.4,5.0,340.0,81.0
2020-08-18,1.0,17.0,26.4,75.0,1010.3,5.0,345.0,68.0
2020-08-19,0.0,17.9,27.3,70.0,1010.9,6.3,256.0,46.0
2020-08-20,0.2,19.5,28.3,76.0,1013.1,5.3,209.0,37.0
2020-08-21,0.1,21.1,29.8,77.0,1015.9,5.3,220.0,16.0
2020-08-22,0.0,21.4,30.9,75.0,1014.6,5.2,208.0,17.0
2020-08-23,2.2,20.4,29.0,70.0,1013.7,7.5,55.0,46.0
2020-08-24,0.2,19.5,27.1,68.0,1013.8,9.5,30.0,66.0
2020-08-25,0.0,16.2,27.6,64.0,1014.5,7.4,301.0,13.0
2020-08-26,0.0,17.2,28.3,70.0,1014.3,5.7,266.0,66.0
2020-08-27,0.2,19.5,28.2,73.0,1013.4,4.7,84.0,51.0
2020-08-28,1.1,19.0,27.9,74.0,1008.8,6.4,3.0,61.0
2020-08-29,42.1,18.5,23.6,89.0,1005.0,8.7,355.0,83.0
2020-08-30,37.8,18.0,23.5,89.0,1005.4,9.1,358.0,79.0
2020-08-31,16.5,15.8,22.6,85.0,1011.8,7.0,355.0,93.0
2020-09-01,12.5,14.7,23.4,77.0,1011.5,7.2,295.0,46.0
2020-09-02,9.3,14.2,22.9,79.0,1015.7,6.2,342.0,46.0
2020-09-03,0.0,15.2,24.1,70.0,1020.7,5.9,341.0,16.0
2020-09-04,0.0,14.4,25.0,75.0,1025.3,5.5,289.0,15.0
2020-09-05,0.0,16.6,25.6,80.0,1019.0,5.0,260.0,1.0
2020-09-06,1.8,17.7,25.2,83.0,1013.7,3.7,36.0,29.0
2020-09-07,2.0,17.6,24.2,78.0,1016.9,7.5,51.0,67.0
2020-09-08,0.0,16.6,25.0,73.0,1024.9,4.1,43.0,5.0
2020-09-09,0.0,15.7,25.5,78.0,1023.2,4.7,254.0,4.0
2020-09-10,0.0,17.1,26.6,78.0,1017.3,5.0,23.0,59.0
2020-09-11,0.0,17.7,27.3,71.0,1014.9,5.9,28.0,61.0
2020-09-12,0.0,17.5,28.4,70.0,1017.5,6.9,23.0,12.0
2020-09-13,0.0,17.7,28.8,69.0,1023.3,5.9,346.0,8.0
2020-09-14,0.0,18.3,28.5,70.0,1025.8,7.2,359.0,14.0
2020-09-15,0.0,17.6,28.5,67.0,1022.2,8.8,5.0,16.0
2020-09-16,0.0,19.1,28.6,64.0,1017.4,6.8,334.0,14.0
2020-09-17,0.0,18.3,30.6,65.0,1016.3,7.3,2.0,23.0
2020-09-18,0.0,17.2,25.4,70.0,1020.4,5.3,64.0,28.0
2020-09-19,0.0,15.6,23.3,64.0,1020.2,4.9,61.0,39.0
2020-09-20,0.0,15.4,23.8,67.0,1016.4,4.6,64.0,33.0
2020-09-21,0.0,16.1,25.1,74.0,1016.0,4.7,67.0,56.0
2020-09-22,9.7,17.0,22.6,87.0,1014.7,4.8,40.0,96.0
2020-09-23,3.0,16.1,21.1,89.0,1010.5,4.3,14.0,85.0
2020-09-24,13.4,15.3,21.9,89.0,1010.7,4.5,55.0,83.0
2020-09-25,36.1,12.1,19.6,87.0,997.0,7.8,23.0,85.0
2020-09-26,3.4,9.5,16.1,74.0,997.0,8.1,43.0,94.0
2020-09-27,6.7,9.4,15.2,78.0,1005.4,8.3,50.0,85.0
2020-09-28,19.9,9.8,14.2,87.0,1006.9,7.3,296.0,88.0
2020-09-29,0.0,8.4,17.9,79.0,1016.0,4.4,309.0,23.0
2020-09-30,0.0,8.6,19.1,78.0,1015.1,5.0,316.0,36.0
2020-10-01,0.7,12.6,18.1,87.0,1008.6,4.2,40.0,77.0
2020-10-02,10.9,13.6,16.8,94.0,1004.1,9.5,55.0,96.0
2020-10-03,20.8,13.1,19.3,91.0,1000.3,11.4,79.0,79.0
2020-10-04,4.5,10.2,17.7,80.0,1005.6,5.3,343.0,62.0
2020-10-05,22.6,11.0,18.1,83.0,1008.5,6.2,90.0,62.0
2020-10-06,0.1,9.4,17.8,83.0,1013.3,4.8,31.0,54.0
2020-10-07,0.6,11.3,18.6,84.0,1011.8,5.0,27.0,40.0
2020-10-08,0.0,8.5,19.6,71.0,1021.6,5.1,334.0,20.0
2020-10-09,0.0,9.0,19.0,80.0,1022.5,5.0,317.0,77.0
2020-10-10,0.5,12.2,18.9,84.0,1018.0,3.9,80.0,68.0
2020-10-11,45.3,9.1,14.3,83.0,1013.5,10.5,359.0,100.0
2020-10-12,2.0,7.4,17.4,64.0,1011.9,7.6,324.0,71.0
2020-10-13,0.0,4.6,15.7,57.0,1009.4,8.7,304.0,7.0
2020-10-14,0.0,4.8,15.0,68.0,1009.3,6.8,341.0,19.0
2020-10-15,23.0,9.8,12.2,83.0,1007.3,9.6,1.0,100.0
2020-10-16,0.3,7.7,15.0,79.0,1011.7,4.8,302.0,90.0
2020-10-17,1.1,7.1,14.6,86.0,1015.4,5.0,41.0,46.0
2020-10-18,0.4,7.6,15.9,83.0,1020.5,4.5,342.0,24.0
2020-10-19,0.3,7.2,15.1,84.0,1024.1,4.2,320.0,38.0
2020-10-20,0.0,8.1,14.5,90.0,1024.9,3.4,32.0,69.0
2020-10-21,0.0,9.7,14.6,90.0,1023.7,4.0,255.0,67.0
2020-10-22,0.0,9.6,14.4,91.0,1023.7,3.9,43.0,75.0
2020-10-23,5.1,11.7,15.3,91.0,1020.9,3.5,33.0,99.0
2020-10-24,3.7,11.0,17.6,91.0,1016.2,3.2,40.0,69.0
2020-10-25,0.3,10.5,18.6,84.0,1014.4,6.9,289.0,28.0
2020-10-26,8.1,10.4,16.1,93.0,1009.2,5.5,56.0,77.0
2020-10-27,17.4,9.7,15.6,88.0,1008.4,4.3,78.0,64.0
2020-10-28,0.0,7.3,16.1,84.0,1016.8,6.6,313.0,43.0
2020-10-29,0.0,6.8,16.2,80.0,1018.8,4.9,318.0,78.0
2020-10-30,0.0,6.7,16.2,83.0,1023.3,4.1,308.0,58.0
2020-10-31,0.0,6.1,16.2,87.0,1023.6,3.9,310.0,32.0
2020-11-01,0.0,6.2,14.4,89.0,1022.2,4.0,322.0,59.0
2020-11-02,0.0,8.3,14.0,92.0,1023.3,3.2,6.0,73.0
2020-11-03,0.0,10.2,15.6,89.0,1023.7,3.4,146.0,70.0
2020-11-04,0.5,10.5,16.6,89.0,1023.3,4.3,18.0,85.0
2020-11-05,0.0,11.9,17.1,79.0,1029.6,4.2,38.0,65.0
2020-11-06,0.0,9.3,15.9,79.0,1032.1,3.4,14.0,16.0
2020-11-07,0.0,5.5,17.4,83.0,1029.8,4.7,327.0,0.0
2020-11-08,0.0,4.4,14.6,80.0,1026.6,4.2,342.0,17.0
2020-11-09,0.0,4.2,15.2,84.0,1024.4,4.3,341.0,17.0
2020-11-10,0.0,3.5,15.6,81.0,1025.6,4.9,29.0,63.0
2020-11-11,0.2,4.7,12.4,74.0,1026.5,5.8,43.0,36.0
2020-11-12,0.3,4.4,11.5,86.0,1025.4,4.0,357.0,30.0
2020-11-13,0.0,3.5,12.6,88.0,1025.8,4.2,313.0,16.0
2020-11-14,0.0,5.4,12.5,85.0,1026.0,4.2,327.0,60.0
2020-11-15,0.0,2.2,12.1,86.0,1023.1,4.7,325.0,28.0
2020-11-16,5.8,6.8,13.1,89.0,1018.4,3.3,330.0,66.0
2020-11-17,0.0,2.3,13.7,82.0,1026.7,4.8,318.0,20.0
2020-11-18,0.0,3.7,15.5,76.0,1029.5,6.2,314.0,9.0
2020-11-19,0.0,2.4,12.6,82.0,1023.7,3.8,331.0,5.0
2020-11-20,1.0,4.4,12.3,70.0,1023.4,7.0,348.0,56.0
2020-11-21,0.0,-1.8,9.3,56.0,1033.2,6.1,8.0,2.0
2020-11-22,0.0,-2.2,8.4,76.0,1032.1,4.5,310.0,26.0
2020-11-23,0.0,0.2,7.8,67.0,1028.9,3.7,347.0,67.0
2020-11-24,0.0,-0.9,10.9,72.0,1028.0,5.0,341.0,11.0
2020-11-25,0.0,-1.5,10.0,76.0,1024.8,4.3,317.0,0.0
2020-11-26,0.0,-1.1,10.3,80.0,1025.0,4.8,316.0,19.0
2020-11-27,0.0,-1.5,8.5,82.0,1023.4,4.0,326.0,9.0
2020-11-28,0.0,-1.4,9.8,79.0,1019.8,4.9,326.0,31.0
2020-11-29,0.0,2.2,8.9,75.0,1019.0,4.6,31.0,42.0
2020-11-30,0.0,-0.5,7.4,76.0,1024.2,5.1,16.0,11.0
2020-12-01,0.0,-0.9,5.6,74.0,1018.9,5.0,40.0,67.0
2020-12-02,12.0,1.7,4.1,81.0,1013.9,5.4,40.0,98.0
2020-12-03,6.4,1.5,5.6,93.0,1008.0,4.2,299.0,90.0
2020-12-04,19.2,1.5,7.5,89.0,1003.2,7.9,33.0,87.0
2020-12-05,63.4,7.2,13.1,93.0,1000.6,12.4,87.0,100.0
2020-12-06,52.7,8.7,11.7,90.0,999.2,10.9,44.0,100.0
2020-12-07,8.3,3.7,8.9,91.0,1004.1,6.4,45.0,72.0
2020-12-08,23.8,3.5,6.6,85.0,1004.4,11.2,12.0,94.0
2020-12-09,22.4,5.7,8.8,84.0,1002.1,8.8,20.0,99.0
2020-12-10,0.0,3.3,8.8,86.0,1005.5,3.9,360.0,62.0
2020-12-11,0.0,0.6,8.1,84.0,1005.9,3.5,324.0,60.0
2020-12-12,0.3,2.3,8.7,83.0,1002.2,4.3,323.0,88.0
2020-12-13,0.0,-1.4,10.8,83.0,1010.1,5.2,322.0,10.0
2020-12-14,0.0,-1.4,11.8,78.0,1018.2,5.7,326.0,27.0
2020-12-15,0.0,-1.2,7.2,78.0,1020.2,4.9,323.0,77.0
2020-12-16,0.2,0.7,8.8,83.0,1023.3,3.6,332.0,55.0
2020-12-17,0.0,0.6,9.0,89.0,1026.2,4.1,336.0,43.0
2020-12-18,0.0,-0.4,12.1,76.0,1027.8,7.4,323.0,17.0
2020-12-19,0.0,1.6,9.7,72.0,1026.4,5.6,329.0,60.0
2020-12-20,0.0,1.9,10.0,76.0,1025.8,6.1,324.0,75.0
2020-12-21,0.1,1.4,9.7,87.0,1026.7,4.9,316.0,74.0
2020-12-22,0.0,3.3,8.7,90.0,1025.5,3.8,331.0,94.0
2020-12-23,0.0,3.2,8.7,88.0,1024.7,4.5,340.0,91.0
2020-12-24,3.1,5.0,7.8,92.0,1015.0,4.0,347.0,98.0
2020-12-25,7.6,3.7,7.9,90.0,1010.3,6.5,7.0,86.0
2020-12-26,0.0,-1.5,8.2,75.0,1017.6,4.6,24.0,24.0
2020-12-27,0.0,-5.7,4.9,70.0,1012.0,5.1,296.0,20.0
2020-12-28,30.7,-2.2,3.3,86.0,992.1,7.7,2.0,96.0
2020-12-29,2.4,-2.2,5.6,92.0,997.4,5.9,338.0,99.0
2020-12-30,1.7,-0.3,7.5,88.0,1004.0,5.1,330.0,84.0
2020-12-31,1.2,0.1,8.5,81.0,1009.5,7.7,317.0,42.0
2021-01-01,7.1,0.6,6.1,81.0,1011.2,7.9,335.0,94.0
2021-01-02,30.0,4.2,6.2,87.0,1009.0,10.6,346.0,100.0
2021-01-03,4.6,3.4,9.4,87.0,1009.5,5.8,10.0,60.0
2021-01-04,0.1,0.6,6.9,83.0,1011.2,5.2,327.0,83.0
2021-01-05,7.2,-0.2,6.5,82.0,1010.0,7.6,342.0,87.0
2021-01-06,3.2,0.6,6.1,88.0,1009.9,4.9,322.0,85.0
2021-01-07,0.1,-1.0,5.8,89.0,1014.6,3.9,327.0,49.0
2021-01-08,0.0,-3.5,7.4,67.0,1014.0,7.6,329.0,27.0
2021-01-09,0.0,-4.2,5.1,58.0,1018.7,8.5,330.0,87.0
2021-01-10,0.0,-4.9,5.5,57.0,1019.3,8.1,341.0,63.0
2021-01-11,0.0,-4.7,4.3,56.0,1019.7,6.8,319.0,8.0
2021-01-12,0.0,-5.7,2.2,53.0,1016.8,6.0,321.0,49.0
2021-01-13,0.0,-5.1,8.4,56.0,1014.2,7.4,327.0,2.0
2021-01-14,0.0,-3.5,7.0,63.0,1012.0,7.6,329.0,33.0
2021-01-15,0.0,-1.5,4.8,66.0,1018.4,5.1,5.0,62.0
2021-01-16,0.0,-4.8,4.9,67.0,1021.8,6.1,315.0,26.0
2021-01-17,0.0,-3.4,3.8,61.0,1017.5,4.7,341.0,90.0
2021-01-18,0.0,-4.9,5.2,71.0,1023.9,4.9,340.0,18.0
2021-01-19,0.0,-4.0,3.7,60.0,1025.1,5.3,335.0,52.0
2021-01-20,0.4,-3.6,3.1,59.0,1022.1,5.0,332.0,84.0
2021-01-21,1.6,0.2,7.2,87.0,1016.3,3.1,4.0,92.0
2021-01-22,35.4,4.0,7.5,94.0,1005.2,5.9,4.0,99.0
2021-01-23,29.5,1.7,8.6,93.0,995.8,8.8,42.0,92.0
2021-01-24,0.0,-2.4,9.0,85.0,997.8,5.1,325.0,58.0
2021-01-25,0.1,-3.8,6.5,63.0,1002.1,7.7,337.0,90.0
2021-01-26,0.0,-3.3,7.8,64.0,1013.8,7.5,328.0,23.0
2021-01-27,0.0,-3.4,5.3,55.0,1017.1,9.0,327.0,55.0
2021-01-28,0.0,-3.9,3.8,62.0,1013.9,5.5,328.0,45.0
2021-01-29,0.2,-4.0,6.5,72.0,1006.6,4.9,319.0,70.0
2021-01-30,0.3,-2.7,5.1,85.0,1002.5,5.0,356.0,61.0
2021-01-31,19.7,2.5,8.9,83.0,998.2,7.6,350.0,79.0
2021-02-01,0.1,1.1,7.2,82.0,1001.1,3.2,356.0,81.0
2021-02-02,0.1,1.0,9.3,83.0,1010.9,3.6,312.0,49.0
2021-02-03,0.2,4.0,6.9,89.0,1014.7,2.9,344.0,78.0
2021-02-04,0.0,1.9,9.1,92.0,1016.9,4.0,6.0,56.0
2021-02-05,0.0,5.4,10.5,88.0,1018.2,2.3,290.0,87.0
2021-02-06,0.0,7.2,10.0,90.0,1014.5,2.5,10.0,90.0
2021-02-07,16.8,7.3,11.4,94.0,1001.5,6.7,28.0,95.0
2021-02-08,8.2,5.9,9.9,89.0,994.2,5.2,36.0,73.0
2021-02-09,1.5,5.6,11.2,85.0,999.4,5.3,312.0,86.0
2021-02-10,19.2,5.8,10.1,92.0,1000.1,5.5,18.0,98.0
2021-02-11,1.4,1.4,7.4,79.0,1012.4,7.8,79.0,63.0
2021-02-12,0.0,-2.0,1.7,47.0,1026.9,9.5,78.0,79.0
2021-02-13,0.0,-6.2,2.7,47.0,1031.3,9.0,78.0,28.0
2021-02-14,0.0,-7.0,5.9,47.0,1037.3,8.2,293.0,0.0
2021-02-15,0.0,-6.1,5.1,57.0,1037.9,6.3,319.0,30.0
2021-02-16,0.0,-3.6,4.8,71.0,1028.4,4.0,11.0,55.0
2021-02-17,0.0,-2.3,9.0,76.0,1022.7,4.3,357.0,22.0
2021-02-18,0.0,-1.5,9.0,85.0,1024.0,3.9,349.0,42.0
2021-02-19,0.0,5.6,9.7,81.0,1024.4,4.1,41.0,96.0
2021-02-20,0.1,4.7,11.1,83.0,1026.0,3.3,356.0,59.0
2021-02-21,0.0,5.3,11.3,83.0,1027.6,3.3,27.0,63.0
2021-02-22,0.0,3.9,12.3,83.0,1031.0,4.8,257.0,36.0
2021-02-23,0.0,5.8,12.9,90.0,1035.7,4.1,315.0,32.0
2021-02-24,0.0,3.3,21.6,59.0,1034.9,7.6,320.0,0.0
2021-02-25,0.0,6.1,20.0,56.0,1031.6,8.5,323.0,0.0
2021-02-26,0.0,4.3,18.1,61.0,1027.8,6.9,317.0,0.0
2021-02-27,0.0,4.0,18.0,64.0,1026.4,7.9,23.0,39.0
2021-02-28,0.0,2.0,12.0,65.0,1033.2,6.2,44.0,5.0
2021-03-01,0.0,-1.3,14.9,62.0,1031.3,6.2,321.0,0.0
2021-03-02,0.0,-0.6,14.5,65.0,1034.1,6.0,337.0,0.0
2021-03-03,0.0,-1.0,14.9,73.0,1031.5,6.2,296.0,30.0
2021-03-04,0.0,1.2,12.0,76.0,1023.4,5.1,23.0,75.0
2021-03-05,3.6,4.6,12.5,81.0,1017.5,4.8,34.0,50.0
2021-03-06,0.9,2.3,8.6,71.0,1029.1,8.9,77.0,52.0
2021-03-07,0.0,1.2,9.1,60.0,1025.6,5.0,255.0,40.0
2021-03-08,0.0,-0.2,11.0,76.0,1018.3,3.6,335.0,7.0
2021-03-09,0.4,0.9,11.2,67.0,1016.4,8.0,39.0,34.0
2021-03-10,0.0,1.3,12.0,69.0,1018.1,6.5,212.0,16.0
2021-03-11,0.0,2.0,10.5,72.0,1019.2,5.0,31.0,81.0
2021-03-12,0.0,4.3,12.4,78.0,1013.2,4.7,28.0,70.0
2021-03-13,0.4,2.6,12.9,82.0,1013.0,5.6,312.0,56.0
2021-03-14,3.7,2.5,10.1,85.0,1007.7,7.2,29.0,69.0
2021-03-15,0.0,-1.4,12.1,67.0,1010.5,6.5,300.0,39.0
2021-03-16,0.0,0.6,13.6,45.0,1013.9,11.9,336.0,18.0
2021-03-17,0.2,-0.7,12.8,53.0,1017.0,8.2,339.0,22.0
2021-03-18,0.2,-1.7,10.2,60.0,1018.2,5.8,338.0,28.0
2021-03-19,0.0,-2.1,9.1,68.0,1016.7,6.3,324.0,58.0
2021-03-20,0.8,-0.7,9.3,58.0,1019.1,9.6,20.0,39.0
2021-03-21,0.0,-5.1,8.1,49.0,1016.9,6.2,340.0,21.0
2021-03-22,0.0,-3.1,12.8,60.0,1013.3,5.5,298.0,31.0
2021-03-23,0.0,0.7,12.6,57.0,1022.0,8.1,262.0,22.0
2021-03-24,0.0,0.1,13.7,67.0,1023.1,6.1,310.0,0.0
2021-03-25,0.0,0.9,15.3,72.0,1022.4,5.2,295.0,27.0
2021-03-26,0.0,1.4,16.3,72.0,1023.8,5.6,231.0,15.0
2021-03-27,0.1,5.9,15.2,78.0,1024.6,6.6,66.0,71.0
2021-03-28,0.7,7.2,15.1,85.0,1030.5,6.9,61.0,67.0
2021-03-29,0.0,7.5,17.9,80.0,1032.9,4.0,281.0,72.0
2021-03-30,0.0,5.7,21.7,71.0,1030.7,6.3,297.0,8.0
2021-03-31,0.0,7.7,22.8,65.0,1025.2,7.2,297.0,0.0
2021-04-01,0.0,8.8,22.6,67.0,1018.0,6.1,344.0,10.0
2021-04-02,0.9,8.5,22.2,69.0,1012.8,6.3,37.0,26.0
2021-04-03,7.3,8.1,16.4,67.0,1013.1,8.6,91.0,40.0
2021-04-04,0.2,5.5,13.4,65.0,1019.1,6.3,219.0,34.0
2021-04-05,0.0,4.4,14.1,62.0,1013.4,8.9,238.0,44.0
2021-04-06,5.1,1.8,8.5,71.0,1006.0,10.7,80.0,75.0
2021-04-07,0.1,-1.4,10.5,44.0,1014.2,8.1,342.0,48.0
2021-04-08,0.0,-2.5,12.8,47.0,1023.9,7.3,104.0,5.0
2021-04-09,0.0,1.9,13.3,60.0,1026.1,6.8,23.0,40.0
2021-04-10,0.2,5.8,16.1,74.0,1022.3,5.4,156.0,78.0
2021-04-11,20.0,8.4,10.9,92.0,1019.8,4.2,52.0,98.0
2021-04-12,41.3,7.8,12.4,91.0,1016.9,7.4,32.0,100.0
2021-04-13,25.0,3.1,10.2,82.0,1020.0,9.3,322.0,85.0
2021-04-14,0.0,0.5,12.6,53.0,1023.2,8.7,331.0,12.0
2021-04-15,0.7,2.7,11.5,69.0,1023.0,5.9,19.0,50.0
2021-04-16,0.0,1.2,13.0,62.0,1020.5,7.9,328.0,4.0
2021-04-17,0.0,2.3,13.8,60.0,1017.3,6.7,41.0,60.0
2021-04-18,0.3,3.6,13.4,69.0,1016.8,6.3,18.0,75.0
2021-04-19,0.6,5.9,14.5,68.0,1016.0,6.5,308.0,81.0
2021-04-20,2.0,3.7,16.3,75.0,1015.3,5.3,37.0,55.0
2021-04-21,5.3,5.4,17.0,83.0,1017.7,5.8,34.0,38.0
2021-04-22,0.8,6.3,16.2,80.0,1019.4,5.2,100.0,35.0
2021-04-23,0.2,8.0,17.5,77.0,1022.6,5.0,11.0,24.0
2021-04-24,0.0,6.8,19.0,74.0,1022.2,6.0,260.0,23.0
2021-04-25,0.0,9.3,20.8,70.0,1017.1,5.4,243.0,30.0
2021-04-26,0.6,10.0,15.1,66.0,1015.3,9.7,71.0,99.0
2021-04-27,0.0,8.4,14.3,71.0,1010.2,7.3,73.0,73.0
2021-04-28,0.0,7.1,18.0,70.0,1009.0,5.3,106.0,40.0
2021-04-29,4.9,11.3,17.8,86.0,1009.7,5.2,148.0,91.0
2021-04-30,7.9,12.4,19.5,87.0,1011.1,5.7,153.0,91.0
2021-05-01,19.3,13.0,19.9,84.0,1008.6,6.2,98.0,73.0
2021-05-02,10.8,10.7,19.0,85.0,1007.9,8.5,198.0,67.0
2021-05-03,0.1,8.7,16.9,70.0,1019.8,5.7,158.0,37.0
2021-05-04,1.4,7.6,17.0,76.0,1016.2,5.7,119.0,37.0
2021-05-05,3.0,8.7,18.8,81.0,1007.6,8.5,197.0,50.0
2021-05-06,0.2,9.4,14.6,74.0,1011.9,10.5,80.0,87.0
2021-05-07,14.4,10.8,19.8,83.0,1009.1,6.8,78.0,71.0
2021-05-08,0.0,7.5,18.1,65.0,1020.2,6.3,106.0,41.0
2021-05-09,0.0,7.1,20.4,66.0,1019.7,6.2,247.0,28.0
2021-05-10,0.0,11.4,21.7,69.0,1017.1,6.5,73.0,44.0
2021-05-11,12.1,12.9,18.3,81.0,1012.5,5.4,30.0,84.0
2021-05-12,38.5,13.2,17.6,87.0,1007.3,4.2,82.0,98.0
2021-05-13,6.7,12.0,18.0,87.0,1005.3,4.6,111.0,92.0
2021-05-14,16.4,11.1,17.9,87.0,1008.3,4.4,61.0,86.0
2021-05-15,0.5,10.6,17.4,81.0,1009.8,4.6,203.0,79.0
2021-05-16,8.1,9.2,18.0,83.0,1007.2,6.2,95.0,66.0
2021-05-17,24.7,12.5,19.1,76.0,1005.8,7.7,180.0,54.0
2021-05-18,6.2,8.8,20.9,75.0,1012.0,5.9,41.0,36.0
2021-05-19,26.6,10.2,17.5,81.0,1012.9,7.1,153.0,80.0
2021-05-20,0.0,7.7,20.3,66.0,1017.5,6.1,355.0,17.0
2021-05-21,0.5,9.8,19.6,73.0,1017.4,7.2,80.0,83.0
2021-05-22,2.8,11.9,19.0,79.0,1012.5,6.7,134.0,91.0
2021-05-23,2.0,12.8,21.7,78.0,1014.8,7.6,55.0,73.0
2021-05-24,46.7,11.9,14.3,87.0,1017.3,6.5,38.0,99.0
2021-05-25,0.6,10.5,20.7,76.0,1015.9,8.0,155.0,42.0
2021-05-26,0.2,10.3,20.2,71.0,1018.7,5.0,140.0,37.0
2021-05-27,3.7,12.0,20.2,81.0,1015.4,5.1,353.0,50.0
2021-05-28,0.0,9.0,21.1,71.0,1019.0,4.9,201.0,22.0
2021-05-29,0.3,13.3,22.1,68.0,1018.2,4.0,57.0,52.0
2021-05-30,1.2,11.4,20.4,71.0,1020.2,5.4,311.0,30.0
2021-05-31,0.2,12.6,20.2,64.0,1019.9,6.0,277.0,55.0
2021-06-01,0.0,12.5,21.8,73.0,1017.7,5.3,145.0,53.0
2021-06-02,0.0,13.1,22.9,69.0,1019.4,5.5,122.0,26.0
2021-06-03,0.0,13.0,24.7,73.0,1022.5,4.5,166.0,18.0
2021-06-04,0.5,15.7,26.2,77.0,1022.5,5.6,232.0,49.0
2021-06-05,1.8,15.9,26.5,76.0,1019.4,5.0,359.0,36.0
2021-06-06,3.6,16.5,23.4,80.0,1017.3,5.6,32.0,57.0
2021-06-07,0.8,15.6,24.2,74.0,1017.2,6.4,22.0,66.0
2021-06-08,0.0,16.8,26.2,67.0,1017.3,6.3,351.0,73.0
2021-06-09,0.1,16.7,27.8,64.0,1016.9,7.6,343.0,79.0
2021-06-10,0.0,17.8,26.6,64.0,1017.3,6.4,339.0,56.0
2021-06-11,3.9,16.5,25.9,72.0,1016.9,5.3,301.0,68.0
2021-06-12,0.0,14.9,27.8,73.0,1017.4,6.4,274.0,68.0
2021-06-13,1.4,18.0,27.4,77.0,1017.2,5.5,79.0,41.0
2021-06-14,0.8,18.3,25.7,71.0,1019.3,6.6,109.0,50.0
2021-06-15,0.0,18.6,26.0,69.0,1018.8,5.1,199.0,49.0
2021-06-16,0.0,17.2,27.6,73.0,1016.5,4.0,273.0,44.0
2021-06-17,0.1,17.7,29.0,69.0,1016.5,5.5,180.0,18.0
2021-06-18,1.2,19.5,27.3,74.0,1017.1,4.7,169.0,50.0
2021-06-19,0.0,19.9,29.9,75.0,1015.1,5.0,211.0,67.0
2021-06-20,0.0,21.6,29.2,78.0,1011.8,4.8,261.0,76.0
2021-06-21,0.0,20.3,30.4,76.0,1008.7,6.2,170.0,13.0
2021-06-22,0.1,19.0,30.2,70.0,1009.9,6.3,145.0,10.0
2021-06-23,0.0,19.5,30.1,69.0,1014.0,4.6,93.0,23.0
2021-06-24,0.1,20.2,29.4,70.0,1015.0,6.9,284.0,23.0
2021-06-25,0.4,17.8,27.8,66.0,1014.1,6.0,94.0,36.0
2021-06-26,0.0,17.3,28.7,58.0,1015.5,7.4,275.0,22.0
2021-06-27,0.0,18.9,29.8,59.0,1015.0,7.4,290.0,53.0
2021-06-28,0.0,18.9,30.9,66.0,1014.7,6.4,191.0,41.0
2021-06-29,2.6,19.6,30.7,62.0,1011.6,7.0,359.0,34.0
2021-06-30,1.1,18.1,27.8,70.0,1009.3,6.0,4.0,30.0
2021-07-01,0.1,15.9,29.3,57.0,1011.8,8.5,25.0,30.0
2021-07-02,0.4,18.4,28.3,60.0,1014.2,5.6,355.0,39.0
2021-07-03,0.7,17.7,27.7,65.0,1014.6,6.1,208.0,76.0
2021-07-04,25.2,19.4,25.0,85.0,1011.1,3.9,137.0,89.0
2021-07-05,0.1,16.5,27.0,73.0,1010.9,6.9,250.0,52.0
2021-07-06,0.0,18.3,29.0,70.0,1013.1,6.3,274.0,8.0
2021-07-07,0.0,19.6,29.7,73.0,1013.7,5.5,84.0,5.0
2021-07-08,20.3,20.2,29.4,74.0,1015.3,9.7,16.0,55.0
2021-07-09,2.2,16.8,26.0,75.0,1015.9,6.6,269.0,17.0
2021-07-10,0.0,18.3,28.5,67.0,1015.7,6.4,22.0,13.0
2021-07-11,0.0,18.8,28.4,64.0,1012.4,5.7,345.0,30.0
2021-07-12,0.3,18.4,28.7,70.0,1012.7,6.6,63.0,22.0
2021-07-13,32.1,20.0,27.1,80.0,1008.9,8.6,36.0,58.0
2021-07-14,18.0,16.3,23.6,74.0,1010.5,5.4,272.0,50.0
2021-07-15,0.0,14.5,24.5,71.0,1013.1,5.2,301.0,73.0
2021-07-16,1.8,16.7,25.2,77.0,1013.2,8.1,344.0,85.0
2021-07-17,2.0,18.4,25.0,78.0,1011.3,7.6,315.0,98.0
2021-07-18,0.1,19.1,31.1,71.0,1010.1,7.1,332.0,52.0
2021-07-19,0.0,18.1,31.0,64.0,1011.5,6.4,275.0,25.0
2021-07-20,0.8,20.1,28.1,65.0,1014.1,4.6,62.0,23.0
2021-07-21,0.1,19.8,29.1,71.0,1017.6,6.1,101.0,41.0
2021-07-22,0.1,20.4,28.2,71.0,1018.3,6.7,1.0,76.0
2021-07-23,0.9,18.9,29.2,75.0,1015.3,6.0,355.0,31.0
2021-07-24,0.0,20.2,28.5,72.0,1012.8,5.4,210.0,79.0
2021-07-25,4.9,20.3,28.9,78.0,1010.9,9.8,12.0,75.0
2021-07-26,4.1,20.1,27.7,74.0,1012.3,7.7,359.0,65.0
2021-07-27,1.4,19.7,26.6,78.0,1015.7,7.4,351.0,87.0
2021-07-28,0.0,17.9,28.6,78.0,1014.0,5.9,299.0,41.0
2021-07-29,0.0,18.0,29.2,74.0,1013.3,5.4,305.0,5.0
2021-07-30,3.4,19.2,29.7,77.0,1011.4,6.7,251.0,21.0
2021-07-31,0.6,19.0,28.7,74.0,1009.0,5.8,346.0,48.0
2021-08-01,7.4,18.7,27.2,67.0,1005.2,10.5,278.0,56.0
2021-08-02,0.5,15.3,24.9,74.0,1012.2,6.9,51.0,38.0
2021-08-03,0.6,15.8,25.4,73.0,1014.6,4.9,328.0,55.0
2021-08-04,4.8,18.3,24.4,81.0,1012.4,4.8,11.0,92.0
2021-08-05,25.5,18.0,26.0,79.0,1006.2,5.5,30.0,53.0
2021-08-06,1.0,16.7,26.5,78.0,1007.6,4.8,52.0,28.0
2021-08-07,6.7,19.8,26.6,83.0,1009.1,6.9,5.0,55.0
2021-08-08,2.8,19.2,28.1,79.0,1010.4,7.4,343.0,42.0
2021-08-09,0.0,18.5,29.1,70.0,1016.4,8.3,38.0,10.0
2021-08-10,0.0,19.2,29.6,66.0,1017.3,7.1,307.0,38.0
2021-08-11,0.0,19.9,31.4,64.0,1016.5,6.0,346.0,6.0
2021-08-12,0.0,21.2,31.8,66.0,1019.1,5.8,289.0,11.0
2021-08-13,0.0,21.7,32.9,70.0,1020.2,6.1,299.0,53.0
2021-08-14,0.0,22.1,33.0,68.0,1019.2,5.6,291.0,17.0
2021-08-15,0.0,22.5,32.6,65.0,1014.6,5.9,286.0,16.0
2021-08-16,7.8,21.5,31.1,69.0,1009.9,8.6,342.0,59.0
2021-08-17,0.0,16.9,26.9,55.0,1012.0,9.0,10.0,35.0
2021-08-18,0.0,17.2,25.4,61.0,1015.3,5.9,51.0,26.0
2021-08-19,0.0,17.2,26.6,61.0,1015.1,5.3,347.0,12.0
2021-08-20,0.0,17.2,28.0,64.0,1015.5,4.9,347.0,33.0
2021-08-21,0.0,18.6,28.8,67.0,1017.7,6.3,317.0,17.0
2021-08-22,3.1,18.8,29.4,73.0,1016.2,7.3,320.0,69.0
2021-08-23,2.5,17.6,24.6,66.0,1015.1,8.2,38.0,46.0
2021-08-24,0.0,14.7,25.9,68.0,1015.9,5.3,348.0,34.0
2021-08-25,0.1,17.1,23.7,67.0,1016.0,5.1,32.0,46.0
2021-08-26,2.4,15.1,24.7,74.0,1010.6,5.8,297.0,30.0
2021-08-27,7.3,15.4,22.3,68.0,1011.1,6.9,45.0,48.0
2021-08-28,0.1,15.2,22.6,65.0,1012.7,6.4,356.0,55.0
2021-08-29,0.6,12.1,23.0,67.0,1013.1,5.5,15.0,44.0
2021-08-30,7.9,13.4,22.6,80.0,1013.7,4.4,30.0,53.0
2021-08-31,3.0,13.5,24.0,81.0,1016.7,5.9,335.0,28.0
2021-09-01,0.0,13.6,25.6,67.0,1020.5,6.6,291.0,9.0
2021-09-02,0.0,14.8,25.2,66.0,1023.5,6.1,330.0,29.0
2021-09-03,0.0,15.8,25.5,66.0,1020.1,6.0,15.0,33.0
2021-09-04,0.0,13.7,26.0,69.0,1016.0,5.7,307.0,31.0
2021-09-05,0.0,15.2,26.6,66.0,1018.3,6.2,355.0,17.0
2021-09-06,0.0,16.7,26.7,59.0,1022.1,6.8,354.0,11.0
2021-09-07,0.0,14.8,26.1,58.0,1022.4,5.5,1.0,48.0
2021-09-08,0.0,14.4,26.2,55.0,1020.4,8.0,38.0,3.0
2021-09-09,0.0,12.5,26.0,57.0,1017.6,5.8,331.0,0.0
2021-09-10,0.0,12.1,26.1,66.0,1017.0,6.2,268.0,13.0
2021-09-11,0.0,13.2,26.3,70.0,1016.8,5.5,276.0,39.0
2021-09-12,0.0,15.7,28.0,66.0,1015.8,6.5,310.0,10.0
2021-09-13,0.0,17.6,28.7,62.0,1015.9,6.3,303.0,33.0
2021-09-14,0.0,16.3,28.9,66.0,1016.7,6.1,296.0,52.0
2021-09-15,0.0,17.0,26.4,70.0,1016.5,5.1,334.0,82.0
2021-09-16,4.0,17.8,23.4,86.0,1015.3,4.6,5.0,94.0
2021-09-17,4.4,17.2,23.9,86.0,1011.6,5.2,61.0,79.0
2021-09-18,0.2,17.7,22.6,74.0,1013.3,5.6,58.0,60.0
2021-09-19,18.4,16.0,21.0,82.0,1011.6,5.8,68.0,78.0
2021-09-20,1.0,14.5,21.6,77.0,1014.1,8.0,67.0,52.0
2021-09-21,0.4,13.5,20.3,68.0,1023.1,4.7,45.0,43.0
2021-09-22,0.0,13.2,20.0,72.0,1023.9,4.1,44.0,81.0
2021-09-23,0.2,13.9,20.2,74.0,1022.9,5.0,259.0,72.0
2021-09-24,0.0,12.2,21.5,80.0,1018.8,4.5,33.0,16.0
2021-09-25,0.0,13.2,22.3,83.0,1021.1,4.2,225.0,24.0
2021-09-26,6.5,16.4,23.1,89.0,1020.2,3.8,33.0,94.0
2021-09-27,0.9,15.2,22.5,88.0,1017.4,4.5,269.0,58.0
2021-09-28,0.0,14.1,25.7,77.0,1019.1,6.5,284.0,42.0
2021-09-29,1.9,15.6,24.9,75.0,1017.9,5.6,307.0,68.0
2021-09-30,2.5,15.1,22.2,72.0,1023.5,6.7,62.0,54.0
2021-10-01,0.0,12.2,20.8,66.0,1024.0,4.4,85.0,20.0
2021-10-02,0.0,11.2,19.9,75.0,1020.1,3.7,31.0,43.0
2021-10-03,0.2,13.4,21.7,80.0,1018.4,4.5,44.0,52.0
2021-10-04,7.0,16.3,22.3,88.0,1018.4,5.7,56.0,75.0
2021-10-05,32.4,15.8,21.1,90.0,1014.0,7.5,49.0,84.0
2021-10-06,12.8,13.7,16.9,81.0,1013.9,9.9,26.0,77.0
2021-10-07,2.3,12.8,17.0,68.0,1016.2,6.5,345.0,99.0
2021-10-08,2.2,11.8,18.2,77.0,1020.7,6.5,28.0,81.0
2021-10-09,0.0,8.0,17.8,65.0,1023.7,7.4,63.0,4.0
2021-10-10,0.0,4.9,15.9,68.0,1022.1,5.2,283.0,17.0
2021-10-11,0.0,8.4,17.5,68.0,1019.6,5.5,268.0,53.0
2021-10-12,0.0,7.6,14.6,82.0,1017.5,4.2,4.0,85.0
2021-10-13,1.1,7.0,15.4,77.0,1018.0,6.3,349.0,39.0
2021-10-14,0.2,4.7,14.4,74.0,1024.5,6.5,294.0,12.0
2021-10-15,0.0,4.0,15.6,78.0,1019.9,5.4,315.0,39.0
2021-10-16,0.0,5.6,18.1,71.0,1018.6,4.2,336.0,51.0
2021-10-17,0.0,6.6,17.5,72.0,1020.7,6.1,317.0,4.0
2021-10-18,0.0,6.9,18.4,76.0,1024.2,6.1,321.0,52.0
2021-10-19,0.0,5.5,16.6,79.0,1027.8,4.8,313.0,83.0
2021-10-20,0.4,8.2,15.8,85.0,1024.7,3.9,3.0,82.0
2021-10-21,1.3,10.4,14.6,93.0,1014.9,3.4,42.0,95.0
2021-10-22,0.5,9.7,18.0,85.0,1015.6,5.3,360.0,55.0
2021-10-23,0.0,9.4,18.9,76.0,1022.9,7.6,48.0,25.0
2021-10-24,0.0,8.3,15.6,62.0,1028.9,6.5,66.0,23.0
2021-10-25,0.6,5.2,13.8,69.0,1025.0,3.4,348.0,100.0
2021-10-26,1.6,6.1,15.4,72.0,1022.6,4.3,342.0,52.0
2021-10-27,0.0,4.3,16.8,75.0,1025.8,5.0,320.0,0.0
2021-10-28,0.0,3.4,16.5,74.0,1023.5,4.6,335.0,0.0
2021-10-29,0.0,4.6,15.0,77.0,1019.9,4.4,338.0,23.0
2021-10-30,0.0,4.1,15.6,73.0,1018.9,4.8,333.0,60.0
2021-10-31,0.0,7.5,14.7,79.0,1018.1,3.6,338.0,66.0
2021-11-01,55.2,6.8,12.9,90.0,1008.0,6.3,21.0,79.0
2021-11-02,8.2,7.5,14.8,82.0,1002.1,5.5,340.0,56.0
2021-11-03,11.2,6.6,14.3,87.0,1004.7,6.9,26.0,96.0
2021-11-04,26.8,7.3,14.4,84.0,1003.9,8.5,233.0,54.0
2021-11-05,0.0,5.8,15.9,73.0,1018.2,9.3,351.0,52.0
2021-11-06,0.0,3.8,14.0,62.0,1026.0,8.3,339.0,15.0
2021-11-07,0.0,3.9,13.6,71.0,1020.5,7.7,307.0,52.0
2021-11-08,0.8,5.2,12.4,83.0,1018.0,5.6,355.0,81.0
2021-11-09,0.0,3.4,14.1,73.0,1025.6,5.0,350.0,37.0
2021-11-10,0.0,4.8,15.7,70.0,1027.3,4.6,318.0,82.0
2021-11-11,0.0,6.7,16.6,83.0,1023.8,4.9,310.0,87.0
2021-11-12,0.0,6.2,14.9,87.0,1019.8,3.5,350.0,65.0
2021-11-13,1.5,9.1,12.1,92.0,1017.8,2.9,25.0,100.0
2021-11-14,15.0,8.3,13.2,92.0,1016.8,8.0,48.0,97.0
2021-11-15,0.0,7.8,16.1,75.0,1020.9,7.0,47.0,92.0
2021-11-16,0.9,6.7,13.1,80.0,1020.8,3.3,325.0,99.0
2021-11-17,0.2,9.3,13.9,85.0,1019.2,3.3,347.0,72.0
2021-11-18,0.3,7.2,14.4,83.0,1025.8,4.6,16.0,56.0
2021-11-19,0.0,4.6,14.3,84.0,1028.6,5.4,303.0,64.0
2021-11-20,0.0,4.4,10.2,87.0,1024.4,3.3,298.0,43.0
2021-11-21,0.0,3.3,7.1,93.0,1015.2,2.7,335.0,46.0
2021-11-22,0.0,6.3,11.7,84.0,1013.7,5.1,356.0,100.0
2021-11-23,0.0,4.5,12.8,75.0,1022.5,4.3,38.0,18.0
2021-11-24,0.0,-0.3,9.6,77.0,1023.0,3.6,331.0,3.0
2021-11-25,3.7,0.4,9.3,83.0,1013.4,5.2,333.0,81.0
2021-11-26,6.6,7.1,9.3,93.0,997.6,6.3,345.0,100.0
2021-11-27,6.6,6.6,10.0,87.0,994.1,6.7,56.0,80.0
2021-11-28,14.1,3.8,10.7,88.0,992.9,5.6,1.0,92.0
2021-11-29,3.4,-0.8,8.6,80.0,1000.4,4.6,337.0,72.0
2021-11-30,0.0,-1.8,7.5,63.0,1014.1,8.4,330.0,60.0
2021-12-01,0.0,-2.2,7.3,75.0,1011.7,4.2,354.0,60.0
2021-12-02,7.0,4.0,7.9,86.0,1001.0,4.7,354.0,100.0
2021-12-03,0.8,2.4,10.1,81.0,1010.2,6.4,359.0,59.0
2021-12-04,0.1,-0.5,5.8,78.0,1011.2,3.3,6.0,92.0
2021-12-05,15.4,1.8,6.3,88.0,1003.2,6.0,321.0,92.0
2021-12-06,0.1,0.1,9.9,71.0,1008.8,7.7,319.0,36.0
2021-12-07,0.0,-2.5,6.6,71.0,1013.4,5.8,321.0,33.0
2021-12-08,19.8,-2.5,4.6,82.0,1007.9,6.4,355.0,85.0
2021-12-09,6.9,1.5,5.1,91.0,1001.8,6.7,314.0,100.0
2021-12-10,0.0,-1.3,6.2,76.0,1003.8,6.4,335.0,83.0
2021-12-11,0.0,-2.2,9.3,71.0,1007.6,6.8,317.0,37.0
2021-12-12,0.0,-1.5,10.0,61.0,1021.3,8.1,326.0,30.0
2021-12-13,0.0,-0.5,9.1,75.0,1025.3,4.3,331.0,43.0
2021-12-14,0.0,-0.8,8.7,85.0,1026.7,3.8,323.0,49.0
2021-12-15,0.0,-0.5,10.5,81.0,1029.5,4.4,324.0,62.0
2021-12-16,0.0,-0.8,8.5,86.0,1031.7,4.8,325.0,6.0
2021-12-17,0.0,-1.1,10.1,83.0,1031.6,5.8,336.0,17.0
2021-12-18,0.0,0.1,9.8,80.0,1032.5,5.9,302.0,26.0
2021-12-19,0.0,-0.7,3.5,86.0,1025.0,2.7,259.0,40.0
2021-12-20,0.0,-1.6,10.0,77.0,1018.9,4.1,356.0,47.0
2021-12-21,0.0,-1.4,4.8,77.0,1024.5,4.0,4.0,90.0
2021-12-22,0.0,-0.3,7.4,81.0,1025.7,3.9,352.0,50.0
2021-12-23,0.0,-3.1,5.0,87.0,1023.2,4.6,313.0,90.0
2021-12-24,0.0,-2.6,3.7,85.0,1015.5,2.8,311.0,77.0
2021-12-25,0.1,-0.8,5.9,82.0,1009.5,3.1,320.0,100.0
2021-12-26,0.6,0.4,8.2,89.0,1008.4,4.1,339.0,85.0
2021-12-27,0.0,3.0,7.8,88.0,1009.5,3.2,343.0,100.0
2021-12-28,0.9,2.0,9.2,91.0,1008.7,3.9,296.0,89.0
2021-12-29,0.0,2.5,9.2,91.0,1010.0,5.5,318.0,89.0
2021-12-30,0.0,2.1,11.1,88.0,1019.4,4.7,305.0,93.0
2021-12-31,0.0,2.5,9.8,89.0,1024.8,3.3,297.0,15.0
2022-01-01,0.0,0.7,9.6,91.0,1025.8,3.7,306.0,63.0
2022-01-02,0.0,0.1,6.1,88.0,1025.4,4.1,355.0,62.0
2022-01-03,0.0,2.1,7.0,93.0,1020.9,4.4,281.0,100.0
2022-01-04,0.0,3.6,6.2,88.0,1012.7,4.1,313.0,100.0
2022-01-05,24.2,2.9,9.3,92.0,1003.6,6.0,21.0,100.0
2022-01-06,5.1,-1.1,7.9,87.0,1013.2,4.5,11.0,42.0
2022-01-07,0.0,-2.6,5.7,65.0,1020.7,5.3,332.0,28.0
2022-01-08,0.0,-4.5,5.4,72.0,1015.3,5.4,311.0,32.0
2022-01-09,0.0,-3.5,5.7,74.0,1006.5,4.6,315.0,95.0
2022-01-10,0.0,-2.7,9.9,67.0,1010.9,6.9,332.0,64.0
2022-01-11,0.0,-1.5,10.2,56.0,1022.8,8.3,325.0,0.0
2022-01-12,0.0,-3.8,5.5,60.0,1031.2,6.1,329.0,4.0
2022-01-13,0.0,-3.5,6.1,68.0,1037.0,4.0,317.0,14.0
2022-01-14,0.0,-1.8,6.9,74.0,1031.2,4.3,333.0,0.0
2022-01-15,0.0,-0.4,10.0,72.0,1025.8,4.6,349.0,0.0
2022-01-16,0.0,-2.0,8.9,81.0,1024.3,4.2,324.0,0.0
2022-01-17,0.0,-2.7,10.1,85.0,1025.5,6.4,333.0,24.0
2022-01-18,0.0,-0.7,9.7,69.0,1032.2,5.8,339.0,12.0
2022-01-19,0.0,-2.1,7.6,82.0,1031.1,4.7,333.0,5.0
2022-01-20,0.0,-1.4,7.0,87.0,1021.4,3.9,279.0,37.0
2022-01-21,0.0,-2.6,8.1,65.0,1023.7,6.9,309.0,2.0
2022-01-22,0.0,-3.9,5.7,71.0,1026.1,5.2,334.0,16.0
2022-01-23,0.0,-3.4,7.1,75.0,1030.2,4.3,325.0,25.0
2022-01-24,0.0,-2.3,7.3,78.0,1032.6,5.6,9.0,18.0
2022-01-25,0.0,0.5,6.2,84.0,1033.3,4.0,21.0,85.0
2022-01-26,0.0,-0.3,6.4,90.0,1028.9,4.2,284.0,52.0
2022-01-27,0.0,-1.9,3.7,89.0,1026.9,3.8,299.0,99.0
2022-01-28,0.0,-1.0,9.2,78.0,1026.2,6.8,311.0,65.0
2022-01-29,0.0,-1.6,7.8,62.0,1029.4,4.6,329.0,63.0
2022-01-30,0.0,-1.9,8.9,81.0,1020.5,5.1,343.0,10.0
2022-01-31,0.0,-1.5,7.5,72.0,1011.2,5.3,322.0,51.0
2022-02-01,0.0,-1.5,11.8,63.0,1011.2,6.3,318.0,44.0
2022-02-02,0.0,1.1,11.5,70.0,1012.0,5.6,349.0,82.0
2022-02-03,0.0,0.9,11.0,70.0,1022.1,4.7,13.0,59.0
2022-02-04,0.0,2.0,10.6,83.0,1018.4,4.3,314.0,33.0
2022-02-05,0.0,1.2,11.4,84.0,1019.5,6.5,338.0,30.0
2022-02-06,0.0,0.7,7.5,89.0,1020.8,4.1,237.0,89.0
2022-02-07,1.7,3.0,12.6,57.0,1013.9,10.3,331.0,53.0
2022-02-08,0.0,-1.7,9.6,56.0,1029.2,6.0,343.0,8.0
2022-02-09,0.0,-0.7,10.0,63.0,1030.8,3.7,338.0,19.0
2022-02-10,0.0,-0.5,8.9,73.0,1027.3,5.1,11.0,12.0
2022-02-11,0.0,0.0,10.1,78.0,1024.3,5.9,345.0,62.0
2022-02-12,0.0,-2.1,9.8,51.0,1031.5,8.1,24.0,0.0
2022-02-13,0.0,-3.4,8.6,68.0,1027.5,6.2,311.0,25.0
2022-02-14,0.0,-2.6,5.6,77.0,1019.8,4.0,307.0,61.0
2022-02-15,27.6,3.3,7.4,89.0,1013.6,6.2,2.0,99.0
2022-02-16,0.2,0.4,11.7,83.0,1016.3,5.7,283.0,60.0
2022-02-17,0.0,2.4,8.3,91.0,1012.7,4.2,45.0,92.0
2022-02-18,0.0,4.3,11.5,85.0,1016.0,4.0,301.0,61.0
2022-02-19,0.0,5.7,10.5,91.0,1015.8,4.4,19.0,90.0
2022-02-20,0.1,7.3,13.1,81.0,1018.4,4.7,163.0,82.0
2022-02-21,0.7,5.0,11.3,92.0,1008.9,5.0,50.0,79.0
2022-02-22,0.0,1.1,14.1,63.0,1014.7,8.4,334.0,20.0
2022-02-23,0.0,-0.3,12.5,66.0,1024.7,4.6,341.0,6.0
2022-02-24,0.0,-0.7,11.9,71.0,1023.3,4.7,337.0,64.0
2022-02-25,0.9,1.0,11.5,78.0,1019.1,7.0,57.0,50.0
2022-02-26,0.0,-0.9,11.1,63.0,1025.4,7.0,357.0,32.0
2022-02-27,0.0,-0.1,11.0,46.0,1027.0,10.9,12.0,25.0
2022-02-28,0.4,-2.9,9.2,62.0,1027.8,7.9,275.0,21.0
2022-03-01,0.1,-1.4,9.3,66.0,1029.9,8.9,289.0,4.0
2022-03-02,0.0,-1.7,9.1,68.0,1024.1,5.4,346.0,44.0
2022-03-03,2.2,-0.5,11.1,70.0,1017.4,4.3,256.0,22.0
2022-03-04,0.2,0.7,10.9,69.0,1015.6,6.9,17.0,45.0
2022-03-05,0.0,-0.5,9.2,59.0,1018.4,7.2,62.0,39.0
2022-03-06,0.0,-1.6,8.7,56.0,1018.2,5.3,58.0,44.0
2022-03-07,0.0,-1.6,8.1,63.0,1019.3,5.4,307.0,8.0
2022-03-08,0.0,1.3,8.9,55.0,1023.0,7.5,268.0,50.0
2022-03-09,0.0,-2.2,11.2,66.0,1023.8,5.8,303.0,11.0
2022-03-10,0.0,-1.7,13.7,69.0,1025.2,5.4,333.0,0.0
2022-03-11,0.0,2.6,8.0,65.0,1028.8,6.2,82.0,84.0
2022-03-12,0.0,-1.1,8.5,50.0,1029.4,7.3,81.0,41.0
2022-03-13,0.0,-3.1,9.2,63.0,1027.8,5.5,272.0,0.0
2022-03-14,0.0,-1.3,11.4,71.0,1032.5,5.1,265.0,55.0
2022-03-15,1.4,2.5,11.2,79.0,1034.0,4.4,247.0,100.0
2022-03-16,0.0,3.7,10.4,88.0,1026.3,5.4,49.0,73.0
2022-03-17,0.0,5.1,14.6,73.0,1027.5,4.8,11.0,91.0
2022-03-18,0.0,6.4,15.3,57.0,1033.0,9.1,74.0,69.0
2022-03-19,0.0,1.8,13.1,55.0,1035.5,7.6,81.0,0.0
2022-03-20,0.0,3.2,12.1,43.0,1036.6,11.3,53.0,14.0
2022-03-21,0.0,-0.5,12.7,46.0,1036.6,5.2,25.0,6.0
2022-03-22,0.0,-1.9,14.8,50.0,1035.3,7.4,16.0,0.0
2022-03-23,0.0,3.0,18.7,47.0,1030.7,7.8,327.0,0.0
2022-03-24,0.0,5.3,20.2,49.0,1026.2,9.0,300.0,0.0
2022-03-25,0.0,3.5,20.0,55.0,1025.1,5.9,336.0,0.0
2022-03-26,0.0,5.6,20.8,53.0,1026.4,7.4,347.0,1.0
2022-03-27,0.0,5.1,20.8,51.0,1027.9,7.9,297.0,0.0
2022-03-28,0.0,4.4,18.7,60.0,1024.9,7.0,20.0,0.0
2022-03-29,0.0,4.5,15.5,78.0,1016.1,5.0,80.0,66.0
2022-03-30,0.2,6.5,13.3,83.0,1006.1,5.7,63.0,93.0
2022-03-31,10.4,6.1,13.4,89.0,994.2,5.2,328.0,97.0
2022-04-01,18.4,5.9,11.2,91.0,993.2,7.1,52.0,100.0
2022-04-02,6.7,5.0,8.4,81.0,1000.7,8.0,56.0,100.0
2022-04-03,0.2,2.6,10.6,72.0,1013.9,4.7,307.0,91.0
2022-04-04,0.1,2.2,10.5,76.0,1018.3,5.8,295.0,51.0
2022-04-05,0.0,1.4,13.4,79.0,1013.7,4.5,35.0,13.0
2022-04-06,0.0,4.3,13.8,78.0,1011.1,4.2,12.0,43.0
2022-04-07,0.0,5.5,16.3,77.0,1004.0,7.1,148.0,81.0
2022-04-08,1.2,6.7,18.1,83.0,1003.3,5.2,87.0,91.0
2022-04-09,1.3,5.2,14.6,83.0,1002.6,12.0,74.0,91.0
2022-04-10,0.0,-0.6,15.1,55.0,1017.0,7.2,287.0,21.0
2022-04-11,0.0,3.5,14.6,58.0,1022.1,6.2,62.0,57.0
2022-04-12,0.0,4.6,16.9,70.0,1020.7,5.0,76.0,75.0
2022-04-13,0.0,6.3,17.5,73.0,1020.1,5.7,11.0,95.0
2022-04-14,0.0,6.7,22.4,66.0,1019.4,6.6,310.0,48.0
2022-04-15,0.0,8.0,21.2,68.0,1019.9,5.0,318.0,52.0
2022-04-16,6.8,9.2,17.9,75.0,1019.6,7.4,360.0,31.0
2022-04-17,0.0,6.8,15.2,57.0,1020.9,5.8,184.0,25.0
2022-04-18,0.0,5.4,15.7,53.0,1016.4,8.2,262.0,32.0
2022-04-19,0.0,4.1,15.1,60.0,1011.5,7.2,42.0,36.0
2022-04-20,0.0,7.4,14.9,63.0,1013.7,6.4,186.0,63.0
2022-04-21,0.0,5.9,14.9,66.0,1011.0,5.7,64.0,82.0
2022-04-22,16.9,9.7,13.8,83.0,1002.6,6.7,18.0,96.0
2022-04-23,9.4,8.2,16.0,84.0,1007.0,6.0,160.0,85.0
2022-04-24,6.2,9.0,14.9,81.0,1005.6,7.4,168.0,77.0
2022-04-25,0.2,6.8,15.6,80.0,1010.0,5.1,89.0,85.0
2022-04-26,8.8,8.8,16.6,85.0,1014.0,5.2,81.0,54.0
2022-04-27,0.0,8.0,18.2,71.0,1018.5,5.2,138.0,11.0
2022-04-28,0.0,9.1,20.1,68.0,1023.7,5.0,298.0,32.0
2022-04-29,0.0,9.8,19.7,61.0,1024.8,6.5,45.0,33.0
2022-04-30,0.0,8.4,20.4,57.0,1020.1,7.4,1.0,69.0
2022-05-01,0.7,11.0,20.6,61.0,1016.3,12.5,19.0,84.0
2022-05-02,0.0,9.8,19.8,69.0,1014.8,8.1,11.0,76.0
2022-05-03,0.0,10.4,22.0,63.0,1014.4,6.7,315.0,57.0
2022-05-04,0.0,10.4,21.7,65.0,1016.8,6.5,130.0,89.0
2022-05-05,0.3,10.2,20.3,72.0,1019.8,6.2,97.0,76.0
2022-05-06,4.9,12.6,15.5,89.0,1020.4,3.8,51.0,100.0
2022-05-07,2.8,11.9,17.6,87.0,1019.3,3.8,328.0,100.0
2022-05-08,0.8,13.7,21.6,69.0,1019.4,8.4,63.0,85.0
2022-05-09,0.0,12.5,23.5,62.0,1022.3,8.1,36.0,18.0
2022-05-10,0.0,11.7,24.5,63.0,1021.0,6.4,285.0,14.0
2022-05-11,0.0,12.7,25.7,70.0,1019.5,7.3,295.0,70.0
2022-05-12,0.0,14.1,25.8,72.0,1019.5,5.9,82.0,25.0
2022-05-13,0.0,15.4,25.2,73.0,1018.5,5.5,80.0,89.0
2022-05-14,6.4,16.6,24.6,76.0,1018.3,7.7,342.0,78.0
2022-05-15,0.4,14.3,27.4,70.0,1017.9,6.8,287.0,36.0
2022-05-16,0.2,16.7,27.1,70.0,1017.8,4.8,20.0,86.0
2022-05-17,0.0,14.3,25.3,72.0,1017.6,4.9,322.0,34.0
2022-05-18,0.4,16.9,24.9,66.0,1022.0,8.0,77.0,35.0
2022-05-19,0.0,15.1,23.9,55.0,1026.7,6.4,121.0,31.0
2022-05-20,0.0,14.2,24.7,69.0,1025.0,4.9,172.0,64.0
2022-05-21,0.0,15.1,26.6,71.0,1018.1,4.1,19.0,50.0
2022-05-22,0.0,16.2,27.7,72.0,1012.3,5.7,64.0,57.0
2022-05-23,0.3,18.5,25.3,79.0,1008.6,5.4,92.0,68.0
2022-05-24,3.3,18.1,26.2,73.0,1007.0,9.7,68.0,96.0
2022-05-25,0.2,14.9,24.8,77.0,1012.4,4.4,13.0,66.0
2022-05-26,0.1,15.7,26.4,74.0,1019.6,6.6,78.0,43.0
2022-05-27,0.1,17.3,28.2,72.0,1016.7,6.3,291.0,66.0
2022-05-28,8.8,16.2,21.8,74.0,1011.7,13.5,70.0,90.0
2022-05-29,0.8,11.8,18.9,62.0,1008.9,9.5,78.0,85.0
2022-05-30,0.0,10.6,21.1,68.0,1010.6,6.2,96.0,39.0
2022-05-31,0.0,12.9,23.8,72.0,1014.5,5.2,191.0,48.0
2022-06-01,2.1,14.4,24.5,80.0,1015.0,6.2,143.0,31.0
2022-06-02,9.0,17.2,26.9,78.0,1016.6,6.0,19.0,56.0
2022-06-03,4.1,17.7,27.7,78.0,1018.3,5.4,83.0,88.0
2022-06-04,0.0,17.0,28.5,78.0,1017.3,5.8,265.0,30.0
2022-06-05,0.3,19.6,29.7,74.0,1015.0,5.7,136.0,69.0
2022-06-06,0.0,15.2,28.8,63.0,1014.7,6.7,280.0,25.0
2022-06-07,4.3,18.2,24.2,67.0,1011.6,10.3,337.0,89.0
2022-06-08,0.4,14.1,25.6,66.0,1009.5,7.7,245.0,47.0
2022-06-09,22.3,16.1,19.2,85.0,1008.0,6.7,314.0,100.0
2022-06-10,0.0,16.3,27.3,50.0,1014.5,7.2,340.0,50.0
2022-06-11,0.0,15.2,28.1,60.0,1019.1,5.3,283.0,13.0
2022-06-12,0.0,17.3,29.0,63.0,1019.6,5.7,252.0,13.0
2022-06-13,0.0,18.0,28.5,65.0,1015.6,4.5,357.0,37.0
2022-06-14,0.1,18.3,27.4,59.0,1018.2,8.3,55.0,22.0
2022-06-15,0.0,17.8,28.0,64.0,1018.4,5.4,157.0,45.0
2022-06-16,0.0,18.5,29.3,71.0,1016.9,6.2,249.0,40.0
2022-06-17,0.0,19.7,30.9,64.0,1018.9,5.9,19.0,69.0
2022-06-18,0.0,20.0,29.0,60.0,1021.0,6.7,233.0,57.0
2022-06-19,0.0,18.9,30.0,60.0,1016.3,6.2,187.0,2.0
2022-06-20,0.0,18.6,30.4,67.0,1012.3,5.5,114.0,4.0
2022-06-21,0.0,20.9,30.8,69.0,1011.4,5.4,206.0,60.0
2022-06-22,0.2,20.3,28.1,73.0,1011.6,5.4,270.0,98.0
2022-06-23,10.7,20.0,30.1,78.0,1012.2,6.9,57.0,38.0
2022-06-24,1.8,19.7,30.1,74.0,1010.8,6.9,151.0,40.0
2022-06-25,0.0,17.4,29.9,63.0,1011.8,7.3,70.0,5.0
2022-06-26,0.0,19.7,31.2,62.0,1014.5,6.0,99.0,17.0
2022-06-27,0.0,20.2,32.6,58.0,1014.9,5.6,104.0,16.0
2022-06-28,12.7,20.8,33.4,64.0,1014.2,9.4,347.0,54.0
2022-06-29,10.1,20.3,27.5,73.0,1011.2,10.4,351.0,72.0
2022-06-30,0.1,19.8,30.3,73.0,1011.8,4.9,249.0,29.0
2022-07-01,6.4,20.3,29.1,77.0,1013.7,8.9,0.0,39.0
2022-07-02,0.0,18.5,32.4,56.0,1017.6,8.6,14.0,9.0
2022-07-03,0.0,21.2,33.6,54.0,1016.9,5.7,42.0,32.0
2022-07-04,0.3,22.0,33.8,58.0,1014.9,7.5,332.0,61.0
2022-07-05,0.0,20.8,31.1,56.0,1014.6,7.5,7.0,32.0
2022-07-06,3.0,19.1,30.4,59.0,1017.3,6.3,332.0,33.0
2022-07-07,2.5,19.4,29.7,63.0,1016.9,8.1,35.0,56.0
2022-07-08,0.0,15.9,28.6,59.0,1019.5,7.1,44.0,10.0
2022-07-09,0.0,18.6,27.9,49.0,1021.3,7.6,272.0,46.0
2022-07-10,0.0,17.0,29.5,56.0,1016.4,6.8,100.0,45.0
2022-07-11,0.2,19.1,26.5,59.0,1018.6,8.0,107.0,62.0
2022-07-12,2.1,17.8,27.9,68.0,1020.7,6.5,54.0,50.0
2022-07-13,0.7,18.2,30.5,63.0,1022.3,6.9,203.0,19.0
2022-07-14,0.0,19.4,31.1,59.0,1019.0,5.9,209.0,50.0
2022-07-15,2.2,19.1,32.5,55.0,1013.9,6.5,78.0,22.0
2022-07-16,0.0,21.4,32.5,56.0,1015.9,6.9,90.0,27.0
2022-07-17,1.4,20.7,31.1,58.0,1020.8,8.4,58.0,26.0
2022-07-18,0.0,20.7,31.7,47.0,1021.7,7.8,78.0,33.0
2022-07-19,0.0,21.4,33.3,47.0,1020.0,6.2,97.0,15.0
2022-07-20,0.0,21.8,34.0,46.0,1018.6,6.5,154.0,27.0
2022-07-21,0.0,21.3,34.8,45.0,1016.5,6.2,199.0,18.0
2022-07-22,0.0,22.7,36.2,45.0,1015.6,7.3,188.0,53.0
2022-07-23,0.0,23.0,35.9,44.0,1014.3,6.0,154.0,73.0
2022-07-24,0.0,20.6,33.8,51.0,1015.8,6.4,93.0,12.0
2022-07-25,0.0,23.0,35.4,54.0,1012.9,7.0,152.0,20.0
2022-07-26,3.2,22.1,33.0,58.0,1010.4,7.8,37.0,46.0
2022-07-27,1.2,22.1,30.6,57.0,1011.3,8.4,35.0,78.0
2022-07-28,0.0,19.7,31.5,56.0,1013.3,8.4,92.0,29.0
2022-07-29,0.0,21.0,32.7,51.0,1013.3,8.3,295.0,77.0
2022-07-30,0.8,19.2,29.1,63.0,1013.8,6.1,215.0,33.0
2022-07-31,0.0,18.8,32.3,51.0,1015.0,8.8,229.0,11.0
2022-08-01,0.0,19.3,32.9,53.0,1014.4,7.2,194.0,12.0
2022-08-02,6.5,20.3,30.9,59.0,1016.1,6.7,52.0,56.0
2022-08-03,0.0,19.8,32.6,52.0,1016.3,6.9,280.0,6.0
2022-08-04,0.0,20.2,33.9,54.0,1015.1,6.6,254.0,1.0
2022-08-05,0.0,22.3,34.7,51.0,1013.2,6.4,220.0,3.0
2022-08-06,0.1,23.5,33.9,52.0,1013.9,10.4,0.0,31.0
2022-08-07,0.6,20.6,30.6,62.0,1016.0,7.2,341.0,69.0
2022-08-08,0.1,19.0,30.7,61.0,1016.4,9.5,52.0,59.0
2022-08-09,0.0,19.8,30.9,54.0,1018.9,4.9,49.0,18.0
2022-08-10,0.0,19.8,30.1,44.0,1019.6,7.6,65.0,24.0
2022-08-11,0.0,20.9,30.7,44.0,1017.8,8.3,359.0,40.0
2022-08-12,1.4,19.9,25.7,51.0,1015.9,10.8,45.0,59.0
2022-08-13,0.0,17.5,28.1,50.0,1013.5,9.0,337.0,35.0
2022-08-14,0.0,16.6,30.4,54.0,1010.1,7.5,260.0,32.0
2022-08-15,1.8,18.9,29.7,62.0,1007.3,8.0,345.0,55.0
2022-08-16,0.7,17.7,29.4,67.0,1010.2,5.9,67.0,17.0
2022-08-17,0.0,19.6,30.1,70.0,1012.7,5.7,169.0,50.0
2022-08-18,5.4,20.4,29.1,78.0,1011.6,7.5,27.0,87.0
2022-08-19,32.6,19.3,26.3,79.0,1009.6,7.3,338.0,83.0
2022-08-20,1.1,18.6,29.6,70.0,1011.4,8.3,323.0,70.0
2022-08-21,0.0,17.7,28.9,61.0,1011.2,6.3,317.0,12.0
2022-08-22,0.0,18.0,29.1,57.0,1009.6,6.6,285.0,16.0
2022-08-23,1.8,18.0,27.5,74.0,1012.8,5.3,21.0,57.0
2022-08-24,0.0,17.7,28.7,71.0,1015.7,5.5,289.0,10.0
2022-08-25,0.0,19.3,30.1,64.0,1014.2,5.5,326.0,20.0
2022-08-26,0.3,19.8,30.7,65.0,1011.1,5.8,339.0,41.0
2022-08-27,6.2,20.3,28.9,68.0,1010.5,8.1,334.0,92.0
2022-08-28,8.6,19.3,29.5,74.0,1013.2,6.1,91.0,64.0
2022-08-29,0.0,18.6,27.9,71.0,1016.5,5.9,279.0,72.0
2022-08-30,0.3,18.0,30.4,69.0,1017.1,6.9,348.0,72.0
2022-08-31,8.2,19.1,25.2,77.0,1014.8,8.8,26.0,77.0
2022-09-01,0.3,18.1,25.9,71.0,1014.3,6.1,28.0,81.0
2022-09-02,0.0,16.2,25.2,66.0,1015.5,5.4,349.0,56.0
2022-09-03,0.1,16.2,24.8,67.0,1015.8,6.4,146.0,73.0
2022-09-04,0.0,16.4,27.3,74.0,1018.8,5.1,288.0,8.0
2022-09-05,0.1,17.5,27.9,70.0,1021.7,6.5,298.0,34.0
2022-09-06,0.2,18.4,28.5,73.0,1018.7,6.0,283.0,34.0
2022-09-07,5.5,18.0,26.3,83.0,1016.4,6.2,351.0,90.0
2022-09-08,12.2,18.4,25.2,80.0,1012.7,6.3,13.0,95.0
2022-09-09,2.3,16.2,23.7,84.0,1012.7,6.4,53.0,62.0
2022-09-10,0.2,14.9,25.2,66.0,1013.6,5.9,340.0,15.0
2022-09-11,0.4,14.5,25.3,69.0,1015.0,6.1,291.0,16.0
2022-09-12,0.1,14.5,26.2,67.0,1015.9,6.0,357.0,27.0
2022-09-13,0.0,15.6,26.5,73.0,1013.9,6.3,311.0,60.0
2022-09-14,0.2,17.7,26.6,76.0,1010.8,6.1,250.0,95.0
2022-09-15,0.9,18.6,27.6,81.0,1006.3,6.8,79.0,79.0
2022-09-16,13.5,17.0,25.8,80.0,1005.2,10.3,58.0,66.0
2022-09-17,13.3,10.5,16.7,84.0,1007.4,8.2,105.0,74.0
2022-09-18,0.0,8.2,20.5,68.0,1013.3,6.4,356.0,38.0
2022-09-19,0.0,10.0,24.4,64.0,1012.5,5.9,349.0,21.0
2022-09-20,0.0,10.3,20.2,55.0,1017.7,6.4,325.0,17.0
2022-09-21,0.3,9.4,19.0,65.0,1022.0,5.0,21.0,11.0
2022-09-22,0.0,10.2,19.1,62.0,1021.8,5.3,54.0,32.0
2022-09-23,0.0,10.5,21.0,61.0,1020.2,5.0,275.0,57.0
2022-09-24,0.3,10.8,18.7,74.0,1016.7,4.9,39.0,100.0
2022-09-25,14.2,13.2,20.5,81.0,1011.5,5.7,57.0,61.0
2022-09-26,0.7,12.9,20.6,82.0,1007.1,5.3,38.0,42.0
2022-09-27,7.9,11.5,19.2,86.0,1000.6,5.2,49.0,67.0
2022-09-28,0.9,9.8,17.4,82.0,1001.1,5.6,34.0,77.0
2022-09-29,20.4,11.6,20.4,87.0,999.9,7.3,65.0,79.0
2022-09-30,15.4,12.0,17.8,89.0,1008.4,6.6,50.0,97.0
2022-10-01,0.3,12.0,19.6,80.0,1014.0,6.5,250.0,78.0
2022-10-02,0.0,10.5,20.2,81.0,1018.5,5.1,22.0,36.0
2022-10-03,0.1,11.9,22.6,79.0,1019.1,6.5,328.0,34.0
2022-10-04,0.0,12.9,19.3,80.0,1022.7,5.3,27.0,64.0
2022-10-05,0.0,11.4,20.5,83.0,1026.8,5.5,313.0,56.0
2022-10-06,0.0,11.5,21.9,82.0,1027.8,4.5,351.0,62.0
2022-10-07,0.0,13.8,23.6,67.0,1024.6,8.0,336.0,15.0
2022-10-08,0.0,12.1,22.1,75.0,1019.5,5.9,342.0,21.0
2022-10-09,0.0,13.7,21.7,72.0,1021.5,8.0,54.0,94.0
2022-10-10,0.0,11.7,20.6,71.0,1021.1,4.9,26.0,14.0
2022-10-11,0.0,11.7,22.9,72.0,1021.2,5.8,341.0,35.0
2022-10-12,0.0,11.0,21.3,72.0,1022.5,6.0,9.0,73.0
2022-10-13,0.0,11.1,21.3,73.0,1020.7,5.6,327.0,54.0
2022-10-14,0.0,10.4,20.7,76.0,1017.1,5.0,327.0,57.0
2022-10-15,0.0,12.3,20.4,78.0,1016.6,3.8,1.0,67.0
2022-10-16,0.0,13.1,20.8,82.0,1022.9,4.1,52.0,38.0
2022-10-17,0.0,11.8,22.8,78.0,1028.3,6.1,315.0,20.0
2022-10-18,0.0,12.2,21.7,77.0,1026.4,5.7,329.0,4.0
2022-10-19,0.0,11.0,24.7,75.0,1022.1,4.6,314.0,10.0
2022-10-20,0.0,12.4,20.9,78.0,1022.3,5.1,14.0,72.0
2022-10-21,0.1,12.9,19.1,83.0,1020.2,4.2,15.0,99.0
2022-10-22,8.9,12.5,20.1,90.0,1017.9,5.4,27.0,72.0
2022-10-23,0.0,11.2,20.8,84.0,1021.8,4.4,346.0,81.0
2022-10-24,3.2,14.7,21.9,87.0,1019.6,5.5,334.0,87.0
2022-10-25,11.9,12.9,21.2,81.0,1019.5,5.5,50.0,52.0
2022-10-26,0.0,11.3,21.1,79.0,1022.2,5.2,332.0,41.0
2022-10-27,0.0,11.6,23.5,77.0,1026.9,5.6,316.0,15.0
2022-10-28,0.0,11.8,22.4,73.0,1027.5,5.8,319.0,6.0
2022-10-29,0.0,10.4,21.3,80.0,1025.6,4.3,322.0,4.0
2022-10-30,0.0,10.8,22.9,79.0,1022.6,5.1,337.0,33.0
2022-10-31,0.0,10.5,22.1,76.0,1021.8,4.8,329.0,35.0
2022-11-01,0.0,9.8,18.3,81.0,1022.2,3.6,339.0,65.0
2022-11-02,0.0,11.0,18.3,87.0,1023.3,3.6,325.0,67.0
2022-11-03,0.3,11.4,17.4,87.0,1019.6,4.2,301.0,77.0
2022-11-04,36.4,8.5,16.3,84.0,1004.5,7.7,8.0,68.0
2022-11-05,0.0,8.2,18.1,54.0,1011.0,10.1,331.0,34.0
2022-11-06,0.0,5.7,15.1,66.0,1017.8,7.0,317.0,57.0
2022-11-07,0.0,4.3,15.4,74.0,1020.1,4.6,317.0,32.0
2022-11-08,0.0,3.9,13.7,78.0,1021.3,4.7,339.0,41.0
2022-11-09,0.0,4.8,15.0,78.0,1020.1,4.5,319.0,72.0
2022-11-10,4.7,9.1,16.2,88.0,1024.7,4.9,358.0,67.0
2022-11-11,0.0,7.0,15.9,82.0,1033.2,7.0,329.0,76.0
2022-11-12,0.0,6.4,16.3,75.0,1030.1,5.7,326.0,87.0
2022-11-13,0.7,6.4,15.0,68.0,1026.5,6.0,49.0,53.0
2022-11-14,4.7,7.8,12.5,87.0,1022.8,5.0,348.0,90.0
2022-11-15,0.4,5.9,13.0,89.0,1017.1,5.1,320.0,58.0
2022-11-16,1.0,9.3,14.0,90.0,1005.1,4.1,303.0,83.0
2022-11-17,0.0,8.3,12.9,92.0,1002.4,4.8,348.0,74.0
2022-11-18,1.9,7.1,15.4,86.0,1000.0,5.3,312.0,53.0
2022-11-19,0.0,5.6,14.8,71.0,1006.6,7.4,15.0,97.0
2022-11-20,0.3,3.1,12.7,79.0,1010.4,5.4,283.0,39.0
2022-11-21,1.2,4.5,10.6,86.0,1009.1,4.9,354.0,59.0
2022-11-22,43.1,6.8,9.3,82.0,996.4,13.4,358.0,100.0
2022-11-23,0.9,4.7,11.9,86.0,1002.7,5.6,292.0,52.0
2022-11-24,0.0,2.1,13.0,74.0,1013.0,6.6,320.0,12.0
2022-11-25,0.0,2.3,12.5,69.0,1019.6,7.5,336.0,62.0
2022-11-26,0.0,4.3,13.7,63.0,1025.5,7.3,328.0,53.0
2022-11-27,0.0,1.5,11.3,70.0,1028.2,6.6,325.0,17.0
2022-11-28,0.0,2.0,7.9,76.0,1020.5,4.3,334.0,99.0
2022-11-29,0.7,4.6,8.3,83.0,1017.8,3.5,14.0,75.0
2022-11-30,0.0,-0.6,9.6,77.0,1018.8,5.0,324.0,92.0
2022-12-01,0.0,5.2,10.8,69.0,1018.8,3.1,297.0,100.0
2022-12-02,4.6,5.4,8.0,85.0,1019.7,4.3,4.0,100.0
2022-12-03,0.9,3.8,9.3,84.0,1018.7,4.9,359.0,100.0
2022-12-04,17.8,7.4,9.9,88.0,1015.3,8.0,58.0,93.0
2022-12-05,13.3,5.8,11.9,88.0,1017.9,4.8,356.0,82.0
2022-12-06,0.0,1.6,10.5,84.0,1016.2,5.6,336.0,21.0
2022-12-07,0.0,0.7,10.4,69.0,1013.7,7.3,331.0,14.0
2022-12-08,0.0,0.7,9.0,71.0,1011.4,6.7,320.0,40.0
2022-12-09,17.1,2.7,6.5,87.0,1004.5,8.1,328.0,96.0
2022-12-10,1.2,3.1,11.4,90.0,999.1,3.9,333.0,91.0
2022-12-11,11.5,2.2,7.3,90.0,1002.1,5.5,338.0,99.0
2022-12-12,0.1,-2.8,4.7,76.0,1010.2,5.1,346.0,12.0
2022-12-13,0.0,-3.5,4.6,59.0,1011.8,5.2,355.0,94.0
2022-12-14,0.0,-0.2,5.9,68.0,1007.2,3.1,321.0,86.0
2022-12-15,13.1,-2.1,5.8,83.0,1007.3,6.0,358.0,64.0
2022-12-16,4.1,4.7,8.6,92.0,1004.1,5.0,324.0,98.0
2022-12-17,0.0,4.1,8.9,82.0,1017.2,5.6,63.0,77.0
2022-12-18,0.0,0.9,7.1,73.0,1032.5,3.9,68.0,44.0
2022-12-19,0.0,-1.0,5.5,83.0,1034.8,3.3,339.0,83.0
2022-12-20,0.0,-1.2,5.7,80.0,1029.7,3.2,334.0,90.0
2022-12-21,0.0,-0.7,5.6,83.0,1022.4,2.9,334.0,95.0
2022-12-22,0.0,-0.3,8.0,86.0,1018.1,3.7,310.0,44.0
2022-12-23,0.0,-0.7,8.7,89.0,1015.9,5.1,322.0,79.0
2022-12-24,0.0,1.8,10.1,88.0,1017.8,4.9,322.0,73.0
2022-12-25,0.0,2.1,11.6,85.0,1023.6,4.6,315.0,40.0
2022-12-26,0.0,3.4,9.1,87.0,1025.4,3.5,348.0,84.0
2022-12-27,0.0,2.6,11.4,85.0,1025.8,4.3,333.0,32.0
2022-12-28,0.0,3.4,11.3,80.0,1026.4,4.4,350.0,72.0
2022-12-29,0.0,3.2,9.3,81.0,1022.9,3.0,331.0,89.0
2022-12-30,0.1,5.9,10.3,90.0,1021.8,2.8,335.0,97.0
2022-12-31,0.0,3.7,10.2,92.0,1029.0,4.0,351.0,80.0
2023-01-01,0.0,4.6,11.2,89.0,1031.2,4.3,342.0,93.0
2023-01-02,0.0,8.5,10.6,91.0,1030.1,3.4,241.0,97.0
2023-01-03,0.2,6.0,11.7,91.0,1029.8,3.2,328.0,99.0
2023-01-04,0.4,2.6,12.7,88.0,1029.7,5.5,298.0,45.0
2023-01-05,0.0,4.6,9.0,90.0,1023.9,3.3,323.0,99.0
2023-01-06,0.0,3.1,9.7,90.0,1025.5,3.8,312.0,57.0
2023-01-07,0.0,5.0,9.4,83.0,1024.2,3.8,273.0,87.0
2023-01-08,10.2,3.7,7.3,88.0,1017.5,3.3,10.0,97.0
2023-01-09,22.9,6.1,10.9,85.0,1004.2,7.5,347.0,100.0
2023-01-10,0.0,1.2,12.8,72.0,1013.8,7.7,313.0,37.0
2023-01-11,0.0,0.9,10.2,60.0,1021.0,6.0,328.0,74.0
2023-01-12,0.7,1.4,11.6,84.0,1021.9,5.7,315.0,85.0
2023-01-13,0.0,1.4,9.6,82.0,1019.5,4.0,349.0,72.0
2023-01-14,0.0,0.9,11.7,73.0,1022.2,7.0,319.0,48.0
2023-01-15,4.1,1.5,7.8,84.0,1015.1,3.9,323.0,100.0
2023-01-16,5.8,4.6,7.9,88.0,1000.7,5.4,356.0,97.0
2023-01-17,2.7,0.3,5.8,89.0,990.8,6.5,345.0,77.0
2023-01-18,0.1,1.2,6.7,88.0,993.1,5.5,347.0,86.0
2023-01-19,5.6,1.2,4.1,80.0,1002.8,8.4,5.0,100.0
2023-01-20,3.2,-1.2,5.7,77.0,1009.1,5.7,321.0,82.0
2023-01-21,0.0,-2.7,7.1,54.0,1011.1,6.9,319.0,99.0
2023-01-22,0.3,1.5,7.2,66.0,1017.9,5.1,347.0,93.0
2023-01-23,12.8,-0.5,9.0,74.0,1020.1,12.5,349.0,96.0
2023-01-24,1.4,0.6,9.9,83.0,1029.2,3.9,327.0,80.0
2023-01-25,0.7,1.8,9.8,84.0,1026.8,4.0,338.0,45.0
2023-01-26,0.0,-1.1,5.7,77.0,1017.1,3.4,7.0,34.0
2023-01-27,0.0,-4.2,6.2,72.0,1014.9,5.6,337.0,38.0
2023-01-28,0.0,-3.5,6.4,71.0,1019.5,3.2,309.0,58.0
2023-01-29,0.0,-3.0,5.9,77.0,1025.3,4.2,316.0,32.0
2023-01-30,0.0,-3.2,4.7,83.0,1019.8,4.5,347.0,29.0
2023-01-31,0.0,-2.5,8.5,79.0,1021.6,6.2,351.0,23.0
2023-02-01,0.0,-3.2,8.4,80.0,1021.2,5.4,322.0,24.0
2023-02-02,0.0,-2.8,6.5,84.0,1021.5,4.9,341.0,62.0
2023-02-03,0.0,-1.1,9.4,77.0,1024.8,4.8,331.0,62.0
2023-02-04,0.0,1.3,10.3,82.0,1022.8,5.6,32.0,54.0
2023-02-05,0.2,-0.2,5.3,73.0,1033.3,4.8,18.0,81.0
2023-02-06,0.0,-2.0,2.7,75.0,1036.0,3.3,38.0,95.0
2023-02-07,0.0,-3.2,4.1,67.0,1037.8,3.9,26.0,0.0
2023-02-08,0.0,-3.1,4.1,57.0,1038.8,7.3,72.0,0.0
2023-02-09,0.0,-4.2,4.7,58.0,1038.0,6.3,6.0,0.0
2023-02-10,0.0,-5.5,6.5,59.0,1037.3,5.2,309.0,0.0
2023-02-11,0.0,-4.1,8.3,66.0,1035.3,5.1,310.0,59.0
2023-02-12,0.0,-1.4,12.5,63.0,1034.4,4.6,331.0,16.0
2023-02-13,0.0,0.4,11.5,70.0,1037.7,5.6,311.0,0.0
2023-02-14,0.0,-0.7,11.5,79.0,1034.1,4.0,345.0,0.0
2023-02-15,0.0,0.3,14.0,76.0,1030.0,4.2,337.0,0.0
2023-02-16,0.0,1.2,10.2,84.0,1029.5,5.1,12.0,51.0
2023-02-17,0.0,1.1,10.6,88.0,1029.7,5.0,315.0,59.0
2023-02-18,0.0,6.0,8.2,90.0,1028.0,2.2,22.0,100.0
2023-02-19,0.4,6.5,9.5,91.0,1024.0,3.5,9.0,94.0
2023-02-20,0.0,4.5,13.2,83.0,1026.3,5.2,311.0,69.0
2023-02-21,0.0,4.4,9.7,89.0,1022.0,4.6,29.0,96.0
2023-02-22,0.0,6.4,12.4,84.0,1018.4,4.1,6.0,84.0
2023-02-23,0.0,4.8,12.2,85.0,1016.0,3.9,41.0,68.0
2023-02-24,0.2,5.3,11.1,91.0,1012.5,4.0,192.0,97.0
2023-02-25,0.3,6.7,11.5,90.0,1001.4,5.9,64.0,85.0
2023-02-26,2.6,4.4,9.0,56.0,1004.4,15.9,81.0,100.0
2023-02-27,0.0,2.0,8.6,48.0,1017.4,10.1,82.0,86.0
2023-02-28,0.0,-1.1,9.3,62.0,1023.0,8.4,73.0,45.0
2023-03-01,0.6,-0.5,12.0,69.0,1018.6,9.2,63.0,91.0
2023-03-02,1.0,4.0,11.7,77.0,1017.6,5.6,30.0,83.0
2023-03-03,0.2,1.3,13.4,77.0,1016.9,4.6,341.0,67.0
2023-03-04,0.0,0.5,13.8,76.0,1016.7,6.8,292.0,3.0
2023-03-05,0.1,2.3,12.9,79.0,1012.2,5.7,32.0,54.0
2023-03-06,0.9,4.6,11.9,80.0,1006.8,6.7,76.0,80.0
2023-03-07,1.0,5.0,12.2,87.0,1004.4,5.9,63.0,97.0
2023-03-08,0.0,3.2,13.4,81.0,1004.8,6.1,344.0,73.0
2023-03-09,2.0,6.7,14.2,81.0,1004.4,5.5,48.0,78.0
2023-03-10,0.4,6.5,16.2,83.0,999.2,5.1,19.0,78.0
2023-03-11,0.1,4.8,17.0,75.0,999.3,8.8,59.0,71.0
2023-03-12,0.0,5.4,13.5,56.0,1013.9,7.9,85.0,56.0
2023-03-13,0.0,3.3,14.0,71.0,1017.5,5.4,349.0,96.0
2023-03-14,7.1,8.3,12.0,90.0,1005.4,6.7,55.0,96.0
2023-03-15,0.1,4.9,14.9,54.0,1009.6,8.8,341.0,45.0
2023-03-16,0.0,-0.1,12.4,51.0,1021.5,6.3,269.0,41.0
2023-03-17,0.0,1.8,13.0,67.0,1022.7,5.9,244.0,67.0
2023-03-18,0.0,1.3,13.4,69.0,1019.1,5.4,292.0,41.0
2023-03-19,0.0,3.3,14.0,70.0,1019.8,4.3,243.0,99.0
2023-03-20,0.2,7.0,15.3,80.0,1019.6,4.6,73.0,60.0
2023-03-21,0.0,4.8,18.6,72.0,1017.2,6.5,293.0,23.0
2023-03-22,0.0,7.5,19.1,72.0,1015.7,5.4,246.0,43.0
2023-03-23,0.0,8.0,18.4,75.0,1015.4,6.1,39.0,84.0
2023-03-24,0.0,6.8,16.0,80.0,1014.3,6.0,38.0,91.0
2023-03-25,2.8,7.8,14.3,83.0,1011.6,7.7,70.0,63.0
2023-03-26,11.1,6.2,15.7,82.0,1008.3,6.4,360.0,64.0
2023-03-27,3.4,4.3,16.9,63.0,1005.6,7.0,358.0,49.0
2023-03-28,0.0,1.1,14.9,41.0,1022.0,8.8,288.0,19.0
2023-03-29,0.0,4.5,13.9,56.0,1023.7,6.5,48.0,80.0
2023-03-30,0.3,6.0,13.3,76.0,1021.5,4.9,45.0,98.0
2023-03-31,6.0,9.3,14.4,84.0,1012.1,6.0,278.0,100.0
2023-04-01,0.1,5.4,16.9,80.0,1005.2,5.1,308.0,63.0
2023-04-02,9.5,8.3,17.3,69.0,1009.9,8.1,359.0,77.0
2023-04-03,0.1,5.5,15.0,59.0,1014.4,8.4,73.0,34.0
2023-04-04,0.0,1.3,11.9,46.0,1016.6,7.4,114.0,0.0
2023-04-05,0.0,0.4,10.9,56.0,1019.1,5.8,220.0,20.0
2023-04-06,0.0,1.0,12.4,58.0,1019.2,6.7,241.0,11.0
2023-04-07,0.0,1.5,14.8,66.0,1016.5,6.0,191.0,70.0
2023-04-08,11.8,4.8,15.3,72.0,1017.7,5.3,63.0,79.0
2023-04-09,1.3,5.1,13.2,73.0,1022.1,5.7,17.0,42.0
2023-04-10,0.0,3.0,15.8,67.0,1023.3,5.7,259.0,22.0
2023-04-11,0.0,5.4,15.7,68.0,1016.7,5.7,12.0,91.0
2023-04-12,0.0,6.4,15.0,67.0,1010.8,4.2,49.0,98.0
2023-04-13,21.5,7.8,11.1,84.0,1003.5,6.9,33.0,100.0
2023-04-14,8.9,6.3,13.0,80.0,1003.7,7.6,242.0,91.0
2023-04-15,0.0,6.2,15.6,77.0,1006.7,8.6,65.0,86.0
2023-04-16,0.0,4.3,16.4,68.0,1012.8,6.6,285.0,37.0
2023-04-17,0.0,6.6,19.4,59.0,1014.2,8.3,340.0,51.0
2023-04-18,0.0,7.5,20.9,61.0,1015.0,8.4,306.0,65.0
2023-04-19,5.0,9.8,18.1,71.0,1015.2,6.2,312.0,50.0
2023-04-20,12.6,9.5,12.9,84.0,1013.9,10.2,58.0,91.0
2023-04-21,0.4,9.6,18.4,74.0,1014.7,7.8,345.0,76.0
2023-04-22,0.0,7.8,20.0,73.0,1014.4,6.9,270.0,81.0
2023-04-23,0.2,9.3,19.6,76.0,1012.5,6.3,85.0,82.0
2023-04-24,8.6,10.7,15.7,82.0,1007.5,8.2,78.0,90.0
2023-04-25,28.8,7.6,14.3,82.0,1009.9,7.4,347.0,62.0
2023-04-26,0.0,5.1,17.3,66.0,1014.2,7.8,314.0,28.0
2023-04-27,0.0,7.2,18.5,65.0,1018.3,5.2,164.0,36.0
2023-04-28,0.0,8.3,16.6,66.0,1019.0,5.2,36.0,93.0
2023-04-29,0.0,9.7,20.5,75.0,1015.1,4.7,28.0,84.0
2023-04-30,0.0,9.5,20.6,73.0,1015.9,6.7,47.0,73.0
2023-05-01,1.3,12.7,19.1,65.0,1015.9,9.5,70.0,100.0
2023-05-02,20.9,12.0,16.6,87.0,1015.9,7.9,330.0,100.0
2023-05-03,1.0,11.8,18.7,77.0,1020.4,6.6,85.0,71.0
2023-05-04,0.0,7.9,22.7,71.0,1021.0,7.0,264.0,35.0
2023-05-05,0.0,10.3,22.9,73.0,1019.0,5.5,238.0,43.0
2023-05-06,0.1,11.8,23.9,73.0,1016.0,4.9,286.0,88.0
2023-05-07,0.8,12.5,23.1,77.0,1016.0,5.3,327.0,88.0
2023-05-08,12.6,15.0,18.8,85.0,1019.0,6.4,64.0,96.0
2023-05-09,0.0,13.8,21.2,68.0,1018.1,8.1,82.0,76.0
2023-05-10,24.7,12.1,15.2,78.0,1013.2,6.8,29.0,100.0
2023-05-11,44.8,11.2,14.2,83.0,1010.7,11.5,345.0,100.0
2023-05-12,24.6,10.2,15.5,86.0,1013.8,8.7,53.0,99.0
2023-05-13,9.9,9.5,16.8,88.0,1017.5,6.7,47.0,91.0
2023-05-14,2.3,9.6,15.7,80.0,1012.7,5.0,324.0,93.0
2023-05-15,0.0,9.3,19.7,75.0,1008.8,4.9,18.0,55.0
2023-05-16,13.0,12.6,18.2,78.0,1005.4,8.1,342.0,100.0
2023-05-17,1.0,12.6,17.8,80.0,1011.5,4.2,214.0,97.0
2023-05-18,0.0,11.2,20.2,68.0,1018.1,4.9,114.0,44.0
2023-05-19,0.2,13.3,19.8,66.0,1019.2,10.2,82.0,97.0
2023-05-20,6.9,13.4,22.4,72.0,1016.1,11.2,3.0,99.0
2023-05-21,2.4,15.1,25.8,65.0,1013.1,13.1,29.0,50.0
2023-05-22,0.0,15.5,26.3,58.0,1013.1,8.4,360.0,12.0
2023-05-23,0.4,14.3,27.0,69.0,1012.5,6.0,328.0,39.0
2023-05-24,12.0,14.3,23.7,78.0,1014.1,7.4,40.0,43.0
2023-05-25,13.0,14.3,24.5,73.0,1018.0,7.1,351.0,30.0
2023-05-26,1.5,14.8,26.2,73.0,1018.6,6.2,348.0,31.0
2023-05-27,0.2,15.7,24.3,71.0,1018.8,6.4,350.0,42.0
2023-05-28,0.1,15.0,24.3,67.0,1015.5,7.4,346.0,51.0
2023-05-29,0.9,14.7,25.3,66.0,1014.8,9.5,354.0,48.0
2023-05-30,1.9,15.8,24.5,64.0,1016.0,9.4,2.0,63.0
2023-05-31,0.0,15.3,24.6,61.0,1017.7,12.4,36.0,44.0
2023-06-01,0.2,16.2,25.7,63.0,1015.7,7.9,23.0,28.0
2023-06-02,0.0,15.2,26.1,69.0,1012.7,5.6,291.0,41.0
2023-06-03,0.1,16.8,24.3,69.0,1015.1,8.2,64.0,55.0
2023-06-04,8.4,15.0,22.9,79.0,1016.9,5.5,48.0,77.0
2023-06-05,10.3,15.1,20.5,88.0,1016.3,6.1,48.0,98.0
2023-06-06,3.1,15.2,21.6,87.0,1015.7,4.8,76.0,79.0
2023-06-07,0.1,14.9,24.0,82.0,1016.0,4.5,260.0,73.0
2023-06-08,0.0,15.5,25.7,71.0,1013.6,6.0,270.0,27.0
2023-06-09,0.3,16.0,25.9,76.0,1012.0,5.6,16.0,31.0
2023-06-10,3.8,16.2,25.4,82.0,1011.4,4.7,12.0,81.0
2023-06-11,2.7,16.4,26.2,74.0,1012.1,5.0,358.0,33.0
2023-06-12,6.7,16.8,25.5,74.0,1012.8,8.2,340.0,40.0
2023-06-13,0.9,17.0,23.9,72.0,1011.7,7.3,62.0,75.0
2023-06-14,0.2,15.7,24.7,73.0,1011.3,6.9,33.0,69.0
2023-06-15,0.0,15.5,24.8,69.0,1013.8,6.9,356.0,29.0
2023-06-16,1.0,16.1,25.1,67.0,1014.2,7.0,306.0,17.0
2023-06-17,0.0,15.0,26.7,65.0,1014.3,7.4,291.0,7.0
2023-06-18,0.1,15.9,26.7,73.0,1015.9,5.9,82.0,39.0
2023-06-19,0.0,17.2,27.8,73.0,1015.9,5.1,94.0,64.0
2023-06-20,0.0,19.4,29.1,77.0,1016.7,5.3,171.0,83.0
2023-06-21,0.0,19.6,30.2,76.0,1017.1,4.9,75.0,57.0
2023-06-22,0.0,20.8,30.9,74.0,1017.5,5.3,253.0,64.0
2023-06-23,0.4,19.4,27.5,73.0,1014.5,9.5,337.0,55.0
2023-06-24,0.0,17.1,28.1,61.0,1017.9,6.2,52.0,24.0
2023-06-25,0.0,17.0,28.3,66.0,1017.1,6.0,257.0,5.0
2023-06-26,0.0,18.3,29.3,66.0,1015.5,6.1,302.0,17.0
2023-06-27,2.7,20.1,29.0,71.0,1013.4,4.8,40.0,80.0
2023-06-28,0.1,17.5,25.1,71.0,1015.0,6.8,71.0,42.0
2023-06-29,0.0,16.6,27.2,69.0,1016.5,4.7,270.0,41.0
2023-06-30,0.6,16.2,25.7,72.0,1012.3,5.5,204.0,77.0
2023-07-01,2.9,18.0,24.6,81.0,1008.5,4.4,78.0,86.0
2023-07-02,11.1,18.2,26.8,83.0,1010.0,4.5,320.0,43.0
2023-07-03,28.6,18.7,24.8,86.0,1012.9,6.4,41.0,79.0
2023-07-04,0.5,16.3,27.2,76.0,1014.3,5.4,13.0,69.0
2023-07-05,0.5,17.4,26.8,74.0,1013.9,7.0,279.0,47.0
2023-07-06,17.6,17.1,24.0,80.0,1016.3,6.5,10.0,69.0
2023-07-07,0.0,16.0,27.3,69.0,1020.3,6.5,340.0,9.0
2023-07-08,0.0,17.0,28.6,70.0,1020.8,6.1,250.0,37.0
2023-07-09,0.0,17.5,30.2,72.0,1020.5,4.6,310.0,12.0
2023-07-10,0.0,20.1,31.6,73.0,1019.7,5.4,244.0,39.0
2023-07-11,0.5,21.7,31.2,79.0,1017.4,5.2,79.0,35.0
2023-07-12,2.2,22.1,29.1,78.0,1015.3,5.5,78.0,88.0
2023-07-13,1.9,19.9,26.2,85.0,1014.4,4.9,45.0,68.0
2023-07-14,0.0,17.6,28.8,66.0,1016.9,5.7,34.0,13.0
2023-07-15,0.0,18.1,30.5,69.0,1015.8,6.3,233.0,6.0
2023-07-16,0.0,20.4,30.7,74.0,1015.3,4.8,93.0,3.0
2023-07-17,0.0,21.9,32.7,73.0,1015.9,4.8,117.0,9.0
2023-07-18,3.4,22.3,32.5,71.0,1016.5,6.4,11.0,25.0
2023-07-19,0.0,21.5,31.2,68.0,1011.4,6.0,328.0,64.0
2023-07-20,1.3,20.1,31.2,63.0,1009.4,7.7,30.0,35.0
2023-07-21,3.3,20.9,24.9,76.0,1009.8,6.3,67.0,75.0
2023-07-22,0.5,18.0,27.8,74.0,1013.4,6.3,8.0,38.0
2023-07-23,0.0,19.3,28.6,71.0,1015.3,5.8,73.0,32.0
2023-07-24,8.0,19.6,28.3,75.0,1011.4,6.0,357.0,75.0
2023-07-25,12.6,18.7,26.1,86.0,1003.2,6.5,240.0,85.0
2023-07-26,5.3,15.0,24.2,76.0,1008.3,4.9,241.0,29.0
2023-07-27,0.0,12.9,24.6,67.0,1015.3,6.2,193.0,22.0
2023-07-28,0.0,15.9,26.3,73.0,1013.4,5.6,260.0,40.0
2023-07-29,2.3,17.6,27.9,78.0,1013.2,5.8,168.0,38.0
2023-07-30,12.4,19.8,27.6,79.0,1012.4,4.7,349.0,42.0
2023-07-31,0.0,18.7,27.5,70.0,1012.7,5.4,23.0,57.0
2023-08-01,2.9,19.1,25.8,80.0,1006.1,4.5,47.0,72.0
2023-08-02,1.2,17.4,26.7,75.0,1006.9,5.1,121.0,51.0
2023-08-03,5.2,19.5,28.9,83.0,1006.0,6.7,102.0,68.0
2023-08-04,11.9,19.0,24.7,84.0,1007.9,8.7,50.0,73.0
2023-08-05,30.7,17.2,20.7,93.0,1006.2,4.8,270.0,100.0
2023-08-06,5.0,16.0,22.8,86.0,1006.1,6.5,38.0,40.0
2023-08-07,0.0,12.5,25.4,65.0,1011.9,6.6,336.0,11.0
2023-08-08,0.2,12.7,23.3,67.0,1017.4,5.8,18.0,42.0
2023-08-09,0.0,16.0,24.2,75.0,1016.3,4.8,356.0,92.0
2023-08-10,0.0,16.6,26.0,73.0,1018.8,6.0,21.0,30.0
2023-08-11,0.0,17.2,27.7,73.0,1021.8,4.2,73.0,21.0
2023-08-12,0.0,17.6,28.3,75.0,1020.8,5.2,359.0,10.0
2023-08-13,0.0,19.2,30.7,73.0,1018.4,5.1,289.0,6.0
2023-08-14,0.0,20.0,29.9,71.0,1017.8,5.6,273.0,19.0
2023-08-15,0.0,20.5,30.6,67.0,1017.1,5.3,25.0,19.0
2023-08-16,0.1,20.9,30.8,68.0,1017.0,6.3,336.0,24.0
2023-08-17,6.9,20.0,30.3,76.0,1016.3,5.6,329.0,38.0
2023-08-18,0.6,19.3,28.2,80.0,1016.2,4.9,334.0,69.0
2023-08-19,0.0,20.3,31.8,69.0,1016.6,5.2,319.0,5.0
2023-08-20,0.0,21.1,32.9,64.0,1018.9,5.1,19.0,6.0
2023-08-21,0.0,22.0,34.3,62.0,1019.6,5.9,318.0,3.0
2023-08-22,0.0,21.3,34.2,62.0,1017.7,5.8,316.0,10.0
2023-08-23,0.9,22.4,34.9,63.0,1015.5,5.3,344.0,28.0
2023-08-24,0.0,22.4,34.3,64.0,1015.3,5.6,295.0,25.0
2023-08-25,0.0,23.0,33.3,64.0,1013.0,5.2,55.0,30.0
2023-08-26,0.0,21.8,32.7,65.0,1010.9,5.1,72.0,53.0
2023-08-27,0.0,20.7,29.5,69.0,1008.0,5.2,297.0,86.0
2023-08-28,57.9,17.3,23.9,86.0,1002.0,10.3,38.0,91.0
2023-08-29,18.8,15.8,22.1,86.0,1001.4,7.9,346.0,95.0
2023-08-30,23.1,14.4,19.2,90.0,1006.2,4.6,296.0,80.0
2023-08-31,1.3,13.7,22.5,84.0,1013.4,4.4,41.0,48.0
2023-09-01,0.4,15.4,24.6,81.0,1018.2,4.9,96.0,37.0
2023-09-02,0.0,15.7,27.0,79.0,1020.4,4.9,234.0,35.0
2023-09-03,0.0,17.5,26.5,79.0,1021.6,4.2,358.0,70.0
2023-09-04,0.0,20.1,25.9,74.0,1023.0,5.1,53.0,81.0
2023-09-05,0.0,17.8,25.2,59.0,1022.4,4.2,38.0,50.0
2023-09-06,0.0,14.4,27.1,66.0,1021.2,6.6,0.0,1.0
2023-09-07,0.0,16.1,27.7,64.0,1020.7,8.2,24.0,1.0
2023-09-08,0.0,15.8,28.1,63.0,1019.7,8.0,359.0,2.0
2023-09-09,0.0,16.8,28.1,63.0,1018.5,6.6,347.0,0.0
2023-09-10,0.0,17.3,28.5,64.0,1018.2,6.0,334.0,1.0
2023-09-11,0.0,15.3,29.1,73.0,1015.3,6.2,278.0,0.0
2023-09-12,0.0,15.7,27.5,76.0,1014.7,4.8,236.0,52.0
2023-09-13,1.5,17.5,24.8,81.0,1016.1,3.8,3.0,84.0
2023-09-14,8.9,16.8,24.5,82.0,1017.6,5.0,51.0,54.0
2023-09-15,0.0,16.8,25.3,73.0,1018.5,6.1,42.0,69.0
2023-09-16,0.3,15.3,25.3,76.0,1018.5,5.6,250.0,39.0
2023-09-17,0.1,16.4,25.5,81.0,1018.9,4.3,243.0,65.0
2023-09-18,45.6,17.6,25.1,86.0,1016.0,5.4,297.0,71.0
2023-09-19,1.5,17.1,24.8,86.0,1014.0,6.6,60.0,37.0
2023-09-20,2.9,16.0,24.6,81.0,1015.8,4.8,2.0,56.0
2023-09-21,7.4,16.5,23.9,86.0,1010.6,4.6,94.0,72.0
2023-09-22,29.7,16.5,20.8,92.0,1007.4,4.9,10.0,99.0
2023-09-23,3.3,14.8,23.0,83.0,1011.0,6.4,32.0,85.0
2023-09-24,0.0,11.5,22.0,70.0,1019.5,6.1,312.0,31.0
2023-09-25,0.0,11.9,24.4,67.0,1021.4,5.3,313.0,3.0
2023-09-26,0.0,13.9,25.9,68.0,1021.1,6.3,354.0,0.0
2023-09-27,0.0,14.8,27.1,61.0,1020.2,10.4,13.0,24.0
2023-09-28,0.0,14.3,26.4,62.0,1019.4,7.8,341.0,15.0
2023-09-29,0.0,14.3,25.7,66.0,1021.0,6.9,329.0,9.0
2023-09-30,0.0,14.3,26.0,71.0,1021.7,5.0,309.0,43.0
2023-10-01,0.0,15.6,24.8,70.0,1024.1,5.4,347.0,9.0
2023-10-02,0.0,13.4,24.8,78.0,1025.0,5.1,282.0,8.0
2023-10-03,0.0,13.6,23.9,80.0,1022.1,4.6,346.0,33.0
2023-10-04,4.3,15.8,21.8,81.0,1023.9,6.2,46.0,73.0
2023-10-05,0.0,13.4,22.3,78.0,1024.1,3.4,294.0,62.0
2023-10-06,0.0,13.3,23.6,73.0,1024.7,5.7,14.0,51.0
2023-10-07,0.0,12.1,23.5,74.0,1023.7,4.9,316.0,26.0
2023-10-08,0.0,13.2,22.9,79.0,1022.5,4.6,342.0,60.0
2023-10-09,0.0,14.4,23.1,76.0,1021.3,5.3,23.0,72.0
2023-10-10,0.0,13.9,24.0,80.0,1020.3,4.5,335.0,97.0
2023-10-11,0.0,13.5,24.7,78.0,1021.5,5.3,307.0,8.0
2023-10-12,0.0,13.9,22.7,83.0,1020.8,4.4,306.0,52.0
2023-10-13,0.0,15.7,23.3,81.0,1020.6,4.7,315.0,64.0
2023-10-14,0.0,14.6,21.9,83.0,1014.6,5.0,19.0,34.0
2023-10-15,1.4,9.8,18.2,80.0,1012.6,10.5,73.0,71.0
2023-10-16,0.0,7.6,14.9,61.0,1020.7,6.1,65.0,86.0
2023-10-17,0.0,4.8,15.1,71.0,1019.0,4.5,15.0,70.0
2023-10-18,0.4,5.7,13.9,82.0,1015.8,3.3,312.0,97.0
2023-10-19,15.1,10.1,15.8,94.0,1005.4,2.9,312.0,100.0
2023-10-20,26.2,14.3,19.4,93.0,995.3,6.0,20.0,100.0
2023-10-21,4.3,13.8,20.8,89.0,1001.6,5.2,46.0,77.0
2023-10-22,7.4,11.1,19.2,83.0,1011.1,4.4,304.0,50.0
2023-10-23,0.4,9.2,19.6,79.0,1016.8,5.2,303.0,62.0
2023-10-24,42.0,13.5,16.0,92.0,1009.4,5.3,354.0,100.0
2023-10-25,0.5,12.2,17.1,92.0,1004.1,4.0,237.0,82.0
2023-10-26,1.3,10.7,17.2,88.0,1001.6,3.9,60.0,83.0
2023-10-27,26.2,12.2,20.3,88.0,994.9,5.7,324.0,70.0
2023-10-28,0.0,10.7,18.2,84.0,1006.0,4.2,34.0,64.0
2023-10-29,0.6,9.3,16.3,87.0,1013.2,3.4,331.0,81.0
2023-10-30,43.8,11.3,17.3,94.0,1010.9,8.5,42.0,100.0
2023-10-31,30.3,8.1,16.7,89.0,1004.3,5.0,40.0,63.0
2023-11-01,0.0,7.0,16.0,75.0,1013.4,5.3,314.0,51.0
2023-11-02,42.2,8.3,14.8,87.0,1001.2,7.1,32.0,84.0
2023-11-03,23.7,5.8,13.4,89.0,987.7,6.6,25.0,68.0
2023-11-04,4.6,4.1,13.5,79.0,997.5,7.1,330.0,49.0
2023-11-05,28.9,8.3,13.9,84.0,991.8,8.1,356.0,34.0
2023-11-06,0.7,6.1,15.7,80.0,1009.6,6.1,335.0,26.0
2023-11-07,2.2,6.2,14.5,88.0,1015.9,5.4,327.0,31.0
2023-11-08,0.0,4.6,14.8,82.0,1019.3,5.3,329.0,10.0
2023-11-09,1.0,5.0,12.1,81.0,1017.9,5.1,332.0,82.0
2023-11-10,8.0,7.4,13.0,86.0,1006.6,5.2,285.0,80.0
2023-11-11,1.2,4.2,12.9,84.0,1005.8,5.3,327.0,12.0
2023-11-12,0.0,3.7,12.7,66.0,1010.7,6.1,320.0,67.0
2023-11-13,0.0,3.2,11.1,80.0,1016.1,4.7,339.0,73.0
2023-11-14,0.0,3.4,11.3,88.0,1014.8,3.4,327.0,79.0
2023-11-15,0.0,4.1,17.0,81.0,1013.5,5.6,322.0,25.0
2023-11-16,0.0,5.0,13.8,68.0,1017.0,6.7,321.0,49.0
2023-11-17,0.0,3.1,16.0,69.0,1011.7,6.1,344.0,10.0
2023-11-18,0.0,1.5,13.8,66.0,1022.3,7.7,316.0,46.0
2023-11-19,0.0,1.9,11.5,77.0,1020.3,4.3,327.0,54.0
2023-11-20,0.0,1.7,11.0,82.0,1015.7,4.4,313.0,95.0
2023-11-21,0.1,3.3,13.6,83.0,1009.6,5.3,336.0,94.0
2023-11-22,0.0,3.7,13.6,79.0,1015.3,5.9,331.0,27.0
2023-11-23,0.0,-0.1,10.6,76.0,1021.2,4.0,307.0,33.0
2023-11-24,0.0,1.1,9.3,85.0,1006.2,4.5,350.0,36.0
2023-11-25,0.0,-0.5,9.4,41.0,1003.7,11.9,326.0,8.0
2023-11-26,0.0,-1.6,11.2,62.0,1011.1,6.6,330.0,7.0
2023-11-27,0.0,-1.7,8.3,69.0,1011.4,5.2,318.0,79.0
2023-11-28,0.6,0.8,7.8,84.0,996.3,3.8,333.0,53.0
2023-11-29,0.0,-2.2,8.5,66.0,1007.0,7.1,359.0,29.0
2023-11-30,12.5,1.2,5.6,90.0,1006.1,4.3,314.0,97.0
2023-12-01,19.2,4.3,8.5,95.0,1000.2,2.6,321.0,100.0
2023-12-02,9.7,6.4,11.6,85.0,995.6,6.2,31.0,91.0
2023-12-03,0.0,0.1,6.6,75.0,1019.6,6.6,66.0,17.0
2023-12-04,1.1,-3.2,4.4,84.0,1022.8,2.9,324.0,75.0
2023-12-05,0.2,0.7,7.7,82.0,1013.2,3.3,303.0,97.0
2023-12-06,0.0,0.6,9.1,84.0,1012.6,4.6,316.0,34.0
2023-12-07,0.0,-1.1,9.2,79.0,1019.2,5.6,327.0,20.0
2023-12-08,0.6,-2.1,7.8,81.0,1017.8,4.2,324.0,91.0
2023-12-09,0.0,-0.5,8.8,88.0,1017.1,4.9,301.0,70.0
2023-12-10,0.1,1.0,7.9,89.0,1014.9,3.6,335.0,55.0
2023-12-11,0.0,0.5,8.8,84.0,1014.2,3.8,319.0,95.0
2023-12-12,0.0,0.5,10.8,84.0,1012.6,4.5,307.0,94.0
2023-12-13,10.4,4.9,8.6,92.0,1003.2,4.4,323.0,100.0
2023-12-14,0.5,1.5,12.3,87.0,1010.1,6.8,317.0,28.0
2023-12-15,0.0,1.6,12.2,72.0,1027.1,7.4,326.0,14.0
2023-12-16,0.0,-2.2,8.1,74.0,1038.3,5.0,312.0,10.0
2023-12-17,0.0,-2.4,10.5,80.0,1039.2,5.8,319.0,11.0
2023-12-18,0.0,-0.1,12.4,81.0,1034.1,6.0,318.0,5.0
2023-12-19,0.0,0.4,11.9,81.0,1025.8,5.5,324.0,1.0
2023-12-20,0.0,-0.6,8.7,83.0,1014.9,4.6,338.0,42.0
2023-12-21,0.0,-0.5,9.7,80.0,1009.6,6.2,327.0,56.0
2023-12-22,0.2,-0.2,12.5,85.0,1001.0,6.1,324.0,80.0
2023-12-23,0.0,0.9,11.7,86.0,1005.9,5.5,331.0,79.0
2023-12-24,0.0,1.1,12.3,80.0,1013.2,5.8,339.0,58.0
2023-12-25,0.0,3.3,10.2,88.0,1018.0,3.4,334.0,53.0
2023-12-26,0.0,5.7,10.7,89.0,1020.3,4.0,322.0,81.0
2023-12-27,0.0,2.4,9.7,86.0,1026.0,4.3,317.0,56.0
2023-12-28,0.0,1.9,9.4,88.0,1027.1,3.0,16.0,91.0
2023-12-29,0.0,1.1,8.9,87.0,1023.2,3.8,341.0,78.0
2023-12-30,0.0,1.7,10.2,83.0,1021.3,5.5,322.0,59.0
2023-12-31,7.6,1.9,9.4,81.0,1016.5,4.9,334.0,97.0
2024-01-01,3.0,1.3,10.8,91.0,1012.2,5.5,330.0,72.0
2024-01-02,0.1,1.1,6.3,82.0,1015.0,5.7,322.0,95.0
2024-01-03,0.0,2.3,8.4,89.0,1009.2,3.4,356.0,48.0
2024-01-04,0.0,-0.2,7.1,91.0,1009.0,4.8,349.0,41.0
2024-01-05,4.1,1.3,8.7,80.0,1009.7,6.5,323.0,100.0
2024-01-06,42.2,6.9,8.6,90.0,1000.4,8.5,329.0,100.0
2024-01-07,10.3,6.1,9.1,86.0,1000.5,8.1,330.0,100.0
2024-01-08,0.0,3.9,8.3,78.0,1011.5,3.9,97.0,88.0
2024-01-09,0.0,-0.6,6.3,76.0,1023.5,3.4,132.0,27.0
2024-01-10,0.0,-2.5,5.1,71.0,1028.4,3.2,320.0,77.0
2024-01-11,0.0,-3.7,6.5,78.0,1025.1,3.7,301.0,0.0
2024-01-12,0.0,-3.1,6.3,75.0,1024.4,4.4,340.0,3.0
2024-01-13,0.0,-4.3,4.6,77.0,1023.0,4.3,342.0,0.0
2024-01-14,0.0,-2.9,4.9,79.0,1014.2,3.4,331.0,64.0
2024-01-15,0.0,-3.6,6.6,79.0,1003.1,4.1,330.0,31.0
2024-01-16,0.0,-3.7,7.5,68.0,1009.6,6.9,340.0,30.0
2024-01-17,5.5,-0.6,4.7,82.0,1006.5,4.3,321.0,100.0
2024-01-18,15.4,3.6,7.8,95.0,997.8,3.8,297.0,92.0
2024-01-19,5.4,-2.9,5.6,85.0,1009.2,8.4,68.0,81.0
2024-01-20,0.0,-4.6,6.5,59.0,1028.5,7.5,319.0,2.0
2024-01-21,0.0,-4.5,7.3,59.0,1033.4,6.3,321.0,27.0
2024-01-22,0.4,-4.1,4.7,68.0,1030.9,4.5,344.0,61.0
2024-01-23,0.0,-2.7,8.7,71.0,1028.9,5.4,331.0,20.0
2024-01-24,0.0,-1.1,7.8,81.0,1029.8,4.1,335.0,73.0
2024-01-25,0.0,0.1,12.7,86.0,1025.7,5.4,321.0,68.0
2024-01-26,0.0,0.0,10.9,83.0,1026.4,5.1,312.0,45.0
2024-01-27,0.0,1.1,10.4,84.0,1030.0,4.2,331.0,6.0
2024-01-28,0.0,-0.3,10.0,80.0,1036.9,5.8,320.0,12.0
2024-01-29,0.0,-1.7,9.2,81.0,1036.8,4.8,317.0,7.0
2024-01-30,0.0,-1.9,10.0,82.0,1036.1,4.3,313.0,21.0
2024-01-31,0.0,-1.5,8.9,82.0,1034.0,4.1,310.0,60.0
2024-02-01,0.1,-1.3,7.6,80.0,1028.4,4.1,320.0,56.0
2024-02-02,0.0,-1.0,10.4,78.0,1029.0,5.2,325.0,59.0
2024-02-03,0.0,-0.2,9.9,80.0,1026.9,3.4,335.0,77.0
2024-02-04,0.0,0.8,10.7,80.0,1024.7,3.8,329.0,77.0
2024-02-05,0.0,1.5,10.5,90.0,1024.3,4.2,347.0,93.0
2024-02-06,0.1,2.5,10.1,90.0,1022.6,4.4,288.0,98.0
2024-02-07,0.3,6.9,10.3,88.0,1015.3,3.1,73.0,100.0
2024-02-08,0.3,6.1,9.9,90.0,1010.4,4.0,47.0,93.0
2024-02-09,16.1,7.2,9.6,93.0,1004.4,3.6,26.0,100.0
2024-02-10,14.9,8.2,10.8,92.0,996.8,7.8,38.0,100.0
2024-02-11,7.7,7.4,12.1,88.0,992.5,4.4,339.0,100.0
2024-02-12,5.8,4.5,11.6,84.0,1004.0,5.4,340.0,90.0
2024-02-13,0.0,3.1,14.8,70.0,1016.2,7.7,305.0,39.0
2024-02-14,0.0,2.8,12.4,69.0,1024.5,5.6,342.0,34.0
2024-02-15,0.0,1.8,12.2,80.0,1024.2,4.0,311.0,49.0
2024-02-16,0.0,2.3,11.8,83.0,1022.1,3.4,309.0,22.0
2024-02-17,0.0,2.0,13.8,84.0,1026.7,3.6,301.0,36.0
2024-02-18,0.1,8.1,15.2,79.0,1030.8,4.9,344.0,75.0
2024-02-19,0.3,6.9,14.5,85.0,1024.7,3.7,303.0,63.0
2024-02-20,2.0,3.6,14.6,82.0,1024.9,6.4,312.0,33.0
2024-02-21,0.0,3.8,14.4,67.0,1024.5,7.2,305.0,61.0
2024-02-22,2.4,6.0,9.4,88.0,1013.7,4.5,45.0,100.0
2024-02-23,55.8,6.6,9.5,94.0,1000.2,8.3,36.0,100.0
2024-02-24,1.5,2.3,11.6,86.0,1006.8,4.9,10.0,56.0
2024-02-25,9.9,3.9,10.3,88.0,1010.8,5.8,4.0,52.0
2024-02-26,5.2,1.3,9.8,88.0,1008.1,6.1,353.0,93.0
2024-02-27,31.1,6.7,10.1,88.0,1010.1,9.9,340.0,100.0
2024-02-28,22.0,7.6,14.7,89.0,1016.5,7.6,327.0,100.0
2024-02-29,0.6,7.3,16.8,75.0,1015.0,8.0,348.0,81.0
2024-03-01,9.9,8.1,12.4,90.0,1007.5,6.5,349.0,94.0
2024-03-02,3.5,6.1,10.7,91.0,1009.7,4.9,31.0,83.0
2024-03-03,1.7,6.3,13.4,86.0,1009.4,6.3,49.0,83.0
2024-03-04,12.9,7.3,14.8,81.0,1007.4,7.6,341.0,88.0
2024-03-05,2.1,4.4,16.4,76.0,1010.8,6.6,334.0,76.0
2024-03-06,8.7,8.2,11.8,82.0,1015.1,9.2,71.0,89.0
2024-03-07,8.4,5.7,12.4,86.0,1017.5,5.3,315.0,79.0
2024-03-08,5.2,5.7,7.7,83.0,1017.8,6.9,69.0,100.0
2024-03-09,7.8,6.5,10.9,85.0,1012.3,5.0,38.0,97.0
2024-03-10,25.2,7.4,10.9,92.0,1005.2,8.2,53.0,96.0
2024-03-11,0.0,4.9,14.3,82.0,1004.9,5.2,314.0,99.0
2024-03-12,0.0,4.3,15.9,79.0,1011.5,4.5,326.0,69.0
2024-03-13,0.3,5.6,15.9,66.0,1016.8,6.4,302.0,53.0
2024-03-14,0.0,4.0,16.1,77.0,1018.1,5.9,298.0,58.0
2024-03-15,0.0,5.5,15.2,83.0,1017.5,4.0,60.0,96.0
2024-03-16,0.0,7.6,16.7,82.0,1019.0,3.6,10.0,60.0
2024-03-17,0.2,6.2,17.3,78.0,1021.4,5.9,282.0,84.0
2024-03-18,9.0,8.1,12.3,91.0,1016.1,3.2,15.0,97.0
2024-03-19,0.2,6.8,15.9,85.0,1017.8,5.9,310.0,42.0
2024-03-20,0.0,8.4,15.8,83.0,1022.4,6.0,260.0,90.0
2024-03-21,0.0,5.7,15.8,85.0,1021.7,5.6,17.0,69.0
2024-03-22,0.0,6.1,19.3,71.0,1019.7,8.3,286.0,54.0
2024-03-23,2.4,6.9,16.8,82.0,1010.8,6.4,65.0,59.0
2024-03-24,0.7,4.4,12.6,70.0,1008.4,6.1,55.0,38.0
2024-03-25,0.0,1.1,14.1,63.0,1008.7,8.1,308.0,33.0
2024-03-26,10.1,4.5,12.8,77.0,1004.4,6.8,21.0,96.0
2024-03-27,36.7,7.5,11.1,93.0,995.3,8.6,31.0,88.0
2024-03-28,10.8,4.3,9.9,90.0,1000.7,6.2,331.0,59.0
2024-03-29,0.0,4.6,15.3,85.0,1012.6,4.6,1.0,77.0
2024-03-30,7.1,11.3,17.3,81.0,1010.2,10.4,51.0,95.0
2024-03-31,31.9,10.7,15.9,87.0,1007.9,8.7,41.0,93.0
2024-04-01,25.3,9.6,13.8,90.0,1005.3,7.4,56.0,98.0
2024-04-02,0.6,7.8,16.2,83.0,1012.2,5.6,69.0,57.0
2024-04-03,0.5,6.6,15.1,79.0,1015.8,5.8,259.0,83.0
2024-04-04,0.0,5.3,17.8,77.0,1018.7,6.0,41.0,58.0
2024-04-05,0.0,8.5,18.3,82.0,1022.5,5.4,61.0,85.0
2024-04-06,0.0,10.0,20.1,81.0,1023.1,5.0,94.0,50.0
2024-04-07,0.0,8.9,22.5,82.0,1021.1,5.0,290.0,43.0
2024-04-08,0.0,11.4,21.7,80.0,1017.7,5.3,338.0,89.0
2024-04-09,0.0,12.3,20.9,86.0,1015.6,6.3,78.0,76.0
2024-04-10,17.3,11.2,16.1,83.0,1017.8,10.5,339.0,100.0
2024-04-11,0.0,9.1,22.2,72.0,1027.1,5.2,306.0,45.0
2024-04-12,0.0,9.8,23.4,71.0,1028.6,6.5,308.0,3.0
2024-04-13,0.0,12.2,25.5,69.0,1026.5,7.4,299.0,34.0
2024-04-14,0.0,13.4,25.1,76.0,1022.4,6.5,27.0,50.0
2024-04-15,0.0,13.2,23.4,70.0,1012.3,8.1,168.0,65.0
2024-04-16,16.8,5.8,17.4,80.0,1002.1,11.3,70.0,74.0
2024-04-17,2.5,4.1,13.5,79.0,1005.6,5.7,318.0,73.0
2024-04-18,0.6,5.5,14.2,68.0,1010.2,6.6,1.0,96.0
2024-04-19,0.5,2.6,15.0,63.0,1014.1,8.8,258.0,60.0
2024-04-20,1.9,4.0,15.1,64.0,1010.4,7.9,31.0,42.0
2024-04-21,0.0,2.4,14.0,59.0,1014.6,7.8,326.0,51.0
2024-04-22,14.5,4.9,10.8,69.0,1014.8,12.6,43.0,100.0
2024-04-23,15.7,4.6,12.8,78.0,1009.6,11.3,26.0,89.0
2024-04-24,4.4,5.8,12.5,78.0,1006.9,5.9,41.0,92.0
2024-04-25,1.8,3.3,13.4,71.0,1008.8,4.8,52.0,30.0
2024-04-26,0.0,3.2,14.3,71.0,1012.7,4.7,138.0,54.0
2024-04-27,0.2,6.6,16.1,79.0,1017.1,5.0,73.0,57.0
2024-04-28,0.0,8.8,20.1,75.0,1020.3,4.3,37.0,82.0
2024-04-29,0.0,8.2,24.2,63.0,1020.9,7.2,340.0,16.0
2024-04-30,0.0,10.1,25.5,61.0,1018.1,7.5,37.0,23.0
2024-05-01,6.2,13.9,22.3,70.0,1011.1,8.6,39.0,96.0
2024-05-02,18.2,10.8,16.3,91.0,1007.5,7.3,80.0,95.0
2024-05-03,3.6,7.8,16.3,86.0,1010.9,3.4,6.0,85.0
2024-05-04,0.9,10.5,20.3,75.0,1014.9,4.6,281.0,51.0
2024-05-05,0.4,10.3,21.3,75.0,1014.7,6.4,143.0,60.0
2024-05-06,0.4,12.1,20.5,80.0,1013.4,8.1,182.0,89.0
2024-05-07,6.9,11.0,15.0,89.0,1013.6,4.4,33.0,99.0
2024-05-08,1.2,12.2,20.0,81.0,1016.6,4.9,6.0,68.0
2024-05-09,0.0,13.1,22.0,72.0,1019.3,4.0,63.0,83.0
2024-05-10,0.0,12.3,22.4,67.0,1019.6,5.4,357.0,46.0
2024-05-11,0.0,12.0,24.4,63.0,1018.8,6.2,255.0,30.0
2024-05-12,0.3,13.6,24.2,66.0,1017.5,5.3,277.0,50.0
2024-05-13,2.3,13.8,20.3,77.0,1015.8,7.0,5.0,92.0
2024-05-14,2.3,12.7,20.6,82.0,1012.2,7.0,76.0,43.0
2024-05-15,37.2,13.8,16.7,86.0,1011.5,8.2,31.0,100.0
2024-05-16,112.9,13.6,18.8,84.0,1008.0,9.0,41.0,99.0
2024-05-17,4.1,9.3,20.5,76.0,1009.1,7.2,238.0,50.0
2024-05-18,0.0,10.6,21.9,74.0,1013.5,5.1,80.0,10.0
2024-05-19,0.3,10.9,21.7,77.0,1012.1,4.8,104.0,40.0
2024-05-20,0.6,12.3,22.8,81.0,1011.0,4.4,59.0,63.0
2024-05-21,35.9,14.3,18.2,92.0,1006.7,6.3,67.0,92.0
2024-05-22,5.6,13.3,19.3,87.0,1011.0,4.8,46.0,69.0
2024-05-23,0.2,11.8,21.2,80.0,1015.8,6.2,239.0,34.0
2024-05-24,0.7,10.8,20.5,80.0,1018.2,4.7,100.0,54.0
2024-05-25,2.5,11.8,21.9,77.0,1017.3,5.2,306.0,74.0
2024-05-26,0.0,11.1,24.4,68.0,1017.3,7.4,341.0,24.0
2024-05-27,0.1,13.1,24.3,74.0,1018.1,5.2,309.0,62.0
2024-05-28,7.8,14.2,22.7,81.0,1015.3,6.0,333.0,80.0
2024-05-29,0.0,12.3,24.0,73.0,1014.4,5.6,139.0,44.0
2024-05-30,16.2,14.6,18.6,88.0,1008.1,4.7,48.0,89.0
2024-05-31,22.0,12.4,19.8,88.0,1003.6,8.3,57.0,92.0
2024-06-01,1.9,10.9,22.0,80.0,1011.4,5.5,265.0,86.0
2024-06-02,4.0,12.8,23.0,81.0,1015.2,6.3,52.0,59.0
2024-06-03,3.7,14.9,21.4,79.0,1013.5,5.5,330.0,87.0
2024-06-04,1.5,13.8,21.6,84.0,1014.3,3.8,66.0,94.0
2024-06-05,3.0,14.5,23.9,83.0,1015.3,5.3,161.0,34.0
2024-06-06,1.0,15.5,25.2,81.0,1017.2,5.5,178.0,49.0
2024-06-07,0.3,17.3,26.7,78.0,1016.5,4.6,102.0,60.0
2024-06-08,1.0,18.5,26.4,79.0,1013.7,5.0,311.0,83.0
2024-06-09,8.0,18.6,25.8,85.0,1008.5,6.7,53.0,95.0
2024-06-10,27.4,17.5,26.0,85.0,1004.5,6.4,319.0,84.0
2024-06-11,4.6,16.1,22.0,80.0,1009.4,8.6,84.0,68.0
2024-06-12,1.9,14.8,20.8,74.0,1012.7,9.5,78.0,90.0
2024-06-13,0.5,11.8,20.6,72.0,1015.4,6.3,48.0,52.0
2024-06-14,0.0,11.0,21.8,75.0,1016.7,6.8,241.0,83.0
2024-06-15,0.5,14.8,22.8,75.0,1012.7,4.7,114.0,49.0
2024-06-16,0.4,15.1,24.6,79.0,1011.1,5.8,102.0,57.0
2024-06-17,0.2,15.8,26.3,77.0,1015.6,5.3,212.0,23.0
2024-06-18,0.0,16.1,27.4,73.0,1017.7,5.8,196.0,49.0
2024-06-19,0.0,18.4,28.7,75.0,1016.6,4.8,121.0,38.0
2024-06-20,0.0,20.0,29.0,78.0,1018.4,4.5,64.0,63.0
2024-06-21,21.1,20.8,30.1,79.0,1015.2,6.8,35.0,61.0
2024-06-22,1.3,18.6,28.8,76.0,1010.0,5.8,58.0,32.0
2024-06-23,17.8,18.3,25.2,75.0,1011.3,9.5,349.0,94.0
2024-06-24,13.4,17.8,25.9,76.0,1013.2,7.7,356.0,67.0
2024-06-25,14.8,18.8,25.8,77.0,1013.0,9.0,2.0,70.0
2024-06-26,7.6,16.6,24.8,80.0,1011.8,5.3,6.0,50.0
2024-06-27,0.0,16.3,27.5,76.0,1011.0,5.9,290.0,35.0
2024-06-28,0.0,19.0,29.7,77.0,1015.2,4.1,261.0,36.0
2024-06-29,0.0,20.2,31.1,76.0,1016.5,4.8,170.0,56.0
2024-06-30,2.3,21.6,28.7,74.0,1010.7,7.0,118.0,42.0
2024-07-01,12.1,18.9,26.1,83.0,1010.5,5.8,15.0,70.0
2024-07-02,3.6,15.7,25.6,75.0,1009.3,6.0,304.0,44.0
2024-07-03,28.8,16.2,23.0,73.0,1009.0,5.9,337.0,96.0
2024-07-04,0.5,15.5,24.8,73.0,1010.3,4.5,205.0,26.0
2024-07-05,0.0,16.2,27.1,72.0,1014.6,5.2,218.0,24.0
2024-07-06,0.9,18.4,26.5,75.0,1012.6,4.9,124.0,62.0
2024-07-07,7.8,19.0,26.0,81.0,1012.2,6.4,3.0,72.0
2024-07-08,0.0,18.5,29.1,73.0,1014.6,6.1,279.0,30.0
2024-07-09,0.0,19.0,31.6,70.0,1015.7,6.4,345.0,3.0
2024-07-10,0.2,21.6,32.5,67.0,1014.5,7.2,310.0,33.0
2024-07-11,0.0,21.9,32.4,69.0,1013.7,5.4,348.0,14.0
2024-07-12,7.1,21.7,29.9,78.0,1011.3,5.8,339.0,47.0
2024-07-13,0.8,19.7,29.7,73.0,1009.5,5.8,241.0,31.0
2024-07-14,0.1,21.0,30.3,66.0,1011.2,6.2,242.0,47.0
2024-07-15,0.0,19.2,31.2,65.0,1012.9,5.2,279.0,2.0
2024-07-16,0.0,19.6,31.7,66.0,1011.7,5.7,247.0,17.0
2024-07-17,0.0,21.3,33.1,64.0,1014.1,7.1,28.0,34.0
2024-07-18,0.0,22.5,32.4,60.0,1017.2,6.1,69.0,13.0
2024-07-19,2.4,22.0,33.4,61.0,1015.4,7.3,343.0,32.0
2024-07-20,4.2,21.9,29.9,68.0,1010.5,6.2,312.0,60.0
2024-07-21,1.0,20.5,30.7,74.0,1009.4,5.1,243.0,35.0
2024-07-22,6.9,21.0,30.7,72.0,1011.8,4.9,355.0,56.0
2024-07-23,7.4,20.4,30.2,70.0,1015.1,6.7,322.0,44.0
2024-07-24,0.5,19.6,29.9,69.0,1013.4,5.0,353.0,51.0
2024-07-25,1.2,19.5,29.7,62.0,1012.7,7.6,315.0,54.0
2024-07-26,0.0,19.1,30.0,65.0,1012.8,6.0,214.0,36.0
2024-07-27,0.0,20.2,31.4,69.0,1015.2,6.2,229.0,11.0
2024-07-28,5.2,22.2,32.8,70.0,1017.3,6.3,333.0,35.0
2024-07-29,0.0,21.0,30.8,66.0,1018.7,8.7,65.0,38.0
2024-07-30,0.0,20.9,31.1,61.0,1017.7,5.6,79.0,33.0
2024-07-31,0.0,20.6,32.2,67.0,1014.2,5.8,223.0,16.0
2024-08-01,0.8,22.3,32.7,72.0,1010.9,6.0,120.0,57.0
2024-08-02,1.3,19.4,29.2,78.0,1009.1,4.5,259.0,33.0
2024-08-03,0.1,19.2,30.1,67.0,1008.9,6.8,12.0,14.0
2024-08-04,0.0,19.9,29.6,67.0,1011.4,5.0,321.0,68.0
2024-08-05,0.0,20.4,29.6,69.0,1011.8,5.4,278.0,57.0
2024-08-06,0.0,20.8,29.9,70.0,1011.7,5.1,86.0,35.0
2024-08-07,6.2,21.5,30.3,73.0,1011.8,6.0,294.0,83.0
2024-08-08,0.0,18.6,30.7,68.0,1013.2,4.9,261.0,26.0
2024-08-09,0.0,19.7,31.4,68.0,1015.5,5.2,295.0,34.0
2024-08-10,0.0,21.6,32.9,66.0,1018.4,5.5,38.0,4.0
2024-08-11,0.0,22.2,33.9,63.0,1018.1,5.4,290.0,9.0
2024-08-12,0.0,21.9,34.4,64.0,1013.3,6.1,268.0,40.0
2024-08-13,0.0,22.8,33.3,66.0,1010.6,4.5,324.0,30.0
2024-08-14,1.3,22.1,33.0,60.0,1011.1,5.7,304.0,47.0
2024-08-15,0.0,20.7,33.0,58.0,1014.5,6.9,266.0,68.0
2024-08-16,0.0,21.5,32.9,64.0,1014.9,5.5,250.0,33.0
2024-08-17,2.1,21.4,30.7,69.0,1011.9,5.1,347.0,38.0
2024-08-18,2.5,20.6,27.7,79.0,1007.8,5.5,354.0,71.0
2024-08-19,7.8,20.2,24.3,87.0,1008.7,6.0,330.0,100.0
2024-08-20,7.0,19.4,29.1,83.0,1010.6,6.9,281.0,57.0
2024-08-21,0.0,19.7,30.1,70.0,1011.2,5.4,334.0,24.0
2024-08-22,0.0,20.7,28.4,65.0,1013.9,5.5,43.0,71.0
2024-08-23,0.0,19.6,30.3,73.0,1014.3,6.1,253.0,20.0
2024-08-24,0.0,21.3,31.0,72.0,1016.1,5.7,233.0,5.0
2024-08-25,0.1,21.4,32.0,69.0,1014.2,5.1,307.0,11.0
2024-08-26,9.2,19.9,30.4,65.0,1014.6,10.9,334.0,92.0
2024-08-27,0.0,20.0,31.2,58.0,1016.4,7.6,18.0,57.0
2024-08-28,0.0,19.8,31.8,62.0,1017.3,7.4,353.0,31.0
2024-08-29,0.0,21.0,33.3,59.0,1016.5,6.9,300.0,3.0
2024-08-30,0.3,21.3,33.2,58.0,1016.6,6.0,347.0,25.0
2024-08-31,0.0,21.3,33.6,60.0,1016.9,7.5,331.0,42.0
2024-09-01,0.0,21.6,33.5,54.0,1014.7,6.6,341.0,78.0
2024-09-02,0.0,19.5,31.8,57.0,1012.7,6.9,281.0,16.0
2024-09-03,0.8,18.4,30.7,64.0,1015.2,5.8,331.0,8.0
2024-09-04,0.0,19.5,31.3,59.0,1014.0,5.8,341.0,35.0
2024-09-05,13.2,18.9,26.6,78.0,1010.6,7.4,336.0,81.0
2024-09-06,1.7,17.6,23.8,83.0,1012.8,4.3,85.0,65.0
2024-09-07,0.0,17.1,26.4,81.0,1016.3,4.9,233.0,9.0
2024-09-08,28.9,18.4,25.2,89.0,1012.9,4.0,360.0,82.0
2024-09-09,30.7,18.1,26.6,80.0,1003.5,8.4,70.0,63.0
2024-09-10,0.5,14.4,25.3,75.0,1008.8,5.2,309.0,18.0
2024-09-11,8.7,15.7,22.3,80.0,1009.3,6.9,331.0,67.0
2024-09-12,29.7,11.4,18.4,85.0,1004.3,8.7,13.0,97.0
2024-09-13,3.0,11.2,17.2,69.0,1007.4,7.3,290.0,100.0
2024-09-14,0.0,11.5,18.4,51.0,1012.3,7.4,308.0,100.0
2024-09-15,0.0,11.8,21.0,58.0,1013.0,6.2,349.0,99.0
2024-09-16,3.8,10.0,20.5,75.0,1012.6,6.4,335.0,78.0
2024-09-17,5.2,11.7,20.0,72.0,1016.6,9.4,46.0,52.0
2024-09-18,0.0,9.3,22.2,70.0,1018.9,8.2,22.0,42.0
2024-09-19,0.1,11.9,22.6,64.0,1017.1,9.3,357.0,80.0
2024-09-20,0.0,14.6,23.5,61.0,1019.8,7.2,358.0,53.0
2024-09-21,0.0,14.2,23.4,69.0,1021.7,6.6,14.0,22.0
2024-09-22,0.0,12.5,22.4,72.0,1018.5,5.8,308.0,64.0
2024-09-23,8.1,11.7,21.8,81.0,1013.9,5.6,59.0,48.0
2024-09-24,13.7,15.0,21.3,86.0,1010.0,5.4,46.0,77.0
2024-09-25,0.3,12.7,21.3,83.0,1013.9,5.5,89.0,55.0
2024-09-26,0.2,14.6,20.0,85.0,1010.8,4.8,20.0,97.0
2024-09-27,18.6,16.7,23.7,87.0,1006.6,7.0,56.0,80.0
2024-09-28,6.4,12.2,18.2,82.0,1011.2,6.9,36.0,53.0
2024-09-29,0.0,9.6,18.5,75.0,1023.2,5.3,303.0,29.0
2024-09-30,0.1,12.2,17.9,67.0,1022.0,5.2,91.0,78.0
2024-10-01,1.9,11.0,16.2,87.0,1016.6,3.1,49.0,99.0
2024-10-02,11.7,13.8,17.0,95.0,1007.3,3.7,36.0,90.0
2024-10-03,35.8,11.5,15.0,88.0,1005.7,7.4,353.0,99.0
2024-10-04,18.0,10.7,13.2,87.0,1007.6,6.8,327.0,100.0
2024-10-05,0.5,10.0,16.0,80.0,1013.1,5.3,336.0,80.0
2024-10-06,0.0,8.0,17.4,79.0,1013.1,6.9,286.0,37.0
2024-10-07,0.0,9.3,17.0,84.0,1015.7,3.6,41.0,62.0
2024-10-08,56.6,14.1,17.6,94.0,1010.8,7.8,90.0,100.0
2024-10-09,1.8,14.9,19.3,92.0,1005.4,4.9,211.0,92.0
2024-10-10,24.3,14.1,20.8,91.0,1001.2,7.4,48.0,79.0
2024-10-11,0.0,9.0,20.6,75.0,1010.8,4.8,326.0,11.0
2024-10-12,0.0,9.4,18.0,75.0,1018.6,4.9,318.0,58.0
2024-10-13,0.1,11.0,17.7,84.0,1017.5,4.6,36.0,94.0
2024-10-14,0.0,9.8,18.6,84.0,1020.0,5.6,309.0,52.0
2024-10-15,0.0,10.0,18.7,85.0,1020.7,4.5,329.0,54.0
2024-10-16,3.6,11.9,18.7,86.0,1022.5,4.6,56.0,89.0
2024-10-17,5.2,14.0,17.9,89.0,1021.8,4.3,79.0,96.0
2024-10-18,36.2,15.7,17.1,89.0,1017.6,9.1,57.0,93.0
2024-10-19,19.3,13.2,21.1,87.0,1018.3,6.0,41.0,96.0
2024-10-20,5.5,14.0,20.7,84.0,1024.5,3.4,22.0,79.0
2024-10-21,0.0,11.3,20.5,85.0,1029.2,4.0,273.0,32.0
2024-10-22,0.0,12.3,20.6,88.0,1028.7,3.6,297.0,32.0
2024-10-23,46.7,13.7,18.0,93.0,1029.1,4.8,348.0,100.0
2024-10-24,2.9,13.7,16.8,88.0,1028.7,5.7,73.0,88.0
2024-10-25,0.1,11.5,18.8,86.0,1025.3,3.8,2.0,81.0
2024-10-26,11.0,14.2,18.8,92.0,1022.9,4.0,62.0,78.0
2024-10-27,0.0,13.0,19.6,89.0,1023.7,3.3,332.0,50.0
2024-10-28,0.0,12.8,19.6,87.0,1026.2,3.0,311.0,79.0
2024-10-29,0.0,10.5,21.0,85.0,1025.4,4.8,309.0,5.0
2024-10-30,0.0,11.4,22.2,77.0,1024.4,6.1,322.0,1.0
2024-10-31,0.0,10.4,20.7,78.0,1025.5,6.3,317.0,8.0
2024-11-01,0.0,8.0,18.2,84.0,1024.4,4.7,324.0,26.0
2024-11-02,0.0,7.2,18.8,83.0,1023.2,4.8,17.0,5.0
2024-11-03,0.0,8.2,15.8,77.0,1028.0,4.7,23.0,37.0
2024-11-04,0.0,4.9,17.2,83.0,1026.7,3.6,316.0,9.0
2024-11-05,0.0,4.1,16.2,78.0,1026.5,4.7,345.0,67.0
2024-11-06,0.0,4.3,15.9,81.0,1028.5,4.2,331.0,93.0
2024-11-07,0.0,4.8,15.2,80.0,1030.4,4.0,325.0,36.0
2024-11-08,0.0,3.6,14.4,85.0,1028.9,3.9,316.0,47.0
2024-11-09,0.0,5.1,14.7,84.0,1026.8,4.1,305.0,85.0
2024-11-10,0.0,3.7,16.2,71.0,1023.2,5.5,340.0,6.0
2024-11-11,0.0,1.7,11.9,75.0,1025.1,3.7,4.0,5.0
2024-11-12,0.0,1.0,11.0,76.0,1024.7,2.7,6.0,19.0
2024-11-13,0.0,-0.1,9.8,77.0,1025.1,3.3,6.0,31.0
2024-11-14,1.0,1.5,8.4,82.0,1024.2,2.7,269.0,38.0
2024-11-15,0.0,-1.4,10.5,79.0,1024.6,3.7,326.0,1.0
2024-11-16,0.0,-1.7,12.1,79.0,1022.9,5.0,302.0,1.0
2024-11-17,0.0,-0.3,8.7,82.0,1015.9,3.6,329.0,11.0
2024-11-18,0.0,-0.3,12.2,80.0,1013.2,4.9,313.0,86.0
2024-11-19,0.0,0.7,11.3,83.0,1010.4,3.7,313.0,89.0
2024-11-20,0.2,1.9,12.7,69.0,998.2,4.4,333.0,70.0
2024-11-21,5.1,-2.0,7.5,63.0,1004.1,6.1,355.0,61.0
2024-11-22,5.5,-1.7,8.9,77.0,1000.3,5.8,313.0,57.0
2024-11-23,0.0,-3.0,9.3,64.0,1025.0,8.4,329.0,33.0
2024-11-24,0.0,-1.8,8.5,70.0,1032.9,3.5,339.0,80.0
2024-11-25,0.0,-1.0,7.9,78.0,1028.6,3.0,342.0,41.0
2024-11-26,0.0,0.8,8.9,83.0,1023.4,4.1,326.0,78.0
2024-11-27,0.4,3.2,11.6,90.0,1023.7,4.7,326.0,66.0
2024-11-28,0.2,2.1,9.1,93.0,1022.9,5.7,342.0,85.0
2024-11-29,0.0,1.2,12.2,82.0,1026.1,7.3,310.0,23.0
2024-11-30,0.0,-1.4,10.0,76.0,1030.0,5.5,313.0,0.0
2024-12-01,0.0,-2.2,12.8,74.0,1026.0,6.3,314.0,0.0
2024-12-02,0.0,-0.7,11.4,77.0,1021.5,4.0,315.0,17.0
2024-12-03,0.0,0.1,8.2,81.0,1017.6,2.6,345.0,67.0
2024-12-04,0.0,3.0,10.2,80.0,1020.6,3.0,14.0,74.0
2024-12-05,0.0,-1.5,8.6,77.0,1025.0,4.4,306.0,12.0
2024-12-06,0.5,-1.8,5.9,83.0,1017.9,5.5,347.0,50.0
2024-12-07,0.0,-2.2,7.5,80.0,1013.6,4.8,324.0,77.0
2024-12-08,17.0,3.4,7.8,87.0,1001.5,10.8,339.0,100.0
2024-12-09,0.9,1.1,8.9,84.0,1009.5,4.0,324.0,83.0
2024-12-10,0.0,2.0,9.7,81.0,1018.5,2.2,356.0,87.0
2024-12-11,0.0,-0.1,9.3,81.0,1023.8,3.9,314.0,51.0
2024-12-12,0.0,-2.3,7.5,80.0,1028.9,3.7,315.0,0.0
2024-12-13,0.0,-2.7,6.9,82.0,1030.1,3.7,324.0,21.0
2024-12-14,0.8,1.3,7.5,89.0,1022.8,4.6,298.0,82.0
2024-12-15,0.0,-1.0,8.7,84.0,1025.1,5.7,311.0,25.0
2024-12-16,0.0,1.3,6.7,78.0,1034.3,3.2,327.0,59.0
2024-12-17,0.0,-0.6,6.8,87.0,1031.8,2.4,312.0,34.0
2024-12-18,0.0,1.0,7.5,89.0,1028.1,2.9,326.0,92.0
2024-12-19,8.2,3.2,6.4,90.0,1016.5,2.2,322.0,94.0
2024-12-20,21.1,1.1,10.2,70.0,1008.9,8.4,338.0,86.0
2024-12-21,0.0,-3.1,7.7,66.0,1022.7,7.6,318.0,10.0
2024-12-22,3.8,-2.9,5.3,80.0,1012.3,5.2,356.0,82.0
2024-12-23,0.0,-1.0,10.1,68.0,1003.8,7.7,308.0,80.0
2024-12-24,0.0,-3.3,11.1,54.0,1016.0,8.8,320.0,3.0
2024-12-25,0.0,-2.2,8.6,64.0,1028.9,8.0,315.0,0.0
2024-12-26,0.0,-2.0,9.2,61.0,1032.8,5.7,322.0,1.0
2024-12-27,0.0,-2.6,10.5,69.0,1032.5,6.7,316.0,4.0
2024-12-28,0.0,-0.3,12.5,75.0,1027.8,6.2,322.0,59.0
2024-12-29,0.0,0.8,13.3,75.0,1027.1,6.4,321.0,0.0
2024-12-30,0.0,-0.8,10.6,79.0,1029.4,4.9,322.0,0.0
2024-12-31,0.0,-1.0,9.0,78.0,1031.6,3.7,327.0,1.0
