date,rainfall_mm,temp_min,temp_max,humidity_pct,pressure_hpa,wind_speed_kmh,wind_dir_deg,cloud_pct,leaf_wetness_h,d_pressure_intraday,pressure_drop_today,cloud_evening,cloud_trend,dewpoint_depression_pm,wind_veer,precip_hours_today,rh_evening_excess
2016-01-01,0.0,0.8,5.8,71.0,1026.2,2.4,69.0,43.0,0.0,-1.0,1.1416666666671063,8.0,-43.714285714285715,5.8999999999999995,68.32514610673783,0.0,4.125
2016-01-02,2.8,-0.5,3.6,84.0,1020.0,3.6,34.0,93.0,4.0,-5.800000000000068,6.0833333333332575,98.14285714285714,4.571428571428569,3.3000000000000003,29.747292122508668,7.0,4.833333333333329
2016-01-03,5.8,0.5,4.5,86.0,1009.8,4.5,176.0,86.0,11.0,0.5,1.404166666666697,75.57142857142857,-14.142857142857139,2.9,7.407158910745153,8.0,3.4166666666666714
2016-01-04,2.9,-1.2,3.3,84.0,1000.9,2.9,113.0,69.0,8.0,-5.100000000000023,3.5875000000002046,29.142857142857142,-67.71428571428572,3.1571428571428575,140.5214411233269,8.0,2.458333333333343
2016-01-05,0.8,-0.5,5.3,84.0,1000.8,2.9,360.0,45.0,2.0,1.6000000000000227,1.5041666666668334,46.42857142857143,-16.857142857142854,2.8285714285714283,62.29395063428717,2.0,4.666666666666657
2016-01-06,0.0,0.3,7.4,81.0,1000.6,3.3,332.0,68.0,0.0,-2.099999999999909,1.979166666666515,41.857142857142854,-55.857142857142854,4.471428571428572,-87.54929679536772,0.0,1.75
2016-01-07,0.2,-1.4,6.8,80.0,1003.1,3.2,6.0,47.0,5.0,1.2000000000000455,2.425000000000068,77.42857142857143,30.571428571428577,3.3000000000000007,138.95079296723526,0.0,10.375
2016-01-08,0.0,1.1,8.7,80.0,1008.3,3.6,21.0,70.0,0.0,3.6000000000000227,3.9208333333333485,96.57142857142857,30.285714285714278,4.614285714285714,41.48917460840522,0.0,-1.2083333333333286
2016-01-09,7.0,5.6,7.0,81.0,1007.8,2.5,4.0,96.0,10.0,-2.7000000000000455,2.6833333333332803,100.0,3.0,2.4857142857142853,68.22958850550714,10.0,7.791666666666671
2016-01-10,2.6,2.2,8.4,89.0,1004.0,3.6,16.0,76.0,13.0,2.300000000000068,1.645833333333485,95.57142857142857,55.857142857142854,1.8285714285714287,112.30118890763049,3.0,5.166666666666657
2016-01-11,16.0,6.0,9.6,93.0,997.7,3.8,310.0,93.0,24.0,-9.5,5.779166666666924,89.85714285714286,-10.0,0.9142857142857143,-153.3549432111763,17.0,-0.5833333333333428
2016-01-12,0.1,0.8,9.4,87.0,1000.0,3.9,351.0,70.0,8.0,5.900000000000091,5.575000000000273,64.28571428571429,-17.857142857142847,3.4428571428571426,124.76718969325157,0.0,1.9166666666666714
2016-01-13,0.3,-1.7,10.4,82.0,1011.0,3.9,336.0,44.0,8.0,6.899999999999977,4.5625,32.57142857142857,25.285714285714285,5.642857142857143,138.25620022553278,1.0,-4.041666666666657
2016-01-14,0.4,-2.2,7.0,78.0,1015.4,4.1,12.0,73.0,2.0,-4.0,4.654166666666811,90.42857142857143,19.714285714285722,4.971428571428572,61.7102234124668,2.0,7.416666666666657
2016-01-15,0.0,-1.8,7.3,81.0,1008.9,4.2,336.0,47.0,2.0,2.5,1.962500000000091,45.142857142857146,1.2857142857142918,5.6571428571428575,-54.0029486639271,0.0,-0.3333333333333428
2016-01-16,0.0,-4.1,7.7,65.0,1013.5,4.3,351.0,15.0,0.0,2.2000000000000455,2.4458333333330984,1.8571428571428572,-6.571428571428571,10.728571428571428,39.285882084748835,0.0,-21.499999999999993
2016-01-17,0.0,-1.7,6.2,43.0,1015.9,4.8,330.0,21.0,0.0,-0.3000000000000682,1.7125000000002046,20.571428571428573,7.000000000000002,14.014285714285716,-0.26729506136132386,0.0,-12.666666666666664
2016-01-18,0.0,-2.9,4.3,44.0,1020.0,4.9,335.0,6.0,0.0,-1.0,1.3333333333332575,12.571428571428571,12.571428571428571,12.700000000000001,149.9120862922577,0.0,18.458333333333336
2016-01-19,0.0,-1.7,3.0,69.0,1017.9,3.0,85.0,31.0,0.0,-0.10000000000002274,1.4708333333334167,22.0,-19.285714285714285,7.071428571428571,68.44921739089148,0.0,8.0
2016-01-20,0.0,-1.8,3.5,75.0,1018.2,2.9,101.0,9.0,0.0,-0.1999999999999318,1.1749999999997272,2.4285714285714284,-1.0,5.457142857142856,76.47060593969076,0.0,3.0
2016-01-21,0.0,-2.5,6.3,69.0,1022.6,3.0,18.0,4.0,0.0,5.5,3.708333333333485,10.285714285714286,9.428571428571429,8.257142857142858,60.473146832396594,0.0,2.8333333333333286
2016-01-22,0.0,-1.0,5.0,69.0,1031.7,3.2,34.0,30.0,0.0,1.3999999999998636,2.1208333333336213,23.571428571428573,-23.571428571428573,7.171428571428572,88.98881876626365,0.0,4.875
2016-01-23,0.1,1.3,5.9,78.0,1032.5,3.0,333.0,52.0,0.0,-0.2999999999999545,1.345833333333303,6.285714285714286,-81.0,3.8142857142857145,141.90033360554906,0.0,7.958333333333343
2016-01-24,0.0,-1.3,6.5,81.0,1034.2,2.9,329.0,44.0,2.0,-1.7999999999999545,1.2208333333335304,49.57142857142857,4.0,3.314285714285714,-176.5725285418565,0.0,6.875
2016-01-25,0.0,0.6,6.8,81.0,1031.1,2.2,320.0,23.0,0.0,-1.7999999999999545,1.7000000000000455,9.714285714285714,-20.142857142857146,4.042857142857143,176.05593609955588,0.0,4.916666666666671
2016-01-26,0.0,0.8,8.8,84.0,1029.1,2.1,348.0,44.0,1.0,-0.599999999999909,0.9583333333337123,57.285714285714285,-8.714285714285715,3.742857142857143,107.54640287498711,0.0,2.9583333333333286
2016-01-27,0.0,-0.4,9.4,84.0,1028.6,2.8,14.0,35.0,5.0,-0.8000000000001819,1.383333333333212,81.85714285714286,72.0,3.642857142857143,137.24915030774434,0.0,9.208333333333329
2016-01-28,0.0,1.9,8.3,94.0,1028.1,2.6,17.0,68.0,22.0,-0.09999999999990905,1.020833333333485,59.42857142857143,-3.7142857142857153,1.171428571428572,111.46520271386004,0.0,4.166666666666657
2016-01-29,0.0,1.0,9.5,93.0,1029.9,2.5,51.0,54.0,20.0,1.8999999999998636,1.7083333333332575,37.42857142857143,-30.42857142857143,1.9000000000000001,142.84188655750665,0.0,1.9583333333333286
2016-01-30,3.0,5.6,7.9,95.0,1027.2,2.4,216.0,78.0,24.0,-6.7000000000000455,7.78750000000025,92.57142857142857,20.714285714285708,0.8000000000000002,-145.66177406780153,11.0,3.9583333333333286
2016-01-31,0.4,5.5,10.3,92.0,1015.7,3.7,146.0,84.0,17.0,-0.6000000000000227,1.6708333333334622,61.42857142857143,-30.57142857142857,2.4142857142857146,95.49157629290039,1.0,0.2916666666666572
2016-02-01,0.0,6.3,10.4,94.0,1021.0,2.5,142.0,90.0,21.0,7.099999999999909,4.341666666666583,98.57142857142857,2.2857142857142776,1.4857142857142858,58.71895089326165,0.0,2.5
2016-02-02,1.0,6.4,9.2,96.0,1025.0,2.6,155.0,98.0,24.0,-2.3999999999998636,2.549999999999841,99.28571428571429,-0.5714285714285694,1.2857142857142858,43.86734772417651,4.0,2.125
2016-02-03,8.8,5.9,7.5,97.0,1016.6,3.0,54.0,98.0,22.0,-6.900000000000091,4.820833333333326,98.14285714285714,0.857142857142847,0.3714285714285716,-46.794268284475606,21.0,-4.25
2016-02-04,0.1,0.2,11.0,66.0,1021.6,5.0,348.0,47.0,0.0,0.09999999999990905,6.179166666666561,51.285714285714285,46.57142857142857,11.357142857142856,160.0740527347541,0.0,-3.0
2016-02-05,0.0,1.4,9.8,74.0,1025.5,4.3,17.0,13.0,0.0,5.5,3.6749999999999545,3.142857142857143,-10.571428571428571,5.728571428571429,153.68974306921484,0.0,3.2083333333333286
2016-02-06,0.0,0.4,9.4,80.0,1028.6,4.3,3.0,47.0,0.0,-3.900000000000091,3.0541666666665606,96.42857142857143,81.71428571428572,5.385714285714286,159.54105409443486,0.0,1.7916666666666714
2016-02-07,22.3,3.4,7.3,95.0,1019.0,3.3,39.0,100.0,24.0,-6.100000000000023,3.804166666666447,100.0,0.1428571428571388,0.9285714285714287,8.037121797027908,18.0,-0.7916666666666714
2016-02-08,21.3,6.6,9.0,95.0,1014.7,4.2,204.0,99.0,24.0,0.10000000000002274,0.6874999999998863,98.57142857142857,-0.4285714285714306,0.8714285714285717,174.87637315060283,14.0,3.7916666666666714
2016-02-09,12.4,5.0,8.0,96.0,1011.1,2.9,109.0,93.0,22.0,-7.899999999999977,11.895833333333258,100.0,7.142857142857139,1.4285714285714286,49.31940460823998,16.0,1.0
2016-02-10,13.6,1.1,10.8,78.0,994.9,4.9,303.0,84.0,10.0,8.899999999999977,6.0416666666667425,65.57142857142857,-34.28571428571429,8.814285714285715,-3.099501656825737,11.0,-7.458333333333329
2016-02-11,0.0,-1.8,9.8,67.0,1007.0,4.9,344.0,15.0,0.0,2.0,3.9374999999998863,29.714285714285715,28.0,8.742857142857144,-158.29833052452108,0.0,1.7916666666666714
2016-02-12,3.0,0.5,8.2,81.0,1005.7,5.0,48.0,93.0,4.0,-5.399999999999977,6.016666666666538,100.0,10.285714285714292,5.8428571428571425,100.75689465997249,4.0,6.791666666666671
2016-02-13,1.4,0.6,8.4,82.0,996.5,4.7,63.0,72.0,9.0,2.599999999999909,2.4291666666665606,94.28571428571429,71.71428571428572,4.92857142857143,134.0684328427148,5.0,4.833333333333343
2016-02-14,9.0,2.0,7.1,87.0,995.1,4.6,6.0,89.0,13.0,-3.2000000000000455,3.1875000000001137,97.57142857142857,-0.7142857142857224,2.085714285714286,-17.949373186705884,8.0,-3.1666666666666714
2016-02-15,3.5,3.1,12.3,81.0,1003.8,4.9,34.0,96.0,6.0,9.099999999999909,6.333333333333371,99.57142857142857,9.714285714285708,6.485714285714286,106.32013228797723,4.0,4.25
2016-02-16,5.7,6.0,12.1,72.0,1021.8,7.6,31.0,97.0,7.0,3.8999999999999773,5.712500000000318,99.85714285714286,7.0,9.1,32.79620803147628,10.0,-5.875
2016-02-17,25.8,5.4,7.6,86.0,1019.9,5.8,41.0,100.0,22.0,0.10000000000002274,1.0583333333335077,100.0,0.1428571428571388,2.3000000000000003,23.602825734110013,18.0,5.916666666666657
2016-02-18,0.0,0.8,13.5,77.0,1014.4,4.2,342.0,33.0,7.0,-5.300000000000068,3.6291666666668334,8.0,-3.428571428571429,8.328571428571427,-138.58714005840795,0.0,-2.625
2016-02-19,3.9,2.4,8.4,85.0,1015.3,4.2,22.0,89.0,9.0,5.399999999999977,3.5958333333331893,83.14285714285714,-12.285714285714292,2.885714285714286,43.968690205236584,9.0,4.083333333333343
2016-02-20,1.0,-0.9,10.8,71.0,1023.1,5.8,304.0,53.0,4.0,1.3000000000000682,2.683333333333394,64.0,60.42857142857143,9.771428571428572,-141.67461178508825,3.0,-3.7916666666666714
2016-02-21,0.0,1.7,9.3,80.0,1021.1,4.1,57.0,44.0,0.0,-0.10000000000002274,0.8791666666663787,26.714285714285715,-24.857142857142854,4.414285714285714,114.8415697901271,0.0,3.708333333333343
2016-02-22,1.6,3.6,9.1,89.0,1018.8,3.2,102.0,84.0,6.0,-2.5,2.224999999999909,96.85714285714286,-0.2857142857142776,1.9571428571428566,81.55652031577154,5.0,7.0
2016-02-23,2.4,6.8,11.1,91.0,1011.5,3.0,239.0,97.0,16.0,-4.0,2.9624999999999773,97.57142857142857,5.0,2.585714285714285,132.02632536596826,10.0,2.041666666666657
2016-02-24,2.0,2.7,10.9,72.0,1014.0,5.1,33.0,59.0,7.0,3.8999999999999773,4.9166666666667425,90.85714285714286,78.28571428571429,9.9,159.87079163615886,4.0,-13.041666666666664
2016-02-25,0.0,4.1,7.7,75.0,1011.7,3.2,155.0,96.0,0.0,-4.7999999999999545,3.1166666666665606,97.28571428571429,-2.142857142857139,4.471428571428572,33.56202030449876,0.0,6.041666666666671
2016-02-26,1.4,2.5,8.4,79.0,1011.0,4.0,43.0,83.0,10.0,1.5,2.1791666666665606,91.42857142857143,-2.0,6.6,76.92896063283115,5.0,-2.0416666666666714
2016-02-27,7.5,3.0,7.0,80.0,1010.9,5.4,40.0,100.0,10.0,0.1999999999999318,0.7250000000000227,100.0,0.7142857142857082,3.871428571428571,1.5058995460258302,10.0,6.666666666666671
2016-02-28,39.8,6.3,9.8,88.0,1010.1,8.3,27.0,100.0,24.0,-0.5,2.3416666666668107,100.0,0.0,1.4714285714285715,-0.15121561423612206,24.0,-2.166666666666657
2016-02-29,34.8,5.1,9.8,86.0,1005.9,9.1,30.0,98.0,23.0,5.5,4.729166666666401,98.57142857142857,0.0,2.028571428571428,-8.234663952974472,21.0,5.0
2016-03-01,3.9,3.4,13.0,83.0,1011.1,3.7,303.0,67.0,10.0,3.199999999999932,3.154166666666697,36.142857142857146,-43.42857142857142,4.785714285714286,-94.49488136944541,4.0,-0.625
2016-03-02,2.2,2.6,11.3,85.0,1009.7,4.2,125.0,94.0,11.0,-7.7999999999999545,8.433333333333167,99.57142857142857,15.857142857142861,4.8,169.08865464088615,7.0,3.875
2016-03-03,40.0,3.2,6.0,83.0,997.6,9.2,3.0,100.0,21.0,2.699999999999932,2.4166666666667425,100.0,0.0,3.057142857142857,-78.86844539951556,23.0,0.5
2016-03-04,0.0,-4.9,9.6,72.0,1004.1,5.2,298.0,63.0,1.0,3.2000000000000455,3.5000000000002274,99.14285714285714,94.14285714285714,8.614285714285712,-141.96895231898378,0.0,-0.4583333333333428
2016-03-05,47.2,1.9,7.9,89.0,1002.5,6.2,52.0,100.0,17.0,-6.600000000000023,6.741666666666561,100.0,0.0,1.171428571428572,44.55188829310879,18.0,4.208333333333329
2016-03-06,5.5,4.3,9.6,87.0,1000.2,2.7,101.0,86.0,14.0,1.7999999999999545,3.4749999999997954,66.0,-28.85714285714286,5.028571428571429,40.359705442613915,10.0,-3.916666666666657
2016-03-07,6.1,0.2,7.8,82.0,1002.1,5.0,21.0,70.0,12.0,0.6000000000000227,0.8541666666666288,93.57142857142857,30.57142857142857,5.514285714285715,12.87229495360387,14.0,-0.25
2016-03-08,4.2,0.2,8.7,82.0,1008.8,6.0,33.0,97.0,14.0,5.100000000000023,4.366666666666561,98.28571428571429,0.4285714285714306,4.785714285714286,22.205028107484424,10.0,0.875
2016-03-09,8.9,3.3,9.4,75.0,1011.2,5.8,16.0,81.0,8.0,-5.300000000000068,3.4125000000000227,53.857142857142854,-43.285714285714285,7.371428571428572,33.05489337448196,10.0,-2.0833333333333286
2016-03-10,0.0,-1.1,14.0,69.0,1009.8,4.5,358.0,67.0,0.0,1.7999999999999545,1.6541666666665833,82.14285714285714,30.428571428571423,11.185714285714285,80.06925383031569,0.0,1.5
2016-03-11,0.0,1.7,12.6,71.0,1015.8,3.4,342.0,93.0,0.0,3.0,2.816666666666606,86.42857142857143,-12.42857142857143,9.171428571428573,34.152732002199286,0.0,-4.875
2016-03-12,0.0,3.7,14.6,66.0,1019.1,3.9,44.0,68.0,0.0,-1.2000000000000455,1.5166666666666515,55.0,-16.285714285714292,10.085714285714285,103.90049888010753,0.0,-2.9583333333333357
2016-03-13,0.0,0.7,14.3,62.0,1020.2,7.6,35.0,24.0,0.0,0.20000000000004547,0.9791666666666288,17.0,-7.285714285714285,13.214285714285714,54.45771965391816,0.0,-8.541666666666664
2016-03-14,0.0,0.3,13.5,60.0,1023.0,5.4,45.0,27.0,0.0,-0.900000000000091,1.3916666666664241,19.0,7.571428571428571,13.1,109.56060902521648,0.0,-6.458333333333336
2016-03-15,3.7,2.9,9.4,73.0,1018.7,3.8,30.0,76.0,7.0,-5.5,3.3833333333334394,99.85714285714286,2.285714285714292,5.385714285714285,-179.3072330014186,8.0,17.458333333333343
2016-03-16,1.6,0.9,10.8,65.0,1023.2,7.8,54.0,89.0,4.0,5.7000000000000455,4.454166666666765,89.0,-4.142857142857139,12.27142857142857,29.924494966088616,4.0,-10.625
2016-03-17,0.0,-0.5,13.0,65.0,1025.8,5.0,17.0,17.0,0.0,-4.2999999999999545,3.129166666666606,0.0,-34.714285714285715,10.414285714285713,133.34128554426832,0.0,2.7083333333333286
2016-03-18,0.0,-0.6,14.4,76.0,1017.8,3.5,243.0,0.0,1.0,-5.199999999999932,3.6833333333332803,0.0,0.0,7.728571428571428,-88.62574134191917,0.0,-0.9166666666666572
2016-03-19,0.0,0.5,15.8,77.0,1015.5,3.5,351.0,1.0,8.0,-1.0,1.3625000000000682,2.2857142857142856,-0.1428571428571428,7.671428571428572,171.97421541148094,0.0,1.0
2016-03-20,0.3,2.9,15.2,81.0,1015.8,3.7,151.0,37.0,12.0,-2.5,1.9208333333335759,75.14285714285714,68.28571428571428,6.985714285714286,163.67286729608236,1.0,0.7916666666666714
2016-03-21,5.0,6.9,14.6,86.0,1013.8,3.8,42.0,59.0,16.0,-2.2000000000000455,1.866666666666788,52.0,-2.857142857142854,4.871428571428572,99.7003302028985,8.0,2.7083333333333286
2016-03-22,0.3,6.4,14.5,76.0,1008.0,5.7,73.0,53.0,9.0,-4.900000000000091,3.6708333333333485,43.714285714285715,13.0,8.842857142857143,94.01381247155865,1.0,-10.916666666666657
2016-03-23,0.0,3.1,14.8,57.0,1000.4,8.0,45.0,56.0,0.0,-1.8000000000000682,3.0833333333333712,93.71428571428571,54.857142857142854,15.242857142857144,36.424398542823894,0.0,-3.0833333333333357
2016-03-24,0.8,1.8,13.2,62.0,1007.9,4.2,238.0,19.0,1.0,4.5,4.533333333333303,25.714285714285715,19.285714285714285,9.885714285714286,-105.01825929250023,3.0,3.4166666666666643
2016-03-25,2.5,6.2,12.0,77.0,1016.4,4.2,128.0,96.0,7.0,-1.5,1.3541666666666288,96.57142857142857,-2.7142857142857224,6.628571428571429,98.88447396105778,8.0,-4.666666666666657
2016-03-26,0.0,5.2,13.8,76.0,1017.7,4.0,217.0,59.0,0.0,0.7999999999999545,1.4083333333335304,39.857142857142854,-35.285714285714285,6.328571428571428,-127.93769183627973,0.0,4.0
2016-03-27,1.0,5.5,12.0,85.0,1016.2,3.4,112.0,86.0,8.0,-3.2000000000000455,2.2208333333334167,98.28571428571429,6.857142857142861,4.128571428571429,69.22895045299413,4.0,-2.4166666666666714
2016-03-28,0.7,7.8,12.9,84.0,1013.3,4.8,168.0,93.0,9.0,-3.1000000000000227,2.0041666666664923,82.85714285714286,-16.857142857142847,4.185714285714285,105.91031783278345,2.0,4.041666666666671
2016-03-29,1.9,7.0,15.1,87.0,1013.9,4.0,123.0,82.0,13.0,1.6000000000000227,1.7416666666666742,73.85714285714286,-11.42857142857143,5.357142857142857,59.567619108969154,8.0,-0.4583333333333286
2016-03-30,0.2,7.7,15.6,86.0,1018.0,5.3,135.0,79.0,12.0,-0.2999999999999545,0.8874999999998181,69.42857142857143,-15.857142857142861,5.314285714285715,122.2632916678835,0.0,3.1666666666666714
2016-03-31,0.1,7.9,16.5,87.0,1017.5,4.7,84.0,84.0,13.0,-1.1000000000000227,1.2541666666668334,96.28571428571429,10.285714285714292,5.1571428571428575,87.52684753996675,0.0,0.75
2016-04-01,0.3,7.3,17.3,86.0,1016.0,4.5,73.0,87.0,13.0,1.7999999999999545,1.479166666666515,94.57142857142857,1.8571428571428612,5.242857142857142,79.37196484445508,0.0,-0.2083333333333428
2016-04-02,0.0,8.8,20.0,77.0,1019.7,4.0,27.0,84.0,9.0,-1.3999999999999773,1.1250000000002274,68.57142857142857,-24.714285714285722,8.371428571428572,104.29294999916374,0.0,-6.25
2016-04-03,0.0,5.9,19.4,78.0,1018.1,4.0,104.0,67.0,9.0,-1.7000000000000455,1.6291666666664923,38.714285714285715,-36.285714285714285,8.171428571428569,123.10277489320765,0.0,2.125
2016-04-04,0.0,7.2,17.1,83.0,1015.0,3.4,166.0,67.0,11.0,-3.0,2.3416666666668107,55.142857142857146,-26.285714285714285,6.357142857142859,-33.60340435380448,0.0,-0.5833333333333286
2016-04-05,0.0,6.5,19.5,80.0,1012.1,4.0,104.0,21.0,11.0,-1.7000000000000455,1.7833333333334167,8.142857142857142,-10.857142857142858,7.3999999999999995,113.50366469089226,0.0,1.2083333333333428
2016-04-06,0.2,7.6,19.6,82.0,1011.3,3.8,173.0,65.0,9.0,-1.1000000000000227,1.3083333333332803,68.0,-12.285714285714292,6.771428571428572,135.50091993941243,1.0,-4.208333333333343
2016-04-07,0.1,8.2,19.5,75.0,1008.8,4.6,44.0,45.0,9.0,-3.2000000000000455,2.6666666666667425,25.428571428571427,-19.000000000000004,9.528571428571428,99.2085871397731,0.0,-4.583333333333329
2016-04-08,16.4,8.1,18.1,79.0,1003.1,6.2,15.0,96.0,15.0,-1.3000000000000682,1.7333333333333485,99.57142857142857,7.571428571428569,5.985714285714285,50.57310149947318,13.0,8.833333333333343
2016-04-09,19.0,9.9,13.1,83.0,1002.9,4.7,17.0,100.0,16.0,1.3999999999999773,1.287499999999909,99.14285714285714,-0.8571428571428612,3.3000000000000003,71.45107134349766,17.0,-4.125
2016-04-10,0.3,6.0,17.2,79.0,1007.8,3.4,233.0,63.0,6.0,2.2999999999999545,2.6916666666668334,51.714285714285715,4.857142857142861,6.857142857142857,-137.78893056567264,0.0,-0.5
2016-04-11,0.2,7.1,18.2,83.0,1011.9,4.5,166.0,48.0,11.0,-0.20000000000004547,0.9791666666666288,42.0,-3.2857142857142847,6.214285714285714,12.585104241760035,0.0,-0.5833333333333286
2016-04-12,0.0,7.8,18.6,81.0,1012.8,5.9,151.0,55.0,11.0,-1.8999999999999773,1.4708333333335304,60.857142857142854,19.57142857142857,8.071428571428571,124.06360918705587,0.0,-3.4166666666666714
2016-04-13,3.0,8.9,17.8,81.0,1009.3,5.3,89.0,64.0,15.0,-5.0,3.4708333333334167,51.0,-7.0,6.5,103.18540083080393,10.0,3.75
2016-04-14,10.3,10.0,17.8,82.0,1008.6,4.5,260.0,64.0,13.0,3.8999999999999773,2.9958333333332803,21.571428571428573,-73.85714285714286,6.914285714285714,-117.50810490501291,13.0,-7.166666666666671
2016-04-15,0.3,7.8,17.0,78.0,1013.2,5.6,102.0,65.0,10.0,-2.2000000000000455,1.8750000000001137,75.85714285714286,29.571428571428577,7.871428571428572,119.25730217840794,0.0,0.125
2016-04-16,0.1,8.0,18.5,79.0,1012.5,5.3,157.0,61.0,9.0,0.20000000000004547,0.5124999999999318,70.28571428571429,22.714285714285722,7.857142857142857,93.5395464710358,0.0,-3.7083333333333286
2016-04-17,16.0,9.0,17.9,84.0,1011.8,4.8,150.0,85.0,12.0,0.6000000000000227,0.9625000000002046,81.14285714285714,-18.85714285714286,4.671428571428571,32.58112433210482,15.0,7.0
2016-04-18,14.3,11.0,18.1,88.0,1013.5,5.0,34.0,73.0,23.0,0.2999999999999545,1.3958333333332575,63.714285714285715,-27.714285714285715,4.2,21.110725792737867,15.0,-3.5416666666666714
2016-04-19,1.9,8.7,18.6,72.0,1017.1,5.9,301.0,31.0,2.0,2.8999999999999773,2.579166666666538,20.285714285714285,-22.42857142857143,9.471428571428572,-107.48006107474365,4.0,1.5416666666666572
2016-04-20,4.3,10.8,15.8,78.0,1024.1,4.0,202.0,43.0,8.0,0.6000000000000227,2.47500000000025,21.142857142857142,-56.42857142857143,5.314285714285715,150.103437147622,9.0,-8.0
2016-04-21,0.0,7.4,18.0,73.0,1024.4,5.3,192.0,48.0,5.0,-5.899999999999977,3.4916666666666742,61.285714285714285,23.285714285714285,8.542857142857143,-28.52422962018443,0.0,-4.125
2016-04-22,2.2,7.9,17.7,76.0,1016.2,3.8,151.0,88.0,7.0,-4.300000000000068,3.2500000000001137,80.85714285714286,-11.0,7.8,45.314204841152275,7.0,1.3333333333333286
2016-04-23,8.9,9.9,14.8,88.0,1007.2,3.3,78.0,89.0,17.0,-6.399999999999977,4.591666666666583,99.14285714285714,8.285714285714278,2.857142857142857,79.33251608618724,8.0,-0.0833333333333286
2016-04-24,2.2,7.9,14.0,79.0,1002.8,5.0,53.0,100.0,11.0,3.5,2.337500000000091,98.71428571428571,-0.8571428571428612,5.957142857142856,111.95654678116938,8.0,-4.166666666666671
2016-04-25,4.1,5.3,11.5,74.0,1007.8,4.4,223.0,66.0,7.0,0.8000000000000682,1.0499999999999545,52.857142857142854,-14.000000000000007,6.742857142857143,-91.14014385078858,8.0,1.3333333333333428
2016-04-26,5.4,3.3,13.7,79.0,1008.4,5.3,82.0,58.0,11.0,-3.5,2.637499999999932,75.57142857142857,31.285714285714285,5.671428571428571,120.69309575500722,15.0,0.2916666666666714
2016-04-27,10.3,5.8,13.9,79.0,1006.2,4.6,74.0,75.0,17.0,5.399999999999977,3.3125000000002274,77.28571428571429,-12.57142857142857,5.028571428571429,-84.86900997383471,14.0,-7.541666666666671
2016-04-28,0.3,1.7,11.9,70.0,1014.8,5.7,55.0,82.0,0.0,-0.1999999999999318,1.0833333333335986,71.0,-25.14285714285714,7.771428571428571,79.75082630146534,0.0,-2.5416666666666714
2016-04-29,0.0,3.7,15.8,63.0,1018.4,4.9,50.0,30.0,2.0,0.20000000000004547,1.412499999999909,16.857142857142858,-27.142857142857142,12.014285714285714,107.46813487652656,0.0,-4.291666666666664
2016-04-30,0.0,3.8,17.3,67.0,1017.3,4.6,106.0,45.0,1.0,-4.5,3.045833333333235,80.71428571428571,67.71428571428571,10.371428571428572,88.99496651228355,0.0,-3.4166666666666643
2016-05-01,12.7,9.3,12.6,80.0,1012.9,6.1,20.0,98.0,13.0,0.7000000000000455,0.941666666666606,95.71428571428571,-4.285714285714292,4.2,1.0225634452872612,15.0,-3.6666666666666714
2016-05-02,9.6,8.7,18.0,79.0,1012.7,5.9,351.0,92.0,15.0,-0.10000000000002274,0.6166666666663332,90.85714285714286,-7.571428571428569,5.257142857142857,164.45587138576445,16.0,-5.666666666666657
2016-05-03,0.0,6.3,21.0,68.0,1013.0,5.9,299.0,47.0,0.0,-1.1000000000000227,1.4208333333331211,54.57142857142857,11.714285714285715,11.642857142857142,-69.47916179258706,0.0,0.9583333333333286
2016-05-04,0.7,6.0,19.9,60.0,1016.9,5.5,346.0,49.0,1.0,1.8999999999999773,2.9000000000002046,57.285714285714285,44.714285714285715,15.385714285714284,90.8809129470016,3.0,-3.875
2016-05-05,0.0,5.9,19.5,62.0,1021.4,5.4,18.0,34.0,0.0,-1.5,1.4541666666668789,9.142857142857142,-24.142857142857142,11.742857142857142,20.01792373579829,0.0,-0.4583333333333286
2016-05-06,0.8,8.0,20.5,65.0,1018.7,4.2,8.0,19.0,3.0,-3.6000000000000227,2.6541666666665833,15.571428571428571,1.0,11.528571428571428,-171.75527323701067,3.0,-8.208333333333329
2016-05-07,0.2,7.1,21.0,67.0,1014.4,4.6,169.0,10.0,5.0,-3.6000000000000227,2.537500000000364,18.857142857142858,14.714285714285715,11.7,141.12149964361168,1.0,-5.999999999999993
2016-05-08,0.2,7.3,20.3,70.0,1014.8,4.9,197.0,13.0,3.0,0.0,0.7416666666666742,24.285714285714285,18.142857142857142,10.142857142857142,75.52696762281772,0.0,0.75
2016-05-09,0.7,9.2,18.1,76.0,1018.1,4.4,238.0,75.0,6.0,1.0,0.9249999999999545,78.28571428571429,-15.428571428571416,6.642857142857143,-78.2122841907549,2.0,-6.291666666666657
2016-05-10,1.5,12.3,17.5,81.0,1015.6,3.9,169.0,98.0,4.0,-3.2000000000000455,2.699999999999932,93.57142857142857,-6.428571428571431,4.685714285714285,2.3375374743440887,5.0,2.791666666666657
2016-05-11,17.5,12.6,16.4,89.0,1009.7,4.7,55.0,100.0,23.0,-2.7999999999999545,3.3666666666666742,100.0,0.0,1.8428571428571427,5.579258968465638,15.0,1.0416666666666714
2016-05-12,37.1,13.0,17.4,85.0,1000.1,5.7,356.0,89.0,23.0,-2.7000000000000455,2.179166666666788,79.14285714285714,-20.85714285714286,4.714285714285714,-173.3138947090198,21.0,1.3333333333333286
2016-05-13,7.1,10.8,15.6,88.0,998.1,3.7,196.0,99.0,19.0,0.599999999999909,0.8708333333332803,98.0,-2.0,3.4999999999999996,13.239357086381858,16.0,-1.1666666666666572
2016-05-14,12.5,11.1,18.4,89.0,1003.1,3.2,44.0,93.0,20.0,3.800000000000068,3.049999999999727,99.42857142857143,12.57142857142857,3.3999999999999995,-97.05669205438588,12.0,1.25
2016-05-15,11.8,9.9,16.9,83.0,1011.4,4.2,84.0,70.0,18.0,3.5,2.1833333333332803,87.57142857142857,52.42857142857142,4.771428571428571,-20.498948043008483,14.0,2.1666666666666714
2016-05-16,7.8,8.9,15.1,74.0,1018.1,4.0,237.0,72.0,9.0,-1.7000000000000455,1.6041666666666288,78.85714285714286,16.42857142857143,8.742857142857142,105.93270301062023,15.0,-9.25
2016-05-17,0.9,5.7,17.7,74.0,1017.1,5.0,233.0,32.0,8.0,-2.2999999999999545,1.8666666666666742,20.857142857142858,1.1428571428571423,7.700000000000001,-176.25439319905945,2.0,-5.916666666666671
2016-05-18,0.7,8.1,17.9,74.0,1015.8,4.9,174.0,62.0,4.0,-3.3999999999999773,2.470833333333644,86.28571428571429,40.28571428571429,8.571428571428571,-7.731607246393139,2.0,0.3333333333333286
2016-05-19,8.7,10.0,15.0,86.0,1011.4,5.6,43.0,91.0,14.0,-1.2000000000000455,1.362500000000182,89.71428571428571,-7.857142857142861,2.5285714285714285,2.7256885524907943,13.0,2.875
2016-05-20,0.0,8.4,21.8,69.0,1015.5,5.0,305.0,39.0,5.0,2.0,3.175000000000068,21.142857142857142,7.857142857142856,11.342857142857143,-61.75927194792291,0.0,-5.041666666666671
2016-05-21,0.0,9.2,22.1,71.0,1019.0,4.6,227.0,40.0,5.0,-1.6000000000000227,1.3249999999997044,26.571428571428573,-26.71428571428571,9.371428571428572,158.0749259130066,0.0,-4.375
2016-05-22,0.0,10.8,23.5,74.0,1016.6,5.6,200.0,15.0,5.0,-3.6000000000000227,2.587500000000091,15.714285714285714,10.428571428571427,8.7,-62.770378080733224,0.0,-3.125
2016-05-23,26.8,12.1,19.2,85.0,1010.6,5.1,59.0,69.0,20.0,-3.699999999999932,2.6333333333333258,94.71428571428571,34.57142857142856,3.485714285714286,33.58659589082879,13.0,4.833333333333329
2016-05-24,1.2,10.1,18.3,79.0,1008.3,4.7,234.0,67.0,7.0,0.8999999999999773,1.3500000000000227,43.714285714285715,-40.57142857142858,6.357142857142856,-59.15631179553512,4.0,-3.625
2016-05-25,0.6,9.3,21.9,77.0,1012.3,4.3,228.0,30.0,6.0,0.6000000000000227,0.8541666666666288,52.142857142857146,44.714285714285715,7.285714285714286,-48.76154523788284,1.0,-0.9166666666666572
2016-05-26,1.0,10.9,22.8,78.0,1015.2,3.8,88.0,79.0,9.0,0.39999999999997726,1.0750000000000455,87.71428571428571,-4.285714285714292,7.642857142857143,89.97415465602694,3.0,-4.166666666666671
2016-05-27,0.1,12.5,24.3,77.0,1016.2,4.2,184.0,59.0,7.0,-1.6999999999999318,1.1416666666666515,32.42857142857143,-40.28571428571428,8.085714285714285,-53.44830307219638,0.0,-6.0
2016-05-28,0.0,13.2,24.3,75.0,1014.0,5.3,133.0,48.0,6.0,-3.2999999999999545,2.2666666666666515,60.42857142857143,34.28571428571429,9.057142857142855,71.14396503124834,0.0,1.4583333333333286
2016-05-29,20.8,14.6,21.3,84.0,1009.4,4.4,87.0,83.0,20.0,-1.7999999999999545,1.3875000000001592,97.85714285714286,21.85714285714286,4.428571428571429,64.73161869964781,14.0,9.958333333333343
2016-05-30,10.7,13.9,19.6,90.0,1009.2,3.1,174.0,87.0,23.0,1.5,1.3166666666667197,81.85714285714286,-15.57142857142857,3.642857142857143,70.21929920100379,15.0,-1.0
2016-05-31,11.4,11.9,20.4,86.0,1012.3,4.5,194.0,80.0,17.0,0.6999999999999318,1.3999999999998636,88.42857142857143,23.714285714285722,4.371428571428571,71.88727965397283,13.0,0.0833333333333286
2016-06-01,12.1,12.7,19.5,83.0,1013.4,3.9,86.0,84.0,15.0,-0.39999999999997726,0.933333333333394,68.42857142857143,-15.714285714285708,5.285714285714286,77.95555781220884,19.0,-0.625
2016-06-02,6.6,12.5,20.2,88.0,1011.8,3.5,88.0,90.0,17.0,-0.900000000000091,0.9541666666665378,97.42857142857143,15.285714285714292,3.085714285714286,46.78733247218719,10.0,-0.75
2016-06-03,2.6,10.6,20.9,83.0,1011.0,3.6,205.0,81.0,12.0,-1.2000000000000455,0.9666666666665833,91.57142857142857,25.714285714285708,6.4,42.22619050516377,6.0,-0.9166666666666714
2016-06-04,3.7,13.1,21.4,84.0,1012.2,3.7,240.0,73.0,12.0,0.0,0.8208333333334394,77.14285714285714,9.0,4.5285714285714285,134.67856879844913,5.0,-3.958333333333343
2016-06-05,11.1,12.9,21.7,86.0,1014.4,3.4,0.0,81.0,18.0,0.0,0.9333333333332803,94.71428571428571,37.71428571428571,4.428571428571429,-5.583997813253063,11.0,-0.375
2016-06-06,2.5,12.1,24.0,76.0,1017.7,3.0,1.0,73.0,11.0,1.0,1.4333333333332803,64.57142857142857,-5.857142857142861,7.314285714285715,83.36815466469767,4.0,-14.333333333333329
2016-06-07,3.0,12.7,25.1,73.0,1020.0,3.6,298.0,46.0,9.0,-1.3000000000000682,1.1708333333333485,87.42857142857143,80.71428571428572,8.242857142857144,-133.3311516950003,3.0,-1.7083333333333286
2016-06-08,15.0,13.9,24.3,82.0,1017.6,4.1,359.0,85.0,18.0,-2.800000000000068,2.5583333333335077,99.14285714285714,13.42857142857143,5.757142857142857,-5.002305092871637,12.0,7.916666666666657
2016-06-09,18.7,15.8,20.0,85.0,1012.6,4.4,31.0,100.0,24.0,-1.2999999999999545,1.2041666666666515,99.85714285714286,0.0,4.385714285714285,4.5397584970296805,23.0,-0.8333333333333428
2016-06-10,0.0,13.2,22.6,74.0,1011.8,4.5,128.0,49.0,3.0,-1.3999999999999773,1.1624999999997954,37.142857142857146,13.571428571428573,8.242857142857142,112.11518835546963,0.0,-2.9166666666666714
2016-06-11,14.2,15.1,21.9,87.0,1010.8,3.0,133.0,84.0,19.0,-1.8000000000000682,1.429166666666788,78.57142857142857,-5.428571428571431,3.514285714285714,139.97673227932387,15.0,2.4583333333333286
2016-06-12,3.1,14.7,22.6,81.0,1009.0,3.5,26.0,96.0,13.0,-2.300000000000068,1.7416666666666742,99.0,0.1428571428571388,7.228571428571429,129.97534016363187,6.0,-0.6666666666666572
2016-06-13,5.2,13.2,23.2,79.0,1004.5,3.8,264.0,88.0,15.0,-4.100000000000023,2.424999999999727,85.57142857142857,-2.857142857142861,7.999999999999999,-51.45427451966006,9.0,0.3333333333333286
2016-06-14,19.4,13.7,20.5,87.0,1002.1,3.2,57.0,90.0,23.0,-1.1999999999999318,1.125000000000341,82.85714285714286,-5.857142857142847,3.6857142857142855,34.02353527631669,17.0,-1.25
2016-06-15,13.0,15.2,22.4,80.0,1002.5,5.9,202.0,54.0,13.0,3.5,2.454166666666765,45.857142857142854,15.428571428571427,6.2285714285714295,-50.79330072571403,16.0,0.625
2016-06-16,8.0,15.4,23.8,82.0,1005.8,4.9,62.0,82.0,21.0,-2.2000000000000455,2.8833333333334394,99.28571428571429,18.42857142857143,6.042857142857143,11.092802407167255,16.0,4.125
2016-06-17,11.5,16.8,23.2,73.0,1008.8,7.6,211.0,49.0,9.0,7.699999999999932,6.049999999999841,33.285714285714285,-3.0,9.62857142857143,-6.193651602841726,8.0,-15.458333333333336
2016-06-18,2.0,13.0,23.0,65.0,1017.0,3.9,328.0,37.0,4.0,-0.39999999999997726,1.1750000000002956,61.42857142857143,41.85714285714286,9.114285714285714,-152.80626695994277,4.0,-3.9166666666666643
2016-06-19,3.4,13.4,22.6,74.0,1016.2,5.0,358.0,86.0,6.0,-1.5,1.1333333333334394,92.0,3.5714285714285694,7.957142857142857,-2.745003540274638,4.0,-1.625
2016-06-20,1.7,14.5,23.0,70.0,1017.4,4.1,315.0,71.0,2.0,3.6000000000000227,2.029166666666697,55.285714285714285,-40.857142857142854,9.285714285714286,-145.84966526394265,3.0,-0.2916666666666714
2016-06-21,0.1,14.7,24.5,76.0,1021.8,3.4,205.0,59.0,4.0,-0.3000000000000682,1.154166666666697,47.285714285714285,-7.428571428571431,7.457142857142857,-18.315286146599078,0.0,-2.5416666666666714
2016-06-22,0.0,14.8,28.3,74.0,1022.5,4.0,328.0,17.0,8.0,-1.5,1.3999999999999773,10.142857142857142,-2.8571428571428577,9.728571428571428,118.76267638459439,0.0,-1.8333333333333428
2016-06-23,0.0,17.1,30.1,73.0,1021.3,4.8,47.0,9.0,7.0,-2.3999999999999773,1.7958333333335759,7.0,-0.7142857142857144,10.171428571428569,77.26633260356323,0.0,-2.1666666666666714
2016-06-24,0.1,18.8,31.2,74.0,1017.0,4.2,7.0,15.0,6.0,-4.2999999999999545,3.1458333333332575,15.142857142857142,9.285714285714285,9.671428571428569,88.07783246147972,0.0,-1.4583333333333428
2016-06-25,2.0,20.4,29.9,73.0,1011.8,4.4,39.0,59.0,4.0,-2.400000000000091,2.0708333333334394,44.714285714285715,-17.0,8.742857142857142,142.30799156836235,6.0,0.3333333333333286
2016-06-26,7.7,18.6,27.0,76.0,1012.6,4.9,16.0,48.0,18.0,-0.6999999999999318,1.3500000000001364,41.857142857142854,-16.42857142857143,7.5,78.39775976754754,15.0,-2.2083333333333286
2016-06-27,13.6,17.5,25.6,74.0,1014.0,5.6,22.0,52.0,13.0,1.8999999999999773,1.7541666666663787,18.0,-60.85714285714286,8.500000000000002,110.23106886713231,12.0,-5.625
2016-06-28,0.0,16.4,24.7,69.0,1017.5,4.7,214.0,21.0,0.0,-2.400000000000091,1.6791666666666742,20.142857142857142,-4.0,9.485714285714286,-62.194042267126406,0.0,-1.5416666666666714
2016-06-29,0.0,15.7,26.0,73.0,1016.2,4.4,212.0,35.0,4.0,-2.099999999999909,1.629166666666606,38.0,11.571428571428573,9.014285714285714,-71.7561916047884,0.0,-3.625
2016-06-30,5.3,16.9,27.3,74.0,1015.2,4.2,252.0,64.0,13.0,-0.8000000000000682,0.9041666666664696,61.857142857142854,-4.428571428571438,8.214285714285714,-127.62304528801138,10.0,-3.625
2016-07-01,2.8,17.3,26.9,72.0,1017.1,3.8,292.0,31.0,4.0,-0.5,0.8416666666665833,22.857142857142858,14.857142857142858,8.342857142857143,-150.2812087685635,5.0,-5.5
2016-07-02,1.5,17.4,26.9,77.0,1015.0,4.4,245.0,50.0,8.0,-3.7000000000000455,2.7124999999999773,64.42857142857143,24.571428571428577,7.0,93.3141353060359,4.0,1.2083333333333286
2016-07-03,6.8,17.9,23.1,78.0,1015.6,5.9,49.0,68.0,13.0,3.0,2.4458333333333258,66.71428571428571,-4.857142857142861,6.614285714285714,55.34982296133347,13.0,-7.208333333333329
2016-07-04,0.7,18.3,24.9,68.0,1019.9,3.5,18.0,61.0,0.0,-2.300000000000068,1.7624999999997044,16.571428571428573,-79.0,11.0,119.54968800355704,2.0,-3.5833333333333286
2016-07-05,0.9,14.9,27.2,70.0,1016.1,4.5,234.0,53.0,4.0,-3.7000000000000455,2.6041666666666288,75.0,46.14285714285714,10.657142857142857,130.48714949657528,3.0,2.2083333333333286
2016-07-06,1.1,16.9,27.6,70.0,1014.6,4.8,296.0,23.0,9.0,-0.599999999999909,1.1041666666669698,27.857142857142858,24.571428571428573,10.957142857142857,-103.38313064377331,2.0,-3.625
2016-07-07,0.1,17.9,25.8,73.0,1018.2,4.7,76.0,34.0,4.0,0.10000000000002274,1.558333333333394,23.285714285714285,-24.57142857142857,8.75714285714286,123.79784595859036,0.0,-3.2083333333333286
2016-07-08,2.0,17.9,26.5,73.0,1018.4,4.3,237.0,65.0,5.0,-2.1000000000000227,1.5750000000000455,75.71428571428571,-15.714285714285722,8.4,145.838580574538,6.0,-1.5
2016-07-09,0.3,17.7,28.9,76.0,1017.2,3.4,228.0,23.0,7.0,-1.6000000000000227,1.3000000000002956,32.142857142857146,22.571428571428577,8.299999999999999,-45.13171404113854,1.0,-4.166666666666657
2016-07-10,2.6,19.8,29.9,73.0,1016.6,3.6,324.0,43.0,12.0,-1.7999999999999545,1.3875000000001592,72.71428571428571,50.28571428571428,9.957142857142856,168.7105390191599,5.0,-3.9583333333333286
2016-07-11,2.6,19.3,29.3,79.0,1014.5,4.0,266.0,61.0,10.0,-1.6000000000000227,1.6583333333330756,95.0,60.285714285714285,6.371428571428572,-35.34501687516021,7.0,0.75
2016-07-12,7.7,20.4,28.3,79.0,1011.7,4.2,153.0,39.0,17.0,-2.7000000000000455,2.1291666666664923,39.42857142857143,21.857142857142858,5.714285714285716,94.2119200293779,14.0,-3.541666666666657
2016-07-13,15.4,18.8,27.4,80.0,1008.5,4.9,12.0,46.0,19.0,-3.2000000000000455,2.6166666666669016,60.714285714285715,30.42857142857143,5.942857142857144,74.08502615379103,15.0,0.3333333333333286
2016-07-14,3.7,14.8,23.6,69.0,1009.9,5.0,337.0,42.0,6.0,4.400000000000091,3.8083333333336213,41.142857142857146,-4.571428571428569,9.828571428571427,-96.79854418827728,6.0,-2.5
2016-07-15,0.0,14.3,23.6,57.0,1016.8,4.8,23.0,82.0,0.0,0.5,1.3875000000000455,73.14285714285714,-21.142857142857153,14.22857142857143,103.09372834218294,0.0,-3.25
2016-07-16,0.0,11.6,24.3,62.0,1018.3,4.5,309.0,36.0,0.0,-0.7999999999999545,1.1041666666664014,19.857142857142858,-19.71428571428571,11.957142857142856,-169.76640462944442,0.0,1.0
2016-07-17,0.0,13.1,26.5,63.0,1018.8,4.4,247.0,14.0,0.0,-2.099999999999909,1.5166666666665378,26.285714285714285,18.0,12.585714285714287,-122.13086272158347,0.0,-1.2083333333333357
2016-07-18,2.0,15.3,27.4,70.0,1019.5,3.2,213.0,16.0,5.0,-1.8999999999999773,1.3916666666664241,34.142857142857146,28.142857142857146,9.942857142857141,10.685521676629435,5.0,-3.0833333333333286
2016-07-19,0.4,16.4,28.8,70.0,1019.4,3.6,267.0,18.0,7.0,-0.7999999999999545,1.3083333333331666,20.857142857142858,11.285714285714286,11.685714285714285,-90.81853902692845,1.0,-6.416666666666664
2016-07-20,0.3,18.5,28.5,71.0,1017.6,3.9,193.0,25.0,4.0,-2.6000000000000227,2.0416666666664014,14.0,-7.571428571428573,9.399999999999997,108.85389945150973,1.0,-4.25
2016-07-21,5.0,18.6,29.9,72.0,1015.7,3.7,231.0,51.0,13.0,-1.900000000000091,1.5458333333333485,78.57142857142857,42.14285714285714,9.857142857142856,98.66025239605591,10.0,-4.083333333333329
2016-07-22,5.3,19.1,28.5,75.0,1015.1,4.6,339.0,59.0,14.0,0.2999999999999545,0.8999999999999773,60.0,-8.857142857142861,8.642857142857142,-54.787754038786204,10.0,-1.4583333333333286
2016-07-23,1.7,18.5,28.5,69.0,1016.4,4.7,300.0,61.0,9.0,0.39999999999997726,0.8541666666668561,71.85714285714286,23.85714285714286,11.799999999999999,-115.6056703532337,4.0,-8.083333333333329
2016-07-24,1.9,17.2,28.8,71.0,1016.5,4.5,292.0,87.0,3.0,-1.2999999999999545,1.6041666666666288,97.85714285714286,11.714285714285722,9.457142857142857,-114.29097023925453,2.0,-2.125
2016-07-25,3.0,19.0,30.5,69.0,1015.3,4.1,5.0,76.0,6.0,-0.3000000000000682,0.9666666666665833,81.14285714285714,-9.857142857142861,11.299999999999999,91.36979143324572,4.0,-2.8333333333333286
2016-07-26,3.6,19.5,29.4,66.0,1015.9,4.1,319.0,84.0,4.0,-1.2999999999999545,1.3333333333330302,92.42857142857143,21.42857142857143,11.22857142857143,-99.53796198250171,7.0,-1.9166666666666714
2016-07-27,5.4,18.4,29.3,70.0,1015.5,4.5,352.0,65.0,8.0,-1.8999999999999773,1.5958333333334167,82.57142857142857,33.714285714285715,10.185714285714287,26.4041139280925,8.0,-0.1666666666666714
2016-07-28,5.2,19.0,26.2,75.0,1015.4,3.6,358.0,64.0,5.0,-1.5,1.6708333333334622,45.57142857142857,-20.285714285714292,7.014285714285714,94.87107484419573,9.0,-4.208333333333343
2016-07-29,0.1,17.2,28.5,68.0,1015.2,3.8,294.0,37.0,6.0,-1.5,1.4666666666665833,34.57142857142857,-3.142857142857146,12.428571428571429,-88.28514836932268,0.0,-8.541666666666671
2016-07-30,2.9,18.6,29.2,71.0,1015.0,4.0,272.0,42.0,6.0,-2.2000000000000455,1.6250000000001137,55.0,17.57142857142857,8.785714285714286,-158.98577091579602,6.0,-2.291666666666657
2016-07-31,9.9,19.6,28.4,74.0,1013.6,4.6,309.0,58.0,15.0,-2.699999999999932,2.2749999999998636,44.714285714285715,-28.428571428571423,7.857142857142856,-91.69483681527322,11.0,-2.6666666666666714
2016-08-01,5.2,18.1,24.8,74.0,1014.6,5.9,20.0,69.0,6.0,3.1000000000000227,2.4416666666664923,56.285714285714285,-31.000000000000007,6.785714285714286,35.55558194036021,7.0,-4.791666666666671
2016-08-02,0.0,17.6,26.2,64.0,1017.9,3.8,235.0,76.0,0.0,-2.199999999999932,1.787499999999909,85.14285714285714,-7.428571428571431,11.299999999999999,-86.07298855437952,0.0,-6.625
2016-08-03,0.0,17.0,28.0,68.0,1016.5,4.1,246.0,36.0,0.0,-2.300000000000068,1.9541666666665378,24.0,-26.0,10.585714285714285,146.6440320896367,0.0,-5.916666666666664
2016-08-04,0.1,18.1,29.3,69.0,1014.3,3.7,313.0,31.0,4.0,-2.599999999999909,2.220833333333303,26.571428571428573,-13.428571428571427,11.285714285714286,-137.9506193490364,0.0,-4.125
2016-08-05,25.3,17.9,23.4,78.0,1011.6,5.3,0.0,83.0,15.0,1.8999999999999773,1.724999999999909,81.28571428571429,-6.428571428571416,4.114285714285715,-9.969571350707838,15.0,-4.166666666666657
2016-08-06,0.0,14.5,26.7,62.0,1018.7,5.9,353.0,64.0,0.0,2.2999999999999545,3.6541666666665833,53.285714285714285,-13.857142857142854,12.285714285714286,-168.313490680257,0.0,0.0416666666666643
2016-08-07,0.0,14.8,27.1,63.0,1023.7,5.5,25.0,5.0,0.0,-0.8999999999999773,0.8500000000001364,1.2857142857142858,-1.2857142857142858,13.085714285714285,169.5988648863992,0.0,-2.4166666666666643
2016-08-08,0.0,16.8,27.1,63.0,1021.1,4.3,335.0,12.0,0.0,-4.7000000000000455,3.141666666666424,17.857142857142858,9.714285714285715,11.8,178.4208003519392,0.0,2.2083333333333286
2016-08-09,3.7,16.9,28.7,68.0,1015.5,3.6,336.0,82.0,10.0,-4.100000000000023,2.7875000000000227,73.85714285714286,-10.857142857142847,12.600000000000003,-29.614504489861417,7.0,-5.208333333333329
2016-08-10,25.8,15.8,20.5,77.0,1013.6,6.7,19.0,81.0,15.0,1.0,1.2458333333336213,49.0,-51.0,5.642857142857143,113.6812331794369,16.0,-12.333333333333343
2016-08-11,0.9,14.8,21.3,63.0,1019.7,3.8,25.0,46.0,2.0,1.7999999999999545,3.1416666666666515,29.857142857142858,5.857142857142858,11.242857142857144,129.73555194614778,3.0,-3.9166666666666643
2016-08-12,0.0,13.5,21.8,68.0,1024.6,4.0,242.0,65.0,0.0,0.40000000000009095,1.2916666666667425,54.0,-28.0,9.028571428571428,-122.27054632534956,0.0,-0.041666666666671404
2016-08-13,0.0,13.8,24.6,73.0,1025.0,4.1,223.0,13.0,5.0,-2.099999999999909,1.479166666666515,10.857142857142858,-5.0,8.957142857142857,-119.91970693517416,0.0,-2.625
2016-08-14,1.8,15.1,27.4,76.0,1022.4,3.7,219.0,27.0,9.0,-2.5,1.816666666666947,43.714285714285715,35.42857142857143,8.242857142857142,-79.76077335823817,3.0,-5.541666666666671
2016-08-15,6.8,16.8,27.8,78.0,1019.6,3.5,312.0,57.0,16.0,-3.2999999999999545,2.4374999999998863,72.0,27.714285714285715,8.442857142857143,-134.86761625767545,10.0,-1.0416666666666714
2016-08-16,1.4,16.5,27.1,77.0,1015.7,4.4,316.0,51.0,12.0,-3.7000000000000455,2.9666666666665833,60.42857142857143,40.714285714285715,8.057142857142859,-117.72979848321648,4.0,-3.791666666666657
2016-08-17,8.3,16.6,25.6,81.0,1011.1,4.3,354.0,58.0,13.0,-1.2999999999999545,1.9874999999999545,91.14285714285714,63.57142857142857,6.171428571428571,-79.918055819567,8.0,1.9583333333333428
2016-08-18,6.0,17.2,24.8,79.0,1011.2,3.6,225.0,71.0,13.0,-1.599999999999909,1.4874999999998408,80.57142857142857,36.714285714285715,6.985714285714287,-24.689210435734566,11.0,-0.2916666666666714
2016-08-19,2.9,16.6,25.8,77.0,1012.5,3.7,44.0,54.0,12.0,1.5,1.6083333333336896,76.57142857142857,67.14285714285714,8.385714285714284,112.68971836484934,7.0,-4.791666666666657
2016-08-20,2.8,18.1,27.0,77.0,1015.6,3.7,304.0,72.0,10.0,-0.1999999999999318,0.4750000000002501,94.28571428571429,55.57142857142858,7.871428571428571,-167.83825874943363,6.0,-0.875
2016-08-21,17.9,18.8,24.0,84.0,1015.8,3.9,34.0,80.0,19.0,-0.1999999999999318,1.5249999999999773,83.28571428571429,17.571428571428584,4.3,125.52113819801951,19.0,-4.0
2016-08-22,0.0,12.3,25.1,64.0,1022.2,5.7,329.0,7.0,0.0,1.5,4.304166666666788,4.857142857142857,4.571428571428571,12.285714285714286,-123.18178674924275,0.0,-2.9583333333333357
2016-08-23,0.0,13.8,26.3,65.0,1024.3,4.4,300.0,1.0,0.0,-2.3999999999999773,1.73333333333278,0.0,-0.42857142857142855,11.557142857142859,-161.37992764774663,0.0,-0.9583333333333286
2016-08-24,0.0,15.8,27.1,70.0,1023.0,3.7,201.0,4.0,1.0,-2.3999999999999773,1.912499999999909,6.714285714285714,6.714285714285714,10.62857142857143,7.864379487776802,0.0,-3.3333333333333286
2016-08-25,0.0,17.3,27.2,70.0,1021.0,4.2,95.0,23.0,2.0,-2.400000000000091,1.7416666666666742,19.714285714285715,-2.5714285714285694,9.685714285714287,112.61648185565616,0.0,-2.5833333333333286
2016-08-26,0.0,18.1,27.2,64.0,1020.6,4.7,65.0,25.0,0.0,-1.1000000000000227,1.1499999999999773,9.428571428571429,-15.857142857142856,12.328571428571427,44.64281267140905,0.0,-0.6666666666666714
2016-08-27,0.0,16.6,28.3,72.0,1020.6,4.0,49.0,12.0,5.0,-1.6000000000000227,1.4208333333333485,10.142857142857142,0.7142857142857135,10.271428571428572,113.8048263580747,0.0,-2.75
2016-08-28,0.6,16.5,28.7,76.0,1018.6,4.4,244.0,13.0,8.0,-1.8999999999999773,1.654166666666697,4.714285714285714,-8.571428571428573,9.157142857142857,-128.08066614735105,2.0,-4.583333333333343
2016-08-29,3.0,16.5,29.3,74.0,1016.7,4.1,325.0,48.0,15.0,-1.3999999999999773,2.25,80.14285714285714,59.857142857142854,10.714285714285714,27.567685152432944,8.0,-0.875
2016-08-30,2.7,19.4,27.3,69.0,1020.0,5.2,15.0,83.0,3.0,0.8999999999999773,1.879166666666947,70.57142857142857,-27.0,11.299999999999999,8.341599944950332,5.0,-1.25
2016-08-31,0.0,17.3,27.2,65.0,1020.9,5.0,46.0,11.0,0.0,-2.0,1.6916666666667197,11.857142857142858,3.8571428571428577,12.442857142857141,90.53031843730912,0.0,-0.7916666666666572
2016-09-01,3.6,16.2,27.6,69.0,1020.2,3.5,335.0,28.0,5.0,-0.8999999999999773,1.0749999999997044,51.42857142857143,43.85714285714286,11.299999999999999,21.39805741253133,7.0,-0.3333333333333428
2016-09-02,0.8,17.6,28.3,66.0,1019.7,4.2,328.0,36.0,2.0,-1.7999999999999545,1.633333333333212,18.857142857142858,-4.714285714285715,12.357142857142858,-147.1148212760026,2.0,-6.625000000000007
2016-09-03,1.9,16.9,28.1,70.0,1018.9,3.7,334.0,74.0,4.0,-1.6000000000000227,1.4541666666668789,62.714285714285715,-21.999999999999993,10.814285714285717,179.37835897280155,3.0,-1.0833333333333286
2016-09-04,6.1,17.6,28.0,74.0,1016.8,4.3,314.0,82.0,8.0,-2.6000000000000227,2.483333333333235,99.14285714285714,57.857142857142854,9.128571428571428,-84.47655733886447,10.0,2.0416666666666714
2016-09-05,9.1,17.5,25.1,81.0,1014.0,4.1,346.0,66.0,15.0,1.1000000000000227,1.3250000000000455,25.714285714285715,-73.14285714285714,7.2142857142857135,-45.358371942125984,11.0,-0.4583333333333286
2016-09-06,1.0,12.8,24.6,76.0,1018.2,4.8,349.0,31.0,9.0,1.6000000000000227,1.9458333333333258,63.0,48.714285714285715,8.642857142857142,157.99044789676964,3.0,10.291666666666671
2016-09-07,0.0,13.4,28.0,66.0,1020.0,6.9,23.0,13.0,3.0,-2.699999999999932,2.1583333333334167,16.142857142857142,8.0,14.385714285714284,68.31784749912339,0.0,-5.000000000000007
2016-09-08,0.0,15.1,27.5,64.0,1015.8,5.6,44.0,15.0,0.0,-3.1000000000000227,2.387499999999818,17.714285714285715,4.571428571428573,12.642857142857142,64.43810693495459,0.0,-3.7083333333333357
2016-09-09,0.3,16.3,29.6,63.0,1015.3,4.6,19.0,16.0,1.0,-0.10000000000002274,0.7291666666665151,14.285714285714286,-1.7142857142857135,15.985714285714286,61.144823183239424,1.0,-3.75
2016-09-10,0.0,16.0,28.8,63.0,1016.0,4.4,4.0,19.0,0.0,-2.2999999999999545,1.8291666666666515,43.285714285714285,38.714285714285715,14.528571428571427,-39.45882892980569,0.0,-4.75
2016-09-11,0.7,16.5,29.1,65.0,1016.9,5.4,18.0,46.0,1.0,0.8999999999999773,1.2333333333330074,56.0,6.714285714285715,14.057142857142859,17.857304742624336,2.0,-0.9999999999999929
2016-09-12,0.0,16.8,29.6,64.0,1019.2,5.2,7.0,47.0,0.0,-1.1000000000000227,1.2624999999999318,60.57142857142857,40.14285714285714,14.271428571428572,109.68260459602993,0.0,-1.2083333333333357
2016-09-13,0.0,15.6,29.0,63.0,1016.8,4.1,357.0,11.0,0.0,-3.0,2.345833333333303,19.857142857142858,17.142857142857142,14.799999999999999,167.61017640058571,0.0,-7.791666666666664
2016-09-14,0.0,15.8,27.9,68.0,1014.8,4.2,318.0,12.0,0.0,-1.2000000000000455,1.3999999999998636,13.0,5.0,11.185714285714285,-137.20393699564193,0.0,-1.75
2016-09-15,7.7,16.8,24.2,83.0,1016.3,3.5,27.0,69.0,6.0,0.8999999999999773,0.9291666666667879,95.28571428571429,14.571428571428584,4.185714285714286,23.382310166819536,3.0,6.458333333333329
2016-09-16,30.6,15.6,22.3,87.0,1015.3,3.1,31.0,93.0,19.0,-3.300000000000068,3.6333333333334394,99.28571428571429,1.8571428571428612,4.457142857142856,51.28014402535973,9.0,-2.375
2016-09-17,14.0,16.0,22.4,84.0,1010.5,3.1,326.0,83.0,15.0,2.199999999999932,2.1916666666667197,53.285714285714285,-40.57142857142858,5.871428571428572,-136.11407552203184,12.0,-0.75
2016-09-18,8.2,14.4,20.2,86.0,1011.1,3.5,19.0,80.0,18.0,-1.7000000000000455,1.4083333333335304,86.57142857142857,1.4285714285714306,4.2,61.42337251856114,17.0,-0.6666666666666714
2016-09-19,0.4,12.5,22.6,79.0,1009.5,4.7,308.0,64.0,9.0,0.39999999999997726,0.8291666666666515,67.57142857142857,-23.85714285714286,7.928571428571429,-57.35294642970206,1.0,-0.5416666666666714
2016-09-20,2.0,12.0,22.4,76.0,1012.5,4.4,343.0,52.0,5.0,0.7000000000000455,1.7458333333332803,43.57142857142857,-21.0,9.185714285714285,148.74325748695662,3.0,6.791666666666657
2016-09-21,7.9,14.6,18.4,78.0,1016.1,4.2,53.0,79.0,7.0,0.8000000000000682,1.216666666666697,76.71428571428571,-12.285714285714292,7.028571428571427,88.63542188346952,11.0,-0.625
2016-09-22,0.0,14.0,19.7,72.0,1021.0,3.4,308.0,64.0,0.0,2.2999999999999545,1.9833333333332348,37.285714285714285,-35.857142857142854,9.028571428571428,-161.09041162819057,0.0,-1.4583333333333286
2016-09-23,0.0,11.8,20.4,76.0,1024.5,3.6,340.0,51.0,3.0,0.7000000000000455,1.0708333333333258,66.28571428571429,38.00000000000001,7.685714285714288,151.62221099368236,0.0,-1.875
2016-09-24,0.5,12.3,21.9,74.0,1025.7,3.3,339.0,36.0,7.0,-2.400000000000091,1.662499999999909,23.857142857142858,5.0,9.299999999999999,174.6072802378314,2.0,-5.5
2016-09-25,0.0,10.5,22.1,76.0,1021.3,3.6,331.0,11.0,7.0,-4.5,2.920833333333235,5.857142857142857,-5.571428571428572,8.457142857142857,-152.05898321970832,0.0,-2.25
2016-09-26,0.0,11.7,21.9,75.0,1020.5,3.2,352.0,24.0,8.0,0.6999999999999318,1.0041666666667197,22.714285714285715,-1.8571428571428577,9.071428571428571,-145.00290806130397,0.0,-6.5
2016-09-27,0.1,11.2,21.8,76.0,1024.0,3.4,335.0,26.0,6.0,2.1000000000000227,1.7541666666667197,23.857142857142858,-1.1428571428571423,7.785714285714286,-172.83315217974672,0.0,-1.5833333333333286
2016-09-28,0.0,13.1,22.1,77.0,1028.7,3.6,242.0,51.0,3.0,-1.5,1.412499999999909,61.285714285714285,13.285714285714285,7.414285714285713,-90.71957670472926,0.0,-1.0
2016-09-29,0.0,13.5,21.5,83.0,1026.2,3.7,180.0,75.0,6.0,-4.7000000000000455,3.408333333333303,58.285714285714285,-13.285714285714285,5.5,153.2340716552739,0.0,2.4583333333333286
2016-09-30,0.0,14.3,21.1,85.0,1020.4,3.6,113.0,57.0,12.0,-2.0,1.9416666666667197,47.42857142857143,-3.0,5.957142857142857,98.84016978152692,0.0,-0.375
2016-10-01,0.0,13.9,21.3,82.0,1016.6,4.9,239.0,85.0,11.0,-1.900000000000091,1.7666666666666515,98.85714285714286,13.0,6.785714285714286,134.78776056989068,0.0,1.25
2016-10-02,6.0,15.2,18.5,90.0,1014.4,3.4,55.0,94.0,20.0,-0.8999999999999773,1.2666666666667652,88.28571428571429,-9.428571428571416,3.1142857142857148,78.75597389587477,18.0,1.1666666666666572
2016-10-03,1.7,12.7,19.9,71.0,1019.5,4.5,6.0,34.0,7.0,3.2999999999999545,5.65416666666647,13.428571428571429,-24.14285714285714,10.9,-90.90549638280015,4.0,-6.125
2016-10-04,0.0,8.0,20.0,70.0,1021.5,4.1,329.0,37.0,1.0,-2.5,2.1916666666664923,68.0,56.714285714285715,10.214285714285714,167.80041233590282,0.0,-2.875
2016-10-05,7.3,9.9,13.6,84.0,1020.9,4.5,353.0,72.0,17.0,-1.5,1.1375000000000455,93.14285714285714,16.857142857142847,2.614285714285714,149.6351638731088,17.0,5.625
2016-10-06,0.0,5.4,14.9,76.0,1016.8,4.5,257.0,21.0,8.0,-2.6000000000000227,2.2499999999998863,7.571428571428571,-10.714285714285714,8.185714285714287,-135.06944149110865,0.0,-4.5
2016-10-07,0.2,6.1,16.6,73.0,1014.7,3.3,348.0,62.0,3.0,-0.2999999999999545,1.9500000000001592,51.714285714285715,4.857142857142861,8.714285714285717,-161.13174609271158,1.0,-4.416666666666671
2016-10-08,6.4,10.5,12.8,83.0,1017.9,2.8,63.0,90.0,14.0,1.3999999999999773,1.2708333333332575,88.42857142857143,-7.142857142857139,3.3285714285714283,-19.795112455434264,15.0,5.458333333333329
2016-10-09,1.3,6.8,15.5,73.0,1020.5,6.0,27.0,70.0,9.0,-0.39999999999997726,0.7958333333333485,55.57142857142857,-23.57142857142857,9.614285714285712,41.7567109971244,2.0,-5.958333333333329
2016-10-10,0.5,6.5,14.9,64.0,1019.0,6.1,28.0,56.0,0.0,-2.0,1.5083333333335531,40.0,-27.0,10.9,89.40797046194422,1.0,-4.041666666666664
2016-10-11,1.4,4.6,14.1,72.0,1014.0,4.2,354.0,53.0,4.0,-2.2000000000000455,2.041666666666856,56.714285714285715,7.142857142857146,9.114285714285712,3.689066217883436,4.0,5.75
2016-10-12,0.0,2.1,15.3,70.0,1014.4,4.2,309.0,23.0,5.0,2.0,1.7416666666666742,44.0,43.857142857142854,11.257142857142858,-133.24933948981808,0.0,-4.666666666666671
2016-10-13,1.3,4.0,13.9,81.0,1018.5,4.2,21.0,93.0,10.0,0.6000000000000227,0.9166666666668561,100.0,4.571428571428569,5.514285714285714,61.097251728084956,4.0,3.875
2016-10-14,31.6,10.2,14.7,87.0,1016.5,5.9,25.0,100.0,17.0,-3.5,2.920833333333462,100.0,0.0,2.1714285714285717,23.138923502171536,18.0,2.5
2016-10-15,43.1,12.8,19.7,86.0,1014.9,5.3,15.0,80.0,13.0,1.400000000000091,1.7374999999999545,72.28571428571429,-11.857142857142847,5.242857142857143,-153.9213566779415,11.0,0.9166666666666714
2016-10-16,0.0,8.6,20.3,83.0,1021.4,3.8,331.0,25.0,12.0,3.0,3.2166666666664696,29.857142857142858,19.285714285714285,5.957142857142857,-131.54181527195536,0.0,4.291666666666671
2016-10-17,0.0,10.4,18.7,86.0,1024.0,3.2,344.0,95.0,13.0,-0.3000000000000682,0.6708333333333485,97.71428571428571,0.7142857142857082,4.828571428571428,46.35001864419354,0.0,1.5
2016-10-18,3.7,12.3,18.1,83.0,1021.0,2.4,354.0,60.0,13.0,-1.5,1.6250000000004547,44.714285714285715,-6.571428571428569,5.428571428571429,73.36889801661314,10.0,0.5
2016-10-19,7.0,10.4,15.8,88.0,1018.1,3.1,45.0,93.0,19.0,-3.2999999999999545,3.2374999999999545,95.71428571428571,-0.5714285714285836,4.028571428571429,79.98395984087858,16.0,4.25
2016-10-20,13.7,10.5,14.0,78.0,1013.3,5.7,43.0,86.0,12.0,1.0,0.9875000000002956,79.28571428571429,-12.714285714285708,6.357142857142856,57.32989773237472,13.0,-2.7916666666666714
2016-10-21,1.0,6.4,14.3,73.0,1013.2,3.9,21.0,39.0,2.0,0.2999999999999545,0.8833333333333258,43.142857142857146,25.42857142857143,7.557142857142857,133.36144280668987,4.0,1.7916666666666572
2016-10-22,0.2,4.9,13.5,79.0,1016.5,3.0,2.0,49.0,9.0,0.39999999999997726,0.8666666666666742,47.857142857142854,2.5714285714285694,7.157142857142858,129.69907884544364,1.0,-4.875
2016-10-23,0.0,7.6,13.9,77.0,1018.8,3.9,10.0,76.0,0.0,0.6999999999999318,0.9166666666667425,96.57142857142857,40.14285714285714,5.6571428571428575,37.614697880045696,0.0,4.083333333333329
2016-10-24,0.2,11.4,15.6,84.0,1022.1,3.0,357.0,97.0,3.0,1.0,1.1875000000001137,97.0,-2.285714285714292,3.4142857142857137,-149.40357819948062,0.0,6.25
2016-10-25,4.3,12.0,16.2,94.0,1022.9,2.4,202.0,96.0,22.0,-0.8999999999999773,1.2374999999999545,100.0,13.0,1.6142857142857143,-20.707585741957303,9.0,4.5
2016-10-26,2.0,11.3,18.9,88.0,1022.4,4.1,357.0,85.0,15.0,0.5,1.3083333333331666,82.57142857142857,-13.714285714285722,4.671428571428572,9.999238308068584,7.0,-2.875
2016-10-27,0.3,11.3,16.8,78.0,1027.2,3.8,235.0,43.0,1.0,2.5,2.97916666666697,41.57142857142857,19.285714285714285,4.971428571428572,-112.02786662386669,1.0,3.9166666666666714
2016-10-28,1.4,10.9,14.9,88.0,1031.6,3.0,210.0,75.0,13.0,-1.0,1.0708333333334394,77.42857142857143,-4.857142857142861,3.2714285714285714,-17.274429312478844,4.0,0.4166666666666714
2016-10-29,0.0,6.8,17.8,83.0,1027.4,2.6,307.0,33.0,10.0,-4.2000000000000455,2.8749999999997726,0.5714285714285714,-49.142857142857146,5.4142857142857155,-91.67636638124853,0.0,-0.04166666666665719
2016-10-30,0.0,7.6,16.9,78.0,1024.7,3.7,345.0,2.0,1.0,-1.3999999999999773,1.6416666666665378,0.0,-2.142857142857143,6.599999999999999,179.33057383744443,0.0,1.25
2016-10-31,0.0,9.5,14.5,77.0,1026.8,3.8,313.0,35.0,0.0,1.099999999999909,1.675000000000182,38.714285714285715,6.428571428571431,5.471428571428572,-149.66511297971877,0.0,5.25
2016-11-01,0.0,6.5,13.8,89.0,1024.3,2.9,164.0,65.0,11.0,-3.0,3.079166666666424,94.0,37.857142857142854,3.028571428571428,150.20919263881808,0.0,3.9166666666666714
2016-11-02,1.8,9.8,12.9,93.0,1016.6,2.6,150.0,91.0,17.0,-4.2999999999999545,2.8624999999999545,95.0,-2.285714285714292,2.3285714285714283,37.71474013612095,8.0,0.2916666666666714
2016-11-03,0.1,7.8,13.5,80.0,1017.2,3.4,53.0,52.0,10.0,5.5,3.550000000000068,51.714285714285715,-1.7142857142857153,6.3999999999999995,112.98439110545007,0.0,-6.208333333333329
2016-11-04,0.0,5.5,11.8,73.0,1021.1,3.5,10.0,65.0,0.0,-2.3999999999999773,1.7749999999999773,63.714285714285715,12.0,8.22857142857143,151.62443491421618,0.0,-2.708333333333343
2016-11-05,20.5,7.6,10.5,83.0,1011.8,4.3,8.0,100.0,14.0,-10.100000000000023,8.749999999999886,100.0,0.0,1.8857142857142861,7.976157801906993,15.0,7.708333333333329
2016-11-06,21.1,9.6,13.7,94.0,997.6,3.8,352.0,98.0,24.0,-4.2999999999999545,3.179166666666788,97.42857142857143,-2.5714285714285694,1.414285714285714,157.04328810344703,24.0,2.666666666666657
2016-11-07,2.4,5.5,10.6,77.0,1003.9,4.6,28.0,58.0,4.0,4.699999999999932,7.383333333333326,43.714285714285715,-22.571428571428577,6.3,12.861291760140318,3.0,6.625
2016-11-08,1.5,3.6,10.4,76.0,1007.0,4.9,353.0,48.0,2.0,1.5,1.1083333333333485,50.42857142857143,0.5714285714285765,6.971428571428571,40.914181784822745,6.0,6.416666666666671
2016-11-09,0.6,-1.4,9.1,75.0,1009.2,3.9,325.0,59.0,0.0,-0.2999999999999545,0.7999999999999545,100.0,66.14285714285714,8.514285714285714,166.46799514617226,3.0,-0.625
2016-11-10,0.5,1.6,9.1,82.0,1011.8,3.1,105.0,82.0,6.0,2.6000000000000227,2.0208333333332575,82.57142857142857,5.285714285714278,4.557142857142858,167.40080339159027,2.0,3.375
2016-11-11,2.4,3.4,8.3,85.0,1011.7,5.4,2.0,96.0,14.0,-2.5,2.2166666666665833,96.71428571428571,-1.8571428571428612,3.2428571428571433,9.03762291943059,6.0,-2.9583333333333286
2016-11-12,0.1,3.4,12.4,75.0,1014.7,4.3,333.0,66.0,6.0,4.300000000000068,4.583333333333371,22.857142857142858,-69.71428571428571,8.857142857142858,29.475696844250024,0.0,-3.0833333333333286
2016-11-13,0.5,2.0,8.6,71.0,1022.3,5.6,15.0,89.0,0.0,3.5,2.3958333333332575,93.42857142857143,-5.428571428571431,7.6000000000000005,78.62642053427567,1.0,0.7916666666666572
2016-11-14,0.0,3.9,8.0,68.0,1029.2,3.6,73.0,46.0,0.0,2.1000000000001364,2.2666666666666515,21.428571428571427,-34.28571428571429,7.2142857142857135,44.0790832894815,0.0,1.9166666666666714
2016-11-15,0.0,2.3,7.4,66.0,1031.0,2.8,249.0,24.0,0.0,-0.900000000000091,1.5499999999999545,42.285714285714285,38.857142857142854,7.542857142857144,-100.02354310657194,0.0,0.9166666666666572
2016-11-16,0.1,3.0,8.3,71.0,1025.9,3.1,69.0,80.0,0.0,-3.5,2.9583333333333712,88.85714285714286,4.571428571428569,5.471428571428572,99.49882504183591,0.0,8.833333333333329
2016-11-17,0.0,3.3,9.3,81.0,1021.5,3.6,95.0,77.0,0.0,-1.0,1.5791666666666515,87.28571428571429,27.000000000000007,4.585714285714286,108.69026656119752,0.0,2.958333333333343
2016-11-18,1.7,6.7,10.0,89.0,1018.1,2.5,343.0,94.0,8.0,-2.2000000000000455,1.7875000000001364,91.14285714285714,-8.142857142857153,1.9142857142857144,168.74472886073966,5.0,5.958333333333343
2016-11-19,26.6,8.4,11.3,94.0,1013.1,2.7,25.0,99.0,24.0,-2.400000000000091,2.1875,98.85714285714286,-1.1428571428571388,1.0857142857142859,4.894167082222054,19.0,1.9583333333333428
2016-11-20,0.0,5.6,13.3,89.0,1017.2,3.8,349.0,83.0,14.0,1.6000000000000227,2.6875,83.57142857142857,5.142857142857139,4.185714285714286,-87.11738375086776,0.0,-0.875
2016-11-21,0.4,6.1,13.0,91.0,1018.2,3.4,11.0,92.0,16.0,0.3000000000000682,0.6583333333331893,99.42857142857143,17.285714285714292,2.2857142857142856,55.63294934253997,1.0,4.291666666666671
2016-11-22,1.9,8.1,14.0,95.0,1019.9,3.7,32.0,93.0,22.0,1.6000000000000227,1.3208333333334394,83.14285714285714,-11.857142857142861,1.4714285714285715,-20.177406771095406,7.0,-0.5
2016-11-23,0.5,9.2,15.0,92.0,1022.7,4.7,21.0,91.0,18.0,0.1999999999999318,0.558333333333394,98.42857142857143,12.714285714285722,2.357142857142857,67.0516428620808,1.0,3.125
2016-11-24,1.4,9.6,14.9,91.0,1020.9,4.3,26.0,99.0,18.0,-1.7000000000000455,1.6125000000002956,99.14285714285714,0.5714285714285694,2.3428571428571425,50.29956045309228,3.0,2.375
2016-11-25,14.0,10.4,13.2,91.0,1016.9,4.8,23.0,100.0,24.0,-1.7999999999999545,1.408333333333303,100.0,0.1428571428571388,1.5714285714285712,45.453876160852644,20.0,0.9166666666666572
2016-11-26,12.3,10.3,13.6,92.0,1015.8,4.1,3.0,93.0,24.0,-0.6999999999999318,0.870833333333394,86.85714285714286,-13.0,1.7999999999999994,-139.83595775753673,17.0,6.375
2016-11-27,0.0,9.6,12.3,95.0,1013.1,2.2,123.0,88.0,19.0,-2.0,1.5541666666664469,87.57142857142857,0.1428571428571388,1.5714285714285712,59.49592472178398,0.0,2.125
2016-11-28,3.6,3.8,10.2,80.0,1015.9,4.5,112.0,60.0,9.0,6.2000000000000455,4.220833333333189,47.857142857142854,-30.714285714285715,4.8428571428571425,51.48656329601488,7.0,-19.249999999999993
2016-11-29,0.0,1.8,5.8,52.0,1029.8,3.0,219.0,16.0,0.0,3.5,4.312500000000227,0.5714285714285714,-7.428571428571429,9.971428571428572,-59.25833396724639,0.0,5.375
2016-11-30,0.0,1.1,6.1,64.0,1031.4,2.9,5.0,18.0,0.0,-3.3999999999998636,4.037500000000136,32.0,14.857142857142858,6.271428571428571,133.98002511720892,0.0,9.500000000000007
2016-12-01,0.0,1.4,8.2,71.0,1022.5,3.0,301.0,56.0,0.0,-4.400000000000091,4.633333333333212,61.0,13.285714285714285,5.971428571428571,-105.28171384708475,0.0,6.791666666666657
2016-12-02,0.0,1.7,8.9,82.0,1014.7,2.9,337.0,49.0,1.0,1.099999999999909,1.9125000000000227,69.57142857142857,53.857142857142854,3.4428571428571426,106.02352795703712,0.0,5.541666666666671
2016-12-03,0.0,2.2,7.7,78.0,1022.0,4.8,7.0,75.0,0.0,2.6000000000000227,3.4041666666665833,94.14285714285714,18.57142857142857,4.128571428571428,24.634475769792857,0.0,-2.1666666666666714
2016-12-04,0.0,3.9,8.8,73.0,1026.5,3.8,1.0,45.0,0.0,1.400000000000091,1.1124999999999545,29.142857142857142,-15.714285714285712,6.685714285714285,65.23427949309445,0.0,4.208333333333329
2016-12-05,0.0,2.9,9.4,77.0,1028.8,3.2,336.0,33.0,0.0,-0.2999999999999545,0.995833333333394,7.428571428571429,-38.42857142857142,5.642857142857144,-95.67573973694621,0.0,4.0
2016-12-06,0.0,-0.7,9.6,80.0,1028.9,2.9,332.0,1.0,0.0,0.900000000000091,0.8916666666666515,0.0,0.0,4.342857142857143,-66.30448134009254,0.0,3.375
2016-12-07,0.0,-0.5,7.8,74.0,1034.1,2.3,345.0,8.0,0.0,3.2000000000000455,2.845833333333303,24.428571428571427,24.285714285714285,5.242857142857143,62.70171896770836,0.0,2.0833333333333286
2016-12-08,0.0,0.5,7.1,75.0,1035.9,2.3,342.0,12.0,0.0,-0.2999999999999545,1.0499999999999545,7.428571428571429,-12.714285714285714,4.1,91.29579711706708,0.0,11.041666666666671
2016-12-09,0.0,1.7,6.5,85.0,1032.1,2.8,320.0,33.0,7.0,-2.0,1.866666666666788,69.71428571428571,65.0,2.185714285714286,-115.53469276311176,0.0,7.25
2016-12-10,0.0,-0.5,7.5,76.0,1027.6,2.3,336.0,19.0,1.0,-2.2000000000000455,2.275000000000091,4.0,-17.857142857142858,4.771428571428571,109.16497708255201,0.0,8.666666666666671
2016-12-11,0.0,2.2,6.0,83.0,1021.1,2.7,30.0,35.0,3.0,-4.300000000000068,3.1333333333333258,49.0,24.714285714285715,2.514285714285714,19.116752850893675,0.0,5.291666666666671
2016-12-12,0.0,-0.6,11.3,80.0,1019.8,3.5,328.0,24.0,1.0,3.5,2.329166666666765,0.8571428571428571,-7.714285714285714,4.542857142857144,-35.48293927032364,0.0,-0.0833333333333286
2016-12-13,0.0,-0.4,8.9,79.0,1027.9,3.3,350.0,32.0,0.0,2.5,2.691666666666606,59.0,56.57142857142857,5.257142857142857,101.19733095856856,0.0,3.7083333333333286
2016-12-14,0.0,3.6,7.9,85.0,1026.8,2.7,318.0,62.0,6.0,-1.2000000000000455,1.4375,32.42857142857143,-43.14285714285714,2.6285714285714286,-148.810522494913,0.0,7.166666666666657
2016-12-15,0.0,-0.1,9.1,79.0,1027.8,2.4,337.0,14.0,2.0,0.900000000000091,1.0458333333333485,19.285714285714285,13.285714285714285,5.3428571428571425,-46.21962859446347,0.0,3.1666666666666714
2016-12-16,0.0,2.0,7.2,81.0,1032.5,3.6,31.0,26.0,0.0,4.600000000000136,2.9125000000001364,2.2857142857142856,-43.42857142857143,4.214285714285714,38.38274309177393,0.0,0.1666666666666714
2016-12-17,0.0,-3.7,7.8,75.0,1037.2,3.1,336.0,32.0,0.0,0.0,0.8333333333334849,41.142857142857146,-14.142857142857139,5.042857142857143,-28.001406483808182,0.0,-2.541666666666657
2016-12-18,0.0,-0.7,6.4,59.0,1033.7,2.6,343.0,55.0,0.0,-4.099999999999909,3.862500000000182,48.857142857142854,-13.142857142857146,7.014285714285713,-1.3338981283613975,0.0,10.541666666666664
2016-12-19,0.0,0.5,6.1,68.0,1030.9,5.7,7.0,89.0,0.0,0.7000000000000455,1.7333333333333485,87.14285714285714,3.857142857142847,5.142857142857143,1.0550428648334957,0.0,7.166666666666671
2016-12-20,0.0,3.1,9.4,78.0,1028.5,5.4,0.0,75.0,0.0,-2.7999999999999545,2.25,71.42857142857143,-4.714285714285708,4.3,44.93382411143409,0.0,-3.4583333333333286
2016-12-21,0.0,0.1,10.9,79.0,1028.3,3.2,337.0,10.0,0.0,1.199999999999818,0.962500000000091,5.142857142857143,0.14285714285714324,5.714285714285715,-49.542322877584866,0.0,-0.5833333333333286
2016-12-22,0.0,0.1,9.2,76.0,1029.9,2.4,338.0,4.0,0.0,-1.0,0.9541666666666515,0.0,-4.0,5.614285714285714,57.22354751450462,0.0,1.1666666666666714
2016-12-23,0.0,-1.8,12.0,74.0,1031.1,2.8,332.0,0.0,0.0,2.0,1.416666666666515,0.0,0.0,6.1571428571428575,-25.748740138151447,0.0,-7.541666666666657
2016-12-24,0.0,1.4,9.4,66.0,1028.6,2.6,338.0,64.0,0.0,-3.0,2.2791666666664696,54.57142857142857,-37.85714285714286,5.6,38.937581612142026,0.0,7.208333333333343
2016-12-25,0.0,-0.3,11.2,76.0,1025.2,3.2,327.0,90.0,0.0,1.0,1.0958333333330756,80.28571428571429,-11.428571428571416,5.171428571428572,-60.84490136276213,0.0,-5.125
2016-12-26,0.0,-0.6,10.3,77.0,1026.5,2.5,336.0,34.0,1.0,-1.2999999999999545,1.0458333333333485,40.285714285714285,40.285714285714285,6.071428571428571,65.56552258390707,0.0,-4.916666666666657
2016-12-27,0.0,-1.2,12.7,76.0,1029.5,4.5,348.0,9.0,7.0,4.899999999999864,3.6875,1.1428571428571428,0.0,5.314285714285715,44.78575223738568,0.0,-17.416666666666664
2016-12-28,0.0,-1.2,11.0,61.0,1033.0,5.8,341.0,15.0,0.0,-4.2000000000000455,3.200000000000273,7.571428571428571,-23.285714285714285,6.742857142857142,-28.28055922532559,0.0,7.333333333333329
2016-12-29,1.4,2.7,6.4,84.0,1037.4,3.3,227.0,63.0,14.0,1.7999999999999545,3.650000000000091,55.0,-26.14285714285714,1.0142857142857142,-86.79456440511984,5.0,10.291666666666671
2016-12-30,0.0,1.6,5.8,89.0,1037.6,2.2,40.0,20.0,13.0,-1.8999999999998636,2.054166666666788,1.1428571428571428,-16.0,2.614285714285714,138.71064024482314,0.0,-1.9583333333333428
2016-12-31,0.0,-0.8,7.6,70.0,1032.3,2.5,339.0,9.0,0.0,-3.7000000000000455,3.7708333333332575,0.0,-25.428571428571427,5.728571428571428,23.40265999731622,0.0,10.041666666666657
2017-01-01,0.0,-4.2,8.2,66.0,1024.8,4.8,330.0,0.0,0.0,-3.3999999999999773,2.3083333333331666,0.0,-0.8571428571428571,9.514285714285716,-0.4534771496633425,0.0,-0.6666666666666572
2017-01-02,0.0,-4.2,4.7,68.0,1020.3,4.2,347.0,25.0,0.0,-4.2999999999999545,3.0750000000000455,48.142857142857146,44.142857142857146,5.742857142857142,12.473948664080922,0.0,14.0
2017-01-03,0.0,-3.0,6.3,75.0,1020.9,6.6,359.0,39.0,2.0,4.599999999999909,4.308333333332939,0.0,-56.285714285714285,5.942857142857143,-116.28627374435052,0.0,11.625
2017-01-04,0.0,-4.5,4.3,71.0,1013.9,4.3,347.0,37.0,0.0,-9.0,5.587499999999977,70.0,25.714285714285715,6.985714285714287,-11.38465509613934,0.0,3.1666666666666714
2017-01-05,0.0,-4.6,6.8,40.0,1014.9,9.5,335.0,3.0,0.0,8.299999999999955,5.729166666666856,0.0,-0.5714285714285714,18.97142857142857,-2.335701104231589,0.0,-4.375
2017-01-06,0.0,-6.8,1.4,36.0,1028.7,5.8,231.0,0.0,0.0,3.0,4.345833333333076,0.0,0.0,14.157142857142857,55.88059915074962,0.0,7.875
2017-01-07,0.0,-6.5,-0.3,42.0,1031.1,4.2,270.0,18.0,0.0,-1.5,1.9375,35.285714285714285,31.428571428571427,13.3,6.0569073134839755,0.0,14.166666666666664
2017-01-08,0.0,-6.5,2.0,50.0,1026.2,5.3,315.0,22.0,0.0,0.09999999999990905,2.3458333333331893,1.1428571428571428,-30.42857142857143,11.885714285714286,-79.89735717975304,0.0,12.125
2017-01-09,0.0,-6.9,2.0,62.0,1023.5,4.2,4.0,7.0,0.0,-4.100000000000136,3.1375000000000455,11.571428571428571,6.857142857142857,9.528571428571428,-0.8031877581702247,0.0,2.6666666666666714
2017-01-10,0.0,-4.3,0.3,63.0,1017.9,4.7,53.0,89.0,0.0,-3.0,3.0541666666665606,95.0,-1.4285714285714306,7.0,46.82389527529938,0.0,-6.875
2017-01-11,0.0,-6.7,-0.2,58.0,1020.3,4.5,291.0,39.0,0.0,-0.8000000000000682,1.908333333333303,36.0,19.142857142857142,7.728571428571429,7.186439564463058,0.0,12.708333333333329
2017-01-12,0.1,-6.3,0.6,68.0,1019.0,5.4,347.0,36.0,0.0,1.1000000000000227,4.1666666666667425,67.42857142857143,62.285714285714285,6.7,-40.176996242838925,0.0,4.666666666666671
2017-01-13,7.4,-0.8,4.5,90.0,1002.3,5.9,290.0,98.0,22.0,-6.600000000000023,5.804166666666674,93.71428571428571,-6.285714285714292,1.3857142857142857,-17.93787591070793,15.0,6.333333333333329
2017-01-14,0.1,-3.6,5.9,82.0,1008.0,5.3,311.0,68.0,7.0,4.899999999999977,4.312499999999886,60.285714285714285,-3.2857142857142847,4.414285714285714,31.972906096533563,0.0,0.75
2017-01-15,0.0,-3.2,6.1,54.0,1016.7,7.9,358.0,75.0,0.0,3.300000000000068,3.862500000000068,76.85714285714286,-8.857142857142847,10.371428571428572,73.47679164252554,0.0,6.166666666666664
2017-01-16,0.0,-3.8,5.1,43.0,1016.9,10.1,348.0,65.0,0.0,-1.0,1.8458333333331893,97.14285714285714,54.14285714285714,11.628571428571428,70.88079573637447,0.0,-3.4583333333333286
2017-01-17,0.1,-1.7,7.5,39.0,1019.0,8.8,359.0,89.0,0.0,3.2999999999999545,2.3249999999997044,89.14285714285714,-9.285714285714292,13.27142857142857,72.59685866762857,0.0,8.833333333333329
2017-01-18,0.0,-2.0,8.2,50.0,1024.9,7.9,353.0,17.0,0.0,1.2000000000000455,1.7041666666666515,30.0,17.42857142857143,9.628571428571428,125.18952689331962,0.0,4.875
2017-01-19,0.0,-2.9,6.7,65.0,1030.2,5.2,14.0,14.0,0.0,2.0,2.949999999999818,0.8571428571428571,-3.142857142857143,8.085714285714285,110.25053540617813,0.0,-2.0
2017-01-20,0.0,-3.9,4.9,63.0,1033.4,3.2,354.0,0.0,0.0,-0.8999999999998636,1.0458333333333485,1.0,0.5714285714285714,9.22857142857143,102.4289941272088,0.0,1.2916666666666643
2017-01-21,0.0,-5.7,6.7,58.0,1031.3,4.0,325.0,0.0,0.0,-2.7000000000000455,1.8458333333330756,0.0,0.0,14.22857142857143,-13.79085871818421,0.0,-5.833333333333336
2017-01-22,0.0,-6.2,8.9,51.0,1029.2,6.3,355.0,0.0,0.0,-2.3999999999998636,1.7916666666667425,0.14285714285714285,0.14285714285714285,17.742857142857144,117.81370987209692,0.0,1.5416666666666643
2017-01-23,0.0,-5.4,8.6,49.0,1023.7,5.2,329.0,43.0,0.0,-5.100000000000136,3.3749999999998863,61.714285714285715,9.142857142857146,13.971428571428572,-32.23611475232423,0.0,6.208333333333336
2017-01-24,0.0,-3.3,9.4,63.0,1019.3,6.8,360.0,0.0,0.0,0.6000000000000227,1.8916666666665378,0.0,-0.2857142857142857,9.657142857142857,118.3249340388702,0.0,7.791666666666664
2017-01-25,0.0,-3.5,5.7,64.0,1024.5,3.4,25.0,2.0,0.0,1.5,2.391666666666538,0.0,-0.7142857142857143,7.728571428571429,162.7968912805727,0.0,8.833333333333336
2017-01-26,0.0,-3.7,4.2,63.0,1029.3,4.9,47.0,1.0,0.0,2.699999999999818,2.074999999999818,1.2857142857142858,-2.1428571428571423,8.485714285714284,75.83989297738441,0.0,-3.3333333333333357
2017-01-27,0.0,-3.6,4.3,66.0,1029.9,4.1,293.0,0.0,0.0,-1.7999999999999545,2.133333333333212,0.0,0.0,9.857142857142858,-29.935807200996805,0.0,2.0833333333333286
2017-01-28,0.0,-4.6,4.8,73.0,1026.9,3.5,306.0,59.0,0.0,-1.5,1.4708333333335304,89.42857142857143,30.42857142857143,7.942857142857142,-19.16208729101521,0.0,5.375
2017-01-29,0.0,-4.7,5.8,79.0,1025.9,3.7,319.0,6.0,2.0,-1.2999999999999545,1.1625000000001364,0.0,-0.7142857142857143,6.057142857142857,66.96643910404396,0.0,3.25
2017-01-30,0.0,-3.7,5.1,75.0,1024.0,2.8,329.0,34.0,0.0,-1.900000000000091,1.5458333333333485,67.0,52.14285714285714,6.1571428571428575,-73.41356845639677,0.0,1.6666666666666572
2017-01-31,7.0,-0.4,3.7,90.0,1021.6,3.4,342.0,91.0,17.0,-1.1999999999999318,1.2583333333333258,100.0,18.85714285714286,1.342857142857143,19.270590929944888,9.0,4.5
2017-02-01,1.3,2.0,6.2,93.0,1020.7,3.2,340.0,98.0,20.0,1.6000000000000227,1.2833333333334167,98.28571428571429,-0.4285714285714164,1.3714285714285717,47.306567585722405,2.0,1.9583333333333428
2017-02-02,0.1,3.1,7.1,95.0,1021.4,2.9,336.0,97.0,24.0,-2.3999999999999773,1.9708333333334167,95.71428571428571,-2.857142857142861,0.6428571428571427,29.788432313900387,0.0,2.7916666666666714
2017-02-03,8.0,4.1,7.8,95.0,1014.8,4.0,352.0,94.0,24.0,-5.0,3.3833333333334394,100.0,12.142857142857139,0.7857142857142856,-6.01240965027813,6.0,-1.375
2017-02-04,10.1,2.0,8.9,93.0,1009.0,5.5,335.0,78.0,18.0,-2.3999999999999773,3.6291666666668334,98.14285714285714,44.42857142857142,1.1999999999999997,45.57740790805764,11.0,2.7916666666666714
2017-02-05,17.1,-0.3,7.4,90.0,1007.3,8.8,360.0,90.0,17.0,-4.0,6.083333333333371,99.85714285714286,12.857142857142861,1.8000000000000003,33.0138981869967,10.0,-1.2083333333333286
2017-02-06,29.7,6.2,13.1,81.0,1002.8,8.2,334.0,99.0,13.0,5.399999999999977,3.520833333333144,95.0,-5.0,3.8000000000000003,-75.05115330050569,15.0,-3.25
2017-02-07,1.0,2.6,10.4,80.0,1014.6,5.7,311.0,77.0,4.0,1.8999999999999773,3.6666666666666288,81.28571428571429,26.142857142857146,5.0,-150.52899922123459,3.0,0.8333333333333286
2017-02-08,0.0,3.1,8.4,74.0,1018.9,6.8,69.0,84.0,0.0,1.5,1.987500000000182,91.28571428571429,11.571428571428584,6.2285714285714295,48.92618201013309,0.0,-1.125
2017-02-09,0.0,-2.0,8.2,70.0,1023.1,7.2,65.0,68.0,0.0,-0.8999999999999773,0.8124999999998863,84.0,39.285714285714285,8.6,71.99852745242322,0.0,-6.125000000000007
2017-02-10,1.0,1.0,8.3,72.0,1022.9,4.2,9.0,95.0,0.0,0.09999999999990905,0.7166666666664696,99.42857142857143,9.142857142857139,7.128571428571427,45.42744233814716,3.0,11.0
2017-02-11,1.4,3.9,7.6,90.0,1024.2,2.9,6.0,88.0,14.0,0.5,0.7791666666665833,69.42857142857143,-29.285714285714278,2.2857142857142856,-99.93916200587313,4.0,2.666666666666657
2017-02-12,0.0,3.4,10.3,85.0,1027.7,2.9,3.0,88.0,11.0,2.0,2.2999999999999545,95.57142857142857,4.428571428571431,4.6,99.78073401163124,0.0,3.7083333333333286
2017-02-13,0.0,3.8,7.4,82.0,1030.7,5.3,60.0,70.0,7.0,1.0,1.220833333333303,71.28571428571429,1.5714285714285836,4.828571428571428,3.032959593942735,0.0,-1.8333333333333286
2017-02-14,0.0,1.0,10.6,73.0,1034.0,3.1,337.0,13.0,3.0,0.900000000000091,1.1541666666669244,0.0,-1.1428571428571428,8.37142857142857,42.355801282104096,0.0,6.291666666666671
2017-02-15,0.0,-1.5,12.5,80.0,1034.9,5.1,321.0,0.0,8.0,-2.2999999999999545,1.7374999999999545,0.0,0.0,6.528571428571427,-79.12343222461232,0.0,3.166666666666657
2017-02-16,0.0,-1.7,13.2,69.0,1030.7,5.5,329.0,0.0,0.0,-3.3999999999998636,2.3249999999995907,0.0,0.0,10.057142857142855,50.48655565161823,0.0,1.9166666666666572
2017-02-17,0.8,-1.3,9.9,77.0,1025.1,5.7,13.0,54.0,4.0,-4.400000000000091,2.9249999999999545,98.28571428571429,47.42857142857144,5.42857142857143,40.413739149225336,2.0,10.75
2017-02-18,0.0,-1.1,12.0,81.0,1023.9,6.9,296.0,5.0,6.0,-0.39999999999997726,1.0416666666667425,6.142857142857143,5.714285714285714,6.271428571428571,-58.5898241299831,0.0,3.3333333333333286
2017-02-19,0.5,2.3,8.6,78.0,1025.3,4.9,7.0,67.0,1.0,-2.199999999999932,1.991666666666788,51.0,-32.28571428571429,5.442857142857142,37.86916158808498,2.0,3.625
2017-02-20,0.0,2.3,10.9,81.0,1023.3,4.9,263.0,38.0,5.0,-0.7999999999999545,1.0333333333331893,11.714285714285714,-12.714285714285714,5.7714285714285705,-50.10057025420602,0.0,2.125
2017-02-21,0.0,1.6,6.9,92.0,1019.8,3.6,45.0,78.0,18.0,-2.199999999999932,2.0333333333334167,94.0,17.85714285714286,1.7571428571428567,56.81799739855927,0.0,-0.1666666666666714
2017-02-22,0.1,3.5,8.0,88.0,1019.0,3.9,330.0,88.0,10.0,-2.300000000000068,1.5625,97.0,15.142857142857139,2.871428571428571,-76.0655224708128,0.0,0.0833333333333286
2017-02-23,0.4,5.5,7.0,92.0,1015.9,3.0,26.0,100.0,21.0,-2.2999999999999545,4.15416666666647,99.0,-1.0,1.6,116.9334527324512,0.0,1.5833333333333286
2017-02-24,4.4,5.8,9.4,92.0,1009.3,5.4,61.0,100.0,18.0,-0.8000000000000682,2.079166666666765,100.0,0.2857142857142918,1.1142857142857145,18.100788111007745,9.0,-1.8333333333333286
2017-02-25,0.0,1.2,11.2,71.0,1020.5,7.5,40.0,26.0,5.0,3.1000000000000227,6.437499999999886,11.714285714285714,-15.571428571428571,10.428571428571429,88.46097020945354,0.0,-13.041666666666664
2017-02-26,0.0,-1.7,11.3,70.0,1020.9,5.6,298.0,61.0,2.0,-2.7000000000000455,2.1749999999999545,94.42857142857143,39.85714285714286,8.542857142857144,-86.6179356774991,0.0,4.041666666666671
2017-02-27,0.0,2.0,11.1,75.0,1016.8,4.4,238.0,48.0,4.0,-3.7999999999999545,3.0208333333332575,13.857142857142858,-38.57142857142857,8.957142857142857,-123.67465481176671,0.0,-0.1666666666666714
2017-02-28,9.5,4.2,8.2,86.0,1007.4,6.2,37.0,97.0,10.0,-7.2000000000000455,6.9375,100.0,0.0,1.5857142857142854,-30.009005462463165,10.0,8.625
2017-03-01,1.3,4.5,11.7,82.0,1007.3,7.0,223.0,53.0,9.0,10.799999999999955,8.108333333333348,54.57142857142857,21.428571428571423,5.942857142857142,-100.18120380498462,3.0,1.375
2017-03-02,0.0,3.0,12.0,78.0,1015.4,5.2,31.0,53.0,3.0,0.6999999999999318,1.2541666666664923,57.0,-8.57142857142857,6.814285714285715,43.46298446562602,0.0,1.3333333333333286
2017-03-03,0.0,2.0,12.9,76.0,1018.7,5.9,348.0,64.0,3.0,-2.7000000000000455,2.5458333333333485,71.0,-7.0,6.928571428571428,66.93818377168475,0.0,2.5833333333333286
2017-03-04,17.5,5.6,10.0,93.0,1010.2,9.0,54.0,92.0,20.0,-7.100000000000023,4.883333333333439,100.0,14.142857142857139,1.257142857142857,27.101440826084342,8.0,3.625
2017-03-05,7.6,4.6,11.0,89.0,1008.8,5.1,40.0,71.0,18.0,-1.2999999999999545,1.4375000000001137,64.14285714285714,-11.142857142857153,3.185714285714286,-21.077428884899632,7.0,2.125
2017-03-06,1.8,2.7,11.7,84.0,1005.4,5.0,65.0,75.0,14.0,-5.5,4.983333333333235,98.14285714285714,73.0,6.0,121.4560146364812,4.0,3.25
2017-03-07,0.0,2.7,15.8,60.0,1005.8,8.0,338.0,88.0,5.0,6.7000000000000455,5.291666666666856,81.28571428571429,-6.142857142857139,15.114285714285712,-3.371465406511504,0.0,-16.875
2017-03-08,0.0,3.1,15.4,46.0,1019.3,9.1,315.0,44.0,0.0,2.1000000000000227,4.512500000000159,98.14285714285714,98.14285714285714,13.742857142857142,-65.50142031464316,0.0,9.25
2017-03-09,0.4,2.7,16.0,63.0,1018.8,5.8,331.0,61.0,3.0,-3.3999999999999773,2.2208333333331893,86.0,34.857142857142854,12.085714285714285,26.963529714604647,1.0,15.541666666666664
2017-03-10,0.0,5.0,18.4,50.0,1016.5,12.6,355.0,0.0,2.0,2.5,2.3458333333331893,0.0,0.0,19.7,27.470421423329128,0.0,-11.958333333333329
2017-03-11,0.0,1.6,13.7,50.0,1020.8,6.5,277.0,12.0,0.0,-3.5,2.137499999999932,15.285714285714286,14.714285714285715,12.585714285714284,-54.998775406474465,0.0,13.750000000000007
2017-03-12,0.0,3.0,12.8,65.0,1017.3,6.6,54.0,40.0,0.0,-3.1000000000000227,2.4708333333334167,12.142857142857142,-10.285714285714285,9.385714285714284,91.12629586618652,0.0,5.333333333333343
2017-03-13,0.0,3.1,12.6,69.0,1022.7,5.5,343.0,13.0,0.0,3.1000000000000227,4.0416666666667425,0.14285714285714285,-3.142857142857143,9.22857142857143,-139.20837158413326,0.0,5.875
2017-03-14,0.0,2.6,15.7,73.0,1027.5,4.6,315.0,62.0,3.0,-1.5,1.4833333333335759,84.14285714285714,74.85714285714285,8.571428571428571,-156.50746049429992,0.0,-2.7083333333333286
2017-03-15,0.0,5.0,15.2,70.0,1027.7,5.4,286.0,51.0,0.0,-1.2000000000000455,1.9249999999999545,90.42857142857143,60.85714285714286,9.257142857142856,-125.64230247139506,0.0,6.25
2017-03-16,0.0,3.9,16.3,72.0,1024.5,4.8,2.0,13.0,0.0,-4.599999999999909,3.166666666666515,0.0,-17.142857142857142,9.028571428571428,-167.03489395345312,0.0,3.625
2017-03-17,0.0,3.0,16.4,78.0,1018.0,4.9,356.0,2.0,6.0,-4.5,3.5625,2.0,2.0,7.442857142857143,152.98025442580342,0.0,3.25
2017-03-18,0.0,6.7,13.6,79.0,1010.6,5.5,51.0,85.0,5.0,-3.3999999999999773,2.4458333333334394,85.28571428571429,-13.57142857142857,6.242857142857143,137.5371410378981,0.0,3.8333333333333286
2017-03-19,0.0,5.4,15.5,85.0,1011.4,6.7,18.0,89.0,9.0,2.0,2.0625000000002274,87.28571428571429,-7.285714285714278,4.8999999999999995,87.20635856806086,0.0,0.2916666666666714
2017-03-20,0.0,8.7,15.5,85.0,1013.3,3.8,18.0,64.0,10.0,-0.39999999999997726,1.2083333333333712,70.14285714285714,23.57142857142857,5.3999999999999995,-89.20571858198332,0.0,-4.625
2017-03-21,0.0,9.0,14.4,90.0,1012.3,4.3,96.0,82.0,12.0,-0.7000000000000455,1.337500000000091,73.28571428571429,-25.857142857142847,3.5142857142857156,122.59331293837232,0.0,-0.2083333333333428
2017-03-22,1.3,9.4,13.2,91.0,1012.7,5.3,70.0,95.0,15.0,1.6999999999999318,1.5500000000000682,87.28571428571429,-12.428571428571416,2.757142857142857,22.184900210632122,2.0,1.3333333333333286
2017-03-23,8.0,9.7,16.1,85.0,1017.0,4.3,18.0,76.0,11.0,1.6999999999999318,1.7000000000000455,70.28571428571429,-6.0,4.771428571428572,-61.778249616191204,8.0,-0.3333333333333286
2017-03-24,0.4,7.4,19.2,78.0,1022.5,6.0,309.0,91.0,8.0,0.39999999999997726,2.1166666666665606,98.14285714285714,0.0,7.457142857142856,-145.8224474924953,2.0,8.833333333333329
2017-03-25,0.0,8.8,19.3,72.0,1021.5,6.3,39.0,34.0,3.0,-4.899999999999977,3.3791666666664923,0.0,-34.42857142857143,9.414285714285715,35.94038610200255,0.0,0.5833333333333286
2017-03-26,4.1,7.9,15.4,79.0,1018.7,8.0,56.0,48.0,7.0,3.400000000000091,2.3541666666666288,92.28571428571429,57.28571428571429,4.814285714285715,67.30012927843796,4.0,9.166666666666657
2017-03-27,0.0,5.3,15.7,54.0,1025.0,6.4,276.0,25.0,1.0,-2.2999999999999545,1.8291666666666515,0.0,-20.428571428571427,14.014285714285714,-21.187314940161116,0.0,6.541666666666671
2017-03-28,0.0,2.3,19.1,63.0,1023.8,6.6,297.0,0.0,2.0,-2.4999999999998863,1.9208333333335759,0.0,0.0,13.714285714285714,-52.85466614137886,0.0,2.7916666666666643
2017-03-29,0.0,6.3,22.2,62.0,1023.1,7.7,311.0,25.0,0.0,-1.7000000000000455,1.658333333333303,1.4285714285714286,-43.285714285714285,14.799999999999999,-52.496154582386794,0.0,-0.7083333333333286
2017-03-30,0.0,9.6,21.6,60.0,1024.9,8.1,360.0,15.0,0.0,-0.10000000000013642,1.3916666666666515,35.714285714285715,33.85714285714286,11.785714285714286,128.2786834412152,0.0,10.041666666666671
2017-03-31,0.0,7.7,21.4,67.0,1022.9,6.1,327.0,6.0,1.0,-5.099999999999909,3.4750000000001364,3.2857142857142856,0.8571428571428572,11.485714285714286,170.77837759618308,0.0,-1.3333333333333286
2017-04-01,0.0,8.5,18.7,69.0,1016.6,8.3,65.0,50.0,0.0,-2.0,1.6166666666666742,61.142857142857146,4.0,9.828571428571427,66.606741343692,0.0,7.25
2017-04-02,0.8,7.8,19.2,65.0,1016.6,8.6,348.0,66.0,1.0,2.8999999999999773,1.6749999999998408,78.14285714285714,-5.571428571428569,10.342857142857143,138.73436568384966,3.0,-0.1666666666666572
2017-04-03,0.0,8.6,22.2,57.0,1017.3,10.0,327.0,20.0,0.0,-1.8000000000000682,1.9958333333332803,41.285714285714285,39.285714285714285,15.414285714285715,32.48168222360562,0.0,-3.9583333333333286
2017-04-04,1.9,11.3,21.8,56.0,1016.3,9.5,329.0,85.0,3.0,-0.20000000000004547,1.4624999999999773,95.85714285714286,17.42857142857143,12.37142857142857,30.193798378856286,3.0,10.541666666666671
2017-04-05,3.8,9.5,17.8,74.0,1017.8,11.4,321.0,75.0,6.0,-1.7999999999999545,1.912499999999909,23.428571428571427,-76.42857142857143,7.685714285714285,-59.36151092191693,11.0,3.2083333333333286
2017-04-06,0.1,9.2,16.7,78.0,1016.2,5.9,45.0,59.0,0.0,1.1000000000000227,1.404166666667038,50.57142857142857,25.142857142857142,6.0,-177.0483797806259,0.0,-1.3333333333333428
2017-04-07,1.3,9.4,16.1,73.0,1020.1,6.9,172.0,84.0,2.0,-3.1000000000000227,2.3875000000000455,88.42857142857143,4.571428571428569,7.5857142857142845,-156.68523814464226,3.0,5.875
2017-04-08,0.0,5.0,19.8,76.0,1021.6,4.7,253.0,5.0,7.0,-0.5,1.2875000000001364,8.571428571428571,8.571428571428571,8.885714285714286,-52.91349236887993,0.0,2.5
2017-04-09,0.0,8.6,21.0,74.0,1024.2,5.8,67.0,21.0,1.0,-1.1000000000000227,1.1875000000002274,56.142857142857146,50.57142857142858,9.071428571428571,151.16944177787832,0.0,3.7083333333333286
2017-04-10,0.0,8.3,21.0,72.0,1020.7,5.7,322.0,23.0,6.0,-4.399999999999977,2.8333333333332575,43.42857142857143,37.285714285714285,10.857142857142858,-136.7589518583704,0.0,-1.7083333333333286
2017-04-11,0.8,9.4,20.5,74.0,1017.5,5.3,38.0,39.0,2.0,0.1999999999999318,1.2124999999998636,49.714285714285715,26.0,8.385714285714284,-7.139891466212646,2.0,1.5833333333333428
2017-04-12,0.0,11.3,19.3,66.0,1019.3,6.1,80.0,57.0,0.0,-5.7000000000000455,4.329166666666538,66.28571428571429,-5.142857142857139,10.014285714285714,133.81556128450347,0.0,5.625
2017-04-13,0.7,9.5,18.2,76.0,1011.9,5.4,40.0,53.0,2.0,-2.300000000000068,2.1666666666666288,81.57142857142857,60.71428571428571,6.357142857142857,-15.511935538760497,1.0,-0.375
2017-04-14,2.8,10.6,20.4,76.0,1012.8,5.7,69.0,49.0,7.0,-1.5,1.4375000000001137,71.0,32.57142857142857,8.642857142857142,110.41054878344198,3.0,2.625
2017-04-15,6.5,11.4,16.9,85.0,1013.5,6.1,60.0,92.0,15.0,-0.3000000000000682,1.2749999999998636,98.71428571428571,1.857142857142847,4.314285714285714,41.82962168984233,11.0,1.9583333333333286
2017-04-16,9.2,8.2,19.1,80.0,1012.8,7.2,11.0,52.0,12.0,-1.5,1.7416666666666742,82.28571428571429,59.14285714285715,5.985714285714286,102.32877402915312,5.0,2.125
2017-04-17,0.5,5.8,15.0,72.0,1015.6,6.9,242.0,50.0,3.0,-3.300000000000068,2.4083333333334167,68.85714285714286,19.285714285714292,10.242857142857144,-39.63829695378618,1.0,3.875
2017-04-18,0.8,6.0,11.1,73.0,1013.0,9.4,16.0,78.0,4.0,3.2000000000000455,2.066666666666606,100.0,12.714285714285708,7.7,-58.56052390534005,2.0,-8.416666666666657
2017-04-19,0.3,4.5,13.8,33.0,1017.3,10.6,347.0,79.0,0.0,1.1999999999999318,2.1499999999999773,95.28571428571429,40.42857142857144,21.814285714285713,24.539919531493354,1.0,0.2083333333333357
2017-04-20,0.2,3.7,13.1,37.0,1024.6,7.7,359.0,39.0,0.0,1.2000000000000455,2.0833333333332575,24.714285714285715,-8.42857142857143,16.34285714285714,140.4842604003078,1.0,12.0
2017-04-21,0.0,0.2,13.9,54.0,1028.6,5.6,255.0,10.0,0.0,-3.900000000000091,2.599999999999909,14.428571428571429,12.428571428571429,11.757142857142856,-56.38300423795303,0.0,15.541666666666671
2017-04-22,0.1,3.3,15.5,68.0,1021.8,4.5,53.0,20.0,0.0,-7.599999999999909,5.083333333333371,15.428571428571429,8.142857142857142,10.614285714285714,65.5241413459726,0.0,0.5416666666666572
2017-04-23,0.0,5.7,16.8,69.0,1018.2,6.2,106.0,35.0,0.0,1.5,2.224999999999909,66.71428571428571,39.28571428571428,9.971428571428572,89.41985239413754,0.0,4.458333333333329
2017-04-24,0.1,9.4,13.5,72.0,1020.1,4.7,59.0,84.0,0.0,-2.5,2.3750000000001137,66.85714285714286,-32.85714285714285,6.714285714285714,-16.16709226157809,0.0,0.7083333333333286
2017-04-25,3.0,9.5,15.6,86.0,1013.8,5.2,51.0,79.0,10.0,-3.0,2.766666666666538,76.0,-5.428571428571431,3.2428571428571424,4.121238960429707,4.0,3.666666666666657
2017-04-26,24.8,10.9,13.5,92.0,1009.6,7.3,59.0,99.0,21.0,0.5,1.3333333333333712,100.0,0.4285714285714306,1.4571428571428569,7.6233038037370875,17.0,3.5
2017-04-27,41.6,11.5,17.9,93.0,1006.9,5.5,53.0,100.0,19.0,0.0,1.8916666666664241,99.71428571428571,0.2857142857142776,2.0142857142857142,42.948606021879186,19.0,5.291666666666657
2017-04-28,9.7,8.1,14.7,77.0,1005.9,5.1,292.0,68.0,13.0,4.7000000000000455,2.8166666666668334,51.0,-28.42857142857143,7.742857142857142,-75.19967781331519,11.0,-5.166666666666671
2017-04-29,0.0,5.3,17.2,58.0,1015.6,6.8,311.0,11.0,2.0,0.7000000000000455,2.9458333333333258,21.142857142857142,21.142857142857142,15.042857142857143,178.0457536025242,0.0,0.2916666666666714
2017-04-30,0.0,7.1,16.4,61.0,1016.1,6.3,41.0,37.0,0.0,-3.7000000000000455,2.9291666666665606,31.428571428571427,-7.857142857142858,10.828571428571431,-51.77844463899291,0.0,4.166666666666664
2017-05-01,8.2,9.2,17.0,66.0,1012.8,8.2,59.0,78.0,4.0,-1.0,2.1625000000001364,93.14285714285714,13.142857142857139,8.814285714285713,112.20513617813651,4.0,19.458333333333343
2017-05-02,0.1,7.4,16.6,73.0,1016.3,5.6,235.0,40.0,0.0,3.2999999999999545,2.9375,68.14285714285714,68.14285714285714,8.571428571428573,-96.2731513100502,0.0,0.25
2017-05-03,4.4,8.1,16.3,78.0,1018.0,4.8,340.0,71.0,4.0,-1.099999999999909,0.8833333333332121,71.14285714285714,-12.857142857142861,6.971428571428572,174.78725676609156,3.0,-1.0833333333333286
2017-05-04,17.0,8.4,16.4,84.0,1016.0,5.2,67.0,71.0,11.0,-1.3999999999999773,1.3000000000000682,87.42857142857143,32.142857142857146,3.057142857142857,30.848987937769692,11.0,6.125
2017-05-05,0.6,7.7,19.3,75.0,1015.7,5.1,244.0,45.0,9.0,0.20000000000004547,0.8041666666665606,13.142857142857142,-33.85714285714286,9.428571428571429,-113.81988290649781,1.0,-0.4166666666666714
2017-05-06,4.4,8.2,17.8,79.0,1014.9,5.6,300.0,70.0,11.0,-3.800000000000068,4.4375,98.14285714285714,35.99999999999999,6.257142857142858,-158.4860558083966,9.0,11.416666666666671
2017-05-07,3.2,10.1,19.6,81.0,1008.9,5.8,260.0,94.0,9.0,0.1999999999999318,0.8833333333333258,98.0,5.714285714285708,6.128571428571429,-5.625680615055643,7.0,3.291666666666657
2017-05-08,0.8,9.3,18.7,81.0,1010.2,5.0,295.0,85.0,7.0,-0.3000000000000682,0.7124999999999773,99.28571428571429,5.428571428571431,4.8999999999999995,-89.19909820998888,1.0,4.25
2017-05-09,8.6,11.6,16.8,78.0,1010.9,7.4,346.0,78.0,10.0,-0.7000000000000455,1.0083333333336668,70.42857142857143,-6.714285714285708,6.557142857142858,-147.08076992265532,10.0,2.0416666666666714
2017-05-10,1.9,8.7,15.3,76.0,1013.2,7.6,83.0,87.0,3.0,-1.1000000000000227,1.2791666666668107,75.0,-19.714285714285708,6.642857142857143,61.064957531178976,4.0,1.875
2017-05-11,3.4,11.0,17.6,81.0,1009.9,7.2,64.0,89.0,4.0,-3.0,3.5083333333333258,94.28571428571429,6.285714285714292,4.042857142857144,-5.775350790020241,5.0,8.125
2017-05-12,5.3,13.5,21.3,80.0,1006.3,6.9,81.0,76.0,9.0,1.0,1.0374999999997954,70.57142857142857,1.1428571428571388,7.557142857142857,54.990502310717915,9.0,-0.4166666666666714
2017-05-13,0.6,12.2,21.8,81.0,1012.0,5.4,65.0,79.0,10.0,3.7999999999999545,3.1041666666666288,66.42857142857143,-21.714285714285708,7.442857142857143,6.834580508521185,1.0,1.875
2017-05-14,3.3,13.0,22.8,80.0,1019.5,5.4,315.0,67.0,10.0,1.7000000000000455,2.5249999999999773,84.71428571428571,57.14285714285714,5.942857142857143,109.39742625007307,3.0,4.5
2017-05-15,2.5,15.1,22.7,71.0,1024.3,7.6,349.0,81.0,4.0,1.2000000000000455,2.179166666666447,62.57142857142857,-37.42857142857143,9.542857142857143,1.3108164909205016,5.0,1.0
2017-05-16,0.0,12.8,24.8,67.0,1026.3,7.3,299.0,19.0,3.0,-2.6000000000001364,2.2541666666663787,13.285714285714286,-9.999999999999998,12.742857142857144,-57.01518574419265,0.0,1.2083333333333286
2017-05-17,0.0,14.2,24.8,63.0,1022.9,6.1,40.0,28.0,0.0,-4.7999999999999545,3.0541666666669016,50.714285714285715,38.85714285714286,11.514285714285714,161.94132892650669,0.0,-1.4583333333333357
2017-05-18,0.0,15.9,24.5,64.0,1017.4,5.8,99.0,41.0,0.0,-3.2000000000000455,2.420833333333235,23.142857142857142,-1.0,11.171428571428573,62.79436658237256,0.0,7.125
2017-05-19,7.8,14.3,22.5,74.0,1013.7,6.2,51.0,79.0,4.0,-1.5,1.3666666666669016,56.142857142857146,-41.99999999999999,7.02857142857143,-101.56221245811048,4.0,8.75
2017-05-20,7.6,12.3,19.3,85.0,1015.1,5.5,318.0,83.0,17.0,2.699999999999932,2.0249999999999773,100.0,1.8571428571428612,3.7999999999999994,9.182894521149933,10.0,8.0
2017-05-21,0.0,9.8,24.4,68.0,1018.7,5.4,308.0,44.0,5.0,0.8999999999999773,1.7083333333331439,8.714285714285714,-46.14285714285714,13.142857142857142,-164.86626213087112,0.0,-3.0
2017-05-22,0.2,14.0,24.7,68.0,1017.8,5.6,297.0,35.0,0.0,-3.7999999999999545,2.333333333333144,36.142857142857146,-11.142857142857139,10.914285714285715,-176.82852414828892,1.0,3.625
2017-05-23,1.7,13.2,25.4,72.0,1016.3,5.9,296.0,47.0,5.0,-0.8000000000000682,1.0624999999998863,67.14285714285714,11.285714285714285,9.442857142857141,-116.88489521480074,1.0,-2.875
2017-05-24,6.3,15.0,25.1,77.0,1016.4,5.3,7.0,84.0,5.0,-1.5,1.7791666666665833,82.42857142857143,-2.0,5.714285714285716,109.00411836558101,3.0,11.25
2017-05-25,0.1,14.4,21.9,73.0,1017.8,6.7,130.0,32.0,2.0,-1.1000000000000227,2.670833333333576,27.857142857142858,-1.0,9.514285714285714,105.65547031529343,0.0,1.2916666666666714
2017-05-26,0.0,13.9,23.3,71.0,1018.8,5.7,259.0,40.0,0.0,-2.8999999999999773,2.28750000000025,35.57142857142857,-21.0,10.0,-55.08681101885591,0.0,0.0
2017-05-27,0.0,15.7,26.8,67.0,1019.7,5.2,278.0,41.0,0.0,-1.3999999999999773,1.175000000000182,21.142857142857142,-39.0,12.414285714285713,-28.306289010825424,0.0,0.041666666666671404
2017-05-28,0.0,15.8,27.0,69.0,1020.8,5.3,148.0,13.0,0.0,-2.1000000000000227,1.3416666666665833,18.857142857142858,13.142857142857142,10.585714285714285,143.17437551834826,0.0,-0.875
2017-05-29,0.0,16.2,27.0,69.0,1017.4,5.7,217.0,17.0,0.0,-3.2000000000000455,2.1458333333332575,35.0,24.0,10.542857142857141,-2.3451007380243993,0.0,-3.8333333333333286
2017-05-30,0.0,16.8,26.8,68.0,1015.5,5.3,162.0,26.0,0.0,0.20000000000004547,0.9624999999999773,55.0,44.0,9.814285714285717,106.68764736508263,0.0,-2.083333333333343
2017-05-31,0.1,18.4,26.7,77.0,1018.3,5.4,108.0,79.0,1.0,0.0,1.0041666666667197,98.28571428571429,6.571428571428584,7.528571428571429,86.115246674594,0.0,1.625
2017-06-01,1.8,17.3,26.8,79.0,1018.7,5.0,16.0,69.0,10.0,-1.5,1.3541666666666288,89.85714285714286,38.142857142857146,7.271428571428572,-85.63860843303434,3.0,2.4166666666666714
2017-06-02,1.3,16.6,26.9,71.0,1016.8,5.1,323.0,61.0,6.0,-2.3999999999999773,1.7458333333332803,39.285714285714285,-35.00000000000001,9.585714285714285,-168.52276994596554,1.0,-4.208333333333329
2017-06-03,0.0,17.2,27.2,71.0,1014.4,4.8,319.0,29.0,0.0,-2.400000000000091,2.045833333333576,34.285714285714285,16.71428571428571,9.271428571428572,-156.02540537994747,0.0,0.4583333333333428
2017-06-04,2.6,18.0,25.7,76.0,1011.6,6.0,31.0,65.0,4.0,-0.5,1.008333333333212,57.142857142857146,-22.714285714285715,7.0857142857142845,-48.28389029281814,3.0,0.75
2017-06-05,4.0,16.5,23.8,74.0,1012.6,8.4,37.0,84.0,5.0,-2.300000000000068,1.9416666666667197,98.42857142857143,37.57142857142858,7.128571428571428,-7.331296846198057,6.0,-1.0
2017-06-06,21.3,15.8,21.7,85.0,1008.8,5.7,11.0,76.0,14.0,-2.1000000000000227,1.7124999999998636,75.28571428571429,-17.857142857142847,3.2714285714285714,5.142584288281682,10.0,6.541666666666671
2017-06-07,4.7,12.6,21.2,76.0,1013.3,10.5,67.0,60.0,6.0,3.1000000000000227,4.295833333333576,62.0,-7.571428571428569,6.228571428571429,43.22143129085515,6.0,5.791666666666671
2017-06-08,0.0,10.9,22.4,64.0,1020.7,4.8,290.0,37.0,4.0,-2.7999999999999545,1.9791666666666288,40.142857142857146,-15.428571428571423,14.12857142857143,-47.46147850529323,0.0,-5.041666666666664
2017-06-09,0.0,12.0,25.7,63.0,1016.8,6.1,271.0,26.0,0.0,-3.1000000000000227,2.375,84.14285714285714,84.14285714285714,13.9,-35.55202486574973,0.0,-0.2916666666666643
2017-06-10,0.0,14.9,26.7,66.0,1016.7,4.8,43.0,66.0,0.0,1.1000000000000227,1.8833333333333258,42.714285714285715,-39.142857142857146,12.12857142857143,46.829302318697955,0.0,0.6666666666666714
2017-06-11,0.0,16.5,27.2,66.0,1018.8,6.2,80.0,25.0,0.0,-2.5,1.8416666666665833,50.142857142857146,43.142857142857146,11.057142857142859,132.87927477576454,0.0,-1.375
2017-06-12,0.0,16.5,27.8,69.0,1015.9,5.4,214.0,25.0,2.0,-3.099999999999909,2.1541666666668107,36.42857142857143,10.000000000000004,10.985714285714286,-77.99110906608101,0.0,-4.666666666666664
2017-06-13,0.0,18.9,28.5,66.0,1014.0,5.0,147.0,31.0,0.0,-1.5,1.6416666666666515,52.285714285714285,36.285714285714285,10.228571428571428,81.91993471456726,0.0,1.0416666666666714
2017-06-14,5.2,20.4,27.3,79.0,1014.1,5.0,60.0,94.0,7.0,0.6999999999999318,1.4125000000001364,98.42857142857143,2.285714285714292,5.785714285714287,109.42103517753549,4.0,9.833333333333329
2017-06-15,0.0,18.8,28.0,73.0,1015.7,6.5,69.0,89.0,2.0,-0.10000000000002274,1.291666666666515,84.85714285714286,-7.571428571428569,8.371428571428572,143.22790537232572,0.0,1.2916666666666572
2017-06-16,4.3,19.1,27.5,79.0,1015.0,5.2,331.0,70.0,8.0,-2.3999999999999773,1.8624999999997272,66.57142857142857,1.7142857142857082,6.299999999999998,3.589219941665988,3.0,4.416666666666657
2017-06-17,0.0,18.7,27.2,69.0,1015.8,7.4,152.0,53.0,7.0,-1.0,1.270833333333485,39.285714285714285,6.0,12.200000000000001,109.24469794188286,0.0,-5.166666666666671
2017-06-18,0.0,16.7,26.6,58.0,1020.3,6.5,252.0,5.0,0.0,-1.2000000000000455,1.0624999999997726,4.285714285714286,1.2857142857142856,12.785714285714283,-18.13232829770871,0.0,4.375
2017-06-19,0.0,16.8,28.3,65.0,1021.2,6.0,219.0,9.0,0.0,-3.300000000000068,1.9458333333334394,15.0,10.0,12.457142857142859,133.7697971936468,0.0,3.6666666666666714
2017-06-20,0.0,17.2,29.2,67.0,1017.7,5.8,232.0,39.0,3.0,-2.800000000000068,2.3125,82.14285714285714,77.0,12.285714285714286,-38.7793759101088,0.0,-0.875
2017-06-21,0.2,18.7,29.6,69.0,1014.9,4.8,273.0,37.0,1.0,-1.1000000000000227,1.0791666666667652,59.142857142857146,35.28571428571429,10.457142857142856,63.70243647434023,1.0,2.416666666666657
2017-06-22,0.0,20.1,31.1,70.0,1015.5,7.7,271.0,33.0,1.0,-1.1000000000000227,1.2875000000000227,53.857142857142854,53.0,10.142857142857142,-43.57928855357068,0.0,-1.0833333333333286
2017-06-23,0.0,20.1,31.8,74.0,1014.6,5.4,332.0,68.0,4.0,-2.3999999999999773,2.008333333333212,74.57142857142857,15.285714285714285,8.985714285714286,105.40076081289175,0.0,0.2083333333333428
2017-06-24,14.8,21.4,30.3,77.0,1014.4,6.4,8.0,67.0,9.0,-2.2999999999999545,1.9208333333332348,88.57142857142857,42.42857142857142,7.071428571428572,-88.19638570452469,5.0,1.1666666666666714
2017-06-25,22.9,18.9,25.1,86.0,1012.3,7.2,328.0,83.0,13.0,-2.199999999999932,1.191666666666606,70.57142857142857,-29.42857142857143,3.4285714285714293,26.95887016498557,9.0,3.5
2017-06-26,0.0,17.5,28.0,72.0,1013.2,5.4,41.0,28.0,7.0,-1.6000000000000227,1.6374999999997044,46.42857142857143,37.28571428571429,11.357142857142858,100.31983069965213,0.0,-4.458333333333329
2017-06-27,1.9,19.6,26.4,70.0,1010.1,7.4,329.0,66.0,3.0,-2.8999999999999773,2.599999999999909,44.57142857142857,-54.42857142857143,8.571428571428571,58.36427502494212,5.0,-5.125
2017-06-28,64.5,18.7,26.3,81.0,1004.1,7.5,37.0,84.0,12.0,-5.100000000000023,4.2000000000000455,100.0,35.14285714285714,4.12857142857143,-4.326153081897189,13.0,12.583333333333329
2017-06-29,9.8,16.9,24.0,81.0,1001.5,6.6,226.0,61.0,10.0,3.1000000000000227,3.0375000000000227,29.857142857142858,-44.71428571428571,5.628571428571427,59.209478114478884,5.0,-11.25
2017-06-30,6.7,15.2,23.4,69.0,1008.4,6.5,251.0,52.0,7.0,1.8999999999999773,2.333333333333485,94.28571428571429,45.42857142857144,9.542857142857141,118.58087937955293,6.0,13.291666666666671
2017-07-01,0.3,13.6,23.5,75.0,1011.6,4.8,356.0,24.0,5.0,2.0,2.120833333333053,46.42857142857143,42.57142857142858,8.628571428571428,-143.17957655751866,1.0,-3.75
2017-07-02,0.2,14.2,25.3,71.0,1014.1,5.3,331.0,33.0,4.0,0.39999999999997726,0.8124999999998863,48.857142857142854,31.857142857142854,10.457142857142857,-19.26887573330697,1.0,-1.5833333333333286
2017-07-03,0.6,16.3,26.4,72.0,1018.3,5.9,14.0,29.0,2.0,0.40000000000009095,1.675000000000182,40.142857142857146,13.571428571428573,8.285714285714286,133.1232457655404,1.0,5.041666666666671
2017-07-04,1.6,18.3,25.8,73.0,1020.3,5.6,29.0,56.0,3.0,-1.8000000000000682,1.279166666666697,68.42857142857143,31.85714285714286,8.8,139.11823948817562,3.0,1.5833333333333286
2017-07-05,0.0,18.3,28.0,75.0,1018.5,4.4,258.0,30.0,2.0,-2.1000000000000227,1.5000000000001137,47.142857142857146,43.28571428571429,8.385714285714284,-108.48416664718584,0.0,0.4583333333333286
2017-07-06,0.0,19.3,29.9,76.0,1017.9,6.6,292.0,19.0,4.0,-0.6999999999999318,0.9583333333332575,38.857142857142854,34.0,8.585714285714285,124.08510797649211,0.0,0.3333333333333286
2017-07-07,0.0,20.6,30.4,74.0,1016.6,5.1,10.0,36.0,4.0,-2.7000000000000455,2.183333333333394,41.0,3.7142857142857153,9.085714285714285,-159.775407947524,0.0,0.5416666666666714
2017-07-08,0.3,20.5,31.4,71.0,1015.0,5.2,302.0,39.0,5.0,-1.3999999999999773,1.3875000000001592,67.85714285714286,26.285714285714292,10.414285714285713,-41.64959210659492,1.0,-0.4583333333333428
2017-07-09,15.6,20.8,31.5,70.0,1013.5,9.1,317.0,59.0,4.0,-2.0,2.1041666666667425,89.14285714285714,73.28571428571428,11.128571428571428,-39.82694189093405,2.0,5.166666666666657
2017-07-10,13.6,21.0,28.5,77.0,1011.0,6.9,7.0,43.0,6.0,-1.2999999999999545,1.3749999999997726,32.285714285714285,8.142857142857142,7.128571428571429,108.1013759576523,4.0,4.416666666666671
2017-07-11,16.4,19.9,29.2,80.0,1012.5,6.7,47.0,58.0,10.0,1.5,1.9500000000002728,88.28571428571429,40.71428571428572,7.114285714285716,-13.428329550510028,7.0,8.125
2017-07-12,0.5,18.3,27.1,78.0,1013.1,4.6,22.0,31.0,8.0,-3.3999999999999773,2.5208333333332575,28.428571428571427,-5.714285714285719,7.82857142857143,143.62040756530115,1.0,-1.5416666666666714
2017-07-13,0.0,19.3,28.0,70.0,1013.3,8.1,53.0,32.0,3.0,-0.10000000000002274,1.262499999999818,40.42857142857143,9.285714285714288,10.200000000000001,44.96812917800895,0.0,-6.125000000000007
2017-07-14,3.1,18.2,24.7,69.0,1013.7,8.0,73.0,59.0,3.0,-1.1000000000000227,1.2666666666666515,31.428571428571427,-54.14285714285714,8.671428571428569,12.24643370997066,4.0,1.2083333333333286
2017-07-15,0.0,17.0,25.9,68.0,1015.0,7.3,6.0,45.0,0.0,1.8999999999999773,1.4666666666665833,33.42857142857143,-26.428571428571423,11.500000000000002,-126.54364880688617,0.0,-1.3333333333333286
2017-07-16,0.0,14.8,25.9,58.0,1020.8,3.9,104.0,15.0,0.0,-0.7999999999999545,1.5041666666667197,5.857142857142857,5.571428571428571,16.32857142857143,-21.524637652485183,0.0,-3.9583333333333286
2017-07-17,0.0,16.2,27.4,57.0,1021.0,5.5,304.0,28.0,0.0,-3.5,2.125,59.857142857142854,58.857142857142854,13.571428571428571,-107.29511742994248,0.0,1.875
2017-07-18,0.0,18.7,29.4,61.0,1018.8,5.9,169.0,26.0,0.0,-2.8999999999999773,1.9708333333334167,0.8571428571428571,-25.57142857142857,13.285714285714286,127.43322923827964,0.0,0.6666666666666643
2017-07-19,0.0,17.1,29.2,67.0,1016.2,5.3,208.0,36.0,4.0,-3.0,1.9583333333333712,59.285714285714285,39.14285714285714,12.785714285714286,93.7547152632747,0.0,0.5416666666666572
2017-07-20,0.0,19.0,28.6,72.0,1012.7,5.0,54.0,51.0,0.0,-3.0,2.320833333333667,69.57142857142857,28.428571428571423,9.142857142857142,78.8973457333409,0.0,2.208333333333343
2017-07-21,0.0,19.7,29.0,73.0,1012.8,5.1,349.0,69.0,0.0,-1.0,1.0249999999998636,84.71428571428571,13.57142857142857,9.171428571428569,-31.057216617370898,0.0,1.9583333333333428
2017-07-22,1.9,20.6,29.9,69.0,1012.7,6.7,46.0,48.0,3.0,0.2999999999999545,1.1499999999999773,42.42857142857143,-11.714285714285715,11.528571428571427,48.296630319454465,2.0,0.6666666666666714
2017-07-23,0.2,20.3,28.9,74.0,1013.4,5.3,15.0,40.0,1.0,-1.900000000000091,1.4916666666665606,50.0,27.142857142857142,8.12857142857143,-78.33909553462692,0.0,-1.75
2017-07-24,20.5,17.6,24.0,85.0,1006.5,7.7,0.0,91.0,12.0,-6.199999999999932,3.3833333333330984,84.28571428571429,-7.571428571428569,3.3142857142857136,19.40743117844741,8.0,2.75
2017-07-25,0.6,13.1,25.6,68.0,1004.6,6.2,296.0,47.0,1.0,-1.1999999999999318,1.2541666666668334,54.0,24.857142857142858,10.242857142857144,-53.469907674969164,2.0,4.166666666666657
2017-07-26,0.0,13.5,24.5,73.0,1005.1,4.9,321.0,76.0,1.0,-0.2999999999999545,0.8291666666666515,98.71428571428571,3.142857142857139,8.928571428571429,-154.56574499991902,0.0,3.625
2017-07-27,0.0,15.2,27.3,60.0,1009.2,6.6,318.0,53.0,0.0,-0.2999999999999545,1.0208333333332575,77.85714285714286,45.42857142857143,13.757142857142858,-175.8957150270796,0.0,9.291666666666664
2017-07-28,0.0,16.5,27.9,68.0,1011.7,6.0,76.0,36.0,1.0,0.5,1.5333333333331893,53.714285714285715,44.142857142857146,10.742857142857144,89.5652717431081,0.0,2.458333333333343
2017-07-29,0.0,19.3,28.7,70.0,1016.3,5.7,36.0,53.0,0.0,0.0,1.720833333333303,74.85714285714286,36.00000000000001,10.471428571428573,93.12228932969583,0.0,1.5416666666666572
2017-07-30,3.7,19.3,27.4,75.0,1015.6,6.5,339.0,68.0,5.0,-1.3000000000000682,1.3041666666666742,48.42857142857143,-43.28571428571428,8.37142857142857,110.39565039245088,6.0,-1.8333333333333286
2017-07-31,0.0,19.7,32.1,72.0,1016.7,5.5,293.0,14.0,2.0,0.6000000000000227,0.9833333333334622,6.0,-14.714285714285715,10.857142857142858,133.34957334836986,0.0,3.583333333333343
2017-08-01,0.0,21.0,33.5,68.0,1017.3,5.4,307.0,10.0,2.0,-1.8000000000000682,1.6041666666664014,31.0,31.0,12.299999999999999,-159.48834584646278,0.0,1.125
2017-08-02,0.0,22.3,34.0,71.0,1016.3,4.7,343.0,31.0,1.0,-0.6000000000000227,1.183333333333394,59.857142857142854,55.71428571428571,10.857142857142858,91.1772183779521,0.0,1.0416666666666714
2017-08-03,0.0,23.1,34.6,65.0,1015.1,6.7,315.0,27.0,0.0,-4.400000000000091,2.8791666666667197,54.142857142857146,51.28571428571429,12.914285714285715,173.95643307422012,0.0,2.0416666666666714
2017-08-04,0.0,24.0,35.0,67.0,1011.4,5.8,327.0,18.0,1.0,-2.1000000000000227,1.7458333333335077,53.142857142857146,51.714285714285715,12.814285714285717,45.47707149561285,0.0,-0.7083333333333286
2017-08-05,0.0,24.8,35.1,60.0,1011.1,8.0,22.0,15.0,0.0,-2.199999999999932,1.6291666666667197,17.857142857142858,-3.0,15.828571428571431,46.816040997077664,0.0,-1.125
2017-08-06,32.3,21.9,30.0,67.0,1012.2,11.4,341.0,52.0,8.0,1.6999999999999318,1.2749999999998636,87.57142857142857,50.857142857142854,7.1571428571428575,0.6079391465509048,9.0,16.916666666666657
2017-08-07,11.5,18.6,27.8,65.0,1016.6,6.1,70.0,27.0,3.0,-1.5,1.3166666666667197,11.285714285714286,-4.285714285714285,12.514285714285718,33.95863095682981,3.0,-7.875
2017-08-08,0.0,19.5,28.9,59.0,1014.4,5.5,61.0,16.0,0.0,-2.8999999999999773,1.8166666666668334,37.0,31.857142857142858,12.142857142857142,51.96792725289424,0.0,6.750000000000007
2017-08-09,3.9,20.2,30.3,70.0,1013.1,9.0,358.0,40.0,3.0,-0.1999999999999318,0.8250000000000455,59.142857142857146,23.571428571428577,10.185714285714287,-25.12079799953517,5.0,-0.6666666666666572
2017-08-10,20.8,20.0,29.7,76.0,1012.7,9.6,342.0,50.0,7.0,-0.39999999999997726,1.4916666666665606,69.71428571428571,23.857142857142854,5.399999999999999,-19.803896878444903,8.0,12.458333333333329
2017-08-11,13.7,17.6,25.9,74.0,1010.9,7.3,300.0,54.0,11.0,0.2999999999999545,1.4291666666666742,36.57142857142857,-44.71428571428572,10.585714285714285,35.13957587551573,6.0,-10.958333333333329
2017-08-12,0.0,15.5,23.9,68.0,1013.9,5.3,346.0,40.0,0.0,2.800000000000068,2.2583333333334394,21.0,-32.42857142857143,9.942857142857141,-106.75131409576193,0.0,-1.3333333333333286
2017-08-13,0.0,15.0,26.6,66.0,1017.8,5.6,312.0,29.0,0.0,-0.20000000000004547,1.1416666666663104,68.42857142857143,67.57142857142857,11.014285714285714,-110.35945883965883,0.0,1.0833333333333286
2017-08-14,0.1,20.1,26.5,68.0,1020.2,5.9,3.0,51.0,0.0,-0.39999999999997726,0.8500000000001364,29.285714285714285,-27.142857142857146,8.9,-158.9829846591586,0.0,5.125
2017-08-15,0.0,18.9,29.2,68.0,1019.8,5.4,304.0,16.0,2.0,-2.5,1.6875,16.571428571428573,14.000000000000002,11.685714285714285,-111.39310556719067,0.0,-3.75
2017-08-16,5.3,18.9,29.5,70.0,1017.8,5.6,346.0,55.0,2.0,-0.8000000000000682,0.8666666666665606,45.142857142857146,0.0,10.042857142857143,58.180405732028845,1.0,-2.458333333333343
2017-08-17,0.0,20.7,30.7,61.0,1017.6,6.2,353.0,29.0,0.0,-1.8000000000000682,1.5458333333333485,40.57142857142857,37.285714285714285,13.799999999999997,71.1097013481151,0.0,-0.0416666666666643
2017-08-18,0.0,20.2,31.7,60.0,1016.1,6.5,329.0,41.0,0.0,-3.1000000000000227,2.5624999999998863,24.0,-33.57142857142857,14.557142857142855,161.4897048751659,0.0,-7.916666666666664
2017-08-19,2.7,19.8,27.7,67.0,1013.3,6.8,60.0,76.0,4.0,0.7000000000000455,1.1416666666667652,81.0,2.714285714285708,9.342857142857142,37.8688533961344,4.0,9.041666666666657
2017-08-20,0.9,15.9,25.8,62.0,1017.1,6.1,56.0,25.0,2.0,2.0,1.9166666666666288,19.571428571428573,15.857142857142858,15.014285714285718,-116.91616478002027,1.0,-10.875
2017-08-21,0.0,16.4,24.7,57.0,1020.0,4.4,3.0,22.0,0.0,-2.0,1.8458333333331893,25.142857142857142,14.142857142857142,15.114285714285714,-59.22671407796338,0.0,2.1666666666666643
2017-08-22,0.0,16.4,24.8,58.0,1019.7,6.6,294.0,40.0,0.0,-4.199999999999932,2.7999999999999545,42.857142857142854,-10.714285714285715,11.985714285714286,165.23245093996957,0.0,5.875
2017-08-23,0.0,15.4,26.8,68.0,1017.4,5.5,262.0,27.0,0.0,-0.5,0.7333333333333485,40.142857142857146,6.285714285714292,11.52857142857143,178.038459518252,0.0,-0.9166666666666714
2017-08-24,0.0,16.9,28.3,71.0,1018.4,5.7,6.0,21.0,2.0,0.0,0.6041666666667425,52.142857142857146,52.142857142857146,10.599999999999998,108.12033036604157,0.0,0.7083333333333286
2017-08-25,0.9,19.0,29.1,73.0,1019.1,3.9,273.0,44.0,5.0,-1.099999999999909,0.9375000000002274,84.14285714285714,65.57142857142857,9.72857142857143,-168.50580870216316,2.0,-1.9583333333333286
2017-08-26,0.0,19.4,30.9,71.0,1017.3,5.5,290.0,36.0,5.0,-2.7000000000000455,1.9458333333333258,86.28571428571429,76.0,11.028571428571428,-74.0560052021608,0.0,1.375
2017-08-27,0.0,20.1,32.7,63.0,1014.8,6.6,301.0,36.0,1.0,-2.300000000000068,2.016666666666765,71.71428571428571,65.85714285714285,13.885714285714288,-93.19944858535848,0.0,0.4583333333333357
2017-08-28,0.5,22.0,29.9,63.0,1014.9,8.1,32.0,60.0,1.0,-0.1999999999999318,1.0958333333331893,37.57142857142857,-50.42857142857143,12.500000000000002,31.329151346746897,1.0,-1.7083333333333357
2017-08-29,0.0,17.8,28.9,65.0,1016.8,5.9,75.0,12.0,2.0,-1.8000000000000682,1.5749999999999318,29.285714285714285,23.0,12.7,120.13167275944738,0.0,-0.7083333333333428
2017-08-30,0.0,18.4,29.6,65.0,1015.8,5.9,86.0,18.0,0.0,-2.099999999999909,1.9416666666668334,30.142857142857142,22.0,12.0,114.94087520795597,0.0,2.291666666666657
2017-08-31,0.0,19.6,29.5,72.0,1014.4,5.7,157.0,41.0,0.0,-0.6000000000000227,0.9499999999999318,76.85714285714286,70.57142857142857,9.757142857142856,109.34751679054477,0.0,5.166666666666671
2017-09-01,35.5,17.4,22.6,89.0,1013.0,7.7,28.0,79.0,17.0,-2.300000000000068,1.7833333333335304,58.142857142857146,-41.857142857142854,2.742857142857143,-19.103916520371996,13.0,3.541666666666657
2017-09-02,26.8,13.3,18.9,86.0,1009.6,11.0,33.0,70.0,17.0,-2.7000000000000455,2.1291666666667197,93.57142857142857,33.0,2.6142857142857143,-10.395363569347182,16.0,0.125
2017-09-03,5.2,13.3,22.2,66.0,1011.0,7.2,306.0,68.0,5.0,2.3999999999999773,1.633333333333212,44.285714285714285,-41.42857142857142,11.571428571428571,14.930969210807632,5.0,7.25
2017-09-04,0.7,12.1,20.7,80.0,1016.9,5.1,11.0,61.0,6.0,1.5,2.1166666666666742,72.71428571428571,4.142857142857139,5.6000000000000005,93.6006688904776,1.0,5.0
2017-09-05,0.1,14.0,23.0,76.0,1019.7,3.9,1.0,37.0,5.0,-1.2999999999999545,1.3374999999998636,20.142857142857142,-36.57142857142857,8.557142857142859,86.31140358103539,0.0,-0.6666666666666572
2017-09-06,4.7,15.8,24.3,82.0,1016.9,4.7,225.0,65.0,7.0,-3.199999999999932,2.483333333333235,83.28571428571429,33.71428571428572,5.5857142857142845,103.48232398582832,3.0,9.416666666666671
2017-09-07,16.4,15.8,21.6,85.0,1013.6,9.9,70.0,73.0,12.0,0.5,0.7374999999999545,84.28571428571429,23.000000000000007,4.314285714285715,-21.397517625094167,10.0,-6.583333333333329
2017-09-08,0.0,14.5,22.9,75.0,1013.1,5.8,78.0,37.0,3.0,-2.400000000000091,1.8708333333332803,36.42857142857143,6.285714285714288,8.6,104.33844327556426,0.0,4.083333333333329
2017-09-09,6.7,15.2,22.2,81.0,1006.7,6.0,65.0,52.0,10.0,-4.0,2.762499999999932,86.71428571428571,55.85714285714285,5.842857142857142,27.94127703799711,8.0,5.791666666666671
2017-09-10,53.8,16.6,18.1,92.0,1003.9,9.4,58.0,99.0,24.0,2.3999999999999773,1.6041666666666288,99.0,-1.0,1.6857142857142866,-29.291732865219785,23.0,-1.0
2017-09-11,8.4,16.8,21.3,87.0,1002.3,5.6,21.0,97.0,12.0,-2.5,2.1708333333333485,98.0,0.1428571428571388,3.028571428571429,52.88461629542479,13.0,-2.541666666666657
2017-09-12,14.7,10.5,18.0,86.0,1006.8,6.6,21.0,73.0,19.0,7.2999999999999545,4.641666666666538,56.0,-42.14285714285714,4.185714285714285,-68.0268168597035,12.0,4.0
2017-09-13,0.0,9.8,20.5,77.0,1017.5,5.1,286.0,44.0,5.0,0.39999999999997726,2.5916666666664696,61.57142857142857,6.285714285714285,7.514285714285713,-145.21620301658987,0.0,5.666666666666671
2017-09-14,6.7,15.0,19.2,86.0,1012.7,4.7,359.0,64.0,13.0,-5.899999999999977,4.6041666666667425,91.0,45.714285714285715,3.3714285714285714,99.83906388588196,6.0,4.583333333333329
2017-09-15,0.6,13.2,17.6,78.0,1012.6,6.4,57.0,81.0,6.0,-0.10000000000002274,3.137500000000273,96.28571428571429,9.142857142857153,6.471428571428571,8.982120658779252,1.0,2.0
2017-09-16,6.5,13.1,19.8,85.0,1009.8,4.2,172.0,87.0,17.0,0.39999999999997726,1.0166666666666515,72.0,-14.0,5.171428571428572,-171.161751065238,11.0,3.5416666666666714
2017-09-17,3.7,12.5,20.5,76.0,1010.9,7.8,302.0,46.0,7.0,0.900000000000091,1.1583333333331893,30.0,1.0,9.2,-113.62552426003703,5.0,0.75
2017-09-18,6.5,11.0,18.9,81.0,1014.6,5.8,26.0,77.0,11.0,0.7999999999999545,0.7625000000001592,100.0,37.42857142857143,5.771428571428572,23.30155031891033,7.0,12.375
2017-09-19,19.7,11.5,14.3,88.0,1011.7,7.0,291.0,100.0,23.0,0.10000000000002274,1.2333333333335759,100.0,0.4285714285714306,2.2714285714285714,-92.51035273015964,21.0,5.166666666666671
2017-09-20,0.0,10.5,21.9,73.0,1014.6,5.3,310.0,52.0,9.0,2.6000000000000227,1.8166666666668334,13.142857142857142,-59.28571428571429,11.742857142857142,135.02086347458135,0.0,0.5416666666666714
2017-09-21,0.0,8.6,19.8,63.0,1018.5,6.5,310.0,1.0,0.0,-0.39999999999997726,0.9458333333332121,2.142857142857143,2.142857142857143,10.557142857142855,-63.96152537625255,0.0,2.4583333333333286
2017-09-22,0.0,9.3,19.9,76.0,1020.3,5.6,10.0,27.0,1.0,0.39999999999997726,0.9708333333334167,61.57142857142857,38.57142857142857,6.857142857142857,70.58528229346689,0.0,5.916666666666671
2017-09-23,1.3,11.4,20.2,82.0,1020.6,4.7,336.0,57.0,9.0,-2.1000000000000227,1.5874999999999773,59.142857142857146,0.8571428571428612,5.6000000000000005,155.2128827681097,1.0,1.5416666666666714
2017-09-24,22.8,12.8,16.5,93.0,1019.2,4.4,22.0,92.0,24.0,0.39999999999997726,0.47916666666662877,97.85714285714286,-1.4285714285714306,1.6714285714285713,18.74779044788565,19.0,-0.2083333333333286
2017-09-25,0.1,11.0,19.2,79.0,1019.8,6.7,24.0,48.0,9.0,0.8999999999999773,0.8291666666665378,20.714285714285715,-38.714285714285715,7.885714285714284,31.639913770000135,0.0,-1.6666666666666714
2017-09-26,0.0,10.8,20.4,74.0,1021.3,6.2,8.0,26.0,3.0,0.0,0.6750000000001819,50.42857142857143,46.285714285714285,8.328571428571427,73.76017364130263,0.0,4.375
2017-09-27,0.0,12.5,21.9,72.0,1023.2,6.7,359.0,35.0,1.0,0.7000000000000455,0.8624999999999545,27.285714285714285,-9.142857142857146,7.957142857142857,38.23390476609785,0.0,7.583333333333329
2017-09-28,0.0,11.2,22.1,73.0,1025.7,5.4,15.0,50.0,4.0,-0.20000000000004547,0.724999999999909,86.71428571428571,53.857142857142854,9.085714285714287,95.88186957237946,0.0,-2.041666666666657
2017-09-29,0.0,13.1,20.0,66.0,1024.8,5.9,35.0,84.0,0.0,-2.599999999999909,2.087500000000091,96.0,26.42857142857143,8.514285714285714,31.403086727805885,0.0,1.2916666666666714
2017-09-30,0.0,14.0,18.3,65.0,1021.7,4.9,55.0,85.0,0.0,-3.0,2.2875000000000227,74.57142857142857,-18.14285714285714,8.557142857142859,14.264115619353618,0.0,8.5
2017-10-01,0.1,12.3,16.6,71.0,1021.5,5.2,20.0,90.0,0.0,1.5,1.408333333333644,100.0,16.85714285714286,6.642857142857144,-95.27931620550822,0.0,8.666666666666671
2017-10-02,0.0,12.0,18.8,72.0,1023.4,4.5,18.0,51.0,1.0,-1.400000000000091,1.1583333333334167,71.85714285714286,56.0,8.428571428571427,-164.98184890665868,0.0,6.5
2017-10-03,1.0,12.3,15.9,84.0,1020.3,3.6,13.0,74.0,6.0,-1.0,1.6541666666665833,55.714285714285715,-43.42857142857142,3.414285714285715,15.930896051379591,2.0,10.083333333333329
2017-10-04,0.0,10.9,19.6,80.0,1024.0,6.3,329.0,63.0,6.0,-1.3999999999998636,1.470833333333303,88.0,28.42857142857143,5.757142857142858,-146.5567385033992,0.0,7.041666666666657
2017-10-05,0.1,12.6,19.2,84.0,1017.1,5.0,37.0,56.0,10.0,-7.399999999999977,7.008333333333439,40.0,-2.142857142857146,4.814285714285715,28.840305882543248,0.0,3.25
2017-10-06,1.9,9.2,18.1,83.0,1010.9,8.3,12.0,39.0,9.0,3.8999999999999773,2.575000000000159,30.714285714285715,14.857142857142858,5.371428571428572,-48.1524662148139,2.0,-0.0833333333333286
2017-10-07,0.0,6.3,18.4,73.0,1018.7,6.7,332.0,9.0,3.0,0.5,1.8333333333335986,13.285714285714286,-4.857142857142856,7.957142857142857,100.46884399962028,0.0,6.041666666666671
2017-10-08,0.0,9.7,17.6,75.0,1015.4,4.1,344.0,54.0,0.0,-0.5,1.324999999999818,19.285714285714285,-57.714285714285715,6.857142857142856,36.1789050867697,0.0,4.208333333333343
2017-10-09,0.0,8.5,19.2,80.0,1017.2,4.6,334.0,27.0,10.0,-0.20000000000004547,0.9041666666664696,37.857142857142854,29.285714285714285,6.885714285714286,174.35145067935673,0.0,8.791666666666671
2017-10-10,0.0,10.2,18.8,83.0,1019.2,4.6,23.0,35.0,10.0,0.8000000000000682,1.4416666666668334,28.428571428571427,7.0,5.500000000000001,68.13231119966693,0.0,5.583333333333343
2017-10-11,0.0,11.0,18.6,84.0,1022.8,3.9,289.0,47.0,12.0,-0.3000000000000682,0.941666666666606,34.142857142857146,-28.857142857142854,4.757142857142858,172.23854747144014,0.0,4.75
2017-10-12,0.1,11.5,20.3,84.0,1024.1,4.4,333.0,50.0,9.0,1.4999999999998863,1.2458333333335077,28.285714285714285,-50.42857142857142,5.6571428571428575,-137.8073205264575,0.0,2.5833333333333286
2017-10-13,0.0,9.8,20.2,83.0,1026.2,4.1,300.0,53.0,11.0,-0.900000000000091,1.125,50.285714285714285,-35.714285714285715,5.342857142857143,-70.61536225676099,0.0,2.8333333333333286
2017-10-14,0.0,9.0,21.8,79.0,1027.4,4.3,316.0,3.0,8.0,-0.09999999999990905,0.8833333333334394,0.0,-2.142857142857143,7.82857142857143,-134.95476008507885,0.0,3.4166666666666714
2017-10-15,0.0,9.0,22.0,79.0,1027.8,5.3,313.0,0.0,10.0,-1.400000000000091,1.033333333333303,0.0,0.0,8.214285714285715,-55.125927821695655,0.0,5.791666666666671
2017-10-16,0.0,9.2,22.3,80.0,1026.8,5.4,318.0,0.0,9.0,-0.7999999999999545,0.9249999999997272,0.0,0.0,7.457142857142858,-61.34617013162352,0.0,1.7916666666666714
2017-10-17,0.0,8.7,20.9,79.0,1024.6,4.9,328.0,59.0,5.0,-2.400000000000091,2.2250000000000227,95.71428571428571,47.57142857142856,6.771428571428572,119.36961960514964,0.0,2.9583333333333286
2017-10-18,0.0,9.2,17.7,86.0,1019.9,4.0,29.0,44.0,11.0,-2.5,2.0375000000000227,51.285714285714285,37.857142857142854,4.271428571428571,39.58682424361487,0.0,3.7916666666666714
2017-10-19,0.0,10.9,16.7,86.0,1018.7,3.5,271.0,50.0,11.0,-0.2999999999999545,0.8583333333333485,47.285714285714285,-19.857142857142854,4.442857142857143,-81.63108981597429,0.0,4.541666666666671
2017-10-20,0.0,9.7,15.2,89.0,1019.9,4.0,308.0,45.0,10.0,1.3999999999999773,1.1541666666665833,69.28571428571429,41.57142857142858,3.328571428571429,-146.3047362180082,0.0,-0.7083333333333428
2017-10-21,0.0,11.6,15.2,88.0,1020.4,3.1,326.0,75.0,12.0,-1.2000000000000455,1.2083333333332575,91.42857142857143,38.142857142857146,3.057142857142857,35.68424867393634,0.0,5.083333333333329
2017-10-22,12.0,10.1,16.3,86.0,1013.7,4.3,65.0,100.0,16.0,-6.2000000000000455,3.9291666666666742,99.71428571428571,-0.2857142857142918,3.1000000000000005,44.2678348475288,11.0,-0.75
2017-10-23,0.3,6.8,18.7,67.0,1012.5,5.7,317.0,35.0,1.0,2.3999999999999773,1.8624999999999545,0.42857142857142855,-30.42857142857143,10.642857142857142,45.961039288140284,1.0,-9.458333333333329
2017-10-24,0.0,6.8,20.5,55.0,1019.3,8.3,321.0,9.0,0.0,1.8999999999999773,3.270833333333485,30.714285714285715,30.714285714285715,11.142857142857142,62.227464210147275,0.0,5.166666666666664
2017-10-25,0.0,4.8,17.6,75.0,1025.4,6.1,299.0,64.0,3.0,0.900000000000091,1.7666666666665378,66.57142857142857,-24.0,7.442857142857143,-23.016130991611703,0.0,13.125
2017-10-26,0.0,6.6,17.8,81.0,1025.3,4.0,331.0,47.0,10.0,-2.1000000000001364,1.9708333333330756,41.57142857142857,2.4285714285714235,6.357142857142857,73.17511902081998,0.0,4.458333333333329
2017-10-27,0.0,8.7,17.3,75.0,1018.2,4.7,11.0,48.0,3.0,-3.2999999999999545,5.112499999999727,11.857142857142858,-61.42857142857143,5.971428571428572,86.26745503413753,0.0,-14.083333333333336
2017-10-28,0.0,6.6,15.5,61.0,1018.7,6.3,322.0,79.0,0.0,-5.399999999999977,3.4499999999997044,79.57142857142857,-20.285714285714292,9.27142857142857,55.82189740967692,0.0,17.708333333333336
2017-10-29,0.0,4.8,14.0,80.0,1006.7,6.3,21.0,93.0,7.0,-6.7999999999999545,6.333333333333599,98.28571428571429,-1.5714285714285694,4.942857142857142,102.84616525681525,0.0,3.3333333333333286
2017-10-30,0.0,5.6,16.0,62.0,1015.6,6.2,41.0,14.0,1.0,5.2000000000000455,6.929166666666561,8.285714285714286,6.428571428571429,9.342857142857143,91.62014450158551,0.0,17.41666666666667
2017-10-31,0.0,5.7,13.8,64.0,1024.7,4.6,3.0,47.0,0.0,-0.2999999999999545,1.362500000000182,36.285714285714285,-17.57142857142857,10.214285714285714,22.26389537180907,0.0,7.666666666666671
2017-11-01,0.0,4.8,14.7,76.0,1024.5,5.8,318.0,18.0,3.0,-1.6000000000001364,1.2958333333331211,5.571428571428571,-8.285714285714286,6.242857142857143,-37.23288719098622,0.0,10.166666666666671
2017-11-02,0.0,4.5,13.0,85.0,1020.5,4.7,353.0,91.0,9.0,-4.2999999999999545,2.9708333333334167,99.71428571428571,4.428571428571416,4.171428571428572,72.74285538656073,0.0,0.041666666666671404
2017-11-03,0.0,5.2,15.4,83.0,1017.2,4.7,344.0,29.0,7.0,0.7000000000000455,0.9166666666668561,24.285714285714285,20.285714285714285,5.271428571428572,-8.114578363399232,0.0,1.3333333333333286
2017-11-04,1.1,9.2,13.9,86.0,1018.8,3.0,14.0,84.0,8.0,-0.5,0.7541666666664923,100.0,9.857142857142861,2.7857142857142856,-93.61459344164871,5.0,6.125
2017-11-05,48.1,10.4,14.3,92.0,1012.1,10.5,88.0,97.0,23.0,-7.899999999999977,6.650000000000091,100.0,7.571428571428569,1.414285714285714,98.65885747494684,16.0,2.9166666666666714
2017-11-06,30.0,9.1,13.8,70.0,1008.9,13.4,359.0,97.0,10.0,5.2000000000000455,4.416666666666515,99.0,-1.0,7.557142857142857,57.65965632511785,12.0,-5.541666666666671
2017-11-07,8.2,8.8,12.7,77.0,1013.3,9.4,350.0,99.0,12.0,2.0,1.2291666666667425,99.71428571428571,1.1428571428571388,5.114285714285714,77.44961479087948,13.0,7.833333333333329
2017-11-08,0.0,6.1,14.5,75.0,1015.4,7.5,345.0,64.0,2.0,0.900000000000091,0.9916666666669016,85.42857142857143,53.714285714285715,7.071428571428572,94.75281772185463,0.0,-1.2916666666666714
2017-11-09,4.6,7.0,12.8,83.0,1020.6,5.1,34.0,78.0,8.0,1.900000000000091,2.3541666666666288,60.857142857142854,-36.42857142857144,4.114285714285714,7.612053336580459,8.0,2.5
2017-11-10,0.0,3.2,13.2,80.0,1020.5,4.6,330.0,54.0,4.0,-4.2999999999999545,3.1999999999997044,97.85714285714286,82.42857142857143,5.9142857142857155,-46.614247231033005,0.0,2.9583333333333286
2017-11-11,0.0,5.5,11.6,86.0,1014.9,4.0,347.0,63.0,11.0,-2.1000000000000227,2.8083333333331666,70.0,0.0,3.8857142857142857,-0.8664189466501853,0.0,5.916666666666671
2017-11-12,1.9,6.9,9.7,89.0,1007.4,3.3,10.0,85.0,15.0,-6.399999999999977,9.40416666666681,96.42857142857143,23.285714285714292,2.8714285714285714,12.281361993358871,5.0,3.5416666666666714
2017-11-13,19.3,3.1,8.7,82.0,1000.3,7.8,303.0,99.0,14.0,9.399999999999977,6.429166666667015,99.14285714285714,-0.142857142857153,4.2,137.06151997887878,14.0,-0.3333333333333286
2017-11-14,0.0,2.4,11.4,68.0,1016.3,3.4,323.0,42.0,3.0,5.199999999999932,6.395833333333599,0.8571428571428571,-58.42857142857143,7.557142857142858,120.41078640635396,0.0,13.25
2017-11-15,0.0,-0.1,11.1,59.0,1021.5,4.0,316.0,25.0,1.0,0.8999999999999773,1.0124999999999318,45.285714285714285,42.285714285714285,10.914285714285715,-12.685896291607492,0.0,0.5
2017-11-16,0.0,4.2,13.0,66.0,1021.1,4.0,316.0,27.0,0.0,-2.2000000000000455,1.9833333333333485,2.4285714285714284,-41.14285714285714,7.457142857142857,-121.94397440955152,0.0,6.625
2017-11-17,0.0,2.1,12.4,81.0,1019.5,5.0,343.0,33.0,6.0,-0.10000000000002274,1.3208333333333258,29.857142857142858,-6.571428571428573,5.671428571428572,121.76838258712792,0.0,3.583333333333343
2017-11-18,0.0,1.4,12.4,81.0,1018.6,4.7,284.0,19.0,7.0,-1.2999999999999545,1.4458333333334394,8.571428571428571,4.428571428571428,5.714285714285714,-18.02414161335588,0.0,7.875
2017-11-19,1.5,1.4,10.6,73.0,1014.5,5.0,328.0,33.0,2.0,-1.3999999999999773,2.7124999999998636,0.0,-81.57142857142857,5.0857142857142845,11.196042379468963,2.0,-13.166666666666671
2017-11-20,0.0,1.3,9.6,58.0,1019.6,9.0,332.0,22.0,0.0,-0.10000000000002274,2.2333333333333485,28.428571428571427,24.0,8.200000000000001,24.480871446728997,0.0,19.66666666666667
2017-11-21,0.0,1.0,9.4,76.0,1019.0,4.6,327.0,67.0,1.0,0.39999999999997726,0.9125000000001364,59.0,-7.428571428571431,6.5,22.3890595750147,0.0,8.583333333333329
2017-11-22,0.0,1.0,10.0,84.0,1020.3,4.4,333.0,20.0,12.0,0.6000000000000227,0.754166666666606,1.7142857142857142,-36.285714285714285,4.957142857142856,58.508712867752706,0.0,5.083333333333329
2017-11-23,0.0,2.6,10.9,83.0,1020.4,5.1,324.0,73.0,7.0,0.0,0.8041666666666742,66.71428571428571,-23.571428571428584,4.614285714285714,13.997210080041953,0.0,6.291666666666671
2017-11-24,0.0,0.9,12.0,81.0,1021.5,5.1,316.0,63.0,2.0,-0.7999999999999545,0.8374999999997499,93.42857142857143,86.42857142857143,5.485714285714287,-40.656416551335894,0.0,5.625
2017-11-25,8.8,6.0,9.2,88.0,1014.9,3.8,345.0,99.0,10.0,-7.399999999999977,5.34166666666647,100.0,0.0,1.657142857142857,4.204052533570064,9.0,4.666666666666671
2017-11-26,3.2,-1.0,9.1,79.0,1015.8,6.9,47.0,67.0,8.0,7.600000000000023,6.31666666666672,23.571428571428573,-75.85714285714286,3.028571428571428,-147.75249800799185,7.0,-14.416666666666671
2017-11-27,0.0,-2.2,7.7,67.0,1024.4,6.9,323.0,3.0,2.0,0.20000000000004547,1.3833333333334394,7.142857142857143,7.142857142857143,8.085714285714285,68.70362954303647,0.0,16.375
2017-11-28,0.8,-2.4,5.0,74.0,1017.8,4.4,349.0,88.0,3.0,-5.7000000000000455,5.149999999999864,99.42857142857143,12.285714285714292,6.728571428571429,-5.892396095662889,3.0,-4.666666666666671
2017-11-29,1.5,2.2,6.8,89.0,1006.9,5.0,336.0,96.0,11.0,-4.699999999999932,5.020833333333144,100.0,0.4285714285714306,2.257142857142857,-51.75585359731525,5.0,3.5
2017-11-30,10.5,0.7,7.9,90.0,1001.9,6.8,329.0,61.0,20.0,4.7000000000000455,2.5625000000001137,53.57142857142857,-22.14285714285714,2.814285714285714,33.77191819654456,8.0,6.0
2017-12-01,0.1,-1.8,7.3,69.0,1010.9,8.6,345.0,55.0,2.0,3.2999999999999545,3.433333333333394,99.71428571428571,77.57142857142857,7.728571428571429,45.13748405739335,0.0,3.583333333333343
2017-12-02,0.0,-2.8,8.3,62.0,1017.0,8.8,359.0,73.0,0.0,1.7999999999999545,1.862500000000182,84.57142857142857,14.285714285714278,9.657142857142857,65.48515863455754,0.0,12.666666666666671
2017-12-03,0.0,-3.9,5.9,66.0,1020.5,5.9,322.0,33.0,0.0,3.400000000000091,3.0083333333333258,3.7142857142857144,-59.285714285714285,7.442857142857144,90.88939680082319,0.0,12.166666666666671
2017-12-04,0.0,-4.0,4.6,72.0,1026.6,4.5,320.0,28.0,0.0,1.8999999999998636,1.2333333333328937,75.71428571428571,68.28571428571428,5.428571428571429,50.00944799583539,0.0,2.4166666666666714
2017-12-05,0.0,-3.9,7.9,65.0,1032.0,4.2,316.0,1.0,0.0,2.900000000000091,2.925000000000182,0.0,-2.857142857142857,11.200000000000001,27.787004095548866,0.0,-0.0833333333333286
2017-12-06,0.0,-2.2,6.8,68.0,1032.7,3.4,339.0,0.0,0.0,-1.0,1.150000000000091,0.0,0.0,9.200000000000001,-37.052237331907975,0.0,5.75
2017-12-07,0.0,-1.2,5.5,82.0,1029.7,3.6,351.0,34.0,1.0,-2.800000000000182,3.6166666666665606,14.571428571428571,-44.85714285714286,3.5571428571428574,30.54654944108239,0.0,5.875
2017-12-08,3.3,-1.3,3.9,91.0,1016.1,3.9,337.0,96.0,20.0,-10.600000000000023,8.704166666666652,97.71428571428571,-2.285714285714292,1.0,2.8374738756613738,4.0,2.7916666666666714
2017-12-09,4.4,-3.1,6.7,72.0,1010.7,6.8,318.0,58.0,4.0,5.7999999999999545,3.9208333333333485,1.4285714285714286,-97.14285714285714,7.528571428571429,17.853221380398622,4.0,-22.04166666666667
2017-12-10,5.5,-3.7,2.3,66.0,1012.2,5.1,345.0,79.0,7.0,-7.5,6.924999999999841,100.0,35.71428571428571,6.242857142857143,-39.30410593718722,8.0,18.291666666666657
2017-12-11,28.5,0.2,10.5,92.0,1001.1,7.9,342.0,100.0,24.0,-2.7000000000000455,3.1708333333333485,100.0,0.0,1.4857142857142855,21.175476292581493,22.0,0.375
2017-12-12,14.0,5.3,11.7,88.0,1006.2,6.9,271.0,96.0,16.0,10.099999999999909,8.629166666666606,99.71428571428571,10.285714285714278,2.4571428571428577,65.8695978673585,9.0,2.375
2017-12-13,0.4,2.8,7.0,84.0,1015.9,5.8,49.0,85.0,9.0,1.1000000000000227,2.1999999999997044,94.14285714285714,-2.285714285714292,3.885714285714286,13.317784788849764,0.0,-1.9583333333333286
2017-12-14,0.4,0.9,6.4,88.0,1008.1,3.7,353.0,74.0,11.0,-2.7999999999999545,4.2333333333333485,57.42857142857143,-27.85714285714286,2.6714285714285713,26.96749584569548,1.0,4.375
2017-12-15,1.5,2.3,9.7,89.0,999.2,4.8,343.0,95.0,17.0,-2.2999999999999545,2.425000000000068,98.85714285714286,8.142857142857153,2.8142857142857145,-13.947029256221981,3.0,3.0416666666666714
2017-12-16,3.9,-1.8,8.5,85.0,1005.9,5.6,358.0,65.0,15.0,7.599999999999909,6.220833333333417,39.285714285714285,-34.57142857142858,5.071428571428571,37.45338138791146,6.0,3.2083333333333286
2017-12-17,0.0,-1.6,7.4,62.0,1018.2,9.7,328.0,10.0,0.0,5.2999999999999545,5.070833333333212,12.285714285714286,-4.7142857142857135,8.414285714285715,5.353764819969001,0.0,10.374999999999993
2017-12-18,0.0,-2.3,5.3,61.0,1024.4,7.9,340.0,33.0,0.0,1.2999999999999545,1.050000000000182,15.571428571428571,-60.0,7.928571428571429,32.19190327741899,0.0,10.541666666666664
2017-12-19,0.0,-4.8,4.0,75.0,1031.5,4.0,325.0,29.0,0.0,1.900000000000091,3.1041666666667425,45.714285714285715,30.857142857142858,6.471428571428573,-17.293395044537476,0.0,8.041666666666657
2017-12-20,0.0,-2.7,5.6,78.0,1032.9,3.9,314.0,17.0,3.0,1.2000000000000455,1.2541666666668334,0.0,-1.1428571428571428,6.1,-63.12839622091144,0.0,6.291666666666671
2017-12-21,0.0,-5.4,4.5,68.0,1034.0,3.7,324.0,20.0,2.0,-1.5,1.841666666666697,45.42857142857143,42.0,8.828571428571427,-8.123550611833991,0.0,-0.7083333333333286
2017-12-22,0.0,-2.3,9.3,70.0,1030.6,5.2,310.0,52.0,2.0,-0.7999999999999545,1.2291666666667425,80.42857142857143,31.571428571428577,7.742857142857141,-10.168348602425453,0.0,0.375
2017-12-23,0.0,-2.7,9.7,74.0,1030.2,4.5,321.0,65.0,3.0,0.09999999999990905,1.0041666666668334,98.85714285714286,50.28571428571429,8.057142857142859,16.71686511049535,0.0,1.5
2017-12-24,0.0,-1.2,7.0,69.0,1028.0,2.9,338.0,3.0,0.0,-1.599999999999909,1.5458333333335759,0.7142857142857143,0.7142857142857143,7.371428571428571,28.569278721393857,0.0,-7.916666666666671
2017-12-25,0.0,-1.2,5.8,77.0,1026.5,3.4,340.0,19.0,6.0,-1.400000000000091,2.1291666666663787,36.714285714285715,34.142857142857146,3.442857142857143,-3.9747869508756253,0.0,14.791666666666657
2017-12-26,0.3,-0.5,7.1,86.0,1017.7,4.4,350.0,89.0,7.0,-6.0,6.1083333333333485,69.0,-31.0,3.1,75.86346404880226,0.0,5.5
2017-12-27,31.8,3.5,7.3,94.0,998.8,8.0,18.0,99.0,22.0,-14.299999999999955,11.737499999999727,100.0,2.142857142857139,0.8142857142857141,16.468556846282127,20.0,-0.875
2017-12-28,7.7,2.6,6.8,92.0,991.4,7.0,344.0,97.0,24.0,7.2000000000000455,5.5,100.0,7.571428571428569,1.4999999999999998,-59.978927516508065,9.0,2.4166666666666714
2017-12-29,0.0,-1.6,7.2,59.0,1009.3,7.7,326.0,57.0,1.0,7.199999999999932,7.999999999999886,35.42857142857143,-13.428571428571423,9.885714285714286,-88.0569884330273,0.0,11.333333333333336
2017-12-30,0.0,-2.7,4.7,69.0,1015.8,7.8,331.0,49.0,0.0,2.5,2.4000000000002046,29.428571428571427,-36.42857142857143,7.0,17.818897781565624,0.0,9.75
2017-12-31,0.0,-3.3,5.0,78.0,1020.3,4.3,326.0,32.0,0.0,0.20000000000004547,1.6124999999999545,50.57142857142857,46.0,5.142857142857143,-8.817988721066172,0.0,3.4166666666666714
2018-01-01,24.1,0.5,5.8,88.0,1012.6,7.0,327.0,92.0,16.0,-5.399999999999977,3.8416666666669244,92.42857142857143,-7.428571428571431,1.6571428571428568,-21.272194539215377,13.0,3.833333333333343
2018-01-02,0.0,-0.1,8.9,84.0,1011.3,8.0,329.0,58.0,5.0,6.399999999999977,3.758333333333212,15.714285714285714,-56.285714285714285,2.914285714285714,44.8762451832452,0.0,-0.7083333333333286
2018-01-03,1.1,-2.1,5.2,74.0,1010.6,7.4,341.0,49.0,5.0,-9.799999999999955,6.383333333333439,39.142857142857146,-11.428571428571423,3.9714285714285715,19.415295871034175,4.0,13.916666666666657
2018-01-04,0.0,-2.5,7.0,78.0,1008.1,5.9,348.0,69.0,3.0,-0.6000000000000227,1.0541666666664469,42.142857142857146,-36.285714285714285,5.071428571428571,22.644623255311558,0.0,9.541666666666657
2018-01-05,0.0,-1.7,10.0,81.0,1008.7,6.7,323.0,51.0,8.0,3.0,2.1625000000000227,60.57142857142857,-5.142857142857139,5.8428571428571425,-6.333254046271861,0.0,5.791666666666671
2018-01-06,0.3,3.5,11.1,81.0,1012.8,5.2,334.0,80.0,3.0,2.5,1.870833333333394,80.28571428571429,17.142857142857146,4.071428571428571,1.4678161360835702,1.0,5.625
2018-01-07,2.3,4.1,10.9,86.0,1020.1,5.5,345.0,92.0,10.0,5.0,4.037499999999909,99.57142857142857,12.142857142857139,2.6571428571428575,12.654193511904452,6.0,0.875
2018-01-08,10.2,8.7,12.3,88.0,1024.5,9.0,357.0,95.0,15.0,0.2999999999999545,0.6000000000002501,85.85714285714286,-12.57142857142857,2.1000000000000005,18.244341176960575,19.0,0.04166666666665719
2018-01-09,59.7,6.1,11.6,91.0,1020.7,9.7,45.0,98.0,22.0,-2.7000000000000455,1.9708333333331893,96.57142857142857,-3.4285714285714306,1.4428571428571428,-95.22857809645387,21.0,2.875
2018-01-10,0.0,2.4,10.3,89.0,1015.7,4.0,317.0,51.0,14.0,-2.2999999999999545,2.0666666666664923,63.142857142857146,46.85714285714286,3.3714285714285714,-100.54073663257864,0.0,1.5833333333333286
2018-01-11,0.0,0.3,10.1,83.0,1013.6,4.1,350.0,51.0,10.0,1.1000000000000227,1.0125000000000455,71.57142857142857,45.71428571428571,5.542857142857143,79.72944899475078,0.0,-2.0
2018-01-12,0.0,-1.9,9.9,77.0,1019.8,5.7,318.0,9.0,4.0,2.7999999999999545,3.3875000000000455,3.4285714285714284,-1.4285714285714284,6.985714285714287,7.289492345820861,0.0,9.125
2018-01-13,0.0,0.8,9.3,69.0,1022.6,6.1,320.0,58.0,0.0,-1.3999999999999773,1.220833333333303,28.0,-50.14285714285714,6.799999999999999,-42.40471337678986,0.0,8.208333333333343
2018-01-14,0.0,0.8,6.5,73.0,1022.5,4.8,39.0,62.0,0.0,0.8999999999999773,1.008333333333212,83.28571428571429,36.142857142857146,5.771428571428571,60.04260877293723,0.0,-5.375
2018-01-15,0.0,0.8,5.7,76.0,1023.3,4.1,39.0,70.0,0.0,-2.7999999999999545,3.691666666666606,61.714285714285715,6.857142857142861,5.028571428571428,-102.3421341037685,0.0,8.041666666666671
2018-01-16,2.1,1.2,4.6,92.0,1010.4,3.5,343.0,88.0,17.0,-7.2000000000000455,5.716666666666583,69.71428571428571,-27.285714285714292,2.157142857142857,-167.79087548982034,6.0,2.875
2018-01-17,1.9,-1.1,8.9,69.0,1002.1,7.7,303.0,38.0,9.0,6.599999999999909,4.937500000000114,23.0,-22.857142857142854,6.571428571428571,-25.29528612536984,3.0,-39.25
2018-01-18,0.0,-2.4,6.2,55.0,1013.1,9.2,347.0,6.0,0.0,-1.8999999999999773,2.241666666666788,8.285714285714286,-2.7142857142857135,8.12857142857143,61.5333048567108,0.0,11.999999999999993
2018-01-19,0.4,-3.5,9.0,77.0,1009.5,5.2,331.0,14.0,1.0,1.1999999999999318,0.9875000000001819,48.57142857142857,48.42857142857142,5.785714285714286,-29.559664703532007,1.0,7.208333333333343
2018-01-20,0.6,-2.6,7.4,72.0,1012.2,5.7,331.0,65.0,1.0,-3.2000000000000455,5.037500000000023,95.0,60.42857142857143,6.657142857142858,-1.091076015309909,1.0,6.083333333333343
2018-01-21,0.7,0.0,11.5,72.0,1006.7,7.4,348.0,39.0,9.0,8.0,4.466666666666583,0.14285714285714285,-49.285714285714285,5.7,65.7642014582006,2.0,-32.45833333333333
2018-01-22,0.0,-1.2,7.3,59.0,1016.2,6.7,334.0,58.0,0.0,-2.6000000000000227,2.0916666666665833,54.57142857142857,1.5714285714285694,7.971428571428571,100.40932423262359,0.0,13.041666666666664
2018-01-23,0.0,-1.7,9.1,83.0,1022.4,6.4,327.0,10.0,8.0,8.5,6.383333333333212,8.428571428571429,4.857142857142858,5.314285714285715,8.26761120020825,0.0,9.208333333333343
2018-01-24,0.0,-2.3,9.8,82.0,1030.7,5.6,332.0,27.0,8.0,-0.20000000000004547,0.8041666666665606,31.285714285714285,31.0,5.557142857142857,49.19480153871655,0.0,6.458333333333343
2018-01-25,0.0,-1.2,6.2,87.0,1027.2,4.2,7.0,58.0,8.0,-2.599999999999909,2.9375,82.57142857142857,73.14285714285714,2.6714285714285713,34.30470483741368,0.0,3.8333333333333286
2018-01-26,0.0,3.2,9.3,86.0,1023.4,2.9,342.0,81.0,8.0,1.3999999999999773,1.2625000000000455,60.714285714285715,-38.57142857142858,3.342857142857144,135.16830573886534,0.0,5.208333333333329
2018-01-27,0.0,0.3,10.1,88.0,1029.4,4.7,337.0,39.0,13.0,4.7999999999999545,3.9666666666664696,26.0,-53.28571428571429,3.3714285714285714,-31.119602159813496,0.0,6.458333333333329
2018-01-28,0.0,-1.3,10.2,86.0,1034.4,4.8,318.0,38.0,14.0,0.0,0.4749999999996817,16.857142857142858,-41.42857142857143,4.785714285714286,-44.27202645002569,0.0,4.541666666666657
2018-01-29,0.0,0.4,6.9,89.0,1032.2,2.9,320.0,42.0,13.0,-3.0,2.837500000000091,99.57142857142857,87.28571428571428,1.7571428571428573,-94.07648227194423,0.0,10.541666666666671
2018-01-30,0.0,2.1,7.3,94.0,1028.8,3.7,357.0,83.0,19.0,0.3999999999998636,1.208333333333485,55.0,-45.0,1.885714285714286,53.82598173731486,0.0,1.5
2018-01-31,0.0,0.5,6.3,93.0,1023.1,3.8,328.0,86.0,17.0,-5.100000000000023,6.787499999999682,100.0,23.14285714285714,1.357142857142857,108.35675781866433,0.0,2.75
2018-02-01,13.2,4.1,6.9,94.0,1008.1,4.3,8.0,100.0,24.0,-7.300000000000068,4.683333333333508,100.0,0.1428571428571388,0.9142857142857143,-10.403192511708824,14.0,0.4166666666666714
2018-02-02,10.4,3.1,6.4,90.0,1004.8,4.7,21.0,99.0,19.0,1.2999999999999545,1.1374999999999318,100.0,0.0,2.2285714285714286,-89.2299011448963,10.0,-0.3333333333333428
2018-02-03,4.3,-0.2,5.4,88.0,1002.9,5.7,314.0,90.0,11.0,0.7000000000000455,2.887499999999932,81.42857142857143,-18.57142857142857,1.8714285714285717,-48.76336467215202,12.0,1.7083333333333286
2018-02-04,0.0,-2.1,6.3,81.0,1014.0,6.4,334.0,54.0,4.0,6.2999999999999545,6.591666666666697,61.0,15.285714285714285,5.485714285714286,7.513441755662939,0.0,7.541666666666671
2018-02-05,0.0,-0.5,7.3,66.0,1022.2,6.2,349.0,76.0,0.0,-1.1000000000000227,1.724999999999568,76.42857142857143,-18.42857142857143,8.928571428571427,85.12343906195372,0.0,4.541666666666657
2018-02-06,1.0,-1.9,7.8,74.0,1016.5,5.3,25.0,95.0,2.0,-5.199999999999932,4.179166666666561,99.85714285714286,2.7142857142857224,6.657142857142858,85.13264230038385,4.0,1.7916666666666572
2018-02-07,14.9,2.7,7.3,88.0,1007.8,4.7,338.0,97.0,15.0,-0.39999999999997726,1.2916666666666288,94.42857142857143,-4.571428571428569,3.1285714285714286,-59.38469005311788,12.0,2.1666666666666714
2018-02-08,2.2,2.0,8.0,89.0,1013.1,3.2,11.0,84.0,15.0,4.399999999999977,3.9874999999999545,78.28571428571429,-6.285714285714278,2.385714285714286,-8.278037779187486,5.0,3.1666666666666714
2018-02-09,1.0,3.4,8.1,87.0,1016.0,3.6,40.0,79.0,15.0,-3.0,2.0291666666665833,64.42857142857143,-14.0,3.5857142857142854,26.99902528768331,2.0,2.5833333333333286
2018-02-10,0.0,-1.3,8.9,80.0,1013.4,4.8,17.0,21.0,11.0,-0.7000000000000455,1.2583333333335531,19.857142857142858,15.428571428571429,6.700000000000001,120.75818797145143,0.0,-10.0
2018-02-11,0.0,-3.1,6.0,77.0,1012.5,4.9,282.0,38.0,3.0,-2.599999999999909,2.1791666666666742,56.714285714285715,20.85714285714286,5.8,-46.70567461065343,0.0,1.875
2018-02-12,3.2,1.1,5.8,86.0,1011.1,4.1,39.0,96.0,7.0,1.3999999999999773,1.0750000000001592,99.0,1.1428571428571388,3.0142857142857147,55.693159518135474,8.0,5.75
2018-02-13,0.0,-1.1,7.1,66.0,1013.7,6.6,337.0,76.0,2.0,-0.8000000000000682,1.2083333333333712,37.857142857142854,-62.00000000000001,9.799999999999999,117.41836968855938,0.0,6.083333333333329
2018-02-14,0.0,-3.5,7.1,70.0,1015.3,6.4,329.0,15.0,1.0,3.7000000000000455,2.387499999999932,18.0,5.142857142857142,10.0,80.05433634825772,0.0,4.416666666666657
2018-02-15,0.0,-3.3,6.4,64.0,1023.2,7.1,312.0,47.0,1.0,1.7999999999999545,2.6458333333333712,45.714285714285715,-12.714285714285715,8.128571428571428,-80.2038707586006,0.0,15.791666666666671
2018-02-16,0.0,-3.0,7.7,76.0,1025.0,4.7,333.0,14.0,5.0,-0.40000000000009095,1.254166666666606,16.571428571428573,12.000000000000002,6.814285714285715,100.57660696485897,0.0,11.583333333333329
2018-02-17,0.3,0.2,8.4,72.0,1022.5,4.2,358.0,83.0,1.0,-6.7000000000000455,4.625,89.71428571428571,1.2857142857142776,6.771428571428571,-117.36476931171075,1.0,7.375
2018-02-18,1.8,1.9,7.8,82.0,1020.2,6.3,62.0,93.0,7.0,3.0,1.9791666666666288,93.85714285714286,-5.571428571428569,4.542857142857143,92.63569774855921,5.0,-1.75
2018-02-19,0.0,1.3,7.1,67.0,1019.1,6.7,78.0,73.0,0.0,-4.100000000000023,3.262499999999932,56.0,-34.57142857142857,9.528571428571427,60.174714239855746,0.0,-6.458333333333329
2018-02-20,0.0,-2.8,6.5,71.0,1011.4,5.4,335.0,81.0,1.0,-2.3999999999999773,2.1208333333331666,99.0,0.8571428571428612,8.071428571428571,67.40684690222935,0.0,6.208333333333329
2018-02-21,0.1,-1.9,9.1,69.0,1009.6,4.4,330.0,92.0,1.0,-1.0,1.1791666666670153,91.28571428571429,5.0,10.77142857142857,-167.0468687566519,0.0,5.5
2018-02-22,4.6,0.3,5.4,79.0,1008.9,7.2,5.0,100.0,7.0,3.099999999999909,1.8958333333333712,100.0,0.0,3.3142857142857145,74.44218216290153,11.0,4.75
2018-02-23,5.6,1.7,9.5,76.0,1010.0,6.6,50.0,98.0,7.0,-0.7000000000000455,1.6166666666669016,92.42857142857143,-7.571428571428569,6.428571428571429,101.63046439832158,10.0,-15.250000000000007
2018-02-24,0.9,2.0,10.1,65.0,1012.1,8.5,84.0,70.0,2.0,1.2000000000000455,1.479166666666515,67.0,13.714285714285715,8.457142857142857,24.071061308707897,3.0,-9.625000000000007
2018-02-25,0.6,-4.4,2.1,42.0,1016.6,14.6,94.0,82.0,0.0,0.2999999999999545,1.091666666666697,84.28571428571429,-1.0,15.028571428571428,-9.545608230279726,2.0,-7.333333333333336
2018-02-26,0.0,-7.9,0.8,43.0,1013.0,9.4,80.0,45.0,0.0,-4.100000000000023,3.025000000000091,99.71428571428571,98.14285714285714,16.657142857142855,120.02016163203643,0.0,-10.333333333333336
2018-02-27,0.0,-4.5,0.0,45.0,1011.2,5.1,141.0,86.0,0.0,0.40000000000009095,1.0499999999996135,81.85714285714286,-9.0,12.114285714285714,-134.85788702342757,0.0,0.9583333333333286
2018-02-28,0.2,-6.3,-1.3,60.0,1018.6,5.1,76.0,83.0,0.0,3.8999999999999773,3.6166666666666742,91.71428571428571,-4.142857142857153,7.785714285714286,90.06041177312187,0.0,0.2083333333333286
2018-03-01,1.8,-4.4,-1.3,67.0,1015.0,5.6,78.0,99.0,2.0,-8.700000000000045,8.149999999999977,99.42857142857143,-0.5714285714285694,4.885714285714285,2.119774660870405,5.0,14.041666666666657
2018-03-02,2.8,-1.0,4.6,83.0,999.1,4.6,277.0,95.0,9.0,-5.899999999999977,3.987499999999727,99.71428571428571,12.285714285714278,3.185714285714286,33.685350953969305,8.0,10.333333333333343
2018-03-03,2.4,0.7,4.8,94.0,999.8,6.8,9.0,99.0,19.0,-2.0,2.137499999999932,100.0,0.4285714285714306,1.5571428571428572,60.35815397457003,6.0,2.25
2018-03-04,0.0,0.7,10.1,81.0,1004.0,4.9,12.0,66.0,7.0,1.7999999999999545,3.366666666666788,94.85714285714286,87.42857142857143,5.471428571428571,-112.49819968709949,0.0,-5.0
2018-03-05,5.1,2.3,9.6,87.0,1000.2,4.6,49.0,100.0,12.0,-6.100000000000023,4.104166666666515,100.0,0.1428571428571388,2.857142857142857,72.40672006213023,10.0,3.833333333333343
2018-03-06,8.6,3.5,7.0,91.0,994.0,5.1,109.0,100.0,17.0,0.5,1.1541666666668107,99.28571428571429,-0.1428571428571388,2.585714285714286,63.62395022219013,13.0,3.2916666666666714
2018-03-07,5.2,4.0,7.9,90.0,999.8,5.1,15.0,96.0,21.0,2.599999999999909,3.7708333333333712,93.85714285714286,-1.1428571428571388,2.557142857142857,-7.752763621719623,12.0,2.083333333333343
2018-03-08,0.6,-0.9,12.4,82.0,1008.5,7.0,344.0,20.0,10.0,4.7999999999999545,5.345833333333417,22.0,22.0,6.742857142857142,137.67762109007163,2.0,1.5416666666666572
2018-03-09,0.0,3.0,12.6,79.0,1015.2,4.1,129.0,58.0,4.0,1.0,1.8874999999999318,66.0,17.714285714285715,6.0857142857142845,-131.60370388045123,0.0,9.166666666666671
2018-03-10,0.3,5.1,11.1,89.0,1014.8,4.3,72.0,97.0,15.0,-1.099999999999909,1.2166666666665833,95.28571428571429,0.4285714285714306,3.3428571428571425,120.66082696732911,0.0,4.041666666666671
2018-03-11,32.8,7.7,10.5,94.0,1008.4,5.9,34.0,100.0,24.0,-7.2999999999999545,8.529166666666924,100.0,0.0,1.4285714285714284,17.38926490332679,13.0,-3.3333333333333286
2018-03-12,7.6,6.1,13.7,89.0,1001.6,5.8,304.0,75.0,18.0,0.6999999999999318,1.5208333333333712,74.14285714285714,13.857142857142854,3.442857142857143,-74.76341896433621,7.0,3.8333333333333286
2018-03-13,5.0,5.5,12.3,87.0,1006.3,4.5,14.0,82.0,20.0,1.7999999999999545,2.245833333333394,75.42857142857143,-1.0,3.3714285714285714,66.78183154667767,11.0,3.5416666666666714
2018-03-14,1.3,3.2,13.9,84.0,1010.7,4.9,24.0,50.0,12.0,-0.5,0.9208333333334622,61.714285714285715,44.42857142857143,5.628571428571428,156.1613302544091,2.0,2.75
2018-03-15,12.1,6.2,10.3,90.0,1007.9,5.9,38.0,91.0,19.0,-2.3999999999999773,3.5333333333334167,100.0,2.285714285714292,2.1571428571428575,24.958386502652047,11.0,-0.4583333333333286
2018-03-16,12.2,6.5,12.8,83.0,1002.2,7.5,352.0,79.0,9.0,2.2000000000000455,1.8541666666666288,70.57142857142857,-3.4285714285714306,4.742857142857143,150.0838014932686,6.0,2.7916666666666714
2018-03-17,5.9,6.5,11.3,85.0,997.8,6.6,76.0,99.0,15.0,-6.100000000000023,4.491666666666674,97.14285714285714,-2.857142857142861,4.185714285714286,92.4304400749561,13.0,-1.5416666666666714
2018-03-18,8.5,3.6,10.4,77.0,998.3,13.2,70.0,100.0,11.0,-0.1999999999999318,1.0833333333333712,100.0,0.0,5.257142857142857,23.15970303048286,14.0,-9.541666666666671
2018-03-19,14.3,1.7,5.9,86.0,1002.0,6.9,81.0,98.0,16.0,2.1000000000000227,1.8583333333334622,92.0,-8.0,3.085714285714286,37.34034023390217,16.0,-16.25
2018-03-20,0.0,1.0,8.5,65.0,1007.8,6.6,94.0,85.0,0.0,2.0,2.3791666666667197,92.71428571428571,10.57142857142857,8.357142857142858,39.20285510438043,0.0,-8.000000000000007
2018-03-21,0.0,-0.1,9.6,50.0,1017.3,8.4,101.0,46.0,0.0,4.0,4.941666666666606,0.42857142857142855,-57.714285714285715,14.471428571428572,-117.4425812524733,0.0,-1.5833333333333357
2018-03-22,0.0,-4.8,9.1,57.0,1016.1,5.7,331.0,2.0,0.0,-12.799999999999955,7.93333333333328,0.8571428571428571,0.8571428571428571,11.571428571428571,-61.82308680875036,0.0,5.958333333333336
2018-03-23,0.0,0.2,10.4,69.0,1005.1,7.1,239.0,30.0,0.0,-3.8999999999999773,2.9291666666666742,3.857142857142857,-33.85714285714286,8.757142857142858,-16.583428749410302,0.0,6.416666666666671
2018-03-24,1.8,2.3,10.6,72.0,1004.8,7.7,303.0,71.0,4.0,0.8000000000000682,1.1666666666667425,78.42857142857143,15.0,9.228571428571428,-77.88082934880686,4.0,-2.9166666666666714
2018-03-25,0.0,2.1,10.5,67.0,1008.5,6.5,48.0,58.0,1.0,0.10000000000002274,1.445833333333212,40.57142857142857,-30.14285714285714,9.185714285714285,-44.389410992332216,0.0,5.75
2018-03-26,0.0,0.8,13.1,70.0,1010.3,5.8,301.0,20.0,1.0,0.1999999999999318,0.9625000000002046,39.57142857142857,37.285714285714285,9.057142857142859,-0.6933966882272102,0.0,3.625
2018-03-27,2.7,3.6,12.8,79.0,1013.8,5.0,22.0,51.0,9.0,-1.0,1.0666666666664923,61.857142857142854,26.428571428571423,6.871428571428572,46.20082012124257,7.0,-1.7916666666666714
2018-03-28,0.1,4.3,14.2,76.0,1011.1,5.1,85.0,79.0,3.0,-3.1000000000000227,2.4291666666669016,98.0,47.857142857142854,8.071428571428571,106.03926043981943,0.0,4.916666666666671
2018-03-29,2.5,7.5,12.1,88.0,1007.7,5.7,59.0,95.0,14.0,-0.7000000000000455,1.1750000000000682,95.71428571428571,4.0,2.8714285714285714,-5.033711670426754,6.0,1.75
2018-03-30,16.3,7.4,14.2,90.0,1008.1,8.6,55.0,72.0,19.0,-2.199999999999932,3.5000000000002274,81.85714285714286,16.714285714285722,2.5,12.06412995762119,16.0,1.9166666666666714
2018-03-31,5.9,6.7,12.4,88.0,999.0,6.2,64.0,94.0,18.0,-5.7000000000000455,3.7000000000000455,94.85714285714286,3.0,4.514285714285714,-41.87794819457963,15.0,2.0416666666666714
2018-04-01,0.8,5.6,16.5,66.0,1003.6,8.0,287.0,66.0,3.0,6.0,6.504166666666833,36.857142857142854,-48.714285714285715,14.714285714285714,-105.78079631766573,2.0,-5.624999999999993
2018-04-02,0.0,1.5,15.6,61.0,1014.7,6.5,346.0,28.0,0.0,1.3000000000000682,3.729166666666515,73.28571428571429,73.28571428571429,11.185714285714285,143.5781740890901,0.0,15.416666666666664
2018-04-03,1.0,4.8,14.8,79.0,1017.6,4.3,70.0,75.0,2.0,0.39999999999997726,0.8500000000000227,89.0,17.85714285714286,6.1571428571428575,97.20504045755195,3.0,2.9166666666666714
2018-04-04,8.0,8.7,12.9,86.0,1016.6,4.4,56.0,100.0,13.0,-2.6000000000000227,1.8916666666667652,99.71428571428571,-0.2857142857142918,3.6428571428571423,20.76439883341385,11.0,0.8333333333333286
2018-04-05,2.3,8.2,15.6,84.0,1013.5,5.0,77.0,50.0,11.0,0.6000000000000227,1.354166666666515,32.142857142857146,-12.714285714285708,4.814285714285714,123.29747875710478,2.0,0.7916666666666714
2018-04-06,0.0,5.3,17.8,78.0,1019.6,6.3,328.0,51.0,7.0,-0.3000000000000682,2.3416666666664696,91.71428571428571,63.57142857142857,7.200000000000001,-153.5317516467174,0.0,2.5833333333333286
2018-04-07,0.0,7.4,17.6,71.0,1019.5,5.9,42.0,18.0,3.0,-3.400000000000091,2.295833333333235,8.428571428571429,-21.0,10.228571428571428,157.0657237081258,0.0,3.583333333333343
2018-04-08,0.0,6.8,17.3,72.0,1016.5,5.7,59.0,18.0,1.0,-2.599999999999909,2.079166666666879,43.857142857142854,35.57142857142857,9.62857142857143,39.81954820210558,0.0,3.458333333333343
2018-04-09,4.0,7.1,20.7,73.0,1010.4,12.1,18.0,87.0,6.0,0.10000000000002274,2.3124999999998863,98.28571428571429,-0.857142857142847,8.157142857142857,58.51106758851972,5.0,13.291666666666657
2018-04-10,3.8,10.7,17.3,81.0,1009.6,6.8,227.0,93.0,11.0,1.6999999999999318,0.9458333333334394,98.85714285714286,19.714285714285722,7.242857142857143,-55.47570645967755,6.0,4.083333333333329
2018-04-11,4.9,9.7,16.4,82.0,1009.8,6.0,43.0,78.0,13.0,-1.6000000000000227,1.2083333333332575,99.42857142857143,48.42857142857143,5.428571428571429,-0.13979416858978766,8.0,4.208333333333343
2018-04-12,40.7,10.9,13.6,90.0,1008.0,8.7,51.0,100.0,23.0,0.10000000000002274,0.8208333333333258,99.85714285714286,0.0,1.5857142857142856,-5.814126223778203,24.0,2.7916666666666714
2018-04-13,6.0,8.7,16.3,80.0,1013.1,5.3,231.0,47.0,10.0,6.600000000000023,5.037499999999795,10.285714285714286,-48.285714285714285,7.685714285714286,-8.335432845031505,9.0,-7.416666666666657
2018-04-14,0.0,5.8,19.9,71.0,1020.0,6.9,345.0,48.0,5.0,-2.699999999999932,2.2541666666664923,51.0,1.2857142857142847,10.671428571428569,48.79837678697223,0.0,-2.9166666666666714
2018-04-15,0.8,10.8,23.2,64.0,1012.4,11.2,348.0,90.0,1.0,-5.0,4.054166666666674,99.28571428571429,15.857142857142861,8.442857142857141,60.01784090688278,2.0,8.999999999999993
2018-04-16,2.7,12.4,21.4,77.0,1010.6,7.1,348.0,54.0,6.0,2.300000000000068,1.8916666666665378,34.0,-13.0,7.485714285714286,7.454018353278769,3.0,6.666666666666657
2018-04-17,0.3,10.2,21.9,73.0,1020.6,5.5,316.0,47.0,6.0,3.6000000000000227,5.66666666666697,24.0,-35.285714285714285,10.585714285714285,-84.42815356420277,1.0,3.2916666666666714
2018-04-18,0.0,10.6,23.7,65.0,1027.6,7.7,312.0,27.0,2.0,0.7999999999999545,1.8291666666668789,54.142857142857146,42.57142857142858,12.9,-119.60390427027596,0.0,11.083333333333343
2018-04-19,0.0,9.7,24.1,61.0,1027.6,5.9,327.0,0.0,0.0,-2.7000000000000455,2.2458333333331666,0.0,0.0,13.87142857142857,176.58010076771342,0.0,1.9166666666666643
2018-04-20,0.0,12.5,26.7,64.0,1023.3,8.2,315.0,0.0,0.0,-3.400000000000091,2.658333333333303,0.0,0.0,13.685714285714285,-113.45979400148383,0.0,8.208333333333329
2018-04-21,0.0,12.4,25.1,65.0,1020.0,6.5,275.0,1.0,0.0,-2.7999999999999545,2.3083333333332803,2.142857142857143,1.0,11.885714285714286,-165.98942921385196,0.0,-1.4583333333333357
2018-04-22,0.0,11.9,22.7,68.0,1018.1,5.7,103.0,8.0,0.0,-1.7999999999999545,1.7708333333333712,25.285714285714285,25.285714285714285,10.414285714285713,77.3354747912116,0.0,-5.083333333333329
2018-04-23,0.0,11.0,22.8,71.0,1016.8,5.3,78.0,23.0,1.0,-2.6000000000000227,2.112500000000068,34.42857142857143,34.285714285714285,9.714285714285714,80.8336460396456,0.0,7.125
2018-04-24,3.2,13.3,23.9,75.0,1016.6,4.5,81.0,52.0,6.0,-0.39999999999997726,1.1416666666668789,26.428571428571427,-36.28571428571429,9.62857142857143,-60.355930145119146,3.0,-3.0833333333333286
2018-04-25,0.0,13.0,23.3,76.0,1015.0,6.1,80.0,27.0,2.0,-2.800000000000068,2.608333333333576,46.0,33.85714285714286,8.5,110.4282193552458,0.0,6.958333333333329
2018-04-26,6.3,13.4,22.2,81.0,1012.5,7.2,64.0,39.0,13.0,-1.3999999999999773,1.8791666666664923,54.285714285714285,28.285714285714285,5.985714285714286,5.451930120657266,5.0,2.375
2018-04-27,2.1,13.0,21.0,68.0,1015.2,8.5,78.0,60.0,1.0,-1.8999999999999773,1.7500000000001137,39.42857142857143,-32.28571428571428,10.042857142857143,49.923389713351895,2.0,3.0833333333333286
2018-04-28,0.1,12.1,23.9,70.0,1013.2,6.9,346.0,43.0,0.0,-1.7000000000000455,1.5208333333332575,23.142857142857142,-40.42857142857143,10.771428571428572,162.00774207432437,0.0,5.083333333333329
2018-04-29,3.4,12.6,24.0,75.0,1011.2,6.2,5.0,47.0,5.0,-2.6000000000000227,2.520833333333144,81.42857142857143,58.714285714285715,9.1,33.64221632059463,2.0,9.208333333333329
2018-04-30,3.8,14.3,21.5,67.0,1009.2,12.4,233.0,34.0,8.0,1.5,1.5124999999999318,14.714285714285714,-29.857142857142854,12.757142857142856,23.821788639058383,5.0,-14.5
2018-05-01,0.1,9.0,18.6,64.0,1012.3,5.7,115.0,83.0,0.0,-0.39999999999997726,1.1875,86.71428571428571,-12.714285714285722,9.585714285714285,48.0703783340272,0.0,2.2916666666666643
2018-05-02,5.5,12.1,23.2,73.0,1009.2,8.8,351.0,93.0,6.0,-4.899999999999977,3.4333333333335077,88.71428571428571,-11.285714285714292,8.542857142857143,65.60883869057557,8.0,-0.9166666666666714
2018-05-03,1.3,15.1,25.5,66.0,1005.4,10.8,348.0,89.0,1.0,-2.1000000000000227,2.2958333333333485,96.0,13.285714285714292,11.5,87.82366396245527,3.0,2.2083333333333286
2018-05-04,5.6,13.8,23.0,82.0,1010.8,8.1,352.0,74.0,15.0,4.300000000000068,4.233333333333121,72.57142857142857,-13.714285714285722,5.385714285714286,77.8962088576991,13.0,8.166666666666657
2018-05-05,1.7,14.3,23.7,76.0,1015.4,9.5,338.0,75.0,5.0,1.6999999999999318,1.537499999999909,83.0,-1.2857142857142918,7.614285714285714,61.25709273207946,3.0,4.916666666666671
2018-05-06,1.5,14.5,25.9,67.0,1015.9,6.7,347.0,44.0,3.0,-1.400000000000091,1.9208333333332348,69.85714285714286,69.42857142857143,11.271428571428572,87.26182800764514,2.0,6.708333333333343
2018-05-07,0.3,15.2,24.1,69.0,1015.0,7.9,338.0,88.0,1.0,-3.2000000000000455,2.6208333333335077,91.0,4.857142857142861,10.585714285714289,-35.09334628400234,1.0,3.5
2018-05-08,0.4,13.2,22.5,71.0,1009.4,8.9,349.0,54.0,2.0,-3.800000000000068,2.7583333333330984,79.57142857142857,50.0,8.457142857142857,-32.91366906476463,1.0,3.5
2018-05-09,2.3,11.3,21.8,72.0,1007.1,6.7,5.0,68.0,5.0,0.09999999999990905,1.012499999999818,87.28571428571429,15.142857142857153,9.471428571428572,-8.276807645901584,1.0,1.875
2018-05-10,0.9,14.1,22.9,69.0,1009.2,8.8,305.0,69.0,1.0,1.8999999999999773,1.9041666666668107,58.42857142857143,-19.14285714285714,10.814285714285715,-93.80682034262449,1.0,4.333333333333329
2018-05-11,2.0,14.0,23.9,72.0,1015.0,7.9,346.0,37.0,5.0,1.1000000000000227,1.8666666666665606,38.0,-2.857142857142854,9.700000000000001,20.741433457794187,3.0,4.916666666666657
2018-05-12,1.4,13.5,24.3,74.0,1014.4,6.5,321.0,24.0,8.0,-2.800000000000068,1.866666666666788,36.57142857142857,18.142857142857142,9.328571428571426,126.28387414865205,3.0,3.875
2018-05-13,17.5,13.9,22.5,82.0,1010.7,4.7,9.0,44.0,9.0,-3.199999999999932,2.070833333333212,58.142857142857146,13.857142857142861,5.028571428571429,104.2294911014477,6.0,8.333333333333329
2018-05-14,17.6,13.1,18.0,85.0,1009.3,5.8,60.0,84.0,15.0,0.7999999999999545,1.25,98.0,22.42857142857143,3.614285714285714,167.03619042337573,14.0,-5.25
2018-05-15,10.2,10.9,15.0,88.0,1010.0,3.8,93.0,97.0,18.0,3.199999999999932,1.995833333333394,99.57142857142857,-0.4285714285714306,3.885714285714286,25.8711137499605,16.0,-3.5
2018-05-16,1.8,8.3,18.4,78.0,1012.9,6.6,260.0,65.0,10.0,0.0,1.1041666666667425,78.0,26.285714285714285,7.228571428571429,-57.51191144171668,2.0,6.791666666666671
2018-05-17,3.6,11.2,19.0,84.0,1014.9,4.3,18.0,87.0,13.0,0.2999999999999545,0.775000000000091,83.0,-15.714285714285708,5.328571428571429,116.84220481058838,6.0,2.0416666666666714
2018-05-18,0.1,11.3,21.5,78.0,1016.3,4.0,21.0,56.0,8.0,-0.6000000000000227,0.9333333333336213,81.0,55.14285714285714,8.671428571428573,-145.49326962166185,0.0,-2.4583333333333286
2018-05-19,0.3,11.6,23.2,68.0,1016.4,7.5,2.0,53.0,4.0,-0.10000000000002274,0.8041666666666742,90.14285714285714,55.57142857142857,11.114285714285716,25.499244057346147,1.0,3.5
2018-05-20,0.5,12.7,22.7,64.0,1016.9,11.2,46.0,34.0,2.0,-1.5,1.4833333333332348,37.57142857142857,3.5714285714285694,10.742857142857144,35.42271328942789,1.0,-5.166666666666664
2018-05-21,1.3,14.6,24.1,64.0,1014.9,10.6,22.0,52.0,1.0,-3.5,2.3500000000000227,65.0,17.714285714285715,10.685714285714285,34.504315030720335,1.0,5.458333333333329
2018-05-22,17.4,15.2,19.4,81.0,1013.8,9.2,26.0,94.0,9.0,2.0,1.5083333333333258,94.85714285714286,-4.857142857142847,4.057142857142856,49.56175579540809,10.0,3.875
2018-05-23,1.7,14.5,22.0,79.0,1016.0,5.7,344.0,95.0,8.0,0.7000000000000455,0.9500000000001592,94.14285714285714,-4.571428571428569,6.042857142857143,9.22995566804073,4.0,2.75
2018-05-24,12.6,16.5,23.9,75.0,1016.3,7.0,340.0,61.0,7.0,-2.099999999999909,1.729166666666515,55.57142857142857,7.571428571428569,7.642857142857143,163.2093188541835,7.0,0.9583333333333286
2018-05-25,0.0,15.2,26.6,69.0,1015.6,6.6,345.0,19.0,2.0,-1.7000000000000455,1.570833333333212,25.285714285714285,17.57142857142857,11.1,164.78180682081097,0.0,-3.5833333333333286
2018-05-26,0.2,16.4,26.4,73.0,1019.0,5.2,316.0,65.0,3.0,-0.2999999999999545,0.8791666666668334,98.14285714285714,74.85714285714286,8.885714285714284,83.68603790803024,1.0,2.5416666666666714
2018-05-27,1.7,17.6,26.4,72.0,1018.5,8.0,346.0,83.0,2.0,-1.8999999999999773,1.6875000000002274,90.42857142857143,5.857142857142861,8.114285714285712,9.5319530780518,1.0,4.041666666666657
2018-05-28,0.5,16.9,25.9,73.0,1017.8,5.4,348.0,83.0,1.0,-1.2999999999999545,1.4791666666664014,68.42857142857143,-13.42857142857143,7.214285714285714,4.776407688204301,1.0,1.0416666666666714
2018-05-29,7.9,17.3,24.5,80.0,1016.4,5.9,334.0,85.0,11.0,-2.7000000000000455,1.6708333333332348,84.14285714285714,-9.0,5.6000000000000005,-164.21644639888459,8.0,4.791666666666671
2018-05-30,0.6,15.8,27.4,76.0,1014.9,6.5,319.0,63.0,9.0,0.10000000000002274,0.7124999999997499,91.85714285714286,56.57142857142858,9.5,-113.13462143334709,1.0,2.9583333333333286
2018-05-31,2.1,16.9,27.9,73.0,1014.9,6.7,274.0,62.0,8.0,-1.0,1.0666666666668334,50.57142857142857,-15.285714285714292,9.87142857142857,-57.71410697274342,2.0,1.5
2018-06-01,5.1,17.3,26.2,77.0,1015.8,5.3,262.0,41.0,7.0,-0.6999999999999318,1.0250000000002046,36.57142857142857,14.142857142857142,8.142857142857142,92.08584020986922,3.0,-2.125
2018-06-02,1.1,17.5,26.0,73.0,1016.5,5.9,19.0,45.0,1.0,-1.6000000000000227,1.2083333333335986,66.71428571428571,36.85714285714285,8.071428571428571,109.80622002320638,2.0,3.833333333333343
2018-06-03,0.1,16.0,27.0,71.0,1015.8,5.0,263.0,52.0,3.0,-2.7000000000000455,2.5208333333335986,78.14285714285714,30.57142857142857,9.914285714285715,-15.721874063350299,0.0,0.375
2018-06-04,0.7,16.6,24.8,79.0,1011.0,4.4,303.0,90.0,5.0,-3.7999999999999545,2.8083333333332803,95.42857142857143,-2.2857142857142776,6.371428571428573,-4.025573912965456,1.0,-0.3333333333333428
2018-06-05,1.5,16.4,26.6,80.0,1008.7,4.8,1.0,46.0,12.0,-0.20000000000004547,1.3541666666666288,65.71428571428571,32.57142857142856,7.885714285714286,60.96486768604399,5.0,3.1666666666666714
2018-06-06,0.9,16.7,27.3,79.0,1012.0,5.8,249.0,49.0,11.0,1.3999999999999773,1.7333333333336896,75.42857142857143,40.285714285714285,7.771428571428572,6.7672869716203365,1.0,5.916666666666671
2018-06-07,12.9,17.8,24.0,86.0,1015.5,4.1,43.0,95.0,13.0,0.6000000000000227,1.1416666666665378,85.71428571428571,-12.42857142857143,4.200000000000001,-3.536734867842881,6.0,-0.75
2018-06-08,2.2,16.7,25.8,76.0,1012.1,6.9,337.0,77.0,6.0,-4.100000000000023,2.7833333333334167,39.57142857142857,-60.42857142857143,9.114285714285716,-67.69559109735161,5.0,-3.625
2018-06-09,0.0,17.3,27.8,70.0,1010.1,6.4,257.0,56.0,0.0,0.20000000000004547,1.1458333333333712,15.571428571428571,-61.42857142857143,10.871428571428572,140.27797889104875,0.0,-0.4166666666666714
2018-06-10,0.0,18.3,28.3,74.0,1010.4,5.1,78.0,29.0,2.0,-1.3000000000000682,1.1208333333335077,51.714285714285715,48.85714285714286,9.042857142857143,46.94299884479469,0.0,2.291666666666657
2018-06-11,0.0,18.9,28.6,72.0,1010.1,5.9,303.0,60.0,1.0,-1.3000000000000682,1.8458333333335304,99.42857142857143,56.714285714285715,9.171428571428569,1.7166040131704108,0.0,2.25
2018-06-12,8.0,17.6,24.9,83.0,1007.4,7.1,352.0,73.0,7.0,-2.8999999999999773,1.9791666666666288,79.42857142857143,8.0,4.799999999999999,-31.105574829372472,7.0,6.666666666666657
2018-06-13,7.5,16.9,24.2,82.0,1004.5,4.1,329.0,84.0,9.0,0.0,1.116666666666788,94.57142857142857,35.714285714285715,5.285714285714286,141.7290396065157,6.0,0.4166666666666714
2018-06-14,0.7,18.0,25.1,66.0,1008.7,5.7,319.0,82.0,1.0,1.3000000000000682,2.337500000000091,81.57142857142857,-3.5714285714285694,10.085714285714287,-0.7255284877767849,2.0,11.875
2018-06-15,0.5,15.6,26.1,67.0,1011.9,6.5,225.0,27.0,3.0,-0.7000000000000455,0.9375,14.571428571428571,-8.571428571428571,14.157142857142858,-88.10303058107965,1.0,-2.7083333333333286
2018-06-16,0.0,16.9,27.3,63.0,1012.6,5.5,285.0,37.0,0.0,-2.0,1.6208333333332803,24.142857142857142,-3.7142857142857153,13.928571428571429,-32.489694445141026,0.0,3.3333333333333286
2018-06-17,0.0,18.4,28.2,61.0,1013.3,5.5,331.0,37.0,0.0,-0.900000000000091,1.0333333333335304,41.0,9.285714285714285,14.900000000000002,152.74912555031085,0.0,2.3333333333333357
2018-06-18,0.7,18.8,28.8,59.0,1015.6,7.0,332.0,33.0,1.0,0.39999999999997726,1.1958333333333258,28.0,8.714285714285715,14.028571428571428,65.81497183808898,1.0,6.541666666666664
2018-06-19,0.0,17.9,29.0,59.0,1019.1,6.9,292.0,18.0,0.0,-1.2000000000000455,1.2083333333335986,15.285714285714286,-0.2857142857142847,13.914285714285713,32.4833481176002,0.0,4.5
2018-06-20,0.0,19.4,29.9,61.0,1019.8,5.4,298.0,29.0,0.0,-3.0,2.1291666666664923,7.0,-25.285714285714285,14.471428571428572,139.80239929613498,0.0,4.25
2018-06-21,1.7,19.4,29.8,65.0,1014.6,7.7,259.0,36.0,1.0,-5.100000000000023,3.045833333333121,85.42857142857143,83.57142857142857,13.242857142857142,-44.79331418140055,1.0,-1.7916666666666643
2018-06-22,11.3,17.3,22.7,79.0,1014.2,9.1,67.0,66.0,10.0,3.5,3.4666666666668107,51.42857142857143,-24.42857142857143,7.714285714285714,-7.894971124628768,9.0,-1.7916666666666714
2018-06-23,0.2,14.1,22.1,66.0,1020.2,4.9,128.0,29.0,0.0,-3.199999999999932,2.2999999999999545,39.285714285714285,7.142857142857139,9.714285714285714,57.80149153235493,1.0,-0.1666666666666714
2018-06-24,2.6,13.7,23.0,74.0,1018.3,5.6,33.0,60.0,4.0,-1.900000000000091,1.8208333333330984,94.71428571428571,58.14285714285714,7.2,-43.84886487298826,3.0,4.5
2018-06-25,4.4,15.2,22.2,75.0,1017.5,7.2,34.0,57.0,6.0,1.7000000000000455,1.2458333333335077,33.42857142857143,-42.57142857142857,8.985714285714286,51.473525322518924,8.0,-4.333333333333329
2018-06-26,0.0,14.5,25.0,64.0,1018.4,5.8,309.0,23.0,0.0,-3.199999999999932,2.2208333333331893,29.142857142857142,19.142857142857142,14.771428571428572,-39.19990320924674,0.0,-4.625
2018-06-27,0.2,14.7,24.2,67.0,1015.9,5.8,340.0,27.0,0.0,-2.1000000000000227,1.4791666666666288,37.0,23.142857142857142,8.885714285714286,-123.25839793575557,1.0,1.1666666666666714
2018-06-28,0.4,15.4,25.4,60.0,1011.6,7.5,309.0,78.0,1.0,-3.0,1.9833333333333485,97.71428571428571,16.57142857142857,13.157142857142857,-71.99421414730881,1.0,9.791666666666671
2018-06-29,0.0,16.4,28.5,62.0,1009.2,6.9,292.0,74.0,2.0,-2.599999999999909,1.9708333333335304,93.57142857142857,-1.4285714285714306,13.385714285714286,-25.248739143787418,0.0,3.7916666666666643
2018-06-30,2.2,18.8,30.2,70.0,1009.5,5.8,43.0,29.0,4.0,-2.1000000000000227,1.8333333333329165,47.0,24.571428571428573,10.828571428571426,-59.959606969515306,4.0,1.4166666666666714
2018-07-01,3.5,18.1,25.8,61.0,1012.9,10.7,79.0,51.0,3.0,-1.2000000000000455,1.2291666666667425,58.857142857142854,24.14285714285714,11.37142857142857,10.782152628392367,3.0,-6.25
2018-07-02,0.2,19.6,26.9,61.0,1013.9,6.7,101.0,74.0,0.0,-1.6000000000000227,1.6666666666666288,79.14285714285714,7.142857142857139,10.042857142857141,108.02229164289275,0.0,10.041666666666671
2018-07-03,0.7,19.4,27.6,76.0,1014.3,5.6,326.0,71.0,7.0,0.5,0.5791666666666515,84.0,23.57142857142857,8.2,-167.9674408992517,2.0,-0.6666666666666714
2018-07-04,1.6,18.2,28.7,71.0,1014.8,5.4,320.0,61.0,7.0,-1.1000000000000227,1.1833333333331666,56.857142857142854,-12.000000000000007,10.614285714285714,12.76894407446224,3.0,-6.208333333333329
2018-07-05,8.4,18.9,27.8,76.0,1013.2,5.3,343.0,70.0,7.0,-2.8999999999999773,2.0583333333332803,65.42857142857143,-12.0,6.700000000000001,-48.235549942911405,6.0,3.4166666666666714
2018-07-06,0.0,16.3,27.5,67.0,1012.6,4.9,349.0,46.0,7.0,1.3999999999999773,1.1125000000000682,83.28571428571429,69.14285714285715,13.328571428571431,1.0854761589656619,0.0,-2.5
2018-07-07,0.2,17.9,27.6,66.0,1016.0,6.6,327.0,47.0,0.0,-0.39999999999997726,1.0291666666665833,72.28571428571429,65.71428571428572,9.400000000000002,-120.57517200731337,1.0,0.7916666666666714
2018-07-08,1.8,17.7,27.9,65.0,1017.1,8.0,306.0,44.0,2.0,-2.400000000000091,1.9249999999999545,41.857142857142854,-18.85714285714286,12.614285714285714,22.447079835893135,3.0,-0.9583333333333428
2018-07-09,0.2,17.2,28.4,66.0,1016.3,7.2,316.0,36.0,0.0,-2.7999999999999545,1.8500000000000227,72.42857142857143,64.85714285714286,12.299999999999999,-175.3974096086617,1.0,-3.4583333333333357
2018-07-10,1.1,18.8,28.0,64.0,1013.4,7.7,302.0,60.0,2.0,-3.400000000000091,2.1625000000000227,73.42857142857143,17.571428571428577,11.942857142857141,-155.6338529119027,2.0,5.083333333333329
2018-07-11,18.5,17.7,23.8,81.0,1012.2,6.7,87.0,80.0,16.0,-0.7000000000000455,0.8583333333330074,65.57142857142857,-29.285714285714292,6.771428571428572,47.98756952565344,13.0,-4.125
2018-07-12,3.4,17.4,26.8,75.0,1014.8,6.3,74.0,65.0,5.0,-0.2999999999999545,0.7583333333333258,94.71428571428571,46.42857142857142,9.0,93.59164357396253,1.0,9.375
2018-07-13,4.1,18.3,27.8,72.0,1016.6,3.9,329.0,56.0,8.0,-0.8999999999999773,1.0458333333333485,44.42857142857143,-17.714285714285715,11.085714285714287,-128.3463686372226,2.0,-6.0
2018-07-14,0.1,19.5,29.4,67.0,1016.5,7.5,322.0,42.0,1.0,-2.800000000000068,1.5583333333335077,53.714285714285715,20.714285714285715,11.142857142857142,-57.01725598148295,0.0,3.25
2018-07-15,6.4,20.4,28.5,71.0,1014.2,8.0,340.0,56.0,5.0,-0.1999999999999318,1.3916666666665378,62.285714285714285,19.57142857142857,9.585714285714287,-48.70179379676557,7.0,11.416666666666671
2018-07-16,6.2,18.5,28.0,74.0,1011.8,7.0,306.0,71.0,7.0,-2.199999999999932,1.9166666666667425,99.71428571428571,44.57142857142856,7.814285714285715,-10.269965920988966,6.0,13.041666666666671
2018-07-17,2.2,17.2,28.6,72.0,1011.0,5.9,287.0,34.0,6.0,1.2000000000000455,1.5708333333333258,61.857142857142854,57.857142857142854,9.742857142857144,33.46424345645582,1.0,-7.041666666666671
2018-07-18,0.0,18.5,30.8,58.0,1012.8,7.5,288.0,7.0,0.0,-1.7000000000000455,1.3374999999999773,6.857142857142857,4.428571428571429,16.442857142857143,-93.33172389366538,0.0,3.7916666666666714
2018-07-19,0.2,18.7,30.9,60.0,1012.6,5.8,287.0,20.0,0.0,-1.5,1.0583333333332803,40.857142857142854,34.71428571428571,13.22857142857143,-156.58786462880016,0.0,0.75
2018-07-20,2.2,21.1,30.5,66.0,1012.5,6.5,333.0,65.0,2.0,-0.599999999999909,0.8833333333334394,88.14285714285714,25.714285714285708,9.700000000000001,-65.20635907679377,2.0,6.583333333333343
2018-07-21,6.9,18.7,27.4,71.0,1010.9,7.9,344.0,92.0,6.0,-2.300000000000068,1.3291666666666515,92.85714285714286,11.714285714285722,9.942857142857145,-23.05197747363661,6.0,4.5
2018-07-22,4.6,18.5,29.0,70.0,1009.5,4.5,312.0,70.0,5.0,0.0,0.4833333333332348,78.85714285714286,39.142857142857146,10.799999999999999,31.562169322765413,3.0,-0.4583333333333286
2018-07-23,0.1,18.0,30.0,64.0,1010.9,5.9,294.0,38.0,3.0,0.2999999999999545,0.6916666666667197,29.857142857142858,4.142857142857142,15.114285714285714,-12.263761042700082,0.0,-4.166666666666671
2018-07-24,0.0,19.5,30.9,54.0,1012.5,8.2,294.0,16.0,0.0,-1.7000000000000455,1.3833333333334394,26.428571428571427,19.857142857142854,17.45714285714286,-82.76148315160941,0.0,2.0416666666666643
2018-07-25,0.0,20.5,31.8,55.0,1011.6,7.0,307.0,23.0,0.0,-1.5,1.037499999999909,21.285714285714285,-1.4285714285714306,16.2,-9.725692174114045,0.0,0.9166666666666643
2018-07-26,3.9,20.8,30.9,58.0,1012.2,7.0,340.0,30.0,3.0,0.0,1.337500000000091,43.57142857142857,22.857142857142854,12.485714285714284,45.47511639798387,3.0,0.5416666666666643
2018-07-27,0.2,19.6,31.0,58.0,1011.8,6.7,299.0,23.0,0.0,-2.0,1.5416666666667425,46.142857142857146,41.714285714285715,14.742857142857146,-5.662245580680462,0.0,5.833333333333329
2018-07-28,0.1,20.8,31.7,65.0,1010.3,6.3,312.0,49.0,0.0,0.40000000000009095,0.8666666666665606,83.42857142857143,66.14285714285714,11.228571428571428,-56.740231066576484,0.0,4.416666666666671
2018-07-29,3.7,21.2,30.7,69.0,1012.7,6.5,329.0,54.0,4.0,-0.5,1.125,34.857142857142854,-43.857142857142854,10.185714285714285,-35.22168920094987,4.0,-4.166666666666657
2018-07-30,0.0,22.5,34.2,63.0,1013.5,6.7,329.0,41.0,1.0,-0.7999999999999545,0.5,91.14285714285714,84.28571428571428,14.02857142857143,10.846549244105972,0.0,2.0833333333333357
2018-07-31,0.0,23.8,34.6,60.0,1013.9,7.0,312.0,23.0,0.0,-1.5,1.3416666666669244,38.0,34.42857142857143,14.37142857142857,8.790598447622301,0.0,2.7083333333333357
2018-08-01,3.1,23.1,35.2,58.0,1014.4,7.4,305.0,36.0,1.0,-1.099999999999909,1.0416666666667425,61.714285714285715,51.714285714285715,15.571428571428571,-18.982575728362065,1.0,-3.9583333333333357
2018-08-02,0.0,22.2,33.3,58.0,1015.9,5.2,2.0,46.0,0.0,0.40000000000009095,1.1124999999998408,75.28571428571429,32.00000000000001,13.52857142857143,57.73130960640998,0.0,1.4166666666666643
2018-08-03,0.1,21.3,33.8,62.0,1016.4,4.8,348.0,33.0,2.0,-1.8999999999999773,1.3999999999999773,61.857142857142854,57.42857142857142,16.47142857142857,28.08649367076771,0.0,-1.6666666666666643
2018-08-04,0.1,23.3,33.7,56.0,1015.2,6.2,333.0,41.0,0.0,-0.8999999999999773,1.0000000000002274,83.42857142857143,74.85714285714286,15.742857142857144,-77.99753333375116,0.0,1.5
2018-08-05,0.0,22.9,34.1,58.0,1014.9,6.1,333.0,46.0,0.0,-1.7000000000000455,1.275000000000091,87.28571428571429,75.42857142857143,14.642857142857142,-69.03767944027572,0.0,-0.7916666666666714
2018-08-06,0.1,23.3,34.1,58.0,1015.3,6.1,322.0,68.0,0.0,-1.6999999999999318,1.362500000000182,92.85714285714286,63.57142857142858,14.614285714285716,-67.65342588258687,0.0,0.75
2018-08-07,0.1,23.1,33.0,60.0,1014.1,6.9,285.0,58.0,0.0,-1.099999999999909,1.087500000000091,77.42857142857143,24.285714285714285,13.099999999999998,-150.48242524259229,0.0,1.8333333333333357
2018-08-08,0.0,21.9,32.3,67.0,1014.3,5.9,289.0,66.0,0.0,0.3000000000000682,0.5874999999999773,88.57142857142857,23.14285714285714,11.342857142857143,-167.4962230047159,0.0,-3.5416666666666714
2018-08-09,0.0,21.4,32.6,63.0,1015.3,7.5,276.0,23.0,0.0,-0.599999999999909,1.1000000000001364,44.142857142857146,40.28571428571429,13.671428571428574,-98.07869341377656,0.0,1.5833333333333357
2018-08-10,0.5,21.1,30.3,70.0,1017.8,4.9,323.0,27.0,5.0,0.6000000000000227,1.6875,42.57142857142857,17.999999999999996,11.585714285714285,-105.7038057552636,1.0,-3.708333333333343
2018-08-11,0.0,21.6,29.6,61.0,1017.9,6.8,11.0,46.0,0.0,-1.5,1.3666666666666742,75.14285714285714,45.42857142857142,11.985714285714286,-12.854789115593519,0.0,-11.083333333333336
2018-08-12,0.0,20.8,30.5,56.0,1017.0,8.7,23.0,23.0,0.0,-3.0,2.883333333333212,48.285714285714285,40.42857142857143,14.985714285714284,173.38087270640727,0.0,-0.0833333333333357
2018-08-13,6.1,19.7,31.3,71.0,1012.2,6.9,311.0,38.0,3.0,-2.5,2.237499999999841,87.14285714285714,81.14285714285714,9.171428571428573,-59.12295873838241,2.0,8.375
2018-08-14,11.2,18.8,25.7,81.0,1011.7,5.4,49.0,92.0,10.0,1.2999999999999545,1.4874999999999545,98.57142857142857,9.285714285714278,5.785714285714286,5.873923027696918,5.0,-7.875
2018-08-15,0.0,19.3,29.1,58.0,1015.3,6.3,0.0,56.0,0.0,0.20000000000004547,1.1416666666666515,20.428571428571427,-53.71428571428571,16.985714285714288,64.00598216811406,0.0,-8.208333333333336
2018-08-16,0.0,20.0,29.9,50.0,1016.0,7.6,25.0,23.0,0.0,-2.8999999999999773,2.1416666666669926,2.5714285714285716,-26.57142857142857,18.557142857142857,119.27774244988052,0.0,-2.625
2018-08-17,0.0,18.0,30.4,55.0,1014.2,6.2,305.0,17.0,0.0,-1.8000000000000682,1.4500000000001592,33.714285714285715,32.57142857142857,15.9,-164.54095412156119,0.0,-0.875
2018-08-18,0.0,19.8,31.7,59.0,1016.1,7.3,2.0,22.0,0.0,-0.10000000000002274,1.0458333333333485,29.857142857142858,14.571428571428571,16.328571428571426,13.302150043505833,0.0,-3.0
2018-08-19,0.0,21.2,32.8,48.0,1017.3,10.1,24.0,20.0,0.0,-2.0,1.7041666666664241,22.714285714285715,-10.857142857142854,21.04285714285714,101.27633196568064,0.0,-7.875
2018-08-20,0.0,21.9,33.8,46.0,1015.4,7.9,350.0,10.0,0.0,-1.6000000000000227,1.5624999999998863,21.428571428571427,20.57142857142857,20.857142857142858,-106.23011388895418,0.0,2.0833333333333286
2018-08-21,0.0,21.6,34.0,47.0,1015.6,8.7,351.0,15.0,0.0,-1.0,1.3083333333335077,26.714285714285715,25.142857142857142,20.314285714285713,7.4147139506652024,0.0,1.9583333333333357
2018-08-22,0.0,21.6,33.1,47.0,1015.8,9.5,18.0,25.0,0.0,-1.5,1.441666666666606,48.857142857142854,45.57142857142857,19.642857142857146,117.45363323435413,0.0,-7.541666666666664
2018-08-23,0.2,21.5,33.2,51.0,1013.2,6.5,332.0,51.0,0.0,-2.6000000000000227,2.0083333333333258,57.285714285714285,10.857142857142854,17.057142857142857,-51.45905018836396,1.0,3.0416666666666643
2018-08-24,3.6,20.9,31.6,64.0,1009.8,6.7,335.0,58.0,2.0,-1.3999999999999773,1.5333333333334167,94.0,70.42857142857143,10.8,-7.772508955066826,3.0,15.708333333333329
2018-08-25,22.0,18.6,25.2,75.0,1008.1,7.8,55.0,93.0,8.0,-2.6000000000000227,2.8208333333334394,95.28571428571429,-3.0,8.657142857142857,68.68730842598174,11.0,5.291666666666657
2018-08-26,32.1,13.6,19.6,76.0,1010.6,9.1,358.0,68.0,13.0,5.100000000000023,4.862500000000068,24.285714285714285,-75.71428571428572,5.328571428571428,133.24829157744648,13.0,-5.333333333333329
2018-08-27,0.0,12.3,24.1,62.0,1015.8,6.1,311.0,13.0,0.0,-0.5,0.7083333333333712,0.0,-14.285714285714286,13.299999999999999,-65.25278304651357,0.0,2.4583333333333286
2018-08-28,0.0,13.7,27.8,63.0,1017.5,6.5,308.0,8.0,0.0,-0.7999999999999545,1.0166666666668789,0.0,-15.571428571428571,14.485714285714284,-105.61510634594396,0.0,-2.0833333333333357
2018-08-29,0.0,15.5,28.0,65.0,1015.9,6.4,307.0,33.0,0.0,-2.599999999999909,1.754166666666606,57.285714285714285,30.142857142857142,13.242857142857142,-170.44240154077642,0.0,2.5
2018-08-30,0.3,17.0,26.9,72.0,1014.9,6.0,335.0,38.0,0.0,0.8999999999999773,0.9750000000003638,45.42857142857143,9.571428571428577,8.714285714285714,38.521855340401316,1.0,-1.4166666666666572
2018-08-31,12.5,18.5,24.3,80.0,1015.7,8.5,45.0,84.0,10.0,-0.7000000000000455,0.9333333333335077,92.28571428571429,-5.428571428571416,5.985714285714287,37.25639968595823,11.0,12.625
2018-09-01,29.1,17.2,22.2,86.0,1014.8,6.7,32.0,90.0,18.0,1.900000000000091,1.4541666666666515,80.85714285714286,-14.142857142857139,4.485714285714285,68.26392508089822,18.0,-0.5833333333333286
2018-09-02,13.0,15.4,23.4,78.0,1016.1,6.3,360.0,77.0,9.0,-0.6999999999999318,1.3666666666666742,50.57142857142857,-48.85714285714286,7.214285714285714,50.30925088193544,8.0,-2.5
2018-09-03,0.8,15.1,24.3,74.0,1013.4,6.2,312.0,60.0,3.0,-0.7999999999999545,0.8999999999997499,61.57142857142857,-12.142857142857139,7.9142857142857155,-105.29562011983387,1.0,8.833333333333343
2018-09-04,0.7,15.3,24.4,81.0,1013.0,4.5,56.0,78.0,7.0,-0.2999999999999545,0.8125000000001137,81.28571428571429,-9.142857142857139,6.7,-142.89679766405226,3.0,2.875
2018-09-05,0.1,15.9,26.5,75.0,1014.6,5.0,280.0,17.0,5.0,-1.3999999999999773,1.0416666666667425,38.57142857142857,35.285714285714285,8.542857142857143,-90.39851954929665,0.0,3.541666666666657
2018-09-06,2.4,16.8,26.2,82.0,1012.5,4.5,344.0,43.0,9.0,-2.2999999999999545,1.7874999999997954,81.28571428571429,71.71428571428572,5.385714285714285,-32.750855704960884,5.0,7.083333333333329
2018-09-07,6.5,16.9,22.9,87.0,1012.3,4.3,340.0,95.0,14.0,2.7000000000000455,1.7875000000000227,92.28571428571429,-7.714285714285708,4.771428571428572,137.88495178081797,11.0,-0.625
2018-09-08,0.0,15.9,26.5,74.0,1017.7,5.7,351.0,17.0,7.0,2.1000000000000227,2.4124999999997954,33.57142857142857,25.428571428571427,10.785714285714283,125.62013196293549,0.0,2.2083333333333286
2018-09-09,0.0,16.7,27.1,72.0,1020.3,6.8,294.0,9.0,2.0,-1.1000000000000227,0.8708333333335077,14.0,5.571428571428571,9.714285714285714,-92.93476856266719,0.0,5.75
2018-09-10,0.0,17.2,27.7,74.0,1021.0,5.7,325.0,43.0,2.0,0.0,0.6166666666665606,48.857142857142854,0.5714285714285694,8.642857142857142,-54.76045268324526,0.0,4.625
2018-09-11,0.0,17.5,28.1,72.0,1023.4,5.7,309.0,56.0,3.0,-0.2999999999999545,0.9083333333334167,47.0,-19.285714285714292,10.042857142857144,-142.3843349991686,0.0,3.541666666666657
2018-09-12,0.0,18.2,28.2,75.0,1022.0,5.7,307.0,25.0,2.0,-4.199999999999932,3.6500000000002046,37.714285714285715,31.857142857142858,7.485714285714285,-163.74491581179313,0.0,9.333333333333329
2018-09-13,0.0,17.5,27.6,74.0,1015.3,4.5,4.0,87.0,4.0,-2.2999999999999545,1.8208333333333258,82.14285714285714,-9.0,9.342857142857142,125.11132400061689,0.0,-2.125
2018-09-14,0.1,17.8,26.9,73.0,1014.9,4.9,338.0,30.0,0.0,0.6999999999999318,0.8041666666667879,35.57142857142857,4.857142857142854,8.142857142857144,-27.988195176401177,0.0,2.375
2018-09-15,0.2,17.8,25.4,75.0,1019.3,6.7,20.0,21.0,1.0,2.300000000000068,2.7208333333331893,16.571428571428573,-0.14285714285714235,7.971428571428571,48.03721409179829,1.0,3.4166666666666714
2018-09-16,0.0,17.2,26.8,73.0,1022.0,5.6,337.0,31.0,7.0,-1.7000000000000455,1.4791666666666288,66.42857142857143,63.0,10.528571428571428,-169.23912117461578,0.0,0.5416666666666714
2018-09-17,0.3,16.2,27.4,75.0,1020.7,5.4,314.0,38.0,3.0,-1.900000000000091,1.4583333333333712,36.142857142857146,6.142857142857146,9.314285714285715,-86.10555595860228,0.0,6.291666666666671
2018-09-18,0.6,17.0,26.4,77.0,1019.3,4.7,326.0,33.0,9.0,-1.5,1.3541666666669698,66.0,32.857142857142854,8.128571428571428,-102.25202380807903,2.0,4.583333333333343
2018-09-19,0.2,17.1,27.6,75.0,1019.4,5.8,332.0,22.0,3.0,0.0,1.0041666666667197,33.42857142857143,7.714285714285715,8.885714285714284,127.28942392285359,1.0,5.375
2018-09-20,0.0,18.0,28.5,67.0,1018.9,7.6,353.0,7.0,2.0,-2.0,1.6499999999998636,15.857142857142858,15.571428571428571,11.92857142857143,53.311959683962186,0.0,5.458333333333329
2018-09-21,0.0,17.6,27.8,69.0,1015.4,6.9,293.0,4.0,0.0,-2.8999999999999773,2.362500000000068,4.571428571428571,4.571428571428571,11.200000000000001,-152.561452211628,0.0,6.416666666666671
2018-09-22,4.8,16.2,24.4,81.0,1016.7,10.1,71.0,95.0,5.0,4.600000000000023,3.045833333333235,96.14285714285714,-0.2857142857142918,5.257142857142857,11.825999419786086,10.0,-0.6666666666666572
2018-09-23,1.3,15.9,21.8,84.0,1017.4,3.6,68.0,84.0,8.0,-3.7000000000000455,4.837499999999977,71.14285714285714,-23.57142857142857,4.642857142857143,6.183915291645405,3.0,2.2083333333333286
2018-09-24,1.1,14.2,23.3,56.0,1017.8,9.6,77.0,43.0,7.0,12.600000000000023,8.47083333333319,28.428571428571427,-7.857142857142858,19.485714285714284,88.65095054990445,3.0,-15.041666666666671
2018-09-25,0.0,8.6,19.2,46.0,1032.3,7.5,67.0,3.0,0.0,1.099999999999909,2.7625000000000455,1.5714285714285714,1.5714285714285714,17.985714285714284,75.1187704559745,0.0,4.083333333333336
2018-09-26,0.0,6.9,16.9,55.0,1037.2,5.5,8.0,23.0,0.0,-3.099999999999909,3.037499999999909,22.428571428571427,2.7142857142857117,12.457142857142857,-172.2059680564367,0.0,10.666666666666671
2018-09-27,0.0,7.2,22.9,69.0,1029.6,4.6,310.0,19.0,6.0,-4.899999999999864,5.175000000000182,0.0,0.0,13.685714285714283,-101.73068172978697,0.0,-1.9166666666666572
2018-09-28,0.0,10.0,26.5,59.0,1017.9,6.6,318.0,0.0,1.0,-7.100000000000023,4.624999999999886,0.0,0.0,16.25714285714286,-58.78342308352836,0.0,-1.3333333333333357
2018-09-29,0.0,14.0,24.3,54.0,1019.4,8.8,81.0,46.0,0.0,2.6000000000000227,3.366666666666788,86.0,69.85714285714286,12.457142857142857,56.607411051280394,0.0,-8.25
2018-09-30,0.0,10.4,19.8,52.0,1019.8,5.5,87.0,8.0,0.0,-5.7999999999999545,4.295833333333235,0.0,-7.428571428571429,13.042857142857141,136.96133586357348,0.0,8.5
2018-10-01,3.2,9.6,16.9,76.0,1010.9,5.7,59.0,62.0,5.0,-1.5,2.0625000000002274,96.28571428571429,40.28571428571429,6.285714285714286,95.94003198673346,7.0,11.375
2018-10-02,0.1,11.0,19.0,62.0,1017.1,5.7,86.0,48.0,0.0,3.2999999999999545,5.350000000000023,26.142857142857142,-14.000000000000004,12.928571428571429,105.39902354153554,0.0,-6.208333333333329
2018-10-03,0.0,7.4,20.2,65.0,1020.9,4.8,338.0,30.0,3.0,0.10000000000002274,0.9916666666669016,69.14285714285714,49.57142857142857,12.957142857142857,63.060946794490064,0.0,4.166666666666671
2018-10-04,0.0,9.9,21.8,64.0,1025.2,7.0,36.0,16.0,1.0,0.40000000000009095,1.9416666666668334,0.0,-27.571428571428573,13.385714285714288,57.95149424758807,0.0,-2.4166666666666643
2018-10-05,0.0,8.5,22.6,62.0,1023.7,7.6,19.0,22.0,3.0,-2.8999999999998636,1.9999999999998863,45.42857142857143,45.42857142857143,14.97142857142857,77.79276771434098,0.0,-5.333333333333336
2018-10-06,14.9,14.9,17.9,78.0,1018.4,4.7,31.0,93.0,14.0,-4.2999999999999545,3.8166666666664923,98.0,13.57142857142857,2.9857142857142853,39.70413606410335,16.0,16.70833333333333
2018-10-07,4.3,14.4,20.4,87.0,1013.9,3.7,38.0,55.0,13.0,1.2999999999999545,1.4458333333335531,52.142857142857146,3.285714285714292,4.757142857142857,56.048008349407496,4.0,3.9583333333333286
2018-10-08,0.2,14.5,22.2,84.0,1019.0,4.0,11.0,32.0,12.0,1.6000000000000227,1.7249999999997954,37.142857142857146,11.714285714285719,6.285714285714286,69.51279655997871,0.0,5.416666666666671
2018-10-09,0.0,13.4,22.9,73.0,1021.6,7.9,7.0,10.0,4.0,0.09999999999990905,0.6875000000001137,16.714285714285715,11.142857142857144,8.499999999999998,74.59474999743986,0.0,-0.25
2018-10-10,0.0,13.0,23.1,68.0,1022.3,8.1,33.0,3.0,1.0,-1.3999999999999773,1.3541666666667425,1.0,-2.5714285714285716,10.728571428571428,68.5291976367526,0.0,-2.875
2018-10-11,0.0,11.7,22.8,66.0,1021.5,7.2,358.0,21.0,0.0,-0.5,1.2000000000000455,43.714285714285715,29.42857142857143,11.000000000000002,98.20805566398519,0.0,4.833333333333329
2018-10-12,0.0,12.9,23.3,75.0,1024.5,4.5,311.0,22.0,5.0,0.7000000000000455,1.779166666666697,0.42857142857142855,-25.28571428571429,9.400000000000002,-133.79091015604916,0.0,3.5833333333333286
2018-10-13,0.0,11.1,23.3,69.0,1024.4,7.7,38.0,0.0,4.0,-2.6000000000000227,1.9958333333332803,0.0,0.0,11.228571428571428,78.71099072808835,0.0,-4.041666666666671
2018-10-14,0.0,11.6,22.0,65.0,1020.9,7.2,3.0,22.0,0.0,-3.2999999999999545,2.2583333333334394,51.42857142857143,49.57142857142858,11.185714285714285,63.84542694698075,0.0,2.625
2018-10-15,0.4,11.4,19.8,76.0,1019.7,7.6,22.0,49.0,4.0,1.1999999999999318,1.316666666666606,58.42857142857143,14.0,7.328571428571429,19.49397277354572,1.0,2.0416666666666714
2018-10-16,0.0,12.4,20.4,78.0,1020.5,4.8,331.0,86.0,7.0,0.5,0.7833333333331893,63.142857142857146,-34.57142857142856,7.485714285714287,121.8672680821777,0.0,6.875
2018-10-17,5.4,13.3,18.5,82.0,1019.3,5.7,330.0,86.0,10.0,-1.7000000000000455,1.429166666666788,76.14285714285714,-22.285714285714292,3.6285714285714277,41.77377986046508,7.0,9.0
2018-10-18,0.0,13.2,23.0,77.0,1016.5,5.6,343.0,58.0,4.0,-1.2000000000000455,1.474999999999568,62.57142857142857,11.428571428571423,9.042857142857143,61.40113758004844,0.0,1.75
2018-10-19,0.0,13.1,22.8,71.0,1018.4,6.5,2.0,40.0,0.0,1.1999999999999318,1.287499999999909,38.0,12.857142857142858,10.171428571428574,28.379124104559878,0.0,-2.1666666666666714
2018-10-20,0.0,12.7,21.3,72.0,1022.8,4.1,0.0,19.0,1.0,0.09999999999990905,1.5499999999998408,19.714285714285715,-2.0,9.2,-119.139273695199,0.0,3.8333333333333286
2018-10-21,3.4,9.0,18.0,83.0,1022.4,6.9,46.0,56.0,10.0,1.099999999999909,2.362500000000068,37.0,-35.28571428571429,4.085714285714286,-67.5346260654319,4.0,8.916666666666657
2018-10-22,0.0,5.6,18.5,67.0,1022.5,5.6,320.0,2.0,6.0,-1.8000000000000682,2.2833333333334167,0.7142857142857143,-0.7142857142857143,13.685714285714287,-107.44517569096305,0.0,-9.416666666666664
2018-10-23,0.0,4.8,18.1,70.0,1022.1,6.2,284.0,34.0,4.0,-5.900000000000091,4.583333333333485,63.42857142857143,63.142857142857146,10.042857142857143,-38.56014378479017,0.0,4.833333333333329
2018-10-24,0.0,7.9,19.0,72.0,1012.3,4.3,15.0,42.0,0.0,-1.6000000000000227,3.279166666666697,5.0,-60.0,6.442857142857143,57.48228066518968,0.0,3.9166666666666714
2018-10-25,0.0,9.8,17.2,78.0,1017.0,5.0,2.0,72.0,1.0,-1.1999999999999318,2.1499999999999773,99.14285714285714,32.71428571428571,4.057142857142857,34.38889310121567,0.0,6.583333333333329
2018-10-26,3.5,13.1,14.9,89.0,1013.6,3.0,6.0,100.0,8.0,-2.6000000000000227,3.2708333333333712,99.85714285714286,-0.1428571428571388,2.414285714285714,-13.575084887901312,7.0,6.916666666666671
2018-10-27,12.0,12.2,16.2,94.0,1005.3,5.0,34.0,98.0,22.0,-4.600000000000023,3.1333333333333258,100.0,2.5714285714285694,1.1999999999999997,0.25062770018917035,17.0,-2.208333333333343
2018-10-28,37.8,14.3,17.0,93.0,1001.6,10.5,79.0,97.0,22.0,0.0,0.974999999999909,98.71428571428571,-0.8571428571428612,1.1714285714285706,100.8793821577849,23.0,-0.1666666666666572
2018-10-29,60.8,12.8,18.1,91.0,1000.6,15.1,94.0,89.0,23.0,-7.7999999999999545,6.241666666666788,100.0,0.5714285714285694,1.085714285714286,58.15855785851326,18.0,-6.166666666666671
2018-10-30,3.3,9.2,14.0,84.0,1006.9,5.9,52.0,62.0,9.0,9.899999999999977,8.691666666666379,48.857142857142854,-28.000000000000007,3.085714285714286,40.83137559490788,11.0,6.958333333333329
2018-10-31,0.2,6.9,16.5,82.0,1021.1,5.8,7.0,54.0,10.0,2.300000000000068,3.8458333333335304,42.857142857142854,-22.285714285714285,5.771428571428571,59.31681298587449,0.0,1.9583333333333428
2018-11-01,34.8,10.2,14.4,87.0,1019.3,8.4,5.0,96.0,16.0,-1.8999999999999773,1.5999999999997954,97.85714285714286,-2.142857142857139,1.4142857142857144,-54.57438621198787,18.0,4.625
2018-11-02,7.4,12.0,15.8,91.0,1019.5,5.0,334.0,100.0,23.0,-1.6999999999999318,1.349999999999909,100.0,0.0,1.771428571428572,-11.382125654173421,11.0,2.5
2018-11-03,0.4,11.0,20.4,83.0,1021.5,5.5,330.0,73.0,8.0,-0.39999999999997726,1.6625000000001364,75.71428571428571,7.0,5.285714285714285,-28.210761490785956,2.0,5.916666666666671
2018-11-04,0.9,12.5,20.4,72.0,1017.7,7.8,345.0,85.0,1.0,-1.3999999999999773,1.1458333333330302,98.42857142857143,14.142857142857139,6.342857142857142,107.53346374393647,3.0,9.875
2018-11-05,16.0,13.2,15.6,89.0,1016.3,7.0,33.0,92.0,20.0,1.2999999999999545,1.2250000000001364,78.85714285714286,-17.714285714285708,2.085714285714286,-25.337891430140502,20.0,2.0
2018-11-06,15.2,13.4,16.1,91.0,1016.7,8.4,36.0,92.0,21.0,-1.2000000000000455,1.0375000000001364,76.57142857142857,-23.42857142857143,1.7285714285714284,-12.808291079732896,16.0,3.25
2018-11-07,2.6,11.4,15.8,93.0,1017.0,4.5,15.0,68.0,18.0,1.6999999999999318,1.375,62.142857142857146,3.142857142857146,2.057142857142858,23.543832258496394,10.0,1.8333333333333286
2018-11-08,0.0,9.6,16.6,86.0,1020.4,4.5,326.0,29.0,11.0,1.1000000000000227,1.5208333333332575,21.714285714285715,-4.0,4.514285714285715,17.603472392736705,0.0,3.7083333333333286
2018-11-09,0.0,11.0,16.1,83.0,1019.1,4.3,321.0,83.0,6.0,-2.0,1.5333333333331893,71.14285714285714,-20.85714285714286,4.171428571428572,-73.39604170020812,0.0,4.5
2018-11-10,0.0,11.1,14.9,88.0,1017.2,2.5,360.0,65.0,11.0,-0.900000000000091,1.0666666666668334,50.57142857142857,-33.14285714285714,3.3428571428571425,-150.6393771217642,0.0,0.3333333333333286
2018-11-11,0.1,10.2,14.7,89.0,1019.9,2.8,1.0,64.0,13.0,3.5,2.370833333333394,66.85714285714286,-7.285714285714278,2.4428571428571435,-71.01100552436151,0.0,4.416666666666657
2018-11-12,0.0,10.1,15.8,86.0,1025.1,4.7,311.0,51.0,10.0,1.7000000000000455,1.7374999999998408,85.57142857142857,48.857142857142854,3.6285714285714294,-169.2959288677092,0.0,1.9583333333333286
2018-11-13,0.0,11.7,14.3,92.0,1027.1,3.6,265.0,82.0,17.0,0.8999999999998636,0.9541666666666515,97.57142857142857,7.0,2.0857142857142863,176.69198850596194,0.0,1.625
2018-11-14,0.0,8.2,16.3,84.0,1028.3,5.1,357.0,26.0,11.0,-1.0,1.2791666666664696,1.1428571428571428,-49.285714285714285,5.185714285714285,12.378242153245338,0.0,3.0
2018-11-15,0.0,6.8,14.1,83.0,1026.5,4.8,13.0,38.0,9.0,-2.5,1.8666666666665606,47.857142857142854,-6.5714285714285765,4.542857142857143,46.396422325059405,0.0,2.5416666666666714
2018-11-16,0.0,4.8,12.4,68.0,1027.9,7.0,45.0,24.0,0.0,-0.09999999999990905,1.8958333333332575,3.142857142857143,-37.14285714285714,8.214285714285714,-21.221642377472392,0.0,14.166666666666671
2018-11-17,0.0,4.0,12.2,65.0,1026.6,7.6,0.0,1.0,0.0,-2.2999999999999545,2.2374999999999545,0.14285714285714285,-2.7142857142857144,8.742857142857142,109.66504974207805,0.0,-4.208333333333336
2018-11-18,0.0,1.2,9.8,71.0,1022.0,4.2,297.0,6.0,1.0,-6.100000000000136,5.7000000000000455,1.7142857142857142,-9.857142857142858,8.114285714285714,-42.74655138839597,0.0,1.375
2018-11-19,0.1,1.0,7.6,68.0,1012.2,7.9,52.0,70.0,0.0,-0.8999999999999773,2.1416666666666515,96.85714285714286,30.714285714285722,7.928571428571428,83.93019869364275,0.0,-10.291666666666664
2018-11-20,8.1,4.1,7.9,79.0,1007.7,5.8,5.0,98.0,11.0,0.5,1.7125000000002046,93.42857142857143,-6.571428571428569,3.3857142857142852,-88.07622269447467,12.0,-2.2916666666666714
2018-11-21,0.1,6.1,11.1,76.0,1013.3,3.5,340.0,90.0,4.0,3.7000000000000455,3.9500000000000455,73.85714285714286,-24.42857142857143,4.700000000000001,6.488225234778014,0.0,12.708333333333343
2018-11-22,0.0,6.3,10.6,91.0,1019.4,2.6,313.0,80.0,16.0,3.0,2.2708333333332575,75.14285714285714,-1.8571428571428612,1.9428571428571426,-86.5195153069036,0.0,3.625
2018-11-23,8.5,7.1,11.2,89.0,1022.6,3.3,23.0,89.0,15.0,-0.8000000000000682,2.3666666666669016,100.0,19.42857142857143,2.971428571428571,27.431906231154045,7.0,1.875
2018-11-24,24.6,8.9,13.7,92.0,1015.3,5.0,8.0,82.0,20.0,-1.8999999999999773,2.0250000000002046,74.42857142857143,-21.714285714285708,1.642857142857143,65.63714492437396,14.0,5.333333333333329
2018-11-25,1.2,7.5,12.5,85.0,1008.3,6.6,325.0,87.0,11.0,-6.800000000000068,7.087499999999977,100.0,3.0,3.6428571428571423,-20.443488363165386,3.0,8.041666666666671
2018-11-26,0.7,8.1,9.9,91.0,1000.6,3.8,7.0,99.0,14.0,2.6000000000000227,1.8208333333334394,96.85714285714286,-3.142857142857139,1.4571428571428573,14.382149400050452,1.0,3.1666666666666714
2018-11-27,0.2,5.1,12.5,86.0,1008.0,4.2,268.0,75.0,10.0,4.7000000000000455,4.041666666666629,79.0,-2.285714285714292,3.857142857142857,-91.85639660054912,1.0,0.7083333333333286
2018-11-28,0.0,1.8,10.3,68.0,1020.5,5.0,340.0,15.0,1.0,5.900000000000091,5.624999999999773,5.285714285714286,1.1428571428571423,7.842857142857143,65.73215066300236,0.0,5.666666666666657
2018-11-29,0.0,-2.2,6.4,74.0,1027.2,4.5,53.0,51.0,0.0,-1.900000000000091,1.095833333333303,95.71428571428571,88.85714285714285,5.514285714285714,130.5329780952918,0.0,-2.1666666666666714
2018-11-30,0.0,-1.1,5.1,67.0,1022.1,3.5,15.0,86.0,0.0,-4.0,2.8374999999999773,71.14285714285714,-27.42857142857143,6.2142857142857135,-8.356986344713334,0.0,10.083333333333343
2018-12-01,0.0,-0.3,8.8,78.0,1019.8,4.3,317.0,48.0,5.0,1.7999999999999545,1.1124999999999545,13.0,-28.714285714285715,6.700000000000001,-13.13539826269465,0.0,7.75
2018-12-02,0.3,0.9,8.5,80.0,1018.4,4.6,317.0,87.0,5.0,-2.8999999999999773,2.0375000000000227,87.57142857142857,-5.428571428571431,4.8999999999999995,-24.465489858783485,1.0,8.041666666666657
2018-12-03,1.4,0.0,9.4,86.0,1014.8,4.3,318.0,66.0,11.0,-1.6000000000000227,1.5916666666669244,76.14285714285714,27.57142857142857,4.485714285714286,-41.3433636638116,4.0,4.791666666666671
2018-12-04,0.7,1.5,12.2,89.0,1015.0,6.0,329.0,25.0,17.0,5.399999999999977,3.029166666666697,14.714285714285714,13.285714285714285,4.071428571428572,-16.320982380464045,1.0,3.625
2018-12-05,0.0,2.2,10.6,79.0,1025.5,6.6,23.0,60.0,2.0,2.3999999999998636,4.349999999999909,63.0,-14.714285714285708,3.4857142857142853,40.568368583758854,0.0,0.9166666666666714
2018-12-06,5.2,2.9,8.7,90.0,1024.0,4.1,8.0,76.0,16.0,-1.0,1.2958333333332348,37.42857142857143,-62.57142857142857,1.0571428571428574,-145.9494863935024,7.0,8.875
2018-12-07,0.2,1.4,7.9,93.0,1021.1,3.5,345.0,75.0,20.0,-4.900000000000091,6.2999999999999545,76.85714285714286,6.0,1.7142857142857142,132.66915530680348,0.0,6.0
2018-12-08,7.4,5.2,12.1,89.0,1012.5,5.5,311.0,64.0,16.0,6.2000000000000455,4.06666666666672,55.857142857142854,-12.142857142857146,3.528571428571429,-82.01767862712634,4.0,2.583333333333343
2018-12-09,0.0,3.1,10.2,87.0,1008.8,5.1,338.0,31.0,15.0,-4.2999999999999545,2.862499999999841,30.571428571428573,9.42857142857143,4.757142857142857,-87.90265657080647,0.0,5.041666666666671
2018-12-10,0.0,0.8,14.0,60.0,1013.3,9.1,335.0,46.0,1.0,5.699999999999932,5.491666666666902,24.0,-54.57142857142857,11.0,21.137960787976965,0.0,-20.416666666666664
2018-12-11,0.0,1.5,10.7,46.0,1018.0,11.3,333.0,7.0,0.0,1.6000000000000227,2.016666666666765,1.5714285714285714,1.5714285714285714,13.571428571428571,18.637219362158646,0.0,-9.833333333333336
2018-12-12,0.0,-0.5,9.1,52.0,1019.5,9.8,325.0,0.0,0.0,-0.10000000000002274,0.7624999999999318,0.0,0.0,9.957142857142857,-46.22457025734684,0.0,17.58333333333333
2018-12-13,0.3,-1.4,5.4,67.0,1017.6,6.4,18.0,62.0,0.0,-1.6999999999999318,1.3916666666665378,95.14285714285714,23.0,7.200000000000001,38.501844861856256,1.0,0.1666666666666714
2018-12-14,0.0,-1.6,6.3,70.0,1017.1,5.3,19.0,30.0,0.0,1.1000000000000227,0.8875000000000455,1.5714285714285714,-51.42857142857143,8.200000000000001,45.33944010019911,0.0,7.125
2018-12-15,0.0,-4.5,5.4,71.0,1020.1,6.1,306.0,0.0,1.0,1.0,1.6125000000000682,0.0,0.0,7.5857142857142845,-14.468899436965103,0.0,7.208333333333329
2018-12-16,0.0,-3.3,3.9,69.0,1020.1,4.3,5.0,75.0,0.0,-1.6000000000000227,1.3749999999998863,99.42857142857143,7.571428571428569,5.242857142857142,9.128780073797458,0.0,7.291666666666657
2018-12-17,0.0,-3.0,7.1,73.0,1020.6,4.8,327.0,87.0,0.0,5.600000000000023,3.1500000000002046,64.57142857142857,-34.85714285714286,6.314285714285714,-37.72915433489163,0.0,1.7083333333333286
2018-12-18,0.0,-3.4,7.3,70.0,1028.4,4.3,333.0,7.0,0.0,-0.7000000000000455,1.2875000000001364,0.0,0.0,8.085714285714285,-7.195176186327899,0.0,5.666666666666671
2018-12-19,0.6,-3.8,5.8,71.0,1025.0,4.4,322.0,79.0,1.0,-2.8999999999999773,2.3500000000000227,92.0,-6.0,6.742857142857143,-37.353301822847925,2.0,1.5416666666666572
2018-12-20,4.4,-1.2,7.3,90.0,1022.4,6.1,309.0,44.0,19.0,1.2999999999999545,1.1333333333335531,7.142857142857143,-49.71428571428571,2.885714285714286,-42.42156238030509,6.0,3.625
2018-12-21,0.0,-1.7,3.7,92.0,1025.6,3.4,299.0,75.0,17.0,-1.3999999999998636,1.70416666666722,99.85714285714286,34.28571428571429,1.6714285714285713,-54.78664094268035,0.0,7.666666666666671
2018-12-22,0.8,-1.5,5.6,91.0,1021.6,3.1,334.0,65.0,14.0,-0.599999999999909,1.4458333333333258,33.714285714285715,-49.99999999999999,2.3428571428571425,7.38553182104306,1.0,1.375
2018-12-23,0.0,-1.2,8.5,86.0,1023.2,4.4,321.0,73.0,11.0,0.20000000000004547,1.8624999999999545,89.57142857142857,16.85714285714286,3.385714285714286,-2.871972983185117,0.0,3.7083333333333286
2018-12-24,0.0,-0.4,8.6,83.0,1018.7,4.6,333.0,50.0,1.0,5.2000000000000455,4.691666666666492,15.857142857142858,-59.14285714285714,2.414285714285714,-12.928358627384625,0.0,-1.75
2018-12-25,0.0,-2.0,8.7,74.0,1029.4,7.0,329.0,49.0,5.0,2.0,2.3208333333334394,70.14285714285714,5.142857142857139,4.914285714285714,28.676691841443926,0.0,14.875
2018-12-26,0.0,-3.2,6.1,73.0,1030.9,4.9,328.0,17.0,1.0,-1.7000000000000455,2.283333333333303,0.42857142857142855,-4.285714285714286,5.214285714285714,27.874765324772568,0.0,11.083333333333343
2018-12-27,0.0,-2.7,6.4,70.0,1027.9,4.5,305.0,25.0,1.0,-1.2999999999999545,1.745833333333394,9.285714285714286,-5.7142857142857135,4.257142857142858,-28.435359001196503,0.0,-7.166666666666664
2018-12-28,0.0,-1.8,6.7,55.0,1025.0,2.8,312.0,58.0,0.0,0.2999999999999545,0.8541666666667425,35.857142857142854,-47.857142857142854,10.242857142857144,-37.857829709969224,0.0,0.75
2018-12-29,0.0,-1.4,9.9,60.0,1026.7,3.8,338.0,8.0,0.0,1.5,1.0583333333331666,15.714285714285714,15.428571428571427,10.828571428571431,33.36334328172177,0.0,1.25
2018-12-30,0.0,-1.9,10.1,65.0,1024.9,5.0,313.0,31.0,0.0,2.2999999999999545,1.912499999999909,24.0,11.571428571428571,9.357142857142858,-24.836611441843843,0.0,1.5
2018-12-31,0.0,-1.7,10.1,62.0,1027.2,4.3,346.0,40.0,0.0,0.7999999999999545,1.7791666666664696,42.857142857142854,-4.5714285714285765,11.1,23.714977870815858,0.0,-9.666666666666671
2019-01-01,0.0,-0.3,6.9,76.0,1027.7,5.0,333.0,65.0,2.0,-7.2000000000000455,6.874999999999773,55.57142857142857,-20.285714285714292,3.742857142857143,-18.720284728583636,0.0,12.958333333333329
2019-01-02,0.0,-2.6,10.2,59.0,1020.0,11.0,330.0,21.0,4.0,4.699999999999932,3.2499999999997726,3.0,1.8571428571428572,15.814285714285713,4.160031620123561,0.0,-16.5
2019-01-03,0.0,-4.1,6.2,39.0,1027.0,8.1,320.0,6.0,0.0,1.7000000000000455,2.2958333333333485,3.7142857142857144,-9.285714285714285,12.957142857142856,11.198179418578263,0.0,-5.458333333333329
2019-01-04,0.0,-3.4,4.7,58.0,1029.3,6.9,294.0,35.0,0.0,-0.09999999999990905,1.9041666666664696,57.285714285714285,39.14285714285714,5.985714285714286,-26.018086261293604,0.0,25.833333333333336
2019-01-05,0.0,-3.7,3.9,65.0,1022.7,3.5,322.0,42.0,0.0,-5.899999999999864,4.037500000000023,3.2857142857142856,-78.42857142857142,9.814285714285715,88.51822399761869,0.0,5.291666666666671
2019-01-06,0.0,-3.2,10.3,63.0,1020.1,4.6,318.0,21.0,0.0,1.6000000000000227,1.554166666666788,26.714285714285715,14.714285714285715,12.414285714285711,-44.15049946237593,0.0,-0.0833333333333286
2019-01-07,0.0,-0.7,6.8,80.0,1027.0,5.8,11.0,76.0,7.0,2.7000000000000455,3.6291666666667197,99.42857142857143,29.285714285714292,3.857142857142857,57.37038166653093,0.0,8.083333333333329
2019-01-08,0.2,-2.6,5.5,89.0,1018.4,4.3,345.0,75.0,13.0,-10.399999999999977,7.870833333333508,49.285714285714285,-46.285714285714285,2.442857142857143,14.267625745015664,0.0,4.625
2019-01-09,0.0,-2.3,4.3,75.0,1006.6,6.3,326.0,60.0,1.0,-2.1000000000000227,2.3083333333335077,48.285714285714285,5.857142857142854,3.7571428571428567,-1.8197921464247315,0.0,-22.833333333333336
2019-01-10,0.0,-1.5,8.7,50.0,1011.3,8.3,326.0,66.0,0.0,4.2999999999999545,4.0125000000000455,26.285714285714285,-69.0,10.528571428571427,46.0496841428764,0.0,9.291666666666664
2019-01-11,0.0,-3.1,5.3,72.0,1020.0,5.1,299.0,35.0,1.0,2.2000000000000455,3.404166666666697,31.428571428571427,14.285714285714285,5.771428571428572,-59.08733020238688,0.0,13.458333333333329
2019-01-12,0.0,-2.6,4.5,65.0,1018.9,3.3,350.0,82.0,1.0,-2.0,2.9666666666668107,90.14285714285714,19.857142857142847,8.8,-3.0872676922977007,0.0,2.125
2019-01-13,0.3,-2.1,7.1,72.0,1010.7,6.0,315.0,69.0,1.0,-4.2000000000000455,5.850000000000136,98.71428571428571,64.71428571428571,6.228571428571429,-29.221227695411073,1.0,4.541666666666671
2019-01-14,0.0,-2.4,9.7,67.0,1003.2,7.2,324.0,18.0,0.0,4.300000000000068,3.3916666666666515,24.285714285714285,7.428571428571427,7.785714285714285,20.331874479309363,0.0,-20.874999999999993
2019-01-15,0.0,-1.1,9.2,58.0,1016.8,9.1,338.0,19.0,0.0,4.399999999999977,5.716666666666697,16.857142857142858,-2.8571428571428577,8.257142857142856,95.6010097335336,0.0,13.083333333333336
2019-01-16,0.0,-2.9,7.6,70.0,1019.0,4.7,346.0,32.0,0.0,-0.20000000000004547,0.6916666666667197,22.0,4.142857142857142,7.442857142857142,34.98857223756971,0.0,7.916666666666671
2019-01-17,4.9,0.2,6.2,83.0,1014.6,4.1,349.0,89.0,5.0,-3.699999999999932,3.979166666666515,100.0,19.42857142857143,2.857142857142857,2.095060418283424,7.0,10.875
2019-01-18,3.1,1.2,8.1,85.0,1013.2,6.7,52.0,68.0,10.0,7.199999999999932,4.395833333333371,59.285714285714285,7.0,4.514285714285714,73.91130341438816,8.0,-4.291666666666671
2019-01-19,0.0,0.4,5.2,67.0,1017.5,5.3,36.0,95.0,0.0,-1.7999999999999545,1.4083333333330756,96.85714285714286,-2.5714285714285694,8.200000000000001,24.514613377660027,0.0,2.25
2019-01-20,0.0,-3.3,5.2,81.0,1015.6,3.7,318.0,19.0,4.0,0.39999999999997726,0.8249999999999318,8.285714285714286,-14.857142857142856,5.028571428571429,37.527727057262496,0.0,7.583333333333329
2019-01-21,0.0,-2.5,6.1,69.0,1017.5,5.3,23.0,77.0,1.0,-1.2000000000000455,1.095833333333303,98.57142857142857,21.42857142857143,7.457142857142856,59.190357459538916,0.0,-0.7916666666666572
2019-01-22,0.1,-3.7,6.1,69.0,1010.0,3.5,139.0,80.0,0.0,-7.300000000000068,5.725000000000023,96.28571428571429,51.28571428571429,7.771428571428572,-173.2480469429147,0.0,-5.625
2019-01-23,3.6,-1.6,2.2,82.0,999.5,5.6,36.0,90.0,5.0,-3.1000000000000227,2.3416666666668107,81.42857142857143,-18.285714285714278,3.371428571428571,65.39299519329569,7.0,4.333333333333329
2019-01-24,0.0,-3.0,8.6,68.0,1000.3,4.7,3.0,42.0,0.0,3.2999999999999545,2.5249999999999773,13.428571428571429,-38.14285714285714,9.085714285714285,109.73056542191216,0.0,-4.249999999999993
2019-01-25,0.0,-4.6,5.7,65.0,1007.5,4.0,293.0,0.0,0.0,2.3999999999999773,3.2666666666666515,0.0,0.0,8.785714285714286,-52.17847926310759,0.0,0.4583333333333428
2019-01-26,0.0,-4.0,4.9,72.0,1011.4,3.9,264.0,64.0,2.0,-1.2000000000000455,1.4625000000003183,90.85714285714286,40.28571428571429,5.557142857142857,-35.25607846920974,0.0,15.875
2019-01-27,7.2,-3.1,4.6,75.0,1003.3,4.6,337.0,89.0,6.0,-7.600000000000023,8.35833333333369,99.0,16.42857142857143,7.6999999999999975,-28.528682750875703,5.0,14.083333333333343
2019-01-28,1.4,-1.9,7.1,91.0,995.7,5.7,321.0,96.0,17.0,3.800000000000068,2.3125,98.42857142857143,0.8571428571428612,1.6857142857142857,-24.38649432806733,3.0,0.8333333333333286
2019-01-29,0.0,-2.5,7.8,66.0,1005.3,7.1,340.0,47.0,2.0,2.0,3.512499999999932,15.714285714285714,-54.857142857142854,9.085714285714285,57.34784495678434,0.0,1.2083333333333286
2019-01-30,0.0,-2.0,4.4,77.0,1002.0,4.4,6.0,83.0,2.0,-2.400000000000091,1.9874999999998408,99.28571428571429,23.571428571428584,5.357142857142857,20.904294387062492,0.0,12.0
2019-01-31,0.5,0.4,6.3,74.0,1002.6,6.1,347.0,80.0,1.0,2.5,1.6791666666664469,65.28571428571429,-28.714285714285708,6.999999999999998,36.29924613439704,0.0,-6.625
2019-02-01,35.5,1.6,8.3,90.0,1000.7,8.2,351.0,100.0,23.0,-6.399999999999977,5.833333333333485,100.0,0.0,1.528571428571429,17.38312560393598,24.0,2.875
2019-02-02,38.7,6.1,10.2,94.0,997.1,6.6,31.0,99.0,24.0,4.899999999999977,2.6666666666666288,100.0,2.0,1.114285714285714,17.490709461273013,20.0,-1.3333333333333286
2019-02-03,16.0,4.9,8.2,89.0,1003.1,8.4,334.0,98.0,20.0,9.799999999999955,6.791666666666856,99.14285714285714,-0.7142857142857224,1.4285714285714286,-32.23910380416271,21.0,-3.2083333333333286
2019-02-04,0.0,-1.3,10.5,59.0,1023.4,6.9,13.0,16.0,0.0,4.899999999999977,8.704166666666652,0.0,-2.2857142857142856,10.457142857142857,100.0470527812218,0.0,5.416666666666671
2019-02-05,0.0,-4.3,9.4,71.0,1025.4,5.2,314.0,1.0,0.0,-1.5000000000001137,1.654166666666697,0.2857142857142857,0.2857142857142857,8.857142857142858,-30.993943745009233,0.0,7.75
2019-02-06,0.0,-4.0,10.1,64.0,1025.2,5.4,328.0,12.0,0.0,-1.5,1.6458333333333712,34.714285714285715,34.714285714285715,8.614285714285714,121.88102827746383,0.0,9.166666666666671
2019-02-07,0.0,-4.2,9.6,71.0,1020.4,5.2,307.0,48.0,0.0,-3.8999999999999773,3.1291666666668334,98.57142857142857,87.42857142857143,7.885714285714285,-78.0391491486676,0.0,6.0
2019-02-08,0.0,1.0,11.7,66.0,1019.8,4.1,342.0,56.0,0.0,2.6000000000000227,1.9166666666666288,43.57142857142857,-9.42857142857143,9.214285714285714,75.35102496789352,0.0,-2.500000000000007
2019-02-09,0.0,-2.0,9.7,81.0,1020.0,4.7,331.0,63.0,7.0,0.0,1.020833333333485,95.28571428571429,67.71428571428572,5.585714285714286,158.34184928619908,0.0,3.875
2019-02-10,2.5,2.8,7.7,85.0,1016.2,3.4,4.0,100.0,6.0,-8.200000000000045,9.145833333333258,99.85714285714286,0.0,3.0857142857142854,89.20383874427438,6.0,8.625
2019-02-11,1.0,0.2,11.5,74.0,1009.0,6.0,305.0,80.0,11.0,8.600000000000023,5.7708333333332575,95.28571428571429,23.142857142857153,6.485714285714285,-20.176888944309155,3.0,-28.79166666666667
2019-02-12,0.0,0.1,13.2,50.0,1024.0,8.4,330.0,20.0,0.0,3.5,5.5208333333332575,10.714285714285714,-23.285714285714285,14.028571428571427,106.24955069120779,0.0,18.041666666666664
2019-02-13,0.0,-3.7,10.2,68.0,1035.2,6.3,291.0,4.0,1.0,0.599999999999909,2.7999999999999545,0.0,-0.42857142857142855,8.057142857142859,-66.64223790072407,0.0,14.458333333333329
2019-02-14,0.0,-2.3,11.3,79.0,1035.2,4.4,327.0,31.0,9.0,-3.2999999999999545,2.304166666666788,28.571428571428573,-18.71428571428571,6.785714285714286,-48.99563333254986,0.0,0.5416666666666714
2019-02-15,0.0,-2.7,13.1,77.0,1032.5,5.8,332.0,6.0,5.0,-0.7999999999999545,1.8999999999998636,0.0,-16.857142857142858,7.57142857142857,4.389071008799874,0.0,2.0
2019-02-16,0.0,-2.6,12.6,77.0,1031.3,5.5,310.0,33.0,3.0,-2.5,1.7999999999999545,61.285714285714285,37.0,7.028571428571429,-49.61767575103761,0.0,7.125
2019-02-17,0.0,-2.5,13.6,70.0,1027.6,5.4,321.0,12.0,0.0,-2.900000000000091,2.2374999999999545,4.428571428571429,-1.2857142857142856,8.428571428571429,-76.1948568270897,0.0,2.083333333333343
2019-02-18,0.0,-1.6,12.1,68.0,1024.2,4.9,328.0,0.0,0.0,-2.400000000000091,1.8958333333332575,0.0,0.0,8.685714285714287,-145.17672775455625,0.0,4.166666666666671
2019-02-19,0.0,-0.5,9.3,79.0,1022.6,3.7,7.0,14.0,3.0,0.0,0.6499999999997499,17.142857142857142,-6.0,3.442857142857142,57.57713891283652,0.0,11.458333333333343
2019-02-20,0.0,-0.5,10.5,84.0,1024.4,4.4,296.0,29.0,12.0,0.6999999999999318,1.312499999999659,52.142857142857146,32.57142857142857,4.4,-77.5008483106613,0.0,5.958333333333329
2019-02-21,0.0,0.1,13.5,78.0,1027.1,4.1,296.0,30.0,5.0,-0.7999999999999545,0.9583333333334849,21.142857142857142,-31.857142857142858,7.128571428571428,-71.88316629414501,0.0,5.208333333333329
2019-02-22,0.0,0.8,14.0,74.0,1024.9,5.5,310.0,6.0,3.0,-0.1999999999998181,1.4583333333333712,1.0,-14.428571428571429,6.314285714285714,-84.55345914737387,0.0,-11.250000000000007
2019-02-23,0.0,0.6,7.1,63.0,1034.5,6.4,220.0,22.0,1.0,1.7000000000000455,5.766666666666879,0.5714285714285714,-51.42857142857143,9.871428571428572,84.0868446421722,0.0,-0.5833333333333357
2019-02-24,0.0,-3.2,5.6,65.0,1037.2,4.4,272.0,36.0,0.0,-3.7000000000000455,2.2999999999999545,73.0,41.714285714285715,6.885714285714285,-85.68195223594552,0.0,16.375
2019-02-25,0.0,-1.2,15.1,74.0,1033.6,4.3,308.0,20.0,2.0,-3.8999999999998636,2.912499999999909,31.142857142857142,14.714285714285715,8.614285714285714,-63.477393518821486,0.0,1.5
2019-02-26,0.0,0.2,15.9,72.0,1028.5,5.7,318.0,84.0,0.0,-4.2999999999999545,3.133333333333212,94.42857142857143,16.85714285714286,7.571428571428571,-70.46205085682959,0.0,6.25
2019-02-27,0.0,4.4,20.0,61.0,1024.8,7.2,311.0,44.0,2.0,-1.3000000000000682,1.8583333333332348,5.428571428571429,-51.714285714285715,12.6,-163.89875893698294,0.0,20.416666666666664
2019-02-28,0.0,2.0,14.6,73.0,1019.3,5.0,9.0,6.0,3.0,-5.800000000000068,3.9708333333335304,21.285714285714285,21.285714285714285,9.228571428571428,118.59802004805533,0.0,1.0833333333333286
2019-03-01,0.5,1.4,12.0,83.0,1013.4,4.3,324.0,51.0,6.0,-3.5,2.4666666666668107,90.0,57.57142857142857,4.771428571428572,-54.62177074301803,2.0,6.041666666666671
2019-03-02,0.0,1.9,14.6,76.0,1014.9,6.5,348.0,22.0,4.0,0.1999999999999318,1.7250000000000227,56.0,53.714285714285715,7.085714285714286,114.40663731227784,0.0,0.75
2019-03-03,0.0,0.6,14.9,72.0,1017.8,5.4,322.0,31.0,3.0,-1.2000000000000455,1.2666666666665378,80.42857142857143,75.0,9.842857142857143,-136.089338407396,0.0,2.2916666666666714
2019-03-04,1.7,3.7,10.5,88.0,1011.6,6.2,20.0,82.0,11.0,-7.300000000000068,6.095833333333189,98.28571428571429,19.714285714285722,2.728571428571428,-62.21782648715805,3.0,5.166666666666671
2019-03-05,0.0,1.1,13.3,81.0,1010.8,4.7,348.0,37.0,10.0,2.3999999999999773,4.3875000000000455,20.142857142857142,-31.142857142857142,6.728571428571429,-12.747492393726077,0.0,-4.958333333333329
2019-03-06,0.0,4.3,13.5,81.0,1017.0,4.6,41.0,74.0,7.0,-0.6000000000000227,1.6000000000001364,88.0,16.57142857142857,6.271428571428572,127.15421981023565,0.0,4.625
2019-03-07,6.4,5.5,12.9,86.0,1012.4,6.3,37.0,95.0,14.0,-3.199999999999932,2.2791666666664696,90.14285714285714,-9.857142857142861,2.8142857142857145,-8.692070972682586,8.0,6.458333333333329
2019-03-08,1.0,6.8,15.7,82.0,1015.8,5.9,326.0,55.0,12.0,2.6000000000000227,3.375,17.142857142857142,-63.28571428571429,7.0,-179.54752090618348,1.0,-6.458333333333329
2019-03-09,0.0,5.0,15.2,81.0,1020.2,5.9,41.0,51.0,13.0,-1.400000000000091,1.787499999999909,56.0,12.0,6.528571428571429,177.12915076121374,0.0,4.833333333333329
2019-03-10,0.5,5.1,12.3,86.0,1017.0,5.2,30.0,76.0,9.0,-6.2999999999999545,4.145833333333485,98.28571428571429,6.142857142857153,3.885714285714286,-1.170650303840091,1.0,2.8333333333333286
2019-03-11,0.2,2.9,17.4,66.0,1013.6,6.3,353.0,59.0,9.0,0.3000000000000682,3.5958333333331893,99.0,88.28571428571429,12.557142857142859,63.27719906176543,0.0,-23.291666666666664
2019-03-12,0.0,1.5,14.4,40.0,1021.5,9.1,280.0,7.0,0.0,-2.3999999999999773,1.7916666666666288,1.8571428571428572,1.7142857142857144,16.385714285714283,-78.39109252388806,0.0,9.708333333333329
2019-03-13,0.0,0.5,11.8,65.0,1014.6,5.8,58.0,52.0,0.0,-4.0,3.1500000000002046,81.28571428571429,48.85714285714286,9.414285714285713,90.41967808179794,0.0,15.0
2019-03-14,0.0,-0.1,11.5,77.0,1012.5,6.2,351.0,45.0,7.0,-4.2999999999999545,4.183333333333508,89.0,88.71428571428571,7.657142857142857,-179.47845318604655,0.0,3.1666666666666714
2019-03-15,0.0,0.4,13.5,76.0,1010.1,5.3,326.0,15.0,5.0,1.7000000000000455,2.3500000000001364,30.142857142857142,27.57142857142857,7.9142857142857155,-142.45127722190097,0.0,2.0
2019-03-16,0.0,2.8,14.8,78.0,1014.1,5.6,26.0,61.0,9.0,0.5,1.666666666666515,51.857142857142854,-35.57142857142858,8.242857142857142,53.873835555075345,0.0,2.6666666666666714
2019-03-17,1.5,6.4,14.5,88.0,1014.1,5.8,26.0,67.0,16.0,-3.400000000000091,2.8666666666665606,81.57142857142857,16.0,3.9428571428571426,132.1677945948552,3.0,8.791666666666657
2019-03-18,10.3,3.1,9.9,88.0,1014.2,6.6,61.0,92.0,18.0,6.900000000000091,4.820833333333326,91.85714285714286,-5.571428571428569,2.714285714285714,41.712060614444056,10.0,2.125
2019-03-19,0.0,1.3,11.9,63.0,1022.7,8.0,20.0,55.0,4.0,2.2999999999999545,2.3916666666666515,41.714285714285715,-10.142857142857139,13.814285714285713,165.7344537157473,0.0,1.125
2019-03-20,0.0,0.3,12.6,56.0,1030.3,8.7,32.0,0.0,0.0,0.7999999999999545,2.8916666666666515,0.0,0.0,14.1,85.75184433378337,0.0,-1.2916666666666714
2019-03-21,0.0,1.1,14.6,57.0,1032.4,6.9,352.0,12.0,0.0,-2.5,2.1000000000001364,41.57142857142857,41.57142857142857,13.72857142857143,128.1474783165641,0.0,3.75
2019-03-22,0.0,-0.8,17.8,58.0,1029.8,5.3,309.0,27.0,0.0,-3.199999999999818,2.4750000000001364,61.285714285714285,61.285714285714285,16.357142857142858,-91.17974071823855,0.0,-2.6666666666666643
2019-03-23,0.0,2.6,20.5,61.0,1025.5,6.1,321.0,1.0,1.0,-2.900000000000091,2.525000000000091,0.0,0.0,14.442857142857141,-179.69014858008956,0.0,-3.4583333333333357
2019-03-24,0.0,5.1,21.1,65.0,1020.9,7.3,291.0,8.0,0.0,-5.5,4.0791666666666515,2.5714285714285716,-20.71428571428571,12.799999999999999,-85.89749183659836,0.0,-0.375
2019-03-25,1.7,5.8,18.4,68.0,1012.6,6.9,42.0,33.0,2.0,-7.100000000000023,5.241666666666902,73.42857142857143,66.57142857142857,10.857142857142858,43.32988539887742,2.0,-4.666666666666664
2019-03-26,0.2,4.9,15.1,53.0,1020.6,10.8,75.0,34.0,0.0,-0.5,4.39999999999975,0.0,-30.142857142857142,18.4,94.59038080071531,0.0,-18.16666666666667
2019-03-27,0.0,2.1,13.5,55.0,1026.6,4.3,218.0,45.0,0.0,0.0,1.9249999999999545,38.142857142857146,-49.714285714285715,14.271428571428572,-137.47468636897233,0.0,4.583333333333336
2019-03-28,0.0,0.6,15.5,62.0,1029.6,6.2,319.0,1.0,2.0,-1.900000000000091,2.3374999999998636,2.0,1.8571428571428572,12.628571428571428,-78.6149963705779,0.0,-2.25
2019-03-29,0.0,3.4,16.5,61.0,1030.2,7.2,340.0,3.0,0.0,-2.7000000000000455,2.1666666666667425,1.5714285714285714,-4.857142857142858,12.700000000000001,127.18327068872338,0.0,3.4166666666666714
2019-03-30,0.0,3.3,18.3,66.0,1024.8,6.0,325.0,24.0,3.0,-4.999999999999886,3.458333333333485,23.0,9.285714285714286,12.028571428571428,170.0323564198536,0.0,-3.0416666666666643
2019-03-31,0.0,3.7,20.8,60.0,1017.8,6.5,321.0,10.0,2.0,-3.7000000000000455,2.7499999999997726,4.428571428571429,-7.857142857142858,16.0,-175.83267793110207,0.0,-6.125
2019-04-01,0.0,8.3,21.3,51.0,1016.1,9.1,27.0,5.0,0.0,-2.2999999999999545,1.8958333333333712,2.857142857142857,2.857142857142857,15.771428571428572,77.62708140523898,0.0,3.9583333333333286
2019-04-02,0.0,7.6,20.4,59.0,1014.4,6.4,59.0,93.0,0.0,-4.0,2.6791666666666742,96.14285714285714,2.142857142857139,13.414285714285715,133.3163763227837,0.0,8.083333333333329
2019-04-03,4.2,10.0,15.6,80.0,1009.8,8.8,60.0,86.0,7.0,-2.800000000000068,2.3125,76.42857142857143,-17.0,5.642857142857143,-25.225540621730403,7.0,4.208333333333343
2019-04-04,39.7,9.5,14.7,88.0,1002.5,12.9,85.0,95.0,21.0,-3.7999999999999545,4.658333333333189,99.28571428571429,3.142857142857153,3.0857142857142854,20.131373738262425,22.0,6.333333333333329
2019-04-05,52.3,8.7,13.9,87.0,1000.6,11.1,49.0,98.0,18.0,6.300000000000068,3.237500000000182,94.57142857142857,-5.285714285714292,2.8714285714285723,88.46137077056676,18.0,-1.0416666666666714
2019-04-06,0.0,8.2,13.2,80.0,1007.1,4.4,41.0,89.0,7.0,0.6000000000000227,1.0458333333330074,84.57142857142857,-5.142857142857139,6.1,-48.12845426123033,0.0,-3.7916666666666714
2019-04-07,0.2,5.8,14.8,76.0,1006.1,4.1,282.0,83.0,1.0,0.6000000000000227,1.0416666666667425,71.28571428571429,-11.57142857142857,7.457142857142857,-92.87733059418392,1.0,-1.3333333333333286
2019-04-08,3.5,6.9,13.4,85.0,1006.8,5.9,320.0,98.0,8.0,0.0,0.6999999999997044,95.57142857142857,-4.285714285714292,2.8142857142857145,-43.01481204602641,5.0,0.5
2019-04-09,2.8,8.2,16.0,78.0,1006.9,8.1,315.0,92.0,5.0,-0.6999999999999318,0.9041666666663559,88.28571428571429,-6.0,5.514285714285714,-6.980437168239405,5.0,5.875
2019-04-10,12.4,9.1,17.5,82.0,1006.3,6.8,356.0,73.0,18.0,-0.3000000000000682,1.375,89.42857142857143,32.142857142857146,5.828571428571428,61.30788303283981,18.0,4.666666666666671
2019-04-11,20.1,10.2,13.3,89.0,1009.6,4.9,21.0,99.0,22.0,3.2000000000000455,2.58333333333303,98.28571428571429,-1.4285714285714164,2.642857142857143,86.07748904500255,20.0,0.8333333333333428
2019-04-12,0.6,8.5,12.5,81.0,1013.7,3.9,112.0,93.0,3.0,0.0,0.9041666666668107,97.14285714285714,6.428571428571431,4.542857142857144,95.77023115100997,0.0,6.083333333333343
2019-04-13,2.3,8.0,13.7,77.0,1015.1,4.6,128.0,95.0,7.0,-1.5,1.4208333333333485,92.71428571428571,0.0,7.357142857142856,-104.66044239422055,6.0,-3.375
2019-04-14,0.2,8.2,12.9,65.0,1014.2,9.6,67.0,81.0,0.0,-0.20000000000004547,0.8958333333333712,52.857142857142854,-44.57142857142858,7.728571428571428,13.872618404047984,0.0,-0.5416666666666714
2019-04-15,0.2,5.4,17.0,67.0,1018.8,6.0,349.0,36.0,1.0,0.599999999999909,2.0833333333333712,32.714285714285715,5.857142857142858,11.342857142857143,59.75428378904803,0.0,4.75
2019-04-16,0.0,7.2,17.5,63.0,1019.7,6.1,266.0,26.0,0.0,-1.6000000000000227,1.5166666666665378,33.285714285714285,23.714285714285715,11.757142857142856,116.14595508272771,0.0,9.208333333333336
2019-04-17,0.0,5.8,20.2,65.0,1020.3,5.9,317.0,45.0,2.0,-0.7999999999999545,1.400000000000091,44.57142857142857,-21.57142857142857,12.542857142857143,-144.6706911817096,0.0,-1.3333333333333286
2019-04-18,0.0,7.4,19.1,62.0,1025.3,7.3,57.0,40.0,0.0,0.09999999999990905,1.554166666666788,34.42857142857143,-14.142857142857139,12.628571428571428,84.40660098445346,0.0,2.8333333333333357
2019-04-19,0.0,9.9,19.8,61.0,1028.9,6.4,30.0,27.0,0.0,-1.6000000000001364,1.4291666666665606,0.0,-22.714285714285715,13.071428571428571,140.73174961785116,0.0,5.208333333333329
2019-04-20,0.0,8.6,22.3,59.0,1026.5,8.3,337.0,6.0,0.0,-3.0,2.5499999999999545,0.0,0.0,15.514285714285716,172.4015514942147,0.0,3.7916666666666643
2019-04-21,0.0,8.4,21.4,60.0,1021.4,6.7,61.0,58.0,0.0,-4.300000000000068,2.800000000000182,57.857142857142854,30.14285714285714,13.97142857142857,156.5542085617392,0.0,-1.4166666666666643
2019-04-22,0.1,6.3,18.0,68.0,1015.3,7.9,69.0,73.0,1.0,-4.7000000000000455,4.116666666666674,86.0,35.142857142857146,7.728571428571429,47.66692585141706,0.0,-3.5833333333333286
2019-04-23,39.6,11.9,13.7,87.0,1008.4,12.8,51.0,100.0,21.0,-0.3000000000000682,0.7958333333333485,100.0,0.0,2.0428571428571427,-3.626700528578965,22.0,3.4166666666666714
2019-04-24,19.5,12.0,17.7,91.0,1013.7,7.2,52.0,94.0,21.0,3.5,3.954166666666538,94.14285714285714,-1.142857142857153,2.4285714285714293,7.374680015072556,19.0,0.875
2019-04-25,2.1,10.8,19.5,84.0,1018.4,6.3,84.0,80.0,15.0,-0.1999999999999318,1.470833333333303,85.57142857142857,19.85714285714286,6.5,24.133696145013545,3.0,5.416666666666657
2019-04-26,17.6,9.8,17.7,90.0,1015.0,8.6,85.0,78.0,20.0,-2.6000000000000227,1.8875000000000455,79.0,-10.42857142857143,2.971428571428571,122.29366732325525,15.0,0.375
2019-04-27,4.8,8.3,17.6,76.0,1014.8,6.7,20.0,46.0,8.0,-0.6999999999999318,1.1666666666664014,40.57142857142857,13.285714285714285,8.314285714285715,67.24660374140745,4.0,-0.2083333333333286
2019-04-28,59.2,6.4,11.6,84.0,1014.4,15.5,341.0,93.0,21.0,-1.1000000000000227,1.1874999999998863,99.57142857142857,-0.4285714285714306,3.285714285714286,-19.82001376327861,20.0,-0.2916666666666714
2019-04-29,25.0,5.9,14.5,80.0,1013.9,11.4,308.0,94.0,10.0,-1.3000000000000682,1.2458333333335077,90.14285714285714,-9.714285714285722,5.714285714285714,-66.51914360302828,10.0,0.625
2019-04-30,0.5,6.6,15.5,73.0,1012.7,5.2,328.0,80.0,3.0,-0.2999999999999545,0.6041666666667425,80.0,-14.714285714285708,6.9142857142857155,140.08646741262118,1.0,9.333333333333329
2019-05-01,0.0,7.0,20.1,70.0,1012.9,6.9,322.0,10.0,4.0,-1.8000000000000682,1.6458333333333712,11.428571428571429,11.285714285714286,10.200000000000001,135.2729663422923,0.0,10.5
2019-05-02,0.3,7.6,20.1,75.0,1011.7,7.0,68.0,35.0,5.0,-3.2000000000000455,2.266666666666879,80.42857142857143,79.71428571428572,8.242857142857144,135.52657291413846,1.0,5.291666666666671
2019-05-03,9.0,11.2,16.2,86.0,1009.0,5.6,23.0,94.0,16.0,0.3000000000000682,0.6583333333335304,97.42857142857143,4.428571428571431,3.8428571428571425,-24.382882608707973,16.0,5.166666666666657
2019-05-04,11.6,9.8,14.6,92.0,1005.2,5.6,86.0,86.0,20.0,-4.899999999999977,3.4749999999997954,79.14285714285714,-3.285714285714292,2.042857142857143,-14.49331764733347,11.0,1.0
2019-05-05,30.4,6.6,11.2,80.0,1003.3,10.5,351.0,100.0,22.0,4.400000000000091,4.2333333333333485,99.85714285714286,0.5714285714285694,5.457142857142857,-64.24831399422345,23.0,9.25
2019-05-06,1.6,6.2,16.6,67.0,1011.7,5.6,266.0,75.0,4.0,2.5,3.0916666666664696,50.57142857142857,-38.42857142857143,13.085714285714287,-148.96665856660226,3.0,4.458333333333329
2019-05-07,0.6,4.6,13.0,72.0,1019.0,6.0,64.0,49.0,1.0,-1.5,1.3208333333330984,46.142857142857146,-22.142857142857146,5.957142857142858,77.5898743131051,1.0,1.5833333333333428
2019-05-08,3.3,7.7,14.3,82.0,1015.2,4.7,56.0,92.0,8.0,-3.8999999999999773,4.445833333333326,100.0,8.285714285714292,4.571428571428571,83.61816047182913,7.0,12.0
2019-05-09,9.4,9.9,17.4,82.0,1006.3,5.1,119.0,86.0,13.0,-2.2000000000000455,1.9833333333333485,72.71428571428571,-14.857142857142861,6.914285714285714,118.36520512266361,10.0,-1.1666666666666714
2019-05-10,3.4,10.9,17.9,85.0,1011.1,4.8,104.0,79.0,12.0,1.7000000000000455,2.554166666666788,65.57142857142857,-25.14285714285714,4.499999999999999,15.279233716619615,2.0,0.4583333333333286
2019-05-11,11.0,11.7,17.3,87.0,1013.3,7.3,68.0,77.0,16.0,-3.300000000000068,2.3458333333334167,96.57142857142857,21.42857142857143,4.428571428571429,5.153018837399031,12.0,0.75
2019-05-12,30.9,10.0,14.6,72.0,1013.4,11.4,340.0,100.0,18.0,2.7000000000000455,2.449999999999818,100.0,0.0,4.142857142857142,32.2718242464191,19.0,-26.16666666666667
2019-05-13,1.4,11.8,19.0,55.0,1018.3,8.1,353.0,98.0,2.0,2.5,2.729166666666515,96.14285714285714,-3.5714285714285694,6.7,-32.82522313206414,2.0,15.833333333333336
2019-05-14,0.1,8.2,16.9,64.0,1019.2,6.6,193.0,48.0,1.0,-0.6999999999999318,1.074999999999818,35.42857142857143,8.42857142857143,11.6,45.273586072820734,0.0,6.541666666666671
2019-05-15,3.1,6.9,14.1,78.0,1015.1,5.2,254.0,88.0,5.0,-0.5,1.4458333333333258,70.71428571428571,-28.714285714285722,4.714285714285714,-26.213580049864788,7.0,1.8333333333333428
2019-05-16,0.2,9.0,17.4,76.0,1012.8,4.9,151.0,75.0,4.0,-3.0,1.9500000000000455,93.57142857142857,31.285714285714285,8.12857142857143,93.91989538395916,1.0,0.2916666666666714
2019-05-17,0.0,11.2,17.9,71.0,1010.6,6.4,101.0,73.0,2.0,-1.6000000000000227,1.5874999999997499,89.85714285714286,36.28571428571429,8.542857142857143,45.7108788210696,0.0,7.0
2019-05-18,18.6,10.1,16.4,83.0,1007.9,8.3,36.0,99.0,14.0,-0.39999999999997726,0.8249999999998181,99.42857142857143,0.2857142857142918,4.114285714285714,40.16433739307331,13.0,6.458333333333329
2019-05-19,21.7,12.0,15.3,88.0,1005.5,8.3,60.0,98.0,21.0,-1.0,1.2041666666666515,98.71428571428571,0.857142857142847,2.4142857142857146,33.67095075935009,22.0,3.708333333333343
2019-05-20,10.7,11.3,16.0,91.0,1004.7,3.4,217.0,95.0,21.0,2.0,1.3416666666668107,100.0,8.714285714285708,2.357142857142857,88.64930364163769,13.0,1.2083333333333428
2019-05-21,7.4,12.0,17.2,88.0,1008.9,5.1,92.0,100.0,15.0,3.3999999999999773,2.39999999999975,98.85714285714286,-1.1428571428571388,4.285714285714286,-49.668359288449665,13.0,2.0416666666666714
2019-05-22,2.4,12.5,20.5,85.0,1013.7,4.4,73.0,87.0,13.0,0.7000000000000455,1.4583333333331439,95.14285714285714,17.0,5.47142857142857,3.1736895021472833,2.0,1.2916666666666714
2019-05-23,1.3,11.7,21.5,80.0,1015.4,4.9,266.0,39.0,9.0,-2.2999999999999545,1.9249999999997272,27.142857142857142,-9.714285714285712,7.07142857142857,-73.5315347141709,3.0,1.2916666666666572
2019-05-24,1.5,12.8,22.6,80.0,1013.7,4.8,298.0,47.0,12.0,-2.7000000000000455,1.9583333333332575,66.28571428571429,46.57142857142858,6.885714285714286,-172.05954720458925,2.0,6.416666666666671
2019-05-25,2.8,14.2,21.3,84.0,1014.1,4.3,23.0,96.0,11.0,0.20000000000004547,0.9583333333332575,98.85714285714286,0.0,5.285714285714286,135.42633891898322,6.0,-1.5416666666666572
2019-05-26,0.8,13.4,22.3,79.0,1014.5,5.0,55.0,98.0,4.0,-1.2000000000000455,0.9916666666666742,95.14285714285714,-2.857142857142861,5.8571428571428585,96.98419762256589,1.0,-2.375
2019-05-27,10.5,14.2,16.7,88.0,1011.0,4.6,49.0,96.0,19.0,-3.1000000000000227,3.2916666666666288,85.85714285714286,-14.142857142857139,3.028571428571428,87.88894613364351,17.0,-0.3333333333333286
2019-05-28,15.8,13.4,18.9,89.0,1004.8,3.6,321.0,97.0,20.0,-0.39999999999997726,1.2749999999997499,99.14285714285714,1.5714285714285694,3.771428571428572,-158.2118360834877,18.0,3.1666666666666714
2019-05-29,19.3,11.8,16.0,82.0,1011.1,9.5,345.0,100.0,21.0,7.100000000000023,5.14583333333303,100.0,0.0,3.1142857142857143,-169.43911644809853,20.0,7.083333333333329
2019-05-30,4.6,11.4,17.7,87.0,1021.6,5.4,293.0,87.0,16.0,3.800000000000068,3.7250000000001364,85.14285714285714,-13.714285714285722,4.028571428571428,146.44276497382305,6.0,5.166666666666657
2019-05-31,0.0,11.1,23.1,68.0,1023.3,7.6,286.0,24.0,7.0,-2.8999999999999773,1.824999999999818,26.571428571428573,11.142857142857144,13.014285714285714,-41.59127100911928,0.0,-0.5416666666666714
2019-06-01,0.0,12.8,25.8,65.0,1020.2,8.2,287.0,15.0,0.0,-4.199999999999932,2.908333333333644,16.285714285714285,12.428571428571427,13.028571428571427,-13.400239974591273,0.0,4.0
2019-06-02,0.0,14.2,27.4,69.0,1017.6,6.3,287.0,19.0,1.0,-2.5,1.741666666666788,25.285714285714285,18.857142857142854,11.757142857142856,-87.6025990589441,0.0,5.291666666666671
2019-06-03,0.2,16.2,27.2,71.0,1015.7,4.8,327.0,25.0,2.0,-2.900000000000091,2.2833333333334167,36.714285714285715,25.714285714285715,9.785714285714288,-140.52043860782564,0.0,2.416666666666657
2019-06-04,0.9,16.9,27.2,76.0,1012.7,5.3,331.0,28.0,5.0,-2.3999999999999773,1.737500000000182,50.0,44.0,7.742857142857141,-124.91628184104121,1.0,6.416666666666657
2019-06-05,3.0,16.3,25.2,82.0,1010.5,6.5,57.0,55.0,10.0,-1.3000000000000682,1.1625000000000227,82.14285714285714,43.57142857142857,5.585714285714286,41.92846987910079,4.0,3.9166666666666714
2019-06-06,1.5,17.0,22.5,82.0,1012.2,8.3,76.0,56.0,10.0,2.5,1.4999999999998863,55.42857142857143,-2.2857142857142847,5.871428571428571,16.76491989819283,5.0,-0.9583333333333428
2019-06-07,0.9,15.5,24.6,74.0,1016.6,5.9,143.0,31.0,4.0,1.1000000000000227,1.7958333333333485,9.285714285714286,-49.285714285714285,8.871428571428572,82.04563052947111,2.0,-7.333333333333343
2019-06-08,0.0,15.8,26.8,72.0,1019.2,4.8,98.0,9.0,3.0,0.8000000000000682,1.4125000000000227,9.142857142857142,7.7142857142857135,10.12857142857143,98.88959478337966,0.0,6.083333333333329
2019-06-09,0.0,16.4,28.5,71.0,1020.4,6.3,39.0,52.0,5.0,-4.100000000000023,3.391666666666765,75.14285714285714,30.428571428571423,11.4,142.3814840976969,0.0,3.5416666666666714
2019-06-10,0.0,18.8,29.4,68.0,1013.4,7.0,2.0,67.0,0.0,-4.7000000000000455,4.491666666666561,24.142857142857142,-67.71428571428572,10.12857142857143,110.6793043017696,0.0,-5.541666666666664
2019-06-11,4.4,19.6,27.0,69.0,1009.2,7.8,45.0,60.0,3.0,0.8000000000000682,0.9250000000000682,69.57142857142857,41.71428571428571,7.999999999999998,-1.483930162044686,3.0,7.166666666666671
2019-06-12,11.0,18.8,26.8,76.0,1009.9,12.7,345.0,48.0,7.0,0.20000000000004547,0.9458333333335531,55.57142857142857,20.14285714285714,5.914285714285714,-91.26965240465188,8.0,6.333333333333329
2019-06-13,0.1,18.7,28.2,65.0,1013.5,8.1,265.0,17.0,1.0,2.1000000000000227,2.0583333333331666,0.0,-1.7142857142857142,15.14285714285714,-8.32692152692394,0.0,-7.791666666666664
2019-06-14,0.0,15.4,28.7,64.0,1017.1,5.3,8.0,36.0,0.0,-1.7999999999999545,1.8041666666666742,55.857142857142854,4.857142857142854,11.657142857142857,123.34321754146572,0.0,8.75
2019-06-15,2.3,19.0,30.1,68.0,1013.2,6.8,84.0,67.0,3.0,-2.3999999999999773,1.9624999999999773,90.71428571428571,48.57142857142856,10.42857142857143,122.06126219537526,4.0,8.041666666666671
2019-06-16,0.6,19.0,29.5,74.0,1012.6,5.3,60.0,14.0,4.0,-0.7000000000000455,1.2208333333334167,17.714285714285715,8.714285714285715,9.12857142857143,20.298676571891292,2.0,-5.916666666666657
2019-06-17,0.2,19.4,28.7,59.0,1015.6,7.2,60.0,53.0,0.0,-1.6999999999999318,1.4624999999998636,48.142857142857146,-19.142857142857146,13.542857142857143,21.92660289952346,1.0,4.666666666666664
2019-06-18,0.0,19.3,28.2,66.0,1014.8,5.4,321.0,28.0,0.0,-1.8999999999999773,1.729166666666515,54.42857142857143,46.714285714285715,10.928571428571429,-157.92100719925259,0.0,-1.75
2019-06-19,0.2,19.4,28.7,72.0,1012.5,6.3,319.0,41.0,1.0,-2.1000000000000227,1.4041666666664696,73.14285714285714,46.28571428571428,8.299999999999999,-171.75319969651832,1.0,6.958333333333329
2019-06-20,0.2,18.2,28.1,73.0,1011.7,5.9,7.0,30.0,3.0,-1.1000000000000227,1.1125000000000682,44.142857142857146,10.42857142857143,8.328571428571431,44.212771112190836,0.0,-0.25
2019-06-21,5.2,19.0,28.9,69.0,1014.1,7.4,349.0,52.0,3.0,0.0,1.0624999999998863,48.42857142857143,2.0,10.871428571428572,84.66550028088125,3.0,-0.2916666666666714
2019-06-22,8.3,19.4,25.3,72.0,1014.7,7.6,349.0,90.0,8.0,-1.2999999999999545,2.0291666666665833,93.42857142857143,-4.428571428571431,6.928571428571429,143.0791977967637,9.0,-3.125
2019-06-23,0.0,16.8,27.7,71.0,1014.2,4.7,337.0,26.0,2.0,0.5,0.7875000000001364,33.57142857142857,28.285714285714285,10.142857142857142,-179.57233646328984,0.0,-3.0
2019-06-24,0.0,18.0,29.7,70.0,1018.2,5.4,216.0,12.0,2.0,0.40000000000009095,1.5250000000002046,23.142857142857142,17.714285714285715,10.914285714285713,116.16403439380389,0.0,0.7083333333333286
2019-06-25,0.0,21.0,31.4,67.0,1021.1,4.6,356.0,12.0,1.0,-0.20000000000004547,0.5166666666664241,22.0,16.57142857142857,11.414285714285713,-119.30443316311252,0.0,0.2083333333333428
2019-06-26,0.0,23.1,33.4,63.0,1022.0,4.5,32.0,11.0,0.0,-2.1000000000000227,1.8999999999999773,32.142857142857146,31.85714285714286,12.557142857142859,116.16493437961662,0.0,2.5
2019-06-27,0.0,23.0,35.3,66.0,1017.5,4.6,300.0,11.0,2.0,-5.5,3.6875000000001137,29.714285714285715,29.714285714285715,12.87142857142857,171.27388392771888,0.0,-8.208333333333336
2019-06-28,0.0,24.1,33.1,59.0,1015.5,8.1,82.0,15.0,0.0,-1.1000000000000227,2.3708333333331666,23.714285714285715,15.857142857142858,14.214285714285714,94.10089647404658,0.0,-1.4583333333333357
2019-06-29,0.0,22.8,30.0,52.0,1018.9,7.4,98.0,14.0,0.0,-2.2000000000000455,1.4208333333332348,3.0,-22.428571428571427,13.757142857142856,132.9646045184757,0.0,4.625
2019-06-30,0.0,20.1,32.2,58.0,1018.8,5.2,202.0,17.0,0.0,-1.7000000000000455,1.429166666666788,36.714285714285715,36.714285714285715,14.785714285714286,114.19336983496646,0.0,-3.4583333333333286
2019-07-01,0.0,21.9,31.6,63.0,1016.9,5.9,134.0,32.0,0.0,-3.2000000000000455,2.1208333333332803,39.714285714285715,27.142857142857146,12.671428571428574,63.37336173479872,0.0,-5.666666666666664
2019-07-02,2.1,21.3,31.6,68.0,1014.6,4.8,32.0,40.0,3.0,-1.099999999999909,1.0916666666668107,53.42857142857143,24.42857142857143,9.4,-90.55721124123278,3.0,1.0416666666666714
2019-07-03,0.0,20.7,30.2,65.0,1015.1,6.8,8.0,65.0,0.0,-0.39999999999997726,0.6333333333332121,80.85714285714286,37.714285714285715,10.942857142857141,-76.54628746287221,0.0,-5.750000000000007
2019-07-04,0.0,18.2,29.1,65.0,1017.1,6.7,66.0,44.0,4.0,-0.3000000000000682,1.2124999999998636,72.0,65.57142857142857,12.671428571428573,42.19684294054605,0.0,-7.999999999999993
2019-07-05,0.0,19.3,31.3,66.0,1014.9,6.8,221.0,24.0,0.0,-4.100000000000023,2.7208333333330756,46.857142857142854,33.42857142857142,11.571428571428571,-69.59231131268007,0.0,5.541666666666657
2019-07-06,2.4,20.9,31.2,71.0,1011.7,5.4,158.0,39.0,5.0,-3.7000000000000455,3.0458333333333485,71.85714285714286,49.57142857142858,11.185714285714285,119.32853497743145,3.0,-2.375
2019-07-07,0.0,19.6,28.0,79.0,1008.8,6.3,59.0,53.0,8.0,-2.0,2.2000000000000455,57.57142857142857,17.0,6.957142857142857,-59.92696055269222,0.0,-0.4166666666666714
2019-07-08,12.4,18.4,27.4,75.0,1011.3,5.0,13.0,39.0,9.0,-0.20000000000004547,1.3041666666666742,69.0,57.57142857142857,8.757142857142858,-48.53877906227413,7.0,5.791666666666671
2019-07-09,3.1,19.2,25.7,72.0,1012.2,6.7,80.0,94.0,5.0,-2.0,1.3833333333334394,98.28571428571429,9.142857142857153,8.171428571428573,17.583128772549742,4.0,5.625
2019-07-10,0.0,18.5,26.5,65.0,1012.5,8.1,98.0,35.0,2.0,0.39999999999997726,0.9124999999997954,30.857142857142858,-0.8571428571428577,12.514285714285716,76.91784698126969,0.0,-6.416666666666664
2019-07-11,8.3,17.7,23.3,68.0,1014.3,5.9,31.0,81.0,7.0,-2.5,1.6333333333330984,94.57142857142857,5.0,7.728571428571427,167.54582287649157,7.0,9.25
2019-07-12,0.6,16.1,26.0,78.0,1012.1,4.0,185.0,47.0,9.0,-2.2999999999999545,1.5874999999997499,48.857142857142854,6.714285714285708,8.642857142857142,-82.47113676981672,3.0,1.4166666666666714
2019-07-13,0.3,16.9,25.1,78.0,1010.6,5.6,12.0,30.0,8.0,0.8000000000000682,1.125,44.285714285714285,34.857142857142854,6.714285714285714,-68.13852822439095,1.0,-0.75
2019-07-14,0.3,14.4,25.2,68.0,1011.9,5.2,12.0,14.0,1.0,-1.2000000000000455,1.0583333333332803,25.428571428571427,20.857142857142854,9.428571428571429,-6.905021522924983,1.0,-3.6666666666666714
2019-07-15,0.3,17.1,24.5,66.0,1011.4,8.8,5.0,87.0,0.0,-0.10000000000002274,0.7250000000000227,89.42857142857143,-10.57142857142857,10.8,-13.823162532804929,1.0,3.75
2019-07-16,0.0,16.2,27.0,63.0,1013.1,7.6,288.0,11.0,0.0,-1.8000000000000682,1.3458333333331893,14.571428571428571,6.714285714285714,13.614285714285714,-24.708357434111235,0.0,-2.5416666666666714
2019-07-17,1.9,17.2,28.2,66.0,1012.2,6.8,293.0,68.0,1.0,-3.0,1.8249999999999318,91.28571428571429,20.285714285714292,11.928571428571429,53.15782498544496,1.0,4.791666666666671
2019-07-18,2.4,18.7,25.9,76.0,1011.9,4.5,324.0,73.0,3.0,0.10000000000002274,0.9374999999996589,74.28571428571429,-21.0,7.385714285714286,63.23614064400391,3.0,-1.5
2019-07-19,0.0,17.8,29.0,68.0,1015.0,5.8,250.0,55.0,2.0,-0.8000000000000682,1.2916666666667425,39.42857142857143,-47.14285714285714,12.000000000000002,-103.63205403134296,0.0,-0.125
2019-07-20,0.0,19.4,28.7,71.0,1017.2,5.2,201.0,42.0,0.0,-0.5,0.7166666666663559,76.42857142857143,61.142857142857146,9.314285714285715,103.35876792993395,0.0,-2.0833333333333286
2019-07-21,0.1,19.9,29.7,73.0,1018.7,4.8,284.0,57.0,2.0,-0.7000000000000455,0.7250000000000227,54.714285714285715,0.5714285714285694,8.900000000000002,40.4936675669945,0.0,0.5
2019-07-22,0.0,21.1,31.7,65.0,1020.7,6.6,348.0,75.0,2.0,-2.199999999999932,1.5499999999999545,84.57142857142857,-0.4285714285714306,13.042857142857144,142.89878072676777,0.0,-3.9583333333333286
2019-07-23,0.0,22.4,32.4,66.0,1018.7,6.1,294.0,30.0,0.0,-3.1000000000000227,2.362500000000068,19.285714285714285,-3.8571428571428577,12.542857142857141,177.82504328837308,0.0,0.875
2019-07-24,0.0,22.3,33.3,67.0,1016.0,5.3,241.0,18.0,0.0,-2.5,1.6333333333333258,49.0,47.0,12.7,-37.4157565906755,0.0,-2.625
2019-07-25,0.1,23.6,32.6,72.0,1015.5,5.1,330.0,59.0,3.0,-1.599999999999909,1.6833333333332803,96.28571428571429,46.71428571428572,9.985714285714284,-109.93992684206648,0.0,-0.625
2019-07-26,15.9,22.5,31.8,78.0,1010.5,5.5,7.0,75.0,11.0,-4.699999999999932,3.2875000000000227,82.71428571428571,42.42857142857142,7.557142857142856,137.07262577751777,7.0,3.958333333333343
2019-07-27,13.4,19.9,25.8,85.0,1004.6,5.4,40.0,74.0,13.0,-2.7999999999999545,2.5458333333333485,94.85714285714286,46.714285714285715,3.6714285714285717,5.671391167960621,6.0,7.291666666666671
2019-07-28,47.3,18.9,22.3,91.0,998.5,6.2,345.0,99.0,22.0,-0.6000000000000227,1.8124999999997726,100.0,0.0,1.9285714285714286,-117.20295322885755,16.0,1.0833333333333286
2019-07-29,2.6,19.6,28.3,81.0,1004.8,4.2,275.0,71.0,10.0,3.6000000000000227,4.7333333333333485,48.42857142857143,-38.71428571428571,7.271428571428571,-107.25761982534186,5.0,1.0416666666666714
2019-07-30,14.3,20.9,29.4,82.0,1010.0,4.8,320.0,37.0,13.0,0.20000000000004547,1.5291666666665833,38.57142857142857,-6.285714285714285,6.442857142857144,-0.8954409644063048,9.0,1.5416666666666714
2019-07-31,0.4,20.8,29.5,76.0,1011.8,4.2,339.0,42.0,9.0,-0.3000000000000682,0.8000000000000682,50.857142857142854,-8.285714285714292,8.799999999999999,66.05314448634812,2.0,-0.25
2019-08-01,0.6,20.0,29.1,76.0,1013.7,6.2,65.0,37.0,9.0,-1.6000000000000227,1.2833333333334167,46.857142857142854,12.57142857142857,9.114285714285716,84.08086896924868,1.0,6.208333333333343
2019-08-02,15.0,19.6,24.8,84.0,1011.4,7.3,349.0,88.0,12.0,-2.6000000000000227,2.1458333333333712,99.57142857142857,13.57142857142857,4.942857142857143,-48.87974261299951,7.0,-1.4583333333333286
2019-08-03,0.2,16.9,26.8,74.0,1011.8,5.5,297.0,15.0,7.0,0.10000000000002274,0.5291666666668107,28.142857142857142,24.57142857142857,9.37142857142857,-161.86862876239937,1.0,1.75
2019-08-04,0.1,17.7,26.3,74.0,1014.7,5.6,348.0,30.0,2.0,-0.1999999999999318,1.212500000000091,41.285714285714285,14.428571428571427,8.828571428571431,131.74404686731157,0.0,7.416666666666657
2019-08-05,0.1,19.5,27.2,76.0,1015.2,6.3,290.0,59.0,3.0,-2.199999999999932,1.5666666666668334,56.857142857142854,1.857142857142854,7.785714285714286,170.2968307971085,0.0,5.791666666666671
2019-08-06,0.9,20.8,27.4,81.0,1014.3,5.1,27.0,76.0,8.0,-1.7000000000000455,1.362500000000182,96.14285714285714,34.99999999999999,6.742857142857145,24.212211870829634,1.0,3.3333333333333286
2019-08-07,0.8,19.6,27.0,80.0,1011.8,5.9,347.0,81.0,8.0,-2.3999999999999773,1.9833333333333485,76.57142857142857,16.285714285714285,6.4142857142857155,58.48819120906862,2.0,1.4583333333333286
2019-08-08,2.9,19.0,28.1,82.0,1011.4,5.5,39.0,48.0,9.0,1.099999999999909,1.5583333333332803,41.857142857142854,-18.142857142857146,6.1000000000000005,5.459781976313309,2.0,3.791666666666657
2019-08-09,0.0,20.1,30.0,76.0,1013.9,5.0,265.0,23.0,10.0,-1.6000000000000227,1.324999999999818,33.42857142857143,28.28571428571429,9.271428571428572,-166.82237577712587,0.0,4.0
2019-08-10,0.7,21.8,29.5,79.0,1014.1,6.2,216.0,36.0,5.0,-0.6000000000000227,0.7833333333334167,33.0,10.0,6.500000000000001,70.82765168254323,3.0,1.9166666666666572
2019-08-11,0.2,22.5,29.9,78.0,1014.6,7.2,41.0,15.0,6.0,-1.7000000000000455,1.8333333333332575,21.142857142857142,9.714285714285714,7.5,37.204479740934374,0.0,-1.7083333333333286
2019-08-12,0.2,21.6,30.7,73.0,1011.8,6.3,338.0,39.0,4.0,-2.0,2.1124999999999545,79.0,66.57142857142857,9.114285714285712,18.878478239442927,1.0,-3.75
2019-08-13,2.6,20.3,30.1,71.0,1010.9,8.5,29.0,64.0,5.0,-0.5,0.9208333333332348,86.85714285714286,47.142857142857146,10.371428571428572,29.258069453248396,4.0,12.666666666666671
2019-08-14,0.3,18.4,26.0,68.0,1013.8,5.5,61.0,53.0,5.0,1.900000000000091,2.5583333333331666,50.285714285714285,9.285714285714285,12.614285714285716,-111.67442615654349,1.0,-5.416666666666664
2019-08-15,0.0,17.7,25.4,65.0,1015.8,6.0,311.0,58.0,0.0,-3.5,2.3500000000000227,48.42857142857143,-22.285714285714278,10.785714285714286,155.665125592984,0.0,5.291666666666671
2019-08-16,7.0,15.7,26.9,71.0,1016.1,6.2,331.0,36.0,7.0,-0.7000000000000455,0.7666666666666515,66.57142857142857,63.857142857142854,11.857142857142858,-168.9650669718144,5.0,-1.5416666666666714
2019-08-17,0.0,15.9,26.8,71.0,1016.4,5.5,259.0,60.0,0.0,-1.8999999999999773,1.4500000000000455,77.14285714285714,10.285714285714278,10.185714285714287,-96.31644098966774,0.0,3.625
2019-08-18,0.0,18.2,27.7,78.0,1015.3,5.3,178.0,23.0,5.0,-0.7000000000000455,0.8291666666665378,39.57142857142857,25.428571428571427,7.814285714285715,107.92141365410697,0.0,3.625
2019-08-19,0.6,19.3,28.3,78.0,1015.9,5.5,26.0,28.0,8.0,0.40000000000009095,0.8583333333335759,32.42857142857143,7.571428571428573,7.842857142857142,50.27261480452634,2.0,1.0833333333333286
2019-08-20,0.0,20.3,30.6,71.0,1016.9,5.0,340.0,31.0,6.0,-1.5,1.1625000000000227,36.285714285714285,8.57142857142857,11.385714285714286,-179.95599756396018,0.0,-1.1666666666666572
2019-08-21,1.3,21.0,31.7,65.0,1018.3,9.4,23.0,72.0,2.0,2.1000000000000227,2.0333333333331893,78.0,-1.2857142857142918,10.442857142857141,94.23031108889774,2.0,-3.750000000000007
2019-08-22,0.0,20.2,27.5,69.0,1020.8,5.3,81.0,80.0,1.0,-1.0,1.2333333333333485,61.57142857142857,-15.857142857142861,10.714285714285714,2.0353505339708136,0.0,0.7916666666666714
2019-08-23,1.8,21.0,26.5,75.0,1021.1,6.3,36.0,98.0,3.0,-0.8999999999999773,0.9083333333331893,98.28571428571429,-1.2857142857142776,7.271428571428572,84.96758783120424,4.0,0.1666666666666572
2019-08-24,0.7,20.9,28.3,73.0,1019.0,6.3,7.0,83.0,1.0,-1.5,1.7333333333332348,84.0,10.57142857142857,8.157142857142858,49.20782709213313,1.0,3.125
2019-08-25,0.7,20.0,29.5,68.0,1017.6,6.6,0.0,49.0,3.0,-0.39999999999997726,0.9874999999997272,63.142857142857146,37.57142857142857,11.585714285714285,14.12388312101956,2.0,4.208333333333329
2019-08-26,0.3,19.9,28.7,71.0,1017.6,6.4,20.0,36.0,2.0,-1.1000000000000227,1.3458333333331893,58.0,26.142857142857142,9.428571428571429,74.50455318679292,1.0,1.4166666666666572
2019-08-27,0.0,20.2,30.5,67.0,1017.3,5.7,333.0,40.0,1.0,-0.8000000000000682,1.1333333333333258,67.42857142857143,55.57142857142857,12.357142857142858,-155.1226052163663,0.0,0.2916666666666572
2019-08-28,0.0,21.3,29.8,67.0,1016.9,5.2,331.0,92.0,0.0,-1.6999999999999318,1.4333333333332803,86.57142857142857,-8.714285714285722,11.5,172.0564193171466,0.0,1.0
2019-08-29,0.0,20.8,30.4,68.0,1016.8,4.8,336.0,78.0,0.0,-0.3000000000000682,0.8750000000002274,90.42857142857143,35.57142857142858,10.785714285714286,24.164204489060523,0.0,-0.625
2019-08-30,0.1,20.6,30.7,62.0,1018.6,8.3,40.0,50.0,0.0,-0.7999999999999545,1.008333333333212,85.42857142857143,68.71428571428572,13.87142857142857,55.600441526617715,0.0,-2.8333333333333286
2019-08-31,3.6,20.8,29.1,67.0,1016.5,9.6,336.0,73.0,2.0,-3.800000000000068,2.766666666666765,77.71428571428571,3.857142857142847,10.6,45.22182458625508,2.0,-0.8333333333333286
2019-09-01,1.3,20.4,31.3,61.0,1011.9,7.2,316.0,52.0,3.0,-2.199999999999932,1.8041666666665606,49.142857142857146,-7.857142857142854,12.728571428571428,-143.8978619040217,3.0,4.416666666666671
2019-09-02,8.3,19.8,26.0,73.0,1013.1,9.0,340.0,75.0,7.0,1.7000000000000455,1.7083333333331439,63.285714285714285,-35.857142857142854,7.185714285714284,57.69096068476955,8.0,3.0416666666666714
2019-09-03,5.3,16.4,26.4,63.0,1019.6,6.7,90.0,23.0,3.0,0.5,2.887499999999932,42.857142857142854,42.42857142857142,13.657142857142858,62.916032127611004,2.0,-4.083333333333336
2019-09-04,0.0,16.2,25.9,63.0,1018.6,5.0,305.0,5.0,0.0,-5.7000000000000455,3.8750000000001137,0.14285714285714285,-2.0,12.228571428571428,-31.327021677929366,0.0,6.458333333333336
2019-09-05,0.0,16.1,27.9,59.0,1012.7,6.4,69.0,12.0,0.0,-2.7999999999999545,2.195833333333212,24.285714285714285,19.285714285714285,15.971428571428572,99.81488226492598,0.0,-7.083333333333329
2019-09-06,7.5,16.3,23.0,66.0,1015.5,9.0,34.0,79.0,6.0,2.0,2.1583333333335304,88.71428571428571,-1.0,5.571428571428571,15.333586444817797,7.0,16.41666666666667
2019-09-07,4.7,15.6,22.0,80.0,1014.5,4.8,2.0,76.0,13.0,-0.10000000000002274,1.2000000000000455,71.42857142857143,-11.142857142857139,7.214285714285715,117.67520892604284,9.0,7.375
2019-09-08,36.4,13.9,17.2,88.0,1012.8,7.3,28.0,88.0,21.0,-4.0,2.5499999999999545,93.28571428571429,2.285714285714292,2.642857142857143,-55.047627540024564,15.0,2.6666666666666714
2019-09-09,0.8,12.3,20.6,78.0,1012.1,6.1,339.0,44.0,7.0,3.2999999999999545,2.5041666666664923,30.714285714285715,-8.285714285714285,8.100000000000001,80.96089104151343,2.0,4.0
2019-09-10,0.2,14.3,22.4,74.0,1017.1,6.0,9.0,60.0,3.0,-0.10000000000002274,0.9291666666665606,56.42857142857143,-0.2857142857142847,8.685714285714287,25.92934729720716,0.0,-0.2083333333333286
2019-09-11,0.0,13.1,23.9,68.0,1020.6,5.9,324.0,36.0,0.0,1.2999999999999545,1.7791666666665833,39.857142857142854,14.285714285714281,11.528571428571427,-54.103323916137754,0.0,1.9166666666666714
2019-09-12,0.0,16.1,26.8,64.0,1026.9,5.7,322.0,6.0,0.0,2.2000000000000455,2.8083333333336213,1.5714285714285714,-5.0,13.742857142857142,-12.90440183773643,0.0,0.4583333333333286
2019-09-13,0.0,14.3,26.1,71.0,1029.2,5.5,313.0,4.0,3.0,-2.5,1.7875000000001364,0.0,-6.428571428571429,9.971428571428572,-123.55549607835883,0.0,7.041666666666671
2019-09-14,0.0,16.2,26.6,74.0,1027.8,5.8,327.0,44.0,3.0,-2.099999999999909,1.8791666666668334,60.285714285714285,20.42857142857143,10.042857142857143,-161.00869803234366,0.0,3.4166666666666714
2019-09-15,0.0,17.3,26.9,75.0,1024.4,5.2,314.0,32.0,0.0,-4.2999999999999545,2.8583333333333485,26.142857142857142,7.857142857142858,8.62857142857143,-174.25306620715094,0.0,5.5
2019-09-16,0.0,17.6,26.8,79.0,1018.4,4.6,235.0,12.0,7.0,-4.2000000000000455,2.945833333333553,24.142857142857142,22.142857142857142,7.928571428571429,165.77096788880533,0.0,2.875
2019-09-17,1.3,18.3,25.5,84.0,1014.4,4.8,87.0,46.0,11.0,-2.199999999999932,1.925000000000182,74.57142857142857,44.14285714285714,5.3999999999999995,53.70366782785064,3.0,5.75
2019-09-18,5.7,16.4,22.0,79.0,1016.4,10.3,78.0,76.0,13.0,3.0,2.704166666666538,96.14285714285714,30.0,6.314285714285714,17.721026311049513,8.0,-15.5
2019-09-19,0.0,15.5,22.7,60.0,1020.4,9.5,84.0,67.0,0.0,2.300000000000068,2.1166666666666742,66.85714285714286,11.714285714285715,12.51428571428571,23.936898525757982,0.0,-6.291666666666671
2019-09-20,0.0,12.7,18.4,55.0,1025.9,7.0,64.0,52.0,0.0,-1.5,1.3375000000003183,7.0,-67.85714285714286,10.142857142857142,30.947080139892392,0.0,15.291666666666664
2019-09-21,0.0,9.4,20.5,62.0,1024.3,5.2,38.0,18.0,1.0,-3.0,2.10416666666697,36.285714285714285,36.285714285714285,12.14285714285714,108.35144518617108,0.0,-1.6666666666666714
2019-09-22,0.0,11.4,19.0,69.0,1018.7,3.6,16.0,81.0,0.0,-2.8999999999999773,3.1166666666666742,62.142857142857146,-34.857142857142854,8.4,170.49885371345783,0.0,9.208333333333329
2019-09-23,4.8,12.2,17.8,84.0,1013.1,4.6,296.0,86.0,12.0,-2.5,2.2583333333333258,99.14285714285714,4.857142857142847,2.9285714285714275,-96.20577751243667,9.0,10.833333333333329
2019-09-24,0.0,14.4,23.0,72.0,1012.6,6.1,256.0,54.0,2.0,-1.7999999999999545,1.4666666666665833,25.142857142857142,-19.71428571428571,9.114285714285714,-40.534734014304206,0.0,2.5416666666666714
2019-09-25,11.7,13.3,20.0,86.0,1010.4,5.9,54.0,64.0,9.0,-0.8999999999999773,1.1833333333331666,88.14285714285714,16.857142857142847,3.7571428571428576,57.73314994951525,9.0,10.416666666666671
2019-09-26,0.0,11.5,22.2,79.0,1014.0,5.0,275.0,24.0,9.0,2.699999999999932,2.995833333333394,24.714285714285715,-6.0,8.457142857142857,-91.35880541889401,0.0,-0.3333333333333286
2019-09-27,0.0,13.7,21.2,80.0,1017.0,4.0,336.0,76.0,6.0,-1.400000000000091,1.2833333333331893,89.71428571428571,30.714285714285708,5.885714285714286,145.96124718304213,0.0,5.166666666666671
2019-09-28,3.9,16.5,21.3,88.0,1016.3,5.0,61.0,86.0,7.0,-0.20000000000004547,0.5875000000002046,80.71428571428571,-6.857142857142861,3.000000000000001,0.348513154894988,9.0,4.75
2019-09-29,1.0,14.9,22.3,87.0,1014.7,4.6,27.0,28.0,14.0,-3.3999999999999773,3.170833333333462,26.142857142857142,-3.4285714285714306,4.857142857142857,164.89229855578287,2.0,0.0
2019-09-30,0.0,14.4,22.9,82.0,1010.4,5.5,57.0,44.0,9.0,0.7000000000000455,1.4208333333334622,63.57142857142857,17.428571428571423,6.528571428571429,-7.134575498632557,0.0,-3.75
2019-10-01,1.7,15.5,22.5,85.0,1011.6,5.3,64.0,42.0,12.0,-3.7000000000000455,3.2374999999999545,48.714285714285715,20.714285714285715,4.871428571428571,117.56104241328899,5.0,6.333333333333329
2019-10-02,11.9,13.8,20.1,92.0,1004.7,5.7,70.0,81.0,21.0,0.1999999999999318,1.5458333333333485,72.42857142857143,-26.85714285714286,2.1000000000000005,-4.13602512340961,15.0,-3.0
2019-10-03,1.8,11.4,17.2,71.0,1011.7,6.8,67.0,48.0,4.0,4.2999999999999545,5.287500000000023,19.142857142857142,-50.0,9.314285714285713,-168.90274897623175,3.0,0.2916666666666572
2019-10-04,0.0,9.7,14.7,73.0,1014.1,3.7,15.0,82.0,1.0,-4.899999999999977,3.5166666666666515,86.0,-6.857142857142861,7.514285714285715,2.009289946600177,0.0,6.625
2019-10-05,0.0,8.9,17.8,77.0,1009.9,4.3,13.0,38.0,2.0,-0.1999999999999318,1.320833333333212,44.857142857142854,26.857142857142854,6.457142857142856,116.42201960860109,0.0,5.25
2019-10-06,0.3,10.0,16.0,75.0,1015.0,4.6,359.0,73.0,7.0,0.0,2.0624999999997726,97.85714285714286,27.42857142857143,8.77142857142857,46.179452992469066,1.0,-0.7916666666666572
2019-10-07,0.5,11.8,17.9,72.0,1013.4,6.3,86.0,69.0,3.0,4.600000000000023,3.0083333333334394,23.714285714285715,-72.28571428571428,8.542857142857143,70.60923977192277,1.0,1.0
2019-10-08,0.0,9.6,17.1,69.0,1019.5,4.6,34.0,37.0,0.0,-2.5,1.6000000000000227,6.428571428571429,-57.0,8.385714285714284,-143.73456879505198,0.0,9.208333333333329
2019-10-09,5.6,10.9,16.6,82.0,1016.6,3.6,11.0,71.0,7.0,-3.800000000000068,3.170833333333576,99.85714285714286,47.28571428571429,4.171428571428572,-18.196118765553848,6.0,9.625
2019-10-10,0.0,11.7,18.9,84.0,1015.7,4.4,5.0,41.0,9.0,2.2999999999999545,2.175000000000068,27.285714285714285,-41.142857142857146,5.571428571428571,95.40097929307564,0.0,2.25
2019-10-11,0.0,10.3,19.9,77.0,1022.9,4.6,342.0,17.0,8.0,-0.8999999999999773,1.3916666666667652,7.571428571428571,4.7142857142857135,8.985714285714286,-150.73091960541842,0.0,4.0
2019-10-12,0.0,8.6,19.1,82.0,1023.2,5.1,273.0,35.0,9.0,-0.39999999999997726,0.6041666666665151,82.85714285714286,75.0,5.9142857142857155,-145.1197186173498,0.0,2.5833333333333286
2019-10-13,0.0,11.3,17.9,86.0,1023.2,3.8,319.0,69.0,7.0,0.1999999999999318,0.5166666666666515,75.71428571428571,4.714285714285708,3.9999999999999996,-118.32670592563699,0.0,0.9166666666666714
2019-10-14,0.2,13.6,19.3,86.0,1021.5,3.4,27.0,79.0,11.0,-2.5,1.7333333333332348,93.0,32.142857142857146,4.171428571428572,92.27034967894934,0.0,5.416666666666671
2019-10-15,14.6,15.3,17.3,95.0,1015.7,6.4,58.0,95.0,24.0,-4.599999999999909,4.266666666666993,89.42857142857143,-8.57142857142857,1.4142857142857144,-6.139324664169237,17.0,1.25
2019-10-16,6.4,13.1,19.5,89.0,1014.7,4.5,76.0,36.0,15.0,3.900000000000091,3.6541666666665833,39.857142857142854,21.71428571428571,3.514285714285714,73.70863834190322,3.0,3.2083333333333286
2019-10-17,0.0,12.9,18.6,85.0,1018.7,3.6,24.0,54.0,11.0,-0.8999999999999773,0.7916666666666288,49.714285714285715,-5.142857142857139,4.971428571428572,108.38951009955338,0.0,1.8333333333333428
2019-10-18,0.1,12.0,18.3,86.0,1017.4,4.6,9.0,57.0,11.0,-1.0,1.1874999999998863,72.71428571428571,20.14285714285714,4.2857142857142865,-157.8447629971215,0.0,0.0
2019-10-19,1.7,13.4,17.9,88.0,1016.6,5.3,44.0,87.0,13.0,-0.6000000000000227,0.6791666666667879,87.57142857142857,-0.2857142857142918,3.142857142857143,-8.994469967807305,6.0,2.416666666666657
2019-10-20,0.1,13.8,21.1,85.0,1018.3,5.0,55.0,46.0,10.0,0.5,1.5708333333330984,27.857142857142858,-6.714285714285712,5.428571428571429,79.59367182957811,0.0,1.1666666666666714
2019-10-21,1.8,16.2,20.1,88.0,1022.0,5.5,33.0,76.0,14.0,1.7999999999999545,1.5958333333334167,50.285714285714285,-38.142857142857146,3.2,2.4350073219182775,4.0,3.2083333333333286
2019-10-22,0.0,12.0,22.4,86.0,1022.5,4.3,300.0,37.0,14.0,-1.5,1.2833333333331893,62.57142857142857,35.857142857142854,5.4142857142857155,-64.93550325233053,0.0,4.625
2019-10-23,0.0,11.7,23.2,75.0,1019.6,6.3,332.0,32.0,5.0,-2.0,1.7166666666668107,36.42857142857143,1.2857142857142847,7.3999999999999995,102.75281004507076,0.0,6.708333333333329
2019-10-24,0.2,10.9,18.9,84.0,1016.8,5.1,348.0,72.0,9.0,-2.2000000000000455,1.9624999999999773,89.71428571428571,24.857142857142847,4.028571428571429,98.95585129015285,1.0,8.291666666666657
2019-10-25,0.0,10.5,21.8,80.0,1019.1,6.1,331.0,59.0,9.0,3.800000000000068,3.2291666666666288,27.0,-50.0,8.157142857142858,-24.595754528636462,0.0,4.625
2019-10-26,0.0,11.3,22.0,72.0,1022.5,6.7,310.0,0.0,0.0,-1.3999999999999773,1.2041666666669926,0.0,0.0,9.042857142857143,-52.70505057775307,0.0,8.916666666666671
2019-10-27,0.0,8.9,18.9,80.0,1020.5,4.6,357.0,12.0,4.0,-2.7000000000000455,2.029166666666697,19.0,19.0,6.0857142857142845,26.50644705492641,0.0,2.75
2019-10-28,0.1,9.8,18.1,86.0,1016.6,3.6,350.0,75.0,12.0,-1.400000000000091,1.3416666666665833,51.285714285714285,-45.857142857142854,3.7857142857142856,20.535655293210652,0.0,2.7083333333333286
2019-10-29,5.4,12.1,14.6,90.0,1016.1,6.6,76.0,91.0,21.0,1.5,1.7458333333331666,75.14285714285714,-24.85714285714286,1.2999999999999994,15.615899487232241,16.0,-1.625
2019-10-30,0.0,10.2,13.9,66.0,1021.7,7.8,86.0,97.0,0.0,0.8999999999999773,1.3583333333333485,100.0,0.0,7.328571428571428,16.604184049139263,0.0,-5.166666666666671
2019-10-31,0.0,7.3,13.0,68.0,1021.7,7.1,84.0,71.0,0.0,-0.7999999999999545,1.4500000000000455,54.0,-34.0,7.6000000000000005,5.072462903610756,0.0,3.458333333333343
2019-11-01,0.0,5.4,12.8,72.0,1018.9,3.0,59.0,48.0,0.0,-4.100000000000023,4.320833333333439,88.14285714285714,57.857142857142854,6.385714285714286,166.86925899568575,0.0,2.25
2019-11-02,3.0,9.4,10.7,86.0,1009.5,1.8,38.0,99.0,14.0,-4.399999999999977,3.833333333333144,95.57142857142857,-4.428571428571431,1.2714285714285718,163.4549564794096,6.0,11.166666666666671
2019-11-03,41.0,10.6,14.6,93.0,996.6,5.0,7.0,100.0,24.0,-8.700000000000045,5.554166666666674,100.0,0.0,1.5714285714285714,4.6559254456078065,23.0,-0.2083333333333286
2019-11-04,5.6,10.2,15.1,89.0,996.6,5.8,39.0,66.0,15.0,6.0,5.475000000000136,64.85714285714286,1.8571428571428612,3.3142857142857145,8.001444928741336,2.0,0.5833333333333286
2019-11-05,13.8,10.5,16.2,89.0,997.8,4.9,349.0,75.0,18.0,-2.6000000000000227,2.0208333333335986,57.714285714285715,-26.714285714285715,3.142857142857143,-116.89774515710451,14.0,3.2916666666666714
2019-11-06,5.3,8.5,13.9,89.0,1002.5,4.7,31.0,79.0,19.0,2.7999999999999545,4.404166666666583,87.14285714285714,-8.857142857142861,3.1285714285714286,17.13880377495252,7.0,5.416666666666671
2019-11-07,0.0,5.7,13.7,82.0,1007.3,4.0,349.0,56.0,10.0,2.0,2.1041666666664014,85.42857142857143,70.85714285714286,5.9,105.18741727019085,0.0,-4.916666666666671
2019-11-08,32.4,8.4,10.5,89.0,1004.8,7.1,356.0,100.0,23.0,-2.599999999999909,1.8916666666666515,99.28571428571429,-0.7142857142857082,2.0,-34.95640525937836,21.0,3.666666666666657
2019-11-09,13.1,4.3,11.1,85.0,1007.9,7.0,324.0,61.0,14.0,4.5,3.4874999999999545,43.142857142857146,-15.0,4.485714285714286,75.61815036987383,9.0,5.5
2019-11-10,0.0,4.2,13.4,72.0,1010.3,8.6,332.0,16.0,2.0,2.6000000000000227,1.9541666666667652,3.0,0.0,7.171428571428572,31.085341344862172,0.0,14.666666666666671
2019-11-11,5.8,4.1,9.6,79.0,1014.1,6.4,326.0,91.0,10.0,-4.099999999999909,3.8208333333333258,99.57142857142857,-0.2857142857142918,2.2857142857142856,-35.629296620534944,8.0,10.25
2019-11-12,37.1,8.2,11.2,86.0,1002.4,10.3,339.0,100.0,22.0,-8.700000000000045,6.7000000000000455,100.0,0.0,2.714285714285714,0.9824730020907282,20.0,-4.291666666666657
2019-11-13,15.1,5.6,10.6,79.0,998.5,13.9,9.0,82.0,13.0,5.2999999999999545,3.4583333333333712,56.857142857142854,-42.714285714285715,5.414285714285714,14.099625315717844,12.0,-6.375
2019-11-14,0.0,2.5,12.5,73.0,1008.6,6.6,335.0,41.0,2.0,-0.3000000000000682,2.3541666666667425,56.142857142857146,37.71428571428572,7.057142857142858,67.08397742658258,0.0,3.916666666666657
2019-11-15,79.5,7.2,12.3,89.0,1004.4,12.6,47.0,99.0,21.0,-1.5,2.416666666666856,100.0,0.0,1.0571428571428572,-1.0149843588742726,21.0,5.541666666666657
2019-11-16,8.0,8.0,12.9,87.0,1010.7,5.3,12.0,86.0,12.0,4.5,6.391666666666993,99.85714285714286,27.42857142857143,3.628571428571429,11.70076054750001,10.0,-1.4166666666666714
2019-11-17,88.2,8.1,14.4,91.0,1005.1,12.6,52.0,100.0,24.0,-1.3999999999999773,2.137499999999932,100.0,0.0,0.8714285714285711,41.600381170468864,21.0,5.083333333333329
2019-11-18,7.2,5.6,12.2,80.0,1012.0,5.9,326.0,48.0,6.0,6.199999999999932,6.133333333333326,86.0,76.28571428571429,5.228571428571428,46.592168709266076,3.0,-0.375
2019-11-19,32.1,7.6,10.7,88.0,1016.3,9.7,355.0,99.0,24.0,0.39999999999997726,0.5416666666670835,98.71428571428571,-1.2857142857142918,1.7999999999999994,-30.74798197009943,24.0,2.5833333333333286
2019-11-20,3.2,8.6,14.7,86.0,1012.8,6.5,340.0,98.0,11.0,-3.199999999999932,2.158333333333303,98.0,0.2857142857142918,3.542857142857143,33.85146947901984,7.0,4.5
2019-11-21,0.1,7.7,11.3,92.0,1012.5,4.7,62.0,77.0,17.0,0.5,0.5666666666667197,91.57142857142857,25.285714285714278,1.9571428571428566,31.646892540681677,0.0,1.7916666666666572
2019-11-22,1.2,7.2,11.8,83.0,1013.8,4.7,28.0,77.0,3.0,-0.5,0.7375000000000682,83.28571428571429,-7.428571428571416,3.1142857142857143,44.55683051058486,1.0,-2.125
2019-11-23,16.9,8.0,12.2,89.0,1010.5,9.1,32.0,98.0,19.0,-3.6000000000000227,2.0875000000002046,100.0,1.5714285714285694,1.6285714285714292,16.85233238241534,16.0,1.3333333333333286
2019-11-24,42.1,11.8,13.6,88.0,1008.6,12.2,25.0,100.0,21.0,1.2999999999999545,1.1291666666667197,100.0,0.0,1.9714285714285718,-22.383250960871692,22.0,-0.5416666666666714
2019-11-25,0.0,8.9,17.6,80.0,1008.5,6.7,334.0,21.0,0.0,-0.8000000000000682,1.6874999999998863,8.142857142857142,3.1428571428571423,5.528571428571429,-24.898219624614057,0.0,4.25
2019-11-26,0.0,5.7,13.4,82.0,1009.7,4.2,6.0,48.0,5.0,0.7999999999999545,1.220833333333303,94.57142857142857,55.857142857142854,4.471428571428571,-7.921254872017812,0.0,3.3333333333333286
2019-11-27,11.3,7.8,10.7,91.0,1006.4,3.7,359.0,93.0,20.0,-4.0,3.5833333333335986,99.57142857142857,0.7142857142857082,1.2714285714285711,69.32453663720025,13.0,0.04166666666665719
2019-11-28,0.0,6.5,11.0,92.0,1003.3,3.9,328.0,64.0,15.0,0.5,0.9291666666664469,61.857142857142854,22.428571428571423,1.5571428571428574,-0.3079101037218379,0.0,6.083333333333329
2019-11-29,0.3,4.3,10.1,91.0,1008.2,4.4,330.0,51.0,15.0,1.8000000000000682,2.849999999999909,62.857142857142854,16.57142857142857,1.9999999999999996,5.837212493586037,1.0,3.9166666666666714
2019-11-30,0.1,3.1,11.6,77.0,1018.1,8.1,34.0,31.0,2.0,6.400000000000091,6.458333333333485,41.42857142857143,34.0,4.471428571428571,74.88236001302937,0.0,-2.4583333333333286
2019-12-01,1.3,5.5,9.0,72.0,1021.3,4.4,45.0,97.0,2.0,-2.7999999999999545,3.5958333333331893,99.28571428571429,0.2857142857142918,5.6000000000000005,7.307524190847289,2.0,13.5
2019-12-02,9.0,7.3,11.5,86.0,1016.1,5.8,40.0,95.0,13.0,2.199999999999932,2.120833333333394,88.85714285714286,-10.142857142857139,2.342857142857143,135.75690110070974,10.0,-11.333333333333329
2019-12-03,0.0,2.0,7.7,66.0,1025.2,5.1,52.0,34.0,0.0,2.8999999999998636,3.245833333333394,13.857142857142858,-17.285714285714285,7.414285714285714,-99.12538638260332,0.0,0.8333333333333286
2019-12-04,0.0,0.3,7.4,70.0,1026.7,5.4,14.0,16.0,0.0,-2.7000000000000455,2.295833333333121,0.0,-27.0,6.757142857142857,-18.840825212855407,0.0,11.25
2019-12-05,0.0,-1.1,7.8,74.0,1026.3,4.8,359.0,1.0,2.0,0.8999999999998636,0.8999999999998636,2.857142857142857,2.857142857142857,6.885714285714286,20.428899155953673,0.0,12.791666666666671
2019-12-06,0.0,-2.1,8.6,81.0,1024.3,5.2,324.0,25.0,5.0,-2.9999999999998863,3.2916666666667425,10.142857142857142,-23.000000000000004,6.0,-47.06081722562584,0.0,7.0
2019-12-07,0.0,-0.5,8.5,83.0,1019.4,3.8,330.0,34.0,6.0,0.3000000000000682,1.0166666666665378,19.285714285714285,-33.57142857142857,4.485714285714286,-27.873859473070127,0.0,7.541666666666657
2019-12-08,0.0,-1.3,9.1,80.0,1019.6,5.4,321.0,24.0,4.0,-2.6000000000000227,3.2458333333331666,37.714285714285715,16.571428571428573,5.242857142857143,73.1854655948506,0.0,8.541666666666657
2019-12-09,0.0,-0.2,8.3,81.0,1009.6,6.0,330.0,68.0,5.0,-5.199999999999932,3.4624999999999773,22.857142857142858,-76.57142857142857,3.9857142857142853,-40.02822024319295,0.0,10.958333333333329
2019-12-10,0.0,-0.1,12.3,63.0,1016.4,8.5,343.0,2.0,0.0,7.300000000000068,7.641666666666993,0.5714285714285714,-1.2857142857142858,10.62857142857143,56.21586326848791,0.0,-14.083333333333336
2019-12-11,0.0,-4.3,6.6,70.0,1017.7,5.3,313.0,32.0,0.0,-8.299999999999955,7.1124999999999545,83.0,83.0,8.157142857142857,-12.00996266927308,0.0,3.4166666666666714
2019-12-12,1.4,-2.5,4.8,77.0,1006.0,4.8,321.0,99.0,5.0,-2.3999999999999773,3.7124999999999773,100.0,0.8571428571428612,5.542857142857143,-0.5214973790661475,5.0,14.541666666666671
2019-12-13,11.0,-1.1,3.1,91.0,992.8,6.9,330.0,88.0,19.0,-12.5,7.862500000000182,99.71428571428571,3.0,1.2428571428571427,-52.927707669310166,11.0,-5.833333333333329
2019-12-14,0.0,-1.1,8.7,80.0,1000.7,6.4,343.0,24.0,4.0,8.299999999999955,10.712500000000205,6.142857142857143,-60.714285714285715,4.6000000000000005,13.84107859549539,0.0,9.875
2019-12-15,0.0,-0.8,11.2,69.0,1014.3,7.2,320.0,52.0,0.0,3.099999999999909,3.875,67.42857142857143,40.142857142857146,7.0,-19.815146214831657,0.0,3.1666666666666714
2019-12-16,0.0,3.2,10.6,83.0,1020.5,3.8,337.0,86.0,3.0,0.7999999999999545,1.7083333333333712,82.0,-14.857142857142861,3.7571428571428562,40.93215404740039,0.0,5.416666666666671
2019-12-17,2.6,6.0,11.3,93.0,1020.4,5.3,349.0,98.0,24.0,0.7000000000000455,1.0291666666664696,98.85714285714286,-0.857142857142847,1.1857142857142853,33.85082692439585,8.0,1.0416666666666714
2019-12-18,1.0,8.7,13.9,92.0,1022.8,5.0,12.0,87.0,18.0,1.6000000000000227,1.5041666666664923,99.0,26.42857142857143,1.7142857142857142,74.64031509921301,2.0,2.916666666666657
2019-12-19,11.7,9.0,12.4,90.0,1021.2,7.8,13.0,99.0,18.0,-4.199999999999932,4.6875,100.0,2.0,1.614285714285714,33.84524104566947,12.0,1.6666666666666714
2019-12-20,20.7,9.0,10.8,95.0,1010.5,5.8,32.0,96.0,22.0,-6.100000000000023,8.458333333333485,100.0,12.714285714285708,0.9857142857142855,108.70385873256697,16.0,1.5
2019-12-21,34.3,4.6,11.6,92.0,994.9,7.9,8.0,78.0,21.0,-7.699999999999932,5.725000000000136,41.57142857142857,-58.14285714285714,2.242857142857143,-87.60353269236793,16.0,0.5
2019-12-22,13.6,4.9,9.3,87.0,989.7,8.5,332.0,83.0,13.0,-0.5,5.116666666666561,88.0,-12.0,2.2142857142857144,-44.501346981833194,8.0,-2.2083333333333286
2019-12-23,0.0,1.8,13.0,81.0,1001.4,7.5,330.0,65.0,4.0,8.600000000000023,7.674999999999841,43.857142857142854,-48.57142857142858,4.985714285714286,38.655040036733055,0.0,2.625
2019-12-24,0.5,1.1,10.7,69.0,1014.1,8.8,329.0,41.0,2.0,-0.599999999999909,2.7708333333333712,55.714285714285715,4.428571428571431,5.3428571428571425,31.190782810881956,1.0,17.541666666666657
2019-12-25,0.0,-0.5,9.6,80.0,1015.0,6.5,326.0,2.0,5.0,0.39999999999997726,2.133333333333667,4.428571428571429,2.8571428571428577,4.957142857142856,19.584324071866888,0.0,2.0833333333333286
2019-12-26,0.0,0.4,12.0,62.0,1022.0,7.4,332.0,32.0,0.0,2.1000000000000227,3.879166666666606,82.57142857142857,82.57142857142857,7.514285714285714,90.91525539583301,0.0,6.583333333333329
2019-12-27,0.0,1.9,10.7,76.0,1023.2,5.0,351.0,64.0,0.0,0.0,1.779166666666697,51.42857142857143,-18.0,5.514285714285714,73.24956828234144,0.0,4.083333333333329
2019-12-28,0.0,2.4,9.4,78.0,1031.5,3.6,271.0,61.0,3.0,1.7000000000000455,3.795833333333121,78.57142857142857,34.42857142857142,5.471428571428572,-99.75983145990725,0.0,9.916666666666657
2019-12-29,0.0,-1.0,5.0,83.0,1035.5,3.1,246.0,44.0,7.0,-1.1000000000001364,1.8666666666665606,18.714285714285715,-38.285714285714285,4.514285714285714,-147.56952825063095,0.0,2.75
2019-12-30,0.0,-3.3,4.3,77.0,1036.7,4.3,305.0,9.0,2.0,-1.0,1.970833333333303,4.428571428571429,3.428571428571429,4.499999999999999,-4.773401099864657,0.0,-7.625
2019-12-31,0.0,-2.5,6.6,70.0,1030.7,3.5,326.0,21.0,0.0,-2.7999999999999545,1.908333333333303,43.714285714285715,15.714285714285715,6.828571428571429,-47.98732860958478,0.0,-7.333333333333336
2020-01-01,0.0,-0.8,9.5,67.0,1031.8,4.2,339.0,0.0,0.0,1.2999999999999545,1.587500000000091,0.0,0.0,8.642857142857142,6.477063038881056,0.0,6.791666666666657
2020-01-02,0.0,-3.4,9.8,72.0,1032.2,5.3,322.0,9.0,1.0,-2.0,2.166666666666515,32.285714285714285,32.285714285714285,6.5857142857142845,-38.38368422582704,0.0,-8.833333333333336
2020-01-03,0.0,-2.9,7.5,70.0,1027.8,4.2,331.0,59.0,2.0,-3.099999999999909,2.9750000000001364,89.71428571428571,18.428571428571416,8.7,-40.42012563378984,0.0,-2.6666666666666714
2020-01-04,0.0,-3.3,10.4,64.0,1023.5,6.6,326.0,23.0,5.0,-3.0,2.2708333333332575,43.42857142857143,38.57142857142858,11.6,-6.640110253830869,0.0,-9.291666666666664
2020-01-05,0.0,-1.0,9.3,62.0,1028.1,7.3,352.0,13.0,0.0,5.600000000000136,5.195833333333553,4.714285714285714,-20.142857142857142,5.5,95.18549903770469,0.0,14.541666666666671
2020-01-06,0.0,-1.9,5.0,80.0,1032.5,5.1,345.0,43.0,3.0,-2.599999999999909,2.5833333333332575,17.0,-52.14285714285714,4.828571428571428,-67.99352989608633,0.0,6.875
2020-01-07,0.9,-4.0,5.7,75.0,1027.8,4.1,321.0,37.0,7.0,0.20000000000004547,1.4708333333335304,89.71428571428571,69.42857142857142,7.2714285714285705,-40.35015581799382,3.0,0.75
2020-01-08,0.0,-3.9,8.5,66.0,1030.8,4.5,318.0,6.0,1.0,-0.5,1.570833333333212,19.428571428571427,19.428571428571427,10.814285714285715,-45.612692185509616,0.0,-6.541666666666664
2020-01-09,0.0,-0.6,8.1,70.0,1027.5,3.7,341.0,51.0,0.0,-3.0,2.2041666666666515,54.0,6.571428571428569,6.357142857142857,31.822035322935562,0.0,2.7916666666666714
2020-01-10,0.0,-2.5,7.0,72.0,1024.9,4.0,354.0,28.0,1.0,0.5,1.150000000000091,2.2857142857142856,-43.85714285714286,6.214285714285715,-8.602540588248758,0.0,10.208333333333329
2020-01-11,0.0,-2.6,12.9,70.0,1028.3,5.6,326.0,1.0,0.0,0.900000000000091,1.1833333333336213,1.8571428571428572,0.7142857142857144,7.6571428571428575,11.317808710862664,0.0,-11.999999999999993
2020-01-12,0.0,-4.1,8.3,77.0,1029.5,4.8,321.0,7.0,4.0,-3.7999999999999545,2.2666666666666515,6.0,3.0,6.428571428571428,-13.519938143542106,0.0,12.75
2020-01-13,0.0,-3.6,8.2,70.0,1026.7,4.4,330.0,58.0,2.0,-2.7999999999999545,1.958333333333485,69.42857142857143,15.0,8.314285714285713,-21.71758720269446,0.0,5.583333333333329
2020-01-14,0.0,-3.0,6.3,73.0,1026.0,4.2,327.0,38.0,0.0,1.8999999999998636,1.3916666666666515,20.571428571428573,-19.571428571428573,6.671428571428571,-5.812550210786242,0.0,13.625
2020-01-15,0.0,-3.6,6.7,78.0,1028.9,4.1,326.0,41.0,3.0,-0.20000000000004547,0.716666666666697,39.42857142857143,-5.0,6.728571428571428,-43.67579948389806,0.0,4.666666666666657
2020-01-16,0.0,-3.4,9.6,74.0,1030.5,4.8,325.0,24.0,0.0,-0.8999999999998636,1.458333333333485,20.857142857142858,-2.2857142857142847,6.685714285714286,-29.70147328796014,0.0,-5.916666666666671
2020-01-17,0.0,-1.3,10.6,71.0,1025.5,6.9,324.0,23.0,0.0,-2.800000000000068,2.220833333333303,23.0,17.285714285714285,6.614285714285715,-51.38935613972154,0.0,11.125
2020-01-18,6.0,1.2,5.8,85.0,1023.1,6.8,331.0,93.0,12.0,-0.39999999999997726,1.2458333333335077,99.28571428571429,5.0,1.8714285714285717,8.85289829882538,13.0,8.125
2020-01-19,0.2,1.3,10.0,82.0,1028.2,4.9,338.0,60.0,8.0,5.2999999999999545,4.804166666666674,81.0,73.14285714285714,4.728571428571429,-4.44454607698259,0.0,-6.458333333333329
2020-01-20,0.0,-1.3,9.4,55.0,1040.8,7.9,347.0,47.0,0.0,3.5,5.0166666666666515,26.142857142857142,-34.0,10.657142857142857,98.79913464139526,0.0,7.958333333333336
2020-01-21,0.0,-3.4,7.7,58.0,1042.2,6.0,314.0,14.0,0.0,-3.900000000000091,3.7625000000000455,22.857142857142858,16.42857142857143,9.228571428571428,-51.95420403689769,0.0,-1.0
2020-01-22,0.0,-3.7,6.4,59.0,1034.4,4.7,358.0,48.0,0.0,-5.099999999999909,3.3750000000002274,0.0,-93.85714285714286,9.599999999999998,52.49515509469484,0.0,8.708333333333336
2020-01-23,0.0,-3.5,8.2,62.0,1031.8,5.2,359.0,1.0,0.0,-0.8999999999998636,1.758333333333212,1.7142857142857142,0.4285714285714284,8.857142857142858,5.529437744795473,0.0,14.208333333333336
2020-01-24,0.2,-3.4,7.8,67.0,1028.0,3.9,346.0,21.0,0.0,-0.8000000000001819,1.1208333333331666,47.285714285714285,47.285714285714285,9.400000000000002,46.976450422911114,1.0,2.9166666666666714
2020-01-25,0.3,-1.0,9.0,80.0,1024.5,4.7,312.0,93.0,1.0,-1.7999999999999545,1.5208333333332575,99.28571428571429,2.5714285714285836,4.6,-46.533313221816286,1.0,7.916666666666671
2020-01-26,1.3,3.8,8.7,92.0,1021.3,3.5,314.0,79.0,19.0,-1.8000000000000682,1.5208333333333712,47.142857142857146,-52.714285714285715,2.028571428571428,-42.829241174109825,3.0,1.375
2020-01-27,0.0,0.3,9.0,91.0,1018.9,4.4,333.0,55.0,17.0,-1.1999999999999318,2.2583333333330984,86.0,48.57142857142857,3.514285714285715,157.13925341971753,0.0,6.833333333333343
2020-01-28,2.2,2.8,7.9,95.0,1008.2,4.2,347.0,79.0,22.0,-7.599999999999909,5.708333333333599,50.42857142857143,-45.57142857142857,1.4000000000000004,-85.77862794263274,5.0,1.3333333333333428
2020-01-29,0.0,0.6,10.1,86.0,1009.0,5.2,343.0,19.0,14.0,4.599999999999909,3.8041666666665606,2.857142857142857,-19.285714285714285,5.171428571428572,3.3333533168627127,0.0,5.333333333333343
2020-01-30,0.0,-2.2,10.5,78.0,1018.6,6.2,342.0,42.0,6.0,1.2000000000000455,4.416666666666401,71.85714285714286,23.714285714285715,7.3999999999999995,50.759557792081864,0.0,12.333333333333343
2020-01-31,0.0,0.1,8.9,82.0,1019.0,5.2,2.0,32.0,4.0,1.6000000000000227,1.6374999999999318,28.428571428571427,4.142857142857142,4.242857142857143,33.351701885854936,0.0,8.416666666666671
2020-02-01,0.0,-0.7,9.7,87.0,1018.6,4.7,323.0,50.0,15.0,-2.7000000000000455,1.8999999999998636,72.28571428571429,36.71428571428572,4.371428571428571,135.12367320746995,0.0,2.9583333333333286
2020-02-02,0.0,0.6,8.9,89.0,1018.2,3.5,334.0,39.0,15.0,0.1999999999999318,1.6458333333332575,73.28571428571429,65.28571428571429,3.185714285714286,8.606418331280167,0.0,2.125
2020-02-03,0.0,1.8,9.4,91.0,1016.4,6.0,344.0,55.0,14.0,-0.5,1.1291666666667197,59.0,-0.4285714285714306,2.8000000000000003,32.69932875817926,0.0,1.625
2020-02-04,0.7,2.7,13.8,68.0,1007.2,7.2,329.0,60.0,6.0,-1.0,5.204166666666538,61.0,-15.285714285714292,9.542857142857143,20.12452795033846,2.0,-32.541666666666664
2020-02-05,0.0,0.3,11.9,36.0,1017.8,12.3,316.0,3.0,0.0,7.2999999999999545,5.829166666666424,0.2857142857142857,-8.285714285714285,18.285714285714285,23.238596890560643,0.0,0.75
2020-02-06,0.0,-3.4,9.2,57.0,1028.7,5.7,295.0,0.0,0.0,-1.5,1.3833333333336668,0.0,-0.5714285714285714,10.442857142857141,-34.62411525438125,0.0,12.874999999999993
2020-02-07,0.0,-2.8,9.3,65.0,1026.9,4.9,340.0,4.0,0.0,-1.1000000000001364,1.3208333333329847,0.0,0.0,9.971428571428572,-13.953232651470955,0.0,0.1666666666666714
2020-02-08,0.0,-2.8,9.5,61.0,1029.0,4.3,346.0,19.0,0.0,-0.6000000000001364,0.7625000000002728,45.714285714285715,45.714285714285715,10.471428571428572,-19.428154986781408,0.0,5.833333333333336
2020-02-09,0.0,-2.8,7.9,73.0,1029.5,4.3,320.0,43.0,0.0,-1.7000000000000455,2.725000000000364,44.42857142857143,10.0,6.528571428571429,10.106561166365054,0.0,8.958333333333329
2020-02-10,1.0,2.9,8.3,86.0,1016.3,4.4,10.0,93.0,7.0,-10.299999999999955,6.62916666666672,90.57142857142857,-7.857142857142861,2.814285714285714,27.782747937674202,2.0,4.375
2020-02-11,0.0,2.3,12.6,84.0,1007.7,5.7,347.0,23.0,12.0,1.6000000000000227,3.0166666666666515,5.857142857142857,-28.428571428571427,5.085714285714286,-6.8072223749190925,0.0,-0.041666666666671404
2020-02-12,0.0,-1.0,11.8,74.0,1016.3,5.4,347.0,7.0,1.0,2.599999999999909,4.1083333333333485,5.428571428571429,-0.5714285714285712,7.3999999999999995,137.06602540427713,0.0,7.375
2020-02-13,0.0,-1.0,10.9,68.0,1019.5,5.9,342.0,61.0,1.0,-4.7000000000000455,4.62916666666672,93.57142857142857,42.285714285714285,9.057142857142857,30.720641209558835,0.0,8.0
2020-02-14,0.7,2.5,15.3,75.0,1016.9,6.8,321.0,21.0,6.0,7.800000000000068,4.462500000000091,2.857142857142857,2.5714285714285716,7.857142857142857,124.47095340611935,1.0,-4.291666666666657
2020-02-15,0.0,-0.5,13.0,72.0,1027.6,5.3,320.0,49.0,1.0,0.10000000000013642,2.2416666666665606,69.71428571428571,0.7142857142857082,8.1,-115.09269702879271,0.0,12.458333333333329
2020-02-16,0.0,0.0,10.9,82.0,1028.4,4.6,341.0,76.0,5.0,-0.3999999999998636,0.6625000000001364,94.28571428571429,37.28571428571429,4.928571428571428,59.09656666728847,0.0,2.2916666666666714
2020-02-17,0.6,6.2,8.6,89.0,1025.4,4.2,44.0,95.0,15.0,-3.199999999999932,2.4708333333331893,99.0,-0.7142857142857082,1.9142857142857144,3.100099945205187,0.0,3.75
2020-02-18,0.6,5.3,13.6,85.0,1023.6,4.5,12.0,49.0,11.0,0.39999999999997726,1.0791666666664241,35.57142857142857,-7.428571428571431,5.200000000000001,47.94480236029608,2.0,-2.625
2020-02-19,0.5,5.1,12.0,72.0,1020.8,5.7,338.0,44.0,3.0,-4.399999999999977,3.4791666666666288,28.571428571428573,-51.85714285714286,8.242857142857142,-45.70496360691692,1.0,-8.041666666666671
2020-02-20,0.0,-1.2,11.1,59.0,1024.6,6.0,302.0,4.0,0.0,-0.09999999999990905,2.7083333333333712,4.571428571428571,-1.571428571428572,10.499999999999998,-143.03224044636175,0.0,14.75
2020-02-21,0.0,-1.1,12.0,74.0,1024.6,5.3,357.0,10.0,2.0,2.800000000000068,2.3333333333332575,8.428571428571429,7.571428571428572,8.1,95.27381158808737,0.0,5.458333333333329
2020-02-22,0.0,2.7,12.3,69.0,1031.4,4.0,19.0,39.0,1.0,-0.09999999999990905,2.0541666666665606,44.142857142857146,24.000000000000004,8.9,128.51918890836276,0.0,11.125
2020-02-23,0.0,1.9,11.1,82.0,1026.0,5.2,28.0,63.0,4.0,-5.0,4.891666666666538,88.57142857142857,37.857142857142854,4.385714285714285,76.26516046413326,0.0,8.0
2020-02-24,0.0,5.7,13.6,86.0,1020.0,7.5,36.0,72.0,10.0,0.2999999999999545,2.5,47.0,-49.28571428571429,4.371428571428572,21.331636298437047,0.0,3.2916666666666714
2020-02-25,0.5,5.9,11.1,88.0,1010.6,3.7,334.0,81.0,10.0,-6.7000000000000455,7.070833333333212,99.28571428571429,16.571428571428584,2.399999999999999,17.55561762369888,0.0,5.208333333333343
2020-02-26,2.8,4.1,11.3,87.0,998.7,5.3,55.0,91.0,15.0,0.8999999999999773,2.925000000000068,95.0,3.285714285714292,4.328571428571428,106.65746981585926,6.0,-6.5
2020-02-27,0.0,-1.3,11.4,61.0,1007.4,7.5,286.0,50.0,0.0,-2.800000000000068,5.491666666666902,96.28571428571429,96.28571428571429,16.12857142857143,-179.77416529026559,0.0,5.875000000000007
2020-02-28,0.0,1.1,13.4,47.0,1012.7,11.3,345.0,2.0,0.0,12.100000000000023,10.683333333333394,0.14285714285714285,0.14285714285714285,19.385714285714283,70.48502518981849,0.0,4.708333333333329
2020-02-29,0.0,-0.1,10.9,61.0,1016.5,4.7,344.0,93.0,0.0,-6.0,4.691666666666833,98.0,2.5714285714285694,9.857142857142858,-97.25737553664288,0.0,10.333333333333336
2020-03-01,14.2,5.8,9.2,88.0,1006.9,4.8,336.0,98.0,21.0,-7.100000000000023,5.241666666666902,99.85714285714286,-0.1428571428571388,1.457142857142857,-17.48966107019669,17.0,3.9583333333333286
2020-03-02,28.4,2.5,8.9,91.0,1000.2,10.8,41.0,76.0,22.0,-4.5,6.99583333333328,100.0,33.42857142857143,2.042857142857143,-0.195607239782305,11.0,-2.1666666666666714
2020-03-03,25.3,6.6,11.1,84.0,997.6,8.7,42.0,85.0,17.0,6.300000000000068,5.2291666666667425,62.42857142857143,-26.14285714285714,4.071428571428571,44.64627390153845,17.0,-5.625
2020-03-04,0.1,1.8,11.5,79.0,1010.5,6.2,307.0,45.0,8.0,5.0,5.795833333333235,40.142857142857146,-17.714285714285708,7.385714285714285,33.862531662563754,0.0,8.416666666666657
2020-03-05,1.1,2.3,10.3,77.0,1010.5,5.6,336.0,83.0,3.0,-6.100000000000023,6.337499999999977,98.0,-1.5714285714285694,7.1571428571428575,-12.896829320545748,3.0,2.2083333333333286
2020-03-06,16.7,3.5,10.6,86.0,1000.0,8.1,6.0,88.0,10.0,4.2000000000000455,3.7666666666666515,99.14285714285714,19.285714285714278,4.071428571428571,152.25515172099324,8.0,2.666666666666657
2020-03-07,0.7,4.1,13.1,76.0,1010.7,7.2,323.0,60.0,7.0,7.0,6.600000000000136,29.857142857142858,-47.0,8.085714285714285,5.877372729179001,3.0,-3.8333333333333286
2020-03-08,0.0,0.3,11.9,60.0,1020.2,7.9,301.0,3.0,0.0,-1.599999999999909,1.4625000000002046,0.0,0.0,10.585714285714285,-120.14879087367353,0.0,11.125000000000007
2020-03-09,0.0,1.9,10.9,75.0,1014.7,5.0,353.0,94.0,1.0,-2.5,2.3750000000002274,97.28571428571429,5.142857142857153,6.857142857142857,-57.52904069512988,0.0,1.9166666666666572
2020-03-10,0.0,2.7,13.3,74.0,1017.1,5.4,344.0,52.0,0.0,-0.599999999999909,1.3583333333332348,34.42857142857143,-53.28571428571428,7.6571428571428575,157.0132874123069,0.0,7.625
2020-03-11,0.0,2.1,13.7,78.0,1018.7,6.0,19.0,9.0,5.0,1.2999999999999545,1.7291666666668561,2.0,-0.8571428571428572,6.971428571428571,68.01431972740221,0.0,1.4166666666666714
2020-03-12,0.0,2.6,13.9,79.0,1019.5,5.1,313.0,43.0,7.0,-2.7000000000000455,2.441666666666606,58.142857142857146,20.0,7.8999999999999995,-99.07520510989337,0.0,3.416666666666657
2020-03-13,0.9,9.5,16.1,81.0,1015.7,6.5,73.0,92.0,2.0,-0.2999999999999545,1.4916666666666742,83.57142857142857,-15.285714285714292,5.3,34.834181934650616,3.0,4.25
2020-03-14,3.2,7.3,12.0,65.0,1019.0,9.3,32.0,94.0,4.0,0.900000000000091,1.3333333333333712,90.57142857142857,-6.428571428571431,7.599999999999999,-22.893034441923163,4.0,9.666666666666671
2020-03-15,0.0,2.5,11.8,73.0,1024.6,5.7,55.0,21.0,5.0,0.10000000000002274,2.3541666666667425,42.42857142857143,36.57142857142858,8.271428571428572,69.26259520678502,0.0,-7.583333333333329
2020-03-16,0.0,2.6,13.4,59.0,1026.8,6.4,42.0,4.0,0.0,1.1000000000001364,1.112500000000182,0.0,-0.2857142857142857,11.400000000000002,-177.44452741320026,0.0,11.416666666666664
2020-03-17,0.0,1.2,14.7,73.0,1030.4,5.0,288.0,22.0,2.0,-1.599999999999909,1.445833333333212,6.0,-31.42857142857143,8.342857142857143,-165.04696654386578,0.0,7.041666666666671
2020-03-18,0.0,4.3,19.2,72.0,1028.3,6.0,321.0,9.0,6.0,-3.7999999999999545,2.866666666666788,1.2857142857142858,-2.7142857142857144,11.242857142857144,-109.76251761740485,0.0,0.2083333333333286
2020-03-19,0.0,6.5,19.3,69.0,1025.1,7.1,339.0,1.0,0.0,-2.7999999999999545,2.1166666666665606,0.42857142857142855,0.42857142857142855,10.657142857142858,-166.69899313342137,0.0,7.333333333333343
2020-03-20,0.0,5.7,17.2,81.0,1022.1,5.7,6.0,24.0,6.0,-3.599999999999909,2.3958333333333712,50.142857142857146,44.57142857142858,6.114285714285715,176.95839172237066,0.0,6.208333333333329
2020-03-21,0.2,7.1,15.2,87.0,1016.6,5.5,72.0,62.0,15.0,-3.2000000000000455,2.5583333333332803,65.71428571428571,-11.285714285714292,5.0,72.26350312480875,1.0,-0.5833333333333286
2020-03-22,0.6,6.1,12.0,63.0,1020.7,10.5,97.0,83.0,2.0,1.7000000000000455,3.21249999999975,84.57142857142857,-0.7142857142857224,8.828571428571431,18.580831937562237,1.0,-23.29166666666667
2020-03-23,0.0,1.6,8.7,44.0,1028.1,7.2,116.0,36.0,0.0,-3.0,2.6333333333334394,19.428571428571427,-7.285714285714288,12.928571428571429,122.14739640588743,0.0,14.625
2020-03-24,0.0,-2.3,9.8,54.0,1026.2,4.9,235.0,36.0,0.0,-3.0000000000001137,2.329166666666765,85.28571428571429,74.28571428571429,14.200000000000001,-84.65381496332284,0.0,0.8333333333333286
2020-03-25,0.0,-0.7,8.4,54.0,1022.3,14.3,67.0,22.0,0.0,-1.7999999999999545,1.5125000000000455,20.428571428571427,8.714285714285714,14.385714285714286,40.37986251374707,0.0,-3.5833333333333357
2020-03-26,0.1,2.3,10.7,47.0,1016.8,11.5,51.0,96.0,0.0,-1.2999999999999545,1.6791666666666742,97.0,-1.7142857142857082,11.542857142857144,81.73340874376555,0.0,2.4583333333333357
2020-03-27,0.0,5.5,14.5,60.0,1016.2,8.9,35.0,83.0,0.0,0.8999999999999773,1.1875000000001137,79.14285714285714,-3.142857142857153,10.471428571428572,68.35884146081736,0.0,-1.9583333333333357
2020-03-28,0.0,6.1,17.4,60.0,1014.9,7.9,335.0,22.0,0.0,-3.6000000000000227,2.5708333333334394,3.5714285714285716,-25.57142857142857,12.385714285714284,-153.1341337345192,0.0,5.708333333333336
2020-03-29,0.5,6.2,17.9,69.0,1012.7,6.3,326.0,57.0,0.0,-2.2999999999999545,1.7416666666664469,73.0,22.857142857142854,10.614285714285712,-45.93136139818313,2.0,1.6666666666666714
2020-03-30,2.1,4.6,11.3,70.0,1016.3,11.6,62.0,95.0,4.0,3.0,3.666666666666515,95.71428571428571,4.0,7.7285714285714295,9.860029176861758,4.0,10.916666666666671
2020-03-31,0.0,2.1,10.0,55.0,1022.3,8.1,83.0,45.0,0.0,-0.5,1.4333333333331666,59.57142857142857,51.14285714285714,14.557142857142859,14.279133507036192,0.0,-5.958333333333336
2020-04-01,0.0,-1.3,10.0,58.0,1021.8,5.2,256.0,10.0,0.0,-5.5,3.637500000000159,15.714285714285714,3.857142857142856,12.971428571428572,-155.43701789787542,0.0,7.249999999999993
2020-04-02,0.0,-0.1,12.4,67.0,1015.3,6.3,273.0,0.0,0.0,-4.599999999999909,3.1833333333332803,0.0,0.0,11.428571428571429,178.9390643080119,0.0,4.25
2020-04-03,0.0,1.1,15.6,67.0,1014.1,5.4,309.0,3.0,0.0,-0.20000000000004547,1.020833333333485,6.714285714285714,6.714285714285714,11.314285714285715,-165.4516139102309,0.0,0.375
2020-04-04,0.0,4.4,17.7,56.0,1020.7,6.1,5.0,12.0,0.0,0.39999999999997726,3.104166666666515,1.8571428571428572,-12.285714285714285,14.700000000000001,159.2987754400823,0.0,2.875
2020-04-05,0.0,4.3,18.6,55.0,1024.7,8.0,31.0,3.0,0.0,-2.0,1.912499999999909,0.0,0.0,17.228571428571428,77.50282176821372,0.0,-5.291666666666664
2020-04-06,0.0,6.7,20.2,45.0,1026.4,11.0,34.0,0.0,0.0,-0.599999999999909,1.3291666666666515,0.0,0.0,16.742857142857144,72.00608580972988,0.0,-1.6666666666666643
2020-04-07,0.0,3.1,20.6,53.0,1029.0,7.5,23.0,0.0,1.0,-1.0,1.7666666666668789,0.0,0.0,15.942857142857145,-176.35843492341562,0.0,3.2916666666666643
2020-04-08,0.0,3.1,20.8,47.0,1027.1,8.2,14.0,0.0,0.0,-4.899999999999977,3.5083333333333258,0.0,0.0,21.357142857142858,140.6457597717059,0.0,-3.125
2020-04-09,0.0,6.2,21.8,47.0,1022.4,7.6,312.0,0.0,0.0,-2.7999999999999545,2.3499999999997954,0.0,0.0,17.52857142857143,-96.98226137140833,0.0,11.208333333333329
2020-04-10,0.0,7.4,24.0,54.0,1021.7,7.2,300.0,1.0,0.0,-2.3999999999999773,1.7750000000002046,0.2857142857142857,-0.2857142857142857,18.45714285714286,-110.6275656852329,0.0,-2.25
2020-04-11,0.0,9.7,23.6,55.0,1021.1,6.6,331.0,7.0,0.0,-1.3000000000000682,1.2958333333332348,18.857142857142858,18.857142857142858,15.557142857142859,171.40899856673389,0.0,1.7083333333333357
2020-04-12,0.0,8.3,23.1,56.0,1019.4,6.5,58.0,24.0,0.0,-4.5,2.9875000000002956,44.42857142857143,43.285714285714285,16.97142857142857,112.27220298298676,0.0,-1.4583333333333357
2020-04-13,0.0,8.8,21.2,60.0,1014.4,7.3,74.0,81.0,0.0,-3.199999999999932,2.5541666666666742,86.57142857142857,12.57142857142857,12.6,111.08631205963252,0.0,4.458333333333336
2020-04-14,0.3,7.2,16.2,65.0,1014.4,11.7,83.0,56.0,0.0,7.2999999999999545,4.041666666666515,29.285714285714285,-15.57142857142857,9.771428571428572,85.56515881145441,0.0,-1.2083333333333357
2020-04-15,0.0,6.5,14.6,55.0,1025.3,5.5,113.0,34.0,0.0,-2.699999999999932,2.0,0.0,-55.0,11.885714285714284,117.83359270120991,0.0,9.041666666666664
2020-04-16,0.0,4.3,18.9,63.0,1022.0,6.0,235.0,64.0,3.0,-4.899999999999977,3.079166666666879,99.0,71.28571428571428,14.542857142857143,-75.02515951969073,0.0,-3.9583333333333357
2020-04-17,0.0,5.8,19.1,67.0,1018.7,5.9,71.0,28.0,0.0,-3.0,2.212500000000091,50.857142857142854,37.42857142857142,9.799999999999999,89.96188255512021,0.0,1.7083333333333428
2020-04-18,0.0,8.3,20.5,70.0,1016.8,5.3,119.0,52.0,5.0,-2.6000000000000227,2.0541666666665606,71.42857142857143,51.0,10.757142857142858,106.31962211682026,0.0,-9.208333333333336
2020-04-19,0.0,9.6,21.2,65.0,1013.9,5.2,111.0,71.0,1.0,-2.2999999999999545,2.1208333333335077,98.71428571428571,54.857142857142854,10.685714285714287,82.59266723797487,0.0,1.5416666666666572
2020-04-20,0.5,13.1,17.3,63.0,1014.3,12.6,75.0,100.0,0.0,0.6000000000000227,1.270833333333485,100.0,0.0,9.6,-6.708074837037799,1.0,0.2083333333333357
2020-04-21,0.0,12.5,19.4,38.0,1014.4,14.0,81.0,72.0,0.0,0.5,1.1875000000002274,62.857142857142854,-21.857142857142854,19.22857142857143,-1.2326334089746638,0.0,-6.666666666666668
2020-04-22,0.0,9.4,20.4,41.0,1017.8,12.9,55.0,0.0,0.0,-2.1000000000000227,1.7624999999999318,0.0,0.0,17.585714285714285,49.03214527454057,0.0,6.125
2020-04-23,0.0,8.8,21.1,47.0,1018.8,7.9,46.0,5.0,0.0,-2.3999999999999773,2.0833333333332575,0.0,-4.0,16.728571428571428,133.77596310395597,0.0,6.041666666666671
2020-04-24,0.0,8.0,21.9,56.0,1014.2,7.2,242.0,30.0,0.0,-6.0,4.3125,84.0,84.0,16.042857142857144,-60.42085947628374,0.0,2.0833333333333357
2020-04-25,0.0,8.8,21.7,61.0,1008.8,6.6,65.0,46.0,0.0,-3.8999999999999773,2.954166666666765,39.285714285714285,4.428571428571431,12.614285714285716,126.79859247326544,0.0,4.708333333333336
2020-04-26,1.6,11.8,19.4,76.0,1009.7,6.2,96.0,52.0,5.0,-0.09999999999990905,1.270833333333485,70.0,37.0,7.214285714285714,97.79379725293967,3.0,1.3333333333333428
2020-04-27,0.5,11.4,20.1,78.0,1011.8,5.6,112.0,53.0,8.0,-1.3999999999999773,1.5000000000001137,56.142857142857146,17.571428571428577,7.928571428571429,71.43954265808878,1.0,-0.7083333333333428
2020-04-28,7.2,12.7,17.6,90.0,1010.7,4.8,67.0,84.0,18.0,-1.8999999999999773,1.7625000000000455,91.42857142857143,-6.857142857142861,2.857142857142857,-43.12967061782652,9.0,2.375
2020-04-29,4.4,10.7,18.2,87.0,1007.5,4.4,14.0,55.0,16.0,0.5,1.4291666666666742,49.0,-7.571428571428569,4.871428571428572,-50.627985874913236,4.0,2.5833333333333286
2020-04-30,7.4,7.9,19.2,78.0,1010.3,6.2,195.0,64.0,12.0,-1.7999999999999545,1.9041666666668107,100.0,37.714285714285715,9.1,-120.8760851389666,5.0,9.708333333333343
2020-05-01,8.6,9.9,17.7,81.0,1007.1,5.6,258.0,82.0,13.0,-1.0,1.7041666666668789,97.0,26.714285714285708,5.914285714285713,-97.87745972030945,7.0,6.958333333333343
2020-05-02,4.9,11.3,20.4,80.0,1007.4,5.5,39.0,58.0,12.0,1.2000000000000455,1.770833333333485,55.857142857142854,5.857142857142854,8.642857142857142,-1.5618319682549213,7.0,-1.1666666666666714
2020-05-03,4.4,8.7,20.1,65.0,1014.1,7.2,129.0,10.0,5.0,5.0,4.704166666666879,9.0,7.714285714285714,13.657142857142858,107.02112033830167,2.0,-6.666666666666671
2020-05-04,0.0,8.7,20.3,62.0,1018.4,7.3,204.0,22.0,0.0,-2.6000000000000227,1.908333333333303,17.857142857142858,-6.714285714285715,12.085714285714287,97.6408099551009,0.0,-3.0
2020-05-05,1.0,9.3,17.8,68.0,1014.4,5.0,54.0,73.0,2.0,-1.5,1.9333333333332803,88.42857142857143,9.57142857142857,9.171428571428573,33.135955549317316,2.0,8.333333333333343
2020-05-06,0.4,11.5,18.7,71.0,1016.4,6.2,58.0,51.0,0.0,2.199999999999932,2.7833333333331893,43.42857142857143,-17.0,8.857142857142856,133.92586793704578,1.0,-2.166666666666657
2020-05-07,0.0,11.5,21.3,65.0,1021.7,6.2,169.0,28.0,0.0,-1.5,1.308333333333394,0.0,-45.285714285714285,10.72857142857143,74.25075079080557,0.0,6.083333333333329
2020-05-08,0.0,10.0,21.9,67.0,1020.5,5.4,168.0,61.0,0.0,-4.2000000000000455,2.6874999999997726,55.142857142857146,-3.857142857142854,10.685714285714285,99.55983792287765,0.0,-5.416666666666664
2020-05-09,0.0,10.7,23.3,68.0,1015.7,5.8,90.0,38.0,1.0,-3.900000000000091,2.9624999999999773,23.428571428571427,-1.2857142857142883,11.085714285714287,92.51197240274541,0.0,4.625
2020-05-10,0.4,13.1,20.1,78.0,1012.1,7.1,78.0,80.0,7.0,-2.1000000000000227,2.204166666666879,68.42857142857143,-12.42857142857143,6.628571428571427,55.61915035709001,0.0,3.4166666666666714
2020-05-11,31.8,13.7,18.3,89.0,1006.0,8.6,104.0,89.0,19.0,-4.199999999999932,2.454166666666538,86.42857142857143,-3.0,3.442857142857142,126.67646215575314,17.0,4.791666666666671
2020-05-12,16.0,10.9,21.0,84.0,1009.4,10.8,78.0,69.0,19.0,8.600000000000023,5.6375000000000455,87.42857142857143,46.142857142857146,5.328571428571428,9.595093984743556,13.0,3.0
2020-05-13,6.8,10.8,18.6,84.0,1012.4,5.1,69.0,89.0,16.0,-4.400000000000091,4.066666666666833,97.57142857142857,11.857142857142861,4.871428571428573,-3.8077125398549754,11.0,3.333333333333343
2020-05-14,0.6,12.6,22.9,79.0,1008.3,6.2,75.0,61.0,9.0,-1.099999999999909,1.2999999999998408,78.85714285714286,28.571428571428577,7.028571428571429,23.04185219056677,1.0,-0.8333333333333286
2020-05-15,17.9,14.3,20.3,81.0,1010.0,10.5,78.0,82.0,13.0,5.399999999999977,3.3749999999997726,60.857142857142854,-37.714285714285715,4.814285714285712,100.26094033118017,16.0,5.458333333333343
2020-05-16,3.6,13.1,19.3,76.0,1019.2,9.9,79.0,94.0,5.0,0.0,2.816666666667061,99.0,-0.7142857142857082,7.357142857142856,-6.3602390347435005,5.0,-0.2083333333333286
2020-05-17,7.2,12.4,24.3,78.0,1017.5,6.8,8.0,59.0,12.0,2.2000000000000455,1.5249999999999773,56.714285714285715,7.428571428571431,8.314285714285713,99.35588677781169,7.0,6.708333333333329
2020-05-18,0.0,13.3,24.7,72.0,1019.4,6.3,45.0,65.0,8.0,-2.300000000000068,2.0083333333334394,97.85714285714286,40.00000000000001,10.399999999999997,59.181037038868936,0.0,-3.7916666666666714
2020-05-19,2.9,16.5,23.6,73.0,1015.1,8.6,37.0,89.0,6.0,-1.0,0.9458333333330984,88.0,-0.5714285714285694,7.271428571428571,48.20442431879695,7.0,11.541666666666671
2020-05-20,4.5,15.9,24.1,76.0,1013.1,8.5,283.0,66.0,9.0,2.0,1.8416666666665833,62.142857142857146,-14.571428571428562,7.542857142857143,-44.81744767828897,6.0,3.875
2020-05-21,0.0,13.7,22.7,76.0,1018.4,7.4,263.0,26.0,5.0,-0.1999999999999318,1.7083333333332575,30.285714285714285,8.857142857142858,8.828571428571427,124.48642563674036,0.0,0.2916666666666714
2020-05-22,0.0,15.5,23.0,67.0,1023.4,5.1,78.0,79.0,2.0,-0.6999999999999318,1.1958333333330984,94.14285714285714,15.0,9.285714285714286,99.82966788899296,0.0,0.75
2020-05-23,3.1,14.9,23.7,68.0,1022.4,4.8,86.0,78.0,2.0,-4.099999999999909,3.0500000000002956,66.57142857142857,-25.285714285714292,10.157142857142857,58.90663547422682,2.0,1.5416666666666572
2020-05-24,10.7,14.8,21.9,68.0,1024.4,5.5,103.0,43.0,9.0,2.0,4.516666666666765,38.42857142857143,6.571428571428573,13.614285714285714,169.56999617800062,3.0,-7.458333333333336
2020-05-25,0.0,11.9,23.1,66.0,1025.7,6.7,191.0,20.0,0.0,-4.7999999999999545,2.8999999999998636,18.857142857142858,9.857142857142858,11.87142857142857,-130.8406758518184,0.0,1.7916666666666572
2020-05-26,0.6,13.0,19.8,71.0,1027.6,7.4,337.0,28.0,1.0,-0.2999999999999545,1.6458333333332575,56.57142857142857,41.285714285714285,9.085714285714285,157.38388560689572,1.0,5.333333333333329
2020-05-27,0.0,10.8,22.7,65.0,1029.0,7.8,282.0,7.0,1.0,-3.6000000000001364,2.5208333333332575,11.428571428571429,6.285714285714286,12.51428571428571,-18.81719581607291,0.0,-2.5416666666666714
2020-05-28,0.5,12.2,22.0,65.0,1024.3,5.9,357.0,54.0,1.0,-5.800000000000068,3.925000000000068,46.0,-27.85714285714286,11.014285714285716,-70.7688798092455,1.0,6.083333333333329
2020-05-29,3.5,11.2,20.8,62.0,1021.5,8.6,27.0,29.0,5.0,-4.2000000000000455,2.6958333333333258,21.0,-6.0,14.671428571428573,101.43880842193124,3.0,-9.333333333333329
2020-05-30,0.2,12.8,19.9,65.0,1017.9,6.6,13.0,61.0,0.0,-2.6000000000000227,1.8958333333333712,72.0,7.142857142857139,8.957142857142856,-30.45400844227356,0.0,8.291666666666671
2020-05-31,0.0,13.6,20.0,67.0,1016.7,5.9,309.0,81.0,0.0,-2.3999999999999773,1.8500000000001364,68.57142857142857,-26.714285714285722,9.314285714285715,164.6365946594235,0.0,0.8333333333333286
2020-06-01,0.0,11.5,24.0,68.0,1017.2,5.6,255.0,19.0,3.0,-1.7999999999999545,1.154166666666697,42.0,36.714285714285715,11.799999999999999,-68.19678453079408,0.0,-3.5
2020-06-02,0.6,14.3,24.2,68.0,1014.0,3.8,359.0,35.0,1.0,-4.899999999999977,3.008333333333212,42.285714285714285,23.428571428571427,10.700000000000001,19.919492402503465,1.0,-2.0416666666666714
2020-06-03,5.4,13.8,24.4,74.0,1008.3,5.4,320.0,62.0,7.0,-4.7000000000000455,3.0249999999998636,75.57142857142857,28.285714285714285,9.585714285714285,-166.04098984460057,3.0,8.416666666666671
2020-06-04,31.1,15.2,19.1,88.0,1002.7,7.1,138.0,93.0,18.0,-1.7999999999999545,4.025000000000205,100.0,12.857142857142861,1.728571428571428,42.183034662965326,19.0,6.375
2020-06-05,25.0,14.9,20.4,82.0,998.3,7.6,72.0,62.0,11.0,5.399999999999977,3.4916666666669016,28.428571428571427,-46.28571428571428,7.014285714285713,22.460708789590342,10.0,-2.75
2020-06-06,3.3,14.7,21.8,82.0,1006.8,5.9,68.0,52.0,7.0,-0.6999999999999318,1.8541666666667425,64.71428571428571,30.428571428571423,5.128571428571428,64.83660190167376,4.0,2.875
2020-06-07,20.3,15.1,20.5,89.0,1007.2,5.3,50.0,84.0,16.0,0.2999999999999545,0.4833333333332348,98.71428571428571,27.428571428571416,2.514285714285714,14.103176575211847,10.0,3.125
2020-06-08,20.9,15.5,20.4,86.0,1008.2,9.6,73.0,90.0,19.0,1.1999999999999318,1.1124999999999545,96.71428571428571,24.0,4.642857142857143,-14.685100779886398,17.0,0.8333333333333286
2020-06-09,12.5,15.3,20.3,82.0,1009.6,9.2,71.0,84.0,11.0,0.599999999999909,1.095833333333303,69.85714285714286,-16.857142857142847,5.271428571428571,20.961918898675833,10.0,3.041666666666657
2020-06-10,6.8,12.9,19.4,86.0,1009.8,4.0,94.0,80.0,13.0,-0.40000000000009095,0.4999999999998863,75.57142857142857,-16.14285714285714,3.7142857142857144,71.73731027995012,10.0,2.4166666666666714
2020-06-11,5.0,13.5,20.2,83.0,1010.5,5.2,89.0,61.0,12.0,0.20000000000004547,0.47500000000002274,60.57142857142857,9.0,7.057142857142858,9.135715818014717,6.0,-1.4583333333333428
2020-06-12,0.0,11.3,23.4,77.0,1011.8,6.9,224.0,27.0,10.0,-1.8000000000000682,1.3708333333331666,55.57142857142857,43.285714285714285,8.628571428571428,-29.494644947289544,0.0,4.125
2020-06-13,1.3,14.4,25.3,81.0,1011.2,7.0,106.0,42.0,13.0,-1.7000000000000455,1.3458333333335304,64.42857142857143,31.714285714285715,7.457142857142856,91.9676095518505,3.0,3.25
2020-06-14,9.5,17.1,22.0,89.0,1010.0,3.9,155.0,78.0,16.0,0.39999999999997726,1.1958333333334394,51.42857142857143,-46.42857142857143,3.785714285714286,-45.96972380414809,17.0,-1.9166666666666572
2020-06-15,12.7,17.0,20.0,91.0,1012.6,3.6,277.0,99.0,23.0,1.0,1.2625000000001592,100.0,0.2857142857142918,1.8428571428571427,127.8073188281154,17.0,0.3333333333333428
2020-06-16,2.9,16.7,24.7,81.0,1012.3,4.9,272.0,92.0,9.0,-2.2000000000000455,1.9125000000000227,95.42857142857143,5.142857142857139,7.9142857142857155,37.413245221643194,6.0,-0.375
2020-06-17,5.2,17.6,24.2,79.0,1009.9,5.7,252.0,71.0,10.0,-1.2000000000000455,0.9708333333334167,64.28571428571429,0.7142857142857224,6.97142857142857,-153.06304267717957,3.0,2.333333333333343
2020-06-18,16.7,15.2,24.2,83.0,1010.8,5.1,45.0,36.0,13.0,0.7000000000000455,1.0083333333333258,44.714285714285715,10.57142857142857,5.642857142857144,-16.674649796947847,4.0,7.875
2020-06-19,12.5,15.0,22.4,83.0,1013.9,5.4,348.0,56.0,18.0,0.2999999999999545,1.0791666666666515,78.71428571428571,45.71428571428571,4.628571428571428,145.43385915800468,10.0,2.875
2020-06-20,0.0,14.2,24.8,75.0,1015.8,6.4,245.0,71.0,8.0,-2.0,1.5458333333332348,65.28571428571429,0.7142857142857224,10.028571428571428,-50.28086253651978,0.0,-0.9166666666666572
2020-06-21,0.0,14.1,25.4,74.0,1014.8,5.3,343.0,47.0,4.0,0.7000000000000455,0.875,77.14285714285714,52.14285714285714,7.185714285714285,150.79064523267965,0.0,8.041666666666671
2020-06-22,0.0,16.0,29.4,64.0,1016.1,6.8,299.0,14.0,3.0,0.39999999999997726,0.7875000000001364,27.428571428571427,26.428571428571427,13.485714285714286,-61.461161841868034,0.0,1.9583333333333357
2020-06-23,0.0,16.7,28.7,64.0,1017.9,7.6,285.0,10.0,0.0,-2.1000000000000227,1.6375000000000455,16.571428571428573,16.0,11.842857142857143,-146.62056038908577,0.0,7.041666666666671
2020-06-24,0.5,18.7,24.8,68.0,1019.9,6.2,81.0,62.0,1.0,-1.599999999999909,1.2250000000000227,58.285714285714285,-8.714285714285715,9.885714285714286,21.819521204147918,2.0,3.25
2020-06-25,9.3,17.5,22.5,82.0,1019.0,8.6,76.0,74.0,18.0,0.3000000000000682,0.7208333333334167,87.85714285714286,13.42857142857143,5.228571428571428,-3.659885136186972,13.0,6.416666666666657
2020-06-26,0.6,16.7,26.0,76.0,1017.5,4.1,149.0,54.0,4.0,-2.2999999999999545,1.8583333333330074,62.714285714285715,40.28571428571429,8.228571428571428,92.30224650498297,1.0,2.625
2020-06-27,0.1,17.7,27.4,79.0,1015.8,5.4,188.0,30.0,7.0,-1.7999999999999545,1.429166666666788,50.714285714285715,37.714285714285715,7.328571428571428,80.68873047146724,0.0,-0.0833333333333286
2020-06-28,0.6,18.5,28.6,79.0,1015.0,4.8,268.0,21.0,9.0,-2.300000000000068,1.7250000000002501,42.57142857142857,41.857142857142854,7.1000000000000005,166.1247009058422,2.0,-2.6666666666666714
2020-06-29,8.0,19.6,26.6,79.0,1010.9,6.8,69.0,39.0,11.0,-1.1000000000000227,2.0374999999996817,45.714285714285715,26.42857142857143,4.585714285714286,18.264821944615562,5.0,-9.458333333333343
2020-06-30,0.0,19.8,27.3,70.0,1011.9,7.0,72.0,31.0,2.0,-0.8999999999999773,1.1125000000002956,27.714285714285715,-11.857142857142854,8.700000000000001,67.38164389372824,0.0,3.1666666666666714
2020-07-01,1.0,20.3,27.4,79.0,1011.6,3.7,7.0,56.0,1.0,-1.2999999999999545,1.066666666666606,76.57142857142857,16.285714285714285,5.642857142857141,-99.17423032848512,2.0,-1.4166666666666714
2020-07-02,1.1,19.0,27.0,78.0,1010.6,5.0,331.0,71.0,5.0,-0.6000000000000227,0.7916666666666288,54.285714285714285,-39.285714285714285,6.3,-145.88056505565157,2.0,1.5833333333333286
2020-07-03,2.3,19.3,26.0,72.0,1012.6,8.2,29.0,70.0,5.0,2.5,2.4208333333333485,94.71428571428571,50.57142857142856,9.400000000000002,88.41703781593299,3.0,0.9166666666666572
2020-07-04,0.0,18.5,27.4,65.0,1016.7,4.7,28.0,47.0,2.0,-2.099999999999909,1.5291666666664696,24.714285714285715,-13.0,13.585714285714285,-118.58075222848333,0.0,-0.041666666666671404
2020-07-05,0.0,18.1,28.4,68.0,1016.3,5.4,271.0,17.0,0.0,-3.7999999999999545,2.6874999999997726,20.0,6.857142857142858,10.414285714285713,-68.17054634759717,0.0,1.1666666666666572
2020-07-06,4.7,19.2,29.8,71.0,1010.3,5.8,309.0,22.0,6.0,-5.2999999999999545,3.5249999999999773,38.142857142857146,32.57142857142858,10.842857142857142,-177.42633070629552,2.0,-1.6666666666666714
2020-07-07,12.8,14.9,24.5,64.0,1015.3,8.6,104.0,14.0,3.0,1.0,5.512500000000159,5.571428571428571,5.428571428571428,12.614285714285714,33.257494012903294,3.0,-4.083333333333329
2020-07-08,0.0,16.0,26.3,64.0,1017.6,5.8,120.0,15.0,0.0,-2.599999999999909,1.9166666666668561,22.142857142857142,14.571428571428571,10.528571428571428,128.66669750541337,0.0,5.666666666666657
2020-07-09,0.0,16.3,28.0,72.0,1016.8,4.6,280.0,18.0,6.0,-2.2000000000000455,1.8250000000001592,39.42857142857143,38.0,11.142857142857142,94.62220769576322,0.0,-1.625
2020-07-10,0.0,18.2,28.9,73.0,1014.6,5.4,236.0,25.0,2.0,-2.8999999999999773,2.045833333333121,11.285714285714286,-21.85714285714286,9.571428571428571,76.30367427001823,0.0,1.5
2020-07-11,5.9,17.4,25.9,80.0,1014.6,6.3,45.0,72.0,10.0,1.6000000000000227,1.4624999999999773,74.28571428571429,-21.0,6.271428571428572,53.76351651065363,6.0,-0.2083333333333286
2020-07-12,0.0,15.8,24.7,67.0,1021.1,5.7,77.0,15.0,4.0,0.39999999999997726,1.9541666666666515,17.285714285714285,8.571428571428571,11.742857142857142,-17.33140996688465,0.0,-4.791666666666664
2020-07-13,0.0,17.8,24.1,53.0,1020.9,6.3,45.0,73.0,0.0,-4.900000000000091,3.362500000000182,67.0,-18.42857142857143,13.485714285714286,20.680209424436555,0.0,5.0
2020-07-14,0.0,18.0,24.6,54.0,1016.1,6.4,5.0,68.0,0.0,-4.0,2.6625000000001364,62.142857142857146,16.571428571428577,12.385714285714284,-162.52754958495808,0.0,7.958333333333329
2020-07-15,0.0,16.4,25.3,65.0,1013.5,5.3,250.0,67.0,0.0,-1.5,1.2208333333330756,68.14285714285714,15.142857142857139,11.642857142857142,-3.1216614563021494,0.0,3.666666666666657
2020-07-16,3.3,16.0,24.9,77.0,1014.2,3.9,45.0,57.0,8.0,-1.6999999999999318,1.4666666666668107,65.14285714285714,21.999999999999993,7.285714285714286,30.771016746650957,3.0,7.541666666666671
2020-07-17,9.0,17.4,22.8,80.0,1014.2,6.8,51.0,64.0,8.0,1.7000000000000455,1.5124999999999318,55.0,-11.285714285714292,6.3428571428571425,-14.149366424091909,6.0,-7.958333333333329
2020-07-18,6.7,15.3,23.2,74.0,1016.0,5.4,287.0,36.0,8.0,-2.2999999999999545,1.6083333333335759,63.142857142857146,51.714285714285715,8.514285714285714,-171.13587015900873,5.0,3.708333333333343
2020-07-19,0.0,14.9,25.4,76.0,1015.6,5.3,247.0,29.0,8.0,-1.7999999999999545,1.6833333333336213,32.285714285714285,23.285714285714285,9.642857142857142,-17.12141073064842,0.0,-1.5833333333333428
2020-07-20,0.0,17.9,28.0,71.0,1016.5,6.4,244.0,28.0,0.0,0.3000000000000682,0.6791666666669016,36.857142857142854,28.14285714285714,9.914285714285715,38.55336040522451,0.0,1.5416666666666714
2020-07-21,0.0,19.8,29.6,71.0,1018.3,5.6,241.0,36.0,4.0,-2.2000000000000455,1.3416666666665833,52.142857142857146,23.142857142857146,10.442857142857141,-144.67352789711245,0.0,-2.083333333333343
2020-07-22,0.1,20.2,29.7,74.0,1016.9,5.1,350.0,60.0,3.0,-2.0,1.7041666666666515,77.0,32.714285714285715,8.814285714285713,3.447482770373938,0.0,-0.625
2020-07-23,0.0,19.4,29.4,66.0,1013.2,6.0,323.0,44.0,0.0,-3.1000000000000227,2.170833333333235,45.285714285714285,39.714285714285715,11.314285714285717,-3.1003532201231963,0.0,-1.4166666666666714
2020-07-24,3.8,18.2,22.7,83.0,1011.3,7.5,293.0,96.0,9.0,-2.0,1.5625000000001137,96.14285714285714,-3.857142857142861,4.6000000000000005,-35.39783484413391,8.0,5.333333333333343
2020-07-25,0.1,17.3,27.7,70.0,1012.5,6.5,262.0,37.0,5.0,0.6000000000000227,1.8625000000000682,17.285714285714285,7.428571428571427,11.557142857142853,-84.51982253385853,0.0,-1.8333333333333286
2020-07-26,0.2,17.3,27.4,73.0,1014.2,5.2,0.0,54.0,2.0,0.0,0.5833333333333712,65.57142857142857,-13.285714285714292,7.757142857142857,15.877898719647618,1.0,3.75
2020-07-27,0.0,18.2,29.2,71.0,1016.7,6.2,279.0,12.0,6.0,-2.0,1.341666666666697,8.571428571428571,2.2857142857142856,11.814285714285717,-162.21914333971392,0.0,0.375
2020-07-28,0.0,19.7,30.8,70.0,1015.1,5.5,217.0,16.0,2.0,-1.900000000000091,1.3541666666666288,39.857142857142854,39.71428571428571,10.271428571428572,106.4054278111297,0.0,-0.125
2020-07-29,0.5,21.3,31.1,72.0,1014.8,6.0,344.0,41.0,4.0,0.0,0.9791666666667425,60.285714285714285,33.71428571428571,9.414285714285713,75.96367345017151,1.0,-2.041666666666657
2020-07-30,1.6,21.1,32.6,70.0,1016.6,6.7,335.0,50.0,4.0,-1.0,0.8916666666667652,47.714285714285715,7.142857142857146,11.285714285714283,131.94506866432107,1.0,-1.8333333333333428
2020-07-31,0.0,23.0,33.7,67.0,1014.6,5.7,346.0,39.0,1.0,-2.199999999999932,1.629166666666606,41.285714285714285,17.285714285714285,11.914285714285715,147.3655007706385,0.0,1.3333333333333428
2020-08-01,0.0,23.1,34.3,66.0,1012.4,5.2,331.0,23.0,2.0,-2.3999999999999773,1.7833333333331893,43.285714285714285,37.14285714285714,12.414285714285715,-13.534462727656432,0.0,-3.4583333333333286
2020-08-02,6.7,21.7,28.5,67.0,1011.1,9.9,54.0,69.0,2.0,-2.599999999999909,1.7208333333334167,54.42857142857143,-35.57142857142857,9.414285714285715,33.549716941601446,2.0,5.0
2020-08-03,79.8,20.2,25.9,84.0,1005.2,7.3,62.0,89.0,15.0,-4.600000000000023,5.091666666666583,99.85714285714286,27.42857142857143,5.242857142857143,-1.3203238754326208,15.0,8.458333333333329
2020-08-04,5.6,17.4,23.8,82.0,1005.0,5.4,354.0,83.0,12.0,3.5,4.0791666666666515,88.71428571428571,6.142857142857139,6.171428571428571,-106.87797166197618,8.0,-9.75
2020-08-05,0.0,18.0,25.1,62.0,1012.9,4.7,331.0,65.0,0.0,1.1000000000000227,3.3250000000000455,27.285714285714285,-72.71428571428572,9.671428571428573,-162.6123073943167,0.0,11.125
2020-08-06,0.0,17.4,28.7,69.0,1016.3,4.7,321.0,20.0,0.0,0.3000000000000682,1.0666666666664923,48.0,45.0,11.27142857142857,-132.12625968384,0.0,0.9166666666666714
2020-08-07,0.0,20.2,30.5,64.0,1018.3,6.6,9.0,12.0,1.0,-0.7000000000000455,0.9208333333335759,7.857142857142857,-0.7142857142857144,14.242857142857144,84.49741117753206,0.0,-5.166666666666671
2020-08-08,0.0,20.5,32.6,57.0,1018.0,8.9,351.0,1.0,0.0,-2.0,1.3666666666663332,2.857142857142857,2.857142857142857,16.957142857142856,93.72168088054502,0.0,2.9583333333333357
2020-08-09,0.0,21.0,32.1,60.0,1015.9,6.3,325.0,20.0,0.0,-2.8999999999999773,2.0083333333333258,51.57142857142857,47.285714285714285,14.285714285714283,-94.0818189647631,0.0,5.583333333333336
2020-08-10,0.0,21.1,31.4,68.0,1014.6,5.8,321.0,57.0,0.0,-1.099999999999909,1.1041666666666288,87.42857142857143,62.714285714285715,10.514285714285714,16.10855051631404,0.0,7.666666666666657
2020-08-11,0.4,21.3,30.1,77.0,1015.4,6.9,354.0,63.0,8.0,0.599999999999909,0.8291666666667652,80.71428571428571,36.99999999999999,7.357142857142857,2.6958469013084994,1.0,-0.125
2020-08-12,0.0,20.8,30.3,69.0,1016.0,5.3,327.0,59.0,3.0,-0.7999999999999545,0.9041666666665833,63.285714285714285,18.857142857142854,11.228571428571428,179.14619751448026,0.0,0.8333333333333286
2020-08-13,5.5,21.4,29.7,76.0,1015.0,5.3,317.0,68.0,5.0,-2.7999999999999545,2.2625000000000455,66.85714285714286,0.0,8.114285714285714,-148.62968183406062,4.0,1.2083333333333286
2020-08-14,0.2,20.7,28.7,75.0,1012.6,4.4,340.0,64.0,1.0,-1.7000000000000455,1.7083333333335986,100.0,55.714285714285715,7.228571428571428,-130.3545265083984,1.0,1.7083333333333428
2020-08-15,0.0,19.1,29.3,69.0,1012.1,4.9,243.0,59.0,2.0,-1.5,1.2666666666666515,31.0,-41.0,11.328571428571426,-56.42356551228417,0.0,-5.75
2020-08-16,0.0,20.4,29.2,68.0,1011.5,4.8,248.0,76.0,0.0,-1.7999999999999545,1.2791666666665833,96.57142857142857,17.714285714285708,11.0,-65.79091708645527,0.0,2.916666666666657
2020-08-17,0.4,20.5,27.2,76.0,1010.4,5.0,340.0,81.0,0.0,-1.8999999999999773,1.5166666666669926,67.14285714285714,-20.57142857142857,7.3999999999999995,-134.73043760786356,1.0,1.2083333333333428
2020-08-18,1.0,17.0,26.4,75.0,1010.3,5.0,345.0,68.0,10.0,-0.10000000000002274,1.0708333333329847,48.285714285714285,-51.57142857142858,8.514285714285714,161.4102206754127,2.0,2.6666666666666714
2020-08-19,0.0,17.9,27.3,70.0,1010.9,6.3,256.0,46.0,1.0,-1.1000000000000227,1.0624999999998863,73.42857142857143,49.714285714285715,9.857142857142858,-101.800578798862,0.0,4.333333333333329
2020-08-20,0.2,19.5,28.3,76.0,1013.1,5.3,209.0,37.0,4.0,1.5,1.8666666666665606,27.571428571428573,2.142857142857146,8.057142857142859,154.80598555029638,0.0,-1.75
2020-08-21,0.1,21.1,29.8,77.0,1015.9,5.3,220.0,16.0,6.0,-0.40000000000009095,0.5916666666665833,28.428571428571427,14.14285714285714,8.37142857142857,-50.47753660786745,0.0,3.333333333333343
2020-08-22,0.0,21.4,30.9,75.0,1014.6,5.2,208.0,17.0,7.0,-3.1000000000000227,2.420833333333235,40.42857142857143,39.57142857142858,9.828571428571427,92.27215146647018,0.0,-1.3333333333333428
2020-08-23,2.2,20.4,29.0,70.0,1013.7,7.5,55.0,46.0,7.0,-1.8999999999999773,1.4874999999999545,85.28571428571429,66.57142857142858,12.22857142857143,-9.511588774226169,3.0,1.0416666666666714
2020-08-24,0.2,19.5,27.1,68.0,1013.8,9.5,30.0,66.0,4.0,-0.8000000000000682,0.9916666666665606,72.28571428571429,7.571428571428584,12.457142857142857,-1.0674109775384863,0.0,2.666666666666657
2020-08-25,0.0,16.2,27.6,64.0,1014.5,7.4,301.0,13.0,1.0,-0.20000000000004547,0.7416666666665606,13.857142857142858,0.14285714285714413,14.785714285714283,-130.0137536234782,0.0,-1.749999999999993
2020-08-26,0.0,17.2,28.3,70.0,1014.3,5.7,266.0,66.0,0.0,-2.7000000000000455,1.9750000000000227,49.857142857142854,-34.714285714285715,10.485714285714286,-173.42502554977875,0.0,8.333333333333329
2020-08-27,0.2,19.5,28.2,73.0,1013.4,4.7,84.0,51.0,5.0,-3.2999999999999545,2.4583333333335986,33.42857142857143,-23.57142857142857,10.085714285714287,111.1728842984246,0.0,-2.625
2020-08-28,1.1,19.0,27.9,74.0,1008.8,6.4,3.0,61.0,2.0,-4.2999999999999545,3.0958333333331893,90.42857142857143,36.42857142857143,8.72857142857143,1.3955223898541362,3.0,2.666666666666657
2020-08-29,42.1,18.5,23.6,89.0,1005.0,8.7,355.0,83.0,21.0,-0.5,1.0750000000002728,100.0,21.42857142857143,2.585714285714286,-54.78812837126992,16.0,1.875
2020-08-30,37.8,18.0,23.5,89.0,1005.4,9.1,358.0,79.0,16.0,2.300000000000068,3.858333333333235,54.857142857142854,-44.142857142857146,3.0999999999999988,61.25073908174693,13.0,0.875
2020-08-31,16.5,15.8,22.6,85.0,1011.8,7.0,355.0,93.0,18.0,0.39999999999997726,1.5000000000001137,100.0,0.7142857142857082,3.414285714285714,-40.470069628526915,10.0,0.0
2020-09-01,12.5,14.7,23.4,77.0,1011.5,7.2,295.0,46.0,7.0,0.1999999999999318,0.8124999999998863,31.714285714285715,8.0,7.657142857142857,130.7539682353991,7.0,3.0
2020-09-02,9.3,14.2,22.9,79.0,1015.7,6.2,342.0,46.0,7.0,1.0,2.2166666666668107,33.57142857142857,-36.28571428571429,7.399999999999999,118.22092465601156,7.0,1.5
2020-09-03,0.0,15.2,24.1,70.0,1020.7,5.9,341.0,16.0,2.0,2.300000000000068,2.425000000000068,13.714285714285714,-2.142857142857144,10.4,65.20064276073478,0.0,3.7916666666666714
2020-09-04,0.0,14.4,25.0,75.0,1025.3,5.5,289.0,15.0,0.0,-1.2000000000000455,1.437499999999659,0.42857142857142855,-29.28571428571429,8.514285714285716,-97.50728235375664,0.0,5.833333333333343
2020-09-05,0.0,16.6,25.6,80.0,1019.0,5.0,260.0,1.0,7.0,-6.0,3.9333333333332803,0.0,-0.5714285714285714,7.371428571428572,-86.51741649188898,0.0,3.8333333333333286
2020-09-06,1.8,17.7,25.2,83.0,1013.7,3.7,36.0,29.0,11.0,-2.1000000000000227,1.8333333333332575,34.714285714285715,0.5714285714285694,6.642857142857143,27.90718152216232,3.0,1.9166666666666714
2020-09-07,2.0,17.6,24.2,78.0,1016.9,7.5,51.0,67.0,7.0,5.2999999999999545,3.920833333333462,73.71428571428571,-6.142857142857153,7.457142857142856,6.700726406254461,5.0,0.04166666666665719
2020-09-08,0.0,16.6,25.0,73.0,1024.9,4.1,43.0,5.0,3.0,0.2999999999999545,2.0375000000000227,2.2857142857142856,-0.1428571428571428,9.414285714285715,54.71072454961978,0.0,0.7083333333333286
2020-09-09,0.0,15.7,25.5,78.0,1023.2,4.7,254.0,4.0,7.0,-4.7000000000000455,3.5999999999997954,10.714285714285714,10.0,7.514285714285713,-64.97258742932775,0.0,-3.3333333333333286
2020-09-10,0.0,17.1,26.6,78.0,1017.3,5.0,23.0,59.0,5.0,-3.2999999999999545,2.316666666666606,68.14285714285714,-12.0,7.457142857142857,27.42531935938618,0.0,-0.5416666666666572
2020-09-11,0.0,17.7,27.3,71.0,1014.9,5.9,28.0,61.0,3.0,-0.39999999999997726,0.900000000000091,54.57142857142857,4.571428571428569,9.928571428571429,33.52238951939884,0.0,1.125
2020-09-12,0.0,17.5,28.4,70.0,1017.5,6.9,23.0,12.0,3.0,1.1000000000000227,1.4291666666666742,16.571428571428573,4.714285714285715,12.171428571428574,49.294464777909866,0.0,1.3333333333333286
2020-09-13,0.0,17.7,28.8,69.0,1023.3,5.9,346.0,8.0,0.0,1.3999999999999773,2.3333333333333712,6.857142857142857,6.285714285714286,10.87142857142857,64.79780861737754,0.0,4.0
2020-09-14,0.0,18.3,28.5,70.0,1025.8,7.2,359.0,14.0,2.0,-1.599999999999909,1.7541666666668334,14.571428571428571,14.285714285714285,11.37142857142857,58.72122483565431,0.0,2.3333333333333286
2020-09-15,0.0,17.6,28.5,67.0,1022.2,8.8,5.0,16.0,1.0,-4.0,2.9500000000000455,20.142857142857142,9.857142857142856,12.157142857142857,54.0141174145964,0.0,2.375
2020-09-16,0.0,19.1,28.6,64.0,1017.4,6.8,334.0,14.0,0.0,-3.7000000000000455,2.6124999999999545,21.571428571428573,16.714285714285715,11.785714285714286,-15.635983064437369,0.0,4.708333333333329
2020-09-17,0.0,18.3,30.6,65.0,1016.3,7.3,2.0,23.0,0.0,1.1999999999999318,1.245833333333394,44.0,39.42857142857143,12.842857142857143,122.25918245017272,0.0,0.9166666666666572
2020-09-18,0.0,17.2,25.4,70.0,1020.4,5.3,64.0,28.0,0.0,0.2999999999999545,1.7708333333333712,24.0,-30.142857142857146,8.914285714285713,21.561563144338066,0.0,-0.1666666666666714
2020-09-19,0.0,15.6,23.3,64.0,1020.2,4.9,61.0,39.0,0.0,-3.699999999999932,2.7124999999999773,79.57142857142857,46.285714285714285,9.942857142857141,-29.089149843020834,0.0,4.666666666666664
2020-09-20,0.0,15.4,23.8,67.0,1016.4,4.6,64.0,33.0,0.0,-2.2999999999999545,1.7666666666664241,34.0,25.42857142857143,9.714285714285714,146.85568571011686,0.0,6.375
2020-09-21,0.0,16.1,25.1,74.0,1016.0,4.7,67.0,56.0,2.0,-0.5,0.7999999999999545,79.85714285714286,48.0,9.214285714285714,149.61006439098736,0.0,2.1666666666666714
2020-09-22,9.7,17.0,22.6,87.0,1014.7,4.8,40.0,96.0,14.0,-2.199999999999932,2.1166666666665606,97.14285714285714,1.1428571428571388,4.071428571428572,27.757952849191128,14.0,6.625
2020-09-23,3.0,16.1,21.1,89.0,1010.5,4.3,14.0,85.0,16.0,-1.6000000000000227,1.5791666666666515,81.57142857142857,-16.42857142857143,4.628571428571428,152.9836819735766,7.0,2.3333333333333286
2020-09-24,13.4,15.3,21.9,89.0,1010.7,4.5,55.0,83.0,18.0,-0.40000000000009095,2.6874999999998863,83.57142857142857,-10.285714285714292,4.4142857142857155,19.421949758214566,7.0,2.5
2020-09-25,36.1,12.1,19.6,87.0,997.0,7.8,23.0,85.0,22.0,-8.0,5.899999999999977,72.0,-19.57142857142857,3.0428571428571423,-82.3111353075796,19.0,-9.291666666666671
2020-09-26,3.4,9.5,16.1,74.0,997.0,8.1,43.0,94.0,3.0,3.699999999999932,4.754166666666833,93.42857142857143,-6.571428571428569,6.6000000000000005,-175.98342288982718,5.0,1.7916666666666714
2020-09-27,6.7,9.4,15.2,78.0,1005.4,8.3,50.0,85.0,7.0,2.1000000000000227,3.270833333333485,99.85714285714286,49.42857142857143,5.3428571428571425,-8.947612373512698,7.0,-7.791666666666671
2020-09-28,19.9,9.8,14.2,87.0,1006.9,7.3,296.0,88.0,18.0,7.0,4.087499999999977,76.14285714285714,-23.85714285714286,2.8428571428571425,9.248977067190822,14.0,6.291666666666671
2020-09-29,0.0,8.4,17.9,79.0,1016.0,4.4,309.0,23.0,9.0,1.5,2.533333333333303,20.857142857142858,-21.571428571428573,7.628571428571429,-7.8613173811236265,0.0,-3.3333333333333286
2020-09-30,0.0,8.6,19.1,78.0,1015.1,5.0,316.0,36.0,7.0,-4.100000000000023,2.616666666666333,58.42857142857143,35.57142857142857,6.3428571428571425,-13.081230908223176,0.0,1.0833333333333286
2020-10-01,0.7,12.6,18.1,87.0,1008.6,4.2,40.0,77.0,10.0,-3.7000000000000455,2.5583333333332803,77.42857142857143,-4.571428571428569,3.5142857142857147,70.05595748507025,2.0,3.666666666666657
2020-10-02,10.9,13.6,16.8,94.0,1004.1,9.5,55.0,96.0,24.0,-1.8000000000000682,1.4291666666666742,96.14285714285714,-3.857142857142861,1.157142857142857,-11.424303277520721,15.0,-0.8333333333333428
2020-10-03,20.8,13.1,19.3,91.0,1000.3,11.4,79.0,79.0,20.0,-1.8000000000000682,1.3291666666667652,59.714285714285715,-40.142857142857146,2.1571428571428575,-155.11140533228735,16.0,-1.625
2020-10-04,4.5,10.2,17.7,80.0,1005.6,5.3,343.0,62.0,6.0,4.2000000000000455,6.191666666666606,85.71428571428571,30.999999999999993,4.857142857142857,46.04495507008721,7.0,6.291666666666657
2020-10-05,22.6,11.0,18.1,83.0,1008.5,6.2,90.0,62.0,10.0,4.199999999999932,2.8583333333333485,37.714285714285715,-26.714285714285715,5.071428571428571,-99.24286037427643,6.0,-4.541666666666657
2020-10-06,0.1,9.4,17.8,83.0,1013.3,4.8,31.0,54.0,9.0,-0.2999999999999545,1.8541666666667425,93.0,50.857142857142854,5.385714285714286,140.81541018792257,0.0,2.5
2020-10-07,0.6,11.3,18.6,84.0,1011.8,5.0,27.0,40.0,14.0,5.300000000000068,3.4166666666667425,14.0,-15.285714285714285,6.457142857142857,178.06053507270258,2.0,5.166666666666671
2020-10-08,0.0,8.5,19.6,71.0,1021.6,5.1,334.0,20.0,3.0,1.0,3.0249999999999773,27.428571428571427,6.285714285714285,9.257142857142856,91.31754958329861,0.0,5.583333333333329
2020-10-09,0.0,9.0,19.0,80.0,1022.5,5.0,317.0,77.0,4.0,-2.0,2.0333333333334167,98.85714285714286,45.00000000000001,5.828571428571428,-125.78941902049033,0.0,8.416666666666671
2020-10-10,0.5,12.2,18.9,84.0,1018.0,3.9,80.0,68.0,13.0,-2.599999999999909,1.887499999999818,74.28571428571429,32.85714285714286,5.514285714285713,127.2720206310949,1.0,5.25
2020-10-11,45.3,9.1,14.3,83.0,1013.5,10.5,359.0,100.0,24.0,-3.5,2.2208333333334167,100.0,0.0,3.357142857142857,16.552578390482665,24.0,-1.5
2020-10-12,2.0,7.4,17.4,64.0,1011.9,7.6,324.0,71.0,3.0,0.09999999999990905,0.9916666666669016,30.857142857142858,-68.28571428571428,9.857142857142858,171.59972718775327,3.0,-1.4166666666666714
2020-10-13,0.0,4.6,15.7,57.0,1009.4,8.7,304.0,7.0,0.0,-2.7000000000000455,2.2625000000000455,16.142857142857142,16.142857142857142,10.771428571428572,-130.220226501482,0.0,10.416666666666664
2020-10-14,0.0,4.8,15.0,68.0,1009.3,6.8,341.0,19.0,0.0,1.0,0.9833333333333485,26.857142857142858,26.857142857142858,8.842857142857143,112.59856612205095,0.0,9.958333333333343
2020-10-15,23.0,9.8,12.2,83.0,1007.3,9.6,1.0,100.0,20.0,1.1000000000000227,2.012500000000159,100.0,0.4285714285714306,2.857142857142857,25.55446671324256,22.0,5.208333333333329
2020-10-16,0.3,7.7,15.0,79.0,1011.7,4.8,302.0,90.0,8.0,1.5,2.191666666666606,97.71428571428571,25.285714285714278,7.485714285714287,-50.50453088495868,1.0,1.5416666666666714
2020-10-17,1.1,7.1,14.6,86.0,1015.4,5.0,41.0,46.0,11.0,1.3999999999999773,1.6125000000000682,38.42857142857143,-19.0,4.171428571428572,18.598456143162082,3.0,6.041666666666671
2020-10-18,0.4,7.6,15.9,83.0,1020.5,4.5,342.0,24.0,11.0,1.5,2.049999999999841,15.0,-11.428571428571427,6.114285714285715,-132.06182770892642,1.0,5.208333333333343
2020-10-19,0.3,7.2,15.1,84.0,1024.1,4.2,320.0,38.0,12.0,-0.5,0.9541666666665378,52.857142857142854,17.428571428571423,5.071428571428571,-168.04727204030416,1.0,2.25
2020-10-20,0.0,8.1,14.5,90.0,1024.9,3.4,32.0,69.0,16.0,0.0,0.7541666666668334,89.57142857142857,44.857142857142854,3.142857142857143,-116.13551165831996,0.0,-1.75
2020-10-21,0.0,9.7,14.6,90.0,1023.7,4.0,255.0,67.0,14.0,-0.39999999999997726,0.745833333333394,86.85714285714286,10.0,3.0714285714285716,-120.91162033594344,0.0,1.1666666666666714
2020-10-22,0.0,9.6,14.4,91.0,1023.7,3.9,43.0,75.0,15.0,0.10000000000002274,0.4375000000001137,95.57142857142857,23.0,2.485714285714286,8.412453696720661,0.0,-0.7083333333333286
2020-10-23,5.1,11.7,15.3,91.0,1020.9,3.5,33.0,99.0,18.0,-2.8999999999999773,2.7333333333333485,99.85714285714286,0.2857142857142918,2.028571428571429,-1.4921023172459513,9.0,4.458333333333343
2020-10-24,3.7,11.0,17.6,91.0,1016.2,3.2,40.0,69.0,18.0,-1.099999999999909,1.245833333333394,92.0,44.714285714285715,2.671428571428571,74.35564948852254,5.0,3.8333333333333286
2020-10-25,0.3,10.5,18.6,84.0,1014.4,6.9,289.0,28.0,8.0,-2.6000000000000227,1.9125000000002501,36.0,14.714285714285715,4.942857142857142,-84.07752715923198,1.0,3.833333333333343
2020-10-26,8.1,10.4,16.1,93.0,1009.2,5.5,56.0,77.0,20.0,-3.8999999999999773,3.2999999999999545,99.0,42.42857142857143,1.9285714285714288,7.585242550386255,9.0,-0.6666666666666714
2020-10-27,17.4,9.7,15.6,88.0,1008.4,4.3,78.0,64.0,17.0,5.800000000000068,4.116666666666674,24.714285714285715,-68.14285714285714,4.042857142857143,162.4528079726141,11.0,1.8333333333333428
2020-10-28,0.0,7.3,16.1,84.0,1016.8,6.6,313.0,43.0,10.0,1.400000000000091,1.8958333333332575,35.714285714285715,-44.857142857142854,5.857142857142857,-71.59695596013921,0.0,7.708333333333343
2020-10-29,0.0,6.8,16.2,80.0,1018.8,4.9,318.0,78.0,7.0,1.599999999999909,1.1958333333335531,54.857142857142854,-28.285714285714285,6.471428571428572,-35.76496573736773,0.0,10.833333333333329
2020-10-30,0.0,6.7,16.2,83.0,1023.3,4.1,308.0,58.0,8.0,0.6999999999999318,0.9833333333333485,72.57142857142857,46.71428571428571,5.128571428571429,-24.977174840998146,0.0,7.375
2020-10-31,0.0,6.1,16.2,87.0,1023.6,3.9,310.0,32.0,14.0,-2.199999999999932,1.4791666666664014,71.0,64.57142857142857,4.028571428571428,-70.01187357842684,0.0,3.625
2020-11-01,0.0,6.2,14.4,89.0,1022.2,4.0,322.0,59.0,16.0,-0.8000000000000682,0.8541666666667425,81.71428571428571,22.857142857142854,2.728571428571428,-19.638969561530473,0.0,4.875
2020-11-02,0.0,8.3,14.0,92.0,1023.3,3.2,6.0,73.0,17.0,1.0,0.9791666666668561,86.85714285714286,1.4285714285714306,2.5428571428571436,14.320516153370619,0.0,2.375
2020-11-03,0.0,10.2,15.6,89.0,1023.7,3.4,146.0,70.0,14.0,-1.0,0.8708333333332803,97.14285714285714,47.14285714285714,3.285714285714286,122.63418548166987,0.0,2.8333333333333286
2020-11-04,0.5,10.5,16.6,89.0,1023.3,4.3,18.0,85.0,11.0,2.2999999999999545,1.6291666666663787,99.42857142857143,30.14285714285714,2.842857142857144,33.927376853489704,1.0,-10.791666666666657
2020-11-05,0.0,11.9,17.1,79.0,1029.6,4.2,38.0,65.0,2.0,1.599999999999909,2.2458333333331666,27.285714285714285,-72.71428571428572,4.700000000000001,100.38988576229423,0.0,-6.916666666666671
2020-11-06,0.0,9.3,15.9,79.0,1032.1,3.4,14.0,16.0,4.0,-1.400000000000091,0.9750000000001364,0.0,-27.142857142857142,5.214285714285714,1.8912394847429823,0.0,12.291666666666657
2020-11-07,0.0,5.5,17.4,83.0,1029.8,4.7,327.0,0.0,11.0,-2.400000000000091,1.9375,0.0,0.0,5.685714285714285,-48.851623083723666,0.0,3.875
2020-11-08,0.0,4.4,14.6,80.0,1026.6,4.2,342.0,17.0,7.0,-2.800000000000182,1.966666666666697,42.142857142857146,36.28571428571429,6.742857142857143,1.3126621143060788,0.0,0.625
2020-11-09,0.0,4.2,15.2,84.0,1024.4,4.3,341.0,17.0,13.0,-0.599999999999909,1.0333333333334167,0.0,-56.142857142857146,5.385714285714286,1.966937520521526,0.0,3.5416666666666714
2020-11-10,0.0,3.5,15.6,81.0,1025.6,4.9,29.0,63.0,8.0,-0.09999999999990905,1.0125000000000455,89.14285714285714,23.14285714285714,5.471428571428572,109.99258877688692,0.0,-3.7916666666666714
2020-11-11,0.2,4.7,12.4,74.0,1026.5,5.8,43.0,36.0,0.0,-1.599999999999909,1.3500000000001364,23.428571428571427,1.1428571428571423,6.371428571428571,20.389832971896084,1.0,2.3333333333333286
2020-11-12,0.3,4.4,11.5,86.0,1025.4,4.0,357.0,30.0,11.0,-0.10000000000013642,0.787499999999909,25.285714285714285,5.857142857142858,3.728571428571428,55.13731027660731,1.0,6.958333333333343
2020-11-13,0.0,3.5,12.6,88.0,1025.8,4.2,313.0,16.0,15.0,-0.7999999999999545,0.9624999999998636,15.428571428571429,8.285714285714285,4.1,8.562529865272381,0.0,2.25
2020-11-14,0.0,5.4,12.5,85.0,1026.0,4.2,327.0,60.0,11.0,-1.0,0.9624999999998636,9.285714285714286,-86.28571428571428,4.342857142857143,-32.24667277235153,0.0,6.666666666666671
2020-11-15,0.0,2.2,12.1,86.0,1023.1,4.7,325.0,28.0,12.0,-1.8000000000000682,1.8833333333334394,68.42857142857143,67.28571428571429,4.128571428571429,80.06786849813278,0.0,2.833333333333343
2020-11-16,5.8,6.8,13.1,89.0,1018.4,3.3,330.0,66.0,16.0,-0.900000000000091,2.6958333333333258,23.571428571428573,-76.42857142857143,2.642857142857143,-95.9151854654967,6.0,-0.1666666666666572
2020-11-17,0.0,2.3,13.7,82.0,1026.7,4.8,318.0,20.0,11.0,4.699999999999818,4.329166666666538,49.0,45.285714285714285,6.514285714285715,51.42873422285294,0.0,2.6666666666666714
2020-11-18,0.0,3.7,15.5,76.0,1029.5,6.2,314.0,9.0,5.0,-1.7000000000000455,1.699999999999818,6.857142857142857,6.857142857142857,7.157142857142857,-35.262234912185704,0.0,5.458333333333343
2020-11-19,0.0,2.4,12.6,82.0,1023.7,3.8,331.0,5.0,8.0,-5.0,4.6083333333333485,1.1428571428571428,1.1428571428571428,5.957142857142857,4.852449561350284,0.0,3.8333333333333286
2020-11-20,1.0,4.4,12.3,70.0,1023.4,7.0,348.0,56.0,2.0,3.199999999999932,3.704166666666538,2.0,-85.28571428571429,5.442857142857142,52.40577794399013,2.0,-0.9166666666666714
2020-11-21,0.0,-1.8,9.3,56.0,1033.2,6.1,8.0,2.0,0.0,2.099999999999909,2.8416666666664696,2.7142857142857144,1.142857142857143,11.528571428571428,36.725266928472365,0.0,-2.0833333333333357
2020-11-22,0.0,-2.2,8.4,76.0,1032.1,4.5,310.0,26.0,0.0,-2.8999999999998636,2.020833333333485,21.285714285714285,-28.714285714285715,6.957142857142856,-3.963829639552557,0.0,9.041666666666657
2020-11-23,0.0,0.2,7.8,67.0,1028.9,3.7,347.0,67.0,0.0,-0.40000000000009095,0.8291666666666515,80.14285714285714,22.57142857142857,7.614285714285713,18.11439321916106,0.0,7.583333333333329
2020-11-24,0.0,-0.9,10.9,72.0,1028.0,5.0,341.0,11.0,0.0,-2.1000000000001364,1.820833333333212,0.0,-0.2857142857142857,7.128571428571429,10.446622547718675,0.0,2.0
2020-11-25,0.0,-1.5,10.0,76.0,1024.8,4.3,317.0,0.0,0.0,-0.7000000000000455,0.9208333333334622,0.0,0.0,6.9142857142857155,-23.141777412446686,0.0,-0.9166666666666572
2020-11-26,0.0,-1.1,10.3,80.0,1025.0,4.8,316.0,19.0,0.0,-1.1000000000001364,1.183333333333394,18.142857142857142,-8.571428571428573,5.785714285714285,-39.844099668012234,0.0,7.125
2020-11-27,0.0,-1.5,8.5,82.0,1023.4,4.0,326.0,9.0,0.0,-1.1000000000000227,0.8916666666665378,4.142857142857143,-2.0,4.8,-1.877130555814631,0.0,4.916666666666671
2020-11-28,0.0,-1.4,9.8,79.0,1019.8,4.9,326.0,31.0,0.0,-2.6000000000000227,1.933333333333394,50.0,46.0,5.2,6.444460751931842,0.0,0.9166666666666714
2020-11-29,0.0,2.2,8.9,75.0,1019.0,4.6,31.0,42.0,0.0,1.5,1.508333333333212,17.0,-32.285714285714285,5.357142857142857,59.60806060803904,0.0,1.4583333333333428
2020-11-30,0.0,-0.5,7.4,76.0,1024.2,5.1,16.0,11.0,0.0,0.7000000000000455,2.0166666666666515,18.142857142857142,16.142857142857142,5.514285714285713,52.010046072120986,0.0,-2.625
2020-12-01,0.0,-0.9,5.6,74.0,1018.9,5.0,40.0,67.0,3.0,-4.7000000000000455,3.1291666666667197,92.71428571428571,24.857142857142847,6.028571428571429,63.750052665824,0.0,-8.541666666666671
2020-12-02,12.0,1.7,4.1,81.0,1013.9,5.4,40.0,98.0,12.0,-2.5,3.3500000000000227,100.0,0.2857142857142918,1.4,-51.73153078491174,16.0,13.458333333333343
2020-12-03,6.4,1.5,5.6,93.0,1008.0,4.2,299.0,90.0,22.0,-0.8999999999999773,1.9041666666665833,79.14285714285714,-13.714285714285722,1.6428571428571423,-29.197510400123008,8.0,0.3333333333333286
2020-12-04,19.2,1.5,7.5,89.0,1003.2,7.9,33.0,87.0,20.0,-2.8999999999999773,3.675000000000068,100.0,6.571428571428569,2.6285714285714286,40.45287631076394,9.0,-1.4583333333333286
2020-12-05,63.4,7.2,13.1,93.0,1000.6,12.4,87.0,100.0,24.0,1.3999999999999773,1.6291666666664923,99.57142857142857,0.0,0.985714285714286,98.63466491194492,24.0,-2.5833333333333286
2020-12-06,52.7,8.7,11.7,90.0,999.2,10.9,44.0,100.0,21.0,-4.7999999999999545,3.329166666666538,100.0,0.0,1.8571428571428572,1.9194668163675601,23.0,-3.375
2020-12-07,8.3,3.7,8.9,91.0,1004.1,6.4,45.0,72.0,22.0,3.900000000000091,6.81666666666672,73.57142857142857,0.8571428571428612,2.585714285714286,-34.04947403112328,12.0,1.5833333333333428
2020-12-08,23.8,3.5,6.6,85.0,1004.4,11.2,12.0,94.0,15.0,-4.100000000000023,2.6333333333333258,100.0,0.8571428571428612,2.142857142857143,18.572391794461623,15.0,1.875
2020-12-09,22.4,5.7,8.8,84.0,1002.1,8.8,20.0,99.0,15.0,2.6000000000000227,2.8041666666666742,100.0,0.0,2.7,55.9642364275235,18.0,1.625
2020-12-10,0.0,3.3,8.8,86.0,1005.5,3.9,360.0,62.0,11.0,0.900000000000091,1.1583333333335304,71.28571428571429,20.428571428571438,3.7428571428571433,88.9317378470846,0.0,0.2916666666666714
2020-12-11,0.0,0.6,8.1,84.0,1005.9,3.5,324.0,60.0,10.0,-3.1000000000000227,2.8124999999998863,87.0,45.42857142857143,5.285714285714286,-42.20841265754001,0.0,-0.375
2020-12-12,0.3,2.3,8.7,83.0,1002.2,4.3,323.0,88.0,10.0,1.3999999999999773,1.4249999999996135,95.28571428571429,6.0,5.342857142857142,-14.223559385704164,1.0,6.541666666666657
2020-12-13,0.0,-1.4,10.8,83.0,1010.1,5.2,322.0,10.0,8.0,4.899999999999977,4.437499999999773,0.0,-6.857142857142857,5.1000000000000005,66.59110456544357,0.0,3.75
2020-12-14,0.0,-1.4,11.8,78.0,1018.2,5.7,326.0,27.0,1.0,2.099999999999909,2.545833333333235,58.714285714285715,58.714285714285715,6.271428571428572,-3.5591429330924598,0.0,8.875
2020-12-15,0.0,-1.2,7.2,78.0,1020.2,4.9,323.0,77.0,0.0,1.2000000000000455,1.283333333333303,77.28571428571429,-22.57142857142857,4.414285714285714,-31.116467146866682,0.0,5.416666666666657
2020-12-16,0.2,0.7,8.8,83.0,1023.3,3.6,332.0,55.0,6.0,1.599999999999909,1.833333333333485,11.857142857142858,-81.42857142857143,3.7428571428571433,25.805764351387666,1.0,6.833333333333329
2020-12-17,0.0,0.6,9.0,89.0,1026.2,4.1,336.0,43.0,17.0,1.2000000000000455,0.9458333333332121,72.28571428571429,45.85714285714286,3.3714285714285714,40.845369168670175,0.0,4.416666666666671
2020-12-18,0.0,-0.4,12.1,76.0,1027.8,7.4,323.0,17.0,5.0,-0.7000000000000455,0.8875000000000455,21.857142857142858,13.285714285714286,6.628571428571428,-38.76658084662154,0.0,2.375
2020-12-19,0.0,1.6,9.7,72.0,1026.4,5.6,329.0,60.0,0.0,-0.5,0.7541666666668334,74.42857142857143,12.714285714285715,5.685714285714285,-46.91577901373978,0.0,8.791666666666657
2020-12-20,0.0,1.9,10.0,76.0,1025.8,6.1,324.0,75.0,3.0,-0.6000000000001364,0.849999999999909,80.0,-4.285714285714292,4.8,-46.5003887236183,0.0,11.541666666666671
2020-12-21,0.1,1.4,9.7,87.0,1026.7,4.9,316.0,74.0,10.0,0.1999999999998181,0.46666666666624224,95.0,38.0,3.2142857142857144,-51.508616576147574,0.0,5.75
2020-12-22,0.0,3.3,8.7,90.0,1025.5,3.8,331.0,94.0,15.0,-0.20000000000004547,0.620833333333394,97.14285714285714,3.857142857142847,2.1857142857142855,-37.53824147949638,0.0,2.291666666666657
2020-12-23,0.0,3.2,8.7,88.0,1024.7,4.5,340.0,91.0,9.0,-2.2999999999999545,2.654166666666697,98.57142857142857,9.714285714285708,2.142857142857143,46.88357215852244,0.0,7.916666666666657
2020-12-24,3.1,5.0,7.8,92.0,1015.0,4.0,347.0,98.0,18.0,-7.5,5.183333333333508,95.0,-5.0,1.1857142857142857,-6.579561999888369,6.0,3.958333333333343
2020-12-25,7.6,3.7,7.9,90.0,1010.3,6.5,7.0,86.0,20.0,2.0,1.8624999999999545,97.28571428571429,32.0,2.2857142857142856,83.49191548822796,10.0,-1.0833333333333286
2020-12-26,0.0,-1.5,8.2,75.0,1017.6,4.6,24.0,24.0,1.0,4.5,3.0958333333334167,0.2857142857142857,-6.714285714285714,7.4142857142857155,130.45637074788476,0.0,-7.625
2020-12-27,0.0,-5.7,4.9,70.0,1012.0,5.1,296.0,20.0,0.0,-11.100000000000023,9.28333333333319,36.857142857142854,36.857142857142854,9.114285714285714,-38.94684308826453,0.0,3.5
2020-12-28,30.7,-2.2,3.3,86.0,992.1,7.7,2.0,96.0,18.0,-13.700000000000045,8.366666666666447,98.71428571428571,-1.2857142857142918,1.2142857142857142,-46.955829414110895,14.0,6.791666666666671
2020-12-29,2.4,-2.2,5.6,92.0,997.4,5.9,338.0,99.0,20.0,4.399999999999977,7.908333333333303,99.0,1.5714285714285694,2.642857142857143,-14.502940417835248,5.0,0.9166666666666572
2020-12-30,1.7,-0.3,7.5,88.0,1004.0,5.1,330.0,84.0,13.0,3.3999999999999773,2.574999999999932,94.0,30.57142857142857,3.5571428571428574,35.15198094853213,6.0,2.708333333333343
2020-12-31,1.2,0.1,8.5,81.0,1009.5,7.7,317.0,42.0,6.0,1.8999999999999773,1.8916666666666515,16.0,-28.714285714285715,5.771428571428572,-67.65004012149069,3.0,8.125
2021-01-01,7.1,0.6,6.1,81.0,1011.2,7.9,335.0,94.0,9.0,-0.1999999999999318,0.9249999999999545,100.0,0.7142857142857082,3.142857142857143,-1.2948670738982742,9.0,8.75
2021-01-02,30.0,4.2,6.2,87.0,1009.0,10.6,346.0,100.0,19.0,-3.199999999999932,2.2833333333334167,99.28571428571429,-0.4285714285714164,2.057142857142857,6.451264581289877,17.0,-3.1666666666666714
2021-01-03,4.6,3.4,9.4,87.0,1009.5,5.8,10.0,60.0,17.0,2.300000000000068,2.2083333333333712,61.0,11.142857142857146,3.2571428571428567,42.88092910374371,8.0,4.25
2021-01-04,0.1,0.6,6.9,83.0,1011.2,5.2,327.0,83.0,7.0,-0.20000000000004547,0.6708333333334622,60.857142857142854,-37.714285714285715,4.985714285714286,-7.268637737923825,0.0,4.5
2021-01-05,7.2,-0.2,6.5,82.0,1010.0,7.6,342.0,87.0,8.0,-2.099999999999909,1.8999999999999773,99.28571428571429,21.571428571428584,3.4857142857142853,35.453216040025495,9.0,8.416666666666671
2021-01-06,3.2,0.6,6.1,88.0,1009.9,4.9,322.0,85.0,13.0,2.7999999999999545,1.8666666666666742,62.857142857142854,-26.285714285714285,2.6857142857142855,-19.501047217510006,7.0,5.5
2021-01-07,0.1,-1.0,5.8,89.0,1014.6,3.9,327.0,49.0,15.0,0.6999999999999318,1.3749999999997726,73.71428571428571,70.71428571428571,3.628571428571429,-64.67407257045716,0.0,1.7916666666666572
2021-01-08,0.0,-3.5,7.4,67.0,1014.0,7.6,329.0,27.0,1.0,2.1000000000000227,1.7041666666667652,1.7142857142857142,-10.857142857142858,8.928571428571429,80.9907441056622,0.0,4.541666666666671
2021-01-09,0.0,-4.2,5.1,58.0,1018.7,8.5,330.0,87.0,0.0,-0.20000000000004547,0.8583333333332348,99.0,2.4285714285714306,8.700000000000001,15.345212238770046,0.0,5.5
2021-01-10,0.0,-4.9,5.5,57.0,1019.3,8.1,341.0,63.0,0.0,-1.6000000000000227,1.5583333333332803,45.857142857142854,-26.000000000000007,8.385714285714286,16.744187121356276,0.0,9.375
2021-01-11,0.0,-4.7,4.3,56.0,1019.7,6.8,319.0,8.0,0.0,0.5,1.166666666666515,2.2857142857142856,-24.42857142857143,8.857142857142858,-10.93931624328792,0.0,13.541666666666671
2021-01-12,0.0,-5.7,2.2,53.0,1016.8,6.0,321.0,49.0,0.0,-4.699999999999932,4.154166666666697,68.57142857142857,-3.857142857142861,8.4,-60.006703908004624,0.0,9.208333333333329
2021-01-13,0.0,-5.1,8.4,56.0,1014.2,7.4,327.0,2.0,0.0,3.0,2.0874999999999773,3.142857142857143,3.142857142857143,11.9,20.03264225521076,0.0,15.749999999999993
2021-01-14,0.0,-3.5,7.0,63.0,1012.0,7.6,329.0,33.0,0.0,3.0,2.8083333333332803,68.57142857142857,58.42857142857143,6.728571428571428,-39.15811487160681,0.0,8.708333333333336
2021-01-15,0.0,-1.5,4.8,66.0,1018.4,5.1,5.0,62.0,0.0,1.0,1.316666666666606,12.0,-85.14285714285714,8.614285714285714,34.58664390486541,0.0,3.5416666666666714
2021-01-16,0.0,-4.8,4.9,67.0,1021.8,6.1,315.0,26.0,0.0,-1.2999999999999545,1.3333333333331439,58.57142857142857,55.42857142857142,8.914285714285715,58.33064799598009,0.0,14.125
2021-01-17,0.0,-3.4,3.8,61.0,1017.5,4.7,341.0,90.0,0.0,-0.10000000000002274,2.1666666666667425,87.57142857142857,-10.142857142857139,8.77142857142857,28.296592742745588,0.0,4.375000000000007
2021-01-18,0.0,-4.9,5.2,71.0,1023.9,4.9,340.0,18.0,3.0,1.1000000000001364,2.6416666666666515,0.0,-60.857142857142854,5.242857142857143,62.49174907623046,0.0,19.208333333333343
2021-01-19,0.0,-4.0,3.7,60.0,1025.1,5.3,335.0,52.0,0.0,-2.1000000000000227,1.5874999999996362,56.857142857142854,-15.857142857142854,8.814285714285715,-2.733958933671204,0.0,8.583333333333336
2021-01-20,0.4,-3.6,3.1,59.0,1022.1,5.0,332.0,84.0,0.0,-2.0,2.5708333333333258,100.0,30.14285714285714,8.485714285714286,-11.017653730701227,0.0,13.541666666666664
2021-01-21,1.6,0.2,7.2,87.0,1016.3,3.1,4.0,92.0,8.0,-2.199999999999932,2.9416666666667197,100.0,14.42857142857143,2.0142857142857142,53.30035455099306,4.0,6.041666666666657
2021-01-22,35.4,4.0,7.5,94.0,1005.2,5.9,4.0,99.0,24.0,-5.600000000000023,8.14583333333303,100.0,0.0,0.8714285714285717,41.89759823659443,22.0,-1.7083333333333286
2021-01-23,29.5,1.7,8.6,93.0,995.8,8.8,42.0,92.0,24.0,2.6000000000000227,2.4708333333334167,87.57142857142857,-12.42857142857143,1.3,-68.46555548300125,19.0,1.3333333333333286
2021-01-24,0.0,-2.4,9.0,85.0,997.8,5.1,325.0,58.0,12.0,0.7999999999999545,0.9125000000000227,52.857142857142854,-23.571428571428577,4.928571428571429,-39.201685546432145,0.0,-1.2916666666666714
2021-01-25,0.1,-3.8,6.5,63.0,1002.1,7.7,337.0,90.0,0.0,0.8000000000000682,1.2374999999999545,96.71428571428571,-1.7142857142857224,5.6,-40.49193384323797,0.0,15.208333333333336
2021-01-26,0.0,-3.3,7.8,64.0,1013.8,7.5,328.0,23.0,0.0,4.199999999999932,6.262500000000273,6.428571428571429,6.428571428571429,6.814285714285715,14.62551417547354,0.0,6.375000000000007
2021-01-27,0.0,-3.4,5.3,55.0,1017.1,9.0,327.0,55.0,0.0,-1.0,1.208333333333485,64.71428571428571,-0.142857142857153,7.842857142857143,-4.367516470619137,0.0,11.458333333333336
2021-01-28,0.0,-3.9,3.8,62.0,1013.9,5.5,328.0,45.0,0.0,-3.699999999999932,3.3999999999999773,33.57142857142857,-38.71428571428572,8.457142857142857,-30.208359727315155,0.0,8.041666666666671
2021-01-29,0.2,-4.0,6.5,72.0,1006.6,4.9,319.0,70.0,0.0,-7.0,4.137499999999932,64.71428571428571,-34.42857142857143,7.671428571428572,-57.14450160858985,1.0,8.291666666666657
2021-01-30,0.3,-2.7,5.1,85.0,1002.5,5.0,356.0,61.0,6.0,-2.7000000000000455,3.1916666666664923,98.71428571428571,46.28571428571428,2.642857142857143,62.91836430612409,1.0,7.583333333333329
2021-01-31,19.7,2.5,8.9,83.0,998.2,7.6,350.0,79.0,10.0,3.3999999999999773,2.733333333333235,48.142857142857146,-51.857142857142854,2.457142857142857,98.03472245231171,13.0,-12.0
2021-02-01,0.1,1.1,7.2,82.0,1001.1,3.2,356.0,81.0,8.0,1.2000000000000455,1.0958333333334167,83.14285714285714,-6.0,4.700000000000001,11.945687267104717,0.0,6.875
2021-02-02,0.1,1.0,9.3,83.0,1010.9,3.6,312.0,49.0,8.0,4.2000000000000455,5.929166666666447,47.57142857142857,9.428571428571423,4.771428571428572,-49.13211397970588,0.0,4.041666666666671
2021-02-03,0.2,4.0,6.9,89.0,1014.7,2.9,344.0,78.0,13.0,-2.2000000000000455,1.5083333333334394,98.57142857142857,24.285714285714278,2.2714285714285714,-85.47136736799473,0.0,3.875
2021-02-04,0.0,1.9,9.1,92.0,1016.9,4.0,6.0,56.0,18.0,4.2999999999999545,3.345833333333303,98.85714285714286,76.71428571428572,1.7714285714285718,-26.427536508061962,0.0,5.125
2021-02-05,0.0,5.4,10.5,88.0,1018.2,2.3,290.0,87.0,14.0,-1.099999999999909,0.9708333333334167,91.14285714285714,4.285714285714278,3.1714285714285717,128.2411766014501,0.0,2.625
2021-02-06,0.0,7.2,10.0,90.0,1014.5,2.5,10.0,90.0,16.0,-3.3999999999999773,3.391666666666424,95.71428571428571,14.857142857142847,2.671428571428571,145.29301427093515,0.0,4.041666666666671
2021-02-07,16.8,7.3,11.4,94.0,1001.5,6.7,28.0,95.0,24.0,-11.100000000000023,7.7374999999999545,95.28571428571429,-4.571428571428569,1.0428571428571423,48.13425326428825,20.0,2.125
2021-02-08,8.2,5.9,9.9,89.0,994.2,5.2,36.0,73.0,13.0,4.0,2.41250000000025,59.285714285714285,-24.714285714285715,3.5142857142857133,-0.965264802878778,9.0,-1.2916666666666714
2021-02-09,1.5,5.6,11.2,85.0,999.4,5.3,312.0,86.0,9.0,2.2000000000000455,1.5416666666669698,61.42857142857143,-38.28571428571428,4.328571428571428,-61.92728808281015,4.0,3.375
2021-02-10,19.2,5.8,10.1,92.0,1000.1,5.5,18.0,98.0,22.0,-3.1000000000000227,2.6875000000001137,94.71428571428571,-5.285714285714292,1.9142857142857141,-31.746926666148653,16.0,1.2083333333333286
2021-02-11,1.4,1.4,7.4,79.0,1012.4,7.8,79.0,63.0,11.0,10.599999999999909,10.362499999999727,53.714285714285715,-25.142857142857146,3.8142857142857136,94.6601349916537,4.0,-25.250000000000007
2021-02-12,0.0,-2.0,1.7,47.0,1026.9,9.5,78.0,79.0,0.0,0.2999999999999545,3.0666666666668334,77.57142857142857,0.4285714285714306,10.485714285714286,19.444641120475012,0.0,-1.6666666666666643
2021-02-13,0.0,-6.2,2.7,47.0,1031.3,9.0,78.0,28.0,0.0,1.800000000000182,2.362500000000182,0.0,-25.428571428571427,12.77142857142857,3.624641719393537,0.0,7.958333333333336
2021-02-14,0.0,-7.0,5.9,47.0,1037.3,8.2,293.0,0.0,0.0,0.20000000000004547,1.633333333333212,1.5714285714285714,1.5714285714285714,12.785714285714283,-71.4529463762523,0.0,5.75
2021-02-15,0.0,-6.1,5.1,57.0,1037.9,6.3,319.0,30.0,0.0,-4.199999999999818,3.962500000000091,53.857142857142854,46.857142857142854,10.085714285714285,-98.65135162150241,0.0,11.208333333333336
2021-02-16,0.0,-3.6,4.8,71.0,1028.4,4.0,11.0,55.0,0.0,-3.900000000000091,3.5166666666666515,79.28571428571429,51.85714285714286,6.342857142857142,73.82293054846514,0.0,10.125
2021-02-17,0.0,-2.3,9.0,76.0,1022.7,4.3,357.0,22.0,1.0,-0.20000000000004547,1.0249999999998636,11.0,-24.0,7.014285714285714,120.72383028031464,0.0,7.375
2021-02-18,0.0,-1.5,9.0,85.0,1024.0,3.9,349.0,42.0,9.0,-0.7999999999999545,0.9083333333334167,52.714285714285715,20.142857142857146,4.2,79.88295591434877,0.0,1.4583333333333286
2021-02-19,0.0,5.6,9.7,81.0,1024.4,4.1,41.0,96.0,0.0,0.900000000000091,0.9208333333333485,91.42857142857143,-8.285714285714278,4.385714285714285,-3.5442328197034385,0.0,1.8333333333333428
2021-02-20,0.1,4.7,11.1,83.0,1026.0,3.3,356.0,59.0,4.0,0.09999999999990905,0.6958333333332121,35.285714285714285,-28.57142857142857,4.685714285714285,-152.67602408805877,0.0,2.75
2021-02-21,0.0,5.3,11.3,83.0,1027.6,3.3,27.0,63.0,8.0,0.09999999999990905,0.716666666666697,43.285714285714285,-49.00000000000001,4.842857142857143,123.8992355920389,0.0,1.25
2021-02-22,0.0,3.9,12.3,83.0,1031.0,4.8,257.0,36.0,6.0,1.8999999999998636,1.9166666666667425,45.142857142857146,25.28571428571429,4.971428571428572,-93.27153430060227,0.0,4.75
2021-02-23,0.0,5.8,12.9,90.0,1035.7,4.1,315.0,32.0,14.0,0.40000000000009095,1.5541666666665606,1.0,-36.142857142857146,2.842857142857143,-168.99894019575197,0.0,2.5416666666666714
2021-02-24,0.0,3.3,21.6,59.0,1034.9,7.6,320.0,0.0,0.0,-3.5,2.3125000000002274,0.0,0.0,12.757142857142858,-83.77929658978042,0.0,11.791666666666664
2021-02-25,0.0,6.1,20.0,56.0,1031.6,8.5,323.0,0.0,0.0,-2.400000000000091,1.7541666666668334,0.0,0.0,11.899999999999997,-71.97206567126136,0.0,11.916666666666664
2021-02-26,0.0,4.3,18.1,61.0,1027.8,6.9,317.0,0.0,0.0,-4.599999999999909,3.3333333333332575,0.0,0.0,11.028571428571428,-70.20576373345313,0.0,13.291666666666671
2021-02-27,0.0,4.0,18.0,64.0,1026.4,7.9,23.0,39.0,2.0,3.8999999999999773,3.108333333333121,27.285714285714285,-37.857142857142854,9.12857142857143,94.86082050064334,0.0,1.9583333333333286
2021-02-28,0.0,2.0,12.0,65.0,1033.2,6.2,44.0,5.0,0.0,-2.7999999999999545,2.0625000000002274,0.0,-11.571428571428571,10.614285714285712,-149.73836526466334,0.0,6.166666666666657
2021-03-01,0.0,-1.3,14.9,62.0,1031.3,6.2,321.0,0.0,1.0,-1.5,1.6083333333333485,0.0,0.0,12.742857142857144,-84.89586934661358,0.0,-5.333333333333336
2021-03-02,0.0,-0.6,14.5,65.0,1034.1,6.0,337.0,0.0,1.0,-1.199999999999818,1.2208333333330756,0.0,0.0,10.357142857142856,-108.6470511568657,0.0,11.541666666666671
2021-03-03,0.0,-1.0,14.9,73.0,1031.5,6.2,296.0,30.0,3.0,-4.0,2.8875000000000455,67.42857142857143,64.42857142857143,9.228571428571428,-79.96207408490619,0.0,-0.2083333333333428
2021-03-04,0.0,1.2,12.0,76.0,1023.4,5.1,23.0,75.0,0.0,-6.100000000000023,4.529166666666811,79.0,9.57142857142857,6.514285714285714,104.19377174566932,0.0,2.416666666666657
2021-03-05,3.6,4.6,12.5,81.0,1017.5,4.8,34.0,50.0,8.0,-0.20000000000004547,1.6124999999999545,41.42857142857143,16.142857142857146,6.228571428571429,14.262664473093139,4.0,2.9583333333333286
2021-03-06,0.9,2.3,8.6,71.0,1029.1,8.9,77.0,52.0,3.0,1.2000000000000455,5.7916666666667425,43.57142857142857,-4.0,7.957142857142856,-3.2222836824042247,2.0,-1.375
2021-03-07,0.0,1.2,9.1,60.0,1025.6,5.0,255.0,40.0,0.0,-6.999999999999886,4.783333333333303,18.571428571428573,-47.28571428571429,9.485714285714286,-62.89304707637942,0.0,12.124999999999993
2021-03-08,0.0,-0.2,11.0,76.0,1018.3,3.6,335.0,7.0,4.0,-2.6000000000000227,2.291666666666856,8.857142857142858,5.857142857142858,7.257142857142858,117.32957316790294,0.0,0.7916666666666714
2021-03-09,0.4,0.9,11.2,67.0,1016.4,8.0,39.0,34.0,2.0,-3.7999999999999545,2.8333333333332575,57.142857142857146,53.0,9.914285714285715,-5.008945623969851,0.0,3.25
2021-03-10,0.0,1.3,12.0,69.0,1018.1,6.5,212.0,16.0,2.0,0.6000000000000227,1.8791666666664923,13.428571428571429,13.285714285714286,10.614285714285716,-89.99466659097385,0.0,0.9583333333333286
2021-03-11,0.0,2.0,10.5,72.0,1019.2,5.0,31.0,81.0,0.0,-2.800000000000068,4.149999999999977,99.28571428571429,9.42857142857143,6.442857142857143,43.77858897261041,0.0,1.2916666666666714
2021-03-12,0.0,4.3,12.4,78.0,1013.2,4.7,28.0,70.0,3.0,-2.0,2.0458333333333485,85.71428571428571,34.99999999999999,6.385714285714285,24.143181101346755,0.0,3.875
2021-03-13,0.4,2.6,12.9,82.0,1013.0,5.6,312.0,56.0,9.0,-3.2000000000000455,3.495833333333394,91.42857142857143,34.57142857142858,6.171428571428572,-159.17329069575595,1.0,5.083333333333329
2021-03-14,3.7,2.5,10.1,85.0,1007.7,7.2,29.0,69.0,15.0,4.7999999999999545,2.7875000000001364,87.85714285714286,-5.714285714285708,4.857142857142857,58.08592576208332,6.0,-3.7083333333333286
2021-03-15,0.0,-1.4,12.1,67.0,1010.5,6.5,300.0,39.0,0.0,-3.1000000000000227,2.0541666666665606,53.57142857142857,14.285714285714285,9.528571428571428,-97.926378764227,0.0,5.083333333333329
2021-03-16,0.0,0.6,13.6,45.0,1013.9,11.9,336.0,18.0,0.0,3.3999999999999773,3.2958333333333485,8.857142857142858,-8.428571428571427,18.614285714285717,18.864247610339646,0.0,-4.916666666666664
2021-03-17,0.2,-0.7,12.8,53.0,1017.0,8.2,339.0,22.0,0.0,-1.5,2.0583333333331666,36.0,18.428571428571427,13.185714285714285,67.66809032420622,1.0,11.041666666666671
2021-03-18,0.2,-1.7,10.2,60.0,1018.2,5.8,338.0,28.0,0.0,-2.7999999999999545,2.0000000000001137,51.0,34.85714285714286,14.928571428571429,176.62985095597264,0.0,1.0416666666666643
2021-03-19,0.0,-2.1,9.1,68.0,1016.7,6.3,324.0,58.0,2.0,-0.5,1.2541666666668334,86.42857142857143,61.57142857142857,10.014285714285716,-97.82380947650583,0.0,2.9166666666666714
2021-03-20,0.8,-0.7,9.3,58.0,1019.1,9.6,20.0,39.0,1.0,0.7000000000000455,1.0916666666668107,47.57142857142857,26.428571428571427,12.571428571428571,39.28721673684788,1.0,-2.9583333333333286
2021-03-21,0.0,-5.1,8.1,49.0,1016.9,6.2,340.0,21.0,0.0,-7.899999999999977,5.2708333333332575,31.428571428571427,13.714285714285712,15.057142857142859,-128.36929322333447,0.0,6.083333333333336
2021-03-22,0.0,-3.1,12.8,60.0,1013.3,5.5,298.0,31.0,0.0,1.2000000000000455,1.6083333333334622,22.285714285714285,-40.714285714285715,14.671428571428573,-144.90489033196437,0.0,2.9166666666666643
2021-03-23,0.0,0.7,12.6,57.0,1022.0,8.1,262.0,22.0,0.0,-1.1999999999999318,2.5958333333335304,9.0,-21.714285714285715,11.542857142857144,-50.55805248036398,0.0,4.958333333333336
2021-03-24,0.0,0.1,13.7,67.0,1023.1,6.1,310.0,0.0,0.0,-2.7999999999999545,2.0833333333333712,0.0,-0.14285714285714285,11.4,-148.6985085080497,0.0,3.9166666666666714
2021-03-25,0.0,0.9,15.3,72.0,1022.4,5.2,295.0,27.0,0.0,-2.2000000000000455,2.0166666666666515,66.14285714285714,63.57142857142857,9.185714285714285,175.12350906404998,0.0,5.041666666666657
2021-03-26,0.0,1.4,16.3,72.0,1023.8,5.6,231.0,15.0,3.0,-0.5,0.9541666666667652,18.285714285714285,18.285714285714285,9.285714285714286,-97.22522473678711,0.0,-1.625
2021-03-27,0.1,5.9,15.2,78.0,1024.6,6.6,66.0,71.0,5.0,-0.5,1.091666666666697,72.0,11.0,7.528571428571428,153.0415608131603,0.0,4.583333333333329
2021-03-28,0.7,7.2,15.1,85.0,1030.5,6.9,61.0,67.0,13.0,1.3999999999998636,2.474999999999909,83.14285714285714,24.428571428571423,5.442857142857143,48.53612489111248,2.0,1.6666666666666714
2021-03-29,0.0,7.5,17.9,80.0,1032.9,4.0,281.0,72.0,9.0,-1.7000000000000455,1.654166666666697,67.57142857142857,6.571428571428569,7.242857142857142,-124.30562622011308,0.0,-3.041666666666657
2021-03-30,0.0,5.7,21.7,71.0,1030.7,6.3,297.0,8.0,5.0,-3.7000000000000455,2.6208333333336213,4.142857142857143,0.14285714285714324,11.357142857142858,-94.50643845982052,0.0,3.7083333333333286
2021-03-31,0.0,7.7,22.8,65.0,1025.2,7.2,297.0,0.0,0.0,-5.199999999999932,3.445833333333212,0.0,0.0,13.200000000000001,-102.90178159226039,0.0,5.666666666666671
2021-04-01,0.0,8.8,22.6,67.0,1018.0,6.1,344.0,10.0,0.0,-5.100000000000023,3.537499999999909,15.0,6.2857142857142865,10.842857142857142,140.93321918915387,0.0,6.208333333333329
2021-04-02,0.9,8.5,22.2,69.0,1012.8,6.3,37.0,26.0,1.0,-4.0,3.300000000000068,19.285714285714285,-29.285714285714285,11.228571428571428,136.8380220109799,1.0,10.833333333333329
2021-04-03,7.3,8.1,16.4,67.0,1013.1,8.6,91.0,40.0,6.0,3.699999999999932,3.554166666666788,56.0,23.57142857142857,12.071428571428571,65.04539891809384,3.0,-11.916666666666664
2021-04-04,0.2,5.5,13.4,65.0,1019.1,6.3,219.0,34.0,2.0,-1.5,1.2875000000000227,14.285714285714286,-24.714285714285715,11.799999999999999,141.72886002562456,1.0,-1.4583333333333286
2021-04-05,0.0,4.4,14.1,62.0,1013.4,8.9,238.0,44.0,0.0,-8.899999999999977,7.079166666666765,80.85714285714286,77.0,10.799999999999999,-99.13569004880819,0.0,8.166666666666664
2021-04-06,5.1,1.8,8.5,71.0,1006.0,10.7,80.0,75.0,4.0,5.5,3.9458333333334394,78.71428571428571,-12.285714285714292,8.271428571428572,37.86413809425528,5.0,-7.208333333333329
2021-04-07,0.1,-1.4,10.5,44.0,1014.2,8.1,342.0,48.0,0.0,6.2000000000000455,4.1124999999999545,36.57142857142857,-47.71428571428572,21.685714285714283,-62.47092165152952,0.0,-21.000000000000004
2021-04-08,0.0,-2.5,12.8,47.0,1023.9,7.3,104.0,5.0,0.0,0.0,2.1208333333335077,5.571428571428571,5.428571428571428,16.72857142857143,120.0411079429914,0.0,8.75
2021-04-09,0.0,1.9,13.3,60.0,1026.1,6.8,23.0,40.0,0.0,-2.900000000000091,2.1124999999999545,86.42857142857143,71.42857142857143,10.557142857142859,173.1157931287396,0.0,12.916666666666664
2021-04-10,0.2,5.8,16.1,74.0,1022.3,5.4,156.0,78.0,2.0,-1.5,1.5749999999999318,93.85714285714286,21.85714285714286,9.714285714285714,110.83733072693434,0.0,6.333333333333343
2021-04-11,20.0,8.4,10.9,92.0,1019.8,4.2,52.0,98.0,24.0,0.09999999999990905,0.779166666666697,100.0,0.0,1.8714285714285714,60.58230096139775,18.0,2.5
2021-04-12,41.3,7.8,12.4,91.0,1016.9,7.4,32.0,100.0,24.0,-2.400000000000091,1.8208333333330984,100.0,0.0,1.285714285714286,55.28282688535819,22.0,-2.625
2021-04-13,25.0,3.1,10.2,82.0,1020.0,9.3,322.0,85.0,13.0,3.300000000000068,3.8041666666665606,78.28571428571429,-21.57142857142857,3.9285714285714284,117.77897782410986,14.0,-3.708333333333343
2021-04-14,0.0,0.5,12.6,53.0,1023.2,8.7,331.0,12.0,0.0,-2.0,1.7916666666667425,34.857142857142854,34.857142857142854,17.07142857142857,-177.30592809546386,0.0,0.0416666666666643
2021-04-15,0.7,2.7,11.5,69.0,1023.0,5.9,19.0,50.0,2.0,-2.2999999999999545,2.1541666666665833,54.142857142857146,0.7142857142857153,8.628571428571428,-111.79060656410297,1.0,8.75
2021-04-16,0.0,1.2,13.0,62.0,1020.5,7.9,328.0,4.0,2.0,-2.8999999999999773,2.170833333333462,6.142857142857143,3.714285714285715,12.5,166.27361285216335,0.0,0.2916666666666714
2021-04-17,0.0,2.3,13.8,60.0,1017.3,6.7,41.0,60.0,0.0,-3.8999999999999773,3.0958333333331893,70.42857142857143,-12.714285714285708,11.828571428571427,104.06404197875759,0.0,6.666666666666664
2021-04-18,0.3,3.6,13.4,69.0,1016.8,6.3,18.0,75.0,1.0,0.2999999999999545,0.6541666666664696,92.57142857142857,30.857142857142854,9.914285714285713,138.90491078811795,1.0,1.125
2021-04-19,0.6,5.9,14.5,68.0,1016.0,6.5,308.0,81.0,0.0,-2.7000000000000455,2.133333333333212,68.14285714285714,-13.42857142857143,10.285714285714286,3.2138238694536767,3.0,-2.916666666666657
2021-04-20,2.0,3.7,16.3,75.0,1015.3,5.3,37.0,55.0,6.0,-0.7000000000000455,1.5375000000000227,59.857142857142854,2.0,8.185714285714285,40.67968474716838,3.0,6.75
2021-04-21,5.3,5.4,17.0,83.0,1017.7,5.8,34.0,38.0,12.0,-0.09999999999990905,0.7833333333335304,80.71428571428571,75.85714285714285,5.1000000000000005,43.25670226705654,2.0,5.666666666666657
2021-04-22,0.8,6.3,16.2,80.0,1019.4,5.2,100.0,35.0,8.0,-1.2999999999999545,1.4458333333335531,49.42857142857143,16.142857142857146,6.557142857142858,116.66092131137674,2.0,3.5833333333333286
2021-04-23,0.2,8.0,17.5,77.0,1022.6,5.0,11.0,24.0,7.0,-0.599999999999909,1.5500000000000682,24.0,-6.571428571428573,7.914285714285713,-161.37817195031607,0.0,-1.2083333333333428
2021-04-24,0.0,6.8,19.0,74.0,1022.2,6.0,260.0,23.0,4.0,-4.400000000000091,3.1041666666667425,43.714285714285715,25.42857142857143,9.257142857142856,-175.93270150849423,0.0,3.75
2021-04-25,0.0,9.3,20.8,70.0,1017.1,5.4,243.0,30.0,0.0,-3.5,2.7041666666666515,16.428571428571427,-7.428571428571431,11.214285714285714,-97.1931466630825,0.0,1.5833333333333286
2021-04-26,0.6,10.0,15.1,66.0,1015.3,9.7,71.0,99.0,0.0,-2.800000000000068,2.408333333333303,99.42857142857143,0.5714285714285694,9.285714285714286,1.351310412516824,2.0,8.208333333333329
2021-04-27,0.0,8.4,14.3,71.0,1010.2,7.3,73.0,73.0,0.0,-0.8999999999999773,1.4291666666669016,37.285714285714285,-61.142857142857146,7.457142857142857,8.716677123413831,0.0,-1.875
2021-04-28,0.0,7.1,18.0,70.0,1009.0,5.3,106.0,40.0,2.0,-0.8999999999999773,1.3291666666665378,29.857142857142858,-8.142857142857142,8.957142857142857,71.11677620130041,0.0,11.375
2021-04-29,4.9,11.3,17.8,86.0,1009.7,5.2,148.0,91.0,14.0,-0.10000000000002274,0.43750000000034106,98.14285714285714,16.57142857142857,4.8999999999999995,99.07559876639186,9.0,7.791666666666657
2021-04-30,7.9,12.4,19.5,87.0,1011.1,5.7,153.0,91.0,16.0,-0.10000000000002274,0.8833333333330984,99.71428571428571,20.428571428571416,5.028571428571429,80.26101612503095,10.0,5.541666666666657
2021-05-01,19.3,13.0,19.9,84.0,1008.6,6.2,98.0,73.0,14.0,-3.5,5.216666666666697,91.71428571428571,39.28571428571428,6.185714285714285,101.73530312419996,9.0,6.333333333333329
2021-05-02,10.8,10.7,19.0,85.0,1007.9,8.5,198.0,67.0,16.0,7.399999999999977,4.937500000000114,75.14285714285714,12.857142857142854,5.185714285714286,-148.006624490411,11.0,0.7916666666666572
2021-05-03,0.1,8.7,16.9,70.0,1019.8,5.7,158.0,37.0,2.0,0.0,3.487500000000068,28.428571428571427,9.857142857142854,10.828571428571426,107.84293090142143,0.0,2.208333333333343
2021-05-04,1.4,7.6,17.0,76.0,1016.2,5.7,119.0,37.0,3.0,-6.0,4.7666666666666515,61.142857142857146,38.42857142857143,6.857142857142857,64.14939199945937,2.0,4.791666666666657
2021-05-05,3.0,8.7,18.8,81.0,1007.6,8.5,197.0,50.0,12.0,-3.7999999999999545,2.9833333333333485,38.142857142857146,-36.142857142857146,7.985714285714286,87.74856155364404,3.0,4.0
2021-05-06,0.2,9.4,14.6,74.0,1011.9,10.5,80.0,87.0,1.0,-1.2000000000000455,2.2458333333332803,83.14285714285714,-12.57142857142857,6.1,13.853366405390318,0.0,5.291666666666657
2021-05-07,14.4,10.8,19.8,83.0,1009.1,6.8,78.0,71.0,7.0,0.599999999999909,2.2750000000002046,37.857142857142854,-54.142857142857146,4.585714285714286,12.704934082288446,4.0,2.1666666666666714
2021-05-08,0.0,7.5,18.1,65.0,1020.2,6.3,106.0,41.0,1.0,-0.7999999999999545,3.7124999999999773,46.285714285714285,-2.5714285714285694,12.828571428571427,116.75405037800147,0.0,0.75
2021-05-09,0.0,7.1,20.4,66.0,1019.7,6.2,247.0,28.0,0.0,-2.800000000000068,2.0041666666667197,63.714285714285715,61.714285714285715,9.814285714285715,-147.8916668877076,0.0,-0.04166666666665719
2021-05-10,0.0,11.4,21.7,69.0,1017.1,6.5,73.0,44.0,0.0,-1.7000000000000455,1.4708333333331893,35.42857142857143,5.571428571428573,10.157142857142857,33.371642270695276,0.0,3.791666666666657
2021-05-11,12.1,12.9,18.3,81.0,1012.5,5.4,30.0,84.0,12.0,-3.5,3.7583333333333258,99.71428571428571,14.714285714285708,3.3428571428571425,-44.802530900796114,14.0,10.083333333333343
2021-05-12,38.5,13.2,17.6,87.0,1007.3,4.2,82.0,98.0,22.0,0.8999999999999773,1.2625000000001592,96.57142857142857,-1.2857142857142918,4.857142857142857,82.30816959287222,22.0,0.75
2021-05-13,6.7,12.0,18.0,87.0,1005.3,4.6,111.0,92.0,16.0,-0.6000000000000227,1.4208333333333485,96.71428571428571,15.57142857142857,4.485714285714285,-105.20399653480719,13.0,5.625
2021-05-14,16.4,11.1,17.9,87.0,1008.3,4.4,61.0,86.0,20.0,1.8999999999999773,1.3875000000000455,98.85714285714286,27.42857142857143,4.185714285714286,69.39129346574177,14.0,5.041666666666671
2021-05-15,0.5,10.6,17.4,81.0,1009.8,4.6,203.0,79.0,10.0,-2.699999999999932,2.345833333333303,95.85714285714286,46.42857142857143,6.6,102.49594884409765,1.0,-1.0416666666666714
2021-05-16,8.1,9.2,18.0,83.0,1007.2,6.2,95.0,66.0,11.0,-0.6999999999999318,2.5833333333332575,97.42857142857143,40.0,5.228571428571428,105.08941502225213,8.0,10.333333333333329
2021-05-17,24.7,12.5,19.1,76.0,1005.8,7.7,180.0,54.0,12.0,6.5,4.762500000000159,17.285714285714285,-50.714285714285715,9.057142857142857,68.34324770214579,12.0,-3.625
2021-05-18,6.2,8.8,20.9,75.0,1012.0,5.9,41.0,36.0,8.0,-1.1999999999999318,1.2333333333333485,77.57142857142857,71.42857142857143,9.314285714285715,92.30098405151858,4.0,9.583333333333343
2021-05-19,26.6,10.2,17.5,81.0,1012.9,7.1,153.0,80.0,12.0,2.199999999999932,2.0000000000001137,75.57142857142857,-14.42857142857143,5.528571428571429,3.1913563416630097,11.0,7.333333333333329
2021-05-20,0.0,7.7,20.3,66.0,1017.5,6.1,355.0,17.0,4.0,2.3999999999999773,2.2083333333337123,18.571428571428573,9.42857142857143,12.757142857142858,116.72163481619555,0.0,8.625
2021-05-21,0.5,9.8,19.6,73.0,1017.4,7.2,80.0,83.0,0.0,-5.399999999999977,4.4791666666667425,80.85714285714286,-0.7142857142857082,8.114285714285714,121.60359114715192,2.0,1.625
2021-05-22,2.8,11.9,19.0,79.0,1012.5,6.7,134.0,91.0,9.0,1.8999999999999773,1.6708333333333485,95.71428571428571,10.285714285714278,7.614285714285714,40.64810870738265,5.0,5.5
2021-05-23,2.0,12.8,21.7,78.0,1014.8,7.6,55.0,73.0,10.0,3.6000000000000227,1.783333333332962,74.57142857142857,24.428571428571423,6.528571428571429,-109.85171009584913,5.0,-4.75
2021-05-24,46.7,11.9,14.3,87.0,1017.3,6.5,38.0,99.0,17.0,-4.100000000000023,3.9874999999999545,100.0,0.0,1.642857142857143,32.26755127530623,18.0,3.7083333333333286
2021-05-25,0.6,10.5,20.7,76.0,1015.9,8.0,155.0,42.0,9.0,1.8000000000000682,2.345833333333303,16.0,-52.85714285714286,8.771428571428572,-99.79518477487099,2.0,-10.916666666666657
2021-05-26,0.2,10.3,20.2,71.0,1018.7,5.0,140.0,37.0,0.0,-4.899999999999977,3.204166666666538,26.142857142857142,-8.571428571428573,8.842857142857143,67.04886412260436,0.0,5.541666666666671
2021-05-27,3.7,12.0,20.2,81.0,1015.4,5.1,353.0,50.0,8.0,-0.40000000000009095,1.2374999999999545,65.57142857142857,7.714285714285715,5.257142857142858,-99.22533744077089,5.0,4.541666666666657
2021-05-28,0.0,9.0,21.1,71.0,1019.0,4.9,201.0,22.0,7.0,-1.8999999999999773,1.3958333333333712,35.285714285714285,18.428571428571427,10.742857142857144,-44.88117670698,0.0,-5.333333333333343
2021-05-29,0.3,13.3,22.1,68.0,1018.2,4.0,57.0,52.0,0.0,-1.1000000000000227,1.3583333333334622,64.28571428571429,20.000000000000007,10.571428571428571,41.111062450436435,0.0,7.75
2021-05-30,1.2,11.4,20.4,71.0,1020.2,5.4,311.0,30.0,4.0,-2.5,1.808333333333394,50.57142857142857,39.857142857142854,10.271428571428572,-48.47408881871982,3.0,0.125
2021-05-31,0.2,12.6,20.2,64.0,1019.9,6.0,277.0,55.0,0.0,-3.6000000000000227,2.5000000000002274,30.714285714285715,-48.714285714285715,9.957142857142857,-33.56869296040762,0.0,3.7916666666666714
2021-06-01,0.0,12.5,21.8,73.0,1017.7,5.3,145.0,53.0,0.0,-3.0,1.9291666666666742,37.857142857142854,-20.85714285714286,9.342857142857143,82.85586090800689,0.0,1.4583333333333286
2021-06-02,0.0,13.1,22.9,69.0,1019.4,5.5,122.0,26.0,0.0,0.39999999999997726,1.1250000000002274,30.0,10.428571428571427,10.857142857142856,44.31018948752009,0.0,-1.0
2021-06-03,0.0,13.0,24.7,73.0,1022.5,4.5,166.0,18.0,1.0,-1.2000000000000455,1.2125000000002046,19.571428571428573,19.42857142857143,9.057142857142857,112.09508066105292,0.0,3.2083333333333286
2021-06-04,0.5,15.7,26.2,77.0,1022.5,5.6,232.0,49.0,7.0,-2.3999999999999773,1.8208333333333258,50.42857142857143,-17.0,8.72857142857143,152.97892749526852,1.0,1.3333333333333428
2021-06-05,1.8,15.9,26.5,76.0,1019.4,5.0,359.0,36.0,8.0,-3.7999999999999545,2.5333333333335304,64.57142857142857,49.0,8.671428571428573,-125.86120883021721,4.0,1.875
2021-06-06,3.6,16.5,23.4,80.0,1017.3,5.6,32.0,57.0,14.0,-1.2000000000000455,1.2583333333335531,59.857142857142854,6.142857142857139,7.0,66.59801145183565,5.0,5.0
2021-06-07,0.8,15.6,24.2,74.0,1017.2,6.4,22.0,66.0,7.0,-0.7000000000000455,0.9208333333334622,82.57142857142857,13.714285714285708,9.357142857142858,51.32316177727046,2.0,1.0833333333333286
2021-06-08,0.0,16.8,26.2,67.0,1017.3,6.3,351.0,73.0,1.0,-1.5,1.1583333333335304,52.0,-40.71428571428571,10.942857142857141,24.228150276932922,0.0,7.291666666666671
2021-06-09,0.1,16.7,27.8,64.0,1016.9,7.6,343.0,79.0,2.0,-0.7999999999999545,1.1666666666666288,93.42857142857143,27.85714285714286,13.057142857142859,-2.8563193078647373,0.0,6.249999999999993
2021-06-10,0.0,17.8,26.6,64.0,1017.3,6.4,339.0,56.0,0.0,-0.7999999999999545,0.7583333333332121,51.285714285714285,14.142857142857139,11.442857142857141,-26.97435724870718,0.0,8.25
2021-06-11,3.9,16.5,25.9,72.0,1016.9,5.3,301.0,68.0,5.0,-0.900000000000091,1.0625000000001137,43.57142857142857,-46.42857142857143,8.4,-41.12734161861684,3.0,7.791666666666671
2021-06-12,0.0,14.9,27.8,73.0,1017.4,6.4,274.0,68.0,5.0,-2.6000000000000227,1.854166666666515,82.42857142857143,17.285714285714292,10.157142857142858,-96.93296277294965,0.0,4.291666666666657
2021-06-13,1.4,18.0,27.4,77.0,1017.2,5.5,79.0,41.0,7.0,0.8000000000000682,0.9750000000000227,21.857142857142858,-45.85714285714285,7.428571428571429,78.55267645957866,2.0,0.875
2021-06-14,0.8,18.3,25.7,71.0,1019.3,6.6,109.0,50.0,4.0,-3.2000000000000455,2.2583333333333258,61.714285714285715,14.0,9.557142857142855,108.48527938431391,1.0,0.9166666666666714
2021-06-15,0.0,18.6,26.0,69.0,1018.8,5.1,199.0,49.0,0.0,-3.3999999999999773,2.1166666666669016,48.42857142857143,9.142857142857146,9.6,65.41912075073219,0.0,4.125
2021-06-16,0.0,17.2,27.6,73.0,1016.5,4.0,273.0,44.0,4.0,-2.199999999999932,1.458333333333485,20.857142857142858,-31.857142857142858,9.857142857142858,-23.77869089880724,0.0,-1.9583333333333286
2021-06-17,0.1,17.7,29.0,69.0,1016.5,5.5,180.0,18.0,1.0,-1.6000000000000227,1.4208333333333485,37.714285714285715,35.42857142857143,10.37142857142857,-67.80330143793194,0.0,-5.375000000000007
2021-06-18,1.2,19.5,27.3,74.0,1017.1,4.7,169.0,50.0,4.0,-0.8000000000000682,1.2041666666668789,60.0,40.714285714285715,7.785714285714287,69.3932511424133,4.0,1.4166666666666714
2021-06-19,0.0,19.9,29.9,75.0,1015.1,5.0,211.0,67.0,3.0,-3.6000000000000227,2.2500000000002274,90.42857142857143,52.285714285714285,8.957142857142857,108.29589290063632,0.0,-0.9166666666666714
2021-06-20,0.0,21.6,29.2,78.0,1011.8,4.8,261.0,76.0,6.0,-2.6000000000000227,1.8791666666667197,85.42857142857143,23.42857142857143,7.3428571428571425,139.53667751165432,0.0,-1.4583333333333428
2021-06-21,0.0,20.3,30.4,76.0,1008.7,6.2,170.0,13.0,8.0,-2.0,1.4666666666668107,21.0,13.571428571428571,9.885714285714284,23.727244160473617,0.0,-1.375
2021-06-22,0.1,19.0,30.2,70.0,1009.9,6.3,145.0,10.0,4.0,1.400000000000091,1.8250000000000455,21.142857142857142,18.714285714285715,12.157142857142858,92.05818979160381,0.0,-1.125
2021-06-23,0.0,19.5,30.1,69.0,1014.0,4.6,93.0,23.0,0.0,0.6000000000000227,1.3249999999997044,49.42857142857143,44.57142857142858,11.385714285714286,102.65426084028769,0.0,3.5833333333333286
2021-06-24,0.1,20.2,29.4,70.0,1015.0,6.9,284.0,23.0,3.0,-1.099999999999909,1.3166666666664923,33.0,21.42857142857143,10.742857142857142,-119.1610702193154,0.0,4.583333333333329
2021-06-25,0.4,17.8,27.8,66.0,1014.1,6.0,94.0,36.0,5.0,-0.39999999999997726,0.9083333333334167,42.857142857142854,-15.714285714285715,13.57142857142857,70.11640959675137,1.0,-5.166666666666664
2021-06-26,0.0,17.3,28.7,58.0,1015.5,7.4,275.0,22.0,0.0,-2.699999999999932,1.8666666666666742,53.285714285714285,49.285714285714285,14.12857142857143,164.06731777892617,0.0,3.625
2021-06-27,0.0,18.9,29.8,59.0,1015.0,7.4,290.0,53.0,0.0,-1.6000000000000227,1.1416666666666515,71.71428571428571,21.714285714285708,13.757142857142856,-154.00441562763172,0.0,1.875
2021-06-28,0.0,18.9,30.9,66.0,1014.7,6.4,191.0,41.0,1.0,-1.3999999999999773,1.745833333333394,21.142857142857142,-38.57142857142857,12.171428571428573,117.87134191714722,0.0,-5.000000000000007
2021-06-29,2.6,19.6,30.7,62.0,1011.6,7.0,359.0,34.0,4.0,-1.8000000000000682,2.166666666666515,46.285714285714285,22.428571428571427,11.842857142857145,-136.55102746483556,4.0,12.458333333333336
2021-06-30,1.1,18.1,27.8,70.0,1009.3,6.0,4.0,30.0,7.0,0.09999999999990905,0.9541666666666515,48.714285714285715,44.142857142857146,11.342857142857143,-153.18625878825128,2.0,-3.6666666666666714
2021-07-01,0.1,15.9,29.3,57.0,1011.8,8.5,25.0,30.0,0.0,0.6000000000000227,1.3666666666665606,40.57142857142857,0.4285714285714235,13.2,53.09600864429174,0.0,1.5833333333333357
2021-07-02,0.4,18.4,28.3,60.0,1014.2,5.6,355.0,39.0,0.0,-1.3999999999999773,1.0916666666669244,25.571428571428573,-11.142857142857142,13.728571428571428,126.3452837731503,1.0,4.958333333333329
2021-07-03,0.7,17.7,27.7,65.0,1014.6,6.1,208.0,76.0,1.0,-3.6000000000000227,2.0625,95.14285714285714,37.57142857142857,11.62857142857143,141.37991521734568,2.0,8.541666666666657
2021-07-04,25.2,19.4,25.0,85.0,1011.1,3.9,137.0,89.0,18.0,-3.1000000000000227,2.8166666666667197,100.0,30.0,5.342857142857143,121.54513385850169,15.0,7.375
2021-07-05,0.1,16.5,27.0,73.0,1010.9,6.9,250.0,52.0,7.0,1.6000000000000227,2.020833333333485,74.14285714285714,22.999999999999993,10.657142857142857,149.91749298462616,0.0,-0.9166666666666714
2021-07-06,0.0,18.3,29.0,70.0,1013.1,6.3,274.0,8.0,0.0,-1.6000000000000227,2.041666666666515,28.285714285714285,28.142857142857142,9.542857142857143,162.66102691877745,0.0,0.125
2021-07-07,0.0,19.6,29.7,73.0,1013.7,5.5,84.0,5.0,4.0,1.3000000000000682,1.4333333333332803,9.142857142857142,9.142857142857142,10.099999999999998,46.06776175353616,0.0,-0.9583333333333428
2021-07-08,20.3,20.2,29.4,74.0,1015.3,9.7,16.0,55.0,5.0,-1.5,1.7874999999997954,96.0,52.0,7.828571428571428,-16.40002184158294,5.0,11.833333333333343
2021-07-09,2.2,16.8,26.0,75.0,1015.9,6.6,269.0,17.0,4.0,0.3000000000000682,1.6375000000000455,17.857142857142858,13.428571428571429,8.77142857142857,129.70144351534623,2.0,-3.0
2021-07-10,0.0,18.3,28.5,67.0,1015.7,6.4,22.0,13.0,3.0,-3.0,2.4833333333333485,10.285714285714286,-0.14285714285714235,12.042857142857143,86.46604618741725,0.0,-2.1666666666666714
2021-07-11,0.0,18.8,28.4,64.0,1012.4,5.7,345.0,30.0,0.0,-0.8999999999999773,0.8541666666666288,17.428571428571427,-14.571428571428573,11.771428571428572,141.85653003078687,0.0,2.541666666666657
2021-07-12,0.3,18.4,28.7,70.0,1012.7,6.6,63.0,22.0,0.0,-2.199999999999932,2.1375000000000455,32.142857142857146,8.857142857142861,8.971428571428572,127.77344088864902,1.0,3.083333333333343
2021-07-13,32.1,20.0,27.1,80.0,1008.9,8.6,36.0,58.0,9.0,-1.3999999999999773,1.9541666666668789,96.28571428571429,70.85714285714286,4.2142857142857135,-63.139096599951245,9.0,6.333333333333329
2021-07-14,18.0,16.3,23.6,74.0,1010.5,5.4,272.0,50.0,8.0,2.599999999999909,2.7458333333335077,17.428571428571427,-52.14285714285714,9.014285714285714,39.89359280697653,7.0,-12.249999999999993
2021-07-15,0.0,14.5,24.5,71.0,1013.1,5.2,301.0,73.0,1.0,0.10000000000002274,0.5916666666665833,78.14285714285714,-19.57142857142857,9.571428571428571,-155.38941048714366,0.0,1.4166666666666714
2021-07-16,1.8,16.7,25.2,77.0,1013.2,8.1,344.0,85.0,3.0,0.1999999999999318,0.745833333333394,91.57142857142857,18.57142857142857,6.0857142857142845,-94.36979756637783,2.0,4.75
2021-07-17,2.0,18.4,25.0,78.0,1011.3,7.6,315.0,98.0,7.0,0.10000000000002274,1.158333333333303,99.14285714285714,-0.4285714285714306,5.442857142857143,-83.10709706145002,4.0,12.333333333333343
2021-07-18,0.1,19.1,31.1,71.0,1010.1,7.1,332.0,52.0,6.0,-0.3000000000000682,0.9500000000001592,37.0,-16.857142857142854,12.528571428571428,108.2064793668082,0.0,7.0
2021-07-19,0.0,18.1,31.0,64.0,1011.5,6.4,275.0,25.0,2.0,-1.0,0.8833333333332121,22.571428571428573,13.142857142857144,14.571428571428571,-0.05965671989844168,0.0,-7.041666666666664
2021-07-20,0.8,20.1,28.1,65.0,1014.1,4.6,62.0,23.0,1.0,-0.20000000000004547,1.4166666666666288,25.714285714285715,7.857142857142858,8.728571428571428,32.29792385108274,1.0,8.291666666666671
2021-07-21,0.1,19.8,29.1,71.0,1017.6,6.1,101.0,41.0,1.0,-0.40000000000009095,1.2291666666669698,67.28571428571429,50.57142857142858,10.0,110.34689963235496,0.0,2.0
2021-07-22,0.1,20.4,28.2,71.0,1018.3,6.7,1.0,76.0,0.0,-2.300000000000068,1.9875000000000682,86.14285714285714,19.285714285714278,9.314285714285713,-43.69053586419011,0.0,4.583333333333329
2021-07-23,0.9,18.9,29.2,75.0,1015.3,6.0,355.0,31.0,7.0,-2.300000000000068,1.8291666666665378,51.714285714285715,35.0,8.700000000000001,64.81656653059764,3.0,0.5833333333333286
2021-07-24,0.0,20.2,28.5,72.0,1012.8,5.4,210.0,79.0,4.0,-2.2000000000000455,1.8208333333335531,80.0,-12.42857142857143,9.028571428571427,123.92757749851756,0.0,-5.5
2021-07-25,4.9,20.3,28.9,78.0,1010.9,9.8,12.0,75.0,6.0,0.39999999999997726,1.1999999999999318,71.42857142857143,-6.857142857142861,5.9,-62.98088114933768,4.0,4.375
2021-07-26,4.1,20.1,27.7,74.0,1012.3,7.7,359.0,65.0,3.0,2.0,1.6500000000002046,66.0,12.142857142857146,7.5428571428571445,78.8150825512127,3.0,1.5833333333333428
2021-07-27,1.4,19.7,26.6,78.0,1015.7,7.4,351.0,87.0,4.0,-0.10000000000002274,1.2458333333332803,85.14285714285714,-14.0,6.957142857142857,67.97176619676634,1.0,4.125
2021-07-28,0.0,17.9,28.6,78.0,1014.0,5.9,299.0,41.0,8.0,-1.8999999999999773,1.6041666666667425,49.0,3.2857142857142847,8.799999999999999,-118.06322513369764,0.0,1.125
2021-07-29,0.0,18.0,29.2,74.0,1013.3,5.4,305.0,5.0,7.0,-2.7000000000000455,1.9500000000001592,10.714285714285714,9.857142857142856,10.014285714285716,-136.43402098359263,0.0,-4.041666666666671
2021-07-30,3.4,19.2,29.7,77.0,1011.4,6.7,251.0,21.0,8.0,-2.5,2.0499999999999545,51.142857142857146,49.0,8.428571428571429,153.76414377905178,1.0,13.541666666666671
2021-07-31,0.6,19.0,28.7,74.0,1009.0,5.8,346.0,48.0,4.0,-1.5,1.6916666666664923,59.0,23.857142857142854,8.299999999999999,94.05131686930133,1.0,0.9583333333333286
2021-08-01,7.4,18.7,27.2,67.0,1005.2,10.5,278.0,56.0,4.0,-0.1999999999999318,1.7458333333332803,28.285714285714285,-32.0,9.685714285714287,41.10977266590052,5.0,-0.7083333333333428
2021-08-02,0.5,15.3,24.9,74.0,1012.2,6.9,51.0,38.0,7.0,2.1000000000000227,3.5458333333333485,62.285714285714285,33.85714285714286,8.842857142857142,68.87884929692888,1.0,5.458333333333343
2021-08-03,0.6,15.8,25.4,73.0,1014.6,4.9,328.0,55.0,6.0,-3.5,2.4583333333332575,92.85714285714286,62.71428571428572,9.742857142857144,-143.46902334273958,2.0,0.041666666666671404
2021-08-04,4.8,18.3,24.4,81.0,1012.4,4.8,11.0,92.0,10.0,-1.3999999999999773,2.7458333333332803,100.0,5.571428571428569,6.257142857142857,-71.17457849781238,8.0,7.458333333333329
2021-08-05,25.5,18.0,26.0,79.0,1006.2,5.5,30.0,53.0,11.0,1.2000000000000455,1.5416666666664014,53.57142857142857,7.714285714285715,8.085714285714285,-162.36848260313366,12.0,2.375
2021-08-06,1.0,16.7,26.5,78.0,1007.6,4.8,52.0,28.0,10.0,0.10000000000002274,0.8125000000001137,35.142857142857146,20.000000000000004,7.5428571428571445,99.33928820099561,2.0,4.458333333333329
2021-08-07,6.7,19.8,26.6,83.0,1009.1,6.9,5.0,55.0,12.0,-1.7999999999999545,1.5499999999998408,49.57142857142857,-29.85714285714286,5.9142857142857155,37.30094542870182,8.0,-0.6666666666666714
2021-08-08,2.8,19.2,28.1,79.0,1010.4,7.4,343.0,42.0,3.0,2.2999999999999545,2.7291666666666288,41.714285714285715,-2.5714285714285694,6.371428571428573,-46.511943667667765,6.0,2.5833333333333286
2021-08-09,0.0,18.5,29.1,70.0,1016.4,8.3,38.0,10.0,0.0,0.7000000000000455,2.295833333333462,2.5714285714285716,-9.857142857142858,10.257142857142858,87.57890977906459,0.0,2.5833333333333286
2021-08-10,0.0,19.2,29.6,66.0,1017.3,7.1,307.0,38.0,0.0,-3.599999999999909,2.400000000000091,60.714285714285715,25.285714285714285,12.228571428571428,-95.69062930216347,0.0,4.291666666666671
2021-08-11,0.0,19.9,31.4,64.0,1016.5,6.0,346.0,6.0,0.0,-0.8999999999999773,1.008333333333212,12.0,10.428571428571429,13.357142857142858,78.98695270898128,0.0,-3.3333333333333357
2021-08-12,0.0,21.2,31.8,66.0,1019.1,5.8,289.0,11.0,0.0,-0.7999999999999545,0.8625000000000682,19.285714285714285,12.57142857142857,13.242857142857144,-161.6679584172942,0.0,-1.625
2021-08-13,0.0,21.7,32.9,70.0,1020.2,6.1,299.0,53.0,0.0,-0.5,0.6750000000000682,56.0,1.5714285714285694,11.757142857142854,-70.00780143624465,0.0,4.833333333333329
2021-08-14,0.0,22.1,33.0,68.0,1019.2,5.6,291.0,17.0,5.0,-3.2000000000000455,2.2916666666667425,28.142857142857142,25.0,12.042857142857143,-52.82860305358099,0.0,-3.791666666666657
2021-08-15,0.0,22.5,32.6,65.0,1014.6,5.9,286.0,16.0,0.0,-3.8999999999999773,2.7374999999999545,31.571428571428573,30.142857142857146,11.885714285714286,-122.825100326956,0.0,-6.708333333333336
2021-08-16,7.8,21.5,31.1,69.0,1009.9,8.6,342.0,59.0,5.0,-3.7000000000000455,2.6916666666664923,85.71428571428571,32.57142857142856,11.042857142857144,28.63103355142573,6.0,7.958333333333329
2021-08-17,0.0,16.9,26.9,55.0,1012.0,9.0,10.0,35.0,0.0,2.7999999999999545,3.616666666666788,76.57142857142857,61.71428571428571,12.785714285714288,90.49846592508948,0.0,7.458333333333336
2021-08-18,0.0,17.2,25.4,61.0,1015.3,5.9,51.0,26.0,0.0,-0.7999999999999545,1.1583333333331893,16.714285714285715,-8.0,11.971428571428572,-50.393942159978366,0.0,-0.125
2021-08-19,0.0,17.2,26.6,61.0,1015.1,5.3,347.0,12.0,0.0,-2.199999999999932,1.633333333333212,10.285714285714286,4.000000000000001,13.57142857142857,-167.3856521961742,0.0,1.0
2021-08-20,0.0,17.2,28.0,64.0,1015.5,4.9,347.0,33.0,0.0,-0.6000000000000227,1.025000000000091,24.571428571428573,-32.28571428571428,13.228571428571428,-122.79944086391612,0.0,1.125
2021-08-21,0.0,18.6,28.8,67.0,1017.7,6.3,317.0,17.0,0.0,-0.8000000000000682,0.8500000000001364,23.0,-2.2857142857142847,11.385714285714286,-75.66106279839818,0.0,0.5833333333333286
2021-08-22,3.1,18.8,29.4,73.0,1016.2,7.3,320.0,69.0,8.0,-2.7000000000000455,2.0416666666667425,79.28571428571429,10.714285714285722,10.328571428571431,-141.33710355925678,2.0,0.75
2021-08-23,2.5,17.6,24.6,66.0,1015.1,8.2,38.0,46.0,4.0,2.1000000000000227,1.8749999999998863,36.0,-19.57142857142857,10.957142857142856,120.68551945132737,3.0,4.25
2021-08-24,0.0,14.7,25.9,68.0,1015.9,5.3,348.0,34.0,7.0,-1.0,1.0333333333334167,74.71428571428571,71.42857142857142,12.085714285714287,76.9795652679826,0.0,-2.0
2021-08-25,0.1,17.1,23.7,67.0,1016.0,5.1,32.0,46.0,0.0,-2.2000000000000455,2.1958333333334394,38.714285714285715,10.0,11.114285714285716,-73.87510457877295,0.0,6.625
2021-08-26,2.4,15.1,24.7,74.0,1010.6,5.8,297.0,30.0,5.0,-5.5,3.741666666666788,44.857142857142854,36.0,9.642857142857142,170.89296217758363,3.0,4.708333333333343
2021-08-27,7.3,15.4,22.3,68.0,1011.1,6.9,45.0,48.0,6.0,1.6999999999999318,2.512500000000273,34.714285714285715,1.142857142857146,11.400000000000002,-144.2745107533085,7.0,-8.166666666666664
2021-08-28,0.1,15.2,22.6,65.0,1012.7,6.4,356.0,55.0,0.0,-1.3999999999999773,1.2291666666666288,37.142857142857146,-43.714285714285715,11.585714285714285,13.312171033356208,0.0,1.4166666666666572
2021-08-29,0.6,12.1,23.0,67.0,1013.1,5.5,15.0,44.0,4.0,-0.8999999999999773,0.9999999999998863,58.142857142857146,29.42857142857143,11.185714285714285,141.26310087924037,2.0,-1.0416666666666572
2021-08-30,7.9,13.4,22.6,80.0,1013.7,4.4,30.0,53.0,10.0,0.10000000000002274,1.0833333333333712,77.71428571428571,57.28571428571428,6.5,1.9911299524806054,4.0,13.125
2021-08-31,3.0,13.5,24.0,81.0,1016.7,5.9,335.0,28.0,11.0,0.7000000000000455,1.2166666666668107,64.71428571428571,59.99999999999999,6.342857142857142,-45.168402986713375,3.0,4.958333333333329
2021-09-01,0.0,13.6,25.6,67.0,1020.5,6.6,291.0,9.0,3.0,-0.39999999999997726,1.5583333333335077,9.857142857142858,4.428571428571429,12.9,-74.6879619259474,0.0,4.791666666666671
2021-09-02,0.0,14.8,25.2,66.0,1023.5,6.1,330.0,29.0,0.0,-2.2999999999999545,1.6458333333332575,18.857142857142858,-14.142857142857142,10.357142857142858,-164.86011149777562,0.0,5.75
2021-09-03,0.0,15.8,25.5,66.0,1020.1,6.0,15.0,33.0,0.0,-4.300000000000068,3.0291666666669244,55.0,35.85714285714286,11.457142857142856,142.44688852267012,0.0,7.125
2021-09-04,0.0,13.7,26.0,69.0,1016.0,5.7,307.0,31.0,4.0,-1.900000000000091,1.6916666666667197,63.0,62.42857142857143,11.828571428571431,-133.83475752919537,0.0,-1.9583333333333428
2021-09-05,0.0,15.2,26.6,66.0,1018.3,6.2,355.0,17.0,3.0,0.5,1.841666666666697,24.0,13.142857142857142,14.314285714285713,22.722264709654382,0.0,-2.7083333333333357
2021-09-06,0.0,16.7,26.7,59.0,1022.1,6.8,354.0,11.0,0.0,-0.3000000000000682,0.7916666666667425,14.285714285714286,9.42857142857143,15.214285714285712,-5.568676246824111,0.0,-0.125
2021-09-07,0.0,14.8,26.1,58.0,1022.4,5.5,1.0,48.0,2.0,-2.2999999999999545,2.0708333333333258,58.0,-7.571428571428569,14.957142857142857,65.04418128042698,0.0,-3.125
2021-09-08,0.0,14.4,26.2,55.0,1020.4,8.0,38.0,3.0,0.0,-3.2000000000000455,2.395833333333144,1.1428571428571428,0.8571428571428571,16.3,39.8237047078876,0.0,-2.625
2021-09-09,0.0,12.5,26.0,57.0,1017.6,5.8,331.0,0.0,0.0,-3.1000000000000227,2.2333333333333485,0.0,-0.14285714285714285,15.214285714285714,-171.56708979716194,0.0,4.916666666666671
2021-09-10,0.0,12.1,26.1,66.0,1017.0,6.2,268.0,13.0,3.0,-0.8999999999999773,1.0374999999997954,38.285714285714285,37.285714285714285,13.528571428571428,-148.71842299167818,0.0,-1.5833333333333286
2021-09-11,0.0,13.2,26.3,70.0,1016.8,5.5,276.0,39.0,1.0,-2.099999999999909,1.6374999999999318,57.57142857142857,34.71428571428571,10.657142857142858,-111.49245491518607,0.0,1.9166666666666572
2021-09-12,0.0,15.7,28.0,66.0,1015.8,6.5,310.0,10.0,6.0,-2.0,1.7333333333333485,9.428571428571429,9.0,14.071428571428571,-97.80138917751134,0.0,-1.0416666666666572
2021-09-13,0.0,17.6,28.7,62.0,1015.9,6.3,303.0,33.0,0.0,-1.1999999999999318,1.2333333333334622,18.571428571428573,-32.14285714285714,13.585714285714285,-100.15314676254036,0.0,2.0416666666666643
2021-09-14,0.0,16.3,28.9,66.0,1016.7,6.1,296.0,52.0,2.0,-1.3000000000000682,1.3500000000000227,71.42857142857143,45.0,13.214285714285714,-161.59718088249826,0.0,-1.5833333333333286
2021-09-15,0.0,17.0,26.4,70.0,1016.5,5.1,334.0,82.0,0.0,-1.7000000000000455,1.500000000000341,82.0,9.57142857142857,9.571428571428571,159.83782226717062,0.0,3.625
2021-09-16,4.0,17.8,23.4,86.0,1015.3,4.6,5.0,94.0,14.0,-1.0,1.0000000000002274,95.0,-2.5714285714285694,3.5000000000000004,138.02112389478685,5.0,5.208333333333329
2021-09-17,4.4,17.2,23.9,86.0,1011.6,5.2,61.0,79.0,12.0,0.2999999999999545,0.995833333333394,51.0,-46.28571428571429,6.014285714285713,1.8960620943003619,6.0,-0.7083333333333286
2021-09-18,0.2,17.7,22.6,74.0,1013.3,5.6,58.0,60.0,0.0,-1.0,1.241666666666788,79.28571428571429,25.571428571428577,7.857142857142857,3.2793025710979293,0.0,-2.5
2021-09-19,18.4,16.0,21.0,82.0,1011.6,5.8,68.0,78.0,11.0,-3.1000000000000227,2.3124999999998863,83.28571428571429,16.714285714285722,4.557142857142858,-9.061103534843511,11.0,13.708333333333329
2021-09-20,1.0,14.5,21.6,77.0,1014.1,8.0,67.0,52.0,7.0,5.100000000000023,4.045833333333462,60.142857142857146,30.42857142857143,7.0,-6.17214117371114,2.0,-8.208333333333329
2021-09-21,0.4,13.5,20.3,68.0,1023.1,4.7,45.0,43.0,1.0,2.5,2.729166666666515,23.571428571428573,2.0,9.799999999999999,-70.70056529178856,1.0,1.4166666666666572
2021-09-22,0.0,13.2,20.0,72.0,1023.9,4.1,44.0,81.0,0.0,-2.7000000000000455,2.0958333333334167,80.85714285714286,-13.714285714285708,7.371428571428571,-28.180097328182512,0.0,3.875
2021-09-23,0.2,13.9,20.2,74.0,1022.9,5.0,259.0,72.0,0.0,-3.900000000000091,2.9500000000000455,70.42857142857143,-16.14285714285714,7.071428571428571,165.33151952543255,0.0,4.791666666666671
2021-09-24,0.0,12.2,21.5,80.0,1018.8,4.5,33.0,16.0,7.0,-1.1000000000000227,1.229166666666515,22.142857142857142,13.714285714285714,6.871428571428572,69.24202833948536,0.0,0.0
2021-09-25,0.0,13.2,22.3,83.0,1021.1,4.2,225.0,24.0,11.0,0.10000000000002274,1.0458333333333485,37.714285714285715,24.571428571428573,6.071428571428571,139.18548728441522,0.0,5.583333333333343
2021-09-26,6.5,16.4,23.1,89.0,1020.2,3.8,33.0,94.0,18.0,-2.0,2.320833333333667,100.0,1.5714285714285694,3.171428571428572,-147.89333880845447,5.0,7.083333333333329
2021-09-27,0.9,15.2,22.5,88.0,1017.4,4.5,269.0,58.0,15.0,-0.6000000000000227,0.9625000000002046,79.0,40.57142857142857,4.557142857142857,-95.8910561898214,1.0,3.583333333333343
2021-09-28,0.0,14.1,25.7,77.0,1019.1,6.5,284.0,42.0,7.0,-1.0,0.9124999999997954,86.85714285714286,72.42857142857143,8.442857142857145,-37.35539352103365,0.0,3.125
2021-09-29,1.9,15.6,24.9,75.0,1017.9,5.6,307.0,68.0,4.0,-0.900000000000091,1.6041666666667425,48.142857142857146,-17.999999999999993,9.200000000000001,-82.4475489961626,3.0,4.791666666666657
2021-09-30,2.5,15.1,22.2,72.0,1023.5,6.7,62.0,54.0,7.0,1.5,3.141666666666879,30.428571428571427,-49.28571428571428,10.542857142857144,81.88162354656959,2.0,-7.625
2021-10-01,0.0,12.2,20.8,66.0,1024.0,4.4,85.0,20.0,0.0,-4.0,2.7875000000000227,19.285714285714285,5.428571428571427,9.37142857142857,-163.54347217766195,0.0,9.958333333333329
2021-10-02,0.0,11.2,19.9,75.0,1020.1,3.7,31.0,43.0,3.0,-1.3999999999999773,1.3666666666669016,21.285714285714285,-70.71428571428572,7.514285714285715,65.32906887119759,0.0,0.2083333333333286
2021-10-03,0.2,13.4,21.7,80.0,1018.4,4.5,44.0,52.0,5.0,-1.2999999999999545,1.2166666666664696,45.57142857142857,-1.2857142857142847,6.371428571428572,105.75041158712838,1.0,4.208333333333343
2021-10-04,7.0,16.3,22.3,88.0,1018.4,5.7,56.0,75.0,16.0,0.20000000000004547,0.7333333333330074,98.42857142857143,51.714285714285715,4.028571428571429,5.151102886189676,11.0,4.708333333333329
2021-10-05,32.4,15.8,21.1,90.0,1014.0,7.5,49.0,84.0,20.0,-0.20000000000004547,0.7416666666666742,89.85714285714286,19.0,2.8999999999999995,-72.33856852548922,17.0,1.1666666666666714
2021-10-06,12.8,13.7,16.9,81.0,1013.9,9.9,26.0,77.0,17.0,0.8000000000000682,0.9166666666665151,88.0,20.85714285714286,3.3000000000000003,-59.17532871658108,13.0,-17.791666666666664
2021-10-07,2.3,12.8,17.0,68.0,1016.2,6.5,345.0,99.0,4.0,2.6000000000000227,1.9416666666668334,99.57142857142857,0.5714285714285694,5.357142857142857,-179.9104848715842,6.0,18.5
2021-10-08,2.2,11.8,18.2,77.0,1020.7,6.5,28.0,81.0,9.0,1.8999999999999773,1.5416666666666288,65.71428571428571,-33.71428571428572,7.8,103.93383740747208,4.0,-6.375
2021-10-09,0.0,8.0,17.8,65.0,1023.7,7.4,63.0,4.0,2.0,-0.10000000000002274,0.9249999999999545,6.142857142857143,5.571428571428572,12.557142857142855,89.06459246957928,0.0,-4.541666666666664
2021-10-10,0.0,4.9,15.9,68.0,1022.1,5.2,283.0,17.0,2.0,-3.0,2.241666666666788,34.57142857142857,34.57142857142857,9.414285714285713,-2.0004169166475663,0.0,1.375
2021-10-11,0.0,8.4,17.5,68.0,1019.6,5.5,268.0,53.0,0.0,-0.10000000000002274,0.9374999999997726,54.42857142857143,19.142857142857146,8.97142857142857,-40.37994527470795,0.0,7.416666666666671
2021-10-12,0.0,7.6,14.6,82.0,1017.5,4.2,4.0,85.0,7.0,-2.8999999999999773,1.9791666666666288,74.14285714285714,-23.57142857142857,5.114285714285715,38.052597748910955,0.0,5.291666666666657
2021-10-13,1.1,7.0,15.4,77.0,1018.0,6.3,349.0,39.0,3.0,4.899999999999977,3.5083333333333258,25.857142857142858,-17.428571428571427,7.228571428571428,-16.558025100858913,2.0,5.791666666666671
2021-10-14,0.2,4.7,14.4,74.0,1024.5,6.5,294.0,12.0,5.0,-1.1000000000000227,1.0499999999999545,5.428571428571429,-8.285714285714285,8.214285714285714,-67.23786866792574,0.0,-3.041666666666657
2021-10-15,0.0,4.0,15.6,78.0,1019.9,5.4,315.0,39.0,7.0,-5.699999999999932,3.5250000000002046,55.0,33.714285714285715,7.8,-16.647275255749378,0.0,7.458333333333329
2021-10-16,0.0,5.6,18.1,71.0,1018.6,4.2,336.0,51.0,5.0,0.5,1.2333333333332348,16.428571428571427,-55.57142857142857,9.814285714285715,79.74120652009265,0.0,-7.541666666666671
2021-10-17,0.0,6.6,17.5,72.0,1020.7,6.1,317.0,4.0,2.0,-0.20000000000004547,0.9000000000002046,0.0,-5.714285714285714,8.814285714285715,-72.41006109272826,0.0,6.75
2021-10-18,0.0,6.9,18.4,76.0,1024.2,6.1,321.0,52.0,5.0,1.8999999999998636,1.9583333333332575,7.0,-69.14285714285714,8.457142857142856,-90.96033166842358,0.0,6.875
2021-10-19,0.0,5.5,16.6,79.0,1027.8,4.8,313.0,83.0,9.0,-1.0,0.9249999999999545,94.28571428571429,3.0,7.157142857142857,-36.04072804501129,0.0,-1.0416666666666714
2021-10-20,0.4,8.2,15.8,85.0,1024.7,3.9,3.0,82.0,8.0,-4.2000000000000455,4.366666666666788,100.0,1.0,3.9857142857142853,13.117035380562129,1.0,0.7083333333333286
2021-10-21,1.3,10.4,14.6,93.0,1014.9,3.4,42.0,95.0,20.0,-3.2000000000000455,2.1291666666667197,99.0,3.285714285714292,1.6571428571428568,45.10501299599321,3.0,1.625
2021-10-22,0.5,9.7,18.0,85.0,1015.6,5.3,360.0,55.0,12.0,0.7999999999999545,1.9083333333330756,43.285714285714285,-31.000000000000007,4.857142857142857,116.55164609848902,1.0,6.75
2021-10-23,0.0,9.4,18.9,76.0,1022.9,7.6,48.0,25.0,7.0,3.7000000000000455,3.8458333333331893,6.142857142857143,-7.857142857142857,8.471428571428572,71.19812630637938,0.0,-5.541666666666671
2021-10-24,0.0,8.3,15.6,62.0,1028.9,6.5,66.0,23.0,0.0,-1.6000000000001364,1.7333333333333485,5.714285714285714,-23.285714285714285,8.857142857142858,26.004010837441427,0.0,4.458333333333336
2021-10-25,0.6,5.2,13.8,69.0,1025.0,3.4,348.0,100.0,5.0,-3.0,2.5,100.0,0.0,9.928571428571429,-32.49767112575148,1.0,-6.333333333333336
2021-10-26,1.6,6.1,15.4,72.0,1022.6,4.3,342.0,52.0,3.0,0.6999999999999318,1.158333333333303,55.142857142857146,8.42857142857143,9.714285714285714,55.681854543512316,3.0,5.708333333333329
2021-10-27,0.0,4.3,16.8,75.0,1025.8,5.0,320.0,0.0,9.0,-0.900000000000091,1.120833333333394,0.0,0.0,9.742857142857144,-100.92375651368306,0.0,-4.541666666666657
2021-10-28,0.0,3.4,16.5,74.0,1023.5,4.6,335.0,0.0,4.0,-2.800000000000068,2.016666666666538,0.0,-0.8571428571428571,8.314285714285715,20.023827547209066,0.0,-1.3333333333333286
2021-10-29,0.0,4.6,15.0,77.0,1019.9,4.4,338.0,23.0,6.0,-1.3999999999999773,1.3583333333332348,74.42857142857143,74.42857142857143,7.757142857142855,4.646077115068238,0.0,5.333333333333329
2021-10-30,0.0,4.1,15.6,73.0,1018.9,4.8,333.0,60.0,8.0,-0.5,1.1291666666664923,96.71428571428571,64.57142857142856,9.828571428571427,26.131758942335523,0.0,-6.125
2021-10-31,0.0,7.5,14.7,79.0,1018.1,3.6,338.0,66.0,3.0,-3.099999999999909,2.8333333333335986,20.571428571428573,-78.85714285714286,5.828571428571429,90.70936963038531,0.0,3.083333333333343
2021-11-01,55.2,6.8,12.9,90.0,1008.0,6.3,21.0,79.0,20.0,-9.300000000000068,12.21666666666681,100.0,1.1428571428571388,1.4285714285714286,17.272349214201824,11.0,-1.0833333333333286
2021-11-02,8.2,7.5,14.8,82.0,1002.1,5.5,340.0,56.0,8.0,5.199999999999932,6.383333333333326,78.57142857142857,62.857142857142854,4.742857142857143,9.17058314341017,3.0,6.75
2021-11-03,11.2,6.6,14.3,87.0,1004.7,6.9,26.0,96.0,13.0,-6.2000000000000455,4.5625,100.0,2.714285714285708,2.642857142857143,36.2686644087332,8.0,4.541666666666671
2021-11-04,26.8,7.3,14.4,84.0,1003.9,8.5,233.0,54.0,13.0,11.5,8.883333333333212,50.57142857142857,23.857142857142854,5.785714285714286,76.92436886462582,7.0,2.333333333333343
2021-11-05,0.0,5.8,15.9,73.0,1018.2,9.3,351.0,52.0,2.0,5.2000000000000455,4.933333333333508,58.0,-1.5714285714285694,9.4,97.21619279495121,0.0,7.583333333333329
2021-11-06,0.0,3.8,14.0,62.0,1026.0,8.3,339.0,15.0,0.0,-0.2999999999999545,1.3500000000001364,2.0,-29.714285714285715,9.285714285714286,74.57563841992419,0.0,15.541666666666671
2021-11-07,0.0,3.9,13.6,71.0,1020.5,7.7,307.0,52.0,1.0,-5.7000000000000455,3.7041666666671063,7.428571428571429,-75.57142857142857,6.542857142857144,-66.5002251391835,0.0,13.291666666666657
2021-11-08,0.8,5.2,12.4,83.0,1018.0,5.6,355.0,81.0,3.0,3.1000000000000227,2.6541666666668107,67.57142857142857,-32.28571428571429,2.8000000000000003,11.165584966643053,2.0,1.625
2021-11-09,0.0,3.4,14.1,73.0,1025.6,5.0,350.0,37.0,2.0,6.199999999999932,4.533333333332962,93.28571428571429,89.28571428571429,8.385714285714286,78.61012101922148,0.0,-1.8333333333333428
2021-11-10,0.0,4.8,15.7,70.0,1027.3,4.6,318.0,82.0,0.0,-3.300000000000182,2.229166666666515,49.42857142857143,-49.57142857142857,7.742857142857142,-23.607805612282732,0.0,4.375
2021-11-11,0.0,6.7,16.6,83.0,1023.8,4.9,310.0,87.0,8.0,-3.8999999999999773,2.6833333333332803,87.0,-5.142857142857139,5.142857142857143,-43.12113580044155,0.0,7.0
2021-11-12,0.0,6.2,14.9,87.0,1019.8,3.5,350.0,65.0,13.0,-1.2000000000000455,1.3166666666667197,76.42857142857143,23.0,3.5714285714285707,-68.64987528610902,0.0,3.0
2021-11-13,1.5,9.1,12.1,92.0,1017.8,2.9,25.0,100.0,15.0,-1.2999999999999545,1.2875000000000227,100.0,0.0,1.6571428571428577,137.91587747834564,3.0,3.375
2021-11-14,15.0,8.3,13.2,92.0,1016.8,8.0,48.0,97.0,21.0,3.0,2.1875000000002274,98.57142857142857,-1.4285714285714306,1.8571428571428572,-49.52147558972541,16.0,0.875
2021-11-15,0.0,7.8,16.1,75.0,1020.9,7.0,47.0,92.0,2.0,1.099999999999909,1.2083333333332575,99.14285714285714,13.42857142857143,6.757142857142858,35.23009245577924,0.0,-2.5416666666666714
2021-11-16,0.9,6.7,13.1,80.0,1020.8,3.3,325.0,99.0,3.0,-2.0,1.5500000000000682,98.71428571428571,0.1428571428571388,4.614285714285714,60.97400721867393,2.0,2.2916666666666714
2021-11-17,0.2,9.3,13.9,85.0,1019.2,3.3,347.0,72.0,11.0,1.5,1.254166666666606,50.42857142857143,-45.28571428571428,4.3999999999999995,-6.440081495303957,1.0,3.8333333333333286
2021-11-18,0.3,7.2,14.4,83.0,1025.8,4.6,16.0,56.0,10.0,3.699999999999932,3.6875000000001137,70.57142857142857,-5.285714285714292,4.4,22.841382377741922,1.0,-2.5
2021-11-19,0.0,4.6,14.3,84.0,1028.6,5.4,303.0,64.0,9.0,-1.2000000000000455,1.1541666666669244,56.142857142857146,-34.99999999999999,5.200000000000001,-43.30153530286191,0.0,5.833333333333343
2021-11-20,0.0,4.4,10.2,87.0,1024.4,3.3,298.0,43.0,10.0,-4.599999999999909,4.508333333333553,19.428571428571427,-53.42857142857143,2.8285714285714287,-12.365820564717694,0.0,9.375
2021-11-21,0.0,3.3,7.1,93.0,1015.2,2.7,335.0,46.0,16.0,-3.3999999999999773,2.2416666666666742,79.14285714285714,46.14285714285714,1.7571428571428567,114.9533019768046,0.0,4.5
2021-11-22,0.0,6.3,11.7,84.0,1013.7,5.1,356.0,100.0,6.0,2.7000000000000455,1.8125,99.85714285714286,-0.1428571428571388,3.3285714285714283,104.27994077518349,0.0,1.8333333333333286
2021-11-23,0.0,4.5,12.8,75.0,1022.5,4.3,38.0,18.0,7.0,2.7000000000000455,3.641666666666538,0.5714285714285714,-1.4285714285714286,8.0,91.22423806323877,0.0,-8.875
2021-11-24,0.0,-0.3,9.6,77.0,1023.0,3.6,331.0,3.0,4.0,-4.100000000000023,3.533333333333303,0.0,-8.428571428571429,6.485714285714287,-7.625024723694935,0.0,2.375
2021-11-25,3.7,0.4,9.3,83.0,1013.4,5.2,333.0,81.0,7.0,-7.199999999999932,6.2999999999999545,100.0,2.142857142857139,3.442857142857142,-1.8093487067019396,8.0,6.875
2021-11-26,6.6,7.1,9.3,93.0,997.6,6.3,345.0,100.0,22.0,-5.599999999999909,3.8250000000000455,99.85714285714286,-0.1428571428571388,0.8000000000000004,151.8919188188646,14.0,2.1666666666666714
2021-11-27,6.6,6.6,10.0,87.0,994.1,6.7,56.0,80.0,12.0,2.5,1.662499999999909,67.85714285714286,-23.14285714285714,3.171428571428571,10.066872092012147,8.0,0.375
2021-11-28,14.1,3.8,10.7,88.0,992.9,5.6,1.0,92.0,19.0,-0.20000000000004547,0.941666666666606,98.42857142857143,20.285714285714292,2.7285714285714286,52.36107727726977,15.0,4.208333333333343
2021-11-29,3.4,-0.8,8.6,80.0,1000.4,4.6,337.0,72.0,8.0,8.0,6.483333333333121,33.142857142857146,-64.85714285714286,6.028571428571428,-105.31971757328677,3.0,-8.166666666666657
2021-11-30,0.0,-1.8,7.5,63.0,1014.1,8.4,330.0,60.0,0.0,-1.1000000000000227,3.5208333333332575,84.42857142857143,8.57142857142857,7.057142857142857,90.68716611198658,0.0,17.91666666666667
2021-12-01,0.0,-2.2,7.3,75.0,1011.7,4.2,354.0,60.0,0.0,-5.100000000000023,5.891666666666765,83.85714285714286,64.57142857142858,5.428571428571428,31.27783769353698,0.0,4.125
2021-12-02,7.0,4.0,7.9,86.0,1001.0,4.7,354.0,100.0,15.0,-3.6000000000000227,3.0708333333333258,100.0,0.0,1.885714285714286,69.26549755908798,12.0,6.958333333333343
2021-12-03,0.8,2.4,10.1,81.0,1010.2,6.4,359.0,59.0,11.0,8.100000000000023,8.637500000000045,7.142857142857143,-85.57142857142857,6.0,53.82526266922463,2.0,-7.041666666666657
2021-12-04,0.1,-0.5,5.8,78.0,1011.2,3.3,6.0,92.0,3.0,-5.600000000000023,5.475000000000136,91.85714285714286,9.0,5.885714285714285,54.57426735693355,0.0,-1.9583333333333286
2021-12-05,15.4,1.8,6.3,88.0,1003.2,6.0,321.0,92.0,16.0,1.6000000000000227,1.762499999999818,100.0,5.857142857142861,1.0714285714285716,-120.1253154901371,14.0,5.916666666666671
2021-12-06,0.1,0.1,9.9,71.0,1008.8,7.7,319.0,36.0,1.0,4.399999999999977,3.5708333333333258,3.857142857142857,-47.42857142857143,8.22857142857143,2.387941421278242,0.0,-14.458333333333336
2021-12-07,0.0,-2.5,6.6,71.0,1013.4,5.8,321.0,33.0,2.0,1.0,1.0541666666666742,2.4285714285714284,-49.285714285714285,6.971428571428572,43.97579216834788,0.0,13.541666666666657
2021-12-08,19.8,-2.5,4.6,82.0,1007.9,6.4,355.0,85.0,9.0,-8.5,7.766666666666424,100.0,3.285714285714292,2.342857142857143,42.87181835953544,11.0,10.041666666666671
2021-12-09,6.9,1.5,5.1,91.0,1001.8,6.7,314.0,100.0,18.0,5.0,3.4083333333330756,100.0,0.0,0.9857142857142857,-16.040814373154262,12.0,0.4166666666666714
2021-12-10,0.0,-1.3,6.2,76.0,1003.8,6.4,335.0,83.0,3.0,-4.100000000000023,2.8624999999999545,100.0,14.0,6.628571428571428,28.468622436286523,0.0,2.0
2021-12-11,0.0,-2.2,9.3,71.0,1007.6,6.8,317.0,37.0,2.0,10.200000000000045,5.829166666666765,0.42857142857142855,-41.57142857142857,6.985714285714286,-47.66556286199284,0.0,13.541666666666671
2021-12-12,0.0,-1.5,10.0,61.0,1021.3,8.1,326.0,30.0,0.0,4.099999999999909,4.637499999999932,39.857142857142854,22.28571428571428,7.342857142857142,60.50513739263391,0.0,15.208333333333336
2021-12-13,0.0,-0.5,9.1,75.0,1025.3,4.3,331.0,43.0,3.0,1.2000000000000455,1.095833333333303,2.5714285714285716,-47.142857142857146,6.828571428571428,5.676654379832371,0.0,13.333333333333343
2021-12-14,0.0,-0.8,8.7,85.0,1026.7,3.8,323.0,49.0,9.0,-0.599999999999909,0.8333333333332575,94.0,71.14285714285714,4.214285714285714,-2.851064091286446,0.0,3.291666666666657
2021-12-15,0.0,-0.5,10.5,81.0,1029.5,4.4,324.0,62.0,4.0,2.7999999999999545,1.8166666666668334,49.857142857142854,-35.142857142857146,4.700000000000001,-9.058890930612847,0.0,-5.125
2021-12-16,0.0,-0.8,8.5,86.0,1031.7,4.8,325.0,6.0,10.0,0.3000000000001819,0.966666666666697,0.0,-0.8571428571428571,4.000000000000001,4.848605163140121,0.0,4.333333333333343
2021-12-17,0.0,-1.1,10.1,83.0,1031.6,5.8,336.0,17.0,5.0,-2.5,1.9708333333335304,35.142857142857146,31.000000000000004,4.042857142857143,42.52162039652546,0.0,6.25
2021-12-18,0.0,0.1,9.8,80.0,1032.5,5.9,302.0,26.0,8.0,0.5,2.304166666666788,1.2857142857142858,-42.85714285714286,4.1000000000000005,-57.711903670285665,0.0,15.083333333333329
2021-12-19,0.0,-0.7,3.5,86.0,1025.0,2.7,259.0,40.0,8.0,-8.0,6.920833333333235,69.57142857142857,62.285714285714285,2.314285714285714,-63.8786941625614,0.0,11.875
2021-12-20,0.0,-1.6,10.0,77.0,1018.9,4.1,356.0,47.0,3.0,4.399999999999977,3.6041666666666288,1.4285714285714286,-80.28571428571428,6.814285714285715,-39.71357845116711,0.0,-2.25
2021-12-21,0.0,-1.4,4.8,77.0,1024.5,4.0,4.0,90.0,0.0,-0.7000000000000455,0.8958333333333712,100.0,0.4285714285714306,3.885714285714286,47.16121756868762,0.0,-2.4583333333333286
2021-12-22,0.0,-0.3,7.4,81.0,1025.7,3.9,352.0,50.0,2.0,2.2000000000000455,1.7583333333335531,24.285714285714285,-26.285714285714285,5.042857142857143,78.7503675400472,0.0,3.3333333333333286
2021-12-23,0.0,-3.1,5.0,87.0,1023.2,4.6,313.0,90.0,11.0,-3.599999999999909,3.1958333333333258,99.85714285714286,1.142857142857153,3.214285714285714,-76.48427294995525,0.0,8.75
2021-12-24,0.0,-2.6,3.7,85.0,1015.5,2.8,311.0,77.0,9.0,-4.599999999999909,3.7291666666666288,100.0,32.28571428571429,3.5857142857142854,-70.31218415699408,0.0,-3.2916666666666714
2021-12-25,0.1,-0.8,5.9,82.0,1009.5,3.1,320.0,100.0,1.0,-2.7000000000000455,2.575000000000273,100.0,0.4285714285714306,3.357142857142857,-22.395294385257046,0.0,5.541666666666657
2021-12-26,0.6,0.4,8.2,89.0,1008.4,4.1,339.0,85.0,10.0,1.8999999999999773,1.6916666666664923,100.0,13.857142857142861,2.3999999999999995,1.204424243554854,3.0,-4.166666666666657
2021-12-27,0.0,3.0,7.8,88.0,1009.5,3.2,343.0,100.0,12.0,-0.40000000000009095,0.7499999999997726,98.85714285714286,-1.1428571428571388,2.6000000000000005,18.75228522746488,0.0,-1.5416666666666714
2021-12-28,0.9,2.0,9.2,91.0,1008.7,3.9,296.0,89.0,18.0,-0.6000000000000227,1.2791666666664696,96.14285714285714,6.428571428571431,2.7428571428571424,-110.76785570999584,2.0,6.041666666666657
2021-12-29,0.0,2.5,9.2,91.0,1010.0,5.5,318.0,89.0,17.0,3.7000000000000455,2.550000000000182,99.0,31.14285714285714,2.642857142857143,50.80723451313236,0.0,5.166666666666671
2021-12-30,0.0,2.1,11.1,88.0,1019.4,4.7,305.0,93.0,11.0,6.100000000000023,5.408333333333644,98.85714285714286,9.0,2.8857142857142857,-57.6494771799986,0.0,3.8333333333333286
2021-12-31,0.0,2.5,9.8,89.0,1024.8,3.3,297.0,15.0,8.0,0.10000000000013642,0.8999999999999773,31.285714285714285,31.285714285714285,2.4285714285714284,-61.74520976338869,0.0,10.166666666666657
2022-01-01,0.0,0.7,9.6,91.0,1025.8,3.7,306.0,63.0,15.0,0.6000000000001364,0.9916666666667879,50.0,-28.0,2.3571428571428568,-41.04566825649823,0.0,6.0
2022-01-02,0.0,0.1,6.1,88.0,1025.4,4.1,355.0,62.0,13.0,-2.1000000000001364,1.4916666666666742,98.0,74.14285714285714,3.2142857142857144,77.25939182999946,0.0,5.75
2022-01-03,0.0,2.1,7.0,93.0,1020.9,4.4,281.0,100.0,19.0,-2.1000000000000227,2.900000000000091,100.0,0.0,1.2142857142857146,-20.063168629864293,0.0,0.2916666666666714
2022-01-04,0.0,3.6,6.2,88.0,1012.7,4.1,313.0,100.0,7.0,-3.8999999999999773,4.52916666666647,100.0,0.0,1.8000000000000003,-166.57443940565076,0.0,4.75
2022-01-05,24.2,2.9,9.3,92.0,1003.6,6.0,21.0,100.0,22.0,-2.7000000000000455,3.3041666666669016,100.0,0.0,1.6714285714285715,-14.086888048959054,17.0,-1.2083333333333286
2022-01-06,5.1,-1.1,7.9,87.0,1013.2,4.5,11.0,42.0,13.0,6.099999999999909,6.358333333333462,0.0,-57.0,4.5,8.247766833326523,5.0,-4.208333333333343
2022-01-07,0.0,-2.6,5.7,65.0,1020.7,5.3,332.0,28.0,1.0,-3.7999999999999545,2.204166666666424,43.42857142857143,25.142857142857146,9.357142857142858,87.44787349191142,0.0,-9.041666666666664
2022-01-08,0.0,-4.5,5.4,72.0,1015.3,5.4,311.0,32.0,0.0,-2.2999999999999545,2.7083333333333712,15.142857142857142,6.285714285714285,7.5,-40.8142011973149,0.0,11.0
2022-01-09,0.0,-3.5,5.7,74.0,1006.5,4.6,315.0,95.0,0.0,-2.5,2.2749999999999773,100.0,1.8571428571428612,6.685714285714286,-37.14915272594743,0.0,2.25
2022-01-10,0.0,-2.7,9.9,67.0,1010.9,6.9,332.0,64.0,2.0,5.400000000000091,4.412499999999909,35.57142857142857,-52.14285714285714,9.514285714285714,27.41679584077525,0.0,-8.791666666666671
2022-01-11,0.0,-1.5,10.2,56.0,1022.8,8.3,325.0,0.0,0.0,4.599999999999909,4.462500000000205,0.0,0.0,8.67142857142857,59.14715932230649,0.0,6.291666666666664
2022-01-12,0.0,-3.8,5.5,60.0,1031.2,6.1,329.0,4.0,0.0,3.1000000000001364,2.9458333333334394,14.571428571428571,14.571428571428571,7.785714285714286,70.8373445515839,0.0,5.625000000000007
2022-01-13,0.0,-3.5,6.1,68.0,1037.0,4.0,317.0,14.0,0.0,0.40000000000009095,1.304166666666788,32.142857142857146,29.71428571428572,6.728571428571428,-83.54308602320876,0.0,9.166666666666671
2022-01-14,0.0,-1.8,6.9,74.0,1031.2,4.3,333.0,0.0,0.0,-6.199999999999818,4.3250000000000455,0.0,0.0,5.728571428571429,-23.1745515665084,0.0,5.5
2022-01-15,0.0,-0.4,10.0,72.0,1025.8,4.6,349.0,0.0,0.0,0.0,0.8833333333334394,0.0,0.0,7.185714285714286,-11.612727703113023,0.0,-0.8333333333333286
2022-01-16,0.0,-2.0,8.9,81.0,1024.3,4.2,324.0,0.0,8.0,-2.1000000000000227,1.875000000000341,0.0,0.0,5.771428571428572,-15.10018200755087,0.0,-0.4583333333333428
2022-01-17,0.0,-2.7,10.1,85.0,1025.5,6.4,333.0,24.0,12.0,-2.800000000000068,2.579166666666765,22.142857142857142,-6.428571428571431,3.7857142857142856,-121.4697372954804,0.0,5.458333333333329
2022-01-18,0.0,-0.7,9.7,69.0,1032.2,5.8,339.0,12.0,0.0,4.899999999999864,4.749999999999773,0.2857142857142857,-0.14285714285714285,7.685714285714285,29.348337066837416,0.0,3.0
2022-01-19,0.0,-2.1,7.6,82.0,1031.1,4.7,333.0,5.0,3.0,-6.5,5.587499999999864,2.4285714285714284,-4.0,4.8999999999999995,98.4556990080493,0.0,5.333333333333343
2022-01-20,0.0,-1.4,7.0,87.0,1021.4,3.9,279.0,37.0,16.0,-4.0,3.0958333333331893,12.714285714285714,-53.57142857142858,3.6999999999999997,-43.548782241203696,0.0,5.083333333333329
2022-01-21,0.0,-2.6,8.1,65.0,1023.7,6.9,309.0,2.0,0.0,3.699999999999932,3.7875000000000227,1.1428571428571428,-3.5714285714285716,8.328571428571427,-69.93164533311204,0.0,8.583333333333343
2022-01-22,0.0,-3.9,5.7,71.0,1026.1,5.2,334.0,16.0,0.0,-0.7000000000000455,1.9458333333334394,37.714285714285715,33.142857142857146,5.671428571428572,-17.170992138985525,0.0,8.041666666666671
2022-01-23,0.0,-3.4,7.1,75.0,1030.2,4.3,325.0,25.0,0.0,-0.599999999999909,0.787499999999909,8.285714285714286,-54.714285714285715,7.285714285714286,-23.172320080923157,0.0,8.375
2022-01-24,0.0,-2.3,7.3,78.0,1032.6,5.6,9.0,18.0,0.0,2.7999999999999545,2.1416666666666515,30.571428571428573,27.142857142857146,5.042857142857144,36.499642853399564,0.0,2.375
2022-01-25,0.0,0.5,6.2,84.0,1033.3,4.0,21.0,85.0,5.0,-4.0,2.533333333333303,55.142857142857146,-44.42857142857142,3.1,-130.60688372605208,0.0,8.75
2022-01-26,0.0,-0.3,6.4,90.0,1028.9,4.2,284.0,52.0,16.0,-2.199999999999818,1.5458333333333485,21.857142857142858,-43.0,2.814285714285714,-65.24853543619173,0.0,4.083333333333329
2022-01-27,0.0,-1.9,3.7,89.0,1026.9,3.8,299.0,99.0,15.0,-1.2999999999999545,1.712500000000091,100.0,2.4285714285714306,2.5285714285714285,-57.13964634382506,0.0,10.583333333333329
2022-01-28,0.0,-1.0,9.2,78.0,1026.2,6.8,311.0,65.0,8.0,2.7000000000000455,2.6583333333335304,9.285714285714286,-88.42857142857142,3.957142857142857,-20.987877415631942,0.0,-28.291666666666664
2022-01-29,0.0,-1.6,7.8,62.0,1029.4,4.6,329.0,63.0,0.0,-3.2000000000000455,4.095833333333303,36.857142857142854,-49.857142857142854,7.742857142857142,97.34346433615639,0.0,17.79166666666667
2022-01-30,0.0,-1.9,8.9,81.0,1020.5,5.1,343.0,10.0,8.0,-2.400000000000091,2.6083333333333485,0.0,-6.428571428571429,6.257142857142858,63.95348351651586,0.0,-0.25
2022-01-31,0.0,-1.5,7.5,72.0,1011.2,5.3,322.0,51.0,0.0,-10.200000000000045,5.90833333333353,42.0,-57.71428571428571,5.757142857142858,-16.79646741159155,0.0,4.125
2022-02-01,0.0,-1.5,11.8,63.0,1011.2,6.3,318.0,44.0,0.0,3.900000000000091,4.675000000000182,40.57142857142857,-27.14285714285714,7.800000000000002,-17.77800648802605,0.0,-16.25
2022-02-02,0.0,1.1,11.5,70.0,1012.0,5.6,349.0,82.0,0.0,0.7999999999999545,1.7833333333330756,85.85714285714286,-10.857142857142847,5.8999999999999995,-104.338181134226,0.0,1.3333333333333428
2022-02-03,0.0,0.9,11.0,70.0,1022.1,4.7,13.0,59.0,0.0,1.5,4.708333333333599,99.85714285714286,66.0,6.542857142857144,-1.5468458089087278,0.0,9.5
2022-02-04,0.0,2.0,10.6,83.0,1018.4,4.3,314.0,33.0,11.0,-2.8999999999999773,1.9916666666665606,27.714285714285715,21.571428571428573,5.9142857142857155,-85.876967061655,0.0,5.416666666666657
2022-02-05,0.0,1.2,11.4,84.0,1019.5,6.5,338.0,30.0,10.0,3.2000000000000455,2.8583333333333485,8.714285714285714,-33.714285714285715,5.2,-36.41840563721581,0.0,2.791666666666657
2022-02-06,0.0,0.7,7.5,89.0,1020.8,4.1,237.0,89.0,11.0,-5.600000000000023,6.662499999999795,100.0,0.0,2.342857142857143,-109.69323820821515,0.0,3.4583333333333286
2022-02-07,1.7,3.0,12.6,57.0,1013.9,10.3,331.0,53.0,5.0,15.099999999999909,9.204166666666538,16.857142857142858,-55.14285714285714,19.428571428571427,0.04621276909881544,1.0,-20.208333333333336
2022-02-08,0.0,-1.7,9.6,56.0,1029.2,6.0,343.0,8.0,0.0,1.7999999999999545,4.4791666666667425,17.428571428571427,8.428571428571427,10.4,54.89584370136231,0.0,12.583333333333329
2022-02-09,0.0,-0.7,10.0,63.0,1030.8,3.7,338.0,19.0,0.0,-2.5,1.6375000000000455,0.0,-34.714285714285715,11.357142857142858,69.85302440419736,0.0,-1.1666666666666643
2022-02-10,0.0,-0.5,8.9,73.0,1027.3,5.1,11.0,12.0,0.0,-2.7000000000000455,1.8458333333330756,10.428571428571429,7.142857142857143,7.314285714285715,13.021670710078155,0.0,5.25
2022-02-11,0.0,0.0,10.1,78.0,1024.3,5.9,345.0,62.0,3.0,-0.2999999999999545,1.933333333333053,83.71428571428571,44.71428571428571,5.0857142857142845,36.386255106118995,0.0,-4.541666666666657
2022-02-12,0.0,-2.1,9.8,51.0,1031.5,8.1,24.0,0.0,0.0,-0.900000000000091,2.699999999999818,0.0,0.0,12.757142857142856,75.00815700527778,0.0,8.416666666666664
2022-02-13,0.0,-3.4,8.6,68.0,1027.5,6.2,311.0,25.0,0.0,-4.900000000000091,3.824999999999818,12.0,-39.714285714285715,9.442857142857141,-81.42154069317192,0.0,5.125
2022-02-14,0.0,-2.6,5.6,77.0,1019.8,4.0,307.0,61.0,2.0,-3.800000000000068,2.4583333333333712,96.14285714285714,46.57142857142857,6.671428571428571,-137.74365229007682,0.0,-0.0833333333333286
2022-02-15,27.6,3.3,7.4,89.0,1013.6,6.2,2.0,99.0,17.0,-1.0,2.041666666666515,100.0,0.0,1.3000000000000003,-29.11035700876255,17.0,1.4583333333333286
2022-02-16,0.2,0.4,11.7,83.0,1016.3,5.7,283.0,60.0,12.0,-2.5,1.662499999999909,95.57142857142857,65.57142857142857,5.9142857142857155,-76.25942559768956,1.0,-0.7083333333333286
2022-02-17,0.0,2.4,8.3,91.0,1012.7,4.2,45.0,92.0,18.0,-1.5,1.5958333333330756,93.0,-7.0,2.3714285714285714,59.57413267724024,0.0,0.08333333333334281
2022-02-18,0.0,4.3,11.5,85.0,1016.0,4.0,301.0,61.0,12.0,-1.1999999999999318,1.8208333333333258,51.714285714285715,-18.142857142857146,4.757142857142855,-83.2618195835392,0.0,4.333333333333329
2022-02-19,0.0,5.7,10.5,91.0,1015.8,4.4,19.0,90.0,14.0,2.7000000000000455,2.2333333333333485,100.0,7.142857142857139,2.457142857142857,-38.38941007028936,0.0,1.1666666666666714
2022-02-20,0.1,7.3,13.1,81.0,1018.4,4.7,163.0,82.0,5.0,-0.6000000000000227,1.2541666666664923,60.142857142857146,-39.857142857142854,5.5,-12.110687665736009,0.0,-1.1666666666666714
2022-02-21,0.7,5.0,11.3,92.0,1008.9,5.0,50.0,79.0,20.0,-7.2999999999999545,5.195833333333098,59.42857142857143,-40.57142857142857,2.328571428571429,-50.49532399267605,1.0,1.0416666666666714
2022-02-22,0.0,1.1,14.1,63.0,1014.7,8.4,334.0,20.0,3.0,5.300000000000068,5.999999999999886,35.142857142857146,24.42857142857143,12.785714285714286,-123.00380081988294,0.0,-5.875
2022-02-23,0.0,-0.3,12.5,66.0,1024.7,4.6,341.0,6.0,0.0,2.8999999999999773,2.970833333333303,0.0,-8.714285714285714,9.114285714285716,66.21602041826384,0.0,7.541666666666671
2022-02-24,0.0,-0.7,11.9,71.0,1023.3,4.7,337.0,64.0,3.0,-6.600000000000023,4.808333333333508,99.85714285714286,28.142857142857153,9.357142857142858,60.33487715255626,0.0,-9.333333333333329
2022-02-25,0.9,1.0,11.5,78.0,1019.1,7.0,57.0,50.0,2.0,1.2999999999999545,1.625,94.42857142857143,74.57142857142857,4.657142857142857,67.86965653958214,3.0,2.0
2022-02-26,0.0,-0.9,11.1,63.0,1025.4,7.0,357.0,32.0,3.0,-0.3000000000001819,1.1458333333332575,19.857142857142858,18.285714285714285,12.7,83.62765301906887,0.0,-15.25
2022-02-27,0.0,-0.1,11.0,46.0,1027.0,10.9,12.0,25.0,0.0,-0.20000000000004547,1.283333333333303,42.857142857142854,30.857142857142854,16.442857142857143,113.45029232982887,0.0,6.541666666666664
2022-02-28,0.4,-2.9,9.2,62.0,1027.8,7.9,275.0,21.0,0.0,-2.2999999999999545,2.787499999999909,42.857142857142854,42.857142857142854,9.6,-164.5315774649516,1.0,6.875
2022-03-01,0.1,-1.4,9.3,66.0,1029.9,8.9,289.0,4.0,0.0,-4.7000000000000455,2.929166666666788,0.0,0.0,11.514285714285714,-43.02586045665018,0.0,2.9583333333333286
2022-03-02,0.0,-1.7,9.1,68.0,1024.1,5.4,346.0,44.0,0.0,-6.0,3.4375,88.85714285714286,66.85714285714286,8.328571428571427,-129.47222842321548,0.0,0.2083333333333286
2022-03-03,2.2,-0.5,11.1,70.0,1017.4,4.3,256.0,22.0,2.0,-6.0,3.949999999999818,6.857142857142857,6.857142857142857,8.528571428571428,-98.29148708902736,2.0,2.958333333333343
2022-03-04,0.2,0.7,10.9,69.0,1015.6,6.9,17.0,45.0,4.0,0.2999999999999545,1.224999999999909,68.85714285714286,54.0,12.685714285714285,-6.6081649892305165,0.0,-1.625
2022-03-05,0.0,-0.5,9.2,59.0,1018.4,7.2,62.0,39.0,0.0,-2.599999999999909,2.520833333333485,35.42857142857143,1.142857142857146,13.2,90.82481484548367,0.0,-3.8333333333333357
2022-03-06,0.0,-1.6,8.7,56.0,1018.2,5.3,58.0,44.0,0.0,-2.199999999999932,2.1249999999998863,61.42857142857143,47.0,12.685714285714283,85.9166590278569,0.0,2.2083333333333286
2022-03-07,0.0,-1.6,8.1,63.0,1019.3,5.4,307.0,8.0,0.0,-1.6000000000000227,1.8958333333332575,2.4285714285714284,0.9999999999999998,9.428571428571429,-161.470798630035,0.0,5.791666666666664
2022-03-08,0.0,1.3,8.9,55.0,1023.0,7.5,268.0,50.0,0.0,-1.3999999999999773,1.3833333333330984,34.0,-15.42857142857143,12.700000000000001,-117.44594753247998,0.0,6.75
2022-03-09,0.0,-2.2,11.2,66.0,1023.8,5.8,303.0,11.0,0.0,-1.5,1.4875000000000682,0.0,-20.285714285714285,10.87142857142857,-45.043302065977,0.0,-0.6666666666666714
2022-03-10,0.0,-1.7,13.7,69.0,1025.2,5.4,333.0,0.0,3.0,-2.0,1.879166666666606,0.0,0.0,11.071428571428571,-154.42827911892604,0.0,-1.9583333333333286
2022-03-11,0.0,2.6,8.0,65.0,1028.8,6.2,82.0,84.0,0.0,-1.2000000000000455,1.3166666666663787,100.0,10.285714285714292,9.428571428571429,82.91366121786012,0.0,2.166666666666657
2022-03-12,0.0,-1.1,8.5,50.0,1029.4,7.3,81.0,41.0,0.0,-2.0,1.616666666666788,2.142857142857143,-62.285714285714285,14.885714285714284,74.82531900664713,0.0,3.875
2022-03-13,0.0,-3.1,9.2,63.0,1027.8,5.5,272.0,0.0,0.0,-1.099999999999909,1.566666666666606,0.0,-0.2857142857142857,11.9,-150.0819130152198,0.0,5.666666666666671
2022-03-14,0.0,-1.3,11.4,71.0,1032.5,5.1,265.0,55.0,0.0,2.0,2.808333333333394,85.71428571428571,45.857142857142854,8.571428571428573,-109.41854314821876,0.0,9.541666666666671
2022-03-15,1.4,2.5,11.2,79.0,1034.0,4.4,247.0,100.0,6.0,-4.5,3.733333333333121,99.0,-1.0,6.228571428571428,179.1304216319424,1.0,6.0
2022-03-16,0.0,3.7,10.4,88.0,1026.3,5.4,49.0,73.0,12.0,-1.3999999999998636,1.6124999999999545,70.57142857142857,-2.0,3.842857142857143,-14.89720897966103,0.0,-0.375
2022-03-17,0.0,5.1,14.6,73.0,1027.5,4.8,11.0,91.0,6.0,-0.5,0.9874999999999545,100.0,0.0,8.72857142857143,70.41302441028796,0.0,-3.4166666666666714
2022-03-18,0.0,6.4,15.3,57.0,1033.0,9.1,74.0,69.0,0.0,2.0,2.9458333333334394,25.714285714285715,-74.28571428571428,11.9,52.718547216135676,0.0,-0.0833333333333357
2022-03-19,0.0,1.8,13.1,55.0,1035.5,7.6,81.0,0.0,0.0,-4.400000000000091,3.183333333333394,0.0,-0.42857142857142855,13.37142857142857,163.65556098577474,0.0,-5.583333333333329
2022-03-20,0.0,3.2,12.1,43.0,1036.6,11.3,53.0,14.0,0.0,-1.0,1.4624999999998636,26.285714285714285,19.142857142857142,16.24285714285714,37.58506976419682,0.0,-6.333333333333336
2022-03-21,0.0,-0.5,12.7,46.0,1036.6,5.2,25.0,6.0,0.0,-3.400000000000091,2.5249999999998636,0.0,0.0,14.971428571428572,158.36612839096313,0.0,4.708333333333329
2022-03-22,0.0,-1.9,14.8,50.0,1035.3,7.4,16.0,0.0,0.0,-3.099999999999909,2.3708333333331666,0.0,0.0,17.17142857142857,48.57131120456029,0.0,-1.4583333333333357
2022-03-23,0.0,3.0,18.7,47.0,1030.7,7.8,327.0,0.0,0.0,-4.099999999999909,2.8458333333330756,0.0,0.0,18.714285714285715,133.1968722086424,0.0,-3.75
2022-03-24,0.0,5.3,20.2,49.0,1026.2,9.0,300.0,0.0,0.0,-2.7999999999999545,2.245833333333394,0.0,0.0,15.914285714285713,-68.49236707941088,0.0,1.7083333333333286
2022-03-25,0.0,3.5,20.0,55.0,1025.1,5.9,336.0,0.0,0.0,-2.4999999999998863,2.049999999999841,0.0,0.0,16.014285714285712,-158.88546191180896,0.0,1.125
2022-03-26,0.0,5.6,20.8,53.0,1026.4,7.4,347.0,1.0,0.0,-0.900000000000091,1.191666666666606,0.0,0.0,17.285714285714285,155.44120877017315,0.0,7.0
2022-03-27,0.0,5.1,20.8,51.0,1027.9,7.9,297.0,0.0,0.0,-1.5,1.570833333333212,0.0,0.0,17.242857142857144,-127.32503288882734,0.0,-1.2916666666666643
2022-03-28,0.0,4.4,18.7,60.0,1024.9,7.0,20.0,0.0,0.0,-4.600000000000023,3.0958333333335304,0.0,0.0,11.9,155.60981184092566,0.0,9.708333333333336
2022-03-29,0.0,4.5,15.5,78.0,1016.1,5.0,80.0,66.0,6.0,-7.899999999999977,5.183333333333167,74.57142857142857,-23.0,8.185714285714285,87.04353301509008,0.0,1.1666666666666572
2022-03-30,0.2,6.5,13.3,83.0,1006.1,5.7,63.0,93.0,10.0,-5.7000000000000455,4.899999999999977,91.42857142857143,-8.57142857142857,4.957142857142857,46.144748856454754,0.0,2.9166666666666714
2022-03-31,10.4,6.1,13.4,89.0,994.2,5.2,328.0,97.0,18.0,-4.600000000000023,3.295833333333576,98.28571428571429,-1.7142857142857082,3.2285714285714286,-81.69196333956637,14.0,-0.2916666666666572
2022-04-01,18.4,5.9,11.2,91.0,993.2,7.1,52.0,100.0,22.0,0.7999999999999545,1.4916666666665606,100.0,0.0,2.3714285714285714,16.803239178429237,16.0,2.041666666666657
2022-04-02,6.7,5.0,8.4,81.0,1000.7,8.0,56.0,100.0,8.0,6.7000000000000455,5.054166666666561,100.0,0.0,5.471428571428572,30.032806987936794,9.0,-4.625
2022-04-03,0.2,2.6,10.6,72.0,1013.9,4.7,307.0,91.0,3.0,5.099999999999909,5.591666666666583,97.71428571428571,23.0,9.599999999999998,48.45876846820613,0.0,1.3333333333333286
2022-04-04,0.1,2.2,10.5,76.0,1018.3,5.8,295.0,51.0,6.0,-3.300000000000068,2.5041666666667197,36.857142857142854,-5.285714285714292,7.642857142857143,137.9871030890962,0.0,3.3333333333333286
2022-04-05,0.0,1.4,13.4,79.0,1013.7,4.5,35.0,13.0,9.0,-2.300000000000068,2.3791666666668334,29.571428571428573,28.0,7.3999999999999995,100.89580957883612,0.0,1.5833333333333428
2022-04-06,0.0,4.3,13.8,78.0,1011.1,4.2,12.0,43.0,5.0,-5.100000000000023,4.183333333333394,86.42857142857143,81.57142857142857,6.985714285714286,167.05005274207798,0.0,-1.2083333333333286
2022-04-07,0.0,5.5,16.3,77.0,1004.0,7.1,148.0,81.0,4.0,-1.7000000000000455,1.9791666666666288,90.85714285714286,39.28571428571429,7.085714285714286,-112.94388997521881,0.0,7.291666666666671
2022-04-08,1.2,6.7,18.1,83.0,1003.3,5.2,87.0,91.0,11.0,-1.3000000000000682,3.262500000000159,96.42857142857143,9.857142857142861,6.614285714285714,126.19756799474033,3.0,4.875
2022-04-09,1.3,5.2,14.6,83.0,1002.6,12.0,74.0,91.0,12.0,9.699999999999932,5.379166666666492,99.71428571428571,20.428571428571416,4.928571428571429,13.767865784603941,3.0,-7.541666666666671
2022-04-10,0.0,-0.6,15.1,55.0,1017.0,7.2,287.0,21.0,0.0,1.5,3.4041666666665833,38.0,35.714285714285715,17.4,-124.77059762768522,0.0,-9.041666666666671
2022-04-11,0.0,3.5,14.6,58.0,1022.1,6.2,62.0,57.0,0.0,-1.8999999999999773,1.5624999999998863,78.57142857142857,24.428571428571423,12.0,85.96115789115976,0.0,7.166666666666671
2022-04-12,0.0,4.6,16.9,70.0,1020.7,5.0,76.0,75.0,0.0,-1.5,1.6416666666668789,97.71428571428571,39.857142857142854,9.614285714285714,88.2343822732854,0.0,6.625
2022-04-13,0.0,6.3,17.5,73.0,1020.1,5.7,11.0,95.0,1.0,-0.8999999999999773,1.095833333333303,100.0,15.0,9.714285714285714,169.40816652465514,0.0,2.3333333333333286
2022-04-14,0.0,6.7,22.4,66.0,1019.4,6.6,310.0,48.0,5.0,-0.6000000000000227,1.2083333333333712,38.142857142857146,-24.14285714285714,13.428571428571429,178.13809507454073,0.0,-0.75
2022-04-15,0.0,8.0,21.2,68.0,1019.9,5.0,318.0,52.0,0.0,-2.1000000000000227,1.6791666666665606,74.85714285714286,24.142857142857146,11.742857142857144,109.44707908380724,0.0,0.4583333333333428
2022-04-16,6.8,9.2,17.9,75.0,1019.6,7.4,360.0,31.0,6.0,0.10000000000002274,1.645833333333485,58.42857142857143,41.57142857142857,6.557142857142857,-95.08545190902765,4.0,5.791666666666671
2022-04-17,0.0,6.8,15.2,57.0,1020.9,5.8,184.0,25.0,0.0,-5.699999999999932,4.100000000000023,60.0,42.57142857142857,14.42857142857143,34.66196339647843,0.0,3.9583333333333357
2022-04-18,0.0,5.4,15.7,53.0,1016.4,8.2,262.0,32.0,0.0,-4.899999999999977,3.3041666666665606,42.42857142857143,20.000000000000004,12.499999999999998,-34.400651595296495,0.0,-2.8333333333333357
2022-04-19,0.0,4.1,15.1,60.0,1011.5,7.2,42.0,36.0,1.0,-4.100000000000023,2.875,21.857142857142858,-38.71428571428571,10.885714285714286,75.02667273434369,0.0,5.333333333333336
2022-04-20,0.0,7.4,14.9,63.0,1013.7,6.4,186.0,63.0,0.0,-0.8999999999999773,2.1124999999999545,86.14285714285714,24.285714285714285,9.771428571428572,86.16092479537383,0.0,0.4166666666666643
2022-04-21,0.0,5.9,14.9,66.0,1011.0,5.7,64.0,82.0,0.0,-2.1000000000000227,4.329166666666993,100.0,14.714285714285708,9.942857142857141,20.62099536263213,0.0,-2.625000000000007
2022-04-22,16.9,9.7,13.8,83.0,1002.6,6.7,18.0,96.0,16.0,0.7999999999999545,2.166666666666515,98.71428571428571,-1.2857142857142918,3.0714285714285707,45.05456050595933,17.0,-3.708333333333343
2022-04-23,9.4,8.2,16.0,84.0,1007.0,6.0,160.0,85.0,8.0,1.0,1.574999999999818,99.71428571428571,3.5714285714285694,4.714285714285714,-94.57757544010113,5.0,3.9583333333333286
2022-04-24,6.2,9.0,14.9,81.0,1005.6,7.4,168.0,77.0,11.0,1.2000000000000455,1.1541666666664696,64.0,-11.57142857142857,6.6571428571428575,-37.305235563219895,9.0,4.375
2022-04-25,0.2,6.8,15.6,80.0,1010.0,5.1,89.0,85.0,4.0,4.100000000000023,2.6749999999999545,86.85714285714286,7.714285714285722,5.771428571428572,61.79401201414848,0.0,3.5416666666666714
2022-04-26,8.8,8.8,16.6,85.0,1014.0,5.2,81.0,54.0,11.0,-0.1999999999999318,0.9083333333330756,59.142857142857146,18.142857142857146,5.5,102.32407931880033,7.0,5.875
2022-04-27,0.0,8.0,18.2,71.0,1018.5,5.2,138.0,11.0,8.0,1.8000000000000682,2.429166666666788,4.571428571428571,2.142857142857143,10.62857142857143,-57.02527812062965,0.0,-11.458333333333329
2022-04-28,0.0,9.1,20.1,68.0,1023.7,5.0,298.0,32.0,0.0,-1.2000000000000455,1.7208333333331893,13.714285714285714,-50.42857142857142,10.514285714285714,-108.34118920584848,0.0,5.5
2022-04-29,0.0,9.8,19.7,61.0,1024.8,6.5,45.0,33.0,0.0,-4.0,3.0624999999997726,28.857142857142858,-14.428571428571427,13.700000000000001,69.85102131552648,0.0,-0.125
2022-04-30,0.0,8.4,20.4,57.0,1020.1,7.4,1.0,69.0,0.0,-4.7000000000000455,3.245833333333394,92.71428571428571,27.285714285714278,13.51428571428571,176.7837341166142,0.0,3.6666666666666643
2022-05-01,0.7,11.0,20.6,61.0,1016.3,12.5,19.0,84.0,1.0,-0.8000000000000682,1.1833333333332803,78.0,-11.714285714285708,11.257142857142858,82.31436918027703,2.0,9.541666666666664
2022-05-02,0.0,9.8,19.8,69.0,1014.8,8.1,11.0,76.0,1.0,-2.1000000000000227,2.1708333333333485,66.0,-12.714285714285708,10.242857142857142,90.29292762556145,0.0,-3.0416666666666714
2022-05-03,0.0,10.4,22.0,63.0,1014.4,6.7,315.0,57.0,0.0,-0.8000000000000682,1.1791666666666742,82.28571428571429,66.42857142857143,12.842857142857142,-128.4207551984245,0.0,-0.7916666666666643
2022-05-04,0.0,10.4,21.7,65.0,1016.8,6.5,130.0,89.0,0.0,-0.5,1.2749999999999773,98.85714285714286,-0.857142857142847,11.728571428571428,115.62353911065009,0.0,-0.375
2022-05-05,0.3,10.2,20.3,72.0,1019.8,6.2,97.0,76.0,2.0,0.6000000000000227,0.8249999999999318,100.0,35.85714285714286,8.885714285714286,70.49423107933234,1.0,8.5
2022-05-06,4.9,12.6,15.5,89.0,1020.4,3.8,51.0,100.0,16.0,0.5,0.5125000000000455,100.0,0.0,2.271428571428572,-34.164161628344516,12.0,1.75
2022-05-07,2.8,11.9,17.6,87.0,1019.3,3.8,328.0,100.0,16.0,-1.099999999999909,1.4125000000001364,100.0,0.0,3.842857142857143,40.051385960345215,7.0,-1.0416666666666714
2022-05-08,0.8,13.7,21.6,69.0,1019.4,8.4,63.0,85.0,5.0,1.2000000000000455,1.6249999999998863,68.57142857142857,-31.42857142857143,12.585714285714287,56.64898481565359,1.0,-6.000000000000007
2022-05-09,0.0,12.5,23.5,62.0,1022.3,8.1,36.0,18.0,0.0,-0.39999999999997726,0.9874999999999545,26.571428571428573,22.42857142857143,13.285714285714286,72.88317888831841,0.0,-3.4166666666666714
2022-05-10,0.0,11.7,24.5,63.0,1021.0,6.4,285.0,14.0,0.0,-3.8999999999999773,2.9208333333333485,12.714285714285714,10.714285714285714,11.87142857142857,-37.90578446423547,0.0,-1.875
2022-05-11,0.0,12.7,25.7,70.0,1019.5,7.3,295.0,70.0,0.0,-2.0,1.5958333333334167,60.857142857142854,-37.00000000000001,10.314285714285715,142.07034085778673,0.0,5.875
2022-05-12,0.0,14.1,25.8,72.0,1019.5,5.9,82.0,25.0,1.0,-1.6000000000000227,1.441666666666606,32.42857142857143,16.000000000000004,9.957142857142857,131.0738033277297,0.0,3.1666666666666714
2022-05-13,0.0,15.4,25.2,73.0,1018.5,5.5,80.0,89.0,4.0,-2.5,2.1666666666667425,99.0,3.142857142857139,8.957142857142857,105.06626796662391,0.0,-1.4583333333333286
2022-05-14,6.4,16.6,24.6,76.0,1018.3,7.7,342.0,78.0,7.0,0.0,0.6000000000000227,62.857142857142854,-30.142857142857146,8.799999999999999,-21.776049882177062,4.0,-0.08333333333334281
2022-05-15,0.4,14.3,27.4,70.0,1017.9,6.8,287.0,36.0,6.0,-1.8000000000000682,1.466666666666697,60.0,27.0,11.257142857142856,-103.32865744072708,1.0,2.125
2022-05-16,0.2,16.7,27.1,70.0,1017.8,4.8,20.0,86.0,5.0,-2.5,1.9791666666666288,97.85714285714286,24.142857142857153,11.100000000000003,105.71899261947738,1.0,-6.166666666666657
2022-05-17,0.0,14.3,25.3,72.0,1017.6,4.9,322.0,34.0,3.0,-2.0,1.9083333333331893,48.57142857142857,45.714285714285715,8.82857142857143,-151.26731524004242,0.0,-5.875
2022-05-18,0.4,16.9,24.9,66.0,1022.0,8.0,77.0,35.0,1.0,3.1000000000000227,3.7166666666668107,38.142857142857146,5.428571428571431,11.728571428571428,74.47021977754156,1.0,-4.375000000000007
2022-05-19,0.0,15.1,23.9,55.0,1026.7,6.4,121.0,31.0,0.0,-1.400000000000091,1.1208333333336213,54.714285714285715,43.142857142857146,12.214285714285714,98.68834176836577,0.0,9.083333333333336
2022-05-20,0.0,14.2,24.7,69.0,1025.0,4.9,172.0,64.0,0.0,-4.000000000000114,2.9041666666668107,66.28571428571429,35.85714285714286,10.77142857142857,70.78819159778323,0.0,3.2916666666666714
2022-05-21,0.0,15.1,26.6,71.0,1018.1,4.1,19.0,50.0,5.0,-4.300000000000068,3.3541666666666288,49.57142857142857,17.14285714285714,10.671428571428573,122.76642631976216,0.0,-3.6666666666666714
2022-05-22,0.0,16.2,27.7,72.0,1012.3,5.7,64.0,57.0,4.0,-4.199999999999932,3.0125000000000455,98.42857142857143,54.85714285714286,9.928571428571429,106.19317942363824,0.0,3.2083333333333286
2022-05-23,0.3,18.5,25.3,79.0,1008.6,5.4,92.0,68.0,6.0,-3.400000000000091,2.3374999999998636,49.714285714285715,-16.999999999999993,7.028571428571429,102.3732962687182,1.0,-2.2916666666666714
2022-05-24,3.3,18.1,26.2,73.0,1007.0,9.7,68.0,96.0,6.0,0.20000000000004547,1.0833333333331439,99.71428571428571,0.1428571428571388,9.3,30.82068782831459,4.0,5.541666666666671
2022-05-25,0.2,14.9,24.8,77.0,1012.4,4.4,13.0,66.0,6.0,3.0,2.7416666666666742,86.57142857142857,20.714285714285708,6.585714285714286,33.57178571545961,0.0,-0.125
2022-05-26,0.1,15.7,26.4,74.0,1019.6,6.6,78.0,43.0,5.0,0.09999999999990905,2.0458333333333485,78.57142857142857,57.57142857142857,9.514285714285714,135.24186970214828,0.0,-0.6666666666666572
2022-05-27,0.1,17.3,28.2,72.0,1016.7,6.3,291.0,66.0,1.0,-5.7999999999999545,4.037500000000023,72.71428571428571,5.142857142857139,9.942857142857141,112.23266680876873,0.0,1.125
2022-05-28,8.8,16.2,21.8,74.0,1011.7,13.5,70.0,90.0,7.0,1.0,1.300000000000182,97.28571428571429,11.285714285714292,8.585714285714287,19.605983757077723,6.0,-7.583333333333329
2022-05-29,0.8,11.8,18.9,62.0,1008.9,9.5,78.0,85.0,1.0,-1.8999999999999773,1.5958333333334167,75.42857142857143,-24.285714285714278,10.085714285714285,27.47043410511023,2.0,3.1666666666666643
2022-05-30,0.0,10.6,21.1,68.0,1010.6,6.2,96.0,39.0,0.0,1.0,1.470833333333303,42.142857142857146,-1.0,11.642857142857142,15.391329956608274,0.0,7.75
2022-05-31,0.0,12.9,23.8,72.0,1014.5,5.2,191.0,48.0,3.0,-2.1000000000000227,1.7833333333334167,34.57142857142857,-47.14285714285714,10.1,128.77158236251933,0.0,0.9166666666666714
2022-06-01,2.1,14.4,24.5,80.0,1015.0,6.2,143.0,31.0,12.0,-1.2000000000000455,1.1208333333335077,35.57142857142857,16.857142857142854,7.314285714285715,105.42410737380652,5.0,0.7083333333333286
2022-06-02,9.0,17.2,26.9,78.0,1016.6,6.0,19.0,56.0,10.0,-0.5,0.7999999999999545,69.14285714285714,33.99999999999999,8.014285714285714,122.02255667614946,6.0,2.166666666666657
2022-06-03,4.1,17.7,27.7,78.0,1018.3,5.4,83.0,88.0,9.0,-1.2000000000000455,1.291666666666515,91.14285714285714,-3.7142857142857224,8.499999999999998,164.3311846036882,3.0,17.625
2022-06-04,0.0,17.0,28.5,78.0,1017.3,5.8,265.0,30.0,7.0,-1.7999999999999545,1.7208333333331893,64.28571428571429,63.28571428571429,8.557142857142857,135.37812742544747,0.0,-0.5833333333333286
2022-06-05,0.3,19.6,29.7,74.0,1015.0,5.7,136.0,69.0,5.0,-4.5,2.879166666666606,58.0,-10.0,9.185714285714285,85.83722095929409,1.0,-2.8333333333333286
2022-06-06,0.0,15.2,28.8,63.0,1014.7,6.7,280.0,25.0,3.0,-1.5,1.7374999999998408,65.85714285714286,64.57142857142857,14.185714285714287,140.66936966660734,0.0,-4.958333333333336
2022-06-07,4.3,18.2,24.2,67.0,1011.6,10.3,337.0,89.0,6.0,-2.699999999999932,1.9875000000000682,99.85714285714286,-0.1428571428571388,6.842857142857142,7.050547008321814,7.0,-13.583333333333336
2022-06-08,0.4,14.1,25.6,66.0,1009.5,7.7,245.0,47.0,3.0,-3.8999999999999773,2.487500000000068,85.28571428571429,74.57142857142858,12.200000000000001,-95.8554143576751,1.0,3.2083333333333286
2022-06-09,22.3,16.1,19.2,85.0,1008.0,6.7,314.0,100.0,16.0,1.3999999999999773,1.3999999999999773,100.0,0.0,2.414285714285714,-84.59288454125823,17.0,-5.541666666666671
2022-06-10,0.0,16.3,27.3,50.0,1014.5,7.2,340.0,50.0,0.0,2.800000000000068,3.3208333333333258,37.42857142857143,0.1428571428571459,15.171428571428574,150.51199288058098,0.0,6.458333333333336
2022-06-11,0.0,15.2,28.1,60.0,1019.1,5.3,283.0,13.0,0.0,-1.1000000000000227,1.1583333333335304,21.857142857142858,20.0,14.728571428571428,25.20280366936123,0.0,1.3333333333333357
2022-06-12,0.0,17.3,29.0,63.0,1019.6,5.7,252.0,13.0,0.0,-3.5,2.4916666666665606,19.857142857142858,19.142857142857142,13.114285714285712,-169.33343254349415,0.0,2.7083333333333357
2022-06-13,0.0,18.0,28.5,65.0,1015.6,4.5,357.0,37.0,0.0,-3.2000000000000455,2.3333333333333712,54.57142857142857,18.285714285714285,11.571428571428573,130.54829519833487,0.0,-2.4166666666666643
2022-06-14,0.1,18.3,27.4,59.0,1018.2,8.3,55.0,22.0,0.0,-1.7999999999999545,2.4458333333334394,12.285714285714286,-6.571428571428571,14.342857142857143,120.93757362191559,0.0,-0.8333333333333286
2022-06-15,0.0,17.8,28.0,64.0,1018.4,5.4,157.0,45.0,0.0,-1.7000000000000455,1.1125000000002956,63.857142857142854,48.14285714285714,11.5,-1.4428257069654933,0.0,-0.8333333333333286
2022-06-16,0.0,18.5,29.3,71.0,1016.9,6.2,249.0,40.0,2.0,-2.2000000000000455,2.008333333333667,44.714285714285715,-6.428571428571431,11.27142857142857,-98.30930971000194,0.0,-1.6666666666666572
2022-06-17,0.0,19.7,30.9,64.0,1018.9,5.9,19.0,69.0,1.0,-0.20000000000004547,1.5833333333335986,68.14285714285714,-23.57142857142857,13.442857142857141,147.66315600252716,0.0,-5.5
2022-06-18,0.0,20.0,29.0,60.0,1021.0,6.7,233.0,57.0,0.0,-4.2000000000000455,3.175000000000068,37.142857142857146,-48.142857142857146,11.942857142857145,138.07928677210907,0.0,-1.25
2022-06-19,0.0,18.9,30.0,60.0,1016.3,6.2,187.0,2.0,0.0,-2.7000000000000455,1.8916666666666515,0.2857142857142857,-2.857142857142857,13.771428571428572,22.25755049069474,0.0,-5.0
2022-06-20,0.0,18.6,30.4,67.0,1012.3,5.5,114.0,4.0,0.0,-3.800000000000068,3.0041666666667197,7.0,7.0,11.242857142857144,94.81893015332469,0.0,3.041666666666657
2022-06-21,0.0,20.9,30.8,69.0,1011.4,5.4,206.0,60.0,3.0,-1.400000000000091,1.2208333333331893,95.0,39.142857142857146,10.614285714285714,-19.18917714600059,0.0,-2.4583333333333286
2022-06-22,0.2,20.3,28.1,73.0,1011.6,5.4,270.0,98.0,3.0,-0.7000000000000455,2.054166666666788,99.28571428571429,3.4285714285714306,9.000000000000002,-88.79777209810868,0.0,-1.0416666666666714
2022-06-23,10.7,20.0,30.1,78.0,1012.2,6.9,57.0,38.0,11.0,0.0,1.4249999999998408,78.71428571428571,63.28571428571428,8.042857142857143,-31.32450711085147,6.0,8.541666666666657
2022-06-24,1.8,19.7,30.1,74.0,1010.8,6.9,151.0,40.0,9.0,-3.2000000000000455,2.316666666666606,46.57142857142857,16.285714285714285,14.185714285714287,73.36561847472868,1.0,-1.75
2022-06-25,0.0,17.4,29.9,63.0,1011.8,7.3,70.0,5.0,4.0,-0.2999999999999545,1.6374999999995907,6.857142857142857,5.571428571428571,17.17142857142857,130.82603869080492,0.0,-4.5
2022-06-26,0.0,19.7,31.2,62.0,1014.5,6.0,99.0,17.0,0.0,-1.2999999999999545,1.0166666666664241,29.428571428571427,23.57142857142857,13.100000000000003,86.55928111426567,0.0,-5.5
2022-06-27,0.0,20.2,32.6,58.0,1014.9,5.6,104.0,16.0,0.0,-1.5,1.1125000000000682,30.714285714285715,30.571428571428573,15.900000000000002,31.693365296889567,0.0,-9.5
2022-06-28,12.7,20.8,33.4,64.0,1014.2,9.4,347.0,54.0,4.0,0.6000000000000227,1.9416666666667197,95.42857142857143,63.714285714285715,9.742857142857144,-58.49946674802351,5.0,9.000000000000007
2022-06-29,10.1,20.3,27.5,73.0,1011.2,10.4,351.0,72.0,7.0,-0.3000000000000682,1.2625000000000455,60.714285714285715,-24.714285714285715,7.700000000000001,118.62365031530709,8.0,-6.166666666666671
2022-06-30,0.1,19.8,30.3,73.0,1011.8,4.9,249.0,29.0,4.0,-0.20000000000004547,0.658333333333303,59.857142857142854,41.71428571428571,9.571428571428571,118.09555400945135,0.0,-3.4583333333333286
2022-07-01,6.4,20.3,29.1,77.0,1013.7,8.9,0.0,39.0,6.0,0.6000000000000227,0.9541666666666515,56.285714285714285,5.142857142857139,6.3428571428571425,-101.4577971450596,3.0,1.1666666666666714
2022-07-02,0.0,18.5,32.4,56.0,1017.6,8.6,14.0,9.0,2.0,-0.2999999999999545,2.004166666666606,2.5714285714285716,2.5714285714285716,16.88571428571429,116.38540960558362,0.0,-5.208333333333336
2022-07-03,0.0,21.2,33.6,54.0,1016.9,5.7,42.0,32.0,0.0,-2.6000000000000227,1.7666666666664241,61.142857142857146,57.714285714285715,16.042857142857144,25.33800394503089,0.0,-3.5833333333333357
2022-07-04,0.3,22.0,33.8,58.0,1014.9,7.5,332.0,61.0,1.0,-3.1000000000000227,2.1958333333333258,80.42857142857143,47.142857142857146,14.357142857142856,32.53998943456435,1.0,2.5416666666666643
2022-07-05,0.0,20.8,31.1,56.0,1014.6,7.5,7.0,32.0,0.0,-0.6000000000000227,1.3874999999999318,38.285714285714285,21.142857142857142,14.071428571428571,20.304055881703107,0.0,0.9583333333333357
2022-07-06,3.0,19.1,30.4,59.0,1017.3,6.3,332.0,33.0,1.0,-2.3999999999999773,1.8125,35.714285714285715,26.571428571428573,15.27142857142857,6.175443353918183,1.0,-9.083333333333329
2022-07-07,2.5,19.4,29.7,63.0,1016.9,8.1,35.0,56.0,4.0,-2.5,2.5458333333333485,56.42857142857143,10.285714285714285,13.571428571428571,87.31091020350084,4.0,2.0416666666666643
2022-07-08,0.0,15.9,28.6,59.0,1019.5,7.1,44.0,10.0,1.0,0.2999999999999545,1.6375000000000455,10.0,-2.571428571428571,17.542857142857144,-35.00177281253383,0.0,-9.708333333333336
2022-07-09,0.0,18.6,27.9,49.0,1021.3,7.6,272.0,46.0,0.0,-4.699999999999932,3.1083333333333485,65.0,31.142857142857146,14.9,-8.550680833224817,0.0,-4.75
2022-07-10,0.0,17.0,29.5,56.0,1016.4,6.8,100.0,45.0,1.0,-2.6000000000000227,2.0375000000000227,30.285714285714285,-1.4285714285714306,17.342857142857145,-28.43388630637969,0.0,0.2083333333333357
2022-07-11,0.2,19.1,26.5,59.0,1018.6,8.0,107.0,62.0,0.0,-0.8000000000000682,0.9749999999997954,72.71428571428571,30.285714285714278,11.114285714285716,75.60076350990684,0.0,4.75
2022-07-12,2.1,17.8,27.9,68.0,1020.7,6.5,54.0,50.0,5.0,-1.6999999999999318,1.4874999999999545,41.285714285714285,-8.857142857142861,11.642857142857142,88.06993815515204,4.0,0.125
2022-07-13,0.7,18.2,30.5,63.0,1022.3,6.9,203.0,19.0,4.0,-3.6000000000000227,2.28750000000025,8.428571428571429,2.7142857142857144,15.157142857142857,148.3171338368934,2.0,-3.4166666666666643
2022-07-14,0.0,19.4,31.1,59.0,1019.0,5.9,209.0,50.0,0.0,-4.699999999999932,3.3708333333331666,46.714285714285715,-20.571428571428577,15.928571428571427,124.36070125849221,0.0,-8.416666666666671
2022-07-15,2.2,19.1,32.5,55.0,1013.9,6.5,78.0,22.0,2.0,-1.6000000000000227,1.7999999999999545,30.571428571428573,26.42857142857143,17.614285714285714,51.53203027628487,2.0,-4.708333333333336
2022-07-16,0.0,21.4,32.5,56.0,1015.9,6.9,90.0,27.0,0.0,-1.8000000000000682,1.5333333333334167,43.57142857142857,36.857142857142854,15.37142857142857,68.26458016059019,0.0,-2.7083333333333357
2022-07-17,1.4,20.7,31.1,58.0,1020.8,8.4,58.0,26.0,1.0,-0.8000000000000682,3.1791666666665606,25.428571428571427,18.857142857142854,15.814285714285715,74.2422432584132,4.0,-9.041666666666664
2022-07-18,0.0,20.7,31.7,47.0,1021.7,7.8,78.0,33.0,0.0,-3.2999999999999545,2.2083333333333712,42.42857142857143,17.42857142857143,16.885714285714286,84.9156727093424,0.0,-0.4166666666666643
2022-07-19,0.0,21.4,33.3,47.0,1020.0,6.2,97.0,15.0,0.0,-3.2000000000000455,2.1791666666666742,19.428571428571427,19.0,19.014285714285712,129.55942176016276,0.0,-6.791666666666671
2022-07-20,0.0,21.8,34.0,46.0,1018.6,6.5,154.0,27.0,0.0,-3.2999999999999545,2.079166666666765,43.142857142857146,16.85714285714286,19.72857142857143,109.15196519320438,0.0,-5.416666666666664
2022-07-21,0.0,21.3,34.8,45.0,1016.5,6.2,199.0,18.0,0.0,-2.2000000000000455,1.6625000000001364,52.857142857142854,46.857142857142854,21.87142857142857,88.1182191443558,0.0,-2.1666666666666643
2022-07-22,0.0,22.7,36.2,45.0,1015.6,7.3,188.0,53.0,0.0,-1.7000000000000455,1.462500000000091,85.28571428571429,64.0,20.814285714285713,-174.7797316307301,0.0,-11.291666666666664
2022-07-23,0.0,23.0,35.9,44.0,1014.3,6.0,154.0,73.0,0.0,-2.300000000000068,1.6000000000002501,98.0,52.142857142857146,21.24285714285714,96.92639437711193,0.0,-4.333333333333336
2022-07-24,0.0,20.6,33.8,51.0,1015.8,6.4,93.0,12.0,0.0,-2.0,1.5750000000000455,11.571428571428571,2.0,17.97142857142857,121.38673684552799,0.0,-10.541666666666664
2022-07-25,0.0,23.0,35.4,54.0,1012.9,7.0,152.0,20.0,0.0,-5.600000000000023,3.5874999999999773,54.857142857142854,52.42857142857142,17.52857142857143,107.18192095298048,0.0,-3.0
2022-07-26,3.2,22.1,33.0,58.0,1010.4,7.8,37.0,46.0,2.0,0.8999999999999773,1.1041666666667425,87.71428571428571,74.85714285714285,13.971428571428573,81.3784422012933,2.0,-6.458333333333336
2022-07-27,1.2,22.1,30.6,57.0,1011.3,8.4,35.0,78.0,2.0,-1.8999999999999773,1.8166666666664923,50.285714285714285,-49.714285714285715,14.55714285714286,45.1648621842462,3.0,-5.875
2022-07-28,0.0,19.7,31.5,56.0,1013.3,8.4,92.0,29.0,0.0,-2.0,1.5458333333332348,64.28571428571429,61.85714285714286,16.357142857142858,101.49408514649463,0.0,-3.9166666666666643
2022-07-29,0.0,21.0,32.7,51.0,1013.3,8.3,295.0,77.0,0.0,-2.5,1.875,93.14285714285714,47.57142857142857,18.385714285714283,-97.52758818827115,0.0,-4.166666666666664
2022-07-30,0.8,19.2,29.1,63.0,1013.8,6.1,215.0,33.0,3.0,0.10000000000002274,1.2958333333332348,22.428571428571427,15.285714285714285,13.942857142857145,-90.97585577472839,2.0,-6.125
2022-07-31,0.0,18.8,32.3,51.0,1015.0,8.8,229.0,11.0,0.0,-3.300000000000068,2.1916666666667197,18.428571428571427,10.57142857142857,20.014285714285712,-157.13928826157596,0.0,-1.625
2022-08-01,0.0,19.3,32.9,53.0,1014.4,7.2,194.0,12.0,0.0,-2.7000000000000455,2.1000000000001364,17.571428571428573,14.857142857142858,17.571428571428573,-160.37122958614407,0.0,1.2916666666666643
2022-08-02,6.5,20.3,30.9,59.0,1016.1,6.7,52.0,56.0,3.0,-1.3999999999999773,1.066666666666606,12.714285714285714,-71.28571428571429,16.642857142857142,3.141340232719074,5.0,-16.041666666666664
2022-08-03,0.0,19.8,32.6,52.0,1016.3,6.9,280.0,6.0,0.0,-2.2999999999999545,1.7958333333332348,6.285714285714286,6.285714285714286,16.857142857142858,-173.65592548855346,0.0,-6.083333333333336
2022-08-04,0.0,20.2,33.9,54.0,1015.1,6.6,254.0,1.0,0.0,-2.6000000000000227,1.7833333333334167,2.142857142857143,2.142857142857143,17.857142857142858,-118.23305283070133,0.0,-9.166666666666664
2022-08-05,0.0,22.3,34.7,51.0,1013.2,6.4,220.0,3.0,0.0,-2.6000000000000227,1.7291666666668561,7.285714285714286,7.285714285714286,18.771428571428576,-74.8281835508383,0.0,-1.125
2022-08-06,0.1,23.5,33.9,52.0,1013.9,10.4,0.0,31.0,0.0,2.2999999999999545,1.5375000000000227,68.42857142857143,59.714285714285715,13.942857142857145,49.03215656815155,0.0,-1.0833333333333357
2022-08-07,0.6,20.6,30.6,62.0,1016.0,7.2,341.0,69.0,1.0,-1.6999999999999318,1.3958333333333712,95.14285714285714,0.5714285714285694,11.9,-27.94879027460121,2.0,2.1666666666666714
2022-08-08,0.1,19.0,30.7,61.0,1016.4,9.5,52.0,59.0,1.0,-0.10000000000002274,1.400000000000091,89.14285714285714,66.71428571428571,14.200000000000001,50.865023869269635,0.0,-7.666666666666664
2022-08-09,0.0,19.8,30.9,54.0,1018.9,4.9,49.0,18.0,0.0,-2.6000000000000227,2.3208333333329847,6.285714285714286,3.142857142857143,17.285714285714285,18.1983499402574,0.0,-9.166666666666664
2022-08-10,0.0,19.8,30.1,44.0,1019.6,7.6,65.0,24.0,0.0,-2.8999999999999773,2.4250000000002956,35.57142857142857,31.57142857142857,20.614285714285717,38.374739615233665,0.0,-4.875
2022-08-11,0.0,20.9,30.7,44.0,1017.8,8.3,359.0,40.0,0.0,-4.0,3.0749999999997044,39.857142857142854,10.285714285714281,20.228571428571428,171.69027709261655,0.0,-3.5416666666666643
2022-08-12,1.4,19.9,25.7,51.0,1015.9,10.8,45.0,59.0,2.0,-1.5,0.9875000000001819,63.142857142857146,17.42857142857143,13.585714285714285,-70.06496056668732,4.0,3.1666666666666714
2022-08-13,0.0,17.5,28.1,50.0,1013.5,9.0,337.0,35.0,0.0,-2.0,1.4499999999999318,51.42857142857143,29.42857142857143,17.52857142857143,134.4661338538512,0.0,0.2916666666666643
2022-08-14,0.0,16.6,30.4,54.0,1010.1,7.5,260.0,32.0,0.0,-4.400000000000091,3.362500000000068,78.14285714285714,76.71428571428571,17.04285714285714,120.16698885524949,0.0,0.7916666666666643
2022-08-15,1.8,18.9,29.7,62.0,1007.3,8.0,345.0,55.0,1.0,-1.1000000000000227,1.425000000000182,84.71428571428571,43.42857142857142,12.87142857142857,166.4860996947085,3.0,3.9166666666666714
2022-08-16,0.7,17.7,29.4,67.0,1010.2,5.9,67.0,17.0,5.0,0.6000000000000227,1.5375000000001364,16.571428571428573,16.571428571428573,13.957142857142857,-111.56269295081401,1.0,-6.458333333333336
2022-08-17,0.0,19.6,30.1,70.0,1012.7,5.7,169.0,50.0,0.0,-1.6999999999999318,1.4750000000001364,99.14285714285714,85.14285714285714,10.242857142857144,120.6612439683347,0.0,6.083333333333329
2022-08-18,5.4,20.4,29.1,78.0,1011.6,7.5,27.0,87.0,7.0,-1.2999999999999545,2.6583333333334167,76.0,-15.57142857142857,7.2142857142857135,-32.22449550677507,2.0,-8.0
2022-08-19,32.6,19.3,26.3,79.0,1009.6,7.3,338.0,83.0,11.0,0.10000000000002274,1.3333333333335986,97.57142857142857,43.14285714285714,7.228571428571429,146.62104683119662,9.0,-3.791666666666657
2022-08-20,1.1,18.6,29.6,70.0,1011.4,8.3,323.0,70.0,2.0,0.2999999999999545,1.1499999999999773,74.71428571428571,0.5714285714285694,12.385714285714284,-107.99921215872138,2.0,1.875
2022-08-21,0.0,17.7,28.9,61.0,1011.2,6.3,317.0,12.0,0.0,-2.5,2.1083333333333485,18.285714285714285,15.857142857142856,13.714285714285714,-104.16241719988267,0.0,-4.25
2022-08-22,0.0,18.0,29.1,57.0,1009.6,6.6,285.0,16.0,0.0,-1.8000000000000682,1.7791666666669244,22.428571428571427,18.285714285714285,15.799999999999999,171.42917842654538,0.0,0.125
2022-08-23,1.8,18.0,27.5,74.0,1012.8,5.3,21.0,57.0,1.0,1.8000000000000682,2.1458333333332575,29.285714285714285,-67.71428571428572,7.528571428571427,-171.74475693942748,2.0,4.541666666666657
2022-08-24,0.0,17.7,28.7,71.0,1015.7,5.5,289.0,10.0,5.0,-1.1000000000000227,1.0999999999997954,9.0,5.428571428571429,11.528571428571428,165.73067946211899,0.0,-8.708333333333329
2022-08-25,0.0,19.3,30.1,64.0,1014.2,5.5,326.0,20.0,0.0,-3.1000000000000227,2.179166666666447,32.714285714285715,19.571428571428573,12.6,14.285775886578222,0.0,2.916666666666657
2022-08-26,0.3,19.8,30.7,65.0,1011.1,5.8,339.0,41.0,1.0,-3.5,2.5375000000001364,83.28571428571429,68.85714285714286,12.985714285714286,-8.429820918888026,1.0,1.7083333333333428
2022-08-27,6.2,20.3,28.9,68.0,1010.5,8.1,334.0,92.0,3.0,1.0,1.008333333333212,99.14285714285714,15.42857142857143,8.885714285714284,17.31685040272737,3.0,10.166666666666657
2022-08-28,8.6,19.3,29.5,74.0,1013.2,6.1,91.0,64.0,8.0,0.8000000000000682,1.800000000000182,47.0,-28.42857142857143,11.542857142857143,25.560480400305465,4.0,-2.958333333333343
2022-08-29,0.0,18.6,27.9,71.0,1016.5,5.9,279.0,72.0,2.0,-0.7000000000000455,1.7625000000001592,37.857142857142854,-56.285714285714285,9.914285714285715,151.61818793498742,0.0,-7.333333333333329
2022-08-30,0.3,18.0,30.4,69.0,1017.1,6.9,348.0,72.0,2.0,-2.5,2.2875000000000227,84.28571428571429,-5.714285714285708,13.214285714285714,146.68029204957577,1.0,5.291666666666671
2022-08-31,8.2,19.1,25.2,77.0,1014.8,8.8,26.0,77.0,6.0,-1.8000000000000682,1.8500000000000227,59.42857142857143,-24.285714285714278,7.442857142857144,-3.3273507592973317,5.0,-1.375
2022-09-01,0.3,18.1,25.9,71.0,1014.3,6.1,28.0,81.0,2.0,0.6000000000000227,1.445833333333212,66.28571428571429,-33.71428571428571,10.8,-23.287630541101862,0.0,2.5
2022-09-02,0.0,16.2,25.2,66.0,1015.5,5.4,349.0,56.0,3.0,-2.5,2.045833333333235,50.142857142857146,-10.857142857142854,13.642857142857142,117.26965029018459,0.0,-1.5416666666666572
2022-09-03,0.1,16.2,24.8,67.0,1015.8,6.4,146.0,73.0,0.0,-0.6999999999999318,0.9166666666667425,48.714285714285715,-32.99999999999999,9.885714285714286,143.33579816485945,0.0,9.875
2022-09-04,0.0,16.4,27.3,74.0,1018.8,5.1,288.0,8.0,9.0,1.6000000000000227,1.6791666666666742,19.285714285714285,16.285714285714285,10.871428571428572,178.88065370357265,0.0,-1.7916666666666572
2022-09-05,0.1,17.5,27.9,70.0,1021.7,6.5,298.0,34.0,0.0,-2.7999999999999545,2.158333333333303,19.428571428571427,-48.28571428571428,11.071428571428571,-67.6521281390213,0.0,1.5
2022-09-06,0.2,18.4,28.5,73.0,1018.7,6.0,283.0,34.0,2.0,-3.400000000000091,2.3583333333333485,43.857142857142854,20.857142857142854,9.77142857142857,-126.02151902604916,1.0,3.5833333333333286
2022-09-07,5.5,18.0,26.3,83.0,1016.4,6.2,351.0,90.0,10.0,-0.2999999999999545,1.1041666666667425,97.57142857142857,12.285714285714278,6.442857142857144,-132.81297311030988,5.0,4.208333333333343
2022-09-08,12.2,18.4,25.2,80.0,1012.7,6.3,13.0,95.0,9.0,-1.8000000000000682,1.8583333333332348,85.28571428571429,-14.714285714285708,7.071428571428571,54.65054788284641,6.0,-3.0416666666666714
2022-09-09,2.3,16.2,23.7,84.0,1012.7,6.4,53.0,62.0,12.0,-1.2000000000000455,1.4499999999995907,36.57142857142857,-47.42857142857143,6.0,-4.319232318837322,5.0,1.0833333333333428
2022-09-10,0.2,14.9,25.2,66.0,1013.6,5.9,340.0,15.0,1.0,-1.1000000000000227,1.120833333333394,20.714285714285715,20.0,12.328571428571431,-150.74101421515425,1.0,4.875
2022-09-11,0.4,14.5,25.3,69.0,1015.0,6.1,291.0,16.0,3.0,-0.39999999999997726,0.9291666666666742,10.571428571428571,8.285714285714285,11.9,-110.91876316782398,1.0,-2.708333333333343
2022-09-12,0.1,14.5,26.2,67.0,1015.9,6.0,357.0,27.0,0.0,-2.1000000000000227,1.8708333333332803,47.857142857142854,30.428571428571427,11.928571428571429,120.32052647859769,0.0,6.083333333333329
2022-09-13,0.0,15.6,26.5,73.0,1013.9,6.3,311.0,60.0,1.0,-2.0,1.783333333333303,80.57142857142857,41.14285714285714,9.557142857142855,146.32922509313374,0.0,8.416666666666671
2022-09-14,0.2,17.7,26.6,76.0,1010.8,6.1,250.0,95.0,6.0,-2.099999999999909,1.9708333333334167,100.0,13.142857142857139,8.0,-163.8543106962881,0.0,-4.666666666666671
2022-09-15,0.9,18.6,27.6,81.0,1006.3,6.8,79.0,79.0,8.0,-2.3999999999999773,2.6249999999998863,66.71428571428571,-23.142857142857153,7.699999999999998,15.546348587426735,1.0,5.916666666666671
2022-09-16,13.5,17.0,25.8,80.0,1005.2,10.3,58.0,66.0,6.0,-2.2000000000000455,1.7500000000001137,76.57142857142857,7.0,7.485714285714287,51.42194763292582,2.0,-0.375
2022-09-17,13.3,10.5,16.7,84.0,1007.4,8.2,105.0,74.0,9.0,3.800000000000068,3.3458333333335304,41.0,-59.0,4.557142857142857,152.52624308669868,10.0,-3.2083333333333286
2022-09-18,0.0,8.2,20.5,68.0,1013.3,6.4,356.0,38.0,4.0,-0.6999999999999318,1.395833333333485,33.714285714285715,-19.42857142857143,10.671428571428569,-157.55763383439376,0.0,-0.0833333333333286
2022-09-19,0.0,10.0,24.4,64.0,1012.5,5.9,349.0,21.0,6.0,2.3999999999999773,1.9791666666666288,22.0,13.142857142857142,16.32857142857143,90.08901308339694,0.0,-5.958333333333336
2022-09-20,0.0,10.3,20.2,55.0,1017.7,6.4,325.0,17.0,0.0,-1.2000000000000455,1.270833333333485,30.571428571428573,21.42857142857143,12.542857142857143,-72.41464058445416,0.0,9.125
2022-09-21,0.3,9.4,19.0,65.0,1022.0,5.0,21.0,11.0,7.0,0.0,1.7833333333334167,11.714285714285714,8.142857142857142,13.557142857142855,70.13156233155217,1.0,-6.791666666666664
2022-09-22,0.0,10.2,19.1,62.0,1021.8,5.3,54.0,32.0,0.0,-2.199999999999932,1.7333333333331211,44.0,6.571428571428569,11.657142857142858,90.43246256835408,0.0,6.291666666666664
2022-09-23,0.0,10.5,21.0,61.0,1020.2,5.0,275.0,57.0,0.0,-3.2999999999999545,2.2208333333334167,99.57142857142857,77.85714285714286,11.957142857142856,-133.84875153628724,0.0,5.333333333333336
2022-09-24,0.3,10.8,18.7,74.0,1016.7,4.9,39.0,100.0,2.0,-1.6000000000000227,1.708333333333485,99.71428571428571,-0.2857142857142918,6.742857142857143,68.55694152868156,1.0,6.791666666666657
2022-09-25,14.2,13.2,20.5,81.0,1011.5,5.7,57.0,61.0,10.0,-1.6999999999999318,1.7749999999998636,62.57142857142857,17.857142857142854,6.3428571428571425,-144.6016577823088,5.0,9.375
2022-09-26,0.7,12.9,20.6,82.0,1007.1,5.3,38.0,42.0,8.0,-3.2000000000000455,2.595833333333303,46.142857142857146,13.571428571428577,6.814285714285715,32.96908651425363,3.0,0.1666666666666572
2022-09-27,7.9,11.5,19.2,86.0,1000.6,5.2,49.0,67.0,14.0,0.5,2.141666666666538,71.0,8.285714285714285,4.471428571428571,-36.10794043238505,11.0,4.041666666666671
2022-09-28,0.9,9.8,17.4,82.0,1001.1,5.6,34.0,77.0,9.0,-2.699999999999932,2.2499999999997726,84.71428571428571,-15.0,5.528571428571428,45.203175040084716,2.0,8.833333333333329
2022-09-29,20.4,11.6,20.4,87.0,999.9,7.3,65.0,79.0,20.0,1.7000000000000455,1.4583333333331439,98.28571428571429,39.57142857142858,3.9857142857142853,44.44110802781782,8.0,6.208333333333329
2022-09-30,15.4,12.0,17.8,89.0,1008.4,6.6,50.0,97.0,17.0,6.899999999999977,5.324999999999818,100.0,1.5714285714285694,2.528571428571429,17.011203986163054,9.0,4.125
2022-10-01,0.3,12.0,19.6,80.0,1014.0,6.5,250.0,78.0,10.0,-0.10000000000002274,1.1083333333335759,89.57142857142857,44.0,6.785714285714286,-24.61763684647366,1.0,-4.041666666666671
2022-10-02,0.0,10.5,20.2,81.0,1018.5,5.1,22.0,36.0,7.0,-2.199999999999932,1.8374999999998636,45.857142857142854,-2.285714285714292,6.057142857142858,80.62602631035543,0.0,1.0
2022-10-03,0.1,11.9,22.6,79.0,1019.1,6.5,328.0,34.0,8.0,0.5,2.091666666666697,45.42857142857143,24.42857142857143,7.428571428571428,-171.88907888531602,0.0,2.2083333333333286
2022-10-04,0.0,12.9,19.3,80.0,1022.7,5.3,27.0,64.0,8.0,1.3999999999999773,1.7124999999999773,57.714285714285715,-29.428571428571423,6.0,-4.352925301772416,0.0,6.666666666666671
2022-10-05,0.0,11.4,20.5,83.0,1026.8,5.5,313.0,56.0,9.0,-0.3999999999998636,0.650000000000091,96.85714285714286,59.142857142857146,5.542857142857143,-178.0523079645577,0.0,4.0
2022-10-06,0.0,11.5,21.9,82.0,1027.8,4.5,351.0,62.0,8.0,0.0,0.8749999999997726,46.857142857142854,-15.714285714285715,6.285714285714285,17.44403650652231,0.0,0.08333333333334281
2022-10-07,0.0,13.8,23.6,67.0,1024.6,8.0,336.0,15.0,0.0,-5.100000000000136,3.408333333333303,6.571428571428571,1.2857142857142856,10.328571428571427,37.218780812511284,0.0,7.458333333333329
2022-10-08,0.0,12.1,22.1,75.0,1019.5,5.9,342.0,21.0,1.0,-1.3999999999999773,1.4416666666663787,46.285714285714285,33.42857142857143,7.3999999999999995,157.80050670980665,0.0,5.916666666666671
2022-10-09,0.0,13.7,21.7,72.0,1021.5,8.0,54.0,94.0,4.0,0.0,1.033333333333303,93.28571428571429,-5.428571428571416,8.785714285714286,36.97965205131791,0.0,-8.499999999999993
2022-10-10,0.0,11.7,20.6,71.0,1021.1,4.9,26.0,14.0,0.0,-1.0,1.162499999999909,9.0,-3.0,8.957142857142857,11.942022399686351,0.0,3.7916666666666714
2022-10-11,0.0,11.7,22.9,72.0,1021.2,5.8,341.0,35.0,2.0,0.39999999999997726,0.8500000000000227,83.14285714285714,78.57142857142857,9.385714285714286,44.963136229524764,0.0,0.4166666666666572
2022-10-12,0.0,11.0,21.3,72.0,1022.5,6.0,9.0,73.0,3.0,-0.7000000000000455,0.9624999999999773,92.71428571428571,39.857142857142854,9.357142857142858,57.162488272752114,0.0,-0.0833333333333286
2022-10-13,0.0,11.1,21.3,73.0,1020.7,5.6,327.0,54.0,2.0,-3.7999999999999545,2.608333333333121,99.71428571428571,99.57142857142857,8.642857142857142,167.92279284924405,0.0,0.9583333333333286
2022-10-14,0.0,10.4,20.7,76.0,1017.1,5.0,327.0,57.0,8.0,-1.6999999999999318,1.4333333333336213,92.71428571428571,84.14285714285714,8.571428571428571,161.78015723861796,0.0,-0.04166666666665719
2022-10-15,0.0,12.3,20.4,78.0,1016.6,3.8,1.0,67.0,8.0,0.6000000000000227,1.3125000000002274,77.85714285714286,35.00000000000001,7.257142857142857,128.3485542775735,0.0,0.625
2022-10-16,0.0,13.1,20.8,82.0,1022.9,4.1,52.0,38.0,8.0,2.599999999999909,3.2083333333329165,27.285714285714285,-28.57142857142857,5.685714285714286,31.072580104832838,0.0,6.958333333333343
2022-10-17,0.0,11.8,22.8,78.0,1028.3,6.1,315.0,20.0,8.0,0.40000000000009095,1.537499999999909,34.142857142857146,21.000000000000004,8.128571428571428,-73.85728031310339,0.0,4.458333333333343
2022-10-18,0.0,12.2,21.7,77.0,1026.4,5.7,329.0,4.0,3.0,-3.7000000000000455,2.3250000000000455,1.5714285714285714,-1.142857142857143,7.385714285714285,-111.23019725005943,0.0,3.041666666666657
2022-10-19,0.0,11.0,24.7,75.0,1022.1,4.6,314.0,10.0,8.0,-2.2000000000000455,1.8333333333332575,7.857142857142857,6.285714285714286,9.785714285714286,-70.04884129374659,0.0,-4.083333333333329
2022-10-20,0.0,12.4,20.9,78.0,1022.3,5.1,14.0,72.0,2.0,-1.3999999999999773,1.212500000000091,98.57142857142857,52.57142857142857,6.814285714285715,173.95766668584622,0.0,6.625
2022-10-21,0.1,12.9,19.1,83.0,1020.2,4.2,15.0,99.0,8.0,-1.1999999999999318,1.150000000000091,100.0,0.0,5.242857142857142,-53.208850997390925,0.0,0.75
2022-10-22,8.9,12.5,20.1,90.0,1017.9,5.4,27.0,72.0,20.0,0.6000000000000227,1.6416666666666515,30.428571428571427,-69.57142857142857,2.100000000000001,-0.5671707170857587,10.0,2.7916666666666714
2022-10-23,0.0,11.2,20.8,84.0,1021.8,4.4,346.0,81.0,13.0,-1.0,0.8833333333336668,99.28571428571429,17.714285714285722,5.6,79.98952447286285,0.0,6.416666666666657
2022-10-24,3.2,14.7,21.9,87.0,1019.6,5.5,334.0,87.0,11.0,-3.1000000000000227,2.2500000000001137,91.14285714285714,11.57142857142857,4.357142857142858,-161.94128174529249,4.0,7.125
2022-10-25,11.9,12.9,21.2,81.0,1019.5,5.5,50.0,52.0,10.0,1.0,1.3500000000001364,42.285714285714285,-2.857142857142861,8.314285714285715,-14.811143939289764,3.0,-0.5416666666666572
2022-10-26,0.0,11.3,21.1,79.0,1022.2,5.2,332.0,41.0,3.0,1.3999999999999773,1.2791666666668107,16.0,-34.0,6.571428571428574,100.07778911406047,0.0,4.25
2022-10-27,0.0,11.6,23.5,77.0,1026.9,5.6,316.0,15.0,7.0,0.20000000000004547,1.179166666666788,0.2857142857142857,-44.0,8.657142857142855,-76.16916524804927,0.0,5.125
2022-10-28,0.0,11.8,22.4,73.0,1027.5,5.8,319.0,6.0,2.0,-1.0,1.0916666666664696,16.142857142857142,13.571428571428571,8.414285714285715,-108.17434494900976,0.0,2.4583333333333286
2022-10-29,0.0,10.4,21.3,80.0,1025.6,4.3,322.0,4.0,6.0,-2.099999999999909,1.495833333333394,8.714285714285714,8.714285714285714,7.014285714285715,84.49113300901058,0.0,5.25
2022-10-30,0.0,10.8,22.9,79.0,1022.6,5.1,337.0,33.0,1.0,-1.5,1.0541666666663332,60.857142857142854,31.57142857142857,6.842857142857142,66.1184865120328,0.0,6.75
2022-10-31,0.0,10.5,22.1,76.0,1021.8,4.8,329.0,35.0,0.0,-0.8999999999999773,0.7333333333330074,73.0,61.714285714285715,8.071428571428573,97.01370866507887,0.0,4.041666666666671
2022-11-01,0.0,9.8,18.3,81.0,1022.2,3.6,339.0,65.0,2.0,0.5,0.6291666666668334,100.0,31.285714285714292,4.700000000000001,-163.5892876851542,0.0,7.083333333333329
2022-11-02,0.0,11.0,18.3,87.0,1023.3,3.6,325.0,67.0,12.0,-0.7999999999999545,1.1416666666666515,95.71428571428571,16.714285714285708,3.971428571428572,-155.48989693307527,0.0,3.0
2022-11-03,0.3,11.4,17.4,87.0,1019.6,4.2,301.0,77.0,12.0,-5.800000000000068,6.304166666666674,100.0,26.0,4.514285714285713,-119.555628359779,1.0,-1.6666666666666572
2022-11-04,36.4,8.5,16.3,84.0,1004.5,7.7,8.0,68.0,13.0,-1.5,4.012499999999932,29.428571428571427,-58.0,4.9,-8.725526418993468,13.0,-11.375
2022-11-05,0.0,8.2,18.1,54.0,1011.0,10.1,331.0,34.0,0.0,4.599999999999909,4.75416666666672,1.2857142857142858,-67.0,10.0,73.1656557209568,0.0,11.166666666666664
2022-11-06,0.0,5.7,15.1,66.0,1017.8,7.0,317.0,57.0,1.0,-0.6000000000000227,0.9916666666669016,77.14285714285714,38.99999999999999,9.285714285714286,-23.6831244550404,0.0,13.083333333333329
2022-11-07,0.0,4.3,15.4,74.0,1020.1,4.6,317.0,32.0,1.0,1.6000000000000227,1.8374999999998636,47.142857142857146,44.42857142857143,8.72857142857143,-81.25442423657489,0.0,4.875
2022-11-08,0.0,3.9,13.7,78.0,1021.3,4.7,339.0,41.0,6.0,-0.8999999999999773,0.8624999999999545,42.285714285714285,-16.0,6.542857142857144,46.396027031327264,0.0,-0.5
2022-11-09,0.0,4.8,15.0,78.0,1020.1,4.5,319.0,72.0,0.0,-0.8000000000000682,0.9958333333332803,95.71428571428571,22.0,5.8999999999999995,-21.191443310114266,0.0,4.416666666666671
2022-11-10,4.7,9.1,16.2,88.0,1024.7,4.9,358.0,67.0,13.0,7.7999999999999545,4.462500000000091,15.428571428571429,-84.57142857142857,3.7857142857142856,42.3028001372748,8.0,1.8333333333333286
2022-11-11,0.0,7.0,15.9,82.0,1033.2,7.0,329.0,76.0,6.0,0.6000000000001364,1.5666666666668334,91.14285714285714,-1.2857142857142918,5.657142857142858,23.552240280042213,0.0,8.666666666666671
2022-11-12,0.0,6.4,16.3,75.0,1030.1,5.7,326.0,87.0,2.0,-3.2999999999999545,2.5249999999998636,76.0,-24.0,5.328571428571428,-20.43286929061503,0.0,-6.5
2022-11-13,0.7,6.4,15.0,68.0,1026.5,6.0,49.0,53.0,1.0,-2.099999999999909,1.9750000000001364,96.14285714285714,94.14285714285714,7.071428571428572,86.91805464024935,1.0,5.041666666666657
2022-11-14,4.7,7.8,12.5,87.0,1022.8,5.0,348.0,90.0,11.0,-2.2000000000000455,2.0833333333332575,79.0,-21.0,2.5000000000000004,-91.70302989753117,6.0,6.208333333333329
2022-11-15,0.4,5.9,13.0,89.0,1017.1,5.1,320.0,58.0,15.0,-4.100000000000023,4.1875,91.57142857142857,66.71428571428571,3.2714285714285714,-112.75568374926064,1.0,6.166666666666671
2022-11-16,1.0,9.3,14.0,90.0,1005.1,4.1,303.0,83.0,17.0,-4.600000000000023,3.570833333333553,74.14285714285714,-24.0,3.1999999999999997,-66.9008372038769,3.0,4.375
2022-11-17,0.0,8.3,12.9,92.0,1002.4,4.8,348.0,74.0,18.0,0.8000000000000682,0.537499999999909,69.85714285714286,-23.714285714285708,2.1571428571428575,79.64869911288861,0.0,1.2083333333333286
2022-11-18,1.9,7.1,15.4,86.0,1000.0,5.3,312.0,53.0,13.0,2.800000000000068,2.3374999999999773,4.428571428571429,-51.14285714285714,4.985714285714286,89.27350451211873,4.0,5.416666666666657
2022-11-19,0.0,5.6,14.8,71.0,1006.6,7.4,15.0,97.0,3.0,1.1000000000000227,2.020833333333485,100.0,4.0,8.214285714285714,98.79266940589082,0.0,4.666666666666671
2022-11-20,0.3,3.1,12.7,79.0,1010.4,5.4,283.0,39.0,4.0,1.7000000000000455,2.641666666666765,31.0,21.42857142857143,5.799999999999999,-74.63616155535334,0.0,5.333333333333329
2022-11-21,1.2,4.5,10.6,86.0,1009.1,4.9,354.0,59.0,12.0,-2.3999999999999773,3.629166666666606,85.28571428571429,74.14285714285715,4.1571428571428575,74.04364506134175,2.0,0.125
2022-11-22,43.1,6.8,9.3,82.0,996.4,13.4,358.0,100.0,21.0,-5.199999999999932,4.858333333333235,100.0,0.0,2.9999999999999996,-39.98231158402581,21.0,0.3333333333333286
2022-11-23,0.9,4.7,11.9,86.0,1002.7,5.6,292.0,52.0,11.0,4.100000000000023,5.225000000000023,3.2857142857142856,-66.0,3.5000000000000004,123.92728861299304,3.0,3.3333333333333286
2022-11-24,0.0,2.1,13.0,74.0,1013.0,6.6,320.0,12.0,5.0,4.600000000000023,4.74583333333328,7.142857142857143,7.142857142857143,8.142857142857142,-10.242389020784515,0.0,14.0
2022-11-25,0.0,2.3,12.5,69.0,1019.6,7.5,336.0,62.0,0.0,0.20000000000004547,1.7250000000000227,20.142857142857142,-56.28571428571429,6.3999999999999995,38.841684569808535,0.0,14.833333333333329
2022-11-26,0.0,4.3,13.7,63.0,1025.5,7.3,328.0,53.0,0.0,4.600000000000023,3.9583333333332575,0.2857142857142857,-86.85714285714285,7.914285714285714,-22.253226870768003,0.0,14.666666666666671
2022-11-27,0.0,1.5,11.3,70.0,1028.2,6.6,325.0,17.0,2.0,-3.2999999999999545,2.970833333333303,27.428571428571427,23.428571428571427,7.828571428571429,-31.013353143980567,0.0,11.083333333333343
2022-11-28,0.0,2.0,7.9,76.0,1020.5,4.3,334.0,99.0,0.0,-4.0,2.554166666666788,100.0,0.1428571428571388,5.357142857142857,-12.438059740927088,0.0,4.5
2022-11-29,0.7,4.6,8.3,83.0,1017.8,3.5,14.0,75.0,6.0,0.39999999999997726,0.908333333333303,43.285714285714285,-56.714285714285715,3.8000000000000003,39.39054012159073,0.0,-3.333333333333343
2022-11-30,0.0,-0.6,9.6,77.0,1018.8,5.0,324.0,92.0,6.0,-0.7999999999999545,1.1208333333335077,90.28571428571429,3.0,6.6571428571428575,-0.41665976574478236,0.0,-2.5416666666666714
2022-12-01,0.0,5.2,10.8,69.0,1018.8,3.1,297.0,100.0,0.0,-0.2999999999999545,1.25,100.0,1.0,7.442857142857143,-172.11680342999495,0.0,-1.7083333333333286
2022-12-02,4.6,5.4,8.0,85.0,1019.7,4.3,4.0,100.0,8.0,0.20000000000004547,0.6374999999998181,99.85714285714286,-0.1428571428571388,3.2571428571428576,134.41094419639,5.0,-3.8333333333333286
2022-12-03,0.9,3.8,9.3,84.0,1018.7,4.9,359.0,100.0,7.0,-1.6999999999999318,1.195833333333212,99.0,-1.0,2.8999999999999995,39.580749405727374,3.0,-1.4583333333333286
2022-12-04,17.8,7.4,9.9,88.0,1015.3,8.0,58.0,93.0,15.0,1.6999999999999318,2.0208333333333712,100.0,0.0,2.2285714285714286,25.45654344704448,13.0,0.8333333333333286
2022-12-05,13.3,5.8,11.9,88.0,1017.9,4.8,356.0,82.0,15.0,-2.400000000000091,1.6374999999999318,85.0,0.7142857142857082,2.414285714285714,64.69934614323944,11.0,2.2083333333333286
2022-12-06,0.0,1.6,10.5,84.0,1016.2,5.6,336.0,21.0,9.0,-1.0,1.1166666666666742,48.57142857142857,48.42857142857142,4.6000000000000005,2.8051571101177046,0.0,8.458333333333329
2022-12-07,0.0,0.7,10.4,69.0,1013.7,7.3,331.0,14.0,2.0,-1.1000000000000227,1.3541666666668561,0.0,-41.57142857142857,7.814285714285715,-10.419874487175491,0.0,7.916666666666657
2022-12-08,0.0,0.7,9.0,71.0,1011.4,6.7,320.0,40.0,0.0,-1.7999999999999545,1.4166666666668561,42.714285714285715,15.142857142857142,7.057142857142858,-51.41292376615246,0.0,10.333333333333329
2022-12-09,17.1,2.7,6.5,87.0,1004.5,8.1,328.0,96.0,15.0,-8.100000000000023,4.979166666666856,99.28571428571429,-0.7142857142857082,1.8,-8.323194406710172,15.0,2.5416666666666714
2022-12-10,1.2,3.1,11.4,90.0,999.1,3.9,333.0,91.0,17.0,-3.1000000000000227,2.3833333333334394,100.0,0.0,3.1000000000000005,137.41000423715445,3.0,5.125
2022-12-11,11.5,2.2,7.3,90.0,1002.1,5.5,338.0,99.0,23.0,4.399999999999977,3.8749999999997726,100.0,0.0,1.1428571428571428,106.78019651808074,17.0,7.333333333333329
2022-12-12,0.1,-2.8,4.7,76.0,1010.2,5.1,346.0,12.0,4.0,2.699999999999932,3.4708333333334167,6.285714285714286,-1.4285714285714288,6.614285714285715,66.69139464043644,0.0,-2.8333333333333286
2022-12-13,0.0,-3.5,4.6,59.0,1011.8,5.2,355.0,94.0,0.0,-1.400000000000091,1.408333333333303,100.0,5.428571428571431,10.414285714285713,42.98298605215513,0.0,5.166666666666671
2022-12-14,0.0,-0.2,5.9,68.0,1007.2,3.1,321.0,86.0,1.0,-3.1000000000000227,2.2708333333335986,76.42857142857143,-23.57142857142857,6.8428571428571425,-30.035575061359395,0.0,17.20833333333333
2022-12-15,13.1,-2.1,5.8,83.0,1007.3,6.0,358.0,64.0,10.0,0.8999999999999773,4.812500000000114,100.0,48.857142857142854,4.357142857142857,-11.09213468932694,7.0,5.083333333333329
2022-12-16,4.1,4.7,8.6,92.0,1004.1,5.0,324.0,98.0,19.0,3.800000000000068,3.074999999999932,100.0,0.0,1.0999999999999999,144.98973968618702,4.0,6.208333333333343
2022-12-17,0.0,4.1,8.9,82.0,1017.2,5.6,63.0,77.0,8.0,10.699999999999932,8.649999999999977,93.57142857142857,38.57142857142857,4.0,38.82172901527895,0.0,-12.583333333333329
2022-12-18,0.0,0.9,7.1,73.0,1032.5,3.9,68.0,44.0,0.0,3.400000000000091,4.4166666666667425,67.28571428571429,47.57142857142858,5.699999999999998,23.54065347144038,0.0,9.708333333333343
2022-12-19,0.0,-1.0,5.5,83.0,1034.8,3.3,339.0,83.0,5.0,-1.599999999999909,1.550000000000182,99.42857142857143,-0.2857142857142776,4.142857142857142,-27.734235724267194,0.0,5.458333333333343
2022-12-20,0.0,-1.2,5.7,80.0,1029.7,3.2,334.0,90.0,0.0,-3.6000000000001364,3.066666666666606,68.42857142857143,-30.85714285714286,4.671428571428572,-0.6983903064882497,0.0,5.083333333333329
2022-12-21,0.0,-0.7,5.6,83.0,1022.4,2.9,334.0,95.0,4.0,-2.8999999999999773,2.2416666666666742,100.0,0.0,3.671428571428571,-31.91108736290107,0.0,2.875
2022-12-22,0.0,-0.3,8.0,86.0,1018.1,3.7,310.0,44.0,7.0,-1.5,1.5291666666664696,18.0,-45.142857142857146,3.2285714285714286,-29.752197803096408,0.0,6.125
2022-12-23,0.0,-0.7,8.7,89.0,1015.9,5.1,322.0,79.0,16.0,0.39999999999997726,0.845833333333303,91.85714285714286,31.000000000000007,3.4285714285714284,-16.46371085352763,0.0,4.0
2022-12-24,0.0,1.8,10.1,88.0,1017.8,4.9,322.0,73.0,15.0,3.5,2.262499999999932,65.85714285714286,-11.57142857142857,3.9142857142857146,-31.927613275856004,0.0,3.875
2022-12-25,0.0,2.1,11.6,85.0,1023.6,4.6,315.0,40.0,8.0,1.599999999999909,1.6250000000001137,37.42857142857143,-10.714285714285715,4.8,-58.64340798556299,0.0,2.791666666666657
2022-12-26,0.0,3.4,9.1,87.0,1025.4,3.5,348.0,84.0,6.0,-0.3000000000001819,1.0791666666666515,87.42857142857143,0.2857142857142918,1.9714285714285715,43.074333377892515,0.0,7.25
2022-12-27,0.0,2.6,11.4,85.0,1025.8,4.3,333.0,32.0,9.0,1.800000000000182,1.491666666666788,36.42857142857143,17.28571428571429,3.985714285714286,-46.77025644196914,0.0,0.4583333333333428
2022-12-28,0.0,3.4,11.3,80.0,1026.4,4.4,350.0,72.0,1.0,-2.199999999999818,2.045833333333121,97.42857142857143,18.0,5.971428571428571,-47.17934929641899,0.0,4.958333333333329
2022-12-29,0.0,3.2,9.3,81.0,1022.9,3.0,331.0,89.0,3.0,-0.8999999999999773,0.9791666666669698,89.57142857142857,-6.0,4.8999999999999995,-91.80559026260727,0.0,-0.875
2022-12-30,0.1,5.9,10.3,90.0,1021.8,2.8,335.0,97.0,15.0,1.7000000000000455,1.3624999999999545,93.28571428571429,-6.428571428571416,2.0571428571428574,-85.1022201814863,0.0,4.875
2022-12-31,0.0,3.7,10.2,92.0,1029.0,4.0,351.0,80.0,17.0,4.100000000000136,4.654166666666697,89.42857142857143,9.857142857142861,1.7714285714285711,32.38106379447902,0.0,3.458333333333343
2023-01-01,0.0,4.6,11.2,89.0,1031.2,4.3,342.0,93.0,13.0,-0.5,0.8833333333332121,89.28571428571429,-10.0,2.357142857142857,101.86995951771672,0.0,3.416666666666657
2023-01-02,0.0,8.5,10.6,91.0,1030.1,3.4,241.0,97.0,13.0,-0.5,0.9583333333334849,100.0,2.714285714285708,1.6999999999999997,-66.61238426892112,0.0,6.5
2023-01-03,0.2,6.0,11.7,91.0,1029.8,3.2,328.0,99.0,16.0,0.0,1.0166666666664241,95.28571428571429,-4.714285714285708,2.9571428571428564,-55.50701116451074,0.0,2.083333333333343
2023-01-04,0.4,2.6,12.7,88.0,1029.7,5.5,298.0,45.0,17.0,-2.6000000000001364,2.516666666666424,89.0,85.42857142857143,4.128571428571428,-72.33962196687818,1.0,6.583333333333329
2023-01-05,0.0,4.6,9.0,90.0,1023.9,3.3,323.0,99.0,9.0,-1.400000000000091,1.9541666666666515,99.57142857142857,0.8571428571428612,1.5142857142857147,-144.78209241704263,0.0,8.375
2023-01-06,0.0,3.1,9.7,90.0,1025.5,3.8,312.0,57.0,14.0,0.5,0.9458333333334394,57.714285714285715,24.57142857142857,2.5857142857142854,-39.19596489430552,0.0,1.7916666666666714
2023-01-07,0.0,5.0,9.4,83.0,1024.2,3.8,273.0,87.0,4.0,-2.4999999999998863,1.8333333333333712,74.71428571428571,-18.571428571428584,3.9428571428571426,-10.052230989022462,0.0,4.791666666666671
2023-01-08,10.2,3.7,7.3,88.0,1017.5,3.3,10.0,97.0,13.0,-5.0,6.695833333333439,100.0,0.7142857142857082,2.1999999999999997,74.36403454668755,9.0,6.541666666666671
2023-01-09,22.9,6.1,10.9,85.0,1004.2,7.5,347.0,100.0,10.0,-2.800000000000068,2.9458333333334394,100.0,1.0,4.085714285714286,-7.9363330319905,8.0,-4.416666666666657
2023-01-10,0.0,1.2,12.8,72.0,1013.8,7.7,313.0,37.0,7.0,9.599999999999909,7.77083333333303,5.857142857142857,-24.714285714285715,7.242857142857143,-7.251538841444244,0.0,-21.541666666666664
2023-01-11,0.0,0.9,10.2,60.0,1021.0,6.0,328.0,74.0,0.0,-2.0,1.5333333333334167,99.71428571428571,19.57142857142857,8.442857142857145,-11.121691141542385,0.0,12.041666666666671
2023-01-12,0.7,1.4,11.6,84.0,1021.9,5.7,315.0,85.0,7.0,1.1000000000000227,1.5666666666671745,72.0,-7.428571428571431,4.6,-66.9250612286151,2.0,0.375
2023-01-13,0.0,1.4,9.6,82.0,1019.5,4.0,349.0,72.0,6.0,-2.1000000000000227,1.6249999999997726,33.142857142857146,-66.71428571428572,4.1,10.759376282277799,0.0,11.125
2023-01-14,0.0,0.9,11.7,73.0,1022.2,7.0,319.0,48.0,2.0,0.6000000000000227,2.166666666666856,70.85714285714286,31.42857142857143,5.971428571428571,-58.0202470157638,0.0,7.75
2023-01-15,4.1,1.5,7.8,84.0,1015.1,3.9,323.0,100.0,7.0,-5.900000000000091,5.341666666666583,100.0,0.0,3.614285714285714,57.024524091444675,4.0,8.5
2023-01-16,5.8,4.6,7.9,88.0,1000.7,5.4,356.0,97.0,15.0,-8.5,8.17499999999984,100.0,8.714285714285708,3.4285714285714284,88.12245447574242,8.0,0.75
2023-01-17,2.7,0.3,5.8,89.0,990.8,6.5,345.0,77.0,17.0,-6.0,3.8458333333334167,100.0,25.285714285714292,2.2142857142857144,-54.17884928630468,6.0,-3.75
2023-01-18,0.1,1.2,6.7,88.0,993.1,5.5,347.0,86.0,10.0,6.699999999999932,5.562499999999886,90.14285714285714,23.857142857142847,2.5571428571428574,58.21812570149564,0.0,7.666666666666671
2023-01-19,5.6,1.2,4.1,80.0,1002.8,8.4,5.0,100.0,9.0,6.0,4.662500000000136,99.14285714285714,-0.8571428571428612,3.371428571428571,44.00666468911402,7.0,-8.166666666666671
2023-01-20,3.2,-1.2,5.7,77.0,1009.1,5.7,321.0,82.0,3.0,3.1000000000000227,2.616666666666447,87.71428571428571,18.428571428571416,5.842857142857143,-103.1640505374402,3.0,2.3333333333333286
2023-01-21,0.0,-2.7,7.1,54.0,1011.1,6.9,319.0,99.0,0.0,2.0,1.962500000000091,99.71428571428571,2.4285714285714164,9.814285714285715,-109.72066814598878,0.0,3.3333333333333357
2023-01-22,0.3,1.5,7.2,66.0,1017.9,5.1,347.0,93.0,0.0,4.0,3.6166666666666742,95.71428571428571,10.428571428571416,6.614285714285714,80.11027057454203,1.0,11.208333333333329
2023-01-23,12.8,-0.5,9.0,74.0,1020.1,12.5,349.0,96.0,12.0,4.899999999999977,3.5249999999999773,92.14285714285714,-7.857142857142861,4.442857142857142,44.02059498762742,13.0,8.458333333333343
2023-01-24,1.4,0.6,9.9,83.0,1029.2,3.9,327.0,80.0,9.0,1.2000000000000455,2.258333333333212,100.0,53.714285714285715,5.371428571428572,-24.01353167707265,5.0,3.0833333333333286
2023-01-25,0.7,1.8,9.8,84.0,1026.8,4.0,338.0,45.0,11.0,-5.100000000000023,4.304166666666561,10.285714285714286,-53.714285714285715,5.285714285714286,120.85695967817333,1.0,-2.625
2023-01-26,0.0,-1.1,5.7,77.0,1017.1,3.4,7.0,34.0,7.0,-4.199999999999932,3.1458333333333712,43.285714285714285,12.285714285714285,6.442857142857143,123.05622322555735,0.0,-6.583333333333329
2023-01-27,0.0,-4.2,6.2,72.0,1014.9,5.6,337.0,38.0,5.0,0.20000000000004547,1.3041666666670153,72.28571428571429,66.28571428571429,9.185714285714285,85.97093698817179,0.0,-4.958333333333343
2023-01-28,0.0,-3.5,6.4,71.0,1019.5,3.2,309.0,58.0,0.0,2.8999999999999773,2.525000000000091,62.857142857142854,11.714285714285708,7.700000000000001,-119.22499791481698,0.0,-4.041666666666657
2023-01-29,0.0,-3.0,5.9,77.0,1025.3,4.2,316.0,32.0,1.0,-1.400000000000091,0.9874999999997272,71.28571428571429,70.14285714285715,5.557142857142858,-53.14925590411474,0.0,3.125
2023-01-30,0.0,-3.2,4.7,83.0,1019.8,4.5,347.0,29.0,6.0,-5.7000000000000455,3.900000000000091,2.2857142857142856,-62.714285714285715,4.257142857142856,64.95922857132649,0.0,6.875
2023-01-31,0.0,-2.5,8.5,79.0,1021.6,6.2,351.0,23.0,5.0,0.8999999999999773,2.6000000000000227,60.57142857142857,60.57142857142857,5.857142857142856,87.8393484658265,0.0,10.25
2023-02-01,0.0,-3.2,8.4,80.0,1021.2,5.4,322.0,24.0,4.0,-1.8999999999999773,1.7666666666668789,53.57142857142857,42.42857142857143,5.742857142857143,-72.66716507487303,0.0,7.166666666666671
2023-02-02,0.0,-2.8,6.5,84.0,1021.5,4.9,341.0,62.0,7.0,0.8999999999999773,1.3249999999999318,85.71428571428571,20.714285714285708,3.142857142857143,37.13724501952868,0.0,6.208333333333343
2023-02-03,0.0,-1.1,9.4,77.0,1024.8,4.8,331.0,62.0,4.0,-4.2999999999999545,4.225000000000023,98.71428571428571,49.857142857142854,5.185714285714286,-81.8000297290966,0.0,12.125
2023-02-04,0.0,1.3,10.3,82.0,1022.8,5.6,32.0,54.0,3.0,4.999999999999886,3.2458333333332803,19.571428571428573,-26.999999999999996,3.9285714285714284,82.87325101667108,0.0,-1.3333333333333286
2023-02-05,0.2,-0.2,5.3,73.0,1033.3,4.8,18.0,81.0,0.0,0.3999999999998636,1.7833333333335304,100.0,1.7142857142857082,6.471428571428571,114.83671696222342,0.0,8.958333333333329
2023-02-06,0.0,-2.0,2.7,75.0,1036.0,3.3,38.0,95.0,0.0,-2.6000000000001364,1.933333333333394,93.28571428571429,-6.714285714285708,5.314285714285715,-59.59460104539107,0.0,8.875
2023-02-07,0.0,-3.2,4.1,67.0,1037.8,3.9,26.0,0.0,0.0,-2.099999999999909,2.012500000000273,0.0,-0.42857142857142855,8.757142857142856,-113.55787885093935,0.0,0.2916666666666714
2023-02-08,0.0,-3.1,4.1,57.0,1038.8,7.3,72.0,0.0,0.0,0.0,0.879166666666606,0.0,-0.14285714285714285,9.742857142857144,61.983414482827584,0.0,2.125
2023-02-09,0.0,-4.2,4.7,58.0,1038.0,6.3,6.0,0.0,0.0,-1.7000000000000455,1.8041666666665606,0.0,0.0,10.37142857142857,-136.41384950707592,0.0,8.749999999999993
2023-02-10,0.0,-5.5,6.5,59.0,1037.3,5.2,309.0,0.0,0.0,-0.10000000000013642,1.025000000000091,0.0,0.0,12.728571428571428,-24.437344513878713,0.0,9.999999999999993
2023-02-11,0.0,-4.1,8.3,66.0,1035.3,5.1,310.0,59.0,0.0,-3.5,2.620833333332939,35.285714285714285,-39.857142857142854,9.057142857142859,-70.94629936942283,0.0,6.833333333333329
2023-02-12,0.0,-1.4,12.5,63.0,1034.4,4.6,331.0,16.0,0.0,2.7000000000000455,2.183333333333394,0.0,-2.4285714285714284,10.028571428571428,-87.16363385794159,0.0,-5.541666666666664
2023-02-13,0.0,0.4,11.5,70.0,1037.7,5.6,311.0,0.0,1.0,-2.099999999999909,1.6916666666668334,0.0,0.0,8.342857142857143,-57.33037983279411,0.0,8.625
2023-02-14,0.0,-0.7,11.5,79.0,1034.1,4.0,345.0,0.0,9.0,-4.5,3.025000000000091,0.0,0.0,6.828571428571429,106.74787423436209,0.0,-3.041666666666657
2023-02-15,0.0,0.3,14.0,76.0,1030.0,4.2,337.0,0.0,5.0,-2.400000000000091,1.912499999999909,0.0,0.0,8.542857142857143,31.959745438929758,0.0,-3.208333333333343
2023-02-16,0.0,1.2,10.2,84.0,1029.5,5.1,12.0,51.0,7.0,-0.3999999999998636,0.7708333333332575,28.0,-69.71428571428571,3.6428571428571423,35.59203150267365,0.0,8.375
2023-02-17,0.0,1.1,10.6,88.0,1029.7,5.0,315.0,59.0,14.0,-0.6000000000001364,0.966666666666697,92.85714285714286,72.71428571428572,4.085714285714286,-169.59076376392144,0.0,0.875
2023-02-18,0.0,6.0,8.2,90.0,1028.0,2.2,22.0,100.0,16.0,-3.300000000000182,2.658333333333303,100.0,0.0,2.185714285714286,-125.80420581708029,0.0,-0.2083333333333286
2023-02-19,0.4,6.5,9.5,91.0,1024.0,3.5,9.0,94.0,19.0,-1.6000000000000227,2.1916666666667197,90.85714285714286,-9.142857142857139,2.0285714285714285,114.59225122311926,0.0,1.8333333333333286
2023-02-20,0.0,4.5,13.2,83.0,1026.3,5.2,311.0,69.0,10.0,-1.7000000000000455,1.4541666666666515,26.0,-65.28571428571429,5.342857142857143,-99.43979602405832,0.0,0.0833333333333286
2023-02-21,0.0,4.4,9.7,89.0,1022.0,4.6,29.0,96.0,14.0,-2.3999999999999773,1.8458333333334167,93.28571428571429,-1.1428571428571388,2.6285714285714286,-25.519573051771744,0.0,1.8333333333333286
2023-02-22,0.0,6.4,12.4,84.0,1018.4,4.1,6.0,84.0,10.0,-2.800000000000068,2.0791666666666515,92.28571428571429,-0.2857142857142776,4.828571428571428,80.16146099340438,0.0,0.2916666666666714
2023-02-23,0.0,4.8,12.2,85.0,1016.0,3.9,41.0,68.0,8.0,0.39999999999997726,0.7916666666666288,37.142857142857146,-58.99999999999999,3.857142857142857,146.66873909352796,0.0,0.4166666666666572
2023-02-24,0.2,5.3,11.1,91.0,1012.5,4.0,192.0,97.0,14.0,-5.899999999999977,4.887500000000159,100.0,0.1428571428571388,2.900000000000001,49.02387151849456,0.0,3.2083333333333286
2023-02-25,0.3,6.7,11.5,90.0,1001.4,5.9,64.0,85.0,13.0,-3.0,2.7249999999997954,58.857142857142854,-39.142857142857146,4.114285714285714,-6.826112749048747,0.0,-4.5
2023-02-26,2.6,4.4,9.0,56.0,1004.4,15.9,81.0,100.0,6.0,5.0,6.274999999999864,100.0,0.1428571428571388,13.114285714285714,34.289590318874446,6.0,-23.04166666666667
2023-02-27,0.0,2.0,8.6,48.0,1017.4,10.1,82.0,86.0,0.0,3.1000000000000227,4.908333333333303,90.71428571428571,0.1428571428571388,12.842857142857142,35.34359059893433,0.0,3.75
2023-02-28,0.0,-1.1,9.3,62.0,1023.0,8.4,73.0,45.0,0.0,-1.6000000000000227,1.458333333333485,42.57142857142857,28.0,10.1,64.19429475785228,0.0,5.458333333333336
2023-03-01,0.6,-0.5,12.0,69.0,1018.6,9.2,63.0,91.0,2.0,-3.6000000000000227,2.8458333333335304,100.0,18.714285714285708,10.099999999999998,112.94523757868774,2.0,-5.0
2023-03-02,1.0,4.0,11.7,77.0,1017.6,5.6,30.0,83.0,3.0,-0.7999999999999545,1.3708333333332803,69.28571428571429,-30.57142857142857,6.571428571428572,146.9672419253681,2.0,-1.3333333333333428
2023-03-03,0.2,1.3,13.4,77.0,1016.9,4.6,341.0,67.0,5.0,0.3000000000000682,1.3874999999999318,54.857142857142854,-31.857142857142854,7.6000000000000005,32.32691015384256,0.0,0.875
2023-03-04,0.0,0.5,13.8,76.0,1016.7,6.8,292.0,3.0,6.0,-4.0,3.0416666666666288,2.142857142857143,2.142857142857143,8.714285714285715,-53.32745719185891,0.0,2.75
2023-03-05,0.1,2.3,12.9,79.0,1012.2,5.7,32.0,54.0,8.0,-4.199999999999932,3.012499999999932,68.71428571428571,12.571428571428562,8.257142857142856,108.36567464889805,0.0,5.541666666666657
2023-03-06,0.9,4.6,11.9,80.0,1006.8,6.7,76.0,80.0,8.0,-3.3999999999999773,2.5624999999998863,83.57142857142857,-3.142857142857139,6.328571428571429,150.39728851259645,2.0,6.25
2023-03-07,1.0,5.0,12.2,87.0,1004.4,5.9,63.0,97.0,16.0,-1.3999999999999773,1.3916666666667652,89.57142857142857,-10.42857142857143,5.057142857142857,65.84409120897413,4.0,-0.5833333333333286
2023-03-08,0.0,3.2,13.4,81.0,1004.8,6.1,344.0,73.0,9.0,0.3000000000000682,1.4541666666666515,100.0,23.57142857142857,6.442857142857144,-179.2244679762041,0.0,0.5
2023-03-09,2.0,6.7,14.2,81.0,1004.4,5.5,48.0,78.0,7.0,1.1000000000000227,1.6166666666666742,78.57142857142857,21.857142857142854,5.542857142857144,24.772692572222383,2.0,-2.166666666666657
2023-03-10,0.4,6.5,16.2,83.0,999.2,5.1,19.0,78.0,10.0,-6.100000000000023,4.079166666666424,53.42857142857143,-30.85714285714286,5.985714285714286,-154.73305419489964,1.0,1.9166666666666572
2023-03-11,0.1,4.8,17.0,75.0,999.3,8.8,59.0,71.0,7.0,4.2999999999999545,3.6874999999997726,33.142857142857146,-52.99999999999999,8.857142857142858,71.79852445225089,0.0,-2.75
2023-03-12,0.0,5.4,13.5,56.0,1013.9,7.9,85.0,56.0,0.0,3.699999999999932,6.120833333333508,9.571428571428571,-62.28571428571429,11.728571428571428,57.177540477846065,0.0,10.166666666666664
2023-03-13,0.0,3.3,14.0,71.0,1017.5,5.4,349.0,96.0,0.0,-4.100000000000023,4.6416666666666515,97.14285714285714,7.142857142857139,9.057142857142855,172.24323133835253,0.0,6.458333333333329
2023-03-14,7.1,8.3,12.0,90.0,1005.4,6.7,55.0,96.0,18.0,-5.800000000000068,3.5874999999998636,85.57142857142857,-14.42857142857143,1.714285714285714,4.7250472786159605,13.0,2.625
2023-03-15,0.1,4.9,14.9,54.0,1009.6,8.8,341.0,45.0,7.0,8.100000000000023,6.429166666666447,28.714285714285715,-12.42857142857143,22.085714285714285,58.610552323666695,0.0,-26.499999999999996
2023-03-16,0.0,-0.1,12.4,51.0,1021.5,6.3,269.0,41.0,0.0,1.3999999999999773,3.4458333333330984,36.0,11.428571428571427,13.0,-153.59545823694566,0.0,14.666666666666671
2023-03-17,0.0,1.8,13.0,67.0,1022.7,5.9,244.0,67.0,0.0,-3.8999999999998636,2.6375000000000455,80.85714285714286,20.42857142857143,11.042857142857141,-171.00269826379673,0.0,2.5
2023-03-18,0.0,1.3,13.4,69.0,1019.1,5.4,292.0,41.0,2.0,-0.8000000000000682,1.2791666666668107,10.285714285714286,-56.285714285714285,10.9,159.77973392042065,0.0,1.9583333333333428
2023-03-19,0.0,3.3,14.0,70.0,1019.8,4.3,243.0,99.0,0.0,-0.09999999999990905,0.8291666666665378,97.42857142857143,-2.5714285714285694,9.028571428571427,158.35696360743975,0.0,-0.2916666666666714
2023-03-20,0.2,7.0,15.3,80.0,1019.6,4.6,73.0,60.0,6.0,-0.6999999999999318,1.0541666666666742,20.285714285714285,-70.14285714285714,6.514285714285714,117.3722391822165,0.0,5.625
2023-03-21,0.0,4.8,18.6,72.0,1017.2,6.5,293.0,23.0,6.0,-2.8999999999999773,2.454166666666765,45.714285714285715,43.57142857142857,10.442857142857141,-118.31010178430785,0.0,-2.166666666666657
2023-03-22,0.0,7.5,19.1,72.0,1015.7,5.4,246.0,43.0,1.0,-1.8999999999999773,1.679166666666788,12.428571428571429,-31.714285714285715,9.542857142857144,-80.35899551407235,0.0,3.458333333333343
2023-03-23,0.0,8.0,18.4,75.0,1015.4,6.1,39.0,84.0,2.0,-0.39999999999997726,1.320833333333212,47.142857142857146,-52.857142857142854,8.8,122.0658320691141,0.0,2.1666666666666714
2023-03-24,0.0,6.8,16.0,80.0,1014.3,6.0,38.0,91.0,8.0,-2.7999999999999545,2.4750000000001364,83.0,-17.0,6.257142857142858,-169.88065865851655,0.0,4.5
2023-03-25,2.8,7.8,14.3,83.0,1011.6,7.7,70.0,63.0,10.0,0.8999999999999773,1.175000000000182,59.42857142857143,0.2857142857142847,5.142857142857143,25.33980383302105,3.0,-1.9583333333333286
2023-03-26,11.1,6.2,15.7,82.0,1008.3,6.4,360.0,64.0,12.0,-8.0,7.808333333333053,99.14285714285714,34.14285714285714,5.814285714285714,84.45602069357153,7.0,10.041666666666671
2023-03-27,3.4,4.3,16.9,63.0,1005.6,7.0,358.0,49.0,7.0,6.7999999999999545,4.791666666666629,8.285714285714286,-57.142857142857146,12.857142857142858,94.36258669667922,2.0,-34.25
2023-03-28,0.0,1.1,14.9,41.0,1022.0,8.8,288.0,19.0,0.0,1.7999999999999545,4.487500000000296,35.57142857142857,33.57142857142857,18.3,-40.55730865969724,0.0,7.375
2023-03-29,0.0,4.5,13.9,56.0,1023.7,6.5,48.0,80.0,0.0,-2.0,1.8666666666666742,42.142857142857146,-57.714285714285715,11.528571428571427,-178.0344908411326,0.0,8.708333333333336
2023-03-30,0.3,6.0,13.3,76.0,1021.5,4.9,45.0,98.0,1.0,-4.100000000000023,3.4083333333331893,97.14285714285714,1.5714285714285694,5.528571428571429,141.72412025885478,1.0,5.708333333333329
2023-03-31,6.0,9.3,14.4,84.0,1012.1,6.0,278.0,100.0,11.0,-9.0,6.8916666666666515,100.0,0.1428571428571388,5.1571428571428575,-163.52711656553453,6.0,7.833333333333343
2023-04-01,0.1,5.4,16.9,80.0,1005.2,5.1,308.0,63.0,9.0,0.0,1.3375000000002046,51.857142857142854,15.285714285714285,8.214285714285714,8.465742304069522,0.0,-0.375
2023-04-02,9.5,8.3,17.3,69.0,1009.9,8.1,359.0,77.0,6.0,2.3999999999999773,2.637499999999932,73.71428571428571,-13.571428571428584,11.642857142857142,-50.723746984777904,7.0,-4.25
2023-04-03,0.1,5.5,15.0,59.0,1014.4,8.4,73.0,34.0,0.0,-1.6000000000000227,2.416666666666856,58.42857142857143,45.0,11.985714285714286,37.41460939304923,0.0,-23.70833333333333
2023-04-04,0.0,1.3,11.9,46.0,1016.6,7.4,114.0,0.0,0.0,-1.5,1.8416666666668107,0.42857142857142855,0.42857142857142855,14.314285714285715,76.97688866041813,0.0,9.791666666666664
2023-04-05,0.0,0.4,10.9,56.0,1019.1,5.8,220.0,20.0,0.0,-2.2999999999999545,2.0999999999997954,29.428571428571427,0.5714285714285694,12.471428571428572,142.2146333707026,0.0,5.125
2023-04-06,0.0,1.0,12.4,58.0,1019.2,6.7,241.0,11.0,0.0,-3.3999999999999773,2.4666666666665833,5.571428571428571,5.285714285714286,11.928571428571429,-144.97527954767804,0.0,5.75
2023-04-07,0.0,1.5,14.8,66.0,1016.5,6.0,191.0,70.0,0.0,-2.8999999999999773,2.1458333333332575,87.57142857142857,3.857142857142861,11.271428571428572,160.2889092242287,0.0,-3.125000000000007
2023-04-08,11.8,4.8,15.3,72.0,1017.7,5.3,63.0,79.0,9.0,1.0,1.4416666666667197,100.0,47.42857142857143,10.771428571428572,55.00860866940508,7.0,7.458333333333329
2023-04-09,1.3,5.1,13.2,73.0,1022.1,5.7,17.0,42.0,5.0,0.6000000000000227,1.1041666666664014,46.857142857142854,34.0,9.442857142857141,-114.07238267609013,2.0,2.125
2023-04-10,0.0,3.0,15.8,67.0,1023.3,5.7,259.0,22.0,6.0,-2.6000000000000227,2.2000000000000455,39.285714285714285,37.42857142857143,12.44285714285714,-60.50740133186645,0.0,-6.333333333333329
2023-04-11,0.0,5.4,15.7,68.0,1016.7,5.7,12.0,91.0,0.0,-5.7000000000000455,3.8458333333334167,80.71428571428571,-19.285714285714292,9.942857142857145,76.82350369846836,0.0,0.75
2023-04-12,0.0,6.4,15.0,67.0,1010.8,4.2,49.0,98.0,0.0,-3.6000000000000227,3.954166666666765,100.0,2.714285714285708,10.914285714285713,94.16885461392906,0.0,-1.6666666666666572
2023-04-13,21.5,7.8,11.1,84.0,1003.5,6.9,33.0,100.0,20.0,-1.7999999999999545,1.6708333333334622,100.0,0.0,3.614285714285714,-28.056022599501773,21.0,-1.5833333333333286
2023-04-14,8.9,6.3,13.0,80.0,1003.7,7.6,242.0,91.0,10.0,1.8999999999999773,1.5541666666666742,89.0,-11.0,6.014285714285714,-65.95626247930443,11.0,-2.2083333333333286
2023-04-15,0.0,6.2,15.6,77.0,1006.7,8.6,65.0,86.0,3.0,1.8999999999999773,1.4375000000001137,92.85714285714286,-5.714285714285708,8.0,38.61792293038934,0.0,2.75
2023-04-16,0.0,4.3,16.4,68.0,1012.8,6.6,285.0,37.0,6.0,1.2999999999999545,2.2750000000002046,59.857142857142854,49.71428571428571,11.700000000000001,-129.70781612809944,0.0,0.4166666666666714
2023-04-17,0.0,6.6,19.4,59.0,1014.2,8.3,340.0,51.0,0.0,-0.39999999999997726,0.8333333333335986,50.57142857142857,14.428571428571423,14.357142857142856,94.01846943666584,0.0,6.791666666666664
2023-04-18,0.0,7.5,20.9,61.0,1015.0,8.4,306.0,65.0,0.0,1.1000000000000227,1.3041666666665606,95.85714285714286,55.142857142857146,13.671428571428574,-93.5636649969297,0.0,8.958333333333336
2023-04-19,5.0,9.8,18.1,71.0,1015.2,6.2,312.0,50.0,5.0,-4.699999999999932,3.054166666666788,71.0,52.14285714285714,9.157142857142858,-81.15914422851003,4.0,6.625
2023-04-20,12.6,9.5,12.9,84.0,1013.9,10.2,58.0,91.0,13.0,1.6000000000000227,1.2666666666666515,91.28571428571429,12.714285714285722,3.571428571428572,-18.95660912277458,10.0,-3.875
2023-04-21,0.4,9.6,18.4,74.0,1014.7,7.8,345.0,76.0,1.0,-0.5,0.8999999999998636,42.285714285714285,-40.57142857142858,8.571428571428571,148.93628589148636,0.0,5.0
2023-04-22,0.0,7.8,20.0,73.0,1014.4,6.9,270.0,81.0,3.0,-1.8999999999999773,1.5333333333337578,90.71428571428571,28.571428571428562,9.142857142857142,171.82099026397896,0.0,6.041666666666671
2023-04-23,0.2,9.3,19.6,76.0,1012.5,6.3,85.0,82.0,8.0,-2.699999999999932,2.1791666666666742,71.71428571428571,-11.571428571428584,10.0,88.4069375759546,1.0,2.916666666666657
2023-04-24,8.6,10.7,15.7,82.0,1007.5,8.2,78.0,90.0,13.0,1.099999999999909,1.4541666666665378,64.57142857142857,-35.42857142857143,4.742857142857143,146.17735844456695,10.0,-2.125
2023-04-25,28.8,7.6,14.3,82.0,1009.9,7.4,347.0,62.0,13.0,-0.2999999999999545,0.8833333333332121,51.714285714285715,-46.142857142857146,5.457142857142857,-65.45503285153723,11.0,-1.75
2023-04-26,0.0,5.1,17.3,66.0,1014.2,7.8,314.0,28.0,2.0,0.0,2.733333333333576,61.142857142857146,49.28571428571429,10.571428571428573,85.08174793306432,0.0,5.333333333333343
2023-04-27,0.0,7.2,18.5,65.0,1018.3,5.2,164.0,36.0,0.0,-0.1999999999999318,1.237500000000182,62.857142857142854,44.71428571428571,11.842857142857143,133.03861852228624,0.0,-3.1666666666666714
2023-04-28,0.0,8.3,16.6,66.0,1019.0,5.2,36.0,93.0,0.0,-3.1000000000000227,2.3208333333333258,92.14285714285714,-6.428571428571431,11.514285714285716,10.116471696088922,0.0,2.2083333333333286
2023-04-29,0.0,9.7,20.5,75.0,1015.1,4.7,28.0,84.0,2.0,-1.5,1.8583333333333485,98.42857142857143,0.2857142857142918,8.571428571428571,130.65285157477706,0.0,7.791666666666671
2023-04-30,0.0,9.5,20.6,73.0,1015.9,6.7,47.0,73.0,6.0,-0.5,0.9750000000001364,98.28571428571429,30.142857142857153,8.542857142857143,109.07331435478767,0.0,-4.708333333333329
2023-05-01,1.3,12.7,19.1,65.0,1015.9,9.5,70.0,100.0,5.0,-0.7999999999999545,1.4249999999998408,100.0,0.0,10.37142857142857,1.9235421617423185,3.0,21.75
2023-05-02,20.9,12.0,16.6,87.0,1015.9,7.9,330.0,100.0,22.0,3.2000000000000455,2.420833333333235,100.0,0.0,2.828571428571429,39.86016228855783,24.0,5.625
2023-05-03,1.0,11.8,18.7,77.0,1020.4,6.6,85.0,71.0,9.0,1.3999999999999773,1.379166666666606,46.42857142857143,-39.85714285714286,9.428571428571429,-167.054677015888,3.0,-2.3333333333333286
2023-05-04,0.0,7.9,22.7,71.0,1021.0,7.0,264.0,35.0,3.0,-2.3999999999999773,1.8666666666666742,69.0,61.285714285714285,11.342857142857142,-159.93811585556443,0.0,2.2083333333333286
2023-05-05,0.0,10.3,22.9,73.0,1019.0,5.5,238.0,43.0,4.0,-3.3999999999999773,2.512500000000159,64.57142857142857,34.0,10.085714285714285,-68.19289750656898,0.0,1.625
2023-05-06,0.1,11.8,23.9,73.0,1016.0,4.9,286.0,88.0,0.0,-1.3000000000000682,1.3625000000000682,87.57142857142857,-9.714285714285722,9.614285714285712,-106.26246368715184,0.0,2.75
2023-05-07,0.8,12.5,23.1,77.0,1016.0,5.3,327.0,88.0,9.0,-0.10000000000002274,0.8166666666664923,98.28571428571429,6.571428571428584,8.457142857142857,-74.54389098373042,1.0,3.6666666666666714
2023-05-08,12.6,15.0,18.8,85.0,1019.0,6.4,64.0,96.0,13.0,0.8999999999999773,1.6041666666667425,99.85714285714286,11.142857142857153,3.8714285714285723,1.4332210312670668,11.0,-5.583333333333329
2023-05-09,0.0,13.8,21.2,68.0,1018.1,8.1,82.0,76.0,0.0,-3.8999999999999773,3.045833333333121,84.28571428571429,15.571428571428584,9.814285714285715,37.01724740350852,0.0,-4.5
2023-05-10,24.7,12.1,15.2,78.0,1013.2,6.8,29.0,100.0,19.0,-0.39999999999997726,1.0458333333330074,100.0,0.0,1.9714285714285718,1.6462343618673003,20.0,10.0
2023-05-11,44.8,11.2,14.2,83.0,1010.7,11.5,345.0,100.0,21.0,0.20000000000004547,0.7416666666666742,100.0,0.0,2.9571428571428564,28.53705408104338,23.0,-1.2083333333333286
2023-05-12,24.6,10.2,15.5,86.0,1013.8,8.7,53.0,99.0,17.0,2.5,2.0666666666664923,96.85714285714286,-3.142857142857139,3.2428571428571424,38.40114294757299,16.0,7.583333333333343
2023-05-13,9.9,9.5,16.8,88.0,1017.5,6.7,47.0,91.0,17.0,0.0,1.1000000000001364,91.28571428571429,-6.285714285714278,3.3428571428571425,42.20453242919791,8.0,-4.041666666666671
2023-05-14,2.3,9.6,15.7,80.0,1012.7,5.0,324.0,93.0,7.0,-3.199999999999932,2.4666666666665833,100.0,1.0,4.457142857142857,-1.7636081165759947,4.0,3.0
2023-05-15,0.0,9.3,19.7,75.0,1008.8,4.9,18.0,55.0,5.0,-2.0,1.6333333333333258,62.285714285714285,44.71428571428571,7.871428571428571,-53.161343160538905,0.0,-1.4583333333333428
2023-05-16,13.0,12.6,18.2,78.0,1005.4,8.1,342.0,100.0,14.0,-0.3000000000000682,2.045833333333235,100.0,0.7142857142857082,5.242857142857142,0.8589552433963945,15.0,4.708333333333343
2023-05-17,1.0,12.6,17.8,80.0,1011.5,4.2,214.0,97.0,4.0,5.2000000000000455,4.829166666666993,99.85714285714286,-0.1428571428571388,5.214285714285715,35.84810812288677,2.0,-0.4166666666666714
2023-05-18,0.0,11.2,20.2,68.0,1018.1,4.9,114.0,44.0,1.0,-0.5,0.7125000000002046,74.42857142857143,64.0,10.428571428571429,-26.90407927274353,0.0,3.125
2023-05-19,0.2,13.3,19.8,66.0,1019.2,10.2,82.0,97.0,0.0,-1.1999999999999318,1.4375000000002274,89.14285714285714,-10.285714285714292,8.471428571428572,9.247627354145294,1.0,-0.5
2023-05-20,6.9,13.4,22.4,72.0,1016.1,11.2,3.0,99.0,5.0,-1.1000000000000227,1.2499999999998863,100.0,2.4285714285714306,6.242857142857142,-62.0611263482711,5.0,12.041666666666657
2023-05-21,2.4,15.1,25.8,65.0,1013.1,13.1,29.0,50.0,1.0,-0.7999999999999545,1.2833333333334167,14.0,-49.142857142857146,13.671428571428569,76.07046443331433,1.0,3.791666666666657
2023-05-22,0.0,15.5,26.3,58.0,1013.1,8.4,360.0,12.0,0.0,-2.2000000000000455,1.8291666666666515,23.142857142857142,21.0,14.028571428571428,100.34226004677612,0.0,9.249999999999993
2023-05-23,0.4,14.3,27.0,69.0,1012.5,6.0,328.0,39.0,1.0,-0.8999999999999773,1.0166666666667652,95.0,93.42857142857143,10.714285714285714,170.4799248601804,1.0,6.583333333333329
2023-05-24,12.0,14.3,23.7,78.0,1014.1,7.4,40.0,43.0,9.0,-0.39999999999997726,1.2499999999998863,45.142857142857146,-3.0,8.214285714285715,26.531454422913782,4.0,1.375
2023-05-25,13.0,14.3,24.5,73.0,1018.0,7.1,351.0,30.0,6.0,-0.10000000000002274,1.6750000000000682,14.714285714285714,-20.57142857142857,9.857142857142858,-141.06793582735702,5.0,-2.875
2023-05-26,1.5,14.8,26.2,73.0,1018.6,6.2,348.0,31.0,3.0,-1.3000000000000682,1.2000000000002728,59.0,50.85714285714286,8.514285714285714,-52.222599148097856,1.0,5.708333333333343
2023-05-27,0.2,15.7,24.3,71.0,1018.8,6.4,350.0,42.0,0.0,-3.0,2.0791666666666515,44.0,11.57142857142857,9.728571428571428,76.57827720986114,0.0,0.6666666666666572
2023-05-28,0.1,15.0,24.3,67.0,1015.5,7.4,346.0,51.0,0.0,-3.1000000000000227,2.1541666666668107,92.42857142857143,69.71428571428572,9.900000000000002,-30.068213688639844,0.0,5.708333333333343
2023-05-29,0.9,14.7,25.3,66.0,1014.8,9.5,354.0,48.0,2.0,-1.0,1.2541666666667197,80.14285714285714,74.14285714285714,10.971428571428573,-20.67018796900311,2.0,1.375
2023-05-30,1.9,15.8,24.5,64.0,1016.0,9.4,2.0,63.0,2.0,-1.3000000000000682,1.691666666666947,78.28571428571429,19.142857142857146,11.985714285714286,64.4423773640244,2.0,0.625
2023-05-31,0.0,15.3,24.6,61.0,1017.7,12.4,36.0,44.0,0.0,-0.7000000000000455,0.8166666666667197,38.42857142857143,10.714285714285715,12.714285714285712,69.49056300314021,0.0,2.0833333333333357
2023-06-01,0.2,16.2,25.7,63.0,1015.7,7.9,23.0,28.0,0.0,-3.400000000000091,2.4791666666666288,46.57142857142857,40.714285714285715,11.357142857142858,26.36950074208727,1.0,6.374999999999993
2023-06-02,0.0,15.2,26.1,69.0,1012.7,5.6,291.0,41.0,2.0,-1.6000000000000227,1.3041666666669016,80.0,70.42857142857143,10.257142857142858,-37.74543218444606,0.0,2.0
2023-06-03,0.1,16.8,24.3,69.0,1015.1,8.2,64.0,55.0,0.0,0.7000000000000455,1.4624999999999773,71.42857142857143,44.42857142857143,8.957142857142859,42.05457215147183,0.0,2.958333333333343
2023-06-04,8.4,15.0,22.9,79.0,1016.9,5.5,48.0,77.0,8.0,-0.5,1.0791666666665378,94.85714285714286,31.000000000000007,6.228571428571429,-4.722717611438355,6.0,3.333333333333343
2023-06-05,10.3,15.1,20.5,88.0,1016.3,6.1,48.0,98.0,15.0,-0.7999999999999545,1.341666666666697,99.0,-1.0,4.000000000000001,33.064351058836735,12.0,-0.75
2023-06-06,3.1,15.2,21.6,87.0,1015.7,4.8,76.0,79.0,13.0,-0.09999999999990905,0.745833333333394,89.85714285714286,20.714285714285722,4.257142857142857,30.3348828146776,3.0,2.166666666666657
2023-06-07,0.1,14.9,24.0,82.0,1016.0,4.5,260.0,73.0,9.0,-1.8000000000000682,1.9583333333333712,72.71428571428571,-13.285714285714292,6.585714285714286,134.499279504701,0.0,-2.333333333333343
2023-06-08,0.0,15.5,25.7,71.0,1013.6,6.0,270.0,27.0,2.0,-3.599999999999909,2.587500000000091,36.857142857142854,30.428571428571423,9.785714285714283,-49.29816606528561,0.0,-2.333333333333343
2023-06-09,0.3,16.0,25.9,76.0,1012.0,5.6,16.0,31.0,2.0,-1.6999999999999318,1.525000000000091,61.42857142857143,54.142857142857146,7.185714285714284,99.97178821667609,0.0,3.875
2023-06-10,3.8,16.2,25.4,82.0,1011.4,4.7,12.0,81.0,10.0,-1.5,1.1541666666665833,64.14285714285714,-35.85714285714286,6.3999999999999995,-15.437492826921442,1.0,2.791666666666657
2023-06-11,2.7,16.4,26.2,74.0,1012.1,5.0,358.0,33.0,7.0,-0.10000000000002274,1.0500000000000682,76.57142857142857,72.42857142857143,9.87142857142857,51.21986413652144,2.0,2.75
2023-06-12,6.7,16.8,25.5,74.0,1012.8,8.2,340.0,40.0,6.0,-1.7999999999999545,1.8249999999999318,53.714285714285715,35.28571428571429,8.87142857142857,-139.40589462836266,4.0,3.3333333333333286
2023-06-13,0.9,17.0,23.9,72.0,1011.7,7.3,62.0,75.0,1.0,-2.599999999999909,2.25,78.85714285714286,10.57142857142857,9.042857142857143,90.49579501115312,2.0,3.25
2023-06-14,0.2,15.7,24.7,73.0,1011.3,6.9,33.0,69.0,5.0,0.6000000000000227,1.166666666666515,74.57142857142857,44.285714285714285,10.400000000000002,11.604576007179134,1.0,0.1666666666666572
2023-06-15,0.0,15.5,24.8,69.0,1013.8,6.9,356.0,29.0,2.0,-0.5,1.0291666666668107,28.142857142857142,14.714285714285714,10.328571428571431,25.663451736176825,0.0,-3.458333333333343
2023-06-16,1.0,16.1,25.1,67.0,1014.2,7.0,306.0,17.0,1.0,-2.0,1.4708333333331893,24.571428571428573,19.0,9.6,29.926436165358666,1.0,4.333333333333329
2023-06-17,0.0,15.0,26.7,65.0,1014.3,7.4,291.0,7.0,0.0,-1.7999999999999545,1.5666666666667197,13.285714285714286,9.142857142857142,12.514285714285714,-92.38421167810336,0.0,2.9166666666666714
2023-06-18,0.1,15.9,26.7,73.0,1015.9,5.9,82.0,39.0,0.0,-1.400000000000091,1.0749999999999318,71.57142857142857,36.285714285714285,8.414285714285713,109.19203102814845,0.0,5.166666666666657
2023-06-19,0.0,17.2,27.8,73.0,1015.9,5.1,94.0,64.0,3.0,-1.3000000000000682,1.0708333333335531,78.85714285714286,18.000000000000007,9.985714285714286,142.4671573700881,0.0,0.7083333333333286
2023-06-20,0.0,19.4,29.1,77.0,1016.7,5.3,171.0,83.0,2.0,-1.2000000000000455,1.1625000000002501,89.14285714285714,-1.2857142857142918,8.414285714285716,114.6202546583807,0.0,-0.375
2023-06-21,0.0,19.6,30.2,76.0,1017.1,4.9,75.0,57.0,5.0,-0.39999999999997726,1.0291666666664696,37.142857142857146,-44.857142857142854,8.6,70.13365030639022,0.0,-2.166666666666657
2023-06-22,0.0,20.8,30.9,74.0,1017.5,5.3,253.0,64.0,4.0,-2.5,2.112500000000182,53.57142857142857,-45.42857142857143,9.8,-80.31827437359343,0.0,-2.0833333333333286
2023-06-23,0.4,19.4,27.5,73.0,1014.5,9.5,337.0,55.0,3.0,0.1999999999999318,1.5749999999999318,86.42857142857143,18.285714285714292,7.028571428571429,-50.78677794539334,1.0,11.708333333333329
2023-06-24,0.0,17.1,28.1,61.0,1017.9,6.2,52.0,24.0,0.0,-0.5,1.895833333333485,31.714285714285715,26.42857142857143,13.385714285714284,-30.02651646507053,0.0,4.958333333333336
2023-06-25,0.0,17.0,28.3,66.0,1017.1,6.0,257.0,5.0,0.0,-3.1000000000000227,2.2791666666665833,9.142857142857142,6.142857142857142,12.299999999999999,2.292369425869566,0.0,1.9166666666666714
2023-06-26,0.0,18.3,29.3,66.0,1015.5,6.1,302.0,17.0,1.0,-2.800000000000068,1.7666666666667652,29.714285714285715,23.285714285714285,10.928571428571429,-152.21570210301695,0.0,4.75
2023-06-27,2.7,20.1,29.0,71.0,1013.4,4.8,40.0,80.0,5.0,-1.8000000000000682,1.9333333333332803,99.28571428571429,32.71428571428572,9.557142857142859,-33.02677568635215,5.0,10.458333333333329
2023-06-28,0.1,17.5,25.1,71.0,1015.0,6.8,71.0,42.0,5.0,1.1000000000000227,1.4541666666667652,35.42857142857143,-12.285714285714285,10.785714285714286,45.42995168155724,0.0,-3.375
2023-06-29,0.0,16.6,27.2,69.0,1016.5,4.7,270.0,41.0,4.0,-3.5,2.237499999999841,23.571428571428573,-46.14285714285714,12.785714285714286,-60.41219813321729,0.0,-2.7083333333333286
2023-06-30,0.6,16.2,25.7,72.0,1012.3,5.5,204.0,77.0,2.0,-3.3999999999999773,2.270833333333144,100.0,48.714285714285715,8.185714285714285,-33.616849502767565,2.0,9.208333333333329
2023-07-01,2.9,18.0,24.6,81.0,1008.5,4.4,78.0,86.0,10.0,-2.400000000000091,1.6791666666666742,73.0,-23.14285714285714,6.642857142857143,0.7612082829540441,5.0,0.0833333333333286
2023-07-02,11.1,18.2,26.8,83.0,1010.0,4.5,320.0,43.0,12.0,0.8999999999999773,1.1708333333333485,54.285714285714285,20.857142857142854,6.342857142857142,51.215278041172496,6.0,2.5
2023-07-03,28.6,18.7,24.8,86.0,1012.9,6.4,41.0,79.0,15.0,-0.10000000000002274,1.3708333333332803,84.71428571428571,10.428571428571416,4.985714285714287,71.53146496881237,13.0,-0.5416666666666714
2023-07-04,0.5,16.3,27.2,76.0,1014.3,5.4,13.0,69.0,9.0,-1.1000000000000227,0.9625000000002046,82.42857142857143,0.0,10.799999999999997,123.68604666359033,1.0,-3.625
2023-07-05,0.5,17.4,26.8,74.0,1013.9,7.0,279.0,47.0,4.0,-2.8999999999999773,1.9833333333335759,41.57142857142857,5.0,9.314285714285715,12.738424706587068,1.0,0.041666666666671404
2023-07-06,17.6,17.1,24.0,80.0,1016.3,6.5,10.0,69.0,12.0,1.7000000000000455,1.6916666666664923,61.142857142857146,-26.999999999999993,7.214285714285713,36.841181282989396,6.0,0.375
2023-07-07,0.0,16.0,27.3,69.0,1020.3,6.5,340.0,9.0,4.0,0.8000000000000682,1.8250000000001592,9.857142857142858,8.285714285714286,11.799999999999999,156.91139864858746,0.0,-0.1666666666666714
2023-07-08,0.0,17.0,28.6,70.0,1020.8,6.1,250.0,37.0,3.0,-2.6000000000000227,1.4791666666667425,14.857142857142858,-35.71428571428571,11.52857142857143,165.98856298193624,0.0,-0.25
2023-07-09,0.0,17.5,30.2,72.0,1020.5,4.6,310.0,12.0,4.0,-1.2999999999999545,1.0458333333332348,29.285714285714285,27.285714285714285,10.128571428571428,93.72528472054148,0.0,-4.958333333333329
2023-07-10,0.0,20.1,31.6,73.0,1019.7,5.4,244.0,39.0,1.0,-2.7000000000000455,1.8750000000001137,65.71428571428571,38.14285714285714,8.971428571428572,-95.98204592736283,0.0,1.7083333333333286
2023-07-11,0.5,21.7,31.2,79.0,1017.4,5.2,79.0,35.0,8.0,-0.8999999999999773,1.2374999999999545,73.14285714285714,64.0,7.514285714285713,25.97509751829344,1.0,4.833333333333329
2023-07-12,2.2,22.1,29.1,78.0,1015.3,5.5,78.0,88.0,8.0,-2.1000000000000227,1.8875000000002728,74.57142857142857,-24.285714285714292,8.871428571428572,73.46980096033096,3.0,-4.791666666666671
2023-07-13,1.9,19.9,26.2,85.0,1014.4,4.9,45.0,68.0,13.0,0.7999999999999545,1.2124999999998636,41.285714285714285,-49.00000000000001,5.428571428571429,-33.34516936031724,4.0,-0.9166666666666714
2023-07-14,0.0,17.6,28.8,66.0,1016.9,5.7,34.0,13.0,6.0,-2.5,1.8041666666663332,5.714285714285714,-25.857142857142858,14.371428571428572,49.52782960972411,0.0,-9.541666666666671
2023-07-15,0.0,18.1,30.5,69.0,1015.8,6.3,233.0,6.0,0.0,-1.6000000000000227,1.3791666666667197,10.285714285714286,8.142857142857144,10.599999999999998,103.4998110128293,0.0,0.4583333333333428
2023-07-16,0.0,20.4,30.7,74.0,1015.3,4.8,93.0,3.0,0.0,0.0,0.9666666666664696,8.428571428571429,8.428571428571429,8.0,84.73827400109127,0.0,1.7916666666666714
2023-07-17,0.0,21.9,32.7,73.0,1015.9,4.8,117.0,9.0,5.0,-1.5,1.366666666666788,15.285714285714286,10.42857142857143,10.228571428571428,142.27109568299102,0.0,-4.083333333333329
2023-07-18,3.4,22.3,32.5,71.0,1016.5,6.4,11.0,25.0,3.0,-2.800000000000068,2.0291666666668107,54.285714285714285,45.857142857142854,11.228571428571428,9.473449841909996,1.0,8.666666666666671
2023-07-19,0.0,21.5,31.2,68.0,1011.4,6.0,328.0,64.0,2.0,-3.8999999999999773,2.7250000000000227,94.14285714285714,42.14285714285714,10.857142857142856,-145.43974299044882,0.0,-1.1666666666666714
2023-07-20,1.3,20.1,31.2,63.0,1009.4,7.7,30.0,35.0,1.0,-1.7999999999999545,1.254166666666606,31.857142857142858,10.142857142857142,14.899999999999997,117.39279108103472,2.0,-1.5833333333333286
2023-07-21,3.3,20.9,24.9,76.0,1009.8,6.3,67.0,75.0,4.0,-1.2999999999999545,1.0708333333334394,71.42857142857143,-7.714285714285708,4.8999999999999995,-2.0842578924766997,5.0,5.666666666666671
2023-07-22,0.5,18.0,27.8,74.0,1013.4,6.3,8.0,38.0,6.0,0.1999999999999318,1.8791666666667197,49.42857142857143,8.571428571428577,8.7,128.62839118613027,1.0,-0.5
2023-07-23,0.0,19.3,28.6,71.0,1015.3,5.8,73.0,32.0,0.0,-2.3999999999999773,2.141666666666538,9.714285714285714,-41.0,9.471428571428573,173.3986266146743,0.0,-2.0833333333333286
2023-07-24,8.0,19.6,28.3,75.0,1011.4,6.0,357.0,75.0,3.0,-4.7999999999999545,4.562499999999886,97.57142857142857,23.42857142857143,8.114285714285716,-49.76458276780943,2.0,4.125
2023-07-25,12.6,18.7,26.1,86.0,1003.2,6.5,240.0,85.0,17.0,-2.8999999999999773,2.0958333333331893,85.42857142857143,-5.285714285714278,5.6000000000000005,-10.9304796268637,9.0,3.0416666666666714
2023-07-26,5.3,15.0,24.2,76.0,1008.3,4.9,241.0,29.0,11.0,5.100000000000023,5.691666666666606,28.571428571428573,22.857142857142858,8.9,-128.78719766968078,3.0,-2.666666666666657
2023-07-27,0.0,12.9,24.6,67.0,1015.3,6.2,193.0,22.0,1.0,-2.300000000000068,1.5625000000001137,18.142857142857142,-34.85714285714286,11.428571428571429,166.10316863804962,0.0,3.7083333333333286
2023-07-28,0.0,15.9,26.3,73.0,1013.4,5.6,260.0,40.0,2.0,-1.7000000000000455,1.7250000000001364,67.71428571428571,56.14285714285714,9.014285714285714,169.4078402500378,0.0,-2.75
2023-07-29,2.3,17.6,27.9,78.0,1013.2,5.8,168.0,38.0,8.0,-2.199999999999932,1.6416666666666515,31.142857142857142,10.142857142857142,8.071428571428571,-57.12167138067272,3.0,-0.3333333333333428
2023-07-30,12.4,19.8,27.6,79.0,1012.4,4.7,349.0,42.0,7.0,-0.599999999999909,1.1874999999998863,33.57142857142857,23.14285714285714,7.7857142857142865,-92.07033707467853,4.0,-3.708333333333343
2023-07-31,0.0,18.7,27.5,70.0,1012.7,5.4,23.0,57.0,1.0,-2.3999999999999773,1.9499999999999318,69.42857142857143,0.1428571428571388,9.685714285714285,75.46970453995385,0.0,-1.3333333333333286
2023-08-01,2.9,19.1,25.8,80.0,1006.1,4.5,47.0,72.0,6.0,-4.7999999999999545,3.4041666666665833,67.71428571428571,-24.714285714285722,6.514285714285714,67.84086182031325,4.0,0.6666666666666572
2023-08-02,1.2,17.4,26.7,75.0,1006.9,5.1,121.0,51.0,7.0,-2.2999999999999545,1.6083333333330074,59.857142857142854,-7.857142857142854,9.257142857142856,156.2649809728506,1.0,-3.4583333333333286
2023-08-03,5.2,19.5,28.9,83.0,1006.0,6.7,102.0,68.0,15.0,1.6999999999999318,1.2791666666668107,85.28571428571429,29.85714285714286,6.442857142857142,-15.984322299450923,10.0,8.208333333333329
2023-08-04,11.9,19.0,24.7,84.0,1007.9,8.7,50.0,73.0,13.0,1.400000000000091,1.9583333333335986,100.0,37.142857142857146,4.885714285714286,-88.05697766292428,9.0,2.9583333333333286
2023-08-05,30.7,17.2,20.7,93.0,1006.2,4.8,270.0,100.0,23.0,1.5,1.7624999999999318,100.0,0.0,1.9000000000000006,1.7032609676100492,21.0,2.5
2023-08-06,5.0,16.0,22.8,86.0,1006.1,6.5,38.0,40.0,12.0,2.1000000000000227,1.8958333333335986,32.142857142857146,-9.142857142857139,4.499999999999999,12.3451744832916,4.0,1.2083333333333428
2023-08-07,0.0,12.5,25.4,65.0,1011.9,6.6,336.0,11.0,5.0,2.800000000000068,2.4041666666665833,24.714285714285715,20.285714285714285,15.400000000000002,133.96105991947957,0.0,3.5
2023-08-08,0.2,12.7,23.3,67.0,1017.4,5.8,18.0,42.0,1.0,-1.1000000000000227,1.1708333333336896,53.285714285714285,23.0,8.999999999999998,120.96917603660017,1.0,7.666666666666671
2023-08-09,0.0,16.0,24.2,75.0,1016.3,4.8,356.0,92.0,0.0,-1.2000000000000455,1.0500000000000682,82.85714285714286,-17.14285714285714,8.085714285714287,141.92674551035907,0.0,3.5416666666666714
2023-08-10,0.0,16.6,26.0,73.0,1018.8,6.0,21.0,30.0,6.0,0.39999999999997726,1.3916666666664241,44.714285714285715,28.142857142857142,9.771428571428572,85.65610037368464,0.0,-1.5416666666666714
2023-08-11,0.0,17.2,27.7,73.0,1021.8,4.2,73.0,21.0,2.0,0.09999999999990905,0.8791666666667197,23.857142857142858,22.714285714285715,9.257142857142858,135.6616019218991,0.0,-0.8333333333333428
2023-08-12,0.0,17.6,28.3,75.0,1020.8,5.2,359.0,10.0,4.0,-3.5,2.299999999999841,19.0,14.428571428571429,9.471428571428573,119.96536839048417,0.0,-1.7083333333333286
2023-08-13,0.0,19.2,30.7,73.0,1018.4,5.1,289.0,6.0,4.0,-1.7000000000000455,1.3166666666663787,13.142857142857142,11.142857142857142,10.485714285714286,-118.04131871605165,0.0,-2.041666666666657
2023-08-14,0.0,20.0,29.9,71.0,1017.8,5.6,273.0,19.0,5.0,-0.7000000000000455,0.8166666666667197,3.4285714285714284,-31.142857142857142,10.442857142857145,164.22541615085657,0.0,-6.375
2023-08-15,0.0,20.5,30.6,67.0,1017.1,5.3,25.0,19.0,0.0,-2.2000000000000455,1.8166666666668334,15.714285714285714,9.285714285714285,12.400000000000002,134.23716321286042,0.0,2.375
2023-08-16,0.1,20.9,30.8,68.0,1017.0,6.3,336.0,24.0,2.0,-1.1000000000000227,1.0875000000002046,35.42857142857143,23.42857142857143,12.242857142857146,9.107803389522985,0.0,2.75
2023-08-17,6.9,20.0,30.3,76.0,1016.3,5.6,329.0,38.0,6.0,-0.7999999999999545,1.2624999999999318,88.85714285714286,82.71428571428572,9.299999999999999,-30.617420614161176,3.0,13.833333333333329
2023-08-18,0.6,19.3,28.2,80.0,1016.2,4.9,334.0,69.0,8.0,-0.5,0.6499999999999773,36.857142857142854,-59.714285714285715,6.742857142857141,153.79286126529718,1.0,1.8333333333333428
2023-08-19,0.0,20.3,31.8,69.0,1016.6,5.2,319.0,5.0,3.0,-0.39999999999997726,0.8791666666667197,12.285714285714286,12.285714285714286,11.671428571428569,176.79730350683712,0.0,-0.4583333333333428
2023-08-20,0.0,21.1,32.9,64.0,1018.9,5.1,19.0,6.0,0.0,-1.0,1.0041666666668334,13.571428571428571,12.571428571428571,13.857142857142858,86.72712971123866,0.0,-5.375
2023-08-21,0.0,22.0,34.3,62.0,1019.6,5.9,318.0,3.0,0.0,-2.400000000000091,1.7916666666667425,7.714285714285714,7.714285714285714,15.214285714285714,-169.24245940166722,0.0,-5.0
2023-08-22,0.0,21.3,34.2,62.0,1017.7,5.8,316.0,10.0,1.0,-2.1000000000000227,1.770833333333485,31.0,31.0,15.385714285714288,-129.20262596414767,0.0,-4.0
2023-08-23,0.9,22.4,34.9,63.0,1015.5,5.3,344.0,28.0,1.0,-1.5,1.2625000000000455,61.285714285714285,52.285714285714285,13.957142857142857,76.40566646217951,1.0,1.25
2023-08-24,0.0,22.4,34.3,64.0,1015.3,5.6,295.0,25.0,0.0,-2.099999999999909,1.7000000000000455,47.0,41.57142857142857,13.728571428571428,-132.31225693775752,0.0,-0.7916666666666714
2023-08-25,0.0,23.0,33.3,64.0,1013.0,5.2,55.0,30.0,0.0,-1.7999999999999545,1.4041666666664696,8.571428571428571,-43.142857142857146,13.185714285714285,133.90029547484386,0.0,-1.9583333333333357
2023-08-26,0.0,21.8,32.7,65.0,1010.9,5.1,72.0,53.0,0.0,-2.5,2.0833333333333712,79.85714285714286,28.000000000000007,13.742857142857144,142.8588678290754,0.0,2.166666666666657
2023-08-27,0.0,20.7,29.5,69.0,1008.0,5.2,297.0,86.0,0.0,-2.0,2.174999999999841,97.57142857142857,0.5714285714285694,9.9,106.84996465520317,0.0,2.375
2023-08-28,57.9,17.3,23.9,86.0,1002.0,10.3,38.0,91.0,17.0,-5.100000000000023,3.6041666666667425,81.0,-16.285714285714292,4.271428571428571,-12.915201648969571,17.0,0.75
2023-08-29,18.8,15.8,22.1,86.0,1001.4,7.9,346.0,95.0,11.0,1.8000000000000682,1.5624999999998863,97.85714285714286,-1.4285714285714306,3.9285714285714284,-150.37943785437932,8.0,5.166666666666671
2023-08-30,23.1,14.4,19.2,90.0,1006.2,4.6,296.0,80.0,20.0,2.1000000000000227,2.0833333333333712,60.0,-40.0,3.3142857142857145,12.382490325763513,13.0,0.3333333333333286
2023-08-31,1.3,13.7,22.5,84.0,1013.4,4.4,41.0,48.0,13.0,3.5,3.8958333333333712,69.28571428571429,9.142857142857146,5.642857142857143,87.91870707167834,4.0,3.125
2023-09-01,0.4,15.4,24.6,81.0,1018.2,4.9,96.0,37.0,9.0,-0.10000000000002274,1.0124999999997044,50.142857142857146,14.285714285714292,7.214285714285714,107.15035895886035,1.0,-2.25
2023-09-02,0.0,15.7,27.0,79.0,1020.4,4.9,234.0,35.0,7.0,0.09999999999990905,0.6541666666665833,29.142857142857142,-5.571428571428573,8.142857142857142,171.9416420749219,0.0,3.5416666666666714
2023-09-03,0.0,17.5,26.5,79.0,1021.6,4.2,358.0,70.0,7.0,-0.5,0.8458333333334167,100.0,27.57142857142857,7.0857142857142845,11.244785444790523,0.0,-2.083333333333343
2023-09-04,0.0,20.1,25.9,74.0,1023.0,5.1,53.0,81.0,0.0,-1.6999999999999318,1.8416666666664696,40.0,-56.14285714285714,7.257142857142857,96.69502326157743,0.0,2.5833333333333286
2023-09-05,0.0,17.8,25.2,59.0,1022.4,4.2,38.0,50.0,0.0,-2.300000000000068,2.0708333333334394,11.571428571428571,-50.0,11.771428571428572,55.79016194249277,0.0,4.75
2023-09-06,0.0,14.4,27.1,66.0,1021.2,6.6,0.0,1.0,3.0,-2.7000000000000455,1.8999999999998636,0.0,-2.5714285714285716,13.171428571428573,83.37828208570625,0.0,-2.5416666666666643
2023-09-07,0.0,16.1,27.7,64.0,1020.7,8.2,24.0,1.0,0.0,-1.3999999999999773,1.2833333333334167,0.0,-2.4285714285714284,13.900000000000002,80.37181784162573,0.0,-1.4166666666666643
2023-09-08,0.0,15.8,28.1,63.0,1019.7,8.0,359.0,2.0,0.0,-2.599999999999909,1.9750000000000227,0.0,-6.714285714285714,13.85714285714286,74.98232352741417,0.0,-3.5
2023-09-09,0.0,16.8,28.1,63.0,1018.5,6.6,347.0,0.0,0.0,-1.1000000000000227,1.1416666666666515,0.0,0.0,14.285714285714286,68.39255637283145,0.0,-1.375
2023-09-10,0.0,17.3,28.5,64.0,1018.2,6.0,334.0,1.0,0.0,-1.7000000000000455,1.300000000000182,0.0,-1.8571428571428572,13.1,155.78635457878,0.0,-3.5416666666666643
2023-09-11,0.0,15.3,29.1,73.0,1015.3,6.2,278.0,0.0,8.0,-2.800000000000068,2.0375000000001364,0.0,-1.0,12.214285714285714,-68.61376046138327,0.0,-4.333333333333329
2023-09-12,0.0,15.7,27.5,76.0,1014.7,4.8,236.0,52.0,6.0,-0.39999999999997726,0.6291666666664923,76.85714285714286,9.142857142857153,9.314285714285715,-151.8216319042088,0.0,2.375
2023-09-13,1.5,17.5,24.8,81.0,1016.1,3.8,3.0,84.0,7.0,0.09999999999990905,0.8958333333332575,76.28571428571429,-21.0,6.128571428571428,117.85800933818439,1.0,5.708333333333329
2023-09-14,8.9,16.8,24.5,82.0,1017.6,5.0,51.0,54.0,11.0,0.6999999999999318,1.1041666666666288,72.71428571428571,42.85714285714285,6.585714285714287,28.73092854114259,3.0,-1.2916666666666714
2023-09-15,0.0,16.8,25.3,73.0,1018.5,6.1,42.0,69.0,5.0,-1.2999999999999545,1.2958333333333485,32.714285714285715,-65.28571428571428,10.228571428571428,139.3728928328522,0.0,0.0833333333333286
2023-09-16,0.3,15.3,25.3,76.0,1018.5,5.6,250.0,39.0,5.0,-0.8999999999999773,0.8916666666666515,48.57142857142857,1.1428571428571388,9.042857142857143,-112.76580668367865,1.0,6.791666666666657
2023-09-17,0.1,16.4,25.5,81.0,1018.9,4.3,243.0,65.0,10.0,-0.39999999999997726,0.8625000000000682,91.71428571428571,18.285714285714278,7.185714285714288,-100.32995098662275,0.0,7.583333333333329
2023-09-18,45.6,17.6,25.1,86.0,1016.0,5.4,297.0,71.0,16.0,-2.6000000000000227,3.129166666666606,99.42857142857143,24.285714285714292,3.92857142857143,-109.18168981141395,7.0,5.041666666666671
2023-09-19,1.5,17.1,24.8,86.0,1014.0,6.6,60.0,37.0,15.0,2.5,2.2749999999998636,30.714285714285715,11.42857142857143,5.371428571428571,24.837483690829742,2.0,2.791666666666657
2023-09-20,2.9,16.0,24.6,81.0,1015.8,4.8,2.0,56.0,10.0,-2.5,1.8874999999999318,73.14285714285714,13.57142857142857,6.428571428571431,-166.62515187568033,2.0,9.0
2023-09-21,7.4,16.5,23.9,86.0,1010.6,4.6,94.0,72.0,17.0,-3.7999999999999545,2.920833333333462,64.71428571428571,-10.857142857142861,6.857142857142857,166.78171309434458,7.0,-0.5416666666666714
2023-09-22,29.7,16.5,20.8,92.0,1007.4,4.9,10.0,99.0,24.0,-0.3000000000000682,0.8750000000001137,100.0,1.5714285714285694,2.4714285714285715,13.664641303601513,15.0,3.1666666666666714
2023-09-23,3.3,14.8,23.0,83.0,1011.0,6.4,32.0,85.0,12.0,4.600000000000023,3.7708333333333712,79.85714285714286,-3.4285714285714306,6.371428571428572,15.662312181269044,1.0,3.9166666666666714
2023-09-24,0.0,11.5,22.0,70.0,1019.5,6.1,312.0,31.0,2.0,2.8999999999999773,3.204166666666765,14.714285714285714,7.7142857142857135,10.12857142857143,-167.10059417861092,0.0,3.291666666666657
2023-09-25,0.0,11.9,24.4,67.0,1021.4,5.3,313.0,3.0,0.0,-0.5,1.2791666666665833,0.42857142857142855,0.14285714285714285,10.814285714285715,-34.17989668092105,0.0,2.125
2023-09-26,0.0,13.9,25.9,68.0,1021.1,6.3,354.0,0.0,3.0,-2.699999999999932,1.9250000000000682,0.0,0.0,10.285714285714286,120.36893700786067,0.0,-3.25
2023-09-27,0.0,14.8,27.1,61.0,1020.2,10.4,13.0,24.0,1.0,-1.7999999999999545,1.5874999999996362,33.857142857142854,-4.5714285714285765,14.342857142857143,91.9849523578659,0.0,-5.0
2023-09-28,0.0,14.3,26.4,62.0,1019.4,7.8,341.0,15.0,0.0,-0.39999999999997726,0.8250000000000455,9.857142857142858,-32.85714285714286,13.357142857142858,66.52282656904805,0.0,-1.8333333333333357
2023-09-29,0.0,14.3,25.7,66.0,1021.0,6.9,329.0,9.0,1.0,-1.0,1.116666666666788,5.0,3.142857142857143,12.671428571428573,144.65974833786004,0.0,3.833333333333343
2023-09-30,0.0,14.3,26.0,71.0,1021.7,5.0,309.0,43.0,6.0,-0.10000000000002274,0.6541666666665833,58.857142857142854,9.285714285714285,10.871428571428572,-61.65671897695688,0.0,-7.791666666666664
2023-10-01,0.0,15.6,24.8,70.0,1024.1,5.4,347.0,9.0,0.0,0.0,1.125,0.2857142857142857,-4.142857142857143,9.557142857142859,81.52831201409396,0.0,2.541666666666657
2023-10-02,0.0,13.4,24.8,78.0,1025.0,5.1,282.0,8.0,8.0,-1.8999999999999773,1.3541666666666288,11.0,6.285714285714286,7.757142857142857,-106.39320295745293,0.0,3.0833333333333286
2023-10-03,0.0,13.6,23.9,80.0,1022.1,4.6,346.0,33.0,8.0,-2.2000000000000455,1.7250000000000227,64.71428571428571,53.14285714285714,7.042857142857143,146.6120720895239,0.0,-1.0416666666666714
2023-10-04,4.3,15.8,21.8,81.0,1023.9,6.2,46.0,73.0,11.0,2.400000000000091,2.095833333333644,86.85714285714286,3.5714285714285694,5.614285714285714,74.82898549605002,5.0,-8.0
2023-10-05,0.0,13.4,22.3,78.0,1024.1,3.4,294.0,62.0,7.0,-1.8000000000000682,1.5166666666665378,89.57142857142857,31.285714285714285,8.057142857142855,160.39449134215909,0.0,1.875
2023-10-06,0.0,13.3,23.6,73.0,1024.7,5.7,14.0,51.0,8.0,-0.10000000000013642,0.7250000000001364,68.71428571428571,32.71428571428571,11.557142857142859,31.81086983291914,0.0,-2.25
2023-10-07,0.0,12.1,23.5,74.0,1023.7,4.9,316.0,26.0,4.0,-1.2000000000000455,1.3625000000002956,10.428571428571429,-21.714285714285715,8.599999999999998,-1.2073992625124106,0.0,2.1666666666666714
2023-10-08,0.0,13.2,22.9,79.0,1022.5,4.6,342.0,60.0,5.0,-1.3000000000000682,1.408333333333303,67.0,-16.0,6.314285714285715,80.90803114133394,0.0,9.416666666666671
2023-10-09,0.0,14.4,23.1,76.0,1021.3,5.3,23.0,72.0,0.0,-3.2999999999999545,2.3541666666666288,83.14285714285714,11.57142857142857,6.985714285714286,42.43106658379568,0.0,6.583333333333343
2023-10-10,0.0,13.9,24.0,80.0,1020.3,4.5,335.0,97.0,7.0,-0.5,0.9291666666667879,100.0,7.0,6.071428571428574,42.87160655385401,0.0,4.375
2023-10-11,0.0,13.5,24.7,78.0,1021.5,5.3,307.0,8.0,6.0,-1.400000000000091,1.3458333333334167,11.142857142857142,7.428571428571428,8.342857142857143,-138.61547448361716,0.0,4.333333333333343
2023-10-12,0.0,13.9,22.7,83.0,1020.8,4.4,306.0,52.0,8.0,-1.0,1.2083333333333712,74.71428571428571,29.857142857142854,5.457142857142858,-120.6900431392686,0.0,0.875
2023-10-13,0.0,15.7,23.3,81.0,1020.6,4.7,315.0,64.0,7.0,-1.5,1.5458333333333485,33.142857142857146,-51.42857142857142,6.3999999999999995,155.45765142159502,0.0,8.25
2023-10-14,0.0,14.6,21.9,83.0,1014.6,5.0,19.0,34.0,10.0,-3.6000000000000227,2.9083333333334167,55.142857142857146,31.142857142857146,5.885714285714286,-36.75830232144892,0.0,-2.083333333333343
2023-10-15,1.4,9.8,18.2,80.0,1012.6,10.5,73.0,71.0,10.0,4.2999999999999545,2.6333333333333258,99.0,17.42857142857143,6.785714285714286,82.01924217651737,4.0,-6.958333333333343
2023-10-16,0.0,7.6,14.9,61.0,1020.7,6.1,65.0,86.0,0.0,-2.2000000000000455,1.2875000000000227,74.28571428571429,-25.0,13.014285714285716,59.160999961659684,0.0,-0.125
2023-10-17,0.0,4.8,15.1,71.0,1019.0,4.5,15.0,70.0,3.0,-2.0,1.6791666666669016,96.71428571428571,84.85714285714285,10.328571428571427,60.25366965964213,0.0,1.5833333333333286
2023-10-18,0.4,5.7,13.9,82.0,1015.8,3.3,312.0,97.0,5.0,-3.0,3.6041666666666288,100.0,0.0,5.028571428571428,-54.53928683935658,1.0,1.2916666666666572
2023-10-19,15.1,10.1,15.8,94.0,1005.4,2.9,312.0,100.0,21.0,-6.2000000000000455,4.945833333333326,99.85714285714286,-0.1428571428571388,1.6714285714285715,-127.30291387120695,11.0,2.625
2023-10-20,26.2,14.3,19.4,93.0,995.3,6.0,20.0,100.0,21.0,-3.599999999999909,2.675000000000068,100.0,0.0,1.8,27.343943153678765,15.0,1.25
2023-10-21,4.3,13.8,20.8,89.0,1001.6,5.2,46.0,77.0,16.0,3.2999999999999545,5.81666666666672,96.14285714285714,47.14285714285714,4.285714285714286,-8.182546804991233,4.0,2.958333333333343
2023-10-22,7.4,11.1,19.2,83.0,1011.1,4.4,304.0,50.0,10.0,5.0,4.983333333333462,89.28571428571429,84.0,5.9571428571428555,-94.32677697538219,2.0,-2.583333333333343
2023-10-23,0.4,9.2,19.6,79.0,1016.8,5.2,303.0,62.0,7.0,-0.20000000000004547,0.5999999999997954,98.42857142857143,70.42857142857143,7.357142857142859,-14.55463144533644,1.0,-1.7916666666666714
2023-10-24,42.0,13.5,16.0,92.0,1009.4,5.3,354.0,100.0,23.0,-10.600000000000023,7.724999999999795,99.85714285714286,-0.1428571428571388,1.0571428571428567,-33.78411890172805,17.0,2.291666666666657
2023-10-25,0.5,12.2,17.1,92.0,1004.1,4.0,237.0,82.0,16.0,-0.5,1.3874999999999318,69.85714285714286,-24.14285714285714,3.1428571428571432,-117.42978385262961,0.0,-1.0416666666666714
2023-10-26,1.3,10.7,17.2,88.0,1001.6,3.9,60.0,83.0,12.0,-0.39999999999997726,2.662499999999909,96.85714285714286,23.285714285714292,3.2857142857142856,131.10413763296458,2.0,2.7083333333333286
2023-10-27,26.2,12.2,20.3,88.0,994.9,5.7,324.0,70.0,17.0,7.0,5.008333333333326,70.85714285714286,3.7142857142857224,3.885714285714286,103.42777496715627,15.0,5.5
2023-10-28,0.0,10.7,18.2,84.0,1006.0,4.2,34.0,64.0,11.0,4.100000000000023,3.8958333333333712,60.714285714285715,-17.142857142857146,5.742857142857143,43.0049829409748,0.0,-0.8333333333333286
2023-10-29,0.6,9.3,16.3,87.0,1013.2,3.4,331.0,81.0,13.0,1.1000000000000227,2.3916666666669926,92.14285714285714,-4.142857142857153,3.3857142857142852,-33.9909212672145,1.0,6.25
2023-10-30,43.8,11.3,17.3,94.0,1010.9,8.5,42.0,100.0,24.0,-5.100000000000023,8.124999999999886,100.0,0.0,1.4428571428571435,27.900845525198008,15.0,2.2083333333333286
2023-10-31,30.3,8.1,16.7,89.0,1004.3,5.0,40.0,63.0,17.0,6.300000000000068,3.4583333333332575,43.857142857142854,-35.142857142857146,3.542857142857143,-105.89642349157992,10.0,-0.5
2023-11-01,0.0,7.0,16.0,75.0,1013.4,5.3,314.0,51.0,2.0,-2.699999999999932,3.0499999999999545,100.0,61.42857142857143,7.357142857142857,-67.03761332947491,0.0,5.583333333333343
2023-11-02,42.2,8.3,14.8,87.0,1001.2,7.1,32.0,84.0,13.0,-14.100000000000023,12.558333333333394,100.0,0.0,1.2857142857142863,37.21762860545704,13.0,8.75
2023-11-03,23.7,5.8,13.4,89.0,987.7,6.6,25.0,68.0,22.0,5.5,3.4874999999999545,35.57142857142857,-52.57142857142857,2.4714285714285715,-59.29979570110061,17.0,1.0416666666666572
2023-11-04,4.6,4.1,13.5,79.0,997.5,7.1,330.0,49.0,8.0,0.0,3.1000000000000227,85.85714285714286,75.0,6.742857142857143,-10.725697311763497,4.0,3.708333333333343
2023-11-05,28.9,8.3,13.9,84.0,991.8,8.1,356.0,34.0,8.0,9.799999999999955,6.208333333333485,8.142857142857142,-11.42857142857143,4.057142857142858,106.71517788320745,7.0,3.5416666666666714
2023-11-06,0.7,6.1,15.7,80.0,1009.6,6.1,335.0,26.0,7.0,5.2000000000000455,7.800000000000296,55.0,37.714285714285715,4.700000000000001,104.66199232811744,2.0,12.875
2023-11-07,2.2,6.2,14.5,88.0,1015.9,5.4,327.0,31.0,17.0,-0.10000000000002274,1.3208333333334394,44.42857142857143,7.5714285714285765,4.085714285714285,48.52196736156412,4.0,6.083333333333329
2023-11-08,0.0,4.6,14.8,82.0,1019.3,5.3,329.0,10.0,10.0,2.1000000000000227,2.35416666666697,0.14285714285714285,-1.4285714285714286,7.057142857142857,-15.177309504049049,0.0,5.416666666666671
2023-11-09,1.0,5.0,12.1,81.0,1017.9,5.1,332.0,82.0,5.0,-3.8999999999999773,4.525000000000318,100.0,0.2857142857142918,4.271428571428571,39.021569676404454,2.0,6.083333333333329
2023-11-10,8.0,7.4,13.0,86.0,1006.6,5.2,285.0,80.0,14.0,-5.2000000000000455,3.170833333333235,58.714285714285715,-14.714285714285715,4.071428571428571,-22.62636064371418,7.0,3.333333333333343
2023-11-11,1.2,4.2,12.9,84.0,1005.8,5.3,327.0,12.0,13.0,4.099999999999909,2.8708333333331666,8.857142857142858,8.714285714285715,5.785714285714286,179.95550892857653,1.0,4.5
2023-11-12,0.0,3.7,12.7,66.0,1010.7,6.1,320.0,67.0,1.0,0.7999999999999545,1.1416666666666515,72.42857142857143,-25.85714285714286,8.371428571428572,-69.55417359277845,0.0,8.0
2023-11-13,0.0,3.2,11.1,80.0,1016.1,4.7,339.0,73.0,6.0,1.2000000000000455,2.195833333333667,99.85714285714286,49.85714285714286,4.457142857142857,-7.176284012162057,0.0,13.791666666666671
2023-11-14,0.0,3.4,11.3,88.0,1014.8,3.4,327.0,79.0,13.0,-3.099999999999909,3.670833333333121,51.285714285714285,-39.42857142857142,3.585714285714286,-61.29038755228686,0.0,3.25
2023-11-15,0.0,4.1,17.0,81.0,1013.5,5.6,322.0,25.0,10.0,4.7999999999999545,3.520833333333485,0.5714285714285714,-11.714285714285715,6.057142857142856,-25.172363092697765,0.0,-3.875
2023-11-16,0.0,5.0,13.8,68.0,1017.0,6.7,321.0,49.0,0.0,-5.5,6.120833333333508,59.42857142857143,9.142857142857146,7.1571428571428575,-37.73415010529038,0.0,11.708333333333329
2023-11-17,0.0,3.1,16.0,69.0,1011.7,6.1,344.0,10.0,4.0,6.600000000000023,4.1375000000000455,14.142857142857142,11.571428571428571,8.214285714285715,52.724319974619675,0.0,-17.125000000000007
2023-11-18,0.0,1.5,13.8,66.0,1022.3,7.7,316.0,46.0,0.0,1.6000000000000227,2.8500000000000227,68.71428571428571,32.857142857142854,8.642857142857142,-35.356664518154616,0.0,14.25
2023-11-19,0.0,1.9,11.5,77.0,1020.3,4.3,327.0,54.0,1.0,-2.7999999999999545,2.258333333333667,21.714285714285715,-54.57142857142858,7.2285714285714295,46.644722080779275,0.0,6.541666666666671
2023-11-20,0.0,1.7,11.0,82.0,1015.7,4.4,313.0,95.0,8.0,-3.8999999999999773,3.3875000000000455,100.0,0.5714285714285694,5.185714285714286,-39.33809279221725,0.0,-0.4166666666666714
2023-11-21,0.1,3.3,13.6,83.0,1009.6,5.3,336.0,94.0,7.0,0.7000000000000455,1.4416666666667197,100.0,21.714285714285708,4.771428571428571,63.89557531437208,0.0,3.0416666666666714
2023-11-22,0.0,3.7,13.6,79.0,1015.3,5.9,331.0,27.0,3.0,6.899999999999977,4.283333333333303,1.7142857142857142,-8.142857142857144,6.857142857142856,60.973399572749315,0.0,1.0416666666666572
2023-11-23,0.0,-0.1,10.6,76.0,1021.2,4.0,307.0,33.0,0.0,-4.2999999999999545,4.966666666666811,0.42857142857142855,-45.857142857142854,5.9,20.055793011963942,0.0,5.458333333333329
2023-11-24,0.0,1.1,9.3,85.0,1006.2,4.5,350.0,36.0,8.0,-10.800000000000068,7.195833333333326,15.857142857142858,-30.71428571428571,3.8857142857142857,2.902009437850694,0.0,7.75
2023-11-25,0.0,-0.5,9.4,41.0,1003.7,11.9,326.0,8.0,0.0,5.900000000000091,4.687500000000114,4.857142857142857,-7.714285714285714,17.414285714285715,3.932409628102107,0.0,-2.4583333333333357
2023-11-26,0.0,-1.6,11.2,62.0,1011.1,6.6,330.0,7.0,0.0,6.0,4.162500000000023,0.14285714285714285,-3.857142857142857,9.442857142857141,9.744476191395677,0.0,9.833333333333336
2023-11-27,0.0,-1.7,8.3,69.0,1011.4,5.2,318.0,79.0,0.0,-6.5,8.391666666666538,99.85714285714286,3.0,8.457142857142857,-108.50029751673401,0.0,2.6666666666666714
2023-11-28,0.6,0.8,7.8,84.0,996.3,3.8,333.0,53.0,9.0,0.10000000000002274,3.195833333333212,11.428571428571429,-44.857142857142854,4.385714285714285,164.54712988687635,2.0,2.2083333333333286
2023-11-29,0.0,-2.2,8.5,66.0,1007.0,7.1,359.0,29.0,0.0,4.400000000000091,5.404166666666697,69.28571428571429,63.57142857142858,8.857142857142858,70.97528655876266,0.0,6.375
2023-11-30,12.5,1.2,5.6,90.0,1006.1,4.3,314.0,97.0,19.0,-4.2000000000000455,3.099999999999909,100.0,0.0,1.2857142857142858,-46.504575964709886,17.0,4.125
2023-12-01,19.2,4.3,8.5,95.0,1000.2,2.6,321.0,100.0,24.0,-3.6000000000000227,4.058333333333167,100.0,0.0,0.7714285714285715,16.92717528812034,20.0,-2.75
2023-12-02,9.7,6.4,11.6,85.0,995.6,6.2,31.0,91.0,18.0,6.300000000000068,4.279166666666811,100.0,25.85714285714286,2.028571428571429,-19.352994603191775,13.0,-16.54166666666667
2023-12-03,0.0,0.1,6.6,75.0,1019.6,6.6,66.0,17.0,1.0,7.399999999999977,10.158333333333417,23.428571428571427,22.857142857142854,7.3428571428571425,63.72641752621672,0.0,-4.875
2023-12-04,1.1,-3.2,4.4,84.0,1022.8,2.9,324.0,75.0,8.0,-4.300000000000068,4.333333333333144,100.0,15.142857142857139,4.257142857142857,34.20520245319443,2.0,10.375
2023-12-05,0.2,0.7,7.7,82.0,1013.2,3.3,303.0,97.0,9.0,-4.800000000000068,2.9166666666664014,100.0,5.714285714285708,5.414285714285714,-38.72173042435685,0.0,-7.416666666666671
2023-12-06,0.0,0.6,9.1,84.0,1012.6,4.6,316.0,34.0,8.0,2.8999999999999773,2.083333333333144,39.42857142857143,29.42857142857143,4.585714285714286,0.6836535338333078,0.0,10.875
2023-12-07,0.0,-1.1,9.2,79.0,1019.2,5.6,327.0,20.0,6.0,2.7000000000000455,2.704166666666538,45.285714285714285,38.57142857142857,6.328571428571429,31.840738444275985,0.0,10.541666666666671
2023-12-08,0.6,-2.1,7.8,81.0,1017.8,4.2,324.0,91.0,6.0,-3.6000000000000227,2.6125000000002956,100.0,0.0,5.771428571428571,-47.19648547891467,2.0,6.041666666666657
2023-12-09,0.0,-0.5,8.8,88.0,1017.1,4.9,301.0,70.0,18.0,-1.599999999999909,2.637499999999932,69.71428571428571,31.14285714285714,4.828571428571428,-52.84582790394478,0.0,2.7083333333333286
2023-12-10,0.1,1.0,7.9,89.0,1014.9,3.6,335.0,55.0,16.0,5.800000000000068,3.174999999999841,50.285714285714285,26.71428571428571,3.2285714285714286,-21.652897498325444,0.0,6.083333333333343
2023-12-11,0.0,0.5,8.8,84.0,1014.2,3.8,319.0,95.0,6.0,-3.0,2.6041666666667425,91.28571428571429,-2.0,4.671428571428572,-27.764168307302953,0.0,5.083333333333329
2023-12-12,0.0,0.5,10.8,84.0,1012.6,4.5,307.0,94.0,7.0,-1.8999999999999773,3.2708333333332575,95.57142857142857,8.142857142857139,4.528571428571429,-38.14658903125195,0.0,3.5833333333333286
2023-12-13,10.4,4.9,8.6,92.0,1003.2,4.4,323.0,100.0,21.0,-3.2999999999999545,2.6124999999999545,100.0,0.0,0.9857142857142855,7.4522881522913735,15.0,2.4583333333333286
2023-12-14,0.5,1.5,12.3,87.0,1010.1,6.8,317.0,28.0,13.0,8.0,6.883333333333098,20.142857142857142,-19.000000000000004,3.528571428571429,-21.404338711780156,2.0,-0.9583333333333286
2023-12-15,0.0,1.6,12.2,72.0,1027.1,7.4,326.0,14.0,0.0,6.600000000000023,6.908333333333076,11.142857142857142,-3.0,6.057142857142857,-47.72522108282817,0.0,4.833333333333329
2023-12-16,0.0,-2.2,8.1,74.0,1038.3,5.0,312.0,10.0,0.0,2.599999999999909,3.0791666666661968,4.428571428571429,-11.571428571428571,7.071428571428571,-20.622841882429668,0.0,3.7916666666666714
2023-12-17,0.0,-2.4,10.5,80.0,1039.2,5.8,319.0,11.0,2.0,-1.7999999999999545,2.112500000000182,2.142857142857143,-23.571428571428573,5.457142857142856,-18.726634124224802,0.0,7.5
2023-12-18,0.0,-0.1,12.4,81.0,1034.1,6.0,318.0,5.0,3.0,-3.0,3.0,4.0,4.0,3.985714285714286,-45.91662733427893,0.0,6.375
2023-12-19,0.0,0.4,11.9,81.0,1025.8,5.5,324.0,1.0,2.0,-6.0,5.68333333333328,3.142857142857143,3.142857142857143,4.242857142857143,-60.773563656416115,0.0,7.125
2023-12-20,0.0,-0.6,8.7,83.0,1014.9,4.6,338.0,42.0,4.0,-2.5,2.1624999999996817,25.142857142857142,-49.85714285714286,4.471428571428571,-12.784190822429082,0.0,5.708333333333343
2023-12-21,0.0,-0.5,9.7,80.0,1009.6,6.2,327.0,56.0,5.0,-8.600000000000023,7.683333333333508,97.14285714285714,63.57142857142857,4.728571428571429,85.73668409223865,0.0,12.333333333333343
2023-12-22,0.2,-0.2,12.5,85.0,1001.0,6.1,324.0,80.0,7.0,2.2999999999999545,2.291666666666856,74.14285714285714,-21.57142857142857,4.6571428571428575,22.9688402333407,0.0,5.75
2023-12-23,0.0,0.9,11.7,86.0,1005.9,5.5,331.0,79.0,14.0,1.900000000000091,3.133333333333553,85.14285714285714,4.857142857142847,4.1,40.707439663045704,0.0,2.541666666666657
2023-12-24,0.0,1.1,12.3,80.0,1013.2,5.8,339.0,58.0,4.0,3.0,3.695833333333212,95.0,80.28571428571429,4.9142857142857155,67.48893596687356,0.0,10.375
2023-12-25,0.0,3.3,10.2,88.0,1018.0,3.4,334.0,53.0,12.0,1.6000000000000227,1.7333333333334622,47.0,-14.714285714285715,2.4857142857142853,32.5641343534686,0.0,2.9583333333333286
2023-12-26,0.0,5.7,10.7,89.0,1020.3,4.0,322.0,81.0,13.0,1.5,1.4750000000000227,69.85714285714286,-12.142857142857139,2.4714285714285715,11.193201622125514,0.0,5.291666666666657
2023-12-27,0.0,2.4,9.7,86.0,1026.0,4.3,317.0,56.0,12.0,2.3999999999998636,2.5458333333333485,62.142857142857146,26.714285714285715,4.271428571428571,-55.27207594103504,0.0,8.083333333333329
2023-12-28,0.0,1.9,9.4,88.0,1027.1,3.0,16.0,91.0,11.0,-1.5,1.354166666666515,88.42857142857143,-11.57142857142857,2.414285714285714,56.55450092473674,0.0,3.2083333333333286
2023-12-29,0.0,1.1,8.9,87.0,1023.2,3.8,341.0,78.0,14.0,-1.1999999999999318,1.6041666666667425,96.85714285714286,26.85714285714286,3.2571428571428567,35.58843447199797,0.0,6.416666666666657
2023-12-30,0.0,1.7,10.2,83.0,1021.3,5.5,322.0,59.0,6.0,0.8000000000000682,0.9833333333330074,22.857142857142858,-62.57142857142857,4.957142857142856,-40.91882460754613,0.0,6.666666666666671
2023-12-31,7.6,1.9,9.4,81.0,1016.5,4.9,334.0,97.0,8.0,-6.0,6.029166666666583,100.0,1.2857142857142918,4.257142857142857,86.25699750659197,5.0,11.791666666666657
2024-01-01,3.0,1.3,10.8,91.0,1012.2,5.5,330.0,72.0,18.0,5.300000000000068,3.8916666666666515,88.42857142857143,28.714285714285715,3.2000000000000006,-28.41025301365312,4.0,6.083333333333329
2024-01-02,0.1,1.1,6.3,82.0,1015.0,5.7,322.0,95.0,8.0,-2.3999999999999773,2.954166666666879,100.0,7.285714285714292,3.528571428571428,151.0829880163522,0.0,12.583333333333343
2024-01-03,0.0,2.3,8.4,89.0,1009.2,3.4,356.0,48.0,14.0,-0.7000000000000455,1.3583333333334622,46.857142857142854,27.71428571428571,2.442857142857143,34.2716747702795,0.0,4.583333333333329
2024-01-04,0.0,-0.2,7.1,91.0,1009.0,4.8,349.0,41.0,17.0,3.6000000000000227,2.4666666666665833,78.57142857142857,77.0,2.557142857142857,73.11322021879874,0.0,7.583333333333343
2024-01-05,4.1,1.3,8.7,80.0,1009.7,6.5,323.0,100.0,6.0,-4.600000000000023,5.720833333333303,100.0,0.7142857142857082,3.842857142857143,11.282626385758647,4.0,9.541666666666657
2024-01-06,42.2,6.9,8.6,90.0,1000.4,8.5,329.0,100.0,24.0,-1.6000000000000227,1.7083333333333712,100.0,0.0,1.4857142857142855,6.518949279247636,24.0,-3.4583333333333286
2024-01-07,10.3,6.1,9.1,86.0,1000.5,8.1,330.0,100.0,18.0,3.0,2.5374999999997954,100.0,0.0,2.642857142857143,-2.7795806563434553,14.0,4.458333333333329
2024-01-08,0.0,3.9,8.3,78.0,1011.5,3.9,97.0,88.0,5.0,6.7000000000000455,5.558333333333167,85.0,-4.714285714285708,5.385714285714286,-24.904602851345885,0.0,-10.041666666666671
2024-01-09,0.0,-0.6,6.3,76.0,1023.5,3.4,132.0,27.0,1.0,4.400000000000091,4.091666666666811,19.428571428571427,0.2857142857142847,5.714285714285714,-167.04395930085815,0.0,-5.833333333333329
2024-01-10,0.0,-2.5,5.1,71.0,1028.4,3.2,320.0,77.0,0.0,0.6000000000001364,1.1375000000000455,99.42857142857143,0.5714285714285694,7.3999999999999995,94.69113303797457,0.0,-6.791666666666657
2024-01-11,0.0,-3.7,6.5,78.0,1025.1,3.7,301.0,0.0,5.0,-4.099999999999909,2.7208333333334167,0.0,0.0,5.942857142857143,-48.73342450547665,0.0,2.9166666666666714
2024-01-12,0.0,-3.1,6.3,75.0,1024.4,4.4,340.0,3.0,1.0,2.0000000000001137,1.7750000000002046,3.142857142857143,1.5714285714285714,6.914285714285714,19.32034055385725,0.0,-4.333333333333343
2024-01-13,0.0,-4.3,4.6,77.0,1023.0,4.3,342.0,0.0,0.0,-4.2000000000000455,3.883333333333212,0.14285714285714285,0.14285714285714285,5.8999999999999995,61.357302812321734,0.0,6.5
2024-01-14,0.0,-2.9,4.9,79.0,1014.2,3.4,331.0,64.0,2.0,-4.2000000000000455,4.862500000000068,33.142857142857146,-60.285714285714285,5.242857142857142,-28.25372265221347,0.0,9.25
2024-01-15,0.0,-3.6,6.6,79.0,1003.1,4.1,330.0,31.0,8.0,-3.8999999999999773,3.4458333333333258,0.0,-41.857142857142854,6.8999999999999995,41.65249053380643,0.0,6.708333333333343
2024-01-16,0.0,-3.7,7.5,68.0,1009.6,6.9,340.0,30.0,3.0,2.6000000000000227,5.62916666666672,44.142857142857146,28.714285714285715,9.542857142857143,75.02143347690742,0.0,1.5833333333333286
2024-01-17,5.5,-0.6,4.7,82.0,1006.5,4.3,321.0,100.0,10.0,-5.0,5.725000000000136,100.0,0.1428571428571388,1.9285714285714288,-56.20391712168151,9.0,13.75
2024-01-18,15.4,3.6,7.8,95.0,997.8,3.8,297.0,92.0,22.0,3.400000000000091,2.575000000000159,100.0,12.285714285714292,1.1142857142857143,88.70129090430345,7.0,4.375
2024-01-19,5.4,-2.9,5.6,85.0,1009.2,8.4,68.0,81.0,12.0,15.099999999999909,8.516666666666538,62.285714285714285,-37.714285714285715,3.5142857142857147,28.655759555294196,10.0,-14.333333333333329
2024-01-20,0.0,-4.6,6.5,59.0,1028.5,7.5,319.0,2.0,0.0,5.599999999999909,6.379166666666265,0.0,0.0,9.971428571428572,-7.746799748567582,0.0,8.708333333333336
2024-01-21,0.0,-4.5,7.3,59.0,1033.4,6.3,321.0,27.0,0.0,-0.7000000000000455,1.0499999999999545,71.57142857142857,71.0,9.585714285714285,-3.1317617551587773,0.0,20.666666666666664
2024-01-22,0.4,-4.1,4.7,68.0,1030.9,4.5,344.0,61.0,1.0,-3.599999999999909,3.8541666666667425,97.14285714285714,42.42857142857142,7.6428571428571415,35.01803982309667,1.0,-1.1666666666666714
2024-01-23,0.0,-2.7,8.7,71.0,1028.9,5.4,331.0,20.0,1.0,3.099999999999909,2.604166666666515,42.714285714285715,41.714285714285715,8.87142857142857,15.143590158417794,0.0,1.4583333333333428
2024-01-24,0.0,-1.1,7.8,81.0,1029.8,4.1,335.0,73.0,2.0,-4.5,2.9791666666667425,67.14285714285714,-9.714285714285722,5.228571428571428,-11.923951707460333,0.0,6.75
2024-01-25,0.0,0.1,12.7,86.0,1025.7,5.4,321.0,68.0,12.0,0.3999999999998636,0.9458333333332121,34.0,-56.85714285714286,5.328571428571428,-30.832849522735046,0.0,1.9583333333333286
2024-01-26,0.0,0.0,10.9,83.0,1026.4,5.1,312.0,45.0,7.0,-0.40000000000009095,0.8875000000000455,84.42857142857143,72.28571428571429,4.685714285714285,-66.31041137924086,0.0,2.333333333333343
2024-01-27,0.0,1.1,10.4,84.0,1030.0,4.2,331.0,6.0,7.0,4.0,3.391666666666879,3.5714285714285716,1.285714285714286,4.514285714285714,-40.249522408407074,0.0,6.541666666666657
2024-01-28,0.0,-0.3,10.0,80.0,1036.9,5.8,320.0,12.0,6.0,0.5,1.9416666666668334,6.714285714285714,6.0,5.6,-154.74633485940782,0.0,8.041666666666671
2024-01-29,0.0,-1.7,9.2,81.0,1036.8,4.8,317.0,7.0,7.0,-0.8999999999998636,0.8583333333333485,1.8571428571428572,-13.428571428571429,5.828571428571429,-103.6724767770474,0.0,5.083333333333343
2024-01-30,0.0,-1.9,10.0,82.0,1036.1,4.3,313.0,21.0,8.0,-1.5,1.333333333333485,45.0,38.857142857142854,5.257142857142858,-69.10919909587733,0.0,0.6666666666666714
2024-01-31,0.0,-1.5,8.9,82.0,1034.0,4.1,310.0,60.0,6.0,-2.400000000000091,2.233333333333576,86.0,58.42857142857143,4.757142857142857,-75.73004165461887,0.0,2.6666666666666714
2024-02-01,0.1,-1.3,7.6,80.0,1028.4,4.1,320.0,56.0,4.0,-2.5,1.900000000000091,45.857142857142854,-37.714285714285715,4.371428571428571,-28.525954243212084,0.0,-2.5
2024-02-02,0.0,-1.0,10.4,78.0,1029.0,5.2,325.0,59.0,9.0,0.3999999999998636,1.3291666666664241,32.142857142857146,-53.57142857142856,6.5857142857142845,6.609159704286185,0.0,-5.708333333333329
2024-02-03,0.0,-0.2,9.9,80.0,1026.9,3.4,335.0,77.0,6.0,-2.8999999999998636,2.258333333333212,95.57142857142857,10.285714285714278,6.742857142857143,114.96205606566406,0.0,0.625
2024-02-04,0.0,0.8,10.7,80.0,1024.7,3.8,329.0,77.0,4.0,-0.5,1.2208333333330756,91.28571428571429,42.71428571428572,6.028571428571427,87.39711337052944,0.0,3.25
2024-02-05,0.0,1.5,10.5,90.0,1024.3,4.2,347.0,93.0,16.0,-0.3000000000000682,0.9708333333335304,84.85714285714286,-14.714285714285708,2.4571428571428577,70.97142978835393,0.0,3.5
2024-02-06,0.1,2.5,10.1,90.0,1022.6,4.4,288.0,98.0,15.0,-3.1000000000000227,2.3333333333332575,99.28571428571429,0.2857142857142918,2.685714285714286,-129.49717540335826,0.0,3.125
2024-02-07,0.3,6.9,10.3,88.0,1015.3,3.1,73.0,100.0,12.0,-4.100000000000023,3.012499999999932,100.0,0.0,2.942857142857143,165.5886006972442,0.0,1.6666666666666714
2024-02-08,0.3,6.1,9.9,90.0,1010.4,4.0,47.0,93.0,17.0,0.0,1.2291666666666288,93.57142857142857,1.2857142857142776,2.9,6.103173772028015,0.0,1.0416666666666714
2024-02-09,16.1,7.2,9.6,93.0,1004.4,3.6,26.0,100.0,23.0,-4.0,3.775000000000091,100.0,0.0,1.0857142857142859,40.74276853243481,18.0,0.9166666666666714
2024-02-10,14.9,8.2,10.8,92.0,996.8,7.8,38.0,100.0,24.0,-3.800000000000068,3.9583333333333712,100.0,0.0,1.3714285714285714,35.45243078634215,22.0,0.1666666666666714
2024-02-11,7.7,7.4,12.1,88.0,992.5,4.4,339.0,100.0,15.0,5.199999999999932,3.3833333333334394,100.0,0.0,3.814285714285714,52.3374863237683,14.0,-1.0833333333333286
2024-02-12,5.8,4.5,11.6,84.0,1004.0,5.4,340.0,90.0,12.0,4.400000000000091,4.887500000000159,71.85714285714286,-28.14285714285714,5.0,17.58211041298722,8.0,-2.875
2024-02-13,0.0,3.1,14.8,70.0,1016.2,7.7,305.0,39.0,3.0,5.2999999999999545,6.258333333333326,14.857142857142858,-6.285714285714285,9.899999999999997,-79.4695441027676,0.0,6.083333333333343
2024-02-14,0.0,2.8,12.4,69.0,1024.5,5.6,342.0,34.0,1.0,0.5,2.4750000000001364,50.285714285714285,35.14285714285714,8.12857142857143,33.869014096542344,0.0,8.166666666666657
2024-02-15,0.0,1.8,12.2,80.0,1024.2,4.0,311.0,49.0,1.0,-2.400000000000091,1.654166666666697,62.0,31.857142857142858,5.471428571428571,-73.73657863605587,0.0,5.208333333333329
2024-02-16,0.0,2.3,11.8,83.0,1022.1,3.4,309.0,22.0,10.0,-0.20000000000004547,0.7708333333335986,7.857142857142857,0.2857142857142856,5.428571428571429,-91.56840132077912,0.0,0.7083333333333286
2024-02-17,0.0,2.0,13.8,84.0,1026.7,3.6,301.0,36.0,9.0,3.7999999999999545,3.291666666666856,19.571428571428573,-48.85714285714286,5.428571428571429,-87.78131514307239,0.0,-0.2916666666666572
2024-02-18,0.1,8.1,15.2,79.0,1030.8,4.9,344.0,75.0,1.0,-2.2000000000000455,2.958333333333485,68.28571428571429,-5.0,5.314285714285715,150.13147236547167,0.0,6.625
2024-02-19,0.3,6.9,14.5,85.0,1024.7,3.7,303.0,63.0,10.0,-1.0,1.1458333333331439,34.285714285714285,-15.285714285714285,4.8428571428571425,-91.85738275948418,1.0,0.75
2024-02-20,2.0,3.6,14.6,82.0,1024.9,6.4,312.0,33.0,10.0,-0.40000000000009095,0.8624999999999545,16.857142857142858,-27.142857142857142,6.8428571428571425,-72.08524616081962,3.0,5.083333333333329
2024-02-21,0.0,3.8,14.4,67.0,1024.5,7.2,305.0,61.0,1.0,-4.100000000000023,3.4749999999996817,95.71428571428571,73.71428571428571,9.585714285714287,-110.61238473078859,0.0,7.291666666666657
2024-02-22,2.4,6.0,9.4,88.0,1013.7,4.5,45.0,100.0,10.0,-6.899999999999977,6.929166666667015,100.0,0.0,2.7285714285714286,-57.7845589307949,5.0,2.75
2024-02-23,55.8,6.6,9.5,94.0,1000.2,8.3,36.0,100.0,24.0,-5.600000000000023,3.4083333333335304,100.0,0.0,0.9142857142857139,-74.75783462304844,22.0,-1.25
2024-02-24,1.5,2.3,11.6,86.0,1006.8,4.9,10.0,56.0,14.0,5.600000000000023,7.5125000000003865,70.57142857142857,28.857142857142854,5.028571428571429,72.30996314741844,3.0,2.5
2024-02-25,9.9,3.9,10.3,88.0,1010.8,5.8,4.0,52.0,15.0,-2.2999999999999545,1.6291666666664923,21.142857142857142,-52.71428571428572,3.742857142857143,57.0960033595901,5.0,2.7083333333333286
2024-02-26,5.2,1.3,9.8,88.0,1008.1,6.1,353.0,93.0,16.0,0.8999999999999773,1.037499999999909,100.0,0.7142857142857082,3.3000000000000003,47.223836287411416,7.0,2.4166666666666714
2024-02-27,31.1,6.7,10.1,88.0,1010.1,9.9,340.0,100.0,23.0,2.300000000000068,1.8166666666664923,100.0,0.0,1.7857142857142858,7.622319055949049,23.0,0.875
2024-02-28,22.0,7.6,14.7,89.0,1016.5,7.6,327.0,100.0,19.0,2.3999999999999773,3.054166666666788,99.85714285714286,-0.1428571428571388,2.542857142857143,-1.2845983502961644,16.0,2.125
2024-02-29,0.6,7.3,16.8,75.0,1015.0,8.0,348.0,81.0,2.0,-4.600000000000023,4.550000000000296,72.71428571428571,-22.714285714285722,7.7714285714285705,75.47120878062981,1.0,3.916666666666657
2024-03-01,9.9,8.1,12.4,90.0,1007.5,6.5,349.0,94.0,21.0,-0.2999999999999545,1.0083333333333258,99.85714285714286,-0.1428571428571388,1.8571428571428572,98.34413812760539,14.0,-0.9166666666666572
2024-03-02,3.5,6.1,10.7,91.0,1009.7,4.9,31.0,83.0,16.0,1.1000000000000227,1.3833333333334394,84.71428571428571,-5.285714285714292,1.9285714285714286,32.659521221394954,9.0,2.9583333333333286
2024-03-03,1.7,6.3,13.4,86.0,1009.4,6.3,49.0,83.0,12.0,-1.7999999999999545,1.9833333333331211,97.0,0.7142857142857082,4.428571428571429,19.797717151126847,4.0,-3.0
2024-03-04,12.9,7.3,14.8,81.0,1007.4,7.6,341.0,88.0,11.0,0.10000000000002274,1.5916666666665833,72.85714285714286,-27.14285714285714,5.214285714285714,-68.62214539298213,11.0,0.9166666666666572
2024-03-05,2.1,4.4,16.4,76.0,1010.8,6.6,334.0,76.0,6.0,1.3000000000000682,1.8499999999997954,79.85714285714286,7.428571428571431,7.757142857142858,116.54001660088966,3.0,10.291666666666657
2024-03-06,8.7,8.2,11.8,82.0,1015.1,9.2,71.0,89.0,7.0,1.3999999999999773,1.8833333333333258,100.0,23.42857142857143,5.4142857142857155,0.7094980009858318,7.0,4.875
2024-03-07,8.4,5.7,12.4,86.0,1017.5,5.3,315.0,79.0,19.0,0.20000000000004547,0.6999999999999318,76.28571428571429,2.142857142857153,4.528571428571428,-177.04934794355998,14.0,4.041666666666671
2024-03-08,5.2,5.7,7.7,83.0,1017.8,6.9,69.0,100.0,8.0,-1.1000000000000227,1.9333333333331666,100.0,0.0,3.8428571428571425,-19.03769444223255,11.0,-0.9166666666666714
2024-03-09,7.8,6.5,10.9,85.0,1012.3,5.0,38.0,97.0,10.0,-2.5,1.866666666666788,90.57142857142857,-9.42857142857143,3.8857142857142857,49.568426942812835,10.0,-0.8333333333333286
2024-03-10,25.2,7.4,10.9,92.0,1005.2,8.2,53.0,96.0,19.0,-7.699999999999932,5.133333333333212,94.85714285714286,-5.142857142857139,1.1999999999999995,66.10956134656635,15.0,6.333333333333343
2024-03-11,0.0,4.9,14.3,82.0,1004.9,5.2,314.0,99.0,11.0,-0.20000000000004547,1.2749999999998636,100.0,0.1428571428571388,6.871428571428571,-155.23422507848892,0.0,0.9166666666666714
2024-03-12,0.0,4.3,15.9,79.0,1011.5,4.5,326.0,69.0,5.0,3.1000000000000227,3.4333333333332803,34.714285714285715,-63.857142857142854,6.628571428571427,176.68249784331238,0.0,7.666666666666671
2024-03-13,0.3,5.6,15.9,66.0,1016.8,6.4,302.0,53.0,3.0,0.0,0.9249999999998408,4.0,-81.57142857142857,10.214285714285712,-86.18381363234028,1.0,7.208333333333329
2024-03-14,0.0,4.0,16.1,77.0,1018.1,5.9,298.0,58.0,3.0,-1.5,1.4999999999997726,75.28571428571429,9.571428571428584,6.757142857142858,-162.44384663743307,0.0,7.125
2024-03-15,0.0,5.5,15.2,83.0,1017.5,4.0,60.0,96.0,8.0,-0.39999999999997726,0.6124999999999545,99.85714285714286,2.0,5.057142857142857,133.56248686689253,0.0,4.458333333333329
2024-03-16,0.0,7.6,16.7,82.0,1019.0,3.6,10.0,60.0,9.0,0.2999999999999545,1.1166666666664469,30.428571428571427,-58.0,5.8428571428571425,-172.48798633403538,0.0,-1.0416666666666714
2024-03-17,0.2,6.2,17.3,78.0,1021.4,5.9,282.0,84.0,5.0,-2.1000000000000227,1.8625000000000682,100.0,12.57142857142857,6.514285714285714,-105.70166125611732,0.0,8.041666666666671
2024-03-18,9.0,8.1,12.3,91.0,1016.1,3.2,15.0,97.0,18.0,-3.800000000000068,2.762500000000159,100.0,0.0,1.3285714285714285,27.106271212429732,10.0,3.875
2024-03-19,0.2,6.8,15.9,85.0,1017.8,5.9,310.0,42.0,12.0,2.2000000000000455,2.420833333333235,68.42857142857143,62.57142857142858,5.828571428571428,-178.00987005633456,0.0,0.75
2024-03-20,0.0,8.4,15.8,83.0,1022.4,6.0,260.0,90.0,8.0,-0.5,0.8374999999998636,91.57142857142857,-8.42857142857143,5.8,-168.5986842315276,0.0,0.5833333333333286
2024-03-21,0.0,5.7,15.8,85.0,1021.7,5.6,17.0,69.0,13.0,-2.7999999999999545,1.9624999999999773,84.71428571428571,19.57142857142857,5.1000000000000005,36.403082351074204,0.0,3.4583333333333286
2024-03-22,0.0,6.1,19.3,71.0,1019.7,8.3,286.0,54.0,5.0,-4.199999999999932,3.25,73.0,33.0,11.099999999999998,-96.64114855951902,0.0,1.6666666666666572
2024-03-23,2.4,6.9,16.8,82.0,1010.8,6.4,65.0,59.0,6.0,-8.800000000000068,5.9791666666667425,47.57142857142857,-17.85714285714286,5.742857142857143,67.87166337753285,1.0,9.5
2024-03-24,0.7,4.4,12.6,70.0,1008.4,6.1,55.0,38.0,2.0,-1.7000000000000455,1.4875000000002956,35.57142857142857,29.14285714285714,9.957142857142857,143.02924290296602,1.0,5.916666666666671
2024-03-25,0.0,1.1,14.1,63.0,1008.7,8.1,308.0,33.0,0.0,-1.1999999999999318,1.2999999999998408,79.28571428571429,77.57142857142858,12.299999999999999,166.53941695444013,0.0,6.291666666666664
2024-03-26,10.1,4.5,12.8,77.0,1004.4,6.8,21.0,96.0,9.0,-4.600000000000023,4.7041666666666515,100.0,13.285714285714292,4.585714285714286,26.156220241716028,9.0,12.875
2024-03-27,36.7,7.5,11.1,93.0,995.3,8.6,31.0,88.0,22.0,-5.5,4.399999999999864,84.0,-16.0,0.914285714285714,-175.98244963936315,15.0,2.166666666666657
2024-03-28,10.8,4.3,9.9,90.0,1000.7,6.2,331.0,59.0,21.0,2.800000000000068,5.1458333333332575,85.28571428571429,13.142857142857153,1.8857142857142857,-112.40223889006137,8.0,2.666666666666657
2024-03-29,0.0,4.6,15.3,85.0,1012.6,4.6,1.0,77.0,9.0,0.20000000000004547,4.9249999999996135,98.28571428571429,0.8571428571428612,4.6571428571428575,57.82044897707186,0.0,0.75
2024-03-30,7.1,11.3,17.3,81.0,1010.2,10.4,51.0,95.0,5.0,-2.3999999999999773,2.0708333333330984,100.0,0.1428571428571388,4.828571428571428,1.459990074991083,5.0,2.0
2024-03-31,31.9,10.7,15.9,87.0,1007.9,8.7,41.0,93.0,14.0,0.3000000000000682,0.6083333333334622,90.71428571428571,-9.142857142857153,2.442857142857143,95.43054093575432,15.0,4.791666666666657
2024-04-01,25.3,9.6,13.8,90.0,1005.3,7.4,56.0,98.0,21.0,-1.8999999999999773,1.9208333333333485,100.0,0.0,3.085714285714285,27.983944054394556,20.0,2.708333333333343
2024-04-02,0.6,7.8,16.2,83.0,1012.2,5.6,69.0,57.0,14.0,3.3999999999999773,5.958333333333371,22.857142857142858,-61.71428571428571,6.914285714285714,66.87375738581903,1.0,0.2083333333333286
2024-04-03,0.5,6.6,15.1,79.0,1015.8,5.8,259.0,83.0,8.0,-0.5,1.1916666666664923,75.0,-25.0,6.371428571428571,-33.684592874779014,2.0,-5.666666666666671
2024-04-04,0.0,5.3,17.8,77.0,1018.7,6.0,41.0,58.0,5.0,-0.10000000000002274,1.2791666666668107,92.14285714285714,66.71428571428571,8.185714285714285,163.0780133352788,0.0,8.791666666666671
2024-04-05,0.0,8.5,18.3,82.0,1022.5,5.4,61.0,85.0,11.0,-0.39999999999997726,1.5,87.57142857142857,-9.42857142857143,6.5,158.0670759159982,0.0,3.125
2024-04-06,0.0,10.0,20.1,81.0,1023.1,5.0,94.0,50.0,7.0,-1.6000000000000227,1.5458333333334622,32.42857142857143,-1.2857142857142847,6.671428571428572,129.7220714833099,0.0,-1.5833333333333286
2024-04-07,0.0,8.9,22.5,82.0,1021.1,5.0,290.0,43.0,9.0,-3.0,2.2875000000000227,45.714285714285715,9.0,5.814285714285714,-179.0144758159492,0.0,3.958333333333343
2024-04-08,0.0,11.4,21.7,80.0,1017.7,5.3,338.0,89.0,8.0,-0.3000000000000682,0.8541666666667425,90.85714285714286,-9.0,5.671428571428571,134.17230003876875,0.0,7.375
2024-04-09,0.0,12.3,20.9,86.0,1015.6,6.3,78.0,76.0,14.0,-2.3999999999999773,1.7666666666665378,74.14285714285714,-21.85714285714286,6.571428571428571,3.2135936241304535,0.0,0.875
2024-04-10,17.3,11.2,16.1,83.0,1017.8,10.5,339.0,100.0,17.0,7.199999999999932,4.395833333333599,99.57142857142857,-0.4285714285714306,5.357142857142857,-22.225645439321113,16.0,-3.541666666666657
2024-04-11,0.0,9.1,22.2,72.0,1027.1,5.2,306.0,45.0,4.0,0.0,2.4249999999999545,35.0,-3.857142857142854,10.9,-48.80598956644931,0.0,2.7083333333333286
2024-04-12,0.0,9.8,23.4,71.0,1028.6,6.5,308.0,3.0,3.0,-2.599999999999909,2.0083333333334394,2.857142857142857,2.857142857142857,11.0,-58.35418119964129,0.0,3.6666666666666714
2024-04-13,0.0,12.2,25.5,69.0,1026.5,7.4,299.0,34.0,3.0,-2.7000000000000455,2.087500000000091,19.428571428571427,-38.14285714285714,11.585714285714285,-64.29498118271783,0.0,2.375
2024-04-14,0.0,13.4,25.1,76.0,1022.4,6.5,27.0,50.0,5.0,-4.199999999999932,3.1916666666664923,42.42857142857143,9.0,7.3,115.57298482852036,0.0,7.083333333333343
2024-04-15,0.0,13.2,23.4,70.0,1012.3,8.1,168.0,65.0,5.0,-7.7000000000000455,7.05833333333328,58.57142857142857,-40.85714285714286,10.014285714285714,161.12951098940277,0.0,-13.125000000000007
2024-04-16,16.8,5.8,17.4,80.0,1002.1,11.3,70.0,74.0,9.0,2.2999999999999545,3.079166666666424,94.28571428571429,22.571428571428584,3.2142857142857144,3.5242083921864946,8.0,-0.2916666666666714
2024-04-17,2.5,4.1,13.5,79.0,1005.6,5.7,318.0,73.0,10.0,-0.39999999999997726,0.7916666666664014,91.71428571428571,-7.857142857142861,6.142857142857143,-130.50854734043926,3.0,2.0
2024-04-18,0.6,5.5,14.2,68.0,1010.2,6.6,1.0,96.0,1.0,3.3999999999999773,3.1166666666666742,98.42857142857143,-1.5714285714285694,10.071428571428571,151.0116407457174,2.0,3.875
2024-04-19,0.5,2.6,15.0,63.0,1014.1,8.8,258.0,60.0,5.0,-6.300000000000068,4.537499999999795,64.0,-20.85714285714286,13.071428571428573,-121.5003741084071,1.0,-2.5416666666666643
2024-04-20,1.9,4.0,15.1,64.0,1010.4,7.9,31.0,42.0,1.0,4.0,2.5958333333334167,70.71428571428571,32.57142857142856,11.342857142857142,11.45861049867014,1.0,-2.0
2024-04-21,0.0,2.4,14.0,59.0,1014.6,7.8,326.0,51.0,0.0,-1.2000000000000455,1.2708333333332575,88.71428571428571,59.71428571428571,11.885714285714286,-49.47584436141142,0.0,12.041666666666664
2024-04-22,14.5,4.9,10.8,69.0,1014.8,12.6,43.0,100.0,8.0,-0.6000000000000227,1.783333333333303,100.0,0.0,7.985714285714286,4.370184454497064,9.0,19.0
2024-04-23,15.7,4.6,12.8,78.0,1009.6,11.3,26.0,89.0,13.0,-2.8999999999999773,2.4041666666668107,78.71428571428571,-17.285714285714292,7.785714285714286,91.42603308619249,14.0,-4.333333333333329
2024-04-24,4.4,5.8,12.5,78.0,1006.9,5.9,41.0,92.0,11.0,-0.3000000000000682,1.2416666666666742,78.14285714285714,-21.714285714285722,7.742857142857142,114.97884963459552,8.0,2.7083333333333286
2024-04-25,1.8,3.3,13.4,71.0,1008.8,4.8,52.0,30.0,9.0,0.2999999999999545,0.8333333333333712,27.285714285714285,20.0,10.942857142857141,-178.50510882895088,3.0,-5.291666666666671
2024-04-26,0.0,3.2,14.3,71.0,1012.7,4.7,138.0,54.0,0.0,0.8999999999999773,1.2749999999998636,47.0,-44.14285714285714,9.114285714285716,117.00498791664836,0.0,3.625
2024-04-27,0.2,6.6,16.1,79.0,1017.1,5.0,73.0,57.0,2.0,2.1000000000000227,2.4083333333331893,77.0,28.714285714285715,5.7142857142857135,69.51132150942104,0.0,1.4166666666666714
2024-04-28,0.0,8.8,20.1,75.0,1020.3,4.3,37.0,82.0,4.0,0.1999999999999318,0.9249999999999545,79.42857142857143,-10.857142857142861,8.957142857142857,132.57577914736942,0.0,5.625
2024-04-29,0.0,8.2,24.2,63.0,1020.9,7.2,340.0,16.0,4.0,-1.2000000000000455,1.2458333333332803,22.714285714285715,8.000000000000002,14.9,111.27689629670681,0.0,-8.708333333333336
2024-04-30,0.0,10.1,25.5,61.0,1018.1,7.5,37.0,23.0,0.0,-4.399999999999977,3.262499999999932,21.571428571428573,-3.0,12.72857142857143,97.91478623767443,0.0,-4.708333333333336
2024-05-01,6.2,13.9,22.3,70.0,1011.1,8.6,39.0,96.0,5.0,-2.7000000000000455,3.5708333333333258,97.28571428571429,7.0,8.457142857142857,15.480724708884537,6.0,14.583333333333329
2024-05-02,18.2,10.8,16.3,91.0,1007.5,7.3,80.0,95.0,22.0,2.0,1.4166666666667425,99.71428571428571,5.285714285714278,2.157142857142857,-42.785502761877154,16.0,2.4166666666666714
2024-05-03,3.6,7.8,16.3,86.0,1010.9,3.4,6.0,85.0,18.0,3.099999999999909,2.1125000000002956,100.0,16.85714285714286,4.3999999999999995,-120.0726004674627,7.0,6.5
2024-05-04,0.9,10.5,20.3,75.0,1014.9,4.6,281.0,51.0,8.0,0.7000000000000455,1.3666666666666742,16.428571428571427,-27.428571428571427,10.271428571428572,-158.78957154238697,3.0,-2.7083333333333286
2024-05-05,0.4,10.3,21.3,75.0,1014.7,6.4,143.0,60.0,4.0,-2.300000000000068,1.7999999999998408,76.28571428571429,29.000000000000007,9.242857142857142,102.06706117919322,1.0,4.416666666666671
2024-05-06,0.4,12.1,20.5,80.0,1013.4,8.1,182.0,89.0,9.0,-0.5,0.879166666666606,69.42857142857143,-29.85714285714286,7.042857142857143,162.85129527226331,1.0,-1.1666666666666572
2024-05-07,6.9,11.0,15.0,89.0,1013.6,4.4,33.0,99.0,14.0,0.3000000000000682,0.8041666666666742,100.0,0.5714285714285694,2.1571428571428575,49.070950523843806,11.0,-2.0
2024-05-08,1.2,12.2,20.0,81.0,1016.6,4.9,6.0,68.0,9.0,1.099999999999909,1.612500000000182,94.0,68.14285714285714,6.800000000000002,9.038768137469845,3.0,-2.541666666666657
2024-05-09,0.0,13.1,22.0,72.0,1019.3,4.0,63.0,83.0,6.0,-0.8000000000000682,0.9375000000002274,77.71428571428571,-14.571428571428584,10.314285714285713,-92.81818895202818,0.0,-4.791666666666671
2024-05-10,0.0,12.3,22.4,67.0,1019.6,5.4,357.0,46.0,4.0,-2.8999999999999773,2.08749999999975,86.28571428571429,66.28571428571429,11.885714285714286,143.64989051275745,0.0,-5.666666666666671
2024-05-11,0.0,12.0,24.4,63.0,1018.8,6.2,255.0,30.0,0.0,-2.7000000000000455,1.841666666666697,61.714285714285715,49.42857142857143,13.21428571428571,-138.55764324450348,0.0,2.5
2024-05-12,0.3,13.6,24.2,66.0,1017.5,5.3,277.0,50.0,1.0,-2.800000000000068,1.9041666666664696,91.57142857142857,70.42857142857143,11.657142857142858,-141.8578626046968,1.0,8.875
2024-05-13,2.3,13.8,20.3,77.0,1015.8,7.0,5.0,92.0,6.0,-2.800000000000068,1.9916666666666742,100.0,0.0,7.757142857142859,78.22429177757402,4.0,1.5416666666666714
2024-05-14,2.3,12.7,20.6,82.0,1012.2,7.0,76.0,43.0,12.0,-0.1999999999999318,1.1958333333333258,42.0,13.285714285714285,6.114285714285714,15.789932613140536,3.0,-0.5416666666666714
2024-05-15,37.2,13.8,16.7,86.0,1011.5,8.2,31.0,100.0,21.0,-0.6000000000000227,1.8124999999998863,100.0,0.0,2.5142857142857147,-24.836262338388337,21.0,-3.4166666666666714
2024-05-16,112.9,13.6,18.8,84.0,1008.0,9.0,41.0,99.0,21.0,-4.100000000000023,3.5291666666665833,99.28571428571429,-0.4285714285714164,4.642857142857143,35.79064642024957,22.0,4.541666666666671
2024-05-17,4.1,9.3,20.5,76.0,1009.1,7.2,238.0,50.0,7.0,2.699999999999932,4.608333333333462,17.857142857142858,-54.28571428571428,8.285714285714286,96.3723401289086,2.0,-0.625
2024-05-18,0.0,10.6,21.9,74.0,1013.5,5.1,80.0,10.0,6.0,-1.8000000000000682,1.5041666666667197,16.857142857142858,11.428571428571429,9.471428571428572,160.33750874949658,0.0,-0.041666666666671404
2024-05-19,0.3,10.9,21.7,77.0,1012.1,4.8,104.0,40.0,5.0,-1.8999999999999773,1.9374999999998863,77.85714285714286,56.28571428571429,7.1000000000000005,123.52587148539226,1.0,4.833333333333329
2024-05-20,0.6,12.3,22.8,81.0,1011.0,4.4,59.0,63.0,10.0,-1.5,1.9958333333332803,100.0,71.71428571428572,6.185714285714286,148.16210665943856,1.0,-1.4583333333333428
2024-05-21,35.9,14.3,18.2,92.0,1006.7,6.3,67.0,92.0,21.0,-0.6000000000000227,1.1541666666668107,89.42857142857143,-10.57142857142857,1.442857142857143,44.485086733155384,17.0,1.0833333333333286
2024-05-22,5.6,13.3,19.3,87.0,1011.0,4.8,46.0,69.0,17.0,3.1000000000000227,3.416666666666515,99.42857142857143,41.0,4.085714285714287,-56.394192021319654,8.0,-0.5833333333333286
2024-05-23,0.2,11.8,21.2,80.0,1015.8,6.2,239.0,34.0,10.0,-0.1999999999999318,0.9541666666667652,43.285714285714285,3.7142857142857153,6.742857142857143,-12.306382791621303,0.0,3.125
2024-05-24,0.7,10.8,20.5,80.0,1018.2,4.7,100.0,54.0,8.0,-0.5,0.8500000000000227,84.0,49.857142857142854,6.585714285714287,75.47042525227482,0.0,0.9583333333333286
2024-05-25,2.5,11.8,21.9,77.0,1017.3,5.2,306.0,74.0,9.0,-1.5,1.5083333333334394,78.28571428571429,8.285714285714292,9.485714285714286,135.6702485753044,5.0,-3.125
2024-05-26,0.0,11.1,24.4,68.0,1017.3,7.4,341.0,24.0,3.0,0.5,0.9875000000000682,63.714285714285715,63.0,12.099999999999998,121.13698360422569,0.0,4.0
2024-05-27,0.1,13.1,24.3,74.0,1018.1,5.2,309.0,62.0,6.0,-2.699999999999932,1.9833333333331211,69.71428571428571,3.0,9.271428571428572,-101.49412103638593,0.0,4.375
2024-05-28,7.8,14.2,22.7,81.0,1015.3,6.0,333.0,80.0,12.0,-0.6000000000000227,1.4375,66.85714285714286,-32.57142857142857,5.557142857142857,78.85958965900068,5.0,1.5
2024-05-29,0.0,12.3,24.0,73.0,1014.4,5.6,139.0,44.0,7.0,-5.199999999999932,3.1541666666668107,20.857142857142858,-48.85714285714285,11.314285714285717,157.16392776478187,0.0,0.2916666666666714
2024-05-30,16.2,14.6,18.6,88.0,1008.1,4.7,48.0,89.0,19.0,-3.0,2.8958333333332575,80.85714285714286,-18.57142857142857,2.8857142857142852,119.87450862397259,12.0,1.2916666666666714
2024-05-31,22.0,12.4,19.8,88.0,1003.6,8.3,57.0,92.0,21.0,2.5,1.7291666666666288,96.42857142857143,-2.4285714285714306,3.6285714285714286,-44.03721068441092,15.0,3.2916666666666714
2024-06-01,1.9,10.9,22.0,80.0,1011.4,5.5,265.0,86.0,12.0,3.699999999999932,3.6500000000002046,73.85714285714286,-12.0,8.285714285714285,144.2347068143962,2.0,4.208333333333329
2024-06-02,4.0,12.8,23.0,81.0,1015.2,6.3,52.0,59.0,14.0,-1.0,1.0291666666668107,80.71428571428571,64.14285714285714,6.857142857142857,78.33992438240153,6.0,0.6666666666666572
2024-06-03,3.7,14.9,21.4,79.0,1013.5,5.5,330.0,87.0,10.0,-1.099999999999909,1.3625000000000682,97.85714285714286,36.85714285714286,7.171428571428572,-71.7414076829221,6.0,2.0833333333333286
2024-06-04,1.5,13.8,21.6,84.0,1014.3,3.8,66.0,94.0,14.0,-0.6999999999999318,0.5958333333331893,97.57142857142857,14.0,4.8,52.00087723454263,4.0,2.625
2024-06-05,3.0,14.5,23.9,83.0,1015.3,5.3,161.0,34.0,14.0,-0.10000000000002274,0.6416666666665378,59.142857142857146,46.42857142857143,6.442857142857142,28.14292328098935,4.0,3.7916666666666714
2024-06-06,1.0,15.5,25.2,81.0,1017.2,5.5,178.0,49.0,10.0,-1.1000000000000227,1.1458333333332575,66.57142857142857,34.285714285714285,6.6000000000000005,101.92818654439611,3.0,0.25
2024-06-07,0.3,17.3,26.7,78.0,1016.5,4.6,102.0,60.0,7.0,-2.199999999999932,1.9874999999998408,65.28571428571429,25.714285714285722,7.757142857142857,98.64039257810305,1.0,0.75
2024-06-08,1.0,18.5,26.4,79.0,1013.7,5.0,311.0,83.0,7.0,-4.100000000000023,3.095833333333303,94.42857142857143,12.42857142857143,6.842857142857142,-127.58148590461425,2.0,1.2916666666666714
2024-06-09,8.0,18.6,25.8,85.0,1008.5,6.7,53.0,95.0,14.0,-2.400000000000091,2.637499999999818,95.0,3.4285714285714306,5.185714285714285,-20.525957017753854,7.0,4.375
2024-06-10,27.4,17.5,26.0,85.0,1004.5,6.4,319.0,84.0,18.0,1.099999999999909,1.8124999999998863,77.14285714285714,-2.285714285714292,5.742857142857142,-176.94013881681428,15.0,3.9166666666666714
2024-06-11,4.6,16.1,22.0,80.0,1009.4,8.6,84.0,68.0,8.0,3.3999999999999773,2.908333333333303,51.714285714285715,-10.857142857142854,7.1000000000000005,8.015443193531667,3.0,-1.7916666666666572
2024-06-12,1.9,14.8,20.8,74.0,1012.7,9.5,78.0,90.0,5.0,2.199999999999932,2.0000000000001137,79.85714285714286,-12.857142857142847,8.228571428571426,6.884720131671628,3.0,-6.416666666666671
2024-06-13,0.5,11.8,20.6,72.0,1015.4,6.3,48.0,52.0,5.0,1.1000000000000227,1.029166666666356,11.571428571428571,-77.42857142857143,9.971428571428572,115.33442859169838,1.0,-5.75
2024-06-14,0.0,11.0,21.8,75.0,1016.7,6.8,241.0,83.0,9.0,-1.6000000000000227,1.4416666666668334,76.57142857142857,-17.42857142857143,8.557142857142859,-13.661978158646804,0.0,2.125
2024-06-15,0.5,14.8,22.8,75.0,1012.7,4.7,114.0,49.0,1.0,-3.2000000000000455,2.4666666666665833,62.857142857142854,21.857142857142854,7.5857142857142845,124.38847400224654,1.0,-1.7083333333333286
2024-06-16,0.4,15.1,24.6,79.0,1011.1,5.8,102.0,57.0,9.0,0.10000000000002274,0.9249999999998408,41.42857142857143,-29.42857142857143,7.271428571428572,102.72056214013793,1.0,3.6666666666666714
2024-06-17,0.2,15.8,26.3,77.0,1015.6,5.3,212.0,23.0,8.0,0.5,1.5916666666665833,35.142857142857146,21.42857142857143,9.028571428571428,121.3932827855146,0.0,-1.75
2024-06-18,0.0,16.1,27.4,73.0,1017.7,5.8,196.0,49.0,2.0,-1.1000000000000227,1.3708333333331666,72.42857142857143,18.714285714285715,9.042857142857143,128.51408948242698,0.0,-2.4583333333333286
2024-06-19,0.0,18.4,28.7,75.0,1016.6,4.8,121.0,38.0,4.0,0.2999999999999545,0.8374999999999773,59.714285714285715,38.714285714285715,8.914285714285715,89.69265384858755,0.0,3.1666666666666714
2024-06-20,0.0,20.0,29.0,78.0,1018.4,4.5,64.0,63.0,8.0,-0.1999999999999318,0.7458333333331666,82.0,15.857142857142861,7.385714285714286,0.4948547801810719,0.0,-8.791666666666657
2024-06-21,21.1,20.8,30.1,79.0,1015.2,6.8,35.0,61.0,8.0,-3.0,3.8125000000001137,71.14285714285714,29.285714285714285,7.785714285714286,24.583027062514702,3.0,4.916666666666671
2024-06-22,1.3,18.6,28.8,76.0,1010.0,5.8,58.0,32.0,9.0,-2.800000000000068,2.2458333333332803,63.57142857142857,60.857142857142854,9.757142857142858,12.80444248396816,4.0,-3.2083333333333286
2024-06-23,17.8,18.3,25.2,75.0,1011.3,9.5,349.0,94.0,7.0,2.1000000000000227,2.41666666666697,96.28571428571429,-3.714285714285708,8.242857142857144,32.079431377728724,8.0,-6.666666666666671
2024-06-24,13.4,17.8,25.9,76.0,1013.2,7.7,356.0,67.0,7.0,-0.6000000000000227,1.158333333333303,26.285714285714285,-68.71428571428572,7.057142857142857,26.130738842842618,5.0,-2.9583333333333286
2024-06-25,14.8,18.8,25.8,77.0,1013.0,9.0,2.0,70.0,6.0,-1.1000000000000227,1.1083333333333485,41.142857142857146,-30.857142857142854,6.642857142857144,47.19152789835829,6.0,-0.6666666666666714
2024-06-26,7.6,16.6,24.8,80.0,1011.8,5.3,6.0,50.0,10.0,-0.8999999999999773,1.1083333333333485,21.857142857142858,-26.71428571428571,6.514285714285713,38.45960018655438,7.0,1.0416666666666714
2024-06-27,0.0,16.3,27.5,76.0,1011.0,5.9,290.0,35.0,7.0,0.3000000000000682,0.7916666666664014,34.0,5.0,8.67142857142857,150.90270327709766,0.0,1.375
2024-06-28,0.0,19.0,29.7,77.0,1015.2,4.1,261.0,36.0,5.0,0.20000000000004547,1.6458333333332575,36.0,-13.142857142857146,7.842857142857142,164.67232342189874,0.0,1.5
2024-06-29,0.0,20.2,31.1,76.0,1016.5,4.8,170.0,56.0,5.0,-3.6000000000000227,3.9041666666665833,88.28571428571429,60.57142857142858,8.571428571428573,-111.6360503252618,0.0,3.791666666666657
2024-06-30,2.3,21.6,28.7,74.0,1010.7,7.0,118.0,42.0,5.0,-2.2000000000000455,1.7625000000000455,25.714285714285715,0.4285714285714306,8.285714285714286,127.93834681654579,6.0,-4.166666666666671
2024-07-01,12.1,18.9,26.1,83.0,1010.5,5.8,15.0,70.0,9.0,-0.5,1.5083333333333258,91.71428571428571,4.285714285714278,4.8428571428571425,-82.85384082023916,7.0,6.041666666666671
2024-07-02,3.6,15.7,25.6,75.0,1009.3,6.0,304.0,44.0,10.0,-0.5,1.0083333333334394,47.714285714285715,29.142857142857142,9.72857142857143,55.05086330872183,2.0,-0.5416666666666714
2024-07-03,28.8,16.2,23.0,73.0,1009.0,5.9,337.0,96.0,12.0,-3.7000000000000455,2.412499999999909,100.0,8.57142857142857,10.185714285714285,-142.23326732026348,12.0,-2.875
2024-07-04,0.5,15.5,24.8,73.0,1010.3,4.5,205.0,26.0,8.0,0.8999999999999773,2.2416666666665606,20.142857142857142,15.714285714285714,10.942857142857145,-112.63145682783488,1.0,-2.8333333333333286
2024-07-05,0.0,16.2,27.1,72.0,1014.6,5.2,218.0,24.0,0.0,-0.40000000000009095,1.2416666666665606,27.571428571428573,13.285714285714286,9.571428571428571,175.75823756779948,0.0,5.25
2024-07-06,0.9,18.4,26.5,75.0,1012.6,4.9,124.0,62.0,2.0,-3.300000000000068,2.3541666666666288,89.71428571428571,76.0,8.342857142857142,74.92352863796933,2.0,-1.125
2024-07-07,7.8,19.0,26.0,81.0,1012.2,6.4,3.0,72.0,8.0,1.1000000000000227,0.8624999999998408,84.0,0.7142857142857082,5.542857142857143,-70.63249179244565,5.0,1.4166666666666572
2024-07-08,0.0,18.5,29.1,73.0,1014.6,6.1,279.0,30.0,6.0,0.0,0.9249999999998408,4.571428571428571,-27.42857142857143,10.014285714285714,-80.44032570775238,0.0,-3.875
2024-07-09,0.0,19.0,31.6,70.0,1015.7,6.4,345.0,3.0,2.0,-1.8999999999999773,1.3875000000000455,7.142857142857143,5.571428571428572,10.814285714285715,140.9847274396982,0.0,0.6666666666666572
2024-07-10,0.2,21.6,32.5,67.0,1014.5,7.2,310.0,33.0,0.0,-2.5,1.537499999999909,31.142857142857142,-24.28571428571429,12.242857142857144,-141.50816647069004,0.0,1.5
2024-07-11,0.0,21.9,32.4,69.0,1013.7,5.4,348.0,14.0,1.0,-1.5,1.2416666666666742,30.428571428571427,29.857142857142854,10.242857142857146,-174.8013868261582,0.0,-3.75
2024-07-12,7.1,21.7,29.9,78.0,1011.3,5.8,339.0,47.0,5.0,-2.7999999999999545,2.270833333333485,53.285714285714285,-23.857142857142854,5.728571428571428,116.65215734463413,3.0,5.375
2024-07-13,0.8,19.7,29.7,73.0,1009.5,5.8,241.0,31.0,5.0,-0.6000000000000227,0.8083333333332803,42.0,8.57142857142857,9.857142857142858,-75.5688426535392,1.0,-8.625
2024-07-14,0.1,21.0,30.3,66.0,1011.2,6.2,242.0,47.0,0.0,-0.2999999999999545,0.6541666666665833,70.14285714285714,33.71428571428571,13.285714285714286,-67.91480308403857,0.0,0.6666666666666714
2024-07-15,0.0,19.2,31.2,65.0,1012.9,5.2,279.0,2.0,0.0,-1.7999999999999545,1.4125000000000227,3.857142857142857,3.5714285714285716,12.585714285714285,-178.1558000610721,0.0,-3.9166666666666643
2024-07-16,0.0,19.6,31.7,66.0,1011.7,5.7,247.0,17.0,0.0,-0.7000000000000455,0.8833333333333258,44.142857142857146,39.42857142857143,11.814285714285713,-155.9983557627877,0.0,-2.5416666666666714
2024-07-17,0.0,21.3,33.1,64.0,1014.1,7.1,28.0,34.0,2.0,0.0,1.3249999999999318,21.714285714285715,-55.714285714285715,13.414285714285711,83.30261289167419,0.0,-7.75
2024-07-18,0.0,22.5,32.4,60.0,1017.2,6.1,69.0,13.0,0.0,-1.6000000000000227,1.3583333333334622,9.857142857142858,-8.142857142857142,13.700000000000001,87.2520956512634,0.0,-3.7916666666666714
2024-07-19,2.4,22.0,33.4,61.0,1015.4,7.3,343.0,32.0,1.0,-4.199999999999932,2.7541666666668334,78.14285714285714,76.85714285714285,14.357142857142858,-11.604471954129878,1.0,0.375
2024-07-20,4.2,21.9,29.9,68.0,1010.5,6.2,312.0,60.0,4.0,-2.1000000000000227,1.5208333333333712,34.285714285714285,-37.142857142857146,11.571428571428571,-173.6890164842579,4.0,2.375
2024-07-21,1.0,20.5,30.7,74.0,1009.4,5.1,243.0,35.0,5.0,-0.7999999999999545,0.9874999999998408,69.42857142857143,59.85714285714286,9.299999999999999,53.936116043757096,2.0,0.5416666666666714
2024-07-22,6.9,21.0,30.7,72.0,1011.8,4.9,355.0,56.0,5.0,3.199999999999932,1.7208333333335304,37.42857142857143,-17.428571428571423,9.414285714285711,19.611953787355333,3.0,2.5416666666666714
2024-07-23,7.4,20.4,30.2,70.0,1015.1,6.7,322.0,44.0,5.0,-2.2999999999999545,1.1708333333333485,37.285714285714285,-17.714285714285715,11.842857142857143,-100.46658519300092,3.0,-6.166666666666664
2024-07-24,0.5,19.6,29.9,69.0,1013.4,5.0,353.0,51.0,5.0,-2.5,1.7208333333330756,22.428571428571427,-64.42857142857143,11.385714285714284,92.22808906321,2.0,-5.416666666666664
2024-07-25,1.2,19.5,29.7,62.0,1012.7,7.6,315.0,54.0,1.0,-2.800000000000068,1.8958333333333712,42.0,-21.42857142857143,14.27142857142857,-173.83937815847798,1.0,-4.416666666666664
2024-07-26,0.0,19.1,30.0,65.0,1012.8,6.0,214.0,36.0,0.0,-0.6000000000000227,0.7416666666666742,43.57142857142857,25.857142857142854,12.242857142857146,123.74997330022478,0.0,2.125
2024-07-27,0.0,20.2,31.4,69.0,1015.2,6.2,229.0,11.0,4.0,-0.1999999999999318,1.0708333333334394,19.571428571428573,13.142857142857144,12.014285714285714,165.73010224624124,0.0,-2.4583333333333286
2024-07-28,5.2,22.2,32.8,70.0,1017.3,6.3,333.0,35.0,1.0,0.10000000000002274,0.9416666666667197,78.42857142857143,77.85714285714286,10.799999999999997,-74.72242043408284,2.0,4.833333333333329
2024-07-29,0.0,21.0,30.8,66.0,1018.7,8.7,65.0,38.0,6.0,-3.0,2.0375000000000227,23.142857142857142,-9.714285714285712,12.9,22.08592249847004,0.0,-5.541666666666664
2024-07-30,0.0,20.9,31.1,61.0,1017.7,5.6,79.0,33.0,0.0,-3.199999999999932,2.2833333333330756,78.57142857142857,76.71428571428571,13.414285714285715,115.06286018999486,0.0,0.5
2024-07-31,0.0,20.6,32.2,67.0,1014.2,5.8,223.0,16.0,0.0,-3.6000000000000227,2.2875000000001364,31.285714285714285,31.0,11.185714285714287,1.9487089287250114,0.0,-3.2083333333333286
2024-08-01,0.8,22.3,32.7,72.0,1010.9,6.0,120.0,57.0,3.0,-2.2999999999999545,1.8291666666664241,91.71428571428571,78.14285714285714,9.571428571428571,75.68003635177777,2.0,-0.7916666666666714
2024-08-02,1.3,19.4,29.2,78.0,1009.1,4.5,259.0,33.0,8.0,-3.099999999999909,1.8708333333332803,64.14285714285714,57.285714285714285,8.171428571428573,-95.21194119487953,2.0,-2.125
2024-08-03,0.1,19.2,30.1,67.0,1008.9,6.8,12.0,14.0,4.0,1.2000000000000455,1.6166666666670153,15.142857142857142,0.7142857142857135,13.128571428571432,101.72102035395432,0.0,-0.9166666666666714
2024-08-04,0.0,19.9,29.6,67.0,1011.4,5.0,321.0,68.0,0.0,-1.0,1.0166666666666515,99.71428571428571,33.85714285714285,11.785714285714286,175.18279578110156,0.0,2.3333333333333286
2024-08-05,0.0,20.4,29.6,69.0,1011.8,5.4,278.0,57.0,3.0,-2.900000000000091,1.9624999999999773,60.285714285714285,34.0,11.514285714285716,-148.47172016341753,0.0,0.5416666666666572
2024-08-06,0.0,20.8,29.9,70.0,1011.7,5.1,86.0,35.0,0.0,-1.6000000000000227,1.2541666666667197,77.85714285714286,70.85714285714286,10.271428571428572,105.51340356022268,0.0,1.0
2024-08-07,6.2,21.5,30.3,73.0,1011.8,6.0,294.0,83.0,3.0,-0.8000000000000682,0.9708333333334167,96.71428571428571,27.285714285714278,8.685714285714287,-158.32650772248792,2.0,2.083333333333343
2024-08-08,0.0,18.6,30.7,68.0,1013.2,4.9,261.0,26.0,4.0,-0.7999999999999545,1.087500000000091,48.0,46.142857142857146,11.957142857142857,-95.42792704564079,0.0,-7.833333333333336
2024-08-09,0.0,19.7,31.4,68.0,1015.5,5.2,295.0,34.0,0.0,-0.20000000000004547,0.9291666666666742,65.57142857142857,58.0,11.742857142857142,159.3376034439367,0.0,-1.375
2024-08-10,0.0,21.6,32.9,66.0,1018.4,5.5,38.0,4.0,2.0,-0.1999999999999318,1.441666666666606,5.428571428571429,5.142857142857143,13.428571428571427,115.284698148735,0.0,-4.041666666666664
2024-08-11,0.0,22.2,33.9,63.0,1018.1,5.4,290.0,9.0,0.0,-3.099999999999909,2.0625,7.428571428571429,6.571428571428572,14.414285714285713,-167.09116233522928,0.0,-0.5416666666666714
2024-08-12,0.0,21.9,34.4,64.0,1013.3,6.1,268.0,40.0,0.0,-3.8999999999999773,2.516666666666538,57.57142857142857,21.714285714285715,14.3,-60.72278750897004,0.0,-1.9583333333333357
2024-08-13,0.0,22.8,33.3,66.0,1010.6,4.5,324.0,30.0,0.0,-1.6000000000000227,1.2791666666668107,58.142857142857146,53.42857142857143,11.885714285714284,-75.15738048272271,0.0,0.6666666666666714
2024-08-14,1.3,22.1,33.0,60.0,1011.1,5.7,304.0,47.0,2.0,0.39999999999997726,1.2374999999999545,97.14285714285714,82.28571428571428,13.27142857142857,-57.96696171250386,2.0,-8.583333333333329
2024-08-15,0.0,20.7,33.0,58.0,1014.5,6.9,266.0,68.0,0.0,-0.39999999999997726,1.6333333333333258,91.28571428571429,54.142857142857146,14.357142857142858,-85.7271902485295,0.0,4.583333333333329
2024-08-16,0.0,21.5,32.9,64.0,1014.9,5.5,250.0,33.0,0.0,-2.199999999999932,1.9458333333333258,4.428571428571429,-34.714285714285715,13.557142857142859,-65.73400219101131,0.0,-3.2916666666666643
2024-08-17,2.1,21.4,30.7,69.0,1011.9,5.1,347.0,38.0,2.0,-2.2000000000000455,2.3041666666666742,87.85714285714286,75.0,8.442857142857145,-43.743217174994754,2.0,4.333333333333329
2024-08-18,2.5,20.6,27.7,79.0,1007.8,5.5,354.0,71.0,8.0,-2.1000000000000227,2.204166666666424,99.57142857142857,35.0,7.214285714285714,48.25548193734471,3.0,2.125
2024-08-19,7.8,20.2,24.3,87.0,1008.7,6.0,330.0,100.0,15.0,2.400000000000091,1.9166666666668561,100.0,0.0,3.1857142857142864,-6.837818750650683,8.0,-0.7083333333333428
2024-08-20,7.0,19.4,29.1,83.0,1010.6,6.9,281.0,57.0,11.0,-0.900000000000091,1.2791666666669244,16.0,-73.0,6.685714285714285,167.54154134338467,5.0,-5.041666666666671
2024-08-21,0.0,19.7,30.1,70.0,1011.2,5.4,334.0,24.0,2.0,1.2000000000000455,1.3666666666666742,37.142857142857146,27.000000000000004,11.042857142857141,-156.58359268807837,0.0,-4.708333333333329
2024-08-22,0.0,20.7,28.4,65.0,1013.9,5.5,43.0,71.0,0.0,-2.2999999999999545,1.6791666666666742,84.57142857142857,6.571428571428569,11.357142857142858,159.95065042996077,0.0,2.333333333333343
2024-08-23,0.0,19.6,30.3,73.0,1014.3,6.1,253.0,20.0,3.0,-0.3000000000000682,1.0041666666667197,25.285714285714285,8.285714285714285,9.757142857142856,-71.07261728034052,0.0,2.25
2024-08-24,0.0,21.3,31.0,72.0,1016.1,5.7,233.0,5.0,0.0,-1.6000000000000227,1.3749999999998863,10.857142857142858,10.285714285714286,9.928571428571429,-99.36989786117266,0.0,1.0833333333333286
2024-08-25,0.1,21.4,32.0,69.0,1014.2,5.1,307.0,11.0,1.0,-1.2000000000000455,1.3125000000002274,28.142857142857142,27.428571428571427,10.742857142857144,-156.17352387472937,0.0,-3.0416666666666714
2024-08-26,9.2,19.9,30.4,65.0,1014.6,10.9,334.0,92.0,6.0,-2.199999999999932,1.4708333333331893,95.57142857142857,-4.428571428571431,11.642857142857142,36.35195408399437,6.0,-1.2083333333333286
2024-08-27,0.0,20.0,31.2,58.0,1016.4,7.6,18.0,57.0,0.0,-0.39999999999997726,0.8999999999999773,85.42857142857143,50.42857142857143,14.185714285714285,42.604737292541756,0.0,-0.75
2024-08-28,0.0,19.8,31.8,62.0,1017.3,7.4,353.0,31.0,0.0,-1.0,1.3000000000000682,27.285714285714285,-20.142857142857146,13.900000000000002,89.01031694299962,0.0,0.5
2024-08-29,0.0,21.0,33.3,59.0,1016.5,6.9,300.0,3.0,0.0,-2.1000000000000227,1.5666666666667197,9.714285714285714,9.714285714285714,16.22857142857143,-86.4199039830826,0.0,-3.9583333333333357
2024-08-30,0.3,21.3,33.2,58.0,1016.6,6.0,347.0,25.0,1.0,-1.7000000000000455,1.2624999999999318,48.857142857142854,34.0,14.271428571428572,50.10526422437994,1.0,4.5
2024-08-31,0.0,21.3,33.6,60.0,1016.9,7.5,331.0,42.0,0.0,-0.7999999999999545,0.933333333333394,100.0,95.0,15.92857142857143,-19.521552661969906,0.0,-0.4166666666666643
2024-09-01,0.0,21.6,33.5,54.0,1014.7,6.6,341.0,78.0,0.0,-3.699999999999932,2.516666666666538,55.57142857142857,-43.42857142857143,19.014285714285716,156.73562991944425,0.0,-7.291666666666671
2024-09-02,0.0,19.5,31.8,57.0,1012.7,6.9,281.0,16.0,0.0,-0.3000000000000682,1.0458333333333485,31.428571428571427,18.857142857142854,17.11428571428571,-76.9750799306139,0.0,0.7083333333333357
2024-09-03,0.8,18.4,30.7,64.0,1015.2,5.8,331.0,8.0,4.0,-1.0,1.1124999999999545,17.571428571428573,13.142857142857144,14.242857142857144,163.7197019333123,2.0,-7.708333333333336
2024-09-04,0.0,19.5,31.3,59.0,1014.0,5.8,341.0,35.0,0.0,-2.599999999999909,1.9291666666666742,69.0,50.85714285714286,15.899999999999997,175.9426996013051,0.0,-4.166666666666664
2024-09-05,13.2,18.9,26.6,78.0,1010.6,7.4,336.0,81.0,8.0,-0.7999999999999545,1.124999999999659,94.85714285714286,-4.142857142857139,3.4,-35.943416710996416,10.0,13.708333333333343
2024-09-06,1.7,17.6,23.8,83.0,1012.8,4.3,85.0,65.0,11.0,2.400000000000091,1.845833333333303,22.571428571428573,-65.14285714285714,5.842857142857143,146.0261391387873,2.0,-0.2916666666666714
2024-09-07,0.0,17.1,26.4,81.0,1016.3,4.9,233.0,9.0,11.0,-0.39999999999997726,0.8041666666666742,17.0,9.142857142857142,7.885714285714284,-148.661322084726,0.0,4.875
2024-09-08,28.9,18.4,25.2,89.0,1012.9,4.0,360.0,82.0,18.0,-3.3999999999999773,5.345833333333189,100.0,0.0,3.0142857142857133,-53.70756029236367,10.0,6.75
2024-09-09,30.7,18.1,26.6,80.0,1003.5,8.4,70.0,63.0,10.0,-0.10000000000002274,2.6874999999997726,22.714285714285715,-63.285714285714285,8.0,65.64751705564782,11.0,-5.208333333333329
2024-09-10,0.5,14.4,25.3,75.0,1008.8,5.2,309.0,18.0,7.0,0.6000000000000227,1.929166666666788,24.857142857142858,21.571428571428573,8.242857142857144,25.883082547961294,1.0,1.9166666666666714
2024-09-11,8.7,15.7,22.3,80.0,1009.3,6.9,331.0,67.0,6.0,-2.2999999999999545,1.7208333333330756,100.0,60.42857142857143,5.742857142857143,-38.08276582523206,5.0,5.0
2024-09-12,29.7,11.4,18.4,85.0,1004.3,8.7,13.0,97.0,22.0,1.2999999999999545,1.4166666666666288,100.0,0.7142857142857082,3.828571428571429,-97.81501658537366,22.0,-9.5
2024-09-13,3.0,11.2,17.2,69.0,1007.4,7.3,290.0,100.0,3.0,2.699999999999932,2.7916666666667425,99.85714285714286,-0.1428571428571388,5.685714285714285,38.20198204910156,4.0,-23.124999999999993
2024-09-14,0.0,11.5,18.4,51.0,1012.3,7.4,308.0,100.0,0.0,3.0,2.104166666666856,100.0,1.5714285714285694,12.071428571428571,71.97839621864699,0.0,12.333333333333336
2024-09-15,0.0,11.8,21.0,58.0,1013.0,6.2,349.0,99.0,0.0,0.39999999999997726,1.6083333333335759,98.42857142857143,-0.4285714285714306,12.800000000000002,88.3927762781309,0.0,16.291666666666664
2024-09-16,3.8,10.0,20.5,75.0,1012.6,6.4,335.0,78.0,12.0,-2.8999999999999773,2.329166666666538,100.0,67.0,9.514285714285714,124.85735495524608,7.0,16.416666666666657
2024-09-17,5.2,11.7,20.0,72.0,1016.6,9.4,46.0,52.0,6.0,2.400000000000091,3.2458333333335077,28.714285714285715,-25.285714285714285,10.700000000000001,89.24109305516379,5.0,0.0833333333333286
2024-09-18,0.0,9.3,22.2,70.0,1018.9,8.2,22.0,42.0,0.0,-0.10000000000002274,0.8208333333332121,68.14285714285714,39.57142857142857,9.571428571428571,79.65450732421561,0.0,5.375
2024-09-19,0.1,11.9,22.6,64.0,1017.1,9.3,357.0,80.0,2.0,0.3000000000000682,0.6958333333333258,75.71428571428571,-7.0,10.914285714285713,22.76511240173261,0.0,-0.2083333333333428
2024-09-20,0.0,14.6,23.5,61.0,1019.8,7.2,358.0,53.0,0.0,1.2000000000000455,1.362500000000182,27.0,-19.0,11.200000000000001,78.34634234118346,0.0,4.958333333333329
2024-09-21,0.0,14.2,23.4,69.0,1021.7,6.6,14.0,22.0,0.0,-2.1000000000000227,1.6874999999998863,12.714285714285714,-11.000000000000002,10.357142857142858,83.62829422360045,0.0,1.4166666666666572
2024-09-22,0.0,12.5,22.4,72.0,1018.5,5.8,308.0,64.0,1.0,-3.1000000000000227,2.2541666666664923,63.142857142857146,-27.428571428571423,9.700000000000001,-78.7603739749147,0.0,3.625
2024-09-23,8.1,11.7,21.8,81.0,1013.9,5.6,59.0,48.0,11.0,-2.5,2.6000000000000227,99.85714285714286,74.57142857142858,6.7,68.12554537573465,6.0,8.25
2024-09-24,13.7,15.0,21.3,86.0,1010.0,5.4,46.0,77.0,15.0,2.5,2.1541666666668107,88.42857142857143,47.142857142857146,4.828571428571429,179.22090727739737,10.0,6.791666666666657
2024-09-25,0.3,12.7,21.3,83.0,1013.9,5.5,89.0,55.0,10.0,0.7000000000000455,1.0750000000000455,92.57142857142857,76.71428571428571,6.885714285714286,-161.65737379693826,0.0,-2.6666666666666714
2024-09-26,0.2,14.6,20.0,85.0,1010.8,4.8,20.0,97.0,9.0,-2.599999999999909,3.5541666666665606,100.0,10.142857142857139,4.442857142857143,-46.996801070015124,0.0,0.75
2024-09-27,18.6,16.7,23.7,87.0,1006.6,7.0,56.0,80.0,14.0,-0.5,0.8458333333331893,53.142857142857146,-35.714285714285715,4.771428571428571,118.36403742933612,12.0,5.583333333333329
2024-09-28,6.4,12.2,18.2,82.0,1011.2,6.9,36.0,53.0,8.0,6.100000000000023,4.16250000000025,62.42857142857143,19.85714285714286,4.057142857142858,120.57528544305114,4.0,-5.666666666666671
2024-09-29,0.0,9.6,18.5,75.0,1023.2,5.3,303.0,29.0,5.0,1.2000000000000455,4.4541666666666515,56.0,52.285714285714285,8.985714285714286,-53.58948073028671,0.0,1.9583333333333428
2024-09-30,0.1,12.2,17.9,67.0,1022.0,5.2,91.0,78.0,1.0,-4.599999999999909,2.9166666666667425,65.28571428571429,-33.428571428571416,6.857142857142857,107.96417138080017,0.0,14.333333333333329
2024-10-01,1.9,11.0,16.2,87.0,1016.6,3.1,49.0,99.0,11.0,-2.8999999999999773,3.599999999999909,99.85714285714286,0.0,3.1857142857142855,42.9589020467929,3.0,2.916666666666657
2024-10-02,11.7,13.8,17.0,95.0,1007.3,3.7,36.0,90.0,24.0,-2.5,2.266666666666538,77.14285714285714,-22.85714285714286,1.3428571428571423,24.774496815681374,12.0,2.4583333333333286
2024-10-03,35.8,11.5,15.0,88.0,1005.7,7.4,353.0,99.0,22.0,-2.3999999999999773,2.254166666666606,100.0,0.0,2.3000000000000003,-44.27577626711542,15.0,-3.791666666666657
2024-10-04,18.0,10.7,13.2,87.0,1007.6,6.8,327.0,100.0,22.0,4.600000000000023,4.166666666666629,100.0,0.0,2.6000000000000005,-1.2380347437215846,22.0,-0.2916666666666714
2024-10-05,0.5,10.0,16.0,80.0,1013.1,5.3,336.0,80.0,6.0,0.6000000000000227,1.0874999999999773,61.0,-29.42857142857143,6.428571428571431,126.45498148534097,1.0,2.125
2024-10-06,0.0,8.0,17.4,79.0,1013.1,6.9,286.0,37.0,9.0,-0.5,0.9791666666665151,68.28571428571429,47.71428571428572,7.628571428571427,-103.8483820529379,0.0,2.1666666666666714
2024-10-07,0.0,9.3,17.0,84.0,1015.7,3.6,41.0,62.0,11.0,2.0,1.9416666666667197,89.85714285714286,33.28571428571429,4.928571428571429,124.9720326904116,0.0,2.625
2024-10-08,56.6,14.1,17.6,94.0,1010.8,7.8,90.0,100.0,23.0,-9.700000000000045,7.058333333333508,100.0,0.0,0.971428571428571,92.26306529009264,14.0,2.5833333333333286
2024-10-09,1.8,14.9,19.3,92.0,1005.4,4.9,211.0,92.0,18.0,1.599999999999909,1.5875000000002046,99.85714285714286,7.0,3.7285714285714286,164.41444645732486,4.0,2.7083333333333286
2024-10-10,24.3,14.1,20.8,91.0,1001.2,7.4,48.0,79.0,21.0,-2.2999999999999545,3.1499999999999773,53.42857142857143,-45.57142857142857,2.4857142857142853,-106.18089842476951,11.0,1.4166666666666572
2024-10-11,0.0,9.0,20.6,75.0,1010.8,4.8,326.0,11.0,6.0,4.600000000000023,5.554166666666447,15.571428571428571,0.8571428571428577,10.071428571428573,-179.56101170460698,0.0,-0.04166666666665719
2024-10-12,0.0,9.4,18.0,75.0,1018.6,4.9,318.0,58.0,1.0,-0.3000000000000682,1.7624999999999318,91.14285714285714,52.285714285714285,7.842857142857143,-95.29866846679641,0.0,-0.25
2024-10-13,0.1,11.0,17.7,84.0,1017.5,4.6,36.0,94.0,4.0,0.0,1.1458333333332575,99.71428571428571,0.857142857142847,4.514285714285714,14.961131931000125,0.0,2.333333333333343
2024-10-14,0.0,9.8,18.6,84.0,1020.0,5.6,309.0,52.0,12.0,-0.5,0.6541666666668107,39.714285714285715,-15.142857142857139,4.985714285714287,-73.89654579607358,0.0,7.458333333333343
2024-10-15,0.0,10.0,18.7,85.0,1020.7,4.5,329.0,54.0,11.0,1.0,1.145833333333485,60.42857142857143,3.0,4.485714285714286,131.009941642552,0.0,4.958333333333329
2024-10-16,3.6,11.9,18.7,86.0,1022.5,4.6,56.0,89.0,15.0,-0.599999999999909,0.7875000000002501,100.0,11.142857142857139,4.1,58.50324970874246,8.0,5.208333333333329
2024-10-17,5.2,14.0,17.9,89.0,1021.8,4.3,79.0,96.0,16.0,-1.7999999999999545,1.4624999999999773,92.71428571428571,-0.2857142857142918,2.6857142857142855,12.074142483574747,7.0,1.7916666666666714
2024-10-18,36.2,15.7,17.1,89.0,1017.6,9.1,57.0,93.0,16.0,-1.2000000000000455,1.3333333333333712,77.85714285714286,-22.14285714285714,2.114285714285715,-37.11351741530791,17.0,-2.1666666666666714
2024-10-19,19.3,13.2,21.1,87.0,1018.3,6.0,41.0,96.0,15.0,0.6000000000000227,1.2041666666663104,100.0,11.42857142857143,4.314285714285715,84.59369947042961,9.0,3.9583333333333286
2024-10-20,5.5,14.0,20.7,84.0,1024.5,3.4,22.0,79.0,12.0,3.2000000000000455,3.0041666666668334,72.28571428571429,-19.428571428571416,6.085714285714286,8.941279589548458,4.0,0.3333333333333428
2024-10-21,0.0,11.3,20.5,85.0,1029.2,4.0,273.0,32.0,12.0,-0.1999999999998181,0.8999999999998636,3.857142857142857,-53.85714285714286,5.0,-92.99759606637338,0.0,3.8333333333333286
2024-10-22,0.0,12.3,20.6,88.0,1028.7,3.6,297.0,32.0,15.0,-0.09999999999990905,0.6958333333334394,41.714285714285715,30.0,3.928571428571428,-143.48226735839063,0.0,4.5
2024-10-23,46.7,13.7,18.0,93.0,1029.1,4.8,348.0,100.0,24.0,0.2999999999999545,0.6458333333332575,100.0,0.0,1.2428571428571435,81.65965109677967,16.0,-0.75
2024-10-24,2.9,13.7,16.8,88.0,1028.7,5.7,73.0,88.0,16.0,-0.5,0.8041666666667879,65.28571428571429,-30.0,2.857142857142857,-25.395811090901447,5.0,3.7083333333333286
2024-10-25,0.1,11.5,18.8,86.0,1025.3,3.8,2.0,81.0,12.0,-1.9999999999998863,1.6999999999999318,86.42857142857143,17.42857142857143,4.657142857142857,71.62200181845441,0.0,0.625
2024-10-26,11.0,14.2,18.8,92.0,1022.9,4.0,62.0,78.0,18.0,-1.0,0.9166666666666288,88.42857142857143,32.142857142857146,2.385714285714286,60.9676158697485,10.0,4.541666666666671
2024-10-27,0.0,13.0,19.6,89.0,1023.7,3.3,332.0,50.0,16.0,1.6000000000000227,1.4750000000000227,76.85714285714286,71.14285714285715,3.6142857142857148,3.6653347384969948,0.0,2.5833333333333286
2024-10-28,0.0,12.8,19.6,87.0,1026.2,3.0,311.0,79.0,13.0,-1.2999999999999545,1.237500000000182,64.42857142857143,-35.57142857142857,3.7857142857142856,-136.11319722241888,0.0,4.458333333333343
2024-10-29,0.0,10.5,21.0,85.0,1025.4,4.8,309.0,5.0,12.0,-1.6000000000001364,1.1416666666666515,9.857142857142858,8.142857142857144,5.285714285714286,-31.31950105362938,0.0,4.416666666666671
2024-10-30,0.0,11.4,22.2,77.0,1024.4,6.1,322.0,1.0,4.0,-0.5,0.7833333333331893,2.857142857142857,2.428571428571429,7.471428571428571,-48.10823349553175,0.0,2.9583333333333286
2024-10-31,0.0,10.4,20.7,78.0,1025.5,6.3,317.0,8.0,5.0,-1.0,0.779166666666697,0.0,-0.8571428571428571,6.942857142857144,-78.22655341475848,0.0,7.0
2024-11-01,0.0,8.0,18.2,84.0,1024.4,4.7,324.0,26.0,10.0,-2.1000000000000227,1.4833333333334622,3.0,-31.42857142857143,5.357142857142857,-90.7250472293826,0.0,0.8333333333333428
2024-11-02,0.0,7.2,18.8,83.0,1023.2,4.8,17.0,5.0,9.0,1.3000000000000682,1.4125000000000227,0.14285714285714285,-5.7142857142857135,4.942857142857143,85.03668868078842,0.0,-2.625
2024-11-03,0.0,8.2,15.8,77.0,1028.0,4.7,23.0,37.0,0.0,-0.7000000000000455,0.7708333333334849,35.57142857142857,15.857142857142854,5.371428571428571,55.10174219845942,0.0,7.708333333333329
2024-11-04,0.0,4.9,17.2,83.0,1026.7,3.6,316.0,9.0,10.0,-1.5,1.2916666666667425,0.0,-1.0,5.628571428571428,-27.6738210743664,0.0,-2.791666666666657
2024-11-05,0.0,4.1,16.2,78.0,1026.5,4.7,345.0,67.0,8.0,-0.5,0.8666666666665606,99.85714285714286,28.85714285714286,8.342857142857143,39.702162941207064,0.0,-0.5416666666666714
2024-11-06,0.0,4.3,15.9,81.0,1028.5,4.2,331.0,93.0,6.0,1.6000000000001364,1.6166666666665606,84.57142857142857,-12.285714285714292,6.571428571428571,91.90813639059087,0.0,1.3333333333333286
2024-11-07,0.0,4.8,15.2,80.0,1030.4,4.0,325.0,36.0,5.0,-0.7000000000000455,0.716666666666697,5.0,-31.857142857142854,7.071428571428572,59.74170219161334,0.0,3.0833333333333286
2024-11-08,0.0,3.6,14.4,85.0,1028.9,3.9,316.0,47.0,10.0,0.0,0.9041666666664696,86.14285714285714,69.42857142857142,5.128571428571428,-54.21013539956226,0.0,0.9583333333333428
2024-11-09,0.0,5.1,14.7,84.0,1026.8,4.1,305.0,85.0,10.0,-3.2000000000000455,2.2749999999998636,72.42857142857143,-27.42857142857143,4.885714285714286,-52.33363638549372,0.0,4.458333333333329
2024-11-10,0.0,3.7,16.2,71.0,1023.2,5.5,340.0,6.0,5.0,-0.6000000000000227,1.2000000000002728,0.0,-14.857142857142858,9.1,15.162162263222115,0.0,-11.041666666666664
2024-11-11,0.0,1.7,11.9,75.0,1025.1,3.7,4.0,5.0,5.0,-1.0000000000001137,1.158333333333644,0.0,0.0,7.4,64.89722229288168,0.0,-3.5
2024-11-12,0.0,1.0,11.0,76.0,1024.7,2.7,6.0,19.0,6.0,1.2999999999999545,1.4375000000002274,17.142857142857142,14.857142857142858,7.242857142857143,60.618154023497425,0.0,-4.041666666666671
2024-11-13,0.0,-0.1,9.8,77.0,1025.1,3.3,6.0,31.0,5.0,-3.199999999999932,2.4583333333335986,78.0,78.0,5.942857142857143,59.81740199645412,0.0,-4.5
2024-11-14,1.0,1.5,8.4,82.0,1024.2,2.7,269.0,38.0,9.0,-0.8999999999999773,0.9666666666664696,0.0,-45.285714285714285,5.871428571428572,0.45456947625285693,3.0,6.958333333333329
2024-11-15,0.0,-1.4,10.5,79.0,1024.6,3.7,326.0,1.0,9.0,0.599999999999909,0.9541666666665378,1.1428571428571428,-0.7142857142857144,7.257142857142858,40.13266237069024,0.0,3.5
2024-11-16,0.0,-1.7,12.1,79.0,1022.9,5.0,302.0,1.0,6.0,-4.600000000000023,3.5833333333333712,0.0,0.0,7.728571428571428,-31.944045728087872,0.0,5.625
2024-11-17,0.0,-0.3,8.7,82.0,1015.9,3.6,329.0,11.0,4.0,-4.100000000000023,2.637500000000159,15.714285714285714,15.571428571428571,5.128571428571428,1.0759515691090655,0.0,9.083333333333343
2024-11-18,0.0,-0.3,12.2,80.0,1013.2,4.9,313.0,86.0,10.0,0.5,0.8708333333331666,99.85714285714286,31.285714285714292,6.871428571428571,-25.13829220860447,0.0,3.4166666666666714
2024-11-19,0.0,0.7,11.3,83.0,1010.4,3.7,313.0,89.0,9.0,-4.899999999999977,5.341666666666583,62.714285714285715,-36.142857142857146,5.357142857142857,-29.951794202597114,0.0,6.75
2024-11-20,0.2,1.9,12.7,69.0,998.2,4.4,333.0,70.0,6.0,4.199999999999932,3.7083333333333712,34.285714285714285,-61.142857142857146,9.057142857142857,31.964765000119144,0.0,-36.875
2024-11-21,5.1,-2.0,7.5,63.0,1004.1,6.1,355.0,61.0,5.0,-5.0,9.695833333333667,100.0,50.0,9.185714285714285,4.238297858042699,6.0,19.125000000000007
2024-11-22,5.5,-1.7,8.9,77.0,1000.3,5.8,313.0,57.0,10.0,17.699999999999932,10.079166666666652,42.57142857142857,-28.57142857142857,5.942857142857143,5.026418877415608,3.0,-20.208333333333336
2024-11-23,0.0,-3.0,9.3,64.0,1025.0,8.4,329.0,33.0,0.0,8.900000000000091,8.716666666666697,62.857142857142854,40.71428571428571,9.77142857142857,10.750291831748768,0.0,14.916666666666671
2024-11-24,0.0,-1.8,8.5,70.0,1032.9,3.5,339.0,80.0,0.0,0.3999999999998636,1.2708333333330302,74.57142857142857,-21.714285714285722,8.985714285714286,-22.39030997159665,0.0,8.958333333333329
2024-11-25,0.0,-1.0,7.9,78.0,1028.6,3.0,342.0,41.0,3.0,-4.2000000000000455,3.324999999999818,20.285714285714285,-23.85714285714286,6.942857142857143,17.972719375582813,0.0,5.041666666666671
2024-11-26,0.0,0.8,8.9,83.0,1023.4,4.1,326.0,78.0,10.0,0.20000000000004547,0.7291666666666288,99.85714285714286,20.42857142857143,4.814285714285715,-30.235830803049964,0.0,4.708333333333343
2024-11-27,0.4,3.2,11.6,90.0,1023.7,4.7,326.0,66.0,15.0,1.2999999999999545,1.2000000000001592,12.142857142857142,-87.85714285714286,2.8428571428571425,-30.03964437329728,1.0,3.9583333333333286
2024-11-28,0.2,2.1,9.1,93.0,1022.9,5.7,342.0,85.0,16.0,-2.5,2.374999999999659,87.57142857142857,-12.142857142857139,1.3142857142857147,42.46118627782295,1.0,4.625
2024-11-29,0.0,1.2,12.2,82.0,1026.1,7.3,310.0,23.0,10.0,1.7999999999999545,2.7666666666666515,0.0,-17.142857142857142,7.128571428571428,-16.72886905612114,0.0,0.7916666666666714
2024-11-30,0.0,-1.4,10.0,76.0,1030.0,5.5,313.0,0.0,3.0,-0.40000000000009095,0.7583333333332121,0.0,0.0,8.971428571428572,-45.628234991325314,0.0,4.583333333333329
2024-12-01,0.0,-2.2,12.8,74.0,1026.0,6.3,314.0,0.0,4.0,-2.900000000000091,2.733333333333121,0.0,-0.14285714285714285,8.528571428571428,-29.478500167822176,0.0,1.75
2024-12-02,0.0,-0.7,11.4,77.0,1021.5,4.0,315.0,17.0,5.0,-2.6000000000000227,2.2124999999999773,46.57142857142857,45.57142857142857,7.414285714285714,-5.059486272947083,0.0,-2.125
2024-12-03,0.0,0.1,8.2,81.0,1017.6,2.6,345.0,67.0,3.0,0.0,0.8499999999996817,81.14285714285714,24.285714285714285,5.214285714285714,32.595176900740285,0.0,1.4583333333333286
2024-12-04,0.0,3.0,10.2,80.0,1020.6,3.0,14.0,74.0,3.0,2.8999999999999773,2.387499999999932,55.42857142857143,-23.714285714285708,5.514285714285714,-42.93364131145188,0.0,6.708333333333329
2024-12-05,0.0,-1.5,8.6,77.0,1025.0,4.4,306.0,12.0,8.0,-0.40000000000009095,0.8125,15.857142857142858,15.428571428571429,8.828571428571427,-28.757962660049998,0.0,-1.625
2024-12-06,0.5,-1.8,5.9,83.0,1017.9,5.5,347.0,50.0,7.0,-3.1000000000000227,4.0750000000000455,1.2857142857142858,-70.85714285714285,4.271428571428571,64.81113460571532,1.0,8.083333333333343
2024-12-07,0.0,-2.2,7.5,80.0,1013.6,4.8,324.0,77.0,9.0,-7.600000000000023,8.187500000000114,99.85714285714286,21.142857142857153,6.328571428571428,67.08418565001841,0.0,1.6666666666666714
2024-12-08,17.0,3.4,7.8,87.0,1001.5,10.8,339.0,100.0,12.0,-1.2000000000000455,2.1874999999998863,100.0,0.0,2.7285714285714278,0.5764426349787755,14.0,4.958333333333329
2024-12-09,0.9,1.1,8.9,84.0,1009.5,4.0,324.0,83.0,12.0,6.100000000000023,4.604166666666629,91.28571428571429,39.57142857142858,5.3571428571428585,8.402502677008954,3.0,-6.416666666666657
2024-12-10,0.0,2.0,9.7,81.0,1018.5,2.2,356.0,87.0,2.0,3.5,3.045833333333235,77.42857142857143,-10.285714285714278,5.214285714285715,50.29996389714864,0.0,6.416666666666657
2024-12-11,0.0,-0.1,9.3,81.0,1023.8,3.9,314.0,51.0,8.0,2.2000000000000455,1.7333333333335759,43.142857142857146,-11.714285714285708,6.114285714285715,-44.744301601673385,0.0,1.5416666666666714
2024-12-12,0.0,-2.3,7.5,80.0,1028.9,3.7,315.0,0.0,0.0,-0.09999999999990905,1.370833333333394,0.0,0.0,5.442857142857142,-14.389469144865416,0.0,4.416666666666671
2024-12-13,0.0,-2.7,6.9,82.0,1030.1,3.7,324.0,21.0,8.0,0.20000000000004547,1.9833333333333485,44.857142857142854,44.857142857142854,5.714285714285714,-2.236007821033297,0.0,3.25
2024-12-14,0.8,1.3,7.5,89.0,1022.8,4.6,298.0,82.0,15.0,-4.000000000000114,2.6791666666666742,96.71428571428571,24.57142857142857,3.114285714285714,121.42572371802692,3.0,7.208333333333343
2024-12-15,0.0,-1.0,8.7,84.0,1025.1,5.7,311.0,25.0,10.0,6.999999999999886,4.1375000000000455,30.714285714285715,23.857142857142858,4.314285714285714,-39.15173162195549,0.0,3.125
2024-12-16,0.0,1.3,6.7,78.0,1034.3,3.2,327.0,59.0,3.0,0.40000000000009095,1.5625,11.857142857142858,-86.71428571428571,4.414285714285714,165.258178591121,0.0,12.0
2024-12-17,0.0,-0.6,6.8,87.0,1031.8,2.4,312.0,34.0,8.0,-2.1000000000001364,1.5083333333334394,71.28571428571429,66.71428571428572,2.9142857142857146,-38.63326724871155,0.0,1.6666666666666714
2024-12-18,0.0,1.0,7.5,89.0,1028.1,2.9,326.0,92.0,11.0,-2.0,2.1833333333331666,92.14285714285714,-5.0,2.414285714285714,37.649401699197995,0.0,8.541666666666657
2024-12-19,8.2,3.2,6.4,90.0,1016.5,2.2,322.0,94.0,12.0,-11.5,11.245833333333508,100.0,11.0,1.8857142857142861,-12.840415983266894,8.0,4.875
2024-12-20,21.1,1.1,10.2,70.0,1008.9,8.4,338.0,86.0,9.0,10.200000000000045,6.5416666666667425,79.14285714285714,-20.85714285714286,9.714285714285714,-146.89249652905966,8.0,-25.91666666666667
2024-12-21,0.0,-3.1,7.7,66.0,1022.7,7.6,318.0,10.0,0.0,1.1999999999999318,2.6041666666667425,12.714285714285714,9.0,9.485714285714286,-55.93692083162978,0.0,12.875
2024-12-22,3.8,-2.9,5.3,80.0,1012.3,5.2,356.0,82.0,7.0,-12.200000000000045,11.729166666666742,100.0,42.42857142857143,5.771428571428571,39.19690564781183,6.0,14.625
2024-12-23,0.0,-1.0,10.1,68.0,1003.8,7.7,308.0,80.0,9.0,2.5,3.0375000000001364,66.57142857142857,-27.14285714285714,13.042857142857143,22.505016823108974,0.0,-22.874999999999993
2024-12-24,0.0,-3.3,11.1,54.0,1016.0,8.8,320.0,3.0,0.0,6.5,6.025000000000205,0.14285714285714285,-4.428571428571428,14.685714285714287,-1.532875420530786,0.0,-3.0833333333333357
2024-12-25,0.0,-2.2,8.6,64.0,1028.9,8.0,315.0,0.0,0.0,3.400000000000091,4.933333333333621,0.0,0.0,7.700000000000001,-34.56716649962107,0.0,12.291666666666671
2024-12-26,0.0,-2.0,9.2,61.0,1032.8,5.7,322.0,1.0,0.0,0.599999999999909,1.1583333333335304,1.8571428571428572,1.4285714285714286,9.857142857142858,-3.4972927396550517,0.0,4.000000000000007
2024-12-27,0.0,-2.6,10.5,69.0,1032.5,6.7,316.0,4.0,0.0,-2.7999999999999545,2.25,0.0,0.0,8.142857142857142,-30.045887072861035,0.0,5.375
2024-12-28,0.0,-0.3,12.5,75.0,1027.8,6.2,322.0,59.0,1.0,-1.5,1.125,24.714285714285715,-46.142857142857146,6.214285714285714,-27.00928555846781,0.0,2.8333333333333286
2024-12-29,0.0,0.8,13.3,75.0,1027.1,6.4,321.0,0.0,2.0,0.09999999999990905,0.629166666666606,0.0,0.0,6.757142857142858,-35.22403669137498,0.0,2.166666666666657
2024-12-30,0.0,-0.8,10.6,79.0,1029.4,4.9,322.0,0.0,4.0,1.099999999999909,1.1083333333333485,0.42857142857142855,0.42857142857142855,5.871428571428572,26.80270616406432,0.0,0.8333333333333428
2024-12-31,0.0,-1.0,9.0,78.0,1031.6,3.7,327.0,1.0,4.0,0.10000000000013642,0.7166666666664696,1.5714285714285714,1.4285714285714286,6.299999999999999,59.536054638167286,0.0,-0.1666666666666572
