date,rainfall_mm,temp_min,temp_max,humidity_pct,pressure_hpa,wind_speed_kmh,wind_dir_deg,cloud_pct,leaf_wetness_h
2016-01-01,0.0,-1.1,6.7,76.0,1026.7,3.8,65.0,34.0,2.0
2016-01-02,8.2,-1.8,2.9,90.0,1019.9,8.4,28.0,96.0,21.0
2016-01-03,8.6,-0.4,5.3,83.0,1009.8,9.0,51.0,84.0,11.0
2016-01-04,4.2,-0.9,3.5,88.0,1000.9,8.1,40.0,80.0,13.0
2016-01-05,3.6,-1.6,5.0,93.0,1000.7,5.3,29.0,70.0,21.0
2016-01-06,0.9,0.2,7.4,91.0,1000.5,4.6,266.0,69.0,17.0
2016-01-07,0.6,-2.5,6.7,92.0,1003.1,3.9,113.0,55.0,17.0
2016-01-08,0.0,-0.6,8.0,90.0,1008.3,4.8,37.0,88.0,15.0
2016-01-09,9.3,4.5,7.4,91.0,1007.8,3.8,50.0,99.0,20.0
2016-01-10,2.3,3.5,8.8,94.0,1004.0,5.4,117.0,81.0,20.0
2016-01-11,5.1,6.1,12.8,92.0,997.4,9.6,216.0,72.0,17.0
2016-01-12,0.0,3.9,10.8,78.0,999.8,8.1,244.0,42.0,1.0
2016-01-13,0.0,-1.2,10.7,80.0,1010.6,7.4,270.0,47.0,12.0
2016-01-14,0.7,-2.0,6.2,87.0,1014.8,5.7,29.0,69.0,12.0
2016-01-15,0.0,-2.5,7.3,87.0,1008.6,5.6,342.0,22.0,15.0
2016-01-16,0.0,-3.7,8.5,73.0,1012.9,5.5,15.0,19.0,7.0
2016-01-17,0.0,-4.1,7.5,57.0,1015.4,5.4,293.0,30.0,0.0
2016-01-18,0.0,-3.6,5.6,51.0,1019.4,7.3,332.0,18.0,0.0
2016-01-19,0.0,-3.5,4.5,76.0,1017.6,6.1,49.0,19.0,3.0
2016-01-20,0.0,-3.6,4.5,78.0,1018.3,4.5,73.0,7.0,3.0
2016-01-21,0.0,-4.0,5.7,77.0,1022.5,5.2,40.0,1.0,5.0
2016-01-22,0.0,-1.3,5.6,79.0,1031.4,8.7,50.0,53.0,2.0
2016-01-23,0.0,-1.3,7.6,84.0,1032.7,4.3,71.0,47.0,11.0
2016-01-24,0.0,-3.1,6.7,90.0,1034.7,4.5,123.0,48.0,17.0
2016-01-25,0.0,-2.0,7.2,93.0,1032.0,4.3,117.0,47.0,18.0
2016-01-26,0.0,-0.9,7.2,95.0,1029.8,4.3,110.0,62.0,19.0
2016-01-27,0.0,-0.1,8.8,95.0,1029.2,4.1,87.0,54.0,19.0
2016-01-28,0.0,3.1,11.8,94.0,1028.3,4.0,93.0,73.0,18.0
2016-01-29,0.0,3.9,10.3,95.0,1030.1,4.1,75.0,76.0,19.0
2016-01-30,0.0,3.8,9.8,95.0,1027.3,4.5,180.0,92.0,19.0
2016-01-31,0.0,5.2,13.0,89.0,1015.6,6.5,203.0,74.0,16.0
2016-02-01,0.0,3.4,9.8,96.0,1021.6,4.4,115.0,94.0,20.0
2016-02-02,0.0,4.2,9.3,96.0,1025.6,3.9,169.0,99.0,19.0
2016-02-03,6.0,4.7,9.0,96.0,1016.4,5.7,51.0,99.0,23.0
2016-02-04,0.2,2.6,12.0,72.0,1021.2,8.7,242.0,30.0,7.0
2016-02-05,0.0,-1.3,11.0,81.0,1025.2,8.0,60.0,3.0,10.0
2016-02-06,0.0,1.7,11.1,85.0,1028.3,6.8,31.0,41.0,12.0
2016-02-07,18.4,2.2,9.2,94.0,1018.2,6.1,86.0,95.0,24.0
2016-02-08,15.5,7.1,10.6,91.0,1014.4,6.9,251.0,96.0,17.0
2016-02-09,7.0,4.5,11.9,90.0,1010.7,5.0,137.0,83.0,17.0
2016-02-10,7.0,3.6,12.5,66.0,994.6,12.1,250.0,77.0,8.0
2016-02-11,0.1,-2.3,10.9,74.0,1006.4,7.3,42.0,20.0,2.0
2016-02-12,6.5,2.0,9.2,84.0,1004.9,11.4,47.0,92.0,13.0
2016-02-13,2.0,1.7,9.6,83.0,996.4,8.1,283.0,64.0,11.0
2016-02-14,11.8,2.5,7.6,90.0,994.6,9.3,21.0,92.0,16.0
2016-02-15,6.8,1.6,12.4,87.0,1003.3,9.5,45.0,97.0,14.0
2016-02-16,9.5,6.9,12.4,70.0,1020.7,20.7,47.0,97.0,11.0
2016-02-17,16.7,5.6,9.9,83.0,1019.0,13.7,41.0,99.0,13.0
2016-02-18,0.0,1.5,13.3,81.0,1014.3,7.3,269.0,38.0,10.0
2016-02-19,4.1,2.6,12.3,80.0,1014.8,6.3,304.0,62.0,10.0
2016-02-20,4.4,2.5,12.5,72.0,1022.7,8.9,269.0,41.0,6.0
2016-02-21,0.0,2.9,12.8,75.0,1021.4,5.7,129.0,45.0,2.0
2016-02-22,0.0,3.9,13.7,88.0,1019.1,6.2,94.0,84.0,15.0
2016-02-23,0.0,7.4,14.7,87.0,1011.3,5.7,215.0,74.0,14.0
2016-02-24,0.2,5.5,11.5,75.0,1013.3,9.0,77.0,64.0,8.0
2016-02-25,3.8,5.5,9.2,82.0,1011.5,5.2,78.0,89.0,7.0
2016-02-26,0.0,1.8,9.6,77.0,1010.4,9.2,48.0,61.0,9.0
2016-02-27,9.6,4.6,6.8,81.0,1009.9,14.5,42.0,100.0,11.0
2016-02-28,29.5,6.5,10.2,90.0,1008.2,21.6,44.0,100.0,24.0
2016-02-29,26.7,7.8,11.7,88.0,1004.1,21.3,55.0,97.0,23.0
2016-03-01,1.5,4.3,13.6,85.0,1010.8,4.5,116.0,59.0,14.0
2016-03-02,2.3,3.5,13.7,85.0,1009.3,7.1,85.0,93.0,15.0
2016-03-03,44.9,3.7,7.8,86.0,996.2,13.9,34.0,99.0,23.0
2016-03-04,0.0,-0.5,12.8,75.0,1003.7,7.2,196.0,58.0,6.0
2016-03-05,21.0,4.6,10.4,89.0,1001.0,13.6,114.0,98.0,24.0
2016-03-06,1.4,2.8,11.8,85.0,999.8,4.9,218.0,52.0,15.0
2016-03-07,2.4,3.0,9.2,84.0,1001.5,8.0,20.0,64.0,13.0
2016-03-08,8.2,0.5,8.0,90.0,1007.8,12.4,43.0,94.0,21.0
2016-03-09,8.2,4.5,9.1,72.0,1010.3,16.3,36.0,84.0,9.0
2016-03-10,0.0,3.3,14.1,62.0,1009.4,7.9,25.0,75.0,0.0
2016-03-11,0.0,5.6,13.2,71.0,1015.4,4.3,39.0,95.0,0.0
2016-03-12,0.0,4.8,14.4,70.0,1018.7,9.3,57.0,59.0,3.0
2016-03-13,0.0,4.6,14.3,57.0,1019.5,15.1,59.0,23.0,0.0
2016-03-14,0.0,4.4,13.3,55.0,1022.5,12.7,54.0,31.0,0.0
2016-03-15,2.1,3.2,12.4,75.0,1018.3,8.3,88.0,69.0,4.0
2016-03-16,0.2,4.9,11.0,61.0,1022.0,19.8,56.0,95.0,0.0
2016-03-17,0.0,5.6,13.4,55.0,1025.3,10.0,38.0,37.0,0.0
2016-03-18,0.0,2.4,15.5,73.0,1017.8,4.8,203.0,0.0,4.0
2016-03-19,0.0,2.8,16.9,77.0,1015.3,4.3,94.0,12.0,7.0
2016-03-20,0.0,3.5,17.2,81.0,1015.5,5.9,103.0,27.0,10.0
2016-03-21,0.0,6.8,15.8,84.0,1013.2,6.1,75.0,43.0,10.0
2016-03-22,0.0,7.4,15.2,76.0,1007.4,10.9,60.0,40.0,10.0
2016-03-23,0.0,7.9,14.2,52.0,999.8,18.7,65.0,70.0,0.0
2016-03-24,0.0,1.6,15.2,67.0,1007.7,7.6,214.0,16.0,2.0
2016-03-25,0.0,6.5,14.8,71.0,1015.7,7.1,101.0,95.0,5.0
2016-03-26,0.0,5.7,15.5,79.0,1017.5,7.0,90.0,46.0,8.0
2016-03-27,0.0,4.5,15.8,84.0,1016.0,7.0,83.0,70.0,12.0
2016-03-28,0.0,9.2,15.7,82.0,1013.0,6.9,115.0,82.0,11.0
2016-03-29,0.0,7.4,18.2,76.0,1013.5,6.9,218.0,49.0,7.0
2016-03-30,0.0,7.6,18.1,83.0,1017.6,7.0,134.0,62.0,11.0
2016-03-31,0.2,8.0,17.7,87.0,1017.1,7.5,76.0,80.0,13.0
2016-04-01,0.0,11.0,18.9,84.0,1015.6,9.2,67.0,94.0,11.0
2016-04-02,0.0,10.6,19.5,76.0,1019.3,7.8,59.0,86.0,9.0
2016-04-03,0.0,8.7,19.2,80.0,1017.8,6.9,86.0,55.0,9.0
2016-04-04,0.0,8.6,17.2,85.0,1015.1,6.2,109.0,74.0,9.0
2016-04-05,0.0,8.0,19.4,81.0,1011.9,5.6,124.0,32.0,12.0
2016-04-06,0.0,8.6,19.8,85.0,1011.1,4.4,122.0,86.0,12.0
2016-04-07,0.0,8.3,18.7,80.0,1008.2,7.9,80.0,50.0,11.0
2016-04-08,10.9,8.6,19.1,82.0,1002.1,8.0,52.0,98.0,16.0
2016-04-09,21.8,10.3,13.2,88.0,1002.1,7.9,28.0,100.0,18.0
2016-04-10,0.0,8.6,18.8,76.0,1007.4,4.7,162.0,51.0,10.0
2016-04-11,0.0,8.1,20.7,76.0,1011.5,6.2,149.0,27.0,10.0
2016-04-12,0.0,8.7,20.6,72.0,1012.3,6.7,201.0,39.0,5.0
2016-04-13,0.6,10.5,20.4,78.0,1008.7,8.6,74.0,57.0,9.0
2016-04-14,2.5,9.9,20.2,73.0,1008.1,5.2,177.0,45.0,8.0
2016-04-15,0.0,10.7,19.5,73.0,1012.4,9.1,59.0,49.0,7.0
2016-04-16,0.0,10.0,21.6,73.0,1012.0,6.6,114.0,32.0,5.0
2016-04-17,1.6,10.2,22.3,77.0,1011.0,6.9,152.0,70.0,12.0
2016-04-18,0.0,12.0,21.7,76.0,1012.4,5.9,61.0,49.0,9.0
2016-04-19,6.2,10.8,18.2,72.0,1016.6,10.2,69.0,31.0,10.0
2016-04-20,0.0,10.8,18.5,63.0,1023.8,6.8,127.0,13.0,0.0
2016-04-21,0.0,7.5,19.6,70.0,1024.3,6.7,119.0,41.0,5.0
2016-04-22,0.0,9.8,19.7,72.0,1015.9,5.9,114.0,71.0,3.0
2016-04-23,7.0,11.5,16.9,87.0,1006.5,6.7,56.0,88.0,17.0
2016-04-24,4.6,9.5,15.1,81.0,1002.2,11.4,62.0,100.0,16.0
2016-04-25,0.0,7.0,15.0,59.0,1007.3,6.2,217.0,55.0,0.0
2016-04-26,1.4,5.3,15.9,68.0,1007.5,8.6,55.0,39.0,3.0
2016-04-27,0.0,8.3,18.5,63.0,1005.2,12.8,100.0,45.0,0.0
2016-04-28,0.0,7.7,12.8,58.0,1013.9,15.5,53.0,74.0,0.0
2016-04-29,0.0,8.1,16.7,56.0,1017.9,9.5,48.0,6.0,0.0
2016-04-30,0.0,5.0,18.1,66.0,1016.8,7.8,72.0,41.0,3.0
2016-05-01,12.2,10.5,13.7,77.0,1012.0,12.9,38.0,89.0,14.0
2016-05-02,6.7,10.2,18.1,76.0,1011.9,11.4,18.0,86.0,11.0
2016-05-03,0.8,8.6,22.6,67.0,1012.3,4.8,264.0,42.0,4.0
2016-05-04,0.0,8.0,21.6,60.0,1016.0,6.7,8.0,31.0,0.0
2016-05-05,0.2,10.2,19.6,63.0,1020.7,8.7,16.0,38.0,0.0
2016-05-06,0.0,10.1,21.0,65.0,1018.0,6.6,53.0,8.0,0.0
2016-05-07,0.0,9.5,22.0,70.0,1013.9,5.2,99.0,10.0,6.0
2016-05-08,0.0,8.8,21.8,74.0,1014.2,7.2,86.0,27.0,9.0
2016-05-09,0.2,13.0,18.8,80.0,1017.6,5.8,64.0,91.0,8.0
2016-05-10,0.0,12.9,20.1,81.0,1015.2,5.6,115.0,96.0,9.0
2016-05-11,18.0,14.1,16.1,90.0,1008.7,13.6,51.0,100.0,22.0
2016-05-12,39.0,13.4,19.8,83.0,999.4,11.5,343.0,85.0,15.0
2016-05-13,2.6,11.2,17.5,83.0,997.9,8.1,232.0,96.0,11.0
2016-05-14,12.5,11.6,20.6,86.0,1002.7,5.0,59.0,93.0,16.0
2016-05-15,12.5,11.9,18.5,75.0,1010.8,8.8,81.0,59.0,10.0
2016-05-16,5.3,10.4,17.2,69.0,1017.5,7.2,82.0,70.0,7.0
2016-05-17,0.2,7.5,19.1,72.0,1016.6,6.4,111.0,21.0,6.0
2016-05-18,0.0,8.2,21.2,70.0,1015.1,7.2,108.0,39.0,3.0
2016-05-19,18.2,11.9,16.0,88.0,1010.3,10.4,45.0,91.0,21.0
2016-05-20,0.0,9.0,22.6,68.0,1014.9,4.7,322.0,40.0,8.0
2016-05-21,0.0,11.0,24.1,68.0,1018.3,5.1,108.0,25.0,3.0
2016-05-22,0.0,12.1,24.9,71.0,1015.9,6.1,145.0,7.0,4.0
2016-05-23,11.8,12.9,20.4,81.0,1009.5,7.9,83.0,52.0,19.0
2016-05-24,0.5,9.8,21.9,75.0,1008.1,6.1,176.0,61.0,8.0
2016-05-25,0.0,11.5,23.9,74.0,1011.7,5.4,150.0,24.0,8.0
2016-05-26,0.0,12.4,24.1,79.0,1014.3,5.1,82.0,75.0,9.0
2016-05-27,0.0,14.0,25.2,76.0,1015.5,5.5,118.0,40.0,9.0
2016-05-28,0.0,15.0,24.7,77.0,1013.1,7.5,87.0,35.0,9.0
2016-05-29,27.8,16.3,22.1,87.0,1008.5,7.4,89.0,76.0,21.0
2016-05-30,3.7,14.3,22.5,82.0,1008.6,5.5,229.0,60.0,12.0
2016-05-31,3.4,13.6,22.6,79.0,1011.7,4.8,230.0,55.0,7.0
2016-06-01,1.7,14.3,22.1,79.0,1012.8,3.6,133.0,76.0,7.0
2016-06-02,6.1,14.2,21.3,84.0,1011.1,6.0,66.0,88.0,15.0
2016-06-03,3.1,13.4,22.7,86.0,1010.5,4.2,252.0,79.0,15.0
2016-06-04,8.6,14.7,22.8,87.0,1011.6,4.4,74.0,76.0,13.0
2016-06-05,3.6,13.6,23.6,86.0,1013.7,3.0,247.0,73.0,12.0
2016-06-06,2.1,14.7,24.4,81.0,1016.8,3.7,338.0,61.0,13.0
2016-06-07,0.3,14.0,26.4,75.0,1018.8,4.6,26.0,35.0,8.0
2016-06-08,12.3,15.6,25.7,82.0,1016.4,6.5,60.0,87.0,15.0
2016-06-09,17.3,16.8,20.3,87.0,1011.8,8.0,47.0,100.0,20.0
2016-06-10,0.4,15.7,23.5,76.0,1011.0,7.0,73.0,45.0,5.0
2016-06-11,7.6,15.6,24.3,83.0,1009.9,5.6,104.0,72.0,12.0
2016-06-12,7.2,16.5,22.6,84.0,1008.3,4.9,360.0,93.0,13.0
2016-06-13,0.0,14.9,24.8,79.0,1003.9,5.0,296.0,87.0,9.0
2016-06-14,11.2,15.3,21.1,84.0,1001.4,6.1,58.0,92.0,16.0
2016-06-15,10.4,15.6,24.8,78.0,1001.7,8.4,231.0,40.0,10.0
2016-06-16,2.8,16.3,25.3,82.0,1004.4,10.2,70.0,71.0,9.0
2016-06-17,0.9,17.1,24.9,68.0,1008.4,13.9,239.0,29.0,7.0
2016-06-18,0.2,13.6,24.5,63.0,1015.9,4.0,277.0,30.0,0.0
2016-06-19,3.2,15.3,22.8,71.0,1015.2,7.0,331.0,82.0,6.0
2016-06-20,0.0,15.8,24.5,73.0,1016.4,4.5,140.0,55.0,4.0
2016-06-21,0.0,15.9,26.0,76.0,1020.8,4.2,132.0,51.0,8.0
2016-06-22,0.0,15.8,28.7,73.0,1021.2,5.2,8.0,25.0,8.0
2016-06-23,0.0,18.2,30.3,70.0,1019.6,7.5,24.0,1.0,4.0
2016-06-24,0.0,20.7,31.8,68.0,1015.2,4.5,7.0,3.0,2.0
2016-06-25,1.6,21.3,30.9,73.0,1009.8,5.2,19.0,53.0,7.0
2016-06-26,6.2,19.3,27.9,78.0,1010.8,8.8,29.0,29.0,11.0
2016-06-27,12.2,18.8,25.4,77.0,1012.4,9.0,29.0,43.0,13.0
2016-06-28,0.0,17.2,26.9,68.0,1016.4,5.8,143.0,14.0,5.0
2016-06-29,0.0,17.0,27.3,73.0,1015.1,5.7,102.0,19.0,5.0
2016-06-30,0.0,18.3,28.5,75.0,1013.7,5.0,98.0,54.0,7.0
2016-07-01,0.7,18.5,28.4,76.0,1015.7,4.8,75.0,28.0,8.0
2016-07-02,0.9,19.7,28.2,79.0,1013.5,5.4,99.0,42.0,10.0
2016-07-03,9.9,19.3,24.2,78.0,1014.0,12.5,51.0,46.0,8.0
2016-07-04,0.0,19.6,25.5,60.0,1018.5,11.9,37.0,51.0,0.0
2016-07-05,0.0,15.8,28.5,70.0,1014.8,5.1,42.0,32.0,1.0
2016-07-06,0.0,18.3,29.2,73.0,1013.2,5.0,82.0,28.0,7.0
2016-07-07,0.0,20.8,27.0,71.0,1016.7,9.2,62.0,22.0,1.0
2016-07-08,0.0,20.0,28.1,75.0,1017.0,6.2,76.0,56.0,5.0
2016-07-09,0.0,20.0,30.0,79.0,1015.7,4.8,82.0,19.0,9.0
2016-07-10,0.0,21.2,30.9,74.0,1014.9,3.9,38.0,30.0,8.0
2016-07-11,0.0,22.7,31.7,74.0,1012.7,4.4,138.0,64.0,4.0
2016-07-12,7.4,23.3,30.7,80.0,1010.0,5.2,52.0,37.0,10.0
2016-07-13,4.4,21.1,29.5,70.0,1006.7,5.6,25.0,28.0,12.0
2016-07-14,1.6,16.3,25.4,60.0,1008.8,6.2,305.0,23.0,2.0
2016-07-15,0.0,18.5,23.7,53.0,1015.7,9.0,39.0,86.0,0.0
2016-07-16,0.0,15.6,25.3,59.0,1017.3,6.7,154.0,37.0,0.0
2016-07-17,0.0,15.9,29.8,59.0,1017.8,6.5,202.0,10.0,0.0
2016-07-18,0.0,17.6,29.9,72.0,1018.2,5.3,67.0,8.0,7.0
2016-07-19,0.0,18.1,30.5,68.0,1018.0,5.3,67.0,14.0,6.0
2016-07-20,0.0,19.7,30.9,69.0,1016.1,6.4,82.0,11.0,6.0
2016-07-21,0.0,21.1,31.8,66.0,1014.1,7.4,94.0,37.0,2.0
2016-07-22,0.4,21.3,30.6,70.0,1013.3,7.4,62.0,35.0,7.0
2016-07-23,0.1,21.0,29.3,67.0,1014.7,7.3,358.0,59.0,7.0
2016-07-24,1.8,20.5,29.9,63.0,1015.1,4.4,258.0,91.0,2.0
2016-07-25,1.1,20.1,31.3,64.0,1013.4,5.9,17.0,75.0,4.0
2016-07-26,0.0,21.1,31.4,60.0,1014.1,5.5,22.0,60.0,0.0
2016-07-27,0.7,22.1,30.9,64.0,1013.6,6.6,35.0,61.0,1.0
2016-07-28,7.5,20.4,26.5,75.0,1013.9,5.2,0.0,52.0,7.0
2016-07-29,0.0,19.3,30.4,65.0,1013.6,4.5,35.0,20.0,3.0
2016-07-30,0.0,21.0,31.0,71.0,1013.3,5.9,104.0,22.0,5.0
2016-07-31,1.6,21.8,30.8,72.0,1011.8,6.9,349.0,46.0,7.0
2016-08-01,6.1,20.5,26.1,74.0,1012.9,10.1,40.0,61.0,9.0
2016-08-02,0.0,19.2,27.7,60.0,1016.5,7.9,65.0,74.0,0.0
2016-08-03,0.0,18.5,29.9,66.0,1015.1,4.6,94.0,22.0,3.0
2016-08-04,0.0,19.8,31.0,69.0,1012.6,5.0,69.0,14.0,5.0
2016-08-05,32.5,18.8,25.4,83.0,1009.9,6.9,6.0,76.0,12.0
2016-08-06,0.3,17.2,27.4,64.0,1017.2,6.0,13.0,54.0,1.0
2016-08-07,0.0,17.9,27.9,60.0,1022.3,7.2,41.0,4.0,0.0
2016-08-08,0.0,18.0,28.4,60.0,1019.8,7.1,27.0,2.0,0.0
2016-08-09,0.3,18.2,29.9,66.0,1013.8,4.6,42.0,64.0,4.0
2016-08-10,17.2,17.0,21.8,74.0,1012.1,16.2,28.0,72.0,12.0
2016-08-11,0.0,16.4,22.9,57.0,1018.8,9.8,57.0,31.0,0.0
2016-08-12,0.0,14.2,24.1,65.0,1023.8,6.9,67.0,43.0,0.0
2016-08-13,0.0,14.7,27.2,70.0,1024.1,5.3,70.0,7.0,6.0
2016-08-14,0.0,17.4,29.9,70.0,1021.2,4.4,104.0,14.0,5.0
2016-08-15,0.0,18.7,30.4,72.0,1018.0,5.7,78.0,48.0,9.0
2016-08-16,0.0,18.4,29.9,71.0,1014.1,4.5,30.0,65.0,7.0
2016-08-17,2.9,19.3,29.4,74.0,1009.6,5.9,47.0,46.0,4.0
2016-08-18,4.1,18.3,26.3,78.0,1010.1,5.8,62.0,77.0,5.0
2016-08-19,5.5,18.4,27.0,79.0,1011.2,6.8,69.0,58.0,10.0
2016-08-20,0.5,19.8,27.5,81.0,1014.2,5.6,70.0,70.0,9.0
2016-08-21,17.1,19.3,25.2,86.0,1014.4,7.3,45.0,80.0,16.0
2016-08-22,0.0,15.2,26.1,56.0,1021.2,8.0,54.0,9.0,0.0
2016-08-23,0.0,16.2,27.7,63.0,1023.2,5.7,20.0,1.0,2.0
2016-08-24,0.0,17.4,28.4,65.0,1021.8,4.9,36.0,0.0,1.0
2016-08-25,0.0,19.3,27.9,62.0,1019.7,8.6,46.0,4.0,0.0
2016-08-26,0.0,18.5,28.2,62.0,1019.3,8.8,46.0,5.0,0.0
2016-08-27,0.0,17.0,29.2,68.0,1019.3,5.0,48.0,0.0,5.0
2016-08-28,0.0,17.1,30.7,72.0,1017.2,3.8,145.0,7.0,7.0
2016-08-29,0.0,18.3,30.5,75.0,1015.0,4.8,66.0,43.0,9.0
2016-08-30,1.3,21.3,28.3,63.0,1018.0,12.6,33.0,82.0,2.0
2016-08-31,0.0,20.2,28.5,56.0,1019.3,9.8,46.0,7.0,0.0
2016-09-01,0.0,17.0,30.0,62.0,1018.6,5.2,22.0,14.0,1.0
2016-09-02,0.0,18.1,30.2,64.0,1018.1,5.8,65.0,30.0,3.0
2016-09-03,0.0,17.9,30.5,69.0,1017.3,5.0,78.0,65.0,6.0
2016-09-04,0.0,19.6,30.8,70.0,1015.1,5.0,75.0,81.0,8.0
2016-09-05,0.9,20.4,26.7,70.0,1012.7,8.3,57.0,70.0,1.0
2016-09-06,1.0,17.0,26.1,75.0,1017.1,8.1,89.0,28.0,7.0
2016-09-07,0.0,15.8,28.5,60.0,1018.4,14.1,40.0,16.0,1.0
2016-09-08,0.0,18.5,28.5,55.0,1014.2,10.8,38.0,7.0,0.0
2016-09-09,0.0,18.0,30.7,52.0,1013.7,9.1,32.0,4.0,0.0
2016-09-10,0.0,18.6,30.1,51.0,1014.2,9.8,26.0,17.0,0.0
2016-09-11,1.3,18.0,29.6,59.0,1015.2,8.4,37.0,39.0,1.0
2016-09-12,0.3,18.8,30.4,58.0,1017.3,8.2,42.0,38.0,1.0
2016-09-13,0.4,18.8,30.8,63.0,1015.3,4.6,44.0,5.0,1.0
2016-09-14,0.0,17.6,29.9,70.0,1013.3,4.3,81.0,22.0,5.0
2016-09-15,7.8,19.7,25.3,85.0,1014.9,7.3,68.0,68.0,15.0
2016-09-16,48.5,17.0,22.4,90.0,1014.5,6.5,36.0,86.0,21.0
2016-09-17,5.9,15.9,24.3,78.0,1009.7,5.4,269.0,70.0,9.0
2016-09-18,17.0,15.9,20.9,87.0,1010.4,5.8,32.0,68.0,14.0
2016-09-19,0.0,13.5,24.5,77.0,1008.7,4.9,286.0,59.0,10.0
2016-09-20,8.7,14.6,23.3,81.0,1011.4,6.2,41.0,52.0,11.0
2016-09-21,4.8,15.6,20.0,74.0,1015.2,11.8,48.0,51.0,6.0
2016-09-22,0.0,14.9,21.3,64.0,1020.4,5.7,40.0,44.0,0.0
2016-09-23,0.0,11.5,22.3,72.0,1023.9,4.6,55.0,31.0,4.0
2016-09-24,0.0,12.4,23.3,74.0,1024.9,5.0,45.0,19.0,8.0
2016-09-25,0.0,12.1,23.3,75.0,1020.6,4.4,55.0,6.0,6.0
2016-09-26,0.0,12.5,23.4,76.0,1019.6,4.7,51.0,33.0,9.0
2016-09-27,0.3,11.9,23.2,79.0,1023.1,4.2,65.0,22.0,7.0
2016-09-28,0.0,13.5,23.9,76.0,1028.0,5.1,88.0,32.0,7.0
2016-09-29,0.0,14.0,24.6,75.0,1025.5,5.1,150.0,37.0,4.0
2016-09-30,0.0,12.4,24.3,75.0,1019.6,3.9,177.0,23.0,6.0
2016-10-01,0.0,14.0,23.8,74.0,1015.7,4.6,178.0,79.0,6.0
2016-10-02,6.1,16.2,20.7,89.0,1013.6,5.6,38.0,83.0,16.0
2016-10-03,4.9,14.5,20.6,73.0,1018.6,9.1,62.0,27.0,9.0
2016-10-04,0.0,10.3,22.0,72.0,1020.8,5.5,45.0,33.0,7.0
2016-10-05,3.9,11.0,16.4,77.0,1020.0,10.6,79.0,64.0,7.0
2016-10-06,0.3,8.0,16.9,72.0,1016.4,5.3,349.0,43.0,6.0
2016-10-07,0.0,9.6,18.2,66.0,1014.2,6.8,37.0,56.0,0.0
2016-10-08,3.1,10.8,16.1,79.0,1017.0,10.2,55.0,83.0,5.0
2016-10-09,0.8,11.1,16.6,67.0,1019.4,12.8,38.0,50.0,2.0
2016-10-10,0.2,9.6,15.7,57.0,1018.1,15.4,43.0,47.0,0.0
2016-10-11,0.0,6.1,14.7,68.0,1013.5,8.1,31.0,70.0,0.0
2016-10-12,0.0,4.2,16.9,68.0,1014.0,4.0,184.0,23.0,5.0
2016-10-13,3.5,6.2,15.0,84.0,1017.8,9.3,34.0,98.0,14.0
2016-10-14,20.9,11.2,16.2,88.0,1015.3,16.1,42.0,100.0,16.0
2016-10-15,35.4,13.4,20.5,84.0,1014.2,7.1,353.0,70.0,12.0
2016-10-16,0.0,9.3,20.7,87.0,1021.1,3.8,263.0,36.0,13.0
2016-10-17,0.7,12.2,18.8,88.0,1023.5,3.9,10.0,97.0,13.0
2016-10-18,2.3,12.5,19.2,85.0,1020.5,4.0,10.0,51.0,12.0
2016-10-19,4.7,11.0,17.7,87.0,1017.5,7.4,58.0,89.0,15.0
2016-10-20,14.0,10.3,14.2,85.0,1012.4,13.8,42.0,95.0,15.0
2016-10-21,0.9,6.2,15.5,75.0,1012.7,8.9,37.0,30.0,4.0
2016-10-22,0.0,5.8,15.1,78.0,1015.9,6.9,35.0,33.0,8.0
2016-10-23,0.2,9.7,14.5,77.0,1018.1,9.3,31.0,78.0,0.0
2016-10-24,0.1,12.5,16.9,80.0,1021.9,5.0,24.0,99.0,3.0
2016-10-25,4.0,12.1,17.7,92.0,1022.8,3.1,202.0,100.0,19.0
2016-10-26,0.4,11.3,19.4,85.0,1021.7,7.1,40.0,91.0,11.0
2016-10-27,0.0,12.2,17.7,69.0,1026.9,8.7,62.0,41.0,0.0
2016-10-28,0.0,11.1,16.7,78.0,1031.6,4.6,92.0,55.0,0.0
2016-10-29,0.0,6.3,18.5,86.0,1027.3,3.2,140.0,34.0,13.0
2016-10-30,0.0,7.3,17.6,88.0,1024.5,5.9,54.0,30.0,14.0
2016-10-31,0.0,9.5,16.5,82.0,1026.5,7.2,54.0,28.0,9.0
2016-11-01,0.0,8.1,16.6,86.0,1024.4,4.0,138.0,65.0,13.0
2016-11-02,0.0,8.7,16.2,88.0,1016.5,4.2,126.0,84.0,13.0
2016-11-03,0.0,10.0,14.7,77.0,1016.5,9.8,52.0,40.0,9.0
2016-11-04,0.0,6.8,13.3,72.0,1020.6,8.0,43.0,58.0,0.0
2016-11-05,18.6,8.7,11.5,83.0,1011.1,9.8,27.0,100.0,14.0
2016-11-06,14.7,9.6,16.1,91.0,997.2,7.0,270.0,82.0,17.0
2016-11-07,0.2,5.3,12.1,85.0,1003.0,7.0,35.0,41.0,12.0
2016-11-08,1.0,5.8,11.0,74.0,1006.2,10.0,22.0,39.0,2.0
2016-11-09,0.2,0.8,10.7,74.0,1008.6,5.9,31.0,57.0,6.0
2016-11-10,0.4,3.3,11.4,80.0,1011.5,5.2,40.0,73.0,9.0
2016-11-11,2.1,4.6,8.8,86.0,1011.1,8.1,9.0,78.0,17.0
2016-11-12,0.0,3.7,12.9,81.0,1014.1,5.5,252.0,53.0,11.0
2016-11-13,0.0,0.7,10.5,75.0,1021.6,9.1,29.0,79.0,6.0
2016-11-14,0.0,4.9,9.2,61.0,1028.7,13.8,52.0,53.0,0.0
2016-11-15,0.0,1.8,8.4,67.0,1031.2,7.1,49.0,13.0,0.0
2016-11-16,0.0,1.7,10.0,78.0,1026.4,4.1,72.0,54.0,4.0
2016-11-17,0.0,2.1,10.9,85.0,1021.6,5.3,40.0,76.0,11.0
2016-11-18,3.2,7.9,11.1,86.0,1018.0,4.4,22.0,93.0,8.0
2016-11-19,26.7,8.0,12.5,94.0,1012.6,5.7,25.0,94.0,21.0
2016-11-20,0.0,5.9,13.7,91.0,1016.8,4.6,11.0,86.0,16.0
2016-11-21,0.1,8.0,13.8,91.0,1017.8,5.3,17.0,95.0,16.0
2016-11-22,1.7,10.4,15.6,95.0,1019.2,8.2,37.0,89.0,22.0
2016-11-23,0.2,11.7,16.1,92.0,1021.9,9.8,44.0,99.0,18.0
2016-11-24,0.1,12.3,15.5,93.0,1020.2,9.6,45.0,100.0,20.0
2016-11-25,13.7,12.1,14.1,94.0,1016.1,9.8,41.0,100.0,24.0
2016-11-26,12.9,8.8,13.4,93.0,1015.4,5.5,19.0,94.0,19.0
2016-11-27,0.0,8.1,12.4,92.0,1013.1,3.0,210.0,99.0,15.0
2016-11-28,0.7,7.3,10.6,71.0,1015.5,14.2,72.0,81.0,8.0
2016-11-29,0.0,-0.6,6.8,48.0,1029.7,8.8,64.0,15.0,0.0
2016-11-30,0.0,-2.2,7.2,73.0,1031.9,4.1,185.0,11.0,0.0
2016-12-01,0.0,-0.5,7.5,82.0,1023.2,4.7,148.0,78.0,7.0
2016-12-02,0.0,0.1,7.7,93.0,1015.2,5.0,74.0,60.0,18.0
2016-12-03,0.1,2.4,7.6,78.0,1021.3,9.9,36.0,93.0,5.0
2016-12-04,0.0,4.0,9.8,67.0,1026.1,7.6,33.0,69.0,0.0
2016-12-05,0.0,2.6,10.4,79.0,1028.6,5.0,36.0,36.0,6.0
2016-12-06,0.0,0.6,10.3,89.0,1029.0,3.3,51.0,15.0,16.0
2016-12-07,0.0,-0.3,8.4,88.0,1034.4,4.8,33.0,32.0,14.0
2016-12-08,0.0,-1.9,6.8,88.0,1036.7,3.5,134.0,19.0,15.0
2016-12-09,0.0,-2.1,5.3,92.0,1033.1,3.3,120.0,64.0,18.0
2016-12-10,0.0,-2.6,5.3,93.0,1028.8,2.7,141.0,64.0,18.0
2016-12-11,0.0,-1.2,5.7,94.0,1022.0,4.4,66.0,77.0,19.0
2016-12-12,0.0,-1.5,10.1,89.0,1020.0,4.1,251.0,30.0,16.0
2016-12-13,0.0,-1.3,8.9,91.0,1027.8,3.9,25.0,63.0,17.0
2016-12-14,0.0,0.2,8.8,88.0,1027.1,4.3,311.0,70.0,14.0
2016-12-15,0.0,-1.5,8.6,88.0,1028.2,3.6,325.0,31.0,14.0
2016-12-16,0.0,0.8,8.0,83.0,1032.4,8.8,38.0,28.0,10.0
2016-12-17,0.0,-2.5,6.3,88.0,1037.6,4.5,300.0,16.0,15.0
2016-12-18,0.0,-3.1,3.7,89.0,1034.2,1.7,200.0,65.0,14.0
2016-12-19,0.0,-3.1,6.2,78.0,1030.3,9.0,32.0,99.0,7.0
2016-12-20,0.0,5.9,8.9,67.0,1027.8,11.8,38.0,98.0,0.0
2016-12-21,0.0,4.2,10.3,69.0,1028.3,7.1,52.0,37.0,0.0
2016-12-22,0.0,-0.1,8.9,85.0,1030.4,4.8,68.0,8.0,12.0
2016-12-23,0.0,-1.2,8.6,88.0,1031.5,2.3,14.0,25.0,12.0
2016-12-24,0.0,-0.3,8.6,83.0,1028.9,4.3,37.0,59.0,6.0
2016-12-25,0.0,-1.5,9.9,86.0,1025.5,3.7,142.0,93.0,14.0
2016-12-26,0.0,-0.7,9.6,91.0,1027.1,4.6,96.0,59.0,18.0
2016-12-27,0.0,-0.7,10.8,87.0,1029.4,4.7,90.0,6.0,12.0
2016-12-28,0.0,-1.3,11.6,81.0,1032.5,6.7,289.0,17.0,7.0
2016-12-29,0.1,1.9,7.4,80.0,1037.3,4.7,79.0,65.0,5.0
2016-12-30,0.0,-1.4,7.1,85.0,1038.0,4.3,54.0,14.0,12.0
2016-12-31,0.0,-3.2,6.5,87.0,1032.9,3.0,250.0,38.0,14.0
2017-01-01,0.0,-3.5,7.0,84.0,1025.1,6.6,250.0,9.0,11.0
2017-01-02,0.0,-3.2,5.0,72.0,1020.3,3.6,331.0,45.0,2.0
2017-01-03,0.0,-1.7,8.3,78.0,1020.8,9.2,7.0,41.0,2.0
2017-01-04,0.0,-1.9,5.2,82.0,1013.8,8.6,271.0,28.0,0.0
2017-01-05,0.0,-2.5,8.2,51.0,1015.1,11.6,4.0,5.0,3.0
2017-01-06,0.0,-4.0,3.4,35.0,1028.7,10.5,60.0,0.0,0.0
2017-01-07,0.0,-5.9,1.9,43.0,1031.0,5.6,17.0,11.0,0.0
2017-01-08,0.0,-6.0,2.0,53.0,1026.2,7.1,9.0,19.0,0.0
2017-01-09,0.0,-5.9,2.7,72.0,1023.5,4.9,293.0,3.0,0.0
2017-01-10,0.5,-3.8,1.4,64.0,1017.3,13.8,43.0,87.0,0.0
2017-01-11,0.0,-5.9,0.9,53.0,1020.2,8.5,47.0,26.0,0.0
2017-01-12,0.0,-4.6,1.4,71.0,1018.7,5.4,46.0,63.0,0.0
2017-01-13,8.7,-0.5,4.0,90.0,1002.4,9.1,296.0,98.0,19.0
2017-01-14,0.0,-3.5,5.9,78.0,1008.1,8.3,218.0,67.0,4.0
2017-01-15,0.5,-1.9,7.6,61.0,1016.4,12.2,38.0,88.0,4.0
2017-01-16,0.0,-1.4,5.8,38.0,1016.7,15.7,49.0,79.0,0.0
2017-01-17,0.0,1.1,7.5,30.0,1018.8,22.2,59.0,86.0,0.0
2017-01-18,0.0,2.2,8.8,34.0,1024.8,23.9,67.0,30.0,0.0
2017-01-19,0.0,-0.2,8.4,47.0,1029.9,16.3,71.0,24.0,0.0
2017-01-20,0.0,-2.2,6.1,63.0,1033.3,10.2,33.0,1.0,0.0
2017-01-21,0.0,-4.0,7.0,61.0,1031.3,7.5,28.0,0.0,0.0
2017-01-22,0.0,-1.5,8.4,55.0,1028.9,10.8,40.0,19.0,0.0
2017-01-23,0.0,-0.9,8.0,63.0,1023.6,7.1,24.0,60.0,0.0
2017-01-24,0.0,-2.5,9.7,71.0,1019.1,8.7,25.0,2.0,0.0
2017-01-25,0.0,-1.7,6.8,62.0,1024.2,11.1,39.0,1.0,0.0
2017-01-26,0.0,-2.7,5.4,63.0,1029.0,11.5,44.0,6.0,0.0
2017-01-27,0.0,-4.3,5.3,58.0,1030.0,4.5,38.0,9.0,0.0
2017-01-28,0.0,-3.7,5.8,73.0,1026.9,5.1,318.0,77.0,0.0
2017-01-29,0.0,-2.8,5.7,81.0,1025.9,4.0,307.0,21.0,8.0
2017-01-30,0.0,-4.0,5.8,85.0,1024.0,4.1,57.0,44.0,10.0
2017-01-31,8.5,0.9,3.9,87.0,1021.5,4.4,6.0,98.0,12.0
2017-02-01,2.7,2.5,5.6,94.0,1020.7,2.5,329.0,98.0,24.0
2017-02-02,2.3,3.0,7.5,97.0,1021.3,4.2,25.0,99.0,24.0
2017-02-03,4.3,5.2,9.4,98.0,1014.6,6.1,27.0,97.0,24.0
2017-02-04,9.0,4.0,9.0,95.0,1009.0,7.0,25.0,92.0,23.0
2017-02-05,17.9,2.1,7.4,92.0,1006.6,17.0,21.0,86.0,22.0
2017-02-06,35.2,6.8,10.8,83.0,1002.6,13.7,29.0,98.0,15.0
2017-02-07,1.0,4.8,10.8,80.0,1014.7,7.1,71.0,87.0,6.0
2017-02-08,0.0,3.8,9.3,70.0,1018.5,11.7,70.0,93.0,1.0
2017-02-09,0.0,1.9,8.8,57.0,1022.7,17.4,56.0,69.0,0.0
2017-02-10,1.1,4.2,8.8,63.0,1022.6,12.9,47.0,96.0,1.0
2017-02-11,0.8,4.4,9.0,82.0,1024.1,5.8,56.0,98.0,3.0
2017-02-12,0.0,4.5,10.8,84.0,1027.8,4.3,39.0,86.0,8.0
2017-02-13,0.0,2.0,9.4,77.0,1030.4,8.5,38.0,67.0,9.0
2017-02-14,0.0,0.5,11.6,65.0,1034.0,5.7,35.0,16.0,0.0
2017-02-15,0.0,-0.2,13.6,85.0,1035.0,6.4,268.0,0.0,12.0
2017-02-16,0.0,2.1,13.7,85.0,1030.8,3.1,318.0,38.0,15.0
2017-02-17,3.2,1.2,9.8,83.0,1025.0,5.6,49.0,48.0,11.0
2017-02-18,0.0,1.2,12.5,81.0,1024.1,5.9,283.0,8.0,11.0
2017-02-19,0.0,2.2,11.1,83.0,1025.2,4.5,10.0,46.0,12.0
2017-02-20,0.0,2.2,12.1,83.0,1023.5,6.4,269.0,31.0,11.0
2017-02-21,0.0,0.4,7.6,92.0,1019.8,5.9,222.0,76.0,17.0
2017-02-22,0.2,4.1,9.5,88.0,1018.9,5.2,4.0,99.0,10.0
2017-02-23,0.5,6.3,9.2,91.0,1015.7,2.9,31.0,99.0,17.0
2017-02-24,7.8,6.3,9.8,92.0,1009.0,8.7,46.0,100.0,21.0
2017-02-25,0.0,2.8,12.3,70.0,1020.4,10.1,55.0,29.0,0.0
2017-02-26,0.0,0.9,12.3,62.0,1021.0,5.8,238.0,52.0,0.0
2017-02-27,0.0,1.2,12.8,67.0,1016.8,4.8,215.0,45.0,0.0
2017-02-28,1.8,5.4,11.7,82.0,1006.9,8.1,24.0,96.0,6.0
2017-03-01,0.6,4.3,14.3,79.0,1007.1,9.2,181.0,32.0,7.0
2017-03-02,0.0,4.1,14.5,79.0,1015.1,7.9,49.0,48.0,5.0
2017-03-03,0.1,3.5,14.5,83.0,1018.5,8.7,50.0,82.0,14.0
2017-03-04,6.6,6.8,11.6,94.0,1009.5,12.7,64.0,90.0,21.0
2017-03-05,1.4,5.4,13.0,78.0,1008.6,6.2,228.0,72.0,7.0
2017-03-06,0.7,2.1,13.1,80.0,1005.2,7.7,79.0,72.0,7.0
2017-03-07,0.2,4.2,15.9,67.0,1006.0,9.3,345.0,89.0,7.0
2017-03-08,0.0,0.8,15.8,52.0,1019.6,6.4,284.0,41.0,0.0
2017-03-09,0.0,2.8,16.5,66.0,1018.9,4.4,347.0,35.0,1.0
2017-03-10,0.0,4.4,19.9,55.0,1016.5,9.3,35.0,1.0,0.0
2017-03-11,0.0,2.7,15.2,53.0,1021.0,6.1,235.0,16.0,0.0
2017-03-12,0.0,3.2,13.6,70.0,1017.1,7.4,78.0,57.0,1.0
2017-03-13,0.0,3.0,13.7,69.0,1022.7,7.1,97.0,12.0,0.0
2017-03-14,0.0,3.7,17.3,73.0,1027.5,5.5,251.0,55.0,6.0
2017-03-15,0.0,5.4,17.2,71.0,1027.6,6.0,81.0,50.0,8.0
2017-03-16,0.0,5.6,18.0,71.0,1024.4,5.9,124.0,22.0,1.0
2017-03-17,0.0,5.8,18.9,76.0,1017.8,4.2,50.0,2.0,6.0
2017-03-18,0.0,5.8,19.4,80.0,1010.4,7.8,30.0,90.0,8.0
2017-03-19,0.0,5.3,17.5,85.0,1011.3,5.1,52.0,92.0,14.0
2017-03-20,0.0,7.8,17.1,84.0,1013.3,4.4,37.0,93.0,10.0
2017-03-21,0.4,9.9,15.9,86.0,1012.2,5.4,99.0,88.0,12.0
2017-03-22,2.7,10.4,14.9,89.0,1012.4,7.2,79.0,92.0,15.0
2017-03-23,2.4,9.9,18.2,84.0,1016.9,6.2,48.0,88.0,13.0
2017-03-24,0.8,9.0,20.3,85.0,1022.5,5.5,67.0,95.0,14.0
2017-03-25,0.0,8.9,20.1,72.0,1021.3,8.7,63.0,41.0,7.0
2017-03-26,8.3,8.5,17.4,77.0,1018.4,12.0,9.0,77.0,5.0
2017-03-27,0.0,6.1,16.2,49.0,1025.2,9.0,53.0,15.0,0.0
2017-03-28,0.0,5.2,19.2,54.0,1024.1,6.0,315.0,1.0,0.0
2017-03-29,0.0,5.8,22.8,61.0,1023.2,5.1,310.0,24.0,3.0
2017-03-30,0.0,8.1,23.6,62.0,1024.6,6.8,59.0,19.0,1.0
2017-03-31,0.0,9.0,22.4,66.0,1022.7,7.1,72.0,7.0,0.0
2017-04-01,0.0,10.1,19.3,73.0,1016.1,11.5,60.0,60.0,1.0
2017-04-02,0.3,10.7,18.4,66.0,1016.0,16.6,58.0,72.0,0.0
2017-04-03,0.5,8.7,23.2,56.0,1017.4,7.6,329.0,16.0,1.0
2017-04-04,0.2,11.9,21.7,53.0,1016.1,7.3,5.0,79.0,0.0
2017-04-05,15.9,9.9,16.9,79.0,1018.0,11.7,360.0,72.0,16.0
2017-04-06,0.3,7.7,18.7,75.0,1016.0,7.6,125.0,47.0,6.0
2017-04-07,1.8,9.9,17.6,73.0,1019.9,8.5,78.0,71.0,6.0
2017-04-08,0.0,7.0,22.3,73.0,1021.5,5.5,111.0,1.0,6.0
2017-04-09,0.0,8.9,21.1,73.0,1024.1,7.8,67.0,6.0,10.0
2017-04-10,0.0,9.1,22.7,70.0,1020.6,5.9,72.0,25.0,8.0
2017-04-11,0.7,10.7,21.7,75.0,1017.2,8.9,51.0,47.0,7.0
2017-04-12,1.4,12.4,20.2,65.0,1019.2,9.3,73.0,48.0,2.0
2017-04-13,0.2,10.1,23.2,73.0,1011.6,6.3,65.0,52.0,6.0
2017-04-14,1.2,12.8,21.5,74.0,1012.6,7.7,70.0,56.0,5.0
2017-04-15,5.9,13.0,18.8,82.0,1013.2,9.9,50.0,93.0,12.0
2017-04-16,8.9,10.1,20.5,81.0,1012.7,7.4,17.0,64.0,13.0
2017-04-17,0.0,8.4,16.4,66.0,1015.5,10.7,56.0,33.0,0.0
2017-04-18,1.8,6.6,12.3,74.0,1012.9,11.6,57.0,77.0,3.0
2017-04-19,0.2,4.3,15.0,37.0,1017.5,9.3,360.0,72.0,0.0
2017-04-20,0.1,3.7,15.4,33.0,1024.6,8.1,89.0,32.0,0.0
2017-04-21,0.0,5.0,15.8,40.0,1028.5,7.6,50.0,28.0,0.0
2017-04-22,0.0,4.3,18.1,60.0,1021.5,6.4,85.0,12.0,0.0
2017-04-23,0.1,5.8,17.8,69.0,1018.0,10.8,80.0,40.0,3.0
2017-04-24,0.1,10.9,15.7,73.0,1019.7,9.7,56.0,91.0,2.0
2017-04-25,1.1,9.4,20.0,77.0,1013.3,6.5,105.0,71.0,9.0
2017-04-26,20.6,10.7,15.6,87.0,1008.9,6.8,64.0,99.0,20.0
2017-04-27,22.9,11.9,19.7,89.0,1006.7,5.8,38.0,99.0,19.0
2017-04-28,5.7,9.4,16.2,72.0,1005.8,9.3,247.0,52.0,9.0
2017-04-29,0.0,6.8,17.4,58.0,1015.7,9.6,68.0,1.0,0.0
2017-04-30,0.0,7.3,18.4,60.0,1015.9,7.3,56.0,42.0,0.0
2017-05-01,6.6,8.4,18.0,68.0,1012.6,11.8,53.0,76.0,3.0
2017-05-02,0.3,7.3,18.7,74.0,1016.4,8.2,166.0,34.0,4.0
2017-05-03,7.9,10.5,17.5,75.0,1017.9,7.1,56.0,80.0,8.0
2017-05-04,10.8,9.7,17.6,82.0,1015.9,4.3,129.0,68.0,11.0
2017-05-05,1.8,9.0,20.6,72.0,1015.8,6.3,211.0,30.0,8.0
2017-05-06,6.1,9.4,17.9,82.0,1014.9,7.7,64.0,77.0,14.0
2017-05-07,4.9,11.0,19.2,81.0,1009.1,11.4,265.0,98.0,8.0
2017-05-08,6.2,11.1,18.8,89.0,1010.2,5.5,359.0,87.0,16.0
2017-05-09,2.1,12.3,18.8,75.0,1010.7,7.7,72.0,78.0,8.0
2017-05-10,1.6,10.3,16.6,75.0,1012.7,11.3,68.0,86.0,5.0
2017-05-11,3.0,11.5,18.0,82.0,1009.3,12.7,53.0,98.0,6.0
2017-05-12,1.1,13.9,22.9,77.0,1006.2,10.5,249.0,78.0,8.0
2017-05-13,0.6,13.4,23.5,74.0,1011.8,9.1,271.0,58.0,5.0
2017-05-14,3.5,13.9,24.1,80.0,1019.5,4.9,0.0,69.0,9.0
2017-05-15,9.0,15.2,24.2,71.0,1024.2,8.6,40.0,69.0,6.0
2017-05-16,0.0,13.9,25.3,61.0,1026.3,6.3,338.0,11.0,0.0
2017-05-17,0.0,15.1,25.5,61.0,1022.6,8.1,68.0,13.0,0.0
2017-05-18,0.0,16.7,25.6,62.0,1017.1,8.1,88.0,33.0,0.0
2017-05-19,0.8,15.6,25.0,73.0,1013.3,9.1,56.0,72.0,4.0
2017-05-20,7.0,13.5,19.3,85.0,1015.2,7.6,280.0,91.0,17.0
2017-05-21,0.1,14.0,25.4,59.0,1018.9,7.7,239.0,31.0,0.0
2017-05-22,0.0,13.0,26.3,62.0,1017.6,6.0,333.0,31.0,0.0
2017-05-23,0.0,15.6,27.0,66.0,1016.1,4.7,18.0,61.0,2.0
2017-05-24,0.0,17.4,27.1,70.0,1016.0,7.0,70.0,79.0,1.0
2017-05-25,7.1,15.7,23.4,70.0,1017.4,11.6,82.0,36.0,6.0
2017-05-26,0.0,14.1,24.7,62.0,1018.7,6.1,114.0,34.0,0.0
2017-05-27,0.0,16.3,27.9,55.0,1019.6,5.6,202.0,19.0,0.0
2017-05-28,0.0,17.3,28.9,57.0,1020.5,7.0,156.0,10.0,0.0
2017-05-29,0.0,16.8,29.8,54.0,1017.1,7.1,146.0,10.0,0.0
2017-05-30,0.0,17.2,29.5,60.0,1015.1,7.0,99.0,31.0,0.0
2017-05-31,0.1,19.2,28.3,75.0,1017.9,7.2,68.0,66.0,7.0
2017-06-01,0.0,18.4,29.5,72.0,1018.3,6.1,56.0,65.0,7.0
2017-06-02,0.3,18.5,27.9,68.0,1016.6,7.5,36.0,31.0,1.0
2017-06-03,3.1,18.3,29.0,64.0,1014.2,5.5,84.0,33.0,1.0
2017-06-04,7.3,18.9,27.4,72.0,1011.2,7.0,32.0,56.0,4.0
2017-06-05,3.2,17.1,25.9,69.0,1011.9,15.1,51.0,83.0,3.0
2017-06-06,13.5,16.9,23.9,83.0,1008.4,6.4,40.0,70.0,13.0
2017-06-07,0.8,16.4,25.6,68.0,1012.7,14.7,55.0,44.0,5.0
2017-06-08,0.0,13.1,23.8,51.0,1020.6,9.5,55.0,29.0,0.0
2017-06-09,0.0,13.7,27.0,58.0,1016.7,6.1,72.0,28.0,0.0
2017-06-10,0.0,16.4,28.2,55.0,1016.5,6.8,63.0,72.0,0.0
2017-06-11,0.0,17.0,28.7,58.0,1018.5,10.0,93.0,10.0,0.0
2017-06-12,0.0,17.7,30.8,52.0,1015.5,6.6,110.0,15.0,0.0
2017-06-13,0.0,19.5,31.3,60.0,1013.6,9.7,83.0,29.0,0.0
2017-06-14,7.1,21.2,29.0,74.0,1013.8,7.0,77.0,92.0,7.0
2017-06-15,0.1,19.8,28.7,70.0,1015.4,9.6,69.0,90.0,4.0
2017-06-16,0.1,20.7,29.9,74.0,1014.6,5.9,88.0,67.0,6.0
2017-06-17,0.2,20.4,30.9,58.0,1015.3,13.5,85.0,52.0,0.0
2017-06-18,0.0,19.2,28.6,46.0,1020.1,8.3,111.0,10.0,0.0
2017-06-19,0.0,18.4,29.9,44.0,1021.0,8.1,133.0,7.0,0.0
2017-06-20,0.0,18.8,32.9,47.0,1017.3,8.8,163.0,33.0,0.0
2017-06-21,0.1,19.9,34.0,57.0,1014.6,3.9,98.0,40.0,0.0
2017-06-22,0.0,21.7,35.2,54.0,1015.1,6.4,141.0,44.0,0.0
2017-06-23,0.2,22.6,36.6,55.0,1014.0,8.0,252.0,78.0,0.0
2017-06-24,0.0,23.6,33.6,64.0,1013.7,9.3,60.0,52.0,1.0
2017-06-25,33.8,20.2,25.5,85.0,1012.1,9.9,11.0,80.0,14.0
2017-06-26,0.0,19.8,30.0,70.0,1012.9,7.6,72.0,28.0,6.0
2017-06-27,8.4,20.4,28.5,68.0,1010.0,9.1,33.0,60.0,5.0
2017-06-28,72.1,19.2,27.9,78.0,1003.4,12.7,43.0,78.0,14.0
2017-06-29,11.9,17.2,25.8,75.0,1001.5,9.1,262.0,53.0,10.0
2017-06-30,0.4,16.3,25.7,62.0,1008.3,8.3,186.0,54.0,1.0
2017-07-01,0.0,14.6,26.7,68.0,1011.3,4.9,40.0,24.0,3.0
2017-07-02,0.0,16.6,26.4,65.0,1014.0,6.0,28.0,25.0,1.0
2017-07-03,0.0,18.8,28.9,63.0,1017.8,7.5,77.0,29.0,0.0
2017-07-04,0.5,19.2,27.1,69.0,1019.9,10.1,73.0,34.0,1.0
2017-07-05,0.0,19.4,30.3,67.0,1018.2,6.5,101.0,20.0,4.0
2017-07-06,0.0,19.4,32.3,65.0,1017.6,5.8,99.0,14.0,1.0
2017-07-07,0.0,20.7,32.9,66.0,1016.2,6.3,80.0,27.0,0.0
2017-07-08,0.0,21.3,33.2,64.0,1014.7,5.7,78.0,43.0,1.0
2017-07-09,0.3,22.7,33.2,61.0,1013.2,8.2,30.0,51.0,1.0
2017-07-10,0.1,21.9,33.1,63.0,1010.4,10.9,29.0,37.0,0.0
2017-07-11,6.0,21.7,33.3,65.0,1012.0,12.0,239.0,46.0,6.0
2017-07-12,0.1,20.5,30.9,69.0,1012.7,8.3,59.0,28.0,6.0
2017-07-13,2.0,22.6,30.4,64.0,1012.6,13.4,62.0,23.0,3.0
2017-07-14,4.5,18.6,27.1,59.0,1013.1,14.4,45.0,53.0,6.0
2017-07-15,0.1,18.9,28.7,50.0,1014.5,10.1,56.0,49.0,0.0
2017-07-16,0.0,18.7,27.9,37.0,1020.6,10.8,89.0,21.0,0.0
2017-07-17,0.0,17.6,30.6,42.0,1020.7,6.4,56.0,19.0,0.0
2017-07-18,0.0,19.5,32.7,43.0,1018.4,9.0,88.0,13.0,0.0
2017-07-19,0.0,19.6,32.7,47.0,1015.8,7.9,114.0,43.0,0.0
2017-07-20,0.1,21.3,33.8,58.0,1012.1,7.5,91.0,55.0,0.0
2017-07-21,0.6,22.3,31.8,64.0,1012.3,9.7,70.0,75.0,3.0
2017-07-22,0.2,22.5,34.1,56.0,1012.2,8.7,72.0,49.0,0.0
2017-07-23,0.4,23.2,33.6,68.0,1012.7,7.9,64.0,41.0,2.0
2017-07-24,13.7,20.7,27.9,75.0,1006.1,11.7,10.0,81.0,6.0
2017-07-25,1.1,18.2,26.7,63.0,1004.5,6.7,68.0,43.0,5.0
2017-07-26,0.0,15.6,27.5,65.0,1004.9,6.1,58.0,68.0,0.0
2017-07-27,0.0,17.9,30.4,61.0,1008.9,7.3,88.0,52.0,5.0
2017-07-28,0.0,20.0,29.8,61.0,1011.3,8.8,71.0,38.0,0.0
2017-07-29,0.8,21.6,30.8,68.0,1015.9,10.9,55.0,39.0,5.0
2017-07-30,1.1,20.8,32.3,67.0,1015.2,7.3,323.0,71.0,4.0
2017-07-31,0.0,21.6,33.9,67.0,1016.3,7.1,110.0,11.0,5.0
2017-08-01,0.0,22.1,36.4,60.0,1016.9,5.9,100.0,7.0,2.0
2017-08-02,0.0,23.2,38.6,53.0,1015.8,6.1,119.0,33.0,0.0
2017-08-03,0.0,26.8,37.6,51.0,1014.6,9.6,85.0,28.0,0.0
2017-08-04,0.0,25.8,39.1,52.0,1010.9,5.9,80.0,16.0,0.0
2017-08-05,0.0,27.2,36.8,47.0,1010.5,12.3,74.0,15.0,0.0
2017-08-06,9.2,22.4,35.2,59.0,1011.5,15.2,26.0,47.0,6.0
2017-08-07,0.2,22.4,31.3,49.0,1016.0,16.0,75.0,34.0,0.0
2017-08-08,0.0,22.1,31.7,48.0,1013.8,13.0,70.0,18.0,0.0
2017-08-09,0.9,23.2,32.7,61.0,1012.5,14.0,36.0,31.0,1.0
2017-08-10,16.5,20.7,31.2,70.0,1012.1,12.3,35.0,46.0,6.0
2017-08-11,12.8,17.8,26.8,72.0,1010.8,8.8,348.0,50.0,11.0
2017-08-12,0.0,16.9,25.8,62.0,1013.8,6.3,289.0,40.0,0.0
2017-08-13,0.0,17.0,27.9,64.0,1017.6,5.9,46.0,31.0,0.0
2017-08-14,0.7,19.0,27.8,67.0,1019.8,5.5,54.0,40.0,2.0
2017-08-15,0.0,18.9,31.1,64.0,1019.5,4.9,75.0,9.0,1.0
2017-08-16,1.9,19.9,30.0,70.0,1017.5,4.6,359.0,54.0,3.0
2017-08-17,0.0,22.6,31.9,55.0,1017.3,8.1,56.0,28.0,0.0
2017-08-18,0.0,21.3,33.1,57.0,1015.7,6.8,76.0,38.0,0.0
2017-08-19,10.6,21.0,30.6,65.0,1012.8,9.8,33.0,76.0,6.0
2017-08-20,0.2,18.3,27.6,51.0,1016.8,13.0,60.0,20.0,0.0
2017-08-21,0.0,17.9,25.4,49.0,1019.9,9.7,65.0,13.0,0.0
2017-08-22,0.0,17.9,25.8,56.0,1019.4,8.8,55.0,28.0,0.0
2017-08-23,0.0,16.4,28.0,64.0,1017.3,6.1,76.0,27.0,0.0
2017-08-24,0.0,17.4,29.7,69.0,1018.1,5.7,91.0,15.0,1.0
2017-08-25,0.0,19.9,29.8,69.0,1018.9,6.5,70.0,46.0,1.0
2017-08-26,0.0,20.1,32.9,65.0,1017.1,4.7,109.0,30.0,0.0
2017-08-27,0.0,21.6,34.5,63.0,1014.5,6.1,280.0,29.0,0.0
2017-08-28,0.0,23.5,31.6,61.0,1014.4,9.6,60.0,59.0,0.0
2017-08-29,0.0,20.5,29.2,55.0,1016.5,9.9,76.0,4.0,0.0
2017-08-30,0.0,20.0,30.4,59.0,1015.5,6.4,80.0,13.0,0.0
2017-08-31,0.0,20.9,30.2,71.0,1014.0,7.0,77.0,40.0,2.0
2017-09-01,19.2,18.8,25.4,85.0,1012.3,11.2,31.0,74.0,12.0
2017-09-02,14.1,15.4,20.2,83.0,1009.1,14.8,37.0,66.0,14.0
2017-09-03,4.5,14.0,24.2,64.0,1011.1,10.7,257.0,52.0,5.0
2017-09-04,0.0,13.7,22.6,75.0,1016.5,9.7,57.0,37.0,0.0
2017-09-05,0.1,16.0,25.5,76.0,1019.5,7.7,64.0,35.0,3.0
2017-09-06,0.5,17.6,25.2,83.0,1016.5,5.9,53.0,61.0,10.0
2017-09-07,7.5,16.1,23.0,87.0,1013.1,13.6,40.0,71.0,17.0
2017-09-08,0.0,15.4,23.8,67.0,1012.9,11.5,63.0,34.0,0.0
2017-09-09,1.4,16.3,24.3,81.0,1006.2,9.5,47.0,54.0,7.0
2017-09-10,55.9,17.2,22.1,92.0,1003.1,14.5,57.0,99.0,23.0
2017-09-11,12.6,17.2,22.0,87.0,1001.8,13.3,30.0,98.0,14.0
2017-09-12,18.1,11.3,18.5,84.0,1006.7,10.9,44.0,64.0,17.0
2017-09-13,0.0,10.8,23.2,75.0,1017.4,6.7,246.0,25.0,5.0
2017-09-14,1.0,12.9,22.6,87.0,1012.5,6.9,349.0,51.0,12.0
2017-09-15,1.3,14.9,18.7,72.0,1012.1,16.6,45.0,81.0,7.0
2017-09-16,2.8,13.7,20.9,81.0,1009.8,7.9,26.0,87.0,7.0
2017-09-17,0.2,12.0,21.3,73.0,1010.9,10.6,250.0,33.0,8.0
2017-09-18,6.4,12.3,20.8,78.0,1014.4,8.0,47.0,70.0,8.0
2017-09-19,19.0,11.7,15.0,85.0,1012.0,9.3,335.0,100.0,16.0
2017-09-20,0.0,10.9,22.4,64.0,1014.7,9.1,241.0,56.0,0.0
2017-09-21,0.0,10.9,21.5,69.0,1018.4,7.1,141.0,5.0,0.0
2017-09-22,0.0,10.9,22.6,76.0,1020.0,5.4,25.0,15.0,7.0
2017-09-23,0.0,12.9,22.0,81.0,1020.4,5.8,31.0,64.0,10.0
2017-09-24,12.8,14.0,17.5,89.0,1018.9,10.9,39.0,77.0,18.0
2017-09-25,0.1,12.2,20.2,75.0,1019.7,10.9,40.0,21.0,2.0
2017-09-26,0.0,12.3,21.7,70.0,1021.1,9.6,40.0,28.0,0.0
2017-09-27,0.3,13.7,22.9,70.0,1023.0,9.1,34.0,39.0,0.0
2017-09-28,0.0,14.2,23.3,64.0,1025.5,9.4,47.0,59.0,0.0
2017-09-29,0.0,14.0,21.6,62.0,1024.6,9.9,50.0,82.0,0.0
2017-09-30,0.0,14.1,20.3,60.0,1021.4,8.9,48.0,58.0,0.0
2017-10-01,0.5,13.4,16.8,66.0,1021.4,8.2,28.0,91.0,0.0
2017-10-02,0.0,11.5,20.5,69.0,1023.3,6.6,73.0,28.0,0.0
2017-10-03,5.2,12.9,18.5,84.0,1020.1,4.2,30.0,81.0,9.0
2017-10-04,0.3,12.0,21.1,82.0,1023.9,6.4,19.0,59.0,12.0
2017-10-05,0.0,10.8,22.2,78.0,1016.9,9.1,244.0,54.0,8.0
2017-10-06,9.8,10.7,19.0,86.0,1010.8,8.8,38.0,54.0,15.0
2017-10-07,0.0,8.0,20.6,65.0,1018.7,6.0,252.0,6.0,4.0
2017-10-08,0.0,9.2,19.4,76.0,1015.4,4.9,10.0,58.0,5.0
2017-10-09,0.0,11.4,20.8,78.0,1017.1,6.0,47.0,33.0,7.0
2017-10-10,0.6,12.2,21.1,82.0,1019.0,6.7,57.0,35.0,14.0
2017-10-11,0.3,11.6,20.9,86.0,1022.7,4.9,67.0,61.0,15.0
2017-10-12,0.0,12.3,22.0,87.0,1024.1,4.5,9.0,55.0,15.0
2017-10-13,0.0,12.2,22.0,87.0,1026.2,4.2,98.0,69.0,15.0
2017-10-14,0.0,12.4,22.6,86.0,1027.4,3.5,266.0,42.0,11.0
2017-10-15,0.0,10.4,23.7,84.0,1027.9,4.0,243.0,33.0,11.0
2017-10-16,0.0,10.3,23.9,79.0,1026.8,3.3,287.0,32.0,10.0
2017-10-17,0.0,9.6,21.8,87.0,1024.6,3.8,46.0,83.0,15.0
2017-10-18,0.0,12.4,19.6,91.0,1019.9,3.3,67.0,73.0,17.0
2017-10-19,0.0,11.0,18.0,90.0,1018.7,3.9,204.0,90.0,15.0
2017-10-20,0.0,9.6,17.7,90.0,1019.8,5.8,302.0,72.0,16.0
2017-10-21,0.0,10.1,17.6,87.0,1020.3,3.8,2.0,85.0,10.0
2017-10-22,18.0,10.5,17.4,82.0,1013.5,12.8,46.0,100.0,11.0
2017-10-23,0.1,9.0,20.5,66.0,1012.8,10.0,279.0,33.0,2.0
2017-10-24,0.0,9.1,21.8,51.0,1019.3,9.4,292.0,5.0,0.0
2017-10-25,0.0,8.1,18.3,71.0,1025.4,5.6,30.0,61.0,0.0
2017-10-26,0.0,7.5,19.6,76.0,1025.3,5.5,270.0,51.0,8.0
2017-10-27,0.0,7.1,18.0,86.0,1018.1,5.3,359.0,57.0,12.0
2017-10-28,0.0,6.7,17.3,70.0,1018.6,7.6,325.0,71.0,2.0
2017-10-29,0.0,5.8,17.9,78.0,1006.5,8.7,338.0,90.0,7.0
2017-10-30,0.0,9.1,18.2,59.0,1015.4,10.3,55.0,15.0,0.0
2017-10-31,0.0,8.5,15.0,55.0,1024.3,10.5,39.0,62.0,0.0
2017-11-01,0.0,5.6,16.1,74.0,1024.5,4.8,340.0,8.0,0.0
2017-11-02,0.0,4.6,15.1,86.0,1020.4,4.8,275.0,88.0,13.0
2017-11-03,0.0,6.5,16.5,84.0,1017.2,5.3,25.0,17.0,12.0
2017-11-04,0.4,9.3,14.8,89.0,1018.6,6.7,16.0,88.0,17.0
2017-11-05,15.5,10.4,17.3,90.0,1011.2,15.0,103.0,92.0,22.0
2017-11-06,6.9,10.4,14.2,66.0,1008.5,20.5,50.0,94.0,6.0
2017-11-07,9.0,9.5,12.3,72.0,1012.7,25.0,51.0,96.0,11.0
2017-11-08,0.6,6.5,14.7,75.0,1015.4,6.2,18.0,73.0,1.0
2017-11-09,3.3,8.1,13.6,84.0,1020.2,11.9,40.0,79.0,6.0
2017-11-10,0.0,7.3,14.5,79.0,1020.5,7.5,19.0,53.0,3.0
2017-11-11,0.0,4.7,12.7,90.0,1015.0,3.7,274.0,76.0,16.0
2017-11-12,0.6,4.6,11.4,92.0,1007.4,4.9,357.0,89.0,16.0
2017-11-13,24.2,3.1,9.4,85.0,1000.6,11.4,24.0,99.0,21.0
2017-11-14,0.0,3.8,12.4,62.0,1016.3,8.0,27.0,48.0,0.0
2017-11-15,0.0,3.2,11.3,54.0,1021.4,10.5,14.0,30.0,0.0
2017-11-16,0.0,5.4,13.9,57.0,1021.1,8.0,18.0,24.0,0.0
2017-11-17,0.0,3.2,13.8,80.0,1019.5,7.7,22.0,32.0,6.0
2017-11-18,0.0,4.0,13.0,81.0,1018.7,6.4,339.0,30.0,4.0
2017-11-19,0.0,2.2,11.9,88.0,1014.5,5.0,356.0,33.0,13.0
2017-11-20,0.0,1.3,12.9,78.0,1019.6,6.1,284.0,17.0,4.0
2017-11-21,0.0,1.3,10.6,85.0,1019.1,4.0,323.0,55.0,14.0
2017-11-22,0.0,3.3,11.4,84.0,1020.3,3.7,352.0,51.0,11.0
2017-11-23,0.0,5.2,13.1,84.0,1020.3,5.9,266.0,71.0,8.0
2017-11-24,0.0,3.5,12.4,88.0,1021.6,3.9,351.0,85.0,12.0
2017-11-25,6.3,7.7,10.2,90.0,1014.8,6.9,23.0,97.0,17.0
2017-11-26,8.4,1.3,10.0,83.0,1015.8,9.9,67.0,74.0,15.0
2017-11-27,0.0,-1.8,9.1,69.0,1024.5,5.6,266.0,1.0,0.0
2017-11-28,0.0,-2.7,4.9,78.0,1017.7,5.0,8.0,86.0,9.0
2017-11-29,5.3,2.8,6.9,87.0,1006.8,9.2,18.0,99.0,11.0
2017-11-30,3.6,1.1,7.5,90.0,1002.1,6.8,261.0,56.0,20.0
2017-12-01,1.3,-0.3,7.8,72.0,1010.7,12.7,30.0,61.0,6.0
2017-12-02,0.0,2.8,8.8,47.0,1016.5,21.3,54.0,89.0,0.0
2017-12-03,0.0,-1.1,7.3,61.0,1020.4,8.4,39.0,29.0,0.0
2017-12-04,0.0,-3.5,6.4,79.0,1026.7,5.2,316.0,25.0,4.0
2017-12-05,0.0,-3.3,6.7,83.0,1032.1,4.7,357.0,5.0,6.0
2017-12-06,0.0,-3.9,4.5,87.0,1032.7,4.3,313.0,26.0,9.0
2017-12-07,0.0,-3.0,4.4,92.0,1029.7,5.1,12.0,52.0,14.0
2017-12-08,5.1,0.9,3.8,93.0,1016.0,6.4,16.0,92.0,23.0
2017-12-09,0.9,-2.3,7.6,79.0,1011.0,8.8,284.0,60.0,4.0
2017-12-10,3.7,-5.0,1.9,70.0,1012.1,7.9,15.0,73.0,5.0
2017-12-11,7.2,0.9,12.8,90.0,1000.4,13.0,46.0,100.0,19.0
2017-12-12,5.0,5.6,13.0,83.0,1006.2,10.4,199.0,96.0,10.0
2017-12-13,2.3,1.4,8.6,86.0,1015.8,7.7,18.0,85.0,15.0
2017-12-14,0.1,3.0,7.2,88.0,1008.1,4.2,1.0,81.0,7.0
2017-12-15,1.6,3.0,9.0,88.0,999.3,5.3,352.0,84.0,13.0
2017-12-16,10.9,0.1,8.6,82.0,1005.9,10.4,18.0,65.0,10.0
2017-12-17,0.0,-2.8,8.1,73.0,1018.3,4.2,348.0,14.0,0.0
2017-12-18,0.0,-4.6,6.2,72.0,1024.3,6.3,13.0,25.0,0.0
2017-12-19,0.0,-2.4,6.0,71.0,1031.3,6.5,30.0,30.0,3.0
2017-12-20,0.0,-2.8,6.1,82.0,1032.9,5.0,345.0,22.0,10.0
2017-12-21,0.0,-3.7,4.7,82.0,1034.1,4.1,301.0,19.0,5.0
2017-12-22,0.0,-3.3,8.5,77.0,1030.9,6.2,272.0,44.0,2.0
2017-12-23,0.0,-3.5,8.1,85.0,1030.4,4.0,291.0,32.0,10.0
2017-12-24,0.0,-2.8,5.6,89.0,1028.1,3.4,313.0,22.0,14.0
2017-12-25,0.0,-4.2,6.2,87.0,1026.6,2.8,354.0,25.0,14.0
2017-12-26,0.8,1.4,6.4,95.0,1017.6,4.5,21.0,91.0,21.0
2017-12-27,14.6,4.3,9.3,94.0,998.1,10.0,64.0,98.0,24.0
2017-12-28,4.7,3.2,8.1,91.0,991.4,7.1,44.0,95.0,20.0
2017-12-29,0.4,0.1,8.5,65.0,1009.5,6.1,265.0,60.0,1.0
2017-12-30,1.0,-3.3,5.0,82.0,1015.9,3.8,355.0,55.0,9.0
2017-12-31,0.0,-2.9,6.2,78.0,1020.3,4.0,355.0,46.0,1.0
2018-01-01,15.4,-0.1,6.3,88.0,1012.6,8.8,350.0,90.0,17.0
2018-01-02,0.0,0.4,11.0,88.0,1011.4,7.8,280.0,58.0,12.0
2018-01-03,0.5,-0.6,5.6,93.0,1010.6,5.3,360.0,73.0,19.0
2018-01-04,0.0,-1.5,8.1,87.0,1007.9,7.1,37.0,79.0,13.0
2018-01-05,0.0,-0.7,10.7,83.0,1008.7,4.7,342.0,57.0,8.0
2018-01-06,0.4,4.3,10.6,86.0,1012.7,6.7,29.0,78.0,9.0
2018-01-07,0.3,6.2,11.3,91.0,1019.5,13.5,38.0,92.0,17.0
2018-01-08,14.8,9.9,13.0,90.0,1023.6,19.4,46.0,98.0,16.0
2018-01-09,21.7,7.3,12.5,93.0,1019.9,14.2,58.0,96.0,22.0
2018-01-10,0.0,2.8,10.7,93.0,1015.8,6.4,251.0,67.0,17.0
2018-01-11,0.2,3.6,10.3,90.0,1013.5,7.0,29.0,81.0,12.0
2018-01-12,0.0,2.9,11.1,77.0,1019.7,8.5,19.0,31.0,0.0
2018-01-13,0.0,2.7,9.4,75.0,1022.6,6.9,352.0,72.0,0.0
2018-01-14,0.0,1.3,8.2,77.0,1022.3,8.7,32.0,37.0,0.0
2018-01-15,0.0,2.0,6.5,69.0,1023.2,5.9,43.0,80.0,0.0
2018-01-16,1.3,2.9,6.4,89.0,1010.3,5.4,248.0,85.0,16.0
2018-01-17,0.4,1.9,11.9,69.0,1002.6,12.0,281.0,54.0,10.0
2018-01-18,0.0,0.4,10.8,50.0,1013.1,14.6,243.0,10.0,1.0
2018-01-19,0.0,-2.5,9.3,77.0,1009.4,5.4,2.0,16.0,5.0
2018-01-20,6.5,1.0,8.7,80.0,1012.1,8.1,42.0,63.0,10.0
2018-01-21,1.3,-0.5,11.5,83.0,1006.8,5.7,336.0,44.0,12.0
2018-01-22,1.0,0.8,8.9,60.0,1016.0,7.0,59.0,48.0,3.0
2018-01-23,0.0,-1.4,10.1,84.0,1022.4,5.9,360.0,9.0,11.0
2018-01-24,0.0,-0.4,10.4,79.0,1030.7,4.0,4.0,18.0,2.0
2018-01-25,0.0,0.3,5.5,96.0,1027.2,3.1,38.0,97.0,21.0
2018-01-26,0.0,3.4,9.6,89.0,1023.3,5.4,24.0,77.0,15.0
2018-01-27,0.0,1.7,11.2,92.0,1029.3,3.8,2.0,89.0,16.0
2018-01-28,0.0,3.0,9.3,96.0,1034.5,4.8,259.0,92.0,19.0
2018-01-29,0.0,4.9,6.6,98.0,1032.3,4.5,225.0,100.0,24.0
2018-01-30,0.3,3.7,7.6,94.0,1028.7,5.1,59.0,100.0,17.0
2018-01-31,0.3,3.1,8.0,93.0,1023.1,4.0,277.0,88.0,16.0
2018-02-01,10.4,4.7,8.5,96.0,1007.8,6.2,25.0,98.0,22.0
2018-02-02,10.4,4.5,6.3,87.0,1004.6,11.3,38.0,98.0,15.0
2018-02-03,11.1,2.1,5.4,86.0,1002.9,15.5,32.0,92.0,18.0
2018-02-04,0.8,-1.2,9.0,84.0,1014.0,5.9,350.0,39.0,13.0
2018-02-05,0.0,0.9,8.5,66.0,1021.9,11.1,43.0,86.0,2.0
2018-02-06,2.9,1.6,7.7,68.0,1016.0,12.6,44.0,99.0,5.0
2018-02-07,13.1,3.5,8.8,83.0,1007.6,13.6,29.0,97.0,14.0
2018-02-08,1.5,2.3,10.5,88.0,1013.0,5.9,178.0,85.0,15.0
2018-02-09,2.1,2.8,9.4,90.0,1016.0,5.3,41.0,57.0,17.0
2018-02-10,0.0,0.8,9.8,78.0,1013.3,9.2,55.0,25.0,10.0
2018-02-11,0.0,0.7,7.1,72.0,1012.5,5.9,52.0,72.0,0.0
2018-02-12,3.2,2.0,5.9,83.0,1010.8,8.9,44.0,95.0,7.0
2018-02-13,0.0,-0.3,7.8,73.0,1013.9,6.2,333.0,69.0,8.0
2018-02-14,0.0,-2.8,8.1,70.0,1015.4,4.4,349.0,28.0,0.0
2018-02-15,0.0,-1.6,7.4,75.0,1023.2,6.9,75.0,53.0,3.0
2018-02-16,0.0,-2.4,8.9,78.0,1025.0,3.6,9.0,17.0,8.0
2018-02-17,0.8,0.2,9.4,74.0,1022.6,5.7,20.0,88.0,3.0
2018-02-18,3.6,3.6,8.1,76.0,1019.9,13.9,66.0,97.0,8.0
2018-02-19,0.0,0.5,8.4,58.0,1019.0,14.8,66.0,67.0,0.0
2018-02-20,0.4,-0.4,7.3,68.0,1011.5,7.4,4.0,84.0,0.0
2018-02-21,0.1,1.9,8.4,65.0,1009.6,8.2,22.0,99.0,0.0
2018-02-22,7.8,3.3,5.7,72.0,1008.7,17.6,53.0,100.0,10.0
2018-02-23,11.6,2.2,7.9,71.0,1009.6,24.1,55.0,100.0,14.0
2018-02-24,3.6,3.0,9.8,55.0,1011.6,21.8,64.0,83.0,3.0
2018-02-25,0.9,-1.5,2.9,42.0,1016.3,23.2,75.0,93.0,2.0
2018-02-26,0.0,-4.6,1.6,32.0,1012.9,21.8,67.0,42.0,0.0
2018-02-27,0.0,-4.7,1.6,45.0,1011.3,8.5,67.0,84.0,0.0
2018-02-28,0.7,-5.3,1.1,63.0,1018.2,8.4,55.0,72.0,1.0
2018-03-01,5.6,-3.4,-1.3,68.0,1014.6,11.4,39.0,100.0,9.0
2018-03-02,5.2,-1.4,2.7,90.0,999.5,5.9,274.0,97.0,13.0
2018-03-03,5.5,-1.1,5.3,93.0,999.8,8.7,38.0,90.0,21.0
2018-03-04,0.1,-1.8,10.3,86.0,1004.0,8.3,209.0,88.0,13.0
2018-03-05,7.9,2.8,9.0,91.0,1000.1,6.7,21.0,100.0,19.0
2018-03-06,7.3,4.5,8.0,87.0,994.0,5.1,6.0,98.0,17.0
2018-03-07,1.4,4.0,9.5,90.0,999.6,8.7,42.0,98.0,14.0
2018-03-08,0.1,0.5,13.9,85.0,1008.5,6.8,249.0,17.0,14.0
2018-03-09,0.0,3.3,14.9,86.0,1015.2,7.0,238.0,68.0,14.0
2018-03-10,0.2,3.7,12.3,90.0,1014.7,4.3,182.0,96.0,15.0
2018-03-11,32.1,7.5,10.3,93.0,1007.9,10.9,44.0,99.0,23.0
2018-03-12,1.1,5.5,15.1,87.0,1001.7,8.6,221.0,62.0,16.0
2018-03-13,4.2,6.5,14.5,90.0,1006.2,4.6,32.0,78.0,15.0
2018-03-14,1.7,6.8,15.0,86.0,1010.6,5.7,77.0,56.0,14.0
2018-03-15,8.4,5.4,12.0,90.0,1007.5,9.6,46.0,83.0,18.0
2018-03-16,8.5,7.5,14.7,78.0,1002.0,12.6,293.0,89.0,7.0
2018-03-17,8.5,7.5,10.9,90.0,997.4,12.1,57.0,99.0,20.0
2018-03-18,11.2,3.1,9.4,84.0,997.3,21.6,53.0,100.0,17.0
2018-03-19,18.9,1.8,5.7,87.0,1001.4,19.5,46.0,98.0,15.0
2018-03-20,0.0,1.5,8.9,62.0,1007.5,13.9,62.0,57.0,0.0
2018-03-21,0.0,2.2,10.8,42.0,1017.3,13.7,71.0,52.0,0.0
2018-03-22,0.0,-1.5,10.0,54.0,1016.2,8.2,55.0,4.0,0.0
2018-03-23,0.0,2.1,10.9,64.0,1005.4,8.1,207.0,34.0,0.0
2018-03-24,0.0,2.5,11.4,69.0,1004.8,6.9,92.0,51.0,2.0
2018-03-25,0.0,2.9,11.8,69.0,1008.4,8.1,76.0,41.0,1.0
2018-03-26,0.1,0.8,14.4,72.0,1010.3,6.0,320.0,25.0,1.0
2018-03-27,0.7,4.9,13.9,77.0,1013.4,7.2,64.0,48.0,8.0
2018-03-28,0.0,6.0,16.3,73.0,1010.9,8.5,59.0,73.0,3.0
2018-03-29,2.7,7.9,14.2,86.0,1007.3,6.2,49.0,78.0,12.0
2018-03-30,3.4,8.1,16.0,86.0,1007.4,10.8,56.0,73.0,15.0
2018-03-31,7.4,7.0,13.4,88.0,998.7,7.9,31.0,83.0,18.0
2018-04-01,1.5,6.7,17.5,63.0,1003.9,10.6,251.0,65.0,6.0
2018-04-02,0.0,3.0,17.2,73.0,1014.7,7.4,72.0,31.0,3.0
2018-04-03,0.7,5.7,15.8,79.0,1017.4,4.8,60.0,73.0,10.0
2018-04-04,13.7,9.1,13.6,83.0,1016.3,9.0,51.0,99.0,12.0
2018-04-05,4.1,8.0,16.8,84.0,1013.4,7.9,42.0,49.0,11.0
2018-04-06,0.3,8.0,18.2,83.0,1019.6,7.2,86.0,53.0,11.0
2018-04-07,0.0,8.3,18.0,71.0,1019.4,7.5,74.0,16.0,6.0
2018-04-08,0.0,6.5,18.0,68.0,1016.4,8.0,66.0,23.0,0.0
2018-04-09,4.0,8.2,19.3,75.0,1009.9,13.3,62.0,89.0,5.0
2018-04-10,2.3,10.3,17.7,80.0,1009.7,8.6,217.0,85.0,13.0
2018-04-11,6.8,8.0,16.7,85.0,1009.5,10.9,55.0,70.0,14.0
2018-04-12,18.9,11.8,15.9,88.0,1007.2,15.9,53.0,100.0,15.0
2018-04-13,5.0,9.0,17.9,76.0,1013.1,8.0,238.0,47.0,10.0
2018-04-14,0.0,7.6,20.0,75.0,1019.9,6.6,14.0,55.0,7.0
2018-04-15,1.9,12.5,22.5,66.0,1012.0,12.0,37.0,83.0,3.0
2018-04-16,2.0,12.4,22.3,78.0,1010.6,6.7,27.0,48.0,9.0
2018-04-17,1.0,13.0,22.2,71.0,1020.6,6.9,51.0,24.0,4.0
2018-04-18,0.0,11.2,23.2,66.0,1027.6,7.3,43.0,13.0,2.0
2018-04-19,0.0,12.5,24.5,57.0,1027.6,8.9,40.0,5.0,0.0
2018-04-20,0.0,12.3,27.0,62.0,1023.2,5.3,326.0,0.0,0.0
2018-04-21,0.0,14.6,25.6,65.0,1019.8,7.5,99.0,1.0,0.0
2018-04-22,0.0,11.5,24.5,71.0,1017.8,6.6,99.0,2.0,5.0
2018-04-23,0.0,11.5,24.6,79.0,1016.6,6.5,77.0,18.0,9.0
2018-04-24,0.0,13.5,23.9,72.0,1016.5,7.3,68.0,42.0,6.0
2018-04-25,0.0,13.3,25.0,74.0,1014.7,6.4,111.0,8.0,6.0
2018-04-26,1.0,13.9,24.1,79.0,1012.0,9.0,43.0,29.0,8.0
2018-04-27,1.5,14.4,22.1,63.0,1014.7,15.1,62.0,52.0,3.0
2018-04-28,0.0,11.8,24.2,72.0,1013.1,7.2,62.0,39.0,4.0
2018-04-29,0.6,13.8,24.9,76.0,1011.0,8.1,66.0,48.0,9.0
2018-04-30,0.1,14.5,22.0,62.0,1009.6,13.7,239.0,35.0,6.0
2018-05-01,0.0,10.5,20.1,59.0,1012.2,5.8,194.0,91.0,0.0
2018-05-02,8.8,12.2,23.4,73.0,1008.9,11.2,27.0,98.0,10.0
2018-05-03,4.1,15.9,23.4,75.0,1005.2,11.2,14.0,84.0,8.0
2018-05-04,22.0,15.6,22.8,81.0,1010.5,13.7,45.0,72.0,16.0
2018-05-05,1.9,14.2,23.9,77.0,1015.4,10.0,17.0,69.0,3.0
2018-05-06,0.4,14.9,26.3,72.0,1015.7,6.4,12.0,49.0,2.0
2018-05-07,0.0,16.6,25.0,64.0,1014.9,8.7,30.0,81.0,0.0
2018-05-08,0.3,16.2,25.1,63.0,1009.0,9.8,40.0,52.0,0.0
2018-05-09,0.7,13.6,23.0,64.0,1006.9,9.4,39.0,67.0,1.0
2018-05-10,2.2,15.3,23.2,71.0,1009.4,7.6,306.0,52.0,5.0
2018-05-11,3.3,14.0,24.6,75.0,1014.8,9.3,21.0,39.0,7.0
2018-05-12,2.8,14.6,24.7,75.0,1014.4,4.8,280.0,23.0,6.0
2018-05-13,4.0,15.1,24.7,81.0,1010.3,7.5,36.0,48.0,8.0
2018-05-14,6.1,13.7,20.2,74.0,1009.2,11.8,258.0,82.0,11.0
2018-05-15,0.7,11.6,16.2,69.0,1010.0,11.8,248.0,96.0,1.0
2018-05-16,0.5,9.3,20.1,79.0,1012.9,5.9,215.0,57.0,9.0
2018-05-17,2.6,11.7,19.5,83.0,1014.8,5.5,43.0,89.0,9.0
2018-05-18,0.0,12.0,22.0,77.0,1016.3,3.9,63.0,42.0,7.0
2018-05-19,0.3,13.1,23.2,70.0,1016.3,7.7,25.0,36.0,7.0
2018-05-20,0.3,15.0,23.7,64.0,1016.5,13.7,49.0,29.0,0.0
2018-05-21,1.2,16.5,25.0,60.0,1014.4,12.5,48.0,51.0,2.0
2018-05-22,28.3,16.0,19.8,83.0,1013.4,12.0,37.0,95.0,18.0
2018-05-23,5.3,15.4,22.8,83.0,1015.9,5.9,14.0,92.0,12.0
2018-05-24,0.0,15.9,25.7,74.0,1016.2,4.9,15.0,44.0,4.0
2018-05-25,0.8,15.0,26.8,73.0,1015.5,5.1,340.0,50.0,5.0
2018-05-26,0.0,18.4,26.9,68.0,1018.8,8.6,72.0,66.0,0.0
2018-05-27,0.9,19.1,27.3,73.0,1018.2,7.2,17.0,74.0,2.0
2018-05-28,7.2,17.9,26.9,76.0,1017.6,6.5,12.0,79.0,4.0
2018-05-29,8.1,18.4,25.7,81.0,1016.2,5.8,10.0,76.0,10.0
2018-05-30,0.6,17.6,27.5,77.0,1014.8,5.1,348.0,63.0,8.0
2018-05-31,2.6,18.4,27.6,78.0,1014.9,6.3,254.0,57.0,5.0
2018-06-01,0.3,18.1,26.6,75.0,1015.7,8.0,246.0,34.0,5.0
2018-06-02,0.3,17.5,26.0,78.0,1016.4,4.7,93.0,38.0,3.0
2018-06-03,1.2,18.1,27.9,73.0,1015.7,4.7,58.0,58.0,2.0
2018-06-04,8.3,18.4,25.7,81.0,1010.9,6.2,347.0,91.0,11.0
2018-06-05,0.3,18.3,27.5,77.0,1008.5,6.6,246.0,48.0,9.0
2018-06-06,3.1,17.3,27.7,79.0,1012.0,5.8,229.0,59.0,9.0
2018-06-07,4.4,19.0,24.6,86.0,1015.2,6.7,37.0,89.0,14.0
2018-06-08,9.5,19.1,24.7,84.0,1012.1,8.6,23.0,77.0,12.0
2018-06-09,0.0,17.2,28.5,74.0,1010.2,6.3,239.0,47.0,6.0
2018-06-10,0.0,19.0,29.2,73.0,1010.3,7.9,257.0,16.0,2.0
2018-06-11,2.3,21.4,29.5,77.0,1010.0,5.6,14.0,53.0,6.0
2018-06-12,19.8,18.6,26.4,84.0,1007.1,7.3,34.0,64.0,12.0
2018-06-13,12.7,17.4,24.8,82.0,1004.5,4.9,256.0,80.0,15.0
2018-06-14,0.0,19.0,25.8,67.0,1008.6,8.0,68.0,73.0,5.0
2018-06-15,0.4,17.5,25.9,63.0,1011.9,7.9,60.0,28.0,0.0
2018-06-16,0.0,18.0,27.3,61.0,1012.6,4.6,16.0,17.0,0.0
2018-06-17,0.0,18.2,28.5,62.0,1013.2,4.5,1.0,36.0,0.0
2018-06-18,0.3,20.1,28.3,64.0,1015.6,6.1,326.0,36.0,0.0
2018-06-19,0.0,19.5,29.0,59.0,1019.0,5.9,39.0,10.0,0.0
2018-06-20,0.0,20.9,28.8,60.0,1019.7,7.1,57.0,12.0,0.0
2018-06-21,0.2,19.5,30.8,63.0,1014.6,8.2,253.0,34.0,0.0
2018-06-22,18.0,18.6,23.9,76.0,1013.6,15.0,62.0,64.0,8.0
2018-06-23,0.1,16.2,23.2,60.0,1019.9,10.8,78.0,37.0,0.0
2018-06-24,0.1,14.7,24.1,66.0,1018.0,6.3,59.0,68.0,0.0
2018-06-25,6.2,15.9,22.8,77.0,1017.4,10.8,44.0,57.0,7.0
2018-06-26,0.0,14.9,24.8,60.0,1018.5,4.5,27.0,19.0,2.0
2018-06-27,0.1,15.7,26.0,63.0,1015.7,7.1,58.0,24.0,0.0
2018-06-28,0.0,13.8,26.1,62.0,1011.7,5.2,276.0,69.0,0.0
2018-06-29,0.0,17.4,29.7,55.0,1009.1,7.9,257.0,62.0,0.0
2018-06-30,0.0,19.2,32.2,64.0,1009.0,5.9,18.0,26.0,1.0
2018-07-01,0.3,19.8,26.2,66.0,1012.3,15.0,65.0,35.0,1.0
2018-07-02,0.0,20.9,27.3,61.0,1013.6,9.9,73.0,74.0,0.0
2018-07-03,2.1,20.5,28.7,73.0,1014.0,5.5,65.0,68.0,2.0
2018-07-04,0.0,19.7,29.7,71.0,1014.6,5.0,343.0,46.0,4.0
2018-07-05,1.2,20.3,29.5,70.0,1012.7,6.9,278.0,61.0,5.0
2018-07-06,1.3,18.6,28.5,67.0,1012.5,5.4,15.0,37.0,7.0
2018-07-07,1.8,19.0,29.3,71.0,1015.8,5.1,16.0,49.0,6.0
2018-07-08,0.8,19.2,29.5,64.0,1016.9,8.2,44.0,45.0,3.0
2018-07-09,1.1,19.2,29.7,64.0,1016.1,6.0,40.0,40.0,1.0
2018-07-10,1.5,19.7,27.8,67.0,1013.1,8.8,50.0,62.0,1.0
2018-07-11,18.1,17.9,22.2,85.0,1011.8,11.1,49.0,82.0,17.0
2018-07-12,1.2,18.1,27.0,78.0,1014.5,8.4,61.0,67.0,9.0
2018-07-13,1.3,18.8,28.1,78.0,1016.5,4.4,39.0,46.0,7.0
2018-07-14,0.1,20.3,30.0,71.0,1016.3,5.9,12.0,40.0,0.0
2018-07-15,0.5,20.3,28.9,72.0,1014.0,6.7,358.0,40.0,1.0
2018-07-16,11.9,19.4,28.3,76.0,1011.8,6.1,313.0,69.0,8.0
2018-07-17,0.9,17.7,28.5,77.0,1010.9,6.5,225.0,35.0,8.0
2018-07-18,0.0,18.6,31.4,68.0,1012.6,5.0,266.0,3.0,5.0
2018-07-19,0.0,20.9,31.1,69.0,1012.3,5.4,57.0,30.0,3.0
2018-07-20,3.9,22.0,29.7,75.0,1012.2,7.5,38.0,52.0,4.0
2018-07-21,3.4,20.0,27.6,77.0,1010.7,8.1,11.0,83.0,5.0
2018-07-22,3.2,19.0,28.6,78.0,1009.5,4.2,290.0,51.0,9.0
2018-07-23,0.0,19.4,29.9,65.0,1010.9,7.1,288.0,42.0,1.0
2018-07-24,0.1,19.4,30.9,62.0,1012.4,5.7,267.0,15.0,0.0
2018-07-25,0.0,22.2,30.9,60.0,1011.5,5.9,348.0,28.0,0.0
2018-07-26,0.3,22.1,29.9,66.0,1011.9,7.2,51.0,33.0,2.0
2018-07-27,0.0,19.9,31.5,58.0,1011.7,5.3,285.0,23.0,0.0
2018-07-28,0.3,20.7,31.7,63.0,1010.0,7.4,257.0,53.0,1.0
2018-07-29,1.4,23.1,31.8,69.0,1012.4,6.5,21.0,52.0,3.0
2018-07-30,0.0,22.4,33.5,64.0,1013.3,4.6,328.0,40.0,4.0
2018-07-31,0.2,24.5,34.2,58.0,1013.6,5.6,16.0,30.0,0.0
2018-08-01,4.8,23.7,34.3,66.0,1014.3,5.9,293.0,43.0,1.0
2018-08-02,2.3,24.8,32.0,65.0,1015.6,6.1,42.0,54.0,2.0
2018-08-03,0.0,23.1,32.5,66.0,1016.2,5.2,18.0,64.0,0.0
2018-08-04,0.0,24.2,33.1,59.0,1015.0,7.4,29.0,38.0,0.0
2018-08-05,0.0,23.5,33.6,64.0,1014.6,4.8,346.0,46.0,0.0
2018-08-06,0.0,24.0,33.1,64.0,1015.0,4.8,4.0,57.0,0.0
2018-08-07,0.2,22.9,33.0,64.0,1013.8,4.8,269.0,65.0,0.0
2018-08-08,1.2,22.7,32.0,70.0,1014.0,4.8,10.0,65.0,1.0
2018-08-09,4.2,22.6,33.1,74.0,1015.3,4.8,324.0,25.0,3.0
2018-08-10,0.1,20.8,31.5,69.0,1017.5,6.1,260.0,21.0,6.0
2018-08-11,0.8,22.3,30.8,62.0,1017.4,7.0,28.0,46.0,1.0
2018-08-12,0.0,23.3,30.5,56.0,1016.6,10.7,64.0,14.0,0.0
2018-08-13,2.2,20.8,30.5,71.0,1012.0,5.7,219.0,38.0,1.0
2018-08-14,1.9,19.0,26.6,81.0,1011.4,6.0,329.0,89.0,10.0
2018-08-15,0.0,20.3,29.7,64.0,1015.2,7.5,22.0,52.0,4.0
2018-08-16,0.0,21.2,29.3,51.0,1015.8,8.9,40.0,11.0,0.0
2018-08-17,0.0,20.4,30.9,55.0,1014.1,6.3,46.0,5.0,0.0
2018-08-18,0.0,20.0,31.7,60.0,1015.9,6.9,25.0,7.0,0.0
2018-08-19,0.0,23.3,32.3,53.0,1016.9,9.7,43.0,21.0,0.0
2018-08-20,0.0,23.0,32.8,48.0,1015.1,8.1,40.0,10.0,0.0
2018-08-21,0.0,22.5,33.3,51.0,1015.3,8.0,34.0,8.0,0.0
2018-08-22,0.0,23.6,32.8,51.0,1015.5,9.4,55.0,15.0,0.0
2018-08-23,0.0,21.8,32.8,55.0,1013.0,5.0,359.0,55.0,0.0
2018-08-24,6.5,20.6,31.6,71.0,1009.6,5.5,8.0,48.0,4.0
2018-08-25,23.2,19.1,25.9,77.0,1007.7,10.2,48.0,89.0,11.0
2018-08-26,37.4,14.7,21.7,71.0,1010.3,13.0,37.0,62.0,9.0
2018-08-27,0.0,12.6,24.5,63.0,1015.8,4.5,336.0,14.0,1.0
2018-08-28,0.0,14.7,28.0,64.0,1017.4,4.7,8.0,8.0,0.0
2018-08-29,0.0,16.8,28.9,65.0,1015.7,6.1,40.0,32.0,0.0
2018-08-30,0.0,18.2,28.4,71.0,1014.6,6.7,22.0,33.0,2.0
2018-08-31,24.0,18.3,23.3,75.0,1015.1,15.5,45.0,90.0,10.0
2018-09-01,21.0,17.8,22.0,86.0,1014.3,13.4,43.0,90.0,17.0
2018-09-02,61.2,16.7,23.5,83.0,1015.8,10.7,36.0,85.0,13.0
2018-09-03,4.1,16.1,24.1,78.0,1013.5,6.5,288.0,52.0,6.0
2018-09-04,0.0,15.6,26.2,81.0,1012.8,3.8,34.0,65.0,11.0
2018-09-05,0.0,17.0,27.0,80.0,1014.6,5.2,178.0,17.0,11.0
2018-09-06,0.5,17.5,27.8,84.0,1012.2,5.7,359.0,55.0,12.0
2018-09-07,10.1,18.0,23.4,89.0,1012.2,3.9,18.0,92.0,16.0
2018-09-08,0.0,16.5,27.0,78.0,1017.6,5.8,33.0,33.0,10.0
2018-09-09,0.0,16.8,28.3,76.0,1020.1,4.7,331.0,7.0,9.0
2018-09-10,0.0,18.0,28.8,79.0,1020.8,4.7,220.0,55.0,11.0
2018-09-11,0.0,19.3,28.9,81.0,1023.2,4.9,197.0,59.0,11.0
2018-09-12,0.0,19.4,29.7,81.0,1021.7,5.6,140.0,32.0,11.0
2018-09-13,0.0,19.6,28.0,82.0,1015.2,4.1,272.0,91.0,9.0
2018-09-14,0.4,18.8,27.6,83.0,1014.7,4.7,0.0,37.0,10.0
2018-09-15,0.7,19.1,26.4,78.0,1019.0,8.5,47.0,33.0,4.0
2018-09-16,0.0,19.2,27.8,72.0,1021.7,8.0,64.0,29.0,2.0
2018-09-17,0.1,18.2,28.0,78.0,1020.5,4.3,350.0,52.0,9.0
2018-09-18,0.7,19.6,27.1,77.0,1019.1,3.2,349.0,49.0,10.0
2018-09-19,0.2,18.8,27.7,79.0,1019.2,4.3,5.0,31.0,6.0
2018-09-20,0.0,18.9,29.0,70.0,1018.6,7.1,30.0,5.0,6.0
2018-09-21,0.0,18.7,29.0,66.0,1015.1,5.7,328.0,3.0,0.0
2018-09-22,2.7,15.9,26.9,81.0,1016.0,11.5,40.0,96.0,5.0
2018-09-23,0.1,16.0,25.9,75.0,1017.1,8.2,53.0,60.0,3.0
2018-09-24,0.0,16.1,23.0,62.0,1017.6,17.6,92.0,26.0,6.0
2018-09-25,0.0,11.2,19.9,41.0,1032.0,11.8,58.0,5.0,0.0
2018-09-26,0.0,9.4,17.7,48.0,1037.1,8.7,37.0,18.0,0.0
2018-09-27,0.0,8.4,23.1,62.0,1029.6,5.3,304.0,23.0,0.0
2018-09-28,0.0,9.9,26.1,55.0,1017.9,5.7,314.0,0.0,0.0
2018-09-29,0.0,16.3,24.5,47.0,1018.9,15.8,66.0,20.0,0.0
2018-09-30,0.0,12.5,20.7,48.0,1019.6,8.9,65.0,10.0,0.0
2018-10-01,7.1,11.6,18.2,71.0,1010.5,11.8,43.0,68.0,9.0
2018-10-02,0.0,12.4,19.5,55.0,1017.0,11.3,68.0,57.0,0.0
2018-10-03,0.0,8.9,21.0,64.0,1020.9,4.5,7.0,27.0,0.0
2018-10-04,0.0,13.4,22.1,57.0,1024.9,10.7,49.0,36.0,0.0
2018-10-05,1.5,12.0,23.3,56.0,1023.5,10.4,55.0,32.0,2.0
2018-10-06,21.6,14.5,18.2,86.0,1018.0,11.7,31.0,93.0,21.0
2018-10-07,4.9,15.2,21.5,85.0,1013.9,6.3,11.0,68.0,12.0
2018-10-08,0.7,14.7,23.4,86.0,1018.9,5.5,18.0,28.0,11.0
2018-10-09,0.0,15.0,23.6,76.0,1021.3,8.9,46.0,5.0,5.0
2018-10-10,0.0,15.7,23.8,67.0,1021.9,11.9,59.0,5.0,0.0
2018-10-11,0.0,15.0,22.9,64.0,1021.2,11.2,59.0,47.0,0.0
2018-10-12,0.0,14.6,24.2,71.0,1024.4,4.4,23.0,20.0,0.0
2018-10-13,0.0,14.0,23.3,70.0,1024.1,9.8,51.0,0.0,1.0
2018-10-14,0.1,14.1,22.7,63.0,1020.6,10.8,53.0,15.0,0.0
2018-10-15,1.3,14.0,20.2,71.0,1019.3,11.8,50.0,51.0,2.0
2018-10-16,0.0,13.8,21.6,73.0,1020.3,7.4,44.0,88.0,0.0
2018-10-17,1.7,15.3,19.3,81.0,1019.2,7.2,18.0,84.0,2.0
2018-10-18,0.0,13.6,23.7,77.0,1016.4,6.3,14.0,72.0,6.0
2018-10-19,0.0,14.5,23.6,69.0,1018.2,8.4,40.0,39.0,0.0
2018-10-20,0.0,14.0,21.9,69.0,1022.6,7.9,55.0,31.0,0.0
2018-10-21,8.1,10.2,18.4,80.0,1022.0,10.9,52.0,50.0,8.0
2018-10-22,0.0,7.4,19.2,67.0,1022.5,9.0,42.0,1.0,2.0
2018-10-23,0.0,7.3,19.6,66.0,1022.2,9.8,263.0,29.0,0.0
2018-10-24,0.0,8.2,20.3,77.0,1012.2,6.5,100.0,37.0,5.0
2018-10-25,0.0,11.5,20.1,80.0,1016.5,9.5,76.0,51.0,4.0
2018-10-26,0.7,13.4,17.6,87.0,1013.3,5.3,26.0,92.0,12.0
2018-10-27,2.4,12.9,17.8,92.0,1004.8,9.1,31.0,93.0,21.0
2018-10-28,7.3,14.3,20.5,86.0,1000.3,13.2,142.0,91.0,12.0
2018-10-29,30.0,12.9,20.2,87.0,999.0,20.9,104.0,77.0,21.0
2018-10-30,1.8,10.0,17.2,73.0,1006.5,9.0,198.0,50.0,7.0
2018-10-31,0.2,8.4,17.3,80.0,1020.9,10.3,42.0,71.0,7.0
2018-11-01,13.5,12.3,17.4,86.0,1018.4,15.9,35.0,93.0,13.0
2018-11-02,9.4,12.6,15.8,90.0,1019.1,12.5,30.0,99.0,19.0
2018-11-03,0.1,13.8,20.9,81.0,1021.2,10.9,42.0,85.0,3.0
2018-11-04,4.1,13.3,20.7,77.0,1017.2,13.7,55.0,80.0,4.0
2018-11-05,28.5,14.4,15.9,90.0,1015.6,16.0,46.0,94.0,22.0
2018-11-06,6.1,14.0,18.6,90.0,1016.0,14.9,39.0,89.0,17.0
2018-11-07,4.1,13.2,16.8,93.0,1016.6,10.9,38.0,81.0,19.0
2018-11-08,1.0,10.7,18.3,90.0,1020.5,4.6,289.0,52.0,15.0
2018-11-09,0.1,11.2,17.0,93.0,1019.2,3.8,52.0,94.0,17.0
2018-11-10,0.2,10.1,15.9,91.0,1017.1,4.2,329.0,87.0,16.0
2018-11-11,0.5,10.2,15.2,90.0,1019.8,6.0,22.0,73.0,12.0
2018-11-12,0.0,10.1,17.4,92.0,1025.2,5.1,253.0,94.0,17.0
2018-11-13,0.3,10.3,15.4,94.0,1027.1,6.2,222.0,91.0,17.0
2018-11-14,0.0,9.7,17.8,87.0,1028.1,6.4,7.0,33.0,16.0
2018-11-15,0.0,8.7,15.5,80.0,1026.3,7.3,32.0,24.0,7.0
2018-11-16,0.0,7.5,13.2,63.0,1027.4,14.8,46.0,6.0,1.0
2018-11-17,0.0,6.1,12.9,51.0,1026.3,15.5,55.0,5.0,0.0
2018-11-18,0.0,3.4,10.3,55.0,1021.9,11.7,46.0,7.0,0.0
2018-11-19,0.7,2.5,8.7,64.0,1011.7,17.4,46.0,60.0,0.0
2018-11-20,11.8,2.7,8.4,80.0,1007.4,17.8,33.0,99.0,12.0
2018-11-21,0.0,5.3,11.8,82.0,1013.3,4.6,242.0,82.0,3.0
2018-11-22,0.5,7.5,12.0,87.0,1019.4,3.3,338.0,87.0,14.0
2018-11-23,14.0,5.2,12.2,92.0,1022.3,8.8,29.0,98.0,20.0
2018-11-24,20.3,8.9,15.2,90.0,1014.9,9.7,20.0,74.0,18.0
2018-11-25,3.8,8.8,12.6,92.0,1008.3,6.8,348.0,99.0,20.0
2018-11-26,5.3,8.6,11.6,92.0,1000.6,5.9,308.0,100.0,19.0
2018-11-27,1.8,7.1,13.7,77.0,1008.0,7.1,44.0,66.0,6.0
2018-11-28,0.0,2.7,11.0,77.0,1020.5,6.7,52.0,22.0,8.0
2018-11-29,0.0,-0.1,7.7,65.0,1026.9,8.9,35.0,55.0,0.0
2018-11-30,0.0,0.0,6.4,65.0,1022.0,8.5,28.0,87.0,0.0
2018-12-01,0.0,0.4,9.4,75.0,1020.0,4.8,319.0,52.0,1.0
2018-12-02,0.6,3.6,9.3,82.0,1018.6,6.3,248.0,91.0,5.0
2018-12-03,0.9,4.2,10.0,85.0,1014.8,3.8,352.0,74.0,9.0
2018-12-04,0.1,2.1,10.5,90.0,1015.4,4.7,284.0,30.0,17.0
2018-12-05,0.0,3.1,12.0,81.0,1025.2,9.4,34.0,56.0,7.0
2018-12-06,1.9,4.6,9.0,84.0,1023.9,8.7,31.0,79.0,9.0
2018-12-07,0.0,3.5,8.2,97.0,1021.1,4.3,268.0,95.0,24.0
2018-12-08,10.5,4.5,12.3,91.0,1012.5,8.6,223.0,47.0,19.0
2018-12-09,0.0,3.8,11.2,92.0,1008.8,6.2,314.0,73.0,18.0
2018-12-10,0.0,1.4,14.1,67.0,1013.4,10.3,324.0,57.0,3.0
2018-12-11,0.0,-0.3,11.8,52.0,1018.2,9.7,326.0,4.0,0.0
2018-12-12,0.0,-3.2,9.1,62.0,1019.7,5.6,321.0,0.0,0.0
2018-12-13,1.3,-0.6,5.9,67.0,1017.0,15.6,37.0,64.0,2.0
2018-12-14,0.0,-0.3,7.5,57.0,1017.0,13.5,47.0,28.0,0.0
2018-12-15,0.0,-3.7,5.9,74.0,1020.3,7.2,294.0,0.0,1.0
2018-12-16,0.0,-3.8,3.7,81.0,1020.0,5.5,12.0,86.0,5.0
2018-12-17,0.2,0.3,8.1,71.0,1020.6,7.5,360.0,86.0,1.0
2018-12-18,0.0,-2.1,6.5,86.0,1028.5,5.1,304.0,6.0,12.0
2018-12-19,0.0,-2.0,4.7,77.0,1025.0,5.5,344.0,83.0,0.0
2018-12-20,4.2,-0.1,7.7,88.0,1022.6,8.3,290.0,55.0,13.0
2018-12-21,0.0,0.0,3.6,95.0,1025.8,5.1,237.0,92.0,23.0
2018-12-22,0.3,1.1,5.0,93.0,1021.7,3.3,256.0,94.0,19.0
2018-12-23,0.0,1.0,6.0,95.0,1023.5,4.2,289.0,91.0,20.0
2018-12-24,0.0,1.9,8.2,92.0,1018.8,6.8,349.0,71.0,18.0
2018-12-25,0.0,-0.5,8.3,82.0,1029.4,4.8,356.0,40.0,8.0
2018-12-26,0.0,-1.9,3.7,96.0,1031.1,4.7,263.0,71.0,23.0
2018-12-27,0.0,-1.6,4.3,94.0,1028.2,4.8,272.0,62.0,19.0
2018-12-28,0.0,-2.2,5.3,92.0,1025.2,4.6,251.0,79.0,17.0
2018-12-29,0.0,-2.9,7.9,84.0,1026.8,3.5,314.0,35.0,11.0
2018-12-30,0.0,-1.8,8.8,81.0,1025.1,5.9,314.0,39.0,5.0
2018-12-31,0.0,-1.2,8.9,85.0,1027.1,6.3,28.0,41.0,6.0
2019-01-01,0.0,0.8,8.1,84.0,1027.5,6.8,270.0,49.0,8.0
2019-01-02,0.0,-0.1,9.6,77.0,1020.2,6.8,319.0,37.0,10.0
2019-01-03,0.0,-3.5,7.5,46.0,1027.1,7.9,9.0,10.0,0.0
2019-01-04,0.0,-4.8,5.5,57.0,1029.4,7.2,291.0,32.0,0.0
2019-01-05,0.0,-4.2,3.4,73.0,1022.8,4.3,39.0,44.0,0.0
2019-01-06,0.0,-4.9,9.7,69.0,1020.2,5.4,265.0,24.0,0.0
2019-01-07,0.0,-2.1,7.4,90.0,1026.7,6.0,5.0,68.0,16.0
2019-01-08,0.0,-1.7,5.1,93.0,1018.4,4.8,316.0,76.0,18.0
2019-01-09,0.0,-2.8,5.5,90.0,1006.9,5.2,277.0,80.0,15.0
2019-01-10,0.0,-1.2,8.9,54.0,1011.5,5.5,329.0,64.0,0.0
2019-01-11,0.4,-1.6,6.7,70.0,1020.0,5.8,342.0,45.0,2.0
2019-01-12,0.0,-3.2,3.8,82.0,1018.9,4.0,273.0,65.0,4.0
2019-01-13,0.0,-3.3,7.2,81.0,1010.8,6.2,258.0,66.0,3.0
2019-01-14,0.0,-3.9,11.1,71.0,1003.2,10.4,304.0,12.0,7.0
2019-01-15,0.0,-0.4,11.3,62.0,1016.7,8.6,249.0,25.0,1.0
2019-01-16,0.0,-2.5,8.2,80.0,1018.9,4.1,16.0,38.0,5.0
2019-01-17,3.4,-0.5,6.2,90.0,1014.5,6.5,26.0,86.0,18.0
2019-01-18,2.8,4.0,8.1,79.0,1013.0,12.2,62.0,84.0,11.0
2019-01-19,0.0,1.0,6.1,58.0,1017.3,13.5,47.0,99.0,0.0
2019-01-20,0.0,-3.0,6.0,70.0,1015.7,4.4,12.0,33.0,0.0
2019-01-21,0.0,-0.1,6.4,69.0,1017.3,9.9,30.0,84.0,0.0
2019-01-22,0.3,-0.4,6.8,60.0,1010.0,10.0,37.0,93.0,0.0
2019-01-23,3.6,-0.7,3.4,78.0,999.4,10.9,35.0,94.0,4.0
2019-01-24,0.9,-0.5,8.3,63.0,1000.2,12.7,39.0,36.0,1.0
2019-01-25,0.0,-1.6,7.1,59.0,1007.5,7.1,37.0,0.0,0.0
2019-01-26,0.0,-3.5,5.5,77.0,1011.4,4.8,244.0,63.0,5.0
2019-01-27,3.4,-3.0,4.8,81.0,1003.0,8.6,21.0,88.0,14.0
2019-01-28,2.7,-0.8,6.4,91.0,996.0,7.5,298.0,90.0,21.0
2019-01-29,0.0,-1.4,9.2,79.0,1005.3,6.1,2.0,46.0,9.0
2019-01-30,0.5,-1.0,5.8,74.0,1001.7,10.3,38.0,87.0,1.0
2019-01-31,1.8,-0.3,7.8,78.0,1002.6,7.4,24.0,86.0,6.0
2019-02-01,16.5,2.1,6.9,90.0,1000.0,15.3,31.0,100.0,23.0
2019-02-02,18.9,6.0,10.1,92.0,996.5,9.9,36.0,100.0,22.0
2019-02-03,17.2,5.5,8.8,89.0,1003.0,7.8,358.0,99.0,17.0
2019-02-04,0.0,2.2,10.9,67.0,1023.2,11.8,41.0,44.0,1.0
2019-02-05,0.0,-1.6,10.4,72.0,1025.4,8.6,341.0,2.0,2.0
2019-02-06,0.0,-2.3,11.6,75.0,1025.2,6.0,308.0,13.0,7.0
2019-02-07,0.0,-2.5,9.8,73.0,1020.5,4.4,344.0,48.0,5.0
2019-02-08,0.2,1.4,12.5,77.0,1019.8,5.0,6.0,63.0,8.0
2019-02-09,0.0,0.3,11.6,80.0,1020.0,4.5,145.0,62.0,7.0
2019-02-10,1.2,5.4,9.1,84.0,1016.0,7.2,36.0,99.0,10.0
2019-02-11,1.4,2.2,12.2,79.0,1009.3,8.9,286.0,71.0,12.0
2019-02-12,0.0,2.6,15.0,42.0,1024.1,10.4,324.0,18.0,0.0
2019-02-13,0.0,-1.4,11.2,66.0,1035.2,5.6,282.0,1.0,0.0
2019-02-14,0.0,-1.5,10.8,84.0,1035.3,4.5,0.0,30.0,10.0
2019-02-15,0.0,-0.3,14.6,73.0,1032.4,5.3,10.0,9.0,2.0
2019-02-16,0.0,0.4,13.3,80.0,1031.4,5.5,291.0,35.0,3.0
2019-02-17,0.0,0.6,14.4,87.0,1027.7,4.9,273.0,27.0,14.0
2019-02-18,0.0,1.3,11.5,95.0,1024.3,3.2,62.0,67.0,19.0
2019-02-19,0.0,3.5,9.4,94.0,1022.6,3.4,47.0,78.0,20.0
2019-02-20,0.0,2.8,11.3,90.0,1024.5,2.7,219.0,81.0,13.0
2019-02-21,0.0,1.9,13.7,90.0,1027.2,4.9,257.0,54.0,16.0
2019-02-22,0.0,-0.5,14.6,86.0,1025.0,5.6,317.0,22.0,13.0
2019-02-23,0.0,2.6,8.5,53.0,1034.5,14.0,111.0,25.0,0.0
2019-02-24,0.0,-1.5,7.3,57.0,1037.1,6.3,51.0,40.0,0.0
2019-02-25,0.0,-1.1,15.2,73.0,1033.7,4.4,279.0,22.0,5.0
2019-02-26,0.0,2.8,17.8,72.0,1028.6,7.7,264.0,77.0,1.0
2019-02-27,0.0,4.4,21.0,69.0,1024.7,6.2,224.0,42.0,3.0
2019-02-28,0.0,2.4,15.8,74.0,1019.1,5.9,44.0,9.0,4.0
2019-03-01,1.9,3.6,14.0,81.0,1013.2,6.8,26.0,48.0,8.0
2019-03-02,0.0,4.1,15.9,87.0,1015.0,5.3,107.0,70.0,15.0
2019-03-03,0.0,3.4,16.7,82.0,1017.8,5.5,49.0,70.0,12.0
2019-03-04,1.4,3.4,13.7,89.0,1011.4,7.1,356.0,70.0,15.0
2019-03-05,0.0,5.2,15.5,77.0,1010.8,7.8,308.0,38.0,7.0
2019-03-06,0.0,5.5,15.7,82.0,1016.8,6.9,49.0,83.0,10.0
2019-03-07,0.3,7.8,15.4,83.0,1011.9,10.4,45.0,87.0,5.0
2019-03-08,0.0,5.4,17.5,73.0,1015.6,8.6,236.0,34.0,10.0
2019-03-09,0.0,4.5,17.3,77.0,1020.2,8.3,264.0,58.0,9.0
2019-03-10,0.0,5.0,16.4,83.0,1016.8,8.1,266.0,79.0,11.0
2019-03-11,0.7,5.4,17.8,79.0,1013.6,8.9,9.0,79.0,11.0
2019-03-12,0.0,1.2,15.5,37.0,1021.9,10.0,251.0,9.0,0.0
2019-03-13,0.0,0.4,10.3,65.0,1014.6,6.9,129.0,55.0,0.0
2019-03-14,0.0,0.6,14.3,75.0,1012.5,7.4,244.0,48.0,10.0
2019-03-15,0.0,1.3,15.3,80.0,1010.2,6.6,73.0,19.0,9.0
2019-03-16,0.0,4.2,16.6,80.0,1013.8,6.1,61.0,52.0,11.0
2019-03-17,0.1,6.7,15.6,79.0,1014.0,7.0,311.0,63.0,9.0
2019-03-18,9.0,5.2,10.8,80.0,1014.0,12.0,43.0,86.0,12.0
2019-03-19,0.2,3.6,12.8,65.0,1022.8,10.6,49.0,53.0,0.0
2019-03-20,0.0,3.2,13.6,52.0,1030.2,11.3,51.0,1.0,0.0
2019-03-21,0.0,4.3,15.8,47.0,1032.3,11.4,41.0,15.0,0.0
2019-03-22,0.0,3.8,18.2,52.0,1029.8,6.8,28.0,25.0,0.0
2019-03-23,0.0,5.6,20.9,56.0,1025.6,7.0,3.0,12.0,0.0
2019-03-24,0.0,6.3,22.5,62.0,1020.9,7.0,246.0,7.0,0.0
2019-03-25,3.5,6.6,20.2,69.0,1012.2,9.0,56.0,24.0,5.0
2019-03-26,0.7,6.2,15.4,55.0,1020.6,14.9,79.0,44.0,0.0
2019-03-27,0.0,4.3,14.6,55.0,1026.6,8.9,66.0,36.0,0.0
2019-03-28,0.0,4.0,15.8,60.0,1029.7,10.6,64.0,3.0,0.0
2019-03-29,0.0,4.3,17.5,58.0,1030.2,6.3,355.0,1.0,0.0
2019-03-30,0.0,3.3,19.2,64.0,1024.8,5.1,352.0,11.0,2.0
2019-03-31,0.0,4.4,21.0,61.0,1017.9,4.4,296.0,12.0,1.0
2019-04-01,0.0,7.4,21.8,52.0,1015.9,10.5,60.0,14.0,0.0
2019-04-02,0.0,11.3,20.6,54.0,1014.2,9.7,67.0,96.0,0.0
2019-04-03,2.5,10.5,17.6,76.0,1009.1,12.4,77.0,76.0,9.0
2019-04-04,18.4,10.0,18.0,83.0,1000.9,19.6,99.0,92.0,17.0
2019-04-05,18.1,8.6,14.3,84.0,1000.3,10.1,67.0,97.0,15.0
2019-04-06,0.3,8.7,14.3,81.0,1006.9,8.0,62.0,91.0,6.0
2019-04-07,0.6,7.2,15.6,84.0,1006.2,6.8,69.0,82.0,12.0
2019-04-08,3.3,6.7,15.3,82.0,1007.0,7.0,294.0,97.0,8.0
2019-04-09,4.6,7.8,16.4,84.0,1007.1,7.0,332.0,94.0,14.0
2019-04-10,12.0,9.0,18.2,80.0,1006.2,7.2,34.0,72.0,8.0
2019-04-11,22.8,10.7,13.7,89.0,1009.4,10.5,59.0,100.0,21.0
2019-04-12,0.9,9.9,14.1,74.0,1013.6,11.0,83.0,95.0,1.0
2019-04-13,0.6,8.7,14.1,70.0,1015.0,9.1,68.0,88.0,0.0
2019-04-14,1.1,9.1,12.9,66.0,1013.7,17.1,63.0,89.0,1.0
2019-04-15,0.1,6.8,18.3,66.0,1018.9,7.9,30.0,34.0,0.0
2019-04-16,0.0,8.3,18.1,60.0,1019.7,7.8,65.0,26.0,0.0
2019-04-17,0.0,7.3,20.9,64.0,1020.3,5.2,281.0,33.0,0.0
2019-04-18,0.0,10.6,19.9,57.0,1025.0,10.2,69.0,29.0,0.0
2019-04-19,0.0,11.0,20.4,52.0,1028.9,8.2,70.0,18.0,0.0
2019-04-20,0.0,8.5,22.6,57.0,1026.6,7.2,46.0,12.0,0.0
2019-04-21,0.0,10.7,22.2,61.0,1021.2,8.1,66.0,69.0,0.0
2019-04-22,1.0,8.9,18.6,73.0,1014.8,14.8,69.0,83.0,2.0
2019-04-23,37.4,12.4,15.0,90.0,1007.2,17.4,64.0,100.0,24.0
2019-04-24,12.0,12.8,20.5,86.0,1012.9,8.4,52.0,76.0,16.0
2019-04-25,1.1,12.7,21.3,86.0,1018.1,10.5,61.0,82.0,15.0
2019-04-26,9.2,11.5,19.6,85.0,1014.6,10.4,73.0,78.0,17.0
2019-04-27,0.4,7.9,21.3,72.0,1014.5,6.8,296.0,53.0,9.0
2019-04-28,14.8,8.7,13.2,79.0,1014.1,19.9,23.0,79.0,19.0
2019-04-29,10.5,7.8,13.1,77.0,1014.1,16.8,334.0,98.0,8.0
2019-04-30,0.6,8.6,18.5,68.0,1012.7,10.0,220.0,83.0,1.0
2019-05-01,0.0,8.2,21.6,68.0,1012.9,6.3,244.0,8.0,0.0
2019-05-02,0.1,9.9,22.2,69.0,1011.5,8.2,251.0,35.0,5.0
2019-05-03,5.5,12.5,17.8,77.0,1008.8,8.3,259.0,87.0,6.0
2019-05-04,21.3,11.0,17.2,88.0,1004.8,8.3,64.0,89.0,21.0
2019-05-05,38.8,6.9,11.8,83.0,1003.0,18.8,40.0,98.0,23.0
2019-05-06,2.2,6.8,16.5,68.0,1012.1,10.1,225.0,74.0,5.0
2019-05-07,0.4,6.7,14.9,74.0,1018.6,9.8,77.0,55.0,1.0
2019-05-08,5.1,9.4,17.2,77.0,1014.9,7.5,55.0,89.0,9.0
2019-05-09,7.4,11.0,18.5,80.0,1006.1,7.5,245.0,70.0,12.0
2019-05-10,1.1,11.5,20.3,83.0,1010.7,8.6,76.0,68.0,14.0
2019-05-11,9.0,12.0,18.7,86.0,1012.9,9.8,68.0,70.0,15.0
2019-05-12,35.4,10.9,13.9,84.0,1013.5,9.5,5.0,100.0,21.0
2019-05-13,3.5,11.0,17.9,76.0,1018.6,4.9,335.0,99.0,5.0
2019-05-14,0.0,7.9,14.9,63.0,1019.5,10.7,107.0,59.0,0.0
2019-05-15,4.7,6.5,14.4,78.0,1015.4,6.6,305.0,76.0,9.0
2019-05-16,0.2,8.1,17.9,71.0,1012.8,5.7,115.0,65.0,2.0
2019-05-17,0.0,9.8,18.1,74.0,1010.4,9.9,80.0,66.0,3.0
2019-05-18,14.6,12.1,16.2,86.0,1007.3,14.8,47.0,99.0,17.0
2019-05-19,29.0,13.2,16.8,90.0,1004.9,13.0,66.0,97.0,20.0
2019-05-20,8.8,12.3,18.1,88.0,1004.8,9.4,233.0,100.0,13.0
2019-05-21,7.9,12.4,20.2,83.0,1008.7,9.7,227.0,99.0,11.0
2019-05-22,1.2,13.2,21.3,85.0,1013.6,4.1,118.0,87.0,13.0
2019-05-23,0.9,13.0,22.8,84.0,1015.4,5.6,68.0,41.0,12.0
2019-05-24,8.2,14.0,23.9,83.0,1013.6,5.0,38.0,56.0,14.0
2019-05-25,5.0,15.3,23.9,83.0,1013.8,6.3,38.0,96.0,14.0
2019-05-26,0.0,15.2,22.7,79.0,1014.2,10.0,82.0,98.0,7.0
2019-05-27,8.5,15.2,17.7,87.0,1010.6,11.0,52.0,96.0,14.0
2019-05-28,35.6,14.2,21.6,86.0,1004.7,7.4,308.0,93.0,15.0
2019-05-29,14.4,12.8,15.5,86.0,1011.2,9.0,29.0,100.0,21.0
2019-05-30,0.1,12.6,19.9,77.0,1021.6,6.4,61.0,94.0,4.0
2019-05-31,0.0,13.3,23.4,69.0,1023.5,8.2,278.0,26.0,3.0
2019-06-01,0.0,13.2,26.5,66.0,1020.4,7.6,271.0,7.0,0.0
2019-06-02,0.0,16.0,27.9,70.0,1017.5,6.6,104.0,15.0,0.0
2019-06-03,0.0,17.9,27.9,72.0,1015.5,5.1,70.0,32.0,2.0
2019-06-04,0.0,18.2,27.9,73.0,1012.5,5.7,66.0,35.0,2.0
2019-06-05,0.0,17.5,25.5,82.0,1010.1,9.1,65.0,34.0,11.0
2019-06-06,2.2,18.0,24.5,83.0,1011.6,8.8,40.0,41.0,12.0
2019-06-07,0.0,15.8,25.7,77.0,1016.4,6.9,85.0,24.0,10.0
2019-06-08,0.0,17.2,28.0,73.0,1019.0,7.0,88.0,23.0,3.0
2019-06-09,0.0,18.4,28.2,72.0,1020.1,9.2,60.0,50.0,6.0
2019-06-10,0.0,19.8,28.1,70.0,1012.8,11.8,55.0,79.0,0.0
2019-06-11,1.4,20.8,27.5,74.0,1008.5,12.2,50.0,34.0,2.0
2019-06-12,1.6,19.9,29.7,74.0,1009.4,12.1,37.0,39.0,2.0
2019-06-13,0.0,18.2,28.0,65.0,1013.6,8.1,235.0,16.0,7.0
2019-06-14,0.0,15.6,28.0,62.0,1016.8,8.7,64.0,39.0,0.0
2019-06-15,0.2,20.1,29.9,64.0,1012.9,6.7,20.0,51.0,0.0
2019-06-16,0.0,20.1,31.2,65.0,1012.3,8.3,265.0,2.0,1.0
2019-06-17,0.0,20.9,28.4,57.0,1015.3,12.8,60.0,30.0,0.0
2019-06-18,0.0,20.7,29.1,63.0,1014.7,7.0,67.0,27.0,0.0
2019-06-19,0.0,20.1,29.9,66.0,1012.2,7.4,302.0,41.0,1.0
2019-06-20,0.0,20.2,29.8,74.0,1011.4,6.6,58.0,29.0,4.0
2019-06-21,0.8,20.5,29.9,69.0,1013.7,8.5,18.0,38.0,2.0
2019-06-22,14.2,20.0,26.2,74.0,1014.4,12.4,28.0,82.0,11.0
2019-06-23,0.0,17.2,28.9,70.0,1014.0,5.2,257.0,20.0,3.0
2019-06-24,0.0,19.8,30.6,70.0,1018.0,5.1,99.0,8.0,4.0
2019-06-25,0.0,21.4,31.5,64.0,1020.9,5.4,65.0,11.0,0.0
2019-06-26,0.0,23.8,33.8,64.0,1021.7,6.3,75.0,6.0,0.0
2019-06-27,0.0,23.8,37.1,61.0,1017.1,6.5,259.0,10.0,0.0
2019-06-28,0.0,25.2,32.8,57.0,1014.9,11.2,84.0,22.0,0.0
2019-06-29,0.1,24.6,30.5,53.0,1018.4,9.2,87.0,14.0,0.0
2019-06-30,0.0,21.2,33.2,54.0,1018.5,7.4,101.0,9.0,0.0
2019-07-01,0.0,20.8,32.9,61.0,1016.6,7.2,106.0,15.0,0.0
2019-07-02,2.7,21.6,31.5,68.0,1014.2,5.3,57.0,41.0,1.0
2019-07-03,0.1,22.8,31.7,59.0,1014.7,9.4,39.0,49.0,0.0
2019-07-04,0.0,19.8,30.1,61.0,1016.8,8.0,65.0,29.0,0.0
2019-07-05,0.0,21.2,33.2,58.0,1014.5,6.7,101.0,14.0,0.0
2019-07-06,0.0,23.0,32.5,67.0,1011.3,7.6,100.0,23.0,0.0
2019-07-07,2.3,21.7,31.8,73.0,1008.3,10.7,278.0,51.0,4.0
2019-07-08,7.1,20.6,29.7,74.0,1010.8,8.9,54.0,41.0,4.0
2019-07-09,13.7,19.4,26.2,76.0,1011.7,12.0,55.0,93.0,8.0
2019-07-10,0.6,19.7,26.0,59.0,1012.2,16.7,72.0,43.0,1.0
2019-07-11,2.3,18.5,25.9,63.0,1013.7,7.2,46.0,69.0,2.0
2019-07-12,4.1,17.3,28.0,69.0,1011.9,6.1,54.0,46.0,2.0
2019-07-13,0.3,18.6,26.9,75.0,1010.3,8.9,57.0,33.0,7.0
2019-07-14,0.1,15.3,27.0,71.0,1011.6,5.7,75.0,12.0,8.0
2019-07-15,2.0,19.4,24.4,64.0,1011.1,11.1,49.0,97.0,2.0
2019-07-16,0.0,17.2,28.7,55.0,1013.1,7.4,6.0,7.0,0.0
2019-07-17,0.0,18.9,31.2,52.0,1011.9,8.6,241.0,55.0,0.0
2019-07-18,4.8,20.3,27.3,70.0,1011.7,7.6,30.0,74.0,5.0
2019-07-19,2.2,19.2,30.6,68.0,1014.8,4.5,22.0,53.0,5.0
2019-07-20,0.0,20.8,32.1,64.0,1016.7,6.5,111.0,32.0,0.0
2019-07-21,0.1,21.9,31.8,68.0,1018.4,6.1,71.0,52.0,1.0
2019-07-22,0.0,23.1,33.6,59.0,1020.4,8.1,57.0,81.0,0.0
2019-07-23,0.0,23.1,34.9,51.0,1018.3,5.1,84.0,38.0,0.0
2019-07-24,0.0,23.8,36.8,48.0,1015.6,6.9,171.0,4.0,0.0
2019-07-25,0.2,23.8,36.1,56.0,1015.0,4.6,66.0,29.0,0.0
2019-07-26,1.5,24.7,34.1,64.0,1009.9,6.3,329.0,68.0,2.0
2019-07-27,11.9,20.8,28.3,79.0,1004.1,10.7,41.0,72.0,6.0
2019-07-28,34.8,19.0,22.4,91.0,998.1,14.4,19.0,99.0,23.0
2019-07-29,0.0,20.1,29.5,83.0,1004.6,5.0,118.0,67.0,11.0
2019-07-30,2.8,22.1,30.0,84.0,1009.7,7.5,49.0,34.0,12.0
2019-07-31,0.8,22.2,29.7,80.0,1011.5,5.8,9.0,31.0,10.0
2019-08-01,0.7,21.2,29.1,77.0,1013.4,8.0,61.0,42.0,5.0
2019-08-02,2.3,20.6,26.4,83.0,1011.1,9.6,31.0,77.0,9.0
2019-08-03,0.0,17.6,28.5,73.0,1011.6,6.5,78.0,10.0,8.0
2019-08-04,0.2,19.5,26.9,71.0,1014.4,7.9,53.0,33.0,0.0
2019-08-05,0.1,20.6,28.7,72.0,1014.8,7.1,76.0,53.0,0.0
2019-08-06,1.2,21.0,28.9,76.0,1013.8,7.1,73.0,54.0,3.0
2019-08-07,0.3,20.8,28.3,78.0,1011.3,9.2,54.0,86.0,1.0
2019-08-08,1.1,20.1,30.0,78.0,1011.0,6.2,35.0,51.0,7.0
2019-08-09,0.0,21.3,31.4,73.0,1013.7,7.4,80.0,19.0,1.0
2019-08-10,0.7,22.1,31.9,77.0,1013.6,7.5,94.0,19.0,8.0
2019-08-11,0.0,23.4,31.3,73.0,1014.1,10.1,77.0,4.0,2.0
2019-08-12,0.2,23.2,31.8,74.0,1011.4,9.4,43.0,41.0,5.0
2019-08-13,16.2,21.3,30.2,76.0,1010.6,7.8,21.0,59.0,9.0
2019-08-14,4.0,19.2,27.0,62.0,1013.5,12.8,65.0,51.0,3.0
2019-08-15,0.2,19.0,26.5,62.0,1015.5,7.9,62.0,41.0,0.0
2019-08-16,1.6,16.9,27.2,68.0,1016.0,8.0,68.0,33.0,5.0
2019-08-17,0.0,17.0,28.8,69.0,1016.1,5.8,97.0,56.0,1.0
2019-08-18,0.0,18.8,29.0,76.0,1015.0,6.9,94.0,5.0,7.0
2019-08-19,0.1,20.6,29.5,77.0,1015.5,7.0,69.0,31.0,8.0
2019-08-20,0.0,22.3,31.5,69.0,1016.5,8.6,69.0,30.0,3.0
2019-08-21,12.0,21.6,32.6,69.0,1017.8,12.9,38.0,65.0,8.0
2019-08-22,1.3,21.4,28.0,64.0,1020.5,11.0,46.0,77.0,1.0
2019-08-23,4.2,21.8,27.2,72.0,1020.7,11.3,34.0,95.0,5.0
2019-08-24,14.7,20.9,28.5,77.0,1018.9,7.4,15.0,80.0,4.0
2019-08-25,0.0,20.2,29.4,69.0,1017.3,7.2,18.0,53.0,0.0
2019-08-26,0.0,22.1,29.7,68.0,1017.3,8.7,38.0,33.0,0.0
2019-08-27,0.0,21.3,30.5,69.0,1017.1,6.5,46.0,35.0,0.0
2019-08-28,0.0,22.2,30.2,69.0,1016.7,5.5,55.0,95.0,0.0
2019-08-29,0.0,20.6,31.6,69.0,1016.6,4.4,277.0,50.0,3.0
2019-08-30,0.3,21.8,31.4,62.0,1018.2,10.1,36.0,31.0,0.0
2019-08-31,4.2,22.1,30.5,69.0,1016.1,11.9,16.0,87.0,4.0
2019-09-01,1.0,19.8,31.0,68.0,1011.8,5.1,330.0,60.0,1.0
2019-09-02,7.9,21.0,28.1,74.0,1012.7,10.4,8.0,74.0,6.0
2019-09-03,1.5,17.6,26.0,60.0,1019.4,14.1,70.0,21.0,1.0
2019-09-04,0.0,17.2,26.3,55.0,1018.4,6.9,38.0,4.0,0.0
2019-09-05,0.0,16.7,28.4,59.0,1012.4,7.9,40.0,10.0,0.0
2019-09-06,29.4,16.7,22.8,65.0,1015.0,19.6,50.0,85.0,11.0
2019-09-07,10.0,16.1,23.3,77.0,1014.4,7.5,359.0,64.0,6.0
2019-09-08,33.7,15.4,18.9,87.0,1012.4,13.9,39.0,72.0,17.0
2019-09-09,1.6,13.4,22.9,76.0,1012.0,7.6,231.0,35.0,8.0
2019-09-10,0.7,14.8,23.3,74.0,1016.7,13.2,47.0,52.0,1.0
2019-09-11,0.0,14.6,24.8,68.0,1020.5,6.9,0.0,37.0,0.0
2019-09-12,0.0,15.6,27.1,65.0,1026.8,5.0,339.0,4.0,0.0
2019-09-13,0.0,16.4,26.7,70.0,1029.0,6.5,64.0,6.0,0.0
2019-09-14,0.0,17.4,27.2,73.0,1027.6,6.4,69.0,14.0,8.0
2019-09-15,0.0,17.7,27.8,73.0,1024.1,6.6,77.0,28.0,0.0
2019-09-16,0.0,16.9,28.7,77.0,1018.3,5.1,207.0,9.0,8.0
2019-09-17,0.0,18.0,27.0,79.0,1014.0,4.6,71.0,29.0,4.0
2019-09-18,17.0,15.8,22.9,89.0,1015.7,13.8,53.0,83.0,20.0
2019-09-19,17.5,14.1,22.7,53.0,1020.1,17.6,64.0,56.0,4.0
2019-09-20,0.0,13.4,19.8,51.0,1025.6,12.0,53.0,27.0,0.0
2019-09-21,0.0,11.0,21.5,56.0,1024.2,7.7,48.0,25.0,0.0
2019-09-22,2.9,13.1,18.4,75.0,1018.6,6.3,15.0,84.0,7.0
2019-09-23,5.9,13.4,17.9,86.0,1013.2,4.3,297.0,92.0,14.0
2019-09-24,0.0,15.0,24.1,73.0,1012.7,6.9,232.0,55.0,3.0
2019-09-25,16.3,14.1,21.9,87.0,1010.1,6.7,42.0,64.0,15.0
2019-09-26,0.1,14.3,24.4,78.0,1014.0,5.6,92.0,27.0,9.0
2019-09-27,0.0,14.2,23.2,81.0,1016.8,5.1,65.0,69.0,9.0
2019-09-28,0.2,16.8,25.6,82.0,1015.8,6.7,21.0,56.0,13.0
2019-09-29,0.0,16.0,25.3,80.0,1014.5,7.8,270.0,35.0,10.0
2019-09-30,0.0,16.4,24.9,75.0,1010.1,9.0,271.0,15.0,0.0
2019-10-01,0.4,18.1,24.2,86.0,1011.2,8.7,58.0,52.0,11.0
2019-10-02,3.5,15.4,22.3,88.0,1004.5,6.7,18.0,72.0,17.0
2019-10-03,5.4,12.4,18.4,61.0,1011.6,11.5,76.0,42.0,6.0
2019-10-04,0.0,11.0,17.1,67.0,1013.9,6.5,19.0,82.0,0.0
2019-10-05,0.0,10.5,19.7,73.0,1009.8,6.4,35.0,35.0,0.0
2019-10-06,2.5,12.7,18.1,75.0,1014.5,11.5,34.0,71.0,7.0
2019-10-07,1.1,12.9,19.7,61.0,1012.9,14.8,54.0,63.0,1.0
2019-10-08,0.0,11.2,18.3,67.0,1019.4,8.1,45.0,47.0,0.0
2019-10-09,1.7,10.9,19.4,82.0,1016.4,6.3,16.0,52.0,12.0
2019-10-10,0.0,13.2,20.5,83.0,1015.7,6.0,284.0,65.0,10.0
2019-10-11,0.0,12.0,20.6,75.0,1022.9,7.2,28.0,14.0,5.0
2019-10-12,0.0,10.0,20.5,83.0,1023.1,5.4,225.0,36.0,11.0
2019-10-13,0.0,11.4,21.0,87.0,1023.1,4.9,274.0,91.0,15.0
2019-10-14,0.0,12.8,21.5,89.0,1021.4,5.2,158.0,78.0,16.0
2019-10-15,6.5,15.0,21.0,91.0,1014.9,8.8,67.0,82.0,18.0
2019-10-16,0.6,13.3,21.0,84.0,1014.6,5.8,260.0,38.0,12.0
2019-10-17,0.0,12.6,21.2,81.0,1018.6,5.7,282.0,46.0,10.0
2019-10-18,0.6,12.5,20.0,82.0,1017.3,5.6,247.0,70.0,8.0
2019-10-19,0.5,14.3,21.0,86.0,1016.1,7.6,45.0,71.0,11.0
2019-10-20,0.0,14.1,22.0,85.0,1017.8,8.4,56.0,41.0,12.0
2019-10-21,1.8,16.9,23.1,88.0,1021.4,12.4,53.0,75.0,14.0
2019-10-22,0.0,14.6,22.7,89.0,1022.5,3.6,2.0,49.0,14.0
2019-10-23,0.0,13.5,23.4,89.0,1019.6,4.5,204.0,56.0,16.0
2019-10-24,2.7,15.4,20.5,89.0,1016.4,8.1,46.0,96.0,14.0
2019-10-25,0.0,13.5,22.5,83.0,1019.0,5.9,13.0,64.0,11.0
2019-10-26,0.0,10.9,22.4,74.0,1022.5,6.4,299.0,0.0,3.0
2019-10-27,0.0,9.7,19.5,88.0,1020.5,3.4,331.0,37.0,14.0
2019-10-28,0.0,11.7,19.1,91.0,1016.6,4.5,14.0,87.0,16.0
2019-10-29,10.0,12.3,15.9,91.0,1015.9,9.0,34.0,91.0,20.0
2019-10-30,0.3,11.6,14.9,61.0,1021.2,15.3,47.0,99.0,1.0
2019-10-31,0.0,8.8,13.8,61.0,1021.4,13.6,50.0,92.0,0.0
2019-11-01,0.0,6.5,14.0,67.0,1018.8,8.6,40.0,53.0,0.0
2019-11-02,5.1,9.8,11.4,83.0,1009.3,6.1,29.0,100.0,12.0
2019-11-03,21.9,10.8,14.7,94.0,996.1,10.2,28.0,100.0,24.0
2019-11-04,0.9,9.8,16.9,88.0,996.5,7.9,274.0,56.0,13.0
2019-11-05,11.0,11.2,17.2,88.0,997.7,7.9,344.0,50.0,16.0
2019-11-06,0.4,8.4,14.2,87.0,1002.3,6.5,355.0,70.0,11.0
2019-11-07,0.1,7.4,15.0,85.0,1007.3,6.1,26.0,55.0,12.0
2019-11-08,24.5,9.7,11.3,88.0,1004.2,15.6,39.0,100.0,16.0
2019-11-09,15.1,6.0,13.2,83.0,1007.9,7.9,320.0,69.0,9.0
2019-11-10,0.0,4.4,14.6,79.0,1010.2,6.1,357.0,24.0,7.0
2019-11-11,7.6,6.2,9.6,82.0,1013.6,14.7,36.0,99.0,8.0
2019-11-12,34.9,9.1,11.5,86.0,1001.6,20.4,30.0,100.0,22.0
2019-11-13,7.6,5.6,14.0,80.0,997.9,13.0,27.0,69.0,9.0
2019-11-14,0.4,4.6,13.1,69.0,1008.2,12.9,38.0,45.0,4.0
2019-11-15,38.1,8.1,14.5,89.0,1003.2,18.1,87.0,96.0,24.0
2019-11-16,7.3,6.8,14.1,86.0,1010.4,8.6,33.0,84.0,13.0
2019-11-17,31.9,8.6,16.1,86.0,1004.1,18.7,53.0,99.0,12.0
2019-11-18,10.7,3.7,13.3,82.0,1011.9,9.2,47.0,50.0,10.0
2019-11-19,19.2,8.1,11.6,89.0,1015.5,20.4,36.0,99.0,20.0
2019-11-20,6.5,8.1,14.8,87.0,1012.8,10.1,321.0,97.0,15.0
2019-11-21,0.2,6.4,11.6,93.0,1012.5,4.7,310.0,79.0,16.0
2019-11-22,12.7,7.8,12.5,92.0,1013.4,11.1,38.0,75.0,24.0
2019-11-23,8.5,9.6,11.6,93.0,1009.4,18.7,37.0,99.0,24.0
2019-11-24,31.0,11.1,13.7,92.0,1007.5,22.0,41.0,100.0,23.0
2019-11-25,0.0,9.2,17.6,75.0,1008.3,10.4,38.0,42.0,3.0
2019-11-26,0.0,7.1,14.3,85.0,1009.5,7.1,38.0,48.0,12.0
2019-11-27,10.6,7.0,11.2,91.0,1006.1,9.4,31.0,97.0,20.0
2019-11-28,0.0,7.8,12.7,93.0,1003.5,7.8,243.0,69.0,19.0
2019-11-29,0.2,5.2,11.7,95.0,1008.3,5.5,352.0,69.0,20.0
2019-11-30,0.3,5.5,12.0,89.0,1017.8,8.0,37.0,72.0,13.0
2019-12-01,1.6,6.7,9.2,67.0,1020.8,13.9,37.0,94.0,2.0
2019-12-02,9.3,8.0,11.9,87.0,1016.0,8.7,51.0,96.0,16.0
2019-12-03,0.0,3.3,9.1,63.0,1025.0,11.1,42.0,37.0,0.0
2019-12-04,0.0,0.5,7.8,72.0,1026.5,9.8,24.0,2.0,3.0
2019-12-05,0.0,-0.3,8.4,70.0,1026.1,8.4,20.0,15.0,0.0
2019-12-06,0.0,1.0,8.7,81.0,1024.4,4.4,307.0,45.0,4.0
2019-12-07,0.0,1.1,8.6,90.0,1019.5,4.9,292.0,47.0,16.0
2019-12-08,0.0,-0.1,9.8,84.0,1019.7,5.1,293.0,37.0,11.0
2019-12-09,0.5,2.3,8.5,90.0,1009.6,5.9,332.0,73.0,16.0
2019-12-10,0.0,0.8,12.0,78.0,1016.5,7.9,4.0,15.0,10.0
2019-12-11,0.0,-1.7,6.8,58.0,1017.8,7.2,353.0,31.0,0.0
2019-12-12,3.9,-1.7,4.0,82.0,1006.1,7.1,334.0,96.0,10.0
2019-12-13,9.0,-0.4,3.3,95.0,992.7,11.9,350.0,84.0,23.0
2019-12-14,0.0,-1.8,8.0,86.0,1000.8,6.0,294.0,17.0,9.0
2019-12-15,0.0,0.7,8.9,78.0,1014.3,7.1,3.0,46.0,2.0
2019-12-16,0.1,2.9,10.4,85.0,1020.4,5.7,9.0,74.0,8.0
2019-12-17,0.8,6.4,11.6,92.0,1020.0,9.1,25.0,99.0,22.0
2019-12-18,0.4,9.5,15.3,95.0,1022.5,7.5,35.0,97.0,20.0
2019-12-19,2.6,10.8,14.0,93.0,1020.6,13.7,37.0,99.0,21.0
2019-12-20,9.4,9.1,11.0,96.0,1010.1,6.3,83.0,95.0,24.0
2019-12-21,23.8,8.3,13.5,91.0,994.5,13.9,255.0,68.0,18.0
2019-12-22,26.1,4.6,10.8,91.0,989.3,13.7,355.0,85.0,20.0
2019-12-23,0.0,2.6,15.0,76.0,1001.8,10.5,277.0,52.0,10.0
2019-12-24,0.3,2.0,11.2,69.0,1014.2,6.7,287.0,35.0,4.0
2019-12-25,0.0,-0.5,9.4,88.0,1015.0,5.1,27.0,6.0,13.0
2019-12-26,0.0,-0.3,12.0,77.0,1021.9,6.9,359.0,32.0,6.0
2019-12-27,0.0,3.1,10.6,80.0,1023.0,7.3,10.0,57.0,2.0
2019-12-28,0.0,3.8,10.8,78.0,1031.3,6.9,56.0,59.0,2.0
2019-12-29,0.0,1.6,6.2,82.0,1035.2,6.2,48.0,58.0,4.0
2019-12-30,0.0,-1.6,5.6,79.0,1036.7,5.6,351.0,17.0,4.0
2019-12-31,0.0,-1.1,6.5,91.0,1030.9,4.8,248.0,42.0,15.0
2020-01-01,0.0,-1.1,9.9,83.0,1031.7,6.3,11.0,19.0,10.0
2020-01-02,0.0,-1.6,10.4,82.0,1032.3,7.9,284.0,10.0,6.0
2020-01-03,0.0,-0.8,6.3,89.0,1027.9,3.7,280.0,65.0,13.0
2020-01-04,0.0,-1.8,9.2,90.0,1023.7,5.3,273.0,57.0,15.0
2020-01-05,0.0,-0.3,12.6,71.0,1028.1,7.7,37.0,8.0,3.0
2020-01-06,0.0,-1.0,7.1,86.0,1032.3,5.3,6.0,38.0,13.0
2020-01-07,0.2,-2.9,3.9,95.0,1028.0,4.5,277.0,58.0,22.0
2020-01-08,0.0,-2.5,8.5,86.0,1030.9,4.9,272.0,16.0,14.0
2020-01-09,0.0,-2.0,8.7,86.0,1027.6,6.6,257.0,34.0,14.0
2020-01-10,0.0,-3.2,6.4,90.0,1025.0,3.8,7.0,50.0,16.0
2020-01-11,0.0,-1.8,11.8,82.0,1028.3,6.3,350.0,1.0,10.0
2020-01-12,0.0,-1.0,8.1,81.0,1029.4,6.3,20.0,3.0,4.0
2020-01-13,0.0,-1.5,8.6,82.0,1026.6,5.6,351.0,67.0,8.0
2020-01-14,0.0,0.2,5.0,94.0,1026.1,4.6,253.0,77.0,22.0
2020-01-15,0.0,0.7,6.6,87.0,1028.9,4.1,288.0,89.0,13.0
2020-01-16,0.0,-0.7,9.6,88.0,1030.6,4.6,324.0,50.0,15.0
2020-01-17,0.0,-0.3,11.3,84.0,1025.6,5.2,265.0,19.0,10.0
2020-01-18,10.2,4.7,7.8,90.0,1023.0,8.0,24.0,98.0,20.0
2020-01-19,0.1,4.0,10.5,80.0,1028.2,6.5,34.0,80.0,11.0
2020-01-20,0.0,0.9,9.8,50.0,1040.6,11.2,47.0,52.0,0.0
2020-01-21,0.0,-2.0,8.0,70.0,1042.3,6.5,329.0,38.0,0.0
2020-01-22,0.0,-2.0,7.3,82.0,1034.3,6.6,254.0,61.0,8.0
2020-01-23,0.0,-1.7,8.9,76.0,1031.6,8.9,22.0,2.0,2.0
2020-01-24,0.0,0.3,7.7,74.0,1028.0,4.0,48.0,21.0,1.0
2020-01-25,1.6,0.6,7.9,77.0,1024.7,4.7,322.0,98.0,6.0
2020-01-26,1.5,4.8,10.3,93.0,1021.5,4.1,258.0,94.0,18.0
2020-01-27,0.0,2.6,10.1,93.0,1019.0,4.0,256.0,94.0,19.0
2020-01-28,0.3,5.0,9.7,90.0,1008.2,10.0,259.0,77.0,13.0
2020-01-29,0.0,2.1,11.4,85.0,1009.0,9.2,265.0,26.0,10.0
2020-01-30,0.0,1.4,11.4,87.0,1018.5,6.4,25.0,63.0,16.0
2020-01-31,0.0,1.8,7.5,95.0,1019.1,3.6,338.0,83.0,20.0
2020-02-01,0.2,4.9,9.7,87.0,1018.6,3.9,319.0,81.0,7.0
2020-02-02,0.0,4.7,8.6,94.0,1018.3,3.0,245.0,91.0,19.0
2020-02-03,0.1,5.2,9.3,92.0,1016.4,4.7,34.0,91.0,19.0
2020-02-04,0.4,4.4,16.2,73.0,1007.6,9.0,300.0,61.0,12.0
2020-02-05,0.0,3.0,13.3,31.0,1018.4,16.6,333.0,3.0,0.0
2020-02-06,0.0,-2.2,10.7,54.0,1028.8,7.5,251.0,0.0,0.0
2020-02-07,0.0,-2.4,10.1,76.0,1026.9,5.2,356.0,0.0,3.0
2020-02-08,0.0,0.4,10.6,65.0,1028.8,7.6,29.0,22.0,0.0
2020-02-09,0.0,-1.1,10.5,76.0,1029.5,5.6,272.0,47.0,0.0
2020-02-10,0.3,4.8,10.7,86.0,1016.1,6.6,227.0,75.0,7.0
2020-02-11,0.0,3.5,13.3,87.0,1007.6,6.3,3.0,32.0,13.0
2020-02-12,0.0,3.6,13.6,87.0,1016.2,6.0,56.0,35.0,16.0
2020-02-13,0.0,2.7,12.7,77.0,1019.3,8.0,44.0,58.0,7.0
2020-02-14,3.8,3.8,15.3,82.0,1017.1,8.4,266.0,20.0,11.0
2020-02-15,0.0,2.8,13.6,80.0,1027.4,7.6,43.0,45.0,8.0
2020-02-16,0.0,2.2,13.0,86.0,1028.3,5.5,36.0,71.0,14.0
2020-02-17,0.1,5.0,10.6,92.0,1025.3,3.7,126.0,88.0,17.0
2020-02-18,0.3,7.5,14.4,88.0,1023.5,5.2,33.0,72.0,15.0
2020-02-19,0.3,4.2,13.0,81.0,1020.8,7.1,1.0,43.0,9.0
2020-02-20,0.0,-0.1,13.0,66.0,1024.5,7.7,84.0,4.0,0.0
2020-02-21,0.0,-0.4,12.8,80.0,1024.5,5.9,25.0,14.0,8.0
2020-02-22,0.0,3.1,13.7,69.0,1031.1,6.5,34.0,38.0,1.0
2020-02-23,0.0,1.4,12.4,83.0,1025.9,3.7,300.0,68.0,9.0
2020-02-24,0.0,5.5,13.7,88.0,1019.7,7.9,61.0,72.0,15.0
2020-02-25,0.2,4.3,14.4,91.0,1010.5,5.7,238.0,89.0,16.0
2020-02-26,0.1,5.8,16.8,73.0,998.7,15.1,274.0,66.0,9.0
2020-02-27,0.0,-0.1,12.9,55.0,1007.5,6.7,222.0,43.0,0.0
2020-02-28,0.0,3.8,15.5,40.0,1012.9,11.9,286.0,10.0,0.0
2020-02-29,0.0,2.4,11.9,62.0,1016.3,6.8,32.0,91.0,0.0
2020-03-01,12.4,6.5,9.0,88.0,1006.9,9.6,18.0,97.0,15.0
2020-03-02,16.9,5.4,9.7,90.0,999.4,16.8,45.0,69.0,19.0
2020-03-03,21.5,6.1,11.4,89.0,997.2,10.2,31.0,72.0,24.0
2020-03-04,1.1,3.2,12.7,73.0,1010.6,7.2,42.0,35.0,3.0
2020-03-05,3.1,2.0,11.6,81.0,1010.4,7.4,53.0,70.0,12.0
2020-03-06,17.7,3.4,12.2,81.0,999.6,16.2,325.0,76.0,12.0
2020-03-07,2.0,5.1,14.8,79.0,1010.8,6.2,358.0,62.0,10.0
2020-03-08,0.0,2.1,13.4,65.0,1020.2,7.6,92.0,5.0,0.0
2020-03-09,0.3,2.8,12.1,79.0,1014.6,5.8,5.0,93.0,5.0
2020-03-10,0.0,4.7,14.7,79.0,1017.0,5.5,252.0,65.0,7.0
2020-03-11,0.0,3.3,15.1,81.0,1018.6,5.3,60.0,9.0,12.0
2020-03-12,0.0,5.1,15.4,80.0,1019.5,7.0,281.0,50.0,8.0
2020-03-13,0.1,8.0,15.9,86.0,1015.4,5.6,19.0,85.0,11.0
2020-03-14,1.1,9.0,13.9,60.0,1018.5,17.9,45.0,96.0,1.0
2020-03-15,0.0,4.8,13.8,59.0,1024.5,10.4,64.0,8.0,0.0
2020-03-16,0.0,2.5,14.5,56.0,1026.8,7.1,66.0,0.0,0.0
2020-03-17,0.0,2.0,15.4,76.0,1030.5,5.2,251.0,24.0,7.0
2020-03-18,0.0,4.5,19.4,75.0,1028.4,5.2,342.0,17.0,10.0
2020-03-19,0.0,7.1,20.0,72.0,1025.1,6.5,52.0,0.0,0.0
2020-03-20,0.8,7.0,17.1,85.0,1022.0,7.2,78.0,20.0,13.0
2020-03-21,0.0,8.0,16.0,86.0,1016.4,6.1,68.0,50.0,13.0
2020-03-22,0.8,7.8,13.6,59.0,1020.3,21.1,77.0,82.0,4.0
2020-03-23,0.0,2.8,7.9,38.0,1028.3,14.5,93.0,42.0,0.0
2020-03-24,0.0,-0.8,10.8,40.0,1026.3,9.2,77.0,37.0,0.0
2020-03-25,0.3,2.6,8.7,43.0,1022.1,23.3,67.0,52.0,1.0
2020-03-26,0.4,3.6,9.3,45.0,1016.4,25.0,51.0,98.0,0.0
2020-03-27,0.0,9.1,14.8,52.0,1016.0,17.8,60.0,90.0,0.0
2020-03-28,0.0,6.3,17.8,57.0,1015.0,6.3,11.0,20.0,0.0
2020-03-29,0.6,6.9,19.0,71.0,1012.8,5.9,348.0,62.0,4.0
2020-03-30,1.5,5.6,13.4,62.0,1015.6,22.5,61.0,87.0,3.0
2020-03-31,0.8,4.6,10.4,47.0,1022.4,15.7,78.0,69.0,1.0
2020-04-01,0.0,1.2,10.3,47.0,1022.0,8.9,64.0,6.0,0.0
2020-04-02,0.0,-0.4,13.4,63.0,1015.4,5.5,260.0,0.0,0.0
2020-04-03,0.0,1.2,15.5,65.0,1014.3,3.8,298.0,0.0,1.0
2020-04-04,0.0,5.3,17.5,55.0,1020.7,8.7,76.0,5.0,0.0
2020-04-05,0.0,8.5,19.4,45.0,1024.6,13.7,53.0,4.0,0.0
2020-04-06,0.0,9.9,21.4,41.0,1026.1,12.6,52.0,0.0,0.0
2020-04-07,0.0,8.4,19.3,39.0,1029.0,11.3,65.0,0.0,0.0
2020-04-08,0.0,9.0,20.7,34.0,1027.0,10.7,54.0,0.0,0.0
2020-04-09,0.0,7.4,21.9,46.0,1022.6,6.2,349.0,0.0,0.0
2020-04-10,0.0,6.7,24.4,53.0,1021.7,6.2,267.0,0.0,0.0
2020-04-11,0.0,8.5,24.9,51.0,1021.0,6.2,155.0,3.0,0.0
2020-04-12,0.0,9.2,24.3,52.0,1019.1,7.4,92.0,26.0,0.0
2020-04-13,0.0,10.3,23.2,55.0,1014.2,9.0,267.0,92.0,0.0
2020-04-14,0.5,9.4,18.3,60.0,1014.0,15.7,79.0,55.0,1.0
2020-04-15,0.0,8.7,15.3,49.0,1025.3,7.7,70.0,37.0,0.0
2020-04-16,0.0,4.2,19.8,56.0,1022.1,7.8,237.0,58.0,0.0
2020-04-17,0.0,5.9,21.0,67.0,1018.5,5.8,95.0,34.0,1.0
2020-04-18,0.0,8.6,22.2,71.0,1016.6,6.3,81.0,63.0,7.0
2020-04-19,0.0,9.9,22.5,68.0,1013.7,8.1,84.0,74.0,4.0
2020-04-20,2.4,13.4,18.2,59.0,1013.6,19.9,61.0,100.0,5.0
2020-04-21,0.7,13.7,19.4,33.0,1014.1,22.3,69.0,86.0,1.0
2020-04-22,0.0,12.7,21.1,35.0,1017.3,19.9,71.0,3.0,0.0
2020-04-23,0.0,11.4,21.3,41.0,1018.8,10.7,71.0,2.0,0.0
2020-04-24,0.0,8.2,23.0,47.0,1014.2,9.0,235.0,28.0,0.0
2020-04-25,0.0,9.6,24.4,62.0,1008.4,7.0,15.0,34.0,0.0
2020-04-26,1.9,13.2,20.5,71.0,1009.4,10.9,71.0,46.0,4.0
2020-04-27,0.6,11.3,22.3,72.0,1011.6,6.5,84.0,41.0,9.0
2020-04-28,4.2,13.5,19.6,85.0,1010.3,6.9,60.0,83.0,14.0
2020-04-29,2.1,12.1,20.3,83.0,1007.4,7.8,338.0,55.0,13.0
2020-04-30,2.4,9.8,20.7,78.0,1010.1,7.5,88.0,64.0,14.0
2020-05-01,3.3,10.8,19.0,83.0,1007.0,7.0,143.0,81.0,11.0
2020-05-02,0.1,11.6,21.5,78.0,1007.2,5.9,60.0,54.0,9.0
2020-05-03,1.8,12.0,21.5,56.0,1014.0,12.6,93.0,22.0,3.0
2020-05-04,0.0,9.6,23.3,55.0,1018.2,6.0,148.0,23.0,0.0
2020-05-05,0.1,11.1,21.4,70.0,1014.1,6.2,40.0,70.0,0.0
2020-05-06,0.8,12.4,20.0,64.0,1016.1,12.1,76.0,59.0,2.0
2020-05-07,0.0,9.8,23.3,58.0,1021.7,7.3,213.0,7.0,1.0
2020-05-08,0.0,10.2,24.2,55.0,1020.3,7.1,103.0,61.0,0.0
2020-05-09,0.0,12.4,25.1,64.0,1015.4,7.0,72.0,39.0,0.0
2020-05-10,0.8,15.3,22.4,72.0,1011.5,11.7,60.0,78.0,2.0
2020-05-11,16.1,15.0,21.5,83.0,1005.5,9.3,83.0,86.0,15.0
2020-05-12,6.7,11.2,22.9,77.0,1008.7,12.9,113.0,65.0,11.0
2020-05-13,2.3,11.2,20.3,79.0,1011.9,12.5,51.0,85.0,4.0
2020-05-14,1.2,12.5,23.3,77.0,1008.1,7.7,79.0,60.0,9.0
2020-05-15,10.6,15.4,21.8,78.0,1009.4,12.0,20.0,63.0,10.0
2020-05-16,2.3,14.0,21.0,73.0,1018.7,13.1,54.0,94.0,8.0
2020-05-17,2.5,13.9,25.0,71.0,1017.3,10.2,38.0,51.0,4.0
2020-05-18,0.0,16.5,25.6,63.0,1019.2,11.2,54.0,71.0,0.0
2020-05-19,13.9,16.9,24.1,66.0,1014.8,14.8,58.0,89.0,11.0
2020-05-20,0.9,15.0,24.7,72.0,1013.3,7.4,110.0,74.0,2.0
2020-05-21,0.1,14.8,24.5,66.0,1018.4,7.7,172.0,33.0,4.0
2020-05-22,0.0,16.4,25.0,59.0,1023.1,6.8,102.0,75.0,0.0
2020-05-23,0.1,16.0,24.9,63.0,1022.1,7.9,76.0,72.0,0.0
2020-05-24,4.1,15.9,23.3,61.0,1024.4,9.2,93.0,67.0,5.0
2020-05-25,0.0,13.3,26.1,53.0,1025.5,7.6,199.0,35.0,0.0
2020-05-26,0.2,14.8,23.9,58.0,1027.3,11.4,84.0,25.0,0.0
2020-05-27,0.0,11.9,24.4,55.0,1029.1,5.9,198.0,11.0,3.0
2020-05-28,2.9,15.0,24.4,45.0,1024.1,5.8,17.0,55.0,2.0
2020-05-29,10.4,12.2,21.9,60.0,1021.6,10.4,47.0,42.0,6.0
2020-05-30,0.0,14.2,22.0,52.0,1017.6,10.9,62.0,45.0,0.0
2020-05-31,0.1,15.8,21.5,59.0,1016.6,7.4,58.0,92.0,0.0
2020-06-01,0.0,13.8,26.1,54.0,1017.2,5.3,131.0,31.0,2.0
2020-06-02,0.1,16.9,28.0,49.0,1013.7,6.7,312.0,42.0,0.0
2020-06-03,0.5,15.4,28.0,63.0,1008.1,6.6,34.0,60.0,1.0
2020-06-04,29.4,15.7,20.6,87.0,1002.3,10.0,140.0,92.0,16.0
2020-06-05,12.5,15.8,22.1,82.0,998.0,7.7,30.0,59.0,11.0
2020-06-06,1.0,15.9,24.0,81.0,1006.1,11.9,58.0,48.0,9.0
2020-06-07,6.4,16.5,25.2,83.0,1006.6,8.2,40.0,75.0,17.0
2020-06-08,35.7,16.4,21.2,88.0,1007.7,10.8,46.0,90.0,20.0
2020-06-09,11.6,15.5,21.9,84.0,1009.4,9.1,41.0,89.0,13.0
2020-06-10,12.1,14.7,20.4,87.0,1009.7,4.3,24.0,80.0,15.0
2020-06-11,11.3,14.0,19.8,85.0,1010.4,6.2,45.0,67.0,12.0
2020-06-12,0.0,11.9,24.4,75.0,1011.8,6.9,237.0,44.0,9.0
2020-06-13,0.1,13.4,26.3,73.0,1010.9,6.0,233.0,24.0,6.0
2020-06-14,8.0,17.1,23.5,79.0,1009.9,7.6,226.0,71.0,12.0
2020-06-15,8.7,17.5,21.8,88.0,1012.4,5.1,127.0,86.0,19.0
2020-06-16,8.2,17.0,25.0,81.0,1012.4,4.1,259.0,83.0,9.0
2020-06-17,4.3,17.6,24.6,82.0,1009.9,7.4,241.0,71.0,6.0
2020-06-18,0.1,16.8,26.1,74.0,1010.6,10.7,254.0,14.0,1.0
2020-06-19,1.2,15.8,25.6,76.0,1013.7,7.7,267.0,42.0,8.0
2020-06-20,0.0,14.7,26.0,70.0,1015.9,7.0,250.0,9.0,8.0
2020-06-21,0.0,16.6,27.5,69.0,1014.5,7.9,71.0,44.0,1.0
2020-06-22,0.0,16.9,30.4,61.0,1016.1,5.4,232.0,12.0,0.0
2020-06-23,0.0,18.9,30.4,62.0,1017.7,7.1,82.0,12.0,1.0
2020-06-24,2.3,19.1,25.8,63.0,1019.4,10.9,84.0,36.0,3.0
2020-06-25,6.9,18.2,24.1,79.0,1018.5,11.6,57.0,57.0,8.0
2020-06-26,0.0,17.1,28.1,74.0,1017.2,6.9,73.0,36.0,1.0
2020-06-27,0.0,18.9,28.4,76.0,1015.6,6.7,86.0,16.0,5.0
2020-06-28,0.3,19.2,30.6,76.0,1014.7,6.3,78.0,15.0,8.0
2020-06-29,0.1,20.4,31.2,73.0,1010.3,10.8,21.0,22.0,7.0
2020-06-30,0.0,21.5,28.7,63.0,1011.5,12.0,58.0,21.0,0.0
2020-07-01,1.8,22.1,29.9,75.0,1011.1,7.1,38.0,46.0,7.0
2020-07-02,0.7,20.8,28.9,77.0,1010.3,4.2,54.0,64.0,6.0
2020-07-03,1.1,20.7,28.1,67.0,1012.2,13.0,46.0,69.0,4.0
2020-07-04,0.0,20.4,28.2,53.0,1016.5,10.7,68.0,35.0,0.0
2020-07-05,0.0,19.3,30.5,56.0,1016.0,5.6,87.0,8.0,0.0
2020-07-06,0.0,19.9,32.3,58.0,1009.9,6.0,39.0,14.0,1.0
2020-07-07,8.3,17.3,25.6,53.0,1015.0,16.3,80.0,27.0,6.0
2020-07-08,0.0,17.2,28.1,56.0,1017.2,9.3,83.0,22.0,0.0
2020-07-09,0.0,16.6,30.6,52.0,1016.6,4.3,74.0,31.0,0.0
2020-07-10,0.0,19.0,32.4,59.0,1014.3,6.9,109.0,31.0,1.0
2020-07-11,3.3,18.9,29.4,69.0,1014.0,12.5,49.0,71.0,3.0
2020-07-12,0.0,17.8,26.8,52.0,1020.7,13.8,70.0,11.0,0.0
2020-07-13,0.0,19.2,26.6,42.0,1020.4,12.5,62.0,51.0,0.0
2020-07-14,0.0,18.4,26.4,42.0,1015.8,10.5,81.0,54.0,0.0
2020-07-15,0.2,17.9,28.3,48.0,1013.2,7.3,110.0,54.0,0.0
2020-07-16,2.3,19.0,27.6,63.0,1013.6,7.7,57.0,41.0,2.0
2020-07-17,4.1,18.8,25.5,73.0,1013.8,11.1,65.0,67.0,7.0
2020-07-18,2.6,16.7,26.5,62.0,1015.8,7.7,39.0,31.0,3.0
2020-07-19,0.0,16.4,28.0,66.0,1015.4,5.8,100.0,17.0,6.0
2020-07-20,0.0,18.3,31.0,60.0,1016.1,7.0,102.0,18.0,0.0
2020-07-21,0.0,20.4,32.8,61.0,1018.0,6.6,80.0,23.0,1.0
2020-07-22,0.1,20.8,32.0,66.0,1016.5,5.1,37.0,57.0,2.0
2020-07-23,3.5,20.5,31.2,67.0,1013.0,5.0,293.0,42.0,6.0
2020-07-24,19.6,19.4,24.3,77.0,1011.2,12.4,0.0,94.0,9.0
2020-07-25,0.0,16.6,29.0,65.0,1012.5,7.4,234.0,39.0,1.0
2020-07-26,0.0,18.1,29.6,71.0,1013.8,7.9,67.0,55.0,4.0
2020-07-27,0.0,20.3,31.5,62.0,1016.4,6.4,65.0,16.0,0.0
2020-07-28,0.0,20.4,33.0,59.0,1014.7,6.0,125.0,6.0,0.0
2020-07-29,0.0,22.7,34.3,59.0,1014.3,6.5,81.0,24.0,0.0
2020-07-30,0.0,23.1,35.2,63.0,1016.2,6.9,12.0,35.0,1.0
2020-07-31,1.2,24.3,36.1,61.0,1014.3,5.7,254.0,48.0,2.0
2020-08-01,0.1,24.9,36.1,61.0,1012.0,4.7,53.0,30.0,0.0
2020-08-02,1.1,24.1,31.1,59.0,1010.6,10.7,67.0,64.0,2.0
2020-08-03,57.5,20.8,27.7,81.0,1005.0,7.1,26.0,91.0,13.0
2020-08-04,4.9,18.2,23.5,82.0,1005.0,9.0,12.0,85.0,11.0
2020-08-05,0.0,18.7,25.9,68.0,1012.9,6.9,73.0,67.0,0.0
2020-08-06,0.0,17.5,28.3,69.0,1016.3,5.8,229.0,18.0,2.0
2020-08-07,0.0,20.2,30.9,65.0,1018.2,5.7,18.0,11.0,3.0
2020-08-08,0.0,20.8,32.7,55.0,1017.7,6.6,346.0,1.0,0.0
2020-08-09,0.0,20.9,33.0,60.0,1015.7,4.8,17.0,11.0,0.0
2020-08-10,0.0,22.8,32.2,64.0,1014.3,5.8,66.0,43.0,0.0
2020-08-11,0.8,21.9,33.3,70.0,1015.1,5.5,50.0,49.0,4.0
2020-08-12,0.0,22.4,31.2,66.0,1015.7,5.6,23.0,59.0,0.0
2020-08-13,2.6,23.3,31.8,67.0,1014.6,6.9,322.0,61.0,2.0
2020-08-14,0.0,22.4,29.7,70.0,1012.3,7.7,44.0,43.0,0.0
2020-08-15,0.0,20.4,30.7,66.0,1011.9,6.0,130.0,45.0,6.0
2020-08-16,0.0,20.6,30.7,65.0,1011.2,5.1,78.0,67.0,0.0
2020-08-17,0.7,21.5,28.4,73.0,1010.1,7.2,35.0,79.0,2.0
2020-08-18,1.8,18.7,27.6,78.0,1010.1,5.6,22.0,61.0,8.0
2020-08-19,0.3,19.3,29.1,70.0,1010.7,6.0,135.0,35.0,5.0
2020-08-20,0.2,21.6,31.3,67.0,1012.7,6.8,115.0,31.0,0.0
2020-08-21,0.0,20.8,32.4,68.0,1015.5,6.2,135.0,4.0,3.0
2020-08-22,0.0,21.7,32.8,68.0,1014.2,6.7,97.0,3.0,0.0
2020-08-23,3.1,22.7,30.9,68.0,1013.2,10.5,66.0,47.0,2.0
2020-08-24,2.5,20.9,29.0,62.0,1013.4,13.2,45.0,70.0,3.0
2020-08-25,0.4,18.6,29.2,57.0,1014.4,8.4,88.0,14.0,1.0
2020-08-26,0.0,18.5,30.8,60.0,1013.9,7.4,236.0,43.0,0.0
2020-08-27,1.1,21.9,29.2,71.0,1013.0,8.6,79.0,50.0,3.0
2020-08-28,1.7,21.3,29.6,73.0,1008.2,9.9,77.0,50.0,6.0
2020-08-29,18.6,20.2,28.2,84.0,1004.1,13.0,38.0,72.0,15.0
2020-08-30,12.4,19.7,25.8,85.0,1004.8,11.0,18.0,81.0,11.0
2020-08-31,14.3,16.9,24.1,87.0,1011.7,7.7,2.0,97.0,18.0
2020-09-01,2.1,15.6,25.4,76.0,1011.5,10.0,262.0,43.0,8.0
2020-09-02,3.1,15.5,23.5,74.0,1015.4,10.5,40.0,39.0,3.0
2020-09-03,0.1,15.0,25.0,71.0,1020.7,5.9,29.0,9.0,3.0
2020-09-04,0.0,16.1,27.2,69.0,1025.2,5.6,63.0,12.0,0.0
2020-09-05,0.0,16.2,28.5,74.0,1018.8,5.9,243.0,0.0,6.0
2020-09-06,1.4,18.8,26.9,80.0,1013.4,6.9,53.0,32.0,11.0
2020-09-07,8.2,19.1,24.2,77.0,1016.4,14.9,41.0,57.0,9.0
2020-09-08,0.0,17.5,26.7,59.0,1024.7,10.3,49.0,4.0,0.0
2020-09-09,0.0,16.6,28.4,69.0,1023.0,6.2,271.0,9.0,5.0
2020-09-10,0.0,17.3,27.7,74.0,1017.0,5.8,24.0,68.0,5.0
2020-09-11,0.2,20.4,28.3,62.0,1014.6,10.3,52.0,72.0,0.0
2020-09-12,0.0,19.6,30.2,61.0,1017.2,9.5,33.0,4.0,0.0
2020-09-13,0.0,19.7,30.3,57.0,1023.0,8.9,37.0,2.0,0.0
2020-09-14,0.0,21.2,30.6,57.0,1025.3,10.9,54.0,3.0,0.0
2020-09-15,0.0,19.9,30.4,56.0,1021.8,9.1,42.0,18.0,0.0
2020-09-16,0.0,19.6,30.4,56.0,1017.2,6.4,2.0,18.0,0.0
2020-09-17,0.1,18.9,31.6,58.0,1016.1,7.3,25.0,21.0,0.0
2020-09-18,0.0,19.4,27.3,54.0,1020.0,11.9,69.0,6.0,0.0
2020-09-19,0.0,16.3,25.7,51.0,1019.9,8.3,45.0,36.0,0.0
2020-09-20,0.0,15.8,26.1,63.0,1016.1,6.6,70.0,40.0,0.0
2020-09-21,0.1,17.3,26.8,69.0,1015.8,6.0,75.0,62.0,2.0
2020-09-22,11.0,18.4,23.9,85.0,1014.4,7.0,54.0,93.0,17.0
2020-09-23,5.4,17.1,24.2,79.0,1010.3,5.5,243.0,77.0,10.0
2020-09-24,4.6,16.1,24.9,84.0,1010.2,7.6,52.0,69.0,13.0
2020-09-25,8.9,13.2,25.9,82.0,996.5,8.7,354.0,78.0,15.0
2020-09-26,3.1,11.0,21.4,62.0,996.8,10.9,43.0,80.0,3.0
2020-09-27,3.7,10.3,16.0,78.0,1004.6,17.7,45.0,78.0,5.0
2020-09-28,8.8,10.7,15.8,80.0,1007.2,7.3,266.0,93.0,9.0
2020-09-29,0.0,8.3,20.8,76.0,1015.9,5.1,328.0,29.0,10.0
2020-09-30,0.0,11.0,21.8,78.0,1015.0,5.3,35.0,28.0,11.0
2020-10-01,0.0,12.8,22.1,80.0,1008.3,5.9,261.0,56.0,10.0
2020-10-02,7.2,14.3,21.5,85.0,1003.2,10.4,88.0,96.0,16.0
2020-10-03,5.9,14.5,19.8,82.0,999.7,11.8,130.0,81.0,8.0
2020-10-04,5.6,11.9,20.1,71.0,1005.2,7.6,127.0,61.0,3.0
2020-10-05,11.4,12.6,20.0,80.0,1008.4,9.2,254.0,52.0,11.0
2020-10-06,0.5,9.4,20.0,78.0,1013.2,6.6,237.0,54.0,9.0
2020-10-07,1.5,12.5,19.9,78.0,1011.8,6.8,165.0,39.0,6.0
2020-10-08,0.0,9.8,21.3,76.0,1021.5,5.7,2.0,29.0,8.0
2020-10-09,0.0,11.3,20.9,80.0,1022.4,5.1,47.0,87.0,8.0
2020-10-10,0.3,12.2,21.4,83.0,1017.8,5.3,268.0,67.0,13.0
2020-10-11,40.8,10.5,15.8,84.0,1012.8,21.1,36.0,99.0,21.0
2020-10-12,0.2,8.7,17.5,66.0,1012.1,6.8,0.0,76.0,0.0
2020-10-13,0.0,4.3,16.8,58.0,1009.5,6.8,259.0,4.0,0.0
2020-10-14,0.2,5.0,15.8,72.0,1009.2,5.6,28.0,37.0,0.0
2020-10-15,33.7,10.2,11.9,80.0,1006.1,27.6,43.0,98.0,17.0
2020-10-16,0.1,9.7,16.5,70.0,1011.8,9.0,7.0,87.0,0.0
2020-10-17,0.0,6.6,16.9,84.0,1015.2,6.1,359.0,53.0,13.0
2020-10-18,3.1,9.4,16.4,85.0,1020.4,5.9,46.0,30.0,11.0
2020-10-19,0.1,7.6,16.9,86.0,1024.0,5.5,286.0,56.0,13.0
2020-10-20,0.0,6.7,17.4,89.0,1024.8,4.7,254.0,85.0,16.0
2020-10-21,0.0,6.9,16.4,88.0,1023.8,6.5,237.0,49.0,15.0
2020-10-22,0.0,7.6,17.3,90.0,1023.6,5.4,322.0,60.0,15.0
2020-10-23,3.6,10.9,17.0,92.0,1020.7,5.2,46.0,91.0,19.0
2020-10-24,6.8,10.9,18.7,90.0,1016.3,4.5,335.0,75.0,18.0
2020-10-25,0.8,11.8,18.8,87.0,1014.6,7.9,247.0,18.0,12.0
2020-10-26,1.5,12.5,19.8,79.0,1008.5,7.7,135.0,66.0,7.0
2020-10-27,15.4,10.8,17.1,84.0,1008.3,6.4,315.0,55.0,12.0
2020-10-28,0.1,7.0,16.7,84.0,1016.9,7.4,261.0,44.0,13.0
2020-10-29,0.1,7.7,17.2,84.0,1018.9,3.9,297.0,76.0,11.0
2020-10-30,0.0,6.2,16.7,86.0,1023.3,3.7,292.0,60.0,14.0
2020-10-31,0.0,7.1,16.8,91.0,1023.6,4.7,262.0,52.0,16.0
2020-11-01,0.0,8.1,15.6,92.0,1022.1,5.0,213.0,80.0,17.0
2020-11-02,0.1,10.6,14.0,91.0,1023.2,3.0,20.0,94.0,16.0
2020-11-03,0.4,10.9,16.4,88.0,1023.7,3.5,4.0,88.0,13.0
2020-11-04,0.2,10.7,17.5,88.0,1023.3,5.4,38.0,82.0,12.0
2020-11-05,0.0,10.9,18.4,79.0,1029.5,7.8,39.0,32.0,4.0
2020-11-06,0.0,8.5,16.8,65.0,1032.0,7.8,20.0,6.0,0.0
2020-11-07,0.0,6.0,18.3,82.0,1029.9,5.9,305.0,1.0,11.0
2020-11-08,0.0,6.9,14.0,92.0,1026.6,4.3,269.0,40.0,15.0
2020-11-09,0.0,6.9,16.5,85.0,1024.5,3.3,331.0,50.0,13.0
2020-11-10,0.0,6.0,15.9,77.0,1025.4,7.3,43.0,66.0,3.0
2020-11-11,0.8,5.3,13.9,76.0,1026.3,9.4,39.0,41.0,3.0
2020-11-12,0.1,6.7,13.1,82.0,1025.3,5.3,20.0,60.0,5.0
2020-11-13,0.0,5.5,13.4,88.0,1025.8,4.4,299.0,33.0,15.0
2020-11-14,0.0,6.9,13.2,91.0,1026.0,4.0,343.0,76.0,16.0
2020-11-15,0.0,5.4,14.4,88.0,1023.1,5.5,257.0,35.0,15.0
2020-11-16,9.4,8.1,13.2,89.0,1018.3,6.2,14.0,69.0,13.0
2020-11-17,0.0,4.9,15.4,83.0,1026.8,5.8,352.0,20.0,12.0
2020-11-18,0.0,4.4,15.3,83.0,1029.7,6.9,302.0,6.0,13.0
2020-11-19,0.0,3.2,12.6,89.0,1023.8,2.5,310.0,39.0,12.0
2020-11-20,1.1,6.4,13.2,69.0,1023.3,11.4,52.0,54.0,4.0
2020-11-21,0.0,3.0,10.8,47.0,1033.1,13.0,52.0,2.0,0.0
2020-11-22,0.0,-0.7,9.7,64.0,1032.2,6.8,313.0,35.0,0.0
2020-11-23,0.0,-0.2,8.8,79.0,1028.9,4.3,340.0,63.0,3.0
2020-11-24,0.0,1.9,11.3,68.0,1027.9,9.1,12.0,14.0,0.0
2020-11-25,0.0,-0.9,11.1,77.0,1024.9,5.3,327.0,0.0,4.0
2020-11-26,0.0,1.5,10.7,85.0,1025.0,5.1,291.0,57.0,11.0
2020-11-27,0.0,0.8,8.8,92.0,1023.5,3.1,331.0,67.0,17.0
2020-11-28,0.0,2.4,9.1,76.0,1019.7,6.8,355.0,82.0,3.0
2020-11-29,0.0,2.8,9.7,69.0,1018.6,11.5,36.0,60.0,0.0
2020-11-30,0.0,1.2,8.6,69.0,1024.0,10.5,28.0,6.0,0.0
2020-12-01,0.1,-0.2,6.8,66.0,1018.5,11.8,37.0,68.0,0.0
2020-12-02,18.2,1.6,3.9,78.0,1012.8,25.7,45.0,100.0,21.0
2020-12-03,5.9,0.4,6.8,91.0,1008.2,7.1,302.0,68.0,16.0
2020-12-04,7.8,0.9,10.0,89.0,1002.4,12.6,45.0,90.0,18.0
2020-12-05,20.4,8.0,14.3,86.0,999.3,14.3,131.0,100.0,15.0
2020-12-06,27.7,6.7,14.3,91.0,998.4,14.5,69.0,97.0,23.0
2020-12-07,4.6,3.1,9.8,91.0,1003.8,9.1,44.0,61.0,21.0
2020-12-08,32.4,4.3,7.0,86.0,1003.2,23.1,40.0,97.0,17.0
2020-12-09,18.8,6.3,9.4,83.0,1001.3,22.8,49.0,92.0,16.0
2020-12-10,2.1,3.0,9.4,88.0,1005.5,6.7,19.0,57.0,14.0
2020-12-11,0.0,2.1,8.8,84.0,1006.0,5.9,357.0,76.0,10.0
2020-12-12,0.3,2.8,8.1,89.0,1002.3,4.5,325.0,94.0,14.0
2020-12-13,0.0,0.6,9.5,92.0,1010.3,5.3,275.0,41.0,17.0
2020-12-14,0.0,-0.3,10.5,89.0,1018.3,3.5,302.0,67.0,15.0
2020-12-15,0.0,0.5,8.7,90.0,1020.2,5.0,261.0,91.0,16.0
2020-12-16,0.6,2.4,7.9,93.0,1023.4,3.5,287.0,83.0,19.0
2020-12-17,0.0,4.4,9.2,91.0,1026.2,3.1,344.0,89.0,15.0
2020-12-18,0.0,4.0,11.4,85.0,1027.9,5.1,322.0,80.0,10.0
2020-12-19,0.0,4.2,10.6,87.0,1026.3,4.1,22.0,63.0,13.0
2020-12-20,0.4,5.9,9.2,91.0,1025.8,5.1,357.0,90.0,17.0
2020-12-21,0.4,5.2,9.8,93.0,1026.8,5.1,253.0,80.0,19.0
2020-12-22,0.1,6.4,9.8,93.0,1025.5,4.4,227.0,98.0,19.0
2020-12-23,0.3,7.6,9.5,94.0,1024.6,2.9,85.0,100.0,22.0
2020-12-24,1.7,6.5,8.3,96.0,1014.9,4.1,24.0,98.0,24.0
2020-12-25,14.2,4.4,9.1,90.0,1009.9,14.5,37.0,93.0,23.0
2020-12-26,0.2,0.2,9.5,68.0,1017.5,9.7,40.0,32.0,0.0
2020-12-27,0.0,-2.6,4.8,61.0,1012.1,9.9,12.0,23.0,0.0
2020-12-28,15.7,-1.2,3.1,88.0,991.5,17.3,24.0,90.0,19.0
2020-12-29,2.7,-1.1,6.2,89.0,997.2,10.8,24.0,96.0,16.0
2020-12-30,3.9,0.1,7.0,92.0,1004.1,4.9,288.0,89.0,19.0
2020-12-31,1.3,0.7,7.2,92.0,1009.7,5.5,276.0,39.0,19.0
2021-01-01,9.5,0.9,7.0,87.0,1010.7,12.7,37.0,98.0,15.0
2021-01-02,22.9,5.2,7.4,89.0,1008.0,21.6,39.0,99.0,20.0
2021-01-03,5.0,5.2,10.5,87.0,1009.1,12.1,44.0,65.0,10.0
2021-01-04,1.2,3.0,7.7,89.0,1011.0,9.4,38.0,87.0,13.0
2021-01-05,18.2,2.6,6.7,89.0,1009.6,12.7,36.0,91.0,16.0
2021-01-06,2.0,1.3,7.0,89.0,1009.9,7.8,338.0,87.0,10.0
2021-01-07,0.0,0.6,5.6,94.0,1014.7,4.0,327.0,92.0,19.0
2021-01-08,0.0,-1.8,8.3,78.0,1014.0,6.8,8.0,33.0,10.0
2021-01-09,0.0,-1.5,5.4,53.0,1018.4,12.7,38.0,75.0,0.0
2021-01-10,0.0,-1.4,5.6,47.0,1018.9,17.6,49.0,76.0,0.0
2021-01-11,0.0,-3.6,5.7,67.0,1019.6,7.2,8.0,2.0,0.0
2021-01-12,0.0,-4.8,3.3,80.0,1016.8,5.2,280.0,47.0,1.0
2021-01-13,0.0,-4.9,7.2,75.0,1014.3,3.9,27.0,3.0,6.0
2021-01-14,0.0,-4.6,7.5,78.0,1011.9,5.8,14.0,23.0,10.0
2021-01-15,0.0,-0.5,6.2,56.0,1018.0,11.2,42.0,74.0,0.0
2021-01-16,0.0,-3.6,6.9,69.0,1021.8,8.3,258.0,19.0,0.0
2021-01-17,0.0,-2.2,4.6,76.0,1017.4,5.5,14.0,89.0,0.0
2021-01-18,0.0,-3.6,6.0,78.0,1023.9,6.0,333.0,4.0,2.0
2021-01-19,0.0,-3.6,1.5,94.0,1025.2,3.0,324.0,84.0,18.0
2021-01-20,0.0,-1.6,3.3,80.0,1022.0,5.3,10.0,87.0,5.0
2021-01-21,1.1,-1.6,7.4,90.0,1016.2,4.2,23.0,86.0,13.0
2021-01-22,20.9,3.7,9.9,94.0,1004.7,9.6,41.0,95.0,24.0
2021-01-23,7.9,3.2,10.4,90.0,995.0,9.8,115.0,91.0,16.0
2021-01-24,0.0,-1.9,9.3,87.0,997.9,8.4,351.0,57.0,13.0
2021-01-25,0.3,-3.3,7.9,66.0,1002.0,10.0,5.0,94.0,2.0
2021-01-26,0.0,-2.6,10.1,59.0,1013.9,9.4,305.0,28.0,3.0
2021-01-27,0.0,-3.4,5.9,59.0,1017.3,6.8,311.0,58.0,0.0
2021-01-28,0.0,-4.3,4.1,78.0,1013.9,3.9,4.0,59.0,8.0
2021-01-29,0.0,-2.8,6.0,75.0,1006.6,5.8,21.0,63.0,1.0
2021-01-30,0.7,-2.1,5.1,90.0,1002.4,5.8,40.0,85.0,13.0
2021-01-31,12.5,1.4,8.7,83.0,997.7,16.9,42.0,80.0,10.0
2021-02-01,0.1,0.0,8.5,78.0,1001.0,7.5,48.0,71.0,0.0
2021-02-02,0.0,-0.8,9.8,85.0,1011.0,4.4,304.0,38.0,13.0
2021-02-03,1.0,1.4,7.5,92.0,1014.7,3.9,2.0,85.0,15.0
2021-02-04,0.4,4.5,8.5,92.0,1016.9,5.9,285.0,89.0,19.0
2021-02-05,0.0,5.3,11.8,91.0,1018.2,3.7,223.0,91.0,16.0
2021-02-06,0.0,6.6,11.0,94.0,1014.4,3.3,61.0,100.0,18.0
2021-02-07,10.2,7.0,11.6,96.0,1001.0,9.9,42.0,92.0,24.0
2021-02-08,7.2,5.6,12.4,86.0,994.1,8.0,235.0,58.0,12.0
2021-02-09,2.4,6.2,10.8,85.0,999.4,8.8,3.0,88.0,9.0
2021-02-10,10.9,6.8,11.2,91.0,999.7,8.0,23.0,96.0,20.0
2021-02-11,0.4,3.7,9.7,78.0,1012.1,13.1,78.0,56.0,9.0
2021-02-12,0.0,0.0,3.7,41.0,1026.1,16.8,58.0,90.0,0.0
2021-02-13,0.0,-2.7,3.1,34.0,1030.9,20.0,63.0,37.0,0.0
2021-02-14,0.0,-5.3,7.3,47.0,1037.5,7.6,298.0,8.0,0.0
2021-02-15,0.0,-4.5,6.4,63.0,1037.8,6.8,250.0,25.0,0.0
2021-02-16,0.0,-3.2,6.5,77.0,1028.3,4.4,51.0,49.0,3.0
2021-02-17,0.0,1.4,9.1,75.0,1022.7,4.7,53.0,50.0,3.0
2021-02-18,0.0,1.1,11.4,80.0,1024.0,3.9,48.0,65.0,4.0
2021-02-19,0.0,5.9,12.8,82.0,1024.3,4.1,126.0,97.0,3.0
2021-02-20,0.0,5.5,12.7,83.0,1025.9,3.9,79.0,81.0,7.0
2021-02-21,0.0,6.0,13.5,87.0,1027.5,5.1,82.0,83.0,14.0
2021-02-22,0.0,4.7,12.7,88.0,1031.1,4.2,254.0,68.0,12.0
2021-02-23,0.0,4.6,11.9,96.0,1035.8,4.2,254.0,55.0,21.0
2021-02-24,0.0,2.9,20.5,81.0,1035.1,5.0,288.0,34.0,11.0
2021-02-25,0.0,3.8,19.8,65.0,1031.6,5.1,299.0,0.0,0.0
2021-02-26,0.0,3.4,18.0,74.0,1027.9,4.1,320.0,0.0,5.0
2021-02-27,0.0,5.3,16.9,69.0,1026.2,13.8,71.0,39.0,7.0
2021-02-28,0.0,3.0,12.1,66.0,1033.2,8.5,30.0,2.0,0.0
2021-03-01,0.0,0.6,15.3,65.0,1031.4,5.6,347.0,0.0,0.0
2021-03-02,0.0,4.0,14.8,63.0,1034.1,8.0,46.0,0.0,0.0
2021-03-03,0.0,0.9,15.7,75.0,1031.6,5.6,240.0,34.0,4.0
2021-03-04,0.0,1.5,14.4,80.0,1023.3,4.6,268.0,83.0,8.0
2021-03-05,3.1,4.2,15.1,85.0,1017.4,4.1,36.0,68.0,13.0
2021-03-06,6.0,3.1,9.5,64.0,1028.7,14.7,65.0,39.0,5.0
2021-03-07,0.0,0.0,10.9,63.0,1025.6,6.3,59.0,21.0,0.0
2021-03-08,0.0,-0.6,11.4,78.0,1018.3,4.7,90.0,5.0,6.0
2021-03-09,0.0,1.7,11.7,67.0,1016.2,11.0,47.0,34.0,5.0
2021-03-10,0.0,2.2,13.1,58.0,1018.1,9.3,101.0,19.0,0.0
2021-03-11,0.0,2.1,12.5,74.0,1018.9,5.7,14.0,81.0,3.0
2021-03-12,1.7,6.2,14.0,85.0,1013.1,5.0,54.0,86.0,13.0
2021-03-13,1.0,5.2,15.2,87.0,1012.9,5.4,43.0,73.0,16.0
2021-03-14,1.2,3.5,12.0,80.0,1007.8,8.0,51.0,57.0,8.0
2021-03-15,0.0,0.1,14.2,68.0,1010.6,10.3,248.0,44.0,4.0
2021-03-16,0.0,1.5,15.4,48.0,1014.1,9.3,0.0,25.0,0.0
2021-03-17,0.1,1.1,14.4,54.0,1016.9,8.3,27.0,39.0,0.0
2021-03-18,0.0,1.2,10.5,60.0,1018.3,6.6,44.0,40.0,0.0
2021-03-19,0.0,-0.3,9.8,67.0,1016.6,6.8,40.0,47.0,1.0
2021-03-20,0.0,-0.4,10.4,62.0,1018.9,11.1,51.0,29.0,7.0
2021-03-21,0.0,0.1,9.3,43.0,1016.9,10.7,43.0,19.0,0.0
2021-03-22,0.0,-1.1,13.9,55.0,1013.4,5.9,209.0,25.0,0.0
2021-03-23,0.0,2.0,13.5,63.0,1022.2,7.3,230.0,30.0,0.0
2021-03-24,0.0,1.1,15.1,65.0,1023.0,5.7,355.0,0.0,1.0
2021-03-25,0.0,2.6,16.6,73.0,1022.3,6.4,76.0,27.0,7.0
2021-03-26,0.0,3.1,16.7,70.0,1023.8,6.4,84.0,18.0,0.0
2021-03-27,0.0,7.0,16.6,82.0,1024.4,7.6,308.0,71.0,10.0
2021-03-28,1.6,8.5,17.1,86.0,1030.2,7.7,53.0,67.0,15.0
2021-03-29,0.0,7.6,19.7,82.0,1032.8,5.4,110.0,50.0,11.0
2021-03-30,0.0,6.6,22.0,77.0,1030.8,4.5,222.0,19.0,8.0
2021-03-31,0.0,8.6,23.4,72.0,1025.3,5.4,269.0,0.0,8.0
2021-04-01,0.0,8.8,23.9,72.0,1017.9,5.4,48.0,29.0,4.0
2021-04-02,0.0,9.5,22.8,70.0,1012.6,6.4,67.0,20.0,2.0
2021-04-03,2.5,11.7,17.1,69.0,1012.8,14.4,79.0,58.0,7.0
2021-04-04,0.1,8.0,13.9,54.0,1019.0,9.3,100.0,67.0,0.0
2021-04-05,0.0,4.4,15.5,55.0,1013.3,9.3,214.0,41.0,0.0
2021-04-06,3.6,2.7,9.4,71.0,1005.7,15.7,70.0,73.0,4.0
2021-04-07,0.0,0.9,11.1,52.0,1014.5,6.5,309.0,59.0,1.0
2021-04-08,0.0,-1.7,14.5,46.0,1023.9,7.7,212.0,8.0,0.0
2021-04-09,0.0,3.7,15.4,59.0,1026.0,9.9,251.0,40.0,0.0
2021-04-10,0.3,5.4,17.6,66.0,1022.2,8.2,218.0,83.0,2.0
2021-04-11,18.1,9.4,11.6,91.0,1019.3,11.5,51.0,97.0,21.0
2021-04-12,35.9,9.1,14.3,92.0,1016.3,11.1,55.0,100.0,24.0
2021-04-13,16.7,5.3,10.0,80.0,1020.1,13.2,32.0,94.0,13.0
2021-04-14,0.0,2.9,13.7,63.0,1023.4,8.5,216.0,18.0,8.0
2021-04-15,0.3,3.2,12.1,63.0,1022.7,9.0,83.0,43.0,0.0
2021-04-16,0.0,2.7,13.6,62.0,1020.5,8.5,65.0,5.0,0.0
2021-04-17,0.0,4.2,14.8,59.0,1017.2,10.3,50.0,49.0,0.0
2021-04-18,0.1,6.6,13.9,64.0,1016.8,8.6,69.0,75.0,0.0
2021-04-19,0.0,6.5,15.8,68.0,1016.2,6.2,300.0,72.0,0.0
2021-04-20,0.8,4.3,17.4,74.0,1015.3,4.6,333.0,34.0,10.0
2021-04-21,0.9,7.2,18.8,79.0,1017.4,7.8,48.0,34.0,10.0
2021-04-22,0.3,8.1,17.3,80.0,1019.2,8.2,76.0,24.0,11.0
2021-04-23,0.3,8.3,18.7,77.0,1022.5,5.2,90.0,35.0,9.0
2021-04-24,0.1,8.6,20.5,69.0,1022.1,6.0,136.0,18.0,5.0
2021-04-25,0.0,8.0,22.2,62.0,1017.0,5.4,197.0,21.0,4.0
2021-04-26,0.1,11.1,15.6,62.0,1014.9,11.8,64.0,99.0,0.0
2021-04-27,2.5,10.1,15.3,76.0,1010.0,9.1,59.0,81.0,5.0
2021-04-28,1.0,8.8,18.6,67.0,1008.9,8.2,77.0,76.0,2.0
2021-04-29,3.2,12.0,18.4,85.0,1009.5,5.6,137.0,86.0,14.0
2021-04-30,7.8,12.1,21.6,88.0,1010.9,5.2,85.0,82.0,17.0
2021-05-01,12.4,13.2,20.6,85.0,1008.3,11.0,82.0,69.0,15.0
2021-05-02,9.0,11.7,20.8,73.0,1008.1,16.7,228.0,45.0,7.0
2021-05-03,1.5,9.0,17.1,66.0,1019.9,9.9,78.0,28.0,4.0
2021-05-04,0.5,7.9,20.5,70.0,1015.9,6.6,176.0,27.0,4.0
2021-05-05,0.3,9.6,19.9,69.0,1007.7,13.8,237.0,33.0,0.0
2021-05-06,1.3,10.9,16.2,74.0,1011.4,14.0,53.0,81.0,3.0
2021-05-07,0.7,11.2,22.7,76.0,1008.7,10.8,350.0,64.0,1.0
2021-05-08,0.0,11.6,18.9,58.0,1020.0,12.2,71.0,43.0,0.0
2021-05-09,0.0,9.9,21.2,59.0,1019.7,5.8,92.0,37.0,0.0
2021-05-10,0.0,12.7,22.2,62.0,1016.8,9.2,74.0,38.0,0.0
2021-05-11,17.7,13.8,18.6,80.0,1012.1,10.8,52.0,82.0,12.0
2021-05-12,7.7,13.3,19.0,80.0,1007.4,8.8,266.0,92.0,14.0
2021-05-13,8.1,12.5,20.0,83.0,1005.2,6.6,237.0,91.0,13.0
2021-05-14,14.6,11.3,19.6,88.0,1008.2,5.7,72.0,72.0,18.0
2021-05-15,1.6,11.4,19.0,79.0,1009.9,6.8,248.0,83.0,8.0
2021-05-16,5.9,11.2,19.4,78.0,1007.0,6.9,214.0,75.0,8.0
2021-05-17,4.1,13.2,21.6,71.0,1005.8,8.5,182.0,44.0,8.0
2021-05-18,3.1,10.3,22.1,76.0,1011.7,9.1,47.0,32.0,6.0
2021-05-19,11.1,11.0,19.4,77.0,1012.9,10.5,51.0,71.0,11.0
2021-05-20,0.0,8.4,21.7,68.0,1017.5,6.6,114.0,13.0,10.0
2021-05-21,0.0,11.2,22.0,74.0,1017.0,7.2,66.0,78.0,7.0
2021-05-22,0.4,12.5,21.5,69.0,1012.2,9.0,225.0,87.0,3.0
2021-05-23,2.0,13.2,23.8,71.0,1014.4,12.3,26.0,78.0,9.0
2021-05-24,46.1,13.0,14.9,83.0,1016.8,15.9,43.0,97.0,18.0
2021-05-25,0.0,11.9,22.0,72.0,1015.8,14.4,244.0,35.0,9.0
2021-05-26,0.0,11.2,20.7,67.0,1018.5,11.0,68.0,25.0,2.0
2021-05-27,5.0,11.9,22.9,80.0,1015.2,6.8,51.0,42.0,9.0
2021-05-28,0.0,11.9,22.5,66.0,1018.9,8.4,71.0,7.0,0.0
2021-05-29,2.3,12.5,22.8,68.0,1018.0,6.9,61.0,59.0,6.0
2021-05-30,0.0,13.1,21.8,62.0,1020.0,10.3,66.0,37.0,0.0
2021-05-31,0.0,13.9,21.1,62.0,1019.8,7.7,75.0,63.0,0.0
2021-06-01,0.0,12.2,23.3,64.0,1017.6,6.6,110.0,26.0,0.0
2021-06-02,0.0,12.4,23.7,70.0,1019.2,7.9,83.0,13.0,4.0
2021-06-03,0.0,13.5,26.4,73.0,1022.3,6.1,81.0,18.0,7.0
2021-06-04,0.0,15.7,28.4,68.0,1022.3,6.7,107.0,47.0,6.0
2021-06-05,0.0,16.4,28.4,67.0,1019.1,7.5,312.0,24.0,0.0
2021-06-06,2.3,17.4,25.3,75.0,1016.9,8.1,54.0,53.0,3.0
2021-06-07,2.4,17.2,25.5,77.0,1017.1,8.0,34.0,61.0,8.0
2021-06-08,0.7,17.9,27.7,68.0,1017.1,6.3,20.0,92.0,2.0
2021-06-09,0.0,18.2,28.6,59.0,1016.7,6.4,9.0,87.0,0.0
2021-06-10,1.3,18.4,27.4,61.0,1017.1,6.1,40.0,52.0,2.0
2021-06-11,2.1,18.0,27.4,66.0,1016.8,5.9,9.0,66.0,2.0
2021-06-12,0.0,16.5,29.2,68.0,1017.1,6.8,247.0,62.0,6.0
2021-06-13,0.0,18.9,30.1,70.0,1016.7,9.0,73.0,16.0,4.0
2021-06-14,0.0,20.1,26.7,64.0,1018.7,12.2,88.0,20.0,1.0
2021-06-15,0.0,19.2,27.2,58.0,1018.6,7.5,97.0,22.0,0.0
2021-06-16,0.1,18.7,29.0,57.0,1016.3,4.5,73.0,53.0,0.0
2021-06-17,0.0,19.9,31.4,57.0,1016.1,5.5,104.0,29.0,0.0
2021-06-18,6.8,21.0,28.6,73.0,1016.8,6.5,108.0,51.0,7.0
2021-06-19,0.0,19.9,31.9,67.0,1014.8,6.2,223.0,54.0,3.0
2021-06-20,0.2,20.4,31.5,67.0,1011.5,5.9,274.0,81.0,1.0
2021-06-21,0.0,21.2,32.7,65.0,1008.3,7.0,92.0,10.0,3.0
2021-06-22,0.0,20.0,32.5,58.0,1009.7,7.8,234.0,7.0,2.0
2021-06-23,0.1,21.4,30.7,71.0,1013.6,8.0,71.0,29.0,4.0
2021-06-24,0.1,20.6,32.3,63.0,1014.8,8.1,234.0,21.0,3.0
2021-06-25,0.0,21.0,29.7,47.0,1013.8,12.4,259.0,31.0,0.0
2021-06-26,0.0,20.4,30.1,53.0,1015.2,8.6,70.0,26.0,0.0
2021-06-27,0.0,21.1,31.7,51.0,1014.8,6.6,92.0,51.0,0.0
2021-06-28,0.0,20.2,32.2,55.0,1014.4,8.5,86.0,31.0,0.0
2021-06-29,1.9,22.0,30.9,63.0,1011.1,10.0,57.0,32.0,2.0
2021-06-30,0.0,19.5,30.2,52.0,1008.9,11.0,247.0,27.0,1.0
2021-07-01,0.2,17.3,30.9,55.0,1011.4,7.7,65.0,20.0,0.0
2021-07-02,0.0,20.1,28.8,53.0,1013.9,8.7,68.0,52.0,0.0
2021-07-03,4.0,20.3,29.5,62.0,1014.2,7.7,65.0,79.0,2.0
2021-07-04,50.9,19.7,25.3,84.0,1010.9,4.3,20.0,85.0,19.0
2021-07-05,0.1,17.2,28.8,75.0,1010.9,6.0,192.0,25.0,9.0
2021-07-06,0.0,19.0,29.5,68.0,1012.9,6.9,86.0,10.0,0.0
2021-07-07,0.0,20.3,30.2,73.0,1013.2,9.2,66.0,4.0,1.0
2021-07-08,7.5,21.5,30.8,72.0,1014.8,11.1,53.0,50.0,4.0
2021-07-09,0.0,17.4,27.6,72.0,1015.9,8.2,253.0,15.0,3.0
2021-07-10,0.0,18.6,28.7,70.0,1015.4,7.8,51.0,7.0,4.0
2021-07-11,0.0,19.8,29.6,67.0,1012.1,6.2,334.0,27.0,0.0
2021-07-12,0.3,20.1,29.7,70.0,1012.3,9.2,66.0,12.0,1.0
2021-07-13,12.1,18.3,29.2,82.0,1007.8,15.0,43.0,59.0,6.0
2021-07-14,1.8,16.3,25.3,70.0,1010.4,7.0,156.0,39.0,6.0
2021-07-15,0.2,15.3,25.7,71.0,1013.0,6.1,351.0,80.0,1.0
2021-07-16,2.4,18.0,24.8,77.0,1013.2,6.1,10.0,94.0,3.0
2021-07-17,0.3,19.6,26.1,72.0,1011.3,8.1,287.0,99.0,2.0
2021-07-18,0.1,19.3,31.1,70.0,1009.9,7.9,332.0,47.0,1.0
2021-07-19,0.0,20.9,31.8,62.0,1011.4,5.5,204.0,26.0,2.0
2021-07-20,0.0,21.0,30.0,63.0,1013.7,7.2,55.0,30.0,0.0
2021-07-21,0.0,21.2,29.6,67.0,1017.2,9.0,71.0,37.0,1.0
2021-07-22,0.3,21.9,29.6,65.0,1017.9,9.4,62.0,61.0,1.0
2021-07-23,0.6,19.5,30.4,70.0,1015.0,6.2,49.0,26.0,4.0
2021-07-24,0.0,21.2,30.2,71.0,1012.5,7.7,80.0,63.0,5.0
2021-07-25,0.2,22.5,30.4,69.0,1009.9,14.8,43.0,69.0,1.0
2021-07-26,5.0,22.4,28.7,72.0,1011.9,11.0,32.0,62.0,3.0
2021-07-27,1.3,20.9,27.9,79.0,1015.3,9.8,39.0,82.0,6.0
2021-07-28,4.9,18.7,30.1,77.0,1013.8,5.6,21.0,37.0,12.0
2021-07-29,0.0,19.7,31.0,75.0,1013.0,5.3,299.0,18.0,9.0
2021-07-30,0.7,19.9,31.5,70.0,1010.9,7.7,279.0,15.0,2.0
2021-07-31,0.5,20.7,30.9,69.0,1008.6,7.2,36.0,34.0,3.0
2021-08-01,5.9,20.2,28.8,66.0,1005.2,13.5,269.0,41.0,4.0
2021-08-02,0.1,16.6,27.6,68.0,1011.9,8.4,40.0,34.0,3.0
2021-08-03,0.3,17.5,27.6,63.0,1014.3,7.5,22.0,63.0,0.0
2021-08-04,4.4,20.0,27.4,76.0,1011.9,8.2,33.0,84.0,5.0
2021-08-05,9.6,18.1,28.9,71.0,1005.9,11.0,296.0,50.0,7.0
2021-08-06,0.1,18.1,28.2,70.0,1007.3,7.6,63.0,23.0,1.0
2021-08-07,0.6,20.7,29.6,74.0,1008.3,11.5,45.0,38.0,7.0
2021-08-08,0.7,20.5,30.9,71.0,1009.8,10.5,34.0,49.0,3.0
2021-08-09,0.0,19.1,31.9,60.0,1016.0,8.0,61.0,4.0,0.0
2021-08-10,0.0,19.8,31.5,59.0,1017.0,6.0,47.0,40.0,0.0
2021-08-11,0.0,19.1,33.3,61.0,1016.2,4.9,360.0,6.0,2.0
2021-08-12,0.0,23.3,34.1,53.0,1018.6,8.8,75.0,4.0,0.0
2021-08-13,0.0,22.1,34.0,56.0,1019.9,4.3,300.0,52.0,0.0
2021-08-14,0.0,22.9,35.4,62.0,1018.9,5.1,286.0,10.0,3.0
2021-08-15,0.0,23.4,35.9,53.0,1014.2,5.6,130.0,11.0,0.0
2021-08-16,7.5,21.6,34.3,65.0,1009.3,11.0,27.0,47.0,4.0
2021-08-17,2.2,16.9,28.0,55.0,1011.8,10.2,80.0,22.0,1.0
2021-08-18,0.0,18.1,27.0,51.0,1014.9,12.0,57.0,15.0,0.0
2021-08-19,0.0,18.9,28.5,50.0,1014.8,8.3,59.0,3.0,0.0
2021-08-20,0.0,18.7,29.8,55.0,1015.2,6.4,33.0,28.0,0.0
2021-08-21,0.0,19.3,31.5,58.0,1017.4,5.7,278.0,10.0,0.0
2021-08-22,0.0,19.5,31.9,59.0,1015.8,6.7,99.0,68.0,0.0
2021-08-23,0.8,19.9,27.0,57.0,1014.7,14.9,59.0,44.0,2.0
2021-08-24,0.0,16.7,28.5,54.0,1015.6,9.2,33.0,35.0,0.0
2021-08-25,0.0,20.0,26.2,50.0,1015.7,11.0,75.0,36.0,0.0
2021-08-26,0.6,16.4,29.0,58.0,1010.1,8.1,265.0,20.0,1.0
2021-08-27,4.6,15.7,22.9,68.0,1010.8,12.3,55.0,48.0,6.0
2021-08-28,0.3,16.9,24.2,57.0,1012.4,10.6,35.0,53.0,0.0
2021-08-29,0.2,12.8,25.3,62.0,1013.0,5.9,48.0,47.0,2.0
2021-08-30,0.3,14.6,25.8,70.0,1013.2,7.3,39.0,35.0,0.0
2021-08-31,1.2,15.2,25.4,81.0,1016.5,6.1,41.0,36.0,10.0
2021-09-01,0.0,15.7,26.7,68.0,1020.4,6.0,70.0,4.0,6.0
2021-09-02,0.1,16.5,25.8,62.0,1023.3,7.9,74.0,21.0,0.0
2021-09-03,0.0,16.4,26.4,63.0,1020.0,6.1,90.0,41.0,0.0
2021-09-04,0.0,15.2,27.0,64.0,1015.9,5.3,293.0,60.0,3.0
2021-09-05,0.0,16.4,27.9,56.0,1018.1,8.5,49.0,13.0,0.0
2021-09-06,0.0,17.7,28.1,47.0,1021.8,8.2,56.0,13.0,0.0
2021-09-07,0.0,17.1,27.9,50.0,1022.0,8.4,37.0,43.0,0.0
2021-09-08,0.0,17.7,27.6,42.0,1020.1,11.0,61.0,1.0,0.0
2021-09-09,0.0,16.0,27.7,47.0,1017.5,8.1,61.0,2.0,0.0
2021-09-10,0.0,13.8,27.8,57.0,1016.9,6.2,147.0,21.0,0.0
2021-09-11,0.0,15.3,27.9,63.0,1016.7,4.7,176.0,49.0,1.0
2021-09-12,0.0,15.8,29.6,60.0,1015.7,5.9,29.0,10.0,4.0
2021-09-13,0.0,16.6,30.7,56.0,1015.7,6.0,285.0,31.0,0.0
2021-09-14,0.0,16.5,31.4,56.0,1016.4,6.4,247.0,49.0,1.0
2021-09-15,0.0,18.1,28.9,63.0,1016.3,6.3,245.0,81.0,0.0
2021-09-16,8.0,19.0,23.4,81.0,1015.0,4.6,332.0,94.0,10.0
2021-09-17,3.4,18.8,26.2,81.0,1011.3,5.1,44.0,75.0,10.0
2021-09-18,0.2,17.7,24.9,76.0,1013.0,8.5,63.0,59.0,6.0
2021-09-19,11.7,16.2,23.0,82.0,1011.2,8.3,53.0,78.0,13.0
2021-09-20,1.1,13.2,23.5,79.0,1013.8,8.6,52.0,38.0,10.0
2021-09-21,1.3,14.5,22.1,61.0,1022.9,10.8,53.0,41.0,1.0
2021-09-22,0.0,14.1,22.4,68.0,1023.6,8.0,52.0,56.0,0.0
2021-09-23,0.0,14.2,22.5,69.0,1022.7,6.2,230.0,53.0,2.0
2021-09-24,0.0,11.3,24.9,75.0,1018.6,5.9,253.0,4.0,6.0
2021-09-25,0.0,13.6,25.0,80.0,1020.8,6.7,61.0,32.0,12.0
2021-09-26,7.6,17.2,23.6,91.0,1019.9,7.1,51.0,97.0,18.0
2021-09-27,4.6,15.8,23.7,87.0,1017.4,5.7,263.0,60.0,12.0
2021-09-28,0.0,14.4,26.3,79.0,1019.1,4.5,281.0,44.0,9.0
2021-09-29,0.6,16.1,26.3,73.0,1017.7,6.1,360.0,68.0,7.0
2021-09-30,1.2,16.6,23.9,62.0,1023.1,14.9,63.0,43.0,1.0
2021-10-01,0.0,12.8,22.5,59.0,1023.9,8.1,66.0,11.0,0.0
2021-10-02,0.0,12.0,22.7,72.0,1019.8,6.0,57.0,48.0,0.0
2021-10-03,0.6,14.6,23.4,80.0,1018.0,7.9,50.0,42.0,11.0
2021-10-04,8.3,17.2,24.0,87.0,1017.8,10.8,52.0,84.0,18.0
2021-10-05,5.8,15.0,21.8,86.0,1013.5,7.4,76.0,80.0,11.0
2021-10-06,10.6,14.1,19.2,80.0,1013.3,12.8,48.0,79.0,14.0
2021-10-07,2.6,12.8,19.0,74.0,1016.4,8.1,10.0,96.0,7.0
2021-10-08,3.1,12.9,18.9,71.0,1020.7,11.1,42.0,93.0,5.0
2021-10-09,0.0,10.7,19.0,56.0,1023.6,13.5,59.0,6.0,0.0
2021-10-10,0.0,7.0,17.3,58.0,1022.2,7.5,53.0,18.0,0.0
2021-10-11,0.0,10.4,18.5,62.0,1019.7,6.4,200.0,54.0,0.0
2021-10-12,0.2,8.0,17.5,78.0,1017.3,6.5,9.0,89.0,2.0
2021-10-13,0.3,7.0,17.8,76.0,1018.0,7.8,69.0,39.0,10.0
2021-10-14,0.1,6.6,16.6,71.0,1024.6,6.1,322.0,12.0,5.0
2021-10-15,0.0,5.9,16.3,73.0,1019.9,5.0,352.0,27.0,3.0
2021-10-16,0.0,6.5,19.1,72.0,1018.6,6.3,8.0,35.0,9.0
2021-10-17,0.0,8.0,18.7,68.0,1020.7,6.5,24.0,2.0,0.0
2021-10-18,0.0,6.4,19.1,77.0,1024.2,4.0,334.0,46.0,8.0
2021-10-19,0.0,7.3,18.6,77.0,1027.8,4.7,299.0,71.0,8.0
2021-10-20,0.1,7.3,18.9,84.0,1024.5,5.9,257.0,79.0,11.0
2021-10-21,1.0,11.2,15.5,86.0,1014.8,6.6,347.0,96.0,6.0
2021-10-22,0.0,11.0,17.6,91.0,1015.6,5.2,356.0,55.0,15.0
2021-10-23,0.1,11.2,19.9,80.0,1022.7,10.0,42.0,48.0,10.0
2021-10-24,0.0,8.6,17.0,60.0,1028.6,11.5,49.0,26.0,0.0
2021-10-25,0.0,7.6,14.5,58.0,1024.9,8.5,35.0,100.0,0.0
2021-10-26,0.0,5.0,16.6,67.0,1022.6,5.4,12.0,57.0,0.0
2021-10-27,0.0,5.4,17.8,70.0,1025.8,6.3,349.0,1.0,0.0
2021-10-28,0.0,6.8,17.6,70.0,1023.4,6.8,26.0,0.0,0.0
2021-10-29,0.0,5.7,16.2,81.0,1019.7,7.8,41.0,45.0,4.0
2021-10-30,0.0,4.6,17.1,78.0,1018.9,6.6,30.0,53.0,8.0
2021-10-31,0.1,8.4,15.9,83.0,1018.1,3.8,279.0,89.0,6.0
2021-11-01,36.3,8.4,13.0,91.0,1007.4,11.9,27.0,99.0,18.0
2021-11-02,0.1,6.7,16.0,85.0,1002.2,8.6,241.0,47.0,12.0
2021-11-03,6.7,8.5,14.6,87.0,1004.0,14.2,43.0,95.0,11.0
2021-11-04,14.9,7.4,15.7,81.0,1004.0,10.2,239.0,55.0,9.0
2021-11-05,0.0,4.6,16.2,74.0,1018.2,9.0,13.0,62.0,6.0
2021-11-06,0.0,7.2,15.1,56.0,1025.7,13.2,41.0,19.0,0.0
2021-11-07,0.0,6.3,13.1,69.0,1020.6,7.5,310.0,81.0,1.0
2021-11-08,1.9,5.6,12.0,77.0,1017.6,13.9,45.0,72.0,9.0
2021-11-09,0.0,7.2,14.7,63.0,1025.3,14.9,46.0,42.0,0.0
2021-11-10,0.0,8.2,15.1,62.0,1027.3,7.5,23.0,88.0,0.0
2021-11-11,0.0,8.5,17.0,76.0,1023.9,6.6,313.0,82.0,4.0
2021-11-12,0.0,7.6,15.7,91.0,1019.7,4.5,29.0,78.0,17.0
2021-11-13,6.7,8.8,13.4,94.0,1017.8,4.2,308.0,100.0,18.0
2021-11-14,22.3,10.8,14.2,89.0,1016.1,14.5,50.0,96.0,15.0
2021-11-15,0.5,10.9,15.8,64.0,1020.3,19.8,61.0,96.0,1.0
2021-11-16,2.4,9.4,12.1,71.0,1020.5,11.8,38.0,100.0,4.0
2021-11-17,0.0,8.4,14.4,79.0,1019.1,5.8,1.0,84.0,5.0
2021-11-18,0.0,7.1,15.0,84.0,1025.6,7.9,22.0,63.0,9.0
2021-11-19,0.0,4.4,13.7,88.0,1028.8,7.6,274.0,58.0,15.0
2021-11-20,0.0,4.3,10.9,94.0,1024.5,6.2,249.0,59.0,17.0
2021-11-21,0.0,4.1,7.2,88.0,1015.2,4.8,312.0,100.0,6.0
2021-11-22,4.1,7.0,13.3,83.0,1013.5,9.7,36.0,98.0,8.0
2021-11-23,0.0,5.5,13.7,62.0,1022.4,11.6,57.0,29.0,0.0
2021-11-24,0.0,3.3,10.2,68.0,1022.9,9.4,29.0,1.0,3.0
2021-11-25,2.9,3.1,7.3,71.0,1013.1,11.9,26.0,86.0,7.0
2021-11-26,8.4,4.1,10.2,93.0,997.8,9.2,244.0,77.0,19.0
2021-11-27,2.9,3.6,11.4,90.0,993.7,6.0,41.0,73.0,17.0
2021-11-28,10.5,4.3,9.5,89.0,992.9,8.4,18.0,82.0,19.0
2021-11-29,0.4,1.4,9.4,83.0,1000.5,7.5,342.0,67.0,12.0
2021-11-30,0.0,-2.6,7.7,58.0,1014.2,11.4,261.0,42.0,0.0
2021-12-01,0.0,-2.1,7.5,76.0,1011.6,6.1,27.0,60.0,2.0
2021-12-02,9.6,5.1,7.6,89.0,1001.0,4.9,357.0,100.0,17.0
2021-12-03,2.7,2.2,10.5,85.0,1010.2,6.7,9.0,77.0,12.0
2021-12-04,0.0,-0.2,6.6,74.0,1011.0,6.3,34.0,94.0,1.0
2021-12-05,6.0,3.3,8.0,81.0,1003.3,7.1,350.0,97.0,8.0
2021-12-06,0.0,1.0,10.4,76.0,1008.8,8.4,332.0,40.0,3.0
2021-12-07,0.0,-1.5,7.8,76.0,1013.3,6.3,0.0,28.0,2.0
2021-12-08,15.2,-1.1,4.2,80.0,1007.0,17.8,35.0,84.0,10.0
2021-12-09,2.6,2.6,6.1,93.0,1002.1,6.2,294.0,100.0,22.0
2021-12-10,0.2,0.8,6.2,86.0,1003.7,7.0,1.0,88.0,10.0
2021-12-11,0.0,-0.8,9.4,74.0,1007.8,7.1,293.0,34.0,1.0
2021-12-12,0.0,-1.7,10.0,74.0,1021.5,5.5,263.0,21.0,4.0
2021-12-13,0.0,-1.1,9.0,79.0,1025.3,4.1,360.0,33.0,2.0
2021-12-14,0.0,-2.4,9.0,75.0,1026.7,4.2,327.0,45.0,0.0
2021-12-15,0.0,-0.8,10.6,83.0,1029.4,6.2,1.0,61.0,3.0
2021-12-16,0.0,-0.4,9.5,89.0,1031.7,6.2,335.0,11.0,15.0
2021-12-17,0.0,0.6,7.8,91.0,1031.7,6.7,260.0,45.0,16.0
2021-12-18,0.0,0.2,8.2,94.0,1032.7,7.1,267.0,77.0,18.0
2021-12-19,0.0,1.4,3.7,90.0,1025.1,5.2,225.0,81.0,15.0
2021-12-20,0.0,-0.2,9.7,82.0,1018.5,9.9,32.0,50.0,9.0
2021-12-21,0.0,2.7,6.3,67.0,1024.0,12.0,31.0,98.0,0.0
2021-12-22,0.0,-0.1,8.2,76.0,1025.5,8.0,21.0,36.0,3.0
2021-12-23,0.0,-3.0,3.3,94.0,1023.4,5.7,254.0,94.0,21.0
2021-12-24,0.4,1.5,3.5,90.0,1015.6,2.7,331.0,100.0,13.0
2021-12-25,3.6,3.1,5.3,89.0,1009.5,3.4,348.0,100.0,11.0
2021-12-26,2.9,2.9,8.2,93.0,1008.5,6.0,339.0,90.0,18.0
2021-12-27,0.6,1.7,9.5,88.0,1009.4,4.5,16.0,87.0,11.0
2021-12-28,0.9,3.2,9.2,92.0,1008.9,5.7,245.0,88.0,17.0
2021-12-29,0.0,5.0,8.7,95.0,1010.1,4.5,311.0,100.0,18.0
2021-12-30,0.0,3.2,9.3,94.0,1019.8,5.8,260.0,100.0,20.0
2021-12-31,0.0,2.7,8.0,91.0,1025.0,3.7,262.0,77.0,15.0
2022-01-01,0.0,1.8,7.8,88.0,1026.0,3.6,288.0,82.0,12.0
2022-01-02,0.0,1.8,6.3,93.0,1025.4,3.8,242.0,91.0,18.0
2022-01-03,0.0,2.4,6.0,92.0,1021.1,5.0,310.0,100.0,20.0
2022-01-04,0.9,4.0,6.8,92.0,1012.8,4.4,285.0,100.0,20.0
2022-01-05,12.2,3.7,10.4,91.0,1003.1,12.3,34.0,100.0,24.0
2022-01-06,7.7,1.2,9.2,87.0,1013.2,8.5,28.0,47.0,12.0
2022-01-07,0.0,-0.6,6.2,60.0,1020.6,8.8,35.0,26.0,0.0
2022-01-08,0.0,-4.0,5.7,77.0,1015.5,6.5,302.0,27.0,5.0
2022-01-09,0.0,-2.8,4.8,83.0,1006.6,4.9,313.0,99.0,11.0
2022-01-10,0.0,-0.6,9.4,77.0,1011.1,6.3,317.0,67.0,1.0
2022-01-11,0.0,-2.6,10.1,66.0,1022.9,6.1,327.0,1.0,0.0
2022-01-12,0.0,-3.6,8.7,68.0,1031.2,7.7,296.0,2.0,0.0
2022-01-13,0.0,-3.7,7.0,78.0,1037.1,6.2,316.0,10.0,2.0
2022-01-14,0.0,-2.5,8.3,81.0,1031.3,5.1,265.0,0.0,4.0
2022-01-15,0.0,-1.6,10.5,80.0,1025.7,6.2,17.0,3.0,7.0
2022-01-16,0.0,-1.0,9.3,84.0,1024.4,6.6,286.0,2.0,6.0
2022-01-17,0.0,-1.4,8.8,91.0,1025.6,5.9,277.0,70.0,15.0
2022-01-18,0.0,0.7,11.5,80.0,1032.1,8.0,38.0,16.0,7.0
2022-01-19,0.0,-1.6,7.2,89.0,1031.2,5.1,264.0,26.0,13.0
2022-01-20,0.0,0.4,5.6,94.0,1021.6,5.4,245.0,86.0,19.0
2022-01-21,0.0,-0.1,9.4,78.0,1023.8,6.7,24.0,51.0,6.0
2022-01-22,0.0,-1.7,6.5,82.0,1026.2,8.4,267.0,26.0,7.0
2022-01-23,0.0,-1.7,8.5,85.0,1030.2,5.1,6.0,39.0,11.0
2022-01-24,0.0,-3.0,7.9,90.0,1032.6,4.6,324.0,68.0,16.0
2022-01-25,0.0,2.0,7.1,82.0,1033.4,8.0,246.0,79.0,3.0
2022-01-26,0.0,-0.8,5.5,93.0,1029.2,6.0,253.0,81.0,18.0
2022-01-27,0.0,-0.9,4.3,91.0,1027.0,4.4,235.0,100.0,12.0
2022-01-28,0.0,0.6,9.1,82.0,1026.2,7.6,29.0,61.0,11.0
2022-01-29,0.0,-2.7,9.1,70.0,1029.4,5.0,254.0,60.0,1.0
2022-01-30,0.0,-2.8,7.7,82.0,1020.6,3.1,29.0,54.0,8.0
2022-01-31,0.0,-2.9,7.9,87.0,1011.4,4.7,321.0,48.0,13.0
2022-02-01,0.0,-2.4,13.9,59.0,1011.3,8.9,269.0,30.0,0.0
2022-02-02,0.0,0.1,13.9,80.0,1012.0,7.2,30.0,65.0,8.0
2022-02-03,0.0,1.7,12.4,81.0,1021.6,12.0,59.0,62.0,7.0
2022-02-04,0.0,2.3,10.2,85.0,1018.5,5.1,355.0,51.0,12.0
2022-02-05,0.0,1.2,11.5,86.0,1019.5,4.1,352.0,41.0,12.0
2022-02-06,0.0,-0.8,8.0,93.0,1020.9,7.1,236.0,83.0,17.0
2022-02-07,0.0,1.5,13.8,64.0,1014.0,12.0,285.0,29.0,6.0
2022-02-08,0.0,-1.8,11.2,56.0,1029.2,7.1,310.0,5.0,0.0
2022-02-09,0.0,-1.6,11.0,74.0,1030.8,5.0,33.0,6.0,0.0
2022-02-10,0.0,-1.5,10.8,83.0,1027.2,5.3,34.0,32.0,9.0
2022-02-11,0.1,3.6,9.0,86.0,1024.3,4.9,39.0,85.0,5.0
2022-02-12,0.0,2.1,11.1,57.0,1031.3,11.9,54.0,2.0,0.0
2022-02-13,0.0,-2.4,9.7,65.0,1027.6,5.7,334.0,31.0,0.0
2022-02-14,0.6,-2.9,6.4,78.0,1019.8,4.4,339.0,74.0,3.0
2022-02-15,16.0,2.9,7.1,90.0,1013.3,12.0,46.0,97.0,19.0
2022-02-16,0.0,2.4,12.1,86.0,1016.5,6.7,247.0,54.0,14.0
2022-02-17,0.0,2.7,10.0,92.0,1012.7,5.2,250.0,62.0,18.0
2022-02-18,0.0,3.1,12.3,88.0,1016.0,7.7,35.0,56.0,14.0
2022-02-19,0.6,4.8,11.2,88.0,1015.8,5.6,55.0,96.0,8.0
2022-02-20,0.0,5.3,14.4,83.0,1018.4,6.4,267.0,72.0,13.0
2022-02-21,4.0,4.1,13.9,91.0,1008.8,5.8,284.0,68.0,18.0
2022-02-22,0.0,1.1,16.7,74.0,1014.8,7.4,202.0,36.0,8.0
2022-02-23,0.0,0.4,13.8,74.0,1024.6,6.4,58.0,0.0,4.0
2022-02-24,0.0,0.3,13.6,77.0,1023.3,6.2,26.0,70.0,7.0
2022-02-25,1.7,-0.3,13.5,83.0,1018.8,10.6,40.0,55.0,11.0
2022-02-26,0.0,0.5,11.9,65.0,1025.6,8.0,33.0,30.0,5.0
2022-02-27,0.0,-0.6,12.1,43.0,1027.1,11.7,39.0,30.0,0.0
2022-02-28,0.0,-1.2,11.2,58.0,1027.6,9.3,100.0,21.0,0.0
2022-03-01,0.0,-1.0,10.1,57.0,1030.2,8.0,281.0,13.0,0.0
2022-03-02,0.0,-2.5,11.1,73.0,1024.1,5.2,353.0,49.0,0.0
2022-03-03,0.0,0.1,12.9,74.0,1017.3,5.9,101.0,29.0,6.0
2022-03-04,2.0,1.3,11.6,67.0,1015.3,10.8,53.0,32.0,6.0
2022-03-05,0.0,0.4,10.2,53.0,1018.3,11.4,54.0,23.0,0.0
2022-03-06,0.0,-0.1,10.0,52.0,1018.2,10.1,48.0,28.0,0.0
2022-03-07,0.0,-1.7,9.8,62.0,1019.2,8.0,54.0,9.0,0.0
2022-03-08,0.0,1.5,9.8,52.0,1023.1,7.6,0.0,68.0,0.0
2022-03-09,0.0,-1.7,12.7,64.0,1023.9,7.7,258.0,11.0,0.0
2022-03-10,0.0,-1.3,14.7,70.0,1025.2,5.2,270.0,0.0,5.0
2022-03-11,0.0,3.5,10.2,66.0,1028.4,11.4,66.0,69.0,1.0
2022-03-12,0.0,0.9,9.3,49.0,1029.2,10.4,61.0,38.0,0.0
2022-03-13,0.0,-2.5,10.0,60.0,1027.7,5.3,101.0,1.0,0.0
2022-03-14,0.0,0.5,13.0,73.0,1032.5,5.8,359.0,57.0,3.0
2022-03-15,0.0,3.5,13.6,80.0,1033.9,5.6,182.0,87.0,8.0
2022-03-16,0.0,3.6,13.2,85.0,1026.1,5.8,31.0,64.0,13.0
2022-03-17,0.0,6.5,15.4,74.0,1027.3,7.6,39.0,94.0,7.0
2022-03-18,0.0,8.3,14.7,51.0,1032.7,16.3,69.0,80.0,0.0
2022-03-19,0.0,3.7,12.8,52.0,1035.3,11.6,59.0,3.0,0.0
2022-03-20,0.0,4.0,13.2,43.0,1036.2,13.6,62.0,4.0,0.0
2022-03-21,0.0,2.0,13.7,41.0,1036.7,8.5,41.0,8.0,0.0
2022-03-22,0.0,2.8,14.9,42.0,1035.2,9.1,40.0,0.0,0.0
2022-03-23,0.0,2.3,19.2,47.0,1030.9,5.7,324.0,0.0,0.0
2022-03-24,0.0,3.2,21.2,49.0,1026.5,7.8,244.0,0.0,0.0
2022-03-25,0.0,3.4,21.0,55.0,1025.1,6.3,348.0,13.0,0.0
2022-03-26,0.0,5.1,21.6,53.0,1026.4,7.2,45.0,16.0,0.0
2022-03-27,0.0,5.0,21.4,53.0,1027.9,6.6,45.0,0.0,0.0
2022-03-28,0.0,3.6,21.0,61.0,1024.7,8.2,210.0,0.0,1.0
2022-03-29,0.0,6.9,15.7,84.0,1015.8,8.4,58.0,85.0,12.0
2022-03-30,1.1,7.3,13.4,87.0,1005.9,8.4,55.0,98.0,13.0
2022-03-31,15.2,7.5,13.3,90.0,994.3,6.9,22.0,98.0,19.0
2022-04-01,5.2,6.3,14.2,87.0,992.8,7.3,50.0,99.0,15.0
2022-04-02,6.1,5.9,11.6,68.0,1000.3,11.1,84.0,98.0,4.0
2022-04-03,0.3,3.1,12.0,63.0,1013.8,9.3,80.0,74.0,3.0
2022-04-04,0.2,3.5,12.0,72.0,1018.2,7.0,83.0,42.0,0.0
2022-04-05,0.0,2.4,15.3,77.0,1013.6,5.8,256.0,1.0,9.0
2022-04-06,0.0,4.9,15.7,78.0,1010.9,8.5,67.0,42.0,11.0
2022-04-07,0.0,5.1,19.1,74.0,1003.8,10.1,242.0,76.0,8.0
2022-04-08,0.0,5.8,18.3,81.0,1003.2,6.6,69.0,87.0,10.0
2022-04-09,9.6,6.6,17.3,70.0,1002.1,17.8,71.0,76.0,5.0
2022-04-10,0.0,2.7,16.1,58.0,1017.3,11.0,227.0,8.0,4.0
2022-04-11,0.0,3.8,15.7,62.0,1021.7,8.3,58.0,50.0,1.0
2022-04-12,0.0,5.0,17.5,74.0,1020.5,6.9,66.0,69.0,5.0
2022-04-13,0.0,7.1,17.9,71.0,1020.0,6.3,70.0,100.0,8.0
2022-04-14,0.0,6.0,23.0,67.0,1019.5,5.6,182.0,31.0,3.0
2022-04-15,0.0,6.7,22.1,58.0,1019.9,5.7,170.0,39.0,0.0
2022-04-16,1.0,10.8,19.3,65.0,1019.4,12.0,57.0,43.0,1.0
2022-04-17,0.0,6.6,15.0,45.0,1021.1,10.4,99.0,30.0,0.0
2022-04-18,0.0,5.0,17.5,47.0,1016.6,8.2,192.0,32.0,0.0
2022-04-19,0.0,4.7,16.8,59.0,1011.3,7.9,74.0,58.0,0.0
2022-04-20,0.0,8.5,15.2,57.0,1013.6,12.0,77.0,91.0,0.0
2022-04-21,0.3,6.7,14.5,65.0,1010.8,10.0,67.0,97.0,0.0
2022-04-22,21.8,9.6,13.4,85.0,1002.2,15.9,34.0,98.0,19.0
2022-04-23,3.6,8.0,18.5,85.0,1006.7,8.3,94.0,79.0,13.0
2022-04-24,3.9,8.6,16.5,81.0,1005.4,8.4,181.0,82.0,11.0
2022-04-25,0.1,6.9,18.2,82.0,1009.7,5.3,125.0,83.0,12.0
2022-04-26,3.7,10.7,18.3,83.0,1013.8,7.8,53.0,56.0,13.0
2022-04-27,1.0,9.6,19.3,72.0,1018.5,8.0,89.0,15.0,8.0
2022-04-28,0.0,8.5,19.9,68.0,1023.8,6.1,54.0,18.0,3.0
2022-04-29,0.0,10.0,20.6,53.0,1024.8,7.4,57.0,26.0,0.0
2022-04-30,0.0,9.4,21.0,57.0,1020.0,6.9,61.0,72.0,0.0
2022-05-01,4.1,10.4,21.4,66.0,1016.2,9.4,14.0,80.0,3.0
2022-05-02,1.2,11.3,20.6,67.0,1014.8,9.2,14.0,55.0,2.0
2022-05-03,0.0,11.1,23.1,62.0,1014.4,7.6,74.0,47.0,0.0
2022-05-04,0.0,10.3,23.6,63.0,1016.6,7.4,203.0,83.0,3.0
2022-05-05,4.1,11.6,20.2,78.0,1019.5,11.5,72.0,83.0,8.0
2022-05-06,11.9,13.4,16.3,89.0,1020.2,10.7,54.0,100.0,17.0
2022-05-07,5.1,12.6,18.4,86.0,1019.3,6.5,21.0,100.0,14.0
2022-05-08,4.4,12.9,22.4,76.0,1019.4,9.4,47.0,75.0,9.0
2022-05-09,0.0,11.8,23.9,63.0,1022.2,8.9,55.0,19.0,0.0
2022-05-10,0.0,11.9,25.6,66.0,1021.0,5.9,250.0,7.0,2.0
2022-05-11,0.0,12.7,26.9,67.0,1019.3,8.3,232.0,64.0,1.0
2022-05-12,0.0,14.0,27.3,70.0,1019.2,7.0,247.0,13.0,3.0
2022-05-13,0.1,15.3,28.4,69.0,1018.1,6.8,23.0,70.0,3.0
2022-05-14,7.4,17.6,26.8,76.0,1018.1,8.5,16.0,75.0,5.0
2022-05-15,0.0,15.4,27.7,72.0,1017.8,5.2,337.0,46.0,5.0
2022-05-16,0.0,17.6,28.3,66.0,1017.5,6.9,222.0,72.0,2.0
2022-05-17,0.0,16.4,28.1,72.0,1017.4,6.6,204.0,33.0,7.0
2022-05-18,4.8,17.6,25.8,68.0,1021.6,8.4,80.0,35.0,3.0
2022-05-19,0.0,16.2,25.5,59.0,1026.4,8.7,91.0,16.0,0.0
2022-05-20,0.0,16.6,27.7,56.0,1024.7,5.9,116.0,46.0,0.0
2022-05-21,0.0,15.3,27.4,67.0,1017.9,4.9,49.0,39.0,0.0
2022-05-22,0.0,17.4,28.2,68.0,1012.1,6.5,84.0,64.0,3.0
2022-05-23,0.1,20.0,27.3,74.0,1008.2,9.4,86.0,65.0,4.0
2022-05-24,8.2,18.7,27.2,70.0,1006.3,12.0,37.0,91.0,6.0
2022-05-25,0.1,16.4,27.8,72.0,1012.0,9.3,55.0,66.0,3.0
2022-05-26,1.1,17.5,26.3,77.0,1019.4,7.7,68.0,59.0,9.0
2022-05-27,0.0,18.0,30.0,71.0,1016.4,5.4,209.0,81.0,6.0
2022-05-28,14.2,16.0,22.9,73.0,1011.0,17.4,58.0,81.0,7.0
2022-05-29,5.1,13.6,20.0,54.0,1008.6,18.6,63.0,87.0,1.0
2022-05-30,0.0,12.5,22.2,60.0,1010.4,9.8,65.0,69.0,0.0
2022-05-31,0.8,15.1,25.2,70.0,1014.3,8.0,76.0,61.0,2.0
2022-06-01,0.9,15.9,26.7,76.0,1014.7,5.8,156.0,35.0,8.0
2022-06-02,2.4,17.9,27.8,78.0,1016.2,8.1,70.0,51.0,14.0
2022-06-03,3.0,18.7,27.9,74.0,1018.1,8.7,69.0,92.0,5.0
2022-06-04,0.0,17.0,30.3,75.0,1017.0,5.8,212.0,59.0,9.0
2022-06-05,0.0,19.8,29.6,69.0,1014.6,8.2,90.0,56.0,2.0
2022-06-06,0.0,16.7,29.5,63.0,1014.6,7.2,96.0,34.0,6.0
2022-06-07,2.4,19.8,25.5,71.0,1011.4,7.8,14.0,81.0,4.0
2022-06-08,6.7,15.7,27.4,65.0,1009.5,7.6,171.0,42.0,8.0
2022-06-09,16.9,17.0,20.6,81.0,1008.1,6.6,30.0,100.0,12.0
2022-06-10,0.0,15.9,28.6,58.0,1014.5,5.3,311.0,38.0,0.0
2022-06-11,0.0,16.3,28.3,57.0,1019.0,5.3,202.0,9.0,0.0
2022-06-12,0.0,17.4,30.9,57.0,1019.3,6.6,212.0,15.0,0.0
2022-06-13,0.0,19.0,30.2,55.0,1015.3,6.2,88.0,38.0,0.0
2022-06-14,0.0,20.5,28.1,56.0,1017.8,11.8,72.0,17.0,0.0
2022-06-15,0.0,18.6,30.2,62.0,1018.0,7.3,96.0,50.0,0.0
2022-06-16,0.0,19.4,31.3,60.0,1016.6,8.0,161.0,38.0,0.0
2022-06-17,0.0,20.7,32.6,58.0,1018.4,8.7,101.0,72.0,0.0
2022-06-18,0.0,21.0,30.7,54.0,1020.7,8.6,121.0,47.0,0.0
2022-06-19,0.0,18.9,31.6,52.0,1016.0,7.6,169.0,2.0,0.0
2022-06-20,0.0,18.5,34.3,61.0,1011.7,6.9,171.0,5.0,2.0
2022-06-21,0.1,21.6,33.8,60.0,1011.0,7.4,176.0,54.0,0.0
2022-06-22,1.1,20.2,30.0,70.0,1011.4,7.0,251.0,96.0,5.0
2022-06-23,1.1,20.0,31.1,71.0,1011.8,8.5,266.0,41.0,5.0
2022-06-24,0.1,20.3,31.7,68.0,1010.4,9.4,259.0,26.0,8.0
2022-06-25,0.0,19.2,31.3,53.0,1011.5,7.9,262.0,6.0,0.0
2022-06-26,0.0,20.8,32.7,61.0,1013.9,8.5,82.0,19.0,2.0
2022-06-27,0.0,22.2,32.4,54.0,1014.4,11.5,76.0,7.0,0.0
2022-06-28,12.8,21.3,32.5,59.0,1013.6,12.9,38.0,59.0,4.0
2022-06-29,2.5,20.9,29.3,64.0,1010.8,9.4,34.0,50.0,3.0
2022-06-30,2.6,20.9,31.4,72.0,1011.5,5.3,22.0,20.0,7.0
2022-07-01,0.6,22.0,29.8,72.0,1013.0,11.5,51.0,37.0,4.0
2022-07-02,0.0,20.1,33.6,57.0,1017.2,8.5,62.0,12.0,0.0
2022-07-03,0.0,22.7,34.7,52.0,1016.5,6.9,357.0,20.0,0.0
2022-07-04,0.1,23.2,34.9,51.0,1014.5,6.5,23.0,39.0,0.0
2022-07-05,0.0,21.4,32.0,56.0,1014.2,6.8,13.0,31.0,1.0
2022-07-06,1.9,20.9,31.7,49.0,1017.0,11.7,69.0,38.0,2.0
2022-07-07,1.4,20.4,30.3,56.0,1016.5,11.4,56.0,50.0,3.0
2022-07-08,0.0,17.0,29.9,53.0,1019.4,6.4,86.0,5.0,0.0
2022-07-09,0.0,19.0,28.3,50.0,1021.2,8.1,120.0,60.0,0.0
2022-07-10,0.0,18.3,31.3,43.0,1016.2,11.3,218.0,40.0,0.0
2022-07-11,0.0,20.1,27.8,58.0,1018.0,12.1,89.0,30.0,0.0
2022-07-12,3.9,19.1,29.3,63.0,1020.3,10.6,73.0,48.0,2.0
2022-07-13,0.0,19.7,32.0,54.0,1022.0,7.2,168.0,16.0,0.0
2022-07-14,0.0,19.8,32.8,46.0,1018.7,6.1,182.0,50.0,0.0
2022-07-15,0.0,19.9,33.2,51.0,1013.4,7.4,71.0,16.0,0.0
2022-07-16,0.0,22.8,33.3,48.0,1015.5,11.1,67.0,25.0,0.0
2022-07-17,10.3,21.8,31.8,54.0,1020.3,13.2,63.0,30.0,4.0
2022-07-18,0.0,23.1,32.1,44.0,1021.3,10.3,76.0,18.0,0.0
2022-07-19,0.0,22.4,33.9,43.0,1019.7,8.4,89.0,7.0,0.0
2022-07-20,0.0,21.2,35.0,41.0,1018.3,7.7,111.0,1.0,0.0
2022-07-21,0.0,21.6,35.5,39.0,1016.2,7.0,120.0,13.0,0.0
2022-07-22,0.0,21.5,37.4,42.0,1015.2,6.6,134.0,40.0,0.0
2022-07-23,0.0,23.6,36.0,42.0,1014.1,6.7,175.0,58.0,0.0
2022-07-24,0.0,23.0,34.6,47.0,1015.4,9.5,78.0,15.0,0.0
2022-07-25,0.0,23.2,37.0,49.0,1012.5,7.1,172.0,14.0,0.0
2022-07-26,0.0,24.5,34.6,51.0,1009.9,11.3,70.0,41.0,0.0
2022-07-27,16.5,21.4,31.0,61.0,1011.0,8.2,59.0,70.0,7.0
2022-07-28,0.0,22.4,31.3,51.0,1013.1,10.4,74.0,30.0,0.0
2022-07-29,0.0,21.9,33.7,50.0,1013.1,8.6,243.0,79.0,0.0
2022-07-30,9.9,20.1,30.0,68.0,1013.8,6.7,206.0,30.0,5.0
2022-07-31,0.0,18.7,32.2,58.0,1014.9,6.2,228.0,8.0,1.0
2022-08-01,0.0,20.1,34.1,60.0,1014.0,5.9,122.0,8.0,3.0
2022-08-02,0.9,21.7,31.2,58.0,1015.7,10.3,44.0,43.0,1.0
2022-08-03,0.0,21.3,32.9,53.0,1016.0,8.0,80.0,3.0,0.0
2022-08-04,0.0,22.3,34.9,46.0,1014.8,5.3,209.0,0.0,0.0
2022-08-05,0.0,22.6,35.8,46.0,1013.0,5.9,210.0,7.0,0.0
2022-08-06,0.0,21.7,34.5,53.0,1013.5,10.7,27.0,21.0,0.0
2022-08-07,0.4,22.9,30.8,57.0,1015.7,10.7,20.0,58.0,0.0
2022-08-08,0.2,21.6,31.9,54.0,1016.0,12.8,42.0,48.0,0.0
2022-08-09,0.0,22.4,31.3,48.0,1018.5,11.1,73.0,31.0,0.0
2022-08-10,0.0,21.7,31.7,43.0,1019.1,11.0,65.0,14.0,0.0
2022-08-11,0.0,20.9,30.7,41.0,1017.6,10.3,82.0,43.0,0.0
2022-08-12,0.1,20.3,28.1,45.0,1015.3,11.4,54.0,68.0,0.0
2022-08-13,0.0,16.9,28.8,50.0,1013.4,7.9,55.0,19.0,0.0
2022-08-14,0.0,17.0,31.4,50.0,1010.0,10.0,227.0,49.0,0.0
2022-08-15,2.9,20.3,31.2,58.0,1006.9,7.6,32.0,49.0,2.0
2022-08-16,0.7,18.8,30.3,65.0,1010.0,5.6,57.0,8.0,2.0
2022-08-17,0.5,21.0,31.7,71.0,1012.2,8.4,87.0,56.0,2.0
2022-08-18,21.3,20.9,28.2,80.0,1011.1,10.2,53.0,84.0,14.0
2022-08-19,27.7,19.0,27.3,77.0,1009.5,7.3,297.0,70.0,7.0
2022-08-20,0.0,18.0,29.5,72.0,1011.3,8.2,324.0,32.0,3.0
2022-08-21,1.7,18.8,29.8,69.0,1011.0,4.9,47.0,12.0,3.0
2022-08-22,0.0,19.7,29.8,66.0,1009.4,5.7,89.0,8.0,1.0
2022-08-23,0.0,19.2,27.6,75.0,1012.5,6.1,105.0,32.0,4.0
2022-08-24,0.1,19.4,28.6,68.0,1015.6,4.7,57.0,10.0,1.0
2022-08-25,0.6,19.6,30.6,65.0,1014.0,4.8,258.0,21.0,1.0
2022-08-26,0.5,21.6,31.0,66.0,1011.0,5.1,14.0,35.0,1.0
2022-08-27,3.9,20.9,27.2,70.0,1010.3,7.7,345.0,83.0,2.0
2022-08-28,6.1,19.4,29.0,75.0,1013.0,6.9,92.0,77.0,6.0
2022-08-29,0.0,18.4,28.8,73.0,1016.3,5.9,132.0,70.0,5.0
2022-08-30,0.0,18.3,30.7,69.0,1016.8,7.3,4.0,76.0,0.0
2022-08-31,3.9,19.8,26.9,78.0,1014.4,6.5,47.0,69.0,7.0
2022-09-01,0.1,19.4,25.4,65.0,1014.0,15.3,63.0,81.0,0.0
2022-09-02,0.0,17.3,25.3,62.0,1015.5,7.6,66.0,52.0,0.0
2022-09-03,0.2,16.6,25.7,70.0,1015.6,7.5,74.0,84.0,0.0
2022-09-04,0.0,17.2,27.7,75.0,1018.6,6.0,53.0,19.0,7.0
2022-09-05,0.0,18.7,28.8,74.0,1021.5,5.3,88.0,40.0,8.0
2022-09-06,0.0,18.8,30.0,74.0,1018.4,6.0,197.0,32.0,5.0
2022-09-07,1.8,19.3,27.2,80.0,1016.0,9.3,60.0,78.0,7.0
2022-09-08,16.1,18.8,26.0,81.0,1012.0,13.3,44.0,97.0,4.0
2022-09-09,1.8,18.1,25.9,78.0,1012.2,9.8,48.0,51.0,4.0
2022-09-10,0.3,15.6,26.0,69.0,1013.4,5.6,26.0,12.0,5.0
2022-09-11,0.6,16.0,25.9,67.0,1014.9,7.6,56.0,7.0,1.0
2022-09-12,0.0,16.2,26.7,69.0,1015.6,6.3,72.0,15.0,3.0
2022-09-13,0.0,16.2,28.0,73.0,1013.6,6.1,87.0,49.0,7.0
2022-09-14,0.0,18.4,27.6,78.0,1010.7,7.4,266.0,98.0,9.0
2022-09-15,0.0,19.7,28.1,69.0,1005.9,14.3,232.0,68.0,2.0
2022-09-16,10.2,17.3,27.5,78.0,1004.6,11.7,48.0,54.0,10.0
2022-09-17,13.4,12.6,17.0,78.0,1007.4,15.5,64.0,66.0,10.0
2022-09-18,0.0,8.1,22.0,68.0,1013.2,7.4,244.0,44.0,6.0
2022-09-19,0.0,10.0,24.2,66.0,1012.4,6.9,105.0,22.0,5.0
2022-09-20,0.1,12.9,21.1,59.0,1017.4,10.5,58.0,22.0,0.0
2022-09-21,2.1,12.3,19.9,59.0,1021.7,11.6,63.0,24.0,5.0
2022-09-22,0.0,10.0,19.6,63.0,1021.7,6.1,43.0,22.0,0.0
2022-09-23,0.0,9.8,21.1,64.0,1020.3,7.1,243.0,39.0,0.0
2022-09-24,1.8,11.9,20.0,72.0,1016.5,6.7,24.0,100.0,3.0
2022-09-25,9.2,14.5,20.5,80.0,1011.5,7.2,347.0,76.0,10.0
2022-09-26,2.3,12.2,22.1,79.0,1006.8,7.2,330.0,67.0,12.0
2022-09-27,4.4,13.5,22.6,81.0,1000.3,8.8,31.0,62.0,10.0
2022-09-28,1.2,11.2,19.8,76.0,1000.8,9.7,42.0,77.0,8.0
2022-09-29,2.5,13.0,22.2,84.0,999.4,10.1,45.0,75.0,14.0
2022-09-30,19.7,13.1,18.2,90.0,1008.1,11.1,44.0,98.0,18.0
2022-10-01,1.1,13.3,20.5,76.0,1014.3,15.4,247.0,60.0,9.0
2022-10-02,0.0,11.4,22.1,80.0,1018.4,5.7,33.0,31.0,8.0
2022-10-03,0.2,12.9,23.5,82.0,1019.0,5.9,42.0,22.0,10.0
2022-10-04,0.4,14.4,21.4,82.0,1022.3,6.9,39.0,61.0,11.0
2022-10-05,0.0,13.1,22.8,81.0,1026.6,6.3,83.0,59.0,12.0
2022-10-06,0.0,12.7,22.9,85.0,1027.6,4.8,14.0,74.0,11.0
2022-10-07,0.0,12.6,24.4,72.0,1024.5,5.7,350.0,19.0,5.0
2022-10-08,0.0,10.5,23.4,79.0,1019.4,4.8,45.0,19.0,8.0
2022-10-09,0.1,13.9,23.2,76.0,1021.1,11.3,63.0,85.0,9.0
2022-10-10,0.0,13.2,21.9,65.0,1020.9,8.6,58.0,44.0,0.0
2022-10-11,0.0,11.0,22.9,74.0,1021.1,3.7,353.0,29.0,8.0
2022-10-12,0.0,13.4,22.1,71.0,1022.3,8.7,48.0,75.0,1.0
2022-10-13,0.0,12.3,22.3,73.0,1020.6,6.2,10.0,55.0,0.0
2022-10-14,0.0,12.2,22.3,76.0,1017.1,5.5,48.0,60.0,6.0
2022-10-15,0.0,11.8,22.8,77.0,1016.5,5.2,232.0,44.0,7.0
2022-10-16,0.0,13.1,23.0,83.0,1022.7,4.9,49.0,41.0,12.0
2022-10-17,0.0,13.9,23.2,85.0,1028.4,5.5,276.0,61.0,13.0
2022-10-18,0.0,11.7,23.7,83.0,1026.3,5.0,313.0,2.0,14.0
2022-10-19,0.0,13.1,24.9,80.0,1022.1,3.7,208.0,40.0,11.0
2022-10-20,0.0,13.9,22.8,80.0,1022.0,7.2,73.0,64.0,9.0
2022-10-21,0.5,13.8,22.0,86.0,1019.8,6.7,46.0,99.0,14.0
2022-10-22,6.9,14.7,23.5,84.0,1017.5,7.3,6.0,78.0,14.0
2022-10-23,0.0,14.1,23.5,84.0,1021.5,7.4,44.0,78.0,11.0
2022-10-24,0.0,16.1,23.6,86.0,1019.1,7.2,86.0,91.0,13.0
2022-10-25,4.0,14.9,22.4,81.0,1019.2,7.8,43.0,71.0,10.0
2022-10-26,0.0,14.1,22.6,86.0,1022.1,5.4,124.0,60.0,14.0
2022-10-27,0.0,14.8,22.9,88.0,1026.9,5.3,281.0,49.0,15.0
2022-10-28,0.0,11.3,22.8,83.0,1027.5,5.7,250.0,3.0,11.0
2022-10-29,0.0,10.8,21.8,89.0,1025.6,4.5,264.0,23.0,16.0
2022-10-30,0.0,10.7,22.8,86.0,1022.6,4.1,263.0,66.0,12.0
2022-10-31,0.0,10.2,22.8,84.0,1021.8,3.4,256.0,66.0,12.0
2022-11-01,0.0,9.7,18.8,87.0,1022.2,4.0,268.0,71.0,12.0
2022-11-02,2.9,11.6,17.9,92.0,1023.5,4.7,329.0,85.0,19.0
2022-11-03,2.3,11.9,18.4,89.0,1019.6,4.6,247.0,96.0,15.0
2022-11-04,18.6,10.1,17.4,78.0,1004.2,13.4,319.0,47.0,11.0
2022-11-05,0.0,7.5,18.3,53.0,1011.0,6.7,351.0,28.0,0.0
2022-11-06,0.0,5.6,16.1,67.0,1017.9,6.4,356.0,58.0,2.0
2022-11-07,0.0,4.7,16.1,77.0,1020.2,3.7,321.0,10.0,8.0
2022-11-08,0.0,4.1,15.4,83.0,1021.2,4.8,270.0,49.0,11.0
2022-11-09,0.5,6.9,14.1,84.0,1020.0,4.6,2.0,86.0,4.0
2022-11-10,11.7,11.1,17.1,87.0,1024.5,8.1,20.0,71.0,12.0
2022-11-11,0.0,7.8,16.2,86.0,1033.2,4.5,343.0,68.0,12.0
2022-11-12,0.0,7.6,14.8,89.0,1030.2,6.3,298.0,92.0,12.0
2022-11-13,2.3,8.9,15.1,66.0,1026.1,13.4,54.0,57.0,3.0
2022-11-14,3.2,8.6,13.8,85.0,1022.8,9.6,20.0,99.0,10.0
2022-11-15,2.7,5.8,12.1,91.0,1017.2,6.1,265.0,73.0,19.0
2022-11-16,2.8,7.6,12.7,91.0,1005.3,7.0,291.0,80.0,18.0
2022-11-17,1.1,7.3,13.8,94.0,1002.5,4.4,226.0,97.0,18.0
2022-11-18,2.3,6.9,16.3,89.0,1000.1,8.8,268.0,54.0,14.0
2022-11-19,0.0,6.5,14.9,79.0,1006.3,11.3,44.0,99.0,9.0
2022-11-20,0.1,4.5,13.9,78.0,1010.5,7.1,261.0,36.0,5.0
2022-11-21,0.3,4.0,10.6,91.0,1009.1,5.7,39.0,83.0,18.0
2022-11-22,51.5,7.6,9.7,85.0,995.5,24.1,34.0,100.0,22.0
2022-11-23,1.0,5.7,13.3,81.0,1002.9,8.5,230.0,31.0,7.0
2022-11-24,0.0,1.4,12.8,90.0,1013.1,5.1,325.0,23.0,15.0
2022-11-25,0.0,2.5,13.0,82.0,1019.5,7.5,22.0,74.0,7.0
2022-11-26,0.0,5.5,14.3,69.0,1025.3,8.7,20.0,52.0,0.0
2022-11-27,0.0,3.0,12.0,74.0,1028.1,7.2,5.0,19.0,2.0
2022-11-28,0.0,3.0,8.1,74.0,1020.3,7.4,22.0,95.0,0.0
2022-11-29,0.6,3.4,8.3,78.0,1017.6,10.8,39.0,92.0,0.0
2022-11-30,0.0,2.0,9.8,70.0,1018.9,8.9,20.0,91.0,0.0
2022-12-01,0.3,5.4,10.8,66.0,1018.8,7.7,12.0,98.0,0.0
2022-12-02,1.0,6.2,8.7,80.0,1019.5,11.7,37.0,95.0,1.0
2022-12-03,5.0,5.7,8.7,83.0,1018.1,17.2,43.0,100.0,5.0
2022-12-04,9.7,5.9,10.7,88.0,1014.7,16.4,48.0,92.0,17.0
2022-12-05,5.6,6.4,12.6,90.0,1017.8,9.2,21.0,80.0,15.0
2022-12-06,0.0,3.0,9.8,94.0,1016.3,6.0,297.0,47.0,20.0
2022-12-07,0.0,1.3,10.5,84.0,1013.7,5.0,321.0,23.0,14.0
2022-12-08,0.0,2.9,8.7,74.0,1011.5,6.6,351.0,78.0,0.0
2022-12-09,16.3,4.8,7.0,90.0,1004.4,10.0,7.0,98.0,21.0
2022-12-10,1.0,5.0,9.1,94.0,999.2,5.6,311.0,100.0,24.0
2022-12-11,19.0,2.2,8.0,91.0,1002.0,8.4,13.0,100.0,23.0
2022-12-12,0.0,-2.1,5.4,85.0,1010.1,6.4,10.0,38.0,11.0
2022-12-13,0.0,-0.9,4.6,49.0,1011.5,11.8,35.0,98.0,0.0
2022-12-14,0.0,0.4,6.2,67.0,1007.2,5.0,292.0,88.0,5.0
2022-12-15,15.6,-1.0,6.5,89.0,1006.9,10.9,23.0,83.0,17.0
2022-12-16,2.4,4.4,7.3,93.0,1004.3,6.7,264.0,97.0,22.0
2022-12-17,0.0,5.2,10.3,83.0,1017.0,8.9,34.0,76.0,11.0
2022-12-18,0.0,0.1,7.6,70.0,1032.3,8.6,34.0,37.0,1.0
2022-12-19,0.0,-1.1,5.1,87.0,1034.8,4.5,357.0,84.0,13.0
2022-12-20,0.0,1.8,5.2,93.0,1029.7,3.2,301.0,100.0,17.0
2022-12-21,0.3,4.2,5.4,91.0,1022.5,2.2,326.0,100.0,10.0
2022-12-22,0.0,2.2,8.1,90.0,1018.2,4.0,302.0,92.0,13.0
2022-12-23,0.0,3.7,9.8,92.0,1016.0,4.3,321.0,99.0,19.0
2022-12-24,0.0,3.7,10.1,91.0,1017.8,3.5,339.0,97.0,17.0
2022-12-25,0.0,3.6,11.6,92.0,1023.8,4.6,279.0,88.0,17.0
2022-12-26,0.1,7.7,8.9,94.0,1025.3,2.8,212.0,100.0,24.0
2022-12-27,0.0,6.1,11.0,93.0,1025.8,3.7,10.0,63.0,18.0
2022-12-28,0.1,5.7,11.5,77.0,1026.4,6.6,15.0,82.0,7.0
2022-12-29,1.0,6.6,8.7,89.0,1022.9,3.2,283.0,99.0,14.0
2022-12-30,4.4,7.1,10.7,91.0,1021.8,3.6,344.0,100.0,19.0
2022-12-31,0.3,7.3,9.7,95.0,1029.0,4.2,276.0,97.0,23.0
2023-01-01,0.0,6.5,12.0,93.0,1031.2,4.5,225.0,98.0,19.0
2023-01-02,0.0,7.6,10.5,95.0,1030.2,3.8,207.0,100.0,20.0
2023-01-03,0.9,8.8,11.2,92.0,1029.9,2.7,268.0,100.0,17.0
2023-01-04,1.2,6.2,12.0,95.0,1029.9,5.6,251.0,88.0,21.0
2023-01-05,0.0,6.2,10.0,94.0,1023.9,7.0,256.0,92.0,19.0
2023-01-06,0.0,5.9,9.4,93.0,1025.6,4.6,355.0,91.0,18.0
2023-01-07,0.2,5.6,9.6,87.0,1024.5,4.4,259.0,93.0,11.0
2023-01-08,10.7,6.4,8.3,92.0,1017.2,6.8,37.0,100.0,18.0
2023-01-09,14.0,5.7,11.9,92.0,1004.2,10.1,334.0,93.0,20.0
2023-01-10,0.0,1.4,15.0,68.0,1014.1,10.1,276.0,25.0,6.0
2023-01-11,0.0,-0.5,10.0,68.0,1021.0,5.6,6.0,74.0,0.0
2023-01-12,0.7,0.7,12.2,85.0,1022.1,6.9,275.0,81.0,12.0
2023-01-13,0.0,1.3,8.9,90.0,1019.6,4.6,296.0,72.0,16.0
2023-01-14,0.0,0.2,11.4,86.0,1022.3,5.1,348.0,46.0,12.0
2023-01-15,4.2,2.2,6.8,90.0,1015.1,4.1,338.0,98.0,12.0
2023-01-16,8.0,4.9,8.9,87.0,1000.7,7.6,24.0,99.0,12.0
2023-01-17,11.4,0.6,6.3,93.0,990.7,10.0,25.0,78.0,21.0
2023-01-18,3.4,1.5,6.8,93.0,993.2,7.6,268.0,84.0,20.0
2023-01-19,32.1,1.6,3.5,87.0,1002.5,13.5,28.0,100.0,20.0
2023-01-20,6.9,-1.7,5.2,80.0,1009.1,10.8,24.0,82.0,6.0
2023-01-21,0.0,-2.8,7.9,64.0,1011.3,5.8,306.0,99.0,0.0
2023-01-22,0.5,2.7,7.9,57.0,1017.8,13.1,44.0,90.0,1.0
2023-01-23,24.8,1.9,9.8,71.0,1019.7,18.4,46.0,91.0,10.0
2023-01-24,3.9,3.4,11.4,76.0,1029.0,10.1,49.0,61.0,5.0
2023-01-25,0.2,3.0,10.0,81.0,1026.7,8.9,48.0,54.0,9.0
2023-01-26,0.0,-0.1,7.2,75.0,1017.0,10.1,40.0,31.0,0.0
2023-01-27,0.0,-2.4,7.4,68.0,1014.9,8.5,29.0,31.0,0.0
2023-01-28,0.0,-2.7,7.4,68.0,1019.6,6.1,34.0,38.0,0.0
2023-01-29,0.0,-1.6,7.3,76.0,1025.3,7.2,354.0,31.0,0.0
2023-01-30,0.0,-4.1,6.5,89.0,1019.7,4.4,326.0,38.0,15.0
2023-01-31,0.0,-2.3,10.8,86.0,1021.7,7.6,257.0,40.0,13.0
2023-02-01,0.0,-0.6,8.6,89.0,1021.2,5.4,15.0,37.0,14.0
2023-02-02,0.0,-0.7,10.3,93.0,1021.5,5.2,61.0,79.0,18.0
2023-02-03,0.0,0.5,9.5,92.0,1024.8,6.7,346.0,86.0,17.0
2023-02-04,0.0,1.9,12.5,89.0,1022.8,6.4,63.0,69.0,12.0
2023-02-05,0.0,1.4,7.7,70.0,1033.0,5.7,149.0,76.0,0.0
2023-02-06,0.0,0.2,5.4,73.0,1035.5,7.8,43.0,92.0,0.0
2023-02-07,0.0,-3.2,5.6,61.0,1037.6,9.4,47.0,2.0,0.0
2023-02-08,0.0,-2.9,4.7,55.0,1038.4,15.5,54.0,0.0,0.0
2023-02-09,0.0,-2.8,5.5,53.0,1037.9,11.6,47.0,2.0,0.0
2023-02-10,0.0,-5.7,7.8,65.0,1037.5,4.8,335.0,0.0,1.0
2023-02-11,0.0,-3.8,9.4,65.0,1035.4,6.7,257.0,45.0,0.0
2023-02-12,0.0,-3.4,12.1,68.0,1034.4,5.5,5.0,14.0,0.0
2023-02-13,0.0,-1.1,11.9,70.0,1037.7,6.1,332.0,0.0,0.0
2023-02-14,0.0,0.1,12.1,83.0,1034.1,5.7,293.0,2.0,9.0
2023-02-15,0.0,-0.1,14.6,80.0,1030.1,3.8,339.0,20.0,12.0
2023-02-16,0.0,0.4,11.7,88.0,1029.4,5.1,32.0,63.0,13.0
2023-02-17,0.0,2.8,12.0,89.0,1029.8,5.5,256.0,71.0,14.0
2023-02-18,0.0,3.2,9.6,94.0,1027.9,4.4,6.0,100.0,18.0
2023-02-19,0.0,5.4,11.3,93.0,1023.9,5.2,67.0,90.0,18.0
2023-02-20,0.0,3.5,14.3,86.0,1026.3,5.7,284.0,87.0,14.0
2023-02-21,0.0,4.4,10.7,93.0,1022.0,3.9,282.0,92.0,17.0
2023-02-22,0.1,3.5,13.2,88.0,1018.5,4.9,335.0,92.0,15.0
2023-02-23,0.0,5.9,13.1,90.0,1016.0,4.1,135.0,83.0,15.0
2023-02-24,0.0,5.6,14.5,89.0,1012.4,6.2,208.0,94.0,17.0
2023-02-25,0.0,8.1,16.2,82.0,1001.0,11.7,248.0,47.0,8.0
2023-02-26,0.2,5.9,8.7,55.0,1003.7,25.9,70.0,97.0,4.0
2023-02-27,0.0,4.1,8.6,40.0,1017.1,22.2,68.0,94.0,0.0
2023-02-28,0.0,2.2,10.1,53.0,1022.6,17.0,58.0,50.0,0.0
2023-03-01,3.5,3.3,10.7,60.0,1018.4,22.0,58.0,99.0,6.0
2023-03-02,1.0,5.2,11.8,71.0,1017.5,11.7,60.0,78.0,1.0
2023-03-03,0.2,1.3,13.9,77.0,1016.8,7.1,26.0,77.0,2.0
2023-03-04,0.0,1.7,14.4,76.0,1016.9,6.9,285.0,3.0,7.0
2023-03-05,0.0,1.5,15.1,80.0,1012.0,6.2,30.0,20.0,10.0
2023-03-06,1.7,2.9,14.4,84.0,1006.6,7.0,354.0,61.0,16.0
2023-03-07,0.1,3.3,14.4,81.0,1004.3,6.3,230.0,82.0,12.0
2023-03-08,0.0,3.5,15.1,75.0,1004.6,7.9,233.0,69.0,1.0
2023-03-09,0.2,9.4,18.3,76.0,1004.0,10.3,239.0,66.0,3.0
2023-03-10,0.2,7.5,17.3,79.0,999.1,9.3,283.0,61.0,5.0
2023-03-11,0.0,5.7,18.1,81.0,999.0,7.9,61.0,73.0,8.0
2023-03-12,0.0,6.0,14.0,58.0,1013.7,10.2,64.0,63.0,0.0
2023-03-13,0.0,4.2,14.8,76.0,1017.4,6.6,58.0,96.0,3.0
2023-03-14,5.1,7.8,13.4,88.0,1004.9,8.7,40.0,89.0,14.0
2023-03-15,2.8,4.8,14.2,78.0,1009.9,5.5,67.0,60.0,11.0
2023-03-16,0.0,2.3,13.2,52.0,1021.5,7.3,105.0,41.0,0.0
2023-03-17,0.0,1.8,14.1,64.0,1022.8,5.5,206.0,62.0,0.0
2023-03-18,0.0,3.4,14.6,68.0,1019.1,6.3,155.0,52.0,1.0
2023-03-19,0.7,4.4,15.2,77.0,1019.8,5.1,66.0,99.0,8.0
2023-03-20,1.9,8.9,15.6,83.0,1019.6,5.4,69.0,67.0,12.0
2023-03-21,0.0,5.1,19.5,78.0,1017.3,6.3,245.0,27.0,9.0
2023-03-22,0.0,8.8,20.4,73.0,1015.7,6.5,225.0,41.0,3.0
2023-03-23,0.0,6.6,19.4,78.0,1015.3,4.9,77.0,81.0,7.0
2023-03-24,0.1,7.2,18.8,80.0,1014.2,8.2,248.0,87.0,9.0
2023-03-25,0.2,8.9,21.7,70.0,1011.1,12.8,270.0,43.0,1.0
2023-03-26,14.8,7.8,16.8,78.0,1008.1,8.3,50.0,63.0,6.0
2023-03-27,0.4,5.4,19.2,70.0,1005.5,9.5,313.0,56.0,11.0
2023-03-28,0.0,2.0,15.7,41.0,1022.2,9.2,225.0,22.0,0.0
2023-03-29,0.0,3.7,16.6,59.0,1023.4,7.7,302.0,60.0,0.0
2023-03-30,0.3,7.1,15.8,82.0,1021.2,6.5,14.0,95.0,9.0
2023-03-31,0.6,8.7,17.3,80.0,1012.0,7.7,256.0,91.0,11.0
2023-04-01,0.1,6.2,18.3,80.0,1005.3,5.5,96.0,51.0,12.0
2023-04-02,5.3,9.0,17.1,73.0,1009.8,9.4,32.0,85.0,7.0
2023-04-03,0.2,8.9,14.5,59.0,1014.4,14.1,88.0,42.0,0.0
2023-04-04,0.0,3.2,11.5,44.0,1016.7,9.0,74.0,7.0,0.0
2023-04-05,0.0,2.1,10.7,54.0,1019.1,8.7,97.0,48.0,0.0
2023-04-06,0.0,0.5,14.2,56.0,1019.2,6.7,246.0,15.0,0.0
2023-04-07,0.0,2.8,15.5,63.0,1016.5,6.7,100.0,68.0,0.0
2023-04-08,1.8,5.0,16.4,72.0,1017.5,8.8,57.0,71.0,7.0
2023-04-09,0.4,6.6,14.9,70.0,1021.9,10.5,63.0,47.0,3.0
2023-04-10,0.0,5.5,16.7,62.0,1023.4,6.4,81.0,32.0,0.0
2023-04-11,0.0,6.3,18.4,59.0,1016.5,8.4,187.0,94.0,0.0
2023-04-12,0.0,7.5,15.5,61.0,1010.6,8.6,63.0,94.0,0.0
2023-04-13,15.2,8.2,12.7,79.0,1002.9,17.9,43.0,99.0,13.0
2023-04-14,14.3,6.7,15.1,76.0,1003.8,10.8,188.0,91.0,12.0
2023-04-15,0.6,6.6,17.0,78.0,1006.2,12.3,53.0,74.0,8.0
2023-04-16,0.0,5.6,16.9,71.0,1012.9,7.2,63.0,26.0,8.0
2023-04-17,0.1,7.6,19.4,65.0,1014.5,6.8,321.0,57.0,0.0
2023-04-18,0.0,9.5,20.6,58.0,1015.1,7.8,88.0,78.0,0.0
2023-04-19,15.6,9.0,19.1,77.0,1015.3,8.0,29.0,58.0,7.0
2023-04-20,7.0,10.0,15.4,84.0,1013.2,14.0,61.0,87.0,12.0
2023-04-21,18.0,10.3,18.2,79.0,1014.7,9.6,38.0,67.0,11.0
2023-04-22,0.0,8.4,21.4,75.0,1014.4,6.6,229.0,80.0,6.0
2023-04-23,2.9,10.2,20.5,76.0,1012.2,6.9,81.0,76.0,7.0
2023-04-24,4.7,11.1,17.8,80.0,1007.3,9.1,50.0,84.0,10.0
2023-04-25,16.0,8.8,16.0,78.0,1009.6,10.7,60.0,60.0,11.0
2023-04-26,0.1,5.4,19.0,70.0,1014.2,7.7,190.0,24.0,9.0
2023-04-27,0.0,8.1,19.1,65.0,1018.2,8.9,83.0,16.0,0.0
2023-04-28,0.4,8.3,19.2,69.0,1018.8,7.1,72.0,87.0,4.0
2023-04-29,0.1,10.0,19.5,75.0,1015.0,5.2,88.0,91.0,6.0
2023-04-30,0.0,11.1,21.2,76.0,1015.6,9.3,58.0,72.0,8.0
2023-05-01,5.4,13.4,18.9,69.0,1015.6,13.6,58.0,100.0,8.0
2023-05-02,32.7,12.7,15.8,84.0,1015.5,17.5,31.0,100.0,24.0
2023-05-03,8.3,12.4,20.0,73.0,1020.4,10.8,47.0,65.0,6.0
2023-05-04,0.0,9.2,22.3,67.0,1021.2,6.4,219.0,30.0,1.0
2023-05-05,0.0,10.5,23.5,71.0,1019.1,6.5,227.0,41.0,3.0
2023-05-06,0.0,11.8,24.7,70.0,1015.9,4.9,183.0,72.0,2.0
2023-05-07,0.0,12.6,24.7,69.0,1015.9,4.7,44.0,88.0,0.0
2023-05-08,5.2,15.6,22.3,76.0,1018.6,10.5,43.0,88.0,4.0
2023-05-09,0.0,13.1,21.2,69.0,1017.9,10.6,71.0,61.0,0.0
2023-05-10,41.9,12.5,16.0,84.0,1012.7,15.5,37.0,100.0,21.0
2023-05-11,7.1,12.2,15.4,82.0,1010.6,10.3,13.0,100.0,10.0
2023-05-12,18.4,11.2,17.2,86.0,1013.2,12.2,50.0,98.0,15.0
2023-05-13,13.7,11.3,17.7,85.0,1017.1,9.5,47.0,97.0,15.0
2023-05-14,7.3,11.9,16.3,79.0,1012.7,8.7,21.0,97.0,8.0
2023-05-15,0.0,9.7,20.8,78.0,1008.8,5.2,20.0,51.0,8.0
2023-05-16,20.6,13.5,17.7,76.0,1005.2,16.4,35.0,100.0,14.0
2023-05-17,12.5,12.6,17.1,81.0,1011.6,8.4,38.0,100.0,12.0
2023-05-18,0.0,10.4,19.4,64.0,1018.1,9.6,73.0,71.0,0.0
2023-05-19,0.4,14.3,18.3,68.0,1018.9,12.7,69.0,100.0,0.0
2023-05-20,1.6,15.2,21.7,73.0,1015.7,15.6,45.0,100.0,3.0
2023-05-21,1.8,16.4,26.2,63.0,1012.7,13.5,51.0,53.0,1.0
2023-05-22,0.0,15.8,26.3,56.0,1013.0,8.3,54.0,14.0,0.0
2023-05-23,0.0,15.0,27.7,66.0,1012.3,6.4,263.0,38.0,0.0
2023-05-24,1.9,16.0,24.7,74.0,1013.6,12.4,56.0,32.0,7.0
2023-05-25,5.4,15.8,25.6,71.0,1017.7,12.1,27.0,38.0,3.0
2023-05-26,0.5,14.7,26.9,72.0,1018.4,5.7,20.0,26.0,7.0
2023-05-27,3.6,17.2,24.8,70.0,1018.6,8.1,30.0,57.0,3.0
2023-05-28,0.0,16.8,25.7,63.0,1015.2,8.8,42.0,72.0,0.0
2023-05-29,0.6,16.3,26.1,63.0,1014.4,10.0,42.0,35.0,1.0
2023-05-30,0.0,18.2,25.8,59.0,1015.6,12.4,29.0,59.0,0.0
2023-05-31,0.1,16.5,24.9,60.0,1017.4,14.3,60.0,46.0,0.0
2023-06-01,0.4,16.4,26.5,63.0,1015.6,7.0,52.0,29.0,0.0
2023-06-02,0.0,15.5,26.4,70.0,1012.7,4.7,309.0,53.0,1.0
2023-06-03,8.1,17.3,25.1,77.0,1014.8,7.4,21.0,78.0,6.0
2023-06-04,6.7,16.3,24.5,77.0,1016.6,8.3,47.0,75.0,6.0
2023-06-05,15.3,16.3,20.2,88.0,1016.1,9.5,39.0,99.0,16.0
2023-06-06,6.3,16.0,23.2,85.0,1015.6,6.9,42.0,74.0,12.0
2023-06-07,3.3,15.9,23.9,83.0,1016.0,5.4,341.0,68.0,11.0
2023-06-08,3.5,16.5,26.5,78.0,1013.6,6.6,228.0,28.0,9.0
2023-06-09,0.7,15.9,26.5,77.0,1011.9,5.5,262.0,64.0,7.0
2023-06-10,6.1,17.9,25.1,83.0,1011.2,5.0,273.0,70.0,10.0
2023-06-11,0.2,16.0,27.1,78.0,1012.0,4.6,39.0,35.0,9.0
2023-06-12,0.6,17.5,26.4,73.0,1012.5,9.3,42.0,30.0,2.0
2023-06-13,8.9,17.3,24.1,74.0,1011.3,11.6,50.0,87.0,5.0
2023-06-14,0.2,17.0,25.7,69.0,1010.9,10.0,49.0,86.0,1.0
2023-06-15,0.2,17.4,26.4,66.0,1013.6,10.1,37.0,35.0,0.0
2023-06-16,0.0,16.5,26.8,63.0,1014.1,7.2,328.0,17.0,0.0
2023-06-17,0.0,16.5,28.0,64.0,1014.2,7.1,226.0,5.0,1.0
2023-06-18,0.0,17.1,29.1,70.0,1015.3,7.1,69.0,41.0,2.0
2023-06-19,0.0,18.3,29.7,68.0,1015.5,5.9,300.0,56.0,5.0
2023-06-20,0.0,19.3,31.2,67.0,1016.3,6.6,200.0,79.0,0.0
2023-06-21,0.0,19.5,32.3,65.0,1016.6,7.2,247.0,45.0,0.0
2023-06-22,0.0,21.3,33.1,66.0,1017.1,6.0,97.0,82.0,3.0
2023-06-23,1.4,20.7,28.9,69.0,1014.3,8.4,19.0,54.0,2.0
2023-06-24,0.0,18.4,30.6,51.0,1017.7,9.5,67.0,7.0,1.0
2023-06-25,0.0,19.7,29.9,54.0,1017.0,5.0,221.0,8.0,0.0
2023-06-26,0.0,19.0,31.4,56.0,1015.1,6.3,281.0,18.0,0.0
2023-06-27,4.3,21.4,32.3,61.0,1012.8,9.2,50.0,76.0,3.0
2023-06-28,1.0,18.6,27.1,59.0,1014.6,13.9,67.0,46.0,3.0
2023-06-29,0.0,18.4,29.7,50.0,1016.1,7.2,121.0,29.0,0.0
2023-06-30,2.3,18.6,28.4,60.0,1012.1,5.4,234.0,84.0,3.0
2023-07-01,1.5,18.6,26.7,72.0,1008.2,5.2,39.0,82.0,3.0
2023-07-02,0.7,19.3,28.9,76.0,1009.6,6.7,101.0,41.0,9.0
2023-07-03,14.6,19.9,26.5,83.0,1012.5,9.9,32.0,63.0,13.0
2023-07-04,0.0,18.2,28.3,68.0,1014.1,5.2,22.0,58.0,3.0
2023-07-05,1.1,19.0,28.0,72.0,1013.8,6.5,163.0,62.0,5.0
2023-07-06,7.4,18.4,25.9,77.0,1016.0,11.1,34.0,66.0,6.0
2023-07-07,0.0,17.6,28.6,65.0,1020.2,6.4,44.0,10.0,4.0
2023-07-08,0.0,17.5,30.7,61.0,1020.5,5.2,252.0,17.0,0.0
2023-07-09,0.0,18.5,32.2,62.0,1020.2,3.6,355.0,5.0,1.0
2023-07-10,0.0,21.3,34.2,63.0,1019.2,4.8,263.0,35.0,2.0
2023-07-11,0.0,23.1,34.0,61.0,1016.8,6.5,74.0,21.0,0.0
2023-07-12,0.2,23.9,31.4,68.0,1014.6,11.5,57.0,78.0,0.0
2023-07-13,3.1,21.6,26.7,83.0,1014.1,7.5,24.0,60.0,10.0
2023-07-14,0.2,20.7,31.1,63.0,1016.5,9.9,53.0,19.0,4.0
2023-07-15,0.0,19.4,33.5,58.0,1015.3,6.2,249.0,4.0,0.0
2023-07-16,0.0,21.8,35.0,64.0,1014.6,7.8,70.0,4.0,0.0
2023-07-17,0.0,23.3,36.1,62.0,1015.3,7.2,320.0,7.0,2.0
2023-07-18,0.1,25.2,36.5,61.0,1015.8,9.9,47.0,14.0,0.0
2023-07-19,2.6,24.1,33.4,61.0,1011.1,7.1,15.0,55.0,2.0
2023-07-20,0.0,21.0,32.6,65.0,1009.0,6.9,355.0,29.0,6.0
2023-07-21,13.5,21.6,27.5,72.0,1009.1,13.2,41.0,52.0,5.0
2023-07-22,0.1,20.5,28.3,76.0,1013.0,8.1,38.0,38.0,2.0
2023-07-23,0.5,21.3,30.4,66.0,1014.8,9.9,51.0,36.0,3.0
2023-07-24,0.8,21.6,30.2,76.0,1010.7,11.6,37.0,52.0,3.0
2023-07-25,35.9,19.3,27.7,81.0,1002.9,9.6,325.0,80.0,17.0
2023-07-26,0.6,16.6,26.2,70.0,1008.1,7.4,64.0,28.0,7.0
2023-07-27,0.0,15.2,27.3,61.0,1014.9,8.2,50.0,16.0,0.0
2023-07-28,0.0,17.2,28.4,65.0,1013.1,6.8,244.0,31.0,0.0
2023-07-29,0.0,19.0,30.1,72.0,1012.7,6.9,38.0,27.0,4.0
2023-07-30,2.1,21.3,29.1,76.0,1012.0,5.5,48.0,61.0,6.0
2023-07-31,0.1,20.4,30.1,68.0,1012.2,9.7,57.0,57.0,5.0
2023-08-01,0.3,20.0,29.3,73.0,1005.5,8.2,21.0,70.0,5.0
2023-08-02,2.6,18.7,30.5,70.0,1006.4,10.4,41.0,53.0,5.0
2023-08-03,1.0,20.2,32.6,76.0,1005.3,8.4,42.0,34.0,11.0
2023-08-04,4.6,18.6,27.3,81.0,1007.2,16.4,38.0,74.0,10.0
2023-08-05,21.9,18.0,22.9,83.0,1006.3,8.4,315.0,90.0,12.0
2023-08-06,1.7,16.2,26.6,75.0,1005.7,8.9,9.0,25.0,6.0
2023-08-07,0.0,14.1,27.4,63.0,1011.7,6.7,17.0,5.0,6.0
2023-08-08,0.0,16.1,26.7,60.0,1016.8,8.8,51.0,39.0,0.0
2023-08-09,0.0,18.0,28.1,67.0,1015.8,8.0,59.0,78.0,0.0
2023-08-10,0.0,18.1,27.6,66.0,1018.5,8.0,64.0,17.0,0.0
2023-08-11,0.0,18.7,29.4,65.0,1021.5,6.5,76.0,16.0,0.0
2023-08-12,0.0,17.9,30.2,65.0,1020.5,5.0,94.0,12.0,2.0
2023-08-13,0.0,19.8,32.4,63.0,1018.2,5.0,97.0,5.0,0.0
2023-08-14,0.0,20.1,32.0,60.0,1017.5,7.6,92.0,29.0,0.0
2023-08-15,1.2,20.1,32.9,56.0,1016.8,4.2,41.0,5.0,1.0
2023-08-16,0.0,22.1,33.2,55.0,1016.6,6.8,28.0,20.0,0.0
2023-08-17,13.9,21.4,32.0,70.0,1016.1,5.3,6.0,47.0,5.0
2023-08-18,0.8,20.3,31.6,73.0,1015.8,5.0,62.0,48.0,9.0
2023-08-19,0.0,21.0,34.2,62.0,1016.2,4.7,63.0,4.0,2.0
2023-08-20,0.0,23.2,34.5,56.0,1018.5,5.1,76.0,4.0,0.0
2023-08-21,0.0,23.5,35.9,54.0,1019.2,5.3,33.0,1.0,0.0
2023-08-22,0.0,23.0,36.0,55.0,1017.3,6.8,57.0,15.0,0.0
2023-08-23,0.0,21.8,37.4,52.0,1015.1,4.8,347.0,26.0,0.0
2023-08-24,0.0,24.3,37.3,50.0,1014.8,6.5,112.0,28.0,0.0
2023-08-25,0.0,23.2,36.1,56.0,1012.5,6.6,86.0,27.0,0.0
2023-08-26,0.0,23.6,36.5,58.0,1010.3,8.6,33.0,35.0,3.0
2023-08-27,0.3,23.9,31.8,57.0,1007.6,8.0,344.0,85.0,1.0
2023-08-28,40.4,17.9,26.7,81.0,1001.0,18.3,46.0,85.0,15.0
2023-08-29,13.1,15.6,21.8,85.0,1001.0,12.9,7.0,88.0,13.0
2023-08-30,1.1,16.1,22.7,75.0,1006.1,6.8,31.0,65.0,4.0
2023-08-31,0.0,15.0,24.7,77.0,1013.0,6.6,48.0,59.0,2.0
2023-09-01,0.3,16.9,26.9,77.0,1017.9,7.4,36.0,23.0,9.0
2023-09-02,0.0,17.0,28.9,76.0,1020.1,6.1,192.0,40.0,7.0
2023-09-03,0.0,17.8,29.6,76.0,1021.3,3.8,38.0,63.0,6.0
2023-09-04,0.1,20.6,27.0,73.0,1022.6,7.3,77.0,60.0,4.0
2023-09-05,0.0,19.8,27.0,49.0,1022.0,12.7,55.0,45.0,0.0
2023-09-06,0.0,16.4,27.9,57.0,1021.0,7.7,22.0,3.0,0.0
2023-09-07,0.0,19.0,28.5,57.0,1020.3,10.9,48.0,0.0,0.0
2023-09-08,0.0,17.6,29.2,56.0,1019.3,8.5,33.0,0.0,0.0
2023-09-09,0.0,18.8,29.4,56.0,1018.3,7.5,28.0,0.0,0.0
2023-09-10,0.0,17.7,30.0,59.0,1018.0,5.6,21.0,0.0,0.0
2023-09-11,0.0,16.3,30.4,61.0,1015.2,5.7,193.0,3.0,3.0
2023-09-12,0.0,16.6,30.7,63.0,1014.4,6.3,99.0,51.0,0.0
2023-09-13,0.7,19.1,27.5,73.0,1015.7,5.9,8.0,75.0,2.0
2023-09-14,2.4,18.3,26.3,80.0,1017.3,7.2,26.0,58.0,6.0
2023-09-15,1.0,18.3,25.7,74.0,1018.3,8.3,68.0,66.0,6.0
2023-09-16,0.2,16.7,25.6,78.0,1018.4,5.4,165.0,47.0,5.0
2023-09-17,0.2,17.7,28.5,80.0,1018.5,5.4,235.0,80.0,12.0
2023-09-18,14.4,19.1,27.1,87.0,1015.6,6.5,63.0,83.0,17.0
2023-09-19,2.0,18.2,27.8,81.0,1013.6,9.6,25.0,42.0,9.0
2023-09-20,0.2,17.9,26.9,80.0,1015.4,8.2,49.0,67.0,10.0
2023-09-21,0.5,17.3,25.3,81.0,1010.2,7.7,61.0,60.0,11.0
2023-09-22,3.9,17.8,22.8,92.0,1006.8,9.2,35.0,96.0,19.0
2023-09-23,3.2,15.9,24.7,82.0,1010.7,9.5,39.0,73.0,13.0
2023-09-24,0.1,12.9,23.8,68.0,1019.4,8.0,178.0,30.0,6.0
2023-09-25,0.0,13.7,25.0,65.0,1021.4,6.2,349.0,5.0,0.0
2023-09-26,0.0,15.2,27.1,69.0,1020.9,8.5,11.0,0.0,0.0
2023-09-27,0.0,17.9,28.1,55.0,1019.7,13.0,32.0,12.0,0.0
2023-09-28,0.0,16.5,27.2,56.0,1019.1,7.9,17.0,19.0,0.0
2023-09-29,0.0,16.1,27.0,60.0,1020.8,6.0,356.0,8.0,0.0
2023-09-30,0.0,14.4,27.9,64.0,1021.5,4.2,39.0,41.0,0.0
2023-10-01,0.0,15.4,26.6,71.0,1023.8,6.0,43.0,10.0,0.0
2023-10-02,0.0,15.5,27.1,77.0,1024.7,4.5,94.0,7.0,11.0
2023-10-03,0.0,13.9,27.3,79.0,1021.8,4.7,65.0,29.0,13.0
2023-10-04,0.1,17.1,23.2,77.0,1023.4,12.5,42.0,70.0,8.0
2023-10-05,0.0,15.3,25.2,60.0,1024.0,6.4,71.0,61.0,0.0
2023-10-06,0.0,15.3,25.2,64.0,1024.6,6.3,33.0,54.0,0.0
2023-10-07,0.0,12.7,26.2,74.0,1023.5,4.5,271.0,21.0,7.0
2023-10-08,0.0,13.7,27.9,78.0,1022.2,4.0,9.0,53.0,9.0
2023-10-09,0.0,15.4,26.0,81.0,1020.8,5.8,71.0,66.0,8.0
2023-10-10,0.0,16.7,26.3,83.0,1020.1,5.0,63.0,83.0,12.0
2023-10-11,0.0,16.2,26.1,81.0,1021.4,4.9,82.0,24.0,12.0
2023-10-12,0.0,15.2,25.5,83.0,1020.6,5.1,186.0,78.0,12.0
2023-10-13,0.0,15.7,25.8,77.0,1020.4,6.3,240.0,58.0,9.0
2023-10-14,0.0,14.7,26.3,71.0,1014.4,8.9,245.0,28.0,7.0
2023-10-15,0.2,12.3,20.1,75.0,1012.1,14.6,46.0,67.0,7.0
2023-10-16,0.0,10.4,17.2,50.0,1020.4,12.5,43.0,98.0,0.0
2023-10-17,0.0,9.3,17.4,53.0,1018.8,8.1,44.0,88.0,0.0
2023-10-18,1.7,9.2,13.7,73.0,1015.6,9.0,28.0,95.0,3.0
2023-10-19,12.6,11.3,16.8,89.0,1005.3,6.6,29.0,100.0,17.0
2023-10-20,11.5,14.4,18.9,94.0,994.7,10.4,28.0,99.0,22.0
2023-10-21,9.2,14.0,21.8,87.0,1001.3,8.7,45.0,67.0,17.0
2023-10-22,0.4,12.1,21.4,83.0,1011.0,4.9,348.0,54.0,13.0
2023-10-23,1.8,10.8,21.3,77.0,1016.7,6.8,349.0,54.0,9.0
2023-10-24,48.7,14.6,16.7,93.0,1009.0,10.9,25.0,100.0,23.0
2023-10-25,0.3,12.4,19.8,86.0,1004.1,11.9,231.0,60.0,15.0
2023-10-26,4.9,10.6,18.3,89.0,1001.4,4.8,284.0,90.0,14.0
2023-10-27,9.6,13.2,20.7,85.0,994.7,15.5,285.0,47.0,14.0
2023-10-28,0.0,11.0,20.6,82.0,1005.8,7.1,29.0,41.0,11.0
2023-10-29,3.3,9.7,17.8,84.0,1013.0,8.0,18.0,75.0,10.0
2023-10-30,19.3,12.2,18.4,91.0,1010.1,12.6,48.0,100.0,21.0
2023-10-31,5.6,10.5,17.9,83.0,1003.9,10.9,242.0,50.0,13.0
2023-11-01,0.2,9.0,17.2,74.0,1013.3,6.4,1.0,59.0,0.0
2023-11-02,34.1,10.1,16.7,89.0,1000.5,11.0,65.0,91.0,14.0
2023-11-03,12.5,7.7,15.2,85.0,987.5,11.4,257.0,58.0,15.0
2023-11-04,3.5,5.1,14.4,78.0,997.3,7.8,22.0,51.0,10.0
2023-11-05,8.0,8.9,17.7,79.0,991.7,17.0,243.0,29.0,8.0
2023-11-06,1.3,5.8,17.4,89.0,1009.6,6.4,340.0,18.0,15.0
2023-11-07,2.3,6.9,17.2,89.0,1015.8,7.4,20.0,13.0,18.0
2023-11-08,0.0,6.0,15.0,86.0,1019.3,5.3,313.0,32.0,14.0
2023-11-09,1.4,4.1,12.9,89.0,1017.8,5.1,24.0,83.0,14.0
2023-11-10,6.5,7.5,13.6,88.0,1006.7,9.1,255.0,74.0,16.0
2023-11-11,1.8,5.2,11.9,93.0,1005.9,5.0,303.0,44.0,17.0
2023-11-12,0.0,5.3,12.6,84.0,1010.8,7.5,343.0,61.0,13.0
2023-11-13,0.0,4.5,11.9,90.0,1016.2,4.1,315.0,83.0,15.0
2023-11-14,0.0,4.3,12.4,88.0,1014.7,3.4,360.0,87.0,12.0
2023-11-15,0.0,6.9,16.9,89.0,1013.7,6.3,283.0,46.0,14.0
2023-11-16,0.5,4.6,13.9,83.0,1017.0,5.9,346.0,63.0,11.0
2023-11-17,0.9,5.8,15.7,82.0,1011.8,7.8,296.0,30.0,9.0
2023-11-18,0.0,2.3,14.3,69.0,1022.3,5.5,337.0,48.0,2.0
2023-11-19,0.0,2.3,12.2,79.0,1020.3,3.2,343.0,71.0,9.0
2023-11-20,0.0,2.1,11.6,79.0,1015.7,4.3,0.0,100.0,9.0
2023-11-21,0.3,4.7,13.8,73.0,1009.5,10.6,30.0,95.0,0.0
2023-11-22,0.0,5.1,14.9,75.0,1015.2,7.7,18.0,29.0,1.0
2023-11-23,0.0,2.2,12.2,77.0,1021.2,8.0,331.0,20.0,4.0
2023-11-24,0.0,1.7,8.6,91.0,1006.2,4.6,344.0,59.0,17.0
2023-11-25,4.2,1.6,11.4,48.0,1004.1,12.2,306.0,15.0,4.0
2023-11-26,0.0,1.6,11.8,55.0,1011.1,10.0,275.0,4.0,0.0
2023-11-27,1.0,-2.0,7.1,73.0,1011.5,4.3,346.0,78.0,1.0
2023-11-28,0.2,0.5,8.9,86.0,996.4,5.5,275.0,58.0,8.0
2023-11-29,0.0,-0.6,9.2,77.0,1006.8,9.5,23.0,34.0,5.0
2023-11-30,14.1,4.6,6.0,84.0,1006.1,6.9,8.0,100.0,19.0
2023-12-01,5.6,4.7,8.8,92.0,999.9,5.9,17.0,100.0,21.0
2023-12-02,6.3,6.8,14.4,83.0,995.4,8.4,208.0,80.0,12.0
2023-12-03,0.0,0.7,8.3,74.0,1019.4,8.6,48.0,19.0,2.0
2023-12-04,1.6,-0.7,5.3,76.0,1022.7,6.5,27.0,79.0,3.0
2023-12-05,4.9,1.0,5.3,93.0,1013.5,8.0,304.0,95.0,20.0
2023-12-06,0.1,0.5,8.4,91.0,1012.9,5.1,270.0,51.0,17.0
2023-12-07,0.0,-1.7,8.0,93.0,1019.4,3.7,330.0,76.0,16.0
2023-12-08,0.1,-1.1,6.2,91.0,1017.9,4.5,323.0,94.0,15.0
2023-12-09,0.0,0.1,8.0,93.0,1017.4,6.3,256.0,63.0,18.0
2023-12-10,2.8,2.6,7.3,95.0,1014.9,5.3,307.0,79.0,19.0
2023-12-11,0.0,2.5,7.5,95.0,1014.3,5.6,326.0,98.0,19.0
2023-12-12,0.1,0.5,9.9,90.0,1012.8,4.1,297.0,99.0,16.0
2023-12-13,13.2,5.0,8.5,93.0,1003.3,4.4,321.0,97.0,24.0
2023-12-14,0.0,2.8,10.3,96.0,1010.3,6.3,266.0,67.0,21.0
2023-12-15,0.0,2.7,10.8,91.0,1027.2,4.6,21.0,60.0,14.0
2023-12-16,0.0,0.3,9.1,81.0,1038.3,5.9,355.0,3.0,5.0
2023-12-17,0.0,-1.0,9.2,85.0,1039.4,6.6,287.0,13.0,8.0
2023-12-18,0.0,-0.3,10.4,91.0,1034.4,5.7,263.0,43.0,17.0
2023-12-19,0.0,-0.1,9.5,89.0,1026.0,3.2,282.0,30.0,12.0
2023-12-20,0.0,-0.8,6.2,91.0,1014.9,5.1,351.0,75.0,16.0
2023-12-21,0.0,-0.1,7.6,91.0,1009.8,6.3,256.0,63.0,15.0
2023-12-22,0.0,-1.0,12.5,91.0,1001.0,5.3,22.0,81.0,15.0
2023-12-23,0.0,0.4,13.8,83.0,1005.9,6.6,353.0,81.0,8.0
2023-12-24,0.0,2.3,10.5,93.0,1013.2,5.2,329.0,46.0,18.0
2023-12-25,0.0,3.2,9.8,96.0,1018.1,3.5,347.0,79.0,21.0
2023-12-26,0.0,4.3,11.2,93.0,1020.4,5.1,235.0,90.0,20.0
2023-12-27,0.0,4.3,10.3,95.0,1026.1,3.5,312.0,84.0,20.0
2023-12-28,0.0,5.6,9.9,95.0,1027.1,3.6,197.0,99.0,21.0
2023-12-29,0.0,4.4,8.6,94.0,1023.2,3.1,7.0,97.0,18.0
2023-12-30,0.1,4.8,10.5,90.0,1021.3,3.1,347.0,87.0,14.0
2023-12-31,1.0,5.0,10.7,88.0,1016.4,5.0,36.0,96.0,13.0
2024-01-01,3.1,4.5,10.7,94.0,1012.3,7.0,300.0,84.0,20.0
2024-01-02,0.2,3.2,6.6,95.0,1015.1,5.6,244.0,100.0,21.0
2024-01-03,0.1,2.8,9.4,92.0,1009.1,4.1,307.0,71.0,19.0
2024-01-04,0.0,2.0,10.0,94.0,1008.9,6.0,19.0,71.0,18.0
2024-01-05,4.6,3.5,10.1,86.0,1009.3,13.8,30.0,100.0,12.0
2024-01-06,38.9,8.3,9.5,90.0,999.7,16.2,38.0,100.0,22.0
2024-01-07,9.4,6.9,9.6,84.0,1000.6,9.0,9.0,100.0,12.0
2024-01-08,0.3,5.2,10.5,76.0,1011.3,7.6,61.0,99.0,2.0
2024-01-09,0.0,0.9,7.7,64.0,1023.3,11.0,45.0,25.0,0.0
2024-01-10,0.0,-0.7,5.4,63.0,1028.3,9.9,40.0,86.0,0.0
2024-01-11,0.0,-2.9,6.3,79.0,1025.2,6.0,311.0,1.0,5.0
2024-01-12,0.0,-2.4,8.0,88.0,1024.3,4.7,7.0,42.0,13.0
2024-01-13,0.0,-3.3,5.5,89.0,1023.0,5.7,255.0,16.0,16.0
2024-01-14,0.0,-1.9,2.8,91.0,1014.3,2.9,339.0,99.0,16.0
2024-01-15,0.1,0.1,6.7,83.0,1003.3,4.7,286.0,61.0,4.0
2024-01-16,0.1,-1.7,8.3,74.0,1009.4,10.3,27.0,48.0,4.0
2024-01-17,5.0,3.5,4.7,81.0,1006.5,5.6,353.0,100.0,12.0
2024-01-18,6.7,3.8,9.0,91.0,997.8,7.0,272.0,77.0,18.0
2024-01-19,2.0,2.9,7.1,75.0,1008.9,15.7,67.0,98.0,13.0
2024-01-20,0.0,-5.6,6.7,60.0,1028.5,6.4,4.0,7.0,0.0
2024-01-21,0.0,-4.5,6.8,75.0,1033.5,5.8,288.0,20.0,0.0
2024-01-22,0.0,-4.1,4.7,85.0,1031.0,4.9,241.0,71.0,10.0
2024-01-23,0.1,-2.4,8.4,79.0,1029.1,4.1,344.0,34.0,2.0
2024-01-24,0.0,-1.7,7.6,79.0,1029.8,4.0,285.0,76.0,0.0
2024-01-25,0.0,-1.6,11.3,85.0,1026.0,4.8,314.0,59.0,11.0
2024-01-26,0.0,-0.5,9.7,91.0,1026.6,5.2,275.0,82.0,17.0
2024-01-27,0.0,1.9,8.3,95.0,1030.1,4.5,356.0,74.0,18.0
2024-01-28,0.0,-0.4,8.0,94.0,1037.2,4.7,262.0,72.0,18.0
2024-01-29,0.0,-1.2,7.7,89.0,1037.1,5.3,263.0,55.0,16.0
2024-01-30,0.0,-2.4,8.8,86.0,1036.4,5.7,255.0,36.0,15.0
2024-01-31,0.0,-2.4,8.2,85.0,1034.3,5.1,254.0,73.0,7.0
2024-02-01,0.2,-1.9,5.8,89.0,1028.6,4.1,283.0,61.0,14.0
2024-02-02,0.0,-2.1,8.6,85.0,1029.3,3.6,261.0,54.0,12.0
2024-02-03,0.0,-1.6,9.1,79.0,1026.9,3.4,319.0,38.0,1.0
2024-02-04,0.0,-1.9,10.9,85.0,1024.8,3.8,41.0,89.0,7.0
2024-02-05,0.0,-0.5,9.8,95.0,1024.4,4.2,331.0,95.0,21.0
2024-02-06,0.0,1.9,11.5,92.0,1022.7,4.9,227.0,100.0,18.0
2024-02-07,0.0,5.6,10.2,94.0,1015.3,3.3,90.0,96.0,20.0
2024-02-08,0.0,6.6,11.1,92.0,1010.3,3.8,80.0,100.0,16.0
2024-02-09,14.3,7.1,11.2,95.0,1004.0,6.7,33.0,100.0,24.0
2024-02-10,14.8,7.5,11.3,94.0,995.9,12.7,49.0,100.0,24.0
2024-02-11,14.7,8.7,13.5,86.0,992.5,9.0,23.0,97.0,13.0
2024-02-12,2.1,5.9,12.4,89.0,1004.0,7.2,7.0,86.0,15.0
2024-02-13,0.0,3.6,15.8,85.0,1016.4,6.1,264.0,34.0,12.0
2024-02-14,0.0,3.5,13.5,86.0,1024.5,4.1,352.0,50.0,11.0
2024-02-15,0.0,2.1,12.5,92.0,1024.3,3.4,115.0,87.0,17.0
2024-02-16,0.0,4.6,11.1,94.0,1022.2,3.4,230.0,76.0,19.0
2024-02-17,0.0,3.8,13.7,92.0,1026.8,3.2,195.0,67.0,18.0
2024-02-18,0.0,5.8,16.0,87.0,1030.8,4.8,91.0,90.0,13.0
2024-02-19,0.1,6.6,15.5,82.0,1024.8,4.5,239.0,58.0,10.0
2024-02-20,0.7,5.5,15.2,84.0,1025.0,4.9,331.0,36.0,12.0
2024-02-21,0.0,4.0,15.5,81.0,1024.5,6.1,234.0,55.0,13.0
2024-02-22,3.1,5.4,9.9,91.0,1013.5,5.0,22.0,100.0,14.0
2024-02-23,27.7,6.8,12.5,91.0,999.4,7.4,103.0,97.0,20.0
2024-02-24,1.6,3.0,12.3,87.0,1006.6,6.7,24.0,69.0,15.0
2024-02-25,1.2,5.0,12.9,84.0,1010.5,8.1,30.0,54.0,12.0
2024-02-26,7.1,3.9,10.4,89.0,1007.6,12.7,38.0,92.0,18.0
2024-02-27,37.9,8.0,10.4,88.0,1009.1,23.1,46.0,100.0,24.0
2024-02-28,24.5,9.7,14.1,88.0,1015.9,16.6,39.0,98.0,15.0
2024-02-29,2.0,10.3,16.4,76.0,1014.6,13.2,44.0,80.0,4.0
2024-03-01,15.2,10.1,13.0,86.0,1007.0,15.4,50.0,98.0,16.0
2024-03-02,3.9,7.3,13.2,91.0,1009.3,10.9,50.0,86.0,17.0
2024-03-03,2.6,6.2,14.3,89.0,1008.8,12.9,61.0,94.0,14.0
2024-03-04,16.8,9.2,14.3,85.0,1007.1,16.6,31.0,87.0,15.0
2024-03-05,2.4,5.7,17.3,79.0,1010.9,7.3,263.0,63.0,7.0
2024-03-06,9.9,8.2,13.6,85.0,1014.7,12.4,59.0,80.0,18.0
2024-03-07,4.2,7.3,13.6,83.0,1017.4,6.5,61.0,88.0,11.0
2024-03-08,5.0,6.3,9.3,79.0,1017.3,15.9,46.0,100.0,8.0
2024-03-09,4.8,6.5,12.2,83.0,1011.9,13.8,45.0,97.0,9.0
2024-03-10,22.3,5.2,12.6,90.0,1004.4,15.7,71.0,82.0,19.0
2024-03-11,0.0,3.3,15.4,83.0,1004.9,8.2,242.0,100.0,11.0
2024-03-12,0.0,4.2,16.9,84.0,1011.6,5.8,160.0,55.0,14.0
2024-03-13,1.8,7.1,16.6,84.0,1016.9,5.7,95.0,57.0,14.0
2024-03-14,0.0,6.0,15.9,87.0,1018.2,5.8,178.0,70.0,13.0
2024-03-15,0.0,5.6,16.0,85.0,1017.4,4.0,236.0,83.0,13.0
2024-03-16,0.2,8.1,17.2,85.0,1018.9,4.0,73.0,68.0,11.0
2024-03-17,0.3,7.6,18.1,87.0,1021.4,4.8,195.0,88.0,15.0
2024-03-18,8.3,8.8,13.2,94.0,1015.9,4.4,65.0,98.0,22.0
2024-03-19,0.0,8.4,16.5,89.0,1017.9,5.2,67.0,83.0,14.0
2024-03-20,0.0,8.0,17.3,83.0,1022.4,5.8,215.0,70.0,12.0
2024-03-21,0.3,7.0,17.6,85.0,1021.5,5.1,123.0,77.0,15.0
2024-03-22,0.0,7.2,20.2,76.0,1019.9,6.5,244.0,54.0,8.0
2024-03-23,0.0,7.5,19.4,74.0,1010.6,10.1,242.0,57.0,2.0
2024-03-24,0.1,7.0,15.0,64.0,1008.1,9.9,50.0,32.0,0.0
2024-03-25,0.1,2.6,16.0,70.0,1008.6,6.2,105.0,39.0,4.0
2024-03-26,12.8,7.0,12.4,82.0,1003.6,17.8,38.0,93.0,12.0
2024-03-27,22.2,8.5,13.5,89.0,995.1,15.7,75.0,85.0,14.0
2024-03-28,7.5,5.3,11.1,86.0,1000.6,10.7,125.0,65.0,9.0
2024-03-29,0.0,4.4,17.0,84.0,1012.1,11.9,39.0,77.0,10.0
2024-03-30,4.5,11.3,18.7,85.0,1009.2,18.6,52.0,93.0,12.0
2024-03-31,31.2,11.3,17.5,87.0,1007.3,13.2,46.0,92.0,16.0
2024-04-01,10.7,9.2,15.3,93.0,1004.8,8.4,60.0,92.0,21.0
2024-04-02,0.0,7.5,18.2,80.0,1012.0,7.6,255.0,37.0,9.0
2024-04-03,1.5,8.2,16.1,81.0,1015.8,7.4,207.0,82.0,9.0
2024-04-04,0.0,6.1,19.0,80.0,1018.6,6.6,241.0,49.0,10.0
2024-04-05,0.0,8.6,20.1,82.0,1022.4,7.4,274.0,85.0,10.0
2024-04-06,0.0,9.4,21.7,80.0,1023.0,6.1,243.0,45.0,9.0
2024-04-07,0.0,9.4,22.8,85.0,1021.0,4.2,321.0,55.0,12.0
2024-04-08,0.0,11.4,22.8,87.0,1017.6,5.1,98.0,93.0,15.0
2024-04-09,0.0,9.9,20.9,87.0,1015.3,8.2,73.0,80.0,14.0
2024-04-10,10.5,14.3,18.6,79.0,1017.2,16.9,35.0,98.0,13.0
2024-04-11,0.0,11.5,22.0,65.0,1027.1,8.6,15.0,34.0,0.0
2024-04-12,0.0,12.5,24.3,68.0,1028.6,6.7,359.0,3.0,0.0
2024-04-13,0.0,13.0,26.3,75.0,1026.5,5.6,269.0,31.0,7.0
2024-04-14,0.0,12.8,26.9,77.0,1022.0,6.3,225.0,41.0,7.0
2024-04-15,0.0,12.4,24.8,65.0,1012.2,11.9,243.0,57.0,2.0
2024-04-16,12.8,8.8,20.2,66.0,1001.5,17.2,279.0,74.0,4.0
2024-04-17,1.7,5.3,15.4,73.0,1005.7,6.5,313.0,61.0,2.0
2024-04-18,4.2,7.1,13.8,70.0,1010.2,9.8,44.0,95.0,5.0
2024-04-19,0.7,3.9,16.4,59.0,1014.3,10.6,237.0,47.0,2.0
2024-04-20,1.3,5.4,16.7,64.0,1010.2,10.5,52.0,72.0,2.0
2024-04-21,1.0,3.8,14.9,60.0,1014.6,7.8,27.0,55.0,1.0
2024-04-22,20.8,5.7,10.3,77.0,1014.0,21.5,50.0,100.0,17.0
2024-04-23,9.0,6.3,13.4,71.0,1009.0,21.3,50.0,96.0,5.0
2024-04-24,3.4,5.9,13.1,78.0,1007.0,8.3,30.0,93.0,11.0
2024-04-25,2.3,4.8,14.1,71.0,1008.9,8.6,59.0,22.0,5.0
2024-04-26,0.3,5.0,15.6,76.0,1012.5,9.1,70.0,54.0,6.0
2024-04-27,0.7,8.4,17.0,82.0,1016.8,8.6,69.0,82.0,7.0
2024-04-28,0.0,10.2,19.6,76.0,1020.1,9.8,69.0,76.0,3.0
2024-04-29,0.0,8.8,24.0,71.0,1021.0,4.5,347.0,23.0,5.0
2024-04-30,0.0,10.9,25.5,66.0,1017.9,7.4,55.0,37.0,0.0
2024-05-01,6.3,15.1,22.5,68.0,1010.2,19.1,73.0,99.0,5.0
2024-05-02,24.4,11.5,18.9,88.0,1007.0,8.9,101.0,90.0,21.0
2024-05-03,0.9,8.6,18.4,82.0,1010.9,6.5,7.0,99.0,15.0
2024-05-04,0.6,11.3,21.2,74.0,1015.1,4.9,252.0,68.0,8.0
2024-05-05,0.0,10.0,22.0,73.0,1014.7,8.9,234.0,55.0,5.0
2024-05-06,0.2,12.6,21.4,81.0,1013.4,7.2,252.0,95.0,9.0
2024-05-07,10.5,13.0,17.3,87.0,1013.3,7.8,58.0,95.0,17.0
2024-05-08,1.3,11.5,21.2,82.0,1016.6,5.9,16.0,76.0,11.0
2024-05-09,0.1,14.7,22.8,68.0,1019.3,7.4,53.0,90.0,0.0
2024-05-10,0.0,14.5,23.5,60.0,1019.5,7.6,41.0,35.0,0.0
2024-05-11,0.0,14.4,24.5,58.0,1018.8,7.5,64.0,19.0,0.0
2024-05-12,0.0,13.9,25.5,61.0,1017.3,5.8,108.0,48.0,0.0
2024-05-13,0.2,15.2,23.2,71.0,1015.4,9.5,57.0,91.0,0.0
2024-05-14,4.0,13.2,22.2,80.0,1011.8,10.7,67.0,54.0,10.0
2024-05-15,45.5,14.3,17.2,89.0,1010.6,18.7,51.0,100.0,19.0
2024-05-16,79.7,13.9,17.9,87.0,1007.3,21.6,41.0,99.0,17.0
2024-05-17,1.5,10.8,22.0,78.0,1009.1,10.0,225.0,30.0,11.0
2024-05-18,0.5,12.3,22.7,75.0,1013.3,7.4,76.0,18.0,6.0
2024-05-19,0.1,13.0,22.9,81.0,1011.9,7.7,78.0,59.0,5.0
2024-05-20,1.1,14.7,23.5,82.0,1010.7,8.8,80.0,77.0,10.0
2024-05-21,38.0,16.5,21.3,86.0,1006.2,12.0,96.0,81.0,16.0
2024-05-22,2.7,14.0,21.1,81.0,1010.8,7.6,302.0,50.0,8.0
2024-05-23,1.9,12.9,22.0,83.0,1015.8,5.7,278.0,51.0,11.0
2024-05-24,1.1,12.5,22.0,80.0,1018.1,5.5,273.0,53.0,11.0
2024-05-25,9.9,13.4,21.8,79.0,1017.4,7.7,351.0,71.0,10.0
2024-05-26,0.0,12.3,24.8,70.0,1017.3,4.7,249.0,19.0,1.0
2024-05-27,0.1,14.4,25.2,75.0,1018.0,5.2,83.0,77.0,7.0
2024-05-28,9.0,16.0,23.5,81.0,1015.2,7.7,14.0,81.0,11.0
2024-05-29,0.0,14.9,23.5,74.0,1014.3,7.1,67.0,55.0,7.0
2024-05-30,11.6,15.8,21.4,89.0,1007.7,9.8,33.0,94.0,17.0
2024-05-31,18.3,13.9,20.6,84.0,1003.0,12.3,43.0,80.0,16.0
2024-06-01,0.0,11.1,23.5,78.0,1011.2,6.5,109.0,30.0,8.0
2024-06-02,1.5,14.1,23.8,80.0,1014.9,7.3,20.0,48.0,10.0
2024-06-03,3.6,13.1,22.6,78.0,1013.5,7.4,241.0,64.0,8.0
2024-06-04,1.5,14.6,24.5,82.0,1014.0,5.7,29.0,76.0,11.0
2024-06-05,0.5,15.0,25.7,79.0,1015.1,6.3,41.0,22.0,9.0
2024-06-06,0.6,16.4,26.9,79.0,1016.9,6.8,96.0,44.0,8.0
2024-06-07,0.1,17.5,28.7,78.0,1016.1,6.0,165.0,54.0,7.0
2024-06-08,0.6,19.6,27.5,78.0,1013.4,7.2,78.0,84.0,4.0
2024-06-09,4.3,19.5,27.4,82.0,1007.8,8.3,57.0,98.0,10.0
2024-06-10,9.5,18.4,26.7,82.0,1004.2,8.3,292.0,77.0,12.0
2024-06-11,3.8,18.0,23.1,79.0,1009.1,10.6,45.0,65.0,8.0
2024-06-12,13.2,15.7,22.5,75.0,1012.4,17.1,46.0,74.0,8.0
2024-06-13,1.3,13.7,21.7,70.0,1015.3,10.8,39.0,55.0,1.0
2024-06-14,0.1,13.3,23.1,71.0,1016.7,6.9,255.0,68.0,0.0
2024-06-15,0.1,14.8,25.7,74.0,1012.3,6.1,96.0,42.0,3.0
2024-06-16,0.4,16.8,26.2,75.0,1010.8,8.0,342.0,50.0,6.0
2024-06-17,0.0,17.1,27.4,76.0,1015.3,7.3,91.0,19.0,8.0
2024-06-18,0.0,17.3,28.2,74.0,1017.4,6.3,93.0,50.0,4.0
2024-06-19,0.0,18.3,29.7,76.0,1016.2,7.1,79.0,27.0,6.0
2024-06-20,0.0,20.4,30.3,80.0,1018.0,5.1,84.0,70.0,8.0
2024-06-21,23.2,20.8,30.6,82.0,1014.7,8.3,79.0,65.0,11.0
2024-06-22,0.0,18.9,29.1,71.0,1009.7,8.1,269.0,26.0,3.0
2024-06-23,47.5,18.7,25.2,76.0,1010.8,15.3,19.0,97.0,11.0
2024-06-24,13.5,19.1,26.8,71.0,1012.7,15.3,28.0,72.0,5.0
2024-06-25,37.5,17.7,24.8,80.0,1012.7,13.5,24.0,61.0,15.0
2024-06-26,3.0,16.8,25.2,79.0,1011.7,4.8,34.0,63.0,9.0
2024-06-27,0.0,16.7,28.4,79.0,1010.9,5.2,225.0,18.0,8.0
2024-06-28,0.1,20.5,30.6,81.0,1014.9,5.1,74.0,34.0,9.0
2024-06-29,0.0,21.5,30.8,79.0,1016.2,6.0,83.0,49.0,5.0
2024-06-30,0.3,21.8,29.5,71.0,1010.4,9.4,252.0,25.0,0.0
2024-07-01,7.1,20.1,27.0,80.0,1010.1,9.5,348.0,67.0,9.0
2024-07-02,0.0,16.8,26.8,72.0,1009.1,5.4,281.0,37.0,8.0
2024-07-03,14.2,16.9,23.4,74.0,1008.7,11.2,34.0,99.0,6.0
2024-07-04,0.1,15.5,25.7,74.0,1010.4,5.1,231.0,10.0,6.0
2024-07-05,0.0,16.9,27.7,72.0,1014.5,5.4,170.0,14.0,1.0
2024-07-06,0.1,18.1,27.8,74.0,1012.1,7.6,78.0,50.0,2.0
2024-07-07,3.7,19.6,27.8,81.0,1011.6,10.8,38.0,60.0,7.0
2024-07-08,0.5,21.0,30.0,71.0,1014.4,5.0,295.0,37.0,1.0
2024-07-09,0.1,20.5,32.2,71.0,1015.5,5.1,313.0,5.0,2.0
2024-07-10,0.0,22.6,33.7,67.0,1014.3,6.2,285.0,20.0,0.0
2024-07-11,0.0,21.9,33.5,68.0,1013.4,5.5,253.0,10.0,2.0
2024-07-12,5.2,23.4,30.3,76.0,1010.8,7.7,5.0,31.0,4.0
2024-07-13,18.0,19.8,30.5,74.0,1009.3,6.1,292.0,34.0,8.0
2024-07-14,0.0,21.6,30.6,67.0,1011.0,8.1,265.0,48.0,2.0
2024-07-15,0.0,20.0,31.6,67.0,1012.6,6.7,343.0,5.0,0.0
2024-07-16,0.0,22.0,32.4,63.0,1011.4,6.2,247.0,14.0,0.0
2024-07-17,0.0,22.5,33.2,64.0,1013.7,5.6,23.0,30.0,1.0
2024-07-18,0.0,23.1,32.6,56.0,1016.6,10.2,47.0,7.0,0.0
2024-07-19,0.0,24.0,33.5,58.0,1014.9,7.1,14.0,23.0,0.0
2024-07-20,7.4,22.4,30.2,69.0,1010.4,8.4,2.0,44.0,3.0
2024-07-21,0.2,21.2,30.5,72.0,1009.1,5.0,83.0,31.0,1.0
2024-07-22,1.3,21.9,30.5,74.0,1011.5,6.3,61.0,54.0,3.0
2024-07-23,0.0,21.6,31.5,67.0,1014.7,6.1,21.0,30.0,4.0
2024-07-24,0.0,21.4,30.4,64.0,1013.0,8.0,38.0,38.0,0.0
2024-07-25,0.0,22.7,30.4,53.0,1012.2,12.6,67.0,55.0,0.0
2024-07-26,0.0,20.9,31.4,61.0,1012.5,7.0,85.0,16.0,0.0
2024-07-27,0.0,21.4,33.1,64.0,1014.8,6.2,115.0,13.0,0.0
2024-07-28,1.8,22.2,34.7,66.0,1016.8,6.7,11.0,27.0,1.0
2024-07-29,0.0,22.9,31.0,64.0,1018.3,8.0,39.0,37.0,0.0
2024-07-30,0.0,22.6,30.8,58.0,1017.2,7.4,57.0,32.0,0.0
2024-07-31,0.0,22.1,32.7,64.0,1013.9,5.8,229.0,12.0,0.0
2024-08-01,12.7,22.7,31.8,72.0,1010.5,6.4,3.0,40.0,6.0
2024-08-02,1.8,19.5,30.5,78.0,1008.9,4.4,321.0,36.0,11.0
2024-08-03,2.1,22.0,31.0,71.0,1008.6,8.0,40.0,30.0,8.0
2024-08-04,0.0,21.1,30.5,63.0,1011.1,5.9,22.0,58.0,0.0
2024-08-05,0.0,22.1,31.0,61.0,1011.4,6.1,53.0,59.0,0.0
2024-08-06,0.0,22.2,30.9,67.0,1011.2,6.4,61.0,35.0,0.0
2024-08-07,3.1,22.7,31.5,69.0,1011.5,6.1,282.0,76.0,2.0
2024-08-08,0.0,17.7,31.1,71.0,1013.0,4.5,243.0,27.0,7.0
2024-08-09,0.0,21.5,32.2,63.0,1015.2,5.5,62.0,34.0,1.0
2024-08-10,0.0,23.0,33.5,62.0,1018.1,5.6,127.0,5.0,0.0
2024-08-11,0.0,23.2,34.3,59.0,1017.7,4.4,78.0,17.0,0.0
2024-08-12,0.0,23.3,35.2,62.0,1013.1,5.9,257.0,33.0,0.0
2024-08-13,0.0,23.7,34.6,66.0,1010.2,4.9,324.0,24.0,1.0
2024-08-14,0.1,24.1,33.0,65.0,1010.9,4.8,345.0,45.0,1.0
2024-08-15,0.0,21.4,32.8,65.0,1014.5,7.5,244.0,71.0,1.0
2024-08-16,0.0,21.7,33.0,65.0,1014.8,5.7,262.0,32.0,0.0
2024-08-17,0.3,22.7,32.5,63.0,1011.5,5.7,242.0,52.0,1.0
2024-08-18,6.7,21.2,28.2,76.0,1007.3,8.5,11.0,73.0,8.0
2024-08-19,7.7,20.6,25.1,85.0,1008.5,7.7,360.0,100.0,12.0
2024-08-20,7.1,20.5,29.5,76.0,1010.4,7.6,19.0,49.0,7.0
2024-08-21,0.0,21.2,30.4,72.0,1011.0,4.3,44.0,16.0,5.0
2024-08-22,12.7,21.2,29.8,68.0,1013.5,9.6,60.0,54.0,3.0
2024-08-23,0.0,21.1,31.6,68.0,1014.0,6.1,194.0,15.0,0.0
2024-08-24,0.0,22.2,32.8,69.0,1015.7,7.0,116.0,8.0,1.0
2024-08-25,0.0,21.3,33.2,69.0,1013.9,4.2,95.0,13.0,4.0
2024-08-26,2.4,21.7,31.7,61.0,1014.0,12.4,23.0,81.0,2.0
2024-08-27,0.5,22.4,31.7,59.0,1016.0,11.5,37.0,54.0,1.0
2024-08-28,0.0,21.3,32.7,57.0,1016.9,7.3,24.0,26.0,0.0
2024-08-29,0.0,21.5,34.0,56.0,1016.2,5.2,276.0,1.0,0.0
2024-08-30,0.0,21.9,34.1,55.0,1016.2,5.7,135.0,6.0,0.0
2024-08-31,0.0,23.2,34.2,55.0,1016.6,6.4,8.0,32.0,0.0
2024-09-01,0.0,22.9,34.1,53.0,1014.3,7.1,61.0,75.0,0.0
2024-09-02,0.0,21.2,33.3,58.0,1012.6,6.1,231.0,17.0,0.0
2024-09-03,0.2,20.1,32.0,63.0,1015.1,4.9,21.0,16.0,0.0
2024-09-04,0.4,21.5,30.6,65.0,1013.8,5.6,57.0,46.0,1.0
2024-09-05,64.3,19.0,23.3,87.0,1009.9,14.5,49.0,87.0,19.0
2024-09-06,0.9,17.5,25.9,81.0,1012.6,7.1,63.0,55.0,10.0
2024-09-07,0.0,18.3,28.1,79.0,1016.1,6.0,82.0,13.0,8.0
2024-09-08,42.7,20.2,26.8,89.0,1012.3,8.5,37.0,97.0,16.0
2024-09-09,20.3,19.5,27.1,83.0,1003.0,7.4,54.0,59.0,13.0
2024-09-10,0.6,16.2,26.6,77.0,1008.7,6.3,49.0,11.0,7.0
2024-09-11,8.4,17.4,25.1,80.0,1008.8,9.8,35.0,78.0,9.0
2024-09-12,8.8,14.7,19.8,83.0,1003.9,15.7,39.0,97.0,10.0
2024-09-13,0.4,13.1,18.3,67.0,1007.7,8.9,253.0,100.0,0.0
2024-09-14,0.0,14.2,21.8,43.0,1012.6,11.3,269.0,98.0,0.0
2024-09-15,0.0,12.1,23.0,60.0,1013.0,6.2,58.0,88.0,0.0
2024-09-16,0.4,13.1,22.6,60.0,1012.5,8.8,2.0,78.0,0.0
2024-09-17,4.7,13.2,20.6,67.0,1016.3,16.1,61.0,77.0,7.0
2024-09-18,1.7,14.2,20.7,64.0,1018.6,16.6,44.0,86.0,1.0
2024-09-19,0.0,16.1,23.5,58.0,1016.7,15.2,45.0,97.0,0.0
2024-09-20,0.2,16.3,24.4,58.0,1019.5,11.6,44.0,39.0,0.0
2024-09-21,0.0,16.3,24.4,65.0,1021.5,8.6,48.0,17.0,0.0
2024-09-22,0.0,13.9,23.6,66.0,1018.4,6.1,14.0,67.0,0.0
2024-09-23,28.1,13.4,23.2,82.0,1013.5,9.8,49.0,59.0,12.0
2024-09-24,17.2,14.8,22.9,82.0,1009.8,11.9,222.0,63.0,10.0
2024-09-25,0.2,13.0,22.5,82.0,1013.7,6.3,215.0,45.0,10.0
2024-09-26,0.0,15.3,25.3,82.0,1010.3,7.1,24.0,78.0,4.0
2024-09-27,3.4,17.1,24.8,83.0,1006.3,5.7,254.0,71.0,11.0
2024-09-28,2.9,13.3,20.2,71.0,1010.9,10.0,29.0,40.0,3.0
2024-09-29,0.0,11.1,20.0,66.0,1023.1,6.3,53.0,40.0,0.0
2024-09-30,0.0,12.6,20.1,66.0,1021.7,8.4,47.0,47.0,0.0
2024-10-01,1.0,13.0,18.0,83.0,1016.2,8.4,35.0,98.0,3.0
2024-10-02,10.3,14.0,17.9,94.0,1006.9,7.3,34.0,93.0,23.0
2024-10-03,37.8,12.3,15.6,83.0,1005.0,20.6,40.0,100.0,19.0
2024-10-04,7.4,12.0,14.8,85.0,1007.7,5.0,329.0,100.0,11.0
2024-10-05,5.2,11.6,16.8,79.0,1013.0,10.4,30.0,74.0,7.0
2024-10-06,0.0,8.4,18.6,77.0,1013.2,7.1,255.0,36.0,2.0
2024-10-07,0.0,9.6,16.7,86.0,1015.6,5.3,1.0,78.0,9.0
2024-10-08,21.7,14.6,18.8,90.0,1009.9,16.1,93.0,100.0,18.0
2024-10-09,0.1,14.3,21.5,86.0,1005.3,11.1,220.0,78.0,11.0
2024-10-10,20.8,15.8,22.0,86.0,1000.6,9.6,297.0,60.0,13.0
2024-10-11,0.0,11.9,21.4,74.0,1010.7,7.8,20.0,5.0,3.0
2024-10-12,0.3,12.0,19.5,74.0,1018.4,8.8,53.0,55.0,3.0
2024-10-13,0.2,10.8,21.3,84.0,1017.4,9.2,260.0,76.0,11.0
2024-10-14,0.0,12.6,18.7,84.0,1020.0,4.2,358.0,82.0,6.0
2024-10-15,0.3,14.2,20.3,87.0,1020.6,4.6,43.0,96.0,13.0
2024-10-16,6.5,12.7,18.5,90.0,1022.2,9.1,35.0,100.0,18.0
2024-10-17,5.9,14.5,19.4,88.0,1021.3,12.1,49.0,100.0,14.0
2024-10-18,25.7,15.2,18.7,92.0,1016.8,16.2,48.0,90.0,21.0
2024-10-19,36.0,15.1,19.6,90.0,1017.7,15.9,45.0,99.0,23.0
2024-10-20,0.7,15.4,21.9,71.0,1024.1,12.4,56.0,82.0,2.0
2024-10-21,0.0,11.3,21.5,83.0,1029.1,4.6,63.0,47.0,10.0
2024-10-22,0.0,14.2,21.4,85.0,1028.6,4.0,213.0,72.0,7.0
2024-10-23,23.6,15.6,17.7,94.0,1028.9,6.8,39.0,100.0,24.0
2024-10-24,11.7,13.4,17.9,88.0,1028.5,10.6,46.0,90.0,17.0
2024-10-25,4.9,13.3,19.7,87.0,1025.1,7.6,49.0,98.0,12.0
2024-10-26,13.8,15.3,20.5,92.0,1022.5,9.8,47.0,95.0,19.0
2024-10-27,7.7,15.1,20.9,91.0,1023.6,5.8,58.0,82.0,17.0
2024-10-28,0.1,14.2,20.1,93.0,1026.2,3.3,257.0,85.0,16.0
2024-10-29,0.0,12.9,20.6,93.0,1025.5,4.0,296.0,57.0,18.0
2024-10-30,0.0,11.5,22.3,86.0,1024.4,4.3,285.0,2.0,14.0
2024-10-31,0.0,11.0,20.4,87.0,1025.5,5.1,291.0,2.0,15.0
2024-11-01,0.0,10.0,17.8,94.0,1024.5,5.4,249.0,53.0,18.0
2024-11-02,0.0,10.8,18.2,92.0,1023.2,4.9,4.0,54.0,14.0
2024-11-03,0.0,9.3,17.1,77.0,1027.8,8.0,27.0,20.0,2.0
2024-11-04,0.0,7.1,16.7,87.0,1026.8,4.6,321.0,5.0,13.0
2024-11-05,0.0,6.0,16.2,79.0,1026.4,6.6,16.0,70.0,4.0
2024-11-06,0.0,5.6,15.7,82.0,1028.6,5.2,341.0,88.0,9.0
2024-11-07,0.0,5.5,15.3,85.0,1030.5,4.8,347.0,36.0,12.0
2024-11-08,0.0,6.7,15.3,92.0,1029.0,5.3,283.0,95.0,18.0
2024-11-09,0.0,6.6,14.6,91.0,1026.9,5.1,283.0,75.0,17.0
2024-11-10,0.0,5.5,16.0,84.0,1023.2,5.6,355.0,14.0,10.0
2024-11-11,0.0,5.5,12.8,70.0,1024.8,9.6,35.0,6.0,0.0
2024-11-12,0.0,4.5,12.2,69.0,1024.4,11.7,41.0,35.0,0.0
2024-11-13,0.0,1.7,11.1,77.0,1024.9,4.7,20.0,29.0,0.0
2024-11-14,0.3,2.7,10.1,72.0,1024.1,6.4,30.0,34.0,1.0
2024-11-15,0.0,1.0,10.5,89.0,1024.6,3.3,344.0,25.0,15.0
2024-11-16,0.0,1.1,11.7,84.0,1023.1,5.5,284.0,3.0,10.0
2024-11-17,0.0,2.5,8.2,92.0,1016.1,2.9,291.0,85.0,18.0
2024-11-18,0.0,2.4,12.4,84.0,1013.4,3.8,322.0,90.0,10.0
2024-11-19,0.1,3.3,11.6,85.0,1010.6,3.9,276.0,88.0,9.0
2024-11-20,0.3,4.7,13.1,84.0,998.3,4.5,310.0,74.0,12.0
2024-11-21,3.5,-1.7,7.7,64.0,1003.9,6.5,8.0,57.0,5.0
2024-11-22,5.4,1.7,10.3,87.0,1000.5,7.5,244.0,61.0,16.0
2024-11-23,0.0,-2.0,9.2,72.0,1025.2,4.4,259.0,30.0,3.0
2024-11-24,0.0,0.5,6.8,80.0,1032.9,2.4,335.0,93.0,3.0
2024-11-25,0.0,1.3,7.9,87.0,1028.7,2.1,246.0,61.0,7.0
2024-11-26,1.1,5.2,7.8,89.0,1023.4,3.4,2.0,97.0,13.0
2024-11-27,1.1,5.4,12.1,92.0,1023.9,3.8,315.0,81.0,19.0
2024-11-28,0.3,4.3,12.5,93.0,1022.8,7.2,242.0,85.0,18.0
2024-11-29,0.0,4.4,12.1,83.0,1026.1,5.8,349.0,44.0,10.0
2024-11-30,0.0,0.8,10.6,76.0,1030.0,4.7,332.0,0.0,0.0
2024-12-01,0.0,-0.2,11.4,76.0,1026.2,5.3,311.0,0.0,2.0
2024-12-02,0.0,0.4,11.6,82.0,1021.5,3.7,313.0,16.0,7.0
2024-12-03,0.4,1.6,9.1,80.0,1017.3,7.3,16.0,76.0,4.0
2024-12-04,0.0,4.9,10.5,77.0,1020.5,9.7,26.0,79.0,2.0
2024-12-05,0.0,1.9,9.2,78.0,1025.0,6.2,24.0,21.0,3.0
2024-12-06,0.2,0.3,8.0,85.0,1017.8,4.5,273.0,56.0,8.0
2024-12-07,0.2,-2.2,7.4,91.0,1013.6,4.7,4.0,94.0,14.0
2024-12-08,44.8,4.9,9.1,78.0,1000.6,23.8,42.0,100.0,22.0
2024-12-09,0.6,4.7,8.9,70.0,1009.3,11.6,42.0,91.0,0.0
2024-12-10,0.5,5.7,10.4,69.0,1018.2,13.4,46.0,92.0,1.0
2024-12-11,0.0,1.7,9.6,78.0,1023.8,3.9,18.0,29.0,4.0
2024-12-12,0.0,1.1,8.5,85.0,1028.7,5.6,10.0,1.0,13.0
2024-12-13,0.0,-0.9,7.4,88.0,1030.0,5.5,2.0,45.0,13.0
2024-12-14,3.0,3.0,8.4,87.0,1022.9,7.1,260.0,91.0,12.0
2024-12-15,0.0,0.4,6.7,96.0,1025.5,4.4,245.0,78.0,20.0
2024-12-16,0.0,0.2,6.2,94.0,1034.4,2.3,0.0,69.0,19.0
2024-12-17,0.0,0.1,5.2,93.0,1032.0,3.0,348.0,96.0,16.0
2024-12-18,0.0,0.5,5.9,96.0,1028.2,2.0,329.0,100.0,24.0
2024-12-19,6.1,4.9,6.5,96.0,1016.4,5.1,23.0,100.0,24.0
2024-12-20,7.2,2.1,9.0,80.0,1009.0,10.1,33.0,83.0,9.0
2024-12-21,0.0,-0.3,8.4,77.0,1022.7,4.0,2.0,23.0,3.0
2024-12-22,3.0,-1.5,3.7,91.0,1012.2,4.8,18.0,87.0,19.0
2024-12-23,0.0,-1.2,8.9,84.0,1004.3,5.5,256.0,74.0,12.0
2024-12-24,0.0,-0.9,9.5,59.0,1016.2,4.6,293.0,0.0,0.0
2024-12-25,0.0,-2.7,8.2,70.0,1029.0,4.6,326.0,3.0,0.0
2024-12-26,0.0,-2.5,7.5,77.0,1032.8,5.9,338.0,9.0,0.0
2024-12-27,0.0,-2.4,9.8,77.0,1032.7,5.6,291.0,1.0,4.0
2024-12-28,0.0,-1.4,9.8,86.0,1028.1,3.6,279.0,50.0,10.0
2024-12-29,0.0,-0.3,11.4,84.0,1027.3,2.8,283.0,0.0,6.0
2024-12-30,0.0,-1.5,8.8,94.0,1029.6,1.8,338.0,55.0,19.0
2024-12-31,0.0,-0.1,6.6,96.0,1031.8,2.0,246.0,82.0,23.0
