date,rainfall_mm,temp_min,temp_max,humidity_pct,pressure_hpa,wind_speed_kmh,wind_dir_deg,cloud_pct,leaf_wetness_h
2016-01-01,0.0,-0.7,6.4,77.0,1026.6,5.1,41.0,30.0,0.0
2016-01-02,8.9,-0.4,4.3,88.0,1019.8,12.6,33.0,98.0,19.0
2016-01-03,10.7,1.7,5.1,79.0,1009.7,19.2,52.0,82.0,11.0
2016-01-04,3.8,-0.2,3.8,83.0,1000.8,12.1,44.0,80.0,11.0
2016-01-05,2.7,-0.4,5.7,91.0,1000.7,7.9,30.0,70.0,19.0
2016-01-06,0.4,1.8,7.6,87.0,1000.5,7.5,305.0,67.0,15.0
2016-01-07,0.0,0.4,6.8,93.0,1003.1,4.2,86.0,63.0,18.0
2016-01-08,0.0,1.5,8.6,89.0,1008.2,7.7,31.0,83.0,12.0
2016-01-09,13.6,5.2,7.3,92.0,1007.7,5.6,36.0,98.0,22.0
2016-01-10,5.6,4.9,8.9,94.0,1004.0,7.0,267.0,82.0,20.0
2016-01-11,8.1,6.8,12.4,92.0,997.5,16.6,201.0,73.0,20.0
2016-01-12,0.0,4.7,10.0,85.0,999.8,12.0,247.0,43.0,6.0
2016-01-13,0.0,1.0,10.3,86.0,1010.7,7.2,295.0,49.0,13.0
2016-01-14,0.7,-0.9,7.4,87.0,1014.7,5.0,33.0,77.0,12.0
2016-01-15,0.0,0.9,7.9,84.0,1008.6,8.3,334.0,33.0,10.0
2016-01-16,0.0,0.3,8.6,71.0,1012.9,10.1,36.0,19.0,3.0
2016-01-17,0.0,-2.1,7.2,60.0,1015.4,5.8,352.0,30.0,0.0
2016-01-18,0.0,-3.4,5.5,53.0,1019.4,10.7,44.0,17.0,0.0
2016-01-19,0.0,-2.5,4.4,76.0,1017.6,7.4,45.0,27.0,0.0
2016-01-20,0.0,-2.8,4.2,78.0,1018.2,5.9,46.0,7.0,0.0
2016-01-21,0.0,-2.5,6.0,76.0,1022.5,7.1,35.0,2.0,0.0
2016-01-22,0.0,1.2,5.7,73.0,1031.3,13.4,58.0,47.0,0.0
2016-01-23,0.0,0.8,7.0,83.0,1032.7,6.7,55.0,47.0,2.0
2016-01-24,0.0,0.5,5.9,92.0,1034.7,3.7,110.0,44.0,14.0
2016-01-25,0.0,-0.2,5.8,93.0,1032.0,3.0,98.0,51.0,18.0
2016-01-26,0.0,1.0,6.0,95.0,1029.9,3.3,89.0,58.0,22.0
2016-01-27,0.0,1.3,7.6,96.0,1029.1,4.2,63.0,63.0,20.0
2016-01-28,0.7,3.4,9.5,97.0,1028.4,4.4,83.0,77.0,22.0
2016-01-29,0.3,5.2,9.3,97.0,1030.2,4.1,61.0,78.0,22.0
2016-01-30,0.3,5.6,9.2,96.0,1027.3,6.1,212.0,92.0,24.0
2016-01-31,0.1,6.5,10.9,92.0,1015.6,10.0,210.0,73.0,17.0
2016-02-01,0.0,5.4,9.4,96.0,1021.6,3.9,129.0,98.0,21.0
2016-02-02,0.0,5.6,8.2,97.0,1025.6,4.7,200.0,100.0,24.0
2016-02-03,10.3,6.1,8.7,97.0,1016.4,7.3,48.0,99.0,24.0
2016-02-04,1.0,4.4,11.5,73.0,1021.2,13.3,233.0,32.0,6.0
2016-02-05,0.0,1.9,10.3,81.0,1025.1,10.0,73.0,5.0,7.0
2016-02-06,0.0,3.0,10.3,85.0,1028.3,8.5,61.0,39.0,14.0
2016-02-07,15.3,3.9,9.6,95.0,1018.3,11.4,146.0,96.0,24.0
2016-02-08,15.6,7.9,10.1,93.0,1014.4,8.5,208.0,94.0,21.0
2016-02-09,6.0,6.2,10.9,92.0,1010.8,8.3,188.0,83.0,18.0
2016-02-10,8.4,5.8,12.1,71.0,994.6,17.8,244.0,78.0,9.0
2016-02-11,0.0,-0.1,10.6,79.0,1006.4,9.6,55.0,19.0,3.0
2016-02-12,6.0,3.5,8.9,84.0,1004.9,14.3,54.0,94.0,11.0
2016-02-13,4.2,2.4,8.8,84.0,996.5,12.0,318.0,67.0,9.0
2016-02-14,14.4,4.1,7.9,89.0,994.5,13.8,27.0,91.0,13.0
2016-02-15,7.5,4.7,12.3,85.0,1003.3,12.8,44.0,97.0,17.0
2016-02-16,7.6,7.3,12.0,70.0,1020.6,28.2,47.0,94.0,12.0
2016-02-17,17.8,5.9,9.8,86.0,1018.9,17.6,46.0,97.0,16.0
2016-02-18,0.6,3.5,13.0,82.0,1014.2,10.5,280.0,38.0,10.0
2016-02-19,4.1,4.5,10.7,85.0,1014.9,9.3,274.0,61.0,8.0
2016-02-20,4.1,4.6,11.4,75.0,1022.8,12.1,36.0,44.0,6.0
2016-02-21,0.0,4.5,10.1,78.0,1021.5,7.6,161.0,46.0,1.0
2016-02-22,0.1,6.2,10.7,89.0,1019.2,7.3,98.0,80.0,13.0
2016-02-23,1.2,7.6,12.6,91.0,1011.4,7.6,205.0,75.0,16.0
2016-02-24,0.8,6.8,11.3,74.0,1013.4,11.2,84.0,65.0,7.0
2016-02-25,3.1,5.4,8.6,80.0,1011.5,6.8,88.0,90.0,6.0
2016-02-26,0.0,3.6,9.5,73.0,1010.4,12.6,56.0,63.0,6.0
2016-02-27,13.4,5.5,7.2,78.0,1010.0,19.5,49.0,100.0,14.0
2016-02-28,35.3,6.8,10.3,92.0,1008.3,25.5,52.0,100.0,24.0
2016-02-29,26.1,8.2,11.0,88.0,1004.3,26.2,61.0,94.0,21.0
2016-03-01,1.4,5.6,12.5,85.0,1010.8,4.5,92.0,59.0,12.0
2016-03-02,1.1,4.7,11.8,86.0,1009.4,8.5,100.0,89.0,12.0
2016-03-03,45.0,3.9,8.2,90.0,996.2,18.0,43.0,99.0,23.0
2016-03-04,0.1,1.7,11.3,77.0,1003.8,10.6,213.0,58.0,4.0
2016-03-05,16.6,5.2,10.2,89.0,1001.3,18.4,143.0,98.0,19.0
2016-03-06,1.9,5.4,10.9,85.0,999.9,8.2,213.0,54.0,13.0
2016-03-07,3.7,4.6,8.7,85.0,1001.5,10.5,18.0,79.0,15.0
2016-03-08,8.8,1.8,8.9,87.0,1007.9,15.6,50.0,95.0,18.0
2016-03-09,9.9,5.1,9.6,73.0,1010.2,23.0,39.0,88.0,10.0
2016-03-10,0.0,5.0,14.0,61.0,1009.3,12.6,29.0,78.0,0.0
2016-03-11,0.0,7.3,12.7,71.0,1015.4,6.2,39.0,96.0,0.0
2016-03-12,0.0,7.1,14.5,69.0,1018.7,13.5,58.0,61.0,0.0
2016-03-13,0.0,6.4,14.1,57.0,1019.6,21.9,57.0,22.0,0.0
2016-03-14,0.0,5.9,13.3,55.0,1022.5,17.4,56.0,26.0,0.0
2016-03-15,1.4,4.0,10.9,71.0,1018.4,11.1,95.0,70.0,3.0
2016-03-16,0.2,5.5,11.2,60.0,1022.1,26.8,61.0,93.0,0.0
2016-03-17,0.0,6.3,13.1,60.0,1025.3,14.1,38.0,30.0,0.0
2016-03-18,0.0,3.9,13.8,78.0,1017.9,6.1,192.0,0.0,2.0
2016-03-19,0.0,3.9,14.7,85.0,1015.5,5.7,111.0,9.0,9.0
2016-03-20,0.0,5.5,15.3,86.0,1015.7,8.6,109.0,25.0,12.0
2016-03-21,0.0,9.3,14.5,87.0,1013.3,9.2,91.0,42.0,13.0
2016-03-22,0.0,9.0,14.9,76.0,1007.4,14.5,61.0,38.0,10.0
2016-03-23,0.0,9.3,13.8,52.0,999.8,27.8,62.0,82.0,0.0
2016-03-24,0.0,4.1,13.6,68.0,1007.8,9.6,183.0,11.0,0.0
2016-03-25,0.0,7.6,13.1,76.0,1015.9,9.3,132.0,95.0,3.0
2016-03-26,0.0,6.6,13.4,82.0,1017.6,9.3,116.0,45.0,5.0
2016-03-27,0.0,5.9,13.3,87.0,1016.1,8.6,101.0,70.0,11.0
2016-03-28,0.5,9.5,13.7,83.0,1013.1,10.3,122.0,85.0,4.0
2016-03-29,0.0,8.1,15.8,84.0,1013.7,10.2,191.0,49.0,11.0
2016-03-30,0.0,8.7,15.9,86.0,1017.7,10.2,143.0,63.0,12.0
2016-03-31,0.2,9.3,15.9,90.0,1017.2,8.6,90.0,77.0,15.0
2016-04-01,0.0,11.1,16.4,87.0,1015.7,10.2,75.0,94.0,11.0
2016-04-02,0.0,11.4,18.0,78.0,1019.3,9.8,55.0,86.0,8.0
2016-04-03,0.0,7.5,17.1,84.0,1018.0,9.0,103.0,58.0,11.0
2016-04-04,0.0,9.3,15.3,87.0,1015.3,7.7,117.0,70.0,10.0
2016-04-05,0.0,9.7,17.3,84.0,1012.1,7.1,133.0,24.0,13.0
2016-04-06,0.0,8.8,17.2,88.0,1011.3,5.2,150.0,87.0,13.0
2016-04-07,0.0,8.4,17.5,83.0,1008.4,8.0,92.0,48.0,12.0
2016-04-08,8.1,9.3,18.3,82.0,1002.2,9.4,59.0,97.0,16.0
2016-04-09,24.6,10.9,13.4,90.0,1002.1,9.7,51.0,100.0,18.0
2016-04-10,0.0,9.1,17.0,81.0,1007.6,6.4,146.0,50.0,9.0
2016-04-11,0.0,9.7,18.3,86.0,1011.7,7.9,137.0,39.0,11.0
2016-04-12,0.0,10.0,18.7,82.0,1012.5,9.1,184.0,38.0,8.0
2016-04-13,0.8,11.8,17.9,83.0,1008.8,10.9,93.0,61.0,9.0
2016-04-14,4.1,10.9,18.2,80.0,1008.3,7.8,181.0,49.0,11.0
2016-04-15,0.0,12.1,18.2,79.0,1012.5,11.5,102.0,45.0,5.0
2016-04-16,0.0,11.6,18.7,79.0,1012.2,9.3,145.0,21.0,7.0
2016-04-17,1.6,12.2,19.2,83.0,1011.2,10.3,163.0,69.0,10.0
2016-04-18,0.0,13.0,19.4,84.0,1012.6,8.1,156.0,54.0,10.0
2016-04-19,4.7,11.8,17.6,73.0,1016.6,14.3,69.0,29.0,10.0
2016-04-20,0.0,11.7,16.9,69.0,1023.9,8.8,139.0,17.0,0.0
2016-04-21,0.0,8.9,17.9,74.0,1024.4,8.9,130.0,38.0,5.0
2016-04-22,0.0,10.8,17.8,77.0,1016.1,8.5,137.0,69.0,2.0
2016-04-23,9.5,11.5,16.0,88.0,1006.6,7.7,93.0,88.0,16.0
2016-04-24,5.1,10.3,15.2,76.0,1002.3,18.5,60.0,99.0,15.0
2016-04-25,0.6,8.3,13.3,62.0,1007.5,9.1,130.0,58.0,1.0
2016-04-26,2.0,6.9,15.4,69.0,1007.6,10.1,113.0,42.0,2.0
2016-04-27,0.0,8.5,17.3,69.0,1005.4,21.4,131.0,47.0,0.0
2016-04-28,0.0,7.9,12.8,60.0,1013.9,22.9,55.0,73.0,0.0
2016-04-29,0.0,8.7,16.2,58.0,1017.9,13.1,52.0,6.0,0.0
2016-04-30,0.0,6.9,17.0,71.0,1017.0,10.9,82.0,40.0,0.0
2016-05-01,11.3,11.0,14.0,78.0,1012.1,17.0,44.0,86.0,12.0
2016-05-02,9.0,11.1,17.9,76.0,1011.8,17.7,26.0,87.0,11.0
2016-05-03,0.9,10.2,20.7,71.0,1012.4,6.1,290.0,40.0,3.0
2016-05-04,0.0,10.2,20.3,65.0,1016.0,8.4,11.0,27.0,0.0
2016-05-05,0.0,10.0,19.3,63.0,1020.8,10.1,21.0,42.0,0.0
2016-05-06,0.0,12.4,20.1,69.0,1018.1,9.4,64.0,8.0,0.0
2016-05-07,0.0,10.4,20.7,75.0,1014.0,6.5,129.0,2.0,6.0
2016-05-08,0.0,9.7,20.2,80.0,1014.4,9.8,104.0,21.0,9.0
2016-05-09,0.6,14.0,18.5,82.0,1017.7,6.9,97.0,86.0,8.0
2016-05-10,0.2,13.7,18.8,82.0,1015.3,6.8,119.0,91.0,3.0
2016-05-11,17.7,14.6,16.5,89.0,1008.8,17.4,68.0,100.0,17.0
2016-05-12,30.9,14.3,19.3,84.0,999.5,14.9,152.0,83.0,15.0
2016-05-13,2.2,12.9,17.1,83.0,998.0,12.7,232.0,94.0,9.0
2016-05-14,8.3,13.6,19.3,86.0,1002.7,6.7,77.0,88.0,12.0
2016-05-15,13.2,13.2,17.7,74.0,1010.9,13.6,80.0,61.0,8.0
2016-05-16,4.2,11.7,16.7,67.0,1017.5,10.3,91.0,72.0,6.0
2016-05-17,0.2,9.9,18.4,69.0,1016.7,9.8,104.0,21.0,0.0
2016-05-18,0.0,11.5,19.3,71.0,1015.3,9.8,138.0,39.0,1.0
2016-05-19,13.1,13.5,16.8,84.0,1010.4,11.1,67.0,93.0,13.0
2016-05-20,0.0,11.8,22.2,69.0,1014.9,7.5,344.0,42.0,6.0
2016-05-21,0.0,12.3,22.7,73.0,1018.5,6.2,105.0,26.0,2.0
2016-05-22,0.0,13.6,23.2,74.0,1016.0,8.0,156.0,2.0,2.0
2016-05-23,10.0,14.3,20.5,80.0,1009.7,10.9,130.0,50.0,13.0
2016-05-24,0.3,12.2,19.4,75.0,1008.2,8.5,183.0,62.0,3.0
2016-05-25,0.0,12.7,22.3,78.0,1011.9,7.3,144.0,23.0,6.0
2016-05-26,0.0,14.1,22.6,83.0,1014.5,7.3,113.0,71.0,10.0
2016-05-27,0.0,14.6,23.6,78.0,1015.7,7.2,141.0,41.0,9.0
2016-05-28,0.0,16.3,23.6,79.0,1013.2,10.0,110.0,36.0,9.0
2016-05-29,23.4,16.9,22.0,87.0,1008.6,10.9,117.0,75.0,20.0
2016-05-30,5.2,16.0,21.5,83.0,1008.8,8.4,227.0,52.0,12.0
2016-05-31,4.5,15.0,22.0,78.0,1011.8,6.6,223.0,53.0,4.0
2016-06-01,1.6,13.6,21.1,79.0,1012.9,5.2,154.0,75.0,6.0
2016-06-02,5.9,15.3,20.2,85.0,1011.2,7.7,100.0,92.0,11.0
2016-06-03,2.7,13.9,21.4,84.0,1010.6,6.8,151.0,81.0,14.0
2016-06-04,4.7,15.0,22.0,84.0,1011.7,5.5,101.0,75.0,11.0
2016-06-05,2.1,15.0,22.3,84.0,1013.8,4.6,186.0,68.0,9.0
2016-06-06,0.6,15.1,24.5,81.0,1016.8,4.5,343.0,63.0,9.0
2016-06-07,0.0,15.8,25.5,76.0,1018.8,6.2,43.0,32.0,6.0
2016-06-08,3.8,17.2,24.9,82.0,1016.6,9.6,60.0,83.0,14.0
2016-06-09,17.0,17.1,20.9,85.0,1011.8,11.7,47.0,100.0,20.0
2016-06-10,2.4,17.1,23.0,74.0,1011.1,11.2,82.0,50.0,4.0
2016-06-11,5.3,17.0,23.2,86.0,1010.1,7.2,135.0,77.0,13.0
2016-06-12,12.1,17.0,22.4,86.0,1008.4,6.9,16.0,94.0,16.0
2016-06-13,0.0,15.4,23.8,80.0,1003.9,6.0,328.0,86.0,10.0
2016-06-14,10.5,16.1,21.2,83.0,1001.4,7.7,62.0,91.0,13.0
2016-06-15,17.0,16.2,23.8,80.0,1001.9,10.4,227.0,44.0,11.0
2016-06-16,5.7,17.7,24.4,84.0,1004.5,11.3,100.0,73.0,9.0
2016-06-17,1.0,19.2,24.6,69.0,1008.5,17.9,230.0,29.0,5.0
2016-06-18,0.0,16.1,24.0,67.0,1016.0,4.9,256.0,31.0,0.0
2016-06-19,0.6,16.5,22.7,73.0,1015.2,10.2,342.0,83.0,4.0
2016-06-20,0.0,17.8,23.7,72.0,1016.5,7.5,114.0,66.0,0.0
2016-06-21,0.0,16.7,24.8,77.0,1021.0,6.0,148.0,47.0,3.0
2016-06-22,0.0,16.7,28.5,74.0,1021.2,7.7,360.0,25.0,7.0
2016-06-23,0.0,20.9,30.1,70.0,1019.6,10.1,23.0,1.0,0.0
2016-06-24,0.0,22.5,30.9,71.0,1015.3,5.9,12.0,4.0,0.0
2016-06-25,0.4,22.9,29.8,76.0,1010.0,6.5,32.0,44.0,2.0
2016-06-26,6.1,21.0,27.5,81.0,1010.9,11.3,36.0,25.0,11.0
2016-06-27,13.0,19.2,25.2,74.0,1012.4,15.2,35.0,40.0,11.0
2016-06-28,0.0,18.4,25.9,67.0,1016.5,8.6,123.0,11.0,2.0
2016-06-29,0.0,18.0,26.6,73.0,1015.2,6.9,124.0,18.0,3.0
2016-06-30,0.0,19.1,27.6,76.0,1013.9,6.9,126.0,51.0,5.0
2016-07-01,0.9,20.7,27.8,74.0,1015.8,7.8,87.0,28.0,5.0
2016-07-02,0.8,20.5,27.3,81.0,1013.6,6.4,123.0,39.0,10.0
2016-07-03,9.5,19.7,24.2,77.0,1014.0,17.5,51.0,59.0,12.0
2016-07-04,0.0,21.1,25.5,60.0,1018.5,16.5,45.0,59.0,0.0
2016-07-05,0.0,19.3,27.5,69.0,1014.9,7.4,67.0,32.0,0.0
2016-07-06,1.0,20.3,28.5,72.0,1013.3,7.0,74.0,29.0,6.0
2016-07-07,0.0,21.8,26.7,70.0,1016.8,11.6,73.0,21.0,0.0
2016-07-08,0.0,21.0,27.2,75.0,1017.1,8.3,98.0,56.0,1.0
2016-07-09,0.0,21.2,28.9,82.0,1015.9,7.1,110.0,19.0,9.0
2016-07-10,0.0,22.6,30.0,78.0,1015.0,5.3,74.0,25.0,6.0
2016-07-11,0.0,22.9,29.8,80.0,1012.9,5.8,162.0,61.0,4.0
2016-07-12,2.2,24.1,29.2,83.0,1010.1,6.0,84.0,32.0,7.0
2016-07-13,2.8,22.2,28.4,77.0,1006.8,9.9,85.0,30.0,12.0
2016-07-14,2.8,16.3,24.0,64.0,1008.9,10.2,349.0,26.0,6.0
2016-07-15,0.2,18.9,24.0,52.0,1015.8,16.9,46.0,89.0,0.0
2016-07-16,0.0,17.0,24.2,58.0,1017.4,12.2,127.0,46.0,0.0
2016-07-17,0.0,16.2,27.2,66.0,1018.0,9.9,186.0,10.0,0.0
2016-07-18,0.0,19.4,27.5,74.0,1018.3,7.1,92.0,8.0,5.0
2016-07-19,0.0,19.2,28.7,73.0,1018.1,6.9,85.0,14.0,4.0
2016-07-20,0.0,21.0,28.6,75.0,1016.3,8.2,104.0,12.0,5.0
2016-07-21,0.0,22.4,29.4,73.0,1014.3,9.4,109.0,34.0,0.0
2016-07-22,0.3,22.8,29.1,75.0,1013.5,9.0,78.0,34.0,4.0
2016-07-23,0.0,22.5,28.7,70.0,1014.8,8.9,32.0,58.0,0.0
2016-07-24,0.6,20.5,28.3,73.0,1015.2,6.3,254.0,86.0,3.0
2016-07-25,0.2,21.6,29.9,70.0,1013.5,8.3,21.0,77.0,1.0
2016-07-26,0.0,22.7,29.9,65.0,1014.2,8.6,15.0,60.0,0.0
2016-07-27,0.2,23.3,29.7,68.0,1013.6,10.1,36.0,56.0,0.0
2016-07-28,4.6,21.6,26.6,76.0,1013.9,7.6,346.0,55.0,7.0
2016-07-29,0.0,21.3,28.9,70.0,1013.8,7.2,41.0,20.0,0.0
2016-07-30,0.0,21.7,29.5,76.0,1013.5,7.8,130.0,19.0,3.0
2016-07-31,1.1,22.9,29.2,75.0,1011.9,9.1,7.0,44.0,7.0
2016-08-01,6.1,21.3,25.7,72.0,1013.0,14.3,50.0,66.0,7.0
2016-08-02,0.0,21.2,27.0,61.0,1016.6,10.7,62.0,73.0,0.0
2016-08-03,0.0,19.3,28.7,69.0,1015.2,6.2,100.0,20.0,1.0
2016-08-04,0.0,20.2,29.9,73.0,1012.8,6.2,95.0,14.0,5.0
2016-08-05,24.7,19.1,24.6,83.0,1009.9,10.0,19.0,74.0,9.0
2016-08-06,0.2,18.8,26.8,60.0,1017.3,11.5,30.0,53.0,0.0
2016-08-07,0.0,20.3,27.6,58.0,1022.3,11.8,50.0,3.0,0.0
2016-08-08,0.0,20.4,27.5,60.0,1019.8,10.8,31.0,2.0,0.0
2016-08-09,0.0,18.9,28.3,71.0,1013.9,5.9,46.0,58.0,3.0
2016-08-10,16.9,16.5,22.3,74.0,1012.0,24.1,37.0,73.0,11.0
2016-08-11,0.0,18.2,22.4,55.0,1018.8,16.6,66.0,32.0,0.0
2016-08-12,0.0,17.2,22.9,61.0,1023.9,10.4,74.0,39.0,0.0
2016-08-13,0.0,16.5,25.4,70.0,1024.2,7.9,77.0,5.0,2.0
2016-08-14,0.0,18.4,27.5,75.0,1021.4,5.0,123.0,13.0,2.0
2016-08-15,0.0,19.7,27.7,78.0,1018.2,7.1,98.0,41.0,7.0
2016-08-16,0.0,20.3,27.8,74.0,1014.2,7.1,34.0,64.0,0.0
2016-08-17,1.3,19.6,26.9,81.0,1009.7,7.7,88.0,52.0,4.0
2016-08-18,3.0,19.8,25.2,79.0,1010.2,8.5,79.0,74.0,3.0
2016-08-19,8.6,18.7,25.8,81.0,1011.3,9.4,80.0,57.0,9.0
2016-08-20,0.6,20.8,26.9,82.0,1014.3,7.2,78.0,67.0,9.0
2016-08-21,21.4,20.2,24.4,85.0,1014.4,12.1,31.0,79.0,16.0
2016-08-22,0.0,18.0,25.3,56.0,1021.2,12.6,54.0,10.0,0.0
2016-08-23,0.0,16.3,26.8,65.0,1023.3,8.8,28.0,3.0,0.0
2016-08-24,0.0,17.8,27.8,69.0,1021.8,7.6,36.0,0.0,1.0
2016-08-25,0.0,21.2,27.6,64.0,1019.7,11.9,50.0,3.0,0.0
2016-08-26,0.0,21.0,27.7,61.0,1019.3,11.3,54.0,3.0,0.0
2016-08-27,0.0,19.6,27.8,72.0,1019.4,7.2,64.0,0.0,0.0
2016-08-28,0.0,19.4,28.3,79.0,1017.3,5.4,155.0,3.0,6.0
2016-08-29,0.0,18.7,28.2,81.0,1015.1,7.6,108.0,33.0,8.0
2016-08-30,0.2,22.7,27.9,65.0,1018.1,17.0,39.0,80.0,0.0
2016-08-31,0.0,21.2,27.4,60.0,1019.4,12.7,54.0,5.0,0.0
2016-09-01,0.0,20.3,28.3,64.0,1018.7,6.6,31.0,14.0,0.0
2016-09-02,0.0,20.4,28.4,70.0,1018.2,8.5,65.0,31.0,0.0
2016-09-03,0.0,19.2,28.2,76.0,1017.4,6.5,91.0,62.0,6.0
2016-09-04,0.3,20.7,28.0,77.0,1015.3,7.4,105.0,80.0,6.0
2016-09-05,0.6,20.9,25.5,74.0,1012.8,11.6,75.0,72.0,1.0
2016-09-06,2.3,16.4,24.5,76.0,1017.2,12.8,83.0,32.0,6.0
2016-09-07,0.0,18.0,27.9,60.0,1018.4,20.9,42.0,18.0,0.0
2016-09-08,0.0,20.3,27.9,60.0,1014.3,14.5,47.0,7.0,0.0
2016-09-09,0.0,20.3,29.6,59.0,1013.7,11.3,34.0,4.0,0.0
2016-09-10,0.0,20.9,29.2,58.0,1014.3,13.3,30.0,17.0,0.0
2016-09-11,0.5,20.3,28.4,66.0,1015.3,9.7,43.0,40.0,1.0
2016-09-12,0.3,20.9,29.0,65.0,1017.4,9.7,45.0,40.0,1.0
2016-09-13,0.0,18.7,28.7,72.0,1015.4,6.1,63.0,6.0,1.0
2016-09-14,0.0,18.7,27.7,79.0,1013.5,6.2,112.0,11.0,6.0
2016-09-15,7.6,20.4,24.8,86.0,1015.0,9.6,101.0,65.0,18.0
2016-09-16,65.2,17.8,23.0,89.0,1014.5,8.5,31.0,90.0,21.0
2016-09-17,8.9,17.2,23.3,81.0,1009.7,7.7,263.0,70.0,7.0
2016-09-18,21.8,16.7,20.7,88.0,1010.4,7.9,41.0,74.0,19.0
2016-09-19,0.4,14.7,23.5,80.0,1008.8,7.0,301.0,67.0,10.0
2016-09-20,7.3,16.6,23.2,79.0,1011.4,8.3,52.0,53.0,9.0
2016-09-21,4.3,16.7,20.1,69.0,1015.2,16.3,62.0,52.0,5.0
2016-09-22,0.0,16.3,21.1,60.0,1020.4,9.1,51.0,44.0,0.0
2016-09-23,0.0,13.8,21.8,73.0,1023.9,6.4,70.0,30.0,0.0
2016-09-24,0.0,14.2,23.0,72.0,1024.9,7.1,48.0,20.0,7.0
2016-09-25,0.0,12.9,22.6,75.0,1020.7,6.2,54.0,3.0,7.0
2016-09-26,0.0,14.1,22.9,74.0,1019.7,5.9,59.0,15.0,6.0
2016-09-27,0.0,13.3,22.6,77.0,1023.1,6.2,86.0,11.0,5.0
2016-09-28,0.0,14.9,22.8,75.0,1028.0,7.9,103.0,32.0,7.0
2016-09-29,0.0,16.7,23.0,77.0,1025.7,7.2,163.0,39.0,1.0
2016-09-30,0.0,15.1,23.0,80.0,1019.7,6.3,177.0,18.0,5.0
2016-10-01,0.0,16.2,22.4,82.0,1015.8,7.9,180.0,75.0,7.0
2016-10-02,9.3,16.9,20.0,89.0,1013.6,6.0,56.0,80.0,15.0
2016-10-03,7.2,15.4,20.4,69.0,1018.7,13.8,65.0,29.0,9.0
2016-10-04,0.0,12.2,20.8,71.0,1020.9,8.6,57.0,26.0,0.0
2016-10-05,3.2,11.3,16.2,69.0,1020.1,15.0,93.0,69.0,5.0
2016-10-06,0.2,9.7,16.3,73.0,1016.5,4.7,38.0,41.0,4.0
2016-10-07,0.0,11.0,17.8,66.0,1014.2,11.7,53.0,59.0,0.0
2016-10-08,2.5,13.0,15.8,72.0,1017.0,14.5,76.0,85.0,3.0
2016-10-09,1.0,11.9,16.7,65.0,1019.4,18.3,50.0,64.0,2.0
2016-10-10,0.1,11.3,15.5,58.0,1018.0,24.9,52.0,53.0,0.0
2016-10-11,0.0,9.4,14.9,64.0,1013.4,15.0,50.0,67.0,0.0
2016-10-12,0.0,6.9,16.3,67.0,1014.1,5.9,118.0,23.0,0.0
2016-10-13,3.2,8.3,15.1,81.0,1017.8,10.6,55.0,98.0,6.0
2016-10-14,24.6,12.1,16.6,86.0,1015.4,21.9,55.0,100.0,21.0
2016-10-15,37.9,15.3,19.7,88.0,1014.2,9.4,34.0,72.0,14.0
2016-10-16,0.0,10.8,20.0,89.0,1021.1,5.1,294.0,35.0,13.0
2016-10-17,0.2,12.7,18.8,88.0,1023.5,5.3,16.0,94.0,12.0
2016-10-18,3.2,13.2,18.7,86.0,1020.6,5.7,28.0,49.0,13.0
2016-10-19,6.6,12.9,17.2,84.0,1017.5,10.9,77.0,87.0,8.0
2016-10-20,21.5,11.5,14.4,81.0,1012.3,21.4,45.0,93.0,19.0
2016-10-21,0.7,9.6,15.1,71.0,1012.6,16.4,43.0,33.0,2.0
2016-10-22,0.0,9.2,14.9,74.0,1015.8,10.7,45.0,30.0,0.0
2016-10-23,3.0,10.9,14.8,76.0,1018.1,13.2,42.0,82.0,5.0
2016-10-24,2.0,13.5,16.7,80.0,1021.8,7.7,32.0,98.0,6.0
2016-10-25,4.1,12.9,17.1,93.0,1022.9,4.1,237.0,100.0,18.0
2016-10-26,1.6,12.0,19.6,86.0,1021.7,9.9,31.0,90.0,11.0
2016-10-27,0.0,12.3,17.3,69.0,1026.8,14.7,67.0,29.0,0.0
2016-10-28,0.0,9.7,15.7,75.0,1031.6,9.6,69.0,54.0,2.0
2016-10-29,0.0,8.6,17.5,87.0,1027.3,4.6,337.0,29.0,12.0
2016-10-30,0.0,9.2,17.2,85.0,1024.5,8.0,55.0,19.0,13.0
2016-10-31,0.0,11.3,15.8,77.0,1026.5,10.3,67.0,26.0,1.0
2016-11-01,0.0,11.0,15.5,84.0,1024.4,5.1,140.0,42.0,3.0
2016-11-02,0.9,10.7,14.9,87.0,1016.6,5.8,203.0,82.0,8.0
2016-11-03,0.0,11.3,14.4,73.0,1016.5,15.5,61.0,39.0,7.0
2016-11-04,0.2,8.8,13.1,66.0,1020.6,11.4,54.0,57.0,0.0
2016-11-05,21.3,9.3,12.9,83.0,1011.0,11.7,40.0,100.0,16.0
2016-11-06,18.2,11.2,16.4,92.0,997.2,9.7,218.0,84.0,16.0
2016-11-07,1.2,8.6,12.6,80.0,1003.1,11.2,32.0,48.0,7.0
2016-11-08,0.6,7.6,11.4,70.0,1006.0,17.9,41.0,46.0,0.0
2016-11-09,0.3,5.0,10.7,68.0,1008.6,11.5,50.0,56.0,0.0
2016-11-10,0.6,4.9,11.1,77.0,1011.5,7.7,45.0,80.0,2.0
2016-11-11,1.1,7.0,9.5,79.0,1011.0,16.1,26.0,81.0,0.0
2016-11-12,0.9,6.4,13.1,74.0,1014.1,9.0,322.0,60.0,2.0
2016-11-13,0.0,4.2,10.7,68.0,1021.5,14.9,43.0,79.0,0.0
2016-11-14,0.2,6.1,9.2,59.0,1028.6,22.5,58.0,50.0,0.0
2016-11-15,0.0,3.3,8.3,65.0,1031.1,13.1,51.0,11.0,0.0
2016-11-16,0.0,3.6,9.4,74.0,1026.4,4.5,47.0,54.0,1.0
2016-11-17,0.0,5.3,10.6,83.0,1021.5,6.8,36.0,86.0,2.0
2016-11-18,6.5,8.5,11.3,86.0,1017.9,6.3,25.0,91.0,17.0
2016-11-19,31.4,9.6,13.3,96.0,1012.5,7.6,102.0,93.0,24.0
2016-11-20,0.1,7.8,14.0,93.0,1016.7,6.0,14.0,87.0,18.0
2016-11-21,0.6,9.6,13.9,93.0,1017.7,6.4,26.0,91.0,18.0
2016-11-22,1.6,11.1,15.4,96.0,1019.2,8.7,57.0,87.0,24.0
2016-11-23,0.2,12.2,15.8,94.0,1022.0,11.8,51.0,98.0,20.0
2016-11-24,0.2,12.8,15.3,94.0,1020.3,11.9,53.0,99.0,22.0
2016-11-25,11.6,12.8,13.9,96.0,1016.2,12.3,50.0,100.0,24.0
2016-11-26,15.3,9.8,13.7,94.0,1015.4,8.7,43.0,93.0,20.0
2016-11-27,0.0,9.2,12.3,93.0,1013.1,4.5,244.0,100.0,18.0
2016-11-28,1.0,7.2,11.3,66.0,1015.5,22.6,72.0,75.0,6.0
2016-11-29,0.0,1.9,7.0,43.0,1029.7,16.6,68.0,11.0,0.0
2016-11-30,0.0,0.6,6.9,67.0,1031.8,3.9,296.0,13.0,0.0
2016-12-01,0.0,2.8,7.3,76.0,1023.1,2.7,213.0,74.0,0.0
2016-12-02,0.0,2.0,9.0,89.0,1015.0,4.8,49.0,70.0,13.0
2016-12-03,1.4,6.5,8.7,71.0,1021.3,16.0,51.0,93.0,2.0
2016-12-04,0.0,7.0,9.7,62.0,1026.1,13.3,45.0,71.0,0.0
2016-12-05,0.0,4.3,10.2,72.0,1028.5,8.9,41.0,35.0,0.0
2016-12-06,0.0,1.8,10.0,85.0,1029.0,5.1,21.0,14.0,8.0
2016-12-07,0.0,1.7,8.8,83.0,1034.3,9.0,34.0,20.0,9.0
2016-12-08,0.0,1.6,6.6,86.0,1036.6,3.7,10.0,22.0,6.0
2016-12-09,0.0,1.1,5.6,95.0,1033.0,3.0,332.0,65.0,21.0
2016-12-10,0.0,0.3,5.1,94.0,1028.7,2.6,283.0,66.0,18.0
2016-12-11,0.0,1.6,6.4,95.0,1021.9,3.7,31.0,72.0,20.0
2016-12-12,0.0,3.0,10.3,89.0,1019.9,6.9,288.0,35.0,15.0
2016-12-13,0.0,2.6,10.2,88.0,1027.7,5.5,35.0,66.0,11.0
2016-12-14,0.0,3.7,8.9,86.0,1027.0,6.4,349.0,63.0,8.0
2016-12-15,0.0,1.2,9.1,88.0,1028.0,5.7,344.0,26.0,14.0
2016-12-16,0.0,4.2,8.2,76.0,1032.3,15.9,49.0,29.0,4.0
2016-12-17,0.0,-0.8,7.0,80.0,1037.5,7.7,4.0,17.0,2.0
2016-12-18,0.0,-0.5,4.6,88.0,1034.1,3.0,281.0,60.0,10.0
2016-12-19,0.6,0.5,7.2,76.0,1030.3,13.8,47.0,98.0,5.0
2016-12-20,0.0,7.1,9.7,68.0,1027.9,19.1,47.0,95.0,0.0
2016-12-21,0.0,3.2,10.0,68.0,1028.2,13.7,46.0,28.0,0.0
2016-12-22,0.0,2.8,8.4,79.0,1030.3,8.0,49.0,8.0,0.0
2016-12-23,0.0,0.2,9.4,86.0,1031.4,6.1,19.0,11.0,11.0
2016-12-24,0.0,1.1,8.9,84.0,1028.8,5.9,20.0,59.0,7.0
2016-12-25,0.0,2.1,9.8,83.0,1025.4,4.5,336.0,92.0,4.0
2016-12-26,0.0,1.5,9.3,89.0,1027.1,3.9,64.0,44.0,11.0
2016-12-27,0.0,1.2,11.0,83.0,1029.3,7.3,45.0,7.0,9.0
2016-12-28,0.0,0.7,10.3,77.0,1032.5,8.4,21.0,20.0,2.0
2016-12-29,0.1,4.2,7.2,77.0,1037.3,7.4,111.0,63.0,0.0
2016-12-30,0.0,0.8,6.8,82.0,1038.0,6.8,43.0,14.0,8.0
2016-12-31,0.0,0.1,6.8,82.0,1032.9,4.7,326.0,10.0,2.0
2017-01-01,0.0,-2.8,7.1,76.0,1025.0,5.8,285.0,2.0,1.0
2017-01-02,0.0,-3.3,5.5,73.0,1020.2,4.5,7.0,42.0,1.0
2017-01-03,0.0,-1.1,8.0,72.0,1020.6,13.8,52.0,38.0,1.0
2017-01-04,0.0,-2.0,4.9,79.0,1013.8,7.2,322.0,31.0,0.0
2017-01-05,0.0,-0.5,7.4,50.0,1014.9,15.0,358.0,6.0,0.0
2017-01-06,0.0,-1.8,3.2,32.0,1028.5,18.0,57.0,0.0,0.0
2017-01-07,0.0,-3.7,1.2,48.0,1030.9,8.8,29.0,15.0,0.0
2017-01-08,0.0,-4.3,2.6,51.0,1026.0,10.4,23.0,36.0,0.0
2017-01-09,0.0,-6.1,2.4,63.0,1023.4,5.4,345.0,12.0,0.0
2017-01-10,0.4,-2.7,2.1,61.0,1017.3,17.8,57.0,93.0,0.0
2017-01-11,0.0,-4.5,0.7,53.0,1020.1,9.6,22.0,26.0,0.0
2017-01-12,0.4,-4.1,1.5,70.0,1018.7,7.7,26.0,56.0,0.0
2017-01-13,10.9,-0.4,4.6,91.0,1002.3,8.9,330.0,99.0,16.0
2017-01-14,0.4,-2.5,5.9,83.0,1008.0,7.9,292.0,65.0,4.0
2017-01-15,0.1,0.7,7.1,56.0,1016.3,16.8,42.0,86.0,0.0
2017-01-16,0.0,0.2,5.2,37.0,1016.6,22.9,39.0,84.0,0.0
2017-01-17,0.1,2.5,6.5,30.0,1018.7,31.6,44.0,87.0,0.0
2017-01-18,0.0,3.5,7.6,34.0,1024.7,31.2,53.0,34.0,0.0
2017-01-19,0.0,2.9,7.7,44.0,1029.9,26.4,67.0,17.0,0.0
2017-01-20,0.0,-0.0,5.8,55.0,1033.0,15.2,54.0,1.0,0.0
2017-01-21,0.0,-1.7,6.6,56.0,1031.2,9.5,29.0,0.0,0.0
2017-01-22,0.0,-0.2,8.8,54.0,1028.8,13.7,43.0,16.0,0.0
2017-01-23,0.0,0.1,7.5,61.0,1023.5,10.4,28.0,56.0,0.0
2017-01-24,0.0,-0.6,9.4,64.0,1019.0,13.4,46.0,3.0,0.0
2017-01-25,0.0,0.0,6.7,61.0,1024.0,15.5,56.0,1.0,0.0
2017-01-26,0.0,-1.7,5.2,60.0,1028.8,15.4,46.0,8.0,0.0
2017-01-27,0.0,-3.1,4.5,57.0,1029.9,6.1,33.0,0.0,0.0
2017-01-28,0.0,-3.1,5.6,67.0,1026.8,4.9,359.0,69.0,0.0
2017-01-29,0.0,-2.9,5.4,75.0,1025.9,4.0,331.0,24.0,0.0
2017-01-30,0.0,-2.9,4.5,83.0,1024.0,4.5,29.0,43.0,5.0
2017-01-31,6.1,1.9,3.9,88.0,1021.4,7.1,16.0,99.0,11.0
2017-02-01,5.1,2.6,5.5,96.0,1020.6,4.4,14.0,97.0,24.0
2017-02-02,1.2,3.2,6.8,98.0,1021.2,4.9,26.0,99.0,24.0
2017-02-03,3.7,4.7,10.2,98.0,1014.6,6.3,29.0,89.0,24.0
2017-02-04,8.4,3.6,7.1,97.0,1009.0,8.1,21.0,88.0,24.0
2017-02-05,18.2,2.0,7.7,93.0,1006.7,17.0,31.0,87.0,22.0
2017-02-06,23.9,6.9,12.1,77.0,1002.3,26.2,50.0,98.0,13.0
2017-02-07,0.4,5.8,9.9,75.0,1014.6,9.0,64.0,93.0,1.0
2017-02-08,0.0,4.3,9.3,68.0,1018.5,14.8,68.0,90.0,0.0
2017-02-09,0.0,3.2,8.7,56.0,1022.6,23.5,56.0,71.0,0.0
2017-02-10,0.8,4.4,9.1,61.0,1022.5,16.5,49.0,96.0,1.0
2017-02-11,0.2,4.5,8.4,83.0,1024.0,7.5,45.0,95.0,3.0
2017-02-12,0.0,4.1,9.4,84.0,1027.7,4.3,11.0,84.0,9.0
2017-02-13,0.0,2.8,9.2,75.0,1030.4,11.0,48.0,62.0,6.0
2017-02-14,0.0,1.9,10.2,69.0,1033.9,8.3,46.0,14.0,0.0
2017-02-15,0.0,-0.3,11.1,82.0,1035.0,5.1,291.0,0.0,3.0
2017-02-16,0.0,1.5,11.6,86.0,1030.8,4.7,313.0,17.0,10.0
2017-02-17,2.8,0.4,8.5,89.0,1025.0,6.8,51.0,52.0,9.0
2017-02-18,0.0,0.5,11.9,84.0,1024.0,7.2,269.0,8.0,13.0
2017-02-19,0.0,3.5,9.1,83.0,1025.1,5.7,46.0,54.0,2.0
2017-02-20,0.0,2.8,9.8,86.0,1023.4,7.0,147.0,29.0,12.0
2017-02-21,0.0,1.9,6.7,92.0,1019.8,5.0,219.0,77.0,18.0
2017-02-22,0.2,4.1,9.3,87.0,1018.8,6.0,64.0,93.0,13.0
2017-02-23,1.5,6.7,9.2,93.0,1015.7,3.1,74.0,100.0,20.0
2017-02-24,7.5,6.3,9.8,95.0,1009.0,10.4,48.0,100.0,20.0
2017-02-25,0.0,4.5,12.0,62.0,1020.2,14.6,65.0,27.0,0.0
2017-02-26,0.0,1.3,10.3,67.0,1020.9,7.1,8.0,52.0,0.0
2017-02-27,0.0,1.8,10.2,82.0,1016.9,5.8,144.0,50.0,10.0
2017-02-28,1.4,4.9,12.8,84.0,1007.1,14.1,172.0,94.0,14.0
2017-03-01,2.9,4.7,11.2,79.0,1007.3,12.5,172.0,34.0,4.0
2017-03-02,0.0,5.0,12.0,80.0,1015.0,10.7,51.0,50.0,5.0
2017-03-03,0.2,5.1,12.8,86.0,1018.6,9.6,47.0,67.0,9.0
2017-03-04,10.5,7.6,10.9,93.0,1009.7,13.8,102.0,86.0,19.0
2017-03-05,0.3,5.6,11.7,82.0,1008.7,8.5,189.0,67.0,4.0
2017-03-06,0.7,4.1,11.6,84.0,1005.2,8.6,88.0,68.0,10.0
2017-03-07,0.4,5.3,15.5,66.0,1005.8,10.5,359.0,83.0,5.0
2017-03-08,0.0,2.6,15.8,50.0,1019.4,7.8,331.0,42.0,0.0
2017-03-09,0.0,4.2,15.7,65.0,1018.8,4.8,31.0,48.0,0.0
2017-03-10,0.0,5.4,18.8,58.0,1016.5,10.5,33.0,0.0,0.0
2017-03-11,0.0,3.4,12.7,57.0,1021.0,9.0,117.0,12.0,0.0
2017-03-12,0.0,3.7,11.5,75.0,1017.2,7.4,104.0,36.0,2.0
2017-03-13,0.0,5.8,11.7,67.0,1022.7,9.7,112.0,9.0,0.0
2017-03-14,0.0,3.4,14.6,81.0,1027.5,6.5,154.0,56.0,9.0
2017-03-15,0.0,5.3,13.3,76.0,1027.7,7.6,110.0,44.0,5.0
2017-03-16,0.0,5.5,14.8,77.0,1024.5,7.2,149.0,16.0,5.0
2017-03-17,0.0,4.6,13.7,79.0,1018.0,6.1,114.0,2.0,5.0
2017-03-18,0.0,5.7,14.1,83.0,1010.4,8.4,63.0,91.0,7.0
2017-03-19,0.0,6.9,14.6,87.0,1011.2,8.5,62.0,87.0,13.0
2017-03-20,0.0,8.3,14.6,89.0,1013.2,7.1,91.0,73.0,14.0
2017-03-21,0.0,8.9,13.7,92.0,1012.3,5.8,131.0,75.0,16.0
2017-03-22,0.7,9.9,14.0,92.0,1012.5,8.4,93.0,93.0,16.0
2017-03-23,2.6,9.6,16.3,89.0,1016.9,7.1,58.0,81.0,16.0
2017-03-24,0.2,9.1,15.8,91.0,1022.6,7.1,83.0,99.0,16.0
2017-03-25,0.0,9.1,18.1,75.0,1021.3,9.2,59.0,38.0,9.0
2017-03-26,3.3,8.4,15.0,77.0,1018.4,12.4,63.0,64.0,4.0
2017-03-27,0.0,7.0,15.2,54.0,1025.1,8.9,32.0,11.0,0.0
2017-03-28,0.0,7.1,17.5,57.0,1023.9,8.3,274.0,0.0,0.0
2017-03-29,0.0,6.5,22.2,65.0,1023.1,6.0,316.0,22.0,0.0
2017-03-30,0.0,8.9,18.9,66.0,1024.8,9.6,103.0,20.0,0.0
2017-03-31,0.0,9.6,18.2,76.0,1022.9,8.0,99.0,6.0,4.0
2017-04-01,0.3,9.9,17.0,80.0,1016.3,11.9,72.0,53.0,7.0
2017-04-02,0.5,10.7,18.0,68.0,1016.1,15.2,57.0,66.0,1.0
2017-04-03,0.0,8.7,23.2,58.0,1017.2,9.5,335.0,10.0,0.0
2017-04-04,0.1,12.7,21.2,54.0,1016.0,10.7,27.0,79.0,0.0
2017-04-05,5.6,10.1,17.9,78.0,1017.7,11.5,347.0,70.0,8.0
2017-04-06,0.0,9.8,17.4,81.0,1016.1,8.1,151.0,55.0,9.0
2017-04-07,0.2,10.7,14.7,76.0,1020.0,10.6,119.0,75.0,4.0
2017-04-08,0.0,7.6,17.6,83.0,1021.6,7.2,140.0,12.0,8.0
2017-04-09,0.0,10.3,17.6,79.0,1024.2,7.8,87.0,4.0,10.0
2017-04-10,0.0,9.5,18.3,78.0,1020.8,7.2,107.0,18.0,10.0
2017-04-11,0.0,11.9,19.3,80.0,1017.3,10.1,71.0,47.0,8.0
2017-04-12,0.0,12.2,17.1,66.0,1019.2,11.7,95.0,46.0,0.0
2017-04-13,0.0,10.8,18.7,81.0,1011.7,8.5,103.0,58.0,7.0
2017-04-14,1.8,12.3,18.9,80.0,1012.7,9.6,87.0,40.0,11.0
2017-04-15,2.6,13.3,17.3,85.0,1013.1,11.8,61.0,90.0,14.0
2017-04-16,7.6,10.8,19.1,83.0,1012.6,8.7,32.0,75.0,14.0
2017-04-17,0.3,9.1,15.4,68.0,1015.4,13.4,80.0,33.0,1.0
2017-04-18,4.8,7.7,12.0,74.0,1012.7,15.8,57.0,78.0,7.0
2017-04-19,0.3,5.1,14.4,38.0,1017.3,13.2,11.0,64.0,0.0
2017-04-20,0.0,5.5,13.4,35.0,1024.6,12.4,58.0,29.0,0.0
2017-04-21,0.0,6.8,13.0,49.0,1028.6,15.0,123.0,29.0,0.0
2017-04-22,0.0,4.9,15.0,69.0,1021.7,8.2,109.0,17.0,0.0
2017-04-23,0.0,8.0,16.2,68.0,1018.1,12.7,98.0,24.0,0.0
2017-04-24,0.0,11.2,13.8,76.0,1019.8,10.2,59.0,83.0,3.0
2017-04-25,1.5,10.4,16.8,85.0,1013.5,10.4,138.0,57.0,12.0
2017-04-26,14.5,11.6,16.0,83.0,1009.1,15.3,159.0,99.0,14.0
2017-04-27,28.3,12.4,17.0,93.0,1006.7,12.5,176.0,98.0,20.0
2017-04-28,15.1,11.1,15.8,72.0,1005.8,11.2,217.0,61.0,13.0
2017-04-29,0.0,9.2,16.0,53.0,1015.6,12.7,61.0,10.0,0.0
2017-04-30,0.0,7.6,16.6,67.0,1015.9,8.9,74.0,24.0,3.0
2017-05-01,7.5,9.8,16.7,69.0,1012.5,13.3,51.0,68.0,5.0
2017-05-02,0.1,8.5,15.4,79.0,1016.5,9.9,166.0,33.0,6.0
2017-05-03,0.8,10.4,16.8,77.0,1017.9,6.6,94.0,68.0,5.0
2017-05-04,3.2,9.6,16.6,82.0,1015.9,7.8,152.0,68.0,13.0
2017-05-05,2.4,10.4,18.6,80.0,1015.8,7.7,162.0,42.0,9.0
2017-05-06,5.7,11.2,16.6,82.0,1014.9,7.9,82.0,73.0,14.0
2017-05-07,4.1,11.2,19.5,82.0,1009.0,9.5,268.0,97.0,9.0
2017-05-08,1.5,11.6,18.6,91.0,1010.2,6.3,351.0,89.0,15.0
2017-05-09,1.3,12.9,17.7,76.0,1010.7,8.1,44.0,80.0,6.0
2017-05-10,3.8,10.0,15.1,76.0,1012.9,13.0,69.0,61.0,4.0
2017-05-11,4.3,12.3,17.4,86.0,1009.4,12.6,62.0,96.0,9.0
2017-05-12,0.7,14.1,21.4,83.0,1006.2,10.7,168.0,76.0,9.0
2017-05-13,0.6,13.1,22.4,80.0,1011.8,6.2,230.0,51.0,10.0
2017-05-14,1.7,13.7,22.6,83.0,1019.3,6.5,7.0,67.0,13.0
2017-05-15,14.2,15.3,23.5,74.0,1024.1,10.4,19.0,75.0,9.0
2017-05-16,0.0,14.8,24.6,65.0,1026.1,7.6,339.0,6.0,0.0
2017-05-17,0.0,16.5,24.0,65.0,1022.6,8.6,77.0,15.0,0.0
2017-05-18,0.0,17.0,22.7,68.0,1017.2,9.6,122.0,32.0,0.0
2017-05-19,0.0,15.7,22.2,78.0,1013.4,10.1,81.0,77.0,6.0
2017-05-20,6.0,13.5,19.1,89.0,1015.0,9.5,324.0,89.0,18.0
2017-05-21,0.1,13.9,23.6,68.0,1018.8,6.5,259.0,49.0,2.0
2017-05-22,0.0,14.8,23.5,69.0,1017.7,9.2,121.0,29.0,0.0
2017-05-23,0.0,15.8,26.0,70.0,1016.1,6.4,108.0,56.0,1.0
2017-05-24,0.0,18.0,24.4,76.0,1016.1,9.3,96.0,81.0,0.0
2017-05-25,1.6,16.0,21.4,70.0,1017.6,13.2,96.0,33.0,6.0
2017-05-26,0.0,15.9,22.8,64.0,1018.8,8.3,166.0,39.0,0.0
2017-05-27,0.0,14.7,25.3,67.0,1019.6,8.1,214.0,34.0,1.0
2017-05-28,0.0,16.8,25.5,66.0,1020.7,9.2,175.0,10.0,0.0
2017-05-29,0.0,16.5,25.2,66.0,1017.3,9.1,154.0,10.0,0.0
2017-05-30,0.0,17.9,24.8,74.0,1015.4,9.0,123.0,16.0,5.0
2017-05-31,0.0,19.8,24.0,81.0,1018.1,9.8,98.0,71.0,8.0
2017-06-01,0.0,19.1,25.9,79.0,1018.3,8.0,106.0,70.0,9.0
2017-06-02,0.0,19.5,26.9,71.0,1016.6,7.3,53.0,22.0,3.0
2017-06-03,0.0,19.2,27.3,71.0,1014.2,7.1,108.0,28.0,0.0
2017-06-04,0.0,20.4,27.1,75.0,1011.2,8.4,46.0,53.0,5.0
2017-06-05,0.9,18.4,25.6,72.0,1012.0,15.1,53.0,77.0,2.0
2017-06-06,7.0,17.6,23.2,86.0,1008.4,8.9,94.0,72.0,17.0
2017-06-07,1.8,17.0,23.5,66.0,1012.7,22.3,49.0,45.0,3.0
2017-06-08,0.0,14.7,22.9,50.0,1020.5,12.3,61.0,33.0,0.0
2017-06-09,0.0,14.9,25.0,56.0,1016.7,8.0,103.0,27.0,0.0
2017-06-10,0.0,16.2,26.8,61.0,1016.5,5.6,74.0,72.0,0.0
2017-06-11,0.0,18.9,26.2,64.0,1018.6,10.9,104.0,9.0,0.0
2017-06-12,0.0,17.8,26.7,67.0,1015.7,8.4,145.0,16.0,2.0
2017-06-13,0.0,20.4,26.9,70.0,1013.8,10.0,108.0,27.0,1.0
2017-06-14,0.8,21.3,28.3,77.0,1013.8,7.9,95.0,93.0,3.0
2017-06-15,0.6,20.4,27.3,72.0,1015.3,11.1,80.0,92.0,5.0
2017-06-16,1.1,21.1,26.7,83.0,1014.7,7.0,123.0,65.0,9.0
2017-06-17,0.0,20.9,27.3,63.0,1015.4,15.9,93.0,57.0,0.0
2017-06-18,0.0,19.8,27.0,48.0,1020.1,11.7,129.0,7.0,0.0
2017-06-19,0.0,18.2,27.4,54.0,1021.1,9.4,170.0,4.0,0.0
2017-06-20,0.0,18.7,28.4,58.0,1017.6,9.4,169.0,37.0,0.0
2017-06-21,0.0,20.7,29.0,68.0,1014.7,6.7,131.0,39.0,2.0
2017-06-22,0.0,21.6,29.4,69.0,1015.3,9.7,147.0,34.0,0.0
2017-06-23,0.0,22.3,29.6,78.0,1014.2,9.7,108.0,77.0,3.0
2017-06-24,0.0,23.5,29.3,74.0,1013.8,11.9,91.0,65.0,4.0
2017-06-25,25.9,20.3,24.9,86.0,1012.0,9.9,8.0,84.0,12.0
2017-06-26,0.0,20.3,27.9,73.0,1012.9,8.6,78.0,25.0,7.0
2017-06-27,0.8,20.8,27.9,69.0,1009.7,11.1,5.0,61.0,1.0
2017-06-28,27.7,19.2,27.4,78.0,1003.4,14.8,44.0,75.0,10.0
2017-06-29,6.6,17.5,25.8,77.0,1001.4,9.4,262.0,48.0,9.0
2017-06-30,2.6,17.5,25.4,63.0,1008.3,10.2,211.0,54.0,2.0
2017-07-01,0.4,15.8,25.3,72.0,1011.3,6.8,142.0,25.0,8.0
2017-07-02,0.7,17.9,25.7,66.0,1013.9,8.3,20.0,25.0,1.0
2017-07-03,0.0,19.4,26.9,68.0,1017.9,9.8,106.0,28.0,0.0
2017-07-04,0.0,19.3,25.7,69.0,1019.9,10.6,77.0,38.0,0.0
2017-07-05,0.0,20.5,27.4,68.0,1018.3,7.6,115.0,20.0,1.0
2017-07-06,0.0,19.9,28.6,69.0,1017.7,7.6,138.0,13.0,0.0
2017-07-07,0.0,21.2,29.1,71.0,1016.3,6.5,109.0,29.0,1.0
2017-07-08,0.0,21.7,30.6,70.0,1014.7,7.5,123.0,36.0,1.0
2017-07-09,0.0,22.6,31.7,66.0,1013.1,9.5,9.0,52.0,1.0
2017-07-10,1.1,21.9,30.0,71.0,1010.4,13.2,62.0,31.0,2.0
2017-07-11,10.5,21.5,31.2,71.0,1012.0,12.6,199.0,45.0,7.0
2017-07-12,0.1,20.3,27.0,77.0,1012.8,9.5,73.0,24.0,5.0
2017-07-13,0.0,22.7,29.6,66.0,1012.6,15.0,54.0,24.0,1.0
2017-07-14,2.4,20.4,26.0,58.0,1013.1,16.4,48.0,53.0,5.0
2017-07-15,0.0,18.8,27.3,54.0,1014.5,12.5,44.0,45.0,0.0
2017-07-16,0.0,19.1,26.5,45.0,1020.6,11.7,79.0,14.0,0.0
2017-07-17,0.0,18.6,26.9,52.0,1020.8,6.8,72.0,24.0,0.0
2017-07-18,0.0,19.8,28.1,60.0,1018.6,9.4,114.0,17.0,0.0
2017-07-19,0.0,18.9,27.3,66.0,1016.0,8.6,138.0,37.0,0.0
2017-07-20,0.0,21.6,27.8,77.0,1012.3,9.3,98.0,51.0,2.0
2017-07-21,0.0,22.1,29.0,76.0,1012.3,8.1,80.0,76.0,7.0
2017-07-22,0.5,22.0,29.6,70.0,1012.3,9.1,94.0,48.0,2.0
2017-07-23,0.8,23.0,29.9,77.0,1012.8,9.6,98.0,40.0,5.0
2017-07-24,11.6,20.6,26.2,81.0,1005.9,14.7,24.0,80.0,4.0
2017-07-25,1.0,19.2,26.1,60.0,1004.4,8.3,22.0,49.0,2.0
2017-07-26,0.1,15.9,25.3,69.0,1004.9,7.1,54.0,70.0,0.0
2017-07-27,0.0,18.2,27.1,63.0,1009.0,8.5,89.0,47.0,1.0
2017-07-28,0.1,20.3,27.6,68.0,1011.4,9.7,75.0,38.0,0.0
2017-07-29,1.6,21.8,28.2,74.0,1016.0,9.5,63.0,45.0,9.0
2017-07-30,0.5,21.0,28.0,75.0,1015.3,9.1,136.0,50.0,1.0
2017-07-31,0.0,21.5,29.7,77.0,1016.5,7.5,140.0,7.0,3.0
2017-08-01,0.0,21.5,31.3,73.0,1017.0,6.9,152.0,6.0,4.0
2017-08-02,0.0,23.7,31.6,70.0,1015.9,7.2,119.0,35.0,1.0
2017-08-03,0.0,25.6,31.9,65.0,1014.7,10.1,88.0,37.0,0.0
2017-08-04,0.0,25.2,34.0,67.0,1011.0,7.5,114.0,15.0,0.0
2017-08-05,0.0,26.2,33.8,60.0,1010.5,10.9,76.0,15.0,0.0
2017-08-06,19.3,22.2,33.8,65.0,1011.3,18.1,28.0,48.0,6.0
2017-08-07,0.9,20.7,29.3,51.0,1016.0,18.6,59.0,35.0,1.0
2017-08-08,0.0,22.0,29.2,55.0,1013.9,13.8,67.0,10.0,0.0
2017-08-09,0.0,22.6,30.7,66.0,1012.5,13.9,46.0,26.0,0.0
2017-08-10,9.8,22.2,30.2,73.0,1012.0,14.2,37.0,39.0,4.0
2017-08-11,17.4,18.9,27.6,67.0,1010.6,9.4,293.0,52.0,8.0
2017-08-12,0.0,17.9,26.0,58.0,1013.7,7.7,289.0,44.0,0.0
2017-08-13,0.0,18.6,27.0,59.0,1017.6,8.0,83.0,26.0,0.0
2017-08-14,0.3,20.6,27.6,64.0,1019.7,6.9,143.0,41.0,0.0
2017-08-15,0.0,20.7,29.4,66.0,1019.5,8.2,150.0,10.0,0.0
2017-08-16,1.1,20.7,29.6,70.0,1017.4,5.0,49.0,56.0,1.0
2017-08-17,0.0,23.7,30.4,54.0,1017.1,11.8,67.0,25.0,0.0
2017-08-18,0.0,22.4,30.7,60.0,1015.7,8.5,114.0,35.0,0.0
2017-08-19,3.9,21.0,29.3,70.0,1012.6,14.0,39.0,71.0,5.0
2017-08-20,0.2,19.1,27.5,47.0,1016.7,20.0,61.0,16.0,0.0
2017-08-21,0.0,19.6,25.4,46.0,1019.8,11.3,61.0,30.0,0.0
2017-08-22,0.0,19.0,24.5,54.0,1019.4,12.3,94.0,17.0,0.0
2017-08-23,0.0,18.2,26.1,61.0,1017.3,8.1,122.0,14.0,0.0
2017-08-24,0.0,19.0,26.8,68.0,1018.2,8.2,113.0,8.0,0.0
2017-08-25,0.0,20.6,27.7,69.0,1018.9,8.3,98.0,45.0,0.0
2017-08-26,0.0,20.9,28.7,71.0,1017.1,8.0,135.0,34.0,1.0
2017-08-27,0.0,22.1,31.1,70.0,1014.6,8.2,160.0,28.0,0.0
2017-08-28,1.3,24.0,30.4,62.0,1014.4,12.6,42.0,63.0,1.0
2017-08-29,0.0,20.4,27.4,59.0,1016.5,10.7,72.0,5.0,0.0
2017-08-30,0.0,20.4,27.4,66.0,1015.5,10.1,91.0,10.0,0.0
2017-08-31,0.0,21.7,27.5,79.0,1014.2,9.0,96.0,37.0,3.0
2017-09-01,23.9,19.0,25.2,87.0,1012.4,11.9,40.0,71.0,12.0
2017-09-02,16.9,15.0,22.3,84.0,1008.9,20.0,32.0,65.0,12.0
2017-09-03,1.9,14.7,22.2,61.0,1010.9,11.7,10.0,66.0,4.0
2017-09-04,0.4,14.1,21.8,76.0,1016.6,10.9,48.0,43.0,3.0
2017-09-05,0.1,16.6,23.1,78.0,1019.5,9.5,54.0,39.0,3.0
2017-09-06,3.1,18.7,24.0,82.0,1016.6,7.7,71.0,65.0,5.0
2017-09-07,73.7,16.0,23.4,89.0,1013.0,16.2,41.0,81.0,20.0
2017-09-08,0.1,15.9,22.4,68.0,1012.8,13.6,66.0,37.0,0.0
2017-09-09,2.6,17.2,22.4,83.0,1006.2,10.8,66.0,47.0,5.0
2017-09-10,36.1,17.0,23.6,92.0,1003.2,17.5,70.0,100.0,24.0
2017-09-11,10.8,17.1,21.0,91.0,1001.6,16.6,36.0,97.0,16.0
2017-09-12,13.0,13.0,18.8,81.0,1006.4,18.2,31.0,67.0,14.0
2017-09-13,0.0,11.7,20.7,72.0,1017.4,9.6,91.0,27.0,0.0
2017-09-14,1.2,15.0,21.6,85.0,1012.4,7.8,360.0,44.0,9.0
2017-09-15,1.2,15.2,19.2,71.0,1012.0,21.0,44.0,86.0,3.0
2017-09-16,3.5,13.7,19.9,82.0,1009.7,8.5,43.0,85.0,6.0
2017-09-17,0.5,14.3,21.3,74.0,1010.8,11.7,264.0,37.0,9.0
2017-09-18,5.4,13.1,20.3,78.0,1014.3,10.2,35.0,68.0,8.0
2017-09-19,23.8,11.9,13.9,90.0,1011.6,14.3,5.0,100.0,22.0
2017-09-20,0.2,11.5,21.5,69.0,1014.7,10.0,274.0,57.0,0.0
2017-09-21,0.0,12.4,19.8,69.0,1018.4,8.3,96.0,5.0,0.0
2017-09-22,0.0,12.5,20.7,76.0,1020.0,7.4,41.0,17.0,1.0
2017-09-23,1.2,13.7,20.7,80.0,1020.4,6.6,50.0,56.0,4.0
2017-09-24,15.2,14.9,17.5,90.0,1018.7,13.7,33.0,89.0,16.0
2017-09-25,0.1,14.3,19.2,73.0,1019.5,16.1,43.0,43.0,0.0
2017-09-26,0.0,14.6,21.3,66.0,1021.0,13.2,47.0,22.0,0.0
2017-09-27,0.0,15.6,22.2,66.0,1022.8,13.3,39.0,35.0,0.0
2017-09-28,0.0,15.6,22.7,62.0,1025.4,12.4,49.0,45.0,0.0
2017-09-29,0.0,14.7,20.9,59.0,1024.4,13.8,48.0,78.0,0.0
2017-09-30,0.0,14.7,20.1,57.0,1021.3,12.2,47.0,63.0,0.0
2017-10-01,1.0,14.2,17.9,64.0,1021.3,11.8,28.0,84.0,1.0
2017-10-02,0.0,13.7,19.2,62.0,1023.2,10.1,50.0,45.0,0.0
2017-10-03,3.9,13.0,18.4,85.0,1020.1,4.6,7.0,83.0,9.0
2017-10-04,0.0,12.6,19.7,82.0,1023.8,8.5,34.0,54.0,4.0
2017-10-05,0.0,12.0,21.2,83.0,1016.9,8.4,220.0,59.0,10.0
2017-10-06,7.6,12.1,18.6,83.0,1010.6,10.9,43.0,50.0,11.0
2017-10-07,0.0,9.6,18.2,73.0,1018.7,7.8,195.0,2.0,0.0
2017-10-08,0.0,10.5,19.1,77.0,1015.3,7.5,4.0,59.0,2.0
2017-10-09,0.0,12.3,19.1,81.0,1017.0,9.0,50.0,33.0,5.0
2017-10-10,0.1,13.3,18.7,83.0,1019.0,7.8,51.0,29.0,9.0
2017-10-11,0.0,12.9,19.0,88.0,1022.7,6.9,89.0,46.0,15.0
2017-10-12,0.0,13.2,19.7,88.0,1024.1,5.2,208.0,50.0,12.0
2017-10-13,0.0,12.8,19.7,90.0,1026.2,6.0,202.0,73.0,16.0
2017-10-14,0.0,12.7,20.8,90.0,1027.4,4.6,267.0,46.0,15.0
2017-10-15,0.0,11.5,20.2,90.0,1027.9,4.7,275.0,43.0,14.0
2017-10-16,0.0,10.4,21.1,88.0,1026.8,4.5,268.0,42.0,12.0
2017-10-17,0.0,11.4,18.8,91.0,1024.6,4.2,23.0,84.0,14.0
2017-10-18,0.0,12.3,18.1,89.0,1019.9,4.7,40.0,74.0,13.0
2017-10-19,0.0,11.5,17.2,89.0,1018.7,4.7,301.0,75.0,13.0
2017-10-20,0.0,10.8,16.2,90.0,1019.8,5.4,333.0,79.0,17.0
2017-10-21,0.0,11.7,16.8,85.0,1020.3,4.6,33.0,91.0,10.0
2017-10-22,9.7,10.6,17.0,82.0,1013.4,15.6,39.0,100.0,8.0
2017-10-23,0.8,9.9,17.6,73.0,1012.6,8.9,305.0,37.0,2.0
2017-10-24,0.0,7.9,20.7,60.0,1019.2,8.2,335.0,9.0,0.0
2017-10-25,0.0,9.3,17.4,68.0,1025.4,6.6,350.0,63.0,0.0
2017-10-26,0.0,8.3,18.2,81.0,1025.3,5.2,267.0,50.0,7.0
2017-10-27,0.0,9.8,17.7,82.0,1018.1,6.2,25.0,49.0,10.0
2017-10-28,0.0,9.0,17.1,64.0,1018.5,7.5,37.0,66.0,0.0
2017-10-29,0.0,7.8,16.2,74.0,1006.5,10.4,7.0,91.0,0.0
2017-10-30,0.0,9.7,17.2,54.0,1015.3,14.0,67.0,8.0,0.0
2017-10-31,0.0,10.1,15.1,54.0,1024.3,13.6,44.0,62.0,0.0
2017-11-01,0.0,7.8,15.4,65.0,1024.4,6.6,13.0,12.0,0.0
2017-11-02,0.0,6.4,14.3,82.0,1020.3,4.7,344.0,87.0,8.0
2017-11-03,0.0,8.1,16.1,79.0,1017.0,6.0,18.0,20.0,1.0
2017-11-04,0.2,10.9,15.7,86.0,1018.4,8.2,28.0,83.0,7.0
2017-11-05,14.1,11.8,17.4,88.0,1011.5,21.9,126.0,91.0,17.0
2017-11-06,10.9,10.0,15.1,69.0,1008.4,29.9,49.0,93.0,6.0
2017-11-07,9.4,9.2,12.3,71.0,1012.7,30.8,46.0,96.0,14.0
2017-11-08,0.5,8.1,14.9,71.0,1015.2,11.2,30.0,67.0,0.0
2017-11-09,9.1,8.9,13.4,84.0,1020.1,15.0,40.0,81.0,7.0
2017-11-10,0.2,8.2,13.8,79.0,1020.3,9.8,20.0,58.0,1.0
2017-11-11,0.0,6.4,12.1,88.0,1014.9,4.4,271.0,71.0,12.0
2017-11-12,0.1,6.0,10.9,89.0,1007.3,5.4,343.0,80.0,11.0
2017-11-13,22.1,4.4,8.9,82.0,1000.1,19.5,29.0,99.0,18.0
2017-11-14,0.0,5.6,12.4,48.0,1016.1,16.1,39.0,45.0,0.0
2017-11-15,0.0,6.6,12.5,40.0,1021.0,21.1,53.0,43.0,0.0
2017-11-16,0.0,7.6,13.5,55.0,1020.8,14.7,41.0,20.0,0.0
2017-11-17,0.0,5.6,13.5,71.0,1019.3,13.0,29.0,39.0,0.0
2017-11-18,0.0,4.9,13.0,71.0,1018.6,8.9,12.0,20.0,0.0
2017-11-19,0.3,3.6,11.2,81.0,1014.5,5.1,356.0,31.0,0.0
2017-11-20,0.0,1.5,11.3,66.0,1019.6,7.3,358.0,20.0,0.0
2017-11-21,0.0,3.3,10.4,74.0,1019.0,5.3,2.0,65.0,0.0
2017-11-22,0.0,4.6,11.0,77.0,1020.2,4.9,7.0,45.0,0.0
2017-11-23,0.0,5.8,12.0,80.0,1020.3,5.6,347.0,68.0,2.0
2017-11-24,0.0,5.4,12.3,82.0,1021.5,5.4,354.0,69.0,1.0
2017-11-25,5.9,8.0,11.2,87.0,1014.7,9.2,22.0,96.0,10.0
2017-11-26,7.8,3.4,9.8,80.0,1015.7,17.4,44.0,86.0,10.0
2017-11-27,0.0,0.8,8.8,61.0,1024.4,6.3,344.0,1.0,0.0
2017-11-28,0.0,-0.4,6.9,70.0,1017.5,5.8,8.0,83.0,0.0
2017-11-29,6.8,3.2,7.7,88.0,1006.6,12.4,21.0,95.0,8.0
2017-11-30,4.4,2.1,7.3,87.0,1001.9,7.4,323.0,70.0,11.0
2017-12-01,0.3,1.4,7.7,66.0,1010.5,17.6,31.0,57.0,0.0
2017-12-02,0.0,4.9,8.5,48.0,1016.4,27.5,48.0,77.0,0.0
2017-12-03,0.0,1.2,7.1,55.0,1020.2,14.5,40.0,40.0,0.0
2017-12-04,0.0,-2.3,6.2,71.0,1026.5,7.2,351.0,26.0,0.0
2017-12-05,0.0,-1.3,7.7,68.0,1032.0,5.9,353.0,1.0,0.0
2017-12-06,0.0,-1.6,5.0,79.0,1032.7,3.4,331.0,6.0,0.0
2017-12-07,0.0,-0.1,6.3,86.0,1029.5,5.8,15.0,52.0,8.0
2017-12-08,5.8,2.6,4.8,90.0,1015.9,9.2,14.0,94.0,12.0
2017-12-09,1.3,-1.9,7.3,78.0,1010.7,11.9,354.0,64.0,4.0
2017-12-10,5.0,-3.7,3.2,69.0,1011.9,8.6,2.0,70.0,6.0
2017-12-11,10.3,1.4,13.9,90.0,1000.5,17.4,105.0,100.0,20.0
2017-12-12,5.7,6.2,14.0,84.0,1006.1,18.9,190.0,98.0,14.0
2017-12-13,0.0,3.6,8.0,82.0,1015.6,11.4,32.0,75.0,5.0
2017-12-14,0.3,3.5,6.9,85.0,1008.0,5.3,5.0,87.0,3.0
2017-12-15,1.5,3.8,9.9,87.0,999.1,7.0,360.0,84.0,9.0
2017-12-16,7.4,2.3,8.8,80.0,1005.7,14.9,29.0,76.0,9.0
2017-12-17,0.0,0.2,8.0,70.0,1018.2,6.8,353.0,16.0,0.0
2017-12-18,0.0,-2.0,6.4,65.0,1024.2,9.7,18.0,25.0,0.0
2017-12-19,0.0,0.0,5.7,67.0,1031.2,9.7,31.0,26.0,0.0
2017-12-20,0.0,-0.9,6.3,71.0,1032.8,7.3,5.0,21.0,0.0
2017-12-21,0.0,-2.5,5.1,78.0,1034.1,5.1,323.0,15.0,0.0
2017-12-22,0.0,-1.7,7.9,74.0,1030.8,6.1,298.0,38.0,0.0
2017-12-23,0.0,-1.5,7.7,82.0,1030.3,3.2,308.0,37.0,3.0
2017-12-24,0.0,-1.5,5.9,87.0,1028.1,3.5,336.0,5.0,3.0
2017-12-25,0.0,-2.5,6.5,84.0,1026.5,3.3,345.0,14.0,4.0
2017-12-26,0.5,2.5,6.9,90.0,1017.5,6.5,19.0,83.0,15.0
2017-12-27,15.8,4.3,10.7,92.0,998.2,16.2,135.0,95.0,24.0
2017-12-28,11.0,4.0,9.3,91.0,991.2,13.2,42.0,94.0,20.0
2017-12-29,0.0,0.3,8.2,59.0,1009.3,8.8,3.0,58.0,0.0
2017-12-30,0.1,-1.6,5.1,74.0,1015.8,6.1,354.0,54.0,0.0
2017-12-31,0.0,-1.8,6.2,74.0,1020.2,5.2,360.0,43.0,0.0
2018-01-01,15.0,2.8,6.8,87.0,1012.3,12.3,6.0,97.0,14.0
2018-01-02,0.0,1.3,9.5,89.0,1011.3,8.0,310.0,60.0,13.0
2018-01-03,0.8,-0.7,6.3,88.0,1010.5,6.9,359.0,60.0,10.0
2018-01-04,0.0,-1.1,8.3,87.0,1007.8,8.1,20.0,78.0,10.0
2018-01-05,0.0,0.2,10.1,79.0,1008.6,5.2,348.0,56.0,0.0
2018-01-06,0.9,4.9,10.8,87.0,1012.7,6.3,23.0,80.0,9.0
2018-01-07,0.3,6.6,11.0,95.0,1019.6,14.6,34.0,90.0,24.0
2018-01-08,11.6,9.8,12.3,93.0,1023.8,19.0,45.0,95.0,21.0
2018-01-09,28.3,9.2,12.2,96.0,1020.1,16.9,90.0,100.0,24.0
2018-01-10,0.0,3.8,10.8,91.0,1015.7,6.7,310.0,66.0,17.0
2018-01-11,0.1,4.4,10.1,85.0,1013.4,10.0,37.0,77.0,12.0
2018-01-12,0.0,3.6,10.6,71.0,1019.5,12.0,19.0,22.0,0.0
2018-01-13,0.0,4.5,9.8,66.0,1022.4,11.5,20.0,56.0,0.0
2018-01-14,0.0,2.9,8.5,72.0,1022.1,12.5,42.0,17.0,0.0
2018-01-15,0.0,2.4,6.5,67.0,1023.1,8.5,35.0,74.0,0.0
2018-01-16,1.4,2.7,5.9,89.0,1010.3,6.7,356.0,89.0,12.0
2018-01-17,1.0,2.0,10.9,70.0,1002.3,12.2,298.0,46.0,13.0
2018-01-18,0.0,0.9,10.3,53.0,1013.1,11.4,269.0,10.0,0.0
2018-01-19,0.0,-1.2,9.7,72.0,1009.3,6.8,6.0,19.0,0.0
2018-01-20,4.3,1.7,8.2,81.0,1012.0,9.7,43.0,71.0,7.0
2018-01-21,2.5,1.2,9.3,76.0,1006.7,10.0,21.0,38.0,5.0
2018-01-22,0.8,2.2,7.8,59.0,1016.0,8.3,43.0,53.0,1.0
2018-01-23,0.0,-0.0,9.8,80.0,1022.3,6.5,4.0,6.0,2.0
2018-01-24,0.0,0.5,9.9,82.0,1030.6,5.4,13.0,23.0,4.0
2018-01-25,0.2,0.7,6.5,93.0,1027.2,3.7,12.0,97.0,19.0
2018-01-26,0.0,4.0,9.8,89.0,1023.2,5.0,25.0,74.0,13.0
2018-01-27,0.0,1.4,9.9,93.0,1029.3,5.0,11.0,79.0,17.0
2018-01-28,0.0,1.9,9.6,94.0,1034.5,5.0,273.0,53.0,20.0
2018-01-29,0.1,3.8,6.5,97.0,1032.3,4.5,279.0,100.0,24.0
2018-01-30,0.1,5.0,7.5,91.0,1028.7,4.9,6.0,100.0,15.0
2018-01-31,1.4,3.6,8.2,90.0,1023.0,5.8,300.0,95.0,16.0
2018-02-01,9.8,5.2,9.8,95.0,1007.8,6.2,311.0,98.0,23.0
2018-02-02,12.2,3.7,8.0,85.0,1004.5,17.3,40.0,100.0,14.0
2018-02-03,16.8,1.5,5.6,87.0,1002.7,20.5,32.0,95.0,17.0
2018-02-04,0.6,0.4,8.1,81.0,1013.9,6.2,356.0,43.0,0.0
2018-02-05,0.0,1.5,8.2,67.0,1021.9,12.1,36.0,71.0,0.0
2018-02-06,3.9,1.6,8.3,70.0,1016.0,15.1,41.0,99.0,5.0
2018-02-07,12.8,3.1,7.8,82.0,1007.4,17.2,35.0,96.0,11.0
2018-02-08,0.7,4.8,9.1,84.0,1013.0,5.0,89.0,74.0,7.0
2018-02-09,0.7,3.4,8.6,87.0,1015.9,7.5,49.0,63.0,12.0
2018-02-10,0.0,2.3,9.8,77.0,1013.1,11.6,44.0,10.0,7.0
2018-02-11,0.0,1.1,7.2,69.0,1012.3,8.1,32.0,46.0,0.0
2018-02-12,5.3,2.1,5.4,85.0,1010.8,12.7,39.0,97.0,12.0
2018-02-13,0.1,0.8,7.7,66.0,1013.6,9.4,18.0,55.0,0.0
2018-02-14,0.0,-0.8,7.4,69.0,1015.3,6.7,356.0,20.0,0.0
2018-02-15,0.0,-1.5,6.5,69.0,1023.2,7.5,47.0,44.0,0.0
2018-02-16,0.0,-1.9,7.4,75.0,1024.9,4.7,26.0,14.0,0.0
2018-02-17,0.5,1.3,8.2,72.0,1022.4,8.1,52.0,87.0,0.0
2018-02-18,4.6,4.0,7.6,77.0,1019.8,18.9,64.0,99.0,10.0
2018-02-19,0.4,2.3,7.3,55.0,1018.8,20.9,59.0,68.0,0.0
2018-02-20,0.0,1.1,6.6,62.0,1011.2,11.8,29.0,80.0,0.0
2018-02-21,0.5,3.0,8.9,53.0,1009.4,16.4,49.0,95.0,1.0
2018-02-22,7.3,3.6,6.9,67.0,1008.6,26.7,51.0,100.0,12.0
2018-02-23,10.1,2.2,8.3,70.0,1009.4,30.7,51.0,100.0,13.0
2018-02-24,1.4,2.7,8.8,55.0,1011.5,30.9,64.0,74.0,2.0
2018-02-25,0.7,-1.5,2.2,42.0,1016.3,32.1,72.0,95.0,1.0
2018-02-26,0.0,-3.2,0.2,32.0,1012.9,31.3,59.0,54.0,0.0
2018-02-27,0.0,-3.4,1.3,38.0,1011.1,15.1,56.0,82.0,0.0
2018-02-28,0.2,-2.9,0.3,59.0,1018.2,12.7,82.0,89.0,0.0
2018-03-01,4.4,-2.9,-0.9,65.0,1014.6,14.0,40.0,100.0,8.0
2018-03-02,4.5,-1.2,3.8,86.0,999.2,7.8,302.0,97.0,10.0
2018-03-03,5.3,-0.2,5.2,93.0,999.7,10.2,19.0,96.0,22.0
2018-03-04,0.0,-0.0,8.9,84.0,1004.1,7.4,223.0,86.0,10.0
2018-03-05,9.4,3.4,9.4,90.0,1000.0,10.0,37.0,100.0,15.0
2018-03-06,6.5,4.1,7.4,88.0,993.9,7.2,29.0,97.0,13.0
2018-03-07,1.1,5.2,9.0,89.0,999.5,9.7,31.0,97.0,12.0
2018-03-08,0.6,1.6,9.7,87.0,1008.7,8.2,171.0,16.0,13.0
2018-03-09,0.0,2.5,10.8,90.0,1015.2,8.5,146.0,65.0,13.0
2018-03-10,0.1,3.6,10.5,90.0,1014.8,5.4,140.0,93.0,11.0
2018-03-11,26.4,7.4,10.7,95.0,1008.0,12.5,46.0,96.0,22.0
2018-03-12,3.6,6.1,13.2,91.0,1001.7,8.6,212.0,56.0,18.0
2018-03-13,0.8,6.4,12.2,93.0,1006.2,5.3,78.0,79.0,16.0
2018-03-14,2.4,5.4,13.2,92.0,1010.7,6.5,83.0,52.0,17.0
2018-03-15,7.4,6.1,11.1,93.0,1007.6,10.3,47.0,80.0,20.0
2018-03-16,8.9,7.5,14.4,81.0,1001.9,14.0,338.0,90.0,12.0
2018-03-17,8.6,7.2,10.8,91.0,997.5,14.8,59.0,100.0,20.0
2018-03-18,9.9,2.7,10.2,83.0,997.5,24.9,55.0,100.0,14.0
2018-03-19,15.0,2.0,6.9,78.0,1001.2,27.8,50.0,98.0,15.0
2018-03-20,0.1,1.9,8.5,61.0,1007.4,18.5,67.0,48.0,0.0
2018-03-21,0.0,3.8,10.6,40.0,1017.2,22.2,66.0,55.0,0.0
2018-03-22,0.0,0.5,10.0,50.0,1016.0,13.7,56.0,4.0,0.0
2018-03-23,0.0,2.0,9.5,64.0,1005.3,8.4,148.0,32.0,0.0
2018-03-24,0.0,4.3,9.8,70.0,1004.8,7.8,77.0,55.0,0.0
2018-03-25,0.0,3.9,10.3,70.0,1008.4,9.1,85.0,45.0,1.0
2018-03-26,0.0,2.2,12.1,70.0,1010.3,6.8,83.0,18.0,0.0
2018-03-27,0.6,6.6,13.2,80.0,1013.6,9.2,96.0,52.0,5.0
2018-03-28,0.0,6.2,12.8,78.0,1011.0,12.0,98.0,59.0,1.0
2018-03-29,5.9,8.1,12.0,91.0,1007.4,8.0,73.0,79.0,17.0
2018-03-30,2.2,8.4,13.9,91.0,1007.6,11.8,72.0,67.0,15.0
2018-03-31,4.2,8.3,12.8,87.0,998.8,7.4,79.0,85.0,15.0
2018-04-01,0.5,7.2,16.7,69.0,1003.7,10.7,255.0,65.0,6.0
2018-04-02,0.0,5.3,13.4,82.0,1014.7,10.4,94.0,32.0,5.0
2018-04-03,1.2,6.8,13.3,85.0,1017.5,7.4,100.0,68.0,12.0
2018-04-04,13.0,8.8,12.3,87.0,1016.3,9.6,61.0,100.0,11.0
2018-04-05,11.0,8.6,15.3,90.0,1013.3,8.2,65.0,55.0,18.0
2018-04-06,0.0,8.2,15.7,86.0,1019.7,7.1,95.0,69.0,13.0
2018-04-07,0.0,9.0,15.6,71.0,1019.5,9.9,88.0,12.0,4.0
2018-04-08,0.7,6.9,15.8,76.0,1016.5,7.6,74.0,19.0,3.0
2018-04-09,2.0,9.5,19.5,75.0,1010.0,16.7,65.0,89.0,6.0
2018-04-10,3.4,10.0,16.6,86.0,1009.8,11.0,181.0,92.0,14.0
2018-04-11,4.7,9.8,15.8,86.0,1009.6,10.3,69.0,67.0,12.0
2018-04-12,19.7,11.7,15.0,92.0,1007.5,13.9,78.0,99.0,22.0
2018-04-13,7.4,9.9,16.4,84.0,1013.1,9.0,163.0,45.0,10.0
2018-04-14,0.0,9.1,19.2,77.0,1019.8,8.0,28.0,56.0,7.0
2018-04-15,0.7,14.0,21.6,66.0,1011.9,13.7,40.0,86.0,1.0
2018-04-16,1.4,13.5,19.3,84.0,1010.5,7.7,59.0,45.0,10.0
2018-04-17,0.9,12.6,20.4,78.0,1020.5,7.0,57.0,38.0,4.0
2018-04-18,0.0,12.8,20.3,68.0,1027.5,8.0,49.0,15.0,0.0
2018-04-19,0.0,13.3,23.6,65.0,1027.4,8.4,23.0,2.0,0.0
2018-04-20,0.0,13.4,24.8,68.0,1023.2,7.0,16.0,0.0,0.0
2018-04-21,0.0,14.3,22.2,71.0,1019.9,9.8,121.0,1.0,0.0
2018-04-22,0.0,12.5,20.2,79.0,1018.0,8.9,125.0,6.0,9.0
2018-04-23,0.0,12.9,19.6,82.0,1016.8,8.0,106.0,13.0,12.0
2018-04-24,0.0,14.5,21.1,76.0,1016.5,8.4,80.0,38.0,5.0
2018-04-25,0.0,14.3,21.6,80.0,1014.8,9.0,115.0,13.0,6.0
2018-04-26,0.7,15.4,22.3,82.0,1012.0,12.1,58.0,30.0,8.0
2018-04-27,2.0,14.3,21.6,66.0,1014.7,17.5,54.0,50.0,3.0
2018-04-28,0.0,13.5,22.8,74.0,1013.1,7.8,69.0,45.0,3.0
2018-04-29,0.0,14.3,22.5,81.0,1011.0,8.5,87.0,42.0,8.0
2018-04-30,0.0,15.2,22.3,62.0,1009.4,16.0,242.0,27.0,7.0
2018-05-01,0.0,12.5,18.9,59.0,1012.3,9.3,193.0,88.0,0.0
2018-05-02,7.6,12.3,23.5,73.0,1008.8,13.1,29.0,96.0,7.0
2018-05-03,3.4,17.5,24.6,71.0,1005.0,12.3,35.0,86.0,6.0
2018-05-04,13.0,16.3,23.1,79.0,1010.4,14.6,36.0,69.0,11.0
2018-05-05,0.4,16.1,23.9,71.0,1015.1,12.7,38.0,64.0,1.0
2018-05-06,0.1,16.2,24.8,71.0,1015.6,8.8,24.0,50.0,0.0
2018-05-07,0.3,17.5,25.1,61.0,1014.7,9.6,32.0,81.0,1.0
2018-05-08,0.0,16.7,24.3,63.0,1008.9,12.4,39.0,52.0,0.0
2018-05-09,2.3,15.3,23.2,65.0,1006.7,11.4,46.0,70.0,4.0
2018-05-10,0.1,15.8,23.4,71.0,1009.2,9.0,293.0,62.0,0.0
2018-05-11,2.6,15.9,24.7,73.0,1014.6,10.5,15.0,31.0,4.0
2018-05-12,1.1,15.3,24.4,75.0,1014.2,6.8,319.0,17.0,3.0
2018-05-13,4.3,16.4,22.8,82.0,1010.3,7.3,62.0,31.0,10.0
2018-05-14,8.3,15.5,20.5,77.0,1009.1,12.4,269.0,75.0,13.0
2018-05-15,2.0,12.1,15.7,74.0,1010.0,13.2,260.0,94.0,4.0
2018-05-16,0.0,11.3,19.1,75.0,1012.9,8.2,205.0,58.0,6.0
2018-05-17,0.6,12.9,18.9,84.0,1014.7,7.6,50.0,89.0,9.0
2018-05-18,0.0,13.4,21.6,78.0,1016.2,5.3,49.0,41.0,6.0
2018-05-19,1.4,14.0,22.7,69.0,1016.2,9.4,35.0,40.0,6.0
2018-05-20,0.0,15.8,24.0,60.0,1016.4,17.4,48.0,19.0,0.0
2018-05-21,0.8,17.1,24.8,57.0,1014.3,15.8,47.0,54.0,1.0
2018-05-22,18.5,16.4,20.1,80.0,1013.3,13.9,54.0,95.0,13.0
2018-05-23,3.4,16.1,21.2,85.0,1015.8,8.1,19.0,95.0,16.0
2018-05-24,2.4,17.6,24.7,75.0,1016.0,7.8,1.0,46.0,2.0
2018-05-25,0.0,17.4,26.9,72.0,1015.3,6.3,347.0,41.0,0.0
2018-05-26,0.0,19.0,24.7,73.0,1018.7,9.6,64.0,64.0,1.0
2018-05-27,0.0,18.9,26.1,76.0,1018.1,7.9,49.0,69.0,2.0
2018-05-28,1.5,18.4,27.0,79.0,1017.4,8.3,33.0,80.0,6.0
2018-05-29,8.3,18.5,25.1,82.0,1016.0,7.3,7.0,80.0,13.0
2018-05-30,0.1,18.7,26.6,75.0,1014.7,6.1,42.0,56.0,6.0
2018-05-31,0.1,17.6,28.2,76.0,1014.7,7.2,276.0,55.0,7.0
2018-06-01,0.4,18.4,27.5,74.0,1015.6,8.9,221.0,36.0,6.0
2018-06-02,0.3,19.8,26.1,77.0,1016.3,6.8,87.0,37.0,1.0
2018-06-03,0.0,19.2,26.6,73.0,1015.6,7.0,122.0,55.0,2.0
2018-06-04,3.7,19.3,25.8,80.0,1010.7,6.6,328.0,89.0,5.0
2018-06-05,0.3,18.9,27.5,78.0,1008.4,7.0,244.0,66.0,10.0
2018-06-06,3.8,18.7,26.4,80.0,1011.9,7.2,228.0,54.0,8.0
2018-06-07,4.9,18.9,24.6,84.0,1015.2,7.0,62.0,91.0,11.0
2018-06-08,8.4,19.4,25.5,79.0,1011.8,10.2,10.0,79.0,5.0
2018-06-09,1.5,18.2,28.0,73.0,1010.1,6.9,261.0,47.0,1.0
2018-06-10,0.0,19.4,28.8,76.0,1010.2,8.5,229.0,19.0,2.0
2018-06-11,0.0,21.3,27.9,81.0,1009.9,7.7,151.0,54.0,6.0
2018-06-12,5.9,18.6,25.0,83.0,1007.0,7.9,31.0,68.0,7.0
2018-06-13,6.5,18.1,24.4,83.0,1004.4,6.2,302.0,65.0,15.0
2018-06-14,0.2,20.0,25.0,63.0,1008.5,10.7,62.0,77.0,0.0
2018-06-15,0.0,18.5,25.0,59.0,1011.8,9.1,47.0,27.0,0.0
2018-06-16,0.0,19.3,27.0,58.0,1012.4,7.2,21.0,14.0,0.0
2018-06-17,0.0,19.8,28.1,61.0,1013.1,5.3,350.0,29.0,0.0
2018-06-18,0.0,20.9,28.6,60.0,1015.3,8.0,343.0,26.0,0.0
2018-06-19,0.0,21.2,28.2,56.0,1018.8,8.1,36.0,16.0,0.0
2018-06-20,0.0,22.5,28.4,59.0,1019.6,9.4,99.0,12.0,0.0
2018-06-21,0.0,20.8,28.9,68.0,1014.5,10.2,188.0,32.0,0.0
2018-06-22,11.4,19.2,23.8,73.0,1013.6,19.5,67.0,69.0,8.0
2018-06-23,0.0,16.4,22.0,60.0,1020.0,12.4,73.0,35.0,0.0
2018-06-24,0.1,16.2,23.1,65.0,1018.1,8.7,75.0,64.0,0.0
2018-06-25,11.3,15.9,22.4,76.0,1017.3,11.7,45.0,55.0,8.0
2018-06-26,0.0,16.4,24.5,61.0,1018.3,7.6,358.0,14.0,0.0
2018-06-27,0.0,17.5,24.6,65.0,1015.7,7.8,61.0,20.0,0.0
2018-06-28,0.0,15.9,25.2,63.0,1011.5,6.0,275.0,65.0,0.0
2018-06-29,0.0,17.7,27.5,62.0,1009.1,7.4,264.0,73.0,0.0
2018-06-30,0.0,19.9,27.4,75.0,1009.2,9.0,117.0,22.0,1.0
2018-07-01,0.2,19.5,24.8,66.0,1012.4,16.9,69.0,38.0,0.0
2018-07-02,0.0,20.7,25.0,64.0,1013.6,12.0,76.0,60.0,0.0
2018-07-03,0.1,20.4,26.9,78.0,1014.0,6.9,131.0,65.0,4.0
2018-07-04,0.5,20.8,27.9,74.0,1014.6,6.5,111.0,43.0,2.0
2018-07-05,0.7,20.5,26.7,78.0,1012.8,7.4,109.0,59.0,7.0
2018-07-06,0.0,19.0,28.4,70.0,1012.3,7.6,46.0,36.0,8.0
2018-07-07,0.1,20.4,28.2,70.0,1015.7,5.9,23.0,54.0,1.0
2018-07-08,1.3,19.5,27.5,67.0,1016.8,10.1,64.0,41.0,2.0
2018-07-09,0.0,19.3,27.7,69.0,1016.1,8.5,94.0,43.0,0.0
2018-07-10,0.0,19.9,27.3,66.0,1013.0,9.7,61.0,55.0,0.0
2018-07-11,8.8,18.3,22.4,84.0,1011.7,14.3,49.0,81.0,12.0
2018-07-12,0.1,18.5,25.1,78.0,1014.5,10.8,65.0,61.0,7.0
2018-07-13,2.4,19.4,27.0,78.0,1016.4,6.0,95.0,54.0,6.0
2018-07-14,0.0,20.9,27.9,72.0,1016.2,6.6,74.0,42.0,0.0
2018-07-15,2.9,20.7,28.7,74.0,1013.8,8.3,358.0,48.0,4.0
2018-07-16,5.4,20.3,27.0,74.0,1011.7,8.4,175.0,69.0,6.0
2018-07-17,1.6,19.5,27.9,78.0,1010.8,6.8,295.0,36.0,9.0
2018-07-18,0.0,20.2,29.3,75.0,1012.6,7.6,137.0,3.0,4.0
2018-07-19,0.0,22.4,29.2,74.0,1012.2,8.3,118.0,27.0,5.0
2018-07-20,1.2,22.6,28.6,79.0,1012.1,8.2,47.0,53.0,7.0
2018-07-21,5.7,20.2,27.5,74.0,1010.5,10.2,18.0,81.0,4.0
2018-07-22,0.9,19.9,27.9,76.0,1009.3,6.1,298.0,56.0,4.0
2018-07-23,1.1,19.8,28.9,67.0,1010.7,8.2,326.0,42.0,3.0
2018-07-24,0.0,20.0,30.2,65.0,1012.3,7.5,177.0,13.0,0.0
2018-07-25,0.0,22.4,31.0,61.0,1011.4,6.8,305.0,23.0,0.0
2018-07-26,0.2,22.7,30.2,64.0,1011.8,8.5,41.0,28.0,2.0
2018-07-27,0.0,20.7,30.3,62.0,1011.6,6.4,157.0,22.0,1.0
2018-07-28,0.0,21.4,30.2,69.0,1010.0,8.8,162.0,53.0,0.0
2018-07-29,0.0,23.5,31.0,69.0,1012.2,5.7,39.0,48.0,1.0
2018-07-30,0.0,23.5,32.9,65.0,1013.1,4.9,330.0,36.0,3.0
2018-07-31,0.0,25.3,32.4,65.0,1013.6,6.9,88.0,26.0,0.0
2018-08-01,0.2,24.3,34.2,65.0,1014.1,5.9,307.0,42.0,2.0
2018-08-02,0.1,25.1,32.2,65.0,1015.4,7.3,54.0,47.0,1.0
2018-08-03,0.0,23.7,32.4,63.0,1016.0,6.3,30.0,59.0,0.0
2018-08-04,0.0,25.7,32.0,57.0,1014.8,8.4,39.0,33.0,0.0
2018-08-05,0.0,25.2,33.0,62.0,1014.4,6.3,26.0,42.0,0.0
2018-08-06,0.0,25.6,31.7,65.0,1014.9,7.7,95.0,62.0,0.0
2018-08-07,0.0,24.2,31.0,69.0,1013.8,7.6,144.0,55.0,1.0
2018-08-08,0.0,23.8,30.5,75.0,1013.9,6.2,131.0,65.0,5.0
2018-08-09,0.1,23.7,30.5,74.0,1015.1,7.7,190.0,21.0,2.0
2018-08-10,1.0,22.1,30.2,72.0,1017.4,5.5,192.0,17.0,5.0
2018-08-11,0.1,24.0,30.1,65.0,1017.3,8.7,51.0,46.0,0.0
2018-08-12,0.0,24.2,29.3,56.0,1016.6,12.9,66.0,11.0,0.0
2018-08-13,5.4,21.6,28.8,76.0,1012.0,8.8,202.0,34.0,6.0
2018-08-14,0.5,20.6,26.1,81.0,1011.3,5.3,14.0,88.0,10.0
2018-08-15,0.0,21.1,29.8,59.0,1015.0,10.8,35.0,56.0,0.0
2018-08-16,0.0,22.5,29.6,50.0,1015.6,12.1,42.0,12.0,0.0
2018-08-17,0.0,21.9,29.4,53.0,1014.0,9.2,75.0,5.0,0.0
2018-08-18,0.0,21.1,31.0,60.0,1015.8,7.1,15.0,10.0,0.0
2018-08-19,0.0,23.6,32.3,49.0,1016.8,11.3,41.0,20.0,0.0
2018-08-20,0.0,24.3,32.4,46.0,1014.9,9.4,31.0,8.0,0.0
2018-08-21,0.0,24.9,32.8,45.0,1015.1,10.7,42.0,8.0,0.0
2018-08-22,0.0,24.3,32.1,52.0,1015.4,10.5,56.0,22.0,0.0
2018-08-23,0.0,24.2,32.5,52.0,1012.8,7.9,24.0,40.0,0.0
2018-08-24,1.3,22.4,29.6,67.0,1009.5,7.5,22.0,53.0,1.0
2018-08-25,36.6,19.3,26.1,77.0,1007.6,14.0,42.0,87.0,8.0
2018-08-26,51.1,13.9,20.2,77.0,1010.1,20.1,32.0,69.0,12.0
2018-08-27,0.0,14.8,23.8,60.0,1015.7,7.5,354.0,13.0,0.0
2018-08-28,0.0,16.5,27.5,59.0,1017.3,6.2,356.0,8.0,0.0
2018-08-29,0.0,18.2,26.6,64.0,1015.6,7.7,69.0,37.0,0.0
2018-08-30,0.1,19.5,27.5,71.0,1014.5,6.6,19.0,28.0,0.0
2018-08-31,18.3,18.5,25.2,74.0,1015.1,20.4,40.0,87.0,12.0
2018-09-01,26.0,18.2,22.6,86.0,1014.2,17.6,43.0,88.0,15.0
2018-09-02,27.1,16.5,23.8,80.0,1015.6,13.2,43.0,79.0,10.0
2018-09-03,1.5,16.6,24.1,78.0,1013.3,8.2,306.0,43.0,6.0
2018-09-04,0.0,17.1,24.3,81.0,1012.8,5.9,95.0,67.0,8.0
2018-09-05,0.0,18.0,25.4,82.0,1014.5,6.4,153.0,9.0,8.0
2018-09-06,3.2,18.6,25.8,88.0,1012.2,6.1,16.0,53.0,16.0
2018-09-07,11.2,18.7,23.2,89.0,1012.1,4.9,349.0,93.0,17.0
2018-09-08,0.0,17.8,26.0,78.0,1017.4,6.0,26.0,14.0,7.0
2018-09-09,0.0,18.2,26.1,77.0,1020.1,7.0,120.0,2.0,2.0
2018-09-10,0.0,18.3,26.3,84.0,1020.8,6.0,193.0,52.0,11.0
2018-09-11,0.0,19.5,26.4,86.0,1023.2,6.6,162.0,56.0,13.0
2018-09-12,0.0,19.2,26.2,85.0,1021.7,6.8,158.0,22.0,10.0
2018-09-13,0.0,20.3,26.2,88.0,1015.1,5.1,194.0,90.0,14.0
2018-09-14,0.9,20.2,26.1,89.0,1014.6,4.4,42.0,51.0,14.0
2018-09-15,0.2,19.6,26.1,79.0,1018.9,9.6,43.0,29.0,5.0
2018-09-16,0.0,19.7,26.3,74.0,1021.6,9.2,53.0,26.0,0.0
2018-09-17,0.0,19.0,25.8,80.0,1020.4,6.0,109.0,43.0,9.0
2018-09-18,0.0,19.2,26.0,83.0,1019.0,5.7,164.0,42.0,10.0
2018-09-19,0.0,19.9,26.4,84.0,1019.1,6.1,48.0,29.0,10.0
2018-09-20,0.0,20.1,27.7,71.0,1018.4,8.7,25.0,5.0,0.0
2018-09-21,0.0,19.8,26.6,71.0,1015.1,9.5,98.0,3.0,0.0
2018-09-22,3.4,16.3,25.5,83.0,1016.1,15.4,39.0,95.0,7.0
2018-09-23,0.5,16.6,23.8,76.0,1017.0,10.2,56.0,65.0,2.0
2018-09-24,0.2,16.4,22.3,62.0,1017.5,22.9,80.0,27.0,8.0
2018-09-25,0.0,13.8,19.8,41.0,1031.9,17.9,70.0,4.0,0.0
2018-09-26,0.0,10.8,17.2,48.0,1037.0,11.5,52.0,18.0,0.0
2018-09-27,0.0,9.3,21.6,59.0,1029.6,5.2,313.0,23.0,0.0
2018-09-28,0.0,10.7,25.8,59.0,1017.8,6.8,335.0,0.0,0.0
2018-09-29,0.0,17.4,23.5,47.0,1018.8,22.5,76.0,36.0,0.0
2018-09-30,0.0,13.1,19.3,50.0,1019.6,11.5,67.0,7.0,0.0
2018-10-01,5.0,12.1,16.9,71.0,1010.5,14.1,42.0,63.0,9.0
2018-10-02,2.3,12.4,19.4,56.0,1016.9,17.3,60.0,58.0,3.0
2018-10-03,0.0,10.5,19.2,62.0,1020.8,6.8,29.0,27.0,0.0
2018-10-04,0.0,13.8,21.5,58.0,1024.8,12.7,48.0,28.0,0.0
2018-10-05,0.7,13.3,22.6,56.0,1023.4,13.2,48.0,31.0,1.0
2018-10-06,21.2,14.5,18.3,88.0,1018.0,13.0,34.0,95.0,18.0
2018-10-07,8.4,15.4,20.4,91.0,1013.7,7.6,28.0,61.0,17.0
2018-10-08,0.1,14.7,22.3,88.0,1018.8,5.9,24.0,30.0,13.0
2018-10-09,0.0,15.7,22.4,77.0,1021.2,10.3,38.0,3.0,2.0
2018-10-10,0.0,16.5,22.8,69.0,1021.8,12.7,53.0,2.0,0.0
2018-10-11,0.0,15.4,22.0,68.0,1021.2,11.9,54.0,27.0,0.0
2018-10-12,0.0,14.8,22.3,73.0,1024.3,5.5,21.0,22.0,0.0
2018-10-13,0.0,14.7,22.7,68.0,1024.0,12.3,48.0,0.0,0.0
2018-10-14,0.0,15.0,21.5,65.0,1020.5,12.0,47.0,15.0,0.0
2018-10-15,1.4,14.6,20.2,69.0,1019.3,13.3,46.0,46.0,2.0
2018-10-16,0.0,14.7,21.0,72.0,1020.2,7.5,36.0,91.0,0.0
2018-10-17,4.2,14.9,19.2,81.0,1019.0,9.8,13.0,94.0,5.0
2018-10-18,0.0,14.7,22.6,78.0,1016.2,7.6,16.0,65.0,3.0
2018-10-19,0.0,15.8,22.6,66.0,1018.0,10.6,39.0,33.0,0.0
2018-10-20,0.0,14.1,20.5,72.0,1022.5,8.3,40.0,24.0,0.0
2018-10-21,10.1,11.0,18.0,76.0,1022.0,15.7,68.0,56.0,6.0
2018-10-22,0.0,9.8,19.3,60.0,1022.3,12.2,36.0,1.0,0.0
2018-10-23,0.0,9.1,18.8,63.0,1022.1,9.9,306.0,31.0,0.0
2018-10-24,0.0,8.6,17.5,78.0,1012.2,6.2,16.0,35.0,3.0
2018-10-25,0.0,12.6,18.9,79.0,1016.6,8.9,105.0,44.0,3.0
2018-10-26,0.8,13.8,17.1,84.0,1013.3,7.7,47.0,89.0,4.0
2018-10-27,3.9,13.3,19.7,91.0,1004.8,7.6,40.0,94.0,19.0
2018-10-28,5.8,16.3,20.0,80.0,1000.6,28.4,159.0,92.0,8.0
2018-10-29,20.3,14.1,20.3,87.0,999.6,28.9,124.0,76.0,20.0
2018-10-30,2.0,12.0,17.6,71.0,1006.6,16.1,197.0,53.0,8.0
2018-10-31,0.2,9.8,17.1,81.0,1020.8,12.2,36.0,61.0,5.0
2018-11-01,10.8,11.9,18.0,89.0,1018.5,18.4,54.0,92.0,16.0
2018-11-02,5.7,13.0,15.9,91.0,1019.0,15.3,31.0,99.0,16.0
2018-11-03,0.5,13.8,21.0,84.0,1021.1,11.8,36.0,82.0,6.0
2018-11-04,1.6,14.9,19.9,78.0,1017.3,14.8,53.0,85.0,3.0
2018-11-05,17.9,14.0,15.8,92.0,1015.7,17.6,47.0,93.0,21.0
2018-11-06,17.7,13.9,17.8,93.0,1016.0,13.6,47.0,81.0,19.0
2018-11-07,1.4,13.4,16.9,93.0,1016.5,11.7,43.0,77.0,20.0
2018-11-08,0.3,11.3,17.0,93.0,1020.4,4.9,12.0,46.0,19.0
2018-11-09,0.0,11.6,16.0,92.0,1019.1,4.8,358.0,82.0,15.0
2018-11-10,0.0,11.2,15.1,90.0,1017.1,4.5,320.0,56.0,14.0
2018-11-11,0.0,11.6,15.9,88.0,1019.7,7.5,21.0,54.0,11.0
2018-11-12,0.0,11.0,16.4,93.0,1025.1,5.7,260.0,83.0,18.0
2018-11-13,0.3,11.2,15.1,92.0,1027.0,7.2,239.0,92.0,16.0
2018-11-14,0.0,10.3,17.1,85.0,1028.1,7.4,25.0,16.0,11.0
2018-11-15,0.0,9.3,15.5,78.0,1026.2,9.7,29.0,26.0,0.0
2018-11-16,0.0,9.3,13.5,58.0,1027.4,20.1,52.0,4.0,0.0
2018-11-17,0.0,7.2,12.9,49.0,1026.3,22.6,55.0,4.0,0.0
2018-11-18,0.0,5.1,10.5,50.0,1021.7,19.2,56.0,7.0,0.0
2018-11-19,1.3,4.7,8.6,62.0,1011.6,22.6,48.0,69.0,2.0
2018-11-20,14.5,3.0,7.9,74.0,1007.1,27.2,37.0,100.0,12.0
2018-11-21,0.0,6.7,11.5,77.0,1013.2,5.5,357.0,89.0,0.0
2018-11-22,1.1,7.4,12.0,87.0,1019.3,5.6,15.0,81.0,10.0
2018-11-23,12.6,6.2,12.7,88.0,1022.3,9.7,32.0,95.0,16.0
2018-11-24,11.9,8.9,14.3,94.0,1014.9,9.4,30.0,70.0,23.0
2018-11-25,3.0,9.2,11.7,93.0,1008.1,10.4,15.0,94.0,21.0
2018-11-26,4.3,8.4,10.7,94.0,1000.5,5.5,1.0,100.0,24.0
2018-11-27,0.6,7.4,13.1,78.0,1007.9,10.4,40.0,56.0,3.0
2018-11-28,0.0,4.9,10.1,64.0,1020.4,11.0,57.0,20.0,0.0
2018-11-29,0.0,1.0,7.5,61.0,1026.8,12.8,37.0,47.0,0.0
2018-11-30,0.0,1.1,6.1,64.0,1021.8,10.4,30.0,87.0,0.0
2018-12-01,0.0,1.1,9.5,69.0,1019.8,6.6,336.0,58.0,0.0
2018-12-02,0.2,4.2,8.8,77.0,1018.6,6.7,272.0,89.0,1.0
2018-12-03,0.7,5.0,9.7,82.0,1014.7,4.9,344.0,77.0,3.0
2018-12-04,0.0,3.7,12.2,84.0,1015.1,5.8,312.0,22.0,5.0
2018-12-05,0.0,4.0,11.6,78.0,1025.1,12.6,37.0,56.0,2.0
2018-12-06,2.7,5.1,8.6,82.0,1023.8,9.8,30.0,80.0,11.0
2018-12-07,0.0,4.1,7.4,96.0,1021.1,4.0,306.0,96.0,24.0
2018-12-08,8.8,6.0,12.5,87.0,1012.4,9.9,263.0,50.0,13.0
2018-12-09,0.0,3.9,11.4,85.0,1008.7,7.5,339.0,29.0,12.0
2018-12-10,0.0,1.8,14.1,66.0,1013.2,10.0,354.0,60.0,5.0
2018-12-11,0.0,0.9,11.1,53.0,1018.0,9.8,348.0,2.0,0.0
2018-12-12,0.0,0.1,8.6,53.0,1019.5,7.1,347.0,0.0,0.0
2018-12-13,0.2,1.0,5.8,65.0,1016.9,20.2,38.0,66.0,0.0
2018-12-14,0.1,2.7,7.1,52.0,1016.7,23.7,51.0,38.0,0.0
2018-12-15,0.0,-1.9,6.2,63.0,1020.1,10.0,358.0,0.0,0.0
2018-12-16,0.0,-3.0,4.5,73.0,1019.9,7.6,20.0,71.0,0.0
2018-12-17,0.4,1.7,8.2,70.0,1020.4,11.1,12.0,85.0,0.0
2018-12-18,0.0,-1.1,7.3,79.0,1028.3,6.0,342.0,9.0,0.0
2018-12-19,0.0,-0.7,5.5,72.0,1024.8,8.1,8.0,78.0,0.0
2018-12-20,3.9,1.4,7.7,85.0,1022.4,11.3,335.0,62.0,9.0
2018-12-21,0.0,0.9,3.6,94.0,1025.7,6.0,271.0,90.0,21.0
2018-12-22,0.0,1.0,6.3,88.0,1021.6,4.7,331.0,83.0,10.0
2018-12-23,0.1,1.7,7.1,88.0,1023.2,6.6,307.0,90.0,10.0
2018-12-24,0.0,2.5,9.3,87.0,1018.7,8.7,350.0,59.0,11.0
2018-12-25,0.0,0.3,8.4,80.0,1029.3,6.1,357.0,45.0,5.0
2018-12-26,0.0,-0.1,3.8,90.0,1031.0,4.6,295.0,43.0,13.0
2018-12-27,0.0,-1.3,4.2,91.0,1028.1,5.0,295.0,46.0,18.0
2018-12-28,0.0,-2.2,3.9,91.0,1025.2,4.4,290.0,73.0,14.0
2018-12-29,0.0,-2.9,7.8,77.0,1026.7,4.4,339.0,12.0,1.0
2018-12-30,0.0,-0.8,9.0,76.0,1025.0,6.8,340.0,38.0,0.0
2018-12-31,0.0,0.3,9.7,81.0,1027.1,6.8,27.0,46.0,4.0
2019-01-01,0.0,1.3,8.0,81.0,1027.4,7.6,9.0,45.0,3.0
2019-01-02,0.0,-0.9,11.0,65.0,1020.0,10.1,337.0,26.0,9.0
2019-01-03,0.0,-1.2,7.5,43.0,1027.0,8.4,352.0,14.0,0.0
2019-01-04,0.0,-2.9,5.9,64.0,1029.3,8.5,306.0,24.0,0.0
2019-01-05,0.0,-2.8,4.1,77.0,1022.8,5.1,349.0,47.0,0.0
2019-01-06,0.0,-3.7,7.6,68.0,1020.2,5.1,327.0,19.0,0.0
2019-01-07,0.0,1.1,8.5,82.0,1026.7,7.9,62.0,65.0,5.0
2019-01-08,0.0,-1.4,6.5,81.0,1018.2,5.6,20.0,81.0,5.0
2019-01-09,0.0,-1.9,4.7,93.0,1006.8,6.3,314.0,80.0,17.0
2019-01-10,0.0,-0.3,7.8,55.0,1011.3,7.2,5.0,62.0,0.0
2019-01-11,0.4,-0.2,6.7,75.0,1019.9,7.4,65.0,39.0,2.0
2019-01-12,0.0,-2.6,4.1,78.0,1018.8,4.1,333.0,70.0,0.0
2019-01-13,0.0,-0.6,7.2,73.0,1010.7,7.3,321.0,76.0,0.0
2019-01-14,0.0,-0.6,10.1,72.0,1003.0,9.9,342.0,18.0,0.0
2019-01-15,0.0,-0.6,9.7,64.0,1016.7,8.5,10.0,25.0,0.0
2019-01-16,0.0,-1.9,6.9,78.0,1018.9,5.3,23.0,36.0,0.0
2019-01-17,1.9,1.2,6.9,90.0,1014.4,6.5,28.0,84.0,16.0
2019-01-18,4.8,4.8,8.0,79.0,1012.9,16.2,56.0,86.0,10.0
2019-01-19,0.0,1.9,6.2,57.0,1017.1,18.0,46.0,98.0,0.0
2019-01-20,0.0,-1.5,6.0,68.0,1015.6,6.6,19.0,34.0,0.0
2019-01-21,0.0,1.2,6.6,65.0,1017.1,15.0,40.0,82.0,0.0
2019-01-22,0.6,1.5,6.8,57.0,1009.7,19.1,48.0,95.0,1.0
2019-01-23,2.6,0.6,2.7,72.0,999.2,16.1,42.0,82.0,4.0
2019-01-24,0.0,1.1,9.3,56.0,1000.0,19.5,55.0,40.0,0.0
2019-01-25,0.0,0.3,7.3,52.0,1007.3,12.0,52.0,3.0,0.0
2019-01-26,0.0,-2.5,5.4,74.0,1011.3,6.8,51.0,67.0,1.0
2019-01-27,4.1,-1.6,5.7,78.0,1002.9,10.3,26.0,88.0,4.0
2019-01-28,2.7,0.1,6.1,89.0,995.7,8.4,333.0,91.0,17.0
2019-01-29,0.1,0.6,8.3,76.0,1005.1,9.8,3.0,47.0,0.0
2019-01-30,0.0,-0.0,5.6,71.0,1001.6,12.4,33.0,87.0,0.0
2019-01-31,0.6,1.6,7.3,77.0,1002.5,8.9,28.0,74.0,3.0
2019-02-01,14.4,2.3,11.9,92.0,1000.0,18.3,46.0,100.0,20.0
2019-02-02,24.2,7.1,12.0,93.0,996.7,16.5,140.0,99.0,22.0
2019-02-03,5.2,5.6,8.9,91.0,1002.9,8.2,36.0,92.0,18.0
2019-02-04,0.1,4.1,10.5,62.0,1023.1,15.0,42.0,43.0,3.0
2019-02-05,0.0,0.6,10.2,64.0,1025.2,11.0,16.0,0.0,0.0
2019-02-06,0.0,-0.1,10.2,71.0,1025.2,7.9,18.0,12.0,0.0
2019-02-07,0.0,-0.3,9.1,72.0,1020.5,6.4,345.0,46.0,0.0
2019-02-08,0.0,2.1,11.7,73.0,1019.8,5.7,39.0,58.0,1.0
2019-02-09,0.0,0.0,9.1,81.0,1020.0,6.8,82.0,62.0,4.0
2019-02-10,0.9,5.3,8.7,87.0,1016.0,7.7,38.0,98.0,12.0
2019-02-11,1.6,3.0,11.1,84.0,1009.0,10.1,296.0,77.0,11.0
2019-02-12,0.0,1.7,11.6,51.0,1024.1,12.9,339.0,19.0,0.0
2019-02-13,0.0,-0.3,9.7,73.0,1035.2,7.1,120.0,3.0,0.0
2019-02-14,0.0,-0.9,9.4,88.0,1035.3,4.5,330.0,34.0,13.0
2019-02-15,0.0,-0.2,11.3,80.0,1032.5,6.2,37.0,6.0,4.0
2019-02-16,0.0,0.1,11.0,79.0,1031.3,6.0,50.0,40.0,2.0
2019-02-17,0.0,-0.8,10.8,92.0,1027.8,4.3,243.0,36.0,15.0
2019-02-18,0.0,1.1,8.1,96.0,1024.3,4.1,53.0,78.0,23.0
2019-02-19,0.0,4.0,7.3,95.0,1022.6,4.5,55.0,81.0,20.0
2019-02-20,0.0,3.6,8.7,93.0,1024.5,4.5,134.0,82.0,19.0
2019-02-21,0.0,2.2,11.0,93.0,1027.2,5.4,236.0,59.0,17.0
2019-02-22,0.0,1.8,12.3,90.0,1025.0,6.0,355.0,46.0,14.0
2019-02-23,0.0,4.0,9.8,49.0,1034.5,17.1,97.0,17.0,0.0
2019-02-24,0.0,0.3,5.7,59.0,1037.0,10.4,62.0,46.0,0.0
2019-02-25,0.0,-0.6,12.3,68.0,1033.7,5.2,171.0,27.0,0.0
2019-02-26,0.0,2.9,15.1,74.0,1028.6,5.3,286.0,88.0,0.0
2019-02-27,0.0,5.7,16.9,74.0,1024.9,8.0,159.0,39.0,2.0
2019-02-28,0.0,4.0,14.5,74.0,1019.1,6.8,60.0,7.0,0.0
2019-03-01,0.0,5.0,12.5,82.0,1013.2,8.1,42.0,45.0,9.0
2019-03-02,0.0,3.8,10.9,93.0,1015.1,6.4,69.0,61.0,19.0
2019-03-03,0.0,4.0,12.1,87.0,1017.9,7.2,95.0,63.0,16.0
2019-03-04,0.7,5.1,11.0,91.0,1011.4,7.5,60.0,79.0,15.0
2019-03-05,0.0,3.6,13.0,90.0,1010.7,8.9,68.0,45.0,13.0
2019-03-06,0.0,5.6,13.4,89.0,1016.8,9.4,85.0,89.0,13.0
2019-03-07,0.8,7.4,12.7,87.0,1012.0,10.1,61.0,91.0,8.0
2019-03-08,0.0,6.4,15.0,84.0,1015.7,7.7,208.0,35.0,9.0
2019-03-09,0.0,5.0,15.5,83.0,1020.2,7.7,192.0,40.0,10.0
2019-03-10,0.0,4.7,13.7,87.0,1016.8,7.0,117.0,75.0,11.0
2019-03-11,0.5,6.1,15.2,83.0,1013.6,11.2,35.0,80.0,12.0
2019-03-12,0.0,3.0,14.7,42.0,1021.7,12.8,257.0,11.0,0.0
2019-03-13,0.0,2.9,10.2,67.0,1014.5,8.7,95.0,57.0,0.0
2019-03-14,0.0,1.5,11.7,83.0,1012.5,8.9,170.0,37.0,8.0
2019-03-15,0.0,3.6,11.8,80.0,1010.1,8.2,87.0,13.0,4.0
2019-03-16,0.0,5.5,13.8,85.0,1013.9,8.1,62.0,56.0,14.0
2019-03-17,0.0,7.9,14.3,86.0,1013.9,11.8,115.0,60.0,9.0
2019-03-18,6.7,6.3,11.6,82.0,1013.9,17.5,48.0,88.0,12.0
2019-03-19,0.0,6.2,12.2,56.0,1022.5,14.5,48.0,63.0,0.0
2019-03-20,0.0,4.8,13.2,48.0,1030.0,15.7,51.0,3.0,0.0
2019-03-21,0.0,5.6,15.1,46.0,1032.1,14.9,46.0,14.0,0.0
2019-03-22,0.0,5.4,16.1,56.0,1029.7,8.4,10.0,30.0,0.0
2019-03-23,0.0,7.6,18.5,59.0,1025.5,8.3,10.0,4.0,0.0
2019-03-24,0.0,7.2,19.0,69.0,1020.9,8.0,131.0,7.0,0.0
2019-03-25,4.9,7.4,15.4,76.0,1012.4,12.1,79.0,24.0,8.0
2019-03-26,1.6,6.6,14.0,57.0,1020.6,17.4,75.0,39.0,4.0
2019-03-27,0.0,6.3,13.3,53.0,1026.5,12.1,66.0,39.0,0.0
2019-03-28,0.0,5.5,14.1,57.0,1029.5,12.2,55.0,2.0,0.0
2019-03-29,0.0,4.9,16.0,60.0,1030.1,8.3,360.0,5.0,0.0
2019-03-30,0.0,4.9,16.6,70.0,1024.8,6.8,163.0,19.0,0.0
2019-03-31,0.0,4.6,19.2,69.0,1017.9,5.6,246.0,11.0,4.0
2019-04-01,0.0,8.9,20.2,54.0,1015.8,12.3,62.0,6.0,0.0
2019-04-02,0.0,11.5,18.5,61.0,1014.2,12.2,77.0,96.0,0.0
2019-04-03,5.1,11.3,14.8,79.0,1009.4,12.0,109.0,78.0,11.0
2019-04-04,19.5,9.9,15.3,87.0,1001.5,23.6,121.0,84.0,18.0
2019-04-05,22.7,8.7,13.7,87.0,1000.3,13.9,131.0,86.0,15.0
2019-04-06,0.1,9.6,14.2,83.0,1006.9,9.2,77.0,82.0,6.0
2019-04-07,0.3,7.7,14.6,84.0,1006.1,6.0,62.0,83.0,11.0
2019-04-08,6.0,7.2,13.5,86.0,1006.9,6.6,292.0,99.0,8.0
2019-04-09,1.5,7.3,17.1,81.0,1006.9,8.6,331.0,92.0,10.0
2019-04-10,4.5,9.7,17.9,82.0,1006.1,8.2,38.0,67.0,10.0
2019-04-11,19.1,11.6,14.0,87.0,1009.3,12.6,67.0,100.0,15.0
2019-04-12,0.9,10.1,12.7,71.0,1013.6,14.6,80.0,95.0,0.0
2019-04-13,0.7,8.9,12.9,71.0,1015.0,11.4,75.0,77.0,0.0
2019-04-14,0.4,9.5,13.8,63.0,1013.7,21.6,68.0,83.0,1.0
2019-04-15,0.1,8.8,17.4,63.0,1018.7,9.0,35.0,36.0,0.0
2019-04-16,0.0,9.0,16.3,63.0,1019.7,10.6,112.0,18.0,0.0
2019-04-17,0.0,7.2,18.0,72.0,1020.3,7.4,135.0,39.0,2.0
2019-04-18,0.0,11.3,18.7,59.0,1025.0,12.4,75.0,34.0,0.0
2019-04-19,0.0,11.6,18.8,58.0,1028.9,10.1,81.0,18.0,0.0
2019-04-20,0.0,10.1,20.8,63.0,1026.5,7.4,21.0,11.0,0.0
2019-04-21,0.0,11.1,18.8,68.0,1021.3,9.6,93.0,58.0,0.0
2019-04-22,1.8,10.9,17.2,77.0,1015.0,13.7,81.0,79.0,3.0
2019-04-23,33.0,12.8,15.4,92.0,1007.5,22.1,88.0,100.0,24.0
2019-04-24,9.2,13.7,18.2,88.0,1013.1,11.6,136.0,83.0,16.0
2019-04-25,0.3,12.7,18.6,90.0,1018.1,11.1,81.0,72.0,14.0
2019-04-26,14.0,11.5,17.2,91.0,1014.7,13.2,107.0,72.0,17.0
2019-04-27,1.8,9.2,17.4,83.0,1014.7,8.7,99.0,42.0,10.0
2019-04-28,16.7,7.6,13.8,86.0,1013.7,20.4,3.0,85.0,20.0
2019-04-29,12.7,8.2,13.2,78.0,1013.8,17.3,330.0,98.0,12.0
2019-04-30,0.4,8.9,16.7,70.0,1012.7,9.1,255.0,85.0,0.0
2019-05-01,0.0,8.4,18.0,75.0,1013.0,9.1,182.0,14.0,0.0
2019-05-02,0.0,10.5,18.2,77.0,1011.5,10.8,125.0,31.0,4.0
2019-05-03,5.3,11.7,17.4,83.0,1008.8,7.8,219.0,87.0,11.0
2019-05-04,13.4,11.3,15.5,90.0,1004.9,9.0,73.0,87.0,16.0
2019-05-05,33.7,6.4,12.2,83.0,1002.9,25.2,36.0,99.0,23.0
2019-05-06,1.9,7.0,16.0,69.0,1011.9,11.7,248.0,80.0,3.0
2019-05-07,0.7,8.0,14.1,74.0,1018.7,10.1,103.0,64.0,3.0
2019-05-08,3.5,9.8,15.6,80.0,1014.9,11.2,102.0,81.0,4.0
2019-05-09,9.4,11.7,17.2,84.0,1006.1,9.0,152.0,70.0,12.0
2019-05-10,0.7,12.3,16.8,86.0,1010.9,10.3,104.0,63.0,10.0
2019-05-11,3.9,12.8,17.3,89.0,1013.0,11.5,81.0,75.0,15.0
2019-05-12,38.6,10.3,13.5,87.0,1013.3,15.0,23.0,100.0,20.0
2019-05-13,1.3,11.4,18.4,56.0,1018.4,14.4,37.0,98.0,2.0
2019-05-14,0.2,9.0,14.8,52.0,1019.3,18.0,82.0,54.0,0.0
2019-05-15,3.8,7.7,14.6,81.0,1015.2,8.4,340.0,88.0,10.0
2019-05-16,0.0,9.9,16.4,72.0,1012.8,8.1,100.0,76.0,2.0
2019-05-17,0.0,11.1,16.3,76.0,1010.5,10.5,85.0,66.0,1.0
2019-05-18,14.3,12.2,16.9,84.0,1007.4,16.6,60.0,99.0,13.0
2019-05-19,14.9,13.4,15.9,90.0,1005.1,15.8,85.0,99.0,16.0
2019-05-20,8.4,12.8,17.7,88.0,1004.8,10.5,206.0,97.0,15.0
2019-05-21,3.7,12.9,17.7,86.0,1008.8,11.5,181.0,99.0,12.0
2019-05-22,0.6,13.7,18.8,89.0,1013.6,6.6,107.0,80.0,12.0
2019-05-23,0.0,13.7,19.8,86.0,1015.4,7.2,122.0,32.0,11.0
2019-05-24,0.3,13.7,22.0,85.0,1013.6,6.8,87.0,49.0,11.0
2019-05-25,2.6,15.6,22.0,87.0,1013.8,6.5,75.0,93.0,14.0
2019-05-26,0.0,15.4,21.1,81.0,1014.3,9.6,105.0,95.0,8.0
2019-05-27,8.7,15.7,18.3,86.0,1010.6,12.8,69.0,96.0,15.0
2019-05-28,33.9,14.3,20.0,89.0,1004.6,9.5,17.0,96.0,18.0
2019-05-29,22.0,12.1,15.4,86.0,1010.9,18.0,34.0,100.0,20.0
2019-05-30,1.9,13.1,18.8,78.0,1021.5,8.1,47.0,87.0,7.0
2019-05-31,0.0,12.7,22.9,71.0,1023.4,8.5,280.0,21.0,7.0
2019-06-01,0.0,14.2,25.9,69.0,1020.2,8.3,272.0,6.0,1.0
2019-06-02,0.0,16.2,25.3,78.0,1017.5,7.4,118.0,16.0,4.0
2019-06-03,0.0,17.6,24.2,79.0,1015.5,7.0,113.0,28.0,2.0
2019-06-04,0.0,17.8,25.7,80.0,1012.5,7.0,106.0,30.0,4.0
2019-06-05,0.5,17.0,22.6,88.0,1010.3,9.8,92.0,40.0,12.0
2019-06-06,0.3,18.3,23.0,83.0,1011.6,14.1,97.0,36.0,11.0
2019-06-07,0.0,17.3,23.2,83.0,1016.4,10.1,109.0,27.0,10.0
2019-06-08,0.0,17.7,24.9,80.0,1019.0,8.5,98.0,16.0,5.0
2019-06-09,0.0,19.0,26.3,76.0,1020.0,9.0,60.0,49.0,9.0
2019-06-10,0.0,20.4,26.7,75.0,1012.9,10.0,61.0,74.0,1.0
2019-06-11,0.0,21.0,26.0,76.0,1008.6,12.4,78.0,43.0,0.0
2019-06-12,0.1,20.6,26.4,77.0,1009.4,13.8,54.0,32.0,0.0
2019-06-13,0.0,19.9,28.0,71.0,1013.4,8.7,226.0,28.0,7.0
2019-06-14,0.0,17.9,26.3,70.0,1016.8,7.9,82.0,37.0,1.0
2019-06-15,0.0,20.7,27.1,76.0,1012.9,8.9,106.0,70.0,1.0
2019-06-16,0.1,19.7,30.1,75.0,1012.3,7.5,216.0,3.0,3.0
2019-06-17,0.0,23.4,28.0,55.0,1015.1,15.1,65.0,39.0,0.0
2019-06-18,0.0,21.2,27.8,66.0,1014.6,8.7,66.0,22.0,1.0
2019-06-19,0.0,20.6,28.4,74.0,1012.2,7.8,122.0,38.0,1.0
2019-06-20,0.1,21.2,27.6,79.0,1011.4,8.2,70.0,28.0,3.0
2019-06-21,0.2,20.9,28.6,75.0,1013.6,8.3,43.0,37.0,5.0
2019-06-22,8.6,21.1,26.0,74.0,1014.2,13.1,31.0,80.0,12.0
2019-06-23,0.0,19.0,26.9,79.0,1014.0,7.7,133.0,19.0,5.0
2019-06-24,0.0,20.9,27.8,72.0,1018.0,7.1,130.0,11.0,1.0
2019-06-25,0.0,21.9,30.2,68.0,1020.8,6.9,13.0,6.0,0.0
2019-06-26,0.0,24.6,31.0,68.0,1021.6,7.9,94.0,3.0,0.0
2019-06-27,0.0,23.7,32.6,71.0,1017.2,7.8,174.0,9.0,0.0
2019-06-28,0.0,25.9,30.9,59.0,1015.0,11.4,90.0,16.0,0.0
2019-06-29,0.0,24.1,28.3,56.0,1018.5,10.3,87.0,14.0,0.0
2019-06-30,0.0,22.8,29.6,61.0,1018.6,10.4,116.0,11.0,0.0
2019-07-01,0.0,21.4,28.6,70.0,1016.7,9.3,131.0,19.0,3.0
2019-07-02,0.0,22.7,30.7,70.0,1014.1,6.3,74.0,37.0,1.0
2019-07-03,0.0,23.7,31.5,55.0,1014.5,12.3,40.0,60.0,0.0
2019-07-04,0.0,21.3,29.0,59.0,1016.7,11.5,66.0,35.0,0.0
2019-07-05,0.0,21.9,28.4,67.0,1014.7,10.5,116.0,21.0,0.0
2019-07-06,0.1,23.0,28.9,76.0,1011.4,10.9,114.0,29.0,1.0
2019-07-07,0.8,21.5,28.8,79.0,1008.4,10.0,72.0,55.0,4.0
2019-07-08,7.0,20.9,27.3,77.0,1010.8,10.7,35.0,44.0,5.0
2019-07-09,4.0,19.7,25.0,75.0,1011.6,14.7,60.0,94.0,3.0
2019-07-10,0.6,19.7,25.4,60.0,1012.1,19.9,71.0,36.0,1.0
2019-07-11,3.4,18.5,24.9,64.0,1013.8,9.7,103.0,80.0,2.0
2019-07-12,4.0,17.5,25.3,78.0,1011.9,8.0,118.0,44.0,8.0
2019-07-13,2.6,18.8,25.2,81.0,1010.3,9.4,55.0,36.0,10.0
2019-07-14,0.0,17.1,25.2,73.0,1011.6,6.7,62.0,11.0,2.0
2019-07-15,0.0,20.1,24.4,61.0,1010.9,14.0,51.0,94.0,0.0
2019-07-16,0.0,19.0,27.3,53.0,1013.0,10.0,0.0,8.0,0.0
2019-07-17,0.0,18.3,27.4,67.0,1011.9,10.7,167.0,60.0,0.0
2019-07-18,0.2,20.6,27.0,70.0,1011.6,8.2,46.0,79.0,0.0
2019-07-19,0.0,19.8,27.3,69.0,1014.8,8.4,128.0,50.0,0.0
2019-07-20,0.0,21.5,26.7,79.0,1017.0,9.4,133.0,35.0,6.0
2019-07-21,0.0,22.0,27.9,78.0,1018.5,9.1,102.0,52.0,3.0
2019-07-22,0.0,22.9,29.7,72.0,1020.4,7.8,94.0,80.0,1.0
2019-07-23,0.0,22.6,30.3,67.0,1018.4,7.3,139.0,29.0,0.0
2019-07-24,0.0,22.4,31.4,65.0,1015.8,9.3,156.0,3.0,0.0
2019-07-25,0.0,24.0,31.8,67.0,1015.1,7.9,139.0,32.0,3.0
2019-07-26,0.0,25.4,30.9,75.0,1010.0,8.2,118.0,74.0,2.0
2019-07-27,3.9,21.4,28.2,82.0,1004.0,11.3,49.0,70.0,8.0
2019-07-28,29.8,19.0,21.8,92.0,997.9,17.0,20.0,99.0,21.0
2019-07-29,1.3,20.6,27.3,84.0,1004.6,5.5,111.0,69.0,11.0
2019-07-30,1.6,22.6,28.3,83.0,1009.6,7.9,31.0,40.0,7.0
2019-07-31,0.8,22.5,29.0,83.0,1011.3,6.1,27.0,31.0,11.0
2019-08-01,0.0,21.2,27.5,80.0,1013.3,10.2,73.0,37.0,4.0
2019-08-02,2.8,21.0,26.3,81.0,1011.0,12.4,24.0,83.0,8.0
2019-08-03,0.0,18.8,27.2,75.0,1011.6,7.9,350.0,12.0,8.0
2019-08-04,0.0,19.8,26.5,73.0,1014.4,9.0,60.0,34.0,0.0
2019-08-05,0.0,21.1,26.7,74.0,1014.9,8.5,89.0,53.0,3.0
2019-08-06,0.0,21.3,26.9,78.0,1013.9,8.5,77.0,59.0,1.0
2019-08-07,0.0,21.1,26.9,80.0,1011.3,10.5,60.0,86.0,0.0
2019-08-08,3.5,20.8,28.5,80.0,1010.9,8.0,44.0,49.0,8.0
2019-08-09,0.0,22.1,28.4,76.0,1013.7,9.0,87.0,13.0,2.0
2019-08-10,0.0,23.0,28.6,83.0,1013.7,8.4,122.0,15.0,8.0
2019-08-11,0.0,24.2,30.3,78.0,1014.1,8.9,73.0,2.0,4.0
2019-08-12,0.0,23.6,30.2,76.0,1011.3,9.3,46.0,37.0,1.0
2019-08-13,6.7,21.3,30.9,72.0,1010.4,9.9,24.0,53.0,7.0
2019-08-14,2.4,19.4,26.8,58.0,1013.4,17.5,58.0,60.0,4.0
2019-08-15,0.1,19.8,25.2,63.0,1015.5,10.5,61.0,39.0,0.0
2019-08-16,1.8,17.8,26.4,68.0,1015.9,8.1,35.0,34.0,4.0
2019-08-17,0.0,18.7,26.3,65.0,1016.1,8.6,114.0,55.0,0.0
2019-08-18,0.0,20.0,26.9,78.0,1015.0,9.2,121.0,8.0,6.0
2019-08-19,0.0,21.8,27.6,80.0,1015.5,8.7,84.0,19.0,8.0
2019-08-20,0.0,22.4,29.6,74.0,1016.5,8.6,90.0,24.0,6.0
2019-08-21,3.2,22.8,32.3,66.0,1017.6,14.8,41.0,64.0,6.0
2019-08-22,0.3,22.0,28.0,58.0,1020.3,13.4,53.0,78.0,1.0
2019-08-23,6.7,22.0,27.7,68.0,1020.4,14.4,40.0,97.0,5.0
2019-08-24,4.8,21.8,28.7,70.0,1018.6,12.7,32.0,64.0,3.0
2019-08-25,0.0,21.9,28.8,66.0,1017.1,8.9,34.0,38.0,0.0
2019-08-26,0.0,23.0,29.5,65.0,1017.1,10.7,42.0,24.0,0.0
2019-08-27,0.0,22.7,29.6,68.0,1017.0,8.6,56.0,34.0,0.0
2019-08-28,0.0,22.9,29.0,72.0,1016.6,7.0,64.0,94.0,0.0
2019-08-29,0.0,21.9,29.4,76.0,1016.5,5.5,234.0,64.0,2.0
2019-08-30,0.6,23.7,30.9,60.0,1018.0,14.0,38.0,45.0,1.0
2019-08-31,2.2,22.6,30.2,61.0,1015.8,14.2,10.0,84.0,3.0
2019-09-01,1.0,22.2,30.7,64.0,1011.6,6.6,333.0,60.0,2.0
2019-09-02,7.8,20.2,28.7,66.0,1012.5,14.6,5.0,71.0,3.0
2019-09-03,6.5,19.6,25.6,58.0,1019.3,20.9,76.0,18.0,3.0
2019-09-04,0.0,18.3,26.4,51.0,1018.3,10.5,53.0,3.0,0.0
2019-09-05,0.0,17.7,27.2,58.0,1012.3,9.6,50.0,6.0,0.0
2019-09-06,7.4,16.3,23.4,63.0,1014.8,24.7,50.0,77.0,11.0
2019-09-07,9.9,16.3,22.3,79.0,1014.2,9.7,21.0,65.0,9.0
2019-09-08,46.9,15.8,18.5,90.0,1012.3,16.3,38.0,76.0,20.0
2019-09-09,1.3,14.1,21.3,76.0,1012.0,10.5,1.0,33.0,5.0
2019-09-10,0.3,16.0,23.3,70.0,1016.7,13.2,46.0,56.0,1.0
2019-09-11,0.0,16.2,25.0,63.0,1020.2,10.4,19.0,30.0,0.0
2019-09-12,0.0,16.8,26.2,67.0,1026.7,7.2,2.0,3.0,0.0
2019-09-13,0.0,18.0,25.1,68.0,1028.9,7.6,56.0,2.0,0.0
2019-09-14,0.0,17.6,26.0,73.0,1027.5,6.9,13.0,19.0,2.0
2019-09-15,0.0,18.8,24.8,76.0,1024.1,8.3,84.0,14.0,0.0
2019-09-16,0.0,18.0,25.5,80.0,1018.3,6.9,175.0,6.0,4.0
2019-09-17,0.1,19.2,24.5,87.0,1014.1,7.3,111.0,37.0,12.0
2019-09-18,7.8,16.5,21.7,85.0,1015.8,17.1,59.0,82.0,17.0
2019-09-19,1.4,15.5,22.6,48.0,1020.0,23.4,62.0,65.0,2.0
2019-09-20,0.0,15.2,19.5,51.0,1025.5,14.2,50.0,39.0,0.0
2019-09-21,0.0,13.0,20.1,54.0,1024.1,9.6,48.0,21.0,0.0
2019-09-22,2.3,13.4,19.1,74.0,1018.5,8.7,40.0,82.0,3.0
2019-09-23,4.5,13.6,18.1,85.0,1013.1,6.3,314.0,91.0,15.0
2019-09-24,0.0,15.6,23.1,77.0,1012.6,8.2,221.0,60.0,2.0
2019-09-25,17.6,14.7,21.4,88.0,1010.1,8.6,35.0,67.0,15.0
2019-09-26,2.2,13.7,21.6,76.0,1013.9,6.9,90.0,30.0,7.0
2019-09-27,0.0,14.9,21.7,81.0,1016.8,6.2,83.0,61.0,6.0
2019-09-28,1.0,17.4,22.6,89.0,1015.9,9.2,73.0,58.0,16.0
2019-09-29,0.1,17.0,23.2,84.0,1014.4,10.5,76.0,30.0,9.0
2019-09-30,0.0,17.5,23.4,78.0,1010.2,8.6,216.0,18.0,5.0
2019-10-01,0.7,18.5,22.8,89.0,1011.2,11.2,72.0,43.0,15.0
2019-10-02,3.9,16.0,21.0,89.0,1004.4,7.9,25.0,76.0,17.0
2019-10-03,7.9,13.1,17.9,66.0,1011.6,15.9,59.0,42.0,7.0
2019-10-04,0.0,12.2,17.3,64.0,1013.8,8.5,54.0,67.0,0.0
2019-10-05,0.0,11.7,18.8,71.0,1009.7,9.3,53.0,40.0,0.0
2019-10-06,0.8,13.5,18.4,68.0,1014.4,14.3,42.0,72.0,2.0
2019-10-07,0.4,13.2,18.7,59.0,1012.9,19.4,56.0,66.0,1.0
2019-10-08,0.0,11.7,17.4,61.0,1019.3,10.2,56.0,30.0,0.0
2019-10-09,0.8,11.8,19.0,78.0,1016.3,8.6,21.0,52.0,1.0
2019-10-10,0.0,14.2,19.7,83.0,1015.5,7.7,11.0,60.0,10.0
2019-10-11,0.0,12.9,19.5,73.0,1022.7,10.0,39.0,11.0,0.0
2019-10-12,0.0,11.1,18.9,85.0,1023.2,6.4,204.0,35.0,12.0
2019-10-13,0.8,13.0,17.8,91.0,1023.2,5.3,113.0,95.0,16.0
2019-10-14,0.0,13.4,19.2,92.0,1021.4,5.3,161.0,81.0,16.0
2019-10-15,4.3,16.4,20.3,90.0,1015.1,11.6,124.0,74.0,17.0
2019-10-16,4.3,14.6,20.2,88.0,1014.5,8.7,188.0,18.0,15.0
2019-10-17,0.3,13.4,19.4,88.0,1018.5,7.2,68.0,50.0,15.0
2019-10-18,0.4,13.0,19.3,86.0,1017.3,6.3,209.0,63.0,10.0
2019-10-19,1.3,15.1,19.9,89.0,1016.1,8.2,58.0,60.0,15.0
2019-10-20,0.0,15.4,20.6,88.0,1017.9,9.2,67.0,42.0,14.0
2019-10-21,0.3,17.2,21.3,92.0,1021.5,12.2,59.0,61.0,16.0
2019-10-22,0.0,14.9,21.4,91.0,1022.4,4.4,357.0,49.0,15.0
2019-10-23,0.0,14.0,20.8,92.0,1019.6,6.0,212.0,52.0,18.0
2019-10-24,0.4,14.6,20.2,91.0,1016.4,8.2,51.0,88.0,16.0
2019-10-25,0.0,13.7,22.1,81.0,1018.9,6.8,13.0,59.0,10.0
2019-10-26,0.0,12.9,21.3,72.0,1022.4,7.6,351.0,0.0,2.0
2019-10-27,0.0,11.0,17.4,91.0,1020.5,3.5,344.0,43.0,14.0
2019-10-28,0.0,12.1,18.6,90.0,1016.5,5.4,18.0,86.0,14.0
2019-10-29,10.7,12.2,15.0,92.0,1015.7,13.8,37.0,92.0,20.0
2019-10-30,0.0,11.3,14.9,60.0,1021.0,20.8,56.0,99.0,0.0
2019-10-31,0.0,8.7,13.9,62.0,1021.2,18.4,52.0,80.0,0.0
2019-11-01,0.3,7.4,14.1,65.0,1018.6,11.1,39.0,39.0,1.0
2019-11-02,4.1,10.1,11.3,81.0,1009.3,7.8,21.0,100.0,12.0
2019-11-03,25.3,11.0,15.8,94.0,996.1,10.5,25.0,99.0,24.0
2019-11-04,0.9,10.4,16.2,88.0,996.5,8.6,280.0,64.0,12.0
2019-11-05,5.2,11.9,17.6,90.0,997.7,9.6,345.0,58.0,18.0
2019-11-06,4.1,8.5,14.4,87.0,1002.3,6.2,334.0,69.0,12.0
2019-11-07,0.1,8.0,13.9,85.0,1007.2,7.0,35.0,49.0,11.0
2019-11-08,19.7,9.1,11.2,90.0,1004.2,17.7,30.0,99.0,16.0
2019-11-09,7.4,8.4,13.2,84.0,1007.7,10.6,326.0,74.0,8.0
2019-11-10,0.0,7.0,14.2,68.0,1010.1,9.2,13.0,14.0,0.0
2019-11-11,7.5,7.3,10.0,82.0,1013.6,16.7,31.0,99.0,6.0
2019-11-12,38.6,9.3,11.2,89.0,1001.5,26.3,36.0,100.0,20.0
2019-11-13,7.1,7.2,12.7,81.0,998.1,14.8,20.0,69.0,8.0
2019-11-14,0.7,7.3,12.8,67.0,1008.1,17.4,40.0,54.0,1.0
2019-11-15,41.7,8.2,15.9,87.0,1003.5,22.8,123.0,99.0,21.0
2019-11-16,8.7,7.9,13.7,87.0,1010.4,10.7,30.0,73.0,15.0
2019-11-17,39.1,9.4,16.6,89.0,1004.3,21.8,93.0,100.0,16.0
2019-11-18,11.3,6.4,13.0,81.0,1011.9,10.5,23.0,50.0,5.0
2019-11-19,36.5,8.7,12.4,92.0,1015.5,21.4,36.0,97.0,21.0
2019-11-20,5.1,9.9,14.4,87.0,1012.6,11.2,0.0,98.0,10.0
2019-11-21,0.0,6.1,12.1,90.0,1012.4,4.7,274.0,78.0,15.0
2019-11-22,9.2,8.6,12.6,92.0,1013.4,12.8,39.0,79.0,18.0
2019-11-23,10.1,9.8,14.2,93.0,1009.5,15.6,44.0,98.0,24.0
2019-11-24,31.6,11.8,14.4,93.0,1007.7,21.7,54.0,100.0,22.0
2019-11-25,0.0,10.4,17.7,74.0,1008.2,13.2,38.0,24.0,1.0
2019-11-26,0.0,7.4,13.7,82.0,1009.4,9.5,39.0,46.0,2.0
2019-11-27,10.5,7.7,11.3,90.0,1006.0,9.0,30.0,94.0,15.0
2019-11-28,0.0,9.0,12.9,91.0,1003.4,7.4,270.0,68.0,15.0
2019-11-29,0.2,6.5,12.1,92.0,1008.2,5.1,338.0,69.0,20.0
2019-11-30,1.6,5.2,12.0,86.0,1017.8,10.4,35.0,51.0,13.0
2019-12-01,0.7,7.1,9.5,65.0,1020.8,16.3,43.0,92.0,1.0
2019-12-02,8.7,8.1,12.1,86.0,1015.9,12.3,49.0,97.0,14.0
2019-12-03,0.0,5.7,9.1,59.0,1024.8,18.4,59.0,36.0,0.0
2019-12-04,0.0,2.1,8.2,66.0,1026.3,13.6,33.0,3.0,0.0
2019-12-05,0.0,1.1,8.5,66.0,1026.0,11.1,23.0,13.0,0.0
2019-12-06,0.0,3.2,9.0,73.0,1024.3,6.9,336.0,58.0,0.0
2019-12-07,0.0,2.0,8.4,85.0,1019.4,4.3,305.0,42.0,10.0
2019-12-08,0.0,1.0,9.2,82.0,1019.6,5.7,332.0,36.0,1.0
2019-12-09,1.2,3.8,8.4,88.0,1009.5,7.2,348.0,71.0,8.0
2019-12-10,0.0,2.8,11.3,71.0,1016.3,11.6,13.0,9.0,3.0
2019-12-11,0.0,-0.3,7.5,55.0,1017.6,11.0,14.0,30.0,0.0
2019-12-12,3.2,-0.8,4.3,75.0,1005.8,12.5,1.0,99.0,9.0
2019-12-13,11.0,-1.0,4.3,92.0,992.4,15.5,354.0,86.0,21.0
2019-12-14,0.0,1.1,8.6,82.0,1000.7,6.1,315.0,13.0,5.0
2019-12-15,0.0,2.6,10.3,73.0,1014.2,8.3,9.0,46.0,0.0
2019-12-16,0.3,3.0,11.2,83.0,1020.4,6.2,13.0,71.0,2.0
2019-12-17,0.6,6.7,12.5,94.0,1020.0,8.9,25.0,90.0,22.0
2019-12-18,0.1,8.8,14.4,97.0,1022.4,9.1,32.0,87.0,24.0
2019-12-19,3.7,9.9,13.9,96.0,1020.5,13.1,39.0,98.0,24.0
2019-12-20,8.9,9.1,12.7,95.0,1010.2,10.6,168.0,97.0,24.0
2019-12-21,24.1,7.7,14.6,89.0,994.5,18.0,190.0,72.0,15.0
2019-12-22,27.5,5.6,10.1,91.0,989.2,14.2,1.0,77.0,19.0
2019-12-23,0.1,4.7,14.2,81.0,1001.4,8.9,306.0,59.0,12.0
2019-12-24,1.9,2.7,10.2,70.0,1014.1,7.1,321.0,37.0,4.0
2019-12-25,0.0,1.2,9.6,88.0,1015.0,6.0,2.0,17.0,8.0
2019-12-26,0.0,2.7,11.5,70.0,1021.8,9.0,17.0,32.0,1.0
2019-12-27,0.0,5.1,10.9,78.0,1022.8,11.8,31.0,52.0,0.0
2019-12-28,0.0,3.8,10.1,75.0,1031.3,8.7,66.0,46.0,0.0
2019-12-29,0.0,2.2,6.2,74.0,1035.2,8.8,40.0,39.0,0.0
2019-12-30,0.0,-2.1,5.3,74.0,1036.6,7.1,360.0,8.0,0.0
2019-12-31,0.0,-0.8,5.8,88.0,1030.9,5.1,291.0,41.0,11.0
2020-01-01,0.0,-1.7,9.3,74.0,1031.6,8.3,22.0,0.0,1.0
2020-01-02,0.0,-1.3,9.3,80.0,1032.3,6.8,303.0,11.0,3.0
2020-01-03,0.0,0.5,6.0,93.0,1027.9,3.5,316.0,77.0,17.0
2020-01-04,0.0,-1.3,8.7,85.0,1023.6,5.8,305.0,29.0,5.0
2020-01-05,0.0,0.7,10.8,62.0,1028.0,8.8,19.0,9.0,1.0
2020-01-06,0.0,0.8,7.3,79.0,1032.3,6.0,23.0,43.0,3.0
2020-01-07,0.1,-1.7,5.4,88.0,1027.8,5.2,315.0,33.0,6.0
2020-01-08,0.0,-0.8,8.4,73.0,1030.8,6.4,338.0,5.0,0.0
2020-01-09,0.0,-0.9,7.8,82.0,1027.6,5.4,270.0,37.0,4.0
2020-01-10,0.0,-1.3,6.5,90.0,1025.0,3.2,359.0,50.0,14.0
2020-01-11,0.0,-1.0,11.4,76.0,1028.2,8.5,12.0,1.0,0.0
2020-01-12,0.0,0.5,8.6,77.0,1029.3,8.7,14.0,3.0,0.0
2020-01-13,0.0,-0.5,8.8,74.0,1026.5,8.1,17.0,65.0,0.0
2020-01-14,0.0,0.4,5.9,87.0,1026.0,4.7,283.0,65.0,8.0
2020-01-15,0.0,1.4,6.4,79.0,1028.9,5.0,345.0,79.0,1.0
2020-01-16,0.0,-0.0,9.0,81.0,1030.5,5.7,344.0,29.0,0.0
2020-01-17,0.0,-0.7,10.4,79.0,1025.6,4.8,302.0,28.0,1.0
2020-01-18,8.4,3.3,6.7,92.0,1023.0,9.4,26.0,97.0,20.0
2020-01-19,0.1,4.1,9.6,78.0,1028.1,9.0,38.0,76.0,6.0
2020-01-20,0.0,2.6,9.6,49.0,1040.5,16.5,53.0,52.0,0.0
2020-01-21,0.0,-0.5,8.0,63.0,1042.1,10.3,14.0,34.0,0.0
2020-01-22,0.0,-1.9,6.1,84.0,1034.4,5.6,307.0,55.0,1.0
2020-01-23,0.0,0.0,8.8,76.0,1031.5,10.1,28.0,6.0,2.0
2020-01-24,0.3,-2.0,6.6,77.0,1028.0,4.4,6.0,21.0,0.0
2020-01-25,0.2,2.2,7.8,76.0,1024.5,6.8,343.0,96.0,1.0
2020-01-26,1.7,5.0,9.7,93.0,1021.4,4.6,275.0,94.0,19.0
2020-01-27,0.0,3.3,7.0,96.0,1019.0,5.0,302.0,96.0,23.0
2020-01-28,0.1,5.1,9.8,90.0,1008.1,10.7,270.0,80.0,18.0
2020-01-29,0.0,1.4,10.9,89.0,1008.9,6.8,322.0,27.0,13.0
2020-01-30,0.0,2.2,10.7,83.0,1018.5,8.1,30.0,51.0,10.0
2020-01-31,0.0,2.9,7.5,95.0,1019.1,3.7,289.0,85.0,21.0
2020-02-01,0.2,4.1,8.8,86.0,1018.6,5.3,42.0,80.0,8.0
2020-02-02,0.0,3.9,8.7,92.0,1018.2,3.5,13.0,79.0,20.0
2020-02-03,0.2,4.8,10.1,90.0,1016.3,5.9,19.0,88.0,17.0
2020-02-04,0.5,4.4,13.2,76.0,1007.4,8.0,326.0,70.0,13.0
2020-02-05,0.0,4.1,12.6,36.0,1017.9,18.7,329.0,1.0,0.0
2020-02-06,0.0,0.1,9.1,55.0,1028.8,8.6,330.0,1.0,0.0
2020-02-07,0.0,-0.7,9.6,72.0,1026.8,6.7,9.0,2.0,0.0
2020-02-08,0.0,1.8,10.0,67.0,1028.7,9.4,38.0,18.0,0.0
2020-02-09,0.0,-0.4,8.6,79.0,1029.5,6.1,322.0,44.0,4.0
2020-02-10,0.5,5.4,10.1,88.0,1016.1,6.9,316.0,74.0,5.0
2020-02-11,0.0,2.6,11.4,86.0,1007.6,6.1,14.0,21.0,13.0
2020-02-12,0.0,2.6,11.9,86.0,1016.2,8.4,56.0,20.0,11.0
2020-02-13,0.0,3.1,11.4,84.0,1019.3,9.6,44.0,54.0,9.0
2020-02-14,4.5,4.4,14.4,83.0,1016.9,8.8,314.0,25.0,9.0
2020-02-15,0.0,3.5,12.1,79.0,1027.5,7.8,49.0,44.0,2.0
2020-02-16,0.0,2.8,11.7,83.0,1028.3,5.3,30.0,69.0,3.0
2020-02-17,0.3,5.2,9.2,92.0,1025.3,4.6,112.0,88.0,18.0
2020-02-18,0.3,6.7,12.5,91.0,1023.5,5.8,63.0,58.0,16.0
2020-02-19,0.1,5.1,12.5,81.0,1020.7,8.0,9.0,42.0,10.0
2020-02-20,0.0,2.0,10.4,64.0,1024.6,7.8,77.0,2.0,0.0
2020-02-21,0.0,1.6,12.0,79.0,1024.4,7.5,39.0,12.0,4.0
2020-02-22,0.0,4.3,12.2,69.0,1031.1,10.3,87.0,40.0,0.0
2020-02-23,0.0,2.1,10.6,90.0,1025.9,4.5,135.0,82.0,12.0
2020-02-24,0.0,6.5,12.4,85.0,1019.7,11.1,50.0,67.0,5.0
2020-02-25,0.8,5.2,12.8,92.0,1010.5,6.2,195.0,76.0,19.0
2020-02-26,0.4,6.1,14.3,77.0,998.6,15.6,337.0,66.0,10.0
2020-02-27,0.0,1.2,11.6,65.0,1007.5,10.4,193.0,48.0,1.0
2020-02-28,0.0,0.8,14.2,52.0,1012.7,13.0,350.0,5.0,0.0
2020-02-29,0.0,2.9,11.0,62.0,1016.3,8.1,32.0,92.0,0.0
2020-03-01,17.6,7.2,10.2,93.0,1006.7,8.9,12.0,97.0,21.0
2020-03-02,17.2,5.9,11.7,90.0,999.7,16.9,134.0,68.0,18.0
2020-03-03,8.1,7.1,11.5,87.0,997.1,13.0,97.0,69.0,14.0
2020-03-04,0.1,5.0,11.2,68.0,1010.4,10.9,61.0,48.0,0.0
2020-03-05,1.4,3.6,10.7,80.0,1010.4,7.6,51.0,74.0,3.0
2020-03-06,18.0,3.3,11.5,85.0,999.6,17.6,9.0,86.0,14.0
2020-03-07,2.3,6.2,13.3,78.0,1010.7,6.9,13.0,59.0,9.0
2020-03-08,0.0,4.7,11.1,61.0,1020.2,9.6,72.0,3.0,0.0
2020-03-09,0.0,4.3,11.5,78.0,1014.6,6.3,7.0,92.0,0.0
2020-03-10,0.0,3.8,12.4,82.0,1017.0,6.0,78.0,60.0,9.0
2020-03-11,0.0,5.0,13.2,84.0,1018.6,7.8,69.0,10.0,11.0
2020-03-12,0.0,5.6,13.9,83.0,1019.5,7.5,110.0,53.0,7.0
2020-03-13,0.1,8.5,14.7,86.0,1015.4,7.2,73.0,88.0,11.0
2020-03-14,1.5,9.0,13.6,59.0,1018.4,22.6,42.0,95.0,3.0
2020-03-15,0.0,6.3,12.9,57.0,1024.3,14.0,61.0,5.0,0.0
2020-03-16,0.0,3.5,11.4,56.0,1026.8,9.8,71.0,0.0,0.0
2020-03-17,0.0,2.2,12.6,78.0,1030.5,6.1,162.0,16.0,5.0
2020-03-18,0.0,4.4,17.5,79.0,1028.3,6.3,321.0,3.0,9.0
2020-03-19,0.0,7.8,16.8,78.0,1025.1,7.7,79.0,0.0,5.0
2020-03-20,0.4,7.8,14.0,89.0,1022.1,7.9,92.0,21.0,14.0
2020-03-21,0.2,7.4,14.5,91.0,1016.4,7.9,86.0,29.0,16.0
2020-03-22,0.7,7.4,12.5,56.0,1020.3,29.0,76.0,60.0,1.0
2020-03-23,0.0,3.3,7.8,39.0,1028.2,20.2,79.0,31.0,0.0
2020-03-24,0.0,2.1,9.5,41.0,1026.1,14.3,65.0,42.0,0.0
2020-03-25,0.0,4.4,8.4,42.0,1022.1,28.8,60.0,36.0,0.0
2020-03-26,0.1,4.2,9.1,46.0,1016.2,32.6,49.0,98.0,0.0
2020-03-27,0.0,8.9,14.6,49.0,1015.8,23.6,51.0,85.0,0.0
2020-03-28,0.0,7.8,15.5,58.0,1014.9,10.3,39.0,16.0,0.0
2020-03-29,0.0,6.1,15.2,76.0,1012.8,6.1,14.0,53.0,1.0
2020-03-30,0.9,6.0,12.6,61.0,1015.7,27.0,57.0,82.0,2.0
2020-03-31,0.3,5.1,10.1,43.0,1022.2,21.0,69.0,53.0,0.0
2020-04-01,0.0,2.9,9.7,46.0,1021.8,12.0,60.0,3.0,0.0
2020-04-02,0.0,0.2,10.7,64.0,1015.4,8.2,165.0,0.0,0.0
2020-04-03,0.0,2.1,12.9,71.0,1014.3,6.7,190.0,0.0,0.0
2020-04-04,0.0,5.7,15.7,61.0,1020.7,10.3,82.0,8.0,1.0
2020-04-05,0.0,9.3,18.9,44.0,1024.4,17.8,52.0,3.0,0.0
2020-04-06,0.0,10.4,20.3,44.0,1026.0,15.0,53.0,0.0,0.0
2020-04-07,0.0,10.3,17.7,42.0,1028.9,11.9,68.0,0.0,0.0
2020-04-08,0.0,8.8,19.1,38.0,1027.0,12.2,44.0,0.0,0.0
2020-04-09,0.0,7.4,19.2,53.0,1022.6,7.9,141.0,0.0,0.0
2020-04-10,0.0,6.9,21.2,61.0,1021.7,6.5,177.0,0.0,0.0
2020-04-11,0.0,8.5,19.7,66.0,1021.1,8.0,125.0,4.0,0.0
2020-04-12,0.0,9.4,19.1,70.0,1019.3,8.3,115.0,22.0,2.0
2020-04-13,0.0,10.8,19.0,71.0,1014.2,13.0,134.0,90.0,4.0
2020-04-14,0.2,10.7,17.3,57.0,1014.1,19.9,89.0,58.0,0.0
2020-04-15,0.0,8.7,13.4,51.0,1025.3,12.0,87.0,26.0,0.0
2020-04-16,0.0,5.2,18.3,64.0,1022.1,10.2,190.0,64.0,0.0
2020-04-17,0.0,7.7,16.1,81.0,1018.8,8.4,122.0,26.0,7.0
2020-04-18,0.0,9.6,16.8,80.0,1016.8,8.2,105.0,61.0,10.0
2020-04-19,0.0,10.8,17.5,75.0,1014.0,9.0,104.0,76.0,2.0
2020-04-20,0.4,14.0,17.5,56.0,1013.7,23.7,58.0,100.0,0.0
2020-04-21,0.1,14.5,19.1,33.0,1014.1,26.2,64.0,82.0,0.0
2020-04-22,0.0,13.0,20.6,38.0,1017.4,21.3,65.0,2.0,0.0
2020-04-23,0.0,12.4,19.7,42.0,1018.7,11.6,74.0,3.0,0.0
2020-04-24,0.0,8.4,20.4,56.0,1014.3,11.7,169.0,26.0,0.0
2020-04-25,0.4,10.4,20.0,71.0,1008.5,10.2,96.0,32.0,1.0
2020-04-26,1.2,13.1,18.1,78.0,1009.5,13.0,78.0,33.0,2.0
2020-04-27,0.0,12.3,17.8,84.0,1011.7,9.3,104.0,33.0,11.0
2020-04-28,1.8,13.9,17.7,89.0,1010.4,9.9,96.0,81.0,13.0
2020-04-29,1.5,12.6,19.5,84.0,1007.4,7.8,70.0,55.0,13.0
2020-04-30,3.2,11.0,18.1,81.0,1010.3,9.0,107.0,63.0,6.0
2020-05-01,2.9,11.5,17.8,81.0,1007.1,7.9,137.0,77.0,9.0
2020-05-02,0.6,12.1,20.7,81.0,1007.2,8.3,63.0,54.0,11.0
2020-05-03,2.4,12.7,18.5,62.0,1014.0,14.7,83.0,12.0,3.0
2020-05-04,0.0,10.4,18.5,66.0,1018.5,10.6,146.0,16.0,0.0
2020-05-05,0.2,12.0,19.4,76.0,1014.1,8.1,72.0,64.0,1.0
2020-05-06,0.0,13.3,18.2,66.0,1016.1,14.2,76.0,51.0,0.0
2020-05-07,0.0,11.6,19.2,67.0,1021.8,11.7,181.0,16.0,0.0
2020-05-08,0.0,10.2,19.6,65.0,1020.5,8.5,133.0,59.0,0.0
2020-05-09,0.2,13.5,20.3,75.0,1015.6,10.1,108.0,39.0,0.0
2020-05-10,0.0,15.5,20.5,82.0,1011.7,13.1,89.0,68.0,6.0
2020-05-11,21.2,16.1,19.9,85.0,1005.7,14.5,153.0,87.0,13.0
2020-05-12,4.9,11.4,21.1,78.0,1009.0,15.1,112.0,68.0,11.0
2020-05-13,1.1,11.1,19.6,81.0,1011.9,13.5,58.0,75.0,4.0
2020-05-14,0.9,13.3,20.2,81.0,1008.2,8.3,99.0,42.0,10.0
2020-05-15,10.0,15.6,21.8,80.0,1009.5,13.3,71.0,62.0,9.0
2020-05-16,4.3,13.7,20.5,72.0,1018.7,16.6,57.0,96.0,7.0
2020-05-17,3.6,14.3,23.4,74.0,1017.2,11.3,38.0,48.0,5.0
2020-05-18,0.1,17.2,23.9,61.0,1019.0,14.3,60.0,70.0,0.0
2020-05-19,5.8,17.3,24.4,62.0,1014.6,21.6,58.0,86.0,8.0
2020-05-20,0.5,16.9,23.1,69.0,1013.1,10.5,55.0,73.0,0.0
2020-05-21,0.1,14.8,21.2,70.0,1018.5,8.0,163.0,26.0,5.0
2020-05-22,0.0,16.1,21.9,66.0,1023.2,9.2,144.0,81.0,0.0
2020-05-23,0.3,16.2,21.8,68.0,1022.3,9.5,90.0,73.0,1.0
2020-05-24,4.2,15.7,21.8,64.0,1024.3,11.8,81.0,57.0,4.0
2020-05-25,0.0,13.9,21.5,68.0,1025.7,10.8,124.0,30.0,0.0
2020-05-26,0.1,13.9,21.0,62.0,1027.5,12.3,100.0,25.0,0.0
2020-05-27,0.0,13.5,22.4,56.0,1029.1,9.1,174.0,6.0,0.0
2020-05-28,1.5,12.9,22.5,58.0,1024.2,8.2,134.0,58.0,3.0
2020-05-29,1.7,12.3,20.8,61.0,1021.4,10.5,30.0,42.0,2.0
2020-05-30,0.0,15.6,20.8,56.0,1017.6,11.5,50.0,49.0,0.0
2020-05-31,0.0,16.5,20.0,58.0,1016.7,8.6,98.0,81.0,0.0
2020-06-01,0.0,13.8,24.2,62.0,1017.2,6.6,190.0,17.0,0.0
2020-06-02,0.0,16.2,24.3,62.0,1013.8,8.7,170.0,38.0,0.0
2020-06-03,0.4,16.0,22.8,74.0,1008.2,9.1,88.0,60.0,2.0
2020-06-04,22.8,16.1,20.8,85.0,1002.4,17.0,153.0,93.0,18.0
2020-06-05,11.9,16.4,21.3,85.0,998.0,11.0,136.0,64.0,13.0
2020-06-06,1.1,17.0,22.1,85.0,1006.3,11.8,78.0,42.0,8.0
2020-06-07,9.6,17.8,22.3,84.0,1006.6,12.1,88.0,76.0,14.0
2020-06-08,40.0,16.6,20.7,90.0,1007.7,12.2,62.0,90.0,20.0
2020-06-09,30.2,15.5,21.0,87.0,1009.2,12.2,37.0,87.0,13.0
2020-06-10,11.2,14.4,19.3,87.0,1009.7,5.8,80.0,72.0,13.0
2020-06-11,6.3,14.2,19.5,85.0,1010.3,7.8,63.0,73.0,9.0
2020-06-12,0.5,13.8,21.4,85.0,1011.8,10.1,168.0,37.0,10.0
2020-06-13,0.0,14.5,23.1,80.0,1011.1,9.5,157.0,19.0,5.0
2020-06-14,14.8,17.1,22.4,82.0,1009.9,9.6,206.0,69.0,11.0
2020-06-15,16.5,17.3,20.1,91.0,1012.4,5.2,160.0,98.0,23.0
2020-06-16,2.3,17.2,24.7,82.0,1012.2,6.6,301.0,88.0,11.0
2020-06-17,0.7,18.2,24.2,81.0,1009.8,8.4,257.0,57.0,4.0
2020-06-18,0.9,17.3,25.5,80.0,1010.6,8.0,239.0,17.0,10.0
2020-06-19,1.5,16.3,24.8,81.0,1013.7,8.0,359.0,44.0,11.0
2020-06-20,0.0,16.4,24.5,71.0,1015.7,10.3,87.0,33.0,2.0
2020-06-21,0.0,17.8,24.0,77.0,1014.6,8.3,107.0,55.0,4.0
2020-06-22,0.0,17.6,27.9,72.0,1016.0,7.1,214.0,14.0,3.0
2020-06-23,0.0,19.6,27.3,64.0,1017.7,8.9,112.0,12.0,0.0
2020-06-24,3.4,19.6,24.7,65.0,1019.6,9.3,81.0,51.0,3.0
2020-06-25,6.6,18.9,23.7,80.0,1018.6,13.7,53.0,59.0,9.0
2020-06-26,3.1,17.8,24.8,79.0,1017.2,8.9,87.0,38.0,6.0
2020-06-27,0.0,19.7,25.9,79.0,1015.6,7.4,113.0,11.0,7.0
2020-06-28,0.0,19.9,26.7,81.0,1014.8,7.6,112.0,13.0,6.0
2020-06-29,0.1,21.8,28.5,78.0,1010.3,12.0,60.0,28.0,8.0
2020-06-30,0.1,21.3,27.5,67.0,1011.4,14.5,59.0,16.0,0.0
2020-07-01,0.7,22.0,28.1,78.0,1011.1,7.3,68.0,40.0,6.0
2020-07-02,0.5,21.3,26.9,80.0,1010.3,5.3,137.0,67.0,8.0
2020-07-03,1.0,21.0,27.8,65.0,1012.1,17.0,49.0,69.0,4.0
2020-07-04,0.0,21.7,27.0,53.0,1016.4,11.1,60.0,38.0,0.0
2020-07-05,0.0,19.7,27.7,61.0,1016.1,6.2,42.0,8.0,0.0
2020-07-06,0.1,19.8,30.1,65.0,1010.0,7.2,129.0,11.0,0.0
2020-07-07,7.1,17.7,24.1,56.0,1015.0,18.6,68.0,27.0,6.0
2020-07-08,0.0,19.0,24.8,60.0,1017.3,12.0,90.0,4.0,0.0
2020-07-09,0.0,17.3,27.3,64.0,1016.7,6.9,154.0,19.0,0.0
2020-07-10,0.0,18.7,27.2,72.0,1014.5,8.9,144.0,19.0,2.0
2020-07-11,9.0,18.9,27.9,74.0,1014.0,15.6,49.0,71.0,7.0
2020-07-12,0.0,19.2,25.5,53.0,1020.6,19.0,77.0,11.0,0.0
2020-07-13,0.0,19.9,25.5,44.0,1020.4,13.7,62.0,60.0,0.0
2020-07-14,0.0,19.0,25.4,46.0,1015.8,10.8,70.0,48.0,0.0
2020-07-15,0.0,18.1,26.0,55.0,1013.3,10.1,124.0,55.0,0.0
2020-07-16,0.1,19.3,25.3,72.0,1013.8,10.2,86.0,46.0,0.0
2020-07-17,4.7,18.6,24.8,75.0,1013.8,12.5,60.0,68.0,7.0
2020-07-18,0.8,16.9,24.4,65.0,1015.8,8.6,54.0,38.0,3.0
2020-07-19,0.0,17.3,24.5,72.0,1015.5,8.1,143.0,16.0,6.0
2020-07-20,0.0,18.7,26.8,68.0,1016.4,9.1,142.0,17.0,0.0
2020-07-21,0.0,21.1,27.8,71.0,1018.2,9.5,124.0,22.0,5.0
2020-07-22,0.0,21.7,30.0,69.0,1016.5,6.7,103.0,54.0,1.0
2020-07-23,1.2,21.3,29.9,67.0,1012.9,8.1,210.0,40.0,5.0
2020-07-24,8.9,19.7,24.2,80.0,1011.0,13.9,347.0,95.0,8.0
2020-07-25,0.3,18.8,28.8,69.0,1012.4,9.7,237.0,33.0,3.0
2020-07-26,0.0,20.1,27.2,76.0,1013.8,8.4,89.0,54.0,4.0
2020-07-27,0.0,21.0,28.1,68.0,1016.5,8.6,108.0,12.0,0.0
2020-07-28,0.0,20.0,28.9,67.0,1014.9,8.1,155.0,10.0,0.0
2020-07-29,0.0,22.6,29.6,69.0,1014.5,7.2,119.0,21.0,0.0
2020-07-30,0.0,23.3,31.5,69.0,1016.2,9.6,61.0,31.0,0.0
2020-07-31,0.4,24.4,31.9,73.0,1014.3,7.7,124.0,45.0,3.0
2020-08-01,0.0,25.1,32.1,75.0,1012.0,7.7,120.0,31.0,7.0
2020-08-02,4.5,22.2,29.6,68.0,1010.6,13.8,48.0,64.0,3.0
2020-08-03,61.0,20.7,26.3,85.0,1004.8,9.8,45.0,87.0,15.0
2020-08-04,9.2,18.4,23.6,87.0,1004.7,10.1,12.0,81.0,14.0
2020-08-05,0.9,19.3,25.2,67.0,1012.7,10.3,44.0,75.0,4.0
2020-08-06,0.0,18.9,26.6,71.0,1016.2,6.6,50.0,22.0,0.0
2020-08-07,0.0,20.7,30.2,68.0,1017.9,7.3,20.0,11.0,2.0
2020-08-08,0.0,21.8,32.2,57.0,1017.5,8.1,9.0,2.0,0.0
2020-08-09,0.0,21.3,31.3,66.0,1015.6,6.1,54.0,14.0,0.0
2020-08-10,0.0,23.3,29.9,72.0,1014.3,7.0,83.0,49.0,0.0
2020-08-11,0.0,22.2,30.0,77.0,1015.0,7.1,54.0,56.0,5.0
2020-08-12,0.0,23.1,29.6,69.0,1015.7,7.4,58.0,63.0,0.0
2020-08-13,0.0,23.1,29.0,77.0,1014.6,9.3,110.0,59.0,3.0
2020-08-14,0.5,22.3,28.3,76.0,1012.2,8.4,43.0,41.0,4.0
2020-08-15,0.0,20.7,28.8,68.0,1011.9,6.8,99.0,53.0,2.0
2020-08-16,0.0,21.5,28.3,70.0,1011.2,7.8,109.0,67.0,0.0
2020-08-17,0.2,21.8,27.7,79.0,1010.0,7.2,59.0,71.0,7.0
2020-08-18,1.7,20.5,26.4,81.0,1010.0,6.3,21.0,67.0,10.0
2020-08-19,0.0,20.0,27.1,71.0,1010.7,7.8,140.0,42.0,3.0
2020-08-20,0.0,21.9,27.7,72.0,1012.8,9.0,110.0,36.0,2.0
2020-08-21,0.0,22.1,28.2,78.0,1015.7,8.5,137.0,4.0,7.0
2020-08-22,0.0,22.3,28.7,76.0,1014.4,7.7,117.0,3.0,7.0
2020-08-23,0.6,22.8,29.9,67.0,1013.1,13.8,67.0,44.0,1.0
2020-08-24,2.4,21.8,28.1,57.0,1013.2,15.5,48.0,70.0,2.0
2020-08-25,0.0,19.6,27.4,58.0,1014.3,10.8,62.0,12.0,0.0
2020-08-26,0.0,19.8,27.2,69.0,1014.0,9.5,132.0,45.0,0.0
2020-08-27,0.2,21.8,27.5,75.0,1013.0,9.0,86.0,48.0,1.0
2020-08-28,0.1,21.5,27.6,76.0,1008.3,10.1,77.0,48.0,3.0
2020-08-29,3.9,20.8,28.6,84.0,1004.1,16.2,34.0,78.0,11.0
2020-08-30,10.0,20.4,27.1,80.0,1004.7,15.9,39.0,74.0,6.0
2020-08-31,20.8,16.5,23.8,87.0,1011.4,9.5,13.0,97.0,18.0
2020-09-01,15.2,16.2,24.7,78.0,1011.4,12.4,295.0,44.0,8.0
2020-09-02,2.9,16.3,23.4,74.0,1015.3,11.9,28.0,34.0,5.0
2020-09-03,0.1,16.5,24.8,68.0,1020.5,7.0,22.0,8.0,0.0
2020-09-04,0.0,17.2,24.6,68.0,1025.1,7.4,78.0,11.0,0.0
2020-09-05,0.0,17.1,24.8,81.0,1018.9,7.2,153.0,0.0,6.0
2020-09-06,0.0,19.4,25.4,82.0,1013.4,7.3,77.0,16.0,7.0
2020-09-07,4.0,19.6,24.7,73.0,1016.3,17.3,43.0,52.0,3.0
2020-09-08,0.0,18.7,26.1,57.0,1024.5,12.5,56.0,2.0,0.0
2020-09-09,0.0,17.6,25.4,71.0,1023.0,7.9,95.0,3.0,0.0
2020-09-10,0.0,18.1,25.6,81.0,1017.0,6.6,116.0,61.0,7.0
2020-09-11,0.0,21.0,26.7,66.0,1014.5,10.7,48.0,66.0,0.0
2020-09-12,0.0,20.8,28.7,61.0,1017.0,11.5,37.0,2.0,0.0
2020-09-13,0.0,20.4,29.2,61.0,1022.8,10.3,33.0,2.0,0.0
2020-09-14,0.0,21.6,29.4,61.0,1025.2,12.1,43.0,7.0,0.0
2020-09-15,0.0,20.4,29.0,57.0,1021.6,11.4,37.0,16.0,0.0
2020-09-16,0.0,20.5,29.1,59.0,1017.0,8.6,18.0,13.0,0.0
2020-09-17,0.5,20.5,30.2,58.0,1015.9,9.7,39.0,17.0,1.0
2020-09-18,0.0,20.6,26.4,56.0,1019.9,16.1,68.0,15.0,0.0
2020-09-19,0.0,17.1,24.2,56.0,1019.8,10.4,56.0,31.0,0.0
2020-09-20,0.0,16.9,24.3,60.0,1016.1,7.8,73.0,36.0,0.0
2020-09-21,0.0,16.8,24.4,72.0,1015.8,7.2,72.0,65.0,1.0
2020-09-22,11.2,18.2,23.4,87.0,1014.4,8.5,48.0,96.0,15.0
2020-09-23,2.7,17.0,23.7,82.0,1010.2,6.3,206.0,73.0,11.0
2020-09-24,8.1,16.8,22.9,84.0,1010.3,9.4,69.0,62.0,12.0
2020-09-25,15.7,13.7,24.1,85.0,996.5,10.8,0.0,80.0,16.0
2020-09-26,5.5,10.3,18.4,71.0,996.7,12.8,34.0,92.0,5.0
2020-09-27,12.8,10.2,15.8,80.0,1004.7,19.8,50.0,89.0,12.0
2020-09-28,17.0,11.6,14.4,86.0,1006.9,12.1,314.0,92.0,13.0
2020-09-29,0.0,10.6,19.2,78.0,1015.9,7.0,33.0,20.0,0.0
2020-09-30,0.0,12.5,19.5,80.0,1015.0,8.3,80.0,28.0,0.0
2020-10-01,0.5,14.6,20.5,84.0,1008.3,6.8,139.0,61.0,9.0
2020-10-02,3.5,15.1,20.9,86.0,1003.4,16.4,116.0,94.0,11.0
2020-10-03,8.8,16.0,20.6,85.0,999.8,15.7,154.0,76.0,12.0
2020-10-04,2.4,14.9,20.6,68.0,1005.3,12.7,220.0,62.0,3.0
2020-10-05,8.2,13.3,20.1,79.0,1008.3,8.6,232.0,56.0,9.0
2020-10-06,0.2,10.9,19.3,79.0,1013.2,8.0,213.0,56.0,7.0
2020-10-07,1.3,13.3,19.2,78.0,1011.7,7.9,194.0,42.0,7.0
2020-10-08,0.0,11.6,19.7,80.0,1021.5,7.3,57.0,21.0,3.0
2020-10-09,0.0,12.3,19.1,83.0,1022.4,7.2,79.0,89.0,7.0
2020-10-10,0.4,12.9,18.8,87.0,1017.9,6.1,140.0,60.0,12.0
2020-10-11,35.1,9.4,16.6,85.0,1012.6,30.2,39.0,99.0,24.0
2020-10-12,0.9,9.3,17.6,59.0,1011.9,13.2,32.0,66.0,1.0
2020-10-13,0.0,7.6,16.6,56.0,1009.4,8.4,287.0,1.0,0.0
2020-10-14,0.1,6.4,15.3,69.0,1009.2,7.5,18.0,34.0,0.0
2020-10-15,36.3,10.0,11.4,83.0,1006.2,31.7,41.0,98.0,17.0
2020-10-16,3.3,9.9,15.9,68.0,1011.5,12.5,38.0,87.0,3.0
2020-10-17,2.6,9.6,16.7,84.0,1015.2,7.0,40.0,63.0,11.0
2020-10-18,4.1,9.4,15.2,85.0,1020.3,5.8,39.0,27.0,10.0
2020-10-19,0.1,8.6,15.9,87.0,1024.0,7.2,359.0,34.0,14.0
2020-10-20,0.0,8.9,15.3,92.0,1024.8,5.3,212.0,85.0,17.0
2020-10-21,0.0,8.9,15.6,89.0,1023.8,6.5,231.0,52.0,13.0
2020-10-22,0.0,8.8,15.8,89.0,1023.7,4.8,294.0,61.0,16.0
2020-10-23,2.5,11.4,16.6,92.0,1020.7,5.7,51.0,91.0,19.0
2020-10-24,3.8,11.6,17.5,92.0,1016.2,5.7,13.0,76.0,17.0
2020-10-25,0.2,12.1,18.3,88.0,1014.5,8.4,251.0,35.0,12.0
2020-10-26,0.1,12.2,18.7,80.0,1008.8,15.8,171.0,64.0,0.0
2020-10-27,11.5,11.7,16.8,86.0,1008.3,7.3,239.0,59.0,10.0
2020-10-28,0.0,8.0,16.1,84.0,1016.8,7.2,287.0,41.0,11.0
2020-10-29,0.0,8.2,16.3,86.0,1018.8,4.3,343.0,77.0,12.0
2020-10-30,0.0,8.0,15.7,88.0,1023.3,3.7,314.0,65.0,12.0
2020-10-31,0.0,7.9,15.5,91.0,1023.6,4.3,258.0,61.0,16.0
2020-11-01,0.0,8.8,14.1,94.0,1022.2,4.6,292.0,83.0,19.0
2020-11-02,0.1,10.3,14.4,92.0,1023.1,5.2,22.0,92.0,16.0
2020-11-03,0.3,11.1,15.3,89.0,1023.6,4.0,63.0,87.0,15.0
2020-11-04,0.2,9.9,16.6,87.0,1023.2,7.2,48.0,79.0,12.0
2020-11-05,0.0,12.5,17.8,69.0,1029.3,12.7,48.0,34.0,0.0
2020-11-06,0.0,9.7,16.6,63.0,1031.8,10.4,36.0,4.0,0.0
2020-11-07,0.0,7.7,16.9,78.0,1029.8,7.1,350.0,0.0,2.0
2020-11-08,0.0,6.5,14.1,90.0,1026.6,4.9,300.0,34.0,17.0
2020-11-09,0.0,6.5,15.1,89.0,1024.4,4.4,341.0,48.0,13.0
2020-11-10,0.0,6.5,15.1,76.0,1025.4,8.6,38.0,65.0,1.0
2020-11-11,0.4,6.3,13.4,74.0,1026.2,11.6,39.0,42.0,1.0
2020-11-12,0.2,6.7,12.7,76.0,1025.2,7.1,28.0,52.0,1.0
2020-11-13,0.0,5.3,13.0,85.0,1025.8,5.0,317.0,23.0,13.0
2020-11-14,0.0,7.6,13.5,85.0,1025.9,5.1,2.0,82.0,13.0
2020-11-15,0.0,6.2,13.3,85.0,1023.1,5.1,304.0,37.0,9.0
2020-11-16,10.0,8.9,13.5,86.0,1018.2,9.5,22.0,81.0,10.0
2020-11-17,0.0,7.3,15.1,76.0,1026.6,9.4,2.0,21.0,0.0
2020-11-18,0.0,5.8,14.8,75.0,1029.5,7.6,342.0,7.0,2.0
2020-11-19,0.0,4.1,11.9,89.0,1023.7,3.6,309.0,15.0,14.0
2020-11-20,1.0,7.2,13.5,64.0,1023.2,15.8,49.0,53.0,2.0
2020-11-21,0.0,5.0,10.5,43.0,1033.0,17.7,54.0,2.0,0.0
2020-11-22,0.0,2.2,8.9,56.0,1032.0,8.9,4.0,35.0,0.0
2020-11-23,0.0,0.8,8.6,72.0,1028.9,4.8,350.0,60.0,0.0
2020-11-24,0.0,3.4,11.7,64.0,1027.7,10.7,26.0,16.0,0.0
2020-11-25,0.0,1.9,10.6,72.0,1024.8,7.1,358.0,1.0,0.0
2020-11-26,0.0,3.3,10.6,75.0,1024.9,6.5,326.0,55.0,3.0
2020-11-27,0.0,2.0,9.0,80.0,1023.4,5.0,331.0,44.0,3.0
2020-11-28,0.0,3.9,10.0,70.0,1019.6,9.6,8.0,79.0,0.0
2020-11-29,0.0,4.1,10.1,67.0,1018.4,15.8,45.0,49.0,0.0
2020-11-30,0.0,2.9,8.8,63.0,1023.8,13.2,35.0,7.0,0.0
2020-12-01,0.0,1.5,6.9,64.0,1018.4,15.2,37.0,62.0,0.0
2020-12-02,15.2,1.8,4.1,77.0,1012.8,32.9,48.0,100.0,16.0
2020-12-03,6.5,1.6,6.3,90.0,1007.9,11.5,342.0,89.0,18.0
2020-12-04,5.4,2.2,13.1,86.0,1002.6,14.1,67.0,88.0,15.0
2020-12-05,25.9,10.4,15.0,84.0,999.7,29.7,155.0,99.0,15.0
2020-12-06,34.0,8.5,15.0,93.0,998.6,17.0,76.0,100.0,22.0
2020-12-07,3.3,5.5,10.1,90.0,1003.8,11.3,36.0,50.0,19.0
2020-12-08,28.8,5.1,6.8,88.0,1003.2,29.1,38.0,93.0,16.0
2020-12-09,16.7,6.0,8.9,84.0,1001.4,28.1,48.0,93.0,13.0
2020-12-10,2.1,3.8,9.3,85.0,1005.3,10.4,24.0,64.0,8.0
2020-12-11,0.1,4.1,8.8,84.0,1005.8,8.8,17.0,76.0,2.0
2020-12-12,0.2,3.9,9.2,84.0,1002.2,7.4,341.0,90.0,5.0
2020-12-13,0.0,0.4,10.7,85.0,1010.2,6.3,322.0,19.0,8.0
2020-12-14,0.0,1.4,10.7,85.0,1018.2,6.0,341.0,51.0,12.0
2020-12-15,0.0,1.4,7.7,86.0,1020.2,5.0,338.0,83.0,7.0
2020-12-16,0.5,2.1,8.2,88.0,1023.3,4.9,310.0,68.0,15.0
2020-12-17,0.0,3.1,9.4,86.0,1026.2,4.6,348.0,78.0,13.0
2020-12-18,0.0,3.5,11.7,77.0,1027.7,6.7,343.0,74.0,1.0
2020-12-19,0.0,5.0,10.0,85.0,1026.3,5.1,334.0,71.0,7.0
2020-12-20,0.3,5.3,10.1,88.0,1025.6,6.4,355.0,89.0,10.0
2020-12-21,0.0,5.1,9.8,89.0,1026.7,5.5,289.0,84.0,15.0
2020-12-22,0.1,6.3,9.3,93.0,1025.5,3.8,262.0,96.0,18.0
2020-12-23,0.5,7.0,9.0,92.0,1024.6,3.9,35.0,97.0,21.0
2020-12-24,1.3,6.2,8.5,95.0,1014.8,5.7,15.0,99.0,24.0
2020-12-25,14.2,4.2,8.8,91.0,1009.8,18.5,38.0,95.0,22.0
2020-12-26,0.0,2.7,9.3,58.0,1017.3,16.7,52.0,38.0,0.0
2020-12-27,0.0,-0.5,5.6,57.0,1011.8,14.7,22.0,16.0,0.0
2020-12-28,16.6,-1.5,9.3,85.0,991.6,19.2,171.0,91.0,17.0
2020-12-29,2.2,0.7,6.6,88.0,997.1,12.0,9.0,97.0,10.0
2020-12-30,2.8,1.0,8.3,92.0,1003.9,6.0,324.0,90.0,20.0
2020-12-31,1.8,1.6,8.9,86.0,1009.5,7.9,309.0,57.0,9.0
2021-01-01,5.2,2.3,6.9,87.0,1010.7,13.8,30.0,95.0,12.0
2021-01-02,41.6,5.7,7.2,92.0,1008.1,24.1,36.0,97.0,23.0
2021-01-03,3.9,5.0,10.0,88.0,1009.1,14.6,41.0,43.0,12.0
2021-01-04,4.9,4.2,6.9,91.0,1010.9,11.3,31.0,89.0,19.0
2021-01-05,20.5,3.0,6.9,89.0,1009.6,14.1,35.0,89.0,12.0
2021-01-06,1.6,1.1,7.6,87.0,1009.7,10.3,1.0,86.0,9.0
2021-01-07,0.0,1.6,6.1,93.0,1014.6,5.1,307.0,74.0,19.0
2021-01-08,0.0,-0.2,7.7,68.0,1013.8,10.2,14.0,35.0,1.0
2021-01-09,0.0,0.3,5.6,53.0,1018.2,18.4,33.0,76.0,0.0
2021-01-10,0.0,1.9,5.2,46.0,1018.7,25.2,44.0,75.0,0.0
2021-01-11,0.0,-1.5,5.5,54.0,1019.4,14.5,21.0,10.0,0.0
2021-01-12,0.0,-4.2,2.7,74.0,1016.7,6.8,335.0,45.0,0.0
2021-01-13,0.0,-3.4,7.2,69.0,1014.2,6.1,357.0,1.0,0.0
2021-01-14,0.0,-2.9,8.2,65.0,1011.8,9.6,34.0,22.0,0.0
2021-01-15,0.0,1.5,6.0,54.0,1018.0,14.1,45.0,73.0,0.0
2021-01-16,0.0,-2.7,6.3,66.0,1021.8,9.0,332.0,18.0,0.0
2021-01-17,0.0,-1.2,4.7,70.0,1017.3,8.5,17.0,93.0,0.0
2021-01-18,0.0,-1.4,5.4,75.0,1023.7,9.5,28.0,11.0,0.0
2021-01-19,0.0,-3.9,2.3,87.0,1025.1,4.6,301.0,63.0,13.0
2021-01-20,0.0,-0.4,3.6,72.0,1022.0,6.2,11.0,88.0,0.0
2021-01-21,1.2,-0.7,6.9,89.0,1016.2,5.1,21.0,87.0,10.0
2021-01-22,19.0,4.0,10.2,96.0,1004.8,11.4,69.0,96.0,24.0
2021-01-23,6.5,3.1,11.0,87.0,995.2,18.1,154.0,93.0,16.0
2021-01-24,0.0,0.3,8.4,89.0,997.7,9.1,2.0,62.0,16.0
2021-01-25,0.4,-1.0,7.2,79.0,1001.9,12.0,9.0,89.0,2.0
2021-01-26,0.0,-1.3,8.6,78.0,1013.8,6.7,345.0,21.0,2.0
2021-01-27,0.0,-3.0,5.6,66.0,1017.2,5.9,328.0,55.0,0.0
2021-01-28,0.0,-3.1,4.1,70.0,1013.9,4.2,328.0,56.0,0.0
2021-01-29,0.1,-1.8,6.4,75.0,1006.6,7.0,359.0,70.0,0.0
2021-01-30,0.6,-3.1,6.0,85.0,1002.3,6.5,26.0,63.0,7.0
2021-01-31,12.9,2.9,7.9,82.0,997.7,22.5,46.0,83.0,11.0
2021-02-01,0.0,1.4,7.7,75.0,1000.9,8.3,37.0,65.0,1.0
2021-02-02,0.1,0.1,9.4,88.0,1011.0,5.3,291.0,37.0,17.0
2021-02-03,1.1,2.5,7.5,90.0,1014.7,3.7,359.0,86.0,12.0
2021-02-04,0.6,4.3,8.1,94.0,1016.9,3.8,276.0,96.0,20.0
2021-02-05,0.2,4.8,10.2,95.0,1018.2,4.5,131.0,92.0,21.0
2021-02-06,0.1,6.5,10.4,97.0,1014.5,3.5,118.0,99.0,24.0
2021-02-07,8.6,6.7,11.2,97.0,1001.1,10.5,67.0,91.0,24.0
2021-02-08,3.4,5.6,11.7,87.0,994.1,7.8,207.0,58.0,15.0
2021-02-09,2.1,6.4,10.9,89.0,999.4,9.5,11.0,83.0,15.0
2021-02-10,12.3,7.4,11.0,93.0,999.7,8.0,34.0,97.0,21.0
2021-02-11,2.2,3.4,8.6,77.0,1012.1,17.6,74.0,53.0,12.0
2021-02-12,0.0,0.0,3.6,43.0,1026.2,22.3,64.0,82.0,0.0
2021-02-13,0.0,-2.1,2.7,35.0,1030.9,26.8,59.0,36.0,0.0
2021-02-14,0.0,-4.3,6.3,46.0,1037.4,8.7,341.0,1.0,0.0
2021-02-15,0.0,-2.7,5.1,60.0,1037.8,6.6,46.0,26.0,0.0
2021-02-16,0.0,-1.7,5.2,72.0,1028.3,5.4,66.0,53.0,0.0
2021-02-17,0.0,1.4,7.7,73.0,1022.7,6.2,56.0,41.0,0.0
2021-02-18,0.0,-0.5,8.5,86.0,1024.0,5.8,72.0,40.0,7.0
2021-02-19,0.0,5.5,9.4,85.0,1024.4,4.9,100.0,98.0,4.0
2021-02-20,0.0,6.2,10.2,86.0,1026.0,5.5,98.0,72.0,7.0
2021-02-21,0.0,5.6,10.9,88.0,1027.6,5.8,94.0,47.0,14.0
2021-02-22,0.0,5.0,11.0,91.0,1031.1,5.9,144.0,59.0,16.0
2021-02-23,0.0,4.4,9.7,97.0,1035.8,3.5,230.0,84.0,24.0
2021-02-24,0.0,4.3,19.0,84.0,1035.1,5.7,299.0,39.0,12.0
2021-02-25,0.0,5.4,16.8,69.0,1031.6,6.2,347.0,0.0,2.0
2021-02-26,0.0,2.8,15.9,83.0,1027.9,5.6,10.0,1.0,5.0
2021-02-27,0.0,4.6,15.0,70.0,1026.2,18.6,80.0,37.0,7.0
2021-02-28,0.0,5.1,11.4,61.0,1032.9,14.1,63.0,0.0,0.0
2021-03-01,0.0,2.8,14.5,62.0,1031.3,7.3,7.0,0.0,0.0
2021-03-02,0.0,4.6,12.9,67.0,1034.0,10.6,44.0,0.0,0.0
2021-03-03,0.0,1.2,13.2,82.0,1031.6,6.1,206.0,13.0,6.0
2021-03-04,0.0,2.5,11.1,87.0,1023.4,5.6,135.0,78.0,12.0
2021-03-05,1.1,4.4,12.5,89.0,1017.4,5.9,83.0,65.0,16.0
2021-03-06,3.5,4.1,9.4,60.0,1028.6,19.3,71.0,30.0,4.0
2021-03-07,0.0,1.7,8.2,61.0,1025.6,9.0,84.0,17.0,0.0
2021-03-08,0.0,0.5,9.2,79.0,1018.3,6.5,108.0,4.0,6.0
2021-03-09,0.0,3.5,11.0,66.0,1016.1,12.4,47.0,35.0,0.0
2021-03-10,0.0,3.2,10.7,57.0,1018.1,10.8,79.0,18.0,0.0
2021-03-11,0.0,3.3,11.1,77.0,1018.9,7.6,101.0,82.0,1.0
2021-03-12,0.2,6.7,11.9,90.0,1013.1,5.9,91.0,83.0,15.0
2021-03-13,0.0,5.9,11.6,91.0,1012.9,8.5,80.0,71.0,15.0
2021-03-14,2.3,4.0,10.9,82.0,1007.6,12.6,36.0,56.0,9.0
2021-03-15,0.0,1.4,10.1,78.0,1010.6,9.7,161.0,43.0,0.0
2021-03-16,0.0,2.1,14.9,53.0,1013.9,11.1,350.0,20.0,0.0
2021-03-17,0.0,2.6,12.0,63.0,1016.9,9.3,56.0,45.0,0.0
2021-03-18,0.0,2.8,9.5,62.0,1018.2,7.4,68.0,30.0,0.0
2021-03-19,0.0,1.7,8.9,67.0,1016.6,8.7,42.0,48.0,0.0
2021-03-20,0.0,1.6,9.6,57.0,1018.8,16.0,54.0,31.0,0.0
2021-03-21,0.0,1.5,9.1,44.0,1016.7,13.2,43.0,20.0,0.0
2021-03-22,0.0,-0.0,12.3,56.0,1013.4,8.4,359.0,25.0,0.0
2021-03-23,0.0,4.7,12.1,64.0,1022.1,8.7,175.0,21.0,0.0
2021-03-24,0.0,2.0,12.0,72.0,1023.1,7.7,136.0,0.0,0.0
2021-03-25,0.0,3.5,12.2,78.0,1022.4,8.0,103.0,28.0,3.0
2021-03-26,0.0,3.9,13.4,76.0,1023.9,7.0,115.0,13.0,6.0
2021-03-27,0.0,7.9,14.5,88.0,1024.4,10.2,104.0,74.0,11.0
2021-03-28,0.7,9.0,15.0,91.0,1030.2,10.0,67.0,60.0,17.0
2021-03-29,0.0,8.8,15.1,87.0,1032.9,7.0,120.0,57.0,11.0
2021-03-30,0.0,5.8,18.3,87.0,1030.9,6.1,210.0,31.0,12.0
2021-03-31,0.0,7.6,19.8,78.0,1025.3,6.8,172.0,1.0,6.0
2021-04-01,0.0,8.1,18.3,80.0,1018.1,6.7,111.0,23.0,6.0
2021-04-02,0.0,9.8,18.4,79.0,1012.7,8.0,79.0,16.0,5.0
2021-04-03,7.1,12.2,16.6,67.0,1012.8,21.0,84.0,58.0,7.0
2021-04-04,0.0,7.7,12.8,55.0,1019.0,12.2,97.0,43.0,0.0
2021-04-05,0.0,5.7,13.7,63.0,1013.5,14.2,182.0,36.0,0.0
2021-04-06,4.5,3.2,10.3,73.0,1005.6,19.8,65.0,77.0,8.0
2021-04-07,0.0,0.6,10.9,54.0,1014.3,6.9,315.0,53.0,1.0
2021-04-08,0.0,-1.1,11.8,55.0,1024.0,9.5,147.0,7.0,0.0
2021-04-09,0.0,4.6,12.7,70.0,1025.9,14.3,113.0,39.0,0.0
2021-04-10,0.2,6.2,14.2,76.0,1022.3,10.6,171.0,79.0,1.0
2021-04-11,19.4,9.7,11.8,93.0,1019.4,8.2,61.0,95.0,24.0
2021-04-12,37.4,8.1,13.2,95.0,1016.5,14.0,80.0,99.0,23.0
2021-04-13,25.0,4.9,10.0,82.0,1019.9,15.6,28.0,93.0,13.0
2021-04-14,0.2,4.3,12.2,65.0,1023.3,10.8,230.0,6.0,4.0
2021-04-15,0.0,3.8,11.1,67.0,1022.8,8.9,74.0,42.0,1.0
2021-04-16,0.0,4.0,12.4,66.0,1020.5,9.9,44.0,3.0,0.0
2021-04-17,0.0,4.3,13.4,61.0,1017.1,11.0,52.0,62.0,0.0
2021-04-18,0.1,7.0,13.2,67.0,1016.7,9.4,63.0,75.0,0.0
2021-04-19,0.2,7.1,14.9,73.0,1016.1,7.0,312.0,81.0,0.0
2021-04-20,0.0,5.5,14.8,85.0,1015.3,6.2,117.0,43.0,14.0
2021-04-21,0.7,8.2,14.9,84.0,1017.5,8.8,75.0,28.0,11.0
2021-04-22,0.3,8.9,15.2,86.0,1019.4,10.3,104.0,28.0,13.0
2021-04-23,0.0,9.4,16.7,82.0,1022.5,6.7,117.0,19.0,8.0
2021-04-24,0.0,8.9,16.9,75.0,1022.2,9.2,150.0,15.0,7.0
2021-04-25,0.0,9.4,18.3,69.0,1017.2,7.5,150.0,26.0,0.0
2021-04-26,0.0,12.0,15.8,63.0,1014.9,14.7,60.0,97.0,0.0
2021-04-27,0.8,10.5,14.6,75.0,1010.0,11.1,60.0,81.0,1.0
2021-04-28,0.0,9.4,16.5,72.0,1009.0,11.1,90.0,66.0,0.0
2021-04-29,5.5,11.5,16.5,90.0,1009.7,9.0,134.0,86.0,16.0
2021-04-30,5.4,11.3,17.8,90.0,1011.0,7.7,117.0,75.0,15.0
2021-05-01,10.8,13.1,18.3,89.0,1008.5,11.8,106.0,59.0,14.0
2021-05-02,2.8,11.8,20.4,73.0,1008.1,21.2,221.0,43.0,6.0
2021-05-03,0.9,10.5,16.0,65.0,1019.7,14.3,72.0,29.0,1.0
2021-05-04,0.0,8.7,16.3,80.0,1016.1,10.4,130.0,27.0,4.0
2021-05-05,0.2,10.2,19.4,72.0,1007.7,13.9,228.0,35.0,4.0
2021-05-06,0.9,10.8,15.6,74.0,1011.4,18.5,51.0,81.0,2.0
2021-05-07,1.0,11.1,22.3,78.0,1008.8,10.8,45.0,61.0,3.0
2021-05-08,0.0,12.4,16.9,61.0,1020.0,15.7,82.0,47.0,0.0
2021-05-09,0.0,9.4,18.4,66.0,1019.8,6.9,123.0,28.0,0.0
2021-05-10,0.0,12.6,19.0,73.0,1017.0,8.9,83.0,39.0,0.0
2021-05-11,8.5,14.2,18.5,82.0,1012.1,10.6,61.0,77.0,11.0
2021-05-12,8.0,13.6,17.8,86.0,1007.2,10.5,303.0,95.0,14.0
2021-05-13,9.2,13.1,17.6,87.0,1005.3,7.3,169.0,93.0,13.0
2021-05-14,8.0,12.2,17.9,88.0,1008.1,6.9,87.0,75.0,16.0
2021-05-15,1.5,11.9,18.8,79.0,1009.8,8.9,209.0,81.0,10.0
2021-05-16,1.0,11.4,18.7,77.0,1007.1,10.9,194.0,72.0,1.0
2021-05-17,6.5,13.5,19.5,74.0,1005.7,15.5,140.0,45.0,7.0
2021-05-18,1.7,12.0,19.6,77.0,1011.7,11.4,69.0,32.0,3.0
2021-05-19,9.5,11.2,16.5,76.0,1012.7,13.9,42.0,71.0,7.0
2021-05-20,0.0,9.6,19.3,79.0,1017.5,7.7,120.0,11.0,8.0
2021-05-21,0.0,12.9,19.2,77.0,1017.1,10.9,120.0,84.0,5.0
2021-05-22,1.7,15.3,19.9,66.0,1012.3,17.6,184.0,92.0,2.0
2021-05-23,3.7,13.6,23.0,75.0,1014.4,13.9,59.0,79.0,8.0
2021-05-24,36.9,12.6,14.9,86.0,1016.8,18.8,46.0,99.0,17.0
2021-05-25,0.0,12.7,21.7,74.0,1015.9,14.3,235.0,34.0,9.0
2021-05-26,0.0,11.4,18.9,69.0,1018.6,13.5,74.0,20.0,2.0
2021-05-27,1.8,12.6,19.9,80.0,1015.3,8.7,67.0,52.0,6.0
2021-05-28,0.0,12.6,19.7,69.0,1018.9,9.8,81.0,12.0,0.0
2021-05-29,0.5,13.0,21.0,68.0,1018.0,7.0,68.0,61.0,1.0
2021-05-30,0.0,13.9,20.0,63.0,1020.0,11.0,69.0,40.0,0.0
2021-05-31,0.0,14.7,19.5,62.0,1019.8,9.3,84.0,49.0,0.0
2021-06-01,0.0,13.0,20.3,70.0,1017.7,8.1,132.0,33.0,0.0
2021-06-02,0.0,14.0,21.2,74.0,1019.3,9.4,106.0,11.0,5.0
2021-06-03,0.0,14.5,22.2,77.0,1022.4,8.0,108.0,17.0,6.0
2021-06-04,0.0,16.6,24.1,76.0,1022.4,8.9,129.0,47.0,4.0
2021-06-05,0.0,17.7,24.7,76.0,1019.2,9.3,119.0,23.0,1.0
2021-06-06,1.2,17.8,23.1,82.0,1016.9,9.1,66.0,48.0,3.0
2021-06-07,1.4,17.8,24.9,77.0,1016.9,10.1,41.0,68.0,7.0
2021-06-08,1.7,18.7,27.0,71.0,1016.9,6.3,37.0,91.0,4.0
2021-06-09,0.0,19.7,28.4,62.0,1016.5,8.8,24.0,80.0,0.0
2021-06-10,0.1,19.5,27.2,61.0,1017.0,8.5,30.0,56.0,0.0
2021-06-11,0.6,18.8,26.1,68.0,1016.6,6.9,6.0,64.0,1.0
2021-06-12,0.0,17.3,26.1,74.0,1017.2,9.2,155.0,62.0,4.0
2021-06-13,0.0,19.8,26.7,76.0,1016.8,9.5,97.0,30.0,5.0
2021-06-14,0.0,20.3,23.5,65.0,1018.9,14.3,104.0,25.0,0.0
2021-06-15,0.0,20.5,24.5,60.0,1018.7,10.6,142.0,24.0,0.0
2021-06-16,0.0,18.0,27.0,70.0,1016.3,7.0,159.0,41.0,0.0
2021-06-17,0.0,20.0,27.7,70.0,1016.3,8.6,139.0,12.0,3.0
2021-06-18,1.8,20.6,25.8,77.0,1016.9,8.3,140.0,39.0,2.0
2021-06-19,0.0,20.4,27.4,79.0,1014.9,7.8,141.0,58.0,3.0
2021-06-20,0.0,21.1,27.7,79.0,1011.5,6.5,141.0,80.0,5.0
2021-06-21,0.0,21.7,28.3,78.0,1008.3,11.1,114.0,10.0,6.0
2021-06-22,0.0,20.9,29.2,74.0,1009.7,9.7,147.0,7.0,3.0
2021-06-23,0.0,22.3,28.3,81.0,1013.7,8.4,97.0,22.0,8.0
2021-06-24,0.0,21.4,28.8,78.0,1014.7,7.8,136.0,27.0,4.0
2021-06-25,0.0,21.2,28.5,54.0,1013.9,13.1,215.0,33.0,0.0
2021-06-26,0.0,21.1,27.8,60.0,1015.2,11.1,96.0,24.0,0.0
2021-06-27,0.0,21.6,29.2,62.0,1014.8,8.9,115.0,46.0,0.0
2021-06-28,0.0,20.2,28.2,70.0,1014.5,8.2,121.0,34.0,1.0
2021-06-29,0.0,22.0,28.9,71.0,1011.1,11.5,44.0,29.0,1.0
2021-06-30,2.7,20.7,29.1,60.0,1008.9,11.1,245.0,28.0,6.0
2021-07-01,0.3,18.9,29.5,55.0,1011.4,11.5,53.0,28.0,0.0
2021-07-02,0.1,20.1,27.8,57.0,1013.9,11.0,81.0,47.0,0.0
2021-07-03,0.5,20.5,27.1,65.0,1014.3,10.5,83.0,78.0,1.0
2021-07-04,40.7,19.9,24.4,85.0,1010.9,5.4,107.0,89.0,13.0
2021-07-05,0.3,17.9,26.6,75.0,1010.8,8.6,176.0,31.0,8.0
2021-07-06,0.0,18.7,27.4,70.0,1012.9,7.2,122.0,9.0,2.0
2021-07-07,0.0,21.1,27.8,79.0,1013.3,9.0,86.0,3.0,4.0
2021-07-08,5.2,22.0,28.6,76.0,1014.7,11.2,69.0,51.0,7.0
2021-07-09,0.2,18.6,27.3,72.0,1015.8,9.0,260.0,7.0,2.0
2021-07-10,0.0,20.1,27.9,68.0,1015.3,7.5,45.0,8.0,0.0
2021-07-11,0.0,22.2,29.1,61.0,1012.0,7.1,16.0,27.0,0.0
2021-07-12,0.6,21.8,27.9,71.0,1012.3,11.8,84.0,18.0,1.0
2021-07-13,17.3,19.4,27.7,84.0,1008.0,16.2,78.0,50.0,10.0
2021-07-14,3.9,17.4,25.3,73.0,1010.3,9.0,336.0,37.0,7.0
2021-07-15,0.0,17.6,24.9,68.0,1012.8,6.1,14.0,78.0,0.0
2021-07-16,2.7,19.3,25.2,77.0,1013.0,7.9,5.0,92.0,2.0
2021-07-17,0.5,20.2,25.8,71.0,1011.1,11.0,325.0,98.0,1.0
2021-07-18,0.0,20.1,31.6,70.0,1009.7,10.1,26.0,64.0,0.0
2021-07-19,0.0,20.6,30.6,67.0,1011.3,6.8,232.0,21.0,4.0
2021-07-20,0.0,21.0,28.2,70.0,1013.7,6.6,116.0,22.0,0.0
2021-07-21,0.0,21.5,27.6,69.0,1017.3,10.0,84.0,35.0,1.0
2021-07-22,0.0,22.3,27.2,67.0,1017.9,8.7,73.0,67.0,0.0
2021-07-23,0.8,20.9,28.7,70.0,1015.0,8.4,80.0,25.0,2.0
2021-07-24,0.0,22.2,27.9,73.0,1012.5,8.5,109.0,66.0,4.0
2021-07-25,0.0,22.8,29.0,73.0,1010.0,17.6,57.0,58.0,0.0
2021-07-26,1.1,23.1,28.7,71.0,1011.8,10.5,46.0,68.0,2.0
2021-07-27,0.7,21.2,27.6,79.0,1015.3,10.4,49.0,85.0,4.0
2021-07-28,0.2,19.9,28.1,74.0,1013.8,7.7,43.0,37.0,6.0
2021-07-29,0.0,20.1,29.2,79.0,1012.9,7.1,115.0,5.0,8.0
2021-07-30,0.0,21.6,29.0,78.0,1011.0,9.4,120.0,13.0,7.0
2021-07-31,0.1,21.6,30.1,68.0,1008.5,8.5,56.0,31.0,2.0
2021-08-01,1.3,21.3,29.2,62.0,1005.0,14.0,266.0,48.0,2.0
2021-08-02,0.4,18.1,25.9,69.0,1011.8,10.5,43.0,33.0,0.0
2021-08-03,0.2,18.3,27.1,69.0,1014.2,8.3,44.0,58.0,0.0
2021-08-04,1.8,20.2,27.3,75.0,1011.9,10.0,34.0,85.0,3.0
2021-08-05,7.5,18.1,28.0,72.0,1005.9,10.5,358.0,56.0,6.0
2021-08-06,0.3,19.1,26.1,76.0,1007.2,10.0,63.0,20.0,2.0
2021-08-07,0.1,20.4,27.5,79.0,1008.3,14.8,60.0,30.0,8.0
2021-08-08,2.0,20.9,29.7,74.0,1009.8,12.9,52.0,49.0,1.0
2021-08-09,0.0,20.2,28.4,69.0,1015.9,10.6,76.0,4.0,0.0
2021-08-10,0.0,20.5,29.8,63.0,1017.0,5.9,46.0,41.0,0.0
2021-08-11,0.0,20.7,32.0,62.0,1016.1,6.4,0.0,7.0,0.0
2021-08-12,0.0,23.8,30.7,60.0,1018.6,9.6,82.0,6.0,0.0
2021-08-13,0.0,22.0,32.4,68.0,1019.8,6.7,173.0,55.0,0.0
2021-08-14,0.0,23.6,32.1,72.0,1018.9,7.4,154.0,12.0,1.0
2021-08-15,0.0,23.3,31.9,69.0,1014.3,8.3,124.0,12.0,5.0
2021-08-16,3.1,21.5,31.2,69.0,1009.2,12.5,41.0,45.0,3.0
2021-08-17,2.5,18.3,27.6,55.0,1011.7,15.1,63.0,26.0,2.0
2021-08-18,0.0,19.5,26.5,51.0,1014.7,14.4,61.0,20.0,0.0
2021-08-19,0.0,19.7,27.0,47.0,1014.8,10.2,57.0,4.0,0.0
2021-08-20,0.0,19.5,27.6,56.0,1015.2,9.0,72.0,24.0,0.0
2021-08-21,0.0,20.1,29.1,63.0,1017.4,7.8,121.0,13.0,0.0
2021-08-22,0.0,19.9,28.4,69.0,1015.9,8.6,113.0,64.0,0.0
2021-08-23,0.0,20.8,25.4,59.0,1014.6,20.9,57.0,43.0,0.0
2021-08-24,0.0,17.7,27.9,53.0,1015.5,12.1,43.0,32.0,0.0
2021-08-25,0.0,20.1,24.8,54.0,1015.6,14.0,80.0,37.0,0.0
2021-08-26,0.4,17.5,24.7,65.0,1010.3,12.3,103.0,18.0,1.0
2021-08-27,6.7,16.2,22.2,69.0,1010.8,13.2,54.0,49.0,6.0
2021-08-28,0.0,17.6,23.9,54.0,1012.3,13.9,35.0,54.0,0.0
2021-08-29,0.7,15.2,23.4,60.0,1012.9,9.3,69.0,42.0,1.0
2021-08-30,1.9,16.1,24.2,72.0,1013.3,10.5,51.0,48.0,5.0
2021-08-31,1.1,16.4,23.8,82.0,1016.5,8.1,51.0,35.0,11.0
2021-09-01,0.0,16.9,24.9,68.0,1020.3,7.3,76.0,3.0,6.0
2021-09-02,0.0,17.5,24.1,63.0,1023.3,8.8,85.0,11.0,0.0
2021-09-03,0.0,17.3,24.4,65.0,1019.9,9.3,70.0,35.0,0.0
2021-09-04,0.0,16.2,25.7,68.0,1015.8,6.7,309.0,54.0,0.0
2021-09-05,0.0,18.4,26.6,57.0,1018.0,9.7,49.0,10.0,0.0
2021-09-06,0.0,18.2,26.8,49.0,1021.7,10.3,45.0,4.0,0.0
2021-09-07,0.0,17.9,26.4,52.0,1021.9,9.0,46.0,50.0,0.0
2021-09-08,0.0,18.3,26.3,46.0,1020.0,12.4,54.0,2.0,0.0
2021-09-09,0.0,16.8,25.6,53.0,1017.4,10.2,58.0,1.0,0.0
2021-09-10,0.0,15.4,24.8,65.0,1016.9,8.0,131.0,14.0,0.0
2021-09-11,0.0,15.9,24.7,75.0,1016.7,7.1,152.0,40.0,1.0
2021-09-12,0.0,16.6,27.2,67.0,1015.6,6.7,221.0,9.0,8.0
2021-09-13,0.0,17.4,27.5,64.0,1015.7,8.0,132.0,32.0,0.0
2021-09-14,0.0,17.3,26.8,69.0,1016.5,8.2,144.0,55.0,2.0
2021-09-15,0.0,18.3,26.3,73.0,1016.2,8.6,160.0,75.0,0.0
2021-09-16,5.6,19.0,23.7,86.0,1015.0,6.6,236.0,95.0,12.0
2021-09-17,16.4,18.7,24.6,84.0,1011.3,5.8,35.0,73.0,12.0
2021-09-18,0.2,18.0,23.8,76.0,1013.0,10.1,66.0,56.0,5.0
2021-09-19,13.2,16.6,22.6,83.0,1011.2,9.3,50.0,83.0,12.0
2021-09-20,0.4,15.1,22.5,77.0,1013.7,12.4,55.0,45.0,9.0
2021-09-21,0.0,15.4,21.5,58.0,1022.7,13.2,55.0,36.0,0.0
2021-09-22,0.0,16.3,20.4,71.0,1023.6,10.2,75.0,58.0,0.0
2021-09-23,0.0,15.0,21.4,69.0,1022.6,10.5,161.0,56.0,0.0
2021-09-24,0.0,13.1,21.2,76.0,1018.7,7.8,125.0,10.0,2.0
2021-09-25,0.0,15.3,22.5,83.0,1020.9,9.6,79.0,22.0,10.0
2021-09-26,7.2,17.6,22.4,92.0,1019.9,8.2,56.0,90.0,17.0
2021-09-27,8.7,16.2,22.9,86.0,1017.2,6.4,295.0,57.0,13.0
2021-09-28,0.0,16.1,26.0,82.0,1019.0,6.4,271.0,45.0,11.0
2021-09-29,0.0,17.1,24.8,78.0,1017.6,7.6,26.0,68.0,6.0
2021-09-30,0.4,17.3,23.0,59.0,1023.1,19.6,63.0,41.0,0.0
2021-10-01,0.0,13.9,20.7,58.0,1023.8,8.8,56.0,8.0,0.0
2021-10-02,0.0,13.1,20.6,72.0,1019.9,8.1,67.0,45.0,0.0
2021-10-03,0.2,15.1,22.0,82.0,1018.0,10.0,62.0,44.0,4.0
2021-10-04,7.0,17.5,23.2,88.0,1017.9,11.9,49.0,73.0,18.0
2021-10-05,7.6,18.5,21.8,76.0,1013.6,12.5,183.0,84.0,4.0
2021-10-06,10.5,14.9,18.4,78.0,1013.4,15.1,47.0,86.0,10.0
2021-10-07,2.8,13.5,18.5,67.0,1016.2,13.5,34.0,99.0,6.0
2021-10-08,3.8,13.0,18.8,69.0,1020.5,18.2,50.0,89.0,7.0
2021-10-09,0.0,12.3,18.7,52.0,1023.4,20.5,62.0,2.0,0.0
2021-10-10,0.0,8.8,16.3,56.0,1022.0,11.2,41.0,20.0,0.0
2021-10-11,0.0,11.2,17.1,65.0,1019.7,7.5,285.0,58.0,0.0
2021-10-12,4.1,9.3,16.2,78.0,1017.3,7.5,6.0,91.0,3.0
2021-10-13,0.0,8.5,17.2,73.0,1017.9,9.6,42.0,40.0,2.0
2021-10-14,0.1,7.5,15.4,69.0,1024.5,7.7,357.0,11.0,0.0
2021-10-15,0.0,7.7,15.9,69.0,1019.8,7.0,353.0,33.0,0.0
2021-10-16,0.0,8.1,18.8,67.0,1018.5,8.3,25.0,51.0,0.0
2021-10-17,0.0,10.2,17.5,67.0,1020.6,9.5,21.0,3.0,0.0
2021-10-18,0.0,7.9,17.6,77.0,1024.2,5.4,357.0,44.0,1.0
2021-10-19,0.0,8.1,16.6,78.0,1027.7,6.2,63.0,80.0,0.0
2021-10-20,0.0,8.8,15.8,88.0,1024.6,5.8,164.0,80.0,12.0
2021-10-21,0.5,12.6,16.8,84.0,1014.8,8.2,310.0,93.0,7.0
2021-10-22,0.0,11.2,17.7,92.0,1015.5,5.6,21.0,64.0,17.0
2021-10-23,0.0,11.2,19.5,80.0,1022.6,13.4,48.0,33.0,10.0
2021-10-24,0.0,9.7,16.7,59.0,1028.5,15.9,51.0,18.0,0.0
2021-10-25,0.1,8.4,14.7,59.0,1024.8,11.6,30.0,100.0,0.0
2021-10-26,1.4,7.5,15.6,65.0,1022.5,7.1,16.0,73.0,1.0
2021-10-27,0.0,8.1,17.6,67.0,1025.7,8.3,15.0,1.0,0.0
2021-10-28,0.0,9.0,16.9,69.0,1023.3,9.5,28.0,0.0,0.0
2021-10-29,0.0,7.3,15.3,79.0,1019.6,8.5,37.0,25.0,0.0
2021-10-30,0.0,7.1,15.8,79.0,1018.8,7.5,37.0,59.0,1.0
2021-10-31,0.0,7.9,15.0,81.0,1018.1,5.0,337.0,68.0,4.0
2021-11-01,23.4,7.9,15.9,93.0,1007.4,14.5,71.0,80.0,22.0
2021-11-02,0.0,8.5,14.9,86.0,1002.1,10.3,270.0,48.0,6.0
2021-11-03,7.7,8.9,15.6,88.0,1004.1,16.1,40.0,92.0,11.0
2021-11-04,23.9,9.1,15.6,79.0,1004.0,14.0,210.0,58.0,10.0
2021-11-05,0.0,7.7,16.4,71.0,1017.9,14.0,31.0,64.0,1.0
2021-11-06,0.0,9.8,14.8,51.0,1025.5,20.3,41.0,15.0,0.0
2021-11-07,0.1,7.1,12.2,65.0,1020.5,9.5,354.0,82.0,0.0
2021-11-08,5.3,7.1,12.6,77.0,1017.5,18.5,44.0,77.0,10.0
2021-11-09,0.0,9.2,13.9,60.0,1025.1,21.4,46.0,43.0,0.0
2021-11-10,0.0,8.7,14.7,64.0,1027.1,11.0,27.0,81.0,0.0
2021-11-11,0.0,8.3,16.1,76.0,1023.8,6.8,339.0,89.0,3.0
2021-11-12,0.0,7.6,15.1,90.0,1019.7,6.1,37.0,69.0,15.0
2021-11-13,4.5,8.6,12.7,93.0,1017.8,4.8,294.0,100.0,24.0
2021-11-14,22.6,10.2,14.5,88.0,1016.2,17.1,49.0,98.0,15.0
2021-11-15,0.0,11.5,14.9,63.0,1020.4,25.4,58.0,95.0,0.0
2021-11-16,1.0,10.2,12.9,68.0,1020.3,19.4,49.0,100.0,1.0
2021-11-17,1.6,10.0,14.3,74.0,1018.9,8.5,31.0,92.0,5.0
2021-11-18,0.0,8.6,15.0,77.0,1025.5,10.2,33.0,50.0,7.0
2021-11-19,0.0,5.8,13.5,82.0,1028.6,7.8,303.0,59.0,6.0
2021-11-20,0.0,5.6,10.9,93.0,1024.5,5.6,284.0,66.0,19.0
2021-11-21,0.0,5.0,7.5,88.0,1015.2,4.5,324.0,100.0,9.0
2021-11-22,4.8,7.4,12.5,83.0,1013.4,13.4,40.0,100.0,7.0
2021-11-23,0.0,7.2,13.2,58.0,1022.2,18.8,62.0,23.0,0.0
2021-11-24,0.0,4.4,10.1,63.0,1022.7,12.1,29.0,2.0,0.0
2021-11-25,3.4,4.3,8.0,72.0,1013.0,14.4,27.0,85.0,8.0
2021-11-26,10.8,4.6,9.9,92.0,997.7,8.5,272.0,87.0,19.0
2021-11-27,2.8,5.3,11.5,89.0,993.7,7.6,29.0,79.0,16.0
2021-11-28,13.3,4.6,11.2,90.0,992.8,9.8,23.0,89.0,18.0
2021-11-29,2.9,3.1,9.2,79.0,1000.2,12.3,14.0,64.0,5.0
2021-11-30,0.0,-1.3,7.7,63.0,1014.2,9.3,297.0,47.0,0.0
2021-12-01,0.0,-0.6,7.8,70.0,1011.5,6.9,17.0,64.0,0.0
2021-12-02,12.2,5.0,7.6,92.0,1000.9,6.5,358.0,100.0,21.0
2021-12-03,0.6,3.9,10.2,78.0,1010.0,11.3,36.0,69.0,4.0
2021-12-04,0.0,2.2,7.2,69.0,1010.9,8.9,31.0,92.0,0.0
2021-12-05,6.6,3.4,7.5,78.0,1003.0,12.4,355.0,96.0,10.0
2021-12-06,0.0,3.7,10.6,68.0,1008.6,11.2,17.0,39.0,0.0
2021-12-07,0.0,-0.1,7.8,64.0,1013.2,7.7,22.0,30.0,0.0
2021-12-08,30.2,0.5,4.5,77.0,1007.0,21.9,31.0,81.0,9.0
2021-12-09,2.7,3.6,6.2,90.0,1001.7,11.6,359.0,98.0,18.0
2021-12-10,0.0,0.3,6.5,82.0,1003.6,9.9,8.0,81.0,5.0
2021-12-11,0.0,0.1,9.0,69.0,1007.6,9.3,4.0,48.0,0.0
2021-12-12,0.0,-1.6,9.4,71.0,1021.4,5.2,330.0,26.0,0.0
2021-12-13,0.0,0.1,9.4,75.0,1025.3,5.4,359.0,50.0,0.0
2021-12-14,0.0,-0.1,9.3,83.0,1026.7,4.3,350.0,43.0,5.0
2021-12-15,0.0,1.4,10.9,80.0,1029.3,9.0,31.0,70.0,2.0
2021-12-16,0.0,1.5,10.0,82.0,1031.6,7.2,3.0,8.0,0.0
2021-12-17,0.0,0.8,8.0,88.0,1031.6,6.0,284.0,36.0,11.0
2021-12-18,0.0,1.6,8.9,88.0,1032.6,7.4,289.0,61.0,15.0
2021-12-19,0.0,1.6,3.5,96.0,1025.1,5.6,274.0,100.0,24.0
2021-12-20,0.0,1.4,10.6,79.0,1018.4,10.9,35.0,53.0,8.0
2021-12-21,0.4,3.9,5.9,70.0,1024.0,15.0,30.0,94.0,0.0
2021-12-22,0.0,1.5,7.8,73.0,1025.4,11.4,29.0,34.0,0.0
2021-12-23,0.0,-1.6,3.7,86.0,1023.3,7.4,298.0,94.0,5.0
2021-12-24,0.4,1.4,3.8,87.0,1015.5,5.2,326.0,100.0,10.0
2021-12-25,2.0,2.9,5.7,87.0,1009.4,4.4,349.0,100.0,8.0
2021-12-26,1.2,1.8,8.4,92.0,1008.3,7.1,353.0,88.0,17.0
2021-12-27,0.2,3.3,9.0,82.0,1009.3,5.9,23.0,91.0,0.0
2021-12-28,1.0,3.7,9.5,91.0,1008.7,6.4,261.0,92.0,19.0
2021-12-29,0.1,4.7,9.2,93.0,1010.0,4.9,309.0,100.0,19.0
2021-12-30,0.0,3.0,8.9,92.0,1019.7,6.0,274.0,100.0,19.0
2021-12-31,0.0,1.7,6.6,94.0,1025.0,4.5,287.0,89.0,19.0
2022-01-01,0.0,1.0,6.0,94.0,1025.9,4.4,310.0,80.0,20.0
2022-01-02,0.0,0.8,5.8,91.0,1025.5,3.3,289.0,95.0,18.0
2022-01-03,0.1,3.6,7.2,92.0,1020.9,4.9,301.0,100.0,17.0
2022-01-04,0.9,3.5,6.9,92.0,1012.7,4.1,322.0,100.0,18.0
2022-01-05,16.1,2.9,12.5,94.0,1003.1,14.6,33.0,100.0,24.0
2022-01-06,7.8,2.0,9.3,81.0,1013.0,12.4,29.0,46.0,6.0
2022-01-07,0.0,0.4,6.5,58.0,1020.4,14.4,34.0,19.0,0.0
2022-01-08,0.0,-2.8,5.8,71.0,1015.4,7.9,334.0,33.0,0.0
2022-01-09,0.2,-3.1,5.0,72.0,1006.4,6.8,349.0,94.0,0.0
2022-01-10,0.0,0.7,8.6,74.0,1010.9,8.8,347.0,71.0,0.0
2022-01-11,0.0,-1.0,9.0,62.0,1022.7,8.7,13.0,1.0,0.0
2022-01-12,0.0,-1.3,7.8,59.0,1031.1,9.1,27.0,1.0,0.0
2022-01-13,0.0,-2.1,7.0,70.0,1037.0,7.1,357.0,11.0,0.0
2022-01-14,0.0,-2.3,5.3,81.0,1031.4,4.6,287.0,1.0,0.0
2022-01-15,0.0,-1.8,10.2,80.0,1025.7,7.3,25.0,2.0,2.0
2022-01-16,0.0,-1.1,8.1,84.0,1024.3,5.7,357.0,1.0,2.0
2022-01-17,0.0,-0.7,6.9,88.0,1025.6,7.2,325.0,83.0,14.0
2022-01-18,0.0,0.8,10.6,83.0,1032.1,8.2,33.0,27.0,7.0
2022-01-19,0.0,-1.3,7.0,87.0,1031.1,5.7,291.0,21.0,9.0
2022-01-20,0.0,-0.4,6.3,92.0,1021.5,4.6,296.0,86.0,16.0
2022-01-21,0.0,-0.2,8.5,71.0,1023.6,8.9,55.0,35.0,6.0
2022-01-22,0.0,-1.3,5.6,79.0,1026.2,7.7,306.0,21.0,3.0
2022-01-23,0.0,-1.3,7.7,87.0,1030.1,6.1,24.0,34.0,13.0
2022-01-24,0.0,-1.6,8.0,89.0,1032.5,6.9,18.0,68.0,12.0
2022-01-25,0.1,2.5,6.8,82.0,1033.3,6.4,260.0,90.0,2.0
2022-01-26,0.0,-1.4,5.7,90.0,1029.1,5.9,276.0,75.0,17.0
2022-01-27,0.0,-1.8,3.6,94.0,1027.0,4.8,261.0,100.0,22.0
2022-01-28,0.0,1.4,8.9,81.0,1026.1,8.2,328.0,61.0,12.0
2022-01-29,0.0,-1.5,7.7,77.0,1029.4,5.7,35.0,66.0,5.0
2022-01-30,0.0,-0.4,7.9,86.0,1020.5,4.5,344.0,34.0,12.0
2022-01-31,0.0,-1.4,7.0,87.0,1011.3,6.7,327.0,53.0,10.0
2022-02-01,0.0,-1.0,10.1,81.0,1011.3,9.0,220.0,35.0,1.0
2022-02-02,0.0,1.4,10.8,79.0,1011.9,7.2,340.0,66.0,3.0
2022-02-03,0.0,1.5,11.3,81.0,1021.7,11.1,56.0,59.0,0.0
2022-02-04,0.0,3.0,10.3,86.0,1018.4,7.1,8.0,47.0,7.0
2022-02-05,0.0,1.6,9.3,90.0,1019.5,5.2,37.0,39.0,13.0
2022-02-06,0.1,0.6,7.5,92.0,1020.9,6.5,223.0,88.0,17.0
2022-02-07,0.1,4.3,13.3,62.0,1013.8,14.7,328.0,37.0,11.0
2022-02-08,0.0,-0.6,8.3,68.0,1029.2,6.6,259.0,4.0,0.0
2022-02-09,0.0,-0.5,9.4,76.0,1030.8,6.1,40.0,8.0,0.0
2022-02-10,0.0,0.2,8.1,87.0,1027.3,5.9,66.0,42.0,9.0
2022-02-11,0.3,2.9,8.3,88.0,1024.3,6.3,41.0,83.0,6.0
2022-02-12,0.0,3.7,10.8,52.0,1031.2,15.6,48.0,5.0,0.0
2022-02-13,0.0,0.8,8.7,66.0,1027.5,8.6,22.0,28.0,0.0
2022-02-14,0.0,-1.9,6.0,77.0,1019.7,5.1,344.0,74.0,0.0
2022-02-15,16.7,2.9,8.2,93.0,1013.4,11.2,30.0,99.0,19.0
2022-02-16,0.0,2.0,9.9,90.0,1016.4,7.3,208.0,61.0,13.0
2022-02-17,0.0,2.7,8.2,92.0,1012.7,5.0,231.0,78.0,19.0
2022-02-18,0.0,3.1,10.9,89.0,1015.9,8.8,34.0,59.0,16.0
2022-02-19,0.0,5.8,9.7,92.0,1015.8,5.9,132.0,94.0,19.0
2022-02-20,0.0,4.4,12.1,89.0,1018.3,8.0,99.0,54.0,14.0
2022-02-21,0.2,5.1,10.1,94.0,1008.8,6.4,230.0,74.0,23.0
2022-02-22,0.0,1.5,10.6,87.0,1014.8,6.8,181.0,54.0,11.0
2022-02-23,0.0,1.3,11.1,77.0,1024.6,6.9,83.0,2.0,3.0
2022-02-24,0.0,0.8,11.2,81.0,1023.3,6.1,40.0,68.0,5.0
2022-02-25,2.2,1.3,10.9,85.0,1018.8,12.6,66.0,59.0,10.0
2022-02-26,0.0,2.3,9.7,64.0,1025.4,11.0,31.0,27.0,2.0
2022-02-27,0.0,4.1,11.5,37.0,1026.8,20.2,41.0,37.0,0.0
2022-02-28,0.0,0.2,8.3,58.0,1027.7,12.9,85.0,24.0,0.0
2022-03-01,0.0,0.9,8.5,60.0,1030.0,9.7,9.0,7.0,0.0
2022-03-02,0.0,-1.5,8.3,73.0,1024.2,6.8,80.0,45.0,0.0
2022-03-03,0.0,1.8,10.2,78.0,1017.3,6.9,107.0,27.0,2.0
2022-03-04,1.1,2.6,10.8,65.0,1015.3,13.6,58.0,38.0,1.0
2022-03-05,0.0,3.1,9.7,50.0,1018.1,17.2,65.0,21.0,0.0
2022-03-06,0.0,2.4,9.4,49.0,1018.0,15.6,56.0,33.0,0.0
2022-03-07,0.0,1.5,7.6,60.0,1019.2,11.0,66.0,14.0,0.0
2022-03-08,0.0,2.7,7.9,49.0,1023.1,11.5,103.0,47.0,0.0
2022-03-09,0.0,-1.4,11.2,66.0,1023.9,7.1,253.0,13.0,0.0
2022-03-10,0.0,-0.5,11.9,79.0,1025.2,7.6,128.0,1.0,0.0
2022-03-11,0.0,4.7,8.4,65.0,1028.6,12.1,84.0,68.0,0.0
2022-03-12,0.0,1.2,7.5,49.0,1029.2,11.3,58.0,32.0,0.0
2022-03-13,0.0,-2.2,8.9,61.0,1027.8,7.0,92.0,0.0,0.0
2022-03-14,0.0,1.3,10.2,76.0,1032.5,7.6,109.0,53.0,1.0
2022-03-15,0.0,3.2,10.2,87.0,1034.0,6.7,121.0,93.0,12.0
2022-03-16,0.0,3.8,11.5,89.0,1026.2,5.2,77.0,75.0,14.0
2022-03-17,0.0,5.8,14.3,76.0,1027.2,8.9,49.0,91.0,6.0
2022-03-18,0.0,8.7,14.2,53.0,1032.7,20.8,72.0,72.0,0.0
2022-03-19,0.0,5.7,11.4,54.0,1035.2,14.5,70.0,3.0,0.0
2022-03-20,0.0,4.8,12.1,48.0,1036.2,15.0,60.0,3.0,0.0
2022-03-21,0.0,3.8,12.2,48.0,1036.5,11.1,37.0,6.0,0.0
2022-03-22,0.0,4.9,12.9,46.0,1035.1,11.7,43.0,0.0,0.0
2022-03-23,0.0,4.5,17.6,53.0,1030.8,7.5,323.0,0.0,0.0
2022-03-24,0.0,2.9,18.0,65.0,1026.5,8.5,227.0,0.0,0.0
2022-03-25,0.0,4.3,16.7,74.0,1025.2,7.1,124.0,3.0,0.0
2022-03-26,0.0,6.4,17.1,69.0,1026.4,8.0,73.0,17.0,0.0
2022-03-27,0.0,5.2,16.4,69.0,1028.0,7.9,101.0,0.0,0.0
2022-03-28,0.0,3.7,16.0,77.0,1025.0,9.5,158.0,0.0,5.0
2022-03-29,0.0,8.0,13.1,89.0,1015.9,9.0,70.0,86.0,14.0
2022-03-30,0.9,7.6,13.3,88.0,1005.9,9.6,62.0,98.0,14.0
2022-03-31,21.2,8.3,12.1,92.0,994.1,10.4,14.0,95.0,21.0
2022-04-01,6.1,7.4,13.5,90.0,992.9,8.7,103.0,100.0,18.0
2022-04-02,0.8,7.0,10.4,70.0,1000.4,12.9,78.0,97.0,4.0
2022-04-03,0.1,5.2,10.7,65.0,1013.8,11.2,88.0,66.0,0.0
2022-04-04,0.3,4.2,10.7,75.0,1018.2,10.0,89.0,45.0,0.0
2022-04-05,0.0,3.8,12.2,81.0,1013.7,8.5,170.0,6.0,6.0
2022-04-06,0.0,5.9,13.2,81.0,1011.0,9.7,80.0,39.0,8.0
2022-04-07,0.0,6.7,15.2,81.0,1003.9,10.9,132.0,79.0,7.0
2022-04-08,0.0,6.5,15.2,89.0,1003.2,6.3,108.0,89.0,12.0
2022-04-09,7.4,6.6,15.9,71.0,1002.3,21.5,68.0,78.0,4.0
2022-04-10,0.0,3.0,14.7,64.0,1017.3,12.9,197.0,13.0,3.0
2022-04-11,0.0,5.6,13.5,71.0,1021.9,9.9,80.0,42.0,1.0
2022-04-12,0.0,6.4,14.3,84.0,1020.7,9.8,82.0,66.0,8.0
2022-04-13,0.0,7.9,14.7,79.0,1020.1,6.9,78.0,99.0,7.0
2022-04-14,0.0,7.0,19.1,79.0,1019.6,7.2,189.0,46.0,2.0
2022-04-15,0.0,6.9,17.8,72.0,1020.0,6.4,165.0,31.0,3.0
2022-04-16,1.8,9.9,18.8,68.0,1019.3,14.2,59.0,35.0,3.0
2022-04-17,0.0,9.2,14.1,45.0,1021.0,15.2,85.0,17.0,0.0
2022-04-18,0.0,6.7,14.7,53.0,1016.6,10.7,176.0,30.0,0.0
2022-04-19,0.0,5.6,14.1,64.0,1011.5,10.1,107.0,55.0,0.0
2022-04-20,0.0,10.1,13.3,63.0,1013.7,14.3,93.0,66.0,0.0
2022-04-21,1.7,6.6,14.1,74.0,1010.9,10.2,68.0,89.0,2.0
2022-04-22,22.2,10.1,14.6,87.0,1002.0,19.8,42.0,96.0,19.0
2022-04-23,1.6,8.7,14.8,89.0,1006.9,8.8,106.0,82.0,14.0
2022-04-24,11.3,9.7,15.2,84.0,1005.5,9.6,160.0,75.0,12.0
2022-04-25,0.0,7.9,15.1,88.0,1009.9,8.3,145.0,72.0,13.0
2022-04-26,7.5,11.2,16.3,86.0,1013.8,10.0,73.0,52.0,13.0
2022-04-27,0.1,10.4,17.3,76.0,1018.5,10.1,85.0,10.0,5.0
2022-04-28,0.0,10.0,18.1,68.0,1023.7,6.7,64.0,23.0,1.0
2022-04-29,0.0,12.2,19.7,55.0,1024.7,9.0,47.0,26.0,0.0
2022-04-30,0.0,11.3,19.6,59.0,1020.1,8.8,82.0,62.0,0.0
2022-05-01,1.5,13.6,20.9,58.0,1016.0,15.3,34.0,89.0,2.0
2022-05-02,0.4,12.3,20.5,64.0,1014.6,10.7,23.0,56.0,0.0
2022-05-03,0.0,12.8,21.7,61.0,1014.4,9.2,103.0,60.0,0.0
2022-05-04,0.0,10.3,20.7,71.0,1016.8,10.5,163.0,89.0,1.0
2022-05-05,2.5,13.0,18.4,83.0,1019.7,11.6,97.0,79.0,11.0
2022-05-06,9.6,13.7,16.5,91.0,1020.2,9.9,57.0,100.0,19.0
2022-05-07,1.7,13.2,18.4,84.0,1019.2,8.0,21.0,100.0,10.0
2022-05-08,4.6,13.8,21.3,72.0,1019.2,12.3,60.0,69.0,6.0
2022-05-09,0.0,13.8,22.4,64.0,1022.1,9.1,60.0,22.0,0.0
2022-05-10,0.0,12.8,23.9,70.0,1021.0,8.0,150.0,5.0,1.0
2022-05-11,0.0,13.3,23.3,75.0,1019.4,11.4,167.0,55.0,2.0
2022-05-12,0.0,14.6,24.0,78.0,1019.3,9.7,139.0,21.0,6.0
2022-05-13,0.0,16.6,23.5,78.0,1018.2,8.0,94.0,72.0,5.0
2022-05-14,4.0,17.6,25.8,77.0,1018.0,8.9,20.0,80.0,9.0
2022-05-15,0.0,17.0,26.0,71.0,1017.7,8.1,128.0,42.0,0.0
2022-05-16,0.3,17.7,27.2,77.0,1017.6,8.9,125.0,85.0,6.0
2022-05-17,0.0,16.0,25.4,84.0,1017.5,8.0,136.0,34.0,8.0
2022-05-18,1.4,18.5,23.9,73.0,1021.8,8.6,91.0,33.0,3.0
2022-05-19,0.0,17.8,23.0,56.0,1026.5,11.8,112.0,13.0,0.0
2022-05-20,0.0,15.8,22.9,67.0,1025.0,8.7,131.0,50.0,0.0
2022-05-21,0.0,17.0,25.8,70.0,1017.8,8.1,98.0,39.0,2.0
2022-05-22,0.0,17.5,25.4,76.0,1012.1,7.7,119.0,71.0,8.0
2022-05-23,0.1,19.5,24.7,79.0,1008.4,10.7,103.0,49.0,5.0
2022-05-24,11.3,19.5,24.9,74.0,1006.4,14.9,94.0,92.0,4.0
2022-05-25,5.0,17.8,25.9,76.0,1012.0,9.8,62.0,67.0,6.0
2022-05-26,0.3,18.5,24.9,74.0,1019.4,9.2,85.0,67.0,4.0
2022-05-27,0.0,18.4,26.3,76.0,1016.6,9.0,144.0,76.0,4.0
2022-05-28,3.3,17.1,22.3,73.0,1011.0,21.7,59.0,89.0,9.0
2022-05-29,3.5,14.6,20.1,53.0,1008.5,25.1,57.0,87.0,2.0
2022-05-30,0.0,13.8,20.2,62.0,1010.4,12.5,72.0,65.0,0.0
2022-05-31,0.2,15.4,22.9,73.0,1014.4,11.0,102.0,55.0,0.0
2022-06-01,0.6,16.8,23.8,81.0,1014.9,9.5,134.0,29.0,6.0
2022-06-02,0.0,18.8,25.7,80.0,1016.3,9.5,89.0,49.0,8.0
2022-06-03,2.0,20.4,26.5,74.0,1018.0,11.3,71.0,85.0,3.0
2022-06-04,0.0,18.4,25.6,85.0,1017.2,9.1,139.0,61.0,9.0
2022-06-05,0.0,20.5,27.4,77.0,1014.7,8.9,114.0,56.0,5.0
2022-06-06,0.0,18.6,27.4,71.0,1014.6,8.0,120.0,33.0,6.0
2022-06-07,0.5,19.5,26.5,69.0,1011.1,11.2,360.0,84.0,3.0
2022-06-08,0.3,17.3,24.9,65.0,1009.5,8.9,142.0,35.0,6.0
2022-06-09,28.1,16.4,19.2,89.0,1007.9,8.0,344.0,100.0,21.0
2022-06-10,0.0,17.1,27.1,58.0,1014.4,7.6,8.0,33.0,0.0
2022-06-11,0.0,18.1,26.6,57.0,1018.9,7.2,128.0,10.0,0.0
2022-06-12,0.0,19.3,27.1,60.0,1019.4,9.7,135.0,13.0,0.0
2022-06-13,0.0,18.4,26.9,67.0,1015.4,8.2,132.0,39.0,0.0
2022-06-14,0.0,20.5,25.8,60.0,1017.9,13.3,81.0,15.0,0.0
2022-06-15,0.0,19.1,26.3,72.0,1018.2,8.4,123.0,48.0,4.0
2022-06-16,0.0,18.8,27.0,71.0,1016.7,10.2,147.0,43.0,0.0
2022-06-17,0.0,20.9,29.1,67.0,1018.5,10.3,115.0,67.0,0.0
2022-06-18,0.0,22.1,27.8,60.0,1020.8,9.5,129.0,59.0,0.0
2022-06-19,0.0,19.7,28.6,59.0,1016.2,10.1,161.0,1.0,0.0
2022-06-20,0.0,19.9,27.0,76.0,1012.0,11.1,112.0,7.0,3.0
2022-06-21,0.0,22.6,29.1,68.0,1011.1,11.8,116.0,54.0,0.0
2022-06-22,0.4,21.3,27.3,77.0,1011.4,8.6,147.0,90.0,6.0
2022-06-23,13.4,20.3,29.4,79.0,1011.8,8.4,148.0,38.0,10.0
2022-06-24,0.4,20.6,30.2,79.0,1010.5,13.4,128.0,22.0,10.0
2022-06-25,0.2,19.5,29.9,63.0,1011.5,12.2,149.0,5.0,0.0
2022-06-26,0.0,22.2,28.7,71.0,1014.1,12.3,102.0,14.0,2.0
2022-06-27,0.0,22.4,29.4,64.0,1014.5,10.4,90.0,8.0,0.0
2022-06-28,10.7,22.8,30.6,64.0,1013.7,14.1,45.0,54.0,3.0
2022-06-29,2.8,20.8,28.6,67.0,1010.6,13.8,31.0,52.0,3.0
2022-06-30,1.1,21.5,28.9,76.0,1011.5,8.0,137.0,15.0,6.0
2022-07-01,1.2,23.3,28.8,76.0,1013.0,11.5,50.0,40.0,8.0
2022-07-02,0.0,21.5,30.8,62.0,1017.2,11.7,78.0,10.0,0.0
2022-07-03,0.0,23.4,32.2,57.0,1016.5,9.6,93.0,29.0,1.0
2022-07-04,0.0,23.5,33.8,56.0,1014.4,8.4,25.0,39.0,2.0
2022-07-05,0.0,21.9,30.1,62.0,1014.2,9.9,46.0,31.0,4.0
2022-07-06,1.0,20.9,30.1,52.0,1016.9,12.3,60.0,34.0,1.0
2022-07-07,6.1,19.4,28.3,62.0,1016.5,15.5,60.0,55.0,3.0
2022-07-08,0.0,19.0,27.6,56.0,1019.4,8.5,101.0,10.0,0.0
2022-07-09,0.0,21.4,27.0,47.0,1021.1,12.1,121.0,41.0,0.0
2022-07-10,0.0,20.3,29.5,48.0,1016.2,14.8,189.0,45.0,0.0
2022-07-11,0.0,21.0,25.6,61.0,1018.3,13.7,96.0,31.0,0.0
2022-07-12,2.7,19.0,26.7,67.0,1020.4,11.9,85.0,42.0,3.0
2022-07-13,0.1,20.1,27.6,63.0,1022.1,13.4,131.0,17.0,0.0
2022-07-14,0.1,19.0,27.7,61.0,1018.9,8.0,160.0,50.0,0.0
2022-07-15,0.0,20.5,28.7,70.0,1013.5,9.4,99.0,17.0,1.0
2022-07-16,0.0,23.0,29.4,56.0,1015.5,13.9,76.0,31.0,0.0
2022-07-17,1.8,22.0,29.8,53.0,1020.3,14.7,63.0,28.0,1.0
2022-07-18,0.0,23.3,29.8,50.0,1021.4,11.7,83.0,26.0,0.0
2022-07-19,0.0,23.1,31.1,49.0,1019.8,9.3,125.0,13.0,0.0
2022-07-20,0.0,22.3,31.3,54.0,1018.4,9.2,137.0,2.0,0.0
2022-07-21,0.0,20.9,31.1,57.0,1016.3,8.1,147.0,7.0,0.0
2022-07-22,0.0,21.3,32.6,60.0,1015.4,7.7,153.0,43.0,0.0
2022-07-23,0.0,23.3,32.0,62.0,1014.1,8.9,133.0,63.0,0.0
2022-07-24,0.0,23.3,32.0,57.0,1015.4,10.5,79.0,10.0,0.0
2022-07-25,0.0,23.7,32.3,61.0,1012.6,11.6,125.0,14.0,0.0
2022-07-26,4.5,24.3,31.3,64.0,1009.9,10.1,76.0,46.0,2.0
2022-07-27,4.1,21.8,30.3,61.0,1010.8,12.6,67.0,77.0,7.0
2022-07-28,0.0,23.6,29.2,55.0,1013.0,13.1,81.0,25.0,0.0
2022-07-29,0.0,22.8,30.4,58.0,1013.1,11.5,145.0,77.0,0.0
2022-07-30,18.3,20.9,27.3,70.0,1013.7,5.9,186.0,33.0,4.0
2022-07-31,0.0,19.9,29.7,69.0,1014.9,9.7,147.0,9.0,0.0
2022-08-01,0.0,21.8,29.7,75.0,1014.1,10.1,121.0,9.0,5.0
2022-08-02,0.5,21.6,30.5,61.0,1015.6,12.1,43.0,44.0,1.0
2022-08-03,0.0,22.3,29.7,61.0,1016.0,10.0,93.0,5.0,0.0
2022-08-04,0.0,20.9,31.9,59.0,1014.9,8.6,148.0,1.0,0.0
2022-08-05,0.0,22.0,30.8,62.0,1013.1,8.9,177.0,4.0,0.0
2022-08-06,0.0,22.4,33.7,55.0,1013.4,13.5,28.0,13.0,0.0
2022-08-07,0.2,23.9,29.8,55.0,1015.4,14.8,52.0,47.0,0.0
2022-08-08,0.1,22.6,31.0,55.0,1015.8,15.9,47.0,50.0,0.0
2022-08-09,0.0,23.9,30.0,49.0,1018.5,15.0,84.0,21.0,0.0
2022-08-10,0.0,22.3,30.6,45.0,1019.1,14.5,84.0,18.0,0.0
2022-08-11,0.0,23.1,29.6,41.0,1017.5,12.3,80.0,42.0,0.0
2022-08-12,1.5,20.4,27.9,48.0,1015.3,13.1,43.0,74.0,2.0
2022-08-13,0.0,19.3,27.6,51.0,1013.3,10.8,64.0,38.0,0.0
2022-08-14,0.0,17.7,28.9,61.0,1010.0,11.6,188.0,34.0,0.0
2022-08-15,0.0,20.7,28.4,71.0,1006.9,8.8,62.0,55.0,0.0
2022-08-16,2.5,19.6,27.9,72.0,1010.0,8.5,94.0,11.0,6.0
2022-08-17,0.1,21.6,27.8,82.0,1012.4,10.3,104.0,49.0,9.0
2022-08-18,0.8,21.1,27.7,80.0,1011.1,11.4,55.0,84.0,8.0
2022-08-19,16.6,20.2,26.8,73.0,1009.3,8.9,334.0,77.0,4.0
2022-08-20,0.1,18.5,29.3,72.0,1011.1,9.6,320.0,45.0,4.0
2022-08-21,0.4,19.8,28.2,70.0,1011.0,5.9,92.0,9.0,1.0
2022-08-22,0.0,20.7,28.2,67.0,1009.3,7.8,123.0,15.0,0.0
2022-08-23,0.0,20.3,26.3,74.0,1012.6,8.8,124.0,52.0,2.0
2022-08-24,0.0,19.8,28.3,69.0,1015.5,6.7,3.0,5.0,2.0
2022-08-25,0.0,20.9,28.9,65.0,1013.9,6.4,270.0,12.0,0.0
2022-08-26,0.0,22.5,29.8,63.0,1010.8,8.1,15.0,32.0,0.0
2022-08-27,0.6,21.8,29.5,65.0,1010.1,8.4,6.0,81.0,1.0
2022-08-28,11.9,20.0,28.6,76.0,1013.0,8.5,101.0,73.0,7.0
2022-08-29,0.1,20.0,27.6,73.0,1016.2,7.7,34.0,66.0,1.0
2022-08-30,1.4,20.3,29.3,74.0,1016.8,9.7,61.0,73.0,3.0
2022-08-31,3.4,20.2,26.0,75.0,1014.3,9.5,36.0,73.0,3.0
2022-09-01,0.1,20.4,25.2,60.0,1013.9,21.7,68.0,83.0,0.0
2022-09-02,0.0,18.6,24.9,56.0,1015.4,11.3,54.0,44.0,0.0
2022-09-03,0.0,17.7,24.9,69.0,1015.6,9.7,75.0,73.0,0.0
2022-09-04,0.0,18.8,25.7,74.0,1018.5,10.1,89.0,18.0,0.0
2022-09-05,0.0,19.1,26.9,76.0,1021.5,7.4,125.0,40.0,4.0
2022-09-06,0.0,19.7,27.3,80.0,1018.4,8.2,149.0,31.0,7.0
2022-09-07,5.3,19.8,25.7,80.0,1016.0,9.8,62.0,78.0,8.0
2022-09-08,5.7,19.1,24.3,82.0,1012.1,14.1,44.0,96.0,6.0
2022-09-09,10.8,18.7,24.5,79.0,1012.2,13.1,44.0,58.0,7.0
2022-09-10,0.3,17.6,25.8,65.0,1013.3,8.1,19.0,16.0,1.0
2022-09-11,0.4,16.8,25.3,66.0,1014.8,10.8,59.0,11.0,0.0
2022-09-12,0.0,17.6,25.1,70.0,1015.6,9.1,80.0,21.0,1.0
2022-09-13,0.0,17.5,25.1,75.0,1013.6,9.3,118.0,42.0,0.0
2022-09-14,0.0,19.2,27.8,76.0,1010.5,9.9,221.0,97.0,7.0
2022-09-15,0.0,20.2,28.4,73.0,1005.9,14.3,222.0,70.0,1.0
2022-09-16,2.8,17.4,26.7,76.0,1004.5,16.5,50.0,47.0,5.0
2022-09-17,15.6,13.6,17.4,77.0,1007.2,19.9,50.0,69.0,8.0
2022-09-18,0.0,10.8,21.9,68.0,1013.2,8.7,255.0,41.0,6.0
2022-09-19,0.0,12.3,22.9,68.0,1012.4,8.5,82.0,24.0,2.0
2022-09-20,0.1,13.2,21.0,53.0,1017.4,11.2,54.0,21.0,1.0
2022-09-21,0.2,13.5,19.6,57.0,1021.7,12.9,60.0,19.0,0.0
2022-09-22,0.0,12.3,19.1,60.0,1021.7,8.0,45.0,19.0,0.0
2022-09-23,0.0,11.7,20.7,58.0,1020.2,11.1,97.0,38.0,0.0
2022-09-24,0.7,13.2,20.2,68.0,1016.4,7.6,28.0,100.0,1.0
2022-09-25,17.5,14.8,21.4,81.0,1011.2,11.3,17.0,83.0,12.0
2022-09-26,1.8,13.0,21.8,81.0,1006.8,7.7,50.0,65.0,10.0
2022-09-27,2.3,14.2,19.3,86.0,1000.3,10.4,42.0,67.0,14.0
2022-09-28,1.4,12.6,19.5,79.0,1000.7,12.4,35.0,81.0,5.0
2022-09-29,5.5,13.7,20.7,86.0,999.4,11.9,49.0,66.0,16.0
2022-09-30,32.3,13.6,18.5,90.0,1008.0,12.4,41.0,99.0,15.0
2022-10-01,1.5,13.8,20.5,77.0,1014.2,14.7,254.0,65.0,9.0
2022-10-02,0.0,12.8,20.2,83.0,1018.4,7.5,49.0,31.0,10.0
2022-10-03,0.0,14.0,21.2,82.0,1018.9,7.7,53.0,17.0,11.0
2022-10-04,0.2,14.7,20.4,82.0,1022.3,10.2,44.0,64.0,9.0
2022-10-05,0.0,14.1,20.3,85.0,1026.6,8.1,86.0,55.0,9.0
2022-10-06,0.0,13.5,20.7,88.0,1027.6,5.7,47.0,92.0,12.0
2022-10-07,0.0,14.6,23.6,71.0,1024.3,8.2,13.0,16.0,0.0
2022-10-08,0.0,12.4,20.7,84.0,1019.4,6.7,69.0,32.0,7.0
2022-10-09,0.0,14.9,22.8,75.0,1021.1,13.4,57.0,83.0,8.0
2022-10-10,0.4,13.8,20.9,67.0,1020.8,9.8,45.0,42.0,1.0
2022-10-11,0.0,11.8,22.1,76.0,1021.0,5.7,341.0,30.0,1.0
2022-10-12,0.0,14.6,20.9,72.0,1022.2,10.4,47.0,75.0,0.0
2022-10-13,0.0,13.7,21.3,69.0,1020.5,8.3,28.0,62.0,0.0
2022-10-14,0.0,12.8,20.3,73.0,1017.1,6.3,23.0,60.0,0.0
2022-10-15,0.0,12.5,20.3,79.0,1016.5,6.6,109.0,49.0,3.0
2022-10-16,0.0,13.9,20.6,86.0,1022.7,6.5,78.0,46.0,12.0
2022-10-17,0.0,13.2,21.5,88.0,1028.3,7.0,266.0,58.0,14.0
2022-10-18,0.0,12.1,19.4,88.0,1026.4,5.3,57.0,5.0,12.0
2022-10-19,0.0,12.5,23.2,85.0,1022.1,4.9,245.0,39.0,12.0
2022-10-20,0.0,14.8,20.0,82.0,1022.0,9.8,72.0,61.0,4.0
2022-10-21,0.3,14.4,21.0,88.0,1019.8,7.2,41.0,99.0,14.0
2022-10-22,4.8,14.9,21.5,87.0,1017.6,9.3,139.0,74.0,10.0
2022-10-23,0.0,14.6,21.2,88.0,1021.5,9.4,51.0,75.0,11.0
2022-10-24,0.1,16.3,21.6,91.0,1019.2,10.3,114.0,87.0,15.0
2022-10-25,2.0,15.3,21.6,85.0,1019.1,10.5,51.0,70.0,12.0
2022-10-26,0.0,13.9,20.1,89.0,1022.1,6.8,62.0,57.0,15.0
2022-10-27,0.0,12.8,21.6,91.0,1026.9,6.4,283.0,58.0,16.0
2022-10-28,0.0,11.2,20.8,86.0,1027.5,5.9,275.0,8.0,11.0
2022-10-29,0.0,11.8,18.9,91.0,1025.6,4.0,305.0,22.0,12.0
2022-10-30,0.0,11.0,19.8,92.0,1022.6,4.4,283.0,68.0,16.0
2022-10-31,0.0,11.0,18.7,92.0,1021.9,3.6,221.0,77.0,16.0
2022-11-01,0.0,11.3,16.8,91.0,1022.2,3.9,21.0,78.0,12.0
2022-11-02,3.0,12.3,18.1,91.0,1023.3,5.1,301.0,86.0,17.0
2022-11-03,1.4,12.8,17.3,92.0,1019.6,5.3,224.0,97.0,15.0
2022-11-04,16.2,12.2,17.9,79.0,1004.2,17.8,215.0,55.0,11.0
2022-11-05,0.0,11.3,18.5,51.0,1010.9,10.5,16.0,47.0,0.0
2022-11-06,0.0,8.8,15.4,61.0,1017.7,8.4,11.0,42.0,0.0
2022-11-07,0.0,6.4,15.5,73.0,1020.2,5.2,336.0,24.0,0.0
2022-11-08,0.0,5.1,14.0,80.0,1021.3,4.5,310.0,46.0,3.0
2022-11-09,0.3,7.9,14.6,80.0,1020.0,6.0,7.0,81.0,0.0
2022-11-10,13.6,11.8,15.8,88.0,1024.3,10.8,25.0,78.0,12.0
2022-11-11,0.0,8.9,15.6,83.0,1033.1,7.6,3.0,71.0,8.0
2022-11-12,0.0,6.8,15.5,87.0,1030.2,8.1,339.0,90.0,12.0
2022-11-13,2.6,10.3,15.6,66.0,1026.0,18.6,61.0,62.0,3.0
2022-11-14,4.6,10.0,12.8,88.0,1022.5,12.6,19.0,100.0,15.0
2022-11-15,1.8,7.5,12.5,89.0,1017.2,6.9,273.0,74.0,15.0
2022-11-16,3.3,8.9,13.0,91.0,1005.1,9.0,317.0,83.0,20.0
2022-11-17,1.9,8.5,13.1,94.0,1002.4,5.7,290.0,96.0,19.0
2022-11-18,1.1,7.9,16.1,86.0,1000.0,9.1,318.0,54.0,15.0
2022-11-19,0.2,7.5,14.6,79.0,1006.2,15.2,45.0,98.0,7.0
2022-11-20,0.1,6.5,12.8,75.0,1010.4,8.7,30.0,43.0,0.0
2022-11-21,0.4,4.2,10.9,86.0,1009.0,7.0,28.0,65.0,7.0
2022-11-22,52.5,7.5,9.3,87.0,995.3,29.0,35.0,100.0,22.0
2022-11-23,3.2,5.1,13.0,83.0,1002.8,8.5,263.0,50.0,9.0
2022-11-24,0.0,4.3,12.6,80.0,1012.9,7.1,352.0,13.0,5.0
2022-11-25,0.0,3.3,12.9,81.0,1019.4,10.4,19.0,80.0,5.0
2022-11-26,0.0,7.1,14.0,67.0,1025.1,12.9,38.0,56.0,0.0
2022-11-27,0.0,4.7,11.5,70.0,1028.0,10.9,14.0,17.0,0.0
2022-11-28,0.0,4.5,7.9,71.0,1020.2,11.4,23.0,99.0,0.0
2022-11-29,0.7,5.5,8.8,75.0,1017.4,15.7,45.0,92.0,0.0
2022-11-30,0.0,3.8,9.8,64.0,1018.6,15.0,37.0,96.0,0.0
2022-12-01,0.0,6.5,11.1,62.0,1018.5,15.2,56.0,88.0,0.0
2022-12-02,1.9,6.4,9.1,79.0,1019.3,15.1,40.0,95.0,5.0
2022-12-03,2.2,6.4,9.3,80.0,1018.1,19.1,43.0,100.0,3.0
2022-12-04,10.4,6.8,10.1,88.0,1014.7,20.7,45.0,85.0,16.0
2022-12-05,9.8,6.5,12.7,92.0,1017.7,9.7,29.0,69.0,18.0
2022-12-06,0.0,4.2,10.5,92.0,1016.2,6.3,334.0,57.0,18.0
2022-12-07,0.0,2.6,10.5,75.0,1013.5,9.3,3.0,20.0,2.0
2022-12-08,0.0,4.7,8.7,67.0,1011.3,10.2,6.0,75.0,0.0
2022-12-09,16.4,5.2,7.2,90.0,1004.3,11.7,4.0,97.0,19.0
2022-12-10,1.3,5.6,9.2,93.0,999.0,7.8,358.0,100.0,20.0
2022-12-11,8.9,2.6,8.4,87.0,1001.8,13.8,21.0,100.0,13.0
2022-12-12,0.0,0.7,5.4,80.0,1009.9,9.8,22.0,24.0,6.0
2022-12-13,0.0,-0.3,4.5,52.0,1011.4,15.5,34.0,99.0,0.0
2022-12-14,0.0,1.9,6.1,59.0,1007.1,7.3,352.0,92.0,0.0
2022-12-15,14.9,0.8,6.3,86.0,1007.0,11.4,17.0,86.0,11.0
2022-12-16,3.7,4.9,7.7,93.0,1004.1,8.0,296.0,97.0,22.0
2022-12-17,0.2,5.1,9.7,78.0,1016.8,15.2,50.0,60.0,9.0
2022-12-18,0.0,1.8,7.7,69.0,1032.1,12.8,37.0,26.0,0.0
2022-12-19,0.0,0.2,5.7,77.0,1034.7,6.4,5.0,83.0,3.0
2022-12-20,0.0,1.0,5.9,80.0,1029.6,4.7,337.0,100.0,1.0
2022-12-21,1.6,4.1,6.0,80.0,1022.4,3.6,344.0,100.0,4.0
2022-12-22,0.0,2.5,7.9,88.0,1018.2,4.3,316.0,82.0,9.0
2022-12-23,0.1,4.2,9.4,89.0,1015.9,5.4,328.0,98.0,14.0
2022-12-24,0.0,4.0,10.0,86.0,1017.7,4.6,349.0,91.0,5.0
2022-12-25,0.0,3.8,10.3,91.0,1023.7,5.5,279.0,81.0,19.0
2022-12-26,0.0,6.4,9.2,93.0,1025.3,3.4,234.0,97.0,20.0
2022-12-27,0.0,5.4,10.4,93.0,1025.7,5.5,6.0,78.0,21.0
2022-12-28,1.3,6.7,10.4,80.0,1026.3,8.7,37.0,81.0,4.0
2022-12-29,1.6,5.5,8.6,86.0,1022.8,3.5,334.0,95.0,5.0
2022-12-30,1.8,6.1,10.4,95.0,1021.7,4.0,10.0,100.0,24.0
2022-12-31,0.0,6.6,8.6,97.0,1029.0,4.3,248.0,98.0,24.0
2023-01-01,0.0,6.0,10.2,95.0,1031.2,4.9,203.0,93.0,22.0
2023-01-02,0.0,7.5,9.5,96.0,1030.2,5.7,211.0,100.0,24.0
2023-01-03,0.3,7.9,10.4,94.0,1029.8,3.5,237.0,99.0,22.0
2023-01-04,0.7,5.8,11.7,96.0,1029.8,6.0,275.0,95.0,23.0
2023-01-05,0.0,5.3,9.7,94.0,1023.8,7.0,243.0,92.0,19.0
2023-01-06,0.0,4.7,9.5,92.0,1025.5,5.5,310.0,90.0,14.0
2023-01-07,0.0,5.8,9.6,85.0,1024.3,7.1,269.0,69.0,5.0
2023-01-08,8.0,5.4,8.2,92.0,1017.2,7.0,34.0,99.0,16.0
2023-01-09,19.0,6.1,11.9,88.0,1004.0,10.2,298.0,99.0,15.0
2023-01-10,0.0,2.9,12.0,77.0,1013.9,10.7,289.0,41.0,4.0
2023-01-11,0.0,1.6,10.4,67.0,1020.9,7.4,15.0,71.0,0.0
2023-01-12,0.8,2.7,11.8,82.0,1021.9,7.1,300.0,77.0,6.0
2023-01-13,0.0,2.5,8.7,90.0,1019.5,4.2,326.0,79.0,14.0
2023-01-14,0.0,1.3,10.4,84.0,1022.2,5.2,340.0,57.0,8.0
2023-01-15,4.0,2.6,7.1,90.0,1015.1,4.6,354.0,99.0,15.0
2023-01-16,9.5,5.2,8.9,84.0,1000.5,9.9,30.0,99.0,10.0
2023-01-17,6.3,1.7,6.7,92.0,990.6,12.2,18.0,79.0,19.0
2023-01-18,2.3,1.1,7.0,91.0,993.1,7.9,306.0,95.0,19.0
2023-01-19,11.8,2.8,4.8,80.0,1002.2,22.5,37.0,100.0,15.0
2023-01-20,5.6,2.6,6.6,67.0,1008.8,18.5,40.0,80.0,6.0
2023-01-21,0.0,-0.6,7.5,53.0,1011.1,11.3,15.0,96.0,0.0
2023-01-22,0.2,5.1,8.0,48.0,1017.6,20.5,51.0,90.0,0.0
2023-01-23,6.3,4.1,9.8,65.0,1019.7,26.3,45.0,87.0,7.0
2023-01-24,1.0,5.6,10.9,73.0,1028.9,13.9,48.0,59.0,2.0
2023-01-25,0.4,4.5,9.9,76.0,1026.6,15.3,58.0,49.0,2.0
2023-01-26,0.0,1.6,7.0,66.0,1016.8,15.7,43.0,27.0,0.0
2023-01-27,0.0,0.1,7.2,60.0,1014.7,13.6,35.0,34.0,0.0
2023-01-28,0.0,-0.0,7.2,67.0,1019.4,8.8,31.0,39.0,0.0
2023-01-29,0.0,0.5,6.6,68.0,1025.2,8.6,31.0,36.0,0.0
2023-01-30,0.0,-1.6,5.8,88.0,1019.7,4.9,320.0,52.0,10.0
2023-01-31,0.0,-1.9,9.4,86.0,1021.6,7.9,297.0,46.0,11.0
2023-02-01,0.0,0.2,8.3,86.0,1021.1,6.2,31.0,40.0,9.0
2023-02-02,0.0,0.3,5.4,93.0,1021.6,4.7,32.0,85.0,21.0
2023-02-03,0.0,1.0,9.2,92.0,1024.8,6.7,39.0,91.0,18.0
2023-02-04,0.0,1.5,10.0,87.0,1022.8,9.5,81.0,77.0,15.0
2023-02-05,0.1,1.5,6.9,70.0,1033.1,7.6,82.0,84.0,0.0
2023-02-06,0.0,1.7,4.8,66.0,1035.6,12.9,77.0,88.0,0.0
2023-02-07,0.0,-1.0,4.6,60.0,1037.5,11.5,40.0,1.0,0.0
2023-02-08,0.0,-1.4,4.0,55.0,1038.3,20.2,51.0,0.0,0.0
2023-02-09,0.0,-0.9,5.7,49.0,1037.7,15.0,45.0,4.0,0.0
2023-02-10,0.0,-3.9,6.8,63.0,1037.3,6.1,352.0,0.0,0.0
2023-02-11,0.0,-3.2,7.7,69.0,1035.4,6.6,283.0,50.0,0.0
2023-02-12,0.0,-1.8,10.8,72.0,1034.4,5.5,353.0,17.0,0.0
2023-02-13,0.0,1.3,10.5,74.0,1037.7,7.9,13.0,0.0,0.0
2023-02-14,0.0,-1.3,8.5,89.0,1034.2,5.1,359.0,7.0,13.0
2023-02-15,0.0,-0.8,12.0,85.0,1030.0,5.8,14.0,1.0,12.0
2023-02-16,0.0,1.4,9.5,92.0,1029.3,5.9,49.0,73.0,17.0
2023-02-17,0.0,4.2,9.3,94.0,1029.8,7.0,184.0,85.0,20.0
2023-02-18,0.0,6.4,9.6,89.0,1027.8,7.3,80.0,100.0,13.0
2023-02-19,0.0,5.6,10.7,92.0,1023.8,5.6,88.0,99.0,20.0
2023-02-20,0.0,4.2,12.0,88.0,1026.3,6.9,127.0,74.0,13.0
2023-02-21,0.0,3.6,9.5,93.0,1021.9,4.3,77.0,93.0,18.0
2023-02-22,0.3,6.1,11.5,89.0,1018.4,5.8,60.0,94.0,13.0
2023-02-23,0.3,4.4,11.0,94.0,1016.0,4.7,100.0,72.0,20.0
2023-02-24,0.0,5.0,9.7,95.0,1012.5,6.1,135.0,95.0,22.0
2023-02-25,0.2,5.9,13.4,90.0,1001.1,10.3,199.0,56.0,15.0
2023-02-26,0.7,5.7,8.5,58.0,1004.0,29.6,63.0,100.0,3.0
2023-02-27,0.0,4.5,8.2,43.0,1017.2,26.8,62.0,91.0,0.0
2023-02-28,0.0,3.2,9.6,53.0,1022.5,23.3,56.0,54.0,0.0
2023-03-01,2.2,4.8,9.9,57.0,1018.2,29.2,53.0,99.0,2.0
2023-03-02,0.4,6.3,11.6,66.0,1017.3,18.4,60.0,78.0,0.0
2023-03-03,0.6,2.9,13.2,73.0,1016.7,9.3,45.0,73.0,1.0
2023-03-04,0.0,2.9,13.4,76.0,1016.8,7.4,328.0,3.0,2.0
2023-03-05,0.0,1.4,10.7,86.0,1012.2,8.2,94.0,24.0,14.0
2023-03-06,0.0,4.2,10.6,88.0,1006.6,8.3,57.0,63.0,13.0
2023-03-07,0.2,3.6,11.4,88.0,1004.3,8.9,150.0,83.0,13.0
2023-03-08,0.0,4.8,12.0,79.0,1004.7,9.4,177.0,73.0,0.0
2023-03-09,0.3,9.6,16.7,82.0,1004.2,10.9,118.0,80.0,5.0
2023-03-10,0.4,7.1,15.4,87.0,999.1,8.7,67.0,60.0,14.0
2023-03-11,2.1,7.1,15.5,89.0,999.1,10.5,64.0,82.0,13.0
2023-03-12,0.0,5.6,11.6,60.0,1013.7,13.6,74.0,60.0,0.0
2023-03-13,0.0,4.7,12.8,79.0,1017.5,7.7,66.0,91.0,3.0
2023-03-14,6.2,8.4,12.1,92.0,1005.0,9.1,65.0,89.0,18.0
2023-03-15,0.3,7.9,12.2,74.0,1009.8,9.5,24.0,62.0,7.0
2023-03-16,0.0,4.1,10.7,63.0,1021.6,10.2,112.0,41.0,0.0
2023-03-17,0.0,2.4,11.7,72.0,1022.9,7.4,192.0,59.0,0.0
2023-03-18,0.0,2.8,11.5,73.0,1019.2,6.7,148.0,47.0,1.0
2023-03-19,0.4,4.3,13.1,80.0,1019.9,5.6,93.0,100.0,7.0
2023-03-20,2.7,7.6,13.1,92.0,1019.6,6.6,70.0,67.0,19.0
2023-03-21,0.0,5.4,17.2,85.0,1017.3,6.8,230.0,20.0,11.0
2023-03-22,0.0,7.6,16.3,83.0,1015.8,7.9,169.0,40.0,9.0
2023-03-23,0.0,7.2,14.1,88.0,1015.5,6.1,115.0,78.0,14.0
2023-03-24,0.0,7.6,17.7,84.0,1014.2,8.0,196.0,91.0,11.0
2023-03-25,0.0,9.1,19.4,77.0,1011.3,12.6,26.0,48.0,2.0
2023-03-26,14.4,8.5,15.2,81.0,1008.1,11.1,61.0,61.0,6.0
2023-03-27,2.2,7.3,15.9,74.0,1005.6,10.8,337.0,70.0,10.0
2023-03-28,0.0,3.1,14.9,44.0,1022.2,9.8,232.0,20.0,0.0
2023-03-29,0.0,5.6,14.6,66.0,1023.4,11.2,70.0,73.0,0.0
2023-03-30,0.0,8.4,14.4,86.0,1021.2,8.6,85.0,98.0,11.0
2023-03-31,1.1,9.8,14.9,89.0,1012.0,9.6,145.0,95.0,12.0
2023-04-01,0.2,7.6,15.0,88.0,1005.3,7.4,95.0,53.0,13.0
2023-04-02,1.6,8.7,16.7,78.0,1009.7,10.4,39.0,77.0,9.0
2023-04-03,0.0,9.1,14.0,58.0,1014.2,21.1,82.0,26.0,0.0
2023-04-04,0.0,5.9,10.5,44.0,1016.6,18.2,89.0,11.0,0.0
2023-04-05,0.0,4.2,9.4,52.0,1019.1,12.4,87.0,53.0,0.0
2023-04-06,0.0,3.1,11.2,59.0,1019.2,9.3,97.0,5.0,0.0
2023-04-07,0.0,3.2,12.7,75.0,1016.6,7.5,118.0,74.0,4.0
2023-04-08,0.7,6.4,14.5,74.0,1017.6,10.2,61.0,75.0,1.0
2023-04-09,1.4,6.6,13.5,75.0,1021.9,12.9,48.0,40.0,5.0
2023-04-10,0.1,6.0,14.6,64.0,1023.4,9.3,118.0,22.0,0.0
2023-04-11,0.0,5.8,13.5,70.0,1016.8,9.4,131.0,93.0,0.0
2023-04-12,0.0,8.5,15.1,67.0,1010.6,9.0,64.0,95.0,0.0
2023-04-13,25.1,8.0,12.0,84.0,1002.9,22.6,39.0,100.0,18.0
2023-04-14,16.9,6.4,12.7,75.0,1003.6,15.5,354.0,86.0,9.0
2023-04-15,0.1,8.2,15.0,82.0,1006.3,15.0,63.0,86.0,8.0
2023-04-16,0.0,7.1,14.7,72.0,1012.8,8.7,67.0,48.0,0.0
2023-04-17,0.2,8.4,18.8,64.0,1014.2,9.7,347.0,63.0,0.0
2023-04-18,0.0,10.3,17.1,63.0,1015.1,7.8,75.0,81.0,0.0
2023-04-19,6.8,10.9,17.9,74.0,1015.2,7.0,339.0,55.0,6.0
2023-04-20,4.4,10.7,15.3,83.0,1013.3,16.8,59.0,82.0,10.0
2023-04-21,3.7,10.3,17.9,77.0,1014.5,9.9,29.0,71.0,4.0
2023-04-22,0.4,8.4,18.0,83.0,1014.5,9.0,163.0,82.0,8.0
2023-04-23,2.1,9.9,17.3,85.0,1012.4,8.2,92.0,80.0,12.0
2023-04-24,7.2,12.1,16.1,84.0,1007.2,9.8,58.0,85.0,16.0
2023-04-25,13.6,10.1,14.3,82.0,1009.7,12.5,39.0,61.0,10.0
2023-04-26,0.0,5.9,16.4,80.0,1014.3,10.4,156.0,21.0,7.0
2023-04-27,0.0,10.0,17.1,70.0,1018.3,9.9,97.0,29.0,0.0
2023-04-28,0.0,9.4,17.2,74.0,1018.9,8.1,80.0,90.0,3.0
2023-04-29,0.0,11.1,17.0,78.0,1015.1,8.2,86.0,88.0,3.0
2023-04-30,0.1,11.5,20.7,79.0,1015.6,9.6,54.0,75.0,7.0
2023-05-01,2.9,13.6,18.9,66.0,1015.5,17.2,58.0,100.0,5.0
2023-05-02,28.0,12.5,14.6,88.0,1015.4,20.4,28.0,100.0,24.0
2023-05-03,6.3,12.6,19.1,70.0,1020.2,15.6,41.0,76.0,6.0
2023-05-04,0.0,10.5,19.7,68.0,1021.1,7.5,173.0,26.0,0.0
2023-05-05,0.0,10.2,20.6,81.0,1019.1,8.2,177.0,40.0,5.0
2023-05-06,0.0,11.1,21.6,80.0,1016.0,7.2,168.0,79.0,8.0
2023-05-07,0.0,12.3,21.2,77.0,1016.0,7.6,106.0,84.0,2.0
2023-05-08,1.5,16.0,20.7,79.0,1018.6,12.8,48.0,92.0,5.0
2023-05-09,0.0,14.2,19.1,70.0,1017.9,12.1,76.0,53.0,0.0
2023-05-10,33.7,12.4,15.7,86.0,1012.6,18.7,40.0,100.0,19.0
2023-05-11,37.1,11.6,14.6,86.0,1010.1,20.2,24.0,99.0,19.0
2023-05-12,7.4,11.5,16.4,87.0,1013.2,12.7,72.0,95.0,14.0
2023-05-13,9.7,11.9,17.0,87.0,1017.2,10.8,59.0,92.0,11.0
2023-05-14,3.9,12.5,16.3,77.0,1012.5,14.0,27.0,89.0,5.0
2023-05-15,0.0,10.7,20.0,80.0,1008.8,6.5,342.0,58.0,6.0
2023-05-16,18.7,13.1,18.7,76.0,1005.1,22.8,31.0,100.0,14.0
2023-05-17,20.0,12.3,16.8,77.0,1011.3,14.4,49.0,100.0,7.0
2023-05-18,0.0,12.2,18.9,62.0,1018.0,12.2,76.0,57.0,0.0
2023-05-19,0.1,14.7,18.8,67.0,1018.9,17.3,74.0,100.0,0.0
2023-05-20,1.3,15.6,21.4,73.0,1015.5,18.2,44.0,100.0,1.0
2023-05-21,0.0,16.3,25.1,66.0,1012.5,16.4,55.0,47.0,0.0
2023-05-22,0.0,16.6,24.4,66.0,1012.9,10.8,41.0,11.0,0.0
2023-05-23,0.2,15.1,24.3,84.0,1012.3,7.5,130.0,35.0,3.0
2023-05-24,1.4,16.7,23.9,77.0,1013.6,12.8,60.0,37.0,2.0
2023-05-25,0.7,16.3,24.5,73.0,1017.5,14.8,35.0,21.0,1.0
2023-05-26,1.1,16.6,25.8,76.0,1018.3,7.2,44.0,16.0,4.0
2023-05-27,0.0,17.9,24.4,67.0,1018.5,10.1,36.0,48.0,0.0
2023-05-28,0.0,17.7,23.8,66.0,1015.1,10.3,56.0,73.0,0.0
2023-05-29,0.0,16.7,25.0,64.0,1014.3,11.9,36.0,47.0,0.0
2023-05-30,0.0,17.7,25.4,59.0,1015.4,14.6,47.0,39.0,0.0
2023-05-31,0.0,17.2,24.3,59.0,1017.3,17.0,59.0,34.0,0.0
2023-06-01,0.0,17.2,24.4,69.0,1015.5,7.7,102.0,18.0,1.0
2023-06-02,0.2,16.5,24.8,74.0,1012.6,4.7,1.0,53.0,3.0
2023-06-03,3.1,17.3,24.8,75.0,1014.7,11.8,63.0,86.0,5.0
2023-06-04,0.2,17.1,23.1,75.0,1016.5,10.9,59.0,71.0,0.0
2023-06-05,16.9,16.6,19.6,88.0,1016.0,11.4,49.0,98.0,14.0
2023-06-06,4.3,16.3,21.0,88.0,1015.5,6.9,51.0,82.0,13.0
2023-06-07,0.3,16.9,23.6,83.0,1015.8,6.5,73.0,69.0,9.0
2023-06-08,0.0,16.3,26.0,79.0,1013.6,7.9,188.0,22.0,8.0
2023-06-09,6.2,17.7,25.0,82.0,1011.8,6.2,143.0,53.0,11.0
2023-06-10,1.9,17.9,24.5,83.0,1011.2,5.1,138.0,74.0,9.0
2023-06-11,0.4,17.7,26.6,76.0,1011.9,5.7,31.0,38.0,9.0
2023-06-12,0.2,18.4,25.3,72.0,1012.4,11.4,43.0,37.0,0.0
2023-06-13,3.7,17.7,23.4,72.0,1011.3,12.2,57.0,89.0,3.0
2023-06-14,0.0,17.9,25.2,68.0,1010.8,11.4,52.0,78.0,0.0
2023-06-15,0.0,17.9,26.0,63.0,1013.4,12.8,34.0,30.0,0.0
2023-06-16,0.1,17.7,26.6,63.0,1013.9,9.5,10.0,14.0,0.0
2023-06-17,0.0,16.5,26.3,73.0,1014.1,9.1,169.0,4.0,0.0
2023-06-18,0.0,18.3,24.9,79.0,1015.5,10.4,98.0,41.0,6.0
2023-06-19,0.0,19.3,26.7,78.0,1015.6,9.2,102.0,60.0,5.0
2023-06-20,0.0,20.5,26.7,76.0,1016.4,9.8,127.0,73.0,3.0
2023-06-21,0.0,19.3,28.7,76.0,1016.7,8.0,127.0,45.0,2.0
2023-06-22,0.0,21.3,28.6,76.0,1017.3,7.1,120.0,63.0,7.0
2023-06-23,0.2,21.4,28.4,71.0,1014.1,9.6,15.0,46.0,1.0
2023-06-24,0.0,21.0,28.1,53.0,1017.6,12.4,79.0,12.0,0.0
2023-06-25,0.0,20.0,28.1,52.0,1017.0,8.1,137.0,2.0,0.0
2023-06-26,0.0,19.9,28.0,63.0,1015.2,10.3,121.0,15.0,0.0
2023-06-27,3.3,21.3,30.2,66.0,1012.9,11.6,86.0,76.0,2.0
2023-06-28,1.2,19.0,25.9,58.0,1014.5,15.0,70.0,44.0,2.0
2023-06-29,0.0,19.0,28.0,50.0,1016.2,12.1,114.0,11.0,0.0
2023-06-30,0.5,17.3,27.6,56.0,1012.1,9.1,159.0,73.0,0.0
2023-07-01,12.6,18.7,25.1,79.0,1008.2,9.1,61.0,85.0,11.0
2023-07-02,0.0,19.1,27.0,77.0,1009.6,8.9,111.0,28.0,7.0
2023-07-03,12.0,19.7,26.5,81.0,1012.3,11.1,39.0,64.0,8.0
2023-07-04,0.0,18.2,28.3,67.0,1013.9,7.0,42.0,60.0,1.0
2023-07-05,3.0,19.0,28.2,71.0,1013.6,7.4,100.0,54.0,5.0
2023-07-06,3.0,18.6,26.2,73.0,1015.8,11.7,29.0,61.0,5.0
2023-07-07,0.0,18.4,28.3,60.0,1020.0,7.5,43.0,7.0,0.0
2023-07-08,0.0,17.5,29.3,61.0,1020.5,8.4,137.0,20.0,0.0
2023-07-09,0.0,18.9,31.7,59.0,1020.2,5.8,159.0,6.0,0.0
2023-07-10,0.0,21.4,32.4,60.0,1019.3,7.4,148.0,38.0,0.0
2023-07-11,0.0,23.4,31.7,64.0,1017.0,8.9,106.0,24.0,0.0
2023-07-12,0.4,23.1,31.2,69.0,1014.7,11.8,67.0,78.0,0.0
2023-07-13,13.7,20.4,26.2,83.0,1014.0,9.1,44.0,67.0,11.0
2023-07-14,0.0,20.6,30.2,60.0,1016.4,10.4,63.0,15.0,2.0
2023-07-15,0.0,19.8,30.9,60.0,1015.4,9.1,130.0,2.0,0.0
2023-07-16,0.0,22.0,30.9,73.0,1014.8,8.5,100.0,4.0,4.0
2023-07-17,0.0,23.9,34.5,71.0,1015.3,9.8,106.0,4.0,5.0
2023-07-18,0.0,25.6,34.5,62.0,1015.9,12.6,69.0,12.0,0.0
2023-07-19,0.1,23.7,33.6,59.0,1010.9,6.2,47.0,66.0,0.0
2023-07-20,0.0,22.0,33.0,58.0,1008.8,9.2,51.0,28.0,0.0
2023-07-21,6.0,22.3,28.4,67.0,1009.1,15.6,44.0,60.0,3.0
2023-07-22,3.3,21.1,28.3,74.0,1012.9,8.8,45.0,37.0,5.0
2023-07-23,0.8,21.7,30.9,65.0,1014.8,12.9,76.0,38.0,1.0
2023-07-24,2.9,22.2,30.4,75.0,1010.6,13.3,47.0,62.0,6.0
2023-07-25,38.6,19.3,26.3,83.0,1002.8,11.7,1.0,74.0,14.0
2023-07-26,2.8,17.8,25.3,70.0,1008.0,10.0,47.0,28.0,3.0
2023-07-27,0.0,15.3,24.5,62.0,1015.0,10.8,74.0,14.0,0.0
2023-07-28,0.1,18.2,26.7,69.0,1013.1,8.3,72.0,32.0,0.0
2023-07-29,0.1,19.3,27.5,78.0,1012.9,8.6,104.0,34.0,5.0
2023-07-30,2.3,20.7,28.2,78.0,1012.0,6.4,37.0,49.0,9.0
2023-07-31,0.0,21.3,28.4,71.0,1012.2,10.1,69.0,46.0,5.0
2023-08-01,0.6,19.7,27.4,77.0,1005.6,8.3,46.0,73.0,6.0
2023-08-02,0.2,18.9,27.8,73.0,1006.4,12.3,72.0,29.0,1.0
2023-08-03,6.0,20.1,29.4,79.0,1005.4,10.9,130.0,44.0,10.0
2023-08-04,8.6,19.4,26.8,82.0,1007.1,17.6,40.0,78.0,13.0
2023-08-05,31.9,17.5,22.6,83.0,1005.9,11.2,339.0,93.0,14.0
2023-08-06,1.0,16.0,23.5,80.0,1005.8,8.6,53.0,30.0,5.0
2023-08-07,0.2,14.8,25.7,66.0,1011.7,8.1,27.0,10.0,0.0
2023-08-08,0.0,16.2,25.0,64.0,1016.9,11.7,68.0,35.0,0.0
2023-08-09,0.0,18.4,24.9,72.0,1015.9,9.2,57.0,88.0,0.0
2023-08-10,0.0,18.2,26.3,69.0,1018.4,8.0,52.0,15.0,0.0
2023-08-11,0.0,18.4,27.0,67.0,1021.5,7.1,72.0,18.0,0.0
2023-08-12,0.0,17.2,27.9,72.0,1020.5,6.3,132.0,4.0,4.0
2023-08-13,0.0,19.0,29.7,73.0,1018.2,5.1,193.0,4.0,3.0
2023-08-14,0.0,20.5,29.4,67.0,1017.5,8.1,127.0,11.0,2.0
2023-08-15,0.0,21.0,30.9,60.0,1016.7,6.3,47.0,8.0,0.0
2023-08-16,0.0,21.9,31.7,62.0,1016.6,7.0,41.0,28.0,0.0
2023-08-17,6.2,21.1,30.6,72.0,1015.9,7.3,38.0,31.0,6.0
2023-08-18,2.0,20.5,29.0,80.0,1015.8,6.0,54.0,60.0,10.0
2023-08-19,0.0,21.0,31.7,71.0,1016.2,6.6,111.0,3.0,7.0
2023-08-20,0.0,23.1,32.1,60.0,1018.5,6.4,65.0,2.0,0.0
2023-08-21,0.0,23.8,34.4,56.0,1019.1,6.6,53.0,1.0,0.0
2023-08-22,0.0,22.5,33.7,61.0,1017.3,6.0,66.0,10.0,0.0
2023-08-23,0.0,20.9,35.0,63.0,1015.1,6.1,227.0,25.0,1.0
2023-08-24,0.0,24.0,33.7,62.0,1014.8,7.5,113.0,24.0,0.0
2023-08-25,0.0,22.0,32.7,71.0,1012.6,6.8,106.0,26.0,4.0
2023-08-26,0.0,23.6,32.2,71.0,1010.3,10.2,97.0,30.0,4.0
2023-08-27,0.7,23.1,30.9,63.0,1007.4,6.7,17.0,77.0,1.0
2023-08-28,37.7,17.6,25.3,85.0,1001.2,18.6,41.0,84.0,13.0
2023-08-29,11.1,17.5,21.9,84.0,1000.8,12.8,40.0,95.0,15.0
2023-08-30,38.0,15.4,20.5,82.0,1006.0,12.1,354.0,80.0,15.0
2023-08-31,0.3,14.4,22.8,80.0,1013.1,7.0,40.0,43.0,3.0
2023-09-01,0.4,17.2,25.2,81.0,1017.8,8.8,63.0,29.0,8.0
2023-09-02,0.1,17.8,26.1,83.0,1020.1,7.7,132.0,41.0,10.0
2023-09-03,0.0,17.7,26.6,85.0,1021.4,5.2,80.0,77.0,12.0
2023-09-04,0.0,21.1,25.5,71.0,1022.7,10.7,84.0,67.0,4.0
2023-09-05,0.0,20.6,26.8,50.0,1021.9,15.0,59.0,38.0,0.0
2023-09-06,0.0,16.7,27.9,60.0,1020.8,9.8,25.0,3.0,0.0
2023-09-07,0.0,19.0,28.3,57.0,1020.1,13.8,47.0,0.0,0.0
2023-09-08,0.0,18.3,28.9,57.0,1019.1,10.9,31.0,0.0,0.0
2023-09-09,0.0,18.4,28.5,60.0,1018.1,8.7,35.0,0.0,0.0
2023-09-10,0.0,18.1,28.7,65.0,1017.9,6.2,22.0,0.0,0.0
2023-09-11,0.0,15.7,27.8,75.0,1015.2,6.3,184.0,1.0,5.0
2023-09-12,0.0,16.0,26.6,77.0,1014.5,6.8,119.0,61.0,2.0
2023-09-13,0.0,18.8,26.1,81.0,1015.7,6.2,59.0,75.0,7.0
2023-09-14,4.4,18.5,24.6,84.0,1017.2,7.4,51.0,55.0,13.0
2023-09-15,0.1,18.9,24.6,74.0,1018.2,9.2,61.0,74.0,2.0
2023-09-16,0.8,16.3,24.9,83.0,1018.4,6.7,188.0,46.0,14.0
2023-09-17,0.6,17.6,25.1,87.0,1018.6,6.7,133.0,83.0,13.0
2023-09-18,11.6,19.1,25.6,89.0,1015.6,9.8,86.0,77.0,15.0
2023-09-19,1.5,17.8,26.5,82.0,1013.5,9.5,20.0,50.0,12.0
2023-09-20,6.7,17.8,25.4,84.0,1015.4,9.2,45.0,69.0,15.0
2023-09-21,2.2,17.8,23.6,86.0,1010.2,8.5,73.0,72.0,13.0
2023-09-22,7.8,17.2,23.7,91.0,1006.8,10.3,35.0,96.0,20.0
2023-09-23,10.8,16.0,24.0,85.0,1010.5,11.9,23.0,82.0,16.0
2023-09-24,0.5,14.1,22.1,70.0,1019.4,8.2,96.0,44.0,5.0
2023-09-25,0.0,14.0,25.0,68.0,1021.2,7.3,2.0,9.0,0.0
2023-09-26,0.0,16.2,27.1,68.0,1020.7,10.9,25.0,0.0,0.0
2023-09-27,0.0,18.1,28.1,54.0,1019.5,15.6,37.0,24.0,0.0
2023-09-28,0.0,17.4,26.8,57.0,1018.9,10.7,32.0,16.0,0.0
2023-09-29,0.0,16.5,26.5,62.0,1020.7,6.5,16.0,8.0,0.0
2023-09-30,0.0,14.5,26.4,71.0,1021.4,5.0,27.0,40.0,1.0
2023-10-01,0.0,16.0,24.9,74.0,1023.8,7.7,57.0,6.0,0.0
2023-10-02,0.0,15.2,24.4,86.0,1024.8,6.3,111.0,23.0,13.0
2023-10-03,0.0,14.7,23.2,87.0,1021.9,5.5,104.0,42.0,16.0
2023-10-04,0.1,17.5,23.1,78.0,1023.3,14.1,36.0,70.0,9.0
2023-10-05,0.0,15.5,23.8,62.0,1023.9,7.7,61.0,61.0,0.0
2023-10-06,0.0,14.6,24.4,67.0,1024.5,7.7,27.0,53.0,0.0
2023-10-07,0.0,11.8,24.3,74.0,1023.5,6.5,146.0,16.0,4.0
2023-10-08,0.0,14.1,24.2,85.0,1022.3,4.2,18.0,72.0,11.0
2023-10-09,0.0,15.1,23.6,85.0,1020.9,7.2,66.0,72.0,12.0
2023-10-10,0.0,16.9,24.2,88.0,1020.0,6.8,67.0,85.0,15.0
2023-10-11,0.0,15.5,24.3,84.0,1021.4,6.2,84.0,8.0,14.0
2023-10-12,0.0,15.5,22.8,89.0,1020.6,5.6,137.0,79.0,15.0
2023-10-13,0.0,15.8,23.1,88.0,1020.5,8.2,173.0,70.0,11.0
2023-10-14,0.0,14.2,25.4,75.0,1014.4,7.4,244.0,23.0,8.0
2023-10-15,0.6,12.6,20.0,77.0,1012.0,18.2,49.0,66.0,9.0
2023-10-16,0.0,10.7,16.8,53.0,1020.3,13.1,44.0,95.0,0.0
2023-10-17,0.0,8.2,16.6,57.0,1018.8,9.3,35.0,77.0,0.0
2023-10-18,1.7,8.1,14.3,75.0,1015.5,10.5,24.0,98.0,3.0
2023-10-19,7.7,11.0,17.1,91.0,1005.2,8.1,12.0,96.0,18.0
2023-10-20,9.0,14.2,19.0,96.0,994.8,11.6,22.0,99.0,24.0
2023-10-21,2.3,14.1,21.7,88.0,1001.2,9.4,35.0,76.0,15.0
2023-10-22,0.9,11.3,20.5,89.0,1010.9,7.0,70.0,61.0,15.0
2023-10-23,0.0,12.2,20.7,80.0,1016.6,8.3,27.0,56.0,4.0
2023-10-24,41.2,14.6,19.5,91.0,1009.0,11.5,44.0,100.0,20.0
2023-10-25,0.1,12.7,20.0,84.0,1004.1,11.4,229.0,54.0,11.0
2023-10-26,5.2,10.9,18.2,90.0,1001.4,4.6,259.0,96.0,16.0
2023-10-27,22.6,13.7,20.9,86.0,994.7,13.1,288.0,48.0,14.0
2023-10-28,0.1,11.9,19.9,85.0,1005.8,7.1,42.0,44.0,10.0
2023-10-29,0.0,9.4,17.8,86.0,1013.0,7.7,3.0,71.0,13.0
2023-10-30,19.6,12.6,20.0,91.0,1010.2,14.8,96.0,99.0,17.0
2023-10-31,9.8,11.5,18.5,76.0,1003.9,16.0,204.0,52.0,6.0
2023-11-01,0.5,9.8,16.8,75.0,1013.1,8.8,19.0,60.0,2.0
2023-11-02,40.0,10.0,17.8,88.0,1000.7,15.8,129.0,91.0,15.0
2023-11-03,7.9,8.9,16.0,81.0,987.5,13.6,244.0,47.0,10.0
2023-11-04,4.6,6.0,14.5,77.0,997.3,8.2,19.0,54.0,4.0
2023-11-05,15.2,8.5,16.8,81.0,991.7,17.3,245.0,31.0,6.0
2023-11-06,0.0,6.0,16.2,88.0,1009.6,6.5,343.0,19.0,14.0
2023-11-07,3.6,7.7,16.6,87.0,1015.7,8.8,19.0,17.0,15.0
2023-11-08,0.0,6.0,15.3,86.0,1019.2,6.5,335.0,20.0,13.0
2023-11-09,0.3,4.5,12.3,91.0,1017.9,5.9,11.0,95.0,14.0
2023-11-10,6.4,7.1,13.9,87.0,1006.6,9.5,303.0,80.0,14.0
2023-11-11,0.4,5.4,12.5,92.0,1005.8,5.6,326.0,45.0,16.0
2023-11-12,0.0,5.1,13.0,82.0,1010.7,8.9,346.0,70.0,10.0
2023-11-13,0.0,4.0,11.1,92.0,1016.1,5.1,299.0,90.0,18.0
2023-11-14,0.0,4.6,12.2,88.0,1014.7,3.6,353.0,93.0,11.0
2023-11-15,0.0,6.4,16.1,88.0,1013.6,6.3,276.0,36.0,13.0
2023-11-16,0.2,4.8,13.8,81.0,1016.9,6.5,358.0,67.0,7.0
2023-11-17,0.0,4.5,15.3,81.0,1011.7,8.0,352.0,58.0,12.0
2023-11-18,0.0,2.3,14.1,67.0,1022.3,5.5,347.0,48.0,0.0
2023-11-19,0.0,2.4,12.2,79.0,1020.2,4.0,344.0,66.0,3.0
2023-11-20,0.0,2.7,11.4,81.0,1015.6,4.8,349.0,99.0,3.0
2023-11-21,0.1,6.3,14.0,76.0,1009.3,14.2,39.0,94.0,2.0
2023-11-22,0.0,7.0,14.7,62.0,1015.0,14.0,43.0,31.0,0.0
2023-11-23,0.0,3.2,11.8,73.0,1021.0,9.4,12.0,26.0,3.0
2023-11-24,0.0,2.3,8.6,90.0,1006.1,4.4,8.0,71.0,15.0
2023-11-25,0.0,1.3,11.1,48.0,1003.8,14.3,338.0,18.0,0.0
2023-11-26,0.0,-0.6,11.9,56.0,1011.0,9.2,314.0,5.0,0.0
2023-11-27,0.6,-0.0,8.0,67.0,1011.4,5.8,351.0,81.0,0.0
2023-11-28,0.9,1.9,7.9,88.0,996.3,6.1,321.0,60.0,14.0
2023-11-29,0.1,1.0,9.8,73.0,1006.6,12.8,27.0,50.0,7.0
2023-11-30,19.4,4.7,6.2,84.0,1006.0,8.9,3.0,100.0,19.0
2023-12-01,8.2,4.4,9.0,94.0,999.9,7.4,7.0,100.0,22.0
2023-12-02,14.5,6.8,14.3,84.0,995.4,12.1,229.0,84.0,15.0
2023-12-03,0.0,1.9,8.2,69.0,1019.2,13.9,57.0,15.0,0.0
2023-12-04,1.1,-0.5,5.0,71.0,1022.7,8.4,24.0,76.0,1.0
2023-12-05,4.2,1.4,6.9,89.0,1013.2,9.5,331.0,100.0,13.0
2023-12-06,0.1,0.3,9.4,91.0,1012.8,6.4,298.0,60.0,17.0
2023-12-07,0.0,-0.6,9.0,90.0,1019.3,5.1,328.0,68.0,18.0
2023-12-08,0.5,-0.7,7.6,88.0,1017.8,6.0,339.0,97.0,13.0
2023-12-09,0.1,1.2,9.0,90.0,1017.3,6.1,283.0,65.0,17.0
2023-12-10,0.8,1.6,8.3,92.0,1014.9,4.1,308.0,66.0,19.0
2023-12-11,0.0,1.5,7.9,91.0,1014.2,6.7,334.0,98.0,16.0
2023-12-12,0.0,0.7,9.2,90.0,1012.7,5.0,302.0,99.0,15.0
2023-12-13,15.1,5.3,8.0,95.0,1003.2,5.1,337.0,98.0,23.0
2023-12-14,0.0,2.8,10.4,96.0,1010.2,6.5,292.0,69.0,21.0
2023-12-15,0.0,1.1,11.7,87.0,1027.1,7.2,15.0,47.0,13.0
2023-12-16,0.0,0.9,9.4,79.0,1038.1,7.0,12.0,5.0,0.0
2023-12-17,0.0,-0.2,9.1,80.0,1039.3,7.8,313.0,12.0,5.0
2023-12-18,0.0,0.3,8.7,94.0,1034.4,5.8,282.0,57.0,20.0
2023-12-19,0.0,0.1,8.9,93.0,1026.0,3.9,296.0,30.0,19.0
2023-12-20,0.0,-0.5,8.0,95.0,1014.8,5.8,8.0,81.0,20.0
2023-12-21,0.0,-0.3,8.2,87.0,1009.7,6.7,286.0,56.0,7.0
2023-12-22,0.0,-0.2,12.1,90.0,1001.0,5.5,346.0,85.0,16.0
2023-12-23,0.0,0.9,10.3,93.0,1006.0,5.5,9.0,92.0,18.0
2023-12-24,0.0,2.9,12.4,91.0,1013.0,6.9,351.0,44.0,18.0
2023-12-25,0.0,3.5,8.6,98.0,1018.1,3.1,334.0,94.0,24.0
2023-12-26,0.0,5.4,9.7,96.0,1020.3,5.1,261.0,95.0,22.0
2023-12-27,0.0,4.2,10.0,96.0,1026.1,3.5,347.0,88.0,21.0
2023-12-28,0.0,4.7,9.3,96.0,1027.1,4.6,211.0,100.0,22.0
2023-12-29,0.0,5.6,8.3,95.0,1023.2,3.4,19.0,100.0,21.0
2023-12-30,0.0,3.9,10.3,88.0,1021.3,4.9,347.0,80.0,13.0
2023-12-31,1.6,4.0,9.9,87.0,1016.4,5.9,21.0,92.0,8.0
2024-01-01,5.9,3.3,10.6,94.0,1012.2,6.9,310.0,85.0,21.0
2024-01-02,0.1,2.1,6.4,94.0,1015.1,6.0,264.0,100.0,22.0
2024-01-03,0.0,2.8,8.7,92.0,1009.1,4.1,330.0,77.0,17.0
2024-01-04,0.0,2.5,7.7,95.0,1008.9,6.4,5.0,85.0,21.0
2024-01-05,3.8,3.2,11.0,88.0,1009.2,14.0,29.0,100.0,12.0
2024-01-06,50.3,7.9,9.7,92.0,999.8,18.6,40.0,100.0,21.0
2024-01-07,9.0,6.6,9.2,82.0,1000.4,12.5,29.0,100.0,12.0
2024-01-08,0.0,5.3,9.6,70.0,1011.2,10.7,62.0,98.0,0.0
2024-01-09,0.0,1.3,6.8,61.0,1023.1,13.7,48.0,24.0,0.0
2024-01-10,0.0,0.2,5.6,59.0,1028.1,14.3,54.0,84.0,0.0
2024-01-11,0.0,-2.9,6.6,75.0,1025.1,7.1,340.0,5.0,4.0
2024-01-12,0.0,-2.8,8.7,85.0,1024.2,9.4,29.0,47.0,12.0
2024-01-13,0.0,-3.5,5.6,87.0,1023.0,6.5,342.0,7.0,10.0
2024-01-14,0.0,-2.1,3.9,90.0,1014.2,3.8,312.0,92.0,14.0
2024-01-15,0.2,-0.6,6.8,79.0,1003.2,5.2,317.0,56.0,2.0
2024-01-16,0.0,-0.5,8.5,71.0,1009.3,11.2,29.0,44.0,0.0
2024-01-17,5.5,3.5,4.9,79.0,1006.4,6.7,356.0,100.0,11.0
2024-01-18,9.0,4.2,8.4,92.0,997.8,6.5,292.0,85.0,18.0
2024-01-19,3.1,3.2,7.2,75.0,1008.9,20.0,61.0,97.0,10.0
2024-01-20,0.0,-2.7,6.3,52.0,1028.4,10.5,19.0,0.0,0.0
2024-01-21,0.0,-3.8,7.2,67.0,1033.4,7.0,322.0,24.0,0.0
2024-01-22,0.5,-3.9,4.3,85.0,1031.0,5.0,267.0,62.0,11.0
2024-01-23,1.0,-1.9,9.2,81.0,1028.9,5.9,352.0,36.0,6.0
2024-01-24,0.0,-2.2,7.7,85.0,1029.8,4.3,324.0,81.0,10.0
2024-01-25,0.0,-0.0,11.2,90.0,1025.8,5.1,312.0,67.0,15.0
2024-01-26,0.0,0.5,9.4,94.0,1026.5,4.9,277.0,85.0,20.0
2024-01-27,0.0,0.2,7.9,97.0,1030.1,4.1,337.0,85.0,23.0
2024-01-28,0.0,0.2,8.0,95.0,1037.1,4.4,274.0,69.0,20.0
2024-01-29,0.0,-1.7,8.1,93.0,1037.0,6.3,284.0,58.0,19.0
2024-01-30,0.0,-2.5,8.3,91.0,1036.4,5.1,272.0,56.0,15.0
2024-01-31,0.0,-2.5,6.7,92.0,1034.3,4.0,261.0,79.0,19.0
2024-02-01,0.0,-2.6,6.0,91.0,1028.6,4.2,297.0,55.0,19.0
2024-02-02,0.0,-2.0,8.7,84.0,1029.2,4.8,281.0,55.0,5.0
2024-02-03,0.0,-2.1,8.8,91.0,1026.9,3.7,27.0,69.0,14.0
2024-02-04,0.0,-1.6,9.5,91.0,1024.7,4.1,19.0,90.0,16.0
2024-02-05,0.0,-0.0,9.1,95.0,1024.3,4.9,28.0,92.0,20.0
2024-02-06,0.0,2.2,9.7,94.0,1022.7,5.2,230.0,100.0,20.0
2024-02-07,0.2,5.2,9.1,95.0,1015.3,3.4,100.0,93.0,23.0
2024-02-08,0.0,6.2,10.6,94.0,1010.3,4.8,120.0,100.0,20.0
2024-02-09,9.8,6.8,11.3,96.0,1004.1,5.3,103.0,100.0,24.0
2024-02-10,11.1,8.4,11.1,95.0,996.2,12.3,63.0,99.0,24.0
2024-02-11,10.1,8.8,13.5,89.0,992.4,9.7,354.0,99.0,17.0
2024-02-12,4.8,5.1,10.8,90.0,1003.8,8.8,19.0,95.0,16.0
2024-02-13,0.0,3.1,15.2,86.0,1016.3,6.9,276.0,39.0,14.0
2024-02-14,0.0,4.0,11.8,93.0,1024.4,5.1,58.0,62.0,18.0
2024-02-15,0.0,3.9,10.0,94.0,1024.3,2.9,163.0,97.0,21.0
2024-02-16,0.0,3.8,10.0,95.0,1022.2,3.6,246.0,77.0,21.0
2024-02-17,0.0,2.1,11.1,96.0,1026.9,3.7,277.0,82.0,22.0
2024-02-18,0.0,5.2,14.3,90.0,1030.8,5.9,98.0,81.0,14.0
2024-02-19,0.4,6.0,14.2,88.0,1024.8,5.2,102.0,61.0,15.0
2024-02-20,0.0,4.3,15.7,85.0,1024.8,5.8,337.0,24.0,12.0
2024-02-21,0.0,4.2,13.9,78.0,1024.5,7.3,74.0,53.0,5.0
2024-02-22,2.0,5.6,10.5,90.0,1013.5,5.6,55.0,100.0,14.0
2024-02-23,24.9,8.1,11.8,87.0,999.6,18.9,171.0,100.0,19.0
2024-02-24,0.6,4.3,12.7,86.0,1006.6,6.2,7.0,56.0,14.0
2024-02-25,2.7,5.6,12.7,88.0,1010.4,10.2,36.0,46.0,18.0
2024-02-26,5.6,4.2,10.8,92.0,1007.7,11.9,36.0,95.0,20.0
2024-02-27,29.8,7.9,10.8,90.0,1009.4,23.1,44.0,100.0,21.0
2024-02-28,27.3,9.2,15.6,89.0,1015.9,15.8,37.0,99.0,18.0
2024-02-29,1.8,10.4,16.8,79.0,1014.6,13.9,46.0,84.0,2.0
2024-03-01,8.7,9.7,13.3,88.0,1007.0,15.6,49.0,96.0,16.0
2024-03-02,5.9,7.2,12.9,92.0,1009.4,10.7,53.0,79.0,21.0
2024-03-03,3.1,5.8,13.6,90.0,1009.1,11.9,62.0,96.0,14.0
2024-03-04,11.1,9.0,14.9,86.0,1007.0,17.0,31.0,93.0,15.0
2024-03-05,9.7,5.3,16.6,82.0,1010.9,6.4,302.0,76.0,8.0
2024-03-06,4.6,8.3,12.9,86.0,1014.8,13.8,58.0,85.0,11.0
2024-03-07,10.2,6.2,12.1,88.0,1017.4,6.5,25.0,86.0,18.0
2024-03-08,2.2,6.4,9.1,79.0,1017.3,16.1,41.0,96.0,6.0
2024-03-09,9.5,6.2,12.0,86.0,1011.9,14.2,36.0,99.0,13.0
2024-03-10,16.0,6.7,12.4,91.0,1004.8,16.2,84.0,92.0,17.0
2024-03-11,0.0,3.6,15.1,87.0,1004.9,7.2,256.0,100.0,16.0
2024-03-12,0.0,5.8,14.7,92.0,1011.6,6.0,113.0,75.0,17.0
2024-03-13,0.7,7.3,15.0,90.0,1016.9,6.2,121.0,57.0,16.0
2024-03-14,0.0,6.0,13.6,93.0,1018.2,6.5,164.0,81.0,17.0
2024-03-15,0.2,6.2,14.4,89.0,1017.5,5.1,117.0,86.0,13.0
2024-03-16,0.1,10.3,15.3,88.0,1019.0,5.9,98.0,64.0,15.0
2024-03-17,0.3,7.4,15.3,94.0,1021.5,5.4,130.0,85.0,17.0
2024-03-18,11.6,9.1,13.1,95.0,1015.9,5.4,74.0,98.0,24.0
2024-03-19,0.0,8.0,15.2,90.0,1017.9,6.7,87.0,57.0,16.0
2024-03-20,0.0,8.8,15.3,80.0,1022.5,7.3,133.0,71.0,6.0
2024-03-21,0.2,6.4,15.7,89.0,1021.6,6.2,122.0,78.0,14.0
2024-03-22,0.0,7.4,19.0,79.0,1019.9,7.4,258.0,54.0,9.0
2024-03-23,0.8,6.7,16.5,83.0,1010.8,10.0,195.0,61.0,10.0
2024-03-24,0.9,5.6,14.5,66.0,1008.0,11.9,49.0,29.0,2.0
2024-03-25,0.0,2.9,14.3,76.0,1008.7,7.3,116.0,39.0,3.0
2024-03-26,10.9,7.3,12.7,84.0,1003.8,17.7,35.0,93.0,14.0
2024-03-27,24.5,8.8,14.3,90.0,995.1,18.0,141.0,87.0,17.0
2024-03-28,12.5,6.5,11.2,82.0,1000.6,13.1,211.0,60.0,7.0
2024-03-29,0.0,5.1,16.6,86.0,1012.2,10.2,42.0,80.0,8.0
2024-03-30,7.7,11.1,17.2,87.0,1009.5,17.7,61.0,84.0,13.0
2024-03-31,13.8,11.7,16.9,89.0,1007.4,13.4,79.0,94.0,17.0
2024-04-01,10.0,9.6,15.1,93.0,1004.9,10.2,105.0,95.0,21.0
2024-04-02,0.7,7.8,16.9,84.0,1012.1,5.6,118.0,56.0,14.0
2024-04-03,0.7,7.4,16.1,83.0,1015.8,8.5,145.0,82.0,11.0
2024-04-04,0.0,6.4,17.2,86.0,1018.6,8.3,158.0,62.0,9.0
2024-04-05,0.4,8.6,18.4,88.0,1022.4,7.9,155.0,86.0,11.0
2024-04-06,0.0,10.3,19.8,83.0,1023.1,6.8,156.0,49.0,1.0
2024-04-07,0.0,9.0,20.3,90.0,1021.1,5.6,128.0,48.0,14.0
2024-04-08,0.0,10.5,17.1,96.0,1017.8,4.7,126.0,100.0,22.0
2024-04-09,0.0,10.8,18.7,89.0,1015.4,8.4,84.0,85.0,14.0
2024-04-10,4.2,14.1,17.7,79.0,1017.1,19.1,37.0,99.0,15.0
2024-04-11,0.0,12.7,22.0,60.0,1026.8,11.3,34.0,67.0,0.0
2024-04-12,0.0,13.6,23.5,68.0,1028.4,8.6,16.0,1.0,0.0
2024-04-13,0.0,13.1,25.2,75.0,1026.4,6.7,250.0,28.0,6.0
2024-04-14,0.0,12.7,23.4,81.0,1022.2,7.9,138.0,38.0,7.0
2024-04-15,0.0,13.1,23.0,73.0,1012.2,10.8,198.0,55.0,6.0
2024-04-16,21.3,8.9,19.9,66.0,1001.7,21.4,85.0,84.0,5.0
2024-04-17,0.3,4.6,14.9,74.0,1005.6,6.2,327.0,67.0,1.0
2024-04-18,0.7,7.0,14.5,68.0,1010.0,11.7,40.0,92.0,3.0
2024-04-19,0.0,4.8,16.0,59.0,1014.3,11.7,221.0,47.0,0.0
2024-04-20,1.0,6.3,16.5,65.0,1010.1,11.5,51.0,65.0,2.0
2024-04-21,0.0,6.8,14.2,53.0,1014.4,9.4,29.0,46.0,0.0
2024-04-22,17.3,5.9,11.3,71.0,1014.0,25.3,48.0,100.0,13.0
2024-04-23,3.0,6.3,13.2,71.0,1009.0,24.4,48.0,86.0,5.0
2024-04-24,7.2,7.0,13.2,77.0,1006.8,11.3,29.0,89.0,7.0
2024-04-25,2.1,5.6,13.5,70.0,1008.7,11.9,57.0,29.0,3.0
2024-04-26,0.2,5.5,14.2,77.0,1012.5,10.6,68.0,43.0,2.0
2024-04-27,1.1,8.4,16.0,84.0,1016.9,8.8,67.0,68.0,9.0
2024-04-28,0.0,10.1,18.1,79.0,1020.2,9.0,77.0,81.0,5.0
2024-04-29,0.0,8.3,23.8,77.0,1020.9,5.5,240.0,22.0,7.0
2024-04-30,0.0,9.8,24.1,74.0,1017.9,6.8,70.0,21.0,2.0
2024-05-01,8.3,15.2,22.8,71.0,1010.5,17.2,72.0,97.0,6.0
2024-05-02,22.4,11.6,18.9,86.0,1007.1,12.5,145.0,85.0,19.0
2024-05-03,2.3,9.1,17.6,83.0,1010.8,6.9,36.0,96.0,11.0
2024-05-04,1.9,11.0,20.6,79.0,1015.0,7.0,249.0,50.0,9.0
2024-05-05,0.1,9.9,21.8,80.0,1014.7,9.8,192.0,56.0,8.0
2024-05-06,0.4,13.2,21.0,83.0,1013.3,8.8,191.0,94.0,9.0
2024-05-07,5.0,13.0,16.8,89.0,1013.3,7.6,49.0,99.0,14.0
2024-05-08,1.5,12.7,20.3,81.0,1016.5,6.6,29.0,66.0,10.0
2024-05-09,0.0,14.4,22.2,66.0,1019.1,9.2,64.0,84.0,0.0
2024-05-10,0.0,13.8,23.1,58.0,1019.4,10.2,48.0,34.0,0.0
2024-05-11,0.0,15.0,23.3,59.0,1018.8,10.1,100.0,23.0,0.0
2024-05-12,0.0,12.6,23.5,66.0,1017.4,6.7,109.0,32.0,0.0
2024-05-13,0.0,14.4,21.0,75.0,1015.5,9.8,64.0,94.0,0.0
2024-05-14,2.2,14.1,20.6,82.0,1011.9,10.6,71.0,47.0,10.0
2024-05-15,14.6,14.5,17.6,89.0,1010.9,18.3,53.0,99.0,18.0
2024-05-16,84.2,14.7,17.3,92.0,1007.3,15.8,60.0,100.0,21.0
2024-05-17,5.7,11.3,21.9,76.0,1009.1,10.0,219.0,22.0,5.0
2024-05-18,0.0,12.5,21.4,81.0,1013.3,9.2,80.0,14.0,8.0
2024-05-19,0.5,13.8,21.1,85.0,1012.0,7.7,96.0,69.0,10.0
2024-05-20,0.2,15.1,21.9,85.0,1010.8,8.4,87.0,73.0,11.0
2024-05-21,40.4,16.3,20.2,91.0,1006.3,12.0,85.0,87.0,20.0
2024-05-22,1.2,14.0,20.8,83.0,1010.8,6.2,329.0,53.0,8.0
2024-05-23,1.0,12.5,21.7,80.0,1015.7,6.1,282.0,28.0,9.0
2024-05-24,9.5,12.2,20.6,83.0,1018.2,7.0,137.0,50.0,10.0
2024-05-25,13.8,13.8,22.1,79.0,1017.2,7.7,1.0,73.0,7.0
2024-05-26,0.0,12.4,24.3,74.0,1017.2,7.7,157.0,16.0,3.0
2024-05-27,0.0,14.8,24.1,77.0,1017.9,6.0,87.0,64.0,9.0
2024-05-28,3.3,16.1,23.1,81.0,1015.0,7.3,20.0,83.0,6.0
2024-05-29,0.0,15.3,22.7,74.0,1014.3,9.0,86.0,48.0,2.0
2024-05-30,6.4,15.5,21.0,87.0,1007.7,10.2,38.0,90.0,17.0
2024-05-31,14.8,14.3,22.1,83.0,1003.0,13.6,56.0,74.0,14.0
2024-06-01,0.2,12.0,21.1,79.0,1011.3,8.2,93.0,38.0,8.0
2024-06-02,0.8,15.1,23.4,81.0,1014.8,9.5,58.0,46.0,7.0
2024-06-03,0.6,14.5,21.8,80.0,1013.4,6.9,223.0,61.0,8.0
2024-06-04,1.3,15.5,23.4,83.0,1013.9,7.4,85.0,75.0,10.0
2024-06-05,1.4,16.0,23.6,85.0,1015.2,9.1,102.0,27.0,12.0
2024-06-06,0.0,17.4,24.6,85.0,1017.0,9.1,108.0,38.0,11.0
2024-06-07,0.0,18.4,26.1,84.0,1016.2,7.7,112.0,63.0,10.0
2024-06-08,0.4,19.0,26.5,81.0,1013.4,7.4,98.0,83.0,9.0
2024-06-09,6.2,19.3,26.1,86.0,1007.9,9.3,87.0,98.0,9.0
2024-06-10,13.5,18.6,27.0,82.0,1004.1,9.3,335.0,83.0,12.0
2024-06-11,25.1,17.7,22.1,80.0,1009.0,12.2,48.0,73.0,8.0
2024-06-12,6.4,15.5,21.4,76.0,1012.2,20.8,43.0,87.0,7.0
2024-06-13,8.1,14.1,21.5,68.0,1015.1,14.0,42.0,52.0,2.0
2024-06-14,0.4,12.4,22.0,71.0,1016.7,7.9,150.0,75.0,0.0
2024-06-15,0.1,16.1,23.8,76.0,1012.4,8.9,108.0,40.0,0.0
2024-06-16,0.3,16.7,25.9,78.0,1010.7,8.1,49.0,54.0,7.0
2024-06-17,0.0,17.8,25.7,79.0,1015.3,9.0,96.0,13.0,8.0
2024-06-18,0.0,17.7,25.9,77.0,1017.4,7.7,111.0,46.0,3.0
2024-06-19,0.0,18.4,26.9,81.0,1016.3,7.8,97.0,24.0,9.0
2024-06-20,0.0,20.9,28.2,85.0,1018.0,6.9,100.0,65.0,10.0
2024-06-21,25.2,20.9,28.6,85.0,1014.8,9.0,86.0,64.0,10.0
2024-06-22,2.8,19.2,28.8,74.0,1009.6,7.1,145.0,33.0,5.0
2024-06-23,28.5,18.7,26.6,71.0,1010.5,17.7,30.0,93.0,4.0
2024-06-24,1.6,19.3,27.3,64.0,1012.4,17.3,39.0,66.0,2.0
2024-06-25,13.3,19.2,25.9,75.0,1012.4,14.0,39.0,47.0,6.0
2024-06-26,1.7,18.0,25.0,81.0,1011.5,5.8,38.0,41.0,12.0
2024-06-27,0.0,17.0,27.9,81.0,1010.8,5.7,187.0,34.0,9.0
2024-06-28,0.0,20.7,27.6,83.0,1014.9,7.3,113.0,31.0,9.0
2024-06-29,0.0,21.4,29.1,83.0,1016.2,6.1,110.0,41.0,6.0
2024-06-30,0.0,22.0,29.4,73.0,1010.3,9.8,224.0,27.0,4.0
2024-07-01,6.1,20.3,26.7,84.0,1010.0,7.7,17.0,66.0,9.0
2024-07-02,0.0,17.1,26.8,71.0,1009.0,6.6,344.0,46.0,8.0
2024-07-03,16.2,16.6,24.0,74.0,1008.6,11.9,21.0,98.0,11.0
2024-07-04,0.2,15.5,24.8,72.0,1010.3,6.3,50.0,19.0,5.0
2024-07-05,0.0,16.7,26.4,71.0,1014.5,7.6,123.0,13.0,1.0
2024-07-06,0.2,18.8,26.8,77.0,1012.2,8.0,93.0,51.0,1.0
2024-07-07,0.3,20.0,27.8,77.0,1011.5,11.7,47.0,55.0,6.0
2024-07-08,0.6,20.7,29.5,72.0,1014.3,5.6,40.0,36.0,1.0
2024-07-09,0.0,20.7,32.2,71.0,1015.2,4.7,347.0,2.0,4.0
2024-07-10,0.0,23.6,33.3,63.0,1014.0,6.9,322.0,25.0,0.0
2024-07-11,0.0,21.9,33.7,69.0,1013.2,5.5,214.0,7.0,2.0
2024-07-12,3.8,24.4,30.6,77.0,1010.7,8.2,57.0,23.0,5.0
2024-07-13,0.8,21.9,31.3,69.0,1009.1,8.0,325.0,33.0,2.0
2024-07-14,0.1,22.5,31.6,64.0,1010.8,8.0,244.0,46.0,4.0
2024-07-15,0.0,21.1,32.1,61.0,1012.4,8.2,125.0,6.0,0.0
2024-07-16,0.0,22.1,32.0,63.0,1011.3,7.9,136.0,14.0,0.0
2024-07-17,0.0,24.0,34.3,58.0,1013.5,6.9,25.0,32.0,0.0
2024-07-18,0.0,25.8,33.5,51.0,1016.5,12.3,57.0,5.0,0.0
2024-07-19,1.9,25.3,34.5,51.0,1014.7,8.5,21.0,27.0,1.0
2024-07-20,9.6,22.5,29.9,68.0,1010.2,9.0,1.0,52.0,4.0
2024-07-21,0.0,21.3,29.0,74.0,1009.1,7.9,110.0,30.0,1.0
2024-07-22,0.5,22.0,30.7,74.0,1011.4,7.1,14.0,58.0,2.0
2024-07-23,0.0,21.7,31.4,67.0,1014.6,7.6,10.0,32.0,4.0
2024-07-24,0.0,21.0,30.7,65.0,1012.9,8.2,33.0,43.0,1.0
2024-07-25,0.2,22.4,29.4,54.0,1012.2,12.7,64.0,45.0,0.0
2024-07-26,0.0,20.8,29.4,63.0,1012.6,8.7,111.0,17.0,0.0
2024-07-27,0.0,21.4,30.7,66.0,1014.9,7.7,130.0,5.0,0.0
2024-07-28,1.2,21.9,31.7,71.0,1016.8,8.5,89.0,23.0,2.0
2024-07-29,1.7,23.2,31.0,60.0,1018.1,11.0,44.0,37.0,3.0
2024-07-30,0.0,23.1,30.0,56.0,1017.2,10.5,79.0,32.0,0.0
2024-07-31,0.0,21.4,31.9,67.0,1013.9,7.3,168.0,10.0,0.0
2024-08-01,0.4,22.6,31.2,75.0,1010.5,7.8,115.0,41.0,2.0
2024-08-02,0.8,19.7,29.1,77.0,1008.8,5.2,107.0,34.0,9.0
2024-08-03,0.0,21.3,30.6,66.0,1008.4,8.7,45.0,26.0,0.0
2024-08-04,0.0,21.7,30.6,58.0,1011.0,7.3,41.0,58.0,0.0
2024-08-05,0.1,22.5,30.3,63.0,1011.4,8.6,71.0,57.0,0.0
2024-08-06,0.0,22.9,29.7,67.0,1011.2,9.0,76.0,24.0,0.0
2024-08-07,1.5,22.4,31.2,70.0,1011.4,6.5,203.0,85.0,1.0
2024-08-08,0.0,19.5,31.1,70.0,1012.9,5.7,155.0,29.0,5.0
2024-08-09,0.0,22.4,31.0,62.0,1015.1,7.8,88.0,31.0,0.0
2024-08-10,0.0,22.9,32.7,66.0,1018.1,6.7,101.0,5.0,0.0
2024-08-11,0.0,23.0,33.1,66.0,1017.7,6.6,118.0,6.0,6.0
2024-08-12,0.0,22.0,34.6,62.0,1013.0,5.9,187.0,34.0,0.0
2024-08-13,0.0,23.2,34.1,66.0,1010.1,4.5,284.0,30.0,1.0
2024-08-14,2.2,24.7,33.4,65.0,1010.7,5.9,226.0,48.0,1.0
2024-08-15,0.0,21.9,33.0,65.0,1014.3,7.9,247.0,74.0,3.0
2024-08-16,0.0,21.2,32.9,65.0,1014.6,6.1,237.0,32.0,0.0
2024-08-17,0.0,22.2,32.7,66.0,1011.4,4.7,266.0,58.0,0.0
2024-08-18,7.8,22.0,28.7,76.0,1007.2,9.5,48.0,79.0,7.0
2024-08-19,13.1,21.3,25.3,85.0,1008.3,9.2,1.0,100.0,9.0
2024-08-20,7.4,21.3,27.8,78.0,1010.2,9.8,347.0,54.0,7.0
2024-08-21,0.0,20.1,29.9,73.0,1010.8,4.9,340.0,16.0,3.0
2024-08-22,7.0,20.9,28.7,69.0,1013.4,8.8,55.0,69.0,3.0
2024-08-23,0.0,20.5,29.5,70.0,1014.0,7.5,143.0,9.0,0.0
2024-08-24,0.0,22.2,29.8,74.0,1015.8,7.6,119.0,4.0,0.0
2024-08-25,0.0,21.1,30.9,78.0,1013.9,5.4,122.0,11.0,6.0
2024-08-26,0.1,22.1,31.7,58.0,1013.7,14.4,18.0,91.0,0.0
2024-08-27,0.0,23.3,30.9,54.0,1015.7,13.2,46.0,48.0,0.0
2024-08-28,0.0,22.3,31.2,58.0,1016.8,8.2,26.0,20.0,0.0
2024-08-29,0.0,22.3,33.3,61.0,1016.1,6.6,343.0,3.0,0.0
2024-08-30,0.0,22.8,32.6,59.0,1016.1,6.0,67.0,23.0,0.0
2024-08-31,0.0,23.5,32.9,57.0,1016.5,6.7,8.0,35.0,0.0
2024-09-01,0.0,23.2,32.7,58.0,1014.3,8.9,81.0,81.0,0.0
2024-09-02,0.1,19.6,32.8,56.0,1012.4,7.2,248.0,14.0,0.0
2024-09-03,0.0,19.9,30.5,68.0,1015.0,6.2,215.0,18.0,3.0
2024-09-04,0.0,20.1,29.9,72.0,1013.7,5.9,128.0,42.0,1.0
2024-09-05,42.8,19.2,24.6,86.0,1009.9,12.3,44.0,83.0,15.0
2024-09-06,4.0,18.0,24.5,84.0,1012.6,7.4,48.0,59.0,10.0
2024-09-07,0.3,18.2,25.9,83.0,1016.1,7.2,112.0,14.0,10.0
2024-09-08,40.5,20.2,26.6,91.0,1012.4,8.2,26.0,96.0,19.0
2024-09-09,28.1,19.8,26.3,81.0,1003.0,9.7,55.0,61.0,10.0
2024-09-10,0.0,15.9,25.8,80.0,1008.6,5.9,23.0,13.0,9.0
2024-09-11,4.6,17.9,23.5,81.0,1008.8,11.5,33.0,75.0,7.0
2024-09-12,26.5,14.2,18.8,84.0,1003.8,18.0,32.0,94.0,11.0
2024-09-13,0.3,12.5,17.6,63.0,1007.5,9.9,321.0,100.0,0.0
2024-09-14,0.0,14.1,21.5,47.0,1012.4,13.2,298.0,100.0,0.0
2024-09-15,0.0,12.2,21.5,62.0,1012.9,8.2,39.0,89.0,0.0
2024-09-16,1.5,12.2,22.1,61.0,1012.4,10.0,22.0,72.0,3.0
2024-09-17,2.7,13.1,20.5,69.0,1016.3,18.6,55.0,69.0,6.0
2024-09-18,0.1,16.1,21.5,57.0,1018.4,21.8,56.0,79.0,0.0
2024-09-19,0.0,17.0,23.4,54.0,1016.5,17.8,42.0,88.0,0.0
2024-09-20,0.0,16.3,24.1,57.0,1019.3,15.3,48.0,39.0,0.0
2024-09-21,0.0,15.8,23.9,66.0,1021.4,10.4,41.0,20.0,0.0
2024-09-22,0.0,14.6,22.8,67.0,1018.3,7.6,39.0,68.0,0.0
2024-09-23,7.1,13.6,22.2,85.0,1013.6,9.2,67.0,54.0,12.0
2024-09-24,13.2,15.0,22.9,83.0,1009.8,11.9,243.0,61.0,13.0
2024-09-25,0.4,13.6,22.5,83.0,1013.7,8.1,141.0,52.0,11.0
2024-09-26,0.0,15.7,24.7,81.0,1010.4,8.1,259.0,84.0,7.0
2024-09-27,5.1,18.8,24.5,78.0,1006.3,9.8,185.0,70.0,1.0
2024-09-28,0.5,13.9,20.4,71.0,1010.8,13.9,28.0,38.0,1.0
2024-09-29,0.0,11.6,19.6,66.0,1023.0,7.9,45.0,37.0,1.0
2024-09-30,0.0,13.4,18.8,67.0,1021.7,10.6,72.0,45.0,0.0
2024-10-01,1.8,13.3,18.1,84.0,1016.3,10.1,45.0,95.0,9.0
2024-10-02,13.7,14.2,18.5,94.0,1006.9,8.3,28.0,95.0,24.0
2024-10-03,56.8,11.6,15.8,84.0,1004.9,25.6,43.0,100.0,17.0
2024-10-04,13.2,10.9,13.9,86.0,1007.4,12.7,8.0,99.0,15.0
2024-10-05,12.0,10.9,16.5,80.0,1012.8,14.4,30.0,72.0,9.0
2024-10-06,0.0,8.3,18.2,79.0,1013.2,7.8,265.0,42.0,5.0
2024-10-07,0.0,9.2,17.0,85.0,1015.6,4.6,4.0,85.0,9.0
2024-10-08,20.5,14.3,20.0,90.0,1010.2,20.3,124.0,100.0,20.0
2024-10-09,0.2,14.8,20.9,87.0,1005.4,11.3,208.0,83.0,11.0
2024-10-10,25.5,15.2,22.4,86.0,1000.8,13.6,162.0,73.0,12.0
2024-10-11,0.0,12.2,21.0,68.0,1010.5,10.1,28.0,6.0,0.0
2024-10-12,0.0,12.2,18.9,74.0,1018.3,10.3,53.0,52.0,1.0
2024-10-13,0.0,12.0,20.1,87.0,1017.4,5.6,308.0,86.0,15.0
2024-10-14,0.0,12.6,18.6,86.0,1019.8,5.7,349.0,79.0,10.0
2024-10-15,0.1,13.3,19.2,89.0,1020.6,5.4,49.0,98.0,14.0
2024-10-16,2.6,12.7,18.2,88.0,1022.2,9.2,37.0,99.0,17.0
2024-10-17,3.0,14.3,19.0,88.0,1021.4,11.7,50.0,99.0,9.0
2024-10-18,25.2,15.0,19.5,93.0,1017.0,16.3,51.0,87.0,23.0
2024-10-19,17.8,14.6,21.1,88.0,1017.7,17.1,52.0,99.0,18.0
2024-10-20,1.9,14.2,21.2,72.0,1024.1,12.3,55.0,70.0,2.0
2024-10-21,0.0,11.6,20.3,82.0,1029.2,5.1,53.0,42.0,7.0
2024-10-22,0.0,12.1,19.7,90.0,1028.6,4.4,80.0,63.0,15.0
2024-10-23,33.8,14.2,17.7,95.0,1028.9,7.2,30.0,100.0,24.0
2024-10-24,9.7,14.7,17.7,86.0,1028.4,12.2,48.0,93.0,11.0
2024-10-25,1.0,13.4,18.6,89.0,1025.1,7.7,48.0,92.0,13.0
2024-10-26,27.8,15.4,20.0,94.0,1022.5,10.3,52.0,95.0,21.0
2024-10-27,0.2,13.9,20.0,95.0,1023.6,6.2,56.0,82.0,19.0
2024-10-28,0.3,13.7,18.9,97.0,1026.2,3.8,204.0,89.0,22.0
2024-10-29,0.0,12.7,20.9,92.0,1025.4,4.4,319.0,53.0,17.0
2024-10-30,0.0,10.5,21.6,87.0,1024.3,3.9,326.0,2.0,13.0
2024-10-31,0.0,10.8,20.7,84.0,1025.4,5.9,327.0,5.0,12.0
2024-11-01,0.0,10.1,17.5,94.0,1024.5,5.4,281.0,47.0,19.0
2024-11-02,0.0,10.2,17.8,92.0,1023.1,5.7,20.0,58.0,15.0
2024-11-03,0.0,10.0,17.1,74.0,1027.6,9.4,31.0,28.0,0.0
2024-11-04,0.0,6.3,16.8,83.0,1026.7,4.7,341.0,9.0,7.0
2024-11-05,0.0,7.4,16.5,74.0,1026.3,8.3,27.0,67.0,3.0
2024-11-06,0.0,7.3,16.0,77.0,1028.4,6.1,9.0,94.0,0.0
2024-11-07,0.0,6.6,15.7,83.0,1030.3,6.4,3.0,44.0,5.0
2024-11-08,0.0,5.9,15.1,93.0,1029.0,6.0,317.0,98.0,19.0
2024-11-09,0.0,5.9,14.6,86.0,1026.8,6.4,324.0,87.0,9.0
2024-11-10,0.0,4.3,15.9,80.0,1023.1,7.3,7.0,19.0,11.0
2024-11-11,0.0,5.8,12.4,69.0,1024.7,10.9,27.0,3.0,0.0
2024-11-12,0.0,5.0,12.4,66.0,1024.3,13.5,43.0,12.0,0.0
2024-11-13,0.0,3.0,11.1,73.0,1024.8,9.6,23.0,24.0,0.0
2024-11-14,0.1,3.2,10.1,70.0,1023.9,8.8,24.0,42.0,1.0
2024-11-15,0.0,0.8,10.8,85.0,1024.5,5.0,346.0,19.0,12.0
2024-11-16,0.0,2.6,12.1,78.0,1022.9,6.6,315.0,1.0,4.0
2024-11-17,0.0,2.6,8.0,91.0,1016.0,4.1,308.0,70.0,15.0
2024-11-18,0.0,2.2,12.6,85.0,1013.2,5.8,321.0,90.0,10.0
2024-11-19,0.0,5.1,11.2,85.0,1010.4,4.5,317.0,91.0,6.0
2024-11-20,0.1,5.3,12.6,75.0,998.2,7.3,338.0,80.0,11.0
2024-11-21,4.4,0.6,8.8,75.0,1003.8,8.0,4.0,59.0,6.0
2024-11-22,3.4,2.4,9.2,87.0,1000.4,8.7,288.0,66.0,15.0
2024-11-23,0.0,-1.5,9.1,71.0,1025.1,5.5,279.0,29.0,6.0
2024-11-24,0.0,-0.6,8.0,79.0,1032.9,4.1,328.0,95.0,5.0
2024-11-25,0.0,0.4,8.1,86.0,1028.6,3.3,312.0,61.0,9.0
2024-11-26,0.3,4.5,8.6,82.0,1023.3,5.1,353.0,94.0,0.0
2024-11-27,2.0,5.7,11.4,92.0,1023.7,5.8,338.0,73.0,19.0
2024-11-28,0.6,3.8,11.6,94.0,1022.8,6.2,292.0,88.0,19.0
2024-11-29,0.0,4.4,13.5,76.0,1025.9,9.2,22.0,25.0,8.0
2024-11-30,0.0,3.2,10.4,67.0,1029.8,7.5,0.0,0.0,0.0
2024-12-01,0.0,0.5,11.7,75.0,1026.0,7.7,343.0,1.0,0.0
2024-12-02,0.0,2.5,12.0,77.0,1021.4,8.6,356.0,20.0,2.0
2024-12-03,0.1,2.7,9.7,77.0,1017.2,10.6,26.0,75.0,1.0
2024-12-04,0.4,4.6,10.8,72.0,1020.2,13.2,33.0,84.0,0.0
2024-12-05,0.0,2.4,9.1,74.0,1024.8,11.2,11.0,15.0,0.0
2024-12-06,0.3,1.1,8.0,78.0,1017.7,5.9,24.0,49.0,1.0
2024-12-07,0.0,-1.9,7.5,88.0,1013.5,7.5,353.0,82.0,10.0
2024-12-08,41.0,5.7,9.4,73.0,1000.6,28.7,43.0,100.0,16.0
2024-12-09,0.9,7.0,9.4,58.0,1009.1,20.5,59.0,93.0,2.0
2024-12-10,0.0,6.4,10.3,62.0,1018.1,19.8,54.0,83.0,0.0
2024-12-11,0.0,3.0,9.7,76.0,1023.7,8.5,17.0,44.0,2.0
2024-12-12,0.0,1.7,8.3,83.0,1028.6,8.1,16.0,1.0,6.0
2024-12-13,0.2,-0.8,8.1,83.0,1029.9,8.4,14.0,30.0,9.0
2024-12-14,3.2,2.7,7.8,86.0,1022.7,6.7,320.0,94.0,10.0
2024-12-15,0.0,0.6,6.4,96.0,1025.3,6.2,296.0,71.0,23.0
2024-12-16,0.0,0.2,5.7,94.0,1034.3,2.6,331.0,87.0,22.0
2024-12-17,0.0,0.8,6.1,94.0,1031.8,3.8,328.0,91.0,19.0
2024-12-18,0.0,-0.1,6.3,95.0,1028.2,3.6,304.0,99.0,23.0
2024-12-19,4.1,4.6,6.9,96.0,1016.4,5.6,17.0,100.0,24.0
2024-12-20,15.6,3.8,9.6,79.0,1008.8,14.7,27.0,90.0,9.0
2024-12-21,0.0,0.5,8.2,64.0,1022.6,6.4,14.0,12.0,0.0
2024-12-22,3.5,-0.8,4.5,87.0,1012.1,5.5,15.0,84.0,11.0
2024-12-23,1.4,1.3,9.3,83.0,1004.0,7.2,309.0,93.0,12.0
2024-12-24,0.0,-1.7,9.3,66.0,1016.1,6.9,334.0,1.0,0.0
2024-12-25,0.0,-1.2,8.9,67.0,1028.9,7.2,354.0,1.0,0.0
2024-12-26,0.0,-1.1,8.7,72.0,1032.7,7.6,356.0,12.0,0.0
2024-12-27,0.0,-1.4,9.5,74.0,1032.6,6.0,319.0,0.0,0.0
2024-12-28,0.0,-1.0,10.3,86.0,1028.1,3.9,299.0,47.0,12.0
2024-12-29,0.0,-0.8,11.3,90.0,1027.3,3.6,292.0,0.0,16.0
2024-12-30,0.0,0.1,8.6,96.0,1029.6,1.9,337.0,54.0,20.0
2024-12-31,0.0,-0.0,7.3,96.0,1031.8,2.8,312.0,72.0,22.0
