date,rainfall_mm,temp_min,temp_max,humidity_pct,pressure_hpa,wind_speed_kmh,wind_dir_deg,cloud_pct
1996-01-01,2.8,4.2,7.1,89.0,1000.0,7.7,51.0,77.0
1996-01-02,0.0,4.1,8.2,87.0,1005.2,4.5,19.0,58.0
1996-01-03,0.0,1.9,8.0,88.0,1013.6,6.3,57.0,36.0
1996-01-04,0.3,3.8,6.1,74.0,1018.7,10.9,78.0,88.0
1996-01-05,2.3,2.3,3.6,73.0,1014.2,13.5,68.0,99.0
1996-01-06,16.9,1.6,5.9,88.0,1010.0,21.8,47.0,100.0
1996-01-07,14.6,6.2,8.2,92.0,1008.9,14.6,47.0,100.0
1996-01-08,6.4,7.3,9.6,91.0,1011.2,13.1,30.0,89.0
1996-01-09,0.1,4.7,9.9,88.0,1018.2,6.0,32.0,79.0
1996-01-10,1.7,7.2,10.4,88.0,1017.7,11.2,43.0,100.0
1996-01-11,0.4,9.0,12.9,91.0,1016.1,9.9,46.0,96.0
1996-01-12,1.4,8.7,12.3,93.0,1013.4,9.2,51.0,85.0
1996-01-13,3.2,8.7,12.4,93.0,1017.6,7.9,52.0,78.0
1996-01-14,0.0,6.2,10.0,79.0,1022.8,12.3,62.0,68.0
1996-01-15,0.0,3.6,7.4,69.0,1027.7,17.8,58.0,11.0
1996-01-16,0.0,1.2,7.0,71.0,1030.7,9.4,43.0,2.0
1996-01-17,0.0,-1.5,8.0,74.0,1031.1,6.9,21.0,0.0
1996-01-18,0.0,-0.1,6.5,77.0,1025.2,4.4,248.0,46.0
1996-01-19,0.0,0.9,6.1,80.0,1018.4,2.7,9.0,9.0
1996-01-20,0.0,-0.4,5.9,79.0,1016.9,13.9,40.0,67.0
1996-01-21,0.0,2.9,5.8,68.0,1021.4,13.5,44.0,83.0
1996-01-22,0.1,2.7,5.7,67.0,1022.2,13.9,47.0,85.0
1996-01-23,6.2,3.8,5.4,84.0,1020.1,17.8,44.0,100.0
1996-01-24,28.2,5.3,8.0,94.0,1010.9,19.0,40.0,100.0
1996-01-25,4.0,3.2,5.7,82.0,1009.4,19.5,49.0,100.0
1996-01-26,8.6,5.0,9.4,88.0,1010.7,16.1,44.0,100.0
1996-01-27,5.4,5.1,8.2,91.0,1013.3,7.2,42.0,99.0
1996-01-28,0.0,4.9,8.4,87.0,1017.6,8.0,49.0,94.0
1996-01-29,0.0,5.0,8.7,76.0,1018.2,14.9,47.0,77.0
1996-01-30,0.0,2.9,7.1,62.0,1020.2,26.7,62.0,26.0
1996-01-31,0.0,1.8,5.5,52.0,1024.5,30.9,62.0,19.0
1996-02-01,0.0,0.1,5.0,62.0,1026.1,14.5,66.0,17.0
1996-02-02,3.6,-0.2,5.0,80.0,1020.3,13.1,42.0,95.0
1996-02-03,2.0,4.2,7.0,90.0,1010.0,9.5,313.0,87.0
1996-02-04,6.0,3.4,6.4,91.0,1007.5,15.0,52.0,86.0
1996-02-05,2.1,2.3,6.4,65.0,1005.3,27.7,68.0,76.0
1996-02-06,0.0,-0.7,2.9,59.0,1002.2,20.2,62.0,41.0
1996-02-07,0.0,-1.9,2.4,59.0,1002.2,14.7,51.0,23.0
1996-02-08,0.0,-1.7,3.9,59.0,999.6,11.5,43.0,6.0
1996-02-09,0.0,-2.0,6.4,67.0,1013.8,9.1,104.0,2.0
1996-02-10,0.0,-0.3,5.8,74.0,1018.5,7.9,80.0,88.0
1996-02-11,0.0,2.0,6.6,77.0,1019.5,11.4,50.0,80.0
1996-02-12,0.0,-0.7,7.3,79.0,1016.2,7.6,260.0,66.0
1996-02-13,10.6,1.3,8.4,84.0,1001.2,7.8,288.0,81.0
1996-02-14,0.0,0.8,10.0,78.0,1010.2,7.9,13.0,40.0
1996-02-15,0.0,0.7,8.5,72.0,1023.6,9.9,74.0,7.0
1996-02-16,0.0,-0.4,7.8,75.0,1021.6,7.9,92.0,17.0
1996-02-17,0.0,1.8,8.0,80.0,1012.6,6.4,90.0,23.0
1996-02-18,0.0,0.1,9.4,82.0,1013.4,8.7,194.0,51.0
1996-02-19,12.8,3.7,7.4,91.0,996.9,4.3,283.0,95.0
1996-02-20,0.2,-1.2,9.5,79.0,1000.7,11.0,55.0,73.0
1996-02-21,0.0,4.6,7.8,59.0,1004.7,22.2,69.0,100.0
1996-02-22,0.2,2.7,6.2,60.0,1010.0,16.5,67.0,82.0
1996-02-23,0.0,-1.3,4.2,60.0,1014.3,12.9,74.0,44.0
1996-02-24,0.0,-1.3,5.4,65.0,1017.0,6.1,90.0,35.0
1996-02-25,0.0,-2.2,6.9,72.0,1021.9,5.4,77.0,26.0
1996-02-26,0.0,2.0,8.4,77.0,1024.0,10.2,53.0,61.0
1996-02-27,0.0,3.1,9.6,82.0,1022.5,9.1,57.0,45.0
1996-02-28,0.0,0.3,10.6,80.0,1021.1,10.0,44.0,17.0
1996-02-29,0.0,1.5,10.4,68.0,1021.4,8.0,54.0,17.0
1996-03-01,0.6,3.8,10.4,77.0,1013.8,8.4,106.0,33.0
1996-03-02,0.3,2.2,7.2,42.0,1014.0,17.9,95.0,28.0
1996-03-03,0.2,-0.1,7.9,52.0,1014.0,9.3,227.0,21.0
1996-03-04,0.9,1.2,5.7,59.0,1016.1,9.7,79.0,35.0
1996-03-05,0.0,-2.2,7.8,62.0,1022.4,8.7,155.0,12.0
1996-03-06,0.0,-2.2,8.0,71.0,1021.9,5.8,113.0,3.0
1996-03-07,0.0,-1.6,9.1,69.0,1019.0,12.6,52.0,27.0
1996-03-08,0.0,3.5,8.0,57.0,1025.3,21.2,57.0,54.0
1996-03-09,0.0,1.7,7.4,57.0,1026.4,19.1,56.0,16.0
1996-03-10,0.0,1.1,7.0,54.0,1024.1,20.3,64.0,14.0
1996-03-11,0.0,-2.1,6.5,65.0,1015.1,9.0,89.0,39.0
1996-03-12,3.3,1.5,4.3,70.0,1007.8,21.5,53.0,86.0
1996-03-13,0.0,1.2,5.2,63.0,1009.8,14.6,48.0,83.0
1996-03-14,0.0,2.5,10.9,70.0,1012.7,8.6,26.0,88.0
1996-03-15,0.0,5.8,13.0,72.0,1010.5,11.8,50.0,95.0
1996-03-16,5.5,6.6,8.7,78.0,1007.3,23.2,54.0,99.0
1996-03-17,1.2,6.4,12.8,73.0,1012.3,13.4,57.0,80.0
1996-03-18,0.0,6.8,11.3,74.0,1014.6,12.8,61.0,92.0
1996-03-19,0.0,6.0,10.4,65.0,1015.3,12.1,52.0,73.0
1996-03-20,0.0,3.5,11.0,71.0,1013.1,7.9,98.0,27.0
1996-03-21,0.0,3.5,12.4,82.0,1015.3,7.6,122.0,52.0
1996-03-22,0.1,7.2,13.0,85.0,1016.3,6.9,93.0,85.0
1996-03-23,2.6,8.3,11.3,92.0,1020.7,8.6,81.0,86.0
1996-03-24,0.0,6.9,12.9,91.0,1022.3,5.5,146.0,79.0
1996-03-25,0.6,8.3,13.2,91.0,1019.8,7.0,118.0,85.0
1996-03-26,0.9,8.1,12.9,91.0,1014.8,5.7,107.0,96.0
1996-03-27,4.4,9.1,14.5,84.0,1005.8,9.6,76.0,99.0
1996-03-28,0.9,5.8,10.3,51.0,1010.0,15.6,91.0,54.0
1996-03-29,2.2,4.7,9.7,63.0,1010.1,8.0,70.0,57.0
1996-03-30,1.3,3.8,10.8,71.0,1008.1,11.6,61.0,39.0
1996-03-31,0.4,2.5,10.8,69.0,1010.8,11.0,115.0,40.0
1996-04-01,4.6,5.5,10.5,72.0,1009.9,12.1,54.0,88.0
1996-04-02,23.4,6.4,10.0,85.0,1002.1,24.0,38.0,100.0
1996-04-03,9.6,4.9,10.1,72.0,1008.4,24.5,48.0,93.0
1996-04-04,4.9,6.0,11.2,75.0,1012.9,11.2,44.0,96.0
1996-04-05,1.7,6.8,14.2,84.0,1014.9,4.4,353.0,81.0
1996-04-06,0.0,6.7,16.2,78.0,1016.6,6.5,103.0,25.0
1996-04-07,0.0,8.2,17.5,76.0,1017.0,4.6,214.0,8.0
1996-04-08,0.2,7.5,17.3,75.0,1019.5,6.8,51.0,54.0
1996-04-09,0.3,8.6,17.2,75.0,1020.2,6.7,18.0,48.0
1996-04-10,0.2,6.0,15.6,84.0,1016.9,6.7,96.0,31.0
1996-04-11,2.4,8.9,14.4,84.0,1012.4,8.0,83.0,78.0
1996-04-12,1.7,7.4,15.4,85.0,1009.5,7.1,158.0,47.0
1996-04-13,5.4,9.0,14.2,88.0,1009.9,13.0,67.0,89.0
1996-04-14,0.0,7.0,12.6,63.0,1014.9,13.8,75.0,63.0
1996-04-15,0.2,5.2,15.3,65.0,1017.7,8.4,155.0,9.0
1996-04-16,0.0,6.1,16.8,61.0,1015.9,9.1,177.0,0.0
1996-04-17,0.0,7.2,16.0,73.0,1012.4,8.8,122.0,29.0
1996-04-18,0.0,5.7,18.3,72.0,1015.7,6.8,152.0,14.0
1996-04-19,0.0,7.2,18.9,75.0,1019.9,6.6,152.0,1.0
1996-04-20,0.0,8.3,19.7,72.0,1019.3,8.3,142.0,0.0
1996-04-21,0.0,9.8,19.5,75.0,1017.6,9.2,148.0,1.0
1996-04-22,0.0,10.3,20.1,70.0,1018.8,8.8,197.0,46.0
1996-04-23,0.4,10.1,18.7,71.0,1018.4,14.5,208.0,92.0
1996-04-24,0.8,12.6,16.7,83.0,1018.5,11.4,173.0,96.0
1996-04-25,9.6,13.0,15.3,91.0,1021.0,6.3,80.0,100.0
1996-04-26,2.7,12.3,17.3,83.0,1018.7,9.7,42.0,98.0
1996-04-27,2.0,12.8,16.2,82.0,1016.8,11.4,63.0,99.0
1996-04-28,0.0,10.2,17.6,79.0,1010.6,5.7,184.0,61.0
1996-04-29,2.9,12.2,16.0,85.0,1006.2,7.4,142.0,93.0
1996-04-30,5.7,12.4,17.4,89.0,1003.4,11.2,96.0,99.0
1996-05-01,1.6,12.1,18.2,79.0,1001.5,10.3,126.0,57.0
1996-05-02,0.2,13.2,18.8,76.0,1003.5,13.3,207.0,47.0
1996-05-03,8.7,11.6,17.5,78.0,1003.1,8.7,212.0,67.0
1996-05-04,0.0,9.9,17.5,76.0,1011.0,8.2,182.0,20.0
1996-05-05,0.2,12.0,18.2,81.0,1015.4,10.8,81.0,58.0
1996-05-06,0.0,9.6,20.3,80.0,1013.0,5.4,171.0,20.0
1996-05-07,0.0,10.7,20.8,79.0,1011.6,6.0,138.0,34.0
1996-05-08,0.9,13.0,20.3,84.0,1010.3,5.7,164.0,79.0
1996-05-09,3.3,14.1,19.1,85.0,1006.0,10.2,189.0,83.0
1996-05-10,10.6,13.4,18.7,87.0,1005.2,7.4,65.0,81.0
1996-05-11,0.1,12.9,21.4,74.0,1004.9,11.7,37.0,78.0
1996-05-12,18.7,14.4,17.0,90.0,1004.0,11.0,17.0,100.0
1996-05-13,5.1,13.4,18.8,84.0,1009.5,7.5,149.0,75.0
1996-05-14,1.3,13.1,20.2,85.0,1008.3,7.9,186.0,93.0
1996-05-15,1.0,14.9,22.2,85.0,1006.3,6.1,223.0,43.0
1996-05-16,0.1,13.2,22.0,83.0,1009.3,8.7,214.0,41.0
1996-05-17,0.0,14.8,21.9,80.0,1011.8,9.6,183.0,37.0
1996-05-18,0.0,15.7,21.9,82.0,1012.1,10.4,100.0,40.0
1996-05-19,2.2,16.7,22.7,83.0,1009.7,10.9,147.0,57.0
1996-05-20,4.0,15.0,20.5,74.0,1010.6,13.8,230.0,65.0
1996-05-21,0.5,11.1,19.7,75.0,1019.8,7.9,105.0,19.0
1996-05-22,0.2,11.6,20.6,73.0,1020.4,7.2,92.0,34.0
1996-05-23,0.4,14.2,20.4,76.0,1021.0,9.8,101.0,55.0
1996-05-24,0.0,14.4,22.0,78.0,1019.4,9.3,126.0,15.0
1996-05-25,0.0,15.2,23.4,76.0,1014.2,9.0,196.0,48.0
1996-05-26,0.0,16.5,21.6,67.0,1013.1,13.1,186.0,75.0
1996-05-27,15.9,15.4,19.7,85.0,1009.8,12.3,86.0,94.0
1996-05-28,0.9,11.6,22.1,70.0,1010.1,10.1,60.0,27.0
1996-05-29,0.0,11.2,19.8,52.0,1019.5,10.3,108.0,6.0
1996-05-30,0.0,13.0,22.4,63.0,1022.2,6.5,64.0,5.0
1996-05-31,0.0,14.8,23.9,68.0,1020.9,7.5,175.0,50.0
1996-06-01,0.0,14.3,24.1,78.0,1018.1,8.1,127.0,0.0
1996-06-02,0.0,16.5,24.4,79.0,1013.8,7.9,126.0,7.0
1996-06-03,0.0,17.5,24.8,76.0,1014.7,9.2,107.0,55.0
1996-06-04,0.0,16.0,25.9,74.0,1019.1,5.7,72.0,25.0
1996-06-05,0.0,19.9,25.8,66.0,1022.5,12.7,65.0,13.0
1996-06-06,0.0,19.4,26.0,69.0,1022.2,9.5,69.0,0.0
1996-06-07,0.0,17.7,27.6,77.0,1021.0,5.8,156.0,7.0
1996-06-08,0.0,17.9,28.1,77.0,1019.8,7.3,138.0,9.0
1996-06-09,0.0,20.4,28.8,78.0,1018.2,8.1,109.0,6.0
1996-06-10,0.0,20.8,29.7,75.0,1018.5,6.4,102.0,3.0
1996-06-11,0.0,19.6,30.2,72.0,1019.7,5.8,96.0,10.0
1996-06-12,0.1,19.9,30.9,68.0,1020.1,6.4,14.0,33.0
1996-06-13,0.4,21.2,29.6,69.0,1018.3,10.5,40.0,63.0
1996-06-14,1.0,20.5,23.9,55.0,1021.9,15.2,91.0,50.0
1996-06-15,0.0,18.8,23.7,52.0,1021.9,12.6,95.0,30.0
1996-06-16,0.1,17.8,23.5,56.0,1019.6,9.3,79.0,64.0
1996-06-17,0.2,16.5,24.5,56.0,1019.2,10.4,105.0,13.0
1996-06-18,0.0,19.1,26.2,59.0,1014.9,8.5,156.0,40.0
1996-06-19,1.7,18.1,25.9,73.0,1010.1,10.3,113.0,72.0
1996-06-20,4.5,19.4,24.3,84.0,1008.5,11.5,90.0,82.0
1996-06-21,1.1,18.9,25.7,78.0,1007.0,10.6,166.0,71.0
1996-06-22,21.1,16.6,23.2,83.0,1001.9,8.4,56.0,77.0
1996-06-23,7.4,13.5,19.1,65.0,1012.7,15.1,19.0,74.0
1996-06-24,0.1,14.0,20.9,62.0,1018.8,12.8,54.0,44.0
1996-06-25,2.5,16.6,20.5,64.0,1018.0,20.1,43.0,88.0
1996-06-26,5.1,14.8,20.7,65.0,1016.5,13.7,25.0,81.0
1996-06-27,0.3,13.4,23.3,68.0,1019.0,6.0,303.0,54.0
1996-06-28,0.0,15.8,24.6,73.0,1019.4,8.2,153.0,21.0
1996-06-29,0.0,16.8,24.3,75.0,1014.9,9.0,182.0,42.0
1996-06-30,0.0,17.5,22.0,75.0,1012.0,15.3,102.0,42.0
1996-07-01,1.2,17.9,20.9,77.0,1010.3,12.1,56.0,83.0
1996-07-02,7.9,17.2,20.1,84.0,1009.5,13.4,41.0,88.0
1996-07-03,1.9,16.3,20.8,77.0,1012.5,14.3,58.0,54.0
1996-07-04,0.0,14.9,23.9,77.0,1016.4,7.5,141.0,14.0
1996-07-05,0.4,18.6,24.6,82.0,1013.5,10.6,121.0,25.0
1996-07-06,0.0,18.3,25.6,78.0,1006.3,8.1,181.0,29.0
1996-07-07,0.2,18.4,24.7,82.0,1005.2,12.1,79.0,43.0
1996-07-08,5.3,18.4,23.0,72.0,1000.4,10.0,246.0,55.0
1996-07-09,0.1,16.6,23.6,56.0,1014.5,9.7,81.0,68.0
1996-07-10,0.4,15.5,21.6,70.0,1018.5,11.4,75.0,46.0
1996-07-11,0.0,14.5,23.3,72.0,1018.0,8.1,88.0,39.0
1996-07-12,0.0,18.1,24.4,68.0,1017.6,7.4,124.0,61.0
1996-07-13,0.0,16.9,26.5,74.0,1020.2,5.9,79.0,17.0
1996-07-14,0.0,18.1,28.1,73.0,1022.0,5.5,55.0,31.0
1996-07-15,0.0,20.9,28.7,71.0,1019.1,5.3,47.0,34.0
1996-07-16,0.9,20.0,28.4,75.0,1017.0,7.1,85.0,48.0
1996-07-17,2.4,19.3,23.5,65.0,1019.5,12.8,74.0,67.0
1996-07-18,0.0,19.2,25.5,62.0,1017.1,10.8,83.0,31.0
1996-07-19,0.0,19.6,24.8,60.0,1017.3,18.0,67.0,28.0
1996-07-20,0.0,19.4,23.5,49.0,1020.4,19.8,62.0,51.0
1996-07-21,0.0,18.2,23.9,49.0,1021.7,13.2,61.0,20.0
1996-07-22,0.0,18.9,25.1,50.0,1022.1,11.0,69.0,11.0
1996-07-23,0.0,15.8,26.0,65.0,1020.7,9.7,124.0,14.0
1996-07-24,0.0,19.3,27.7,71.0,1014.0,12.0,211.0,71.0
1996-07-25,0.4,20.4,26.9,70.0,1012.2,8.7,128.0,20.0
1996-07-26,0.5,19.2,27.6,66.0,1016.0,10.3,63.0,31.0
1996-07-27,0.0,20.6,27.6,62.0,1018.3,11.8,96.0,63.0
1996-07-28,0.1,19.2,27.6,69.0,1017.1,9.1,116.0,59.0
1996-07-29,0.0,19.4,27.8,73.0,1014.0,6.5,154.0,14.0
1996-07-30,4.9,19.9,27.2,71.0,1010.2,7.0,350.0,59.0
1996-07-31,0.0,18.5,27.6,69.0,1013.8,5.2,104.0,11.0
1996-08-01,0.0,20.0,28.8,67.0,1016.8,8.7,106.0,20.0
1996-08-02,0.1,21.5,29.7,66.0,1017.1,6.9,137.0,31.0
1996-08-03,2.1,22.3,27.8,72.0,1016.0,9.3,69.0,58.0
1996-08-04,6.5,20.4,25.4,61.0,1016.4,17.5,61.0,43.0
1996-08-05,0.7,19.5,25.1,57.0,1015.8,12.3,76.0,34.0
1996-08-06,0.2,18.8,25.8,70.0,1014.9,7.7,167.0,68.0
1996-08-07,0.1,18.9,26.9,74.0,1015.5,7.6,117.0,34.0
1996-08-08,0.7,20.1,26.4,74.0,1013.2,8.0,47.0,76.0
1996-08-09,0.0,19.9,26.9,64.0,1014.8,10.4,72.0,21.0
1996-08-10,0.0,21.1,27.2,65.0,1013.6,9.1,99.0,69.0
1996-08-11,12.8,19.8,26.0,79.0,1010.3,11.3,109.0,75.0
1996-08-12,50.0,18.3,24.4,88.0,1008.0,7.3,70.0,81.0
1996-08-13,12.3,16.9,22.9,85.0,1011.3,10.3,50.0,53.0
1996-08-14,1.6,16.4,23.6,81.0,1013.1,6.9,86.0,62.0
1996-08-15,1.1,19.0,23.7,78.0,1013.5,8.2,51.0,74.0
1996-08-16,0.0,17.1,25.5,77.0,1015.6,5.4,107.0,31.0
1996-08-17,0.0,19.1,25.9,77.0,1016.8,6.0,127.0,29.0
1996-08-18,1.3,19.6,24.4,75.0,1016.9,10.6,52.0,46.0
1996-08-19,0.0,17.9,27.3,67.0,1016.3,8.0,19.0,12.0
1996-08-20,0.0,18.9,26.5,64.0,1015.7,9.3,20.0,25.0
1996-08-21,0.0,18.2,26.3,72.0,1014.1,8.3,74.0,25.0
1996-08-22,0.0,18.7,25.2,77.0,1010.6,8.0,101.0,59.0
1996-08-23,0.0,18.7,26.8,75.0,1010.3,5.1,216.0,27.0
1996-08-24,0.1,18.3,26.5,83.0,1010.1,6.7,121.0,16.0
1996-08-25,12.7,18.6,24.1,82.0,1011.1,5.8,71.0,54.0
1996-08-26,5.3,18.1,24.1,81.0,1014.0,10.1,42.0,69.0
1996-08-27,0.6,18.8,24.2,81.0,1015.2,6.9,63.0,64.0
1996-08-28,26.6,18.8,23.6,86.0,1010.6,14.2,109.0,72.0
1996-08-29,5.7,16.4,23.3,79.0,1012.8,9.5,34.0,42.0
1996-08-30,1.8,18.3,23.5,77.0,1014.1,8.1,24.0,29.0
1996-08-31,0.4,17.3,22.8,70.0,1015.7,15.6,36.0,91.0
1996-09-01,1.3,17.3,23.5,68.0,1016.3,5.7,339.0,79.0
1996-09-02,0.3,15.5,22.9,67.0,1015.9,10.2,44.0,90.0
1996-09-03,0.2,17.9,22.4,66.0,1014.0,11.2,51.0,87.0
1996-09-04,2.5,18.2,23.4,68.0,1011.6,12.3,46.0,35.0
1996-09-05,5.7,16.3,23.8,76.0,1009.5,9.2,59.0,28.0
1996-09-06,1.0,14.4,21.0,66.0,1010.6,10.9,96.0,26.0
1996-09-07,0.9,12.5,19.3,64.0,1011.7,13.7,79.0,16.0
1996-09-08,0.0,12.9,20.5,55.0,1012.9,11.2,58.0,11.0
1996-09-09,0.2,14.6,19.3,53.0,1015.8,10.2,79.0,30.0
1996-09-10,0.8,12.3,19.4,70.0,1016.3,5.3,89.0,31.0
1996-09-11,0.7,13.7,19.8,81.0,1014.3,8.3,104.0,48.0
1996-09-12,3.6,14.8,20.4,86.0,1004.8,10.1,47.0,92.0
1996-09-13,6.4,12.6,17.6,79.0,1000.0,12.7,50.0,48.0
1996-09-14,0.0,9.9,20.5,74.0,1009.7,8.0,128.0,37.0
1996-09-15,0.6,13.9,20.3,75.0,1016.6,9.3,85.0,25.0
1996-09-16,2.3,13.4,19.6,74.0,1017.6,10.3,81.0,50.0
1996-09-17,1.4,13.4,18.2,73.0,1015.1,10.3,91.0,68.0
1996-09-18,2.8,14.6,17.3,69.0,1012.3,21.9,54.0,87.0
1996-09-19,3.8,14.0,16.9,68.0,1011.4,26.0,46.0,100.0
1996-09-20,2.6,14.2,16.5,73.0,1007.5,8.0,39.0,99.0
1996-09-21,20.9,13.6,15.8,88.0,1005.2,10.7,31.0,94.0
1996-09-22,4.3,12.0,19.4,83.0,1003.4,8.4,49.0,88.0
1996-09-23,19.0,14.5,17.0,87.0,998.7,13.4,341.0,100.0
1996-09-24,7.7,14.1,20.2,84.0,1003.6,6.6,198.0,64.0
1996-09-25,7.6,13.4,17.9,78.0,1009.8,7.5,35.0,88.0
1996-09-26,0.4,13.0,19.7,68.0,1014.8,9.1,39.0,17.0
1996-09-27,0.0,12.3,19.7,75.0,1016.9,6.4,157.0,19.0
1996-09-28,0.8,11.9,19.9,83.0,1019.3,4.3,102.0,50.0
1996-09-29,0.2,12.8,19.2,85.0,1025.4,6.8,78.0,70.0
1996-09-30,0.0,12.9,19.7,83.0,1022.6,6.1,124.0,33.0
1996-10-01,0.0,13.9,20.1,85.0,1015.8,9.9,148.0,37.0
1996-10-02,42.1,11.4,17.0,90.0,1009.4,18.2,161.0,94.0
1996-10-03,0.5,11.9,17.0,66.0,1019.5,15.3,42.0,71.0
1996-10-04,0.0,12.2,18.0,68.0,1021.2,13.2,42.0,20.0
1996-10-05,25.0,12.3,14.3,86.0,1011.6,14.6,38.0,98.0
1996-10-06,30.9,12.1,14.5,86.0,1012.2,23.9,35.0,97.0
1996-10-07,8.5,14.1,18.2,79.0,1017.1,18.0,54.0,98.0
1996-10-08,9.6,14.9,17.8,76.0,1013.0,24.0,49.0,100.0
1996-10-09,2.4,14.8,20.2,72.0,1013.3,14.7,44.0,89.0
1996-10-10,0.0,13.3,20.1,76.0,1016.8,9.5,33.0,42.0
1996-10-11,0.0,13.4,19.3,73.0,1019.8,12.2,46.0,19.0
1996-10-12,0.0,11.8,17.8,75.0,1020.2,7.7,50.0,7.0
1996-10-13,0.1,9.6,17.1,87.0,1020.5,6.6,77.0,50.0
1996-10-14,6.0,13.4,15.7,88.0,1017.6,14.8,53.0,99.0
1996-10-15,33.8,14.6,17.2,94.0,1011.3,18.3,85.0,100.0
1996-10-16,26.9,15.0,17.6,96.0,1003.7,15.9,86.0,96.0
1996-10-17,24.4,13.5,17.1,88.0,1005.1,13.1,133.0,87.0
1996-10-18,12.2,11.3,15.1,87.0,1011.0,7.1,10.0,74.0
1996-10-19,0.0,10.5,16.1,84.0,1016.0,4.5,151.0,42.0
1996-10-20,0.0,8.2,17.3,86.0,1021.0,7.0,229.0,25.0
1996-10-21,0.0,9.9,16.5,84.0,1015.1,5.9,72.0,31.0
1996-10-22,0.0,9.2,17.6,88.0,1017.7,6.8,67.0,6.0
1996-10-23,0.1,11.4,15.9,82.0,1023.5,7.0,74.0,53.0
1996-10-24,0.1,11.4,14.4,74.0,1025.9,9.3,96.0,69.0
1996-10-25,0.0,8.9,12.7,70.0,1026.1,7.9,65.0,56.0
1996-10-26,1.1,6.9,12.9,73.0,1027.3,6.3,24.0,90.0
1996-10-27,0.0,7.2,13.9,73.0,1027.0,5.9,271.0,59.0
1996-10-28,1.0,7.2,13.9,84.0,1020.7,6.9,212.0,74.0
1996-10-29,6.0,12.1,15.9,89.0,1012.7,5.0,202.0,89.0
1996-10-30,0.0,7.8,16.8,84.0,1017.4,7.3,54.0,15.0
1996-10-31,0.0,10.0,14.9,78.0,1025.6,7.8,87.0,56.0
1996-11-01,0.0,9.0,14.0,85.0,1022.7,3.4,66.0,72.0
1996-11-02,0.0,6.9,15.4,87.0,1027.0,4.3,236.0,25.0
1996-11-03,0.0,7.9,14.5,92.0,1026.6,4.3,178.0,34.0
1996-11-04,0.0,8.2,12.4,93.0,1023.7,3.1,173.0,85.0
1996-11-05,1.1,9.8,14.0,91.0,1018.1,5.6,133.0,87.0
1996-11-06,0.4,11.7,15.5,88.0,1021.2,9.2,304.0,65.0
1996-11-07,0.0,9.3,14.7,86.0,1020.2,11.8,225.0,31.0
1996-11-08,0.6,9.1,15.3,84.0,1020.8,6.2,33.0,34.0
1996-11-09,0.1,8.4,14.6,74.0,1028.9,9.3,36.0,51.0
1996-11-10,3.6,8.6,11.9,82.0,1024.1,9.3,39.0,98.0
1996-11-11,4.8,9.8,15.5,90.0,1014.7,10.1,144.0,84.0
1996-11-12,1.2,13.2,17.5,84.0,1013.0,13.7,157.0,62.0
1996-11-13,1.0,11.0,17.5,90.0,1011.1,12.1,166.0,60.0
1996-11-14,19.1,12.2,17.0,92.0,1008.8,12.9,151.0,79.0
1996-11-15,33.3,12.7,15.4,95.0,1016.1,15.1,52.0,95.0
1996-11-16,24.2,11.3,15.5,91.0,1020.7,12.7,49.0,99.0
1996-11-17,22.8,12.4,14.5,93.0,1013.3,5.8,46.0,100.0
1996-11-18,38.4,10.9,14.9,83.0,1000.1,16.9,165.0,88.0
1996-11-19,4.0,8.1,11.9,83.0,1002.6,7.6,225.0,58.0
1996-11-20,15.2,7.9,11.2,84.0,995.1,14.0,222.0,82.0
1996-11-21,0.5,3.9,10.9,86.0,1001.3,9.3,309.0,51.0
1996-11-22,13.9,5.6,7.2,87.0,1008.2,15.5,34.0,98.0
1996-11-23,0.6,1.6,8.3,75.0,1014.6,7.5,45.0,52.0
1996-11-24,1.7,2.4,9.6,70.0,1016.0,10.0,0.0,41.0
1996-11-25,0.8,2.2,7.4,66.0,1015.7,6.3,50.0,91.0
1996-11-26,5.7,2.6,7.6,83.0,1000.7,13.7,337.0,91.0
1996-11-27,0.3,1.4,9.8,81.0,1005.9,7.6,111.0,42.0
1996-11-28,6.9,5.6,7.7,84.0,1002.9,21.5,41.0,93.0
1996-11-29,0.0,2.7,7.7,61.0,1014.1,12.2,71.0,47.0
1996-11-30,2.5,2.6,5.8,76.0,1003.6,12.4,351.0,94.0
1996-12-01,0.0,-0.1,9.9,71.0,1007.8,11.3,17.0,29.0
1996-12-02,0.0,-0.0,7.5,71.0,1011.5,7.9,28.0,51.0
1996-12-03,0.0,1.6,8.1,73.0,1016.3,5.3,7.0,3.0
1996-12-04,0.0,1.9,9.2,78.0,1018.9,7.5,21.0,21.0
1996-12-05,0.0,1.9,8.1,79.0,1020.3,4.3,26.0,61.0
1996-12-06,0.0,0.7,8.3,85.0,1021.9,5.9,37.0,23.0
1996-12-07,0.0,1.8,7.9,86.0,1025.9,8.3,32.0,99.0
1996-12-08,0.0,4.3,9.4,81.0,1027.3,9.9,25.0,70.0
1996-12-09,4.0,5.2,9.7,76.0,1024.6,19.3,48.0,100.0
1996-12-10,38.4,6.9,8.6,90.0,1017.3,30.5,51.0,100.0
1996-12-11,8.5,7.2,8.8,90.0,1016.9,17.1,55.0,100.0
1996-12-12,0.2,7.8,10.1,89.0,1017.2,4.6,33.0,97.0
1996-12-13,18.0,6.0,8.5,94.0,1009.9,10.1,46.0,95.0
1996-12-14,8.1,5.2,9.7,93.0,1000.0,7.6,310.0,82.0
1996-12-15,0.0,4.0,9.4,94.0,1010.1,5.9,31.0,21.0
1996-12-16,0.0,5.0,8.7,96.0,1018.6,3.0,319.0,94.0
1996-12-17,0.4,5.5,7.6,91.0,1020.1,5.3,239.0,98.0
1996-12-18,0.0,5.6,8.4,89.0,1015.7,3.5,228.0,79.0
1996-12-19,0.6,6.1,8.9,91.0,1011.5,3.6,212.0,88.0
1996-12-20,21.3,6.7,9.3,93.0,1003.7,13.9,24.0,93.0
1996-12-21,1.0,4.4,9.1,92.0,1009.5,6.6,256.0,70.0
1996-12-22,4.1,8.1,10.0,93.0,1014.0,9.1,37.0,100.0
1996-12-23,5.4,7.8,9.8,94.0,1003.6,6.2,45.0,100.0
1996-12-24,6.0,5.1,10.4,89.0,999.8,14.2,58.0,96.0
1996-12-25,8.4,3.8,5.3,75.0,1001.8,26.9,62.0,100.0
1996-12-26,0.0,-1.3,3.8,40.0,1019.7,32.1,69.0,45.0
1996-12-27,0.0,-3.2,0.3,42.0,1028.6,26.5,62.0,37.0
1996-12-28,0.0,-4.0,-2.5,48.0,1021.3,25.6,56.0,67.0
1996-12-29,0.0,-4.8,-2.0,53.0,1015.3,14.4,35.0,34.0
1996-12-30,0.0,-5.7,-0.4,63.0,1007.0,7.2,46.0,57.0
1996-12-31,1.6,-1.0,2.7,65.0,1011.3,14.4,38.0,98.0
1997-01-01,22.7,0.1,3.1,92.0,1014.0,17.1,35.0,78.0
1997-01-02,7.5,-3.0,5.0,92.0,1017.8,11.0,30.0,99.0
1997-01-03,20.6,4.3,6.8,91.0,1010.9,17.4,38.0,100.0
1997-01-04,11.2,5.2,9.0,92.0,1001.5,10.3,47.0,94.0
1997-01-05,0.8,3.1,8.3,89.0,1006.1,9.5,314.0,61.0
1997-01-06,2.6,1.4,8.0,92.0,1014.0,11.5,46.0,82.0
1997-01-07,10.3,4.3,7.2,85.0,1014.8,20.1,45.0,82.0
1997-01-08,0.0,1.2,6.6,77.0,1013.2,11.5,47.0,51.0
1997-01-09,5.4,3.3,5.2,84.0,1008.6,17.2,39.0,100.0
1997-01-10,0.0,4.1,8.1,83.0,1009.1,13.7,36.0,97.0
1997-01-11,0.0,4.4,9.2,76.0,1018.5,14.2,54.0,60.0
1997-01-12,0.0,2.7,9.1,73.0,1025.5,14.7,44.0,8.0
1997-01-13,0.0,1.2,9.9,74.0,1026.8,9.8,25.0,2.0
1997-01-14,0.0,0.2,9.5,79.0,1026.4,5.3,342.0,4.0
1997-01-15,0.0,2.2,9.2,80.0,1026.8,3.9,247.0,6.0
1997-01-16,0.0,2.3,9.2,82.0,1024.5,2.2,215.0,17.0
1997-01-17,0.0,1.2,7.6,90.0,1023.2,2.5,40.0,30.0
1997-01-18,0.0,2.2,6.7,89.0,1023.7,2.4,22.0,74.0
1997-01-19,1.1,2.4,6.0,90.0,1021.9,3.7,119.0,99.0
1997-01-20,5.6,4.0,6.5,95.0,1020.7,4.4,28.0,99.0
1997-01-21,4.1,4.9,8.3,90.0,1027.8,9.1,33.0,98.0
1997-01-22,0.0,5.8,9.2,79.0,1033.4,7.5,50.0,90.0
1997-01-23,0.0,6.0,8.6,90.0,1032.6,2.8,152.0,99.0
1997-01-24,0.0,6.1,8.1,91.0,1030.3,4.5,218.0,100.0
1997-01-25,0.0,3.6,11.0,85.0,1029.2,7.0,23.0,89.0
1997-01-26,0.0,4.0,8.3,57.0,1028.7,22.4,64.0,65.0
1997-01-27,0.0,1.7,6.8,64.0,1028.9,8.1,57.0,46.0
1997-01-28,0.0,0.2,8.4,74.0,1030.8,7.5,47.0,16.0
1997-01-29,0.0,-0.7,9.0,76.0,1033.6,8.5,61.0,8.0
1997-01-30,0.0,0.9,8.2,78.0,1033.3,6.0,53.0,0.0
1997-01-31,0.0,2.3,7.1,86.0,1028.1,2.5,182.0,24.0
1997-02-01,0.0,-0.4,8.3,84.0,1026.9,5.2,37.0,51.0
1997-02-02,0.0,-0.7,7.2,79.0,1028.6,6.3,28.0,27.0
1997-02-03,0.0,0.8,6.7,81.0,1028.0,4.9,294.0,35.0
1997-02-04,0.0,0.4,6.6,82.0,1028.4,4.8,217.0,44.0
1997-02-05,0.9,2.2,5.7,89.0,1023.3,4.3,233.0,94.0
1997-02-06,1.2,2.7,11.7,76.0,1027.7,8.9,43.0,39.0
1997-02-07,0.0,0.7,10.1,81.0,1036.2,5.4,38.0,0.0
1997-02-08,0.0,2.6,9.9,82.0,1033.7,4.1,184.0,0.0
1997-02-09,0.0,1.6,9.2,87.0,1031.1,2.7,218.0,21.0
1997-02-10,0.0,2.1,10.3,87.0,1028.3,4.8,199.0,9.0
1997-02-11,0.0,3.4,9.4,92.0,1025.3,5.5,174.0,91.0
1997-02-12,0.0,5.3,10.4,92.0,1021.1,6.5,172.0,95.0
1997-02-13,0.7,7.0,11.8,89.0,1009.6,9.2,226.0,80.0
1997-02-14,0.0,4.0,11.0,62.0,1006.8,14.3,240.0,18.0
1997-02-15,1.2,4.0,11.6,74.0,1004.9,13.3,37.0,88.0
1997-02-16,0.0,4.4,10.3,59.0,1018.6,14.0,103.0,24.0
1997-02-17,0.0,2.6,8.0,77.0,1025.6,7.1,88.0,56.0
1997-02-18,0.0,-0.0,9.0,77.0,1025.2,8.2,250.0,41.0
1997-02-19,0.2,-0.0,12.0,73.0,1023.9,7.4,63.0,22.0
1997-02-20,0.0,2.8,10.3,65.0,1025.6,6.9,147.0,19.0
1997-02-21,0.0,3.7,11.9,80.0,1028.7,7.5,69.0,2.0
1997-02-22,0.0,2.6,11.1,90.0,1030.3,3.8,141.0,23.0
1997-02-23,0.0,3.7,9.5,94.0,1026.2,4.1,148.0,80.0
1997-02-24,0.0,6.4,11.1,89.0,1020.7,6.9,188.0,93.0
1997-02-25,0.7,8.0,12.7,85.0,1020.1,14.3,212.0,88.0
1997-02-26,0.8,9.6,13.8,84.0,1015.7,17.3,212.0,81.0
1997-02-27,0.9,6.0,13.1,74.0,1020.4,8.7,2.0,57.0
1997-02-28,0.0,2.8,11.6,65.0,1033.9,8.3,161.0,13.0
1997-03-01,0.0,4.4,11.8,74.0,1031.9,4.8,183.0,63.0
1997-03-02,0.0,3.2,16.1,73.0,1028.9,6.4,255.0,4.0
1997-03-03,0.0,5.8,15.3,79.0,1029.5,4.7,174.0,39.0
1997-03-04,0.0,4.7,15.1,82.0,1029.7,5.9,59.0,40.0
1997-03-05,0.0,6.2,14.9,82.0,1026.3,6.2,70.0,40.0
1997-03-06,0.7,4.3,14.8,76.0,1023.9,13.3,43.0,50.0
1997-03-07,0.0,6.8,15.4,68.0,1029.6,11.3,46.0,8.0
1997-03-08,0.0,6.1,13.1,68.0,1031.1,9.3,64.0,0.0
1997-03-09,0.0,4.4,14.8,66.0,1033.8,6.4,350.0,7.0
1997-03-10,0.0,3.8,15.0,64.0,1031.8,6.4,37.0,0.0
1997-03-11,0.0,4.4,14.7,66.0,1032.9,11.1,73.0,0.0
1997-03-12,0.0,4.5,14.9,66.0,1030.8,4.2,259.0,0.0
1997-03-13,0.0,5.8,15.5,77.0,1023.7,5.0,123.0,6.0
1997-03-14,0.0,6.1,15.3,76.0,1019.5,5.8,122.0,28.0
1997-03-15,0.2,7.0,16.6,75.0,1018.7,4.2,112.0,50.0
1997-03-16,0.0,7.5,16.5,77.0,1018.9,7.8,160.0,13.0
1997-03-17,0.0,6.5,17.4,81.0,1014.6,7.2,88.0,26.0
1997-03-18,0.0,7.7,12.7,68.0,1017.9,14.0,100.0,44.0
1997-03-19,6.2,7.1,13.7,76.0,1003.2,8.6,35.0,89.0
1997-03-20,1.5,5.5,14.6,79.0,1006.6,10.4,120.0,46.0
1997-03-21,2.0,6.4,10.9,72.0,1015.6,17.8,116.0,38.0
1997-03-22,0.4,5.5,11.8,72.0,1020.0,12.3,104.0,35.0
1997-03-23,0.1,7.8,10.6,71.0,1019.2,13.1,120.0,87.0
1997-03-24,6.5,6.8,10.1,80.0,1010.1,21.9,73.0,88.0
1997-03-25,0.0,5.1,12.7,71.0,1013.2,8.5,69.0,46.0
1997-03-26,0.0,3.0,13.5,75.0,1019.5,9.4,103.0,39.0
1997-03-27,0.0,8.0,14.1,77.0,1021.2,8.6,149.0,59.0
1997-03-28,7.2,7.2,16.4,82.0,1009.9,13.5,94.0,57.0
1997-03-29,0.0,5.2,14.1,57.0,1011.4,8.8,353.0,31.0
1997-03-30,0.0,1.7,14.0,52.0,1015.3,12.1,110.0,6.0
1997-03-31,0.0,4.9,14.6,57.0,1021.6,9.1,171.0,8.0
1997-04-01,0.0,6.4,16.0,72.0,1018.2,7.3,184.0,28.0
1997-04-02,0.0,7.9,18.6,67.0,1016.0,10.4,258.0,13.0
1997-04-03,0.0,9.1,19.1,68.0,1010.1,6.9,203.0,6.0
1997-04-04,0.2,7.9,17.6,64.0,1006.4,15.0,72.0,36.0
1997-04-05,0.1,6.9,14.5,49.0,1015.7,16.8,180.0,37.0
1997-04-06,0.0,5.5,16.1,66.0,1009.8,13.8,81.0,10.0
1997-04-07,0.0,5.7,11.1,49.0,1023.8,18.0,130.0,40.0
1997-04-08,0.0,6.3,10.6,44.0,1031.5,11.8,140.0,34.0
1997-04-09,0.0,5.3,13.4,59.0,1032.1,8.4,179.0,3.0
1997-04-10,0.0,5.1,15.2,72.0,1028.4,8.5,134.0,23.0
1997-04-11,0.0,5.9,17.8,77.0,1016.3,8.6,203.0,24.0
1997-04-12,0.0,9.0,12.6,43.0,1013.6,20.1,111.0,26.0
1997-04-13,0.0,6.6,13.6,56.0,1019.6,13.2,129.0,40.0
1997-04-14,0.0,8.1,12.9,56.0,1021.9,13.3,150.0,57.0
1997-04-15,0.4,7.5,16.4,64.0,1012.8,14.9,106.0,18.0
1997-04-16,6.3,4.9,10.4,60.0,1016.6,10.7,135.0,54.0
1997-04-17,0.0,1.5,12.0,62.0,1018.1,9.7,229.0,19.0
1997-04-18,0.0,5.7,14.9,49.0,1017.6,10.1,193.0,0.0
1997-04-19,0.0,5.4,14.9,66.0,1010.4,9.3,136.0,1.0
1997-04-20,9.8,5.9,13.1,81.0,1005.0,15.8,90.0,93.0
1997-04-21,3.1,5.6,12.2,52.0,1006.3,35.1,64.0,86.0
1997-04-22,2.0,6.6,12.6,52.0,1002.5,19.5,50.0,100.0
1997-04-23,0.0,6.5,14.5,59.0,1014.3,9.9,218.0,54.0
1997-04-24,0.0,6.5,14.9,59.0,1023.1,8.6,188.0,8.0
1997-04-25,0.0,8.4,16.8,67.0,1020.9,8.4,167.0,48.0
1997-04-26,0.0,8.1,16.5,78.0,1016.4,8.1,124.0,93.0
1997-04-27,39.5,11.1,12.9,92.0,1011.9,15.0,112.0,97.0
1997-04-28,15.0,10.1,16.7,79.0,1014.7,13.7,80.0,79.0
1997-04-29,2.4,11.1,14.9,85.0,1011.0,7.4,111.0,97.0
1997-04-30,0.0,8.3,18.8,78.0,1013.1,7.2,349.0,64.0
1997-05-01,0.0,7.9,19.2,73.0,1021.3,6.6,10.0,14.0
1997-05-02,0.0,10.0,19.7,70.0,1024.9,7.5,183.0,3.0
1997-05-03,0.0,12.2,21.7,71.0,1018.9,8.6,187.0,10.0
1997-05-04,0.0,11.4,20.9,71.0,1012.7,8.0,192.0,47.0
1997-05-05,0.0,11.5,18.9,74.0,1008.6,14.8,187.0,55.0
1997-05-06,9.9,13.6,17.3,80.0,999.8,19.6,172.0,71.0
1997-05-07,0.1,11.5,17.0,67.0,1000.3,14.4,198.0,66.0
1997-05-08,29.5,10.3,12.5,86.0,1000.2,15.0,23.0,97.0
1997-05-09,0.0,8.8,17.5,73.0,1010.5,10.9,195.0,25.0
1997-05-10,0.0,12.2,17.9,74.0,1017.9,12.4,176.0,39.0
1997-05-11,0.0,12.2,19.2,78.0,1021.2,10.5,94.0,66.0
1997-05-12,0.1,13.4,20.7,77.0,1022.3,7.0,40.0,86.0
1997-05-13,0.0,12.8,23.0,76.0,1021.8,7.8,240.0,42.0
1997-05-14,0.0,12.4,27.6,72.0,1018.2,6.5,279.0,9.0
1997-05-15,0.0,15.9,25.5,71.0,1016.6,6.4,47.0,33.0
1997-05-16,0.0,15.8,25.1,73.0,1015.3,8.6,85.0,17.0
1997-05-17,0.0,14.8,24.4,80.0,1014.5,7.0,132.0,16.0
1997-05-18,0.0,17.3,24.9,73.0,1012.2,9.9,208.0,37.0
1997-05-19,0.0,16.2,24.1,61.0,1012.0,14.8,224.0,28.0
1997-05-20,0.0,14.7,23.9,68.0,1009.5,11.4,210.0,62.0
1997-05-21,0.8,15.9,22.4,71.0,1007.4,11.5,206.0,49.0
1997-05-22,2.2,14.9,21.1,76.0,1009.0,9.5,138.0,70.0
1997-05-23,0.0,14.7,20.6,77.0,1015.2,10.6,109.0,39.0
1997-05-24,0.0,16.2,21.7,77.0,1016.6,11.3,85.0,64.0
1997-05-25,1.4,17.0,20.1,64.0,1021.8,17.5,70.0,94.0
1997-05-26,0.8,14.5,19.7,56.0,1020.5,9.3,102.0,39.0
1997-05-27,0.0,14.1,21.3,71.0,1014.9,9.7,132.0,8.0
1997-05-28,3.0,16.2,20.7,68.0,1013.9,15.5,101.0,52.0
1997-05-29,0.0,13.4,19.7,55.0,1022.8,10.1,159.0,47.0
1997-05-30,0.0,13.2,20.8,54.0,1018.7,11.5,153.0,35.0
1997-05-31,0.0,15.4,18.2,55.0,1018.5,16.6,130.0,41.0
1997-06-01,6.1,12.2,16.6,66.0,1016.5,16.2,84.0,99.0
1997-06-02,3.8,12.0,19.5,74.0,1013.9,14.9,45.0,81.0
1997-06-03,0.0,14.0,20.7,76.0,1014.2,8.5,178.0,45.0
1997-06-04,1.9,14.5,21.1,84.0,1015.8,10.2,116.0,63.0
1997-06-05,5.7,16.4,20.8,84.0,1013.7,11.4,88.0,100.0
1997-06-06,2.3,16.3,22.8,79.0,1011.1,7.9,129.0,57.0
1997-06-07,0.0,15.0,23.1,84.0,1013.8,8.8,125.0,48.0
1997-06-08,0.0,17.5,23.8,83.0,1015.9,8.5,96.0,72.0
1997-06-09,0.0,17.0,26.2,76.0,1020.1,4.6,53.0,71.0
1997-06-10,0.0,18.7,26.8,72.0,1018.3,6.7,86.0,64.0
1997-06-11,0.0,17.8,26.6,74.0,1013.8,8.0,123.0,82.0
1997-06-12,0.9,18.8,26.6,75.0,1009.7,9.3,97.0,65.0
1997-06-13,5.5,19.1,25.4,77.0,1007.8,8.5,82.0,84.0
1997-06-14,15.3,20.0,26.0,83.0,1007.9,9.2,125.0,59.0
1997-06-15,1.1,19.3,26.7,75.0,1012.9,9.3,79.0,19.0
1997-06-16,2.2,17.7,26.9,78.0,1014.2,7.5,92.0,60.0
1997-06-17,0.3,19.7,27.2,78.0,1012.1,10.2,73.0,50.0
1997-06-18,6.5,18.2,24.1,74.0,1012.0,15.1,41.0,59.0
1997-06-19,31.2,17.9,21.5,80.0,1008.5,20.2,60.0,89.0
1997-06-20,0.9,16.5,24.3,76.0,1004.0,10.9,227.0,53.0
1997-06-21,0.3,18.5,23.8,79.0,1008.2,10.4,145.0,50.0
1997-06-22,0.3,18.3,25.3,77.0,1004.5,14.0,179.0,47.0
1997-06-23,0.4,18.5,22.8,73.0,1005.2,9.7,291.0,42.0
1997-06-24,1.2,15.0,23.2,73.0,1010.0,7.5,25.0,58.0
1997-06-25,0.0,16.2,22.7,65.0,1010.6,9.7,76.0,57.0
1997-06-26,3.5,16.1,22.2,78.0,1005.0,10.3,79.0,98.0
1997-06-27,7.5,17.3,23.7,85.0,1003.1,10.4,136.0,89.0
1997-06-28,0.5,19.1,24.9,82.0,1007.9,16.2,64.0,42.0
1997-06-29,1.2,19.4,26.3,69.0,1005.9,9.2,79.0,48.0
1997-06-30,2.8,17.2,22.6,66.0,1006.3,18.6,242.0,40.0
1997-07-01,0.3,15.9,22.8,71.0,1011.0,9.8,214.0,22.0
1997-07-02,0.0,16.6,23.4,75.0,1016.6,11.1,109.0,53.0
1997-07-03,1.5,16.5,23.4,81.0,1016.3,7.2,127.0,51.0
1997-07-04,0.0,17.7,25.5,81.0,1016.3,8.1,137.0,46.0
1997-07-05,15.8,17.3,22.9,84.0,1013.4,8.5,25.0,69.0
1997-07-06,1.1,15.9,24.0,79.0,1014.1,8.8,179.0,83.0
1997-07-07,0.0,17.1,25.4,64.0,1014.1,8.3,113.0,43.0
1997-07-08,0.0,16.9,26.4,66.0,1012.9,8.3,176.0,55.0
1997-07-09,0.0,18.3,26.3,69.0,1012.9,9.0,90.0,50.0
1997-07-10,0.0,19.4,26.1,72.0,1012.0,5.6,55.0,45.0
1997-07-11,0.0,17.8,25.0,77.0,1011.7,5.7,62.0,44.0
1997-07-12,0.0,17.9,26.1,73.0,1013.7,6.9,82.0,17.0
1997-07-13,0.0,20.0,27.1,73.0,1015.2,7.2,143.0,20.0
1997-07-14,10.0,20.1,26.6,75.0,1016.4,8.5,97.0,67.0
1997-07-15,6.6,18.3,25.5,80.0,1016.4,6.8,110.0,28.0
1997-07-16,0.0,19.6,26.0,74.0,1017.2,10.5,110.0,23.0
1997-07-17,1.1,19.1,25.7,78.0,1011.9,12.2,99.0,54.0
1997-07-18,9.9,17.8,25.2,78.0,1004.4,6.9,22.0,74.0
1997-07-19,0.9,16.4,26.8,73.0,1009.0,11.7,252.0,65.0
1997-07-20,0.8,19.1,25.0,75.0,1013.2,9.4,77.0,32.0
1997-07-21,7.1,16.6,24.5,79.0,1014.2,6.5,161.0,26.0
1997-07-22,0.4,18.0,26.4,77.0,1016.3,7.5,125.0,19.0
1997-07-23,0.0,18.5,26.6,77.0,1017.5,8.6,121.0,88.0
1997-07-24,0.1,21.0,27.4,73.0,1013.8,9.3,72.0,81.0
1997-07-25,2.7,19.3,26.6,76.0,1008.0,5.3,73.0,53.0
1997-07-26,1.1,20.4,26.6,69.0,1010.5,11.8,82.0,36.0
1997-07-27,0.0,19.3,27.0,69.0,1017.0,8.8,129.0,49.0
1997-07-28,0.0,20.3,27.7,72.0,1018.6,7.4,81.0,74.0
1997-07-29,2.0,20.8,27.0,70.0,1018.0,9.7,37.0,81.0
1997-07-30,0.0,20.5,28.1,66.0,1017.1,7.2,60.0,6.0
1997-07-31,0.0,18.7,28.3,68.0,1013.1,8.0,134.0,52.0
1997-08-01,7.9,19.4,23.4,70.0,1008.3,18.4,71.0,69.0
1997-08-02,0.5,18.2,24.6,66.0,1014.0,8.7,107.0,49.0
1997-08-03,0.0,18.8,26.3,68.0,1016.3,6.7,142.0,50.0
1997-08-04,0.0,18.4,27.5,72.0,1016.9,7.1,131.0,17.0
1997-08-05,0.3,19.7,28.3,75.0,1015.2,5.6,143.0,72.0
1997-08-06,4.9,21.4,26.4,81.0,1012.3,6.3,70.0,93.0
1997-08-07,5.5,19.9,24.2,84.0,1013.6,6.8,56.0,92.0
1997-08-08,0.0,18.9,27.4,76.0,1015.6,4.2,43.0,51.0
1997-08-09,0.0,20.0,27.8,75.0,1016.0,6.3,54.0,20.0
1997-08-10,0.0,19.2,27.7,69.0,1017.7,8.3,60.0,22.0
1997-08-11,0.0,20.8,27.9,60.0,1019.5,12.4,62.0,9.0
1997-08-12,0.0,20.9,28.3,56.0,1020.7,9.7,52.0,14.0
1997-08-13,0.0,21.4,28.3,61.0,1020.5,5.9,58.0,24.0
1997-08-14,0.0,19.2,29.4,68.0,1019.5,5.7,135.0,34.0
1997-08-15,0.0,20.0,29.4,70.0,1017.2,7.3,123.0,62.0
1997-08-16,0.4,22.0,26.5,72.0,1016.7,6.9,93.0,86.0
1997-08-17,4.4,19.6,25.1,79.0,1017.2,8.4,17.0,99.0
1997-08-18,3.7,18.8,26.0,74.0,1016.2,8.1,12.0,71.0
1997-08-19,2.0,20.1,25.2,73.0,1016.2,10.5,58.0,58.0
1997-08-20,0.3,20.6,27.1,64.0,1016.9,10.8,45.0,91.0
1997-08-21,0.0,20.6,26.1,65.0,1019.3,11.0,40.0,93.0
1997-08-22,0.2,18.6,28.1,64.0,1020.1,9.7,38.0,31.0
1997-08-23,0.0,18.6,28.0,65.0,1018.0,7.5,75.0,29.0
1997-08-24,0.0,20.9,27.2,67.0,1016.5,4.3,125.0,72.0
1997-08-25,0.2,18.6,27.3,74.0,1013.3,7.4,152.0,27.0
1997-08-26,4.9,22.0,27.3,78.0,1009.9,8.0,99.0,43.0
1997-08-27,6.0,21.0,26.1,82.0,1009.4,8.4,83.0,66.0
1997-08-28,0.4,20.2,27.2,81.0,1006.8,9.2,180.0,80.0
1997-08-29,4.7,16.8,23.8,70.0,1007.5,10.6,219.0,56.0
1997-08-30,1.0,16.7,23.8,72.0,1015.7,10.0,116.0,53.0
1997-08-31,0.0,17.4,25.6,75.0,1017.1,8.8,119.0,16.0
1997-09-01,0.0,18.2,26.6,75.0,1017.5,8.0,107.0,0.0
1997-09-02,0.0,17.8,27.5,77.0,1016.4,7.5,117.0,34.0
1997-09-03,0.0,18.3,28.3,77.0,1016.3,4.8,75.0,92.0
1997-09-04,0.0,20.1,28.2,75.0,1017.4,8.1,88.0,36.0
1997-09-05,0.0,19.8,27.4,80.0,1018.8,7.8,112.0,30.0
1997-09-06,0.0,19.9,27.8,77.0,1019.1,8.8,118.0,14.0
1997-09-07,0.0,21.8,27.5,72.0,1019.5,14.3,62.0,27.0
1997-09-08,0.0,21.5,26.7,66.0,1020.8,12.3,70.0,17.0
1997-09-09,0.0,20.3,27.1,79.0,1014.9,7.8,141.0,10.0
1997-09-10,0.0,21.3,26.8,72.0,1012.3,13.0,88.0,13.0
1997-09-11,0.0,19.8,24.6,56.0,1017.6,14.1,80.0,30.0
1997-09-12,0.7,18.4,25.3,72.0,1015.0,8.5,99.0,43.0
1997-09-13,0.0,19.7,26.5,79.0,1010.5,9.2,177.0,60.0
1997-09-14,27.6,15.2,21.5,75.0,1016.4,27.0,57.0,88.0
1997-09-15,0.0,16.1,21.5,50.0,1024.2,18.5,61.0,20.0
1997-09-16,0.0,14.7,21.9,51.0,1025.2,16.3,54.0,0.0
1997-09-17,0.0,14.4,22.3,60.0,1024.2,9.2,52.0,0.0
1997-09-18,0.0,14.3,23.9,69.0,1022.8,5.7,63.0,3.0
1997-09-19,0.0,16.9,24.5,72.0,1019.7,4.1,134.0,7.0
1997-09-20,0.0,14.9,22.4,72.0,1020.3,12.2,75.0,14.0
1997-09-21,0.0,15.7,21.2,55.0,1022.7,13.7,63.0,31.0
1997-09-22,0.0,15.6,22.0,57.0,1022.1,12.7,57.0,62.0
1997-09-23,0.0,15.8,22.1,56.0,1020.4,14.8,56.0,91.0
1997-09-24,0.0,14.1,23.9,60.0,1019.1,10.7,52.0,39.0
1997-09-25,0.0,15.3,21.3,58.0,1023.6,15.0,70.0,5.0
1997-09-26,0.0,15.0,21.5,55.0,1022.9,10.2,43.0,14.0
1997-09-27,0.0,14.0,22.2,66.0,1015.9,6.7,127.0,0.0
1997-09-28,0.0,12.5,21.8,75.0,1015.5,7.2,82.0,20.0
1997-09-29,0.0,14.0,22.4,74.0,1019.6,7.5,74.0,29.0
1997-09-30,0.0,16.4,23.1,79.0,1020.7,6.5,139.0,47.0
1997-10-01,0.0,14.7,22.0,83.0,1015.4,6.6,91.0,53.0
1997-10-02,0.0,15.2,23.0,82.0,1009.0,6.9,121.0,43.0
1997-10-03,0.0,17.0,21.4,69.0,1011.1,16.8,87.0,45.0
1997-10-04,0.0,16.5,20.8,60.0,1020.5,12.2,96.0,56.0
1997-10-05,0.0,13.2,22.1,77.0,1019.1,8.6,114.0,15.0
1997-10-06,0.0,16.2,22.4,81.0,1016.0,9.2,83.0,45.0
1997-10-07,12.0,17.8,23.0,85.0,1012.6,7.8,150.0,95.0
1997-10-08,1.2,17.9,22.2,89.0,1015.7,8.1,101.0,60.0
1997-10-09,1.0,17.3,22.6,89.0,1017.4,6.5,157.0,63.0
1997-10-10,0.5,18.2,22.2,88.0,1011.4,10.6,207.0,81.0
1997-10-11,1.0,16.0,22.5,81.0,1002.4,10.9,144.0,28.0
1997-10-12,0.0,15.5,21.3,73.0,995.2,11.4,36.0,68.0
1997-10-13,0.3,11.2,19.0,45.0,1005.8,12.5,67.0,30.0
1997-10-14,1.3,13.2,17.7,43.0,1009.6,17.9,45.0,59.0
1997-10-15,0.0,7.0,17.0,48.0,1012.8,8.4,108.0,13.0
1997-10-16,0.0,8.4,17.5,59.0,1013.6,6.0,46.0,31.0
1997-10-17,0.6,12.2,16.8,70.0,1020.6,11.5,61.0,44.0
1997-10-18,0.0,12.6,17.0,72.0,1026.1,10.3,57.0,51.0
1997-10-19,0.0,10.5,17.7,72.0,1023.1,6.5,64.0,10.0
1997-10-20,0.0,10.0,17.5,83.0,1015.1,4.8,138.0,61.0
1997-10-21,9.6,11.9,15.9,85.0,1011.9,17.0,67.0,100.0
1997-10-22,1.0,10.0,14.8,69.0,1013.8,13.8,59.0,23.0
1997-10-23,0.0,9.4,16.1,73.0,1012.7,7.2,55.0,82.0
1997-10-24,0.0,9.7,17.5,68.0,1010.9,13.8,61.0,42.0
1997-10-25,0.0,9.5,12.3,53.0,1021.5,12.9,79.0,46.0
1997-10-26,0.0,5.7,13.9,65.0,1021.0,4.5,55.0,21.0
1997-10-27,0.0,7.2,13.2,60.0,1020.0,20.6,64.0,74.0
1997-10-28,0.0,5.4,9.1,40.0,1028.0,34.9,62.0,43.0
1997-10-29,0.0,4.1,10.3,39.0,1032.8,30.1,58.0,11.0
1997-10-30,0.9,5.3,10.2,41.0,1029.1,32.4,59.0,85.0
1997-10-31,0.8,5.7,11.3,54.0,1026.2,22.8,54.0,94.0
1997-11-01,0.0,6.9,11.9,54.0,1023.0,10.8,38.0,73.0
1997-11-02,0.0,7.6,14.2,63.0,1017.8,2.7,78.0,3.0
1997-11-03,0.0,6.4,15.0,74.0,1015.3,3.9,89.0,0.0
1997-11-04,0.0,6.7,13.0,67.0,1018.2,15.5,56.0,39.0
1997-11-05,2.5,9.6,11.4,69.0,1017.5,13.3,48.0,95.0
1997-11-06,13.3,10.8,15.5,93.0,1008.1,15.0,129.0,99.0
1997-11-07,22.9,13.5,17.9,92.0,1004.0,15.5,166.0,93.0
1997-11-08,9.9,12.5,16.6,87.0,1002.9,10.1,225.0,60.0
1997-11-09,15.2,8.7,13.8,93.0,1007.4,9.3,174.0,70.0
1997-11-10,1.4,8.8,14.0,89.0,1008.6,5.6,199.0,39.0
1997-11-11,6.8,8.4,13.9,90.0,1009.1,7.9,59.0,73.0
1997-11-12,14.2,10.2,15.2,92.0,1004.1,14.9,154.0,98.0
1997-11-13,0.0,8.5,14.1,89.0,1002.3,6.8,6.0,100.0
1997-11-14,0.0,6.5,13.0,86.0,1009.0,5.0,101.0,30.0
1997-11-15,0.2,5.2,12.8,77.0,1019.0,6.5,356.0,17.0
1997-11-16,0.0,5.2,11.2,78.0,1016.7,6.8,76.0,41.0
1997-11-17,0.0,6.8,11.1,75.0,1018.1,7.6,48.0,17.0
1997-11-18,0.0,5.2,11.1,80.0,1012.7,5.5,125.0,29.0
1997-11-19,2.0,3.9,7.9,59.0,1011.8,22.7,74.0,77.0
1997-11-20,0.0,1.5,6.0,56.0,1010.9,10.6,40.0,19.0
1997-11-21,0.0,1.0,8.5,67.0,1012.2,3.1,265.0,26.0
1997-11-22,0.0,2.1,10.4,76.0,1013.8,12.1,41.0,97.0
1997-11-23,9.2,7.2,8.6,74.0,1013.8,20.5,44.0,96.0
1997-11-24,0.7,6.9,10.8,76.0,1016.4,13.9,40.0,92.0
1997-11-25,1.3,9.0,10.6,77.0,1014.4,10.0,47.0,100.0
1997-11-26,1.3,7.6,12.4,86.0,1013.6,6.9,30.0,91.0
1997-11-27,0.0,7.0,12.7,84.0,1017.0,7.3,19.0,90.0
1997-11-28,0.0,7.9,12.1,85.0,1017.3,3.9,22.0,91.0
1997-11-29,9.8,9.2,10.9,91.0,1012.5,9.9,48.0,100.0
1997-11-30,39.0,8.6,9.6,91.0,1003.6,22.7,30.0,100.0
1997-12-01,11.5,7.8,9.4,91.0,1004.2,13.2,15.0,100.0
1997-12-02,1.0,5.1,11.5,83.0,1002.3,9.7,57.0,89.0
1997-12-03,28.8,4.6,8.4,89.0,992.4,17.6,44.0,87.0
1997-12-04,0.7,4.4,9.7,78.0,1006.8,6.0,20.0,38.0
1997-12-05,0.0,4.6,8.5,67.0,1016.6,14.7,54.0,50.0
1997-12-06,0.0,2.2,6.4,64.0,1020.8,17.3,53.0,2.0
1997-12-07,0.0,0.9,7.0,63.0,1020.6,7.7,4.0,1.0
1997-12-08,0.0,-0.3,7.8,71.0,1016.7,4.7,346.0,37.0
1997-12-09,0.0,2.7,8.4,74.0,1016.5,3.7,341.0,76.0
1997-12-10,0.0,1.5,9.7,81.0,1019.8,6.0,272.0,44.0
1997-12-11,0.6,3.3,7.7,88.0,1017.7,4.2,231.0,81.0
1997-12-12,2.2,4.0,9.8,91.0,1009.3,6.5,357.0,66.0
1997-12-13,0.0,2.3,10.5,84.0,1014.8,5.7,354.0,73.0
1997-12-14,0.0,1.3,9.3,71.0,1020.5,8.6,41.0,4.0
1997-12-15,0.0,3.0,8.4,65.0,1017.4,18.8,60.0,70.0
1997-12-16,0.0,2.7,5.6,60.0,1023.7,25.3,62.0,80.0
1997-12-17,5.1,1.6,3.6,70.0,1026.6,24.0,49.0,98.0
1997-12-18,7.3,3.6,8.2,91.0,1022.1,15.2,48.0,100.0
1997-12-19,13.5,7.2,10.1,94.0,1013.8,12.6,52.0,100.0
1997-12-20,27.6,7.9,11.4,95.0,1003.2,11.0,144.0,89.0
1997-12-21,0.1,6.5,11.0,92.0,1006.1,5.8,335.0,70.0
1997-12-22,0.0,5.7,10.6,89.0,1011.5,3.3,311.0,70.0
1997-12-23,0.0,6.2,10.0,87.0,1019.1,4.1,300.0,62.0
1997-12-24,0.0,3.3,7.7,94.0,1028.0,3.9,284.0,79.0
1997-12-25,0.0,4.5,7.0,94.0,1026.9,3.2,210.0,100.0
1997-12-26,11.5,5.8,8.0,95.0,1016.3,4.3,25.0,100.0
1997-12-27,0.9,4.1,9.5,87.0,1008.3,9.6,0.0,99.0
1997-12-28,0.0,2.1,7.9,84.0,1010.6,4.1,284.0,43.0
1997-12-29,0.0,0.7,5.9,90.0,1013.5,2.6,246.0,38.0
1997-12-30,0.0,0.1,5.6,89.0,1020.3,3.6,46.0,70.0
1997-12-31,0.8,2.4,6.3,82.0,1021.4,8.3,29.0,91.0
1998-01-01,0.0,3.3,8.2,90.0,1022.7,5.6,258.0,81.0
1998-01-02,4.0,4.9,7.4,93.0,1014.4,7.1,55.0,100.0
1998-01-03,7.4,6.9,10.5,91.0,1011.9,10.2,324.0,92.0
1998-01-04,0.0,3.9,8.4,92.0,1015.7,5.7,223.0,46.0
1998-01-05,0.0,3.3,9.1,90.0,1014.9,7.9,317.0,41.0
1998-01-06,0.1,1.5,8.2,90.0,1014.6,6.8,11.0,59.0
1998-01-07,0.0,3.2,9.5,87.0,1023.6,5.7,28.0,33.0
1998-01-08,0.0,3.5,8.4,87.0,1030.3,2.9,243.0,33.0
1998-01-09,0.0,2.2,5.9,95.0,1033.4,2.1,227.0,83.0
1998-01-10,0.0,2.3,6.9,92.0,1033.1,3.7,248.0,61.0
1998-01-11,0.0,0.1,7.3,91.0,1031.8,4.8,246.0,54.0
1998-01-12,0.0,1.6,5.7,90.0,1030.8,2.4,198.0,95.0
1998-01-13,0.0,1.1,4.9,91.0,1025.2,3.7,238.0,98.0
1998-01-14,3.7,4.3,8.6,88.0,1019.3,9.4,45.0,97.0
1998-01-15,3.6,7.8,10.3,93.0,1022.2,9.8,18.0,100.0
1998-01-16,1.6,6.0,9.5,93.0,1019.6,9.3,219.0,99.0
1998-01-17,7.0,3.8,11.5,89.0,1017.1,6.6,13.0,76.0
1998-01-18,0.0,0.9,8.7,81.0,1022.1,6.1,31.0,46.0
1998-01-19,4.5,3.3,6.6,89.0,1004.9,7.6,278.0,85.0
1998-01-20,1.1,1.2,9.5,81.0,1002.3,8.9,321.0,63.0
1998-01-21,0.0,-1.4,8.4,71.0,1013.5,8.3,28.0,97.0
1998-01-22,0.0,2.7,8.3,57.0,1018.2,11.0,52.0,78.0
1998-01-23,0.0,1.9,8.3,70.0,1019.8,10.5,45.0,86.0
1998-01-24,0.0,2.6,7.6,72.0,1017.5,12.3,55.0,35.0
1998-01-25,0.0,3.3,7.1,61.0,1020.6,21.5,61.0,46.0
1998-01-26,0.0,1.2,5.4,59.0,1025.1,19.8,60.0,3.0
1998-01-27,0.0,-0.3,5.1,60.0,1023.2,15.2,54.0,2.0
1998-01-28,0.0,-2.5,4.3,73.0,1019.2,5.6,10.0,2.0
1998-01-29,0.0,-2.0,5.1,80.0,1018.5,3.9,47.0,23.0
1998-01-30,0.0,-1.0,6.1,79.0,1020.0,5.4,8.0,46.0
1998-01-31,0.0,-1.1,6.1,82.0,1015.2,7.3,32.0,24.0
1998-02-01,0.0,0.8,3.9,56.0,1016.3,25.5,59.0,50.0
1998-02-02,0.0,-1.8,3.3,54.0,1013.8,7.7,62.0,49.0
1998-02-03,0.0,-2.5,4.7,74.0,1011.5,6.8,51.0,92.0
1998-02-04,0.0,1.5,8.1,57.0,1011.9,24.4,50.0,79.0
1998-02-05,0.0,-1.7,9.0,66.0,1015.1,9.0,21.0,0.0
1998-02-06,0.0,0.2,9.7,69.0,1021.3,4.7,11.0,1.0
1998-02-07,0.0,-1.1,9.5,77.0,1024.2,6.0,57.0,24.0
1998-02-08,0.0,-0.2,10.8,73.0,1025.7,9.2,71.0,54.0
1998-02-09,0.0,0.6,9.2,76.0,1033.1,5.7,109.0,15.0
1998-02-10,0.0,2.1,9.6,76.0,1033.7,4.0,181.0,11.0
1998-02-11,0.0,2.6,10.1,87.0,1033.5,4.0,126.0,9.0
1998-02-12,0.0,1.8,9.0,93.0,1031.6,4.0,100.0,53.0
1998-02-13,0.0,1.6,11.7,91.0,1029.7,4.2,154.0,42.0
1998-02-14,0.0,2.8,13.0,90.0,1030.3,3.6,100.0,9.0
1998-02-15,0.0,2.5,15.0,86.0,1029.6,4.7,291.0,21.0
1998-02-16,0.0,5.4,13.7,84.0,1024.7,6.7,220.0,48.0
1998-02-17,0.0,4.3,14.4,79.0,1020.7,7.1,57.0,30.0
1998-02-18,0.0,4.7,11.1,74.0,1034.8,6.4,144.0,6.0
1998-02-19,0.0,4.6,11.7,75.0,1031.1,5.7,163.0,1.0
1998-02-20,0.0,1.8,13.9,79.0,1028.5,5.5,51.0,0.0
1998-02-21,0.0,3.6,11.5,86.0,1028.1,4.6,139.0,36.0
1998-02-22,1.5,3.8,11.2,89.0,1024.9,6.8,85.0,71.0
1998-02-23,4.4,7.4,13.5,81.0,1023.5,15.7,45.0,96.0
1998-02-24,0.0,8.0,15.4,70.0,1027.9,10.1,38.0,27.0
1998-02-25,0.0,7.3,14.5,76.0,1029.3,5.7,43.0,57.0
1998-02-26,0.0,6.3,14.0,79.0,1032.3,6.1,23.0,19.0
1998-02-27,0.0,6.3,13.8,81.0,1025.7,6.2,205.0,0.0
1998-02-28,0.0,5.2,12.8,86.0,1015.0,6.0,193.0,32.0
1998-03-01,1.7,6.9,12.8,85.0,1012.6,9.7,95.0,70.0
1998-03-02,0.0,5.4,10.9,73.0,1022.2,10.8,71.0,49.0
1998-03-03,0.0,4.8,10.8,91.0,1025.2,6.4,152.0,88.0
1998-03-04,0.0,5.8,12.9,84.0,1023.2,11.3,202.0,88.0
1998-03-05,0.1,9.4,15.3,71.0,1015.6,23.4,227.0,54.0
1998-03-06,0.0,2.1,13.3,60.0,1024.2,9.9,192.0,15.0
1998-03-07,0.0,5.6,12.4,70.0,1018.5,6.0,139.0,43.0
1998-03-08,0.8,6.6,13.9,79.0,1006.8,8.0,86.0,67.0
1998-03-09,0.4,5.1,14.6,64.0,1007.2,17.6,46.0,46.0
1998-03-10,0.0,0.2,9.9,38.0,1024.3,12.0,59.0,7.0
1998-03-11,0.0,1.2,6.6,58.0,1020.0,11.7,132.0,69.0
1998-03-12,0.0,1.6,8.5,69.0,1017.0,9.1,78.0,70.0
1998-03-13,0.0,0.3,10.5,75.0,1021.6,7.5,114.0,7.0
1998-03-14,0.0,4.2,11.9,79.0,1020.4,9.6,191.0,20.0
1998-03-15,0.0,4.1,12.7,82.0,1018.5,11.0,115.0,18.0
1998-03-16,0.0,5.4,10.0,76.0,1020.9,9.7,138.0,28.0
1998-03-17,0.0,4.1,12.1,81.0,1021.2,8.2,119.0,34.0
1998-03-18,0.0,5.0,14.8,77.0,1025.9,7.7,156.0,2.0
1998-03-19,1.2,7.5,12.7,80.0,1028.0,13.0,88.0,45.0
1998-03-20,0.3,5.5,12.2,75.0,1025.5,10.1,146.0,50.0
1998-03-21,0.2,3.6,7.7,66.0,1022.7,16.8,93.0,60.0
1998-03-22,0.1,2.9,9.7,50.0,1027.0,13.7,306.0,77.0
1998-03-23,1.5,3.1,6.1,60.0,1028.8,13.6,94.0,100.0
1998-03-24,1.2,3.2,9.8,49.0,1024.1,24.6,59.0,53.0
1998-03-25,0.0,2.8,10.7,43.0,1026.0,21.6,80.0,12.0
1998-03-26,0.0,2.5,9.4,52.0,1025.0,9.2,48.0,0.0
1998-03-27,0.0,3.0,11.6,58.0,1022.7,7.2,31.0,25.0
1998-03-28,0.0,4.3,14.7,68.0,1020.7,6.3,192.0,51.0
1998-03-29,0.0,4.9,15.5,69.0,1017.0,6.7,96.0,42.0
1998-03-30,0.0,3.7,15.5,76.0,1018.8,8.9,82.0,0.0
1998-03-31,0.0,5.1,14.8,85.0,1021.0,8.3,106.0,14.0
1998-04-01,0.0,7.3,14.9,87.0,1017.2,8.7,101.0,56.0
1998-04-02,0.2,7.5,15.3,85.0,1012.2,8.7,153.0,74.0
1998-04-03,0.0,10.3,15.2,82.0,1011.3,7.1,168.0,71.0
1998-04-04,0.0,9.1,17.1,79.0,1009.7,15.9,169.0,43.0
1998-04-05,6.0,9.8,16.9,85.0,1009.9,12.4,178.0,89.0
1998-04-06,12.8,9.7,15.2,86.0,1009.8,7.8,211.0,54.0
1998-04-07,4.7,8.3,14.8,85.0,1010.4,8.8,101.0,91.0
1998-04-08,3.2,8.5,14.8,83.0,1006.0,10.1,191.0,86.0
1998-04-09,1.1,8.6,14.6,84.0,1003.2,7.8,114.0,64.0
1998-04-10,9.2,6.3,14.4,88.0,1002.7,15.0,137.0,89.0
1998-04-11,7.9,8.0,13.3,82.0,1003.0,13.7,175.0,61.0
1998-04-12,2.8,7.4,12.3,74.0,1001.0,14.9,224.0,70.0
1998-04-13,4.0,5.0,11.1,81.0,1003.5,8.8,227.0,83.0
1998-04-14,2.2,4.3,12.1,75.0,1007.2,7.5,180.0,48.0
1998-04-15,3.7,4.6,12.1,77.0,1012.3,9.2,112.0,91.0
1998-04-16,19.6,8.4,14.2,80.0,1000.0,10.6,204.0,92.0
1998-04-17,6.2,8.3,12.8,85.0,995.9,8.1,167.0,82.0
1998-04-18,8.2,6.7,12.6,88.0,996.0,5.2,262.0,91.0
1998-04-19,4.8,5.4,14.2,87.0,1006.0,7.7,124.0,70.0
1998-04-20,0.0,4.5,15.4,79.0,1016.5,9.4,180.0,20.0
1998-04-21,0.0,6.4,16.8,82.0,1018.3,6.9,128.0,43.0
1998-04-22,0.0,9.0,17.2,80.0,1016.9,8.7,86.0,15.0
1998-04-23,0.0,11.8,17.6,65.0,1017.0,13.3,52.0,35.0
1998-04-24,0.0,8.3,18.7,75.0,1017.2,7.2,101.0,36.0
1998-04-25,0.0,12.3,19.3,75.0,1018.4,8.3,104.0,55.0
1998-04-26,0.0,10.6,19.2,76.0,1014.2,9.5,106.0,70.0
1998-04-27,6.9,13.5,18.8,77.0,1006.9,15.4,95.0,92.0
1998-04-28,28.6,11.7,14.0,92.0,1004.4,7.4,290.0,100.0
1998-04-29,6.9,11.1,15.7,83.0,1007.5,9.0,177.0,84.0
1998-04-30,2.8,11.1,16.2,82.0,1011.5,12.6,86.0,78.0
1998-05-01,8.4,11.0,16.3,85.0,1011.7,8.4,41.0,82.0
1998-05-02,1.8,9.2,17.4,81.0,1010.6,11.6,196.0,54.0
1998-05-03,0.0,12.2,18.9,75.0,1006.4,10.8,65.0,75.0
1998-05-04,9.1,12.9,17.5,71.0,997.7,16.4,30.0,100.0
1998-05-05,3.7,11.3,16.6,72.0,1005.2,9.4,127.0,71.0
1998-05-06,0.0,10.9,17.9,71.0,1012.4,8.0,104.0,72.0
1998-05-07,0.0,10.9,19.5,72.0,1020.8,5.3,120.0,25.0
1998-05-08,0.0,9.9,21.6,75.0,1026.4,5.0,127.0,6.0
1998-05-09,0.0,13.0,23.5,65.0,1024.6,3.8,9.0,5.0
1998-05-10,0.0,15.9,24.7,62.0,1020.3,11.8,38.0,0.0
1998-05-11,0.0,15.8,23.7,70.0,1017.5,8.2,83.0,1.0
1998-05-12,0.0,14.6,24.3,76.0,1017.1,4.8,156.0,41.0
1998-05-13,0.0,13.7,25.3,75.0,1018.0,5.8,76.0,36.0
1998-05-14,0.6,16.8,23.2,74.0,1017.4,12.2,57.0,68.0
1998-05-15,0.3,15.5,21.3,63.0,1014.6,10.2,70.0,44.0
1998-05-16,0.5,14.6,18.9,58.0,1014.7,15.0,63.0,52.0
1998-05-17,0.6,13.1,17.2,66.0,1016.0,11.7,62.0,65.0
1998-05-18,2.3,9.5,17.7,74.0,1019.0,8.4,6.0,50.0
1998-05-19,0.0,11.8,22.1,71.0,1018.1,7.6,231.0,74.0
1998-05-20,0.0,11.5,22.3,74.0,1015.9,7.1,106.0,26.0
1998-05-21,0.0,14.3,22.1,76.0,1014.1,9.5,101.0,30.0
1998-05-22,0.0,14.2,22.1,77.0,1011.2,9.7,69.0,39.0
1998-05-23,1.7,14.9,19.5,66.0,1013.9,14.4,89.0,29.0
1998-05-24,17.6,14.0,16.4,80.0,1011.3,16.4,66.0,85.0
1998-05-25,15.5,13.2,18.3,78.0,1008.1,18.3,51.0,65.0
1998-05-26,0.0,11.3,20.9,72.0,1008.5,8.1,134.0,17.0
1998-05-27,0.0,14.4,21.3,79.0,1011.9,9.5,111.0,38.0
1998-05-28,1.0,16.1,20.6,84.0,1013.5,13.5,92.0,80.0
1998-05-29,5.2,15.7,18.6,81.0,1012.6,9.5,66.0,97.0
1998-05-30,0.0,13.5,21.4,79.0,1013.5,10.4,200.0,25.0
1998-05-31,0.1,13.9,22.6,79.0,1014.2,8.1,208.0,59.0
1998-06-01,0.0,14.0,23.2,77.0,1014.9,14.0,210.0,29.0
1998-06-02,0.0,16.2,23.8,80.0,1016.4,8.6,122.0,52.0
1998-06-03,0.0,16.2,24.5,81.0,1017.2,9.0,107.0,35.0
1998-06-04,0.1,18.0,26.1,79.0,1018.1,8.1,86.0,58.0
1998-06-05,0.0,17.5,27.2,77.0,1018.6,7.7,103.0,20.0
1998-06-06,0.0,18.2,27.3,77.0,1017.1,9.3,95.0,17.0
1998-06-07,0.0,20.8,26.8,77.0,1013.6,8.8,62.0,68.0
1998-06-08,15.6,18.3,24.3,84.0,1014.0,7.7,36.0,45.0
1998-06-09,0.5,17.8,25.0,70.0,1015.0,9.6,56.0,11.0
1998-06-10,0.0,18.5,25.0,79.0,1009.4,8.4,154.0,43.0
1998-06-11,10.3,16.7,21.8,87.0,1002.5,12.2,110.0,74.0
1998-06-12,12.5,15.1,20.2,76.0,1003.8,6.7,86.0,55.0
1998-06-13,0.3,13.1,21.4,67.0,1011.3,8.0,116.0,50.0
1998-06-14,0.3,14.4,20.3,74.0,1013.7,9.4,107.0,38.0
1998-06-15,6.1,15.2,21.2,80.0,1013.6,10.0,89.0,54.0
1998-06-16,7.2,13.6,21.5,81.0,1016.6,6.8,89.0,39.0
1998-06-17,7.3,14.5,21.3,71.0,1021.5,13.1,57.0,52.0
1998-06-18,0.0,13.6,22.4,70.0,1023.5,8.3,118.0,38.0
1998-06-19,0.0,15.0,23.4,73.0,1022.3,8.3,111.0,21.0
1998-06-20,0.0,15.7,24.8,78.0,1023.5,8.9,129.0,33.0
1998-06-21,0.0,18.2,25.7,79.0,1022.2,9.1,104.0,40.0
1998-06-22,0.1,18.9,27.1,82.0,1017.8,6.5,112.0,33.0
1998-06-23,10.2,18.9,25.6,76.0,1016.2,11.8,49.0,87.0
1998-06-24,0.0,19.7,25.2,75.0,1013.7,8.8,76.0,50.0
1998-06-25,0.0,18.0,26.5,77.0,1012.5,7.6,99.0,33.0
1998-06-26,0.0,20.1,27.0,80.0,1014.3,9.1,105.0,53.0
1998-06-27,0.0,21.1,27.9,78.0,1013.7,9.1,81.0,29.0
1998-06-28,0.0,21.9,28.7,76.0,1013.6,10.0,61.0,35.0
1998-06-29,0.0,22.1,28.1,68.0,1015.0,16.7,50.0,23.0
1998-06-30,0.0,22.2,27.1,73.0,1012.4,9.1,68.0,41.0
1998-07-01,0.0,21.3,28.0,79.0,1010.3,9.4,77.0,26.0
1998-07-02,0.0,21.3,30.4,68.0,1005.9,14.2,41.0,31.0
1998-07-03,9.2,19.7,26.7,72.0,1009.5,15.4,45.0,50.0
1998-07-04,3.0,18.4,26.1,73.0,1013.7,10.6,174.0,10.0
1998-07-05,0.0,20.0,25.2,72.0,1012.7,14.6,85.0,38.0
1998-07-06,0.2,20.6,25.3,72.0,1011.5,12.5,120.0,39.0
1998-07-07,2.2,20.4,26.2,74.0,1004.4,10.4,65.0,70.0
1998-07-08,5.4,16.0,23.2,68.0,1003.6,12.9,77.0,61.0
1998-07-09,0.0,13.9,24.3,70.0,1010.9,10.0,195.0,21.0
1998-07-10,0.0,17.0,25.6,67.0,1012.4,8.5,98.0,28.0
1998-07-11,0.0,20.0,26.3,74.0,1011.5,10.6,93.0,64.0
1998-07-12,0.7,21.3,26.3,78.0,1011.7,9.6,119.0,54.0
1998-07-13,0.0,21.0,26.6,79.0,1011.3,13.3,106.0,29.0
1998-07-14,32.3,15.5,23.6,84.0,1007.9,14.6,45.0,99.0
1998-07-15,8.9,15.4,23.3,61.0,1013.4,16.9,56.0,41.0
1998-07-16,0.0,17.4,24.6,62.0,1014.9,9.5,80.0,24.0
1998-07-17,0.0,17.4,25.6,66.0,1013.9,8.3,97.0,5.0
1998-07-18,0.0,18.1,26.3,74.0,1015.4,9.2,122.0,12.0
1998-07-19,0.0,20.5,27.9,76.0,1016.7,8.6,91.0,14.0
1998-07-20,0.0,19.8,29.1,79.0,1017.5,6.5,115.0,3.0
1998-07-21,0.0,20.1,30.0,79.0,1014.2,7.2,124.0,3.0
1998-07-22,0.0,23.2,30.5,78.0,1014.2,6.8,96.0,42.0
1998-07-23,0.0,21.1,32.0,72.0,1013.3,6.1,122.0,6.0
1998-07-24,0.0,22.5,32.1,68.0,1012.8,7.2,42.0,9.0
1998-07-25,0.0,25.1,30.8,63.0,1012.3,13.2,60.0,15.0
1998-07-26,0.0,23.9,29.3,63.0,1013.0,12.1,52.0,12.0
1998-07-27,0.0,21.0,29.9,72.0,1010.5,9.2,98.0,19.0
1998-07-28,10.8,21.4,26.1,75.0,1007.0,12.0,30.0,77.0
1998-07-29,0.0,21.6,27.8,59.0,1009.0,10.9,65.0,14.0
1998-07-30,0.0,19.6,28.1,68.0,1011.1,8.8,102.0,1.0
1998-07-31,0.0,22.5,29.6,70.0,1011.4,9.6,88.0,20.0
1998-08-01,0.0,22.7,29.9,68.0,1012.8,12.6,71.0,17.0
1998-08-02,0.0,23.3,30.9,68.0,1012.9,12.9,86.0,27.0
1998-08-03,0.0,22.1,31.9,64.0,1016.1,7.3,343.0,70.0
1998-08-04,0.0,20.8,31.8,65.0,1016.1,6.5,250.0,41.0
1998-08-05,3.5,22.9,29.7,63.0,1017.0,19.3,64.0,63.0
1998-08-06,0.0,22.6,28.4,48.0,1021.3,21.5,68.0,6.0
1998-08-07,0.0,20.9,29.5,50.0,1019.8,14.8,50.0,0.0
1998-08-08,0.0,21.5,31.0,54.0,1017.7,8.9,49.0,0.0
1998-08-09,0.0,20.7,31.5,63.0,1014.4,6.6,120.0,2.0
1998-08-10,0.0,21.1,31.8,66.0,1015.9,8.1,101.0,4.0
1998-08-11,0.0,22.6,31.8,64.0,1017.0,7.9,100.0,11.0
1998-08-12,0.0,23.5,32.5,63.0,1015.0,7.6,52.0,53.0
1998-08-13,0.0,22.2,32.1,65.0,1010.1,8.0,158.0,13.0
1998-08-14,0.0,23.9,30.2,60.0,1009.7,11.7,80.0,20.0
1998-08-15,0.0,23.0,30.8,63.0,1013.5,10.0,98.0,14.0
1998-08-16,0.0,24.0,30.6,65.0,1016.9,8.4,50.0,37.0
1998-08-17,0.1,22.6,31.5,62.0,1015.4,7.8,33.0,40.0
1998-08-18,0.2,21.4,30.3,64.0,1012.7,6.9,338.0,83.0
1998-08-19,0.4,21.2,28.0,67.0,1013.3,6.3,74.0,50.0
1998-08-20,0.8,22.1,28.7,63.0,1014.8,8.0,40.0,41.0
1998-08-21,0.1,22.1,28.1,67.0,1010.0,10.3,196.0,42.0
1998-08-22,0.0,19.9,29.0,67.0,1005.0,12.5,188.0,25.0
1998-08-23,0.0,22.0,27.0,61.0,1008.5,17.2,78.0,64.0
1998-08-24,1.5,21.9,27.0,66.0,1009.3,11.2,79.0,47.0
1998-08-25,2.8,20.9,26.5,58.0,1013.0,18.4,72.0,13.0
1998-08-26,0.0,19.6,26.3,54.0,1014.5,12.7,88.0,1.0
1998-08-27,1.7,19.1,26.0,66.0,1008.0,11.6,80.0,27.0
1998-08-28,8.2,16.8,21.7,54.0,1011.5,29.4,71.0,63.0
1998-08-29,0.0,16.1,21.9,44.0,1015.3,14.1,65.0,25.0
1998-08-30,0.0,16.3,21.2,53.0,1018.1,9.9,127.0,54.0
1998-08-31,0.0,15.0,23.0,63.0,1016.4,9.4,123.0,35.0
1998-09-01,0.0,18.5,24.0,66.0,1018.0,12.1,79.0,55.0
1998-09-02,0.5,19.3,24.9,76.0,1019.1,11.0,94.0,93.0
1998-09-03,0.0,19.9,25.7,83.0,1015.7,9.3,87.0,84.0
1998-09-04,1.4,19.8,24.8,80.0,1013.1,12.7,72.0,68.0
1998-09-05,69.2,17.1,21.9,92.0,1005.5,11.0,69.0,81.0
1998-09-06,0.0,14.0,23.4,67.0,1009.6,10.2,80.0,5.0
1998-09-07,1.1,17.9,23.8,66.0,1009.9,10.8,52.0,76.0
1998-09-08,25.9,17.0,20.5,86.0,1009.7,10.9,45.0,80.0
1998-09-09,0.0,17.2,24.8,75.0,1014.6,7.8,26.0,8.0
1998-09-10,0.0,16.4,24.4,82.0,1014.8,6.3,101.0,3.0
1998-09-11,3.2,17.2,24.2,89.0,1008.8,8.1,65.0,63.0
1998-09-12,28.2,16.4,22.2,86.0,993.7,14.4,180.0,98.0
1998-09-13,13.1,13.2,19.5,70.0,993.3,12.3,30.0,70.0
1998-09-14,12.2,11.0,18.6,73.0,999.2,14.1,165.0,76.0
1998-09-15,0.0,12.5,20.6,70.0,1006.8,8.2,32.0,53.0
1998-09-16,0.0,12.8,21.0,71.0,1009.1,7.5,138.0,36.0
1998-09-17,0.3,15.3,19.9,76.0,1007.4,12.3,49.0,43.0
1998-09-18,0.0,12.9,21.2,72.0,1017.1,7.5,62.0,11.0
1998-09-19,0.0,15.2,20.2,69.0,1025.6,8.4,53.0,42.0
1998-09-20,0.0,13.6,21.8,62.0,1026.0,6.4,356.0,57.0
1998-09-21,0.0,14.1,22.2,65.0,1024.0,6.2,44.0,66.0
1998-09-22,0.2,14.6,20.7,63.0,1022.4,11.2,59.0,13.0
1998-09-23,0.0,14.3,20.8,67.0,1021.1,9.3,48.0,45.0
1998-09-24,0.0,13.7,20.9,73.0,1021.6,9.2,66.0,18.0
1998-09-25,6.3,13.2,18.7,85.0,1018.7,8.1,58.0,93.0
1998-09-26,6.9,15.3,21.0,85.0,1014.3,8.5,131.0,97.0
1998-09-27,23.1,16.5,21.0,91.0,1007.6,8.5,188.0,97.0
1998-09-28,3.1,14.3,20.5,87.0,1004.8,7.9,251.0,75.0
1998-09-29,0.3,12.2,20.5,85.0,1008.2,5.7,129.0,29.0
1998-09-30,4.7,15.3,20.4,87.0,1009.4,8.6,93.0,73.0
1998-10-01,17.8,16.1,20.3,91.0,1005.8,8.5,148.0,78.0
1998-10-02,0.6,12.8,19.6,83.0,1005.6,5.5,195.0,64.0
1998-10-03,3.8,13.1,18.7,86.0,1006.7,8.8,56.0,67.0
1998-10-04,10.6,11.6,17.1,89.0,1007.3,8.7,96.0,82.0
1998-10-05,31.6,12.8,17.1,93.0,1007.4,7.7,65.0,98.0
1998-10-06,39.9,14.3,17.2,93.0,1009.7,6.9,40.0,97.0
1998-10-07,63.9,14.5,17.2,93.0,1008.8,9.8,15.0,89.0
1998-10-08,31.3,13.7,17.7,91.0,1014.1,11.4,72.0,92.0
1998-10-09,2.4,12.5,18.8,86.0,1020.9,7.2,354.0,49.0
1998-10-10,0.2,11.3,18.7,80.0,1018.0,14.9,235.0,29.0
1998-10-11,0.0,10.6,17.9,76.0,1015.7,9.9,238.0,43.0
1998-10-12,0.3,12.6,18.3,79.0,1009.5,5.8,256.0,49.0
1998-10-13,1.6,11.4,17.3,79.0,1016.4,7.8,95.0,14.0
1998-10-14,0.0,10.6,17.5,74.0,1023.2,5.9,72.0,19.0
1998-10-15,0.0,10.4,17.9,83.0,1022.8,6.0,87.0,12.0
1998-10-16,0.0,10.1,18.0,87.0,1022.7,4.8,138.0,35.0
1998-10-17,0.0,12.5,18.3,89.0,1019.9,7.7,203.0,68.0
1998-10-18,1.4,13.5,19.2,89.0,1015.9,9.1,197.0,61.0
1998-10-19,57.3,11.9,16.0,93.0,1011.7,17.3,46.0,98.0
1998-10-20,0.2,10.8,16.0,70.0,1016.8,16.3,59.0,46.0
1998-10-21,0.0,10.6,15.2,68.0,1028.6,8.6,69.0,94.0
1998-10-22,0.0,9.8,15.8,70.0,1030.1,3.3,115.0,35.0
1998-10-23,0.0,8.7,16.8,80.0,1026.1,3.6,249.0,34.0
1998-10-24,0.0,9.4,16.2,83.0,1016.4,3.8,67.0,42.0
1998-10-25,5.0,8.8,13.4,91.0,1005.3,4.1,359.0,74.0
1998-10-26,0.0,7.2,16.4,81.0,1008.5,6.8,350.0,37.0
1998-10-27,0.0,8.3,15.8,76.0,1017.9,8.9,146.0,37.0
1998-10-28,0.0,7.8,16.8,76.0,1017.9,11.0,222.0,58.0
1998-10-29,0.0,9.3,18.2,82.0,1011.2,13.0,222.0,38.0
1998-10-30,0.0,7.4,15.8,75.0,1015.0,8.0,165.0,15.0
1998-10-31,0.0,6.8,15.2,69.0,1013.6,8.9,47.0,41.0
1998-11-01,0.8,8.0,14.4,78.0,1005.4,7.0,248.0,65.0
1998-11-02,0.0,7.1,15.1,77.0,1007.8,9.5,36.0,47.0
1998-11-03,8.2,10.3,15.3,83.0,1006.5,6.6,35.0,77.0
1998-11-04,16.1,11.4,15.4,95.0,1002.0,3.4,227.0,97.0
1998-11-05,4.8,9.7,13.4,78.0,1012.1,18.4,56.0,51.0
1998-11-06,0.0,7.1,13.2,70.0,1023.3,10.1,35.0,5.0
1998-11-07,0.0,7.3,13.8,65.0,1027.5,15.2,49.0,0.0
1998-11-08,0.0,4.8,12.5,75.0,1029.3,5.1,356.0,43.0
1998-11-09,0.0,6.8,11.5,79.0,1024.0,3.5,278.0,72.0
1998-11-10,2.7,7.8,12.9,81.0,1017.6,3.1,326.0,84.0
1998-11-11,0.1,7.3,15.2,67.0,1013.8,14.1,41.0,37.0
1998-11-12,0.0,5.7,11.2,55.0,1014.9,12.3,54.0,44.0
1998-11-13,0.0,5.4,11.0,61.0,1012.3,13.1,39.0,54.0
1998-11-14,1.1,5.1,10.4,74.0,1008.1,8.0,38.0,65.0
1998-11-15,0.1,3.7,10.5,83.0,1007.5,6.9,321.0,33.0
1998-11-16,0.0,3.9,10.9,80.0,1014.4,7.3,23.0,70.0
1998-11-17,0.3,3.5,11.2,68.0,1019.2,8.1,76.0,35.0
1998-11-18,0.1,4.7,8.0,56.0,1022.7,11.3,62.0,55.0
1998-11-19,1.3,3.6,6.4,59.0,1021.9,15.9,46.0,45.0
1998-11-20,0.0,2.4,7.1,47.0,1023.2,22.0,53.0,16.0
1998-11-21,0.2,1.0,5.0,40.0,1027.4,25.4,55.0,49.0
1998-11-22,0.0,1.5,6.2,49.0,1026.6,30.0,52.0,88.0
1998-11-23,0.5,4.0,6.9,62.0,1017.1,20.5,47.0,100.0
1998-11-24,2.6,5.9,8.8,70.0,1017.1,17.0,55.0,94.0
1998-11-25,0.0,5.7,8.4,74.0,1017.9,10.2,42.0,80.0
1998-11-26,0.0,5.5,9.6,74.0,1016.6,12.3,29.0,69.0
1998-11-27,0.0,5.5,8.9,71.0,1017.4,14.3,39.0,86.0
1998-11-28,0.0,5.7,10.9,60.0,1018.1,21.4,49.0,47.0
1998-11-29,0.0,3.3,9.0,67.0,1014.0,16.2,47.0,38.0
1998-11-30,0.0,4.8,9.0,64.0,1017.2,22.5,54.0,73.0
1998-12-01,0.0,6.3,9.3,57.0,1022.7,30.1,54.0,69.0
1998-12-02,0.7,4.9,6.5,66.0,1026.0,21.4,57.0,94.0
1998-12-03,0.0,4.9,7.9,71.0,1021.9,13.6,45.0,79.0
1998-12-04,2.3,3.7,7.6,77.0,1003.0,17.6,45.0,99.0
1998-12-05,1.2,1.7,7.3,88.0,1004.7,6.2,44.0,74.0
1998-12-06,0.0,-0.6,6.3,78.0,1012.0,4.3,286.0,43.0
1998-12-07,0.0,-1.9,6.5,52.0,1020.4,7.8,357.0,30.0
1998-12-08,0.0,-0.9,6.5,61.0,1026.3,7.6,42.0,13.0
1998-12-09,0.0,1.6,5.5,64.0,1029.9,7.6,33.0,37.0
1998-12-10,0.0,-1.0,4.5,75.0,1025.5,3.9,33.0,92.0
1998-12-11,0.0,-0.7,5.4,77.0,1021.0,11.3,41.0,66.0
1998-12-12,0.0,0.3,6.8,75.0,1026.4,5.1,9.0,25.0
1998-12-13,0.0,1.3,6.2,89.0,1028.8,4.7,180.0,63.0
1998-12-14,0.0,0.4,7.5,92.0,1029.8,4.0,8.0,84.0
1998-12-15,0.0,1.8,8.6,84.0,1029.4,3.4,287.0,46.0
1998-12-16,0.0,2.5,8.1,81.0,1028.5,3.3,302.0,42.0
1998-12-17,0.0,0.7,10.0,85.0,1030.8,5.5,289.0,88.0
1998-12-18,0.0,0.9,8.2,88.0,1027.3,3.5,241.0,67.0
1998-12-19,0.0,1.2,6.1,90.0,1017.6,2.9,48.0,57.0
1998-12-20,1.5,-0.0,7.2,91.0,1009.2,9.7,35.0,79.0
1998-12-21,7.9,5.9,7.6,75.0,1006.4,27.4,52.0,98.0
1998-12-22,0.0,0.6,6.0,55.0,1022.1,12.9,67.0,2.0
1998-12-23,0.0,-1.0,5.6,64.0,1028.3,5.5,26.0,5.0
1998-12-24,0.0,-1.2,3.8,79.0,1027.4,5.6,34.0,84.0
1998-12-25,0.0,-1.2,4.8,78.0,1030.4,5.4,16.0,25.0
1998-12-26,0.0,-1.0,4.4,84.0,1030.0,3.4,233.0,56.0
1998-12-27,0.0,-0.1,3.2,89.0,1026.7,2.9,57.0,95.0
1998-12-28,0.0,1.1,6.5,86.0,1024.2,5.6,45.0,99.0
1998-12-29,0.0,2.5,7.7,90.0,1023.0,5.0,334.0,82.0
1998-12-30,0.0,3.0,8.5,89.0,1022.8,4.1,41.0,80.0
1998-12-31,0.3,4.8,8.5,83.0,1024.8,13.3,53.0,95.0
1999-01-01,0.2,6.8,9.2,87.0,1022.4,16.5,53.0,99.0
1999-01-02,8.0,6.6,8.7,89.0,1017.3,13.9,39.0,99.0
1999-01-03,0.0,4.6,10.2,91.0,1013.4,5.7,303.0,75.0
1999-01-04,0.0,2.2,8.2,95.0,1018.1,3.7,311.0,77.0
1999-01-05,0.0,1.7,8.8,92.0,1025.5,5.6,285.0,68.0
1999-01-06,0.0,2.0,8.3,86.0,1025.1,3.5,236.0,20.0
1999-01-07,0.0,1.0,6.5,92.0,1018.6,2.8,197.0,50.0
1999-01-08,2.1,1.6,6.8,93.0,1009.2,4.2,46.0,98.0
1999-01-09,0.7,4.0,9.8,84.0,1004.6,8.7,27.0,76.0
1999-01-10,3.9,0.5,7.9,83.0,1011.3,15.2,46.0,82.0
1999-01-11,27.6,4.9,9.2,93.0,1005.8,21.3,58.0,81.0
1999-01-12,0.0,3.4,8.1,81.0,1013.6,15.2,227.0,48.0
1999-01-13,1.1,0.4,5.9,84.0,1009.6,9.6,261.0,77.0
1999-01-14,0.0,-0.5,6.6,86.0,1014.1,4.3,273.0,37.0
1999-01-15,0.0,-0.9,6.9,80.0,1020.9,4.4,37.0,3.0
1999-01-16,0.0,1.7,5.7,85.0,1024.5,3.6,128.0,48.0
1999-01-17,0.0,0.7,6.4,91.0,1024.1,4.3,80.0,52.0
1999-01-18,0.0,1.6,6.6,90.0,1024.1,2.6,221.0,89.0
1999-01-19,0.0,-0.5,9.4,86.0,1025.2,4.7,327.0,58.0
1999-01-20,0.0,-0.5,7.8,88.0,1027.0,4.5,263.0,27.0
1999-01-21,0.0,1.8,7.4,86.0,1025.2,2.5,320.0,22.0
1999-01-22,0.0,-0.4,6.8,91.0,1024.7,2.9,23.0,36.0
1999-01-23,0.0,0.1,7.4,90.0,1024.9,3.1,282.0,53.0
1999-01-24,0.0,0.3,6.0,91.0,1026.4,2.9,265.0,52.0
1999-01-25,0.0,-0.6,7.0,91.0,1027.6,4.4,239.0,50.0
1999-01-26,0.1,1.0,6.0,92.0,1019.7,2.6,158.0,74.0
1999-01-27,3.9,3.0,7.7,86.0,1005.7,8.1,350.0,74.0
1999-01-28,0.5,-1.1,7.5,78.0,1006.1,5.5,265.0,63.0
1999-01-29,0.0,-1.4,9.2,63.0,1008.2,14.8,34.0,48.0
1999-01-30,0.0,-1.1,2.0,33.0,1021.9,21.3,48.0,16.0
1999-01-31,0.0,-2.2,2.9,41.0,1025.8,14.6,48.0,66.0
1999-02-01,0.0,-2.3,3.0,52.0,1027.6,11.5,43.0,56.0
1999-02-02,0.0,-2.2,5.5,60.0,1027.8,3.8,223.0,50.0
1999-02-03,0.0,1.9,8.1,72.0,1030.0,5.5,231.0,65.0
1999-02-04,0.0,1.4,8.5,81.0,1023.2,4.1,124.0,49.0
1999-02-05,0.0,-0.4,7.0,93.0,1007.9,6.5,81.0,36.0
1999-02-06,0.4,-0.1,9.4,88.0,1003.5,5.6,269.0,47.0
1999-02-07,0.9,-1.1,8.7,78.0,1000.5,7.7,97.0,42.0
1999-02-08,0.5,1.0,8.0,62.0,1001.0,10.4,302.0,56.0
1999-02-09,8.6,1.7,4.7,71.0,999.7,9.8,143.0,97.0
1999-02-10,9.3,1.5,3.1,78.0,997.3,23.3,46.0,100.0
1999-02-11,0.4,0.2,4.8,54.0,1004.2,14.6,39.0,99.0
1999-02-12,0.0,-0.6,4.8,40.0,1012.9,13.9,49.0,61.0
1999-02-13,0.0,-1.8,3.8,48.0,1019.3,11.5,64.0,68.0
1999-02-14,0.2,-0.6,3.6,71.0,1023.6,7.7,68.0,89.0
1999-02-15,0.0,-1.4,5.1,74.0,1025.7,7.5,63.0,36.0
1999-02-16,0.0,-2.6,6.3,74.0,1018.8,9.1,219.0,31.0
1999-02-17,0.0,-1.1,8.2,79.0,1008.1,6.9,64.0,35.0
1999-02-18,0.0,-0.9,7.1,70.0,1013.7,8.7,87.0,30.0
1999-02-19,0.0,-0.6,8.4,78.0,1021.3,7.7,82.0,40.0
1999-02-20,0.0,1.0,8.1,86.0,1017.6,4.2,97.0,82.0
1999-02-21,0.0,3.2,8.7,90.0,1011.9,7.1,92.0,77.0
1999-02-22,1.3,3.0,9.3,90.0,996.5,5.2,276.0,94.0
1999-02-23,0.0,2.7,10.4,39.0,1002.4,20.7,276.0,71.0
1999-02-24,0.0,1.0,10.4,49.0,1008.7,15.1,251.0,31.0
1999-02-25,0.0,2.0,9.5,62.0,1015.4,10.9,72.0,29.0
1999-02-26,0.0,2.3,9.9,68.0,1021.6,5.3,168.0,4.0
1999-02-27,0.0,1.1,10.1,78.0,1021.3,6.2,133.0,7.0
1999-02-28,0.0,0.9,10.9,79.0,1023.0,5.8,60.0,87.0
1999-03-01,0.0,-0.0,10.3,87.0,1023.6,6.2,130.0,52.0
1999-03-02,0.0,4.6,10.6,90.0,1017.7,6.3,103.0,77.0
1999-03-03,0.0,5.8,10.3,91.0,1012.5,6.0,99.0,91.0
1999-03-04,3.6,3.8,12.3,86.0,1001.8,12.5,127.0,52.0
1999-03-05,7.2,6.5,11.3,81.0,994.4,13.6,198.0,79.0
1999-03-06,5.7,2.2,9.2,89.0,1000.8,8.1,71.0,95.0
1999-03-07,7.1,2.3,8.3,87.0,1004.5,6.0,214.0,80.0
1999-03-08,0.1,-0.4,9.1,86.0,1013.8,7.8,165.0,58.0
1999-03-09,0.0,5.2,11.5,83.0,1015.4,8.4,204.0,89.0
1999-03-10,0.0,6.4,12.1,86.0,1017.4,6.2,186.0,87.0
1999-03-11,0.0,6.5,12.5,86.0,1016.8,8.2,169.0,43.0
1999-03-12,0.0,6.6,14.1,86.0,1019.2,7.2,70.0,33.0
1999-03-13,0.0,5.5,13.9,90.0,1018.5,4.9,137.0,38.0
1999-03-14,0.0,4.6,14.8,89.0,1020.9,5.1,98.0,54.0
1999-03-15,0.0,7.1,16.4,84.0,1021.9,5.1,141.0,24.0
1999-03-16,0.9,7.9,13.3,75.0,1021.7,13.7,67.0,47.0
1999-03-17,1.1,4.4,10.2,55.0,1024.2,22.9,81.0,41.0
1999-03-18,0.0,4.1,10.4,43.0,1019.1,26.9,64.0,7.0
1999-03-19,0.0,1.7,11.2,52.0,1013.5,10.0,354.0,14.0
1999-03-20,0.0,3.4,12.2,64.0,1015.7,6.1,172.0,20.0
1999-03-21,0.0,4.3,11.5,69.0,1016.6,9.6,127.0,67.0
1999-03-22,10.9,5.9,8.4,84.0,1008.2,10.5,40.0,100.0
1999-03-23,0.0,3.9,13.3,75.0,1009.9,11.8,259.0,48.0
1999-03-24,0.0,3.0,13.8,75.0,1016.9,7.9,108.0,12.0
1999-03-25,0.0,4.6,14.2,81.0,1015.7,9.2,79.0,54.0
1999-03-26,8.8,8.7,12.0,93.0,1010.4,8.1,113.0,97.0
1999-03-27,17.4,9.6,12.9,93.0,1003.3,13.6,104.0,83.0
1999-03-28,2.3,5.7,13.5,86.0,1004.8,8.4,68.0,43.0
1999-03-29,1.0,7.7,15.6,80.0,1012.8,4.9,291.0,68.0
1999-03-30,0.0,5.9,15.9,79.0,1015.9,5.1,250.0,23.0
1999-03-31,0.0,5.5,17.9,72.0,1017.1,6.3,338.0,7.0
1999-04-01,0.0,6.9,18.0,69.0,1015.7,4.6,323.0,2.0
1999-04-02,0.0,6.3,17.7,77.0,1013.9,6.0,103.0,3.0
1999-04-03,0.0,7.7,18.5,73.0,1016.7,5.9,159.0,15.0
1999-04-04,0.0,8.9,18.3,68.0,1021.0,7.0,197.0,43.0
1999-04-05,0.1,9.7,18.5,73.0,1024.5,7.5,46.0,26.0
1999-04-06,0.0,7.1,18.4,78.0,1025.7,8.3,133.0,3.0
1999-04-07,4.7,8.6,17.7,82.0,1014.6,6.8,196.0,77.0
1999-04-08,56.5,9.0,12.8,89.0,1010.9,25.1,45.0,100.0
1999-04-09,0.6,9.6,16.8,70.0,1018.2,10.8,53.0,84.0
1999-04-10,0.0,9.1,16.5,69.0,1017.5,9.7,89.0,28.0
1999-04-11,0.1,8.7,16.0,77.0,1013.6,8.6,165.0,50.0
1999-04-12,4.6,9.8,14.9,85.0,1008.9,11.3,122.0,83.0
1999-04-13,5.1,9.7,13.1,84.0,999.4,8.4,129.0,69.0
1999-04-14,0.5,6.2,14.3,86.0,1005.0,9.8,107.0,65.0
1999-04-15,1.0,8.0,14.2,83.0,1007.8,13.7,147.0,56.0
1999-04-16,16.5,11.2,13.8,92.0,1002.2,22.2,153.0,87.0
1999-04-17,6.3,7.8,15.0,72.0,1002.1,15.9,220.0,66.0
1999-04-18,3.9,7.0,12.6,72.0,1008.3,14.5,96.0,88.0
1999-04-19,5.2,7.5,13.2,77.0,1015.8,13.1,76.0,46.0
1999-04-20,0.0,5.5,13.2,75.0,1017.3,9.9,121.0,32.0
1999-04-21,9.9,9.3,13.9,87.0,1014.9,9.5,170.0,99.0
1999-04-22,1.9,10.5,16.3,85.0,1015.3,6.5,135.0,57.0
1999-04-23,0.0,8.5,17.3,84.0,1014.4,7.0,158.0,65.0
1999-04-24,0.0,10.6,16.6,87.0,1012.2,8.6,125.0,90.0
1999-04-25,0.0,9.3,19.5,80.0,1012.5,5.2,242.0,48.0
1999-04-26,0.0,8.7,18.5,84.0,1013.5,6.8,122.0,28.0
1999-04-27,2.1,11.4,16.7,90.0,1015.4,7.7,88.0,87.0
1999-04-28,0.0,10.0,16.9,87.0,1018.8,6.3,114.0,86.0
1999-04-29,0.0,10.4,17.4,88.0,1016.1,7.5,120.0,79.0
1999-04-30,0.0,13.1,19.5,84.0,1013.8,9.1,187.0,44.0
1999-05-01,0.0,13.3,19.3,86.0,1017.1,9.0,86.0,22.0
1999-05-02,0.0,12.8,20.1,84.0,1017.6,8.3,118.0,63.0
1999-05-03,0.0,13.0,21.7,81.0,1018.0,8.2,80.0,75.0
1999-05-04,13.4,14.1,22.6,82.0,1010.5,16.9,41.0,95.0
1999-05-05,19.5,15.0,18.4,79.0,1009.7,15.4,67.0,77.0
1999-05-06,0.0,14.0,18.2,64.0,1018.3,13.4,64.0,70.0
1999-05-07,0.0,13.3,18.1,66.0,1018.3,10.5,89.0,50.0
1999-05-08,2.0,12.8,18.7,80.0,1015.6,7.8,128.0,92.0
1999-05-09,4.7,14.0,20.0,82.0,1017.7,7.4,51.0,64.0
1999-05-10,0.0,11.8,20.8,81.0,1019.8,8.1,182.0,60.0
1999-05-11,0.0,14.9,21.3,86.0,1015.9,9.1,117.0,97.0
1999-05-12,0.0,14.9,21.2,84.0,1011.5,8.9,167.0,87.0
1999-05-13,0.3,16.8,21.7,85.0,1011.1,8.4,103.0,83.0
1999-05-14,0.8,17.4,21.9,88.0,1007.9,10.1,109.0,68.0
1999-05-15,13.5,15.4,18.6,84.0,1007.5,10.4,49.0,82.0
1999-05-16,0.7,14.7,19.9,74.0,1011.3,11.2,76.0,52.0
1999-05-17,0.5,14.7,19.2,60.0,1017.4,15.2,70.0,84.0
1999-05-18,0.2,13.1,21.6,66.0,1015.9,11.1,65.0,21.0
1999-05-19,1.0,15.0,20.0,66.0,1016.8,21.4,57.0,71.0
1999-05-20,19.9,14.4,18.6,82.0,1010.4,11.7,45.0,79.0
1999-05-21,14.6,12.9,15.6,92.0,1006.3,9.5,241.0,97.0
1999-05-22,0.0,12.2,20.9,74.0,1011.9,7.7,51.0,42.0
1999-05-23,0.0,13.6,22.4,77.0,1017.2,6.7,104.0,55.0
1999-05-24,1.6,17.2,21.1,68.0,1021.1,9.8,116.0,42.0
1999-05-25,0.0,14.4,22.3,73.0,1017.4,6.3,152.0,45.0
1999-05-26,0.0,13.9,24.2,77.0,1017.7,5.5,78.0,24.0
1999-05-27,0.0,14.8,24.8,78.0,1020.1,6.9,131.0,4.0
1999-05-28,0.0,15.9,24.7,83.0,1021.7,7.6,112.0,36.0
1999-05-29,0.1,17.0,25.2,82.0,1021.5,6.0,142.0,39.0
1999-05-30,0.0,18.4,26.0,83.0,1017.9,8.0,121.0,29.0
1999-05-31,0.0,19.3,26.4,83.0,1017.7,5.9,117.0,63.0
1999-06-01,0.0,20.0,26.6,80.0,1018.1,7.9,97.0,74.0
1999-06-02,0.0,19.6,26.4,81.0,1016.0,9.8,100.0,67.0
1999-06-03,0.0,19.1,26.7,77.0,1012.8,7.7,90.0,10.0
1999-06-04,1.4,17.9,23.8,74.0,1009.1,11.9,303.0,20.0
1999-06-05,0.0,17.7,23.9,61.0,1012.2,12.7,73.0,4.0
1999-06-06,0.0,17.7,25.2,76.0,1011.2,10.0,99.0,13.0
1999-06-07,0.0,19.6,25.7,76.0,1014.0,10.7,61.0,34.0
1999-06-08,11.0,19.1,22.8,84.0,1015.1,9.6,79.0,58.0
1999-06-09,0.0,18.1,24.2,61.0,1021.1,15.6,46.0,12.0
1999-06-10,0.3,18.5,24.4,65.0,1020.4,12.8,48.0,61.0
1999-06-11,10.6,16.7,21.2,80.0,1016.3,6.5,16.0,77.0
1999-06-12,0.0,17.4,24.5,70.0,1016.0,7.8,15.0,18.0
1999-06-13,0.7,17.7,24.0,74.0,1016.3,8.9,42.0,37.0
1999-06-14,0.0,18.6,24.9,71.0,1015.6,10.1,50.0,51.0
1999-06-15,0.6,19.0,24.9,70.0,1017.0,10.7,49.0,77.0
1999-06-16,0.3,18.5,24.8,68.0,1017.9,6.9,17.0,34.0
1999-06-17,0.1,17.5,26.2,69.0,1014.9,4.2,18.0,27.0
1999-06-18,3.5,18.5,25.7,77.0,1012.0,8.7,101.0,54.0
1999-06-19,16.7,14.5,21.1,68.0,1016.2,17.7,62.0,85.0
1999-06-20,3.8,15.3,21.3,72.0,1014.5,15.8,43.0,70.0
1999-06-21,6.4,14.5,21.7,75.0,1006.7,10.3,321.0,66.0
1999-06-22,0.0,14.7,23.9,55.0,1008.6,13.1,311.0,44.0
1999-06-23,0.0,15.4,21.7,50.0,1018.5,11.5,76.0,12.0
1999-06-24,0.0,13.2,22.5,65.0,1020.5,9.0,101.0,7.0
1999-06-25,0.0,15.2,23.1,66.0,1019.9,7.8,127.0,21.0
1999-06-26,0.0,14.3,24.4,72.0,1014.9,7.6,135.0,28.0
1999-06-27,0.0,18.9,24.6,78.0,1012.3,10.4,96.0,57.0
1999-06-28,0.1,19.2,23.9,76.0,1013.5,10.0,94.0,51.0
1999-06-29,0.0,16.7,25.6,76.0,1018.9,5.7,72.0,44.0
1999-06-30,0.4,17.7,27.1,75.0,1016.1,3.5,345.0,36.0
1999-07-01,0.0,19.9,27.9,69.0,1015.8,6.9,32.0,38.0
1999-07-02,0.0,19.2,27.7,73.0,1015.2,8.4,107.0,14.0
1999-07-03,0.0,20.8,28.5,73.0,1014.1,8.5,110.0,20.0
1999-07-04,0.0,20.4,29.0,74.0,1012.8,8.5,114.0,13.0
1999-07-05,0.0,21.7,28.7,76.0,1012.1,10.7,101.0,9.0
1999-07-06,0.0,22.6,28.6,72.0,1010.3,13.2,101.0,14.0
1999-07-07,1.7,20.6,26.0,67.0,1013.7,13.3,36.0,41.0
1999-07-08,0.2,18.3,27.4,66.0,1016.1,8.0,57.0,60.0
1999-07-09,5.4,19.7,25.7,65.0,1013.9,13.4,30.0,91.0
1999-07-10,9.7,18.1,23.7,80.0,1011.8,8.7,13.0,90.0
1999-07-11,6.5,18.3,24.1,85.0,1013.6,5.2,98.0,96.0
1999-07-12,4.6,18.3,24.6,82.0,1014.0,5.0,80.0,78.0
1999-07-13,0.3,19.5,26.4,78.0,1010.3,8.4,121.0,41.0
1999-07-14,1.2,20.2,26.9,80.0,1005.9,9.3,68.0,40.0
1999-07-15,0.0,20.6,26.5,72.0,1010.3,9.9,50.0,35.0
1999-07-16,0.0,20.9,26.6,64.0,1014.9,13.6,48.0,47.0
1999-07-17,0.0,19.8,26.9,63.0,1018.2,9.6,52.0,19.0
1999-07-18,0.0,18.8,27.7,66.0,1017.5,7.0,77.0,67.0
1999-07-19,0.0,18.0,28.2,72.0,1016.8,6.6,132.0,62.0
1999-07-20,0.0,18.5,28.2,75.0,1015.8,9.2,140.0,21.0
1999-07-21,0.0,21.9,29.1,74.0,1014.2,9.1,103.0,6.0
1999-07-22,11.7,20.3,27.0,75.0,1009.7,15.1,48.0,53.0
1999-07-23,4.4,17.6,24.3,56.0,1012.2,16.9,60.0,42.0
1999-07-24,0.1,17.8,25.8,55.0,1016.0,16.2,62.0,19.0
1999-07-25,0.0,19.4,25.2,58.0,1015.1,20.7,52.0,77.0
1999-07-26,0.0,19.1,28.0,67.0,1012.5,8.0,58.0,29.0
1999-07-27,0.0,19.1,29.3,69.0,1013.1,6.4,205.0,24.0
1999-07-28,0.5,21.0,26.9,76.0,1012.3,10.1,44.0,93.0
1999-07-29,0.6,20.5,27.0,67.0,1012.1,10.5,23.0,56.0
1999-07-30,0.0,20.4,26.4,62.0,1012.5,9.8,35.0,55.0
1999-07-31,0.0,20.2,26.7,60.0,1012.9,5.9,57.0,32.0
1999-08-01,0.0,19.4,26.8,66.0,1013.8,7.4,67.0,65.0
1999-08-02,0.0,18.0,26.7,68.0,1013.9,5.8,15.0,33.0
1999-08-03,0.0,19.9,27.3,72.0,1013.2,8.7,92.0,34.0
1999-08-04,1.4,19.5,27.7,75.0,1013.2,8.0,115.0,36.0
1999-08-05,0.2,21.6,28.1,77.0,1012.9,9.2,106.0,44.0
1999-08-06,0.0,22.5,28.6,80.0,1012.1,9.3,103.0,23.0
1999-08-07,0.8,22.7,29.4,80.0,1007.4,9.9,103.0,20.0
1999-08-08,0.2,23.1,29.0,79.0,1004.6,10.6,80.0,31.0
1999-08-09,0.0,22.4,30.4,77.0,1007.6,10.2,161.0,21.0
1999-08-10,0.1,23.9,29.1,76.0,1008.2,12.3,66.0,46.0
1999-08-11,7.5,21.2,27.0,67.0,1011.7,14.6,35.0,36.0
1999-08-12,7.1,18.7,26.1,69.0,1011.6,13.1,48.0,98.0
1999-08-13,36.4,17.6,23.2,75.0,1010.7,16.1,49.0,71.0
1999-08-14,0.0,18.7,23.4,65.0,1013.0,9.9,82.0,49.0
1999-08-15,0.0,18.1,25.4,76.0,1010.1,8.8,156.0,40.0
1999-08-16,4.1,19.8,25.9,84.0,1008.8,9.5,139.0,55.0
1999-08-17,0.4,20.2,25.2,81.0,1006.8,7.5,72.0,73.0
1999-08-18,0.1,20.6,26.1,79.0,1008.5,10.9,52.0,31.0
1999-08-19,0.0,19.6,28.0,81.0,1012.1,8.9,115.0,38.0
1999-08-20,2.8,21.3,26.9,80.0,1013.5,10.0,50.0,87.0
1999-08-21,0.0,21.5,24.7,65.0,1014.1,18.9,48.0,58.0
1999-08-22,0.0,20.7,25.6,56.0,1015.4,16.1,51.0,39.0
1999-08-23,0.0,19.3,24.8,60.0,1017.2,11.3,70.0,49.0
1999-08-24,0.9,18.4,23.8,71.0,1018.1,6.5,51.0,61.0
1999-08-25,0.0,18.1,26.4,71.0,1018.7,7.3,45.0,11.0
1999-08-26,0.0,19.4,26.4,72.0,1017.3,8.5,75.0,66.0
1999-08-27,4.2,20.6,25.7,74.0,1016.2,14.6,53.0,72.0
1999-08-28,0.0,19.1,26.4,73.0,1016.7,7.3,60.0,30.0
1999-08-29,11.6,19.0,23.2,81.0,1014.3,14.4,45.0,99.0
1999-08-30,23.1,18.5,24.9,74.0,1012.7,18.3,45.0,64.0
1999-08-31,0.0,16.5,25.0,73.0,1013.0,7.0,73.0,17.0
1999-09-01,0.0,19.0,26.2,75.0,1014.2,7.3,129.0,22.0
1999-09-02,4.1,18.7,22.7,63.0,1015.9,13.1,85.0,43.0
1999-09-03,0.0,16.4,23.3,61.0,1016.6,10.4,31.0,51.0
1999-09-04,2.1,17.4,22.3,73.0,1017.0,12.6,58.0,82.0
1999-09-05,0.0,18.2,22.8,66.0,1017.7,9.4,56.0,45.0
1999-09-06,0.0,15.3,23.5,75.0,1017.0,7.2,106.0,40.0
1999-09-07,0.8,16.5,23.7,79.0,1015.3,6.3,95.0,35.0
1999-09-08,0.0,15.6,25.8,77.0,1017.5,6.2,18.0,8.0
1999-09-09,0.0,17.4,27.0,70.0,1019.1,5.1,18.0,6.0
1999-09-10,0.0,17.1,27.7,69.0,1022.0,6.2,12.0,10.0
1999-09-11,0.0,18.5,27.6,66.0,1020.5,11.0,41.0,4.0
1999-09-12,0.0,18.5,26.6,66.0,1016.8,8.1,42.0,0.0
1999-09-13,0.0,18.2,26.0,71.0,1013.1,7.3,82.0,1.0
1999-09-14,0.0,17.4,25.2,77.0,1013.2,6.7,149.0,9.0
1999-09-15,0.0,17.2,25.2,84.0,1013.3,10.0,99.0,44.0
1999-09-16,0.1,19.4,25.1,77.0,1010.5,10.1,94.0,76.0
1999-09-17,0.0,17.3,25.2,80.0,1009.6,5.2,142.0,62.0
1999-09-18,1.7,18.1,23.8,82.0,1009.2,5.7,142.0,74.0
1999-09-19,5.4,17.5,22.6,86.0,1009.2,6.2,94.0,84.0
1999-09-20,22.4,18.6,22.5,90.0,1006.3,19.8,140.0,99.0
1999-09-21,0.5,16.5,23.6,74.0,1007.5,12.0,236.0,40.0
1999-09-22,0.0,16.5,23.4,74.0,1015.2,6.6,206.0,33.0
1999-09-23,0.0,16.0,24.4,80.0,1016.8,6.2,220.0,19.0
1999-09-24,0.0,16.9,24.5,80.0,1019.1,4.9,167.0,13.0
1999-09-25,0.2,17.3,23.9,88.0,1016.5,7.8,100.0,67.0
1999-09-26,0.2,19.3,24.9,86.0,1010.4,6.7,111.0,64.0
1999-09-27,1.2,16.5,23.1,85.0,1011.4,5.6,79.0,68.0
1999-09-28,4.4,15.9,21.7,81.0,1008.6,4.9,15.0,66.0
1999-09-29,0.0,13.4,21.9,83.0,1012.4,7.1,94.0,19.0
1999-09-30,0.0,16.2,22.3,81.0,1006.9,8.3,102.0,60.0
1999-10-01,7.0,16.3,21.1,79.0,1007.8,9.7,56.0,51.0
1999-10-02,0.1,15.7,21.4,76.0,1013.7,8.4,64.0,58.0
1999-10-03,0.2,16.1,22.3,83.0,1009.8,6.9,201.0,46.0
1999-10-04,8.3,14.7,18.6,77.0,1007.1,16.0,47.0,52.0
1999-10-05,0.1,13.6,17.5,55.0,1013.1,22.0,51.0,72.0
1999-10-06,1.2,11.2,17.7,57.0,1020.2,9.9,3.0,31.0
1999-10-07,0.0,10.3,17.9,61.0,1026.1,4.4,176.0,11.0
1999-10-08,0.0,8.6,18.2,67.0,1026.3,5.0,56.0,15.0
1999-10-09,0.0,11.8,19.4,67.0,1022.5,3.9,239.0,48.0
1999-10-10,0.0,11.7,20.3,74.0,1022.5,4.4,138.0,56.0
1999-10-11,0.0,11.8,20.2,85.0,1024.4,5.0,113.0,17.0
1999-10-12,0.0,12.6,20.0,85.0,1025.2,4.9,75.0,56.0
1999-10-13,0.0,11.5,19.9,79.0,1024.7,4.4,335.0,94.0
1999-10-14,0.0,13.5,19.2,79.0,1020.6,4.2,82.0,18.0
1999-10-15,0.0,13.0,19.0,74.0,1017.6,11.4,58.0,45.0
1999-10-16,0.0,13.5,17.0,61.0,1018.1,11.8,69.0,49.0
1999-10-17,0.0,12.6,14.1,59.0,1019.4,17.0,64.0,81.0
1999-10-18,0.0,10.1,13.0,51.0,1019.0,26.3,59.0,93.0
1999-10-19,0.2,9.4,13.0,49.0,1014.7,23.9,51.0,92.0
1999-10-20,1.0,7.7,12.3,62.0,1017.5,14.5,44.0,82.0
1999-10-21,29.0,10.6,15.5,84.0,1010.1,27.5,55.0,100.0
1999-10-22,1.1,12.9,16.5,78.0,1011.8,11.2,70.0,62.0
1999-10-23,31.1,12.5,16.5,93.0,1009.5,9.5,150.0,97.0
1999-10-24,4.7,11.0,16.9,93.0,1008.0,5.6,191.0,85.0
1999-10-25,23.7,14.5,20.0,94.0,1008.3,6.8,145.0,86.0
1999-10-26,0.1,15.4,20.5,94.0,1016.1,6.3,228.0,82.0
1999-10-27,0.0,12.6,20.4,88.0,1022.5,4.0,244.0,38.0
1999-10-28,0.0,11.9,18.5,91.0,1027.3,3.3,211.0,85.0
1999-10-29,0.0,12.1,17.7,87.0,1026.0,3.0,1.0,81.0
1999-10-30,0.2,12.5,18.5,79.0,1024.1,9.2,58.0,98.0
1999-10-31,0.0,12.5,17.9,88.0,1023.1,4.0,152.0,46.0
1999-11-01,0.0,11.0,17.9,89.0,1027.7,4.8,308.0,44.0
1999-11-02,0.0,11.4,16.1,91.0,1024.9,5.3,209.0,68.0
1999-11-03,4.7,13.2,17.4,87.0,1023.2,8.3,47.0,89.0
1999-11-04,14.1,13.2,15.2,79.0,1022.3,24.2,53.0,95.0
1999-11-05,0.0,12.0,16.3,73.0,1019.6,13.0,44.0,84.0
1999-11-06,21.0,9.5,15.1,88.0,1010.9,10.8,69.0,97.0
1999-11-07,32.4,10.0,15.7,68.0,1009.8,31.0,35.0,68.0
1999-11-08,0.0,7.5,14.8,64.0,1019.2,13.0,43.0,25.0
1999-11-09,2.3,6.1,13.4,76.0,1020.3,8.5,76.0,55.0
1999-11-10,3.5,6.2,11.3,79.0,1019.4,8.7,45.0,83.0
1999-11-11,0.4,7.7,11.2,66.0,1024.7,22.4,55.0,81.0
1999-11-12,0.0,5.5,12.2,68.0,1028.7,10.5,29.0,50.0
1999-11-13,0.0,3.5,11.9,77.0,1022.5,5.2,18.0,48.0
1999-11-14,4.2,6.1,10.9,88.0,1012.2,9.3,308.0,78.0
1999-11-15,2.2,5.2,9.6,84.0,1011.6,19.5,49.0,90.0
1999-11-16,3.4,5.0,7.2,66.0,1016.0,20.9,49.0,85.0
1999-11-17,11.4,3.9,7.2,81.0,1008.5,14.2,36.0,91.0
1999-11-18,3.1,2.3,8.4,78.0,1007.4,10.9,254.0,89.0
1999-11-19,24.7,3.0,5.9,82.0,996.9,19.5,23.0,100.0
1999-11-20,0.0,-0.8,7.8,63.0,1010.4,12.4,60.0,45.0
1999-11-21,9.2,2.4,4.8,70.0,1008.3,25.6,43.0,99.0
1999-11-22,0.0,2.1,6.9,78.0,1009.1,7.2,0.0,63.0
1999-11-23,0.0,2.4,7.5,77.0,1014.7,5.2,73.0,45.0
1999-11-24,0.0,0.8,9.1,80.0,1021.2,3.7,39.0,5.0
1999-11-25,0.0,1.2,11.3,77.0,1029.8,7.2,25.0,8.0
1999-11-26,0.0,1.9,11.0,76.0,1033.5,6.4,354.0,2.0
1999-11-27,0.0,1.6,8.6,78.0,1032.6,3.4,328.0,12.0
1999-11-28,0.0,0.0,9.6,77.0,1034.7,6.5,343.0,0.0
1999-11-29,0.0,1.4,8.7,77.0,1033.4,3.3,350.0,12.0
1999-11-30,0.0,0.8,8.7,77.0,1032.1,3.5,330.0,4.0
1999-12-01,0.0,2.4,6.5,91.0,1027.3,3.3,293.0,82.0
1999-12-02,0.0,1.7,7.4,88.0,1023.9,3.7,282.0,34.0
1999-12-03,0.0,0.5,9.4,88.0,1024.9,7.0,278.0,58.0
1999-12-04,2.7,4.2,8.6,91.0,1017.0,4.2,245.0,97.0
1999-12-05,0.2,4.5,9.7,76.0,1011.4,13.8,54.0,85.0
1999-12-06,0.0,0.6,8.2,62.0,1026.0,9.9,50.0,3.0
1999-12-07,0.0,0.4,7.0,66.0,1025.6,4.9,280.0,1.0
1999-12-08,0.0,1.4,6.2,77.0,1022.7,2.7,333.0,43.0
1999-12-09,4.0,2.9,7.7,87.0,1017.2,6.0,43.0,86.0
1999-12-10,16.7,4.6,9.3,95.0,1006.9,9.0,42.0,95.0
1999-12-11,6.2,4.5,10.9,83.0,1008.1,10.3,5.0,77.0
1999-12-12,2.2,3.2,9.1,87.0,1008.1,2.9,107.0,96.0
1999-12-13,0.5,3.1,8.8,88.0,1007.0,6.9,258.0,45.0
1999-12-14,1.4,2.0,8.0,90.0,1005.9,5.6,47.0,91.0
1999-12-15,6.1,2.6,7.4,85.0,999.0,17.8,44.0,95.0
1999-12-16,0.6,3.8,7.3,57.0,1010.6,24.5,51.0,85.0
1999-12-17,0.0,0.9,5.9,59.0,1024.5,11.0,45.0,4.0
1999-12-18,0.0,-0.4,4.4,77.0,1023.7,4.8,228.0,52.0
1999-12-19,0.2,1.0,5.0,85.0,1014.1,2.9,359.0,94.0
1999-12-20,4.2,2.7,5.2,67.0,1010.8,24.2,53.0,98.0
1999-12-21,0.0,-1.6,5.7,60.0,1023.1,12.1,30.0,0.0
1999-12-22,0.0,-0.5,4.5,57.0,1033.6,15.6,57.0,0.0
1999-12-23,0.0,-2.0,2.8,62.0,1032.8,10.0,32.0,26.0
1999-12-24,0.0,-2.0,3.9,65.0,1028.3,5.2,29.0,63.0
1999-12-25,3.8,-1.6,2.0,83.0,1018.2,5.9,53.0,92.0
1999-12-26,2.3,-1.0,5.1,95.0,1003.3,8.3,287.0,82.0
1999-12-27,0.0,-0.2,10.7,86.0,994.9,7.7,269.0,79.0
1999-12-28,18.3,4.2,7.1,88.0,983.9,14.1,358.0,99.0
1999-12-29,0.3,2.3,7.5,78.0,1004.9,4.7,61.0,95.0
1999-12-30,0.0,-0.5,7.4,76.0,1021.1,4.7,17.0,18.0
1999-12-31,0.0,-1.7,6.1,71.0,1024.5,9.7,37.0,14.0
2000-01-01,0.0,-2.0,5.0,67.0,1026.4,5.7,33.0,25.0
2000-01-02,0.0,0.8,5.0,72.0,1027.7,2.9,255.0,11.0
2000-01-03,0.0,1.4,5.5,78.0,1030.1,3.2,201.0,36.0
2000-01-04,0.0,-0.1,4.2,87.0,1025.0,2.3,92.0,47.0
2000-01-05,0.0,0.6,5.8,86.0,1023.3,2.7,282.0,32.0
2000-01-06,0.0,-0.7,6.6,88.0,1023.9,3.1,264.0,47.0
2000-01-07,0.0,-0.5,6.8,85.0,1025.0,3.2,340.0,64.0
2000-01-08,0.0,1.1,7.9,82.0,1025.2,3.5,5.0,11.0
2000-01-09,0.0,1.3,7.8,81.0,1024.8,5.7,17.0,87.0
2000-01-10,0.0,0.5,8.1,81.0,1028.7,10.3,40.0,58.0
2000-01-11,0.0,2.3,7.7,73.0,1034.5,15.7,49.0,49.0
2000-01-12,0.0,1.2,5.4,70.0,1033.4,14.8,51.0,9.0
2000-01-13,0.0,0.2,3.9,65.0,1028.3,11.2,43.0,40.0
2000-01-14,0.0,0.9,7.4,61.0,1024.5,11.5,25.0,92.0
2000-01-15,0.0,1.5,8.4,76.0,1024.4,6.3,26.0,66.0
2000-01-16,0.0,2.3,5.8,71.0,1027.0,18.0,66.0,19.0
2000-01-17,0.0,-0.8,4.4,79.0,1020.7,6.5,232.0,22.0
2000-01-18,0.0,1.2,10.3,83.0,1005.9,9.2,27.0,80.0
2000-01-19,0.0,0.2,9.7,65.0,1016.4,15.0,62.0,10.0
2000-01-20,0.0,1.0,7.6,64.0,1025.2,6.9,51.0,34.0
2000-01-21,0.0,-0.5,6.3,71.0,1015.4,5.4,227.0,9.0
2000-01-22,2.3,-0.1,4.0,82.0,1013.4,19.0,64.0,76.0
2000-01-23,1.3,0.9,8.7,77.0,1004.4,11.9,33.0,73.0
2000-01-24,1.2,0.3,2.8,60.0,1014.8,17.5,94.0,82.0
2000-01-25,0.0,-3.7,1.5,53.0,1026.8,9.0,70.0,50.0
2000-01-26,0.0,-4.0,2.5,62.0,1031.5,7.0,276.0,0.0
2000-01-27,0.0,-2.1,3.0,68.0,1031.3,3.7,193.0,0.0
2000-01-28,0.0,-2.6,4.4,79.0,1025.5,5.2,54.0,18.0
2000-01-29,0.0,-1.3,5.5,81.0,1019.8,8.7,263.0,69.0
2000-01-30,0.0,0.4,5.7,86.0,1016.5,6.3,183.0,39.0
2000-01-31,0.0,-0.1,7.4,92.0,1024.3,5.5,63.0,38.0
2000-02-01,0.0,0.2,7.6,95.0,1028.6,4.8,236.0,68.0
2000-02-02,2.1,4.6,7.2,95.0,1022.8,3.5,182.0,99.0
2000-02-03,0.3,2.3,9.6,95.0,1023.7,4.0,333.0,61.0
2000-02-04,0.0,1.3,10.7,84.0,1035.8,7.8,138.0,31.0
2000-02-05,0.0,2.9,7.3,90.0,1034.2,4.1,220.0,66.0
2000-02-06,0.0,1.9,9.6,91.0,1030.1,3.8,200.0,48.0
2000-02-07,0.0,1.7,8.0,94.0,1024.4,4.2,155.0,79.0
2000-02-08,0.2,5.4,8.5,94.0,1020.3,5.1,159.0,100.0
2000-02-09,1.8,5.1,10.7,86.0,1015.7,5.2,27.0,74.0
2000-02-10,0.0,-0.7,10.7,68.0,1024.9,6.2,4.0,0.0
2000-02-11,0.0,0.7,9.2,71.0,1024.0,3.8,14.0,91.0
2000-02-12,0.0,3.3,9.4,67.0,1024.4,9.7,50.0,68.0
2000-02-13,0.0,2.3,10.2,81.0,1022.3,4.9,204.0,10.0
2000-02-14,0.0,0.0,9.9,88.0,1019.5,5.6,104.0,19.0
2000-02-15,0.0,1.4,9.3,88.0,1019.5,5.2,59.0,51.0
2000-02-16,1.7,1.3,7.9,91.0,1009.2,4.4,37.0,91.0
2000-02-17,0.4,0.2,9.1,79.0,1004.8,10.9,329.0,80.0
2000-02-18,0.0,-0.8,8.8,65.0,1012.6,11.0,232.0,39.0
2000-02-19,0.0,-1.7,9.1,75.0,1008.2,6.1,56.0,32.0
2000-02-20,0.3,1.2,11.8,74.0,1012.7,5.0,329.0,55.0
2000-02-21,0.5,-0.0,9.0,72.0,1023.4,9.7,107.0,34.0
2000-02-22,0.0,3.6,6.4,59.0,1026.5,8.4,109.0,72.0
2000-02-23,0.0,-0.7,7.6,70.0,1026.0,4.3,41.0,41.0
2000-02-24,0.0,2.2,8.6,74.0,1029.2,5.1,204.0,25.0
2000-02-25,0.0,0.0,10.0,81.0,1028.1,6.2,162.0,31.0
2000-02-26,0.0,3.2,10.8,81.0,1030.3,7.0,66.0,34.0
2000-02-27,0.0,1.3,11.0,86.0,1031.4,4.2,280.0,44.0
2000-02-28,0.0,0.6,10.9,87.0,1032.3,5.3,164.0,32.0
2000-02-29,0.3,1.8,9.4,92.0,1026.9,7.2,160.0,76.0
2000-03-01,15.3,5.6,9.3,90.0,1009.1,13.6,191.0,100.0
2000-03-02,0.2,3.5,13.3,68.0,1011.2,8.0,22.0,46.0
2000-03-03,0.0,2.4,10.9,70.0,1020.0,7.9,111.0,39.0
2000-03-04,0.0,2.2,10.7,82.0,1013.9,6.8,57.0,59.0
2000-03-05,0.0,5.7,9.1,52.0,1025.2,13.4,109.0,43.0
2000-03-06,0.0,3.1,10.5,70.0,1033.5,7.9,126.0,32.0
2000-03-07,0.0,0.7,11.1,83.0,1029.2,5.5,151.0,43.0
2000-03-08,0.1,2.3,12.1,87.0,1026.4,5.8,144.0,47.0
2000-03-09,0.0,4.9,13.1,87.0,1021.4,6.7,102.0,61.0
2000-03-10,0.0,6.1,13.1,90.0,1018.5,7.6,71.0,56.0
2000-03-11,0.0,6.0,12.1,91.0,1018.6,6.1,110.0,77.0
2000-03-12,0.0,7.6,15.1,82.0,1019.8,6.4,65.0,47.0
2000-03-13,0.0,4.9,13.6,84.0,1024.2,6.6,122.0,43.0
2000-03-14,0.0,4.9,12.9,89.0,1022.7,6.0,126.0,67.0
2000-03-15,0.6,7.1,13.3,83.0,1016.0,8.5,101.0,71.0
2000-03-16,0.0,4.8,14.2,67.0,1019.2,13.4,184.0,7.0
2000-03-17,0.0,5.9,12.0,75.0,1016.9,11.7,131.0,22.0
2000-03-18,0.0,4.9,8.9,73.0,1018.2,13.0,131.0,53.0
2000-03-19,1.2,5.1,11.9,73.0,1022.3,11.5,112.0,61.0
2000-03-20,0.2,3.7,10.3,66.0,1024.8,10.5,162.0,47.0
2000-03-21,0.0,3.9,11.9,65.0,1022.4,8.5,203.0,26.0
2000-03-22,0.0,4.4,13.0,78.0,1022.0,7.0,127.0,9.0
2000-03-23,0.0,3.8,14.1,81.0,1019.2,8.5,97.0,38.0
2000-03-24,0.5,5.7,14.1,85.0,1016.5,7.1,178.0,94.0
2000-03-25,0.9,7.9,14.0,88.0,1017.5,6.0,137.0,54.0
2000-03-26,11.1,9.3,13.4,92.0,1013.3,10.4,101.0,91.0
2000-03-27,12.2,7.1,11.7,89.0,1004.1,10.4,166.0,90.0
2000-03-28,6.7,6.0,12.4,85.0,1009.2,11.8,82.0,73.0
2000-03-29,27.1,8.2,12.4,88.0,1006.9,20.5,92.0,79.0
2000-03-30,0.0,6.5,14.6,68.0,1008.8,20.5,226.0,22.0
2000-03-31,0.2,5.4,13.6,74.0,1009.6,12.0,193.0,37.0
2000-04-01,8.2,8.3,12.0,84.0,1004.6,10.6,54.0,86.0
2000-04-02,0.0,4.9,12.9,87.0,1009.4,9.1,109.0,72.0
2000-04-03,18.4,8.6,11.9,92.0,1004.3,13.5,61.0,100.0
2000-04-04,0.8,7.7,14.1,88.0,1000.3,6.5,189.0,92.0
2000-04-05,0.0,6.5,17.9,77.0,997.7,12.1,253.0,58.0
2000-04-06,1.7,8.2,15.5,82.0,1011.0,9.4,57.0,58.0
2000-04-07,0.0,8.1,13.3,50.0,1023.0,14.9,113.0,33.0
2000-04-08,0.0,6.7,14.6,66.0,1021.8,8.8,177.0,7.0
2000-04-09,0.0,8.5,13.8,76.0,1016.1,15.1,97.0,92.0
2000-04-10,6.0,8.5,11.2,80.0,1010.7,14.1,63.0,99.0
2000-04-11,1.6,9.1,13.6,76.0,1003.3,9.5,97.0,95.0
2000-04-12,1.9,7.9,17.0,80.0,999.0,14.5,191.0,52.0
2000-04-13,0.0,8.8,16.2,77.0,1004.8,11.0,194.0,36.0
2000-04-14,0.2,9.2,16.2,83.0,1007.8,10.1,159.0,50.0
2000-04-15,8.7,10.8,15.8,90.0,1004.5,9.4,87.0,70.0
2000-04-16,0.4,9.4,15.8,85.0,1008.1,7.7,102.0,75.0
2000-04-17,0.6,10.9,18.1,74.0,1006.1,12.1,49.0,78.0
2000-04-18,2.0,8.8,19.6,80.0,1004.2,7.6,353.0,88.0
2000-04-19,1.1,10.8,20.6,79.0,1004.8,9.1,275.0,74.0
2000-04-20,0.0,11.4,24.0,64.0,1009.8,9.7,346.0,20.0
2000-04-21,0.0,11.2,23.4,71.0,1014.0,7.0,258.0,6.0
2000-04-22,0.0,11.1,22.8,76.0,1015.5,6.7,150.0,30.0
2000-04-23,0.0,11.9,22.7,80.0,1012.2,7.5,146.0,35.0
2000-04-24,2.4,13.7,18.4,73.0,1008.4,11.6,221.0,91.0
2000-04-25,0.3,11.8,19.5,78.0,1011.9,8.3,143.0,27.0
2000-04-26,0.0,13.5,20.3,85.0,1014.0,8.2,114.0,16.0
2000-04-27,0.0,13.7,20.7,83.0,1014.5,7.7,94.0,85.0
2000-04-28,0.2,12.0,20.6,79.0,1012.4,8.5,75.0,74.0
2000-04-29,0.7,15.6,21.4,72.0,1014.1,9.4,60.0,95.0
2000-04-30,0.0,13.1,22.1,74.0,1017.6,4.9,79.0,40.0
2000-05-01,0.0,13.2,23.0,74.0,1013.9,4.8,50.0,44.0
2000-05-02,0.0,15.5,23.5,70.0,1013.7,8.8,38.0,42.0
2000-05-03,0.0,15.9,22.5,66.0,1016.6,10.2,62.0,38.0
2000-05-04,0.0,12.5,22.1,75.0,1017.0,8.2,111.0,21.0
2000-05-05,0.0,14.9,21.9,78.0,1015.8,8.2,83.0,48.0
2000-05-06,0.4,14.7,21.5,79.0,1016.3,10.3,80.0,77.0
2000-05-07,3.3,16.1,20.6,87.0,1018.9,9.8,100.0,94.0
2000-05-08,10.5,15.2,19.8,88.0,1019.7,6.5,114.0,76.0
2000-05-09,0.4,14.0,20.9,87.0,1020.7,8.5,121.0,56.0
2000-05-10,0.0,15.5,21.9,85.0,1019.3,7.3,126.0,40.0
2000-05-11,0.0,15.5,22.8,85.0,1017.5,9.2,136.0,73.0
2000-05-12,0.1,16.8,23.4,86.0,1016.5,6.3,164.0,41.0
2000-05-13,1.1,16.6,22.8,79.0,1018.4,11.5,54.0,47.0
2000-05-14,0.0,16.1,23.3,60.0,1020.5,14.0,54.0,7.0
2000-05-15,0.0,15.7,24.4,60.0,1020.9,10.0,45.0,8.0
2000-05-16,0.0,13.6,25.4,71.0,1018.6,6.7,124.0,34.0
2000-05-17,0.0,14.8,25.5,78.0,1014.6,9.6,125.0,15.0
2000-05-18,0.0,16.2,24.9,74.0,1009.2,9.1,187.0,44.0
2000-05-19,0.3,17.4,20.9,65.0,1006.4,14.7,126.0,26.0
2000-05-20,3.3,14.5,17.3,65.0,1008.1,19.8,55.0,61.0
2000-05-21,0.0,13.3,19.5,57.0,1012.2,10.7,64.0,45.0
2000-05-22,1.9,15.0,19.7,66.0,1011.2,10.0,68.0,48.0
2000-05-23,4.6,14.5,22.3,61.0,1017.8,10.3,75.0,29.0
2000-05-24,0.0,12.9,23.2,69.0,1018.0,9.2,115.0,20.0
2000-05-25,0.0,13.1,24.6,70.0,1016.0,9.1,124.0,14.0
2000-05-26,0.0,16.6,24.7,71.0,1016.7,10.4,104.0,10.0
2000-05-27,1.1,17.4,24.2,78.0,1014.5,10.9,102.0,46.0
2000-05-28,7.0,18.1,23.2,83.0,1012.6,7.1,99.0,76.0
2000-05-29,2.4,15.1,24.7,73.0,1009.0,17.4,179.0,49.0
2000-05-30,1.4,14.9,19.7,55.0,1016.5,18.3,70.0,79.0
2000-05-31,0.0,14.9,22.5,65.0,1013.9,6.2,83.0,66.0
2000-06-01,0.0,16.8,22.6,64.0,1022.6,10.3,92.0,28.0
2000-06-02,0.0,14.7,24.9,67.0,1022.8,7.5,98.0,1.0
2000-06-03,0.0,17.8,26.4,65.0,1019.5,6.4,143.0,2.0
2000-06-04,0.0,18.5,26.7,71.0,1018.1,8.2,128.0,35.0
2000-06-05,0.0,18.3,27.1,73.0,1016.5,9.6,110.0,14.0
2000-06-06,1.7,19.8,27.2,75.0,1012.2,7.5,113.0,49.0
2000-06-07,6.9,18.8,24.9,67.0,1014.6,19.5,47.0,57.0
2000-06-08,0.0,19.4,25.6,53.0,1019.7,14.7,56.0,18.0
2000-06-09,0.0,16.5,27.3,65.0,1018.0,7.3,117.0,1.0
2000-06-10,0.0,18.4,27.5,71.0,1015.2,9.3,101.0,13.0
2000-06-11,4.7,20.5,24.4,79.0,1015.1,12.2,89.0,63.0
2000-06-12,0.5,20.0,29.2,65.0,1018.9,11.4,51.0,42.0
2000-06-13,3.2,19.4,27.7,74.0,1021.7,12.7,9.0,63.0
2000-06-14,0.1,18.8,28.1,72.0,1020.0,8.5,249.0,26.0
2000-06-15,0.2,18.9,27.4,72.0,1017.0,5.9,215.0,34.0
2000-06-16,0.0,20.0,26.2,66.0,1016.3,11.2,62.0,30.0
2000-06-17,0.2,20.6,23.6,51.0,1022.5,14.2,109.0,43.0
2000-06-18,0.0,19.5,23.8,49.0,1027.9,12.3,136.0,30.0
2000-06-19,0.0,18.5,26.7,59.0,1024.0,7.1,154.0,2.0
2000-06-20,0.0,17.4,28.5,70.0,1019.2,8.9,125.0,14.0
2000-06-21,0.0,19.3,30.4,68.0,1016.6,8.4,153.0,5.0
2000-06-22,0.0,19.3,30.6,58.0,1016.2,9.5,219.0,2.0
2000-06-23,0.3,18.5,28.9,61.0,1014.2,12.5,198.0,10.0
2000-06-24,10.3,18.6,24.6,75.0,1012.3,14.3,63.0,66.0
2000-06-25,3.9,17.2,22.1,65.0,1011.1,20.9,54.0,46.0
2000-06-26,0.0,16.4,23.8,56.0,1016.4,10.9,77.0,26.0
2000-06-27,0.0,18.3,24.3,62.0,1017.1,11.6,97.0,40.0
2000-06-28,4.5,19.1,24.3,75.0,1013.0,10.8,80.0,67.0
2000-06-29,0.0,16.7,25.7,69.0,1013.2,8.8,52.0,54.0
2000-06-30,0.0,18.3,25.7,68.0,1013.8,10.6,79.0,43.0
2000-07-01,0.2,19.8,26.5,71.0,1013.5,10.5,87.0,53.0
2000-07-02,0.0,21.1,28.3,75.0,1015.1,11.3,105.0,55.0
2000-07-03,0.0,21.6,28.7,77.0,1012.3,12.5,97.0,18.0
2000-07-04,0.0,22.3,30.0,70.0,1007.4,13.4,91.0,49.0
2000-07-05,0.0,19.9,29.1,68.0,1010.5,9.1,123.0,8.0
2000-07-06,0.0,22.6,28.9,63.0,1015.6,12.6,68.0,2.0
2000-07-07,0.0,21.2,29.5,70.0,1010.9,12.1,99.0,10.0
2000-07-08,12.9,20.3,27.0,66.0,1004.1,15.5,35.0,54.0
2000-07-09,5.7,15.7,22.8,62.0,1009.0,16.3,144.0,35.0
2000-07-10,0.6,17.5,25.9,63.0,1004.3,9.0,152.0,23.0
2000-07-11,14.1,16.3,25.4,74.0,999.0,12.5,217.0,63.0
2000-07-12,5.0,14.4,21.9,69.0,1007.6,6.9,334.0,63.0
2000-07-13,0.8,16.6,22.1,61.0,1013.2,9.1,95.0,43.0
2000-07-14,1.0,16.0,22.4,71.0,1007.9,6.6,124.0,75.0
2000-07-15,15.2,15.1,21.4,76.0,1003.5,11.0,53.0,69.0
2000-07-16,1.8,14.9,22.1,68.0,1009.1,8.2,236.0,69.0
2000-07-17,0.7,13.2,23.1,68.0,1015.5,8.5,130.0,13.0
2000-07-18,1.6,17.0,23.1,72.0,1016.1,9.4,77.0,26.0
2000-07-19,0.5,17.0,24.3,73.0,1014.4,8.1,74.0,30.0
2000-07-20,0.0,18.1,24.5,62.0,1015.4,10.3,69.0,60.0
2000-07-21,0.5,17.4,24.1,68.0,1017.8,9.9,91.0,32.0
2000-07-22,0.0,17.2,25.4,71.0,1016.5,10.6,113.0,33.0
2000-07-23,0.0,19.5,26.6,69.0,1015.2,10.6,100.0,71.0
2000-07-24,0.8,20.3,25.8,76.0,1012.2,9.0,109.0,89.0
2000-07-25,0.5,19.7,26.4,76.0,1008.6,8.8,100.0,37.0
2000-07-26,0.0,18.5,28.4,75.0,1008.9,9.1,201.0,23.0
2000-07-27,0.0,20.6,28.1,68.0,1013.7,10.3,66.0,11.0
2000-07-28,8.7,18.7,26.4,75.0,1010.4,5.4,58.0,38.0
2000-07-29,0.0,17.1,26.2,69.0,1012.3,8.1,95.0,23.0
2000-07-30,0.3,18.8,26.0,61.0,1016.7,11.0,73.0,24.0
2000-07-31,0.0,17.9,26.1,64.0,1021.8,10.5,87.0,17.0
2000-08-01,0.0,17.9,27.2,67.0,1022.0,9.3,119.0,8.0
2000-08-02,0.0,19.3,28.1,71.0,1019.4,10.3,122.0,12.0
2000-08-03,0.0,21.6,27.8,70.0,1016.6,11.4,97.0,28.0
2000-08-04,0.2,19.9,25.6,77.0,1016.3,8.7,38.0,81.0
2000-08-05,17.4,18.5,24.8,74.0,1015.1,17.4,44.0,85.0
2000-08-06,11.7,17.8,22.8,80.0,1015.2,6.3,307.0,60.0
2000-08-07,0.0,18.5,26.6,66.0,1016.2,2.7,347.0,13.0
2000-08-08,0.2,18.0,26.4,74.0,1017.9,6.9,97.0,27.0
2000-08-09,0.8,19.3,26.6,73.0,1018.5,7.4,11.0,74.0
2000-08-10,0.0,18.7,27.8,68.0,1017.3,6.6,28.0,8.0
2000-08-11,0.1,19.9,28.6,73.0,1014.2,4.7,130.0,18.0
2000-08-12,0.1,19.9,28.4,76.0,1012.6,5.5,115.0,53.0
2000-08-13,0.0,20.7,29.9,69.0,1015.7,5.9,352.0,49.0
2000-08-14,0.0,20.5,30.4,66.0,1017.3,3.4,328.0,20.0
2000-08-15,0.0,21.5,30.7,65.0,1017.7,5.2,38.0,11.0
2000-08-16,0.0,20.5,31.1,68.0,1015.6,6.9,105.0,10.0
2000-08-17,0.0,21.0,31.3,67.0,1014.1,7.8,114.0,5.0
2000-08-18,0.0,21.7,31.5,67.0,1014.9,8.5,84.0,9.0
2000-08-19,0.0,22.0,31.3,71.0,1016.0,9.0,109.0,5.0
2000-08-20,0.0,22.5,31.6,74.0,1015.1,8.3,117.0,1.0
2000-08-21,0.0,23.4,31.9,73.0,1013.1,9.0,122.0,2.0
2000-08-22,0.0,23.8,32.0,70.0,1011.8,9.6,99.0,3.0
2000-08-23,0.0,24.2,31.3,62.0,1014.9,10.4,73.0,1.0
2000-08-24,0.0,24.4,30.5,57.0,1017.7,12.0,79.0,7.0
2000-08-25,0.0,21.2,31.5,62.0,1014.8,6.7,124.0,10.0
2000-08-26,0.0,22.9,28.3,53.0,1014.0,14.5,83.0,0.0
2000-08-27,0.7,21.9,27.8,50.0,1013.2,15.4,81.0,31.0
2000-08-28,0.2,20.9,26.4,48.0,1015.9,17.2,46.0,47.0
2000-08-29,0.0,20.6,26.9,50.0,1018.4,10.5,69.0,53.0
2000-08-30,0.5,18.0,27.9,61.0,1015.5,7.7,122.0,54.0
2000-08-31,29.8,18.3,22.6,85.0,1009.1,7.7,53.0,94.0
2000-09-01,0.0,17.2,25.8,75.0,1005.9,9.0,223.0,28.0
2000-09-02,2.7,18.1,25.3,78.0,1005.8,8.0,125.0,31.0
2000-09-03,4.2,17.7,23.5,64.0,1007.9,11.2,67.0,56.0
2000-09-04,1.4,18.2,22.9,58.0,1011.8,16.6,43.0,67.0
2000-09-05,0.0,15.5,22.0,56.0,1017.6,9.5,87.0,16.0
2000-09-06,0.0,15.8,21.6,62.0,1017.2,9.7,91.0,68.0
2000-09-07,2.9,16.5,22.8,72.0,1010.1,9.4,72.0,62.0
2000-09-08,0.0,15.6,23.5,55.0,1019.2,12.0,67.0,12.0
2000-09-09,0.0,16.4,23.9,56.0,1023.9,13.8,53.0,10.0
2000-09-10,0.0,16.0,25.4,60.0,1021.0,10.0,44.0,0.0
2000-09-11,0.0,16.5,25.8,59.0,1015.8,8.1,48.0,12.0
2000-09-12,0.0,15.2,26.3,67.0,1014.5,7.5,90.0,7.0
2000-09-13,0.0,15.6,25.6,73.0,1013.5,7.7,116.0,55.0
2000-09-14,0.0,18.9,25.7,78.0,1015.0,9.8,89.0,45.0
2000-09-15,0.0,18.4,25.7,82.0,1015.6,8.1,117.0,44.0
2000-09-16,2.4,19.5,25.2,85.0,1011.7,6.3,84.0,81.0
2000-09-17,0.7,18.1,22.7,77.0,1007.9,13.6,70.0,59.0
2000-09-18,4.5,18.5,22.0,78.0,1008.2,9.2,73.0,76.0
2000-09-19,9.0,17.1,22.1,85.0,1008.8,7.8,88.0,60.0
2000-09-20,22.3,18.4,23.7,87.0,1007.6,18.5,44.0,86.0
2000-09-21,22.7,17.7,20.9,76.0,1007.5,13.1,242.0,76.0
2000-09-22,0.0,15.8,22.2,71.0,1017.7,7.3,82.0,37.0
2000-09-23,0.1,16.2,19.9,74.0,1021.3,9.0,86.0,55.0
2000-09-24,0.0,16.1,19.7,64.0,1021.8,11.1,66.0,58.0
2000-09-25,0.0,15.0,21.1,68.0,1022.2,6.6,68.0,16.0
2000-09-26,0.0,13.6,22.1,74.0,1022.8,5.3,75.0,42.0
2000-09-27,0.0,13.9,23.1,78.0,1020.5,5.5,79.0,14.0
2000-09-28,0.0,14.2,22.0,83.0,1017.0,6.9,114.0,67.0
2000-09-29,12.7,16.3,21.2,84.0,1011.6,14.1,114.0,77.0
2000-09-30,51.6,16.9,19.4,92.0,1007.9,15.8,100.0,95.0
2000-10-01,46.0,15.7,19.1,92.0,1006.1,14.3,18.0,83.0
2000-10-02,3.2,13.3,19.7,87.0,1008.1,9.3,202.0,88.0
2000-10-03,7.2,14.3,18.1,75.0,1012.9,17.2,25.0,89.0
2000-10-04,0.2,15.7,23.2,72.0,1016.9,13.7,29.0,97.0
2000-10-05,0.0,15.8,22.1,73.0,1015.2,11.6,44.0,68.0
2000-10-06,7.7,14.1,19.4,85.0,1013.5,10.6,42.0,92.0
2000-10-07,25.5,10.3,14.0,83.0,1013.7,23.7,13.0,100.0
2000-10-08,9.7,9.8,15.4,80.0,1013.9,15.2,10.0,95.0
2000-10-09,2.9,12.8,17.0,76.0,1011.1,11.4,28.0,75.0
2000-10-10,13.2,10.5,14.9,86.0,1005.0,8.6,40.0,90.0
2000-10-11,2.0,11.2,18.2,83.0,1001.6,7.6,165.0,98.0
2000-10-12,8.2,16.2,21.1,84.0,1004.6,14.1,168.0,71.0
2000-10-13,3.2,14.6,20.8,91.0,1012.7,16.7,93.0,69.0
2000-10-14,1.0,18.6,23.4,72.0,1015.8,14.2,57.0,78.0
2000-10-15,8.0,14.2,22.9,79.0,1012.8,16.4,89.0,87.0
2000-10-16,4.6,12.2,18.8,87.0,1018.1,8.1,71.0,54.0
2000-10-17,5.0,13.7,16.9,87.0,1021.7,7.9,51.0,92.0
2000-10-18,0.0,10.7,18.9,80.0,1022.6,4.9,282.0,51.0
2000-10-19,0.0,12.1,18.5,79.0,1021.2,5.3,344.0,83.0
2000-10-20,0.0,14.4,18.5,74.0,1024.4,12.1,43.0,40.0
2000-10-21,0.0,12.8,16.9,68.0,1028.2,12.3,51.0,26.0
2000-10-22,0.0,10.9,17.2,75.0,1030.7,7.0,25.0,10.0
2000-10-23,0.0,10.2,17.1,85.0,1029.1,4.0,271.0,13.0
2000-10-24,0.0,10.1,15.3,90.0,1025.7,3.2,229.0,69.0
2000-10-25,0.1,12.0,16.5,86.0,1022.1,3.6,184.0,85.0
2000-10-26,0.0,12.1,16.9,88.0,1017.6,4.4,112.0,56.0
2000-10-27,0.0,12.2,17.1,87.0,1017.6,4.6,31.0,66.0
2000-10-28,0.0,12.2,16.6,78.0,1022.7,7.1,51.0,22.0
2000-10-29,0.1,10.7,15.6,89.0,1021.2,4.0,204.0,82.0
2000-10-30,0.7,12.5,16.5,89.0,1016.8,5.1,61.0,77.0
2000-10-31,3.9,12.3,19.5,87.0,1007.1,14.9,184.0,80.0
2000-11-01,5.9,10.3,16.7,82.0,1007.7,10.5,226.0,34.0
2000-11-02,2.8,8.8,16.0,86.0,1012.4,5.9,39.0,68.0
2000-11-03,41.5,12.6,16.4,92.0,1006.8,17.6,164.0,100.0
2000-11-04,9.4,10.6,15.9,85.0,1007.8,12.5,227.0,47.0
2000-11-05,1.5,7.7,14.2,82.0,1016.1,7.4,41.0,32.0
2000-11-06,26.6,8.9,15.5,90.0,1003.0,22.7,146.0,90.0
2000-11-07,6.1,10.3,15.1,80.0,993.2,16.8,213.0,71.0
2000-11-08,3.3,8.1,14.9,81.0,1003.1,10.6,227.0,61.0
2000-11-09,1.3,7.4,13.1,85.0,1013.3,5.0,7.0,57.0
2000-11-10,0.0,4.8,12.1,86.0,1021.0,7.2,268.0,23.0
2000-11-11,0.0,4.7,11.6,85.0,1027.5,3.8,321.0,55.0
2000-11-12,0.0,5.5,11.0,82.0,1025.4,4.6,24.0,64.0
2000-11-13,8.3,8.4,13.4,86.0,1015.2,11.6,38.0,93.0
2000-11-14,7.1,12.1,16.7,92.0,1009.7,10.0,178.0,89.0
2000-11-15,5.4,10.2,14.6,92.0,1015.6,7.0,303.0,92.0
2000-11-16,18.0,10.6,13.6,88.0,1015.1,9.4,22.0,97.0
2000-11-17,7.4,11.8,16.5,88.0,1007.8,17.1,72.0,79.0
2000-11-18,8.5,10.1,12.9,89.0,1010.1,8.9,67.0,80.0
2000-11-19,0.0,7.6,12.8,70.0,1009.6,11.7,9.0,64.0
2000-11-20,13.2,7.5,10.6,91.0,1008.5,7.2,53.0,96.0
2000-11-21,19.5,8.1,12.3,92.0,1008.1,7.8,219.0,92.0
2000-11-22,0.0,5.6,11.5,93.0,1017.0,7.3,277.0,89.0
2000-11-23,0.0,5.8,11.9,90.0,1017.2,6.9,38.0,100.0
2000-11-24,27.9,10.5,12.4,91.0,1010.0,12.1,57.0,100.0
2000-11-25,3.4,8.7,12.6,89.0,1007.9,7.3,269.0,81.0
2000-11-26,0.4,6.7,10.8,88.0,1007.0,9.4,282.0,84.0
2000-11-27,0.0,4.1,12.7,75.0,1015.5,6.0,307.0,34.0
2000-11-28,0.0,3.1,11.8,78.0,1023.8,6.1,37.0,56.0
2000-11-29,0.0,5.1,10.5,77.0,1022.8,3.9,18.0,40.0
2000-11-30,0.0,4.3,9.9,81.0,1022.9,2.5,29.0,98.0
2000-12-01,0.0,3.3,8.8,91.0,1025.2,3.4,259.0,42.0
2000-12-02,0.0,4.1,10.1,91.0,1024.6,2.7,352.0,93.0
2000-12-03,0.5,6.9,12.1,89.0,1021.5,8.8,30.0,96.0
2000-12-04,2.9,8.7,13.8,92.0,1022.0,6.0,38.0,64.0
2000-12-05,0.0,8.2,12.3,94.0,1023.4,3.5,6.0,85.0
2000-12-06,0.2,8.6,10.9,90.0,1023.3,4.6,327.0,93.0
2000-12-07,0.0,7.6,11.4,89.0,1022.8,4.0,64.0,97.0
2000-12-08,0.3,8.9,13.3,91.0,1019.2,4.2,107.0,96.0
2000-12-09,7.4,10.6,14.7,95.0,1018.9,6.1,175.0,97.0
2000-12-10,0.0,8.6,12.5,92.0,1021.8,8.6,256.0,84.0
2000-12-11,0.0,5.5,11.2,92.0,1027.9,4.2,268.0,76.0
2000-12-12,0.0,5.2,8.6,94.0,1029.8,3.1,273.0,98.0
2000-12-13,1.1,7.0,10.3,93.0,1024.4,3.3,281.0,99.0
2000-12-14,2.6,7.0,10.7,93.0,1016.9,4.3,36.0,99.0
2000-12-15,5.8,8.3,11.4,92.0,1005.1,6.1,340.0,84.0
2000-12-16,0.0,3.5,9.2,85.0,1010.1,6.6,140.0,26.0
2000-12-17,0.0,3.0,9.0,86.0,1014.8,5.1,20.0,32.0
2000-12-18,0.0,0.3,9.5,83.0,1019.8,6.4,316.0,36.0
2000-12-19,0.0,1.8,7.3,83.0,1020.9,4.6,252.0,34.0
2000-12-20,0.0,2.3,7.5,68.0,1024.0,19.8,56.0,70.0
2000-12-21,0.0,2.3,5.5,59.0,1025.8,18.6,58.0,27.0
2000-12-22,0.0,-0.3,4.8,67.0,1024.4,15.3,56.0,0.0
2000-12-23,0.0,-2.2,4.0,75.0,1021.5,5.8,22.0,0.0
2000-12-24,0.7,-2.6,3.9,83.0,1016.4,5.5,25.0,59.0
2000-12-25,9.9,2.1,7.4,92.0,1002.8,10.0,27.0,100.0
2000-12-26,13.6,4.1,8.5,92.0,996.5,9.9,261.0,73.0
2000-12-27,7.6,4.3,9.2,88.0,994.1,13.7,24.0,91.0
2000-12-28,5.7,6.1,9.8,90.0,992.0,9.7,351.0,79.0
2000-12-29,7.7,3.5,9.2,87.0,996.2,16.9,50.0,93.0
2000-12-30,7.4,4.2,8.1,84.0,998.3,10.3,20.0,67.0
2000-12-31,0.0,3.7,8.5,58.0,1011.7,18.7,44.0,60.0
2001-01-01,0.0,1.5,6.0,60.0,1017.6,8.5,41.0,38.0
2001-01-02,6.6,1.5,5.5,79.0,1015.1,7.7,44.0,85.0
2001-01-03,8.8,4.9,9.3,88.0,1011.8,8.9,293.0,67.0
2001-01-04,3.4,2.6,8.1,94.0,1014.2,6.4,327.0,89.0
2001-01-05,0.0,1.8,6.4,95.0,1014.0,7.8,248.0,91.0
2001-01-06,11.8,5.7,9.1,95.0,1011.0,7.2,33.0,93.0
2001-01-07,8.9,8.2,12.2,96.0,1011.6,9.5,158.0,97.0
2001-01-08,12.0,7.3,11.6,97.0,1006.9,9.7,223.0,99.0
2001-01-09,1.3,5.3,11.1,84.0,1012.5,9.7,224.0,71.0
2001-01-10,0.6,4.3,9.4,89.0,1019.8,4.4,29.0,98.0
2001-01-11,1.2,5.7,9.2,92.0,1020.4,2.7,42.0,98.0
2001-01-12,3.1,6.8,10.0,87.0,1019.8,11.5,46.0,100.0
2001-01-13,0.0,3.1,7.2,53.0,1023.8,30.2,66.0,63.0
2001-01-14,0.0,1.7,5.0,47.0,1027.7,31.6,63.0,6.0
2001-01-15,0.0,0.4,4.6,49.0,1027.2,23.7,59.0,31.0
2001-01-16,0.0,0.7,4.3,56.0,1026.8,14.4,46.0,55.0
2001-01-17,1.2,0.3,4.3,62.0,1025.7,13.0,36.0,82.0
2001-01-18,12.3,2.3,6.9,90.0,1022.3,11.3,18.0,100.0
2001-01-19,0.0,2.8,8.2,82.0,1023.9,10.1,21.0,91.0
2001-01-20,0.6,5.3,8.5,75.0,1023.2,13.0,35.0,99.0
2001-01-21,2.4,3.8,7.6,80.0,1024.1,12.6,52.0,57.0
2001-01-22,0.6,3.3,6.4,80.0,1023.7,7.7,56.0,88.0
2001-01-23,0.2,4.3,7.0,87.0,1017.7,6.9,51.0,97.0
2001-01-24,8.4,5.5,8.0,91.0,1016.4,7.5,41.0,100.0
2001-01-25,23.6,7.5,9.8,96.0,1011.9,4.8,50.0,97.0
2001-01-26,2.0,7.1,11.3,91.0,1010.0,5.3,249.0,73.0
2001-01-27,3.9,3.9,8.2,96.0,1006.7,4.0,269.0,89.0
2001-01-28,0.0,2.1,9.5,83.0,1005.6,9.0,21.0,87.0
2001-01-29,2.1,4.1,11.3,69.0,1005.8,16.8,41.0,89.0
2001-01-30,13.4,5.2,7.1,81.0,1008.4,20.0,33.0,100.0
2001-01-31,0.0,2.8,8.7,72.0,1012.5,8.7,66.0,72.0
2001-02-01,0.0,0.2,8.0,54.0,1015.7,13.0,43.0,32.0
2001-02-02,0.0,-0.6,6.7,54.0,1018.5,9.8,255.0,4.0
2001-02-03,0.0,-0.1,5.2,71.0,1015.3,5.4,186.0,51.0
2001-02-04,0.0,1.0,6.7,80.0,1014.9,4.8,69.0,68.0
2001-02-05,1.3,3.2,8.9,87.0,1013.5,6.3,290.0,88.0
2001-02-06,0.0,4.1,9.5,91.0,1020.6,4.4,151.0,91.0
2001-02-07,0.0,5.6,10.0,95.0,1021.9,6.5,170.0,92.0
2001-02-08,1.3,7.3,12.0,93.0,1014.8,5.1,95.0,96.0
2001-02-09,1.2,5.6,12.0,94.0,1013.5,4.3,61.0,66.0
2001-02-10,2.0,5.8,11.6,84.0,1025.1,13.2,34.0,68.0
2001-02-11,0.0,2.9,12.4,81.0,1036.3,5.9,34.0,2.0
2001-02-12,0.0,2.1,13.0,82.0,1032.9,5.8,302.0,49.0
2001-02-13,0.0,2.6,13.4,82.0,1021.1,4.5,11.0,86.0
2001-02-14,0.0,4.7,12.2,68.0,1024.9,14.8,72.0,15.0
2001-02-15,0.0,2.9,12.0,74.0,1030.5,8.3,28.0,1.0
2001-02-16,0.0,3.1,11.7,78.0,1029.4,7.0,209.0,0.0
2001-02-17,0.0,2.2,11.8,85.0,1025.7,5.7,70.0,18.0
2001-02-18,0.0,4.8,12.8,76.0,1026.5,9.0,263.0,21.0
2001-02-19,0.0,5.5,11.5,73.0,1027.1,11.8,154.0,22.0
2001-02-20,0.0,2.3,11.1,80.0,1021.9,6.8,91.0,53.0
2001-02-21,0.0,2.7,12.1,73.0,1020.2,11.1,218.0,17.0
2001-02-22,0.0,2.9,11.0,85.0,1008.7,7.2,92.0,3.0
2001-02-23,0.8,5.9,12.5,84.0,998.6,11.2,70.0,53.0
2001-02-24,4.4,3.9,7.7,68.0,1000.6,27.0,66.0,95.0
2001-02-25,0.0,2.4,6.6,49.0,1006.5,26.0,62.0,90.0
2001-02-26,0.0,0.0,7.7,41.0,1004.7,19.1,51.0,77.0
2001-02-27,0.0,-0.9,7.4,61.0,1008.0,10.1,185.0,32.0
2001-02-28,14.1,1.3,4.3,81.0,1002.2,19.8,62.0,97.0
2001-03-01,0.0,1.0,8.9,71.0,1000.6,12.3,258.0,46.0
2001-03-02,11.3,2.4,7.6,82.0,1004.4,8.4,44.0,71.0
2001-03-03,16.6,3.7,7.2,93.0,997.3,9.6,4.0,98.0
2001-03-04,3.6,5.1,11.8,94.0,1002.4,4.7,62.0,93.0
2001-03-05,2.8,8.5,14.6,87.0,1007.7,10.6,162.0,80.0
2001-03-06,0.0,7.0,11.0,67.0,1021.1,15.7,63.0,57.0
2001-03-07,0.0,5.4,10.5,66.0,1021.8,10.2,63.0,88.0
2001-03-08,8.3,4.6,9.6,82.0,1016.8,12.0,54.0,99.0
2001-03-09,16.1,8.5,12.2,90.0,1008.9,12.4,105.0,79.0
2001-03-10,0.3,6.1,12.0,91.0,1013.3,4.2,183.0,84.0
2001-03-11,0.0,6.6,13.0,90.0,1016.3,6.1,213.0,74.0
2001-03-12,3.2,7.7,13.0,92.0,1015.3,6.4,164.0,96.0
2001-03-13,18.3,7.8,12.2,89.0,1005.1,12.9,154.0,79.0
2001-03-14,0.0,5.0,13.2,82.0,1008.2,8.2,80.0,26.0
2001-03-15,0.0,6.8,14.4,86.0,1013.6,8.4,94.0,46.0
2001-03-16,0.0,9.3,14.7,88.0,1015.7,7.7,105.0,44.0
2001-03-17,19.8,8.4,12.2,96.0,1007.1,8.1,128.0,86.0
2001-03-18,0.1,7.0,13.3,88.0,1006.4,9.1,208.0,78.0
2001-03-19,0.0,8.0,16.3,81.0,1007.0,12.7,216.0,53.0
2001-03-20,0.0,7.0,14.1,86.0,1010.7,9.6,87.0,71.0
2001-03-21,0.8,9.2,15.3,88.0,1007.3,8.7,201.0,93.0
2001-03-22,4.3,11.0,18.7,82.0,1000.8,12.2,256.0,65.0
2001-03-23,0.0,7.9,16.5,88.0,1007.6,8.2,80.0,73.0
2001-03-24,0.1,9.6,16.2,90.0,1007.1,7.0,73.0,74.0
2001-03-25,0.8,10.8,17.1,87.0,997.5,9.1,156.0,54.0
2001-03-26,6.8,7.7,16.5,88.0,1000.7,7.8,76.0,59.0
2001-03-27,7.1,9.2,11.5,80.0,1007.3,17.0,55.0,73.0
2001-03-28,2.9,7.9,11.8,76.0,1013.2,12.5,69.0,81.0
2001-03-29,5.5,8.4,14.0,86.0,1008.4,10.3,83.0,92.0
2001-03-30,27.3,10.4,13.8,87.0,1004.8,24.9,66.0,100.0
2001-03-31,0.9,9.7,17.1,65.0,1018.2,18.4,58.0,53.0
2001-04-01,0.0,8.4,16.9,68.0,1023.7,9.8,55.0,7.0
2001-04-02,0.0,6.5,16.4,73.0,1023.5,7.7,52.0,3.0
2001-04-03,0.0,8.0,16.0,74.0,1020.2,7.7,170.0,58.0
2001-04-04,0.0,8.0,15.7,82.0,1016.4,8.0,167.0,68.0
2001-04-05,18.0,7.8,12.9,78.0,1012.4,16.9,51.0,78.0
2001-04-06,0.0,7.1,14.9,72.0,1015.5,8.7,150.0,52.0
2001-04-07,22.3,8.7,13.1,85.0,1007.9,9.9,74.0,96.0
2001-04-08,3.0,8.1,14.0,79.0,1005.1,8.3,313.0,77.0
2001-04-09,0.0,8.3,16.3,76.0,1014.6,4.8,127.0,42.0
2001-04-10,0.2,9.0,15.1,75.0,1012.3,8.2,121.0,53.0
2001-04-11,5.0,9.9,12.7,81.0,1008.9,19.0,37.0,100.0
2001-04-12,1.2,9.4,15.3,78.0,1013.4,8.7,2.0,80.0
2001-04-13,7.5,6.9,12.1,79.0,1014.3,13.4,86.0,73.0
2001-04-14,0.2,6.7,10.9,34.0,1017.9,17.4,64.0,48.0
2001-04-15,0.0,4.5,13.0,52.0,1015.1,10.4,210.0,77.0
2001-04-16,1.7,5.8,12.6,76.0,1010.5,9.0,102.0,82.0
2001-04-17,1.9,7.1,14.7,72.0,1010.8,9.3,48.0,56.0
2001-04-18,0.1,5.8,13.9,78.0,1009.6,10.5,146.0,71.0
2001-04-19,3.6,7.6,14.4,85.0,1005.3,9.2,161.0,71.0
2001-04-20,10.9,7.3,15.3,85.0,1001.4,9.5,168.0,65.0
2001-04-21,5.4,7.2,13.3,79.0,997.2,8.0,112.0,63.0
2001-04-22,0.0,3.7,14.9,70.0,998.6,8.1,275.0,48.0
2001-04-23,0.0,4.7,16.8,66.0,1001.0,14.6,241.0,42.0
2001-04-24,0.0,7.3,16.6,78.0,1012.5,9.1,188.0,35.0
2001-04-25,0.0,10.4,17.7,84.0,1016.9,9.9,106.0,45.0
2001-04-26,1.0,11.9,15.6,79.0,1016.4,10.7,45.0,47.0
2001-04-27,0.0,9.3,18.0,67.0,1018.4,10.9,45.0,68.0
2001-04-28,0.0,10.6,18.8,73.0,1014.6,7.0,170.0,37.0
2001-04-29,0.0,11.8,19.0,79.0,1014.2,9.0,92.0,17.0
2001-04-30,0.0,9.4,20.6,76.0,1013.4,7.4,101.0,18.0
2001-05-01,0.0,10.0,21.8,73.0,1016.5,4.7,115.0,72.0
2001-05-02,0.0,11.9,24.2,71.0,1015.3,4.7,291.0,24.0
2001-05-03,0.0,12.8,22.0,74.0,1008.4,7.1,209.0,80.0
2001-05-04,4.6,13.6,19.8,85.0,1005.1,7.9,91.0,67.0
2001-05-05,7.4,14.5,20.0,82.0,1003.7,8.9,44.0,93.0
2001-05-06,3.4,11.4,22.2,79.0,1004.0,10.8,24.0,81.0
2001-05-07,2.5,13.5,21.9,78.0,1010.0,5.7,12.0,82.0
2001-05-08,2.4,14.3,20.9,82.0,1015.4,7.3,31.0,62.0
2001-05-09,0.0,14.3,22.3,72.0,1017.1,6.2,32.0,34.0
2001-05-10,0.0,15.5,21.8,69.0,1015.8,10.9,59.0,41.0
2001-05-11,0.0,14.7,22.6,62.0,1014.0,8.9,14.0,18.0
2001-05-12,0.0,13.8,21.6,72.0,1013.4,10.5,142.0,25.0
2001-05-13,0.0,15.1,19.9,62.0,1015.0,10.2,135.0,33.0
2001-05-14,0.0,12.2,20.1,71.0,1013.6,10.8,138.0,41.0
2001-05-15,0.7,14.8,21.0,79.0,1012.8,10.6,107.0,79.0
2001-05-16,0.0,12.5,20.9,80.0,1015.9,10.5,200.0,51.0
2001-05-17,1.1,15.0,21.3,88.0,1016.0,10.8,122.0,57.0
2001-05-18,11.4,17.1,21.8,87.0,1011.4,11.0,84.0,79.0
2001-05-19,0.0,14.4,21.0,56.0,1017.9,15.8,63.0,7.0
2001-05-20,0.0,14.7,21.9,62.0,1021.0,14.1,59.0,58.0
2001-05-21,8.5,14.4,17.5,81.0,1018.5,11.4,54.0,100.0
2001-05-22,0.2,14.7,21.6,78.0,1014.3,6.2,54.0,60.0
2001-05-23,0.2,17.8,22.5,66.0,1018.8,15.8,58.0,24.0
2001-05-24,0.0,15.7,23.0,66.0,1018.4,8.4,62.0,1.0
2001-05-25,0.0,14.1,24.5,70.0,1013.1,5.1,15.0,32.0
2001-05-26,0.0,16.0,24.9,69.0,1016.7,7.2,73.0,26.0
2001-05-27,0.0,16.4,25.8,73.0,1020.5,6.3,166.0,55.0
2001-05-28,0.0,18.4,27.2,75.0,1020.0,6.6,186.0,58.0
2001-05-29,0.0,18.3,27.6,79.0,1017.0,5.9,186.0,50.0
2001-05-30,0.2,18.5,27.6,80.0,1012.5,6.6,148.0,16.0
2001-05-31,1.2,19.4,25.1,81.0,1009.7,13.9,65.0,56.0
2001-06-01,4.2,17.1,23.2,69.0,1011.4,14.0,72.0,54.0
2001-06-02,2.8,15.6,20.9,58.0,1013.7,12.4,98.0,85.0
2001-06-03,8.8,12.5,18.2,75.0,1008.5,9.2,56.0,81.0
2001-06-04,0.0,11.3,21.5,54.0,1017.5,13.9,231.0,13.0
2001-06-05,0.0,13.1,21.9,66.0,1020.5,11.2,121.0,34.0
2001-06-06,7.4,14.8,19.9,80.0,1014.0,10.4,58.0,74.0
2001-06-07,0.0,12.7,22.3,74.0,1014.8,9.1,133.0,16.0
2001-06-08,0.0,15.9,23.1,78.0,1013.7,10.5,112.0,63.0
2001-06-09,0.0,16.5,23.4,79.0,1011.5,9.2,130.0,70.0
2001-06-10,0.5,16.8,24.3,80.0,1009.2,11.1,104.0,87.0
2001-06-11,7.6,16.6,21.5,77.0,1011.5,12.7,71.0,59.0
2001-06-12,0.0,13.8,21.6,56.0,1020.7,12.4,58.0,40.0
2001-06-13,0.0,14.5,22.7,61.0,1014.7,6.8,55.0,61.0
2001-06-14,0.0,15.1,24.1,68.0,1012.0,5.8,103.0,43.0
2001-06-15,0.0,15.6,24.1,77.0,1015.1,11.2,104.0,13.0
2001-06-16,0.0,18.4,25.7,73.0,1010.9,11.8,95.0,32.0
2001-06-17,15.9,17.0,24.4,71.0,1007.9,10.7,37.0,52.0
2001-06-18,8.6,16.0,22.3,69.0,1010.9,9.4,14.0,98.0
2001-06-19,1.6,15.1,24.6,67.0,1014.6,8.8,8.0,43.0
2001-06-20,0.0,14.5,23.8,63.0,1014.8,7.5,112.0,9.0
2001-06-21,0.0,16.7,24.9,70.0,1012.5,8.9,136.0,26.0
2001-06-22,0.0,18.5,26.2,73.0,1009.1,7.5,142.0,9.0
2001-06-23,0.9,19.8,24.5,74.0,1011.9,10.8,70.0,25.0
2001-06-24,0.0,18.7,26.4,77.0,1017.2,7.8,115.0,11.0
2001-06-25,0.0,18.4,27.4,77.0,1018.6,6.8,112.0,32.0
2001-06-26,0.0,20.2,27.4,72.0,1018.3,10.8,97.0,24.0
2001-06-27,0.0,19.3,27.7,69.0,1014.8,9.9,105.0,27.0
2001-06-28,0.2,21.4,27.3,72.0,1014.0,8.3,69.0,88.0
2001-06-29,0.4,20.1,27.8,68.0,1018.1,5.7,49.0,60.0
2001-06-30,0.0,21.2,28.1,68.0,1018.8,8.6,99.0,42.0
2001-07-01,4.7,20.0,27.9,66.0,1017.9,8.2,79.0,42.0
2001-07-02,0.1,19.2,26.4,65.0,1020.8,7.4,113.0,26.0
2001-07-03,0.7,20.6,24.8,67.0,1016.9,12.2,113.0,66.0
2001-07-04,1.8,19.1,23.6,73.0,1014.1,10.9,97.0,83.0
2001-07-05,2.4,20.1,25.2,78.0,1014.2,9.3,134.0,69.0
2001-07-06,0.0,20.7,27.2,76.0,1014.8,11.4,114.0,24.0
2001-07-07,1.0,21.5,27.8,72.0,1010.5,13.9,160.0,18.0
2001-07-08,0.0,18.7,27.2,65.0,1011.5,10.4,215.0,12.0
2001-07-09,1.0,20.6,25.9,75.0,1013.7,6.7,34.0,53.0
2001-07-10,6.2,19.2,25.6,80.0,1014.4,7.3,41.0,77.0
2001-07-11,0.0,19.0,27.0,78.0,1013.3,8.0,154.0,40.0
2001-07-12,2.9,20.7,24.3,70.0,1013.6,20.4,41.0,61.0
2001-07-13,0.0,20.4,26.0,66.0,1012.3,9.1,73.0,39.0
2001-07-14,0.0,19.6,27.7,75.0,1012.2,8.7,85.0,21.0
2001-07-15,0.3,21.4,28.5,77.0,1010.8,12.6,89.0,18.0
2001-07-16,4.7,20.1,26.6,76.0,1007.4,8.6,65.0,49.0
2001-07-17,0.5,18.8,26.3,61.0,1006.6,9.8,261.0,45.0
2001-07-18,1.1,18.7,26.1,72.0,1007.4,8.4,122.0,27.0
2001-07-19,18.3,18.7,25.8,85.0,1005.4,10.6,54.0,62.0
2001-07-20,38.4,17.4,21.1,82.0,1003.1,16.7,359.0,96.0
2001-07-21,0.0,15.8,24.9,73.0,1014.6,6.5,142.0,18.0
2001-07-22,0.0,17.6,26.1,76.0,1016.0,7.1,132.0,7.0
2001-07-23,0.0,18.9,27.0,77.0,1012.9,6.5,137.0,11.0
2001-07-24,0.0,18.8,26.8,78.0,1010.6,5.2,77.0,25.0
2001-07-25,0.0,19.8,26.9,76.0,1012.8,4.1,111.0,48.0
2001-07-26,0.2,19.6,28.4,74.0,1013.9,4.3,53.0,38.0
2001-07-27,0.0,20.0,28.4,77.0,1014.5,5.4,61.0,68.0
2001-07-28,0.3,21.7,28.8,74.0,1016.2,5.0,348.0,35.0
2001-07-29,0.0,21.0,29.5,72.0,1016.9,5.4,285.0,66.0
2001-07-30,0.0,20.7,30.2,70.0,1018.6,6.8,35.0,16.0
2001-07-31,0.0,21.6,30.2,69.0,1020.1,7.4,79.0,9.0
2001-08-01,0.0,22.3,31.5,68.0,1017.4,3.0,14.0,29.0
2001-08-02,0.0,22.9,30.5,74.0,1015.8,8.6,104.0,10.0
2001-08-03,0.0,23.5,30.3,77.0,1013.5,10.8,101.0,47.0
2001-08-04,0.2,23.8,30.3,76.0,1013.0,8.1,84.0,23.0
2001-08-05,1.4,22.0,27.5,73.0,1013.4,10.4,40.0,51.0
2001-08-06,0.0,22.6,26.8,49.0,1015.7,17.1,41.0,40.0
2001-08-07,0.0,19.9,28.4,58.0,1013.7,6.6,39.0,4.0
2001-08-08,0.0,19.4,28.7,71.0,1012.1,7.1,117.0,45.0
2001-08-09,0.0,20.5,28.4,76.0,1014.2,6.3,70.0,39.0
2001-08-10,1.3,22.3,29.1,70.0,1013.7,11.5,32.0,30.0
2001-08-11,5.2,19.5,24.6,57.0,1019.3,19.1,53.0,55.0
2001-08-12,0.0,16.9,24.5,63.0,1020.9,6.4,58.0,24.0
2001-08-13,0.0,16.8,26.5,68.0,1016.7,6.2,82.0,48.0
2001-08-14,0.0,18.2,29.4,66.0,1017.1,5.0,70.0,3.0
2001-08-15,0.0,18.8,29.7,68.0,1018.8,6.6,85.0,0.0
2001-08-16,0.0,21.0,29.5,72.0,1016.9,6.4,149.0,12.0
2001-08-17,0.0,20.9,30.6,70.0,1014.3,5.3,38.0,14.0
2001-08-18,0.5,22.9,29.9,64.0,1012.8,9.4,13.0,72.0
2001-08-19,0.0,21.7,29.7,69.0,1011.4,6.8,152.0,42.0
2001-08-20,1.3,22.3,28.4,78.0,1011.3,8.3,56.0,64.0
2001-08-21,0.0,19.9,28.3,65.0,1013.6,9.4,46.0,21.0
2001-08-22,0.0,21.9,28.5,59.0,1016.4,10.2,40.0,18.0
2001-08-23,0.0,21.5,29.1,63.0,1016.5,6.6,43.0,13.0
2001-08-24,0.0,21.9,29.0,63.0,1016.3,7.4,44.0,12.0
2001-08-25,0.0,22.2,29.3,63.0,1017.0,8.1,65.0,5.0
2001-08-26,0.0,20.4,30.8,68.0,1016.5,5.5,132.0,18.0
2001-08-27,0.0,23.1,30.9,69.0,1013.0,6.2,177.0,21.0
2001-08-28,0.0,23.4,29.9,72.0,1010.1,10.0,81.0,28.0
2001-08-29,1.9,23.5,29.7,64.0,1008.3,9.5,83.0,23.0
2001-08-30,1.6,22.6,26.6,52.0,1009.0,15.1,65.0,85.0
2001-08-31,33.1,18.5,24.0,81.0,1007.2,13.0,62.0,89.0
2001-09-01,18.2,16.7,23.3,78.0,1008.4,10.0,51.0,68.0
2001-09-02,10.8,16.7,23.3,70.0,1013.5,9.8,42.0,61.0
2001-09-03,0.0,16.2,23.8,71.0,1015.4,7.6,159.0,15.0
2001-09-04,15.9,17.5,22.6,82.0,1010.7,7.7,139.0,73.0
2001-09-05,13.6,15.4,22.0,70.0,1005.9,13.7,26.0,79.0
2001-09-06,0.0,14.8,23.8,59.0,1009.5,8.7,121.0,9.0
2001-09-07,0.0,16.4,23.0,70.0,1011.4,6.9,130.0,47.0
2001-09-08,0.0,16.0,24.6,74.0,1008.5,6.8,194.0,79.0
2001-09-09,0.5,16.6,23.0,69.0,1003.2,12.0,125.0,38.0
2001-09-10,0.2,13.8,20.0,55.0,1008.1,13.0,41.0,34.0
2001-09-11,0.0,11.2,21.2,59.0,1011.5,7.6,247.0,25.0
2001-09-12,0.0,14.5,21.6,61.0,1014.9,9.5,68.0,7.0
2001-09-13,0.0,13.2,22.0,70.0,1015.3,7.7,182.0,49.0
2001-09-14,32.0,15.0,20.3,82.0,1006.4,12.6,192.0,92.0
2001-09-15,10.3,13.2,19.2,67.0,1009.7,14.6,43.0,53.0
2001-09-16,15.4,13.2,17.6,79.0,1009.8,7.9,67.0,75.0
2001-09-17,2.2,9.9,15.9,85.0,1007.8,6.0,36.0,71.0
2001-09-18,1.2,11.1,17.3,77.0,1012.7,5.3,192.0,78.0
2001-09-19,4.8,10.6,17.3,84.0,1018.2,8.2,53.0,77.0
2001-09-20,0.0,11.1,18.4,80.0,1019.7,7.4,59.0,19.0
2001-09-21,0.2,11.8,19.6,80.0,1016.1,4.6,117.0,47.0
2001-09-22,1.0,14.5,18.9,86.0,1014.5,8.7,55.0,76.0
2001-09-23,29.4,14.9,16.9,90.0,1008.8,15.3,46.0,97.0
2001-09-24,1.6,15.2,21.1,86.0,1008.2,4.3,221.0,84.0
2001-09-25,14.7,14.7,20.3,91.0,1011.6,6.5,172.0,75.0
2001-09-26,9.0,13.6,18.8,73.0,1016.4,11.4,33.0,44.0
2001-09-27,0.0,12.2,19.6,75.0,1020.3,5.7,131.0,46.0
2001-09-28,0.0,13.0,20.2,81.0,1019.1,6.8,142.0,32.0
2001-09-29,0.0,13.0,20.8,86.0,1018.6,5.2,91.0,96.0
2001-09-30,3.9,15.3,18.8,91.0,1016.6,6.2,357.0,83.0
2001-10-01,0.1,12.6,19.8,88.0,1019.5,6.1,197.0,73.0
2001-10-02,0.1,15.9,21.2,89.0,1021.8,5.9,172.0,74.0
2001-10-03,0.0,16.1,21.8,88.0,1019.0,8.2,193.0,13.0
2001-10-04,2.7,16.2,21.4,90.0,1015.0,5.2,92.0,72.0
2001-10-05,3.2,16.6,20.1,82.0,1015.2,5.8,47.0,95.0
2001-10-06,0.0,16.1,21.5,83.0,1015.4,7.7,89.0,52.0
2001-10-07,9.8,17.2,21.3,89.0,1013.9,8.5,55.0,84.0
2001-10-08,0.9,16.9,22.4,91.0,1014.2,4.9,127.0,53.0
2001-10-09,0.0,16.1,22.2,89.0,1016.7,6.5,54.0,61.0
2001-10-10,1.4,15.9,21.7,91.0,1023.1,6.5,111.0,68.0
2001-10-11,0.0,14.1,22.4,87.0,1028.3,2.9,318.0,45.0
2001-10-12,0.0,14.0,23.1,85.0,1027.5,4.5,352.0,27.0
2001-10-13,0.0,12.9,23.1,85.0,1024.5,5.5,8.0,15.0
2001-10-14,0.0,13.1,22.9,83.0,1021.2,6.8,34.0,3.0
2001-10-15,0.0,14.4,20.4,77.0,1019.6,8.6,64.0,28.0
2001-10-16,0.0,11.9,21.0,78.0,1023.2,4.3,22.0,64.0
2001-10-17,0.0,13.9,20.6,79.0,1023.6,9.5,48.0,9.0
2001-10-18,0.0,11.9,19.3,86.0,1019.7,5.7,66.0,16.0
2001-10-19,0.0,13.3,19.2,87.0,1018.6,4.6,95.0,57.0
2001-10-20,0.9,14.4,19.9,88.0,1016.9,7.1,72.0,79.0
2001-10-21,17.2,16.0,20.9,85.0,1009.6,9.9,183.0,60.0
2001-10-22,0.0,11.4,18.9,87.0,1014.5,3.7,50.0,41.0
2001-10-23,0.0,12.7,18.2,87.0,1018.5,6.2,65.0,91.0
2001-10-24,10.9,14.4,19.9,78.0,1020.7,9.6,40.0,72.0
2001-10-25,0.6,12.8,17.5,80.0,1024.5,9.1,36.0,41.0
2001-10-26,0.0,11.7,16.8,76.0,1025.3,7.9,56.0,26.0
2001-10-27,0.1,12.0,16.7,80.0,1025.1,3.9,62.0,57.0
2001-10-28,0.0,12.4,17.5,81.0,1026.5,4.3,122.0,70.0
2001-10-29,0.0,12.1,17.1,85.0,1025.5,4.1,244.0,49.0
2001-10-30,0.0,10.5,16.2,89.0,1026.0,2.4,105.0,96.0
2001-10-31,0.0,9.5,16.8,92.0,1026.5,5.5,234.0,99.0
2001-11-01,0.1,12.4,18.1,73.0,1023.8,14.7,67.0,50.0
2001-11-02,0.0,8.3,14.9,59.0,1032.7,11.9,67.0,20.0
2001-11-03,0.0,7.4,13.8,74.0,1032.0,8.2,67.0,5.0
2001-11-04,0.0,6.2,14.6,78.0,1023.5,6.9,328.0,0.0
2001-11-05,0.0,8.8,15.7,77.0,1017.2,5.0,352.0,44.0
2001-11-06,0.2,8.9,13.4,66.0,1016.9,12.2,49.0,81.0
2001-11-07,0.3,8.3,13.0,80.0,1013.8,5.2,262.0,66.0
2001-11-08,1.4,9.6,13.4,88.0,1003.6,7.6,251.0,93.0
2001-11-09,8.7,6.3,10.1,78.0,999.8,25.5,42.0,92.0
2001-11-10,0.5,6.5,10.1,51.0,1020.2,30.1,53.0,96.0
2001-11-11,5.5,7.1,12.6,63.0,1022.0,19.7,43.0,100.0
2001-11-12,17.0,10.7,13.8,88.0,1010.0,9.1,48.0,93.0
2001-11-13,0.4,9.8,12.5,80.0,1001.9,14.3,45.0,96.0
2001-11-14,0.1,8.1,11.3,60.0,1012.0,20.3,82.0,73.0
2001-11-15,0.0,4.8,9.4,48.0,1031.6,23.8,60.0,10.0
2001-11-16,0.0,2.5,9.3,67.0,1033.1,5.1,33.0,0.0
2001-11-17,0.0,2.2,11.1,71.0,1032.4,10.5,43.0,0.0
2001-11-18,2.3,4.0,10.4,78.0,1023.9,7.3,44.0,53.0
2001-11-19,10.2,6.3,11.6,79.0,1015.3,17.7,43.0,80.0
2001-11-20,0.0,4.0,11.3,75.0,1022.4,7.2,21.0,7.0
2001-11-21,0.0,4.5,11.0,78.0,1029.8,3.8,313.0,7.0
2001-11-22,0.0,2.8,7.1,90.0,1022.8,7.2,244.0,74.0
2001-11-23,0.2,2.9,9.9,62.0,1010.7,14.3,358.0,41.0
2001-11-24,0.0,-0.1,8.8,57.0,1017.3,10.4,258.0,11.0
2001-11-25,0.0,1.9,8.4,69.0,1015.5,4.0,23.0,25.0
2001-11-26,0.0,1.5,8.9,73.0,1012.6,3.7,9.0,30.0
2001-11-27,1.6,3.0,9.1,85.0,1012.3,10.1,28.0,99.0
2001-11-28,0.0,2.2,12.0,87.0,1014.7,6.6,313.0,47.0
2001-11-29,0.0,2.2,10.6,88.0,1019.8,5.9,345.0,45.0
2001-11-30,0.0,4.9,9.2,86.0,1016.3,6.3,51.0,77.0
2001-12-01,0.0,5.1,8.8,78.0,1022.4,10.5,73.0,53.0
2001-12-02,0.0,4.7,9.1,77.0,1025.4,11.1,51.0,21.0
2001-12-03,0.0,2.4,8.8,79.0,1025.1,8.3,35.0,26.0
2001-12-04,0.0,2.4,9.0,82.0,1022.8,4.2,37.0,70.0
2001-12-05,0.0,4.3,10.0,83.0,1022.4,5.1,28.0,77.0
2001-12-06,0.0,3.1,7.8,90.0,1018.9,5.3,244.0,36.0
2001-12-07,0.0,2.3,9.8,85.0,1026.2,11.2,57.0,25.0
2001-12-08,0.0,3.9,7.2,67.0,1032.6,20.4,73.0,2.0
2001-12-09,0.0,2.2,6.7,67.0,1035.1,19.8,62.0,1.0
2001-12-10,0.0,1.3,6.3,60.0,1036.4,16.6,50.0,3.0
2001-12-11,0.2,-0.6,6.3,69.0,1029.2,7.7,27.0,47.0
2001-12-12,0.0,-0.7,6.7,75.0,1021.4,8.0,333.0,12.0
2001-12-13,10.5,-1.3,2.8,82.0,1018.3,20.9,76.0,65.0
2001-12-14,0.0,-2.0,3.0,51.0,1029.5,33.8,56.0,44.0
2001-12-15,0.0,-2.1,4.6,60.0,1027.7,18.5,46.0,8.0
2001-12-16,0.0,-1.4,2.7,64.0,1024.8,18.5,63.0,1.0
2001-12-17,0.0,-3.3,3.6,72.0,1027.1,6.0,345.0,5.0
2001-12-18,0.0,-2.2,4.7,72.0,1029.7,4.0,345.0,7.0
2001-12-19,0.0,-0.9,3.7,76.0,1028.7,4.5,259.0,5.0
2001-12-20,0.0,-0.9,3.9,85.0,1020.9,5.6,358.0,49.0
2001-12-21,0.0,1.0,4.6,72.0,1018.6,9.2,42.0,29.0
2001-12-22,0.0,-0.5,3.2,85.0,1009.0,4.2,320.0,76.0
2001-12-23,0.0,-0.4,7.0,70.0,1008.0,11.4,35.0,39.0
2001-12-24,0.0,-3.2,2.7,53.0,1016.3,17.4,39.0,2.0
2001-12-25,0.0,-3.7,2.8,60.0,1011.1,6.5,254.0,50.0
2001-12-26,1.4,-0.7,4.1,77.0,1003.4,7.9,27.0,97.0
2001-12-27,0.6,0.2,6.2,73.0,1008.6,11.5,350.0,53.0
2001-12-28,0.0,-1.0,4.3,65.0,1013.5,3.3,221.0,29.0
2001-12-29,0.5,-2.2,5.1,84.0,1008.7,4.1,86.0,57.0
2001-12-30,1.2,0.9,7.8,84.0,1001.3,10.8,89.0,47.0
2001-12-31,0.0,-1.3,6.2,57.0,1015.9,11.2,57.0,64.0
2002-01-01,0.0,-3.1,5.0,57.0,1033.9,11.7,263.0,1.0
2002-01-02,0.0,-2.5,2.7,68.0,1031.1,11.3,246.0,10.0
2002-01-03,0.0,-3.0,5.9,68.0,1029.2,11.6,83.0,17.0
2002-01-04,0.0,-3.7,3.2,66.0,1035.5,8.9,65.0,14.0
2002-01-05,0.0,-2.9,4.0,74.0,1035.3,6.0,346.0,3.0
2002-01-06,0.0,0.0,6.0,73.0,1031.9,4.5,249.0,5.0
2002-01-07,0.0,-1.9,8.7,71.0,1027.3,8.1,43.0,61.0
2002-01-08,0.0,-1.3,6.1,68.0,1032.7,6.0,23.0,43.0
2002-01-09,0.0,-1.2,7.2,70.0,1036.7,5.0,290.0,0.0
2002-01-10,0.0,1.0,6.3,73.0,1034.9,3.2,279.0,3.0
2002-01-11,0.0,-0.5,5.8,79.0,1033.1,3.4,9.0,9.0
2002-01-12,0.0,-0.5,6.9,75.0,1032.2,4.9,352.0,13.0
2002-01-13,0.0,-0.9,6.9,75.0,1029.0,9.4,38.0,6.0
2002-01-14,0.0,1.2,4.8,68.0,1027.8,17.2,51.0,41.0
2002-01-15,0.1,-1.3,3.6,74.0,1023.4,12.6,49.0,70.0
2002-01-16,0.0,-1.9,3.3,79.0,1021.2,8.5,49.0,68.0
2002-01-17,0.0,-2.3,5.1,80.0,1023.3,7.6,36.0,1.0
2002-01-18,0.0,-2.0,5.7,79.0,1023.1,7.8,17.0,1.0
2002-01-19,0.0,0.8,5.9,77.0,1023.3,4.4,236.0,44.0
2002-01-20,0.0,1.3,6.3,82.0,1025.6,4.1,137.0,46.0
2002-01-21,0.0,-0.2,5.0,89.0,1023.3,5.4,192.0,76.0
2002-01-22,0.1,1.1,7.2,94.0,1020.8,6.3,270.0,69.0
2002-01-23,0.1,2.9,6.3,95.0,1020.2,4.8,207.0,87.0
2002-01-24,20.9,4.5,8.1,96.0,1012.3,7.7,78.0,100.0
2002-01-25,0.9,0.6,10.6,91.0,1017.6,8.1,283.0,33.0
2002-01-26,0.0,1.7,8.3,96.0,1025.0,3.9,77.0,85.0
2002-01-27,0.0,3.5,8.5,95.0,1021.9,9.0,211.0,97.0
2002-01-28,0.0,4.5,7.7,96.0,1025.4,2.9,156.0,100.0
2002-01-29,0.0,3.5,7.9,96.0,1030.8,4.5,190.0,87.0
2002-01-30,0.0,3.3,6.5,92.0,1031.3,3.4,137.0,100.0
2002-01-31,1.2,3.8,6.9,91.0,1028.1,4.2,202.0,99.0
2002-02-01,0.1,4.9,10.0,90.0,1028.2,4.7,293.0,58.0
2002-02-02,0.0,1.0,11.7,87.0,1034.2,5.2,279.0,42.0
2002-02-03,0.0,1.3,9.0,92.0,1032.5,4.7,154.0,41.0
2002-02-04,0.0,2.6,6.0,92.0,1028.0,2.8,174.0,80.0
2002-02-05,0.2,0.8,8.7,91.0,1023.0,7.0,220.0,84.0
2002-02-06,16.8,5.1,9.6,92.0,1009.9,10.6,107.0,99.0
2002-02-07,14.5,5.9,12.1,85.0,1013.9,16.1,50.0,50.0
2002-02-08,0.0,2.3,11.3,91.0,1024.1,5.3,171.0,77.0
2002-02-09,0.0,4.0,9.2,96.0,1021.1,4.8,127.0,97.0
2002-02-10,0.2,5.1,10.4,91.0,1013.3,6.6,169.0,55.0
2002-02-11,0.0,3.4,9.1,94.0,1018.8,5.8,119.0,95.0
2002-02-12,0.0,3.4,7.8,94.0,1020.2,5.0,128.0,83.0
2002-02-13,0.5,4.9,8.1,92.0,1019.1,4.8,116.0,98.0
2002-02-14,5.3,6.0,8.7,91.0,1017.6,14.1,53.0,99.0
2002-02-15,18.7,4.4,7.3,75.0,1021.9,33.8,50.0,97.0
2002-02-16,14.9,4.1,7.1,78.0,1025.2,26.6,52.0,99.0
2002-02-17,3.1,5.3,8.4,80.0,1023.9,9.1,37.0,80.0
2002-02-18,0.3,4.4,10.8,89.0,1018.1,5.1,195.0,90.0
2002-02-19,0.6,3.4,9.6,93.0,1019.9,6.3,129.0,58.0
2002-02-20,0.0,3.1,10.8,84.0,1012.2,9.3,202.0,95.0
2002-02-21,2.6,4.3,9.5,84.0,1000.6,12.3,58.0,91.0
2002-02-22,0.0,2.4,7.4,50.0,1015.3,15.2,82.0,49.0
2002-02-23,0.0,0.3,8.6,79.0,1009.5,7.4,148.0,53.0
2002-02-24,0.0,1.7,11.9,67.0,1006.6,8.6,355.0,27.0
2002-02-25,0.0,0.5,10.4,68.0,1014.2,8.0,174.0,35.0
2002-02-26,0.0,2.8,10.1,83.0,1014.8,7.7,140.0,95.0
2002-02-27,2.0,6.5,11.7,88.0,1011.6,5.8,187.0,90.0
2002-02-28,0.0,6.3,12.9,89.0,1007.9,10.6,201.0,76.0
2002-03-01,0.9,6.8,10.8,88.0,1012.0,10.7,52.0,97.0
2002-03-02,2.3,7.2,11.4,90.0,1009.7,6.9,64.0,100.0
2002-03-03,2.0,7.4,14.5,85.0,1010.9,8.9,14.0,41.0
2002-03-04,0.5,7.0,13.3,69.0,1018.4,15.2,44.0,10.0
2002-03-05,0.0,7.9,12.9,66.0,1014.8,12.0,52.0,70.0
2002-03-06,9.2,9.1,13.1,83.0,1011.6,15.1,49.0,83.0
2002-03-07,0.0,7.3,14.5,88.0,1017.1,12.1,211.0,65.0
2002-03-08,0.0,8.1,16.1,82.0,1021.4,7.2,58.0,23.0
2002-03-09,0.0,6.1,13.6,72.0,1017.6,10.9,64.0,12.0
2002-03-10,0.0,5.4,15.7,77.0,1015.9,5.1,101.0,39.0
2002-03-11,0.0,6.2,15.2,72.0,1022.5,8.8,46.0,4.0
2002-03-12,0.0,3.4,15.1,69.0,1020.2,8.3,51.0,27.0
2002-03-13,0.0,6.5,14.3,73.0,1017.6,6.4,111.0,38.0
2002-03-14,0.0,5.0,13.8,87.0,1014.5,10.9,79.0,35.0
2002-03-15,0.2,9.5,14.2,90.0,1014.7,6.5,146.0,79.0
2002-03-16,0.0,8.4,13.6,91.0,1017.6,7.0,136.0,59.0
2002-03-17,0.0,6.9,14.8,90.0,1016.8,6.2,175.0,98.0
2002-03-18,0.0,6.8,14.2,90.0,1014.6,6.4,146.0,64.0
2002-03-19,0.7,8.1,15.9,85.0,1009.8,9.4,213.0,92.0
2002-03-20,0.0,8.4,16.1,86.0,1011.7,7.7,80.0,57.0
2002-03-21,0.0,8.5,15.7,91.0,1014.8,8.9,106.0,53.0
2002-03-22,0.0,9.2,18.1,74.0,1011.9,8.3,359.0,69.0
2002-03-23,0.1,8.5,14.0,50.0,1014.3,12.2,52.0,24.0
2002-03-24,0.0,3.1,12.0,43.0,1019.3,13.0,29.0,28.0
2002-03-25,0.0,0.8,12.4,54.0,1019.7,8.1,39.0,15.0
2002-03-26,0.0,4.7,12.3,63.0,1020.4,7.2,104.0,21.0
2002-03-27,0.2,4.7,10.4,56.0,1024.2,12.9,95.0,49.0
2002-03-28,0.0,3.8,12.8,60.0,1026.8,8.2,56.0,4.0
2002-03-29,0.0,4.5,13.2,65.0,1026.9,10.8,77.0,0.0
2002-03-30,0.0,4.1,16.9,66.0,1022.9,6.1,251.0,0.0
2002-03-31,0.0,7.3,16.6,71.0,1018.7,5.6,152.0,0.0
2002-04-01,0.0,4.8,16.8,77.0,1016.5,6.8,109.0,2.0
2002-04-02,0.0,5.0,17.1,78.0,1016.9,6.9,93.0,16.0
2002-04-03,0.2,5.4,16.5,74.0,1011.0,13.8,61.0,16.0
2002-04-04,0.0,11.5,16.8,52.0,1005.3,22.8,54.0,35.0
2002-04-05,0.9,7.9,15.6,56.0,1002.2,11.8,47.0,35.0
2002-04-06,3.0,6.7,12.1,65.0,1009.7,15.6,91.0,73.0
2002-04-07,0.2,7.3,12.1,65.0,1018.0,11.3,81.0,80.0
2002-04-08,5.8,6.8,10.3,81.0,1019.4,9.5,90.0,99.0
2002-04-09,22.1,6.7,8.0,85.0,1013.6,26.2,46.0,99.0
2002-04-10,0.0,7.9,12.7,57.0,1010.5,22.2,54.0,78.0
2002-04-11,8.1,6.6,13.6,72.0,1010.5,17.9,55.0,94.0
2002-04-12,42.2,9.2,11.9,88.0,998.3,26.4,49.0,100.0
2002-04-13,13.6,10.2,15.6,89.0,999.0,9.3,69.0,77.0
2002-04-14,2.9,6.2,15.6,88.0,1003.9,8.3,190.0,81.0
2002-04-15,9.7,9.3,15.0,87.0,1008.1,10.3,49.0,71.0
2002-04-16,2.0,10.0,14.5,76.0,1011.3,10.0,29.0,92.0
2002-04-17,1.2,9.9,15.9,70.0,1012.8,12.4,23.0,62.0
2002-04-18,0.0,6.7,16.5,75.0,1015.7,9.9,62.0,29.0
2002-04-19,0.1,7.2,17.3,77.0,1017.8,7.9,36.0,30.0
2002-04-20,6.4,9.9,13.6,80.0,1019.6,13.2,19.0,76.0
2002-04-21,0.9,10.2,19.4,62.0,1025.4,19.0,31.0,52.0
2002-04-22,0.0,10.0,20.2,68.0,1027.0,7.4,43.0,28.0
2002-04-23,0.0,8.9,19.8,70.0,1025.0,5.6,356.0,19.0
2002-04-24,0.5,11.0,16.9,77.0,1020.0,9.8,152.0,79.0
2002-04-25,0.0,7.9,18.1,77.0,1020.0,5.9,23.0,28.0
2002-04-26,0.0,12.2,19.1,69.0,1014.7,11.3,190.0,60.0
2002-04-27,8.2,11.7,15.9,80.0,1009.0,10.7,90.0,78.0
2002-04-28,0.0,9.2,15.7,72.0,1014.9,11.1,94.0,64.0
2002-04-29,0.0,10.4,17.1,77.0,1012.8,7.8,152.0,39.0
2002-04-30,0.7,12.6,17.6,87.0,1016.6,10.6,75.0,72.0
2002-05-01,0.0,11.6,18.6,87.0,1014.7,7.7,121.0,46.0
2002-05-02,3.8,13.3,19.7,86.0,1011.5,11.6,87.0,62.0
2002-05-03,7.0,14.7,17.6,89.0,1011.4,16.8,81.0,97.0
2002-05-04,37.7,13.1,17.5,88.0,1010.4,13.6,110.0,78.0
2002-05-05,9.5,10.9,17.2,82.0,1013.6,7.3,291.0,38.0
2002-05-06,0.0,7.4,17.9,75.0,1019.4,5.0,326.0,10.0
2002-05-07,0.0,7.7,21.7,66.0,1018.0,12.0,37.0,49.0
2002-05-08,9.5,15.5,20.0,75.0,1014.3,13.9,60.0,100.0
2002-05-09,14.2,14.7,17.9,89.0,1012.8,13.9,83.0,93.0
2002-05-10,1.1,12.1,19.3,86.0,1012.6,8.3,196.0,73.0
2002-05-11,7.1,13.0,18.8,88.0,1010.8,5.5,69.0,68.0
2002-05-12,0.9,11.0,19.4,87.0,1012.1,5.9,164.0,76.0
2002-05-13,0.0,14.4,21.9,82.0,1015.5,5.3,242.0,42.0
2002-05-14,0.0,12.2,23.0,75.0,1018.2,8.8,229.0,26.0
2002-05-15,0.0,15.1,23.1,76.0,1023.7,9.4,69.0,23.0
2002-05-16,0.0,13.4,23.4,79.0,1023.2,7.9,129.0,28.0
2002-05-17,0.0,13.8,23.7,80.0,1016.9,8.9,149.0,9.0
2002-05-18,0.0,15.4,24.1,79.0,1013.3,6.6,199.0,10.0
2002-05-19,1.0,14.4,22.2,81.0,1013.6,8.2,329.0,61.0
2002-05-20,0.9,17.5,21.9,69.0,1013.9,13.0,40.0,72.0
2002-05-21,0.0,14.7,21.8,76.0,1012.0,9.2,92.0,30.0
2002-05-22,0.0,15.3,21.9,86.0,1010.9,10.7,125.0,57.0
2002-05-23,4.2,17.1,21.7,88.0,1008.7,10.0,112.0,93.0
2002-05-24,15.7,17.2,20.3,87.0,1007.2,11.0,67.0,87.0
2002-05-25,1.7,16.9,23.0,83.0,1011.0,6.8,32.0,71.0
2002-05-26,12.2,16.8,21.2,88.0,1007.9,9.0,88.0,83.0
2002-05-27,25.8,15.2,21.1,86.0,1006.3,8.8,124.0,73.0
2002-05-28,4.1,13.4,20.3,79.0,1006.0,7.2,288.0,97.0
2002-05-29,0.0,13.5,23.0,73.0,1011.8,5.2,249.0,29.0
2002-05-30,0.0,14.0,23.2,79.0,1019.0,7.8,118.0,27.0
2002-05-31,0.0,17.6,23.3,74.0,1021.5,9.2,81.0,43.0
2002-06-01,0.0,14.7,23.8,76.0,1020.2,7.3,133.0,26.0
2002-06-02,0.4,18.3,22.8,76.0,1016.8,10.3,81.0,46.0
2002-06-03,3.2,17.3,21.6,74.0,1014.7,12.6,99.0,89.0
2002-06-04,0.2,17.5,23.0,81.0,1011.5,7.8,162.0,89.0
2002-06-05,12.8,18.9,21.7,85.0,1007.7,19.9,146.0,96.0
2002-06-06,39.8,16.1,21.0,89.0,1001.7,10.5,116.0,91.0
2002-06-07,15.0,14.9,18.4,82.0,1004.0,18.9,224.0,99.0
2002-06-08,2.1,14.8,21.4,78.0,1008.8,12.5,195.0,87.0
2002-06-09,14.0,15.4,19.4,88.0,1007.3,10.1,68.0,83.0
2002-06-10,0.0,13.6,24.3,78.0,1006.3,8.5,247.0,27.0
2002-06-11,0.0,16.7,23.8,72.0,1013.6,8.9,75.0,31.0
2002-06-12,0.0,16.5,24.3,73.0,1019.1,7.4,73.0,18.0
2002-06-13,0.0,18.4,25.8,78.0,1019.0,6.1,157.0,29.0
2002-06-14,0.0,18.2,26.8,82.0,1017.5,7.2,120.0,5.0
2002-06-15,0.0,18.6,27.5,83.0,1017.3,7.8,135.0,23.0
2002-06-16,0.0,20.9,28.3,84.0,1017.3,8.2,74.0,68.0
2002-06-17,0.0,20.0,28.9,81.0,1019.1,5.6,78.0,34.0
2002-06-18,0.0,20.3,29.5,79.0,1018.9,5.3,103.0,24.0
2002-06-19,0.0,20.9,29.7,81.0,1017.7,5.8,104.0,4.0
2002-06-20,0.0,21.0,29.3,79.0,1018.6,8.6,127.0,4.0
2002-06-21,0.0,21.4,29.8,80.0,1018.7,5.2,138.0,27.0
2002-06-22,0.0,21.2,31.5,75.0,1018.2,4.2,32.0,6.0
2002-06-23,0.0,22.4,30.8,78.0,1017.5,7.5,140.0,19.0
2002-06-24,0.0,22.0,29.8,79.0,1015.3,9.2,89.0,45.0
2002-06-25,13.4,21.4,25.1,71.0,1018.6,21.8,58.0,85.0
2002-06-26,0.0,20.7,25.4,57.0,1020.8,12.5,54.0,28.0
2002-06-27,0.0,17.8,26.2,70.0,1015.9,9.1,125.0,24.0
2002-06-28,19.0,20.1,25.1,80.0,1009.3,10.8,92.0,81.0
2002-06-29,0.0,18.4,23.4,53.0,1016.4,16.4,68.0,13.0
2002-06-30,0.0,18.9,24.1,59.0,1017.0,11.4,60.0,59.0
2002-07-01,0.0,18.4,25.1,66.0,1014.7,8.9,146.0,28.0
2002-07-02,2.2,19.6,24.9,81.0,1011.0,11.1,80.0,80.0
2002-07-03,6.1,20.0,26.1,83.0,1009.0,10.7,58.0,46.0
2002-07-04,7.1,19.7,24.5,76.0,1009.4,13.2,55.0,44.0
2002-07-05,0.0,18.9,24.5,60.0,1016.6,16.2,55.0,30.0
2002-07-06,17.3,18.0,25.4,77.0,1013.0,9.1,41.0,57.0
2002-07-07,5.0,17.6,25.9,76.0,1015.4,5.0,323.0,20.0
2002-07-08,0.0,18.0,27.1,73.0,1016.7,6.6,57.0,3.0
2002-07-09,0.0,17.6,27.7,78.0,1012.8,6.7,126.0,21.0
2002-07-10,0.0,19.3,27.8,82.0,1009.6,9.1,126.0,13.0
2002-07-11,0.0,21.9,28.2,76.0,1012.6,7.7,16.0,15.0
2002-07-12,0.0,23.5,27.7,63.0,1014.9,13.5,50.0,26.0
2002-07-13,5.2,21.4,27.4,75.0,1011.1,10.1,29.0,51.0
2002-07-14,30.8,19.5,26.9,85.0,1011.5,7.7,357.0,94.0
2002-07-15,60.8,19.8,26.3,85.0,1011.2,16.4,51.0,91.0
2002-07-16,25.0,19.0,23.9,87.0,1009.2,7.4,230.0,81.0
2002-07-17,7.9,17.5,22.7,87.0,1008.5,4.6,234.0,94.0
2002-07-18,7.5,18.6,25.5,85.0,1009.0,5.6,167.0,65.0
2002-07-19,7.2,18.5,24.0,80.0,1012.5,7.8,40.0,72.0
2002-07-20,0.0,18.2,26.2,80.0,1015.3,6.6,220.0,23.0
2002-07-21,0.0,19.8,27.0,84.0,1014.0,6.9,183.0,37.0
2002-07-22,0.0,19.6,26.2,78.0,1012.7,10.0,32.0,49.0
2002-07-23,0.0,21.3,26.0,69.0,1013.9,9.9,61.0,35.0
2002-07-24,2.6,19.3,26.4,81.0,1010.0,7.6,51.0,46.0
2002-07-25,0.8,19.4,26.0,75.0,1010.0,11.6,44.0,54.0
2002-07-26,0.0,18.7,25.0,66.0,1014.3,10.7,20.0,38.0
2002-07-27,0.0,18.1,25.4,70.0,1017.0,8.8,13.0,32.0
2002-07-28,0.0,19.6,28.1,67.0,1017.0,13.1,23.0,3.0
2002-07-29,0.1,21.0,29.4,70.0,1015.0,9.9,6.0,28.0
2002-07-30,0.0,20.1,29.2,73.0,1010.1,7.0,291.0,41.0
2002-07-31,2.7,20.2,26.6,88.0,1007.4,7.2,127.0,72.0
2002-08-01,3.1,20.1,25.5,87.0,1009.7,9.5,169.0,70.0
2002-08-02,0.2,18.7,26.5,77.0,1013.3,10.5,215.0,14.0
2002-08-03,2.3,20.6,26.5,85.0,1013.7,9.6,86.0,38.0
2002-08-04,4.1,20.2,25.8,85.0,1010.4,8.5,62.0,70.0
2002-08-05,13.1,19.5,26.2,84.0,1010.7,6.2,66.0,47.0
2002-08-06,42.1,18.5,22.0,88.0,1009.1,10.7,23.0,90.0
2002-08-07,0.0,18.8,26.1,74.0,1006.2,7.0,153.0,25.0
2002-08-08,0.0,19.9,26.4,70.0,1008.7,7.4,86.0,25.0
2002-08-09,33.0,18.0,21.7,90.0,1007.5,8.3,54.0,93.0
2002-08-10,24.0,16.2,21.6,92.0,1004.0,7.0,109.0,91.0
2002-08-11,32.5,17.5,21.8,83.0,997.8,16.1,234.0,92.0
2002-08-12,4.3,16.2,24.4,78.0,1002.8,14.8,236.0,62.0
2002-08-13,0.0,17.2,25.4,83.0,1010.7,7.0,115.0,12.0
2002-08-14,0.0,19.2,26.0,73.0,1014.7,6.5,65.0,16.0
2002-08-15,0.0,18.2,26.1,75.0,1014.0,5.9,48.0,29.0
2002-08-16,0.0,18.1,27.4,75.0,1014.1,4.0,341.0,21.0
2002-08-17,0.0,18.3,27.5,76.0,1013.0,5.1,15.0,28.0
2002-08-18,0.3,19.8,27.3,75.0,1013.0,9.9,15.0,52.0
2002-08-19,0.0,20.2,27.7,71.0,1015.5,9.8,26.0,22.0
2002-08-20,0.0,19.9,27.3,73.0,1015.6,8.0,30.0,53.0
2002-08-21,14.7,19.4,23.0,85.0,1013.3,8.4,61.0,74.0
2002-08-22,0.5,18.0,24.8,74.0,1013.6,10.9,55.0,39.0
2002-08-23,0.0,19.1,25.1,75.0,1016.3,9.3,74.0,78.0
2002-08-24,0.6,18.5,25.1,82.0,1018.3,7.5,129.0,37.0
2002-08-25,0.0,18.2,25.9,83.0,1019.3,6.0,60.0,61.0
2002-08-26,0.0,17.7,26.4,82.0,1017.4,7.2,35.0,76.0
2002-08-27,5.2,19.5,24.2,83.0,1014.7,6.2,118.0,72.0
2002-08-28,5.0,18.2,24.2,82.0,1012.0,10.0,68.0,98.0
2002-08-29,5.6,20.0,25.3,77.0,1011.5,10.8,59.0,70.0
2002-08-30,0.0,19.3,27.5,72.0,1015.8,10.3,18.0,12.0
2002-08-31,0.3,19.1,27.4,70.0,1015.4,7.7,23.0,16.0
2002-09-01,0.0,20.5,24.0,70.0,1015.8,16.2,34.0,76.0
2002-09-02,0.0,18.2,26.2,66.0,1020.1,10.6,42.0,29.0
2002-09-03,0.8,19.6,24.3,65.0,1018.8,14.0,48.0,79.0
2002-09-04,0.5,18.9,23.7,72.0,1016.3,7.1,47.0,70.0
2002-09-05,3.6,17.6,22.2,83.0,1014.0,4.0,132.0,75.0
2002-09-06,1.7,17.0,23.2,80.0,1013.9,5.9,34.0,95.0
2002-09-07,0.0,16.9,24.7,73.0,1013.8,8.5,62.0,59.0
2002-09-08,0.9,17.5,24.2,75.0,1014.0,4.0,204.0,37.0
2002-09-09,0.7,16.8,24.2,79.0,1015.1,8.0,143.0,24.0
2002-09-10,2.3,17.6,23.9,83.0,1013.7,7.6,69.0,68.0
2002-09-11,1.2,18.6,24.5,68.0,1015.6,16.4,29.0,48.0
2002-09-12,0.0,17.9,22.8,65.0,1016.6,12.8,80.0,37.0
2002-09-13,0.0,15.4,20.3,53.0,1019.0,13.2,64.0,44.0
2002-09-14,0.0,13.5,21.0,63.0,1016.5,6.8,51.0,16.0
2002-09-15,0.0,14.6,21.9,72.0,1012.3,7.5,101.0,19.0
2002-09-16,0.0,15.5,19.5,69.0,1015.5,9.9,77.0,86.0
2002-09-17,0.0,14.8,21.1,73.0,1015.1,8.8,84.0,41.0
2002-09-18,0.0,16.0,22.1,80.0,1015.6,7.1,82.0,25.0
2002-09-19,0.2,16.7,23.1,83.0,1015.7,7.6,82.0,56.0
2002-09-20,11.0,18.4,23.5,87.0,1015.1,8.1,94.0,72.0
2002-09-21,23.7,17.8,20.9,90.0,1012.2,7.6,57.0,96.0
2002-09-22,10.6,16.5,18.9,84.0,1004.1,16.4,51.0,96.0
2002-09-23,15.0,13.4,17.3,76.0,1000.8,25.6,36.0,97.0
2002-09-24,45.2,11.1,14.9,86.0,1001.7,17.8,33.0,89.0
2002-09-25,12.7,12.0,15.1,81.0,1007.3,14.5,39.0,88.0
2002-09-26,0.0,10.6,17.3,64.0,1011.4,10.7,73.0,36.0
2002-09-27,2.6,11.6,18.0,79.0,1015.3,7.9,87.0,48.0
2002-09-28,0.7,11.5,17.9,69.0,1021.2,13.5,64.0,23.0
2002-09-29,0.0,11.5,18.1,60.0,1025.8,11.4,33.0,11.0
2002-09-30,0.0,9.0,18.5,67.0,1025.8,8.6,28.0,0.0
2002-10-01,0.0,10.0,18.7,73.0,1024.3,6.2,42.0,0.0
2002-10-02,0.0,10.6,19.1,75.0,1024.3,4.7,61.0,54.0
2002-10-03,0.0,11.3,18.8,82.0,1023.8,4.8,85.0,85.0
2002-10-04,0.0,12.4,18.9,85.0,1021.3,5.0,91.0,93.0
2002-10-05,0.8,12.2,19.7,83.0,1019.2,5.4,42.0,58.0
2002-10-06,10.9,12.8,16.8,89.0,1010.5,7.5,65.0,91.0
2002-10-07,0.7,10.6,18.7,78.0,1010.6,8.1,51.0,38.0
2002-10-08,1.3,11.9,14.7,76.0,1012.5,15.4,59.0,95.0
2002-10-09,2.2,13.2,17.2,79.0,1012.9,16.4,46.0,71.0
2002-10-10,24.4,14.0,16.7,83.0,1008.3,20.5,52.0,99.0
2002-10-11,14.9,14.9,17.5,87.0,1005.2,17.9,54.0,99.0
2002-10-12,19.3,13.9,16.6,88.0,1003.4,16.0,49.0,100.0
2002-10-13,0.0,12.5,17.8,75.0,1009.5,9.8,62.0,40.0
2002-10-14,0.0,13.5,17.0,74.0,1015.0,8.8,83.0,87.0
2002-10-15,1.2,14.8,18.2,84.0,1016.2,5.9,122.0,99.0
2002-10-16,0.0,13.3,20.1,87.0,1013.4,12.9,205.0,60.0
2002-10-17,2.2,15.6,20.8,83.0,1005.0,19.1,192.0,78.0
2002-10-18,1.3,11.0,19.2,69.0,1006.3,15.0,236.0,17.0
2002-10-19,0.0,8.0,16.6,74.0,1014.1,9.8,48.0,16.0
2002-10-20,0.0,11.0,15.5,75.0,1019.9,10.7,59.0,70.0
2002-10-21,5.2,11.7,15.7,84.0,1017.0,7.4,107.0,83.0
2002-10-22,29.5,13.5,17.7,88.0,1005.4,9.7,246.0,75.0
2002-10-23,3.0,12.3,18.1,88.0,1005.0,5.4,199.0,51.0
2002-10-24,3.1,11.2,15.7,73.0,1012.2,13.9,73.0,40.0
2002-10-25,1.2,12.1,16.0,72.0,1016.4,10.2,83.0,79.0
2002-10-26,0.1,12.0,17.9,79.0,1016.2,13.8,230.0,24.0
2002-10-27,0.0,12.5,17.9,84.0,1019.6,12.6,321.0,56.0
2002-10-28,0.0,10.5,18.5,69.0,1020.3,9.4,231.0,33.0
2002-10-29,0.0,10.4,16.6,67.0,1025.4,10.7,51.0,76.0
2002-10-30,0.0,8.4,15.6,79.0,1019.3,5.2,226.0,90.0
2002-10-31,0.0,11.1,16.5,84.0,1018.4,8.0,37.0,65.0
2002-11-01,0.0,11.0,16.9,87.0,1021.5,7.2,49.0,33.0
2002-11-02,1.0,11.8,15.4,88.0,1017.0,7.5,229.0,93.0
2002-11-03,0.9,9.7,14.7,91.0,1011.9,5.7,47.0,98.0
2002-11-04,5.2,10.0,15.8,82.0,1009.1,6.4,355.0,65.0
2002-11-05,4.0,6.2,14.2,81.0,1015.1,10.9,71.0,64.0
2002-11-06,0.0,7.3,9.9,61.0,1022.7,15.2,86.0,78.0
2002-11-07,0.0,4.7,7.5,64.0,1014.0,12.0,56.0,95.0
2002-11-08,0.0,4.8,11.3,68.0,1013.9,7.0,17.0,69.0
2002-11-09,0.0,4.1,11.1,78.0,1007.5,4.4,270.0,73.0
2002-11-10,0.0,5.4,13.4,77.0,1008.3,6.2,43.0,31.0
2002-11-11,1.4,8.1,12.7,83.0,1010.9,6.5,221.0,63.0
2002-11-12,0.1,6.5,13.7,86.0,1016.1,9.9,30.0,48.0
2002-11-13,3.8,8.9,13.0,87.0,1011.7,5.9,38.0,83.0
2002-11-14,2.6,9.6,17.3,91.0,1003.8,8.5,129.0,88.0
2002-11-15,2.5,14.4,17.2,85.0,1001.8,12.7,137.0,99.0
2002-11-16,6.3,14.6,17.7,84.0,1003.0,18.5,133.0,74.0
2002-11-17,4.0,10.0,14.6,89.0,1013.9,10.6,41.0,71.0
2002-11-18,38.7,11.8,14.2,94.0,1011.3,16.8,73.0,100.0
2002-11-19,4.5,8.8,14.4,87.0,1009.5,10.4,220.0,63.0
2002-11-20,0.1,6.8,12.3,91.0,1016.1,4.3,321.0,67.0
2002-11-21,5.1,10.0,13.2,89.0,1010.9,11.3,57.0,88.0
2002-11-22,19.3,9.6,13.0,92.0,1001.4,9.8,207.0,90.0
2002-11-23,0.0,6.8,12.4,90.0,1012.6,6.6,52.0,60.0
2002-11-24,6.5,9.7,13.5,87.0,1016.2,13.8,61.0,91.0
2002-11-25,19.7,13.8,15.8,94.0,1010.9,20.1,131.0,100.0
2002-11-26,18.1,15.3,16.5,94.0,1011.1,23.2,135.0,100.0
2002-11-27,9.1,13.2,16.2,86.0,1016.0,13.5,44.0,90.0
2002-11-28,0.0,9.4,16.0,90.0,1017.7,6.6,53.0,76.0
2002-11-29,10.0,9.9,14.5,95.0,1013.0,10.3,120.0,72.0
2002-11-30,4.2,7.5,12.3,93.0,1014.4,8.5,33.0,79.0
2002-12-01,0.0,7.5,13.2,75.0,1016.2,14.6,38.0,19.0
2002-12-02,2.3,5.8,10.1,74.0,1005.8,14.1,39.0,60.0
2002-12-03,14.6,6.2,10.5,78.0,1003.8,24.4,53.0,98.0
2002-12-04,2.0,7.2,10.4,74.0,1007.1,19.1,36.0,100.0
2002-12-05,6.5,8.9,11.8,79.0,1007.3,22.4,45.0,99.0
2002-12-06,1.1,9.1,12.5,77.0,1011.9,22.2,49.0,80.0
2002-12-07,0.0,9.0,12.9,65.0,1014.0,25.3,54.0,82.0
2002-12-08,0.0,5.1,8.6,60.0,1018.8,29.9,66.0,39.0
2002-12-09,0.0,1.6,5.0,53.0,1023.5,30.7,61.0,27.0
2002-12-10,0.0,0.1,3.2,55.0,1027.4,18.8,53.0,10.0
2002-12-11,0.0,-0.2,4.2,63.0,1027.3,14.1,42.0,49.0
2002-12-12,3.4,3.6,6.1,72.0,1026.9,16.6,42.0,100.0
2002-12-13,4.8,5.9,9.6,90.0,1023.1,9.4,16.0,84.0
2002-12-14,0.0,3.4,8.8,88.0,1023.2,8.3,36.0,45.0
2002-12-15,1.6,5.2,8.4,84.0,1020.8,12.7,36.0,97.0
2002-12-16,0.7,2.1,7.5,91.0,1021.0,4.9,320.0,87.0
2002-12-17,0.8,5.2,8.1,89.0,1018.7,5.2,44.0,98.0
2002-12-18,9.0,4.5,10.6,83.0,1019.9,12.7,46.0,59.0
2002-12-19,0.0,4.8,7.2,78.0,1028.5,11.0,86.0,80.0
2002-12-20,0.0,3.5,7.3,81.0,1027.6,7.5,98.0,82.0
2002-12-21,0.0,2.0,4.6,87.0,1023.8,4.4,243.0,94.0
2002-12-22,0.3,2.1,6.9,90.0,1022.2,4.3,160.0,85.0
2002-12-23,0.3,3.8,7.4,93.0,1016.9,6.4,256.0,87.0
2002-12-24,0.6,3.7,9.3,92.0,1018.0,6.9,23.0,100.0
2002-12-25,0.0,6.1,8.6,75.0,1018.6,14.8,53.0,96.0
2002-12-26,0.0,5.2,8.2,73.0,1019.9,11.2,54.0,78.0
2002-12-27,3.2,6.0,7.7,84.0,1015.9,9.2,50.0,100.0
2002-12-28,14.3,7.3,11.9,95.0,1003.7,10.2,131.0,99.0
2002-12-29,0.0,4.1,11.0,94.0,1007.9,6.7,234.0,52.0
2002-12-30,0.0,4.7,9.7,91.0,1009.9,5.7,211.0,96.0
2002-12-31,11.5,7.7,10.4,95.0,1005.2,9.8,33.0,100.0
2003-01-01,0.0,6.4,9.3,85.0,1012.0,8.9,60.0,56.0
2003-01-02,4.4,4.9,8.2,93.0,1008.4,6.6,208.0,99.0
2003-01-03,0.0,1.8,9.3,93.0,1002.5,8.9,253.0,51.0
2003-01-04,0.0,4.4,8.2,94.0,1002.3,5.6,45.0,71.0
2003-01-05,14.6,5.2,7.9,86.0,999.3,14.0,72.0,82.0
2003-01-06,2.3,2.8,6.9,76.0,1007.8,11.7,79.0,74.0
2003-01-07,10.0,1.6,3.8,84.0,1002.7,19.2,53.0,82.0
2003-01-08,2.4,1.1,3.4,71.0,1011.5,15.8,46.0,97.0
2003-01-09,4.2,0.1,3.0,69.0,1007.3,24.0,49.0,98.0
2003-01-10,0.3,0.0,3.4,76.0,1011.7,13.7,48.0,85.0
2003-01-11,0.0,0.5,4.0,58.0,1021.1,27.5,61.0,22.0
2003-01-12,0.0,-1.4,1.7,54.0,1026.9,20.3,64.0,2.0
2003-01-13,0.0,-3.5,3.5,68.0,1029.0,8.3,344.0,26.0
2003-01-14,0.0,0.3,5.1,73.0,1031.1,2.3,182.0,8.0
2003-01-15,0.0,1.7,6.3,77.0,1032.6,3.1,132.0,4.0
2003-01-16,0.0,1.0,6.2,89.0,1028.6,2.6,10.0,43.0
2003-01-17,0.0,-0.0,9.1,82.0,1028.4,11.1,36.0,17.0
2003-01-18,0.0,1.2,8.9,76.0,1020.8,11.3,26.0,43.0
2003-01-19,0.0,-1.2,9.5,76.0,1017.4,5.8,5.0,5.0
2003-01-20,0.0,1.0,7.9,83.0,1015.7,3.4,61.0,64.0
2003-01-21,13.4,3.2,7.7,89.0,1007.4,10.2,71.0,98.0
2003-01-22,11.4,2.9,8.7,91.0,1001.4,9.6,249.0,81.0
2003-01-23,0.0,1.6,9.4,91.0,1011.7,6.1,13.0,76.0
2003-01-24,0.0,1.9,11.0,75.0,1022.4,11.1,41.0,13.0
2003-01-25,0.0,2.5,10.6,64.0,1027.7,18.3,53.0,6.0
2003-01-26,0.0,2.3,9.8,63.0,1024.8,14.5,39.0,2.0
2003-01-27,0.0,0.5,8.1,72.0,1024.2,7.7,44.0,20.0
2003-01-28,0.0,2.1,7.4,83.0,1014.2,5.5,106.0,42.0
2003-01-29,4.0,1.3,5.5,91.0,1002.2,8.0,28.0,72.0
2003-01-30,0.6,0.8,5.8,91.0,998.5,7.2,16.0,93.0
2003-01-31,1.1,0.4,8.2,68.0,1000.9,11.6,41.0,58.0
2003-02-01,0.0,0.1,5.9,48.0,1014.3,16.1,55.0,13.0
2003-02-02,0.0,-0.6,3.6,54.0,1017.0,9.6,69.0,21.0
2003-02-03,1.0,0.3,4.0,69.0,1011.5,4.7,147.0,65.0
2003-02-04,9.3,0.3,6.1,86.0,990.6,11.3,13.0,96.0
2003-02-05,0.1,0.5,8.5,69.0,994.8,9.4,297.0,71.0
2003-02-06,0.0,0.5,8.4,50.0,1008.4,11.0,317.0,38.0
2003-02-07,0.0,-1.2,7.3,59.0,1020.3,6.6,283.0,3.0
2003-02-08,0.0,-1.8,7.2,76.0,1021.4,6.0,51.0,18.0
2003-02-09,0.5,0.2,6.3,69.0,1022.3,12.9,61.0,24.0
2003-02-10,0.0,0.5,5.8,68.0,1022.4,13.2,58.0,18.0
2003-02-11,0.0,0.3,6.0,67.0,1024.1,13.2,63.0,16.0
2003-02-12,0.0,1.3,5.4,54.0,1025.9,22.8,65.0,44.0
2003-02-13,0.0,-0.1,4.1,54.0,1024.7,22.9,64.0,44.0
2003-02-14,0.0,-0.0,4.0,58.0,1024.3,16.1,60.0,70.0
2003-02-15,0.0,-2.6,5.6,64.0,1024.1,9.0,54.0,4.0
2003-02-16,0.0,1.0,5.1,52.0,1026.6,24.6,68.0,33.0
2003-02-17,0.0,1.0,5.0,48.0,1028.8,29.7,57.0,22.0
2003-02-18,0.0,-0.5,5.7,55.0,1023.6,15.0,59.0,2.0
2003-02-19,0.0,-1.5,6.1,61.0,1019.5,8.1,55.0,0.0
2003-02-20,0.0,-1.1,7.9,70.0,1017.1,6.3,41.0,0.0
2003-02-21,0.0,-1.5,7.8,71.0,1022.3,12.9,62.0,0.0
2003-02-22,0.0,1.5,8.0,67.0,1029.7,15.7,59.0,11.0
2003-02-23,0.0,0.5,6.9,63.0,1034.1,9.2,46.0,6.0
2003-02-24,0.0,0.2,9.6,68.0,1031.7,4.7,352.0,0.0
2003-02-25,0.0,-0.6,10.5,73.0,1027.8,6.4,69.0,0.0
2003-02-26,0.0,-1.6,9.6,79.0,1025.8,8.4,69.0,6.0
2003-02-27,0.0,0.1,9.5,84.0,1024.2,5.4,97.0,30.0
2003-02-28,0.0,0.6,9.4,86.0,1027.1,4.1,184.0,45.0
2003-03-01,0.0,0.8,9.8,90.0,1026.0,6.4,118.0,70.0
2003-03-02,0.4,4.5,9.7,88.0,1017.9,7.0,68.0,92.0
2003-03-03,3.2,5.1,12.5,81.0,1012.5,9.5,11.0,98.0
2003-03-04,0.0,3.1,12.3,79.0,1020.4,4.6,195.0,19.0
2003-03-05,0.0,3.1,12.0,83.0,1022.8,7.1,116.0,29.0
2003-03-06,0.0,2.7,11.3,86.0,1017.2,7.4,95.0,81.0
2003-03-07,0.8,6.3,11.6,79.0,1019.8,8.8,64.0,60.0
2003-03-08,0.0,4.4,12.0,84.0,1022.4,5.6,105.0,70.0
2003-03-09,0.0,3.7,12.7,83.0,1024.8,6.6,150.0,74.0
2003-03-10,0.0,5.7,13.4,86.0,1025.6,5.1,141.0,41.0
2003-03-11,0.0,5.4,13.8,87.0,1026.1,6.4,133.0,81.0
2003-03-12,0.0,6.3,14.2,87.0,1019.9,7.8,152.0,82.0
2003-03-13,0.5,6.7,14.3,81.0,1020.7,13.3,121.0,48.0
2003-03-14,0.0,5.0,9.0,58.0,1025.6,11.7,137.0,47.0
2003-03-15,0.0,2.7,10.2,62.0,1031.3,10.6,82.0,36.0
2003-03-16,0.0,1.5,11.6,61.0,1033.5,12.9,71.0,16.0
2003-03-17,0.0,1.3,13.3,64.0,1029.0,8.7,308.0,25.0
2003-03-18,0.0,2.7,13.3,68.0,1025.3,7.3,328.0,12.0
2003-03-19,0.0,3.4,12.3,69.0,1024.4,7.5,167.0,10.0
2003-03-20,0.0,5.2,12.9,73.0,1020.5,8.1,173.0,0.0
2003-03-21,0.0,3.1,11.6,75.0,1021.5,8.5,83.0,37.0
2003-03-22,0.0,4.1,9.7,52.0,1025.9,14.6,74.0,12.0
2003-03-23,0.0,3.0,9.5,48.0,1029.8,12.1,86.0,0.0
2003-03-24,0.0,1.3,14.5,63.0,1028.7,7.4,207.0,0.0
2003-03-25,0.0,4.6,15.6,70.0,1023.0,5.8,136.0,25.0
2003-03-26,0.0,5.6,16.3,73.0,1018.9,6.3,136.0,3.0
2003-03-27,0.0,4.4,15.8,78.0,1020.4,8.2,117.0,48.0
2003-03-28,0.0,7.5,15.3,84.0,1018.2,9.9,89.0,44.0
2003-03-29,0.0,9.0,14.5,87.0,1016.5,8.2,91.0,66.0
2003-03-30,0.0,7.6,14.5,87.0,1016.6,6.8,151.0,78.0
2003-03-31,0.0,7.9,14.9,86.0,1016.3,7.0,107.0,96.0
2003-04-01,0.0,9.0,14.4,59.0,1021.4,12.2,94.0,25.0
2003-04-02,20.0,5.2,10.9,86.0,1004.7,10.0,83.0,94.0
2003-04-03,40.6,4.8,9.3,81.0,1006.8,30.0,31.0,100.0
2003-04-04,6.8,6.5,13.1,63.0,1017.9,22.1,44.0,78.0
2003-04-05,0.0,1.9,13.6,66.0,1013.7,9.4,220.0,5.0
2003-04-06,2.8,3.0,9.4,69.0,1009.9,17.9,107.0,46.0
2003-04-07,3.1,-0.0,7.6,58.0,1015.1,9.1,8.0,63.0
2003-04-08,0.0,-0.6,10.8,45.0,1019.4,13.5,239.0,0.0
2003-04-09,0.1,0.7,10.7,62.0,1014.4,14.6,196.0,45.0
2003-04-10,14.3,5.0,7.8,90.0,1007.1,9.8,24.0,89.0
2003-04-11,0.6,2.1,10.9,84.0,1011.4,9.3,172.0,70.0
2003-04-12,19.7,7.8,11.6,87.0,1015.6,15.6,40.0,88.0
2003-04-13,0.0,5.0,16.6,73.0,1020.5,6.5,286.0,16.0
2003-04-14,0.0,6.2,18.3,65.0,1020.8,11.9,53.0,22.0
2003-04-15,0.0,11.7,17.6,57.0,1022.9,19.0,55.0,36.0
2003-04-16,0.0,9.5,20.0,60.0,1022.5,10.9,46.0,11.0
2003-04-17,0.0,11.0,19.3,56.0,1022.4,13.2,54.0,29.0
2003-04-18,0.1,8.2,18.4,65.0,1017.8,9.6,73.0,19.0
2003-04-19,3.4,10.2,13.9,74.0,1014.5,18.2,50.0,78.0
2003-04-20,0.1,9.5,15.5,72.0,1016.3,12.4,63.0,82.0
2003-04-21,1.3,9.3,15.9,81.0,1014.9,7.1,104.0,89.0
2003-04-22,0.0,6.4,19.0,70.0,1012.6,7.0,315.0,29.0
2003-04-23,0.2,9.0,18.3,76.0,1010.8,6.5,110.0,30.0
2003-04-24,0.0,9.4,18.1,78.0,1014.3,10.1,94.0,10.0
2003-04-25,0.0,11.4,18.4,77.0,1019.4,10.4,100.0,60.0
2003-04-26,0.0,11.7,18.6,75.0,1016.9,10.6,126.0,88.0
2003-04-27,4.3,12.7,17.5,82.0,1014.4,10.5,188.0,65.0
2003-04-28,0.0,13.1,16.7,88.0,1017.6,11.3,121.0,92.0
2003-04-29,0.0,11.7,19.3,85.0,1019.3,8.3,149.0,90.0
2003-04-30,0.1,13.4,19.0,86.0,1021.2,11.8,99.0,99.0
2003-05-01,0.3,14.0,20.6,86.0,1020.3,7.4,123.0,75.0
2003-05-02,0.8,14.3,20.2,87.0,1018.8,9.6,98.0,85.0
2003-05-03,0.0,14.8,21.2,85.0,1018.2,7.1,89.0,58.0
2003-05-04,0.0,14.9,22.0,60.0,1023.7,12.2,57.0,4.0
2003-05-05,0.0,11.8,22.6,70.0,1019.9,6.5,123.0,5.0
2003-05-06,0.0,12.9,23.2,73.0,1018.7,8.6,117.0,67.0
2003-05-07,0.0,12.1,23.6,74.0,1020.2,8.1,115.0,30.0
2003-05-08,0.0,14.0,24.9,76.0,1018.7,8.3,128.0,72.0
2003-05-09,0.0,16.1,24.4,77.0,1015.4,8.1,119.0,53.0
2003-05-10,2.0,16.2,23.4,79.0,1017.4,7.8,49.0,90.0
2003-05-11,0.0,13.7,23.3,81.0,1018.6,5.7,232.0,43.0
2003-05-12,0.0,14.9,24.2,79.0,1015.9,6.2,200.0,56.0
2003-05-13,0.9,15.9,23.1,81.0,1011.6,9.0,109.0,43.0
2003-05-14,5.3,14.0,17.7,65.0,1012.9,24.9,35.0,34.0
2003-05-15,0.0,11.2,19.2,44.0,1018.8,16.4,48.0,8.0
2003-05-16,0.0,12.9,19.1,51.0,1018.4,11.6,73.0,29.0
2003-05-17,0.0,9.9,20.6,66.0,1017.1,8.6,128.0,83.0
2003-05-18,0.0,12.5,22.4,74.0,1017.4,8.0,152.0,40.0
2003-05-19,0.0,15.1,23.0,77.0,1017.6,10.9,123.0,33.0
2003-05-20,13.3,14.1,19.3,82.0,1013.8,10.3,219.0,77.0
2003-05-21,1.2,12.8,18.2,68.0,1018.3,9.7,77.0,75.0
2003-05-22,0.0,9.1,21.4,66.0,1020.6,6.3,237.0,11.0
2003-05-23,0.0,12.4,22.8,65.0,1017.9,5.2,153.0,29.0
2003-05-24,0.0,12.9,24.0,68.0,1013.0,8.4,109.0,6.0
2003-05-25,0.0,14.1,24.6,76.0,1010.5,5.8,150.0,36.0
2003-05-26,0.0,14.2,25.3,76.0,1013.3,7.1,149.0,53.0
2003-05-27,0.0,15.2,26.2,69.0,1015.0,8.2,40.0,70.0
2003-05-28,0.3,17.8,28.8,59.0,1013.8,8.7,42.0,52.0
2003-05-29,0.0,18.2,28.0,58.0,1012.6,9.1,35.0,61.0
2003-05-30,0.0,19.7,26.9,62.0,1012.9,9.7,14.0,59.0
2003-05-31,0.0,19.3,26.6,69.0,1012.4,5.4,116.0,69.0
2003-06-01,1.1,18.3,23.3,84.0,1012.2,9.3,131.0,69.0
2003-06-02,0.8,17.1,24.4,83.0,1012.5,8.9,104.0,54.0
2003-06-03,0.0,17.3,25.2,78.0,1014.8,9.9,118.0,41.0
2003-06-04,0.0,18.1,26.2,78.0,1017.5,7.2,157.0,29.0
2003-06-05,0.0,17.5,27.2,76.0,1019.2,8.3,163.0,41.0
2003-06-06,0.3,19.2,28.0,78.0,1018.2,7.6,146.0,47.0
2003-06-07,0.0,20.2,28.8,74.0,1016.5,6.3,88.0,40.0
2003-06-08,0.0,19.3,30.0,68.0,1014.8,9.5,207.0,17.0
2003-06-09,0.0,19.8,30.7,68.0,1015.3,7.1,185.0,14.0
2003-06-10,0.0,22.5,31.0,68.0,1016.8,9.8,116.0,24.0
2003-06-11,0.0,21.1,32.2,68.0,1016.6,7.3,163.0,50.0
2003-06-12,0.3,23.0,32.6,68.0,1017.6,7.2,111.0,43.0
2003-06-13,0.0,23.3,32.5,68.0,1016.1,6.0,159.0,55.0
2003-06-14,0.0,24.0,31.7,63.0,1016.1,9.2,50.0,36.0
2003-06-15,0.1,23.4,31.0,62.0,1012.9,6.6,62.0,56.0
2003-06-16,0.0,23.6,29.6,67.0,1010.0,7.4,91.0,54.0
2003-06-17,0.5,23.2,29.1,65.0,1010.8,12.3,51.0,97.0
2003-06-18,1.1,20.9,28.0,70.0,1012.7,8.1,45.0,67.0
2003-06-19,0.0,20.2,28.4,66.0,1017.1,7.2,93.0,19.0
2003-06-20,0.0,22.2,30.0,63.0,1014.3,11.2,177.0,9.0
2003-06-21,0.0,23.3,28.9,62.0,1010.9,13.8,73.0,28.0
2003-06-22,0.0,21.9,28.5,71.0,1012.1,9.8,105.0,58.0
2003-06-23,0.0,22.8,30.2,78.0,1013.9,8.6,103.0,52.0
2003-06-24,0.0,21.7,30.9,75.0,1015.8,8.6,133.0,53.0
2003-06-25,0.0,23.7,30.9,75.0,1014.5,9.1,99.0,45.0
2003-06-26,4.1,24.2,29.5,77.0,1011.6,9.3,59.0,72.0
2003-06-27,0.3,21.6,28.4,70.0,1010.9,7.4,87.0,62.0
2003-06-28,1.3,22.8,28.3,66.0,1011.2,9.3,70.0,71.0
2003-06-29,22.9,19.4,25.4,78.0,1010.6,9.0,66.0,75.0
2003-06-30,0.0,20.6,27.9,77.0,1009.5,10.1,160.0,40.0
2003-07-01,0.0,21.9,29.0,75.0,1002.8,11.2,202.0,36.0
2003-07-02,0.0,21.0,26.1,61.0,1004.4,13.4,62.0,39.0
2003-07-03,9.1,18.9,26.9,74.0,1008.1,7.4,46.0,37.0
2003-07-04,6.4,16.8,23.9,68.0,1011.3,12.3,16.0,57.0
2003-07-05,0.0,16.4,25.8,63.0,1012.6,7.5,166.0,19.0
2003-07-06,0.0,18.4,26.6,65.0,1015.0,10.4,105.0,21.0
2003-07-07,0.2,18.7,27.4,71.0,1017.2,8.3,62.0,33.0
2003-07-08,0.0,20.1,27.6,73.0,1016.2,8.5,109.0,30.0
2003-07-09,3.9,20.7,26.4,78.0,1014.8,11.9,87.0,81.0
2003-07-10,0.0,19.0,27.4,75.0,1014.7,8.7,92.0,46.0
2003-07-11,0.7,21.9,27.6,79.0,1014.5,8.5,91.0,28.0
2003-07-12,0.0,22.2,28.3,75.0,1015.9,11.6,99.0,52.0
2003-07-13,4.4,22.4,28.9,78.0,1012.8,10.9,90.0,64.0
2003-07-14,1.9,21.8,25.7,60.0,1014.3,12.6,72.0,57.0
2003-07-15,0.0,21.1,27.9,64.0,1013.1,8.8,159.0,48.0
2003-07-16,0.0,21.1,29.1,75.0,1012.3,10.1,122.0,32.0
2003-07-17,0.3,22.9,29.9,75.0,1012.6,7.1,70.0,23.0
2003-07-18,0.0,22.6,29.9,59.0,1016.5,10.2,64.0,12.0
2003-07-19,0.0,21.3,29.5,57.0,1018.5,9.3,112.0,7.0
2003-07-20,0.0,21.4,30.4,61.0,1016.6,8.2,125.0,22.0
2003-07-21,0.0,23.0,31.5,66.0,1015.9,8.5,136.0,46.0
2003-07-22,0.0,23.5,32.0,69.0,1016.9,9.4,121.0,27.0
2003-07-23,0.0,24.8,31.5,63.0,1014.4,9.9,50.0,31.0
2003-07-24,1.5,23.7,28.8,60.0,1013.3,12.9,14.0,70.0
2003-07-25,0.0,19.7,29.7,59.0,1012.2,7.6,243.0,27.0
2003-07-26,0.0,21.1,30.6,63.0,1013.1,8.1,134.0,29.0
2003-07-27,0.0,21.8,31.3,66.0,1013.3,9.9,131.0,4.0
2003-07-28,0.0,23.9,31.5,62.0,1012.7,7.1,51.0,20.0
2003-07-29,0.0,23.6,30.2,49.0,1015.9,19.3,56.0,31.0
2003-07-30,0.0,21.7,28.6,52.0,1015.6,9.1,109.0,24.0
2003-07-31,0.0,20.4,28.9,55.0,1010.9,9.2,20.0,66.0
2003-08-01,0.3,21.6,30.0,57.0,1012.2,7.6,59.0,49.0
2003-08-02,0.0,21.2,31.8,59.0,1016.1,6.3,27.0,9.0
2003-08-03,0.0,23.2,32.4,56.0,1018.6,7.5,69.0,8.0
2003-08-04,0.0,22.5,32.9,61.0,1019.6,6.4,157.0,27.0
2003-08-05,0.7,24.0,33.6,60.0,1019.1,5.5,276.0,62.0
2003-08-06,0.0,25.2,33.0,66.0,1017.9,7.6,91.0,67.0
2003-08-07,0.0,25.5,31.9,63.0,1017.7,8.7,55.0,57.0
2003-08-08,0.0,24.3,32.3,62.0,1017.4,10.5,117.0,21.0
2003-08-09,0.0,23.7,33.4,64.0,1015.7,4.8,145.0,41.0
2003-08-10,0.0,23.4,33.3,71.0,1014.3,8.3,123.0,66.0
2003-08-11,0.0,24.4,33.7,71.0,1014.1,8.7,104.0,24.0
2003-08-12,0.0,26.5,32.8,57.0,1018.9,13.1,85.0,30.0
2003-08-13,0.0,23.0,33.8,67.0,1018.5,8.3,142.0,14.0
2003-08-14,5.8,25.1,31.6,73.0,1013.8,8.5,42.0,63.0
2003-08-15,0.5,22.5,30.1,73.0,1012.2,8.0,94.0,56.0
2003-08-16,0.1,23.6,29.7,67.0,1013.8,8.4,77.0,34.0
2003-08-17,0.0,22.3,30.5,73.0,1015.5,9.4,104.0,74.0
2003-08-18,0.0,24.7,30.6,73.0,1016.2,8.8,322.0,49.0
2003-08-19,0.0,21.2,31.2,63.0,1015.5,6.6,59.0,11.0
2003-08-20,0.0,24.4,30.6,59.0,1015.8,11.9,56.0,28.0
2003-08-21,0.0,21.9,31.3,62.0,1014.0,7.8,76.0,38.0
2003-08-22,0.0,21.4,31.3,64.0,1014.2,7.2,164.0,13.0
2003-08-23,0.0,22.6,31.9,65.0,1014.4,6.1,176.0,7.0
2003-08-24,0.0,24.6,31.5,66.0,1012.1,6.1,37.0,36.0
2003-08-25,7.2,22.7,27.3,73.0,1010.3,14.5,53.0,72.0
2003-08-26,0.0,21.6,28.9,56.0,1009.9,11.9,65.0,49.0
2003-08-27,0.0,21.7,29.5,69.0,1009.4,8.8,146.0,15.0
2003-08-28,8.1,23.4,29.7,74.0,1008.5,7.3,96.0,38.0
2003-08-29,19.8,21.3,25.5,88.0,1006.4,15.2,61.0,74.0
2003-08-30,0.0,20.7,28.1,77.0,1007.3,7.7,140.0,17.0
2003-08-31,1.4,19.8,23.4,64.0,1009.3,17.1,50.0,28.0
2003-09-01,0.0,17.8,21.9,50.0,1015.1,18.8,51.0,66.0
2003-09-02,0.0,17.3,23.0,49.0,1017.0,13.0,55.0,36.0
2003-09-03,0.0,17.4,21.8,46.0,1024.1,16.2,70.0,32.0
2003-09-04,0.0,16.2,22.3,49.0,1027.8,10.5,83.0,6.0
2003-09-05,0.0,13.6,24.1,60.0,1023.7,8.9,114.0,48.0
2003-09-06,0.5,16.7,24.1,63.0,1019.1,8.2,81.0,68.0
2003-09-07,0.0,16.4,24.9,67.0,1017.4,9.0,96.0,62.0
2003-09-08,15.6,17.0,20.0,83.0,1009.7,16.0,50.0,98.0
2003-09-09,11.3,16.5,20.5,82.0,1005.3,12.8,42.0,99.0
2003-09-10,1.1,16.4,24.7,73.0,1009.0,7.7,356.0,67.0
2003-09-11,6.7,16.9,23.0,77.0,1012.3,10.0,75.0,48.0
2003-09-12,0.0,13.0,22.7,69.0,1018.1,8.1,93.0,18.0
2003-09-13,0.0,14.3,23.3,70.0,1021.1,7.7,90.0,32.0
2003-09-14,0.0,15.5,22.7,62.0,1023.6,10.9,75.0,26.0
2003-09-15,0.0,15.6,23.2,54.0,1025.3,13.1,51.0,5.0
2003-09-16,0.0,13.2,22.9,62.0,1023.2,8.5,49.0,16.0
2003-09-17,0.0,14.4,24.9,67.0,1022.4,6.3,88.0,38.0
2003-09-18,0.0,16.4,25.9,69.0,1022.1,5.4,178.0,4.0
2003-09-19,0.0,15.8,26.2,73.0,1022.4,5.5,150.0,7.0
2003-09-20,0.0,15.8,25.6,76.0,1024.1,6.2,134.0,7.0
2003-09-21,0.0,15.4,25.5,77.0,1022.9,6.3,135.0,18.0
2003-09-22,0.0,14.5,24.7,81.0,1018.6,9.0,110.0,2.0
2003-09-23,0.6,16.9,24.3,81.0,1014.1,6.3,163.0,56.0
2003-09-24,16.6,16.8,18.4,79.0,1019.9,22.6,56.0,69.0
2003-09-25,0.0,14.6,20.2,49.0,1027.6,18.9,57.0,7.0
2003-09-26,0.0,12.7,20.4,53.0,1024.1,11.0,36.0,0.0
2003-09-27,0.0,12.2,20.9,67.0,1019.9,6.3,108.0,66.0
2003-09-28,0.7,12.9,20.2,79.0,1016.2,10.0,78.0,63.0
2003-09-29,4.3,15.4,21.5,78.0,1010.0,8.2,24.0,63.0
2003-09-30,0.0,15.8,20.4,69.0,1015.0,10.3,80.0,46.0
2003-10-01,0.3,12.4,20.5,80.0,1016.5,8.2,70.0,86.0
2003-10-02,0.0,17.2,21.7,83.0,1016.0,7.6,93.0,82.0
2003-10-03,0.7,16.6,22.0,90.0,1012.8,8.4,179.0,61.0
2003-10-04,6.9,16.6,22.6,86.0,1005.1,8.8,166.0,74.0
2003-10-05,17.9,12.0,19.2,83.0,998.1,11.6,238.0,75.0
2003-10-06,2.5,11.8,18.9,63.0,1011.3,13.0,171.0,25.0
2003-10-07,0.0,8.7,18.5,69.0,1009.6,10.3,235.0,58.0
2003-10-08,0.3,10.3,19.0,57.0,1005.8,11.8,276.0,40.0
2003-10-09,0.0,11.1,18.0,55.0,1009.5,7.5,39.0,30.0
2003-10-10,0.0,14.0,20.0,78.0,1018.8,10.3,85.0,30.0
2003-10-11,0.0,13.7,19.8,85.0,1021.9,8.0,58.0,34.0
2003-10-12,0.6,14.0,19.7,89.0,1021.7,7.9,81.0,58.0
2003-10-13,0.1,15.4,17.5,72.0,1021.2,13.7,56.0,46.0
2003-10-14,0.0,14.1,16.1,58.0,1021.7,21.7,58.0,85.0
2003-10-15,0.0,11.5,15.3,47.0,1025.9,26.4,62.0,24.0
2003-10-16,0.0,9.1,15.0,53.0,1025.3,21.2,62.0,0.0
2003-10-17,0.0,8.3,12.9,52.0,1026.5,20.1,64.0,12.0
2003-10-18,0.0,7.5,13.2,54.0,1020.6,18.8,58.0,84.0
2003-10-19,0.0,9.3,14.1,54.0,1012.4,8.1,52.0,71.0
2003-10-20,15.9,8.7,12.1,85.0,1004.1,11.2,16.0,92.0
2003-10-21,0.2,9.5,16.5,85.0,1002.9,8.5,225.0,45.0
2003-10-22,2.3,10.8,13.2,76.0,1008.1,18.5,49.0,84.0
2003-10-23,15.2,8.4,10.7,80.0,1003.7,22.8,48.0,93.0
2003-10-24,0.1,7.4,10.5,67.0,1008.3,19.4,45.0,55.0
2003-10-25,0.0,4.7,9.6,59.0,1020.8,11.6,60.0,12.0
2003-10-26,0.8,1.7,11.2,71.0,1018.1,8.7,69.0,60.0
2003-10-27,7.9,6.2,12.7,66.0,1016.3,14.1,38.0,52.0
2003-10-28,0.0,5.4,11.2,65.0,1022.1,12.2,51.0,31.0
2003-10-29,10.8,6.7,9.0,81.0,1011.5,13.4,27.0,97.0
2003-10-30,6.9,6.7,9.9,87.0,997.4,10.6,259.0,69.0
2003-10-31,13.0,3.8,13.4,92.0,999.7,10.5,78.0,92.0
2003-11-01,28.5,11.2,15.2,91.0,997.3,16.0,163.0,100.0
2003-11-02,0.9,7.9,15.7,88.0,1006.9,6.4,291.0,40.0
2003-11-03,0.0,7.6,14.7,90.0,1019.3,4.2,35.0,52.0
2003-11-04,0.0,6.8,18.5,79.0,1026.9,11.5,31.0,10.0
2003-11-05,0.0,8.4,16.1,71.0,1031.1,15.3,40.0,14.0
2003-11-06,0.0,8.4,13.8,65.0,1028.3,16.3,49.0,67.0
2003-11-07,0.4,9.6,12.6,58.0,1026.2,29.0,61.0,92.0
2003-11-08,32.8,7.8,10.9,84.0,1025.0,30.1,55.0,99.0
2003-11-09,2.4,8.5,14.7,85.0,1026.0,9.2,7.0,62.0
2003-11-10,0.0,6.6,13.9,78.0,1023.1,15.7,54.0,10.0
2003-11-11,0.0,7.1,11.1,64.0,1024.8,18.7,58.0,12.0
2003-11-12,0.0,6.1,9.6,62.0,1026.1,14.1,44.0,33.0
2003-11-13,0.0,4.5,9.3,70.0,1026.7,6.9,42.0,29.0
2003-11-14,0.0,2.4,10.8,81.0,1026.1,4.6,356.0,49.0
2003-11-15,0.0,5.8,11.0,83.0,1023.0,4.0,22.0,74.0
2003-11-16,0.7,8.5,10.8,78.0,1021.0,5.7,52.0,100.0
2003-11-17,3.2,8.0,12.5,90.0,1020.8,5.8,248.0,80.0
2003-11-18,0.0,7.3,13.2,90.0,1025.9,4.6,318.0,87.0
2003-11-19,0.0,8.1,11.4,93.0,1026.8,3.9,211.0,93.0
2003-11-20,0.0,8.1,10.1,89.0,1024.6,3.7,234.0,99.0
2003-11-21,0.0,8.0,11.7,89.0,1022.4,2.4,252.0,100.0
2003-11-22,0.0,9.4,12.2,88.0,1021.1,4.9,80.0,88.0
2003-11-23,0.0,10.4,13.7,93.0,1018.5,4.3,70.0,99.0
2003-11-24,0.6,10.2,14.9,95.0,1014.8,8.0,57.0,99.0
2003-11-25,0.6,10.7,14.3,96.0,1013.1,5.7,49.0,97.0
2003-11-26,15.0,11.5,12.9,92.0,1007.7,13.7,45.0,100.0
2003-11-27,11.6,9.8,13.3,93.0,1002.8,12.6,123.0,96.0
2003-11-28,15.5,9.0,13.6,88.0,1001.2,11.6,131.0,93.0
2003-11-29,0.1,4.1,13.7,84.0,1010.8,8.2,24.0,41.0
2003-11-30,0.0,5.9,12.2,81.0,1016.7,5.2,43.0,31.0
2003-12-01,1.2,7.0,10.7,85.0,1018.5,10.2,53.0,99.0
2003-12-02,0.5,10.8,12.9,84.0,1022.9,14.5,68.0,81.0
2003-12-03,0.0,10.5,13.3,85.0,1024.6,13.7,50.0,95.0
2003-12-04,0.0,8.0,14.0,78.0,1025.8,13.7,46.0,88.0
2003-12-05,0.0,8.1,13.5,88.0,1025.4,5.5,108.0,31.0
2003-12-06,0.0,6.3,10.4,90.0,1015.5,8.5,255.0,53.0
2003-12-07,0.0,5.1,10.5,40.0,1022.2,29.8,70.0,35.0
2003-12-08,0.0,1.4,6.1,57.0,1025.9,16.8,52.0,0.0
2003-12-09,0.0,0.2,8.8,56.0,1020.8,19.8,58.0,13.0
2003-12-10,10.3,3.3,6.6,77.0,1021.3,23.6,45.0,99.0
2003-12-11,4.2,6.3,9.7,90.0,1022.3,11.6,29.0,94.0
2003-12-12,0.0,3.9,10.3,91.0,1021.7,4.3,285.0,29.0
2003-12-13,0.0,3.6,10.6,84.0,1023.9,8.7,40.0,45.0
2003-12-14,0.0,4.2,7.9,91.0,1010.4,5.7,98.0,72.0
2003-12-15,0.0,1.7,9.4,76.0,1009.1,10.9,346.0,35.0
2003-12-16,0.0,1.3,8.8,48.0,1018.0,15.2,295.0,17.0
2003-12-17,0.0,-1.3,8.6,75.0,1026.4,6.5,12.0,67.0
2003-12-18,0.0,1.2,7.9,81.0,1028.4,6.4,14.0,16.0
2003-12-19,0.0,2.0,6.6,84.0,1026.8,3.1,12.0,45.0
2003-12-20,0.0,-0.1,7.7,85.0,1027.1,5.0,321.0,11.0
2003-12-21,5.5,2.9,5.7,95.0,1015.1,4.0,242.0,96.0
2003-12-22,0.6,3.0,7.9,85.0,1007.8,11.0,7.0,81.0
2003-12-23,0.0,0.3,4.6,34.0,1018.2,21.4,30.0,11.0
2003-12-24,0.0,-2.4,4.0,45.0,1026.7,18.6,41.0,0.0
2003-12-25,0.0,-2.7,3.7,54.0,1028.3,11.0,23.0,0.0
2003-12-26,0.0,-2.9,6.6,64.0,1022.9,5.8,289.0,8.0
2003-12-27,0.0,0.7,5.3,76.0,1018.2,2.9,152.0,93.0
2003-12-28,7.5,3.0,8.8,89.0,1011.4,9.9,149.0,99.0
2003-12-29,40.7,7.1,8.9,93.0,1008.7,15.5,65.0,100.0
2003-12-30,14.7,7.2,8.7,92.0,1008.2,21.2,40.0,100.0
2003-12-31,16.6,7.2,9.2,87.0,1009.6,21.5,51.0,96.0
2004-01-01,0.0,4.1,8.1,79.0,1011.1,11.2,47.0,59.0
2004-01-02,0.0,4.1,6.9,69.0,1006.7,20.8,58.0,99.0
2004-01-03,0.0,1.5,4.9,60.0,1013.6,21.4,61.0,52.0
2004-01-04,0.0,-0.9,2.9,66.0,1015.1,11.1,52.0,29.0
2004-01-05,0.0,-0.2,3.4,77.0,1017.1,3.6,162.0,31.0
2004-01-06,0.0,-1.5,6.0,79.0,1023.8,9.2,52.0,79.0
2004-01-07,0.0,1.5,5.1,80.0,1022.4,5.6,54.0,97.0
2004-01-08,0.0,0.0,6.2,83.0,1019.9,5.8,21.0,86.0
2004-01-09,3.6,2.9,5.5,90.0,1012.4,5.5,23.0,97.0
2004-01-10,0.0,1.9,6.8,90.0,1012.2,4.8,224.0,69.0
2004-01-11,0.5,-0.6,8.4,89.0,1020.1,4.8,92.0,64.0
2004-01-12,0.7,1.2,6.6,89.0,1012.7,4.5,67.0,86.0
2004-01-13,0.0,0.9,6.7,93.0,1003.6,6.4,213.0,77.0
2004-01-14,0.0,0.8,9.1,93.0,999.8,6.2,25.0,91.0
2004-01-15,2.0,4.4,10.4,77.0,1000.9,10.8,298.0,83.0
2004-01-16,0.0,0.4,7.4,73.0,1011.9,4.9,217.0,68.0
2004-01-17,6.5,1.2,6.1,93.0,1004.2,5.9,275.0,80.0
2004-01-18,31.6,0.9,5.4,88.0,1007.3,27.6,45.0,97.0
2004-01-19,2.8,3.9,8.6,69.0,1015.7,13.6,38.0,59.0
2004-01-20,0.5,0.9,5.7,85.0,1006.0,9.7,208.0,67.0
2004-01-21,1.5,0.3,5.4,79.0,1010.8,10.6,69.0,51.0
2004-01-22,1.2,0.5,3.7,74.0,1017.9,8.2,146.0,89.0
2004-01-23,3.2,0.5,2.5,75.0,1020.3,10.5,74.0,93.0
2004-01-24,0.0,-2.3,2.9,73.0,1018.9,6.8,47.0,62.0
2004-01-25,0.0,-1.8,2.6,82.0,1013.4,3.5,303.0,87.0
2004-01-26,0.2,-2.1,4.7,87.0,1011.9,5.8,232.0,85.0
2004-01-27,4.0,0.8,5.7,86.0,1001.6,9.0,332.0,77.0
2004-01-28,0.8,-0.9,6.8,83.0,998.7,7.4,297.0,89.0
2004-01-29,1.0,0.4,4.9,86.0,1003.5,9.7,67.0,88.0
2004-01-30,0.0,-3.6,6.0,71.0,1018.9,5.2,276.0,8.0
2004-01-31,0.0,-0.1,6.2,76.0,1026.7,5.4,204.0,87.0
2004-02-01,0.0,1.4,8.6,80.0,1027.1,6.1,236.0,83.0
2004-02-02,0.0,0.5,6.5,94.0,1028.7,5.3,67.0,92.0
2004-02-03,0.0,2.8,7.9,91.0,1030.6,3.8,127.0,99.0
2004-02-04,0.0,0.7,7.4,95.0,1033.0,3.9,199.0,79.0
2004-02-05,0.0,0.7,7.6,97.0,1031.0,5.1,173.0,64.0
2004-02-06,0.0,2.0,7.4,96.0,1029.2,4.8,108.0,84.0
2004-02-07,1.9,3.6,9.4,94.0,1021.5,8.5,200.0,88.0
2004-02-08,0.1,3.1,9.6,93.0,1016.3,7.0,160.0,66.0
2004-02-09,0.0,0.1,9.6,79.0,1020.2,7.7,106.0,49.0
2004-02-10,0.0,-0.8,9.4,73.0,1029.4,7.3,103.0,37.0
2004-02-11,0.0,0.7,8.1,79.0,1017.9,7.5,205.0,41.0
2004-02-12,0.0,2.2,5.0,65.0,1023.8,15.6,114.0,45.0
2004-02-13,0.0,1.4,5.2,69.0,1030.3,8.5,160.0,72.0
2004-02-14,0.0,0.4,7.0,82.0,1023.4,4.1,182.0,36.0
2004-02-15,0.0,-0.8,8.7,85.0,1018.3,4.1,96.0,28.0
2004-02-16,0.0,-0.3,8.8,91.0,1022.2,5.0,182.0,27.0
2004-02-17,0.0,2.6,9.7,79.0,1026.7,5.9,175.0,41.0
2004-02-18,0.4,2.1,8.0,82.0,1018.6,6.1,161.0,47.0
2004-02-19,41.9,2.1,5.4,92.0,1013.6,30.4,56.0,100.0
2004-02-20,8.3,2.0,6.4,73.0,1022.6,29.1,48.0,92.0
2004-02-21,17.5,3.3,5.8,79.0,1023.5,23.4,52.0,100.0
2004-02-22,28.6,6.0,9.2,93.0,1009.5,12.9,33.0,99.0
2004-02-23,18.1,6.2,10.2,95.0,1001.0,8.3,184.0,98.0
2004-02-24,20.8,-0.0,6.5,86.0,1008.9,22.1,26.0,89.0
2004-02-25,0.0,-2.0,5.1,83.0,1014.2,6.3,41.0,82.0
2004-02-26,9.6,1.2,6.1,85.0,1002.6,9.9,28.0,98.0
2004-02-27,9.7,1.2,5.0,93.0,994.1,7.8,22.0,95.0
2004-02-28,7.8,-2.2,6.3,83.0,997.3,22.1,38.0,93.0
2004-02-29,8.1,1.5,6.1,72.0,1005.4,28.1,50.0,99.0
2004-03-01,0.2,1.7,7.8,55.0,1017.5,20.3,59.0,54.0
2004-03-02,0.0,-1.0,7.2,61.0,1025.2,9.1,95.0,7.0
2004-03-03,0.0,0.9,8.8,74.0,1025.7,6.3,184.0,2.0
2004-03-04,0.0,0.3,9.4,82.0,1023.1,7.4,118.0,49.0
2004-03-05,0.0,2.2,6.8,75.0,1022.0,11.5,80.0,43.0
2004-03-06,0.5,3.4,5.1,70.0,1024.4,12.2,80.0,97.0
2004-03-07,28.9,1.5,4.7,93.0,1021.5,22.5,47.0,100.0
2004-03-08,12.5,1.6,7.1,81.0,1016.6,16.6,44.0,98.0
2004-03-09,0.3,1.6,9.5,79.0,1018.8,9.1,235.0,75.0
2004-03-10,3.4,1.6,8.3,75.0,1022.0,11.7,93.0,66.0
2004-03-11,25.3,4.0,6.7,85.0,1018.5,25.8,64.0,100.0
2004-03-12,0.4,3.6,10.5,75.0,1022.8,9.0,49.0,73.0
2004-03-13,0.0,2.1,10.5,84.0,1027.4,7.7,120.0,89.0
2004-03-14,0.0,6.2,12.0,84.0,1031.4,5.7,150.0,74.0
2004-03-15,0.0,5.7,13.9,85.0,1033.9,5.3,193.0,31.0
2004-03-16,0.0,5.6,16.4,84.0,1033.8,6.1,224.0,26.0
2004-03-17,0.0,6.6,17.0,84.0,1031.4,5.4,198.0,54.0
2004-03-18,0.0,5.3,16.3,90.0,1028.5,6.4,150.0,54.0
2004-03-19,0.0,6.7,16.0,87.0,1024.2,7.1,201.0,58.0
2004-03-20,0.0,7.3,15.2,81.0,1021.6,11.9,212.0,94.0
2004-03-21,0.0,9.0,15.1,83.0,1015.8,15.0,208.0,73.0
2004-03-22,5.0,8.0,13.4,78.0,1010.4,15.4,62.0,90.0
2004-03-23,7.2,7.2,9.2,79.0,1004.9,22.2,49.0,100.0
2004-03-24,1.5,6.1,10.2,82.0,1001.5,10.0,232.0,100.0
2004-03-25,0.3,5.9,11.4,86.0,1006.9,6.8,137.0,84.0
2004-03-26,5.1,6.9,9.7,76.0,1008.8,19.1,58.0,94.0
2004-03-27,0.0,3.9,9.7,63.0,1012.6,13.2,77.0,46.0
2004-03-28,0.0,1.9,11.1,77.0,1017.8,5.7,127.0,23.0
2004-03-29,0.0,1.5,13.2,76.0,1020.5,8.2,42.0,0.0
2004-03-30,0.0,5.3,14.3,65.0,1019.7,14.5,54.0,25.0
2004-03-31,0.4,8.8,13.5,66.0,1017.9,9.4,65.0,82.0
2004-04-01,0.0,7.1,14.9,80.0,1014.0,4.8,110.0,75.0
2004-04-02,0.0,8.4,17.1,82.0,1016.8,6.0,121.0,34.0
2004-04-03,0.0,7.6,15.7,89.0,1021.7,8.9,111.0,67.0
2004-04-04,0.0,8.7,15.2,92.0,1023.6,6.4,163.0,80.0
2004-04-05,0.7,10.6,16.9,82.0,1015.7,9.6,174.0,71.0
2004-04-06,3.1,9.1,12.6,86.0,1006.4,11.4,45.0,87.0
2004-04-07,9.2,6.6,11.8,73.0,1004.7,15.2,41.0,73.0
2004-04-08,0.0,3.3,13.6,75.0,1012.6,6.8,94.0,48.0
2004-04-09,6.2,7.9,12.6,74.0,1010.0,19.7,50.0,100.0
2004-04-10,0.5,8.3,13.0,74.0,1007.6,11.9,49.0,65.0
2004-04-11,0.0,5.1,14.8,74.0,1011.7,4.7,290.0,29.0
2004-04-12,2.7,10.2,14.2,58.0,1014.0,20.0,58.0,95.0
2004-04-13,8.2,7.7,14.4,74.0,1012.4,11.9,7.0,94.0
2004-04-14,0.0,7.7,15.3,77.0,1017.3,8.9,203.0,79.0
2004-04-15,0.0,9.3,13.7,79.0,1023.8,9.5,86.0,66.0
2004-04-16,6.9,9.7,12.7,86.0,1020.8,9.8,69.0,99.0
2004-04-17,3.4,9.6,15.4,79.0,1007.9,11.1,54.0,68.0
2004-04-18,2.8,10.3,15.4,89.0,1001.3,6.1,155.0,59.0
2004-04-19,12.7,9.6,14.9,91.0,996.9,12.0,120.0,80.0
2004-04-20,1.0,9.1,18.1,74.0,1003.3,9.2,54.0,50.0
2004-04-21,0.0,8.8,18.7,77.0,1015.4,7.7,163.0,12.0
2004-04-22,0.0,10.0,19.5,75.0,1014.6,6.9,193.0,2.0
2004-04-23,0.1,10.3,21.0,76.0,1012.8,3.9,251.0,65.0
2004-04-24,5.2,12.1,21.0,76.0,1012.3,11.3,73.0,56.0
2004-04-25,0.0,9.0,17.9,69.0,1017.1,6.5,42.0,10.0
2004-04-26,0.0,10.1,18.2,62.0,1017.5,11.7,67.0,10.0
2004-04-27,0.0,10.8,18.6,70.0,1014.3,8.0,45.0,16.0
2004-04-28,0.0,11.1,19.1,76.0,1012.3,7.2,140.0,30.0
2004-04-29,2.3,12.6,17.6,88.0,1010.1,11.7,94.0,57.0
2004-04-30,16.9,13.1,14.7,92.0,1005.3,15.4,95.0,100.0
2004-05-01,0.2,11.0,18.7,82.0,1007.5,8.2,171.0,61.0
2004-05-02,0.0,10.3,18.8,79.0,1010.1,8.5,198.0,63.0
2004-05-03,1.8,10.1,16.5,83.0,1009.2,8.1,64.0,90.0
2004-05-04,17.6,13.2,16.6,85.0,999.3,18.6,63.0,89.0
2004-05-05,11.7,12.1,16.6,88.0,992.5,15.6,156.0,89.0
2004-05-06,11.1,10.4,17.0,75.0,991.8,15.2,207.0,82.0
2004-05-07,7.2,8.7,15.4,82.0,999.8,9.5,235.0,70.0
2004-05-08,5.9,7.5,14.6,81.0,1004.7,6.9,176.0,85.0
2004-05-09,1.7,9.1,16.1,78.0,1006.5,7.4,160.0,86.0
2004-05-10,3.9,7.8,17.5,79.0,1010.0,7.1,116.0,30.0
2004-05-11,0.0,9.7,18.7,81.0,1015.0,6.1,158.0,23.0
2004-05-12,1.5,10.3,18.8,83.0,1012.9,8.6,105.0,71.0
2004-05-13,1.9,12.7,19.8,75.0,1006.9,8.0,352.0,92.0
2004-05-14,0.3,11.6,19.5,73.0,1015.1,6.4,102.0,31.0
2004-05-15,0.0,13.0,18.9,63.0,1021.8,9.6,135.0,57.0
2004-05-16,0.0,11.9,20.0,72.0,1017.4,11.8,152.0,51.0
2004-05-17,0.6,13.2,20.0,70.0,1021.7,8.2,179.0,42.0
2004-05-18,0.0,15.1,20.8,70.0,1023.4,9.1,173.0,46.0
2004-05-19,0.0,12.6,21.5,75.0,1021.8,7.7,135.0,11.0
2004-05-20,0.0,15.1,22.1,78.0,1018.8,8.6,115.0,8.0
2004-05-21,0.0,15.5,23.0,77.0,1013.2,9.4,165.0,23.0
2004-05-22,16.5,11.9,20.0,80.0,1010.9,12.3,224.0,63.0
2004-05-23,5.7,11.2,17.4,67.0,1015.5,15.7,60.0,52.0
2004-05-24,0.0,12.1,17.3,51.0,1021.3,10.2,111.0,20.0
2004-05-25,0.0,8.4,18.8,61.0,1020.8,7.6,163.0,1.0
2004-05-26,0.0,9.5,19.9,67.0,1018.1,8.1,137.0,75.0
2004-05-27,0.0,11.4,21.1,75.0,1017.3,8.5,111.0,40.0
2004-05-28,0.9,15.0,17.5,75.0,1017.9,15.7,34.0,93.0
2004-05-29,0.0,12.6,20.5,62.0,1021.1,10.0,49.0,37.0
2004-05-30,0.0,12.0,22.0,65.0,1021.1,6.9,2.0,6.0
2004-05-31,0.2,13.5,22.9,71.0,1017.2,6.6,174.0,69.0
2004-06-01,5.1,15.2,18.3,82.0,1015.7,11.3,50.0,98.0
2004-06-02,0.0,13.2,21.6,78.0,1013.6,7.5,27.0,62.0
2004-06-03,0.0,14.1,21.2,80.0,1012.9,6.8,40.0,80.0
2004-06-04,0.1,15.1,23.1,74.0,1013.1,8.1,21.0,46.0
2004-06-05,0.9,15.8,22.2,76.0,1011.8,7.7,16.0,68.0
2004-06-06,1.7,14.4,22.4,69.0,1014.8,8.1,25.0,29.0
2004-06-07,0.0,13.6,23.6,74.0,1020.1,8.4,173.0,9.0
2004-06-08,0.0,15.7,25.4,73.0,1021.4,6.2,179.0,24.0
2004-06-09,0.0,15.8,27.1,77.0,1020.9,6.6,175.0,5.0
2004-06-10,0.0,18.6,27.8,81.0,1019.4,6.7,129.0,12.0
2004-06-11,0.0,18.3,28.3,77.0,1015.8,7.6,178.0,44.0
2004-06-12,3.5,20.2,26.1,71.0,1013.3,8.1,38.0,45.0
2004-06-13,13.6,14.1,19.8,69.0,1018.0,27.4,52.0,80.0
2004-06-14,0.0,17.0,23.9,56.0,1021.0,19.3,56.0,56.0
2004-06-15,0.0,16.9,24.4,68.0,1017.6,9.3,48.0,14.0
2004-06-16,0.0,18.3,24.6,77.0,1011.4,6.8,171.0,27.0
2004-06-17,1.2,18.8,23.6,71.0,1011.7,11.0,65.0,36.0
2004-06-18,0.0,18.3,25.1,72.0,1005.5,5.5,177.0,11.0
2004-06-19,0.0,18.8,24.5,74.0,1003.3,13.7,61.0,62.0
2004-06-20,14.7,17.2,19.8,86.0,1002.9,7.8,34.0,89.0
2004-06-21,0.4,14.5,22.4,78.0,1011.1,7.7,77.0,45.0
2004-06-22,0.3,17.4,23.6,76.0,1017.8,9.2,66.0,65.0
2004-06-23,0.0,16.7,24.9,80.0,1015.4,9.3,147.0,55.0
2004-06-24,0.7,18.5,25.1,82.0,1011.4,5.6,100.0,28.0
2004-06-25,0.9,19.1,25.8,75.0,1012.7,15.1,55.0,50.0
2004-06-26,0.0,18.0,25.0,61.0,1019.3,10.4,52.0,45.0
2004-06-27,0.0,16.9,26.4,71.0,1019.7,7.2,142.0,42.0
2004-06-28,0.0,19.8,27.0,77.0,1018.9,7.9,94.0,24.0
2004-06-29,5.4,19.2,25.2,73.0,1017.4,14.7,49.0,44.0
2004-06-30,0.0,20.2,26.0,65.0,1017.6,10.7,66.0,31.0
2004-07-01,4.1,17.7,26.3,77.0,1013.1,8.5,110.0,34.0
2004-07-02,4.5,18.7,23.3,79.0,1010.5,17.5,47.0,65.0
2004-07-03,0.0,17.9,25.0,58.0,1015.3,14.2,48.0,15.0
2004-07-04,0.0,16.5,25.9,68.0,1016.6,8.4,50.0,2.0
2004-07-05,0.0,16.7,27.4,76.0,1017.2,8.2,132.0,5.0
2004-07-06,0.1,19.8,27.8,78.0,1015.2,6.8,78.0,29.0
2004-07-07,1.6,21.4,26.9,71.0,1015.5,13.2,62.0,66.0
2004-07-08,0.1,20.5,27.3,76.0,1013.9,9.2,110.0,75.0
2004-07-09,0.3,20.7,28.3,64.0,1009.9,10.1,215.0,21.0
2004-07-10,0.4,16.4,25.6,67.0,1011.0,11.5,57.0,27.0
2004-07-11,1.8,18.6,22.0,59.0,1009.8,19.9,34.0,41.0
2004-07-12,0.0,16.5,23.0,54.0,1008.8,11.2,5.0,70.0
2004-07-13,0.0,14.2,24.2,61.0,1010.9,7.9,17.0,16.0
2004-07-14,0.0,16.2,24.5,65.0,1015.5,10.7,82.0,23.0
2004-07-15,0.0,17.5,25.6,69.0,1015.7,9.0,118.0,39.0
2004-07-16,0.0,19.0,26.4,72.0,1016.7,9.4,107.0,43.0
2004-07-17,0.0,18.7,27.2,75.0,1018.2,9.6,101.0,19.0
2004-07-18,0.0,20.0,28.1,74.0,1018.6,9.4,109.0,19.0
2004-07-19,0.0,20.8,28.9,74.0,1017.3,7.5,99.0,55.0
2004-07-20,0.0,21.1,29.6,72.0,1015.6,8.9,111.0,35.0
2004-07-21,0.0,21.5,30.3,73.0,1015.6,7.0,121.0,10.0
2004-07-22,0.0,21.1,31.6,72.0,1016.3,7.5,147.0,9.0
2004-07-23,0.2,23.2,31.7,72.0,1015.6,5.9,115.0,26.0
2004-07-24,3.8,22.3,29.9,71.0,1013.2,10.5,5.0,83.0
2004-07-25,0.0,22.6,29.9,61.0,1011.4,11.2,31.0,91.0
2004-07-26,0.0,22.1,28.7,57.0,1008.8,8.6,30.0,45.0
2004-07-27,2.8,18.8,25.7,57.0,1011.7,13.5,73.0,32.0
2004-07-28,3.6,18.2,24.6,62.0,1015.7,6.7,110.0,40.0
2004-07-29,0.0,20.0,26.7,59.0,1014.9,8.4,130.0,46.0
2004-07-30,0.0,20.7,27.7,65.0,1016.1,8.1,146.0,9.0
2004-07-31,0.0,19.7,29.3,70.0,1017.0,7.2,142.0,18.0
2004-08-01,0.0,20.7,29.7,73.0,1014.6,8.5,140.0,33.0
2004-08-02,0.6,21.8,29.9,74.0,1011.8,8.4,92.0,37.0
2004-08-03,2.5,21.4,28.8,76.0,1009.0,8.0,142.0,65.0
2004-08-04,9.0,21.5,26.4,79.0,1010.1,8.2,97.0,91.0
2004-08-05,1.3,20.8,27.7,74.0,1010.1,6.9,118.0,52.0
2004-08-06,0.0,20.1,29.2,69.0,1011.0,6.2,35.0,59.0
2004-08-07,6.7,21.8,28.3,78.0,1012.3,8.9,115.0,61.0
2004-08-08,11.0,19.9,26.5,81.0,1011.7,7.8,65.0,80.0
2004-08-09,0.2,18.8,27.1,77.0,1012.1,6.6,118.0,58.0
2004-08-10,0.2,21.2,27.3,70.0,1013.2,9.8,69.0,70.0
2004-08-11,0.0,20.2,28.1,74.0,1011.9,8.3,105.0,49.0
2004-08-12,0.6,21.5,28.1,81.0,1010.2,8.8,159.0,49.0
2004-08-13,1.2,21.4,26.6,78.0,1007.2,10.8,70.0,31.0
2004-08-14,2.2,19.4,26.8,68.0,1010.9,12.4,62.0,18.0
2004-08-15,0.0,18.8,27.7,64.0,1016.3,7.4,79.0,12.0
2004-08-16,0.0,19.4,26.6,70.0,1015.3,9.7,116.0,47.0
2004-08-17,0.1,20.2,27.3,73.0,1013.4,10.0,118.0,55.0
2004-08-18,0.0,21.3,28.5,74.0,1014.6,12.1,115.0,23.0
2004-08-19,0.1,21.4,28.7,78.0,1014.3,9.9,145.0,31.0
2004-08-20,2.4,23.0,28.7,80.0,1008.6,10.0,144.0,49.0
2004-08-21,13.7,19.2,22.5,77.0,1008.6,14.0,12.0,54.0
2004-08-22,0.0,15.2,25.0,63.0,1017.8,9.7,100.0,13.0
2004-08-23,0.0,18.7,25.8,69.0,1021.0,10.5,83.0,11.0
2004-08-24,0.0,18.7,26.0,78.0,1017.8,9.0,113.0,67.0
2004-08-25,0.3,20.6,26.7,79.0,1012.2,11.5,113.0,34.0
2004-08-26,17.7,17.6,23.1,71.0,1007.9,13.3,45.0,50.0
2004-08-27,0.0,15.2,24.5,70.0,1013.8,8.8,106.0,10.0
2004-08-28,0.0,18.7,25.2,74.0,1015.1,11.8,80.0,12.0
2004-08-29,0.0,19.0,25.8,78.0,1015.3,8.6,81.0,52.0
2004-08-30,0.0,19.6,26.1,76.0,1014.7,9.6,61.0,47.0
2004-08-31,9.5,18.8,23.4,84.0,1012.3,14.6,76.0,72.0
2004-09-01,3.9,17.1,22.3,68.0,1015.9,21.2,46.0,65.0
2004-09-02,0.0,17.5,25.1,69.0,1018.0,9.3,48.0,6.0
2004-09-03,0.0,18.2,26.2,76.0,1021.1,8.2,65.0,8.0
2004-09-04,0.0,19.2,27.3,76.0,1023.0,8.9,50.0,35.0
2004-09-05,0.0,19.3,27.0,70.0,1023.5,10.2,64.0,20.0
2004-09-06,0.0,20.6,26.2,56.0,1023.6,19.7,49.0,18.0
2004-09-07,0.0,18.9,26.3,55.0,1023.9,15.7,42.0,5.0
2004-09-08,0.0,16.7,26.6,63.0,1023.7,7.5,52.0,13.0
2004-09-09,0.0,18.3,23.7,61.0,1025.1,11.3,98.0,22.0
2004-09-10,0.0,17.8,22.6,54.0,1025.7,12.6,83.0,28.0
2004-09-11,0.0,14.9,23.9,70.0,1023.5,10.2,104.0,49.0
2004-09-12,6.4,17.2,22.5,83.0,1019.0,6.1,57.0,69.0
2004-09-13,0.0,15.1,23.0,80.0,1018.3,8.9,61.0,41.0
2004-09-14,16.9,18.2,23.5,84.0,1016.6,11.2,75.0,77.0
2004-09-15,18.4,17.8,23.3,81.0,1013.8,10.9,215.0,78.0
2004-09-16,9.9,15.9,19.3,73.0,1018.6,22.9,42.0,91.0
2004-09-17,0.0,18.1,21.8,56.0,1022.1,23.3,53.0,34.0
2004-09-18,0.0,15.4,22.2,62.0,1020.3,13.8,36.0,1.0
2004-09-19,0.0,13.6,22.7,72.0,1016.7,8.2,51.0,36.0
2004-09-20,0.0,14.7,23.6,79.0,1016.9,7.2,78.0,41.0
2004-09-21,0.0,16.6,23.3,85.0,1014.0,6.3,162.0,64.0
2004-09-22,1.7,18.1,22.3,82.0,1011.7,9.9,70.0,70.0
2004-09-23,0.3,18.0,22.5,79.0,1007.0,9.1,88.0,82.0
2004-09-24,21.4,12.6,20.3,84.0,1003.0,18.2,68.0,88.0
2004-09-25,0.0,10.4,18.9,67.0,1010.9,6.1,360.0,39.0
2004-09-26,0.0,11.4,20.2,64.0,1015.4,11.0,47.0,12.0
2004-09-27,0.0,11.4,20.0,64.0,1018.6,8.3,98.0,7.0
2004-09-28,0.0,11.9,20.2,71.0,1020.2,5.4,55.0,51.0
2004-09-29,0.0,13.3,21.1,78.0,1017.6,7.0,137.0,46.0
2004-09-30,0.0,13.5,21.1,83.0,1018.5,6.5,100.0,37.0
2004-10-01,1.1,16.6,20.4,86.0,1020.5,10.1,80.0,60.0
2004-10-02,0.5,15.6,21.4,84.0,1021.1,9.1,80.0,60.0
2004-10-03,0.4,17.1,21.1,83.0,1022.4,8.5,70.0,68.0
2004-10-04,0.0,14.7,21.5,82.0,1022.9,7.5,84.0,84.0
2004-10-05,0.2,16.7,21.8,88.0,1022.2,6.4,135.0,41.0
2004-10-06,0.0,17.0,22.0,88.0,1020.5,8.5,163.0,48.0
2004-10-07,0.2,16.7,21.2,89.0,1018.8,7.7,107.0,62.0
2004-10-08,0.2,16.3,21.8,87.0,1016.7,8.8,121.0,51.0
2004-10-09,0.4,17.3,22.2,89.0,1012.5,9.4,186.0,72.0
2004-10-10,7.3,17.1,21.5,92.0,1008.4,10.2,198.0,80.0
2004-10-11,8.3,13.2,16.1,75.0,1014.3,25.7,57.0,93.0
2004-10-12,0.0,11.3,14.4,57.0,1021.8,28.8,56.0,54.0
2004-10-13,0.0,10.5,14.7,60.0,1021.5,21.4,55.0,83.0
2004-10-14,0.2,9.0,15.1,67.0,1015.1,10.7,48.0,77.0
2004-10-15,19.1,10.6,15.6,82.0,1007.9,9.8,67.0,82.0
2004-10-16,10.7,12.0,16.6,79.0,1001.8,11.1,236.0,76.0
2004-10-17,8.0,9.5,15.8,78.0,1006.3,8.7,68.0,48.0
2004-10-18,0.0,9.6,15.5,79.0,1014.2,9.8,59.0,60.0
2004-10-19,0.4,12.1,14.6,77.0,1014.9,11.1,42.0,86.0
2004-10-20,0.6,12.1,16.3,81.0,1015.3,5.4,48.0,93.0
2004-10-21,1.6,13.6,18.7,88.0,1016.2,3.5,131.0,87.0
2004-10-22,9.9,13.1,18.2,92.0,1020.0,4.5,21.0,70.0
2004-10-23,0.0,14.1,18.8,91.0,1021.3,4.9,157.0,84.0
2004-10-24,0.0,14.3,17.4,93.0,1020.9,7.1,201.0,89.0
2004-10-25,0.0,14.2,18.3,90.0,1018.2,5.6,126.0,82.0
2004-10-26,5.4,15.1,18.1,89.0,1013.0,10.6,77.0,98.0
2004-10-27,23.2,15.1,19.4,95.0,1008.6,7.1,103.0,80.0
2004-10-28,0.5,11.7,18.0,92.0,1008.9,6.5,167.0,89.0
2004-10-29,21.9,14.2,17.6,94.0,1006.9,9.5,149.0,99.0
2004-10-30,0.5,12.0,18.6,88.0,1008.0,5.0,348.0,80.0
2004-10-31,64.5,13.3,15.9,86.0,1010.0,15.4,34.0,91.0
2004-11-01,38.0,15.2,18.6,93.0,1014.8,16.1,47.0,99.0
2004-11-02,8.7,16.7,22.1,82.0,1015.7,15.4,49.0,83.0
2004-11-03,0.0,15.4,20.6,80.0,1018.7,12.4,53.0,76.0
2004-11-04,0.0,12.1,21.1,83.0,1019.4,8.1,40.0,47.0
2004-11-05,0.0,13.5,18.3,85.0,1018.8,10.9,59.0,59.0
2004-11-06,4.2,12.9,15.3,81.0,1016.9,15.0,49.0,73.0
2004-11-07,0.9,9.7,13.3,69.0,1013.2,17.5,51.0,37.0
2004-11-08,0.0,6.2,12.7,56.0,1010.3,10.6,26.0,32.0
2004-11-09,0.8,2.9,11.7,66.0,1005.8,7.5,356.0,35.0
2004-11-10,40.3,6.5,8.9,85.0,1003.4,36.1,45.0,98.0
2004-11-11,13.4,8.1,12.1,77.0,1011.4,22.1,45.0,90.0
2004-11-12,2.0,10.3,16.2,75.0,1017.4,15.9,38.0,91.0
2004-11-13,0.2,7.6,15.0,71.0,1010.5,15.3,44.0,66.0
2004-11-14,0.0,8.0,11.2,33.0,1013.2,28.6,45.0,85.0
2004-11-15,0.0,7.3,9.9,48.0,1016.8,11.6,48.0,88.0
2004-11-16,0.0,3.2,11.0,73.0,1020.3,6.6,61.0,10.0
2004-11-17,0.0,3.7,12.7,78.0,1025.0,5.1,194.0,5.0
2004-11-18,0.0,5.2,10.9,82.0,1019.4,3.5,240.0,22.0
2004-11-19,0.0,5.7,13.2,74.0,1006.6,14.1,262.0,56.0
2004-11-20,0.0,1.5,9.4,48.0,1017.3,11.3,340.0,9.0
2004-11-21,0.0,-0.2,9.4,64.0,1024.0,8.1,258.0,0.0
2004-11-22,0.0,2.2,9.3,68.0,1026.6,5.0,275.0,58.0
2004-11-23,0.0,3.7,8.9,78.0,1021.9,3.2,108.0,29.0
2004-11-24,0.0,2.5,12.3,80.0,1024.9,8.5,57.0,14.0
2004-11-25,0.0,5.7,9.6,73.0,1029.9,12.0,61.0,67.0
2004-11-26,0.0,3.5,9.6,83.0,1028.5,5.2,37.0,36.0
2004-11-27,0.0,5.8,10.4,85.0,1024.0,5.1,15.0,53.0
2004-11-28,0.0,2.1,8.6,92.0,1022.0,4.4,286.0,85.0
2004-11-29,8.0,4.6,9.6,88.0,1016.8,12.7,38.0,100.0
2004-11-30,44.7,9.3,10.8,93.0,1011.8,19.5,54.0,96.0
2004-12-01,1.3,7.0,11.6,87.0,1014.2,10.5,29.0,50.0
2004-12-02,1.5,6.1,10.1,85.0,1015.5,5.6,41.0,81.0
2004-12-03,3.2,5.4,10.2,90.0,1019.6,4.8,264.0,60.0
2004-12-04,0.3,4.4,12.5,82.0,1025.7,12.4,38.0,83.0
2004-12-05,9.9,8.7,10.2,83.0,1025.0,19.3,41.0,100.0
2004-12-06,0.0,8.7,12.8,84.0,1024.5,9.9,42.0,57.0
2004-12-07,0.0,5.7,11.8,82.0,1028.1,10.4,45.0,24.0
2004-12-08,0.0,4.9,12.4,80.0,1026.7,11.7,46.0,65.0
2004-12-09,0.0,5.6,11.0,68.0,1025.4,20.4,54.0,34.0
2004-12-10,0.0,3.8,10.5,62.0,1023.2,18.4,51.0,2.0
2004-12-11,0.0,3.3,10.9,68.0,1025.7,11.5,45.0,1.0
2004-12-12,0.0,2.1,11.0,82.0,1027.2,9.5,42.0,0.0
2004-12-13,0.0,3.2,10.0,82.0,1028.3,8.1,34.0,4.0
2004-12-14,0.0,2.2,8.5,88.0,1028.5,6.2,18.0,11.0
2004-12-15,0.0,0.9,7.3,89.0,1027.2,5.6,32.0,48.0
2004-12-16,1.2,2.5,9.4,84.0,1022.8,10.9,33.0,83.0
2004-12-17,2.1,4.5,9.1,88.0,1009.3,8.6,302.0,78.0
2004-12-18,1.6,3.6,11.3,80.0,1001.6,9.3,333.0,48.0
2004-12-19,0.0,2.0,7.8,73.0,1006.8,5.6,58.0,56.0
2004-12-20,0.0,3.7,8.0,55.0,1013.8,23.4,62.0,44.0
2004-12-21,0.0,1.2,7.1,54.0,1022.3,17.9,46.0,9.0
2004-12-22,0.0,0.2,5.6,57.0,1023.1,11.1,34.0,26.0
2004-12-23,0.0,-0.6,4.7,74.0,1019.1,4.6,233.0,11.0
2004-12-24,0.0,-1.7,4.9,86.0,1016.3,4.3,26.0,54.0
2004-12-25,1.1,-0.6,6.1,86.0,1011.2,9.1,25.0,94.0
2004-12-26,30.4,5.3,8.9,92.0,997.8,14.8,51.0,97.0
2004-12-27,13.9,7.6,9.0,92.0,1003.7,10.6,42.0,98.0
2004-12-28,2.1,5.5,9.0,88.0,1008.9,8.9,24.0,88.0
2004-12-29,1.4,6.0,10.3,70.0,1013.4,15.3,53.0,81.0
2004-12-30,0.0,0.3,7.6,65.0,1028.4,12.2,42.0,7.0
2004-12-31,0.0,0.6,8.4,69.0,1027.3,10.5,24.0,1.0
2005-01-01,0.0,0.0,9.3,75.0,1025.1,6.8,308.0,24.0
2005-01-02,0.0,0.8,6.5,85.0,1022.6,3.9,76.0,66.0
2005-01-03,0.0,0.3,9.2,84.0,1027.2,8.2,19.0,9.0
2005-01-04,0.0,-0.1,6.7,82.0,1029.6,4.3,203.0,22.0
2005-01-05,0.0,0.7,5.5,93.0,1029.8,3.5,75.0,45.0
2005-01-06,0.0,1.4,6.0,95.0,1029.3,4.0,54.0,74.0
2005-01-07,0.0,0.8,6.9,96.0,1035.6,3.9,56.0,65.0
2005-01-08,0.0,2.2,5.6,95.0,1033.0,4.0,228.0,96.0
2005-01-09,0.2,3.2,7.0,94.0,1031.6,2.5,48.0,91.0
2005-01-10,0.0,1.5,9.9,90.0,1033.3,5.8,48.0,28.0
2005-01-11,0.0,3.4,7.7,96.0,1031.2,3.3,42.0,89.0
2005-01-12,0.0,2.4,8.3,92.0,1029.2,4.2,274.0,56.0
2005-01-13,0.0,2.1,6.8,89.0,1026.0,3.2,266.0,67.0
2005-01-14,0.0,0.2,7.3,91.0,1026.9,3.5,280.0,63.0
2005-01-15,0.2,1.5,7.2,88.0,1029.3,5.6,30.0,80.0
2005-01-16,0.0,1.1,6.3,77.0,1031.3,9.1,49.0,33.0
2005-01-17,0.0,-2.4,6.9,80.0,1028.0,7.0,314.0,3.0
2005-01-18,5.7,-0.1,4.1,88.0,1014.8,6.6,103.0,97.0
2005-01-19,5.2,1.1,8.0,83.0,1005.9,16.8,39.0,89.0
2005-01-20,0.0,0.4,8.3,79.0,1014.9,8.1,186.0,36.0
2005-01-21,0.0,0.7,6.0,85.0,1004.2,5.1,40.0,24.0
2005-01-22,2.2,1.0,9.7,86.0,1009.7,9.0,331.0,17.0
2005-01-23,0.0,-0.6,6.7,87.0,1015.0,4.7,32.0,67.0
2005-01-24,0.1,0.3,6.7,62.0,1008.4,14.2,32.0,68.0
2005-01-25,0.0,0.4,4.8,36.0,1006.6,23.4,27.0,96.0
2005-01-26,0.0,-0.1,3.3,44.0,1003.1,15.8,26.0,96.0
2005-01-27,0.0,-0.4,4.5,47.0,1007.1,11.9,60.0,55.0
2005-01-28,0.0,-0.0,2.5,52.0,1009.9,21.6,64.0,88.0
2005-01-29,0.6,-0.6,4.0,47.0,1011.4,25.2,56.0,62.0
2005-01-30,0.0,-0.9,3.6,53.0,1021.4,13.0,59.0,0.0
2005-01-31,0.0,-2.2,5.5,65.0,1021.8,9.8,227.0,16.0
2005-02-01,0.0,-2.0,7.8,76.0,1013.7,6.9,46.0,11.0
2005-02-02,0.0,-1.5,7.2,64.0,1020.5,7.3,262.0,21.0
2005-02-03,0.0,-1.0,8.6,80.0,1020.5,5.8,65.0,11.0
2005-02-04,0.0,2.0,6.0,70.0,1030.1,10.8,83.0,61.0
2005-02-05,0.0,0.7,5.1,62.0,1029.3,13.4,67.0,49.0
2005-02-06,0.0,-0.6,4.6,60.0,1029.3,16.5,56.0,4.0
2005-02-07,0.0,-1.0,3.3,57.0,1031.7,16.8,60.0,6.0
2005-02-08,0.0,-2.2,4.0,58.0,1034.8,11.6,51.0,15.0
2005-02-09,0.0,-2.9,6.0,68.0,1033.5,8.1,33.0,0.0
2005-02-10,0.0,-1.5,9.2,73.0,1032.9,8.6,269.0,30.0
2005-02-11,0.0,1.6,7.8,83.0,1027.5,4.4,138.0,77.0
2005-02-12,0.0,1.4,8.1,88.0,1017.8,6.0,119.0,72.0
2005-02-13,1.6,2.2,9.3,90.0,998.5,6.5,86.0,76.0
2005-02-14,0.9,2.0,10.1,55.0,995.0,15.4,25.0,48.0
2005-02-15,0.0,-0.4,7.9,57.0,997.7,9.8,59.0,89.0
2005-02-16,0.0,0.7,7.6,48.0,1004.4,9.3,25.0,86.0
2005-02-17,0.0,0.1,6.8,61.0,1012.2,7.4,22.0,92.0
2005-02-18,0.0,1.0,8.0,74.0,1016.5,6.3,223.0,29.0
2005-02-19,0.0,0.2,7.3,77.0,1010.7,7.0,162.0,5.0
2005-02-20,2.0,1.1,7.6,71.0,1005.0,16.7,52.0,75.0
2005-02-21,13.1,0.8,3.4,84.0,1001.0,26.8,54.0,100.0
2005-02-22,2.9,-0.1,4.9,86.0,1002.2,6.3,35.0,85.0
2005-02-23,1.0,-4.5,4.9,84.0,1005.6,11.7,5.0,73.0
2005-02-24,0.0,-2.1,6.6,78.0,1011.9,7.6,205.0,29.0
2005-02-25,1.0,1.3,7.5,74.0,1011.0,9.2,25.0,62.0
2005-02-26,0.0,0.0,8.0,69.0,1008.4,12.4,40.0,65.0
2005-02-27,1.3,0.6,4.8,72.0,1004.3,8.0,37.0,92.0
2005-02-28,0.3,-1.4,2.3,36.0,1013.6,24.3,72.0,58.0
2005-03-01,0.0,-3.6,1.1,42.0,1015.2,12.9,56.0,21.0
2005-03-02,0.0,-3.2,3.2,47.0,1010.6,8.2,30.0,1.0
2005-03-03,10.0,-3.8,4.1,75.0,1012.4,14.6,56.0,82.0
2005-03-04,2.8,-1.1,4.9,85.0,1008.0,8.6,297.0,62.0
2005-03-05,0.0,-1.9,6.4,75.0,1003.4,8.7,39.0,44.0
2005-03-06,0.6,-1.4,7.1,76.0,1007.2,8.5,53.0,51.0
2005-03-07,0.0,-0.7,5.5,59.0,1014.5,9.5,96.0,43.0
2005-03-08,0.0,-0.8,10.4,62.0,1016.6,9.7,241.0,17.0
2005-03-09,0.0,0.2,10.2,79.0,1018.5,8.7,88.0,21.0
2005-03-10,0.0,0.2,8.3,76.0,1021.3,10.6,127.0,29.0
2005-03-11,0.0,1.9,8.9,73.0,1020.1,9.1,130.0,30.0
2005-03-12,0.0,2.8,12.3,73.0,1005.1,19.1,218.0,33.0
2005-03-13,0.0,2.3,11.3,76.0,1008.8,9.6,112.0,11.0
2005-03-14,0.0,3.0,10.8,85.0,1018.2,10.2,86.0,57.0
2005-03-15,0.0,5.0,12.5,88.0,1024.3,7.6,92.0,34.0
2005-03-16,0.0,3.1,13.6,90.0,1030.7,6.3,129.0,30.0
2005-03-17,0.0,3.6,12.5,90.0,1030.2,6.0,117.0,47.0
2005-03-18,0.0,3.5,14.5,89.0,1026.5,6.1,110.0,14.0
2005-03-19,0.0,4.8,15.2,88.0,1018.9,6.5,86.0,20.0
2005-03-20,0.0,6.9,11.7,66.0,1018.8,15.4,67.0,27.0
2005-03-21,0.0,6.9,13.0,61.0,1017.9,8.7,62.0,54.0
2005-03-22,0.0,5.0,13.3,74.0,1019.4,9.4,87.0,65.0
2005-03-23,0.4,6.6,12.1,84.0,1022.4,8.4,85.0,85.0
2005-03-24,0.0,7.6,12.9,88.0,1022.4,6.5,106.0,81.0
2005-03-25,1.5,9.4,14.1,92.0,1018.9,5.6,116.0,93.0
2005-03-26,1.5,9.9,12.2,95.0,1014.1,7.0,85.0,97.0
2005-03-27,1.6,10.1,13.8,94.0,1007.9,7.2,85.0,98.0
2005-03-28,0.0,7.8,16.2,91.0,1008.9,5.9,172.0,76.0
2005-03-29,0.2,8.2,16.2,87.0,1013.9,10.0,91.0,74.0
2005-03-30,0.0,6.9,16.0,86.0,1013.2,4.9,66.0,77.0
2005-03-31,0.0,10.9,15.8,67.0,1017.2,17.1,48.0,54.0
2005-04-01,0.0,9.5,14.3,54.0,1024.4,13.6,65.0,28.0
2005-04-02,0.0,7.2,13.3,56.0,1028.3,13.1,72.0,1.0
2005-04-03,0.0,3.2,14.1,73.0,1029.1,6.9,139.0,13.0
2005-04-04,0.0,5.7,14.2,76.0,1029.5,6.8,153.0,9.0
2005-04-05,0.0,3.6,14.1,77.0,1029.1,7.8,133.0,30.0
2005-04-06,0.0,4.4,14.8,83.0,1026.7,9.1,140.0,34.0
2005-04-07,0.0,5.6,14.6,83.0,1018.5,8.3,140.0,88.0
2005-04-08,6.4,9.1,15.7,80.0,1008.4,11.6,163.0,77.0
2005-04-09,13.6,10.9,14.1,88.0,1003.5,5.7,73.0,98.0
2005-04-10,15.7,7.8,11.3,78.0,1012.9,26.1,49.0,100.0
2005-04-11,4.4,7.7,14.9,64.0,1015.9,30.2,49.0,95.0
2005-04-12,2.0,9.1,14.5,76.0,1016.6,10.9,48.0,68.0
2005-04-13,0.0,5.8,16.4,79.0,1010.7,6.4,189.0,44.0
2005-04-14,0.0,8.2,17.8,76.0,1008.2,7.5,190.0,11.0
2005-04-15,0.0,6.8,16.9,79.0,1008.6,11.0,190.0,21.0
2005-04-16,11.5,9.9,12.9,90.0,1004.2,15.6,110.0,74.0
2005-04-17,0.0,5.0,13.4,82.0,999.5,8.2,175.0,61.0
2005-04-18,0.0,8.0,17.2,74.0,999.8,10.2,194.0,34.0
2005-04-19,5.4,9.0,15.4,83.0,1002.6,6.7,159.0,74.0
2005-04-20,8.8,9.1,13.1,90.0,1003.7,7.8,55.0,84.0
2005-04-21,3.0,9.3,14.7,76.0,1009.4,10.8,61.0,77.0
2005-04-22,0.0,8.1,12.8,58.0,1017.0,12.3,149.0,32.0
2005-04-23,0.0,5.0,14.4,68.0,1017.8,8.3,176.0,69.0
2005-04-24,6.3,10.3,14.3,84.0,1017.9,6.7,124.0,100.0
2005-04-25,13.2,9.7,15.1,89.0,1011.1,9.9,158.0,83.0
2005-04-26,0.0,9.1,17.5,85.0,1013.0,8.5,152.0,37.0
2005-04-27,0.0,10.7,17.8,86.0,1018.1,9.6,101.0,23.0
2005-04-28,0.0,12.2,19.4,76.0,1019.2,7.4,67.0,47.0
2005-04-29,0.0,10.4,19.3,78.0,1020.3,6.0,52.0,74.0
2005-04-30,0.0,10.2,20.7,79.0,1018.3,6.2,119.0,30.0
2005-05-01,0.0,10.5,21.2,79.0,1017.4,8.3,112.0,25.0
2005-05-02,0.0,12.7,22.2,82.0,1018.8,8.2,114.0,40.0
2005-05-03,0.0,12.9,23.2,77.0,1016.6,11.3,202.0,83.0
2005-05-04,2.2,14.1,21.6,73.0,1011.0,10.9,224.0,30.0
2005-05-05,8.1,12.9,17.3,76.0,1009.3,12.2,40.0,80.0
2005-05-06,0.1,11.1,19.9,78.0,1009.3,6.5,303.0,28.0
2005-05-07,0.0,11.5,18.7,79.0,1008.7,10.6,132.0,34.0
2005-05-08,0.9,11.9,18.1,71.0,1006.0,14.3,88.0,25.0
2005-05-09,0.5,11.5,15.7,65.0,1010.7,15.1,70.0,54.0
2005-05-10,0.0,10.4,15.1,71.0,1013.4,12.0,58.0,75.0
2005-05-11,0.3,12.1,17.8,69.0,1016.0,10.9,62.0,49.0
2005-05-12,0.0,11.1,18.8,61.0,1019.0,12.8,52.0,43.0
2005-05-13,0.0,11.9,19.4,62.0,1018.8,10.2,66.0,58.0
2005-05-14,2.9,10.0,18.1,77.0,1016.3,6.9,77.0,86.0
2005-05-15,0.0,11.4,18.9,81.0,1014.8,7.1,168.0,41.0
2005-05-16,2.4,14.1,19.3,86.0,1013.2,9.2,101.0,89.0
2005-05-17,5.9,12.7,20.4,83.0,1011.1,10.7,96.0,70.0
2005-05-18,33.5,13.6,18.9,86.0,1007.7,12.8,95.0,74.0
2005-05-19,0.2,15.1,19.8,69.0,1017.8,9.3,131.0,41.0
2005-05-20,0.0,14.5,20.4,70.0,1021.7,8.8,161.0,34.0
2005-05-21,0.0,13.8,21.7,77.0,1018.3,6.8,158.0,50.0
2005-05-22,0.0,13.3,22.1,79.0,1015.0,8.5,124.0,57.0
2005-05-23,0.4,15.1,21.9,79.0,1014.6,10.7,84.0,67.0
2005-05-24,0.0,13.6,23.6,71.0,1019.2,6.8,316.0,24.0
2005-05-25,0.0,16.6,24.0,68.0,1023.1,7.8,36.0,7.0
2005-05-26,0.0,17.2,25.6,68.0,1022.0,7.3,19.0,3.0
2005-05-27,0.0,16.4,26.6,73.0,1018.9,5.8,92.0,0.0
2005-05-28,0.0,14.9,27.9,73.0,1017.2,4.6,222.0,3.0
2005-05-29,0.0,16.8,28.6,71.0,1016.6,5.9,199.0,3.0
2005-05-30,0.0,17.7,27.8,77.0,1014.3,7.9,191.0,40.0
2005-05-31,2.8,19.7,23.9,74.0,1014.7,18.0,38.0,59.0
2005-06-01,0.1,18.1,23.3,56.0,1018.1,16.5,64.0,35.0
2005-06-02,0.0,17.3,23.5,59.0,1017.6,10.4,75.0,25.0
2005-06-03,0.0,15.0,24.6,68.0,1016.8,6.9,145.0,6.0
2005-06-04,0.0,15.2,23.8,81.0,1014.6,9.5,123.0,61.0
2005-06-05,0.5,18.4,21.1,73.0,1014.0,18.7,57.0,81.0
2005-06-06,0.0,17.0,23.1,58.0,1015.2,14.8,56.0,66.0
2005-06-07,5.9,15.2,22.3,69.0,1017.4,13.5,63.0,52.0
2005-06-08,0.0,13.2,20.6,41.0,1024.6,9.0,35.0,19.0
2005-06-09,0.4,14.2,19.0,49.0,1021.7,5.6,330.0,55.0
2005-06-10,0.0,11.2,22.1,51.0,1016.2,10.7,219.0,36.0
2005-06-11,0.0,12.3,22.6,63.0,1012.9,11.7,167.0,40.0
2005-06-12,0.1,13.9,22.1,67.0,1011.6,14.6,185.0,58.0
2005-06-13,0.7,16.5,22.4,80.0,1012.9,10.2,108.0,43.0
2005-06-14,9.9,17.0,20.6,88.0,1014.7,13.0,97.0,88.0
2005-06-15,0.2,16.1,23.4,80.0,1016.3,7.5,105.0,58.0
2005-06-16,0.0,16.3,27.0,73.0,1018.6,5.6,21.0,37.0
2005-06-17,0.0,18.1,28.3,67.0,1022.3,6.3,358.0,75.0
2005-06-18,0.0,17.8,28.4,69.0,1018.9,6.9,159.0,50.0
2005-06-19,0.3,20.7,25.8,69.0,1016.3,10.8,94.0,53.0
2005-06-20,0.0,18.8,26.4,68.0,1016.0,8.0,156.0,23.0
2005-06-21,0.0,18.1,28.0,67.0,1016.7,9.5,155.0,42.0
2005-06-22,0.0,18.4,28.8,70.0,1018.1,8.2,148.0,62.0
2005-06-23,0.0,18.9,29.1,73.0,1017.8,7.9,117.0,21.0
2005-06-24,2.7,21.4,28.6,76.0,1016.8,8.4,135.0,68.0
2005-06-25,2.6,21.7,29.2,82.0,1015.5,8.0,158.0,44.0
2005-06-26,0.2,22.0,29.5,77.0,1017.5,5.1,100.0,38.0
2005-06-27,0.0,21.5,29.7,77.0,1017.3,7.1,129.0,35.0
2005-06-28,0.5,22.6,29.7,78.0,1013.9,5.9,89.0,56.0
2005-06-29,0.6,21.9,29.5,78.0,1008.8,9.1,82.0,71.0
2005-06-30,3.5,21.5,28.3,75.0,1007.0,7.8,129.0,37.0
2005-07-01,20.1,19.8,24.6,79.0,1008.2,13.9,44.0,66.0
2005-07-02,0.0,18.7,26.6,66.0,1014.4,7.0,153.0,10.0
2005-07-03,0.0,19.0,27.3,66.0,1016.5,5.0,44.0,42.0
2005-07-04,0.0,19.3,26.9,65.0,1013.2,9.0,109.0,40.0
2005-07-05,42.5,16.2,23.5,78.0,1008.1,13.8,68.0,68.0
2005-07-06,0.0,15.8,23.8,55.0,1011.2,11.7,62.0,8.0
2005-07-07,1.6,17.4,24.0,63.0,1009.9,10.1,60.0,77.0
2005-07-08,5.2,16.8,23.2,66.0,1010.3,12.7,34.0,64.0
2005-07-09,8.8,18.1,21.3,74.0,1014.0,15.1,51.0,65.0
2005-07-10,0.0,16.3,24.9,71.0,1015.1,7.2,336.0,43.0
2005-07-11,2.2,18.0,24.1,74.0,1015.4,6.2,0.0,86.0
2005-07-12,0.0,18.5,26.8,73.0,1016.8,6.6,77.0,92.0
2005-07-13,0.4,18.4,26.1,73.0,1017.7,7.2,268.0,76.0
2005-07-14,0.0,18.2,28.6,70.0,1018.1,7.4,200.0,13.0
2005-07-15,0.0,19.3,28.6,75.0,1017.9,8.0,123.0,21.0
2005-07-16,0.0,20.6,29.1,77.0,1015.1,8.4,95.0,29.0
2005-07-17,0.0,21.5,29.6,79.0,1013.3,9.5,91.0,35.0
2005-07-18,0.0,23.1,28.6,79.0,1012.0,10.8,122.0,64.0
2005-07-19,2.8,21.3,27.3,75.0,1012.3,10.1,169.0,39.0
2005-07-20,0.0,21.3,27.7,73.0,1017.4,9.5,83.0,29.0
2005-07-21,1.2,20.6,26.8,76.0,1012.0,8.0,51.0,27.0
2005-07-22,1.6,19.8,25.7,72.0,1008.5,8.9,41.0,37.0
2005-07-23,3.0,19.0,25.4,70.0,1008.5,10.9,68.0,57.0
2005-07-24,0.5,19.0,26.0,72.0,1010.6,7.6,89.0,39.0
2005-07-25,0.2,19.9,26.4,79.0,1011.4,9.4,131.0,59.0
2005-07-26,0.0,22.2,28.1,80.0,1011.2,10.0,61.0,70.0
2005-07-27,0.0,22.1,29.9,75.0,1013.3,7.7,95.0,32.0
2005-07-28,0.0,21.2,30.3,76.0,1014.6,6.1,154.0,20.0
2005-07-29,0.0,21.0,31.3,76.0,1013.5,8.1,139.0,13.0
2005-07-30,0.1,23.6,31.6,76.0,1009.3,7.3,115.0,22.0
2005-07-31,1.3,22.7,29.4,75.0,1007.6,7.7,83.0,24.0
2005-08-01,0.0,22.9,29.1,64.0,1011.6,13.8,59.0,15.0
2005-08-02,0.6,22.3,28.8,63.0,1012.2,13.0,53.0,52.0
2005-08-03,6.4,20.3,25.3,76.0,1010.9,11.4,351.0,84.0
2005-08-04,0.0,19.0,25.0,69.0,1014.1,11.6,133.0,64.0
2005-08-05,0.2,16.6,25.9,61.0,1017.2,9.4,152.0,9.0
2005-08-06,0.0,17.8,26.1,61.0,1013.1,7.2,114.0,65.0
2005-08-07,6.4,17.5,21.8,69.0,1008.6,20.3,57.0,73.0
2005-08-08,0.0,15.4,22.5,60.0,1012.3,8.7,86.0,18.0
2005-08-09,0.0,14.8,24.2,63.0,1015.1,12.3,93.0,23.0
2005-08-10,0.0,16.5,25.3,70.0,1013.4,11.7,102.0,47.0
2005-08-11,7.1,19.2,25.0,82.0,1011.5,8.0,82.0,76.0
2005-08-12,27.5,19.0,23.5,79.0,1012.2,13.2,50.0,51.0
2005-08-13,1.0,16.1,25.9,70.0,1013.8,6.5,33.0,34.0
2005-08-14,8.0,18.4,24.6,73.0,1013.7,13.5,59.0,57.0
2005-08-15,3.6,16.8,23.2,71.0,1011.1,9.4,65.0,60.0
2005-08-16,0.6,15.1,23.0,75.0,1012.4,6.5,124.0,60.0
2005-08-17,0.0,16.4,27.0,73.0,1014.1,7.5,146.0,9.0
2005-08-18,0.0,17.5,26.2,76.0,1015.9,7.2,151.0,27.0
2005-08-19,0.0,18.3,26.1,79.0,1014.7,8.8,138.0,26.0
2005-08-20,1.6,20.3,24.4,82.0,1013.5,12.7,58.0,86.0
2005-08-21,41.1,17.5,20.9,90.0,1010.2,9.4,69.0,93.0
2005-08-22,12.7,16.4,19.8,88.0,1007.4,6.6,120.0,96.0
2005-08-23,5.7,16.1,22.7,85.0,1009.1,4.4,87.0,82.0
2005-08-24,1.6,17.7,24.1,85.0,1012.1,5.8,121.0,45.0
2005-08-25,1.3,18.1,24.3,85.0,1012.4,8.3,143.0,69.0
2005-08-26,0.2,18.1,24.9,85.0,1014.3,7.4,195.0,35.0
2005-08-27,5.0,18.8,23.7,81.0,1016.6,12.2,48.0,90.0
2005-08-28,16.9,18.6,21.9,86.0,1016.8,12.5,55.0,87.0
2005-08-29,0.0,18.8,26.4,75.0,1021.8,11.1,35.0,7.0
2005-08-30,0.0,19.1,27.4,75.0,1021.8,8.7,36.0,3.0
2005-08-31,0.0,20.4,27.0,72.0,1018.1,9.9,27.0,7.0
2005-09-01,0.0,19.6,27.3,73.0,1015.8,6.8,14.0,6.0
2005-09-02,0.0,19.8,28.4,78.0,1018.5,3.7,330.0,48.0
2005-09-03,7.9,20.7,26.3,79.0,1022.4,8.7,43.0,81.0
2005-09-04,2.2,18.9,24.7,74.0,1022.7,13.7,49.0,41.0
2005-09-05,0.0,17.5,24.2,64.0,1020.2,12.8,42.0,27.0
2005-09-06,0.0,17.3,24.1,71.0,1017.2,9.4,66.0,19.0
2005-09-07,3.0,16.3,23.3,82.0,1017.8,10.7,88.0,59.0
2005-09-08,3.5,18.9,24.5,84.0,1019.5,8.9,100.0,71.0
2005-09-09,92.1,18.2,21.4,96.0,1014.7,9.9,116.0,97.0
2005-09-10,0.7,17.4,23.9,83.0,1011.1,8.3,347.0,42.0
2005-09-11,6.4,17.8,23.5,86.0,1009.8,6.4,151.0,53.0
2005-09-12,2.6,16.8,23.1,83.0,1013.2,7.0,332.0,35.0
2005-09-13,0.2,16.1,23.8,77.0,1019.6,3.9,96.0,18.0
2005-09-14,0.0,15.6,24.5,74.0,1020.1,4.8,21.0,12.0
2005-09-15,0.0,16.6,24.5,84.0,1017.3,6.6,133.0,32.0
2005-09-16,0.0,18.0,23.9,83.0,1008.3,9.2,112.0,57.0
2005-09-17,28.8,13.8,21.8,88.0,1005.1,12.7,62.0,88.0
2005-09-18,31.9,12.4,14.6,84.0,1014.2,28.8,37.0,100.0
2005-09-19,0.2,14.7,17.0,71.0,1017.6,15.9,48.0,98.0
2005-09-20,0.0,14.9,19.1,70.0,1016.5,12.9,53.0,65.0
2005-09-21,0.1,15.3,20.0,66.0,1017.7,15.0,62.0,48.0
2005-09-22,0.0,15.2,20.8,67.0,1018.8,14.7,52.0,77.0
2005-09-23,0.0,16.1,21.3,70.0,1018.2,10.9,38.0,35.0
2005-09-24,0.0,14.0,21.8,74.0,1017.5,7.4,45.0,6.0
2005-09-25,0.0,13.2,21.7,80.0,1016.3,6.0,57.0,26.0
2005-09-26,0.0,13.1,22.3,81.0,1019.7,6.0,76.0,35.0
2005-09-27,2.6,14.8,21.9,87.0,1021.4,6.3,97.0,79.0
2005-09-28,1.0,14.9,21.1,88.0,1021.1,6.2,89.0,74.0
2005-09-29,12.4,16.4,21.4,90.0,1016.2,6.8,79.0,90.0
2005-09-30,0.2,13.2,20.0,66.0,1018.3,11.6,61.0,28.0
2005-10-01,0.0,12.2,17.7,69.0,1018.6,8.9,86.0,43.0
2005-10-02,9.3,12.9,16.8,78.0,1014.3,15.2,66.0,87.0
2005-10-03,54.3,14.1,15.9,89.0,1016.5,26.9,53.0,97.0
2005-10-04,0.8,10.4,19.1,84.0,1019.4,8.9,49.0,61.0
2005-10-05,14.1,13.6,18.1,86.0,1020.2,13.7,52.0,79.0
2005-10-06,22.8,15.6,18.3,85.0,1021.0,17.6,50.0,97.0
2005-10-07,13.2,15.3,17.6,81.0,1021.6,22.6,50.0,99.0
2005-10-08,4.1,15.5,18.3,74.0,1019.8,20.7,53.0,100.0
2005-10-09,0.0,12.9,19.0,67.0,1023.0,15.3,49.0,21.0
2005-10-10,0.0,13.7,19.7,65.0,1025.6,18.1,43.0,19.0
2005-10-11,0.0,13.4,18.8,61.0,1023.7,17.8,42.0,11.0
2005-10-12,0.0,12.2,18.0,63.0,1022.8,14.7,36.0,13.0
2005-10-13,0.0,10.5,17.2,71.0,1021.0,8.5,67.0,14.0
2005-10-14,0.0,9.1,17.5,83.0,1025.2,6.4,69.0,4.0
2005-10-15,0.0,9.2,17.9,82.0,1027.9,4.9,3.0,31.0
2005-10-16,0.0,10.3,16.9,87.0,1022.6,4.4,6.0,34.0
2005-10-17,0.0,10.7,15.1,68.0,1022.5,12.0,74.0,46.0
2005-10-18,0.0,10.8,13.9,63.0,1024.3,10.1,82.0,50.0
2005-10-19,1.3,6.7,13.8,78.0,1024.3,6.7,53.0,80.0
2005-10-20,14.7,10.3,12.6,89.0,1020.4,14.0,47.0,100.0
2005-10-21,1.3,12.4,16.3,83.0,1015.7,9.1,291.0,91.0
2005-10-22,0.0,12.8,16.9,85.0,1015.2,5.3,253.0,82.0
2005-10-23,0.0,13.1,17.6,89.0,1017.5,5.8,191.0,92.0
2005-10-24,0.0,12.8,18.2,91.0,1021.8,5.0,196.0,85.0
2005-10-25,0.2,14.0,17.9,90.0,1023.0,9.0,205.0,82.0
2005-10-26,0.0,12.8,17.5,92.0,1024.2,4.6,195.0,78.0
2005-10-27,0.0,12.9,16.8,92.0,1025.7,4.0,212.0,90.0
2005-10-28,0.0,12.3,17.1,90.0,1024.5,4.1,213.0,71.0
2005-10-29,0.0,10.0,17.5,92.0,1023.7,5.2,278.0,45.0
2005-10-30,0.0,10.4,15.1,90.0,1023.7,2.9,70.0,87.0
2005-10-31,0.0,9.6,14.4,87.0,1022.3,3.0,25.0,84.0
2005-11-01,7.2,11.6,14.4,88.0,1022.0,9.1,49.0,94.0
2005-11-02,0.1,12.8,17.0,85.0,1021.7,6.6,12.0,84.0
2005-11-03,0.6,11.1,16.0,91.0,1022.6,3.2,231.0,74.0
2005-11-04,0.6,11.2,15.5,91.0,1022.7,3.5,280.0,94.0
2005-11-05,5.1,11.0,15.5,88.0,1022.2,5.7,49.0,99.0
2005-11-06,59.5,12.1,14.1,90.0,1023.9,27.8,48.0,100.0
2005-11-07,5.7,11.4,15.3,86.0,1024.0,12.4,37.0,91.0
2005-11-08,0.0,9.9,16.9,87.0,1027.2,9.6,30.0,11.0
2005-11-09,0.0,9.8,15.8,82.0,1025.7,7.9,40.0,9.0
2005-11-10,0.0,8.7,15.2,91.0,1029.9,5.4,335.0,38.0
2005-11-11,0.0,7.0,15.0,85.0,1030.3,5.8,17.0,16.0
2005-11-12,0.0,7.2,12.6,91.0,1024.2,4.1,23.0,60.0
2005-11-13,0.0,8.0,13.0,86.0,1021.9,6.5,34.0,91.0
2005-11-14,0.0,6.9,12.4,83.0,1024.7,7.7,34.0,60.0
2005-11-15,0.7,8.8,12.4,84.0,1017.8,6.0,37.0,95.0
2005-11-16,0.0,7.8,11.0,89.0,1003.7,8.6,252.0,91.0
2005-11-17,0.0,8.5,13.1,72.0,1004.3,12.7,72.0,71.0
2005-11-18,0.0,6.1,10.4,65.0,1014.6,13.2,33.0,36.0
2005-11-19,0.3,3.3,9.4,66.0,1021.8,10.1,42.0,24.0
2005-11-20,0.1,1.6,8.7,71.0,1027.8,6.2,257.0,18.0
2005-11-21,0.0,3.3,8.4,77.0,1022.2,6.0,49.0,28.0
2005-11-22,0.1,4.4,8.5,59.0,1024.2,18.8,66.0,27.0
2005-11-23,0.1,3.3,6.7,42.0,1022.0,34.5,53.0,70.0
2005-11-24,1.0,2.4,6.3,58.0,1014.2,17.1,41.0,88.0
2005-11-25,3.9,-0.1,4.6,81.0,1001.6,8.6,42.0,85.0
2005-11-26,22.6,2.7,4.3,92.0,997.3,11.9,14.0,100.0
2005-11-27,0.7,2.5,7.1,88.0,996.4,9.9,254.0,93.0
2005-11-28,0.0,0.1,6.3,87.0,1004.0,4.9,280.0,61.0
2005-11-29,11.6,1.3,7.6,84.0,1009.0,13.1,35.0,95.0
2005-11-30,0.4,1.6,9.3,81.0,1008.9,9.5,12.0,56.0
2005-12-01,1.5,1.4,7.6,70.0,1012.1,15.7,46.0,43.0
2005-12-02,0.3,0.9,6.6,82.0,1013.6,4.8,50.0,67.0
2005-12-03,23.1,4.6,11.2,91.0,1006.1,16.0,174.0,74.0
2005-12-04,1.0,2.6,9.3,90.0,1011.1,5.8,4.0,61.0
2005-12-05,9.2,6.1,9.9,91.0,1004.1,7.7,33.0,84.0
2005-12-06,4.2,4.0,8.4,90.0,1001.4,9.3,290.0,92.0
2005-12-07,2.4,4.5,10.5,81.0,1011.1,8.2,342.0,67.0
2005-12-08,0.0,0.2,8.3,85.0,1019.2,8.4,41.0,71.0
2005-12-09,0.0,5.4,9.7,60.0,1024.1,25.0,46.0,84.0
2005-12-10,0.0,3.6,7.0,56.0,1033.2,26.3,57.0,0.0
2005-12-11,0.0,1.6,7.1,55.0,1032.5,25.4,53.0,12.0
2005-12-12,10.5,5.1,7.9,62.0,1025.5,25.4,53.0,98.0
2005-12-13,0.0,5.9,9.5,78.0,1024.2,15.1,45.0,78.0
2005-12-14,0.0,4.2,8.5,71.0,1017.4,21.2,58.0,58.0
2005-12-15,0.0,1.5,8.0,72.0,1016.0,11.7,352.0,5.0
2005-12-16,0.0,1.0,4.4,88.0,1005.3,4.6,206.0,75.0
2005-12-17,0.4,1.3,7.5,78.0,1000.1,9.0,9.0,50.0
2005-12-18,0.0,0.1,7.2,54.0,1014.2,11.4,303.0,14.0
2005-12-19,0.0,-1.0,4.8,66.0,1024.0,4.9,257.0,39.0
2005-12-20,0.0,-0.5,5.4,70.0,1027.4,4.3,234.0,25.0
2005-12-21,0.0,-2.0,6.8,79.0,1028.0,4.5,38.0,2.0
2005-12-22,0.0,-0.3,4.4,81.0,1028.5,2.8,47.0,56.0
2005-12-23,0.0,-0.7,6.1,83.0,1026.2,3.8,36.0,52.0
2005-12-24,0.0,0.7,5.7,84.0,1025.0,5.1,230.0,46.0
2005-12-25,0.0,0.8,6.0,87.0,1018.5,6.2,33.0,97.0
2005-12-26,0.1,1.3,7.7,79.0,1009.9,11.4,34.0,65.0
2005-12-27,7.0,1.8,5.1,81.0,1003.4,18.2,47.0,90.0
2005-12-28,5.2,-0.3,4.2,79.0,998.9,12.6,52.0,57.0
2005-12-29,2.9,-1.8,2.2,84.0,1010.7,6.5,330.0,71.0
2005-12-30,0.0,-3.7,2.7,72.0,1016.4,9.7,273.0,10.0
2005-12-31,1.4,-3.5,2.5,75.0,1017.3,6.8,53.0,96.0
2006-01-01,12.1,0.1,3.4,93.0,1008.3,8.3,322.0,100.0
2006-01-02,9.2,2.9,5.0,92.0,1008.7,10.9,356.0,96.0
2006-01-03,0.0,0.3,9.4,78.0,1017.4,10.9,31.0,41.0
2006-01-04,0.0,1.6,7.4,66.0,1020.9,15.9,48.0,25.0
2006-01-05,0.0,3.2,8.1,64.0,1017.7,15.4,42.0,86.0
2006-01-06,0.0,-0.1,8.2,75.0,1019.5,10.0,18.0,59.0
2006-01-07,0.0,3.3,8.3,76.0,1025.0,11.8,44.0,28.0
2006-01-08,0.0,2.6,6.5,69.0,1029.5,17.5,47.0,15.0
2006-01-09,0.0,1.4,5.4,65.0,1030.1,15.8,46.0,3.0
2006-01-10,0.0,-1.5,7.0,70.0,1029.7,9.3,22.0,1.0
2006-01-11,0.0,0.1,8.4,72.0,1029.1,5.4,9.0,0.0
2006-01-12,0.0,-1.5,7.4,76.0,1030.3,12.7,49.0,0.0
2006-01-13,0.0,0.8,5.9,72.0,1033.3,13.4,53.0,1.0
2006-01-14,0.0,-2.1,4.7,75.0,1031.0,13.2,57.0,4.0
2006-01-15,0.0,-0.7,3.6,69.0,1031.1,16.5,56.0,8.0
2006-01-16,0.0,-0.2,4.6,66.0,1028.3,7.4,34.0,38.0
2006-01-17,3.4,0.3,1.8,86.0,1023.2,2.2,172.0,93.0
2006-01-18,1.9,-1.5,3.1,91.0,1010.4,3.8,111.0,74.0
2006-01-19,0.0,-1.7,7.2,86.0,1019.7,4.0,273.0,35.0
2006-01-20,0.0,-1.4,4.9,91.0,1026.6,3.2,98.0,68.0
2006-01-21,0.0,-1.1,4.9,90.0,1021.8,3.2,36.0,67.0
2006-01-22,0.0,-1.5,7.6,88.0,1022.1,5.3,344.0,40.0
2006-01-23,0.4,-0.4,3.9,67.0,1028.7,24.2,75.0,27.0
2006-01-24,0.0,-2.3,3.0,56.0,1034.3,27.5,61.0,1.0
2006-01-25,0.0,-5.6,1.1,56.0,1027.0,11.2,51.0,56.0
2006-01-26,2.1,-2.3,3.0,64.0,1018.7,20.2,51.0,85.0
2006-01-27,13.9,1.1,4.9,80.0,1022.0,26.9,53.0,98.0
2006-01-28,7.1,2.8,7.4,88.0,1025.8,21.2,42.0,100.0
2006-01-29,5.0,6.6,9.0,92.0,1026.9,12.4,42.0,100.0
2006-01-30,0.6,5.5,11.1,86.0,1024.6,10.7,41.0,96.0
2006-01-31,0.0,1.1,9.8,90.0,1020.0,4.4,321.0,67.0
2006-02-01,0.0,0.9,11.1,87.0,1018.6,6.2,354.0,25.0
2006-02-02,0.0,0.5,10.4,86.0,1014.9,4.0,21.0,21.0
2006-02-03,0.0,1.3,10.3,83.0,1013.9,7.2,48.0,10.0
2006-02-04,0.0,1.8,7.4,76.0,1015.4,13.5,55.0,52.0
2006-02-05,0.0,1.5,4.8,58.0,1022.4,20.5,74.0,34.0
2006-02-06,0.0,-0.0,2.9,60.0,1024.1,9.4,93.0,53.0
2006-02-07,0.0,-0.8,3.5,68.0,1022.9,4.9,146.0,43.0
2006-02-08,2.1,-1.2,4.2,80.0,1012.5,4.7,111.0,72.0
2006-02-09,0.2,-1.8,6.6,88.0,1006.9,5.3,170.0,49.0
2006-02-10,0.0,-1.0,9.0,78.0,1010.5,7.0,280.0,18.0
2006-02-11,0.0,-2.1,8.9,61.0,1019.3,8.6,45.0,4.0
2006-02-12,0.0,-0.6,7.4,73.0,1024.1,5.8,127.0,6.0
2006-02-13,0.0,-1.0,6.8,81.0,1023.0,6.8,95.0,11.0
2006-02-14,0.0,1.0,7.0,82.0,1023.5,5.5,133.0,39.0
2006-02-15,2.1,1.0,6.4,89.0,1018.6,6.1,92.0,96.0
2006-02-16,4.3,2.8,5.2,97.0,1004.1,3.9,137.0,98.0
2006-02-17,0.7,3.4,11.0,89.0,1000.7,8.2,143.0,68.0
2006-02-18,2.5,2.4,10.2,92.0,1008.4,6.6,93.0,84.0
2006-02-19,2.0,3.2,9.4,92.0,1010.5,6.6,84.0,81.0
2006-02-20,14.3,5.0,8.8,93.0,1007.1,9.5,171.0,97.0
2006-02-21,2.4,3.7,9.9,94.0,1011.1,7.9,60.0,99.0
2006-02-22,4.3,2.7,9.0,92.0,1016.0,9.5,54.0,97.0
2006-02-23,1.5,4.0,10.1,80.0,1015.4,14.9,49.0,82.0
2006-02-24,5.3,5.8,8.8,68.0,1008.2,25.0,52.0,100.0
2006-02-25,1.6,4.5,8.5,70.0,1008.3,15.1,58.0,99.0
2006-02-26,0.8,1.9,7.6,83.0,1009.4,6.1,130.0,94.0
2006-02-27,2.5,2.2,5.8,75.0,1010.0,19.7,63.0,60.0
2006-02-28,0.0,0.2,4.8,54.0,1008.0,15.5,50.0,42.0
2006-03-01,0.0,-0.2,6.4,70.0,1007.1,10.4,93.0,43.0
2006-03-02,0.3,1.4,6.8,72.0,1006.6,11.2,29.0,49.0
2006-03-03,0.0,-0.8,7.0,83.0,1008.6,6.0,114.0,85.0
2006-03-04,1.2,3.0,11.4,87.0,999.8,12.7,194.0,91.0
2006-03-05,17.3,3.8,10.6,86.0,994.6,23.5,144.0,99.0
2006-03-06,0.0,2.0,9.1,52.0,1008.2,15.3,66.0,58.0
2006-03-07,0.0,-1.8,9.1,55.0,1013.9,8.4,314.0,33.0
2006-03-08,0.0,-1.6,7.4,56.0,1016.8,12.7,132.0,50.0
2006-03-09,0.0,2.3,8.1,74.0,1010.0,7.1,127.0,80.0
2006-03-10,6.0,3.9,9.3,84.0,1005.4,8.2,1.0,95.0
2006-03-11,3.6,3.4,11.6,75.0,1003.3,8.3,353.0,56.0
2006-03-12,4.5,0.1,6.9,58.0,1007.9,17.8,23.0,65.0
2006-03-13,0.0,-2.4,8.3,61.0,1015.1,10.1,10.0,61.0
2006-03-14,0.0,1.5,7.7,68.0,1017.5,9.5,80.0,29.0
2006-03-15,0.0,1.8,8.7,75.0,1017.7,8.1,81.0,33.0
2006-03-16,0.2,3.1,9.4,73.0,1017.3,11.4,55.0,62.0
2006-03-17,0.0,2.7,9.7,69.0,1017.8,9.3,50.0,37.0
2006-03-18,0.0,3.9,9.4,65.0,1017.7,10.5,68.0,40.0
2006-03-19,0.0,1.2,9.8,73.0,1015.3,9.4,118.0,28.0
2006-03-20,0.0,2.4,10.3,82.0,1013.4,6.7,144.0,29.0
2006-03-21,9.7,6.0,8.4,91.0,1011.2,7.0,59.0,91.0
2006-03-22,2.9,6.3,13.0,86.0,1005.7,4.7,254.0,91.0
2006-03-23,10.2,7.2,13.5,84.0,1005.1,9.5,264.0,81.0
2006-03-24,0.0,6.2,10.4,72.0,1012.2,7.9,105.0,96.0
2006-03-25,0.0,6.1,12.0,82.0,1015.3,5.3,162.0,43.0
2006-03-26,0.0,4.5,13.0,90.0,1020.6,7.4,127.0,85.0
2006-03-27,0.0,7.4,13.5,91.0,1018.7,7.0,133.0,91.0
2006-03-28,6.9,8.7,13.0,92.0,1010.4,7.8,127.0,85.0
2006-03-29,0.4,7.3,16.1,80.0,1008.9,11.2,222.0,29.0
2006-03-30,0.0,4.7,15.3,83.0,1016.9,8.7,101.0,66.0
2006-03-31,1.5,7.7,14.5,84.0,1015.7,8.8,156.0,74.0
2006-04-01,0.0,10.6,15.1,82.0,1016.9,10.5,76.0,94.0
2006-04-02,0.0,9.4,15.5,89.0,1015.0,6.6,135.0,42.0
2006-04-03,8.7,8.4,14.9,88.0,1014.5,8.5,54.0,66.0
2006-04-04,0.0,5.2,14.6,78.0,1015.9,8.5,167.0,10.0
2006-04-05,1.8,6.9,13.1,81.0,1008.1,12.3,71.0,91.0
2006-04-06,15.7,7.3,10.3,80.0,1007.6,21.1,52.0,75.0
2006-04-07,0.0,5.3,12.4,60.0,1015.4,10.1,64.0,23.0
2006-04-08,0.0,5.1,14.4,72.0,1016.4,7.8,167.0,1.0
2006-04-09,0.0,5.6,13.6,83.0,1015.8,7.9,133.0,78.0
2006-04-10,12.0,9.1,13.9,91.0,1009.6,11.6,76.0,88.0
2006-04-11,11.5,9.0,12.7,81.0,1004.7,12.0,251.0,66.0
2006-04-12,0.0,6.1,12.8,76.0,1009.8,5.5,180.0,74.0
2006-04-13,0.0,5.4,14.9,80.0,1012.3,7.8,180.0,39.0
2006-04-14,0.0,5.7,16.0,79.0,1014.5,8.5,104.0,3.0
2006-04-15,0.7,9.1,16.5,80.0,1017.6,8.8,109.0,87.0
2006-04-16,0.3,9.4,15.1,88.0,1014.4,8.0,116.0,79.0
2006-04-17,0.0,11.2,16.6,86.0,1012.6,7.9,105.0,83.0
2006-04-18,0.5,8.7,19.1,80.0,1010.1,9.9,40.0,98.0
2006-04-19,0.0,11.6,18.5,67.0,1011.6,10.1,18.0,72.0
2006-04-20,0.0,9.5,19.2,71.0,1014.7,7.5,28.0,61.0
2006-04-21,0.1,9.1,19.7,75.0,1016.3,7.3,218.0,13.0
2006-04-22,0.0,11.1,20.4,75.0,1015.5,6.6,195.0,1.0
2006-04-23,0.0,10.3,19.9,79.0,1014.4,7.1,94.0,9.0
2006-04-24,0.0,11.4,20.7,78.0,1017.3,8.4,88.0,22.0
2006-04-25,0.0,10.2,21.1,75.0,1017.9,7.5,117.0,81.0
2006-04-26,0.0,11.6,20.6,79.0,1015.2,5.4,131.0,73.0
2006-04-27,3.2,12.7,17.7,81.0,1012.6,9.4,37.0,89.0
2006-04-28,1.5,13.0,18.3,78.0,1009.1,8.7,65.0,90.0
2006-04-29,25.9,12.4,15.7,92.0,1005.8,8.6,91.0,94.0
2006-04-30,32.0,8.9,13.3,72.0,1009.2,22.8,43.0,99.0
2006-05-01,0.0,9.0,16.4,70.0,1013.1,7.7,74.0,84.0
2006-05-02,0.1,10.3,17.4,81.0,1018.5,7.2,110.0,57.0
2006-05-03,0.0,10.0,19.8,80.0,1020.8,5.5,80.0,15.0
2006-05-04,0.0,12.2,19.9,70.0,1020.7,10.8,62.0,19.0
2006-05-05,0.0,13.0,19.5,55.0,1022.4,12.4,52.0,28.0
2006-05-06,0.0,11.9,20.2,60.0,1020.0,7.1,32.0,22.0
2006-05-07,0.0,11.8,19.1,73.0,1017.9,7.7,121.0,12.0
2006-05-08,0.0,10.9,19.1,78.0,1016.7,9.2,122.0,68.0
2006-05-09,37.0,12.7,15.1,89.0,1011.9,12.6,109.0,99.0
2006-05-10,0.0,11.0,20.8,73.0,1011.3,8.8,249.0,39.0
2006-05-11,0.1,10.6,20.3,81.0,1014.6,6.9,127.0,27.0
2006-05-12,0.0,11.2,20.9,79.0,1019.7,10.5,157.0,42.0
2006-05-13,0.0,13.5,21.2,78.0,1019.4,8.9,118.0,62.0
2006-05-14,12.6,13.7,19.1,87.0,1017.8,6.7,158.0,69.0
2006-05-15,0.0,11.4,20.5,82.0,1021.3,7.8,146.0,72.0
2006-05-16,0.0,13.0,21.5,79.0,1019.6,8.2,147.0,55.0
2006-05-17,0.0,14.7,22.8,79.0,1017.3,7.8,109.0,57.0
2006-05-18,0.0,17.0,22.2,83.0,1017.8,10.2,110.0,88.0
2006-05-19,0.0,16.3,23.3,80.0,1011.3,10.6,92.0,40.0
2006-05-20,0.0,17.3,21.7,76.0,1007.3,11.8,49.0,91.0
2006-05-21,0.0,15.6,22.1,78.0,1008.6,9.2,171.0,75.0
2006-05-22,0.0,14.5,22.9,80.0,1012.1,10.4,88.0,25.0
2006-05-23,0.4,16.1,22.7,81.0,1013.3,9.5,122.0,63.0
2006-05-24,8.3,14.3,18.8,82.0,1017.2,15.5,64.0,83.0
2006-05-25,0.0,11.9,20.4,67.0,1021.4,7.9,58.0,49.0
2006-05-26,0.0,14.5,22.3,74.0,1020.3,7.2,150.0,74.0
2006-05-27,0.0,14.2,23.1,85.0,1018.9,7.0,96.0,85.0
2006-05-28,0.0,16.4,23.9,86.0,1014.7,10.0,141.0,73.0
2006-05-29,8.7,14.8,19.2,81.0,1007.7,22.1,50.0,85.0
2006-05-30,10.7,11.8,15.2,76.0,1003.2,18.9,40.0,86.0
2006-05-31,0.0,9.5,17.2,68.0,1010.8,9.5,42.0,76.0
2006-06-01,0.1,11.4,19.3,53.0,1015.2,14.4,41.0,52.0
2006-06-02,1.2,11.4,20.2,51.0,1015.7,16.4,42.0,79.0
2006-06-03,0.0,13.9,19.5,59.0,1014.8,9.6,244.0,89.0
2006-06-04,0.0,11.4,21.5,69.0,1015.6,6.3,173.0,38.0
2006-06-05,0.4,14.2,20.1,73.0,1017.1,13.7,76.0,80.0
2006-06-06,3.1,13.5,18.9,73.0,1020.1,11.3,63.0,64.0
2006-06-07,0.3,11.0,19.9,67.0,1023.2,8.5,9.0,20.0
2006-06-08,0.0,11.0,20.1,72.0,1024.5,7.1,83.0,36.0
2006-06-09,0.0,14.0,21.2,66.0,1023.5,6.8,32.0,29.0
2006-06-10,0.0,11.6,23.5,71.0,1020.0,8.6,137.0,50.0
2006-06-11,0.4,15.8,21.4,63.0,1024.7,10.2,128.0,39.0
2006-06-12,0.0,14.2,23.7,67.0,1026.2,9.2,35.0,7.0
2006-06-13,0.0,15.5,25.3,69.0,1021.6,7.5,193.0,13.0
2006-06-14,0.0,16.0,25.2,77.0,1017.2,8.4,120.0,11.0
2006-06-15,0.0,18.3,26.5,78.0,1017.2,8.0,110.0,17.0
2006-06-16,0.0,18.9,26.6,77.0,1017.5,7.7,132.0,66.0
2006-06-17,0.0,18.7,26.4,79.0,1017.4,9.2,118.0,48.0
2006-06-18,0.0,19.5,26.9,77.0,1018.4,10.0,108.0,45.0
2006-06-19,0.0,19.9,27.7,75.0,1017.1,10.3,110.0,47.0
2006-06-20,0.0,20.4,27.9,75.0,1017.2,9.8,94.0,54.0
2006-06-21,0.0,19.5,28.4,79.0,1014.9,8.0,123.0,43.0
2006-06-22,0.0,20.5,28.3,76.0,1011.8,7.2,100.0,30.0
2006-06-23,0.3,21.7,28.7,71.0,1011.4,10.4,60.0,33.0
2006-06-24,0.0,22.7,29.0,68.0,1013.8,9.8,71.0,29.0
2006-06-25,0.0,20.6,29.6,75.0,1014.2,7.0,123.0,43.0
2006-06-26,0.0,22.2,29.8,78.0,1013.9,9.5,97.0,11.0
2006-06-27,0.0,22.4,30.7,75.0,1015.3,7.7,125.0,12.0
2006-06-28,0.0,22.2,30.9,72.0,1014.3,9.9,78.0,53.0
2006-06-29,4.1,22.1,27.7,74.0,1012.9,13.4,354.0,56.0
2006-06-30,0.0,19.9,30.4,61.0,1015.1,9.0,32.0,3.0
2006-07-01,0.0,22.1,28.2,64.0,1017.2,7.6,100.0,32.0
2006-07-02,0.3,21.1,26.9,60.0,1017.0,7.8,75.0,40.0
2006-07-03,0.4,20.6,27.9,62.0,1016.3,11.2,62.0,36.0
2006-07-04,0.0,20.8,27.4,59.0,1017.8,11.0,61.0,33.0
2006-07-05,0.0,21.0,27.3,55.0,1019.8,7.3,83.0,62.0
2006-07-06,2.0,20.3,27.2,69.0,1019.0,10.0,127.0,48.0
2006-07-07,9.3,19.6,25.7,78.0,1016.0,6.5,60.0,85.0
2006-07-08,0.0,19.0,27.4,69.0,1015.3,5.1,325.0,47.0
2006-07-09,0.0,18.8,29.7,64.0,1016.9,5.7,347.0,36.0
2006-07-10,0.0,20.4,30.8,62.0,1019.9,6.2,6.0,7.0
2006-07-11,0.0,22.0,31.0,66.0,1020.1,6.3,85.0,10.0
2006-07-12,0.6,21.9,31.1,66.0,1018.0,6.9,357.0,59.0
2006-07-13,0.0,23.0,30.7,61.0,1016.7,8.5,30.0,43.0
2006-07-14,0.0,20.9,30.9,65.0,1017.3,4.7,343.0,23.0
2006-07-15,0.0,23.8,29.1,62.0,1019.7,10.3,105.0,40.0
2006-07-16,0.4,23.0,26.6,53.0,1021.7,11.5,96.0,54.0
2006-07-17,0.0,20.5,26.9,57.0,1021.8,8.9,143.0,34.0
2006-07-18,0.0,18.8,28.4,59.0,1020.9,7.6,123.0,7.0
2006-07-19,0.0,19.7,30.7,64.0,1020.0,6.4,202.0,0.0
2006-07-20,0.0,21.4,32.4,67.0,1018.5,5.9,198.0,1.0
2006-07-21,0.0,19.4,32.9,65.0,1016.8,4.9,177.0,1.0
2006-07-22,0.0,20.9,33.5,59.0,1014.3,5.1,37.0,19.0
2006-07-23,0.0,21.6,33.4,60.0,1013.7,9.3,2.0,27.0
2006-07-24,0.0,24.7,32.3,55.0,1015.3,10.4,23.0,41.0
2006-07-25,0.0,24.6,32.3,59.0,1015.0,7.3,41.0,38.0
2006-07-26,0.0,24.0,32.4,66.0,1015.0,6.4,326.0,75.0
2006-07-27,0.5,23.4,32.6,65.0,1014.1,6.2,275.0,34.0
2006-07-28,0.3,23.5,31.5,69.0,1010.3,6.5,12.0,39.0
2006-07-29,0.0,22.2,28.7,70.0,1007.7,6.4,67.0,38.0
2006-07-30,0.0,21.9,31.0,64.0,1010.2,4.9,140.0,17.0
2006-07-31,0.0,22.8,30.3,69.0,1012.2,5.4,153.0,62.0
2006-08-01,5.1,22.9,26.9,79.0,1008.8,11.6,51.0,90.0
2006-08-02,6.5,20.4,24.8,73.0,1006.7,17.8,50.0,46.0
2006-08-03,36.5,18.7,21.7,79.0,1001.8,11.3,44.0,76.0
2006-08-04,1.2,17.6,21.6,68.0,1004.2,12.4,17.0,85.0
2006-08-05,0.0,15.5,24.4,69.0,1009.9,4.5,27.0,24.0
2006-08-06,0.0,18.6,26.6,69.0,1009.7,4.9,142.0,78.0
2006-08-07,0.0,18.5,27.6,78.0,1007.2,6.4,144.0,71.0
2006-08-08,0.0,18.3,26.9,72.0,1007.4,6.1,91.0,22.0
2006-08-09,0.2,19.5,25.6,70.0,1009.4,9.3,67.0,51.0
2006-08-10,0.1,19.0,25.5,65.0,1009.6,12.3,38.0,43.0
2006-08-11,0.9,18.4,23.0,66.0,1009.0,12.5,46.0,79.0
2006-08-12,8.5,16.1,21.0,75.0,1005.2,13.6,38.0,86.0
2006-08-13,0.2,15.4,22.0,65.0,1006.8,9.4,66.0,65.0
2006-08-14,12.4,15.0,21.8,82.0,1009.8,6.7,94.0,60.0
2006-08-15,0.6,15.1,23.3,77.0,1013.1,8.1,97.0,43.0
2006-08-16,8.0,18.3,21.8,84.0,1011.4,15.3,45.0,75.0
2006-08-17,0.1,17.3,25.7,80.0,1010.7,10.0,59.0,49.0
2006-08-18,0.1,20.5,27.7,79.0,1011.1,9.4,183.0,27.0
2006-08-19,0.5,19.6,26.1,81.0,1016.6,6.5,355.0,52.0
2006-08-20,0.2,19.5,26.1,84.0,1016.8,9.3,189.0,48.0
2006-08-21,2.4,19.5,25.2,67.0,1016.5,12.4,45.0,36.0
2006-08-22,0.2,17.4,25.6,74.0,1014.5,7.8,99.0,15.0
2006-08-23,1.1,19.2,25.1,74.0,1013.5,9.8,46.0,41.0
2006-08-24,2.9,19.5,24.3,79.0,1010.6,8.6,54.0,74.0
2006-08-25,21.6,17.5,21.1,85.0,1007.2,13.2,57.0,69.0
2006-08-26,1.2,17.2,23.6,70.0,1008.6,10.3,51.0,34.0
2006-08-27,1.3,17.1,22.9,73.0,1010.1,6.6,39.0,55.0
2006-08-28,6.7,15.6,22.2,82.0,1010.0,7.4,116.0,71.0
2006-08-29,1.1,16.0,23.1,72.0,1004.7,9.5,87.0,74.0
2006-08-30,6.2,14.5,21.8,67.0,1010.4,11.1,51.0,36.0
2006-08-31,0.0,13.0,23.3,75.0,1019.9,6.9,110.0,5.0
2006-09-01,0.0,15.4,23.3,77.0,1020.6,11.0,94.0,8.0
2006-09-02,0.0,15.4,24.5,79.0,1017.5,8.3,127.0,6.0
2006-09-03,0.0,16.9,25.5,81.0,1019.0,7.9,131.0,35.0
2006-09-04,0.0,18.2,26.2,84.0,1021.8,6.7,120.0,19.0
2006-09-05,0.0,18.9,26.7,86.0,1020.1,5.8,121.0,27.0
2006-09-06,0.0,19.6,27.8,86.0,1017.5,6.7,83.0,21.0
2006-09-07,0.0,19.1,27.4,85.0,1014.8,7.1,108.0,40.0
2006-09-08,2.4,20.4,26.8,82.0,1015.5,10.4,63.0,51.0
2006-09-09,0.0,19.1,23.5,53.0,1023.7,20.0,65.0,24.0
2006-09-10,0.0,17.1,24.7,56.0,1024.4,14.8,51.0,9.0
2006-09-11,0.0,17.2,24.5,60.0,1023.3,10.8,58.0,37.0
2006-09-12,0.0,17.0,25.0,65.0,1021.2,9.9,53.0,33.0
2006-09-13,0.0,16.7,24.7,67.0,1019.8,10.3,75.0,5.0
2006-09-14,7.4,16.8,22.8,81.0,1015.6,14.7,73.0,84.0
2006-09-15,57.5,17.6,21.5,89.0,1007.6,24.9,94.0,92.0
2006-09-16,31.7,18.2,21.5,87.0,1008.0,19.3,50.0,95.0
2006-09-17,54.5,17.0,19.6,93.0,1007.7,20.2,81.0,99.0
2006-09-18,6.0,14.9,22.5,84.0,1009.4,5.6,70.0,84.0
2006-09-19,5.8,17.2,22.7,84.0,1011.6,4.7,99.0,53.0
2006-09-20,0.7,16.2,23.5,84.0,1016.6,5.1,104.0,37.0
2006-09-21,0.0,16.6,23.7,80.0,1018.4,6.9,56.0,26.0
2006-09-22,0.0,16.4,23.4,86.0,1015.8,4.5,120.0,38.0
2006-09-23,0.0,17.2,22.9,72.0,1016.3,11.7,50.0,27.0
2006-09-24,0.0,15.6,22.0,68.0,1016.4,8.9,70.0,17.0
2006-09-25,2.5,15.6,20.6,80.0,1012.2,12.5,83.0,91.0
2006-09-26,0.0,17.0,24.9,65.0,1008.4,17.5,39.0,96.0
2006-09-27,0.0,16.8,25.2,62.0,1010.6,12.3,29.0,26.0
2006-09-28,0.0,14.8,23.8,74.0,1011.1,5.2,28.0,26.0
2006-09-29,0.0,15.9,23.1,83.0,1013.2,6.0,163.0,51.0
2006-09-30,0.6,15.6,22.5,88.0,1015.3,6.3,137.0,66.0
2006-10-01,0.0,16.1,23.3,86.0,1016.6,6.9,205.0,77.0
2006-10-02,0.0,17.0,23.6,86.0,1016.0,11.1,194.0,51.0
2006-10-03,1.3,18.1,22.9,85.0,1009.9,16.1,178.0,51.0
2006-10-04,6.1,15.8,24.0,83.0,1006.2,13.3,216.0,61.0
2006-10-05,4.1,14.8,19.2,71.0,1016.0,17.4,42.0,21.0
2006-10-06,0.0,13.1,20.0,64.0,1020.2,10.4,40.0,15.0
2006-10-07,0.4,13.5,19.0,77.0,1015.6,5.8,36.0,69.0
2006-10-08,0.0,11.8,20.7,75.0,1020.7,8.7,31.0,8.0
2006-10-09,0.0,11.2,20.5,73.0,1021.8,9.2,27.0,3.0
2006-10-10,0.0,12.4,21.6,74.0,1020.5,9.3,32.0,1.0
2006-10-11,0.0,12.7,20.6,73.0,1018.2,10.4,52.0,0.0
2006-10-12,0.0,10.9,20.4,78.0,1019.9,6.8,45.0,12.0
2006-10-13,0.0,11.5,22.0,81.0,1023.8,6.7,20.0,48.0
2006-10-14,0.0,16.3,20.5,66.0,1024.8,18.5,55.0,60.0
2006-10-15,0.0,14.0,20.2,58.0,1024.0,18.4,49.0,17.0
2006-10-16,0.0,10.2,18.5,69.0,1021.8,13.0,76.0,13.0
2006-10-17,0.0,10.7,16.4,58.0,1022.1,11.0,61.0,18.0
2006-10-18,0.0,7.7,16.4,71.0,1018.2,6.6,58.0,41.0
2006-10-19,0.2,10.6,16.4,78.0,1013.5,8.1,62.0,95.0
2006-10-20,5.5,13.2,16.6,87.0,1008.8,6.5,31.0,95.0
2006-10-21,1.7,12.1,16.6,90.0,1010.0,4.5,345.0,92.0
2006-10-22,0.0,12.0,19.0,87.0,1012.9,6.9,297.0,79.0
2006-10-23,1.6,13.1,18.6,91.0,1012.5,6.5,209.0,96.0
2006-10-24,1.9,15.0,21.8,88.0,1007.6,11.8,197.0,66.0
2006-10-25,0.7,15.1,20.2,89.0,1014.7,4.8,47.0,72.0
2006-10-26,0.0,13.4,20.1,91.0,1020.5,5.5,138.0,80.0
2006-10-27,0.0,13.9,18.4,92.0,1023.7,5.2,197.0,83.0
2006-10-28,0.0,12.9,21.9,88.0,1023.1,5.3,284.0,74.0
2006-10-29,0.0,13.9,19.7,90.0,1015.1,5.2,237.0,43.0
2006-10-30,0.0,13.4,19.9,72.0,1015.6,9.3,107.0,63.0
2006-10-31,0.8,14.0,17.3,74.0,1017.5,7.0,137.0,81.0
2006-11-01,0.4,11.1,16.4,80.0,1008.7,7.7,60.0,65.0
2006-11-02,0.0,7.9,13.9,32.0,1017.7,20.4,44.0,7.0
2006-11-03,0.1,3.2,11.0,55.0,1022.5,12.9,46.0,12.0
2006-11-04,0.6,5.6,11.6,60.0,1028.7,6.2,10.0,30.0
2006-11-05,0.0,6.1,11.4,69.0,1026.5,3.3,287.0,54.0
2006-11-06,0.0,4.7,12.5,82.0,1024.2,3.3,28.0,80.0
2006-11-07,0.0,4.7,13.9,86.0,1025.8,4.9,57.0,30.0
2006-11-08,0.0,5.8,13.2,91.0,1027.5,5.1,48.0,40.0
2006-11-09,0.0,9.4,16.1,86.0,1025.3,5.9,23.0,43.0
2006-11-10,0.0,9.7,15.7,68.0,1027.5,14.1,73.0,28.0
2006-11-11,0.0,8.8,13.0,64.0,1027.2,4.5,181.0,77.0
2006-11-12,0.0,6.1,11.6,78.0,1013.4,4.8,11.0,70.0
2006-11-13,0.1,6.3,14.4,81.0,1014.6,6.3,18.0,45.0
2006-11-14,0.0,7.9,13.0,84.0,1018.4,3.5,315.0,20.0
2006-11-15,0.0,7.7,14.5,88.0,1023.4,5.7,41.0,43.0
2006-11-16,0.3,10.6,15.3,87.0,1021.7,4.8,196.0,70.0
2006-11-17,0.1,10.2,15.2,91.0,1020.0,4.3,234.0,87.0
2006-11-18,4.1,11.9,16.8,93.0,1019.5,3.6,59.0,89.0
2006-11-19,0.7,10.9,14.9,90.0,1022.9,8.6,250.0,85.0
2006-11-20,3.9,9.8,14.3,89.0,1018.1,8.4,35.0,61.0
2006-11-21,3.8,9.5,13.1,81.0,1009.5,7.0,43.0,85.0
2006-11-22,10.3,8.8,11.2,83.0,996.8,16.3,15.0,93.0
2006-11-23,0.0,4.0,12.9,82.0,1006.2,6.8,19.0,45.0
2006-11-24,0.0,4.8,12.3,83.0,1014.8,8.5,25.0,83.0
2006-11-25,0.0,8.6,14.0,89.0,1019.8,4.1,229.0,65.0
2006-11-26,0.0,9.1,12.5,96.0,1024.8,4.0,220.0,100.0
2006-11-27,0.0,9.8,13.1,92.0,1027.8,3.3,301.0,96.0
2006-11-28,0.0,9.2,13.1,90.0,1026.7,4.3,316.0,88.0
2006-11-29,0.0,6.0,12.1,89.0,1026.7,3.0,313.0,45.0
2006-11-30,0.0,5.7,14.8,80.0,1032.1,13.9,42.0,1.0
2006-12-01,0.0,5.2,12.0,79.0,1032.7,10.7,42.0,9.0
2006-12-02,0.0,3.7,10.6,86.0,1028.9,6.4,24.0,38.0
2006-12-03,0.3,6.5,10.2,89.0,1023.2,2.3,60.0,95.0
2006-12-04,2.7,6.7,9.9,92.0,1016.5,4.3,16.0,79.0
2006-12-05,0.5,5.3,11.0,91.0,1018.2,3.8,35.0,86.0
2006-12-06,8.4,9.1,13.1,90.0,1014.2,8.5,62.0,88.0
2006-12-07,5.3,10.1,14.0,96.0,1013.9,4.1,207.0,90.0
2006-12-08,1.0,8.9,14.1,93.0,1012.4,9.0,138.0,75.0
2006-12-09,27.3,9.3,13.6,85.0,1006.6,19.6,164.0,78.0
2006-12-10,1.8,6.0,12.1,83.0,1023.4,8.7,4.0,35.0
2006-12-11,0.0,4.9,10.7,73.0,1029.8,9.8,27.0,2.0
2006-12-12,0.0,2.3,8.9,84.0,1026.7,5.8,34.0,44.0
2006-12-13,0.0,1.3,9.9,86.0,1028.8,5.5,355.0,52.0
2006-12-14,0.0,1.6,10.8,83.0,1033.2,6.9,31.0,0.0
2006-12-15,0.0,2.1,10.2,85.0,1034.6,4.6,42.0,38.0
2006-12-16,0.0,5.3,9.6,88.0,1031.2,3.3,55.0,94.0
2006-12-17,0.8,7.1,9.9,83.0,1026.1,5.6,15.0,99.0
2006-12-18,26.2,7.1,8.5,85.0,1019.1,22.8,43.0,99.0
2006-12-19,0.0,6.3,9.1,58.0,1022.5,22.1,59.0,71.0
2006-12-20,0.0,2.6,7.3,62.0,1029.9,15.8,54.0,7.0
2006-12-21,0.0,2.0,9.4,64.0,1032.6,16.2,44.0,8.0
2006-12-22,0.0,4.8,8.7,60.0,1035.9,22.8,54.0,3.0
2006-12-23,0.0,2.2,8.6,72.0,1036.3,13.3,48.0,0.0
2006-12-24,0.0,2.5,9.0,79.0,1031.8,11.0,39.0,1.0
2006-12-25,0.0,2.8,10.0,80.0,1028.2,12.7,56.0,2.0
2006-12-26,0.0,3.3,8.3,78.0,1032.5,14.9,54.0,2.0
2006-12-27,0.0,0.1,7.6,79.0,1033.9,6.4,38.0,3.0
2006-12-28,0.0,0.6,4.1,92.0,1031.7,3.7,258.0,84.0
2006-12-29,0.0,0.6,5.6,91.0,1031.0,3.0,309.0,71.0
2006-12-30,0.0,0.4,6.8,88.0,1035.3,4.2,272.0,85.0
2006-12-31,0.6,3.4,6.8,91.0,1036.7,2.9,117.0,96.0
2007-01-01,5.5,4.0,7.8,95.0,1028.4,2.6,230.0,95.0
2007-01-02,4.6,3.7,8.6,87.0,1016.7,10.9,320.0,86.0
2007-01-03,0.0,-0.4,9.2,76.0,1024.3,4.6,312.0,18.0
2007-01-04,0.0,3.0,7.7,84.0,1022.4,3.3,36.0,84.0
2007-01-05,0.0,2.3,8.8,85.0,1021.0,5.8,359.0,23.0
2007-01-06,0.0,2.8,9.2,87.0,1026.4,2.6,20.0,70.0
2007-01-07,0.0,4.5,8.7,89.0,1025.0,3.2,227.0,75.0
2007-01-08,1.5,6.5,9.4,91.0,1020.4,6.8,4.0,92.0
2007-01-09,0.0,5.0,7.8,95.0,1023.2,3.8,235.0,96.0
2007-01-10,0.5,4.5,9.8,94.0,1028.4,4.1,155.0,94.0
2007-01-11,0.1,6.3,9.4,93.0,1026.0,6.0,217.0,97.0
2007-01-12,0.1,3.6,10.2,94.0,1020.8,6.7,204.0,58.0
2007-01-13,0.0,4.0,9.7,94.0,1026.7,1.9,48.0,76.0
2007-01-14,0.0,4.4,8.0,93.0,1027.9,4.2,234.0,73.0
2007-01-15,0.0,2.8,9.9,93.0,1031.1,3.9,275.0,50.0
2007-01-16,0.0,3.4,8.3,92.0,1029.3,2.2,181.0,100.0
2007-01-17,0.0,5.3,8.8,90.0,1027.2,4.4,272.0,76.0
2007-01-18,0.0,4.7,8.9,94.0,1022.8,10.5,225.0,96.0
2007-01-19,0.0,4.4,9.5,91.0,1013.3,9.8,187.0,37.0
2007-01-20,0.0,6.0,11.7,92.0,1020.1,7.6,50.0,92.0
2007-01-21,0.0,6.3,9.4,96.0,1017.0,7.0,226.0,98.0
2007-01-22,4.6,8.1,10.4,93.0,1015.0,10.6,41.0,100.0
2007-01-23,38.5,8.2,10.6,95.0,1002.8,15.0,129.0,99.0
2007-01-24,3.8,3.8,9.0,81.0,993.6,13.6,215.0,76.0
2007-01-25,5.6,2.8,5.0,69.0,1008.1,24.7,53.0,92.0
2007-01-26,0.1,1.8,4.6,61.0,1018.1,17.0,48.0,64.0
2007-01-27,0.0,-2.0,6.0,76.0,1019.7,6.4,222.0,8.0
2007-01-28,0.0,-1.0,8.2,81.0,1025.8,5.8,204.0,34.0
2007-01-29,0.0,0.3,7.8,86.0,1017.8,5.4,1.0,41.0
2007-01-30,0.0,0.0,9.8,90.0,1021.3,5.3,55.0,21.0
2007-01-31,0.0,1.8,7.4,93.0,1023.1,4.1,220.0,60.0
2007-02-01,0.0,2.8,7.5,93.0,1021.5,6.5,238.0,97.0
2007-02-02,0.0,2.9,10.4,90.0,1028.0,5.8,232.0,44.0
2007-02-03,0.0,1.9,7.2,95.0,1024.6,4.3,126.0,66.0
2007-02-04,0.0,4.1,11.2,76.0,1027.0,6.8,247.0,11.0
2007-02-05,0.0,1.5,7.7,90.0,1020.9,4.3,159.0,59.0
2007-02-06,7.8,3.8,7.5,92.0,1008.4,4.0,48.0,93.0
2007-02-07,3.7,5.3,8.9,90.0,1004.2,7.3,49.0,99.0
2007-02-08,1.3,4.8,10.3,89.0,1005.1,5.2,174.0,95.0
2007-02-09,7.5,5.5,11.8,89.0,1006.7,7.2,41.0,92.0
2007-02-10,1.3,6.8,10.8,86.0,1009.0,9.2,45.0,86.0
2007-02-11,0.0,3.7,11.4,92.0,1010.2,6.3,143.0,64.0
2007-02-12,9.9,5.8,10.7,94.0,1006.5,8.7,60.0,97.0
2007-02-13,14.3,6.9,13.6,85.0,1003.2,12.6,302.0,58.0
2007-02-14,0.0,4.3,11.8,88.0,1013.7,7.7,85.0,57.0
2007-02-15,1.6,6.4,11.2,89.0,1015.0,5.3,73.0,72.0
2007-02-16,0.0,5.0,11.5,87.0,1021.6,5.8,36.0,58.0
2007-02-17,0.0,6.3,11.7,72.0,1023.5,12.5,54.0,40.0
2007-02-18,0.0,4.0,9.2,70.0,1021.7,10.0,65.0,27.0
2007-02-19,0.0,0.8,10.6,78.0,1014.9,5.7,20.0,5.0
2007-02-20,0.0,0.9,13.3,81.0,1014.0,6.7,29.0,14.0
2007-02-21,0.3,7.5,12.5,87.0,1016.1,8.1,95.0,81.0
2007-02-22,0.0,7.4,12.3,91.0,1014.7,5.6,171.0,89.0
2007-02-23,0.0,8.3,13.2,89.0,1013.8,4.9,138.0,50.0
2007-02-24,1.2,5.3,12.7,90.0,1012.7,6.3,77.0,72.0
2007-02-25,4.4,7.4,11.1,93.0,1010.0,7.7,78.0,99.0
2007-02-26,2.9,7.0,12.4,85.0,1006.4,5.2,344.0,65.0
2007-02-27,0.0,4.9,13.3,86.0,1012.4,6.0,130.0,31.0
2007-02-28,0.0,4.6,11.6,88.0,1009.9,7.0,78.0,79.0
2007-03-01,0.1,6.9,12.7,86.0,1006.9,7.4,99.0,86.0
2007-03-02,0.0,7.4,14.9,85.0,1004.4,9.3,175.0,43.0
2007-03-03,0.0,8.4,14.0,84.0,1009.2,11.0,62.0,65.0
2007-03-04,0.0,7.1,15.1,83.0,1018.0,6.0,71.0,42.0
2007-03-05,0.0,6.4,14.9,85.0,1022.0,10.7,63.0,37.0
2007-03-06,0.6,9.6,13.5,83.0,1022.8,11.0,72.0,76.0
2007-03-07,22.5,9.6,13.1,94.0,1010.7,12.4,134.0,93.0
2007-03-08,2.9,9.1,14.4,83.0,1011.7,9.1,43.0,78.0
2007-03-09,0.0,7.8,14.8,76.0,1022.5,6.4,54.0,32.0
2007-03-10,0.0,6.9,15.7,63.0,1024.1,12.8,50.0,33.0
2007-03-11,0.0,5.4,14.8,51.0,1029.1,16.8,54.0,30.0
2007-03-12,0.0,5.7,15.3,61.0,1027.5,11.4,41.0,0.0
2007-03-13,0.0,5.3,17.1,70.0,1024.9,6.2,5.0,27.0
2007-03-14,0.0,5.5,18.3,73.0,1026.3,7.2,12.0,0.0
2007-03-15,0.0,7.4,16.3,77.0,1026.1,7.0,100.0,4.0
2007-03-16,0.0,6.3,16.2,81.0,1022.9,6.1,117.0,10.0
2007-03-17,0.0,7.2,16.4,84.0,1019.3,7.7,116.0,42.0
2007-03-18,0.0,10.0,15.8,81.0,1011.7,10.4,132.0,39.0
2007-03-19,10.6,4.6,14.6,75.0,990.9,22.4,190.0,90.0
2007-03-20,21.2,3.8,7.2,84.0,987.4,23.1,50.0,99.0
2007-03-21,0.0,2.7,11.1,60.0,996.9,12.3,67.0,90.0
2007-03-22,0.0,3.8,11.6,52.0,1006.2,15.6,52.0,15.0
2007-03-23,0.0,3.7,12.8,56.0,1003.6,11.7,321.0,48.0
2007-03-24,0.1,4.0,11.3,67.0,1003.2,15.9,60.0,74.0
2007-03-25,17.7,6.3,11.9,76.0,1012.4,28.8,51.0,99.0
2007-03-26,6.9,8.7,15.4,66.0,1017.5,20.4,56.0,65.0
2007-03-27,1.5,9.4,14.2,54.0,1018.4,21.3,49.0,80.0
2007-03-28,0.0,8.5,13.9,58.0,1017.3,12.3,61.0,81.0
2007-03-29,0.0,5.1,13.1,74.0,1017.4,6.9,96.0,66.0
2007-03-30,16.9,6.5,10.6,86.0,1012.8,12.5,26.0,100.0
2007-03-31,20.4,8.1,12.5,87.0,1014.9,7.1,32.0,90.0
2007-04-01,0.0,5.5,15.3,81.0,1024.5,6.0,350.0,66.0
2007-04-02,0.1,6.9,16.7,75.0,1024.9,5.4,351.0,27.0
2007-04-03,0.1,8.0,16.2,79.0,1012.7,7.9,104.0,48.0
2007-04-04,3.6,9.4,17.1,73.0,1006.3,19.9,63.0,81.0
2007-04-05,0.0,8.5,14.9,59.0,1014.4,12.0,66.0,11.0
2007-04-06,0.0,7.0,17.5,75.0,1018.0,6.0,207.0,1.0
2007-04-07,0.0,7.0,17.8,76.0,1018.7,7.3,147.0,9.0
2007-04-08,0.3,10.0,17.6,78.0,1018.9,8.2,44.0,69.0
2007-04-09,0.0,8.4,17.7,80.0,1018.7,8.4,122.0,10.0
2007-04-10,0.0,10.0,18.7,84.0,1018.6,8.5,96.0,3.0
2007-04-11,0.0,11.1,19.5,84.0,1020.9,7.6,105.0,6.0
2007-04-12,0.0,10.5,20.4,79.0,1021.7,8.2,96.0,1.0
2007-04-13,0.0,9.7,20.6,79.0,1021.7,6.1,100.0,33.0
2007-04-14,0.0,10.6,21.5,74.0,1020.5,7.9,67.0,7.0
2007-04-15,0.0,13.5,22.2,64.0,1020.2,10.1,43.0,0.0
2007-04-16,0.0,13.8,21.3,62.0,1019.0,11.7,59.0,18.0
2007-04-17,0.0,12.1,19.5,62.0,1018.5,11.1,109.0,17.0
2007-04-18,0.0,10.4,19.1,75.0,1015.7,8.6,126.0,65.0
2007-04-19,4.6,13.2,17.4,69.0,1017.6,12.0,85.0,36.0
2007-04-20,0.0,11.3,18.9,80.0,1016.5,8.0,132.0,7.0
2007-04-21,0.0,12.1,19.5,81.0,1018.0,7.9,108.0,41.0
2007-04-22,0.0,11.8,21.2,76.0,1020.8,6.5,61.0,29.0
2007-04-23,0.0,11.5,22.2,76.0,1021.5,7.1,118.0,13.0
2007-04-24,0.0,13.1,22.5,80.0,1018.2,6.5,69.0,80.0
2007-04-25,0.0,16.0,21.7,68.0,1016.8,9.1,76.0,41.0
2007-04-26,0.0,16.0,21.5,60.0,1019.3,12.7,75.0,38.0
2007-04-27,0.0,13.3,22.2,64.0,1021.4,8.6,53.0,8.0
2007-04-28,0.0,12.4,22.0,71.0,1020.4,7.3,168.0,4.0
2007-04-29,0.0,13.8,22.8,74.0,1014.7,7.5,148.0,3.0
2007-04-30,0.0,16.1,20.9,70.0,1010.5,13.4,77.0,92.0
2007-05-01,0.1,14.9,20.0,63.0,1011.4,10.6,96.0,45.0
2007-05-02,19.5,13.7,17.0,72.0,1014.2,17.1,82.0,82.0
2007-05-03,3.3,13.1,18.7,74.0,1012.8,8.8,98.0,90.0
2007-05-04,29.2,13.2,15.5,89.0,1007.9,14.9,76.0,99.0
2007-05-05,8.8,12.1,18.4,85.0,1006.1,7.9,86.0,74.0
2007-05-06,0.2,11.7,20.3,77.0,1009.2,3.5,345.0,54.0
2007-05-07,0.0,11.5,22.6,72.0,1013.7,7.5,214.0,18.0
2007-05-08,0.0,14.6,23.4,73.0,1012.4,6.9,204.0,64.0
2007-05-09,0.0,14.6,23.4,80.0,1012.2,7.8,72.0,87.0
2007-05-10,0.0,16.8,23.6,78.0,1015.0,10.3,97.0,27.0
2007-05-11,0.2,17.2,24.1,80.0,1012.0,9.6,175.0,38.0
2007-05-12,0.3,15.8,23.3,79.0,1011.7,7.8,195.0,57.0
2007-05-13,0.0,18.2,23.4,79.0,1015.0,12.7,90.0,26.0
2007-05-14,0.0,17.3,24.3,82.0,1012.9,8.9,118.0,48.0
2007-05-15,1.9,16.4,22.9,70.0,1009.4,12.1,249.0,50.0
2007-05-16,0.0,14.0,19.3,57.0,1012.9,11.3,62.0,38.0
2007-05-17,0.0,12.1,19.4,74.0,1008.7,8.1,91.0,72.0
2007-05-18,0.0,14.1,20.6,58.0,1012.4,12.6,73.0,10.0
2007-05-19,0.0,13.9,21.4,64.0,1014.8,5.5,142.0,20.0
2007-05-20,0.0,12.5,24.7,70.0,1014.9,6.3,1.0,6.0
2007-05-21,0.0,14.4,25.3,75.0,1015.6,6.8,143.0,8.0
2007-05-22,0.4,17.8,27.8,71.0,1013.8,6.1,264.0,21.0
2007-05-23,0.2,18.7,27.6,69.0,1013.8,6.1,59.0,34.0
2007-05-24,0.1,18.3,28.0,68.0,1013.7,6.7,346.0,9.0
2007-05-25,1.6,17.9,27.1,75.0,1010.9,7.6,159.0,50.0
2007-05-26,2.5,18.8,25.1,84.0,1007.1,10.8,105.0,70.0
2007-05-27,23.3,17.0,21.4,89.0,1003.2,10.9,59.0,87.0
2007-05-28,19.0,12.9,21.0,85.0,995.5,16.0,151.0,73.0
2007-05-29,1.7,12.1,18.8,69.0,999.0,12.4,350.0,95.0
2007-05-30,0.0,12.0,20.1,69.0,1010.3,9.8,109.0,37.0
2007-05-31,0.6,14.6,20.9,72.0,1014.1,9.5,124.0,67.0
2007-06-01,26.2,15.3,19.9,85.0,1012.9,11.8,89.0,98.0
2007-06-02,17.6,14.8,20.5,82.0,1014.3,12.6,59.0,86.0
2007-06-03,0.4,14.9,24.4,75.0,1016.3,6.7,28.0,47.0
2007-06-04,4.3,16.2,23.1,83.0,1015.8,7.1,22.0,86.0
2007-06-05,0.2,17.9,25.3,72.0,1012.5,14.2,36.0,88.0
2007-06-06,1.9,18.0,23.8,73.0,1011.2,13.9,34.0,97.0
2007-06-07,6.0,17.8,21.5,77.0,1013.4,13.8,52.0,68.0
2007-06-08,0.1,15.6,25.1,77.0,1015.1,7.1,9.0,41.0
2007-06-09,0.0,17.5,26.0,73.0,1015.8,7.3,43.0,36.0
2007-06-10,0.0,19.0,26.3,78.0,1014.0,5.9,179.0,42.0
2007-06-11,5.1,18.4,24.4,85.0,1012.3,4.9,46.0,97.0
2007-06-12,14.7,18.1,23.3,86.0,1010.3,4.2,134.0,99.0
2007-06-13,0.0,18.3,24.6,83.0,1009.6,6.2,188.0,82.0
2007-06-14,5.0,17.9,24.5,86.0,1010.5,7.4,161.0,75.0
2007-06-15,8.0,19.0,25.2,87.0,1008.5,9.9,84.0,70.0
2007-06-16,0.1,18.2,25.2,83.0,1008.7,5.6,202.0,37.0
2007-06-17,0.0,17.0,25.1,80.0,1011.9,9.6,150.0,43.0
2007-06-18,0.0,19.1,27.1,76.0,1012.5,12.8,224.0,73.0
2007-06-19,0.0,19.8,27.1,80.0,1014.8,8.4,98.0,39.0
2007-06-20,0.0,19.3,27.6,81.0,1013.2,6.3,141.0,49.0
2007-06-21,1.9,20.6,27.2,83.0,1010.2,6.9,148.0,32.0
2007-06-22,0.0,19.4,27.4,77.0,1010.1,8.6,217.0,32.0
2007-06-23,0.0,18.5,25.1,73.0,1010.8,12.2,56.0,23.0
2007-06-24,0.0,20.7,26.9,70.0,1014.7,12.3,55.0,11.0
2007-06-25,0.0,19.9,27.8,75.0,1009.6,9.1,91.0,7.0
2007-06-26,0.0,20.7,27.5,58.0,1002.3,20.5,229.0,30.0
2007-06-27,2.0,17.1,23.6,66.0,1005.6,12.2,21.0,39.0
2007-06-28,0.7,16.7,22.8,68.0,1012.2,9.4,65.0,27.0
2007-06-29,0.0,17.4,24.2,71.0,1015.1,7.8,100.0,49.0
2007-06-30,0.0,19.0,25.8,67.0,1016.1,9.4,60.0,61.0
2007-07-01,0.0,18.1,26.2,74.0,1014.6,8.5,115.0,61.0
2007-07-02,10.3,20.6,25.7,81.0,1009.9,8.3,61.0,64.0
2007-07-03,2.0,19.0,24.6,80.0,1009.6,10.3,72.0,90.0
2007-07-04,13.5,16.0,25.7,73.0,1004.5,19.5,193.0,62.0
2007-07-05,0.1,14.6,22.6,70.0,1011.5,5.2,191.0,17.0
2007-07-06,0.2,16.1,25.9,74.0,1012.7,9.2,111.0,23.0
2007-07-07,0.0,19.6,26.9,75.0,1014.4,8.6,103.0,6.0
2007-07-08,0.0,20.5,26.8,78.0,1016.1,10.2,88.0,9.0
2007-07-09,2.5,20.7,26.4,82.0,1010.2,7.3,60.0,45.0
2007-07-10,8.6,16.9,21.3,65.0,1008.0,14.8,33.0,51.0
2007-07-11,0.2,16.9,21.6,58.0,1012.8,8.8,8.0,60.0
2007-07-12,0.7,14.6,23.8,69.0,1016.5,9.4,113.0,20.0
2007-07-13,0.0,18.1,25.0,72.0,1019.6,12.1,87.0,14.0
2007-07-14,0.0,18.2,27.2,77.0,1020.2,9.2,121.0,2.0
2007-07-15,0.0,19.4,28.5,77.0,1020.1,7.6,136.0,0.0
2007-07-16,0.0,19.7,29.0,76.0,1018.7,8.5,133.0,0.0
2007-07-17,0.0,21.3,30.0,76.0,1017.0,6.6,114.0,0.0
2007-07-18,0.0,21.5,30.3,77.0,1015.7,7.2,101.0,2.0
2007-07-19,0.0,21.9,32.0,74.0,1014.0,4.7,48.0,0.0
2007-07-20,0.0,21.1,31.9,73.0,1012.2,6.1,114.0,1.0
2007-07-21,0.0,23.2,30.8,74.0,1011.2,8.2,115.0,6.0
2007-07-22,0.0,22.3,30.5,63.0,1009.2,13.9,223.0,6.0
2007-07-23,0.1,19.4,28.9,68.0,1008.3,10.6,126.0,14.0
2007-07-24,4.4,20.1,29.3,71.0,1004.7,13.0,222.0,28.0
2007-07-25,0.0,20.5,28.3,59.0,1012.4,13.2,50.0,11.0
2007-07-26,0.0,20.8,28.5,57.0,1014.4,10.6,66.0,1.0
2007-07-27,0.0,19.0,29.2,69.0,1013.5,7.6,112.0,2.0
2007-07-28,0.0,21.3,30.1,70.0,1012.5,7.8,54.0,14.0
2007-07-29,1.7,23.6,28.7,64.0,1010.9,11.1,27.0,37.0
2007-07-30,2.1,20.1,25.4,70.0,1007.2,20.9,59.0,53.0
2007-07-31,0.0,19.1,24.2,45.0,1014.9,19.9,66.0,32.0
2007-08-01,0.0,18.8,24.7,46.0,1017.1,10.0,71.0,15.0
2007-08-02,0.0,16.3,26.7,63.0,1015.0,6.6,115.0,35.0
2007-08-03,21.2,19.1,24.1,77.0,1015.7,11.7,45.0,57.0
2007-08-04,0.0,18.0,26.0,69.0,1019.8,6.9,35.0,17.0
2007-08-05,0.1,19.8,25.3,64.0,1017.6,7.5,104.0,26.0
2007-08-06,0.0,17.7,27.5,62.0,1012.7,4.8,20.0,10.0
2007-08-07,0.0,19.9,28.2,70.0,1009.5,5.6,138.0,64.0
2007-08-08,7.6,20.3,25.8,82.0,1008.4,9.4,77.0,85.0
2007-08-09,25.3,18.2,23.3,81.0,1007.0,8.4,60.0,55.0
2007-08-10,0.6,16.2,24.7,75.0,1006.6,6.1,13.0,70.0
2007-08-11,0.4,18.1,24.5,78.0,1008.4,7.3,115.0,70.0
2007-08-12,0.0,19.4,25.8,78.0,1009.2,8.5,97.0,36.0
2007-08-13,0.7,20.3,25.7,81.0,1011.2,8.9,64.0,41.0
2007-08-14,8.7,20.0,24.8,85.0,1013.3,6.6,70.0,60.0
2007-08-15,0.3,19.9,27.4,83.0,1013.1,6.7,139.0,9.0
2007-08-16,0.0,20.0,27.5,86.0,1010.9,8.4,128.0,29.0
2007-08-17,0.1,22.0,27.6,79.0,1011.9,8.3,42.0,18.0
2007-08-18,0.5,20.8,25.9,65.0,1013.0,17.6,49.0,62.0
2007-08-19,0.0,19.5,26.7,67.0,1010.0,9.0,49.0,33.0
2007-08-20,21.1,18.0,21.9,84.0,1005.9,10.4,24.0,86.0
2007-08-21,9.7,17.3,22.2,84.0,1007.5,7.4,62.0,85.0
2007-08-22,2.7,17.6,23.3,78.0,1011.5,8.7,64.0,56.0
2007-08-23,6.8,18.5,22.7,83.0,1015.0,8.7,48.0,89.0
2007-08-24,1.3,16.1,24.9,84.0,1021.4,7.3,304.0,60.0
2007-08-25,0.0,16.8,27.1,79.0,1023.6,5.8,297.0,40.0
2007-08-26,0.0,18.4,28.5,76.0,1022.4,6.1,30.0,19.0
2007-08-27,0.0,18.5,27.9,79.0,1018.6,6.0,91.0,15.0
2007-08-28,0.0,19.5,27.2,80.0,1013.5,6.4,98.0,55.0
2007-08-29,2.8,20.6,24.7,79.0,1011.4,11.1,67.0,88.0
2007-08-30,7.3,20.3,22.7,81.0,1008.6,20.2,36.0,69.0
2007-08-31,3.1,19.5,22.8,62.0,1013.1,23.2,59.0,64.0
2007-09-01,0.0,17.2,24.6,65.0,1015.8,9.2,26.0,35.0
2007-09-02,0.0,17.9,23.0,66.0,1017.6,10.9,50.0,61.0
2007-09-03,0.0,15.2,23.1,75.0,1012.9,9.3,107.0,48.0
2007-09-04,14.3,14.3,20.1,74.0,1010.3,16.8,63.0,69.0
2007-09-05,0.4,11.3,19.9,54.0,1016.3,9.5,334.0,39.0
2007-09-06,0.0,15.2,19.0,46.0,1015.5,13.8,283.0,96.0
2007-09-07,0.0,14.5,20.9,70.0,1016.2,7.2,110.0,13.0
2007-09-08,0.1,15.6,22.5,79.0,1017.1,7.1,127.0,43.0
2007-09-09,0.0,17.0,22.6,81.0,1014.0,10.4,73.0,35.0
2007-09-10,0.2,16.9,21.8,77.0,1014.3,12.1,89.0,41.0
2007-09-11,0.1,16.7,22.9,76.0,1011.1,11.8,117.0,33.0
2007-09-12,0.4,13.8,21.9,72.0,1020.6,10.3,116.0,23.0
2007-09-13,0.0,16.2,21.5,74.0,1023.0,7.8,99.0,32.0
2007-09-14,0.0,14.5,23.0,78.0,1020.5,7.6,125.0,25.0
2007-09-15,0.0,15.2,23.4,82.0,1020.0,8.2,103.0,34.0
2007-09-16,0.0,16.1,24.0,84.0,1020.8,8.4,94.0,24.0
2007-09-17,5.2,18.8,22.1,89.0,1016.8,8.4,87.0,56.0
2007-09-18,11.0,17.4,24.2,87.0,1009.4,10.2,57.0,70.0
2007-09-19,0.0,15.2,19.8,53.0,1018.4,21.6,63.0,18.0
2007-09-20,0.0,14.1,18.7,60.0,1024.3,11.6,62.0,42.0
2007-09-21,0.0,13.6,20.6,66.0,1025.5,9.6,42.0,8.0
2007-09-22,0.0,11.8,21.7,71.0,1024.1,7.1,60.0,13.0
2007-09-23,0.0,12.9,22.8,75.0,1023.1,6.4,56.0,35.0
2007-09-24,0.0,11.8,22.2,78.0,1019.9,7.7,88.0,41.0
2007-09-25,0.1,12.7,21.0,78.0,1014.2,10.0,96.0,37.0
2007-09-26,86.2,14.6,17.5,89.0,1008.1,20.1,84.0,91.0
2007-09-27,31.9,12.7,17.1,86.0,1004.4,13.5,80.0,90.0
2007-09-28,27.8,10.7,17.1,74.0,1007.1,10.6,271.0,65.0
2007-09-29,0.0,10.8,18.2,81.0,1019.4,5.3,54.0,48.0
2007-09-30,0.0,13.7,20.1,77.0,1024.8,8.2,36.0,39.0
2007-10-01,0.0,11.6,22.3,80.0,1025.1,6.3,330.0,63.0
2007-10-02,0.0,12.4,22.8,77.0,1021.1,4.1,356.0,36.0
2007-10-03,0.0,15.2,22.0,84.0,1020.0,4.2,151.0,30.0
2007-10-04,0.5,15.8,21.8,89.0,1020.7,6.5,114.0,95.0
2007-10-05,0.0,15.9,21.4,92.0,1019.7,5.8,136.0,80.0
2007-10-06,25.8,14.9,18.4,93.0,1016.4,14.7,65.0,87.0
2007-10-07,0.0,13.9,20.0,68.0,1018.0,18.1,55.0,9.0
2007-10-08,0.0,12.7,19.4,69.0,1020.2,11.3,34.0,6.0
2007-10-09,0.0,13.2,19.6,67.0,1021.3,16.5,51.0,78.0
2007-10-10,0.0,14.2,18.7,63.0,1019.8,19.7,45.0,92.0
2007-10-11,0.0,12.8,17.6,69.0,1021.5,12.7,42.0,85.0
2007-10-12,0.0,11.9,19.2,74.0,1019.0,6.7,45.0,46.0
2007-10-13,0.0,12.2,19.6,80.0,1019.8,7.9,56.0,29.0
2007-10-14,0.0,12.0,15.6,64.0,1025.0,13.0,76.0,52.0
2007-10-15,0.0,10.0,16.3,67.0,1025.0,8.5,61.0,2.0
2007-10-16,0.0,7.8,16.8,77.0,1025.8,6.3,80.0,3.0
2007-10-17,0.0,8.9,15.8,83.0,1023.9,3.8,73.0,65.0
2007-10-18,3.3,10.3,16.4,81.0,1019.9,10.4,52.0,66.0
2007-10-19,1.1,6.8,15.0,74.0,1022.8,7.4,58.0,27.0
2007-10-20,1.0,6.6,12.8,54.0,1024.0,18.2,55.0,51.0
2007-10-21,0.1,5.7,13.0,50.0,1021.1,15.4,46.0,16.0
2007-10-22,1.4,8.2,11.5,56.0,1011.8,13.7,17.0,98.0
2007-10-23,0.2,8.3,12.2,70.0,1010.6,8.8,69.0,84.0
2007-10-24,11.0,8.4,12.1,77.0,1015.8,17.9,55.0,98.0
2007-10-25,0.0,9.4,14.8,70.0,1019.7,14.3,54.0,91.0
2007-10-26,23.9,10.6,13.0,81.0,1020.4,24.2,45.0,100.0
2007-10-27,7.0,12.2,17.7,86.0,1024.3,9.9,43.0,94.0
2007-10-28,4.4,11.4,14.7,86.0,1022.2,11.4,47.0,73.0
2007-10-29,0.0,8.9,15.0,85.0,1019.8,7.7,57.0,53.0
2007-10-30,16.3,10.2,11.6,90.0,1014.6,18.8,51.0,99.0
2007-10-31,1.5,11.1,17.1,66.0,1018.6,19.4,53.0,52.0
2007-11-01,0.0,8.9,15.0,60.0,1025.7,16.8,56.0,7.0
2007-11-02,0.0,7.6,15.5,71.0,1027.4,10.9,26.0,12.0
2007-11-03,0.0,8.3,16.9,80.0,1024.7,8.6,9.0,25.0
2007-11-04,0.0,7.2,16.0,83.0,1018.6,4.6,334.0,21.0
2007-11-05,0.1,9.9,13.2,71.0,1023.7,10.7,93.0,77.0
2007-11-06,0.0,7.7,12.7,76.0,1021.9,5.5,75.0,62.0
2007-11-07,0.0,5.9,12.6,85.0,1021.1,4.1,68.0,54.0
2007-11-08,0.0,5.4,12.1,88.0,1017.1,3.9,64.0,39.0
2007-11-09,0.8,6.0,13.6,75.0,1009.0,10.0,322.0,58.0
2007-11-10,0.0,4.6,12.3,47.0,1012.4,19.5,265.0,22.0
2007-11-11,0.0,4.4,12.4,74.0,1007.9,6.7,59.0,38.0
2007-11-12,0.0,5.1,13.1,66.0,1009.6,11.2,51.0,37.0
2007-11-13,0.0,3.9,11.0,66.0,1014.2,4.4,224.0,36.0
2007-11-14,1.6,4.5,8.5,73.0,1003.0,9.8,27.0,85.0
2007-11-15,0.0,3.8,9.8,50.0,1008.4,15.9,35.0,38.0
2007-11-16,0.0,2.6,8.3,47.0,1019.0,18.5,54.0,26.0
2007-11-17,0.0,2.4,8.0,56.0,1019.3,15.3,49.0,75.0
2007-11-18,0.0,1.6,8.3,70.0,1013.7,5.9,30.0,92.0
2007-11-19,0.0,1.6,9.4,77.0,1018.5,7.3,32.0,57.0
2007-11-20,0.0,2.7,8.9,79.0,1023.7,5.0,71.0,97.0
2007-11-21,0.0,3.5,8.3,88.0,1023.7,5.8,43.0,96.0
2007-11-22,2.5,6.0,10.5,87.0,1020.2,12.2,45.0,100.0
2007-11-23,7.3,10.0,14.0,95.0,1016.4,11.7,115.0,100.0
2007-11-24,15.9,12.2,13.8,97.0,1017.6,12.9,124.0,100.0
2007-11-25,0.0,9.1,13.5,90.0,1017.4,12.0,240.0,66.0
2007-11-26,0.0,7.2,12.7,79.0,1014.9,9.9,103.0,59.0
2007-11-27,0.0,6.3,10.2,67.0,1022.5,10.7,79.0,50.0
2007-11-28,0.0,6.5,9.2,69.0,1024.1,15.5,50.0,67.0
2007-11-29,0.0,2.5,8.3,74.0,1016.8,9.7,47.0,43.0
2007-11-30,0.0,1.0,8.8,86.0,1012.8,5.0,277.0,19.0
2007-12-01,0.0,2.6,9.8,87.0,1017.0,4.2,70.0,47.0
2007-12-02,0.6,6.4,10.5,86.0,1018.0,4.1,254.0,93.0
2007-12-03,2.1,4.7,11.2,88.0,1002.8,7.3,238.0,74.0
2007-12-04,0.0,3.3,10.5,88.0,1010.9,6.0,24.0,52.0
2007-12-05,0.0,3.8,11.2,80.0,1023.9,6.2,73.0,40.0
2007-12-06,0.0,2.0,9.8,84.0,1021.8,6.4,3.0,66.0
2007-12-07,1.8,4.8,8.4,87.0,1013.5,3.0,162.0,100.0
2007-12-08,5.5,4.1,11.1,88.0,1006.8,13.8,14.0,79.0
2007-12-09,4.9,4.1,9.0,92.0,1004.9,8.7,50.0,94.0
2007-12-10,1.2,2.9,7.8,91.0,1003.4,7.2,287.0,66.0
2007-12-11,0.0,1.6,8.2,95.0,1012.6,5.9,321.0,72.0
2007-12-12,0.2,0.6,7.5,90.0,1020.7,5.3,311.0,85.0
2007-12-13,0.0,1.6,9.2,86.0,1027.2,5.7,59.0,20.0
2007-12-14,1.6,2.3,6.9,83.0,1026.9,8.8,161.0,57.0
2007-12-15,1.7,1.4,4.9,64.0,1028.0,15.3,76.0,64.0
2007-12-16,0.0,1.4,6.0,66.0,1029.4,20.9,62.0,37.0
2007-12-17,0.0,2.0,5.6,61.0,1030.8,27.6,59.0,19.0
2007-12-18,0.0,1.1,5.7,62.0,1032.4,19.9,53.0,32.0
2007-12-19,0.0,-1.4,6.4,76.0,1035.0,7.5,359.0,0.0
2007-12-20,0.0,-1.0,6.8,78.0,1034.5,5.1,1.0,0.0
2007-12-21,0.0,-1.0,7.8,83.0,1031.5,6.6,36.0,1.0
2007-12-22,0.0,0.1,8.4,88.0,1031.5,9.6,44.0,77.0
2007-12-23,0.6,4.0,7.4,85.0,1030.5,6.3,33.0,99.0
2007-12-24,1.3,2.7,7.4,91.0,1027.5,5.0,335.0,69.0
2007-12-25,0.0,3.9,7.2,75.0,1026.0,15.4,46.0,45.0
2007-12-26,0.0,-0.4,7.3,73.0,1027.9,8.9,40.0,46.0
2007-12-27,0.0,0.2,7.5,76.0,1032.9,12.1,43.0,34.0
2007-12-28,0.0,0.4,7.1,78.0,1033.8,7.1,38.0,1.0
2007-12-29,0.0,-0.3,5.1,90.0,1029.9,5.1,39.0,50.0
2007-12-30,0.0,1.2,5.7,90.0,1023.6,6.6,19.0,94.0
2007-12-31,0.0,-0.5,8.4,82.0,1023.8,7.5,10.0,25.0
2008-01-01,0.4,0.6,5.5,87.0,1023.2,6.5,16.0,66.0
2008-01-02,0.1,-0.0,5.3,75.0,1022.7,9.8,57.0,57.0
2008-01-03,1.7,1.4,3.3,66.0,1020.8,17.4,51.0,99.0
2008-01-04,3.6,2.5,6.3,80.0,1023.4,16.7,58.0,100.0
2008-01-05,7.7,5.0,6.4,91.0,1022.8,12.5,45.0,100.0
2008-01-06,6.1,2.8,7.2,96.0,1016.4,6.1,228.0,82.0
2008-01-07,0.4,1.4,8.3,92.0,1021.4,5.0,4.0,83.0
2008-01-08,0.0,2.2,9.5,92.0,1025.6,5.2,340.0,36.0
2008-01-09,0.0,1.8,7.5,93.0,1025.3,2.8,358.0,93.0
2008-01-10,0.0,4.1,8.4,93.0,1026.5,3.9,31.0,93.0
2008-01-11,4.8,5.2,6.9,94.0,1023.2,6.0,59.0,100.0
2008-01-12,19.8,5.8,11.3,93.0,1012.4,17.1,131.0,98.0
2008-01-13,16.8,7.9,10.0,93.0,1016.4,11.3,65.0,90.0
2008-01-14,0.1,5.6,9.7,90.0,1020.3,6.9,135.0,83.0
2008-01-15,1.0,3.9,9.3,93.0,1020.2,5.9,91.0,95.0
2008-01-16,12.5,6.2,9.2,94.0,1011.6,10.0,146.0,100.0
2008-01-17,31.2,7.9,9.0,91.0,1012.6,14.8,51.0,100.0
2008-01-18,0.1,6.1,10.9,89.0,1021.7,5.5,177.0,76.0
2008-01-19,0.0,5.1,8.0,96.0,1028.6,2.8,182.0,96.0
2008-01-20,0.0,4.1,7.6,94.0,1029.4,3.5,200.0,89.0
2008-01-21,0.3,4.0,6.4,90.0,1025.5,5.1,229.0,100.0
2008-01-22,2.3,3.8,6.8,91.0,1014.3,5.6,336.0,75.0
2008-01-23,0.0,1.0,8.7,59.0,1028.0,10.4,49.0,0.0
2008-01-24,0.0,-0.7,8.6,77.0,1033.0,7.1,12.0,0.0
2008-01-25,0.0,1.2,10.9,77.0,1033.4,5.6,18.0,45.0
2008-01-26,0.0,3.1,10.3,84.0,1034.5,5.3,197.0,22.0
2008-01-27,0.0,0.8,7.6,95.0,1024.4,3.8,84.0,92.0
2008-01-28,0.0,1.6,11.8,86.0,1027.0,7.0,88.0,77.0
2008-01-29,0.0,2.0,9.6,92.0,1029.9,7.0,60.0,49.0
2008-01-30,0.2,0.9,8.5,93.0,1025.3,4.4,31.0,86.0
2008-01-31,0.8,3.4,10.0,91.0,1022.4,4.3,35.0,87.0
2008-02-01,0.0,4.4,8.7,91.0,1018.2,7.4,216.0,88.0
2008-02-02,7.5,4.6,8.4,95.0,1014.5,6.0,57.0,95.0
2008-02-03,5.2,5.5,6.9,81.0,1024.1,19.6,50.0,97.0
2008-02-04,11.4,5.5,9.4,92.0,1017.4,10.8,73.0,100.0
2008-02-05,22.5,7.2,12.0,82.0,1018.5,12.9,31.0,74.0
2008-02-06,0.0,3.8,11.1,85.0,1025.2,4.4,150.0,46.0
2008-02-07,0.0,1.8,11.7,83.0,1029.1,9.2,56.0,25.0
2008-02-08,0.0,0.2,9.9,66.0,1035.5,7.7,49.0,3.0
2008-02-09,0.0,1.9,9.8,71.0,1035.2,12.9,41.0,0.0
2008-02-10,0.0,1.4,10.0,73.0,1033.6,12.4,43.0,3.0
2008-02-11,0.0,0.3,8.7,75.0,1033.6,10.4,61.0,1.0
2008-02-12,0.0,0.4,8.5,72.0,1033.0,13.1,56.0,0.0
2008-02-13,0.0,0.2,8.8,70.0,1034.3,7.7,59.0,0.0
2008-02-14,0.0,1.6,10.2,81.0,1031.4,3.6,179.0,5.0
2008-02-15,0.0,-0.1,9.5,80.0,1027.4,11.0,67.0,29.0
2008-02-16,0.0,0.7,5.1,58.0,1036.0,12.5,115.0,59.0
2008-02-17,0.0,-0.1,3.6,54.0,1043.6,11.4,127.0,49.0
2008-02-18,0.0,-2.8,6.2,72.0,1033.7,5.4,243.0,6.0
2008-02-19,0.0,0.5,8.1,83.0,1028.3,4.6,107.0,1.0
2008-02-20,0.0,0.9,8.1,89.0,1028.1,6.8,85.0,79.0
2008-02-21,0.0,3.2,10.2,89.0,1028.5,5.3,113.0,44.0
2008-02-22,0.0,2.7,9.2,92.0,1030.4,4.1,148.0,52.0
2008-02-23,0.0,2.2,9.2,93.0,1029.7,4.7,142.0,64.0
2008-02-24,0.0,2.4,11.0,93.0,1029.7,4.8,160.0,50.0
2008-02-25,0.0,3.2,7.8,94.0,1026.9,4.0,151.0,95.0
2008-02-26,0.0,2.6,9.3,92.0,1023.1,5.3,183.0,85.0
2008-02-27,0.9,6.4,9.0,91.0,1019.7,6.6,120.0,99.0
2008-02-28,0.1,6.0,12.0,88.0,1023.3,6.2,52.0,75.0
2008-02-29,0.4,6.8,11.0,94.0,1022.8,8.5,175.0,93.0
2008-03-01,0.7,7.5,15.7,87.0,1007.7,16.5,211.0,67.0
2008-03-02,0.0,4.6,15.2,89.0,1008.1,8.6,80.0,54.0
2008-03-03,0.0,5.7,13.7,87.0,1009.5,8.6,74.0,45.0
2008-03-04,20.6,4.9,9.5,87.0,1006.9,24.1,45.0,97.0
2008-03-05,2.3,5.4,10.2,51.0,1013.7,30.0,54.0,97.0
2008-03-06,0.1,2.3,8.8,41.0,1018.9,30.8,49.0,67.0
2008-03-07,11.1,4.5,11.9,69.0,1011.2,28.5,56.0,100.0
2008-03-08,5.2,5.7,10.4,84.0,1010.9,8.9,63.0,75.0
2008-03-09,0.3,5.4,10.3,89.0,1012.3,6.9,156.0,60.0
2008-03-10,2.2,5.5,10.7,91.0,1008.2,9.1,158.0,93.0
2008-03-11,2.8,7.2,11.7,87.0,1001.6,8.2,171.0,70.0
2008-03-12,0.0,5.3,11.8,90.0,1006.9,8.1,108.0,52.0
2008-03-13,0.0,4.5,13.4,88.0,1011.5,9.1,83.0,19.0
2008-03-14,0.0,7.0,12.8,85.0,1014.5,10.1,77.0,44.0
2008-03-15,0.0,6.8,13.1,91.0,1015.8,7.4,100.0,95.0
2008-03-16,2.6,8.2,12.5,91.0,1009.1,6.8,163.0,78.0
2008-03-17,2.5,6.1,13.6,90.0,1005.0,6.7,100.0,92.0
2008-03-18,9.0,7.8,10.1,80.0,1004.7,13.1,75.0,68.0
2008-03-19,0.0,5.2,10.7,55.0,1010.6,10.8,66.0,31.0
2008-03-20,0.0,3.4,11.3,59.0,1010.4,11.0,55.0,33.0
2008-03-21,0.2,3.9,11.6,67.0,997.7,14.4,195.0,86.0
2008-03-22,5.8,3.0,10.9,84.0,987.5,9.9,90.0,46.0
2008-03-23,4.3,4.2,10.1,81.0,991.9,13.4,52.0,89.0
2008-03-24,10.3,4.1,8.2,79.0,992.1,9.6,30.0,87.0
2008-03-25,0.3,2.5,8.6,76.0,998.8,8.5,108.0,46.0
2008-03-26,0.0,2.4,10.7,69.0,1005.9,9.3,112.0,35.0
2008-03-27,7.2,5.9,8.9,83.0,1002.3,17.2,42.0,98.0
2008-03-28,3.5,7.2,13.5,74.0,1009.7,13.6,32.0,72.0
2008-03-29,0.0,5.8,14.4,78.0,1018.3,4.9,40.0,18.0
2008-03-30,0.0,6.3,14.9,75.0,1021.0,10.6,77.0,18.0
2008-03-31,0.0,5.9,14.7,80.0,1015.6,8.2,73.0,86.0
2008-04-01,0.0,5.4,18.1,75.0,1016.8,5.7,270.0,43.0
2008-04-02,0.4,8.1,14.2,86.0,1015.5,8.1,97.0,68.0
2008-04-03,1.3,4.8,13.8,82.0,1015.4,6.8,346.0,67.0
2008-04-04,0.0,4.7,16.2,61.0,1018.3,7.7,22.0,25.0
2008-04-05,0.0,5.7,14.0,74.0,1013.0,6.3,309.0,27.0
2008-04-06,2.3,3.5,13.7,80.0,1002.8,10.7,120.0,61.0
2008-04-07,1.0,7.6,16.7,67.0,998.5,14.3,218.0,23.0
2008-04-08,1.3,6.7,12.9,78.0,1005.5,10.8,47.0,89.0
2008-04-09,6.1,7.0,14.0,88.0,1004.7,9.1,182.0,83.0
2008-04-10,5.6,10.2,14.4,92.0,1003.0,4.8,93.0,97.0
2008-04-11,5.6,9.8,16.1,94.0,1002.3,7.3,114.0,78.0
2008-04-12,4.5,9.4,15.3,92.0,1006.2,5.0,243.0,67.0
2008-04-13,2.6,9.4,13.3,81.0,1016.2,11.9,52.0,74.0
2008-04-14,1.2,7.9,14.3,86.0,1015.4,6.9,103.0,81.0
2008-04-15,18.8,8.4,12.4,88.0,1011.4,5.3,355.0,89.0
2008-04-16,0.5,6.3,13.9,81.0,1014.3,12.0,142.0,52.0
2008-04-17,0.6,8.7,14.1,80.0,1009.0,8.5,95.0,76.0
2008-04-18,14.5,10.5,15.5,87.0,1002.2,10.7,95.0,98.0
2008-04-19,7.7,9.1,18.1,76.0,1001.6,14.6,225.0,57.0
2008-04-20,0.0,7.9,17.8,76.0,1007.3,8.6,160.0,35.0
2008-04-21,9.3,11.0,14.7,86.0,1001.9,13.6,91.0,86.0
2008-04-22,2.5,9.9,14.4,83.0,1001.8,8.7,213.0,71.0
2008-04-23,0.0,7.8,16.6,88.0,1012.6,7.7,115.0,62.0
2008-04-24,0.0,10.3,17.7,73.0,1022.6,9.9,104.0,36.0
2008-04-25,0.5,8.7,17.6,80.0,1023.8,9.2,93.0,51.0
2008-04-26,0.7,9.4,18.1,74.0,1025.2,6.9,33.0,17.0
2008-04-27,0.0,8.4,19.1,67.0,1023.9,7.4,16.0,9.0
2008-04-28,0.0,10.9,18.8,70.0,1015.3,8.5,169.0,56.0
2008-04-29,4.3,11.3,14.0,81.0,1007.5,10.3,216.0,88.0
2008-04-30,0.6,10.2,16.7,82.0,1008.6,11.1,97.0,47.0
2008-05-01,0.7,10.9,18.5,84.0,1012.7,7.8,67.0,49.0
2008-05-02,0.0,11.1,19.5,77.0,1020.7,6.8,62.0,24.0
2008-05-03,0.0,10.4,20.6,76.0,1021.9,5.8,92.0,36.0
2008-05-04,0.0,13.5,19.2,73.0,1021.1,10.5,90.0,51.0
2008-05-05,2.0,12.4,17.3,73.0,1021.5,13.8,64.0,47.0
2008-05-06,0.0,8.7,20.3,72.0,1020.9,5.4,299.0,7.0
2008-05-07,0.0,12.3,20.0,69.0,1020.2,7.7,75.0,24.0
2008-05-08,0.0,10.2,20.3,75.0,1018.0,6.8,144.0,20.0
2008-05-09,0.0,11.0,21.2,76.0,1016.5,5.9,119.0,34.0
2008-05-10,0.3,13.0,21.8,72.0,1016.7,9.4,72.0,23.0
2008-05-11,0.0,14.4,20.9,61.0,1018.3,11.9,61.0,22.0
2008-05-12,0.0,13.1,20.9,62.0,1017.4,10.5,70.0,45.0
2008-05-13,0.0,11.3,21.8,69.0,1015.1,9.9,80.0,8.0
2008-05-14,0.0,11.8,22.7,73.0,1013.8,7.4,211.0,18.0
2008-05-15,2.1,12.8,21.4,81.0,1012.9,9.2,167.0,69.0
2008-05-16,1.3,12.7,21.5,80.0,1012.4,14.0,196.0,64.0
2008-05-17,10.3,15.3,20.4,90.0,1010.7,12.9,162.0,99.0
2008-05-18,39.3,15.2,18.9,92.0,1006.0,10.2,121.0,97.0
2008-05-19,8.7,13.3,20.3,87.0,1005.0,9.3,57.0,99.0
2008-05-20,29.6,15.2,17.8,83.0,1003.6,24.2,65.0,97.0
2008-05-21,3.4,14.0,19.9,78.0,1008.7,15.3,67.0,68.0
2008-05-22,0.2,13.7,19.6,80.0,1011.7,8.6,97.0,44.0
2008-05-23,7.0,14.0,20.0,86.0,1012.5,7.1,113.0,85.0
2008-05-24,4.2,14.8,21.1,85.0,1013.7,9.4,106.0,82.0
2008-05-25,0.4,15.0,22.3,85.0,1015.5,8.3,164.0,89.0
2008-05-26,0.0,16.3,22.5,84.0,1017.4,7.2,153.0,93.0
2008-05-27,0.0,15.6,25.0,81.0,1015.4,5.9,97.0,24.0
2008-05-28,0.0,18.4,24.9,82.0,1014.2,9.6,93.0,33.0
2008-05-29,0.0,18.3,26.5,75.0,1012.2,11.1,72.0,91.0
2008-05-30,12.7,17.5,22.9,81.0,1011.4,8.0,46.0,60.0
2008-05-31,3.1,15.1,23.7,79.0,1015.1,8.3,233.0,40.0
2008-06-01,0.0,16.3,25.1,78.0,1015.4,7.9,224.0,24.0
2008-06-02,5.2,16.8,25.2,86.0,1013.2,8.2,256.0,68.0
2008-06-03,0.0,16.6,25.3,81.0,1011.2,7.2,236.0,78.0
2008-06-04,9.3,17.2,22.0,88.0,1010.2,7.1,255.0,97.0
2008-06-05,20.0,16.8,20.7,90.0,1009.0,4.9,242.0,95.0
2008-06-06,8.3,16.1,20.3,89.0,1009.7,6.5,50.0,94.0
2008-06-07,1.5,15.4,22.9,81.0,1010.0,5.5,176.0,59.0
2008-06-08,3.6,17.7,23.6,76.0,1012.4,9.9,53.0,53.0
2008-06-09,0.0,17.4,24.6,70.0,1017.1,10.4,50.0,40.0
2008-06-10,0.2,16.6,25.3,75.0,1018.8,7.6,87.0,23.0
2008-06-11,0.4,18.9,25.4,81.0,1014.5,9.3,144.0,55.0
2008-06-12,5.8,17.3,22.5,82.0,1009.8,12.1,63.0,86.0
2008-06-13,7.2,15.2,19.0,78.0,1008.7,16.3,53.0,75.0
2008-06-14,7.1,13.8,16.7,68.0,1012.7,22.0,49.0,74.0
2008-06-15,0.0,11.5,20.2,68.0,1013.0,6.6,323.0,61.0
2008-06-16,2.7,14.4,19.6,81.0,1011.6,6.2,65.0,96.0
2008-06-17,2.7,16.1,22.5,86.0,1011.0,10.1,58.0,85.0
2008-06-18,8.9,16.4,23.5,82.0,1014.0,4.0,63.0,48.0
2008-06-19,0.0,16.2,25.2,82.0,1016.0,6.1,211.0,26.0
2008-06-20,0.0,17.4,27.0,83.0,1017.0,5.1,126.0,32.0
2008-06-21,0.0,17.8,28.1,80.0,1018.9,5.7,70.0,14.0
2008-06-22,0.0,18.9,28.1,79.0,1019.4,6.6,156.0,18.0
2008-06-23,0.0,20.5,28.7,79.0,1017.6,7.6,115.0,7.0
2008-06-24,0.0,22.3,29.2,81.0,1016.1,10.1,102.0,13.0
2008-06-25,0.0,22.7,29.9,80.0,1015.0,9.9,107.0,11.0
2008-06-26,0.0,22.5,29.8,82.0,1014.6,6.6,123.0,12.0
2008-06-27,0.2,22.5,29.3,77.0,1013.6,9.6,358.0,60.0
2008-06-28,0.0,22.7,27.9,66.0,1016.7,11.7,61.0,38.0
2008-06-29,0.0,21.9,29.0,71.0,1017.3,6.6,80.0,26.0
2008-06-30,10.3,21.9,27.9,80.0,1016.2,5.9,345.0,54.0
2008-07-01,0.0,23.2,28.6,71.0,1016.1,8.5,41.0,61.0
2008-07-02,3.1,20.5,28.4,77.0,1013.1,5.3,15.0,43.0
2008-07-03,0.0,21.5,28.0,78.0,1011.0,10.3,158.0,44.0
2008-07-04,0.3,20.7,27.6,79.0,1009.1,9.2,183.0,28.0
2008-07-05,0.1,22.3,26.8,69.0,1011.3,10.5,68.0,41.0
2008-07-06,6.6,22.0,26.9,80.0,1011.3,9.9,38.0,70.0
2008-07-07,7.4,20.6,26.5,83.0,1008.1,12.3,69.0,54.0
2008-07-08,5.3,18.0,24.5,74.0,1011.1,17.0,48.0,48.0
2008-07-09,0.0,18.5,25.2,64.0,1014.8,10.0,52.0,22.0
2008-07-10,0.0,18.2,26.9,74.0,1015.1,6.4,95.0,13.0
2008-07-11,0.1,18.9,26.9,81.0,1013.6,8.0,125.0,59.0
2008-07-12,0.8,22.0,27.2,80.0,1010.3,11.4,67.0,45.0
2008-07-13,3.5,21.5,25.9,79.0,1007.3,12.3,34.0,55.0
2008-07-14,11.6,17.3,23.0,77.0,1012.1,10.4,344.0,63.0
2008-07-15,0.0,16.1,25.0,69.0,1022.9,8.4,111.0,10.0
2008-07-16,0.0,17.3,26.1,68.0,1020.5,8.8,130.0,5.0
2008-07-17,0.0,19.2,25.9,73.0,1012.4,9.7,94.0,65.0
2008-07-18,12.8,19.2,23.2,76.0,1011.6,12.8,44.0,71.0
2008-07-19,0.0,18.5,25.5,71.0,1014.9,8.1,71.0,15.0
2008-07-20,1.3,19.2,25.6,85.0,1012.7,8.1,136.0,48.0
2008-07-21,3.0,18.7,24.0,73.0,1011.5,20.1,53.0,55.0
2008-07-22,0.0,18.8,22.9,56.0,1015.9,14.9,60.0,36.0
2008-07-23,0.0,14.1,24.9,68.0,1015.8,8.5,104.0,22.0
2008-07-24,0.0,15.9,26.3,69.0,1012.4,5.4,220.0,15.0
2008-07-25,0.0,18.3,27.4,74.0,1009.5,5.6,107.0,47.0
2008-07-26,0.2,19.8,27.5,78.0,1010.0,4.9,83.0,67.0
2008-07-27,0.2,20.8,28.7,72.0,1012.9,8.1,356.0,69.0
2008-07-28,0.0,21.6,29.1,71.0,1014.5,6.8,48.0,40.0
2008-07-29,0.0,20.2,29.3,76.0,1015.6,5.4,38.0,36.0
2008-07-30,0.2,20.9,28.9,80.0,1016.9,5.2,80.0,69.0
2008-07-31,0.3,21.3,29.3,78.0,1016.7,6.3,349.0,25.0
2008-08-01,0.8,20.4,29.8,75.0,1015.4,5.8,47.0,29.0
2008-08-02,4.1,21.1,29.3,75.0,1015.3,8.9,15.0,24.0
2008-08-03,0.0,21.6,29.5,74.0,1015.1,6.3,38.0,18.0
2008-08-04,0.0,21.8,29.6,80.0,1011.8,9.0,143.0,36.0
2008-08-05,0.6,23.6,29.4,74.0,1011.0,7.4,16.0,35.0
2008-08-06,0.0,24.6,28.5,64.0,1013.6,14.1,57.0,64.0
2008-08-07,0.0,22.8,28.8,69.0,1011.5,8.7,8.0,40.0
2008-08-08,2.8,21.8,27.2,81.0,1007.1,11.9,66.0,59.0
2008-08-09,0.2,20.1,26.7,61.0,1010.6,10.5,46.0,22.0
2008-08-10,0.4,20.9,25.6,67.0,1012.9,9.4,80.0,42.0
2008-08-11,0.0,18.7,26.9,74.0,1009.8,7.3,121.0,15.0
2008-08-12,0.0,21.2,27.8,79.0,1007.9,10.3,133.0,36.0
2008-08-13,0.5,21.5,28.3,80.0,1010.5,6.8,83.0,42.0
2008-08-14,0.3,21.4,28.6,72.0,1012.5,8.5,27.0,35.0
2008-08-15,27.0,19.5,24.3,85.0,1004.6,8.1,69.0,75.0
2008-08-16,23.4,16.5,23.6,67.0,1006.0,13.5,17.0,68.0
2008-08-17,3.5,19.1,22.7,75.0,1011.5,8.0,60.0,63.0
2008-08-18,0.0,16.8,25.0,77.0,1016.4,6.5,87.0,20.0
2008-08-19,0.0,17.7,26.0,80.0,1015.6,7.1,129.0,10.0
2008-08-20,0.9,19.1,26.2,83.0,1013.2,7.3,73.0,38.0
2008-08-21,0.0,21.8,27.2,70.0,1016.3,11.7,42.0,18.0
2008-08-22,0.0,19.4,27.7,76.0,1013.8,9.0,59.0,17.0
2008-08-23,19.8,18.4,23.8,87.0,1008.2,12.1,54.0,46.0
2008-08-24,4.5,17.2,23.7,61.0,1011.9,15.6,53.0,17.0
2008-08-25,0.0,17.6,24.6,65.0,1015.9,10.5,39.0,46.0
2008-08-26,0.0,18.4,26.1,67.0,1019.7,11.1,39.0,6.0
2008-08-27,0.0,19.3,26.6,66.0,1019.4,12.3,26.0,17.0
2008-08-28,0.0,18.9,27.1,68.0,1016.4,9.3,5.0,15.0
2008-08-29,0.0,18.4,27.4,75.0,1015.1,6.8,66.0,40.0
2008-08-30,0.0,19.8,26.7,79.0,1015.6,9.2,69.0,14.0
2008-08-31,0.0,21.4,25.1,72.0,1017.2,10.9,72.0,64.0
2008-09-01,0.3,20.6,25.7,74.0,1016.1,8.4,69.0,48.0
2008-09-02,0.3,18.3,25.6,79.0,1015.1,7.8,59.0,39.0
2008-09-03,4.3,19.7,24.6,84.0,1012.7,7.1,78.0,72.0
2008-09-04,0.1,19.8,26.1,84.0,1011.3,7.0,107.0,55.0
2008-09-05,0.0,20.3,25.7,83.0,1012.2,11.6,61.0,62.0
2008-09-06,0.0,20.9,26.8,83.0,1011.3,9.3,80.0,55.0
2008-09-07,7.2,19.4,26.3,89.0,1010.0,7.6,59.0,62.0
2008-09-08,0.1,17.0,24.9,79.0,1014.4,5.8,10.0,13.0
2008-09-09,0.0,19.3,25.7,67.0,1018.7,8.5,34.0,6.0
2008-09-10,0.0,16.5,26.7,77.0,1017.3,4.7,49.0,14.0
2008-09-11,0.0,18.2,27.1,78.0,1012.9,7.4,81.0,50.0
2008-09-12,0.0,20.2,25.5,83.0,1008.1,8.2,69.0,68.0
2008-09-13,23.9,15.6,21.3,86.0,1007.8,22.2,58.0,99.0
2008-09-14,12.9,14.6,19.0,69.0,1011.5,30.8,54.0,87.0
2008-09-15,0.2,14.1,18.1,61.0,1011.7,15.4,60.0,58.0
2008-09-16,0.6,12.4,19.7,69.0,1012.2,7.4,42.0,42.0
2008-09-17,0.0,13.7,17.9,66.0,1017.4,9.5,89.0,49.0
2008-09-18,0.4,15.0,17.5,67.0,1020.5,14.6,66.0,81.0
2008-09-19,3.5,14.3,18.6,70.0,1019.1,12.5,56.0,75.0
2008-09-20,0.0,14.5,18.1,63.0,1020.9,9.6,88.0,46.0
2008-09-21,3.3,12.9,15.4,76.0,1018.4,9.3,71.0,87.0
2008-09-22,0.0,9.5,18.3,70.0,1015.0,5.1,42.0,18.0
2008-09-23,0.1,11.9,18.1,65.0,1014.6,11.5,48.0,55.0
2008-09-24,0.2,12.2,18.8,61.0,1016.7,13.3,41.0,13.0
2008-09-25,0.0,12.5,19.5,62.0,1018.9,12.2,44.0,41.0
2008-09-26,0.5,12.2,19.1,64.0,1023.4,14.5,51.0,65.0
2008-09-27,0.0,13.3,18.8,50.0,1026.2,21.2,55.0,54.0
2008-09-28,0.0,10.8,18.4,58.0,1024.3,12.6,41.0,10.0
2008-09-29,0.0,9.7,18.2,68.0,1020.0,8.8,87.0,9.0
2008-09-30,0.4,10.5,18.3,77.0,1016.3,4.5,113.0,57.0
2008-10-01,0.0,11.7,19.8,81.0,1012.2,8.0,182.0,54.0
2008-10-02,0.0,13.2,19.1,86.0,1009.4,7.7,151.0,68.0
2008-10-03,5.4,12.9,20.3,85.0,1005.3,5.4,148.0,42.0
2008-10-04,3.4,10.8,16.5,59.0,1011.3,13.2,30.0,36.0
2008-10-05,0.0,8.1,17.5,65.0,1018.0,6.1,95.0,15.0
2008-10-06,0.0,10.9,18.4,72.0,1019.6,6.4,128.0,23.0
2008-10-07,0.0,11.8,18.8,82.0,1020.1,9.1,76.0,46.0
2008-10-08,0.7,13.5,18.9,87.0,1018.6,6.6,92.0,62.0
2008-10-09,0.0,14.3,20.1,88.0,1024.8,7.0,87.0,24.0
2008-10-10,0.0,13.2,21.3,82.0,1031.0,7.5,22.0,24.0
2008-10-11,0.0,13.0,21.0,81.0,1032.0,7.0,57.0,7.0
2008-10-12,0.0,12.5,19.9,90.0,1029.2,4.4,98.0,40.0
2008-10-13,0.0,12.6,22.4,82.0,1023.7,4.9,318.0,77.0
2008-10-14,0.0,13.5,21.6,83.0,1019.9,4.1,62.0,22.0
2008-10-15,0.0,12.4,21.3,86.0,1019.1,5.8,104.0,29.0
2008-10-16,0.5,13.5,19.6,90.0,1015.7,7.3,167.0,85.0
2008-10-17,0.4,13.7,18.5,78.0,1012.5,17.3,68.0,49.0
2008-10-18,0.0,12.3,16.6,56.0,1020.9,16.9,48.0,46.0
2008-10-19,0.0,10.0,17.7,72.0,1024.3,7.7,64.0,19.0
2008-10-20,0.2,9.4,17.8,82.0,1024.6,7.3,101.0,52.0
2008-10-21,1.7,13.7,16.7,86.0,1020.0,5.5,70.0,90.0
2008-10-22,0.0,14.5,17.6,82.0,1018.5,7.1,71.0,94.0
2008-10-23,0.0,14.1,19.2,77.0,1022.1,12.2,49.0,87.0
2008-10-24,0.0,12.5,18.1,72.0,1024.0,9.8,53.0,58.0
2008-10-25,0.0,12.8,17.8,74.0,1026.8,13.6,54.0,45.0
2008-10-26,0.0,11.7,17.1,78.0,1026.0,8.3,62.0,11.0
2008-10-27,1.3,11.0,16.1,88.0,1016.7,5.7,70.0,86.0
2008-10-28,13.5,12.8,16.6,91.0,1008.8,10.4,88.0,90.0
2008-10-29,20.0,15.8,19.5,90.0,1001.5,17.9,165.0,87.0
2008-10-30,7.9,13.4,17.6,65.0,999.7,25.0,214.0,45.0
2008-10-31,20.5,11.0,14.4,89.0,1010.3,6.8,155.0,99.0
2008-11-01,13.3,13.4,17.3,85.0,1010.5,13.1,5.0,80.0
2008-11-02,0.0,10.1,16.5,87.0,1018.4,6.8,179.0,58.0
2008-11-03,13.5,14.3,16.4,91.0,1018.1,13.9,73.0,92.0
2008-11-04,26.3,14.8,16.9,92.0,1018.2,18.9,61.0,97.0
2008-11-05,10.3,13.8,18.2,91.0,1017.1,11.1,79.0,48.0
2008-11-06,0.9,10.1,17.4,86.0,1016.1,8.1,54.0,72.0
2008-11-07,0.9,10.5,16.1,87.0,1015.9,8.7,15.0,95.0
2008-11-08,1.3,8.4,15.7,89.0,1021.1,6.0,213.0,77.0
2008-11-09,1.7,9.8,15.4,89.0,1028.4,5.1,41.0,71.0
2008-11-10,0.0,10.5,14.7,90.0,1029.3,3.3,121.0,74.0
2008-11-11,0.0,9.2,14.1,89.0,1023.8,4.9,213.0,88.0
2008-11-12,9.1,11.0,13.3,89.0,1019.1,10.1,45.0,99.0
2008-11-13,53.9,10.6,12.1,93.0,1016.2,18.8,55.0,100.0
2008-11-14,9.8,10.3,15.2,72.0,1021.8,26.6,45.0,64.0
2008-11-15,0.0,9.1,14.7,72.0,1025.5,16.3,41.0,5.0
2008-11-16,0.0,5.6,14.4,76.0,1023.3,6.5,13.0,4.0
2008-11-17,0.0,6.5,14.9,76.0,1022.2,11.8,65.0,52.0
2008-11-18,0.0,5.3,10.4,64.0,1019.7,13.3,55.0,93.0
2008-11-19,0.0,3.0,10.0,77.0,1018.3,5.0,37.0,16.0
2008-11-20,0.0,4.4,8.1,92.0,1017.5,3.3,241.0,82.0
2008-11-21,0.2,4.3,9.6,91.0,1002.7,9.1,260.0,93.0
2008-11-22,0.0,2.8,8.1,59.0,998.9,9.6,8.0,56.0
2008-11-23,0.0,-1.3,7.5,56.0,1006.2,11.8,264.0,15.0
2008-11-24,13.7,1.5,4.0,79.0,999.0,10.2,348.0,93.0
2008-11-25,1.0,-0.3,7.8,77.0,1004.5,13.5,27.0,70.0
2008-11-26,0.0,1.5,7.8,67.0,1021.1,16.5,50.0,3.0
2008-11-27,0.0,-0.3,7.4,69.0,1026.4,9.0,44.0,3.0
2008-11-28,18.1,0.1,5.9,77.0,1012.5,24.5,43.0,90.0
2008-11-29,6.7,5.0,8.1,85.0,1001.2,15.4,51.0,96.0
2008-11-30,25.7,7.0,10.8,90.0,1004.5,14.0,148.0,96.0
2008-12-01,32.6,7.9,11.7,80.0,1000.5,23.6,174.0,85.0
2008-12-02,2.9,4.6,9.2,89.0,1009.5,9.2,351.0,80.0
2008-12-03,0.4,0.6,8.3,88.0,1009.3,7.4,292.0,43.0
2008-12-04,0.0,1.4,7.6,85.0,1006.7,8.5,289.0,52.0
2008-12-05,23.8,4.6,6.3,93.0,1001.2,8.3,350.0,90.0
2008-12-06,0.0,0.8,8.7,90.0,1007.9,5.6,304.0,69.0
2008-12-07,0.0,1.2,9.6,86.0,1018.4,5.6,280.0,28.0
2008-12-08,0.0,1.2,8.1,85.0,1025.9,3.2,276.0,36.0
2008-12-09,0.0,0.5,7.3,84.0,1023.6,4.8,41.0,76.0
2008-12-10,27.9,4.1,8.3,89.0,1013.0,16.1,61.0,100.0
2008-12-11,24.4,6.9,8.2,94.0,1004.8,19.4,47.0,100.0
2008-12-12,17.8,7.5,9.3,86.0,1005.0,24.3,45.0,99.0
2008-12-13,6.9,6.4,8.8,82.0,1010.7,17.6,47.0,98.0
2008-12-14,9.5,6.3,10.3,89.0,1009.2,15.8,52.0,80.0
2008-12-15,29.4,7.7,9.0,88.0,1012.5,27.7,54.0,100.0
2008-12-16,19.6,8.0,10.3,90.0,1014.0,24.5,50.0,97.0
2008-12-17,1.7,4.7,10.0,89.0,1009.3,8.8,33.0,70.0
2008-12-18,4.7,2.8,7.4,93.0,1008.7,8.2,316.0,89.0
2008-12-19,0.0,2.1,7.1,89.0,1017.2,5.4,22.0,77.0
2008-12-20,0.0,0.7,7.7,83.0,1023.5,6.2,45.0,36.0
2008-12-21,0.0,1.0,7.0,87.0,1024.8,5.1,46.0,52.0
2008-12-22,0.0,1.0,8.4,90.0,1028.3,5.3,301.0,19.0
2008-12-23,0.0,1.3,9.2,90.0,1026.3,3.9,271.0,59.0
2008-12-24,0.0,1.3,8.8,91.0,1027.7,4.9,45.0,88.0
2008-12-25,1.3,3.9,10.9,78.0,1022.8,15.6,58.0,70.0
2008-12-26,0.2,2.4,5.7,56.0,1031.5,29.9,59.0,36.0
2008-12-27,0.0,0.7,4.9,61.0,1030.5,21.9,54.0,28.0
2008-12-28,0.0,0.7,4.1,61.0,1028.3,25.4,58.0,78.0
2008-12-29,0.0,1.5,5.1,63.0,1031.5,18.4,55.0,39.0
2008-12-30,0.0,0.3,4.3,67.0,1035.6,15.7,58.0,1.0
2008-12-31,0.0,-1.3,4.5,73.0,1033.6,8.1,42.0,21.0
2009-01-01,8.3,-0.1,3.2,88.0,1024.7,12.2,348.0,68.0
2009-01-02,0.0,-2.9,5.7,85.0,1021.2,8.0,24.0,55.0
2009-01-03,0.0,-0.4,3.7,63.0,1022.2,23.4,55.0,11.0
2009-01-04,0.0,-3.2,2.5,76.0,1018.4,6.3,343.0,2.0
2009-01-05,0.0,-1.1,4.1,77.0,1014.4,3.5,360.0,75.0
2009-01-06,1.8,0.5,3.8,62.0,1016.0,21.2,52.0,98.0
2009-01-07,2.3,2.0,6.4,68.0,1016.5,18.2,46.0,98.0
2009-01-08,0.7,1.2,5.0,65.0,1022.7,26.1,59.0,56.0
2009-01-09,0.0,-1.2,3.5,59.0,1029.5,14.4,45.0,4.0
2009-01-10,0.0,-2.7,6.9,65.0,1027.2,10.1,31.0,14.0
2009-01-11,0.0,-0.3,7.0,65.0,1030.4,11.6,45.0,18.0
2009-01-12,0.0,0.4,5.8,73.0,1030.4,11.6,49.0,9.0
2009-01-13,0.0,-0.4,7.8,77.0,1022.7,9.1,36.0,54.0
2009-01-14,4.1,2.6,5.9,82.0,1011.0,11.5,23.0,100.0
2009-01-15,5.9,2.7,6.9,86.0,1017.5,13.5,55.0,83.0
2009-01-16,0.0,1.3,7.0,90.0,1023.9,3.2,353.0,47.0
2009-01-17,0.0,0.7,5.1,93.0,1025.1,4.2,17.0,87.0
2009-01-18,1.5,3.0,6.5,93.0,1019.1,4.0,45.0,99.0
2009-01-19,3.5,1.4,5.6,96.0,1011.7,7.0,352.0,98.0
2009-01-20,33.8,4.9,10.2,93.0,1001.1,15.4,152.0,97.0
2009-01-21,8.9,7.5,10.3,93.0,1001.9,6.0,331.0,100.0
2009-01-22,1.7,4.9,9.2,90.0,1005.4,6.9,35.0,90.0
2009-01-23,2.4,1.2,6.4,91.0,996.1,8.2,250.0,84.0
2009-01-24,0.3,0.3,6.8,86.0,990.3,10.5,43.0,91.0
2009-01-25,0.0,4.5,11.0,69.0,996.1,14.1,37.0,66.0
2009-01-26,2.0,2.0,9.1,75.0,1002.1,14.5,47.0,49.0
2009-01-27,14.3,5.4,9.6,85.0,1002.8,15.1,37.0,99.0
2009-01-28,1.4,4.0,8.4,81.0,1007.7,6.7,34.0,93.0
2009-01-29,0.0,3.0,9.5,81.0,1012.1,6.4,97.0,77.0
2009-01-30,0.0,3.9,9.0,80.0,1017.3,7.2,65.0,48.0
2009-01-31,0.0,3.8,6.0,67.0,1015.8,15.4,62.0,90.0
2009-02-01,5.3,2.1,3.8,74.0,1011.0,19.6,48.0,100.0
2009-02-02,18.0,2.6,6.1,89.0,1009.0,26.6,46.0,100.0
2009-02-03,16.2,5.4,9.7,86.0,1002.8,18.2,34.0,96.0
2009-02-04,0.0,4.4,11.0,86.0,1000.3,7.4,227.0,45.0
2009-02-05,1.9,5.4,10.9,91.0,1005.5,7.2,73.0,79.0
2009-02-06,17.6,8.2,11.7,94.0,1000.5,10.3,113.0,100.0
2009-02-07,17.1,6.6,11.2,93.0,991.7,13.5,139.0,94.0
2009-02-08,4.9,4.5,8.3,92.0,993.4,6.2,23.0,93.0
2009-02-09,1.5,3.5,9.6,89.0,1008.0,6.8,122.0,65.0
2009-02-10,2.7,4.4,7.6,93.0,1006.1,6.9,217.0,84.0
2009-02-11,0.0,1.9,10.7,76.0,1003.2,8.5,357.0,86.0
2009-02-12,0.0,2.1,9.2,54.0,1008.9,9.4,348.0,80.0
2009-02-13,0.0,-0.4,7.3,42.0,1012.5,8.7,23.0,22.0
2009-02-14,0.0,-1.9,8.3,59.0,1014.5,7.3,348.0,24.0
2009-02-15,0.0,-1.8,7.3,60.0,1021.9,9.5,84.0,10.0
2009-02-16,0.0,0.8,7.5,61.0,1022.5,4.8,215.0,24.0
2009-02-17,0.0,-0.7,8.1,76.0,1014.1,10.0,218.0,62.0
2009-02-18,0.2,-0.9,5.7,44.0,1016.8,15.6,67.0,7.0
2009-02-19,0.0,-1.6,5.6,61.0,1021.1,5.7,106.0,7.0
2009-02-20,0.0,-0.9,6.9,71.0,1025.6,5.7,125.0,37.0
2009-02-21,0.0,0.4,9.1,77.0,1025.0,4.8,154.0,53.0
2009-02-22,0.0,1.1,8.2,85.0,1021.3,7.1,105.0,84.0
2009-02-23,0.0,1.2,8.2,87.0,1014.9,6.2,89.0,87.0
2009-02-24,0.2,-0.2,8.9,86.0,1016.6,6.5,56.0,55.0
2009-02-25,0.0,0.5,8.7,73.0,1027.5,9.1,70.0,13.0
2009-02-26,0.0,1.5,9.4,77.0,1023.4,5.7,162.0,72.0
2009-02-27,0.0,2.6,10.1,84.0,1016.7,7.7,105.0,33.0
2009-02-28,0.0,1.5,9.8,91.0,1019.1,5.9,125.0,29.0
2009-03-01,1.8,4.0,10.2,90.0,1017.4,6.4,72.0,82.0
2009-03-02,2.2,7.0,11.1,91.0,1015.3,5.8,89.0,91.0
2009-03-03,1.8,7.5,10.6,91.0,1015.7,4.4,147.0,89.0
2009-03-04,24.4,6.8,9.6,96.0,1003.8,11.2,79.0,90.0
2009-03-05,29.3,7.8,9.6,93.0,982.1,17.0,68.0,100.0
2009-03-06,5.9,6.1,10.5,85.0,989.0,9.4,75.0,69.0
2009-03-07,0.0,4.3,14.5,74.0,999.3,6.2,316.0,26.0
2009-03-08,0.0,2.0,12.9,69.0,1008.8,8.5,86.0,24.0
2009-03-09,0.2,3.7,12.0,81.0,1008.1,7.8,88.0,24.0
2009-03-10,0.0,1.4,12.0,72.0,1016.1,7.2,184.0,46.0
2009-03-11,0.1,2.9,11.8,74.0,1013.4,4.9,33.0,32.0
2009-03-12,0.0,2.9,12.4,66.0,1021.5,6.4,181.0,23.0
2009-03-13,0.0,3.4,11.3,77.0,1017.2,5.4,102.0,37.0
2009-03-14,0.0,4.5,12.6,84.0,1021.1,8.0,92.0,75.0
2009-03-15,0.0,4.7,12.2,87.0,1021.8,5.7,83.0,85.0
2009-03-16,0.0,3.7,14.4,76.0,1026.9,7.5,92.0,20.0
2009-03-17,0.0,4.4,12.9,79.0,1028.0,7.1,128.0,54.0
2009-03-18,0.0,3.8,14.0,83.0,1023.2,8.4,136.0,18.0
2009-03-19,1.6,4.8,12.8,85.0,1018.3,11.3,85.0,50.0
2009-03-20,0.3,4.0,9.9,48.0,1021.2,24.5,63.0,32.0
2009-03-21,0.0,2.4,11.3,41.0,1021.3,21.1,49.0,15.0
2009-03-22,0.0,0.5,11.9,58.0,1019.7,9.9,113.0,2.0
2009-03-23,0.0,2.6,12.6,77.0,1013.7,7.2,126.0,66.0
2009-03-24,0.7,4.1,10.1,79.0,1000.4,10.7,84.0,57.0
2009-03-25,0.7,2.8,11.1,77.0,1005.8,14.8,166.0,57.0
2009-03-26,0.0,4.4,12.8,75.0,1007.7,12.0,102.0,45.0
2009-03-27,0.4,6.2,12.2,83.0,1010.3,10.1,101.0,76.0
2009-03-28,4.1,6.0,13.2,86.0,1009.0,12.0,149.0,76.0
2009-03-29,47.7,9.8,11.6,95.0,1002.7,12.8,57.0,100.0
2009-03-30,6.7,8.5,12.4,79.0,1010.6,14.5,40.0,77.0
2009-03-31,11.2,9.3,13.5,70.0,1017.1,21.4,56.0,83.0
2009-04-01,5.3,9.1,17.8,74.0,1014.6,21.4,49.0,69.0
2009-04-02,15.1,11.1,14.3,84.0,1016.3,20.6,54.0,95.0
2009-04-03,0.5,9.5,17.6,75.0,1018.7,7.3,21.0,60.0
2009-04-04,2.2,9.9,17.0,82.0,1018.2,5.6,145.0,83.0
2009-04-05,0.2,8.8,20.0,78.0,1018.4,5.4,269.0,58.0
2009-04-06,0.0,9.4,20.7,66.0,1015.6,7.2,338.0,31.0
2009-04-07,0.0,9.6,20.0,73.0,1013.2,5.5,243.0,28.0
2009-04-08,0.0,9.1,18.4,83.0,1016.2,8.4,124.0,31.0
2009-04-09,0.0,9.7,17.7,87.0,1018.6,7.9,125.0,24.0
2009-04-10,0.0,7.8,17.1,85.0,1015.8,7.5,121.0,17.0
2009-04-11,0.0,7.3,17.2,85.0,1013.5,7.0,119.0,9.0
2009-04-12,0.0,8.1,18.8,78.0,1011.2,7.5,74.0,32.0
2009-04-13,0.0,7.6,22.4,70.0,1005.5,11.5,59.0,13.0
2009-04-14,0.0,8.5,20.3,77.0,1007.9,6.5,261.0,18.0
2009-04-15,0.0,8.7,20.1,75.0,1011.8,8.4,136.0,19.0
2009-04-16,6.2,12.5,17.2,82.0,1012.6,10.0,110.0,87.0
2009-04-17,1.7,10.4,17.5,74.0,1010.0,17.2,231.0,29.0
2009-04-18,0.0,10.0,16.8,77.0,1013.4,7.2,164.0,47.0
2009-04-19,8.4,11.0,15.5,82.0,1017.3,17.2,44.0,97.0
2009-04-20,0.8,12.8,17.7,74.0,1019.3,16.1,46.0,96.0
2009-04-21,0.8,13.9,19.5,65.0,1015.4,19.6,30.0,75.0
2009-04-22,0.0,11.8,22.5,59.0,1013.9,10.0,21.0,23.0
2009-04-23,4.0,11.3,16.9,70.0,1015.6,17.5,73.0,76.0
2009-04-24,0.0,9.6,16.6,65.0,1019.9,17.4,51.0,63.0
2009-04-25,0.0,9.0,17.2,76.0,1020.3,6.6,147.0,50.0
2009-04-26,6.8,8.3,15.7,88.0,1018.8,11.9,96.0,87.0
2009-04-27,23.3,12.0,15.5,88.0,1012.2,22.5,79.0,100.0
2009-04-28,22.9,12.8,15.2,86.0,1005.6,24.2,85.0,75.0
2009-04-29,16.7,11.7,15.9,86.0,1006.3,8.3,141.0,87.0
2009-04-30,0.6,9.6,16.4,79.0,1011.1,9.6,22.0,97.0
2009-05-01,0.0,7.7,22.8,69.0,1014.2,6.9,325.0,45.0
2009-05-02,0.8,9.4,20.8,75.0,1018.4,9.4,119.0,46.0
2009-05-03,0.0,10.3,19.5,76.0,1021.6,4.4,313.0,23.0
2009-05-04,0.7,11.9,20.0,77.0,1017.1,7.4,338.0,66.0
2009-05-05,1.5,12.4,18.5,61.0,1019.2,7.7,11.0,76.0
2009-05-06,0.0,11.5,19.4,77.0,1018.5,7.0,171.0,74.0
2009-05-07,0.0,10.8,20.4,83.0,1018.7,7.8,133.0,26.0
2009-05-08,0.0,13.6,21.5,82.0,1019.3,7.9,139.0,63.0
2009-05-09,0.0,14.3,21.5,83.0,1020.7,8.0,104.0,63.0
2009-05-10,0.0,14.6,21.3,86.0,1020.3,8.0,133.0,86.0
2009-05-11,0.0,13.9,23.2,81.0,1017.8,8.4,180.0,44.0
2009-05-12,0.0,14.0,23.3,78.0,1016.8,8.4,195.0,85.0
2009-05-13,0.0,16.5,22.8,79.0,1016.1,9.7,86.0,89.0
2009-05-14,0.0,16.2,22.4,78.0,1011.6,10.8,103.0,95.0
2009-05-15,0.8,16.4,20.8,79.0,1010.4,10.0,87.0,94.0
2009-05-16,0.0,15.1,22.3,81.0,1014.1,8.2,77.0,32.0
2009-05-17,0.0,14.3,24.3,81.0,1017.0,7.3,200.0,36.0
2009-05-18,0.0,15.8,25.1,81.0,1016.0,6.9,149.0,24.0
2009-05-19,0.0,15.9,25.5,77.0,1017.1,5.4,243.0,13.0
2009-05-20,0.0,16.2,25.9,70.0,1019.2,8.3,53.0,10.0
2009-05-21,0.0,17.0,26.1,74.0,1017.4,8.3,166.0,66.0
2009-05-22,0.0,17.7,26.4,80.0,1014.2,8.5,160.0,69.0
2009-05-23,0.0,19.3,27.0,78.0,1016.2,8.3,77.0,16.0
2009-05-24,0.0,19.6,27.1,82.0,1018.1,7.8,128.0,64.0
2009-05-25,0.0,18.8,28.8,81.0,1016.5,9.9,154.0,26.0
2009-05-26,0.5,21.0,29.1,77.0,1012.6,10.2,63.0,24.0
2009-05-27,2.3,18.2,23.8,67.0,1014.8,21.5,47.0,54.0
2009-05-28,0.0,16.0,22.1,52.0,1022.2,12.4,71.0,28.0
2009-05-29,3.0,13.9,20.2,69.0,1019.8,14.5,125.0,52.0
2009-05-30,1.4,10.9,20.8,68.0,1019.9,12.1,166.0,48.0
2009-05-31,2.8,13.7,17.5,72.0,1019.3,16.1,67.0,70.0
2009-06-01,0.0,12.2,20.7,72.0,1014.7,5.8,52.0,94.0
2009-06-02,0.0,15.9,22.5,65.0,1010.9,10.0,91.0,43.0
2009-06-03,0.0,15.2,24.8,72.0,1008.8,7.8,133.0,38.0
2009-06-04,0.6,16.9,22.3,73.0,1007.9,15.7,64.0,39.0
2009-06-05,4.8,17.6,22.6,80.0,1008.2,12.8,109.0,92.0
2009-06-06,1.8,16.8,24.5,76.0,1003.6,16.7,171.0,72.0
2009-06-07,0.7,18.3,23.3,72.0,1005.8,10.7,198.0,44.0
2009-06-08,0.0,16.7,23.0,80.0,1011.9,9.5,52.0,65.0
2009-06-09,2.1,17.0,24.3,79.0,1013.6,9.8,118.0,52.0
2009-06-10,0.8,16.5,23.8,80.0,1016.3,8.3,157.0,61.0
2009-06-11,0.2,16.9,25.4,75.0,1014.6,10.9,176.0,43.0
2009-06-12,0.7,17.5,24.4,71.0,1015.9,13.9,71.0,25.0
2009-06-13,0.0,18.7,25.0,70.0,1017.8,10.7,86.0,25.0
2009-06-14,0.0,16.5,26.2,74.0,1020.1,10.0,115.0,22.0
2009-06-15,0.0,20.2,26.5,74.0,1018.7,10.3,90.0,72.0
2009-06-16,0.0,20.2,27.9,77.0,1015.7,10.2,98.0,40.0
2009-06-17,0.0,21.2,24.9,59.0,1020.7,19.1,57.0,80.0
2009-06-18,0.0,17.2,27.0,69.0,1019.9,6.1,143.0,21.0
2009-06-19,1.1,17.7,27.3,72.0,1014.7,9.2,122.0,25.0
2009-06-20,20.1,15.0,22.5,70.0,1013.0,27.3,48.0,78.0
2009-06-21,0.0,16.1,23.4,56.0,1013.8,15.8,49.0,72.0
2009-06-22,0.3,14.5,22.8,61.0,1012.0,7.3,93.0,73.0
2009-06-23,1.1,16.4,20.8,66.0,1010.3,8.8,93.0,99.0
2009-06-24,2.5,15.7,23.3,79.0,1009.1,6.6,136.0,74.0
2009-06-25,0.6,18.2,23.6,78.0,1008.7,8.5,120.0,48.0
2009-06-26,3.1,17.3,24.7,80.0,1008.6,7.3,185.0,55.0
2009-06-27,1.6,18.1,23.8,84.0,1009.8,7.4,114.0,74.0
2009-06-28,0.1,17.7,25.6,81.0,1011.1,6.6,157.0,70.0
2009-06-29,2.6,18.6,25.2,83.0,1013.5,5.1,92.0,67.0
2009-06-30,0.0,18.5,27.4,79.0,1015.9,4.2,33.0,53.0
2009-07-01,0.0,19.2,28.9,74.0,1016.5,4.8,18.0,42.0
2009-07-02,0.0,19.6,28.6,73.0,1015.2,4.9,352.0,45.0
2009-07-03,0.0,21.9,28.1,74.0,1011.6,5.9,209.0,59.0
2009-07-04,0.0,20.9,28.0,81.0,1009.5,4.6,55.0,54.0
2009-07-05,1.0,19.9,27.5,75.0,1008.6,7.8,254.0,82.0
2009-07-06,0.6,22.3,26.8,77.0,1007.9,5.6,141.0,80.0
2009-07-07,18.2,20.0,22.2,87.0,1008.1,9.5,68.0,75.0
2009-07-08,22.0,17.8,23.3,78.0,1008.6,11.4,51.0,48.0
2009-07-09,0.4,18.7,24.5,67.0,1012.5,11.1,42.0,39.0
2009-07-10,0.9,18.4,22.7,69.0,1012.5,11.7,43.0,76.0
2009-07-11,0.0,17.0,24.1,61.0,1015.5,10.5,68.0,37.0
2009-07-12,0.0,16.4,24.6,69.0,1016.3,9.8,109.0,58.0
2009-07-13,0.0,17.6,26.0,75.0,1016.2,8.9,135.0,22.0
2009-07-14,0.0,19.7,27.2,81.0,1016.4,8.5,136.0,24.0
2009-07-15,0.0,21.0,28.3,82.0,1017.8,7.4,123.0,31.0
2009-07-16,0.0,21.1,30.2,79.0,1018.4,4.8,96.0,12.0
2009-07-17,3.6,23.7,30.2,74.0,1012.1,11.1,64.0,31.0
2009-07-18,12.1,19.2,23.7,71.0,1006.4,11.7,265.0,53.0
2009-07-19,0.3,17.7,24.1,67.0,1016.2,10.3,92.0,12.0
2009-07-20,0.2,18.6,25.0,73.0,1019.2,11.1,94.0,13.0
2009-07-21,0.0,19.2,27.0,75.0,1018.9,9.9,106.0,27.0
2009-07-22,0.0,19.7,28.7,81.0,1016.4,8.0,146.0,32.0
2009-07-23,0.0,21.5,28.7,80.0,1013.8,11.4,96.0,50.0
2009-07-24,0.0,21.0,29.8,73.0,1012.1,9.2,100.0,9.0
2009-07-25,0.2,22.5,26.9,63.0,1015.1,16.0,57.0,27.0
2009-07-26,0.0,21.1,26.1,57.0,1020.5,13.9,69.0,46.0
2009-07-27,0.0,18.4,27.3,67.0,1018.0,9.8,110.0,10.0
2009-07-28,0.0,20.2,28.2,71.0,1016.1,7.6,74.0,26.0
2009-07-29,0.0,22.8,29.1,63.0,1018.1,11.3,56.0,8.0
2009-07-30,0.0,19.7,30.2,72.0,1016.1,5.3,96.0,25.0
2009-07-31,0.0,22.3,29.2,66.0,1016.8,12.7,47.0,78.0
2009-08-01,0.0,23.8,29.7,64.0,1014.8,10.5,74.0,19.0
2009-08-02,0.2,21.9,30.3,78.0,1011.8,9.6,107.0,21.0
2009-08-03,20.2,19.4,26.5,85.0,1010.6,9.8,43.0,82.0
2009-08-04,6.9,18.3,26.2,76.0,1012.5,5.6,22.0,74.0
2009-08-05,0.0,19.1,27.4,71.0,1015.9,7.3,66.0,13.0
2009-08-06,0.0,20.0,27.7,74.0,1016.3,5.8,50.0,24.0
2009-08-07,0.0,22.1,28.2,68.0,1015.3,8.4,62.0,25.0
2009-08-08,0.0,22.6,28.8,67.0,1014.5,9.7,48.0,51.0
2009-08-09,0.0,21.3,28.4,70.0,1014.1,8.6,49.0,44.0
2009-08-10,3.5,21.4,27.2,77.0,1014.9,7.0,43.0,64.0
2009-08-11,0.2,19.6,27.2,79.0,1015.5,6.4,88.0,55.0
2009-08-12,1.0,20.1,27.8,79.0,1017.0,9.8,119.0,25.0
2009-08-13,3.0,22.1,28.1,76.0,1014.3,9.5,70.0,39.0
2009-08-14,6.2,20.3,26.1,78.0,1015.1,9.9,65.0,45.0
2009-08-15,0.0,20.6,27.7,76.0,1018.2,8.4,78.0,10.0
2009-08-16,0.0,21.0,28.9,79.0,1017.1,5.1,116.0,34.0
2009-08-17,0.0,22.2,30.5,73.0,1014.9,6.1,278.0,33.0
2009-08-18,0.0,21.1,30.6,78.0,1015.8,4.4,87.0,34.0
2009-08-19,0.0,22.8,30.9,74.0,1019.7,8.4,66.0,18.0
2009-08-20,0.0,23.0,31.0,76.0,1020.6,6.4,64.0,32.0
2009-08-21,0.1,22.2,30.9,80.0,1017.3,6.3,123.0,44.0
2009-08-22,5.0,23.4,29.7,73.0,1015.0,12.9,27.0,44.0
2009-08-23,0.2,22.5,27.9,56.0,1016.9,19.2,63.0,21.0
2009-08-24,0.0,20.8,26.3,57.0,1015.3,11.5,62.0,17.0
2009-08-25,0.0,20.0,27.2,63.0,1014.0,9.1,83.0,21.0
2009-08-26,0.1,19.1,27.7,75.0,1016.4,8.7,116.0,69.0
2009-08-27,1.5,20.5,28.4,83.0,1017.3,6.7,106.0,45.0
2009-08-28,0.0,22.1,29.4,81.0,1013.8,6.8,162.0,31.0
2009-08-29,20.6,19.1,26.0,82.0,1011.6,15.4,51.0,51.0
2009-08-30,3.7,18.9,24.4,56.0,1018.9,20.0,60.0,42.0
2009-08-31,0.0,18.1,25.7,57.0,1020.5,9.6,50.0,3.0
2009-09-01,0.0,17.9,26.5,69.0,1018.3,7.0,145.0,1.0
2009-09-02,0.0,19.3,26.7,82.0,1015.2,6.3,101.0,37.0
2009-09-03,0.5,20.9,26.4,83.0,1010.1,9.2,103.0,68.0
2009-09-04,0.5,21.5,28.3,79.0,1006.4,10.3,218.0,44.0
2009-09-05,0.1,19.0,23.5,56.0,1013.8,25.8,65.0,26.0
2009-09-06,0.0,17.6,22.9,48.0,1022.0,17.3,57.0,4.0
2009-09-07,0.0,16.5,23.1,55.0,1023.7,11.1,54.0,34.0
2009-09-08,0.0,16.9,24.2,55.0,1023.4,13.0,49.0,19.0
2009-09-09,0.0,18.7,24.4,53.0,1021.7,17.5,51.0,56.0
2009-09-10,0.0,18.4,26.5,56.0,1020.8,12.1,28.0,27.0
2009-09-11,0.0,17.0,27.3,61.0,1019.0,9.5,42.0,26.0
2009-09-12,0.0,19.2,26.5,56.0,1016.2,13.4,26.0,37.0
2009-09-13,1.6,18.3,24.6,66.0,1013.7,8.7,55.0,46.0
2009-09-14,67.5,14.8,18.4,92.0,1011.2,20.4,34.0,99.0
2009-09-15,14.8,15.5,20.9,81.0,1015.1,16.1,60.0,94.0
2009-09-16,42.1,16.8,18.7,91.0,1012.0,22.0,53.0,100.0
2009-09-17,1.6,17.4,23.1,81.0,1011.2,6.7,34.0,55.0
2009-09-18,0.0,16.3,23.4,84.0,1015.9,5.1,64.0,48.0
2009-09-19,1.6,16.0,23.2,84.0,1016.7,3.5,342.0,81.0
2009-09-20,0.0,15.7,24.9,77.0,1016.3,8.2,360.0,34.0
2009-09-21,0.0,19.0,25.0,71.0,1019.1,12.4,35.0,89.0
2009-09-22,0.0,18.0,25.1,70.0,1022.8,10.5,35.0,26.0
2009-09-23,0.0,15.6,24.8,78.0,1024.0,6.2,49.0,6.0
2009-09-24,0.0,14.9,25.1,79.0,1019.9,4.6,2.0,28.0
2009-09-25,0.0,15.5,24.7,74.0,1018.5,11.7,45.0,50.0
2009-09-26,0.0,18.9,23.5,62.0,1022.2,17.6,51.0,45.0
2009-09-27,0.0,17.0,23.8,63.0,1023.6,14.0,33.0,49.0
2009-09-28,0.0,15.9,24.1,69.0,1021.4,7.1,16.0,9.0
2009-09-29,0.0,16.9,23.5,80.0,1017.3,5.2,150.0,17.0
2009-09-30,0.2,17.6,22.9,87.0,1015.9,7.8,94.0,48.0
2009-10-01,0.4,17.5,23.5,84.0,1012.9,6.5,184.0,44.0
2009-10-02,10.5,16.8,22.0,77.0,1011.4,15.3,66.0,48.0
2009-10-03,0.0,16.2,20.0,66.0,1015.9,12.0,70.0,28.0
2009-10-04,0.0,13.0,21.3,74.0,1015.6,7.1,116.0,23.0
2009-10-05,0.0,15.8,21.5,82.0,1018.8,7.5,91.0,54.0
2009-10-06,0.0,16.8,22.8,83.0,1020.7,6.9,218.0,60.0
2009-10-07,0.0,16.5,22.5,86.0,1020.5,6.1,205.0,35.0
2009-10-08,0.0,17.2,22.8,89.0,1017.6,7.0,169.0,63.0
2009-10-09,8.8,16.8,21.7,93.0,1017.0,5.8,68.0,91.0
2009-10-10,16.7,16.1,20.0,91.0,1013.6,5.9,38.0,96.0
2009-10-11,0.2,14.0,20.8,87.0,1012.7,6.6,30.0,43.0
2009-10-12,1.9,11.8,19.7,75.0,1005.6,9.8,79.0,51.0
2009-10-13,0.0,11.5,18.3,42.0,1013.4,15.1,309.0,18.0
2009-10-14,0.0,9.7,13.9,39.0,1017.6,15.1,56.0,28.0
2009-10-15,0.0,7.9,12.9,52.0,1018.7,9.4,68.0,30.0
2009-10-16,0.1,8.4,12.8,50.0,1018.0,11.3,40.0,22.0
2009-10-17,0.5,6.5,13.6,67.0,1014.4,7.4,35.0,60.0
2009-10-18,0.1,8.0,13.4,62.0,1015.7,16.2,51.0,49.0
2009-10-19,0.0,7.2,13.3,60.0,1017.3,12.6,55.0,27.0
2009-10-20,0.0,7.9,12.8,65.0,1016.1,6.6,58.0,62.0
2009-10-21,3.7,8.5,13.0,78.0,1016.3,9.4,47.0,88.0
2009-10-22,14.9,11.1,15.3,90.0,1007.0,13.6,226.0,79.0
2009-10-23,10.8,10.4,16.4,87.0,1006.5,11.6,15.0,100.0
2009-10-24,7.2,11.6,18.2,80.0,1011.8,10.9,26.0,82.0
2009-10-25,0.0,10.0,19.6,78.0,1016.3,9.5,18.0,24.0
2009-10-26,0.0,10.6,18.5,79.0,1016.6,9.4,35.0,3.0
2009-10-27,0.0,11.9,18.4,80.0,1019.9,8.9,23.0,28.0
2009-10-28,0.0,9.6,17.2,80.0,1020.7,6.0,50.0,72.0
2009-10-29,0.0,10.0,17.1,84.0,1017.8,3.3,358.0,48.0
2009-10-30,0.0,11.2,15.3,72.0,1023.8,16.2,66.0,33.0
2009-10-31,0.0,7.3,12.4,61.0,1026.6,13.0,63.0,70.0
2009-11-01,0.0,5.5,13.2,72.0,1022.7,5.6,35.0,33.0
2009-11-02,25.4,6.2,11.3,89.0,1009.9,10.3,77.0,89.0
2009-11-03,21.7,8.7,12.9,77.0,997.7,13.7,21.0,70.0
2009-11-04,6.9,7.9,10.8,85.0,999.2,10.8,63.0,90.0
2009-11-05,0.0,6.6,12.7,75.0,1003.6,11.0,35.0,54.0
2009-11-06,12.8,8.5,11.1,82.0,1006.5,21.9,43.0,97.0
2009-11-07,1.8,7.0,12.8,80.0,1007.4,7.6,120.0,67.0
2009-11-08,22.1,9.2,11.8,87.0,999.7,27.8,52.0,100.0
2009-11-09,16.1,8.9,13.0,82.0,1003.6,21.4,50.0,94.0
2009-11-10,0.0,8.9,15.1,71.0,1004.7,10.2,2.0,57.0
2009-11-11,0.0,6.9,13.0,75.0,1006.1,4.1,283.0,22.0
2009-11-12,0.0,5.9,11.8,81.0,1013.2,3.0,328.0,49.0
2009-11-13,0.5,6.4,13.3,85.0,1021.3,7.1,46.0,66.0
2009-11-14,0.1,10.4,14.0,87.0,1022.5,9.0,221.0,99.0
2009-11-15,0.0,9.9,13.2,90.0,1020.3,4.5,256.0,87.0
2009-11-16,1.8,10.4,14.3,90.0,1018.2,5.0,217.0,89.0
2009-11-17,0.2,10.3,13.9,92.0,1021.3,4.6,235.0,93.0
2009-11-18,0.0,10.3,12.9,91.0,1025.2,3.9,242.0,97.0
2009-11-19,0.0,9.4,14.0,91.0,1029.1,4.2,307.0,79.0
2009-11-20,0.0,9.0,13.1,89.0,1031.8,3.7,229.0,81.0
2009-11-21,0.0,7.6,11.3,90.0,1031.7,3.4,216.0,99.0
2009-11-22,1.6,7.6,11.0,89.0,1025.7,5.2,223.0,100.0
2009-11-23,3.1,9.0,12.6,87.0,1019.9,5.4,279.0,90.0
2009-11-24,0.0,8.1,11.7,86.0,1019.9,3.9,254.0,89.0
2009-11-25,0.0,5.1,10.4,91.0,1022.1,4.3,221.0,81.0
2009-11-26,4.2,8.1,10.8,92.0,1019.8,5.0,222.0,97.0
2009-11-27,2.2,9.2,12.6,92.0,1015.3,5.4,256.0,94.0
2009-11-28,2.8,8.2,12.1,88.0,1015.0,3.6,286.0,71.0
2009-11-29,5.9,7.4,12.7,88.0,1015.2,9.6,105.0,88.0
2009-11-30,18.9,11.3,15.4,85.0,1000.8,26.0,160.0,100.0
2009-12-01,1.6,7.2,12.0,85.0,1002.6,6.6,227.0,71.0
2009-12-02,0.0,3.6,12.0,84.0,1014.2,8.5,22.0,36.0
2009-12-03,0.0,5.3,10.1,85.0,1013.4,5.0,23.0,75.0
2009-12-04,23.3,5.7,7.6,88.0,1006.1,25.2,34.0,100.0
2009-12-05,5.4,5.9,10.3,77.0,1014.0,13.1,42.0,83.0
2009-12-06,0.0,3.3,10.0,86.0,1018.6,5.8,35.0,88.0
2009-12-07,3.4,5.9,9.8,88.0,1018.8,5.9,47.0,98.0
2009-12-08,11.6,7.7,10.1,93.0,1012.3,8.7,334.0,98.0
2009-12-09,0.0,1.6,11.2,85.0,1018.8,5.3,264.0,22.0
2009-12-10,0.0,3.1,10.3,85.0,1023.5,5.4,46.0,29.0
2009-12-11,0.0,1.9,7.6,91.0,1016.4,5.4,324.0,50.0
2009-12-12,0.0,1.3,8.9,72.0,1014.7,17.0,66.0,44.0
2009-12-13,0.0,3.5,6.0,56.0,1016.4,22.4,63.0,67.0
2009-12-14,0.9,2.3,4.4,60.0,1014.5,26.0,52.0,82.0
2009-12-15,0.0,2.2,5.3,54.0,1008.5,28.5,55.0,79.0
2009-12-16,0.0,-0.1,4.0,63.0,1006.4,12.8,51.0,37.0
2009-12-17,0.0,0.9,3.7,63.0,1004.1,17.7,56.0,58.0
2009-12-18,0.0,-0.8,1.9,55.0,1005.0,16.7,61.0,46.0
2009-12-19,7.5,-5.3,-0.1,73.0,998.8,22.0,42.0,77.0
2009-12-20,0.0,-9.5,-3.8,90.0,1008.5,6.7,299.0,68.0
2009-12-21,2.8,-8.1,0.9,91.0,1015.2,6.8,23.0,96.0
2009-12-22,21.5,0.4,5.3,93.0,1006.4,10.4,26.0,100.0
2009-12-23,16.3,5.8,8.6,91.0,999.1,11.5,215.0,88.0
2009-12-24,25.9,6.8,11.6,95.0,1001.3,9.3,71.0,100.0
2009-12-25,15.3,7.1,14.0,93.0,996.3,15.5,211.0,67.0
2009-12-26,0.0,2.4,9.8,78.0,1010.2,11.9,34.0,71.0
2009-12-27,0.0,3.2,9.4,66.0,1006.4,9.1,348.0,65.0
2009-12-28,0.0,0.7,7.6,85.0,1009.0,6.2,44.0,63.0
2009-12-29,0.0,2.3,7.4,79.0,1009.5,7.0,13.0,74.0
2009-12-30,5.0,3.7,6.6,91.0,1005.1,3.5,312.0,94.0
2009-12-31,3.8,2.9,7.6,95.0,999.4,6.1,27.0,92.0
2010-01-01,1.3,2.4,8.8,95.0,991.8,6.5,292.0,96.0
2010-01-02,16.2,3.5,6.8,83.0,1002.8,15.6,41.0,90.0
2010-01-03,0.0,-2.1,6.2,62.0,1019.1,8.6,255.0,24.0
2010-01-04,1.6,-2.2,2.8,78.0,1017.8,12.5,32.0,79.0
2010-01-05,3.2,1.0,4.9,73.0,1007.0,14.4,31.0,97.0
2010-01-06,3.4,2.0,5.6,87.0,999.7,8.8,4.0,80.0
2010-01-07,1.0,1.4,7.7,84.0,1007.7,10.1,35.0,76.0
2010-01-08,17.1,4.7,5.9,87.0,1003.7,26.4,45.0,100.0
2010-01-09,19.0,5.3,8.7,88.0,997.9,22.0,63.0,95.0
2010-01-10,2.7,3.7,8.8,85.0,1006.1,8.1,257.0,51.0
2010-01-11,0.0,0.0,6.6,88.0,1013.0,4.1,253.0,47.0
2010-01-12,0.0,2.1,7.5,86.0,1015.2,6.2,18.0,58.0
2010-01-13,0.5,2.3,6.4,82.0,1011.1,10.2,35.0,93.0
2010-01-14,0.0,3.9,6.5,76.0,1012.0,10.6,43.0,90.0
2010-01-15,0.0,3.7,8.0,72.0,1018.7,14.6,46.0,33.0
2010-01-16,0.0,1.5,6.4,69.0,1025.7,15.8,51.0,29.0
2010-01-17,0.0,2.3,5.5,74.0,1022.8,8.0,48.0,85.0
2010-01-18,0.0,0.4,7.2,84.0,1024.3,5.5,279.0,34.0
2010-01-19,0.0,0.8,6.6,86.0,1023.1,3.1,336.0,58.0
2010-01-20,0.0,-0.6,5.7,84.0,1018.4,4.7,345.0,69.0
2010-01-21,0.0,-1.0,5.7,82.0,1018.8,4.5,327.0,58.0
2010-01-22,0.0,-0.4,4.8,76.0,1023.7,11.4,63.0,61.0
2010-01-23,0.0,1.2,4.5,74.0,1025.6,8.2,61.0,51.0
2010-01-24,0.0,0.9,3.8,75.0,1026.3,10.2,54.0,86.0
2010-01-25,0.0,0.6,3.5,64.0,1029.0,16.4,54.0,98.0
2010-01-26,1.4,0.1,2.6,69.0,1027.8,18.2,53.0,92.0
2010-01-27,0.0,-0.2,3.9,59.0,1023.3,21.0,58.0,38.0
2010-01-28,0.0,-2.3,3.5,70.0,1007.4,7.2,69.0,62.0
2010-01-29,0.7,-1.6,4.2,81.0,999.8,6.3,48.0,77.0
2010-01-30,3.5,-0.2,4.9,87.0,991.8,5.5,357.0,93.0
2010-01-31,3.8,0.1,5.9,69.0,1000.0,15.0,48.0,96.0
2010-02-01,0.0,-2.6,5.2,78.0,1011.8,5.0,259.0,46.0
2010-02-02,0.0,-2.3,5.7,74.0,1018.4,6.5,202.0,46.0
2010-02-03,0.0,-2.9,6.5,76.0,1018.2,7.5,211.0,13.0
2010-02-04,0.0,-0.7,7.4,83.0,1022.8,5.9,37.0,75.0
2010-02-05,16.1,3.8,7.7,90.0,1016.5,10.6,68.0,100.0
2010-02-06,23.2,5.0,9.3,88.0,1006.0,15.6,46.0,100.0
2010-02-07,1.5,2.7,9.1,83.0,1010.2,8.5,93.0,65.0
2010-02-08,0.2,0.8,5.7,72.0,1009.9,12.2,61.0,33.0
2010-02-09,0.0,0.5,4.8,71.0,1006.2,13.0,54.0,91.0
2010-02-10,10.5,2.4,4.9,78.0,997.3,22.5,41.0,100.0
2010-02-11,5.5,1.5,4.3,83.0,995.8,17.6,46.0,100.0
2010-02-12,1.1,2.1,8.1,66.0,1002.6,18.3,54.0,37.0
2010-02-13,0.0,-0.3,8.5,74.0,1008.6,6.4,193.0,53.0
2010-02-14,2.5,0.5,8.0,81.0,1009.2,9.0,57.0,47.0
2010-02-15,0.0,1.4,6.6,69.0,1008.0,10.9,58.0,28.0
2010-02-16,0.0,0.3,7.5,77.0,1007.5,11.8,49.0,87.0
2010-02-17,0.0,4.2,10.0,74.0,1002.1,7.3,30.0,93.0
2010-02-18,6.0,6.0,10.9,88.0,1002.0,10.5,282.0,69.0
2010-02-19,38.4,6.0,9.6,95.0,996.8,13.4,84.0,98.0
2010-02-20,13.9,4.4,8.1,86.0,993.4,16.3,44.0,99.0
2010-02-21,0.4,2.5,8.5,78.0,1007.6,9.6,161.0,70.0
2010-02-22,2.6,3.9,8.3,86.0,1007.6,9.5,52.0,92.0
2010-02-23,3.5,5.3,9.8,90.0,1003.6,8.8,9.0,79.0
2010-02-24,0.0,2.9,11.0,90.0,1004.6,4.8,206.0,81.0
2010-02-25,0.0,3.7,11.0,92.0,1007.5,7.0,140.0,68.0
2010-02-26,10.0,7.2,11.0,92.0,1000.9,10.2,188.0,81.0
2010-02-27,0.0,2.0,10.7,90.0,1010.0,5.8,117.0,70.0
2010-02-28,0.9,6.3,10.5,90.0,1007.3,7.0,80.0,99.0
2010-03-01,0.1,3.7,10.4,88.0,1010.0,7.4,215.0,85.0
2010-03-02,0.4,4.5,12.5,87.0,1017.3,5.9,143.0,58.0
2010-03-03,4.6,5.5,10.4,86.0,1018.9,12.4,71.0,97.0
2010-03-04,6.2,5.3,11.1,69.0,1007.4,23.7,49.0,96.0
2010-03-05,3.1,2.8,7.4,66.0,1014.4,11.5,59.0,96.0
2010-03-06,0.0,-2.3,7.3,61.0,1017.5,12.5,164.0,38.0
2010-03-07,0.0,2.0,6.9,56.0,1021.6,25.4,68.0,63.0
2010-03-08,0.0,0.2,5.6,41.0,1018.5,29.8,64.0,4.0
2010-03-09,1.4,1.0,5.2,44.0,1013.9,38.1,59.0,85.0
2010-03-10,23.7,1.4,3.0,71.0,1011.9,40.4,52.0,100.0
2010-03-11,0.2,1.0,6.7,72.0,1011.1,13.1,61.0,75.0
2010-03-12,0.0,0.3,7.2,79.0,1015.1,6.0,168.0,43.0
2010-03-13,0.0,2.3,9.1,84.0,1019.7,4.8,141.0,41.0
2010-03-14,0.0,2.7,10.0,89.0,1019.5,6.5,168.0,51.0
2010-03-15,0.1,1.3,12.3,85.0,1019.0,8.4,177.0,36.0
2010-03-16,0.0,3.1,11.4,83.0,1021.7,6.3,156.0,38.0
2010-03-17,0.0,2.4,11.5,88.0,1028.8,9.1,100.0,37.0
2010-03-18,0.0,5.7,12.2,87.0,1030.3,6.2,132.0,79.0
2010-03-19,0.0,5.7,12.2,86.0,1029.4,7.4,146.0,85.0
2010-03-20,0.0,5.9,12.7,85.0,1026.2,8.5,168.0,92.0
2010-03-21,1.6,8.2,12.4,89.0,1023.7,6.3,171.0,100.0
2010-03-22,10.9,9.2,12.0,96.0,1022.7,6.9,66.0,100.0
2010-03-23,1.9,9.8,14.6,90.0,1020.3,6.3,132.0,75.0
2010-03-24,0.0,6.8,16.9,82.0,1017.9,6.8,73.0,24.0
2010-03-25,0.1,8.3,15.2,87.0,1018.2,8.6,121.0,41.0
2010-03-26,2.1,10.7,13.5,92.0,1016.4,14.2,132.0,81.0
2010-03-27,1.3,7.1,13.5,89.0,1010.4,6.8,66.0,43.0
2010-03-28,0.0,5.3,15.0,88.0,1012.4,7.5,109.0,30.0
2010-03-29,0.0,8.5,15.0,84.0,1013.8,8.8,107.0,76.0
2010-03-30,9.2,8.8,14.3,87.0,1006.7,13.2,133.0,76.0
2010-03-31,4.3,7.8,14.0,88.0,1004.3,7.7,222.0,59.0
2010-04-01,7.6,5.6,12.8,89.0,1011.7,14.2,98.0,68.0
2010-04-02,0.0,3.8,12.6,73.0,1016.6,9.5,52.0,38.0
2010-04-03,0.0,4.9,13.3,85.0,1019.8,9.3,127.0,77.0
2010-04-04,1.9,8.5,13.9,85.0,1017.4,11.4,104.0,97.0
2010-04-05,15.6,8.5,15.1,78.0,1017.3,13.1,179.0,81.0
2010-04-06,0.0,5.1,14.7,81.0,1024.0,7.9,108.0,19.0
2010-04-07,0.0,5.7,15.1,78.0,1022.2,8.4,94.0,6.0
2010-04-08,0.0,5.6,16.4,76.0,1021.7,8.6,66.0,0.0
2010-04-09,0.0,6.0,18.9,73.0,1023.4,6.0,11.0,1.0
2010-04-10,6.1,8.9,17.4,80.0,1019.4,9.7,104.0,35.0
2010-04-11,1.0,9.6,13.4,59.0,1015.4,16.9,78.0,51.0
2010-04-12,0.4,6.7,13.5,61.0,1012.4,15.8,52.0,34.0
2010-04-13,0.6,6.6,12.7,71.0,1012.3,10.6,68.0,71.0
2010-04-14,0.4,7.0,14.9,80.0,1010.7,9.8,168.0,39.0
2010-04-15,1.1,8.7,14.9,81.0,1012.6,9.6,113.0,24.0
2010-04-16,0.9,6.6,16.9,80.0,1014.2,5.6,108.0,65.0
2010-04-17,0.8,9.5,17.2,71.0,1016.9,11.9,48.0,80.0
2010-04-18,8.9,9.0,14.7,79.0,1016.3,15.1,55.0,68.0
2010-04-19,0.0,6.5,18.2,79.0,1012.5,6.0,265.0,16.0
2010-04-20,0.0,9.9,19.9,74.0,1013.6,6.6,199.0,24.0
2010-04-21,0.0,8.7,20.2,74.0,1011.9,7.9,221.0,20.0
2010-04-22,0.0,10.6,16.7,82.0,1012.4,10.4,62.0,82.0
2010-04-23,4.7,12.3,16.2,81.0,1014.0,15.1,72.0,100.0
2010-04-24,1.7,12.2,16.8,83.0,1018.6,8.2,125.0,85.0
2010-04-25,0.0,10.5,22.1,72.0,1021.4,7.5,360.0,17.0
2010-04-26,0.0,13.3,22.7,67.0,1020.7,8.1,8.0,30.0
2010-04-27,0.0,15.0,21.1,63.0,1021.9,15.9,40.0,50.0
2010-04-28,0.0,13.3,20.9,66.0,1023.9,9.5,46.0,23.0
2010-04-29,0.0,13.4,20.4,73.0,1020.8,9.1,143.0,16.0
2010-04-30,0.0,13.2,20.4,80.0,1015.7,9.3,111.0,37.0
2010-05-01,0.0,12.6,20.8,80.0,1012.6,9.8,157.0,59.0
2010-05-02,11.2,14.6,19.0,84.0,1010.7,12.0,146.0,95.0
2010-05-03,15.9,14.6,19.8,87.0,1007.7,12.9,157.0,80.0
2010-05-04,31.0,14.3,16.2,93.0,1009.5,19.8,75.0,95.0
2010-05-05,17.4,14.9,19.9,84.0,1004.9,23.7,63.0,84.0
2010-05-06,13.3,11.7,16.2,85.0,1002.9,12.6,226.0,73.0
2010-05-07,1.7,9.7,16.6,77.0,1007.7,7.6,197.0,57.0
2010-05-08,6.7,11.5,16.9,84.0,1009.5,6.4,45.0,76.0
2010-05-09,0.2,10.7,19.0,79.0,1010.7,10.2,214.0,72.0
2010-05-10,1.6,12.9,17.9,86.0,1009.0,11.8,179.0,81.0
2010-05-11,22.2,13.7,17.6,90.0,1008.3,9.6,137.0,98.0
2010-05-12,8.2,13.0,19.1,88.0,1007.0,6.8,125.0,89.0
2010-05-13,7.4,13.1,19.6,81.0,1005.8,9.7,197.0,75.0
2010-05-14,2.8,12.4,19.3,79.0,1006.1,11.4,215.0,60.0
2010-05-15,22.5,12.3,16.3,87.0,1000.2,12.7,7.0,100.0
2010-05-16,0.5,12.7,19.9,73.0,1005.6,11.5,230.0,100.0
2010-05-17,0.0,12.6,19.8,74.0,1013.3,9.1,123.0,76.0
2010-05-18,0.2,11.7,20.8,78.0,1016.3,8.0,113.0,46.0
2010-05-19,0.0,13.1,18.9,50.0,1017.9,11.6,86.0,33.0
2010-05-20,0.2,12.9,18.6,65.0,1019.8,8.1,84.0,38.0
2010-05-21,0.0,11.5,21.4,75.0,1019.8,8.7,192.0,55.0
2010-05-22,0.0,13.4,23.1,73.0,1018.5,7.1,219.0,19.0
2010-05-23,0.5,13.1,22.9,77.0,1017.1,4.5,139.0,19.0
2010-05-24,0.0,14.0,23.7,78.0,1015.2,10.4,159.0,15.0
2010-05-25,0.0,14.2,24.0,77.0,1012.9,8.4,194.0,9.0
2010-05-26,0.0,13.3,23.7,71.0,1011.1,11.6,205.0,45.0
2010-05-27,0.6,15.0,22.8,74.0,1009.4,6.5,199.0,39.0
2010-05-28,1.3,14.1,22.0,83.0,1013.1,8.2,99.0,66.0
2010-05-29,0.8,14.2,22.2,84.0,1016.0,5.3,84.0,51.0
2010-05-30,5.2,16.1,21.0,85.0,1011.7,7.8,172.0,74.0
2010-05-31,10.0,15.4,19.7,74.0,1005.0,13.2,90.0,58.0
2010-06-01,0.0,11.8,23.5,68.0,1007.3,12.0,198.0,29.0
2010-06-02,1.9,15.3,21.8,76.0,1005.7,8.4,122.0,82.0
2010-06-03,5.9,15.5,20.6,78.0,1010.0,9.7,87.0,81.0
2010-06-04,0.0,16.2,22.9,75.0,1014.6,9.8,166.0,42.0
2010-06-05,0.0,17.0,23.9,79.0,1019.4,7.5,121.0,24.0
2010-06-06,0.0,15.8,25.3,78.0,1016.6,7.8,164.0,2.0
2010-06-07,0.1,17.8,24.4,78.0,1012.6,8.2,129.0,62.0
2010-06-08,1.1,17.8,24.8,82.0,1011.4,7.6,139.0,47.0
2010-06-09,0.0,19.8,25.5,83.0,1011.6,9.8,116.0,45.0
2010-06-10,0.0,19.4,25.6,81.0,1013.2,11.3,99.0,74.0
2010-06-11,0.0,19.3,26.7,78.0,1012.2,8.7,108.0,23.0
2010-06-12,0.0,20.1,26.9,77.0,1010.4,9.0,126.0,13.0
2010-06-13,2.1,19.7,26.7,78.0,1009.7,7.4,28.0,48.0
2010-06-14,0.2,18.9,25.6,70.0,1011.1,13.2,228.0,24.0
2010-06-15,9.3,20.1,23.2,82.0,1014.6,12.6,41.0,99.0
2010-06-16,27.5,19.1,24.1,85.0,1011.4,9.0,72.0,79.0
2010-06-17,14.2,18.0,23.8,84.0,1013.5,7.5,44.0,66.0
2010-06-18,6.8,15.2,23.9,75.0,1009.2,10.8,252.0,49.0
2010-06-19,20.9,16.2,20.9,88.0,1002.5,8.6,55.0,87.0
2010-06-20,51.6,13.9,16.7,87.0,1001.0,21.4,47.0,100.0
2010-06-21,0.5,15.6,20.8,65.0,1007.0,11.2,25.0,99.0
2010-06-22,0.0,14.5,23.3,69.0,1013.3,7.4,292.0,90.0
2010-06-23,0.0,17.0,23.5,62.0,1016.2,9.1,95.0,51.0
2010-06-24,0.1,16.8,23.2,73.0,1015.6,8.5,152.0,35.0
2010-06-25,0.0,17.4,24.4,75.0,1014.1,7.3,146.0,40.0
2010-06-26,0.0,17.4,25.1,79.0,1012.9,7.6,128.0,52.0
2010-06-27,0.0,18.6,26.0,78.0,1015.7,8.0,123.0,50.0
2010-06-28,0.0,19.3,26.6,79.0,1016.3,7.2,132.0,29.0
2010-06-29,0.7,19.5,27.1,77.0,1016.2,5.3,11.0,48.0
2010-06-30,0.0,19.3,28.5,78.0,1015.6,5.9,295.0,57.0
2010-07-01,0.1,20.1,29.1,70.0,1015.5,6.0,62.0,35.0
2010-07-02,0.2,20.1,28.5,79.0,1015.8,6.3,243.0,49.0
2010-07-03,0.0,20.9,29.6,79.0,1015.4,5.4,240.0,22.0
2010-07-04,1.2,22.2,29.9,82.0,1014.7,5.9,147.0,32.0
2010-07-05,0.3,22.2,28.9,79.0,1014.5,6.1,12.0,53.0
2010-07-06,2.0,22.8,26.7,74.0,1015.1,10.6,49.0,72.0
2010-07-07,0.0,21.9,26.1,65.0,1018.5,12.9,74.0,43.0
2010-07-08,0.0,21.5,25.8,62.0,1021.5,10.6,135.0,41.0
2010-07-09,0.0,18.9,27.8,73.0,1020.5,6.2,172.0,9.0
2010-07-10,0.0,21.3,28.7,79.0,1019.2,5.3,184.0,41.0
2010-07-11,0.0,20.9,29.4,79.0,1017.4,5.4,159.0,45.0
2010-07-12,0.0,23.5,29.6,74.0,1014.8,6.9,175.0,27.0
2010-07-13,0.0,22.6,29.3,80.0,1011.9,7.9,158.0,69.0
2010-07-14,1.7,23.1,29.9,81.0,1012.3,8.1,149.0,57.0
2010-07-15,0.0,24.2,30.8,81.0,1011.5,7.2,148.0,24.0
2010-07-16,0.0,22.8,32.5,77.0,1013.9,4.9,341.0,11.0
2010-07-17,0.0,22.7,31.7,72.0,1013.0,8.7,238.0,26.0
2010-07-18,1.0,22.3,29.1,60.0,1015.8,17.8,47.0,46.0
2010-07-19,0.0,22.9,28.0,56.0,1017.6,12.8,61.0,20.0
2010-07-20,0.0,22.5,27.5,65.0,1014.6,10.9,62.0,24.0
2010-07-21,0.0,21.3,28.7,74.0,1012.3,7.5,177.0,20.0
2010-07-22,0.0,22.1,29.4,82.0,1012.7,8.7,154.0,32.0
2010-07-23,2.6,23.5,29.7,84.0,1011.2,8.0,147.0,22.0
2010-07-24,2.5,20.4,27.6,63.0,1009.0,12.5,21.0,32.0
2010-07-25,0.2,18.4,25.3,58.0,1009.7,8.0,103.0,27.0
2010-07-26,3.0,16.7,24.8,61.0,1011.2,6.5,64.0,31.0
2010-07-27,6.1,17.5,23.3,68.0,1013.2,5.7,18.0,56.0
2010-07-28,0.2,18.0,26.0,74.0,1015.4,7.6,158.0,36.0
2010-07-29,32.9,18.6,22.4,87.0,1010.0,11.3,68.0,96.0
2010-07-30,0.0,17.0,23.4,67.0,1010.7,13.7,43.0,45.0
2010-07-31,0.0,17.3,25.2,64.0,1015.2,9.7,29.0,9.0
2010-08-01,0.0,18.5,26.6,72.0,1017.1,7.0,155.0,3.0
2010-08-02,0.0,20.2,27.3,77.0,1014.5,7.3,158.0,3.0
2010-08-03,7.8,20.6,26.2,81.0,1009.4,6.3,56.0,43.0
2010-08-04,1.2,20.2,26.1,67.0,1009.3,13.3,56.0,32.0
2010-08-05,20.9,18.1,21.7,79.0,1005.4,10.2,44.0,89.0
2010-08-06,4.7,16.8,25.2,75.0,1008.2,7.5,31.0,77.0
2010-08-07,0.7,17.0,25.0,76.0,1014.7,7.1,167.0,30.0
2010-08-08,0.1,18.7,24.9,81.0,1016.6,8.5,100.0,34.0
2010-08-09,0.0,18.6,26.2,78.0,1015.5,7.4,60.0,19.0
2010-08-10,0.0,19.4,27.5,75.0,1015.0,6.3,10.0,27.0
2010-08-11,0.0,20.0,27.9,73.0,1014.3,6.3,24.0,54.0
2010-08-12,0.0,19.5,26.8,79.0,1012.4,7.0,73.0,66.0
2010-08-13,13.7,18.9,22.7,86.0,1013.7,8.3,39.0,95.0
2010-08-14,19.8,17.0,23.3,88.0,1014.2,13.1,69.0,89.0
2010-08-15,11.8,19.0,25.1,83.0,1012.7,10.5,202.0,37.0
2010-08-16,2.8,16.1,22.9,78.0,1013.6,7.9,248.0,52.0
2010-08-17,0.0,17.1,23.9,74.0,1013.7,7.2,173.0,28.0
2010-08-18,2.0,19.9,24.6,79.0,1011.7,8.8,115.0,38.0
2010-08-19,0.0,19.4,25.7,82.0,1014.7,4.7,175.0,49.0
2010-08-20,0.0,19.7,26.8,84.0,1020.1,5.9,325.0,61.0
2010-08-21,0.0,19.6,29.2,78.0,1021.3,7.2,354.0,15.0
2010-08-22,0.0,21.5,28.8,76.0,1018.3,6.9,54.0,6.0
2010-08-23,0.0,22.6,28.4,81.0,1012.1,7.5,174.0,31.0
2010-08-24,0.0,21.4,27.8,82.0,1009.9,8.6,189.0,31.0
2010-08-25,0.1,21.9,27.0,76.0,1013.8,11.0,43.0,34.0
2010-08-26,0.0,21.9,27.4,77.0,1015.4,9.7,85.0,30.0
2010-08-27,0.0,22.3,28.5,80.0,1008.4,14.6,206.0,53.0
2010-08-28,8.6,21.1,25.8,76.0,1006.1,14.8,63.0,52.0
2010-08-29,0.0,18.5,22.1,55.0,1014.1,14.0,70.0,44.0
2010-08-30,0.8,15.6,19.4,65.0,1008.6,15.2,53.0,47.0
2010-08-31,0.0,13.3,22.2,68.0,1011.0,8.0,50.0,43.0
2010-09-01,0.0,13.8,22.2,54.0,1013.8,11.6,69.0,2.0
2010-09-02,0.0,14.5,22.8,67.0,1016.2,11.3,78.0,50.0
2010-09-03,0.9,17.2,22.3,74.0,1016.8,10.5,76.0,55.0
2010-09-04,0.0,16.9,23.4,74.0,1015.5,9.1,65.0,23.0
2010-09-05,0.5,18.9,21.2,67.0,1016.6,15.6,56.0,77.0
2010-09-06,2.3,16.2,19.5,66.0,1016.0,19.3,65.0,88.0
2010-09-07,8.0,14.9,18.9,76.0,1012.7,18.2,47.0,99.0
2010-09-08,19.6,16.8,21.9,89.0,1007.7,12.0,53.0,90.0
2010-09-09,4.9,15.3,22.1,86.0,1012.3,5.9,40.0,46.0
2010-09-10,0.0,16.7,23.8,69.0,1017.0,9.4,10.0,52.0
2010-09-11,0.0,13.8,24.5,70.0,1017.5,7.3,32.0,3.0
2010-09-12,0.0,15.2,23.3,74.0,1018.2,7.0,55.0,26.0
2010-09-13,0.5,15.6,23.2,76.0,1018.0,9.2,28.0,60.0
2010-09-14,0.0,16.3,24.1,65.0,1020.9,7.6,41.0,39.0
2010-09-15,0.0,17.2,23.6,77.0,1016.5,8.2,152.0,35.0
2010-09-16,0.9,17.6,23.1,83.0,1011.6,9.3,166.0,73.0
2010-09-17,11.1,18.6,23.0,87.0,1010.0,15.1,187.0,99.0
2010-09-18,30.6,15.2,20.1,84.0,1012.2,22.9,52.0,96.0
2010-09-19,2.0,15.5,20.3,64.0,1013.3,20.4,62.0,58.0
2010-09-20,0.0,14.7,20.1,70.0,1019.6,10.2,65.0,30.0
2010-09-21,0.0,12.5,22.4,76.0,1019.3,5.2,23.0,1.0
2010-09-22,0.0,14.3,22.9,74.0,1019.8,11.4,45.0,2.0
2010-09-23,0.0,14.7,22.0,72.0,1018.1,9.6,61.0,38.0
2010-09-24,12.6,12.6,21.8,85.0,1009.1,11.2,65.0,64.0
2010-09-25,24.6,16.0,19.7,87.0,997.9,7.7,4.0,73.0
2010-09-26,0.0,13.4,20.0,74.0,1000.9,7.2,110.0,37.0
2010-09-27,22.7,13.4,17.1,89.0,1007.6,11.1,59.0,89.0
2010-09-28,1.6,11.1,18.1,87.0,1012.5,4.3,25.0,45.0
2010-09-29,0.0,11.2,19.6,80.0,1015.0,4.9,300.0,22.0
2010-09-30,0.7,12.6,18.6,81.0,1015.9,8.6,77.0,65.0
2010-10-01,6.7,13.7,17.5,86.0,1015.4,10.6,81.0,91.0
2010-10-02,2.0,13.7,18.6,86.0,1018.6,8.0,77.0,68.0
2010-10-03,0.0,14.1,19.5,84.0,1018.5,7.3,137.0,67.0
2010-10-04,2.9,15.5,20.8,88.0,1013.4,10.5,122.0,76.0
2010-10-05,13.3,17.7,22.0,87.0,1008.8,14.3,172.0,75.0
2010-10-06,0.0,13.9,21.3,85.0,1014.1,6.0,50.0,41.0
2010-10-07,0.0,15.7,20.2,70.0,1020.4,15.6,63.0,41.0
2010-10-08,0.0,14.3,18.4,62.0,1023.1,19.5,63.0,13.0
2010-10-09,0.0,11.6,17.1,63.0,1021.6,14.9,57.0,14.0
2010-10-10,0.0,10.8,15.9,66.0,1013.9,13.2,53.0,59.0
2010-10-11,0.0,11.8,17.0,62.0,1012.7,18.2,54.0,55.0
2010-10-12,0.0,11.2,17.5,65.0,1013.1,14.8,48.0,37.0
2010-10-13,0.4,11.6,17.2,66.0,1011.3,18.5,47.0,89.0
2010-10-14,0.0,12.5,17.9,63.0,1009.3,14.3,38.0,48.0
2010-10-15,0.0,10.5,16.8,69.0,1008.7,13.8,54.0,19.0
2010-10-16,1.6,11.2,14.9,65.0,1007.8,15.6,51.0,64.0
2010-10-17,29.1,9.5,11.3,81.0,1009.3,29.0,38.0,100.0
2010-10-18,0.0,11.2,16.2,62.0,1012.1,19.3,45.0,72.0
2010-10-19,0.0,10.4,16.8,66.0,1007.4,9.5,46.0,59.0
2010-10-20,2.0,9.5,14.2,80.0,1007.1,8.3,59.0,39.0
2010-10-21,0.0,7.3,15.3,70.0,1020.7,10.0,60.0,12.0
2010-10-22,0.0,9.0,15.1,69.0,1024.9,10.8,55.0,34.0
2010-10-23,0.0,8.6,14.6,82.0,1019.9,5.3,15.0,86.0
2010-10-24,9.4,10.1,13.5,89.0,1012.9,5.6,14.0,93.0
2010-10-25,53.5,8.5,14.1,90.0,1006.0,18.5,54.0,100.0
2010-10-26,9.3,7.3,11.4,72.0,1019.1,18.4,51.0,78.0
2010-10-27,0.0,5.9,12.7,61.0,1024.9,16.6,49.0,22.0
2010-10-28,0.0,3.6,12.7,68.0,1024.1,8.9,33.0,48.0
2010-10-29,0.0,5.4,16.1,77.0,1021.4,5.7,358.0,0.0
2010-10-30,0.0,4.9,14.5,86.0,1018.4,5.7,93.0,67.0
2010-10-31,29.8,10.9,15.8,91.0,1012.7,20.0,129.0,100.0
2010-11-01,39.5,14.8,16.4,95.0,1011.2,20.9,116.0,100.0
2010-11-02,28.9,13.7,15.9,89.0,1012.1,20.3,57.0,98.0
2010-11-03,0.3,12.1,16.8,86.0,1018.0,9.8,49.0,72.0
2010-11-04,0.0,10.0,17.1,91.0,1027.9,6.8,117.0,57.0
2010-11-05,0.0,10.5,15.2,90.0,1029.0,5.2,226.0,86.0
2010-11-06,0.7,9.7,14.1,90.0,1020.6,7.5,218.0,86.0
2010-11-07,10.3,11.0,14.4,92.0,1006.5,6.4,109.0,99.0
2010-11-08,11.6,8.2,13.1,87.0,989.1,9.5,221.0,93.0
2010-11-09,10.0,8.2,10.5,90.0,986.2,7.8,26.0,91.0
2010-11-10,5.3,6.8,12.7,88.0,995.2,8.7,58.0,88.0
2010-11-11,0.0,6.9,13.1,87.0,1010.4,6.1,243.0,48.0
2010-11-12,0.0,7.7,12.4,88.0,1010.8,10.5,223.0,84.0
2010-11-13,0.0,8.9,13.4,87.0,1013.3,5.3,75.0,87.0
2010-11-14,0.0,10.6,13.6,91.0,1015.6,5.4,206.0,91.0
2010-11-15,0.3,10.1,14.1,92.0,1015.5,6.4,121.0,95.0
2010-11-16,37.2,11.7,14.0,96.0,1009.3,12.3,117.0,98.0
2010-11-17,1.8,8.5,13.4,89.0,1008.1,3.7,65.0,84.0
2010-11-18,9.0,7.9,12.5,94.0,1009.3,5.2,103.0,92.0
2010-11-19,6.2,6.9,12.5,84.0,1015.0,9.4,277.0,61.0
2010-11-20,1.2,6.0,12.3,87.0,1017.9,10.3,47.0,92.0
2010-11-21,44.6,8.8,10.7,91.0,1007.8,20.4,49.0,100.0
2010-11-22,6.2,7.5,11.7,86.0,998.0,8.5,288.0,83.0
2010-11-23,0.0,5.0,10.9,90.0,998.3,6.0,295.0,60.0
2010-11-24,1.3,3.4,10.0,86.0,1004.4,6.9,356.0,43.0
2010-11-25,0.6,1.5,8.2,82.0,1006.9,5.2,9.0,58.0
2010-11-26,19.8,2.6,5.0,88.0,999.5,15.3,36.0,95.0
2010-11-27,0.0,1.2,7.4,80.0,1006.7,6.4,14.0,51.0
2010-11-28,13.1,4.1,6.4,80.0,1003.3,25.2,34.0,100.0
2010-11-29,0.1,2.9,7.8,84.0,1000.8,17.1,247.0,50.0
2010-11-30,0.4,1.5,8.4,68.0,1008.9,21.2,46.0,65.0
2010-12-01,18.9,3.2,4.9,87.0,999.2,19.6,39.0,98.0
2010-12-02,0.2,3.1,7.8,88.0,1005.0,6.9,314.0,86.0
2010-12-03,11.0,3.4,6.3,87.0,1006.8,12.1,327.0,89.0
2010-12-04,9.7,2.5,5.7,78.0,1015.1,18.7,44.0,67.0
2010-12-05,0.0,0.5,5.6,77.0,1021.0,6.4,275.0,80.0
2010-12-06,10.7,2.7,5.5,94.0,1010.4,7.5,26.0,100.0
2010-12-07,11.3,4.9,8.4,94.0,1008.0,5.5,276.0,97.0
2010-12-08,10.0,7.0,10.2,96.0,1009.1,3.8,191.0,98.0
2010-12-09,0.7,6.3,11.3,81.0,1009.0,15.6,189.0,52.0
2010-12-10,0.0,1.9,7.9,64.0,1021.3,13.1,251.0,7.0
2010-12-11,0.0,1.8,6.8,71.0,1019.9,4.5,225.0,21.0
2010-12-12,0.0,-0.4,8.2,84.0,1008.4,7.5,9.0,33.0
2010-12-13,0.0,-0.9,7.3,71.0,1010.7,12.3,65.0,40.0
2010-12-14,0.0,-2.6,4.3,53.0,1018.3,6.7,76.0,21.0
2010-12-15,0.0,-2.3,3.7,71.0,1019.0,6.0,319.0,43.0
2010-12-16,0.0,-3.6,2.2,55.0,1015.1,9.2,18.0,54.0
2010-12-17,4.7,-3.7,0.7,77.0,1003.2,9.5,17.0,88.0
2010-12-18,0.0,-2.3,3.1,76.0,1001.1,8.4,298.0,49.0
2010-12-19,0.0,-3.5,3.4,83.0,1012.3,8.6,30.0,67.0
2010-12-20,0.0,-0.0,4.2,85.0,1011.3,6.8,260.0,63.0
2010-12-21,2.4,0.8,6.1,89.0,1014.4,5.3,33.0,90.0
2010-12-22,20.1,4.8,8.7,95.0,1010.7,6.9,50.0,99.0
2010-12-23,30.3,7.4,12.5,97.0,1003.1,17.6,89.0,99.0
2010-12-24,16.0,9.1,12.5,95.0,992.6,13.3,101.0,98.0
2010-12-25,28.5,5.5,9.0,89.0,998.9,19.2,32.0,100.0
2010-12-26,3.2,3.7,5.7,58.0,1014.7,24.9,55.0,100.0
2010-12-27,0.0,-0.0,4.3,59.0,1023.3,9.2,38.0,30.0
2010-12-28,0.0,-1.5,3.5,77.0,1023.8,4.3,263.0,45.0
2010-12-29,0.0,-0.8,4.7,77.0,1024.3,3.2,349.0,27.0
2010-12-30,0.0,-1.4,6.0,74.0,1025.0,5.9,28.0,30.0
2010-12-31,0.0,0.3,5.6,81.0,1024.1,5.4,37.0,16.0
2011-01-01,0.0,0.1,6.6,88.0,1020.3,6.0,359.0,57.0
2011-01-02,0.0,2.1,7.3,81.0,1015.5,10.9,36.0,48.0
2011-01-03,0.0,1.8,5.5,63.0,1020.9,13.5,62.0,51.0
2011-01-04,0.0,0.1,3.8,64.0,1021.9,12.2,49.0,69.0
2011-01-05,0.0,0.1,3.8,67.0,1021.3,10.5,48.0,49.0
2011-01-06,1.3,0.7,3.4,84.0,1021.9,5.1,38.0,98.0
2011-01-07,4.7,1.7,4.3,95.0,1024.3,3.0,308.0,100.0
2011-01-08,2.6,3.2,7.1,97.0,1023.2,3.3,252.0,99.0
2011-01-09,0.0,3.9,7.0,97.0,1022.8,4.6,234.0,98.0
2011-01-10,8.0,4.2,8.2,97.0,1020.5,6.6,19.0,100.0
2011-01-11,3.8,6.2,8.8,96.0,1014.5,6.8,323.0,99.0
2011-01-12,0.0,3.8,8.7,95.0,1018.3,4.4,271.0,97.0
2011-01-13,0.0,3.1,6.5,92.0,1019.3,4.4,221.0,99.0
2011-01-14,0.0,2.5,7.5,89.0,1020.6,2.2,193.0,75.0
2011-01-15,0.0,1.9,6.9,94.0,1023.8,3.4,240.0,82.0
2011-01-16,0.0,1.4,9.3,94.0,1030.1,3.5,273.0,73.0
2011-01-17,0.0,1.1,7.5,95.0,1028.7,3.3,230.0,94.0
2011-01-18,0.0,1.2,6.9,94.0,1025.9,2.1,240.0,73.0
2011-01-19,2.5,1.1,7.1,92.0,1022.4,4.8,46.0,99.0
2011-01-20,0.6,4.4,8.0,69.0,1019.7,15.1,39.0,96.0
2011-01-21,0.0,2.1,6.6,50.0,1021.4,23.2,55.0,94.0
2011-01-22,0.0,1.8,5.8,49.0,1020.9,24.9,61.0,54.0
2011-01-23,0.0,-1.1,4.7,61.0,1019.4,10.4,51.0,4.0
2011-01-24,0.0,-1.0,5.6,78.0,1019.3,5.4,119.0,25.0
2011-01-25,0.0,-0.1,6.3,83.0,1017.3,6.8,25.0,56.0
2011-01-26,0.0,-0.9,5.0,86.0,1011.3,5.0,18.0,64.0
2011-01-27,0.5,1.3,7.9,81.0,1013.1,13.1,42.0,37.0
2011-01-28,0.0,3.3,7.0,56.0,1017.0,28.6,53.0,59.0
2011-01-29,0.0,2.0,5.0,56.0,1020.0,22.2,57.0,84.0
2011-01-30,0.2,1.6,5.9,66.0,1017.2,16.0,48.0,99.0
2011-01-31,0.0,2.7,7.5,68.0,1019.4,13.5,53.0,22.0
2011-02-01,0.0,0.2,7.6,72.0,1022.2,9.5,42.0,2.0
2011-02-02,0.0,0.2,8.2,69.0,1022.2,11.9,51.0,0.0
2011-02-03,0.0,-0.7,8.5,74.0,1025.1,9.4,38.0,35.0
2011-02-04,0.0,-0.3,10.6,78.0,1027.7,5.4,328.0,12.0
2011-02-05,0.0,1.8,8.2,88.0,1027.7,3.8,122.0,50.0
2011-02-06,0.0,0.5,9.1,92.0,1027.5,4.8,113.0,29.0
2011-02-07,0.0,1.3,10.0,93.0,1026.1,3.7,119.0,33.0
2011-02-08,0.0,1.4,8.5,93.0,1021.6,3.2,73.0,45.0
2011-02-09,0.0,0.4,12.3,80.0,1021.3,5.5,1.0,16.0
2011-02-10,0.0,0.0,11.7,83.0,1022.5,6.3,48.0,0.0
2011-02-11,0.0,0.6,9.4,92.0,1020.3,4.9,159.0,50.0
2011-02-12,0.0,3.0,8.8,93.0,1017.6,6.6,139.0,85.0
2011-02-13,1.3,6.7,8.9,91.0,1015.7,9.1,55.0,89.0
2011-02-14,0.0,5.4,9.5,90.0,1012.0,6.4,70.0,92.0
2011-02-15,0.5,5.6,8.8,89.0,1007.9,9.7,57.0,98.0
2011-02-16,37.3,6.4,7.8,94.0,1002.6,17.0,61.0,100.0
2011-02-17,8.3,6.6,9.2,86.0,1002.6,12.7,45.0,100.0
2011-02-18,0.3,4.2,12.9,81.0,1007.4,9.3,24.0,82.0
2011-02-19,0.0,3.4,11.1,80.0,1011.5,7.2,83.0,19.0
2011-02-20,0.7,5.3,9.1,80.0,1013.0,11.0,54.0,94.0
2011-02-21,1.3,4.5,8.5,71.0,1011.8,15.9,52.0,80.0
2011-02-22,0.0,2.3,6.5,66.0,1011.7,14.7,62.0,70.0
2011-02-23,0.1,0.3,5.9,63.0,1019.0,15.5,68.0,25.0
2011-02-24,0.0,-2.2,6.0,68.0,1025.0,7.7,92.0,15.0
2011-02-25,0.0,-0.3,6.0,73.0,1024.7,7.5,73.0,43.0
2011-02-26,0.0,-1.2,8.7,69.0,1021.6,10.3,64.0,13.0
2011-02-27,3.9,1.7,6.3,81.0,1015.0,11.2,51.0,100.0
2011-02-28,1.8,4.1,9.5,71.0,1018.5,18.7,62.0,91.0
2011-03-01,0.0,4.4,8.4,61.0,1021.9,30.9,65.0,95.0
2011-03-02,1.3,4.0,6.0,52.0,1023.8,35.7,62.0,99.0
2011-03-03,7.5,2.2,6.5,69.0,1026.2,24.7,51.0,96.0
2011-03-04,0.0,2.5,9.6,68.0,1027.9,14.1,59.0,30.0
2011-03-05,0.0,2.3,10.2,69.0,1020.1,7.8,44.0,63.0
2011-03-06,0.0,0.5,11.8,77.0,1017.1,9.7,94.0,13.0
2011-03-07,0.0,3.1,7.2,46.0,1030.8,15.6,102.0,48.0
2011-03-08,0.0,0.5,6.8,53.0,1034.7,9.8,110.0,14.0
2011-03-09,0.0,-1.0,8.6,70.0,1025.8,7.4,201.0,6.0
2011-03-10,0.0,2.0,10.5,80.0,1023.1,7.1,151.0,49.0
2011-03-11,0.0,3.6,10.9,84.0,1022.5,7.6,102.0,41.0
2011-03-12,0.0,5.9,11.5,86.0,1021.8,10.0,102.0,79.0
2011-03-13,9.3,6.7,10.8,90.0,1016.7,10.8,74.0,99.0
2011-03-14,8.7,7.5,12.5,91.0,1018.3,7.4,133.0,91.0
2011-03-15,6.9,8.6,11.6,97.0,1019.1,11.4,65.0,100.0
2011-03-16,45.9,9.8,10.6,94.0,1009.4,21.2,75.0,100.0
2011-03-17,13.7,8.5,12.2,92.0,1003.9,12.3,213.0,99.0
2011-03-18,0.0,7.0,13.4,92.0,1012.9,5.4,95.0,83.0
2011-03-19,6.9,6.6,11.0,92.0,1019.0,6.5,89.0,95.0
2011-03-20,0.0,3.2,12.1,74.0,1025.7,7.6,94.0,23.0
2011-03-21,0.0,4.1,12.5,61.0,1030.2,12.9,79.0,9.0
2011-03-22,0.0,4.5,12.8,63.0,1034.0,10.4,39.0,44.0
2011-03-23,0.0,5.0,15.7,70.0,1033.3,7.5,266.0,3.0
2011-03-24,0.0,5.8,16.2,74.0,1032.1,6.0,143.0,4.0
2011-03-25,0.0,7.1,16.1,79.0,1022.8,7.0,141.0,17.0
2011-03-26,0.0,5.2,15.6,78.0,1015.6,9.3,186.0,67.0
2011-03-27,0.4,9.1,14.9,81.0,1015.4,9.8,131.0,77.0
2011-03-28,5.2,9.0,12.6,92.0,1013.1,8.7,126.0,94.0
2011-03-29,0.0,6.2,16.0,79.0,1015.5,6.5,22.0,18.0
2011-03-30,0.0,7.0,16.0,76.0,1017.1,7.7,159.0,1.0
2011-03-31,0.0,6.2,17.5,78.0,1020.6,6.7,160.0,37.0
2011-04-01,0.0,8.5,18.4,79.0,1022.1,6.3,137.0,49.0
2011-04-02,0.0,9.0,18.7,81.0,1020.6,6.7,93.0,14.0
2011-04-03,0.0,9.0,18.9,78.0,1015.0,7.7,117.0,12.0
2011-04-04,2.4,9.2,18.7,79.0,1013.7,10.7,65.0,76.0
2011-04-05,0.0,10.3,17.4,65.0,1022.9,11.8,72.0,44.0
2011-04-06,0.0,11.5,18.5,72.0,1026.8,6.4,154.0,47.0
2011-04-07,0.0,10.5,20.4,76.0,1023.0,6.1,149.0,48.0
2011-04-08,0.0,10.8,22.5,74.0,1014.8,5.8,97.0,58.0
2011-04-09,0.0,13.5,21.6,74.0,1011.8,8.5,146.0,17.0
2011-04-10,0.0,12.3,18.9,60.0,1016.2,12.9,106.0,25.0
2011-04-11,0.0,9.0,19.3,73.0,1019.4,8.6,139.0,18.0
2011-04-12,13.9,10.4,18.9,77.0,1013.6,12.5,81.0,54.0
2011-04-13,1.5,8.1,14.4,64.0,1015.3,12.0,136.0,42.0
2011-04-14,0.0,7.5,14.4,72.0,1014.3,6.6,95.0,93.0
2011-04-15,0.0,7.6,15.0,65.0,1015.6,11.3,64.0,44.0
2011-04-16,0.0,8.3,16.1,58.0,1019.2,13.3,56.0,20.0
2011-04-17,0.0,8.2,17.2,58.0,1021.9,11.5,32.0,7.0
2011-04-18,0.0,8.9,17.6,58.0,1021.6,9.3,31.0,5.0
2011-04-19,0.0,7.7,18.3,62.0,1017.7,8.1,39.0,2.0
2011-04-20,0.0,7.2,19.0,66.0,1018.4,7.3,115.0,2.0
2011-04-21,0.0,9.6,18.8,76.0,1018.7,8.0,140.0,1.0
2011-04-22,0.0,10.1,18.7,77.0,1015.5,10.4,101.0,21.0
2011-04-23,0.4,11.4,17.8,77.0,1015.4,8.6,133.0,88.0
2011-04-24,0.0,12.2,18.7,80.0,1015.9,8.5,180.0,76.0
2011-04-25,0.0,11.0,19.1,83.0,1015.4,7.6,124.0,63.0
2011-04-26,0.4,11.6,19.4,75.0,1012.4,11.0,77.0,40.0
2011-04-27,0.2,12.8,19.6,64.0,1012.1,15.9,46.0,56.0
2011-04-28,0.0,14.9,19.3,57.0,1011.1,17.7,43.0,76.0
2011-04-29,0.0,13.0,18.2,67.0,1009.9,10.9,69.0,59.0
2011-04-30,0.4,11.3,18.2,76.0,1007.5,9.4,74.0,38.0
2011-05-01,0.0,10.6,20.0,77.0,1004.6,6.0,105.0,27.0
2011-05-02,0.3,13.1,19.1,79.0,1007.1,13.4,100.0,50.0
2011-05-03,2.1,13.9,19.3,77.0,1003.9,10.1,120.0,53.0
2011-05-04,2.4,12.4,16.8,56.0,1012.5,14.6,91.0,59.0
2011-05-05,0.0,12.2,16.6,54.0,1022.5,11.4,116.0,29.0
2011-05-06,0.0,8.6,18.9,65.0,1026.1,7.9,155.0,1.0
2011-05-07,0.0,12.2,20.7,70.0,1022.9,7.4,169.0,3.0
2011-05-08,0.4,11.3,21.6,72.0,1018.1,12.7,98.0,16.0
2011-05-09,0.0,12.0,20.3,49.0,1025.7,11.3,59.0,6.0
2011-05-10,0.0,12.9,22.7,54.0,1026.3,10.2,343.0,25.0
2011-05-11,0.0,14.4,23.7,63.0,1020.5,4.2,225.0,35.0
2011-05-12,0.0,14.9,23.2,71.0,1016.2,9.3,108.0,89.0
2011-05-13,0.0,15.7,23.2,68.0,1016.7,11.4,79.0,32.0
2011-05-14,0.4,15.6,22.4,76.0,1015.1,10.7,111.0,46.0
2011-05-15,24.9,11.3,17.9,81.0,1012.8,18.0,36.0,98.0
2011-05-16,0.0,10.1,19.4,67.0,1020.1,9.4,205.0,29.0
2011-05-17,0.0,10.6,20.5,72.0,1021.5,6.0,135.0,18.0
2011-05-18,0.0,12.8,23.2,67.0,1019.4,10.0,62.0,9.0
2011-05-19,0.0,12.8,23.7,71.0,1017.9,5.9,138.0,2.0
2011-05-20,0.0,16.0,23.7,76.0,1018.3,6.9,136.0,29.0
2011-05-21,0.0,14.6,25.0,73.0,1018.4,7.1,78.0,12.0
2011-05-22,0.0,15.0,24.9,71.0,1017.7,7.4,54.0,32.0
2011-05-23,0.0,15.1,27.2,64.0,1020.1,7.8,56.0,28.0
2011-05-24,0.0,17.6,27.1,65.0,1019.7,8.9,0.0,29.0
2011-05-25,0.0,17.7,28.2,63.0,1019.7,7.9,71.0,28.0
2011-05-26,0.0,19.2,26.3,64.0,1017.5,9.3,113.0,20.0
2011-05-27,5.7,18.5,25.2,80.0,1011.1,10.6,103.0,45.0
2011-05-28,20.3,13.6,20.2,66.0,1012.4,15.8,36.0,59.0
2011-05-29,0.0,14.0,22.5,65.0,1018.0,8.6,54.0,33.0
2011-05-30,0.0,14.3,24.5,70.0,1018.3,8.9,78.0,0.0
2011-05-31,0.2,14.9,23.7,74.0,1014.6,7.9,128.0,25.0
2011-06-01,1.4,17.9,23.1,81.0,1014.5,9.5,91.0,56.0
2011-06-02,0.0,17.7,25.7,72.0,1019.2,7.0,25.0,50.0
2011-06-03,1.6,18.6,25.5,69.0,1019.8,11.2,41.0,83.0
2011-06-04,0.3,19.4,25.5,72.0,1016.3,10.9,69.0,28.0
2011-06-05,4.4,18.1,24.2,83.0,1012.6,11.2,63.0,64.0
2011-06-06,20.2,17.2,22.3,86.0,1010.1,6.4,65.0,72.0
2011-06-07,32.7,16.1,20.1,88.0,1007.4,15.0,44.0,97.0
2011-06-08,10.1,17.1,22.3,85.0,1006.3,9.9,241.0,88.0
2011-06-09,8.0,15.1,21.9,85.0,1010.1,5.9,133.0,82.0
2011-06-10,4.4,15.6,21.7,82.0,1012.9,5.7,53.0,65.0
2011-06-11,0.2,16.6,23.3,76.0,1013.3,5.0,10.0,64.0
2011-06-12,0.0,16.3,24.5,70.0,1015.1,7.4,14.0,40.0
2011-06-13,0.3,17.0,23.0,75.0,1015.3,6.0,2.0,96.0
2011-06-14,0.0,15.8,24.9,68.0,1015.6,9.3,6.0,30.0
2011-06-15,0.0,17.1,26.2,73.0,1017.3,7.2,59.0,12.0
2011-06-16,0.0,19.0,26.6,75.0,1015.8,8.0,167.0,41.0
2011-06-17,0.0,19.4,25.9,81.0,1014.7,7.1,180.0,74.0
2011-06-18,0.2,18.1,25.9,76.0,1009.7,12.5,199.0,77.0
2011-06-19,3.9,17.0,23.0,67.0,1010.1,20.3,69.0,41.0
2011-06-20,0.0,17.2,23.1,64.0,1016.7,11.8,62.0,22.0
2011-06-21,0.0,15.8,25.4,73.0,1018.8,9.3,125.0,9.0
2011-06-22,0.0,18.9,26.5,78.0,1017.8,8.4,109.0,21.0
2011-06-23,0.0,20.7,26.7,79.0,1014.6,9.2,68.0,34.0
2011-06-24,15.2,18.8,23.9,75.0,1015.2,16.1,48.0,62.0
2011-06-25,0.0,18.7,23.7,57.0,1021.1,11.5,79.0,27.0
2011-06-26,0.0,16.7,25.4,70.0,1022.1,10.1,108.0,7.0
2011-06-27,0.0,17.9,26.2,73.0,1020.2,8.7,111.0,9.0
2011-06-28,0.0,18.3,27.0,77.0,1014.9,8.2,122.0,9.0
2011-06-29,0.0,21.3,27.7,74.0,1012.0,9.7,114.0,47.0
2011-06-30,5.5,19.9,25.6,79.0,1011.6,5.8,157.0,83.0
2011-07-01,3.5,19.7,23.8,65.0,1013.4,11.4,73.0,59.0
2011-07-02,0.0,16.3,22.2,52.0,1012.4,13.2,60.0,30.0
2011-07-03,0.0,14.2,24.6,65.0,1010.6,9.8,171.0,13.0
2011-07-04,0.0,17.0,26.5,74.0,1012.2,9.7,139.0,42.0
2011-07-05,6.9,19.1,24.4,83.0,1011.7,8.8,146.0,62.0
2011-07-06,0.0,20.2,26.1,78.0,1011.3,8.5,155.0,44.0
2011-07-07,0.2,21.5,26.5,82.0,1012.0,8.8,104.0,31.0
2011-07-08,0.0,20.9,28.7,79.0,1012.8,9.9,63.0,28.0
2011-07-09,0.0,21.3,29.3,74.0,1016.1,9.6,86.0,6.0
2011-07-10,0.0,20.8,29.6,78.0,1015.3,6.9,158.0,30.0
2011-07-11,1.6,21.9,29.6,76.0,1013.8,4.7,72.0,19.0
2011-07-12,0.0,23.8,30.3,66.0,1013.9,12.6,68.0,29.0
2011-07-13,0.0,22.1,29.7,79.0,1009.4,12.5,69.0,74.0
2011-07-14,0.4,23.3,29.1,72.0,1008.4,5.7,257.0,28.0
2011-07-15,13.0,20.9,26.0,79.0,1012.6,9.0,44.0,39.0
2011-07-16,0.0,20.6,26.4,70.0,1013.3,10.3,51.0,45.0
2011-07-17,0.6,19.8,27.2,73.0,1007.5,10.2,171.0,38.0
2011-07-18,1.2,19.6,28.7,64.0,1004.0,11.7,211.0,41.0
2011-07-19,4.5,19.3,25.7,60.0,1005.1,9.0,210.0,64.0
2011-07-20,18.5,16.7,25.3,70.0,1002.5,9.1,261.0,56.0
2011-07-21,0.0,16.5,26.9,63.0,1004.6,8.1,244.0,12.0
2011-07-22,0.7,18.9,25.7,72.0,1006.3,11.3,86.0,23.0
2011-07-23,14.4,18.8,22.9,80.0,1006.2,13.1,35.0,75.0
2011-07-24,32.1,15.1,19.4,75.0,1005.4,17.9,20.0,84.0
2011-07-25,0.0,15.4,22.5,66.0,1008.1,6.8,66.0,55.0
2011-07-26,0.5,15.7,23.5,68.0,1011.7,8.1,86.0,29.0
2011-07-27,1.9,16.4,23.3,79.0,1016.6,9.1,108.0,73.0
2011-07-28,0.5,16.4,25.3,74.0,1014.3,5.8,207.0,70.0
2011-07-29,0.0,19.6,26.0,70.0,1013.1,5.8,237.0,59.0
2011-07-30,7.4,17.8,25.2,82.0,1011.2,9.7,88.0,88.0
2011-07-31,0.6,18.4,25.4,77.0,1010.9,7.8,88.0,61.0
2011-08-01,0.0,17.9,26.2,78.0,1012.2,6.0,97.0,52.0
2011-08-02,0.2,19.5,27.1,76.0,1015.7,9.2,89.0,21.0
2011-08-03,0.0,20.5,27.3,80.0,1016.5,8.9,132.0,59.0
2011-08-04,0.0,20.7,27.7,75.0,1013.6,8.2,65.0,27.0
2011-08-05,0.0,21.0,27.8,75.0,1013.9,9.1,73.0,40.0
2011-08-06,3.8,21.6,26.6,77.0,1011.3,8.9,58.0,66.0
2011-08-07,2.4,21.1,27.5,84.0,1008.7,8.7,148.0,73.0
2011-08-08,0.2,21.5,28.3,75.0,1007.1,11.4,212.0,37.0
2011-08-09,0.2,18.5,25.0,56.0,1014.1,20.4,56.0,26.0
2011-08-10,0.0,16.9,24.5,58.0,1019.6,12.2,78.0,9.0
2011-08-11,0.0,17.2,24.4,65.0,1019.4,10.9,103.0,20.0
2011-08-12,0.0,17.6,26.4,71.0,1013.4,5.6,138.0,28.0
2011-08-13,0.0,18.8,27.4,70.0,1010.5,7.0,77.0,29.0
2011-08-14,0.0,19.0,28.6,70.0,1010.3,7.6,121.0,21.0
2011-08-15,0.0,21.3,26.9,79.0,1011.2,7.3,66.0,58.0
2011-08-16,0.0,20.0,28.3,69.0,1015.3,9.3,59.0,27.0
2011-08-17,0.0,21.6,29.0,67.0,1015.8,8.0,77.0,13.0
2011-08-18,0.0,22.5,30.1,73.0,1015.7,6.3,141.0,4.0
2011-08-19,0.0,21.5,31.0,78.0,1016.0,8.0,136.0,6.0
2011-08-20,0.4,23.6,31.6,73.0,1017.9,8.3,68.0,17.0
2011-08-21,0.0,24.2,31.8,70.0,1018.2,8.7,82.0,20.0
2011-08-22,0.0,22.9,32.3,79.0,1016.9,6.3,150.0,21.0
2011-08-23,0.0,21.9,32.9,76.0,1015.5,6.3,138.0,7.0
2011-08-24,0.0,24.2,32.1,79.0,1014.4,9.9,113.0,10.0
2011-08-25,0.0,24.1,31.9,74.0,1013.3,9.8,104.0,3.0
2011-08-26,0.0,23.9,31.7,71.0,1011.5,10.9,104.0,10.0
2011-08-27,0.1,24.4,31.7,59.0,1008.4,12.9,116.0,17.0
2011-08-28,0.0,20.3,27.3,44.0,1015.4,18.7,52.0,11.0
2011-08-29,0.0,19.9,27.3,55.0,1013.2,10.6,70.0,15.0
2011-08-30,0.0,18.5,27.0,66.0,1010.8,8.7,70.0,19.0
2011-08-31,0.9,20.0,27.2,70.0,1011.8,9.9,94.0,39.0
2011-09-01,5.6,21.4,27.5,76.0,1013.5,10.1,63.0,75.0
2011-09-02,0.9,20.7,26.8,80.0,1014.0,7.8,98.0,67.0
2011-09-03,0.8,20.4,28.9,72.0,1014.0,8.9,84.0,62.0
2011-09-04,44.1,21.3,25.1,89.0,1012.7,6.6,100.0,98.0
2011-09-05,20.0,19.8,25.1,87.0,1013.9,7.6,222.0,65.0
2011-09-06,3.3,19.2,24.9,73.0,1019.8,10.7,52.0,50.0
2011-09-07,0.0,17.3,25.6,73.0,1014.7,6.7,140.0,77.0
2011-09-08,0.0,18.9,25.2,81.0,1010.6,6.9,91.0,79.0
2011-09-09,0.0,20.1,25.9,81.0,1011.9,8.6,91.0,23.0
2011-09-10,0.0,18.7,27.0,81.0,1015.2,6.7,116.0,4.0
2011-09-11,0.4,20.3,26.7,89.0,1015.4,8.1,127.0,46.0
2011-09-12,2.3,21.7,27.2,82.0,1013.4,6.8,42.0,46.0
2011-09-13,0.0,20.4,28.4,76.0,1014.2,6.5,229.0,4.0
2011-09-14,0.0,19.5,27.4,85.0,1013.2,8.5,118.0,22.0
2011-09-15,0.0,21.0,26.7,72.0,1015.0,13.0,47.0,30.0
2011-09-16,0.0,20.8,26.7,67.0,1015.8,9.5,60.0,61.0
2011-09-17,0.0,19.1,26.3,78.0,1013.8,6.8,44.0,41.0
2011-09-18,6.7,19.9,24.0,82.0,1006.8,9.6,53.0,94.0
2011-09-19,38.5,16.0,19.8,77.0,1003.7,13.9,25.0,83.0
2011-09-20,0.0,15.4,22.1,55.0,1015.2,11.0,33.0,29.0
2011-09-21,0.0,15.1,25.8,65.0,1017.5,6.7,18.0,6.0
2011-09-22,0.0,17.1,24.6,77.0,1015.8,7.3,53.0,63.0
2011-09-23,0.0,18.6,23.6,69.0,1015.8,13.1,53.0,79.0
2011-09-24,0.0,16.6,24.1,73.0,1016.3,8.7,40.0,26.0
2011-09-25,0.0,16.8,24.5,73.0,1019.1,8.0,45.0,38.0
2011-09-26,0.0,15.8,25.3,73.0,1022.2,10.1,32.0,0.0
2011-09-27,0.0,16.7,25.9,67.0,1024.9,11.9,38.0,6.0
2011-09-28,0.0,17.5,26.0,66.0,1025.9,12.3,36.0,5.0
2011-09-29,0.0,16.7,24.8,67.0,1026.0,10.5,42.0,15.0
2011-09-30,0.0,15.8,25.7,71.0,1025.5,8.8,26.0,10.0
2011-10-01,0.0,16.2,25.0,69.0,1024.6,7.4,43.0,1.0
2011-10-02,0.0,15.8,25.6,73.0,1023.0,4.8,15.0,14.0
2011-10-03,0.0,14.8,25.0,75.0,1022.5,7.5,96.0,4.0
2011-10-04,0.0,16.6,24.5,80.0,1021.3,5.4,92.0,3.0
2011-10-05,0.0,15.6,24.9,84.0,1020.4,5.0,80.0,23.0
2011-10-06,0.0,15.7,23.7,83.0,1017.0,7.2,134.0,29.0
2011-10-07,8.1,11.1,18.7,73.0,1007.6,19.8,114.0,62.0
2011-10-08,0.0,8.3,16.6,71.0,1011.4,7.9,51.0,50.0
2011-10-09,0.3,9.8,17.4,53.0,1015.3,12.8,49.0,34.0
2011-10-10,0.0,10.5,16.4,58.0,1020.5,9.8,84.0,59.0
2011-10-11,0.0,10.4,19.7,74.0,1018.8,7.8,101.0,24.0
2011-10-12,0.0,11.5,20.2,84.0,1015.8,6.0,93.0,64.0
2011-10-13,0.0,14.3,20.5,73.0,1017.8,16.2,69.0,30.0
2011-10-14,0.0,13.0,16.5,51.0,1026.0,22.8,80.0,54.0
2011-10-15,0.0,10.0,15.0,45.0,1029.4,22.7,61.0,13.0
2011-10-16,0.0,9.4,14.3,56.0,1028.2,17.0,64.0,8.0
2011-10-17,0.0,7.7,14.3,52.0,1026.1,7.9,49.0,1.0
2011-10-18,0.0,8.8,16.2,61.0,1022.8,6.1,123.0,1.0
2011-10-19,0.3,9.0,16.3,81.0,1019.7,7.0,32.0,77.0
2011-10-20,46.6,8.5,13.5,83.0,1017.3,23.1,50.0,96.0
2011-10-21,0.0,8.0,14.2,55.0,1024.8,20.1,49.0,14.0
2011-10-22,0.0,7.0,13.1,57.0,1024.4,18.5,42.0,21.0
2011-10-23,0.0,7.0,12.9,65.0,1022.0,14.4,40.0,42.0
2011-10-24,0.3,9.0,13.5,69.0,1018.7,13.8,45.0,69.0
2011-10-25,18.3,10.3,14.8,83.0,1014.3,15.0,54.0,100.0
2011-10-26,27.3,12.1,16.6,92.0,1014.5,13.0,129.0,88.0
2011-10-27,0.0,8.7,17.0,85.0,1020.1,5.3,15.0,73.0
2011-10-28,0.0,9.9,16.3,84.0,1025.6,4.7,42.0,40.0
2011-10-29,0.0,8.0,16.8,84.0,1026.3,5.2,14.0,37.0
2011-10-30,0.0,8.5,16.1,80.0,1023.8,7.7,31.0,60.0
2011-10-31,0.0,7.0,15.8,82.0,1022.3,5.4,35.0,18.0
2011-11-01,0.0,7.6,15.5,83.0,1021.4,4.5,26.0,58.0
2011-11-02,0.0,6.6,14.6,84.0,1020.9,4.1,30.0,49.0
2011-11-03,0.0,9.4,14.1,88.0,1018.5,5.2,52.0,83.0
2011-11-04,6.9,10.9,14.8,93.0,1015.6,10.7,71.0,97.0
2011-11-05,6.9,14.1,16.8,93.0,1014.8,19.0,118.0,99.0
2011-11-06,26.2,13.9,15.9,87.0,1014.6,25.5,60.0,100.0
2011-11-07,26.6,12.6,14.1,89.0,1018.6,19.1,66.0,100.0
2011-11-08,27.6,12.4,14.5,93.0,1022.2,16.5,57.0,99.0
2011-11-09,0.1,12.3,16.5,85.0,1022.6,7.5,56.0,33.0
2011-11-10,0.0,9.3,15.8,91.0,1020.2,5.2,12.0,61.0
2011-11-11,0.0,9.7,12.8,70.0,1023.8,20.5,54.0,56.0
2011-11-12,0.0,7.6,11.6,61.0,1032.0,18.5,53.0,10.0
2011-11-13,0.0,5.6,13.0,72.0,1033.2,10.3,34.0,0.0
2011-11-14,0.0,2.9,13.4,75.0,1027.3,8.1,21.0,9.0
2011-11-15,0.0,3.2,12.6,76.0,1020.9,7.5,13.0,10.0
2011-11-16,0.0,5.0,12.1,71.0,1022.0,11.6,41.0,1.0
2011-11-17,0.0,2.5,11.5,77.0,1025.0,6.6,12.0,0.0
2011-11-18,0.0,2.8,9.6,87.0,1025.7,3.7,295.0,24.0
2011-11-19,0.0,2.2,8.9,86.0,1025.1,3.7,12.0,55.0
2011-11-20,0.0,1.3,8.8,85.0,1025.3,3.2,345.0,49.0
2011-11-21,0.0,2.2,8.8,83.0,1024.2,4.1,16.0,54.0
2011-11-22,0.0,4.7,11.6,75.0,1021.9,11.6,24.0,39.0
2011-11-23,0.0,5.9,11.0,75.0,1022.9,15.6,45.0,12.0
2011-11-24,0.0,5.3,10.9,74.0,1029.3,15.9,49.0,2.0
2011-11-25,0.0,3.7,10.4,78.0,1029.6,8.5,34.0,4.0
2011-11-26,0.0,2.1,10.2,88.0,1028.8,5.5,360.0,40.0
2011-11-27,0.0,2.9,8.8,94.0,1028.1,3.6,274.0,71.0
2011-11-28,0.0,3.3,10.6,90.0,1027.2,4.0,1.0,79.0
2011-11-29,0.0,3.4,11.5,79.0,1026.4,6.5,21.0,54.0
2011-11-30,0.0,2.8,9.6,92.0,1028.1,3.2,348.0,64.0
2011-12-01,0.0,2.8,9.1,93.0,1028.0,5.0,274.0,63.0
2011-12-02,1.4,6.6,10.3,92.0,1022.6,6.6,27.0,88.0
2011-12-03,6.1,6.9,9.5,97.0,1018.1,4.9,230.0,99.0
2011-12-04,0.1,5.1,9.2,96.0,1013.8,7.6,236.0,95.0
2011-12-05,0.9,6.0,10.5,93.0,1005.5,5.9,253.0,87.0
2011-12-06,0.0,4.9,9.6,73.0,1011.9,10.3,46.0,40.0
2011-12-07,0.0,4.1,8.6,86.0,1014.3,4.4,189.0,61.0
2011-12-08,0.0,1.8,10.8,87.0,1019.1,6.1,30.0,10.0
2011-12-09,0.0,3.3,9.9,87.0,1021.4,6.7,21.0,90.0
2011-12-10,0.0,6.5,9.9,86.0,1017.4,3.7,241.0,89.0
2011-12-11,0.0,5.2,10.9,90.0,1019.2,7.2,29.0,53.0
2011-12-12,5.7,6.1,9.4,91.0,1014.8,4.3,6.0,98.0
2011-12-13,1.3,5.9,11.1,89.0,1016.1,7.0,305.0,68.0
2011-12-14,1.4,5.6,8.5,92.0,1016.3,6.9,333.0,89.0
2011-12-15,0.0,4.2,8.9,92.0,1013.4,7.6,259.0,75.0
2011-12-16,6.1,2.2,7.5,95.0,1003.1,8.0,203.0,99.0
2011-12-17,0.2,2.6,9.6,71.0,996.1,14.1,275.0,70.0
2011-12-18,0.7,-0.2,8.2,76.0,1010.2,10.8,54.0,68.0
2011-12-19,0.0,1.5,8.5,61.0,1014.3,10.8,20.0,51.0
2011-12-20,0.0,-1.5,5.5,78.0,1015.4,4.2,345.0,47.0
2011-12-21,0.0,-0.6,5.1,72.0,1016.0,4.6,13.0,17.0
2011-12-22,0.0,0.2,7.3,75.0,1020.7,4.1,350.0,22.0
2011-12-23,0.0,-0.1,7.3,77.0,1024.2,5.4,29.0,3.0
2011-12-24,0.1,0.4,6.5,85.0,1019.2,7.6,21.0,58.0
2011-12-25,0.0,-0.8,9.5,82.0,1029.8,7.2,54.0,23.0
2011-12-26,0.0,0.1,8.3,83.0,1036.5,5.9,36.0,23.0
2011-12-27,0.0,1.8,9.9,83.0,1036.6,6.3,30.0,4.0
2011-12-28,0.0,1.5,8.0,90.0,1030.4,3.6,17.0,14.0
2011-12-29,3.6,1.7,8.3,91.0,1022.3,10.8,31.0,88.0
2011-12-30,0.0,0.4,5.7,94.0,1014.3,7.6,297.0,69.0
2011-12-31,0.0,-1.6,7.1,86.0,1017.6,6.8,54.0,39.0
2012-01-01,0.0,-0.1,7.2,78.0,1021.9,4.5,28.0,16.0
2012-01-02,4.4,-0.1,6.8,87.0,1021.6,6.1,39.0,94.0
2012-01-03,10.1,4.1,9.4,87.0,1022.6,13.0,23.0,83.0
2012-01-04,0.0,0.7,5.2,96.0,1020.2,7.6,267.0,86.0
2012-01-05,1.1,0.5,6.3,92.0,1008.2,10.0,238.0,88.0
2012-01-06,0.0,-2.0,9.7,74.0,1003.2,15.1,285.0,31.0
2012-01-07,0.0,1.8,8.6,69.0,1016.9,6.6,255.0,21.0
2012-01-08,0.0,-1.1,8.4,84.0,1015.8,6.9,13.0,13.0
2012-01-09,0.0,-0.9,8.5,84.0,1022.5,4.0,222.0,30.0
2012-01-10,0.0,0.9,7.4,88.0,1026.9,5.0,311.0,24.0
2012-01-11,0.0,2.5,9.3,80.0,1032.1,4.3,215.0,0.0
2012-01-12,0.0,-0.1,7.1,91.0,1029.0,6.2,354.0,28.0
2012-01-13,0.0,1.5,6.7,94.0,1019.4,3.1,355.0,52.0
2012-01-14,1.5,-0.8,6.5,88.0,1020.4,5.7,273.0,44.0
2012-01-15,0.0,-1.5,5.5,87.0,1020.7,5.0,290.0,47.0
2012-01-16,0.0,-1.4,5.7,75.0,1023.8,7.1,46.0,38.0
2012-01-17,0.0,-2.4,4.2,82.0,1027.7,5.8,262.0,29.0
2012-01-18,0.0,-2.1,4.5,85.0,1032.0,3.1,240.0,62.0
2012-01-19,0.0,-2.4,2.5,91.0,1029.1,5.3,225.0,98.0
2012-01-20,0.4,-0.8,3.8,92.0,1016.4,6.8,262.0,73.0
2012-01-21,1.6,-0.1,7.7,86.0,1015.4,7.7,60.0,44.0
2012-01-22,0.0,-0.9,6.0,94.0,1011.3,4.8,200.0,95.0
2012-01-23,0.0,-0.1,8.6,94.0,1013.5,4.7,347.0,78.0
2012-01-24,0.7,0.5,8.8,91.0,1013.9,5.8,336.0,51.0
2012-01-25,0.0,-1.4,6.8,82.0,1019.2,4.2,16.0,18.0
2012-01-26,0.0,-1.8,7.0,75.0,1020.6,9.6,70.0,14.0
2012-01-27,0.0,0.7,6.0,71.0,1025.1,12.2,58.0,41.0
2012-01-28,0.0,0.0,6.4,73.0,1025.9,12.0,51.0,89.0
2012-01-29,0.0,1.5,5.4,60.0,1023.7,25.6,62.0,93.0
2012-01-30,0.0,0.7,4.9,51.0,1024.9,26.0,57.0,77.0
2012-01-31,0.0,-0.2,1.8,50.0,1022.5,26.1,59.0,86.0
2012-02-01,4.1,-0.2,2.5,49.0,1017.1,37.4,53.0,100.0
2012-02-02,0.3,-1.3,1.1,44.0,1019.1,34.5,57.0,99.0
2012-02-03,0.0,-2.9,0.5,40.0,1020.5,35.1,58.0,63.0
2012-02-04,0.0,-2.5,0.2,42.0,1021.4,23.4,53.0,99.0
2012-02-05,0.0,-3.5,-0.2,48.0,1025.9,22.6,59.0,73.0
2012-02-06,0.0,-4.8,0.8,50.0,1021.0,22.1,56.0,23.0
2012-02-07,0.0,-1.9,2.0,59.0,1015.4,17.4,59.0,99.0
2012-02-08,0.0,0.6,5.3,51.0,1024.4,28.5,66.0,35.0
2012-02-09,0.1,-1.7,4.1,55.0,1023.5,15.1,59.0,35.0
2012-02-10,1.2,-1.4,1.1,46.0,1023.9,36.7,62.0,98.0
2012-02-11,2.2,-1.8,-0.2,48.0,1020.4,37.0,57.0,96.0
2012-02-12,1.5,-2.6,1.6,57.0,1021.7,24.1,57.0,82.0
2012-02-13,0.0,-2.3,3.4,69.0,1019.8,5.1,143.0,77.0
2012-02-14,0.0,-0.8,4.6,71.0,1015.8,6.2,229.0,28.0
2012-02-15,0.0,-3.0,6.4,74.0,1008.5,13.5,231.0,38.0
2012-02-16,0.0,-1.6,7.7,80.0,1013.7,7.4,86.0,31.0
2012-02-17,0.0,0.8,7.8,88.0,1021.7,4.7,131.0,41.0
2012-02-18,0.0,-1.0,7.6,92.0,1021.4,5.9,105.0,56.0
2012-02-19,0.4,3.0,8.3,92.0,1019.3,5.3,82.0,90.0
2012-02-20,14.3,3.5,5.6,83.0,1025.8,23.5,53.0,97.0
2012-02-21,0.0,1.6,8.6,60.0,1030.6,11.8,39.0,31.0
2012-02-22,0.0,0.3,11.5,68.0,1028.5,12.6,37.0,0.0
2012-02-23,0.0,0.7,11.6,73.0,1023.8,7.4,127.0,49.0
2012-02-24,0.0,2.1,11.7,84.0,1023.7,5.4,123.0,7.0
2012-02-25,0.0,1.6,12.0,88.0,1018.2,5.6,78.0,2.0
2012-02-26,3.3,3.1,12.2,86.0,1013.5,7.1,21.0,27.0
2012-02-27,0.0,1.3,8.7,75.0,1021.5,11.9,152.0,40.0
2012-02-28,0.0,2.1,9.2,84.0,1022.7,7.2,123.0,34.0
2012-02-29,0.0,1.0,11.6,83.0,1018.1,3.4,112.0,35.0
2012-03-01,0.0,2.8,14.1,80.0,1023.3,6.2,134.0,0.0
2012-03-02,0.0,2.4,13.4,86.0,1023.4,6.4,90.0,0.0
2012-03-03,0.0,3.6,14.5,88.0,1021.5,5.1,66.0,5.0
2012-03-04,0.2,6.8,11.7,79.0,1019.7,7.2,55.0,72.0
2012-03-05,0.5,4.9,10.3,74.0,1015.6,14.1,45.0,99.0
2012-03-06,0.0,6.8,11.9,52.0,1019.3,22.3,61.0,81.0
2012-03-07,0.0,3.3,9.8,60.0,1025.0,12.4,71.0,11.0
2012-03-08,0.0,1.9,10.4,76.0,1020.5,7.2,81.0,63.0
2012-03-09,0.0,4.5,12.7,56.0,1031.0,14.3,66.0,42.0
2012-03-10,0.0,4.2,12.2,61.0,1032.2,12.1,48.0,16.0
2012-03-11,0.0,3.4,13.6,63.0,1022.9,7.2,274.0,20.0
2012-03-12,0.0,4.2,12.7,76.0,1020.8,10.1,146.0,10.0
2012-03-13,0.0,3.9,13.1,78.0,1025.4,6.7,154.0,13.0
2012-03-14,0.0,3.3,13.8,80.0,1026.3,7.9,142.0,4.0
2012-03-15,0.0,4.5,14.6,79.0,1027.2,7.5,100.0,8.0
2012-03-16,0.0,4.1,15.5,80.0,1028.2,7.9,96.0,1.0
2012-03-17,0.0,5.8,14.1,85.0,1026.7,8.7,96.0,8.0
2012-03-18,1.7,7.8,12.7,87.0,1023.4,9.3,111.0,71.0
2012-03-19,4.3,7.9,13.6,93.0,1023.0,7.0,99.0,52.0
2012-03-20,0.0,8.7,15.9,79.0,1032.2,8.6,17.0,40.0
2012-03-21,0.0,6.7,18.1,67.0,1032.6,5.5,14.0,44.0
2012-03-22,0.0,5.2,17.7,73.0,1029.6,6.1,83.0,4.0
2012-03-23,0.0,6.6,17.0,79.0,1026.0,7.6,108.0,26.0
2012-03-24,0.0,7.2,16.8,78.0,1023.4,6.4,76.0,63.0
2012-03-25,0.0,7.4,19.6,66.0,1024.0,11.8,11.0,61.0
2012-03-26,0.0,6.9,18.3,71.0,1026.4,7.0,134.0,5.0
2012-03-27,0.0,7.7,17.5,68.0,1027.0,8.3,125.0,7.0
2012-03-28,0.0,6.6,19.3,66.0,1023.9,7.0,165.0,2.0
2012-03-29,0.0,7.6,19.6,72.0,1014.9,7.3,88.0,29.0
2012-03-30,0.0,8.8,18.6,77.0,1007.8,7.7,98.0,25.0
2012-03-31,0.0,7.9,17.3,80.0,1005.7,10.2,109.0,38.0
2012-04-01,0.3,9.4,11.8,66.0,1008.8,16.9,104.0,45.0
2012-04-02,0.0,5.8,13.9,71.0,1013.7,9.3,132.0,59.0
2012-04-03,0.9,9.4,14.2,83.0,1011.1,8.6,109.0,81.0
2012-04-04,2.6,10.9,16.0,90.0,1010.0,8.3,89.0,95.0
2012-04-05,15.1,12.2,14.5,94.0,1009.0,14.0,73.0,99.0
2012-04-06,1.1,11.3,18.0,81.0,1007.0,9.7,202.0,53.0
2012-04-07,0.9,10.6,17.5,76.0,1001.5,12.6,220.0,65.0
2012-04-08,15.8,5.5,12.3,77.0,1003.4,16.2,68.0,82.0
2012-04-09,0.0,4.6,9.9,61.0,1013.2,10.0,131.0,62.0
2012-04-10,0.3,4.6,11.4,68.0,1012.2,8.9,162.0,55.0
2012-04-11,36.8,8.2,10.8,93.0,1002.8,14.4,129.0,99.0
2012-04-12,0.0,6.3,14.3,81.0,1003.9,11.1,174.0,42.0
2012-04-13,5.8,9.5,12.6,87.0,1002.5,12.0,57.0,97.0
2012-04-14,0.5,9.3,16.7,71.0,995.9,11.1,27.0,100.0
2012-04-15,7.5,10.0,13.2,87.0,998.3,6.7,37.0,92.0
2012-04-16,0.9,8.4,15.3,85.0,1004.3,7.4,50.0,61.0
2012-04-17,0.0,7.7,14.7,61.0,1007.4,10.5,103.0,16.0
2012-04-18,1.2,6.8,14.0,72.0,1001.2,9.7,123.0,80.0
2012-04-19,8.1,7.2,14.4,86.0,997.4,8.0,154.0,69.0
2012-04-20,9.0,8.8,14.8,87.0,998.6,6.6,226.0,82.0
2012-04-21,0.2,7.3,15.3,82.0,1006.0,6.7,156.0,43.0
2012-04-22,2.6,9.3,16.8,80.0,1007.8,13.1,162.0,66.0
2012-04-23,1.7,8.5,14.5,80.0,1009.3,12.5,62.0,71.0
2012-04-24,8.5,8.3,17.1,79.0,1003.2,16.9,194.0,86.0
2012-04-25,0.0,7.1,16.2,78.0,1010.5,9.1,171.0,31.0
2012-04-26,0.0,10.0,17.0,75.0,1018.1,11.3,179.0,19.0
2012-04-27,0.0,8.6,17.6,87.0,1020.4,6.6,134.0,40.0
2012-04-28,0.0,10.7,23.7,76.0,1018.4,7.2,112.0,15.0
2012-04-29,0.0,13.0,19.4,79.0,1017.2,9.1,113.0,95.0
2012-04-30,0.4,13.4,21.3,82.0,1016.2,5.3,228.0,69.0
2012-05-01,0.9,12.9,21.9,81.0,1015.8,6.7,277.0,66.0
2012-05-02,0.0,13.1,21.1,75.0,1014.8,11.9,246.0,20.0
2012-05-03,0.0,12.3,21.0,74.0,1010.3,10.2,220.0,39.0
2012-05-04,0.0,12.0,21.2,77.0,1007.8,8.2,202.0,31.0
2012-05-05,1.6,12.8,20.4,75.0,1008.8,11.8,218.0,51.0
2012-05-06,13.3,13.0,18.6,81.0,1011.0,14.5,185.0,81.0
2012-05-07,1.5,12.5,18.9,77.0,1014.6,10.0,96.0,51.0
2012-05-08,0.0,11.4,20.0,75.0,1018.4,8.8,175.0,51.0
2012-05-09,0.0,13.2,21.5,80.0,1018.7,8.2,158.0,55.0
2012-05-10,0.0,13.3,24.1,82.0,1022.9,5.8,133.0,31.0
2012-05-11,0.0,14.5,25.0,76.0,1024.0,7.7,141.0,60.0
2012-05-12,4.2,15.5,24.7,79.0,1018.7,7.8,107.0,53.0
2012-05-13,19.4,12.5,19.6,67.0,1019.0,29.0,75.0,90.0
2012-05-14,0.0,11.0,18.0,54.0,1015.8,11.2,70.0,24.0
2012-05-15,0.0,11.8,18.1,60.0,1010.6,9.2,136.0,34.0
2012-05-16,15.7,9.7,14.3,72.0,1011.1,14.2,51.0,71.0
2012-05-17,0.0,6.7,17.4,59.0,1017.4,10.3,137.0,4.0
2012-05-18,0.0,8.6,16.9,68.0,1017.4,11.2,113.0,60.0
2012-05-19,0.2,9.1,19.6,71.0,1016.2,8.0,168.0,30.0
2012-05-20,2.2,12.2,18.3,78.0,1013.6,7.4,203.0,61.0
2012-05-21,36.8,13.1,15.4,92.0,1005.7,16.9,67.0,90.0
2012-05-22,0.0,12.3,19.5,81.0,1006.1,7.1,148.0,74.0
2012-05-23,0.5,14.1,21.9,84.0,1012.5,6.4,160.0,69.0
2012-05-24,0.4,15.5,28.1,73.0,1015.9,6.8,323.0,46.0
2012-05-25,0.5,15.5,22.3,78.0,1017.0,7.3,25.0,50.0
2012-05-26,0.0,15.4,21.5,68.0,1017.7,9.1,25.0,40.0
2012-05-27,0.0,13.5,22.0,70.0,1017.0,6.4,76.0,58.0
2012-05-28,0.0,14.1,22.4,73.0,1013.8,5.6,224.0,42.0
2012-05-29,0.0,13.4,22.8,78.0,1011.8,7.4,105.0,22.0
2012-05-30,0.0,14.6,25.1,79.0,1015.5,7.5,150.0,34.0
2012-05-31,2.8,16.3,23.5,84.0,1017.1,8.9,118.0,74.0
2012-06-01,1.1,18.1,23.5,84.0,1012.9,9.4,155.0,83.0
2012-06-02,6.3,19.0,23.0,86.0,1014.0,12.0,127.0,74.0
2012-06-03,0.0,18.1,24.3,82.0,1013.0,13.1,173.0,53.0
2012-06-04,23.3,17.0,21.2,83.0,1008.3,8.3,210.0,80.0
2012-06-05,0.0,14.3,22.3,76.0,1011.0,11.6,142.0,22.0
2012-06-06,0.3,17.7,21.6,77.0,1012.8,12.7,103.0,68.0
2012-06-07,0.0,17.4,23.2,80.0,1011.9,9.0,139.0,67.0
2012-06-08,0.0,16.7,24.3,84.0,1012.0,7.3,125.0,61.0
2012-06-09,4.1,17.8,23.1,86.0,1011.9,12.3,60.0,81.0
2012-06-10,2.0,18.0,22.9,82.0,1008.4,7.2,41.0,84.0
2012-06-11,2.8,17.7,22.7,77.0,1004.8,7.3,120.0,55.0
2012-06-12,8.7,15.8,21.8,79.0,1002.2,11.4,257.0,53.0
2012-06-13,0.4,15.4,21.6,77.0,1009.6,8.2,309.0,31.0
2012-06-14,0.0,14.3,22.4,76.0,1017.1,10.1,82.0,30.0
2012-06-15,0.0,14.5,24.4,80.0,1020.0,8.5,122.0,25.0
2012-06-16,0.0,16.1,26.0,79.0,1020.1,6.3,152.0,3.0
2012-06-17,0.0,17.7,27.3,78.0,1018.3,4.2,132.0,0.0
2012-06-18,0.0,18.0,28.9,77.0,1016.3,6.6,120.0,12.0
2012-06-19,0.0,19.7,29.9,78.0,1015.1,6.2,131.0,31.0
2012-06-20,0.0,21.1,29.3,77.0,1012.2,7.2,137.0,33.0
2012-06-21,0.0,22.7,29.1,77.0,1008.4,8.7,111.0,23.0
2012-06-22,0.0,21.7,29.5,67.0,1012.4,9.0,49.0,11.0
2012-06-23,0.3,23.1,28.4,61.0,1017.7,17.4,46.0,26.0
2012-06-24,0.0,21.8,28.3,63.0,1016.7,11.3,63.0,68.0
2012-06-25,5.5,21.2,28.1,81.0,1010.4,9.3,89.0,83.0
2012-06-26,2.2,21.0,26.1,65.0,1016.1,14.8,65.0,39.0
2012-06-27,0.0,19.9,26.9,67.0,1017.9,11.0,90.0,22.0
2012-06-28,0.0,19.4,27.9,72.0,1014.6,9.2,115.0,33.0
2012-06-29,0.0,21.1,28.8,74.0,1013.5,10.4,100.0,31.0
2012-06-30,0.0,22.4,29.8,78.0,1013.9,9.3,111.0,12.0
2012-07-01,0.0,22.8,31.2,76.0,1012.9,9.7,96.0,15.0
2012-07-02,0.3,22.5,31.3,73.0,1012.4,9.8,68.0,42.0
2012-07-03,1.3,22.6,29.1,72.0,1012.0,8.0,293.0,35.0
2012-07-04,0.0,21.8,29.4,75.0,1011.1,8.8,108.0,38.0
2012-07-05,0.0,20.6,29.6,74.0,1010.0,5.8,91.0,27.0
2012-07-06,7.0,21.6,27.2,75.0,1010.3,10.6,38.0,61.0
2012-07-07,0.0,21.7,29.6,67.0,1011.6,6.6,220.0,14.0
2012-07-08,0.0,20.2,30.2,74.0,1011.1,9.1,136.0,6.0
2012-07-09,0.0,22.7,30.5,71.0,1010.0,7.4,118.0,13.0
2012-07-10,0.4,23.3,29.4,65.0,1011.0,13.8,40.0,27.0
2012-07-11,0.1,23.0,29.9,65.0,1011.0,11.3,100.0,27.0
2012-07-12,1.2,21.0,27.5,67.0,1011.4,14.6,45.0,33.0
2012-07-13,5.6,20.2,25.7,66.0,1009.4,19.4,52.0,53.0
2012-07-14,2.2,20.5,27.7,71.0,1008.0,12.3,85.0,32.0
2012-07-15,6.0,19.4,23.6,71.0,1009.6,19.6,46.0,47.0
2012-07-16,0.0,19.7,25.7,52.0,1019.3,15.7,59.0,13.0
2012-07-17,0.0,19.1,26.6,59.0,1021.1,11.4,91.0,8.0
2012-07-18,0.0,19.5,28.0,66.0,1018.6,10.9,104.0,7.0
2012-07-19,0.0,20.4,29.3,73.0,1012.4,10.5,100.0,14.0
2012-07-20,0.0,21.3,30.1,70.0,1009.8,12.0,81.0,41.0
2012-07-21,21.2,20.1,24.8,75.0,1011.1,20.8,36.0,70.0
2012-07-22,0.0,19.4,25.1,51.0,1016.4,23.9,55.0,41.0
2012-07-23,0.0,19.7,27.0,44.0,1018.6,26.6,45.0,82.0
2012-07-24,2.2,22.0,29.5,59.0,1015.3,16.8,37.0,90.0
2012-07-25,0.0,20.4,26.0,77.0,1013.0,7.7,93.0,63.0
2012-07-26,0.0,19.7,27.9,79.0,1014.7,6.2,129.0,17.0
2012-07-27,0.0,20.7,30.1,77.0,1013.8,7.3,119.0,5.0
2012-07-28,0.0,22.4,29.5,76.0,1010.3,11.1,98.0,10.0
2012-07-29,0.0,21.3,30.3,69.0,1008.6,7.5,78.0,20.0
2012-07-30,0.0,23.3,28.6,65.0,1012.9,13.3,39.0,43.0
2012-07-31,0.0,22.6,29.1,56.0,1015.1,14.9,30.0,45.0
2012-08-01,0.0,22.6,30.4,59.0,1014.8,10.6,62.0,6.0
2012-08-02,0.0,20.4,30.9,67.0,1013.0,6.6,120.0,30.0
2012-08-03,0.0,22.6,30.1,70.0,1012.3,10.2,90.0,24.0
2012-08-04,0.0,23.4,30.3,71.0,1012.0,10.7,85.0,24.0
2012-08-05,0.0,23.4,30.7,70.0,1010.8,13.6,86.0,21.0
2012-08-06,0.0,24.0,30.9,70.0,1011.8,11.4,131.0,31.0
2012-08-07,0.0,21.3,29.7,67.0,1015.9,9.6,255.0,12.0
2012-08-08,0.0,24.2,30.1,48.0,1017.3,13.5,42.0,9.0
2012-08-09,0.0,23.8,29.4,52.0,1017.8,14.4,47.0,50.0
2012-08-10,0.0,22.4,28.8,50.0,1018.1,13.7,44.0,31.0
2012-08-11,0.0,22.2,27.8,53.0,1015.7,11.6,70.0,24.0
2012-08-12,0.0,21.0,25.2,54.0,1014.5,13.6,86.0,75.0
2012-08-13,0.0,19.4,26.9,59.0,1012.6,10.2,90.0,41.0
2012-08-14,0.0,20.4,27.4,69.0,1012.7,9.9,117.0,56.0
2012-08-15,0.0,20.8,28.4,74.0,1013.1,9.3,129.0,28.0
2012-08-16,2.3,22.5,28.2,79.0,1013.0,9.9,71.0,59.0
2012-08-17,0.0,23.5,30.1,60.0,1016.7,10.6,46.0,16.0
2012-08-18,0.0,23.5,30.6,58.0,1018.8,8.9,78.0,9.0
2012-08-19,0.0,21.9,31.6,63.0,1020.4,6.8,103.0,3.0
2012-08-20,0.0,21.7,32.2,64.0,1019.2,6.6,130.0,23.0
2012-08-21,0.0,24.1,32.3,67.0,1016.4,6.7,143.0,46.0
2012-08-22,0.0,23.4,32.7,66.0,1014.8,9.5,129.0,15.0
2012-08-23,0.0,25.0,31.9,65.0,1013.7,11.3,77.0,48.0
2012-08-24,0.0,24.3,32.0,73.0,1010.8,11.9,118.0,24.0
2012-08-25,0.0,22.7,32.2,66.0,1009.4,10.0,157.0,31.0
2012-08-26,16.4,20.2,26.9,73.0,1009.2,14.8,49.0,58.0
2012-08-27,0.0,16.7,26.0,56.0,1019.0,9.6,76.0,1.0
2012-08-28,0.0,17.6,27.3,63.0,1019.7,9.6,110.0,5.0
2012-08-29,0.0,19.0,28.4,67.0,1018.1,3.9,69.0,44.0
2012-08-30,0.0,19.1,29.1,66.0,1015.7,8.0,71.0,76.0
2012-08-31,51.6,16.4,23.0,82.0,1010.8,11.0,39.0,90.0
2012-09-01,19.9,16.1,22.3,73.0,1013.7,22.6,48.0,87.0
2012-09-02,6.3,17.5,25.0,73.0,1018.5,15.4,41.0,97.0
2012-09-03,2.0,21.0,26.5,70.0,1015.6,15.5,35.0,98.0
2012-09-04,21.5,18.6,27.1,77.0,1014.7,15.4,17.0,85.0
2012-09-05,0.5,20.2,25.9,73.0,1013.9,10.8,21.0,81.0
2012-09-06,0.0,17.4,26.6,75.0,1016.7,5.9,44.0,30.0
2012-09-07,0.0,20.8,24.3,72.0,1021.5,9.5,77.0,25.0
2012-09-08,0.0,17.0,26.6,73.0,1019.6,7.0,41.0,4.0
2012-09-09,0.0,16.5,27.1,72.0,1017.1,7.8,48.0,1.0
2012-09-10,0.0,17.3,27.9,74.0,1016.3,4.6,35.0,53.0
2012-09-11,0.0,18.1,27.0,79.0,1015.6,7.8,89.0,47.0
2012-09-12,32.1,16.9,21.6,93.0,1007.8,10.1,74.0,98.0
2012-09-13,7.0,13.2,17.7,64.0,1005.7,21.7,51.0,91.0
2012-09-14,0.0,15.1,23.4,54.0,1009.0,15.9,50.0,58.0
2012-09-15,0.0,16.0,22.4,64.0,1012.8,10.7,72.0,25.0
2012-09-16,0.0,17.2,21.9,68.0,1016.5,11.2,62.0,37.0
2012-09-17,0.0,16.1,22.8,65.0,1015.4,8.3,31.0,56.0
2012-09-18,0.0,14.4,24.1,74.0,1014.4,6.5,144.0,39.0
2012-09-19,20.5,16.0,21.3,87.0,1011.3,8.5,75.0,93.0
2012-09-20,0.2,13.2,19.5,61.0,1020.1,12.7,81.0,28.0
2012-09-21,0.0,12.8,19.7,68.0,1022.2,7.1,84.0,58.0
2012-09-22,0.0,12.7,20.7,75.0,1017.1,5.9,141.0,31.0
2012-09-23,0.1,16.8,20.2,81.0,1017.5,11.4,53.0,82.0
2012-09-24,10.1,18.0,22.2,89.0,1008.2,9.9,151.0,83.0
2012-09-25,0.6,15.4,22.3,87.0,1008.6,9.4,76.0,34.0
2012-09-26,8.9,17.1,23.1,90.0,1009.4,6.2,167.0,74.0
2012-09-27,3.3,18.1,24.2,76.0,1010.0,15.9,206.0,79.0
2012-09-28,0.0,14.3,22.7,76.0,1017.6,8.3,44.0,78.0
2012-09-29,3.2,17.5,19.9,82.0,1016.9,9.4,14.0,90.0
2012-09-30,7.6,15.4,22.2,87.0,1016.4,9.7,34.0,93.0
2012-10-01,28.4,17.0,21.8,84.0,1015.7,10.0,76.0,80.0
2012-10-02,1.0,14.5,22.5,85.0,1015.9,5.2,312.0,55.0
2012-10-03,1.0,14.8,21.2,88.0,1017.6,6.2,85.0,51.0
2012-10-04,0.7,15.3,21.6,83.0,1016.3,7.5,203.0,75.0
2012-10-05,0.3,14.1,21.6,84.0,1018.7,5.8,53.0,80.0
2012-10-06,0.8,16.3,22.3,87.0,1019.1,6.7,131.0,45.0
2012-10-07,0.0,16.2,23.1,82.0,1013.8,9.0,208.0,54.0
2012-10-08,0.0,16.2,18.1,69.0,1017.2,14.8,66.0,67.0
2012-10-09,2.2,14.7,18.3,75.0,1012.0,8.7,71.0,92.0
2012-10-10,7.6,15.0,17.8,88.0,1010.9,10.5,66.0,95.0
2012-10-11,2.7,14.7,17.3,80.0,1011.5,12.7,51.0,87.0
2012-10-12,3.8,14.5,19.2,79.0,1010.1,8.6,39.0,84.0
2012-10-13,6.7,14.5,17.9,82.0,1012.3,13.6,50.0,78.0
2012-10-14,3.0,13.0,17.7,80.0,1008.3,8.2,47.0,80.0
2012-10-15,28.8,13.3,17.3,91.0,1003.3,13.7,98.0,95.0
2012-10-16,12.2,10.7,17.3,76.0,1009.2,4.9,21.0,45.0
2012-10-17,0.0,10.2,17.8,80.0,1020.9,6.3,47.0,65.0
2012-10-18,0.0,11.4,18.4,84.0,1022.7,5.1,236.0,68.0
2012-10-19,0.0,11.3,17.9,87.0,1022.9,5.1,228.0,67.0
2012-10-20,0.0,11.4,17.8,88.0,1021.5,5.4,181.0,45.0
2012-10-21,0.0,12.3,18.7,90.0,1019.0,3.4,69.0,61.0
2012-10-22,0.0,10.9,21.2,84.0,1018.1,6.5,15.0,17.0
2012-10-23,0.0,12.3,19.8,75.0,1019.2,12.1,45.0,0.0
2012-10-24,0.0,11.8,18.4,74.0,1017.0,9.1,49.0,1.0
2012-10-25,0.0,9.0,17.8,86.0,1013.6,6.1,66.0,8.0
2012-10-26,26.2,12.0,16.0,91.0,1007.4,10.3,40.0,92.0
2012-10-27,19.0,13.4,16.9,92.0,989.1,8.5,208.0,93.0
2012-10-28,18.7,7.1,14.2,72.0,996.3,35.6,60.0,84.0
2012-10-29,1.4,6.2,11.0,60.0,1008.1,19.5,51.0,63.0
2012-10-30,0.0,4.4,11.5,66.0,1012.2,5.4,44.0,61.0
2012-10-31,25.5,8.3,12.4,78.0,1007.9,22.3,47.0,97.0
2012-11-01,27.1,10.4,13.0,86.0,994.5,18.5,55.0,84.0
2012-11-02,0.0,8.3,15.4,86.0,1006.0,6.8,28.0,30.0
2012-11-03,0.0,9.5,15.1,87.0,1013.8,4.8,45.0,77.0
2012-11-04,13.6,11.3,14.4,95.0,1009.8,7.2,74.0,99.0
2012-11-05,17.4,11.9,17.6,86.0,999.2,19.0,201.0,63.0
2012-11-06,0.0,9.4,14.2,71.0,1012.2,12.9,33.0,45.0
2012-11-07,0.0,7.4,14.1,72.0,1024.1,8.8,51.0,7.0
2012-11-08,0.0,6.3,13.5,82.0,1025.3,4.2,66.0,43.0
2012-11-09,0.0,8.0,13.0,84.0,1019.9,3.7,42.0,68.0
2012-11-10,3.6,7.9,13.0,84.0,1017.3,8.6,47.0,96.0
2012-11-11,42.9,12.2,16.9,93.0,1011.3,22.6,141.0,97.0
2012-11-12,7.9,11.8,15.6,97.0,1019.9,4.7,117.0,100.0
2012-11-13,0.4,13.7,16.4,81.0,1026.2,13.5,37.0,69.0
2012-11-14,0.0,10.7,14.9,66.0,1027.2,19.2,50.0,11.0
2012-11-15,0.0,7.3,12.4,69.0,1023.7,14.5,42.0,4.0
2012-11-16,0.0,6.6,12.6,74.0,1021.9,11.8,35.0,5.0
2012-11-17,0.0,4.9,11.7,80.0,1019.3,6.6,14.0,12.0
2012-11-18,0.0,5.2,10.5,81.0,1016.1,7.4,358.0,100.0
2012-11-19,3.6,8.4,13.7,82.0,1015.2,14.9,30.0,98.0
2012-11-20,0.1,9.2,13.9,77.0,1017.2,14.6,40.0,88.0
2012-11-21,0.0,6.7,14.4,81.0,1019.4,9.4,13.0,10.0
2012-11-22,0.0,6.6,13.5,81.0,1022.2,7.1,17.0,93.0
2012-11-23,0.0,10.3,14.3,77.0,1022.5,6.2,29.0,76.0
2012-11-24,0.0,9.6,13.2,92.0,1023.7,4.3,145.0,98.0
2012-11-25,0.1,9.3,12.8,93.0,1021.7,4.4,215.0,96.0
2012-11-26,1.7,10.0,13.4,91.0,1018.1,5.1,67.0,89.0
2012-11-27,14.8,9.1,14.2,93.0,1010.2,7.3,110.0,97.0
2012-11-28,62.9,11.5,14.2,95.0,996.7,16.0,110.0,97.0
2012-11-29,9.0,8.7,12.8,88.0,991.2,8.5,111.0,76.0
2012-11-30,2.9,6.8,9.8,66.0,999.5,25.1,57.0,94.0
2012-12-01,1.9,6.6,9.1,67.0,1010.0,21.2,50.0,85.0
2012-12-02,2.6,4.9,7.0,77.0,1008.8,14.3,30.0,85.0
2012-12-03,0.0,1.6,9.1,71.0,1012.3,14.4,274.0,19.0
2012-12-04,0.3,1.2,6.6,75.0,1005.7,9.7,10.0,75.0
2012-12-05,4.6,1.0,6.8,87.0,1002.6,5.5,33.0,88.0
2012-12-06,0.3,-1.4,7.8,79.0,1009.1,7.3,359.0,39.0
2012-12-07,5.6,1.5,5.7,62.0,1011.7,20.3,54.0,73.0
2012-12-08,5.7,1.1,3.7,82.0,1007.3,16.7,20.0,98.0
2012-12-09,0.0,-3.2,5.1,79.0,1018.2,6.8,321.0,19.0
2012-12-10,0.0,-1.6,5.0,79.0,1009.9,7.3,20.0,42.0
2012-12-11,0.0,-1.6,7.8,65.0,1012.2,9.1,9.0,22.0
2012-12-12,0.0,-1.3,6.2,65.0,1020.4,6.5,61.0,13.0
2012-12-13,0.0,-1.3,4.8,74.0,1022.5,9.7,39.0,70.0
2012-12-14,2.2,2.0,4.8,83.0,1020.0,8.0,23.0,100.0
2012-12-15,22.8,2.8,6.5,95.0,1013.0,7.6,297.0,83.0
2012-12-16,0.0,-0.1,7.7,95.0,1014.4,3.9,313.0,85.0
2012-12-17,0.3,2.7,8.4,93.0,1011.2,7.9,317.0,83.0
2012-12-18,0.0,-0.1,8.3,91.0,1011.4,6.7,283.0,45.0
2012-12-19,0.0,-0.5,6.5,90.0,1019.4,5.2,323.0,30.0
2012-12-20,0.5,0.4,7.2,89.0,1020.5,4.5,14.0,75.0
2012-12-21,3.5,1.9,5.0,91.0,1014.4,3.9,346.0,98.0
2012-12-22,0.0,-0.1,6.5,93.0,1019.5,4.3,267.0,91.0
2012-12-23,0.0,1.0,5.1,94.0,1019.6,2.9,242.0,99.0
2012-12-24,0.1,0.6,6.8,94.0,1022.9,3.9,66.0,86.0
2012-12-25,0.8,3.8,6.7,95.0,1020.9,2.8,243.0,100.0
2012-12-26,7.9,2.8,7.7,98.0,1016.0,5.1,256.0,94.0
2012-12-27,0.3,3.3,7.7,96.0,1018.4,5.9,336.0,93.0
2012-12-28,0.4,2.6,8.2,94.0,1020.1,5.8,298.0,59.0
2012-12-29,0.0,1.6,9.3,86.0,1027.8,7.3,27.0,13.0
2012-12-30,0.0,0.5,7.0,86.0,1023.7,4.8,24.0,1.0
2012-12-31,0.0,-1.0,10.1,85.0,1025.4,6.7,9.0,4.0
2013-01-01,0.0,0.7,5.3,90.0,1018.6,3.4,246.0,64.0
2013-01-02,9.1,1.1,6.9,91.0,1021.4,12.5,23.0,96.0
2013-01-03,0.0,2.2,9.5,87.0,1032.7,5.7,11.0,33.0
2013-01-04,0.0,2.6,6.7,90.0,1029.7,3.3,221.0,66.0
2013-01-05,0.0,1.4,9.3,90.0,1021.0,3.3,19.0,38.0
2013-01-06,0.0,2.1,8.4,97.0,1020.7,4.8,87.0,57.0
2013-01-07,0.0,2.7,8.7,96.0,1021.2,5.6,134.0,79.0
2013-01-08,0.0,5.8,9.0,85.0,1025.5,9.2,58.0,80.0
2013-01-09,0.0,4.4,7.9,88.0,1022.7,3.3,350.0,93.0
2013-01-10,0.7,3.7,6.5,90.0,1014.2,5.1,255.0,98.0
2013-01-11,0.3,2.1,7.7,91.0,1009.4,4.3,355.0,78.0
2013-01-12,0.4,0.4,6.3,84.0,1015.6,9.4,58.0,80.0
2013-01-13,5.0,3.9,6.7,81.0,1012.8,17.9,43.0,99.0
2013-01-14,13.3,1.9,5.3,86.0,1008.4,21.3,42.0,99.0
2013-01-15,3.3,3.0,6.5,86.0,1007.8,8.9,31.0,82.0
2013-01-16,20.5,2.2,5.9,86.0,998.0,24.9,44.0,99.0
2013-01-17,9.6,1.8,5.5,75.0,998.6,23.7,47.0,88.0
2013-01-18,0.0,1.5,6.6,61.0,1000.7,9.2,324.0,69.0
2013-01-19,1.4,0.2,6.7,81.0,1001.3,4.9,51.0,92.0
2013-01-20,18.9,3.1,6.5,92.0,998.9,10.9,26.0,100.0
2013-01-21,7.5,5.5,9.3,92.0,995.3,6.2,257.0,93.0
2013-01-22,6.6,3.8,7.3,92.0,1000.1,10.9,356.0,78.0
2013-01-23,0.5,0.2,8.1,88.0,1007.1,10.4,43.0,63.0
2013-01-24,0.5,3.4,8.8,72.0,1001.5,15.1,32.0,98.0
2013-01-25,0.0,3.4,7.2,65.0,1006.9,15.2,77.0,38.0
2013-01-26,0.0,-0.1,4.6,66.0,1011.8,15.5,60.0,12.0
2013-01-27,0.0,-1.4,6.0,77.0,1014.8,5.8,78.0,66.0
2013-01-28,5.9,0.3,3.9,92.0,1015.4,8.4,28.0,88.0
2013-01-29,0.0,-1.0,7.6,92.0,1022.8,5.9,238.0,79.0
2013-01-30,0.0,1.3,6.1,91.0,1021.0,2.3,218.0,93.0
2013-01-31,0.0,1.5,5.8,93.0,1020.4,4.2,150.0,94.0
2013-02-01,0.0,1.2,6.1,93.0,1012.6,4.0,88.0,98.0
2013-02-02,34.7,3.9,7.2,91.0,993.7,16.9,41.0,100.0
2013-02-03,1.3,2.8,9.7,76.0,1007.7,7.8,325.0,53.0
2013-02-04,0.0,0.8,7.9,74.0,1016.3,5.8,193.0,41.0
2013-02-05,0.0,2.9,8.0,85.0,1012.1,7.8,67.0,87.0
2013-02-06,1.7,2.7,7.2,79.0,998.6,11.9,41.0,88.0
2013-02-07,0.0,0.7,7.4,80.0,1003.1,8.8,43.0,89.0
2013-02-08,0.0,-0.9,7.4,70.0,1008.8,9.2,48.0,68.0
2013-02-09,0.4,-0.3,5.0,76.0,1012.9,5.2,45.0,83.0
2013-02-10,0.7,-2.1,4.9,77.0,1014.1,8.4,216.0,37.0
2013-02-11,29.8,-2.0,3.0,86.0,1008.0,18.5,61.0,92.0
2013-02-12,15.7,-1.0,4.6,87.0,1002.8,17.2,48.0,87.0
2013-02-13,0.0,-3.1,5.9,80.0,1010.9,8.6,29.0,65.0
2013-02-14,0.0,0.9,8.4,73.0,1016.9,8.4,28.0,65.0
2013-02-15,0.0,-2.3,8.9,82.0,1016.3,8.6,39.0,76.0
2013-02-16,0.0,0.9,10.2,80.0,1020.0,8.2,25.0,17.0
2013-02-17,0.0,2.6,9.0,72.0,1019.9,14.7,50.0,46.0
2013-02-18,0.0,2.4,8.4,68.0,1018.4,13.8,41.0,15.0
2013-02-19,0.0,-0.2,8.7,74.0,1015.8,8.6,92.0,50.0
2013-02-20,4.3,1.7,6.9,86.0,1013.4,10.8,73.0,79.0
2013-02-21,10.8,1.8,4.3,73.0,1012.6,29.0,58.0,98.0
2013-02-22,1.5,1.1,5.2,61.0,1005.8,23.1,55.0,84.0
2013-02-23,5.9,0.3,5.5,74.0,1003.0,16.9,51.0,89.0
2013-02-24,5.4,2.8,8.6,79.0,1004.3,17.7,75.0,60.0
2013-02-25,1.5,1.3,9.0,80.0,1016.0,10.7,67.0,28.0
2013-02-26,0.0,-1.6,10.8,73.0,1019.5,6.5,327.0,50.0
2013-02-27,3.7,4.2,9.6,88.0,1021.7,7.3,24.0,93.0
2013-02-28,0.0,4.8,11.0,83.0,1024.0,8.4,72.0,31.0
2013-03-01,0.0,2.6,8.9,92.0,1020.0,4.7,143.0,66.0
2013-03-02,0.0,1.7,10.1,80.0,1018.7,10.2,50.0,38.0
2013-03-03,0.0,2.2,11.5,78.0,1018.2,4.3,35.0,5.0
2013-03-04,0.0,0.9,11.8,81.0,1020.6,6.9,61.0,5.0
2013-03-05,0.0,2.0,11.2,77.0,1022.3,10.8,62.0,62.0
2013-03-06,15.2,6.3,9.4,88.0,1013.9,12.7,49.0,100.0
2013-03-07,8.5,9.0,12.5,93.0,1006.1,7.1,89.0,100.0
2013-03-08,3.9,8.0,11.4,95.0,1004.8,4.2,144.0,96.0
2013-03-09,5.6,7.7,12.4,94.0,1003.0,7.0,159.0,99.0
2013-03-10,8.9,8.4,13.2,90.0,1000.6,10.5,91.0,93.0
2013-03-11,0.2,7.2,12.6,87.0,999.5,6.6,82.0,84.0
2013-03-12,0.7,6.4,12.3,87.0,998.3,8.2,76.0,91.0
2013-03-13,6.0,6.9,10.8,94.0,996.2,7.1,86.0,98.0
2013-03-14,5.3,5.7,9.8,66.0,993.0,15.5,52.0,97.0
2013-03-15,0.1,1.9,8.2,38.0,1004.3,12.6,70.0,69.0
2013-03-16,0.0,2.0,6.6,54.0,1018.6,12.1,141.0,55.0
2013-03-17,1.9,2.1,9.2,70.0,1016.0,10.5,151.0,89.0
2013-03-18,45.9,4.4,8.0,93.0,997.8,18.2,56.0,91.0
2013-03-19,0.5,2.2,11.7,80.0,999.3,10.9,213.0,51.0
2013-03-20,3.3,3.4,11.8,86.0,1007.1,6.7,46.0,84.0
2013-03-21,5.5,6.2,14.8,72.0,1009.1,13.1,254.0,39.0
2013-03-22,0.0,6.2,12.8,71.0,1012.1,11.2,94.0,12.0
2013-03-23,1.6,5.3,11.5,78.0,1012.5,14.1,68.0,91.0
2013-03-24,14.7,3.7,7.9,87.0,1010.1,27.9,52.0,100.0
2013-03-25,14.7,2.4,5.8,79.0,1003.1,28.9,53.0,100.0
2013-03-26,0.0,2.3,7.4,65.0,1003.3,14.5,67.0,95.0
2013-03-27,0.0,1.4,7.5,65.0,1008.2,11.8,74.0,48.0
2013-03-28,4.7,4.0,7.4,78.0,1012.7,12.1,48.0,94.0
2013-03-29,8.1,5.5,10.0,87.0,1006.9,8.9,218.0,94.0
2013-03-30,28.9,6.9,9.5,92.0,1001.0,11.1,46.0,99.0
2013-03-31,15.5,7.6,10.5,82.0,997.1,14.0,32.0,88.0
2013-04-01,0.1,5.6,10.8,73.0,1005.7,14.3,53.0,88.0
2013-04-02,1.9,7.1,11.7,65.0,1002.4,23.1,51.0,88.0
2013-04-03,0.7,6.2,11.4,76.0,1005.2,8.2,74.0,84.0
2013-04-04,1.6,7.4,11.3,78.0,1008.6,11.5,93.0,96.0
2013-04-05,18.8,7.7,11.3,87.0,1001.6,17.8,34.0,100.0
2013-04-06,0.7,6.9,12.9,82.0,1009.5,8.8,70.0,86.0
2013-04-07,0.0,7.5,12.5,65.0,1012.4,14.9,65.0,66.0
2013-04-08,0.6,6.1,10.1,61.0,1011.1,9.0,96.0,94.0
2013-04-09,3.8,6.0,11.4,81.0,1009.1,9.5,139.0,91.0
2013-04-10,0.3,7.7,13.2,88.0,1011.3,6.8,136.0,80.0
2013-04-11,0.3,7.9,13.5,87.0,1014.3,11.0,122.0,80.0
2013-04-12,4.2,9.4,14.2,90.0,1009.6,10.6,163.0,75.0
2013-04-13,0.0,9.3,16.8,81.0,1017.7,8.7,72.0,44.0
2013-04-14,0.0,7.4,18.0,81.0,1026.4,8.0,104.0,23.0
2013-04-15,0.0,8.5,17.9,82.0,1023.5,6.4,113.0,10.0
2013-04-16,0.0,9.4,18.4,80.0,1022.3,8.3,103.0,44.0
2013-04-17,0.0,11.7,19.9,73.0,1023.0,6.1,158.0,69.0
2013-04-18,0.0,9.7,20.8,75.0,1019.6,6.5,142.0,16.0
2013-04-19,0.1,10.5,20.8,77.0,1015.2,9.6,88.0,43.0
2013-04-20,2.3,14.1,18.6,73.0,1015.2,18.4,48.0,97.0
2013-04-21,0.7,13.9,19.2,73.0,1014.8,13.7,43.0,78.0
2013-04-22,6.8,10.4,15.8,81.0,1013.6,11.0,80.0,63.0
2013-04-23,0.0,11.0,16.8,82.0,1021.5,6.3,124.0,36.0
2013-04-24,0.0,9.6,18.5,83.0,1028.5,6.2,173.0,18.0
2013-04-25,0.0,11.6,19.8,82.0,1025.9,6.4,175.0,14.0
2013-04-26,0.9,10.5,19.7,74.0,1017.8,7.4,163.0,60.0
2013-04-27,11.9,13.5,18.3,88.0,1008.0,12.1,143.0,89.0
2013-04-28,1.9,13.8,19.7,85.0,1011.7,10.0,160.0,58.0
2013-04-29,3.6,15.0,18.8,84.0,1018.5,10.6,69.0,99.0
2013-04-30,0.0,13.4,21.3,82.0,1018.8,7.3,56.0,79.0
2013-05-01,0.0,13.2,22.9,79.0,1018.3,7.9,71.0,68.0
2013-05-02,6.5,15.2,19.4,87.0,1015.3,7.9,101.0,97.0
2013-05-03,4.5,13.0,20.0,90.0,1013.3,7.5,178.0,85.0
2013-05-04,0.1,13.1,20.8,87.0,1014.6,5.9,105.0,43.0
2013-05-05,9.6,14.3,21.6,80.0,1016.7,13.6,56.0,94.0
2013-05-06,7.9,15.4,19.6,82.0,1015.6,11.9,54.0,91.0
2013-05-07,8.8,13.8,20.3,88.0,1013.5,5.1,42.0,68.0
2013-05-08,1.2,15.0,20.7,84.0,1014.4,7.9,104.0,34.0
2013-05-09,0.0,12.6,24.0,76.0,1014.5,4.9,294.0,52.0
2013-05-10,8.8,16.2,20.2,88.0,1011.7,4.6,199.0,90.0
2013-05-11,18.9,14.5,17.1,81.0,1010.5,11.5,20.0,87.0
2013-05-12,0.7,13.8,20.0,63.0,1011.5,10.1,32.0,56.0
2013-05-13,0.3,12.0,19.6,58.0,1015.7,9.9,136.0,19.0
2013-05-14,0.0,12.9,20.2,68.0,1013.9,8.9,124.0,4.0
2013-05-15,0.2,13.1,20.9,75.0,1008.4,12.5,92.0,54.0
2013-05-16,51.4,15.3,17.7,86.0,1002.1,27.2,111.0,91.0
2013-05-17,36.5,15.0,18.6,89.0,1002.3,15.3,149.0,76.0
2013-05-18,0.5,11.4,19.6,72.0,1013.1,12.0,199.0,38.0
2013-05-19,5.5,14.9,19.5,71.0,1011.0,15.5,61.0,62.0
2013-05-20,5.0,12.3,19.3,73.0,1014.4,12.5,217.0,33.0
2013-05-21,0.1,10.3,18.5,78.0,1013.9,8.1,170.0,43.0
2013-05-22,1.0,12.0,18.8,78.0,1007.0,9.2,62.0,51.0
2013-05-23,2.0,14.5,19.6,64.0,1001.7,13.9,93.0,79.0
2013-05-24,43.3,10.3,13.8,89.0,1003.5,21.4,52.0,94.0
2013-05-25,13.1,9.6,14.6,81.0,1007.5,11.0,63.0,97.0
2013-05-26,0.7,9.6,18.4,70.0,1009.4,12.7,200.0,67.0
2013-05-27,0.0,10.0,20.1,71.0,1010.2,12.6,213.0,59.0
2013-05-28,0.2,11.9,18.8,76.0,1008.1,10.7,182.0,63.0
2013-05-29,7.7,13.2,19.5,79.0,1002.2,7.1,183.0,54.0
2013-05-30,2.8,9.9,15.4,81.0,1002.9,5.6,61.0,97.0
2013-05-31,5.6,11.1,15.8,85.0,1001.4,6.7,201.0,100.0
2013-06-01,3.0,12.1,19.2,76.0,1004.8,9.3,100.0,80.0
2013-06-02,2.2,14.5,19.5,79.0,1008.7,9.4,136.0,95.0
2013-06-03,0.0,14.3,21.1,75.0,1014.1,7.7,109.0,68.0
2013-06-04,0.2,15.3,21.5,76.0,1013.9,7.6,116.0,58.0
2013-06-05,1.3,14.2,21.9,79.0,1015.5,7.8,144.0,48.0
2013-06-06,1.7,13.8,22.5,80.0,1017.5,6.6,343.0,57.0
2013-06-07,0.0,14.3,24.0,79.0,1017.0,5.4,87.0,44.0
2013-06-08,0.2,16.4,24.8,78.0,1014.6,5.9,158.0,46.0
2013-06-09,6.2,16.7,23.4,83.0,1011.5,10.2,131.0,67.0
2013-06-10,5.3,14.6,21.2,76.0,1009.1,8.6,242.0,75.0
2013-06-11,0.0,15.3,22.3,80.0,1011.4,5.7,98.0,56.0
2013-06-12,0.0,15.4,24.2,79.0,1016.5,6.2,76.0,19.0
2013-06-13,0.0,16.0,25.4,73.0,1018.3,7.0,110.0,5.0
2013-06-14,0.0,17.0,25.7,74.0,1015.5,5.2,169.0,18.0
2013-06-15,0.0,16.9,26.6,76.0,1014.6,5.2,153.0,39.0
2013-06-16,0.6,19.0,26.6,81.0,1015.5,7.5,111.0,34.0
2013-06-17,0.0,19.4,28.2,82.0,1016.0,6.2,159.0,5.0
2013-06-18,0.0,21.2,29.1,84.0,1015.5,5.1,169.0,21.0
2013-06-19,0.0,20.7,29.7,80.0,1015.3,6.3,155.0,9.0
2013-06-20,0.1,21.2,29.3,79.0,1013.9,8.4,147.0,11.0
2013-06-21,0.2,20.7,27.9,67.0,1013.4,10.3,250.0,3.0
2013-06-22,4.1,19.5,26.9,71.0,1013.5,7.2,250.0,30.0
2013-06-23,0.3,18.0,26.9,74.0,1011.9,7.7,223.0,20.0
2013-06-24,38.6,16.9,22.5,76.0,1010.9,19.4,19.0,75.0
2013-06-25,0.7,15.4,23.9,65.0,1015.2,8.2,89.0,31.0
2013-06-26,3.3,14.7,21.9,70.0,1019.9,9.9,14.0,56.0
2013-06-27,0.4,16.0,20.9,62.0,1020.9,13.4,62.0,67.0
2013-06-28,7.3,14.1,20.4,64.0,1018.6,11.6,14.0,66.0
2013-06-29,0.0,13.4,23.0,62.0,1017.4,9.2,317.0,34.0
2013-06-30,0.0,13.4,24.2,70.0,1017.3,5.8,160.0,8.0
2013-07-01,0.0,16.6,24.1,76.0,1018.4,11.7,98.0,23.0
2013-07-02,0.0,17.9,24.9,77.0,1017.3,8.5,103.0,26.0
2013-07-03,0.2,18.1,25.3,79.0,1014.6,7.1,122.0,82.0
2013-07-04,0.2,19.3,28.8,69.0,1015.4,8.4,341.0,43.0
2013-07-05,0.1,20.5,28.2,66.0,1020.0,8.7,28.0,22.0
2013-07-06,0.0,20.4,28.6,70.0,1021.0,8.0,352.0,33.0
2013-07-07,0.1,21.2,28.9,67.0,1021.5,12.4,44.0,68.0
2013-07-08,0.0,21.0,28.6,66.0,1021.7,10.0,22.0,59.0
2013-07-09,0.0,22.0,28.3,64.0,1018.6,10.1,35.0,30.0
2013-07-10,0.0,21.4,28.3,69.0,1013.2,6.5,333.0,80.0
2013-07-11,1.2,20.0,28.4,73.0,1010.5,6.9,336.0,76.0
2013-07-12,3.5,21.1,25.6,70.0,1015.1,10.9,77.0,71.0
2013-07-13,5.5,19.7,25.2,76.0,1015.7,8.8,62.0,61.0
2013-07-14,1.8,20.2,27.2,67.0,1017.0,7.7,43.0,20.0
2013-07-15,0.0,18.9,27.8,75.0,1017.0,5.2,162.0,26.0
2013-07-16,0.0,21.7,26.6,70.0,1019.6,9.0,86.0,23.0
2013-07-17,0.0,20.2,26.9,70.0,1019.9,6.8,128.0,28.0
2013-07-18,0.0,19.7,28.1,66.0,1018.2,7.5,74.0,14.0
2013-07-19,0.0,18.1,28.9,65.0,1016.4,5.2,316.0,19.0
2013-07-20,0.0,19.3,30.0,63.0,1014.7,5.9,13.0,11.0
2013-07-21,0.3,22.2,28.9,65.0,1016.4,8.5,42.0,52.0
2013-07-22,0.0,20.2,29.0,66.0,1015.9,6.5,102.0,10.0
2013-07-23,0.0,22.4,29.4,71.0,1012.9,4.7,253.0,58.0
2013-07-24,5.5,21.4,29.6,80.0,1013.4,6.4,130.0,48.0
2013-07-25,0.0,21.5,29.4,78.0,1014.9,4.5,246.0,25.0
2013-07-26,0.0,21.1,30.7,79.0,1014.6,7.0,172.0,23.0
2013-07-27,0.0,23.6,31.6,79.0,1012.6,7.5,172.0,15.0
2013-07-28,0.0,23.7,31.4,79.0,1013.4,9.0,129.0,16.0
2013-07-29,8.6,20.4,30.2,81.0,1013.9,9.5,176.0,54.0
2013-07-30,0.0,19.1,28.5,68.0,1016.0,6.1,325.0,10.0
2013-07-31,0.0,19.9,29.0,66.0,1017.4,8.2,52.0,7.0
2013-08-01,0.0,20.0,29.7,69.0,1017.4,7.2,99.0,8.0
2013-08-02,0.0,20.7,31.6,71.0,1016.6,6.3,209.0,1.0
2013-08-03,0.0,22.9,31.5,74.0,1015.8,7.0,192.0,0.0
2013-08-04,0.0,23.1,32.1,75.0,1016.1,5.9,148.0,10.0
2013-08-05,0.0,22.4,32.0,70.0,1015.3,6.9,35.0,3.0
2013-08-06,0.0,22.5,32.5,73.0,1013.6,5.6,186.0,2.0
2013-08-07,0.0,24.7,32.0,75.0,1011.8,9.2,95.0,36.0
2013-08-08,0.4,25.1,32.2,66.0,1012.5,13.1,338.0,45.0
2013-08-09,0.1,24.9,31.8,49.0,1011.7,17.2,279.0,83.0
2013-08-10,0.0,23.4,29.0,49.0,1013.3,13.8,25.0,41.0
2013-08-11,0.0,22.2,28.0,55.0,1015.5,8.9,34.0,20.0
2013-08-12,0.0,19.9,29.2,60.0,1014.8,8.6,58.0,3.0
2013-08-13,0.0,20.9,28.8,71.0,1012.9,7.7,102.0,17.0
2013-08-14,26.7,18.6,24.1,76.0,1016.2,24.9,44.0,78.0
2013-08-15,0.0,19.1,26.3,54.0,1019.5,17.1,47.0,4.0
2013-08-16,0.0,19.3,26.8,54.0,1018.8,11.7,27.0,1.0
2013-08-17,0.0,17.6,28.3,63.0,1016.1,5.7,6.0,1.0
2013-08-18,0.0,17.7,28.8,70.0,1015.8,5.2,192.0,5.0
2013-08-19,2.6,19.1,27.7,83.0,1014.5,7.5,95.0,47.0
2013-08-20,12.1,17.2,23.0,65.0,1017.9,22.1,41.0,86.0
2013-08-21,0.0,18.5,26.6,55.0,1019.5,12.5,35.0,26.0
2013-08-22,0.0,20.0,26.2,60.0,1016.8,11.6,37.0,5.0
2013-08-23,0.0,19.6,26.7,64.0,1014.7,8.3,24.0,63.0
2013-08-24,7.4,18.9,26.1,70.0,1012.4,8.4,66.0,50.0
2013-08-25,30.8,19.0,22.9,86.0,1007.7,10.7,40.0,86.0
2013-08-26,23.1,17.6,21.7,86.0,1009.8,9.2,46.0,78.0
2013-08-27,8.2,17.8,22.3,83.0,1010.8,7.0,64.0,57.0
2013-08-28,0.6,15.8,23.9,79.0,1011.6,5.9,21.0,67.0
2013-08-29,0.0,17.3,24.3,74.0,1018.0,9.1,54.0,38.0
2013-08-30,0.0,18.2,24.2,69.0,1019.1,9.5,40.0,22.0
2013-08-31,0.0,16.7,25.3,70.0,1018.9,5.9,41.0,35.0
2013-09-01,0.0,16.3,25.6,72.0,1018.7,7.7,32.0,52.0
2013-09-02,0.0,19.4,24.0,67.0,1021.1,11.1,55.0,47.0
2013-09-03,0.0,16.7,25.5,81.0,1022.3,6.1,123.0,9.0
2013-09-04,0.0,18.2,25.5,83.0,1022.4,6.7,91.0,16.0
2013-09-05,0.0,17.5,25.5,80.0,1017.3,5.9,88.0,20.0
2013-09-06,0.0,17.8,25.8,81.0,1013.9,5.4,106.0,19.0
2013-09-07,0.0,18.5,26.2,82.0,1016.5,5.1,119.0,25.0
2013-09-08,1.6,19.0,25.7,87.0,1018.2,7.0,95.0,80.0
2013-09-09,8.7,18.6,25.6,84.0,1014.2,8.8,58.0,54.0
2013-09-10,3.9,19.0,23.2,74.0,1013.6,14.7,49.0,84.0
2013-09-11,6.5,15.4,18.4,76.0,1012.4,22.1,41.0,79.0
2013-09-12,0.0,14.0,20.8,67.0,1013.4,9.8,42.0,42.0
2013-09-13,0.0,13.3,21.4,75.0,1016.9,6.5,64.0,33.0
2013-09-14,0.0,14.4,22.5,78.0,1017.0,6.7,87.0,41.0
2013-09-15,10.6,17.3,21.8,85.0,1012.6,8.0,82.0,96.0
2013-09-16,2.7,15.1,22.3,79.0,1005.6,8.7,227.0,64.0
2013-09-17,2.5,15.7,19.6,66.0,1001.4,15.3,117.0,59.0
2013-09-18,0.0,14.3,19.2,73.0,1005.2,7.1,87.0,60.0
2013-09-19,0.0,15.6,22.2,72.0,1006.5,9.0,76.0,45.0
2013-09-20,0.0,16.7,21.7,70.0,1014.8,12.7,84.0,30.0
2013-09-21,0.0,16.6,22.6,76.0,1020.2,8.9,57.0,38.0
2013-09-22,0.0,17.6,21.5,69.0,1024.6,10.2,104.0,66.0
2013-09-23,0.0,15.6,23.0,78.0,1020.6,6.7,142.0,9.0
2013-09-24,0.0,14.6,22.6,86.0,1015.5,7.5,114.0,39.0
2013-09-25,0.0,17.4,23.3,83.0,1013.5,9.3,195.0,47.0
2013-09-26,0.0,15.2,23.2,82.0,1013.4,8.6,191.0,56.0
2013-09-27,2.6,18.6,22.0,86.0,1013.7,7.7,108.0,75.0
2013-09-28,1.6,18.7,21.0,90.0,1012.2,8.6,83.0,90.0
2013-09-29,23.8,14.4,20.5,93.0,1007.7,14.6,52.0,100.0
2013-09-30,4.3,13.8,16.5,72.0,1004.8,24.0,55.0,91.0
2013-10-01,0.0,13.5,19.0,67.0,1008.6,10.1,55.0,51.0
2013-10-02,0.0,16.0,18.4,62.0,1016.1,17.1,77.0,68.0
2013-10-03,0.0,12.9,16.1,59.0,1025.5,16.5,72.0,79.0
2013-10-04,0.0,11.5,15.1,55.0,1027.4,13.8,60.0,95.0
2013-10-05,7.1,11.1,13.8,74.0,1022.5,15.8,47.0,99.0
2013-10-06,19.0,14.2,17.3,85.0,1020.7,17.0,55.0,92.0
2013-10-07,11.5,14.6,18.4,79.0,1021.9,21.1,59.0,99.0
2013-10-08,9.5,13.2,19.3,78.0,1022.4,15.7,47.0,99.0
2013-10-09,0.2,14.5,18.5,78.0,1018.8,6.4,45.0,57.0
2013-10-10,8.3,14.0,18.8,87.0,1009.3,11.2,155.0,77.0
2013-10-11,1.7,10.8,17.1,69.0,1010.3,14.0,206.0,29.0
2013-10-12,4.4,12.2,15.5,78.0,1017.6,12.5,41.0,60.0
2013-10-13,0.0,10.5,17.7,75.0,1021.2,8.6,45.0,34.0
2013-10-14,0.4,12.6,17.2,83.0,1021.2,5.5,68.0,88.0
2013-10-15,0.1,11.9,16.9,87.0,1016.4,5.0,247.0,74.0
2013-10-16,0.5,12.5,18.6,82.0,1008.4,7.7,234.0,46.0
2013-10-17,0.0,11.4,18.5,76.0,1015.0,10.2,74.0,10.0
2013-10-18,0.0,10.4,18.4,87.0,1017.5,6.5,86.0,38.0
2013-10-19,0.0,11.3,18.1,84.0,1022.1,7.5,56.0,66.0
2013-10-20,8.5,13.2,18.1,88.0,1023.9,5.8,75.0,95.0
2013-10-21,2.5,14.6,18.8,89.0,1022.7,6.8,14.0,82.0
2013-10-22,0.1,14.7,18.9,91.0,1021.6,4.9,149.0,78.0
2013-10-23,1.5,15.0,19.4,93.0,1019.2,8.9,141.0,93.0
2013-10-24,17.4,16.5,19.0,94.0,1019.9,7.7,67.0,92.0
2013-10-25,0.0,15.5,19.6,91.0,1022.0,6.6,351.0,74.0
2013-10-26,0.0,15.5,19.1,90.0,1022.5,7.1,213.0,89.0
2013-10-27,0.5,14.6,18.8,92.0,1020.1,9.9,201.0,88.0
2013-10-28,0.9,16.2,20.0,91.0,1016.4,5.3,190.0,78.0
2013-10-29,10.4,15.1,19.7,92.0,1014.4,6.4,104.0,78.0
2013-10-30,9.8,15.3,19.0,83.0,1017.2,18.7,46.0,92.0
2013-10-31,0.0,13.7,17.7,61.0,1023.3,19.1,48.0,53.0
2013-11-01,0.0,9.8,16.9,79.0,1022.1,8.0,63.0,39.0
2013-11-02,0.8,12.4,17.1,89.0,1016.4,4.1,202.0,98.0
2013-11-03,4.8,12.4,17.4,91.0,1009.0,8.9,206.0,78.0
2013-11-04,8.8,11.4,14.1,86.0,1004.7,10.7,44.0,96.0
2013-11-05,6.1,11.0,16.5,79.0,997.1,10.6,31.0,60.0
2013-11-06,0.0,10.5,15.5,82.0,1004.7,8.2,80.0,48.0
2013-11-07,0.0,10.4,16.6,83.0,1015.1,11.1,56.0,30.0
2013-11-08,2.4,13.4,16.5,86.0,1016.9,7.5,52.0,91.0
2013-11-09,14.2,12.7,17.5,93.0,1010.9,5.5,173.0,84.0
2013-11-10,2.3,10.5,13.4,78.0,1005.8,16.2,41.0,86.0
2013-11-11,0.2,11.3,13.7,46.0,1010.2,22.3,41.0,75.0
2013-11-12,0.0,10.0,16.2,57.0,1020.3,20.9,47.0,34.0
2013-11-13,0.0,11.5,15.7,72.0,1019.8,16.6,54.0,49.0
2013-11-14,5.4,10.2,13.4,72.0,1017.9,15.2,59.0,88.0
2013-11-15,38.0,8.8,11.2,87.0,1016.9,29.9,45.0,94.0
2013-11-16,0.0,9.5,14.2,69.0,1024.2,19.2,49.0,21.0
2013-11-17,0.0,7.2,13.0,76.0,1023.4,10.3,42.0,32.0
2013-11-18,0.2,8.7,13.4,74.0,1017.8,13.1,37.0,90.0
2013-11-19,27.3,11.1,12.1,89.0,1005.5,20.7,52.0,98.0
2013-11-20,6.9,9.6,13.6,83.0,1001.3,12.2,40.0,65.0
2013-11-21,12.4,7.1,9.4,85.0,999.8,10.5,98.0,72.0
2013-11-22,9.4,6.6,11.1,80.0,1000.2,16.8,55.0,81.0
2013-11-23,18.9,7.4,9.9,81.0,999.9,29.0,39.0,100.0
2013-11-24,0.2,8.0,12.1,75.0,1005.9,14.8,31.0,95.0
2013-11-25,0.0,4.2,9.8,53.0,1014.2,17.7,39.0,17.0
2013-11-26,0.0,1.3,7.2,43.0,1020.9,17.8,31.0,2.0
2013-11-27,0.0,1.5,6.5,49.0,1025.6,13.5,38.0,79.0
2013-11-28,0.0,2.4,7.0,59.0,1029.4,12.4,48.0,7.0
2013-11-29,0.0,1.9,6.8,72.0,1025.2,3.5,252.0,21.0
2013-11-30,0.5,1.5,7.8,74.0,1017.1,15.1,28.0,72.0
2013-12-01,0.3,4.4,10.1,57.0,1021.2,24.1,45.0,27.0
2013-12-02,0.1,5.3,10.2,55.0,1025.2,23.6,54.0,19.0
2013-12-03,0.0,2.7,9.2,64.0,1028.9,14.8,39.0,12.0
2013-12-04,0.0,1.2,8.0,81.0,1024.5,4.6,25.0,11.0
2013-12-05,0.0,-0.3,10.8,79.0,1021.1,6.1,39.0,34.0
2013-12-06,0.0,0.5,8.9,86.0,1012.7,6.5,311.0,27.0
2013-12-07,0.0,3.3,9.8,68.0,1021.0,7.3,69.0,22.0
2013-12-08,0.0,2.0,9.8,85.0,1027.5,7.4,24.0,10.0
2013-12-09,0.0,1.7,7.2,91.0,1029.5,3.2,260.0,83.0
2013-12-10,0.0,1.4,8.7,90.0,1033.4,3.4,350.0,30.0
2013-12-11,0.0,1.5,9.3,92.0,1035.3,3.9,325.0,30.0
2013-12-12,0.0,1.3,7.9,94.0,1032.1,5.7,290.0,52.0
2013-12-13,0.0,0.6,7.5,94.0,1026.0,4.9,265.0,62.0
2013-12-14,0.0,2.0,6.4,95.0,1026.5,3.6,56.0,85.0
2013-12-15,0.0,0.5,9.6,85.0,1032.2,7.5,21.0,12.0
2013-12-16,0.0,0.9,6.4,94.0,1035.1,3.4,325.0,36.0
2013-12-17,0.0,0.1,8.0,91.0,1032.8,4.0,299.0,37.0
2013-12-18,0.0,0.6,5.4,92.0,1027.2,3.1,349.0,89.0
2013-12-19,0.0,0.8,6.7,92.0,1023.0,3.6,43.0,89.0
2013-12-20,0.0,3.3,10.1,88.0,1026.4,8.6,17.0,95.0
2013-12-21,0.0,3.7,9.4,93.0,1034.7,3.6,270.0,80.0
2013-12-22,0.4,5.4,8.9,96.0,1032.0,3.1,214.0,91.0
2013-12-23,0.0,5.8,8.3,96.0,1027.1,2.8,253.0,96.0
2013-12-24,0.0,5.8,9.6,91.0,1021.3,5.0,201.0,90.0
2013-12-25,11.2,6.1,11.3,92.0,1008.8,18.2,168.0,98.0
2013-12-26,30.0,8.1,12.9,90.0,994.5,24.9,135.0,93.0
2013-12-27,0.3,6.7,11.7,84.0,1006.9,10.9,24.0,53.0
2013-12-28,0.0,3.5,10.2,89.0,1015.1,4.5,94.0,73.0
2013-12-29,6.4,6.7,10.6,94.0,1016.4,6.9,34.0,96.0
2013-12-30,0.6,6.6,10.6,68.0,1024.8,18.1,37.0,86.0
2013-12-31,0.0,2.1,10.0,77.0,1022.3,8.4,357.0,28.0
2014-01-01,0.0,1.9,8.5,82.0,1019.9,5.0,24.0,16.0
2014-01-02,0.8,3.6,6.9,88.0,1017.7,5.9,41.0,99.0
2014-01-03,0.0,4.6,8.1,89.0,1019.8,4.6,321.0,96.0
2014-01-04,28.6,5.6,9.6,94.0,1016.5,8.9,76.0,99.0
2014-01-05,31.2,8.1,10.8,95.0,1006.3,10.2,56.0,96.0
2014-01-06,0.0,5.1,12.4,81.0,1018.5,6.0,32.0,77.0
2014-01-07,0.0,6.1,9.7,93.0,1023.9,2.4,249.0,84.0
2014-01-08,0.0,5.1,9.1,95.0,1026.5,2.6,103.0,97.0
2014-01-09,0.1,5.4,8.3,97.0,1022.9,4.2,183.0,100.0
2014-01-10,1.1,6.0,9.1,93.0,1019.2,6.5,231.0,90.0
2014-01-11,0.0,5.8,10.2,93.0,1021.8,4.3,61.0,90.0
2014-01-12,0.0,6.5,8.6,96.0,1023.0,2.8,200.0,99.0
2014-01-13,0.6,6.0,8.8,88.0,1020.2,2.8,344.0,93.0
2014-01-14,26.2,6.3,9.5,94.0,1008.1,14.1,124.0,100.0
2014-01-15,0.0,2.7,9.7,90.0,1010.9,7.2,251.0,45.0
2014-01-16,0.2,4.3,7.1,93.0,1015.6,5.1,226.0,98.0
2014-01-17,27.1,5.6,9.4,95.0,1010.8,9.4,92.0,100.0
2014-01-18,21.0,7.2,9.6,97.0,1009.6,7.2,44.0,99.0
2014-01-19,14.6,9.7,12.0,96.0,1003.9,10.5,60.0,99.0
2014-01-20,2.1,7.8,11.3,95.0,1000.7,4.8,36.0,98.0
2014-01-21,0.1,5.9,13.2,88.0,1003.2,5.4,302.0,77.0
2014-01-22,2.3,5.4,10.4,95.0,1010.6,5.7,82.0,69.0
2014-01-23,1.8,6.0,10.4,94.0,1014.9,4.6,56.0,88.0
2014-01-24,9.3,6.6,7.7,90.0,1008.3,13.3,43.0,99.0
2014-01-25,0.0,1.8,9.2,86.0,1009.9,6.1,145.0,32.0
2014-01-26,0.4,4.5,8.2,82.0,1009.2,8.4,121.0,60.0
2014-01-27,5.4,4.7,7.5,82.0,1002.5,18.0,56.0,87.0
2014-01-28,8.1,3.2,7.4,78.0,999.6,15.0,46.0,99.0
2014-01-29,0.3,0.9,6.9,77.0,1004.8,10.3,85.0,77.0
2014-01-30,28.6,2.6,7.7,89.0,1009.6,23.9,49.0,100.0
2014-01-31,39.2,7.1,8.7,94.0,1010.5,16.3,63.0,100.0
2014-02-01,29.6,8.1,9.6,95.0,1010.6,12.5,46.0,100.0
2014-02-02,23.6,7.6,8.6,91.0,1009.1,23.2,50.0,100.0
2014-02-03,35.8,5.9,7.5,90.0,1014.0,26.6,56.0,100.0
2014-02-04,22.6,5.5,7.4,91.0,1015.6,19.1,46.0,100.0
2014-02-05,3.0,6.1,9.4,91.0,1012.6,7.7,45.0,100.0
2014-02-06,4.6,5.1,11.8,87.0,1012.2,9.8,68.0,48.0
2014-02-07,9.2,4.7,9.4,91.0,1012.8,8.0,166.0,71.0
2014-02-08,1.9,6.2,11.0,87.0,1008.2,9.0,225.0,86.0
2014-02-09,16.6,3.6,10.7,88.0,1002.0,8.2,257.0,78.0
2014-02-10,24.1,3.4,7.8,92.0,1005.7,15.0,45.0,92.0
2014-02-11,5.1,5.8,10.5,91.0,1005.1,6.1,314.0,96.0
2014-02-12,0.0,3.3,12.3,85.0,1006.9,9.1,252.0,30.0
2014-02-13,2.5,3.1,9.7,92.0,1009.8,4.1,123.0,82.0
2014-02-14,0.6,3.1,11.3,88.0,1010.0,6.9,274.0,36.0
2014-02-15,0.6,3.9,10.8,87.0,1015.7,7.0,51.0,89.0
2014-02-16,1.5,6.7,11.3,95.0,1014.3,3.8,132.0,79.0
2014-02-17,20.6,7.4,10.2,88.0,1013.5,11.1,55.0,76.0
2014-02-18,0.2,5.7,12.7,78.0,1020.3,12.4,41.0,68.0
2014-02-19,18.3,9.6,11.7,94.0,1013.7,11.7,94.0,100.0
2014-02-20,7.0,8.5,10.4,79.0,1013.9,16.3,38.0,100.0
2014-02-21,0.0,6.4,13.2,79.0,1012.0,6.9,126.0,53.0
2014-02-22,19.7,7.3,9.0,85.0,1012.9,13.8,28.0,96.0
2014-02-23,0.0,2.9,12.1,78.0,1021.3,5.4,24.0,11.0
2014-02-24,0.0,1.8,13.1,73.0,1021.8,8.2,18.0,1.0
2014-02-25,0.0,4.3,11.5,84.0,1019.5,5.7,121.0,43.0
2014-02-26,1.7,4.7,11.5,90.0,1019.6,7.3,85.0,87.0
2014-02-27,4.3,5.6,11.6,91.0,1019.4,6.1,52.0,66.0
2014-02-28,2.6,5.1,10.5,88.0,1011.2,6.9,154.0,77.0
2014-03-01,34.2,6.9,9.4,90.0,1001.2,23.5,72.0,100.0
2014-03-02,21.0,7.8,11.2,85.0,999.0,15.4,50.0,91.0
2014-03-03,0.3,5.7,11.6,81.0,998.2,7.1,81.0,54.0
2014-03-04,1.1,6.9,12.5,73.0,996.5,22.5,59.0,98.0
2014-03-05,0.0,4.4,13.8,70.0,1008.7,8.1,18.0,82.0
2014-03-06,0.0,3.1,14.6,73.0,1018.3,7.1,46.0,14.0
2014-03-07,0.0,5.2,14.2,74.0,1022.3,6.2,65.0,16.0
2014-03-08,0.0,8.1,14.4,73.0,1026.7,9.8,55.0,20.0
2014-03-09,0.0,4.4,15.9,73.0,1029.0,7.4,20.0,6.0
2014-03-10,0.0,7.1,15.2,64.0,1023.5,19.2,64.0,44.0
2014-03-11,0.0,6.8,14.2,65.0,1023.7,10.1,39.0,55.0
2014-03-12,0.0,4.1,16.8,72.0,1028.6,7.4,327.0,0.0
2014-03-13,0.0,3.8,16.3,73.0,1027.5,5.7,73.0,0.0
2014-03-14,0.0,5.9,15.6,78.0,1024.9,5.6,149.0,11.0
2014-03-15,0.0,6.1,14.1,88.0,1017.1,7.7,130.0,63.0
2014-03-16,0.0,8.1,16.3,86.0,1014.6,9.0,135.0,45.0
2014-03-17,0.0,8.2,15.4,92.0,1017.5,7.4,132.0,72.0
2014-03-18,0.0,9.0,15.8,89.0,1018.2,6.7,140.0,69.0
2014-03-19,0.0,9.9,16.4,88.0,1018.9,5.7,163.0,44.0
2014-03-20,0.0,8.7,17.4,81.0,1025.0,6.9,80.0,24.0
2014-03-21,0.3,8.1,16.2,84.0,1020.0,7.4,149.0,76.0
2014-03-22,4.7,10.5,15.3,89.0,1013.2,11.4,153.0,80.0
2014-03-23,22.7,8.7,14.5,86.0,1001.8,19.2,177.0,81.0
2014-03-24,7.7,6.9,11.6,75.0,1005.1,15.9,47.0,81.0
2014-03-25,0.1,3.5,11.3,75.0,1008.9,10.8,64.0,63.0
2014-03-26,0.0,6.3,12.9,64.0,1010.1,18.9,52.0,84.0
2014-03-27,0.0,9.3,15.8,55.0,1009.2,23.2,40.0,97.0
2014-03-28,0.0,8.6,18.0,57.0,1013.5,8.7,355.0,23.0
2014-03-29,0.0,6.3,18.3,69.0,1020.9,8.3,32.0,6.0
2014-03-30,0.0,8.8,17.6,75.0,1018.5,6.5,170.0,23.0
2014-03-31,0.0,9.5,17.9,80.0,1014.4,5.9,131.0,21.0
2014-04-01,0.0,9.1,17.7,82.0,1013.2,7.3,187.0,69.0
2014-04-02,0.0,8.8,17.3,80.0,1012.9,8.9,205.0,53.0
2014-04-03,0.0,10.0,16.4,87.0,1011.7,8.7,104.0,99.0
2014-04-04,0.2,11.4,16.2,76.0,1007.9,14.1,58.0,96.0
2014-04-05,3.6,11.6,16.4,82.0,1009.0,7.6,22.0,92.0
2014-04-06,0.0,8.8,20.9,77.0,1015.2,5.6,39.0,47.0
2014-04-07,0.0,9.7,20.0,78.0,1018.5,7.6,130.0,21.0
2014-04-08,2.8,11.4,18.8,81.0,1016.3,7.5,126.0,87.0
2014-04-09,3.9,10.9,16.3,75.0,1017.5,11.0,100.0,41.0
2014-04-10,0.0,8.6,17.5,77.0,1017.8,8.8,131.0,34.0
2014-04-11,0.0,11.8,14.8,76.0,1017.1,12.4,108.0,67.0
2014-04-12,0.0,10.8,16.0,77.0,1016.7,9.6,116.0,71.0
2014-04-13,0.0,10.2,16.3,82.0,1016.8,7.7,128.0,64.0
2014-04-14,0.9,9.7,17.2,87.0,1013.1,12.1,169.0,45.0
2014-04-15,8.3,9.2,16.0,65.0,1013.4,10.2,97.0,35.0
2014-04-16,0.0,5.6,16.3,48.0,1019.9,8.0,31.0,19.0
2014-04-17,0.0,8.4,17.3,45.0,1017.9,12.4,53.0,3.0
2014-04-18,0.0,7.4,16.7,69.0,1009.4,4.9,165.0,86.0
2014-04-19,0.7,11.0,17.9,68.0,1006.1,17.6,43.0,71.0
2014-04-20,1.3,10.2,16.1,80.0,1006.8,9.7,86.0,52.0
2014-04-21,10.1,11.8,15.2,88.0,1007.0,13.6,66.0,98.0
2014-04-22,0.0,9.8,18.4,83.0,1012.0,7.9,143.0,36.0
2014-04-23,0.1,10.7,21.7,78.0,1015.5,5.9,24.0,68.0
2014-04-24,0.0,11.5,21.4,75.0,1013.6,9.5,230.0,78.0
2014-04-25,0.0,11.1,21.1,78.0,1010.1,6.0,125.0,34.0
2014-04-26,0.1,12.1,21.1,80.0,1008.9,7.5,97.0,45.0
2014-04-27,19.8,13.9,17.4,88.0,1005.3,12.6,111.0,97.0
2014-04-28,10.3,13.1,17.0,85.0,1004.3,11.0,62.0,87.0
2014-04-29,13.5,12.8,20.1,79.0,1006.7,7.5,62.0,71.0
2014-04-30,4.8,12.7,17.6,86.0,1008.0,6.3,87.0,96.0
2014-05-01,0.2,9.8,20.9,79.0,1008.8,6.5,221.0,66.0
2014-05-02,7.7,10.5,17.5,88.0,1008.5,9.5,92.0,94.0
2014-05-03,4.5,10.8,19.1,81.0,1007.5,7.5,40.0,91.0
2014-05-04,0.6,9.3,18.5,69.0,1010.5,9.4,164.0,41.0
2014-05-05,0.0,11.2,17.6,69.0,1017.0,10.2,155.0,52.0
2014-05-06,0.0,9.7,19.0,71.0,1018.4,9.7,153.0,44.0
2014-05-07,1.9,12.9,19.4,81.0,1016.1,9.6,145.0,96.0
2014-05-08,2.8,12.0,19.9,78.0,1017.5,11.1,127.0,19.0
2014-05-09,0.0,11.7,21.1,78.0,1016.1,7.9,156.0,41.0
2014-05-10,0.0,13.0,22.2,76.0,1013.7,8.6,131.0,56.0
2014-05-11,5.6,15.2,21.4,81.0,1007.4,12.4,212.0,71.0
2014-05-12,0.6,11.9,19.0,63.0,1011.7,12.4,77.0,50.0
2014-05-13,2.4,13.1,17.1,61.0,1012.0,16.4,47.0,62.0
2014-05-14,0.2,9.1,20.8,59.0,1015.2,9.6,332.0,44.0
2014-05-15,0.0,8.5,21.3,49.0,1016.8,7.1,21.0,55.0
2014-05-16,0.0,13.7,19.6,52.0,1012.9,12.9,320.0,88.0
2014-05-17,0.0,12.5,20.0,61.0,1014.7,12.2,185.0,41.0
2014-05-18,0.0,11.4,20.2,78.0,1015.0,9.3,134.0,47.0
2014-05-19,0.0,14.0,19.9,83.0,1015.8,7.6,103.0,47.0
2014-05-20,0.0,13.0,20.6,80.0,1017.7,8.2,171.0,38.0
2014-05-21,0.0,13.4,21.8,81.0,1018.2,7.6,147.0,27.0
2014-05-22,0.0,15.5,22.7,77.0,1015.9,9.2,130.0,23.0
2014-05-23,8.2,16.6,21.4,82.0,1012.7,7.1,101.0,76.0
2014-05-24,0.0,14.6,23.8,72.0,1014.0,8.8,222.0,12.0
2014-05-25,0.0,13.0,23.9,71.0,1016.1,7.9,150.0,14.0
2014-05-26,3.7,15.1,21.2,79.0,1013.7,9.0,223.0,73.0
2014-05-27,1.6,15.2,21.9,73.0,1010.3,11.5,238.0,58.0
2014-05-28,5.5,14.4,21.2,78.0,1009.6,6.3,129.0,74.0
2014-05-29,3.0,14.1,22.0,79.0,1010.2,7.4,69.0,71.0
2014-05-30,13.2,13.7,21.5,84.0,1011.9,8.9,101.0,87.0
2014-05-31,2.1,14.8,20.4,61.0,1016.3,9.6,62.0,40.0
2014-06-01,0.0,13.2,22.1,66.0,1016.4,5.0,104.0,10.0
2014-06-02,0.3,12.2,22.3,69.0,1015.9,5.9,110.0,26.0
2014-06-03,0.1,13.7,23.0,71.0,1013.5,5.2,43.0,32.0
2014-06-04,0.2,14.6,22.7,71.0,1010.9,7.4,84.0,60.0
2014-06-05,5.6,15.4,22.6,82.0,1013.0,5.4,104.0,77.0
2014-06-06,0.0,17.1,24.4,77.0,1017.7,9.0,114.0,36.0
2014-06-07,0.0,16.7,26.8,77.0,1017.4,5.8,160.0,11.0
2014-06-08,0.0,17.5,28.9,78.0,1018.5,4.8,194.0,25.0
2014-06-09,0.0,18.4,29.5,74.0,1018.3,6.0,82.0,2.0
2014-06-10,0.0,18.6,30.8,70.0,1017.2,5.9,196.0,8.0
2014-06-11,0.0,20.9,31.4,72.0,1017.3,4.1,162.0,21.0
2014-06-12,0.0,22.7,31.6,66.0,1017.6,8.3,44.0,58.0
2014-06-13,0.3,22.0,28.4,70.0,1013.8,5.3,46.0,48.0
2014-06-14,3.2,20.2,25.7,70.0,1010.5,10.0,66.0,90.0
2014-06-15,0.1,20.3,24.8,51.0,1013.0,20.5,63.0,97.0
2014-06-16,0.5,19.7,22.6,51.0,1013.8,17.4,75.0,89.0
2014-06-17,0.0,17.5,24.3,52.0,1013.4,14.8,66.0,23.0
2014-06-18,0.3,17.0,25.2,56.0,1014.4,11.4,53.0,46.0
2014-06-19,0.1,17.0,26.2,57.0,1013.4,9.0,311.0,19.0
2014-06-20,0.0,16.1,26.1,69.0,1010.6,7.2,109.0,53.0
2014-06-21,1.0,19.9,23.6,62.0,1014.6,12.7,104.0,43.0
2014-06-22,0.0,17.4,24.9,75.0,1016.9,10.2,125.0,55.0
2014-06-23,1.3,20.9,25.7,83.0,1017.2,8.5,137.0,85.0
2014-06-24,3.4,19.6,25.9,79.0,1012.2,10.5,57.0,71.0
2014-06-25,17.5,18.4,20.7,84.0,1008.0,10.9,55.0,90.0
2014-06-26,0.0,16.9,23.6,78.0,1011.0,10.2,74.0,40.0
2014-06-27,0.3,16.9,25.2,74.0,1015.0,7.0,95.0,66.0
2014-06-28,0.2,19.8,25.5,76.0,1015.7,8.1,132.0,31.0
2014-06-29,6.9,18.1,26.7,80.0,1010.1,7.6,157.0,76.0
2014-06-30,12.6,18.1,23.6,68.0,1009.4,11.1,67.0,57.0
2014-07-01,0.2,17.3,23.5,72.0,1017.0,12.6,78.0,50.0
2014-07-02,4.2,18.4,24.6,75.0,1018.1,10.1,76.0,50.0
2014-07-03,0.6,18.0,25.4,66.0,1023.1,11.0,62.0,9.0
2014-07-04,0.0,15.6,25.4,67.0,1019.2,7.2,89.0,52.0
2014-07-05,0.0,18.1,26.3,72.0,1011.7,6.5,151.0,34.0
2014-07-06,0.0,19.5,27.5,78.0,1013.4,8.1,134.0,20.0
2014-07-07,4.3,20.5,27.3,85.0,1013.5,8.1,129.0,57.0
2014-07-08,22.6,19.7,24.5,81.0,1007.7,10.7,202.0,70.0
2014-07-09,14.4,16.8,23.6,73.0,1005.6,10.2,64.0,61.0
2014-07-10,26.8,15.9,20.6,75.0,1005.7,14.7,53.0,90.0
2014-07-11,0.0,15.2,23.6,73.0,1007.3,6.0,177.0,48.0
2014-07-12,5.1,16.9,24.1,84.0,1009.5,7.8,101.0,60.0
2014-07-13,14.1,17.8,22.7,82.0,1011.5,7.3,69.0,74.0
2014-07-14,1.0,18.6,23.2,84.0,1012.6,6.0,86.0,96.0
2014-07-15,0.0,16.9,28.2,72.0,1016.0,5.3,313.0,19.0
2014-07-16,0.0,19.3,29.3,66.0,1017.0,6.8,1.0,34.0
2014-07-17,0.0,20.0,28.9,70.0,1017.3,7.4,33.0,43.0
2014-07-18,0.0,19.8,29.4,69.0,1016.8,5.4,27.0,12.0
2014-07-19,0.0,20.3,29.5,76.0,1015.6,6.3,142.0,34.0
2014-07-20,0.0,22.2,29.1,81.0,1013.0,8.0,152.0,65.0
2014-07-21,28.6,19.7,24.5,86.0,1008.2,12.9,92.0,80.0
2014-07-22,2.4,17.4,25.2,81.0,1008.0,7.2,77.0,84.0
2014-07-23,2.4,20.0,27.2,77.0,1009.6,6.3,322.0,77.0
2014-07-24,1.3,21.1,24.0,77.0,1010.7,6.9,3.0,99.0
2014-07-25,0.0,18.2,25.6,77.0,1012.1,5.2,191.0,60.0
2014-07-26,42.4,18.8,21.3,92.0,1011.5,10.8,76.0,99.0
2014-07-27,9.8,18.8,25.0,83.0,1011.0,9.6,34.0,68.0
2014-07-28,2.0,18.8,26.8,82.0,1010.0,7.2,196.0,43.0
2014-07-29,18.3,19.5,24.3,88.0,1007.4,8.0,65.0,89.0
2014-07-30,35.2,19.2,23.4,86.0,1003.8,18.4,60.0,94.0
2014-07-31,4.2,19.4,23.9,87.0,1008.4,4.5,128.0,93.0
2014-08-01,3.0,19.4,27.1,84.0,1009.4,4.5,104.0,55.0
2014-08-02,0.8,19.9,27.0,79.0,1009.6,8.5,21.0,59.0
2014-08-03,16.9,19.4,24.4,87.0,1011.3,8.7,331.0,62.0
2014-08-04,0.0,18.9,26.3,80.0,1013.2,3.4,204.0,27.0
2014-08-05,3.7,18.8,25.9,76.0,1012.9,10.8,18.0,52.0
2014-08-06,0.0,18.0,27.0,75.0,1012.8,4.8,196.0,34.0
2014-08-07,0.7,19.6,27.2,74.0,1012.5,5.2,26.0,55.0
2014-08-08,0.1,19.3,27.3,77.0,1013.5,6.8,54.0,44.0
2014-08-09,2.8,20.8,26.8,85.0,1013.5,7.4,33.0,70.0
2014-08-10,0.0,20.8,27.4,83.0,1014.2,8.7,111.0,62.0
2014-08-11,1.7,22.4,27.8,87.0,1011.5,10.1,120.0,82.0
2014-08-12,4.6,22.1,26.9,82.0,1010.4,13.1,44.0,57.0
2014-08-13,9.0,21.0,26.7,85.0,1006.9,11.7,32.0,66.0
2014-08-14,8.4,19.7,22.9,86.0,1007.7,11.4,54.0,49.0
2014-08-15,0.1,18.0,23.3,71.0,1011.8,11.5,42.0,35.0
2014-08-16,0.0,17.3,23.0,67.0,1015.0,10.7,29.0,41.0
2014-08-17,0.0,14.3,23.2,69.0,1016.7,8.6,81.0,30.0
2014-08-18,0.2,15.9,24.4,73.0,1012.9,7.3,118.0,21.0
2014-08-19,3.6,17.6,23.0,84.0,1012.3,7.2,32.0,81.0
2014-08-20,5.1,17.5,23.3,82.0,1012.8,6.7,74.0,62.0
2014-08-21,13.2,18.3,22.6,82.0,1012.7,10.6,56.0,59.0
2014-08-22,11.5,17.8,23.3,79.0,1013.9,11.2,46.0,57.0
2014-08-23,15.9,17.6,20.5,87.0,1012.5,9.5,27.0,78.0
2014-08-24,0.4,14.9,22.3,77.0,1013.8,8.8,58.0,46.0
2014-08-25,0.0,18.1,21.8,63.0,1016.7,14.9,56.0,69.0
2014-08-26,6.6,18.5,22.0,81.0,1011.5,7.0,200.0,92.0
2014-08-27,3.7,18.7,25.4,83.0,1009.1,6.3,279.0,38.0
2014-08-28,1.9,19.7,23.6,67.0,1015.9,17.3,51.0,39.0
2014-08-29,0.0,17.6,25.5,68.0,1016.6,7.5,39.0,24.0
2014-08-30,0.0,16.4,26.3,75.0,1015.1,4.8,34.0,53.0
2014-08-31,6.7,19.3,24.9,76.0,1011.6,8.7,57.0,81.0
2014-09-01,13.6,14.5,20.5,74.0,1007.5,15.8,26.0,86.0
2014-09-02,0.9,15.0,22.5,70.0,1010.9,13.4,58.0,74.0
2014-09-03,13.6,15.8,24.8,79.0,1012.4,10.3,346.0,74.0
2014-09-04,1.8,19.1,23.7,81.0,1013.3,10.1,25.0,96.0
2014-09-05,0.0,19.0,25.7,74.0,1012.6,10.5,23.0,49.0
2014-09-06,0.0,16.7,24.8,77.0,1011.1,8.5,52.0,28.0
2014-09-07,0.0,17.3,24.2,79.0,1013.0,6.9,38.0,42.0
2014-09-08,0.0,16.9,24.8,80.0,1015.3,7.6,79.0,24.0
2014-09-09,3.5,17.7,24.8,87.0,1014.9,6.4,126.0,48.0
2014-09-10,12.2,18.3,23.0,85.0,1012.0,10.3,50.0,73.0
2014-09-11,1.8,17.4,21.6,70.0,1009.7,16.1,47.0,68.0
2014-09-12,4.0,14.9,19.9,78.0,1011.3,4.8,17.0,76.0
2014-09-13,2.1,14.1,21.1,81.0,1014.4,6.5,114.0,80.0
2014-09-14,0.0,13.9,22.3,83.0,1015.3,6.0,102.0,34.0
2014-09-15,0.2,15.7,22.7,83.0,1015.1,5.9,115.0,42.0
2014-09-16,0.0,17.0,23.2,80.0,1015.4,9.5,42.0,63.0
2014-09-17,0.0,16.7,22.5,71.0,1016.0,10.7,57.0,29.0
2014-09-18,0.0,16.3,22.2,76.0,1016.8,8.2,76.0,49.0
2014-09-19,0.0,16.8,22.4,84.0,1018.4,5.7,84.0,75.0
2014-09-20,6.0,17.7,23.3,88.0,1016.1,7.6,88.0,70.0
2014-09-21,1.8,17.5,23.5,87.0,1013.6,4.8,177.0,52.0
2014-09-22,28.9,15.8,22.5,85.0,1009.2,10.3,56.0,57.0
2014-09-23,0.0,14.7,20.1,67.0,1016.1,9.2,133.0,27.0
2014-09-24,0.0,13.5,20.0,67.0,1017.1,6.1,132.0,50.0
2014-09-25,0.1,13.4,20.0,73.0,1016.1,8.7,58.0,44.0
2014-09-26,0.0,13.1,20.9,77.0,1021.3,8.1,87.0,20.0
2014-09-27,0.0,13.6,21.5,84.0,1024.6,4.5,110.0,19.0
2014-09-28,0.0,13.7,22.1,86.0,1027.5,6.5,93.0,32.0
2014-09-29,0.0,15.4,21.7,88.0,1027.1,6.5,165.0,48.0
2014-09-30,0.0,16.8,21.9,87.0,1025.4,5.3,167.0,47.0
2014-10-01,7.7,16.5,19.8,93.0,1023.4,6.6,49.0,93.0
2014-10-02,0.0,13.7,22.6,82.0,1023.7,8.2,22.0,14.0
2014-10-03,0.0,15.6,21.5,77.0,1022.7,11.4,32.0,33.0
2014-10-04,0.0,14.6,20.7,73.0,1018.6,11.8,49.0,15.0
2014-10-05,0.0,14.6,20.4,74.0,1016.7,10.8,49.0,38.0
2014-10-06,0.0,15.1,20.2,72.0,1015.3,9.6,49.0,61.0
2014-10-07,0.0,12.2,19.4,83.0,1016.7,6.1,76.0,70.0
2014-10-08,0.4,16.7,21.2,86.0,1017.9,7.4,32.0,84.0
2014-10-09,0.1,15.6,21.1,92.0,1017.3,7.6,175.0,64.0
2014-10-10,2.7,18.0,21.8,92.0,1017.7,6.0,96.0,70.0
2014-10-11,0.8,17.9,21.3,91.0,1016.3,7.7,82.0,96.0
2014-10-12,2.8,17.8,21.8,90.0,1016.0,5.5,73.0,65.0
2014-10-13,16.7,16.8,21.5,95.0,1013.1,8.6,118.0,99.0
2014-10-14,0.2,16.2,20.9,90.0,1011.5,5.5,13.0,88.0
2014-10-15,7.1,15.6,20.8,88.0,1008.9,7.1,57.0,90.0
2014-10-16,0.0,14.8,21.0,87.0,1011.3,7.2,226.0,74.0
2014-10-17,0.3,18.0,23.4,82.0,1013.1,10.7,223.0,50.0
2014-10-18,1.9,17.1,21.6,83.0,1022.0,9.9,50.0,38.0
2014-10-19,0.0,15.1,22.1,86.0,1024.4,7.1,81.0,25.0
2014-10-20,0.0,17.4,21.5,92.0,1020.8,5.5,179.0,80.0
2014-10-21,1.0,17.1,21.5,87.0,1010.9,9.4,196.0,73.0
2014-10-22,5.2,13.3,18.9,54.0,1005.5,15.8,307.0,46.0
2014-10-23,0.6,9.4,15.2,60.0,1008.4,11.8,275.0,87.0
2014-10-24,0.0,8.6,18.0,74.0,1013.1,9.3,112.0,26.0
2014-10-25,0.1,12.9,15.9,67.0,1020.4,16.8,72.0,69.0
2014-10-26,0.0,10.7,15.8,66.0,1024.6,18.4,58.0,14.0
2014-10-27,0.0,10.1,14.8,66.0,1026.4,20.1,54.0,9.0
2014-10-28,0.0,9.0,13.7,66.0,1023.2,14.3,49.0,3.0
2014-10-29,0.0,8.1,13.5,68.0,1020.0,11.2,44.0,1.0
2014-10-30,0.0,6.0,15.8,75.0,1023.1,6.7,359.0,4.0
2014-10-31,0.0,7.1,16.0,78.0,1025.7,7.0,35.0,16.0
2014-11-01,0.0,7.5,17.0,79.0,1024.5,5.7,19.0,46.0
2014-11-02,0.0,8.4,17.2,87.0,1021.5,3.8,237.0,17.0
2014-11-03,0.0,8.1,15.3,90.0,1018.4,4.8,108.0,52.0
2014-11-04,1.1,10.1,17.2,87.0,1010.3,14.7,154.0,55.0
2014-11-05,26.9,14.4,16.6,89.0,1004.0,23.8,149.0,100.0
2014-11-06,23.1,14.0,16.4,95.0,1007.6,15.1,130.0,100.0
2014-11-07,4.3,12.5,16.5,92.0,1008.8,9.7,44.0,96.0
2014-11-08,6.4,11.6,15.8,95.0,1011.4,6.0,101.0,98.0
2014-11-09,6.6,13.4,15.5,90.0,1013.3,11.9,53.0,95.0
2014-11-10,13.6,12.7,16.1,95.0,1015.7,9.7,98.0,99.0
2014-11-11,12.1,13.4,16.2,96.0,1014.0,7.4,103.0,93.0
2014-11-12,30.4,14.0,15.0,96.0,1006.4,15.2,71.0,96.0
2014-11-13,7.4,13.5,15.7,90.0,1007.5,11.3,39.0,87.0
2014-11-14,0.0,11.1,16.1,87.0,1013.5,7.0,44.0,41.0
2014-11-15,15.0,10.7,15.7,90.0,1009.6,13.4,98.0,87.0
2014-11-16,8.8,11.5,16.0,86.0,1004.9,13.5,179.0,53.0
2014-11-17,26.6,10.1,13.5,89.0,1007.0,11.5,65.0,94.0
2014-11-18,15.9,9.3,12.6,82.0,1005.2,11.1,262.0,78.0
2014-11-19,0.0,6.6,13.8,83.0,1015.2,6.1,360.0,26.0
2014-11-20,0.0,6.9,11.9,89.0,1023.9,4.1,52.0,37.0
2014-11-21,0.0,6.1,12.0,87.0,1023.8,6.6,23.0,64.0
2014-11-22,0.0,6.9,12.9,85.0,1024.4,7.6,41.0,47.0
2014-11-23,0.0,5.9,12.3,89.0,1026.5,4.7,40.0,46.0
2014-11-24,0.0,6.6,11.4,92.0,1024.3,3.9,32.0,55.0
2014-11-25,0.0,6.1,12.6,87.0,1021.6,9.1,49.0,46.0
2014-11-26,0.7,8.8,9.9,73.0,1018.8,16.0,56.0,97.0
2014-11-27,2.6,8.6,9.7,74.0,1015.4,10.7,43.0,96.0
2014-11-28,3.1,9.3,13.6,83.0,1014.7,13.4,39.0,100.0
2014-11-29,1.3,11.7,15.3,89.0,1014.5,13.0,42.0,91.0
2014-11-30,5.1,11.8,14.1,87.0,1012.7,13.6,40.0,100.0
2014-12-01,42.4,10.2,13.6,90.0,1004.0,23.5,53.0,99.0
2014-12-02,0.0,9.2,11.9,78.0,1005.4,17.1,55.0,96.0
2014-12-03,22.0,8.0,10.1,80.0,1010.9,24.5,54.0,91.0
2014-12-04,13.3,7.9,9.7,85.0,1014.5,21.7,54.0,100.0
2014-12-05,1.2,8.4,11.8,80.0,1015.2,13.0,46.0,84.0
2014-12-06,5.4,8.4,10.9,86.0,1014.2,12.8,54.0,85.0
2014-12-07,2.2,6.4,11.1,84.0,1015.3,12.1,43.0,86.0
2014-12-08,0.5,5.9,10.1,91.0,1015.7,6.8,53.0,61.0
2014-12-09,0.2,6.8,10.8,70.0,1017.5,16.6,58.0,58.0
2014-12-10,0.0,1.7,8.8,72.0,1022.1,8.1,53.0,29.0
2014-12-11,0.0,2.6,9.2,72.0,1018.5,5.2,331.0,23.0
2014-12-12,0.0,3.0,8.3,81.0,1019.7,3.8,28.0,28.0
2014-12-13,0.0,5.0,8.5,83.0,1020.8,3.5,54.0,97.0
2014-12-14,0.3,5.5,10.5,89.0,1022.4,3.3,288.0,97.0
2014-12-15,1.6,7.5,11.1,89.0,1021.4,5.4,22.0,82.0
2014-12-16,14.6,7.7,10.1,94.0,1013.5,11.4,34.0,98.0
2014-12-17,1.0,5.3,12.5,90.0,1011.8,7.5,20.0,77.0
2014-12-18,0.1,6.8,9.7,95.0,1018.5,4.1,172.0,72.0
2014-12-19,0.0,6.4,8.9,95.0,1022.5,3.2,204.0,92.0
2014-12-20,0.0,6.3,9.7,93.0,1021.9,4.0,258.0,75.0
2014-12-21,0.0,3.9,10.4,91.0,1026.9,5.0,229.0,52.0
2014-12-22,0.0,3.4,7.1,93.0,1029.8,3.4,244.0,87.0
2014-12-23,0.0,3.1,6.6,93.0,1028.4,4.2,251.0,85.0
2014-12-24,1.0,4.0,7.1,93.0,1026.7,4.3,240.0,97.0
2014-12-25,0.4,4.6,8.8,93.0,1022.5,3.7,16.0,79.0
2014-12-26,0.4,3.1,9.2,85.0,1022.2,6.4,31.0,22.0
2014-12-27,18.7,1.6,5.2,93.0,1012.7,9.7,75.0,89.0
2014-12-28,6.8,1.5,5.9,79.0,1002.4,19.9,36.0,98.0
2014-12-29,0.0,-0.6,4.7,60.0,1021.3,12.9,54.0,25.0
2014-12-30,0.1,0.5,3.4,60.0,1028.7,12.4,78.0,47.0
2014-12-31,1.2,-0.3,1.3,67.0,1030.7,19.2,67.0,63.0
2015-01-01,0.0,-1.9,4.6,72.0,1034.4,4.9,23.0,16.0
2015-01-02,0.0,1.6,7.3,76.0,1031.2,3.8,246.0,59.0
2015-01-03,0.0,0.9,9.1,86.0,1024.8,4.7,65.0,66.0
2015-01-04,0.0,0.1,7.5,90.0,1020.3,8.8,56.0,29.0
2015-01-05,0.0,-1.8,8.9,71.0,1027.3,8.7,254.0,0.0
2015-01-06,0.0,-0.4,9.6,83.0,1024.4,9.1,54.0,17.0
2015-01-07,0.0,5.6,8.9,84.0,1029.0,9.3,45.0,79.0
2015-01-08,0.0,4.6,8.5,87.0,1032.3,6.1,49.0,62.0
2015-01-09,0.0,3.3,6.1,96.0,1030.0,5.3,208.0,89.0
2015-01-10,0.0,2.1,6.1,96.0,1020.0,4.6,83.0,79.0
2015-01-11,0.2,3.2,7.7,95.0,1015.0,5.8,359.0,59.0
2015-01-12,0.0,0.1,9.2,86.0,1026.6,6.4,136.0,24.0
2015-01-13,0.0,1.8,7.2,90.0,1027.2,4.8,170.0,51.0
2015-01-14,0.0,2.2,7.2,94.0,1020.7,4.6,186.0,50.0
2015-01-15,0.0,2.7,7.9,94.0,1020.8,5.9,60.0,83.0
2015-01-16,2.8,3.8,10.0,94.0,1017.7,6.7,76.0,76.0
2015-01-17,9.2,7.3,11.3,92.0,1012.4,14.3,181.0,94.0
2015-01-18,0.0,2.7,9.8,91.0,1016.0,7.4,15.0,41.0
2015-01-19,0.0,0.3,8.4,84.0,1013.6,4.9,354.0,57.0
2015-01-20,0.0,2.2,8.8,81.0,1011.5,7.6,23.0,65.0
2015-01-21,5.3,1.7,8.3,86.0,1011.4,9.9,33.0,70.0
2015-01-22,10.0,6.8,9.2,91.0,1011.5,14.2,42.0,100.0
2015-01-23,0.1,3.7,11.3,82.0,1008.8,9.3,35.0,86.0
2015-01-24,0.0,4.0,10.4,83.0,1010.8,7.0,76.0,71.0
2015-01-25,0.0,2.8,9.5,73.0,1015.8,7.9,62.0,66.0
2015-01-26,0.0,-0.3,7.9,64.0,1022.7,8.6,72.0,18.0
2015-01-27,0.0,0.8,7.1,79.0,1017.1,5.8,35.0,51.0
2015-01-28,0.0,-1.5,7.8,82.0,1016.3,6.8,90.0,21.0
2015-01-29,0.7,0.4,4.9,82.0,1002.4,7.6,72.0,99.0
2015-01-30,8.7,2.9,5.4,88.0,978.9,13.1,349.0,97.0
2015-01-31,0.0,-0.7,7.1,79.0,985.5,13.0,43.0,61.0
2015-02-01,1.4,1.8,7.6,73.0,990.0,12.7,42.0,76.0
2015-02-02,0.0,0.4,7.2,81.0,999.5,5.1,101.0,70.0
2015-02-03,2.6,0.1,5.6,87.0,1002.8,16.5,50.0,91.0
2015-02-04,0.0,3.1,9.0,63.0,1003.0,21.9,49.0,99.0
2015-02-05,25.5,2.1,5.6,77.0,1005.5,39.6,50.0,100.0
2015-02-06,14.3,4.6,6.9,65.0,1006.0,39.8,56.0,100.0
2015-02-07,0.0,3.3,6.6,64.0,1018.8,16.4,63.0,70.0
2015-02-08,0.0,-0.9,7.9,71.0,1013.8,10.8,66.0,32.0
2015-02-09,0.0,-1.7,7.2,51.0,1020.9,10.7,190.0,3.0
2015-02-10,0.0,-0.9,8.9,74.0,1022.6,4.3,83.0,1.0
2015-02-11,0.0,0.8,9.9,85.0,1025.1,4.3,92.0,2.0
2015-02-12,0.0,0.8,9.3,85.0,1025.1,9.1,59.0,22.0
2015-02-13,0.0,2.6,8.2,85.0,1024.5,9.2,62.0,81.0
2015-02-14,1.6,5.0,7.9,87.0,1018.4,10.3,55.0,95.0
2015-02-15,6.0,6.2,9.8,91.0,1015.0,14.1,65.0,83.0
2015-02-16,0.1,5.9,12.5,72.0,1019.6,17.1,43.0,25.0
2015-02-17,0.0,5.0,11.6,64.0,1027.4,17.1,53.0,2.0
2015-02-18,0.0,2.9,9.5,68.0,1035.3,16.1,61.0,0.0
2015-02-19,0.0,0.3,9.2,77.0,1032.7,7.1,93.0,9.0
2015-02-20,0.0,2.0,7.6,89.0,1024.8,4.5,150.0,71.0
2015-02-21,1.4,1.7,9.1,90.0,1011.6,8.2,108.0,92.0
2015-02-22,12.4,5.7,9.7,87.0,1001.7,19.6,40.0,99.0
2015-02-23,0.7,6.8,10.4,81.0,1004.5,8.4,60.0,85.0
2015-02-24,4.3,5.1,10.0,90.0,1003.0,12.7,49.0,97.0
2015-02-25,1.0,6.2,12.5,67.0,1009.8,12.8,37.0,99.0
2015-02-26,0.0,5.4,11.6,63.0,1016.7,7.3,42.0,77.0
2015-02-27,0.0,3.5,11.6,76.0,1012.5,6.7,16.0,31.0
2015-02-28,0.0,2.7,12.1,76.0,1015.9,7.3,38.0,32.0
2015-03-01,0.0,4.2,11.0,85.0,1016.4,7.4,184.0,74.0
2015-03-02,0.3,5.9,10.8,90.0,1011.6,5.0,184.0,75.0
2015-03-03,0.0,3.9,12.6,75.0,1019.8,10.3,70.0,32.0
2015-03-04,1.7,4.0,12.5,71.0,1020.5,14.0,47.0,67.0
2015-03-05,0.2,7.5,12.8,40.0,1020.8,25.6,44.0,65.0
2015-03-06,0.0,4.8,12.8,46.0,1029.0,13.1,59.0,1.0
2015-03-07,0.0,1.3,11.5,67.0,1031.5,9.6,52.0,5.0
2015-03-08,0.0,4.5,12.6,58.0,1027.8,17.6,69.0,30.0
2015-03-09,0.0,4.1,10.5,61.0,1026.2,13.1,54.0,33.0
2015-03-10,0.0,2.6,12.8,74.0,1024.5,7.5,39.0,8.0
2015-03-11,0.0,5.9,13.0,78.0,1020.2,6.0,100.0,42.0
2015-03-12,0.0,4.4,12.9,57.0,1021.4,8.4,94.0,4.0
2015-03-13,0.0,4.7,11.5,72.0,1019.3,9.1,148.0,23.0
2015-03-14,0.0,3.1,11.5,79.0,1020.9,9.1,88.0,61.0
2015-03-15,0.1,5.3,11.9,73.0,1025.6,14.4,58.0,71.0
2015-03-16,21.1,7.3,9.2,82.0,1027.7,24.7,46.0,100.0
2015-03-17,1.8,7.9,15.4,70.0,1026.7,19.2,45.0,98.0
2015-03-18,0.0,4.7,14.0,71.0,1024.4,8.4,42.0,21.0
2015-03-19,0.0,6.6,14.0,74.0,1022.7,4.9,140.0,14.0
2015-03-20,0.0,4.8,13.5,79.0,1023.7,8.4,107.0,21.0
2015-03-21,0.0,5.4,12.2,84.0,1019.5,8.5,93.0,64.0
2015-03-22,3.1,7.7,12.5,84.0,1016.0,14.4,31.0,79.0
2015-03-23,0.0,8.0,13.9,68.0,1016.1,10.3,47.0,17.0
2015-03-24,0.0,4.2,14.0,82.0,1013.2,9.9,85.0,29.0
2015-03-25,26.0,9.0,11.0,84.0,1004.9,25.0,47.0,100.0
2015-03-26,28.8,9.2,11.9,94.0,1004.8,12.3,65.0,99.0
2015-03-27,3.2,7.8,12.7,83.0,1008.2,11.5,53.0,87.0
2015-03-28,0.0,6.0,14.6,71.0,1015.1,8.9,195.0,8.0
2015-03-29,0.0,6.0,13.8,78.0,1012.5,9.0,124.0,64.0
2015-03-30,0.0,7.6,16.6,79.0,1004.1,9.5,85.0,56.0
2015-03-31,0.0,7.9,17.0,86.0,1006.8,10.9,135.0,46.0
2015-04-01,0.0,7.8,15.7,73.0,1009.8,10.3,56.0,15.0
2015-04-02,0.0,6.9,15.5,65.0,1013.6,13.1,150.0,16.0
2015-04-03,0.0,8.1,12.4,55.0,1017.0,16.9,112.0,37.0
2015-04-04,4.1,7.0,10.0,76.0,1012.7,13.6,92.0,99.0
2015-04-05,0.5,7.7,13.5,55.0,1011.5,24.3,62.0,84.0
2015-04-06,0.0,4.5,12.3,47.0,1019.6,10.6,40.0,28.0
2015-04-07,0.0,4.4,14.1,50.0,1027.3,9.8,32.0,15.0
2015-04-08,0.0,5.1,14.4,66.0,1027.5,5.8,140.0,1.0
2015-04-09,0.0,6.3,15.1,75.0,1028.9,7.8,139.0,2.0
2015-04-10,0.0,7.3,15.7,77.0,1027.0,8.4,122.0,26.0
2015-04-11,0.0,8.4,16.5,80.0,1024.8,8.7,100.0,38.0
2015-04-12,0.0,9.0,18.6,79.0,1028.4,7.8,110.0,7.0
2015-04-13,0.0,10.6,19.7,79.0,1026.1,6.5,179.0,11.0
2015-04-14,0.0,11.7,18.3,76.0,1024.4,9.7,97.0,93.0
2015-04-15,0.0,9.0,19.5,77.0,1022.3,8.8,115.0,32.0
2015-04-16,0.0,10.6,19.9,78.0,1017.4,8.3,144.0,46.0
2015-04-17,1.3,10.5,16.1,84.0,1014.7,9.0,214.0,90.0
2015-04-18,8.7,10.0,15.5,86.0,1014.8,13.4,74.0,86.0
2015-04-19,0.0,8.0,14.0,61.0,1021.2,11.5,66.0,23.0
2015-04-20,0.0,6.1,17.0,69.0,1019.9,6.4,231.0,1.0
2015-04-21,0.0,9.0,19.8,70.0,1022.0,7.3,224.0,3.0
2015-04-22,0.0,9.2,20.1,73.0,1020.7,8.2,128.0,5.0
2015-04-23,0.0,11.0,19.3,75.0,1014.7,8.2,160.0,38.0
2015-04-24,0.0,9.9,18.0,76.0,1015.1,12.3,58.0,29.0
2015-04-25,0.0,10.4,17.0,86.0,1016.8,9.7,123.0,80.0
2015-04-26,2.2,12.8,17.8,88.0,1013.2,7.7,169.0,82.0
2015-04-27,10.8,13.8,16.9,90.0,1007.8,12.8,118.0,93.0
2015-04-28,1.3,13.1,17.7,85.0,1004.6,10.3,96.0,99.0
2015-04-29,1.5,9.7,16.7,73.0,1017.0,10.4,131.0,63.0
2015-04-30,0.4,9.5,16.8,79.0,1016.5,9.1,132.0,84.0
2015-05-01,1.7,11.4,16.8,85.0,1012.1,10.2,185.0,100.0
2015-05-02,2.1,13.8,18.9,81.0,1009.5,11.4,173.0,79.0
2015-05-03,0.1,14.9,18.9,85.0,1012.5,10.1,109.0,96.0
2015-05-04,0.0,15.1,18.9,90.0,1014.6,7.4,121.0,90.0
2015-05-05,0.0,14.3,20.1,87.0,1013.8,7.4,102.0,88.0
2015-05-06,0.2,13.8,21.6,87.0,1011.9,7.4,140.0,73.0
2015-05-07,1.9,15.0,23.1,66.0,1015.0,10.4,40.0,56.0
2015-05-08,0.0,14.0,22.6,68.0,1015.1,7.5,82.0,35.0
2015-05-09,0.2,14.2,24.4,69.0,1015.1,7.5,5.0,75.0
2015-05-10,0.0,14.4,23.4,71.0,1021.4,9.0,163.0,24.0
2015-05-11,0.0,14.8,22.2,73.0,1024.1,10.2,111.0,34.0
2015-05-12,0.0,15.4,22.4,73.0,1024.0,10.9,133.0,75.0
2015-05-13,0.0,14.8,22.6,76.0,1018.7,10.1,124.0,78.0
2015-05-14,0.2,15.3,22.4,78.0,1009.6,9.2,94.0,59.0
2015-05-15,14.2,17.2,19.5,83.0,1007.4,22.5,69.0,97.0
2015-05-16,3.2,15.9,23.0,72.0,1015.7,15.0,62.0,50.0
2015-05-17,0.0,16.8,24.0,71.0,1018.2,9.1,57.0,35.0
2015-05-18,0.0,16.7,23.6,70.0,1013.3,11.6,69.0,11.0
2015-05-19,1.1,14.4,23.2,81.0,1007.5,8.8,101.0,61.0
2015-05-20,18.1,15.8,21.1,88.0,1007.5,8.8,75.0,90.0
2015-05-21,6.5,13.3,19.1,73.0,1012.9,19.9,55.0,84.0
2015-05-22,10.4,13.1,15.9,79.0,1014.2,10.9,11.0,99.0
2015-05-23,26.5,12.1,15.4,86.0,1011.8,10.7,22.0,95.0
2015-05-24,0.0,12.5,20.6,69.0,1013.8,7.9,20.0,28.0
2015-05-25,0.5,13.3,21.9,73.0,1011.6,7.7,179.0,67.0
2015-05-26,1.7,15.0,20.2,84.0,1010.1,7.0,130.0,79.0
2015-05-27,3.0,13.3,20.3,68.0,1014.7,7.8,78.0,41.0
2015-05-28,0.1,12.6,19.7,68.0,1017.9,11.4,169.0,24.0
2015-05-29,0.0,12.0,21.2,71.0,1015.5,10.1,141.0,29.0
2015-05-30,0.0,14.5,22.1,77.0,1013.7,7.2,115.0,46.0
2015-05-31,2.1,16.7,22.9,77.0,1016.8,9.1,71.0,68.0
2015-06-01,0.0,14.4,23.7,79.0,1017.3,7.1,125.0,71.0
2015-06-02,0.1,16.6,24.7,83.0,1018.3,8.3,146.0,38.0
2015-06-03,0.0,17.0,27.4,79.0,1019.9,5.2,168.0,11.0
2015-06-04,0.3,17.8,29.7,73.0,1020.4,4.8,313.0,16.0
2015-06-05,0.0,20.8,28.4,71.0,1019.8,8.1,90.0,23.0
2015-06-06,0.0,20.7,28.5,75.0,1019.6,7.7,115.0,5.0
2015-06-07,0.3,21.2,29.7,69.0,1019.6,6.9,44.0,6.0
2015-06-08,0.0,21.4,28.5,58.0,1016.0,9.4,53.0,52.0
2015-06-09,0.1,17.5,27.7,68.0,1013.8,6.5,88.0,48.0
2015-06-10,0.0,20.4,27.2,64.0,1017.4,11.9,58.0,40.0
2015-06-11,0.0,17.8,28.1,67.0,1016.1,7.4,169.0,16.0
2015-06-12,0.0,19.1,27.6,78.0,1014.8,9.9,161.0,58.0
2015-06-13,0.8,20.1,27.7,73.0,1013.6,9.4,169.0,44.0
2015-06-14,30.1,17.8,22.4,88.0,1010.9,16.0,58.0,96.0
2015-06-15,4.0,16.1,24.8,80.0,1011.5,8.3,214.0,36.0
2015-06-16,7.8,17.9,24.1,86.0,1013.9,8.2,52.0,74.0
2015-06-17,3.5,18.2,23.0,66.0,1015.1,16.8,70.0,69.0
2015-06-18,0.0,18.6,23.0,62.0,1015.2,8.4,108.0,74.0
2015-06-19,16.5,16.5,21.6,82.0,1011.1,8.7,77.0,65.0
2015-06-20,0.0,17.5,21.8,65.0,1013.4,15.0,53.0,45.0
2015-06-21,0.0,15.3,21.9,66.0,1016.6,10.4,79.0,61.0
2015-06-22,0.0,15.8,23.4,71.0,1015.5,10.1,117.0,78.0
2015-06-23,21.7,15.5,23.6,82.0,1008.0,14.3,137.0,91.0
2015-06-24,5.8,15.1,22.2,64.0,1018.3,12.5,71.0,31.0
2015-06-25,0.0,14.3,22.9,71.0,1021.4,7.2,128.0,33.0
2015-06-26,0.0,15.3,24.8,76.0,1019.0,6.0,135.0,25.0
2015-06-27,0.0,18.3,25.4,81.0,1016.5,7.0,117.0,67.0
2015-06-28,0.0,17.9,26.4,77.0,1016.5,6.7,49.0,19.0
2015-06-29,0.0,19.4,25.6,76.0,1019.7,8.2,88.0,67.0
2015-06-30,0.0,18.4,27.1,75.0,1019.7,6.3,76.0,27.0
2015-07-01,0.0,18.8,27.6,73.0,1020.1,7.6,133.0,11.0
2015-07-02,0.0,19.4,28.4,72.0,1021.1,7.2,124.0,42.0
2015-07-03,0.0,20.5,30.2,75.0,1022.8,5.8,357.0,50.0
2015-07-04,0.0,21.8,30.1,79.0,1021.4,7.3,123.0,30.0
2015-07-05,0.0,21.8,30.3,78.0,1018.0,6.3,153.0,42.0
2015-07-06,0.0,23.6,30.7,79.0,1016.9,7.8,133.0,41.0
2015-07-07,0.0,23.1,31.3,81.0,1014.5,7.7,157.0,54.0
2015-07-08,25.6,23.0,30.2,83.0,1007.9,10.2,41.0,48.0
2015-07-09,5.8,22.1,26.7,63.0,1011.5,24.2,62.0,32.0
2015-07-10,0.0,21.5,25.9,58.0,1017.9,14.2,69.0,9.0
2015-07-11,0.0,18.7,27.7,69.0,1016.6,7.5,119.0,2.0
2015-07-12,0.0,20.2,29.3,70.0,1014.6,5.1,83.0,21.0
2015-07-13,0.3,21.1,29.1,70.0,1012.4,8.0,57.0,69.0
2015-07-14,0.0,22.8,29.3,67.0,1014.5,10.2,81.0,13.0
2015-07-15,0.0,22.2,30.3,74.0,1015.6,6.7,114.0,48.0
2015-07-16,0.0,23.1,30.8,75.0,1016.4,9.0,100.0,69.0
2015-07-17,0.0,24.3,32.0,73.0,1016.1,7.6,84.0,62.0
2015-07-18,0.0,23.8,32.3,72.0,1015.0,7.1,82.0,38.0
2015-07-19,0.0,24.8,32.4,75.0,1011.8,10.4,101.0,35.0
2015-07-20,0.0,24.8,32.6,72.0,1010.6,8.9,60.0,21.0
2015-07-21,0.0,24.1,33.5,67.0,1012.4,5.7,75.0,11.0
2015-07-22,0.0,23.6,34.1,64.0,1011.5,7.8,61.0,8.0
2015-07-23,0.0,24.7,33.9,61.0,1008.6,7.0,57.0,25.0
2015-07-24,0.3,26.7,31.6,61.0,1009.0,13.5,50.0,52.0
2015-07-25,3.8,23.9,30.7,71.0,1006.9,8.6,77.0,46.0
2015-07-26,10.3,22.0,25.9,68.0,1009.9,19.3,63.0,77.0
2015-07-27,0.9,21.4,27.1,72.0,1005.7,14.1,73.0,46.0
2015-07-28,0.2,21.5,27.3,68.0,1006.3,17.1,56.0,36.0
2015-07-29,7.0,22.0,28.1,76.0,1006.1,14.6,60.0,39.0
2015-07-30,2.0,20.9,23.6,68.0,1008.9,26.2,56.0,65.0
2015-07-31,1.1,20.9,25.6,53.0,1013.1,24.6,60.0,47.0
2015-08-01,1.7,20.0,26.5,57.0,1014.4,14.1,57.0,69.0
2015-08-02,0.2,19.3,25.7,73.0,1015.9,5.4,184.0,31.0
2015-08-03,0.0,19.9,29.4,69.0,1015.8,7.5,29.0,4.0
2015-08-04,0.0,22.1,30.1,68.0,1013.7,7.7,61.0,30.0
2015-08-05,0.0,21.9,32.1,66.0,1014.1,7.8,24.0,22.0
2015-08-06,0.0,23.7,33.0,59.0,1014.4,7.5,34.0,8.0
2015-08-07,0.0,25.0,33.1,61.0,1014.4,8.9,57.0,6.0
2015-08-08,0.0,25.5,32.6,62.0,1015.1,7.7,31.0,71.0
2015-08-09,0.0,24.9,33.1,58.0,1013.8,12.1,62.0,25.0
2015-08-10,0.0,23.7,31.9,58.0,1011.8,11.9,78.0,41.0
2015-08-11,0.0,21.2,31.5,61.0,1012.2,8.4,68.0,20.0
2015-08-12,0.0,21.7,33.2,55.0,1014.9,5.3,9.0,9.0
2015-08-13,0.0,21.9,33.5,55.0,1013.3,7.4,60.0,6.0
2015-08-14,0.2,22.4,32.4,63.0,1009.0,7.7,42.0,46.0
2015-08-15,0.0,23.0,29.8,65.0,1007.6,7.3,334.0,77.0
2015-08-16,7.8,20.4,25.7,75.0,1007.2,6.3,341.0,95.0
2015-08-17,2.6,20.4,26.9,70.0,1007.3,6.6,172.0,78.0
2015-08-18,3.5,18.5,26.1,76.0,1010.9,7.6,65.0,53.0
2015-08-19,34.1,18.9,22.0,88.0,1013.3,11.8,46.0,99.0
2015-08-20,0.1,16.9,26.0,76.0,1017.4,7.9,68.0,38.0
2015-08-21,0.6,19.1,25.1,64.0,1020.8,14.0,35.0,47.0
2015-08-22,0.0,17.2,24.9,62.0,1018.2,9.0,40.0,23.0
2015-08-23,0.0,18.2,24.6,68.0,1014.1,9.9,87.0,63.0
2015-08-24,13.9,20.1,23.2,83.0,1012.6,10.8,117.0,84.0
2015-08-25,3.2,19.6,25.4,85.0,1013.6,12.8,54.0,73.0
2015-08-26,0.0,19.4,26.7,69.0,1017.5,12.6,49.0,19.0
2015-08-27,0.0,18.6,27.3,79.0,1016.7,8.9,98.0,5.0
2015-08-28,0.0,19.8,27.7,86.0,1018.5,7.4,133.0,32.0
2015-08-29,0.0,20.3,30.0,81.0,1020.7,5.1,128.0,4.0
2015-08-30,0.0,20.0,30.2,81.0,1019.4,5.3,184.0,29.0
2015-08-31,0.0,20.4,28.6,85.0,1016.3,9.5,127.0,10.0
2015-09-01,0.0,21.9,28.9,82.0,1011.9,9.2,128.0,13.0
2015-09-02,1.4,21.1,26.0,82.0,1010.4,9.0,47.0,52.0
2015-09-03,0.0,20.5,26.7,71.0,1010.4,10.2,40.0,70.0
2015-09-04,4.0,18.6,25.4,81.0,1011.1,9.3,51.0,50.0
2015-09-05,22.9,16.9,23.7,81.0,1010.2,12.1,51.0,66.0
2015-09-06,0.0,15.7,22.2,59.0,1016.5,11.7,54.0,13.0
2015-09-07,0.0,16.4,21.6,55.0,1019.8,15.7,51.0,26.0
2015-09-08,0.0,14.9,22.3,61.0,1020.5,10.8,70.0,11.0
2015-09-09,0.0,16.7,21.5,59.0,1017.8,13.9,59.0,34.0
2015-09-10,0.0,16.5,22.0,53.0,1016.6,18.0,50.0,22.0
2015-09-11,0.0,15.3,21.8,62.0,1019.0,11.1,76.0,19.0
2015-09-12,0.0,15.3,22.7,77.0,1020.8,8.8,108.0,23.0
2015-09-13,3.4,17.8,23.3,85.0,1016.6,12.2,100.0,82.0
2015-09-14,31.7,18.8,24.5,89.0,1009.2,12.6,112.0,76.0
2015-09-15,0.0,19.2,24.3,86.0,1010.6,8.3,21.0,83.0
2015-09-16,4.2,18.3,23.8,87.0,1009.9,11.1,58.0,84.0
2015-09-17,0.1,19.4,25.5,90.0,1008.8,8.8,57.0,33.0
2015-09-18,1.8,19.5,25.1,91.0,1012.4,8.5,47.0,55.0
2015-09-19,0.5,17.3,25.5,81.0,1015.0,6.6,4.0,64.0
2015-09-20,0.1,17.9,24.2,66.0,1014.3,14.0,38.0,33.0
2015-09-21,0.0,17.2,20.9,60.0,1015.2,11.2,62.0,52.0
2015-09-22,0.0,16.6,20.8,61.0,1010.1,10.1,65.0,75.0
2015-09-23,19.9,13.8,19.9,81.0,1006.0,10.9,49.0,92.0
2015-09-24,1.9,13.7,17.7,70.0,1011.9,19.0,22.0,92.0
2015-09-25,3.1,14.3,20.4,81.0,1014.2,7.7,88.0,75.0
2015-09-26,3.7,15.6,21.4,76.0,1017.5,8.6,53.0,65.0
2015-09-27,0.0,17.1,20.2,64.0,1021.9,15.1,67.0,92.0
2015-09-28,0.0,15.7,19.6,51.0,1025.8,23.6,62.0,51.0
2015-09-29,0.0,14.0,18.9,48.0,1026.5,21.8,60.0,30.0
2015-09-30,0.0,14.5,18.4,52.0,1026.7,26.1,53.0,29.0
2015-10-01,0.0,14.2,17.5,53.0,1026.2,28.6,47.0,96.0
2015-10-02,5.9,15.5,17.8,66.0,1024.0,23.0,42.0,95.0
2015-10-03,7.9,15.7,19.3,84.0,1021.2,10.7,53.0,79.0
2015-10-04,13.0,14.2,19.1,93.0,1018.8,9.1,117.0,77.0
2015-10-05,0.2,13.8,20.0,86.0,1016.1,8.1,63.0,60.0
2015-10-06,4.7,15.0,18.5,85.0,1011.5,10.1,36.0,88.0
2015-10-07,0.1,13.8,21.2,81.0,1009.2,6.7,14.0,73.0
2015-10-08,0.0,15.1,21.6,77.0,1014.3,8.6,27.0,44.0
2015-10-09,0.0,14.5,20.7,80.0,1016.7,9.5,54.0,84.0
2015-10-10,0.2,16.1,18.6,68.0,1010.8,23.2,52.0,100.0
2015-10-11,1.4,14.8,20.4,68.0,1006.5,11.6,1.0,72.0
2015-10-12,0.5,14.0,18.1,73.0,1013.8,11.3,143.0,63.0
2015-10-13,30.9,13.4,15.8,92.0,1013.3,12.8,46.0,99.0
2015-10-14,24.1,13.6,15.6,91.0,1007.7,16.7,48.0,99.0
2015-10-15,18.8,12.1,17.3,85.0,1008.0,13.5,44.0,77.0
2015-10-16,15.5,9.8,14.8,84.0,1013.4,7.4,47.0,60.0
2015-10-17,0.0,7.9,15.1,79.0,1017.8,8.1,44.0,51.0
2015-10-18,1.1,11.4,15.4,77.0,1017.5,7.5,44.0,87.0
2015-10-19,6.4,11.5,16.4,77.0,1013.9,11.6,48.0,48.0
2015-10-20,0.0,8.3,15.7,72.0,1016.4,8.5,53.0,16.0
2015-10-21,0.0,9.4,15.9,66.0,1017.1,14.0,46.0,37.0
2015-10-22,0.0,8.4,15.8,69.0,1014.4,10.2,35.0,1.0
2015-10-23,0.0,8.5,16.5,75.0,1020.1,5.8,49.0,20.0
2015-10-24,0.0,8.7,17.3,80.0,1022.2,7.0,31.0,20.0
2015-10-25,0.0,9.8,16.6,85.0,1021.8,2.6,197.0,98.0
2015-10-26,0.0,8.6,18.2,84.0,1021.6,7.1,49.0,35.0
2015-10-27,0.0,8.9,17.5,85.0,1020.4,6.2,40.0,21.0
2015-10-28,8.8,9.1,14.6,92.0,1018.1,10.3,54.0,90.0
2015-10-29,26.0,13.4,15.1,94.0,1014.7,10.8,50.0,97.0
2015-10-30,0.0,12.3,18.1,79.0,1022.9,13.2,48.0,10.0
2015-10-31,0.0,11.3,18.0,61.0,1028.8,22.1,52.0,1.0
2015-11-01,0.0,10.3,16.1,58.0,1032.6,20.2,61.0,0.0
2015-11-02,0.0,7.3,15.4,65.0,1032.2,7.5,48.0,0.0
2015-11-03,0.0,5.9,15.0,75.0,1028.7,5.4,143.0,13.0
2015-11-04,0.0,8.0,14.1,84.0,1023.2,3.6,181.0,69.0
2015-11-05,0.0,8.1,15.9,89.0,1020.9,3.4,293.0,21.0
2015-11-06,0.0,8.5,17.6,89.0,1023.3,3.8,298.0,36.0
2015-11-07,0.0,8.4,17.9,87.0,1026.6,3.5,278.0,32.0
2015-11-08,0.0,9.5,17.3,90.0,1028.8,3.3,230.0,45.0
2015-11-09,0.0,9.6,16.1,91.0,1026.1,3.6,114.0,36.0
2015-11-10,0.0,9.0,15.0,96.0,1024.6,3.4,127.0,77.0
2015-11-11,0.0,9.5,15.7,92.0,1023.6,2.3,210.0,57.0
2015-11-12,0.0,8.2,16.4,91.0,1025.3,3.8,237.0,74.0
2015-11-13,0.0,8.2,13.8,93.0,1027.1,3.8,150.0,80.0
2015-11-14,0.0,9.4,13.2,87.0,1026.0,2.4,86.0,94.0
2015-11-15,0.0,7.5,11.9,93.0,1020.7,4.6,253.0,96.0
2015-11-16,0.0,8.2,12.6,91.0,1019.4,2.6,149.0,71.0
2015-11-17,0.0,7.2,12.4,91.0,1020.2,2.6,191.0,92.0
2015-11-18,0.0,8.8,12.5,90.0,1021.5,3.7,198.0,92.0
2015-11-19,0.0,7.5,13.2,89.0,1022.4,4.4,227.0,76.0
2015-11-20,0.3,8.9,12.6,93.0,1013.7,8.0,223.0,99.0
2015-11-21,14.5,6.7,11.3,91.0,993.0,17.1,58.0,99.0
2015-11-22,1.2,3.9,9.7,76.0,1001.0,9.7,36.0,79.0
2015-11-23,2.6,2.8,9.2,71.0,1018.1,17.8,47.0,83.0
2015-11-24,0.0,4.2,8.9,59.0,1022.8,18.0,41.0,4.0
2015-11-25,0.0,2.8,7.1,68.0,1012.1,10.4,30.0,76.0
2015-11-26,0.0,4.4,8.5,73.0,1005.6,13.8,45.0,95.0
2015-11-27,0.0,2.6,10.3,64.0,1011.3,15.2,47.0,4.0
2015-11-28,0.0,2.4,9.0,74.0,1012.8,5.6,343.0,29.0
2015-11-29,0.0,2.4,10.1,83.0,1022.4,6.7,71.0,43.0
2015-11-30,0.0,2.5,7.8,90.0,1024.5,3.5,292.0,51.0
2015-12-01,0.0,2.4,8.3,93.0,1024.5,3.2,332.0,56.0
2015-12-02,0.0,3.2,9.5,96.0,1028.8,3.4,351.0,32.0
2015-12-03,0.0,3.9,9.6,95.0,1031.3,3.6,301.0,86.0
2015-12-04,0.0,4.1,8.0,95.0,1033.4,3.1,260.0,97.0
2015-12-05,0.0,5.1,11.6,89.0,1035.4,7.0,303.0,58.0
2015-12-06,0.0,3.5,8.1,94.0,1035.5,3.4,255.0,54.0
2015-12-07,0.0,3.7,10.5,91.0,1036.7,5.0,350.0,47.0
2015-12-08,0.0,2.7,10.1,90.0,1034.3,3.7,288.0,41.0
2015-12-09,0.0,3.1,9.1,92.0,1032.4,4.8,347.0,59.0
2015-12-10,0.0,2.1,11.4,86.0,1034.6,6.7,32.0,15.0
2015-12-11,0.0,1.4,7.2,91.0,1031.7,4.5,1.0,57.0
2015-12-12,0.0,1.1,6.0,94.0,1027.1,2.8,7.0,72.0
2015-12-13,0.0,1.5,6.6,92.0,1024.6,3.3,27.0,86.0
2015-12-14,0.0,3.3,9.0,85.0,1025.3,6.5,1.0,57.0
2015-12-15,0.0,2.6,7.8,90.0,1027.2,2.8,4.0,67.0
2015-12-16,0.0,3.3,9.1,93.0,1029.9,3.4,330.0,86.0
2015-12-17,0.1,3.2,10.4,89.0,1030.2,4.3,31.0,50.0
2015-12-18,0.0,2.8,8.6,93.0,1027.9,2.9,49.0,44.0
2015-12-19,0.0,2.7,9.0,94.0,1027.5,4.3,306.0,45.0
2015-12-20,0.0,2.7,8.8,94.0,1029.2,4.7,74.0,46.0
2015-12-21,0.0,4.2,8.0,93.0,1032.1,3.8,261.0,88.0
2015-12-22,0.0,4.8,8.6,97.0,1034.6,3.2,320.0,86.0
2015-12-23,0.0,5.9,8.3,96.0,1033.1,2.4,200.0,98.0
2015-12-24,0.0,5.3,9.5,93.0,1032.4,5.1,296.0,71.0
2015-12-25,0.0,3.8,8.6,96.0,1034.9,2.8,344.0,61.0
2015-12-26,0.0,2.7,9.2,93.0,1034.6,5.3,262.0,59.0
2015-12-27,0.0,2.0,7.7,94.0,1034.0,2.9,225.0,68.0
2015-12-28,0.0,1.2,7.8,92.0,1032.6,3.5,236.0,60.0
2015-12-29,0.0,0.8,8.6,89.0,1028.6,4.7,297.0,43.0
2015-12-30,0.0,1.2,8.6,74.0,1030.0,19.5,53.0,8.0
2015-12-31,0.0,1.4,5.3,66.0,1029.3,11.6,51.0,43.0
2016-01-01,0.0,-0.7,6.4,77.0,1026.6,5.1,41.0,30.0
2016-01-02,8.9,-0.4,4.3,88.0,1019.8,12.6,33.0,98.0
2016-01-03,10.7,1.7,5.1,79.0,1009.7,19.2,52.0,82.0
2016-01-04,3.8,-0.2,3.8,83.0,1000.8,12.1,44.0,80.0
2016-01-05,2.7,-0.4,5.7,91.0,1000.7,7.9,30.0,70.0
2016-01-06,0.4,1.8,7.6,87.0,1000.5,7.5,305.0,67.0
2016-01-07,0.0,0.4,6.8,93.0,1003.1,4.2,86.0,63.0
2016-01-08,0.0,1.5,8.6,89.0,1008.2,7.7,31.0,83.0
2016-01-09,13.6,5.2,7.3,92.0,1007.7,5.6,36.0,98.0
2016-01-10,5.6,4.9,8.9,94.0,1004.0,7.0,267.0,82.0
2016-01-11,8.1,6.8,12.4,92.0,997.5,16.6,201.0,73.0
2016-01-12,0.0,4.7,10.0,85.0,999.8,12.0,247.0,43.0
2016-01-13,0.0,1.0,10.3,86.0,1010.7,7.2,295.0,49.0
2016-01-14,0.7,-0.9,7.4,87.0,1014.7,5.0,33.0,77.0
2016-01-15,0.0,0.9,7.9,84.0,1008.6,8.3,334.0,33.0
2016-01-16,0.0,0.3,8.6,71.0,1012.9,10.1,36.0,19.0
2016-01-17,0.0,-2.1,7.2,60.0,1015.4,5.8,352.0,30.0
2016-01-18,0.0,-3.4,5.5,53.0,1019.4,10.7,44.0,17.0
2016-01-19,0.0,-2.5,4.4,76.0,1017.6,7.4,45.0,27.0
2016-01-20,0.0,-2.8,4.2,78.0,1018.2,5.9,46.0,7.0
2016-01-21,0.0,-2.5,6.0,76.0,1022.5,7.1,35.0,2.0
2016-01-22,0.0,1.2,5.7,73.0,1031.3,13.4,58.0,47.0
2016-01-23,0.0,0.8,7.0,83.0,1032.7,6.7,55.0,47.0
2016-01-24,0.0,0.5,5.9,92.0,1034.7,3.7,110.0,44.0
2016-01-25,0.0,-0.2,5.8,93.0,1032.0,3.0,98.0,51.0
2016-01-26,0.0,1.0,6.0,95.0,1029.9,3.3,89.0,58.0
2016-01-27,0.0,1.3,7.6,96.0,1029.1,4.2,63.0,63.0
2016-01-28,0.7,3.4,9.5,97.0,1028.4,4.4,83.0,77.0
2016-01-29,0.3,5.2,9.3,97.0,1030.2,4.1,61.0,78.0
2016-01-30,0.3,5.6,9.2,96.0,1027.3,6.1,212.0,92.0
2016-01-31,0.1,6.5,10.9,92.0,1015.6,10.0,210.0,73.0
2016-02-01,0.0,5.4,9.4,96.0,1021.6,3.9,129.0,98.0
2016-02-02,0.0,5.6,8.2,97.0,1025.6,4.7,200.0,100.0
2016-02-03,10.3,6.1,8.7,97.0,1016.4,7.3,48.0,99.0
2016-02-04,1.0,4.4,11.5,73.0,1021.2,13.3,233.0,32.0
2016-02-05,0.0,1.9,10.3,81.0,1025.1,10.0,73.0,5.0
2016-02-06,0.0,3.0,10.3,85.0,1028.3,8.5,61.0,39.0
2016-02-07,15.3,3.9,9.6,95.0,1018.3,11.4,146.0,96.0
2016-02-08,15.6,7.9,10.1,93.0,1014.4,8.5,208.0,94.0
2016-02-09,6.0,6.2,10.9,92.0,1010.8,8.3,188.0,83.0
2016-02-10,8.4,5.8,12.1,71.0,994.6,17.8,244.0,78.0
2016-02-11,0.0,-0.1,10.6,79.0,1006.4,9.6,55.0,19.0
2016-02-12,6.0,3.5,8.9,84.0,1004.9,14.3,54.0,94.0
2016-02-13,4.2,2.4,8.8,84.0,996.5,12.0,318.0,67.0
2016-02-14,14.4,4.1,7.9,89.0,994.5,13.8,27.0,91.0
2016-02-15,7.5,4.7,12.3,85.0,1003.3,12.8,44.0,97.0
2016-02-16,7.6,7.3,12.0,70.0,1020.6,28.2,47.0,94.0
2016-02-17,17.8,5.9,9.8,86.0,1018.9,17.6,46.0,97.0
2016-02-18,0.6,3.5,13.0,82.0,1014.2,10.5,280.0,38.0
2016-02-19,4.1,4.5,10.7,85.0,1014.9,9.3,274.0,61.0
2016-02-20,4.1,4.6,11.4,75.0,1022.8,12.1,36.0,44.0
2016-02-21,0.0,4.5,10.1,78.0,1021.5,7.6,161.0,46.0
2016-02-22,0.1,6.2,10.7,89.0,1019.2,7.3,98.0,80.0
2016-02-23,1.2,7.6,12.6,91.0,1011.4,7.6,205.0,75.0
2016-02-24,0.8,6.8,11.3,74.0,1013.4,11.2,84.0,65.0
2016-02-25,3.1,5.4,8.6,80.0,1011.5,6.8,88.0,90.0
2016-02-26,0.0,3.6,9.5,73.0,1010.4,12.6,56.0,63.0
2016-02-27,13.4,5.5,7.2,78.0,1010.0,19.5,49.0,100.0
2016-02-28,35.3,6.8,10.3,92.0,1008.3,25.5,52.0,100.0
2016-02-29,26.1,8.2,11.0,88.0,1004.3,26.2,61.0,94.0
2016-03-01,1.4,5.6,12.5,85.0,1010.8,4.5,92.0,59.0
2016-03-02,1.1,4.7,11.8,86.0,1009.4,8.5,100.0,89.0
2016-03-03,45.0,3.9,8.2,90.0,996.2,18.0,43.0,99.0
2016-03-04,0.1,1.7,11.3,77.0,1003.8,10.6,213.0,58.0
2016-03-05,16.6,5.2,10.2,89.0,1001.3,18.4,143.0,98.0
2016-03-06,1.9,5.4,10.9,85.0,999.9,8.2,213.0,54.0
2016-03-07,3.7,4.6,8.7,85.0,1001.5,10.5,18.0,79.0
2016-03-08,8.8,1.8,8.9,87.0,1007.9,15.6,50.0,95.0
2016-03-09,9.9,5.1,9.6,73.0,1010.2,23.0,39.0,88.0
2016-03-10,0.0,5.0,14.0,61.0,1009.3,12.6,29.0,78.0
2016-03-11,0.0,7.3,12.7,71.0,1015.4,6.2,39.0,96.0
2016-03-12,0.0,7.1,14.5,69.0,1018.7,13.5,58.0,61.0
2016-03-13,0.0,6.4,14.1,57.0,1019.6,21.9,57.0,22.0
2016-03-14,0.0,5.9,13.3,55.0,1022.5,17.4,56.0,26.0
2016-03-15,1.4,4.0,10.9,71.0,1018.4,11.1,95.0,70.0
2016-03-16,0.2,5.5,11.2,60.0,1022.1,26.8,61.0,93.0
2016-03-17,0.0,6.3,13.1,60.0,1025.3,14.1,38.0,30.0
2016-03-18,0.0,3.9,13.8,78.0,1017.9,6.1,192.0,0.0
2016-03-19,0.0,3.9,14.7,85.0,1015.5,5.7,111.0,9.0
2016-03-20,0.0,5.5,15.3,86.0,1015.7,8.6,109.0,25.0
2016-03-21,0.0,9.3,14.5,87.0,1013.3,9.2,91.0,42.0
2016-03-22,0.0,9.0,14.9,76.0,1007.4,14.5,61.0,38.0
2016-03-23,0.0,9.3,13.8,52.0,999.8,27.8,62.0,82.0
2016-03-24,0.0,4.1,13.6,68.0,1007.8,9.6,183.0,11.0
2016-03-25,0.0,7.6,13.1,76.0,1015.9,9.3,132.0,95.0
2016-03-26,0.0,6.6,13.4,82.0,1017.6,9.3,116.0,45.0
2016-03-27,0.0,5.9,13.3,87.0,1016.1,8.6,101.0,70.0
2016-03-28,0.5,9.5,13.7,83.0,1013.1,10.3,122.0,85.0
2016-03-29,0.0,8.1,15.8,84.0,1013.7,10.2,191.0,49.0
2016-03-30,0.0,8.7,15.9,86.0,1017.7,10.2,143.0,63.0
2016-03-31,0.2,9.3,15.9,90.0,1017.2,8.6,90.0,77.0
2016-04-01,0.0,11.1,16.4,87.0,1015.7,10.2,75.0,94.0
2016-04-02,0.0,11.4,18.0,78.0,1019.3,9.8,55.0,86.0
2016-04-03,0.0,7.5,17.1,84.0,1018.0,9.0,103.0,58.0
2016-04-04,0.0,9.3,15.3,87.0,1015.3,7.7,117.0,70.0
2016-04-05,0.0,9.7,17.3,84.0,1012.1,7.1,133.0,24.0
2016-04-06,0.0,8.8,17.2,88.0,1011.3,5.2,150.0,87.0
2016-04-07,0.0,8.4,17.5,83.0,1008.4,8.0,92.0,48.0
2016-04-08,8.1,9.3,18.3,82.0,1002.2,9.4,59.0,97.0
2016-04-09,24.6,10.9,13.4,90.0,1002.1,9.7,51.0,100.0
2016-04-10,0.0,9.1,17.0,81.0,1007.6,6.4,146.0,50.0
2016-04-11,0.0,9.7,18.3,86.0,1011.7,7.9,137.0,39.0
2016-04-12,0.0,10.0,18.7,82.0,1012.5,9.1,184.0,38.0
2016-04-13,0.8,11.8,17.9,83.0,1008.8,10.9,93.0,61.0
2016-04-14,4.1,10.9,18.2,80.0,1008.3,7.8,181.0,49.0
2016-04-15,0.0,12.1,18.2,79.0,1012.5,11.5,102.0,45.0
2016-04-16,0.0,11.6,18.7,79.0,1012.2,9.3,145.0,21.0
2016-04-17,1.6,12.2,19.2,83.0,1011.2,10.3,163.0,69.0
2016-04-18,0.0,13.0,19.4,84.0,1012.6,8.1,156.0,54.0
2016-04-19,4.7,11.8,17.6,73.0,1016.6,14.3,69.0,29.0
2016-04-20,0.0,11.7,16.9,69.0,1023.9,8.8,139.0,17.0
2016-04-21,0.0,8.9,17.9,74.0,1024.4,8.9,130.0,38.0
2016-04-22,0.0,10.8,17.8,77.0,1016.1,8.5,137.0,69.0
2016-04-23,9.5,11.5,16.0,88.0,1006.6,7.7,93.0,88.0
2016-04-24,5.1,10.3,15.2,76.0,1002.3,18.5,60.0,99.0
2016-04-25,0.6,8.3,13.3,62.0,1007.5,9.1,130.0,58.0
2016-04-26,2.0,6.9,15.4,69.0,1007.6,10.1,113.0,42.0
2016-04-27,0.0,8.5,17.3,69.0,1005.4,21.4,131.0,47.0
2016-04-28,0.0,7.9,12.8,60.0,1013.9,22.9,55.0,73.0
2016-04-29,0.0,8.7,16.2,58.0,1017.9,13.1,52.0,6.0
2016-04-30,0.0,6.9,17.0,71.0,1017.0,10.9,82.0,40.0
2016-05-01,11.3,11.0,14.0,78.0,1012.1,17.0,44.0,86.0
2016-05-02,9.0,11.1,17.9,76.0,1011.8,17.7,26.0,87.0
2016-05-03,0.9,10.2,20.7,71.0,1012.4,6.1,290.0,40.0
2016-05-04,0.0,10.2,20.3,65.0,1016.0,8.4,11.0,27.0
2016-05-05,0.0,10.0,19.3,63.0,1020.8,10.1,21.0,42.0
2016-05-06,0.0,12.4,20.1,69.0,1018.1,9.4,64.0,8.0
2016-05-07,0.0,10.4,20.7,75.0,1014.0,6.5,129.0,2.0
2016-05-08,0.0,9.7,20.2,80.0,1014.4,9.8,104.0,21.0
2016-05-09,0.6,14.0,18.5,82.0,1017.7,6.9,97.0,86.0
2016-05-10,0.2,13.7,18.8,82.0,1015.3,6.8,119.0,91.0
2016-05-11,17.7,14.6,16.5,89.0,1008.8,17.4,68.0,100.0
2016-05-12,30.9,14.3,19.3,84.0,999.5,14.9,152.0,83.0
2016-05-13,2.2,12.9,17.1,83.0,998.0,12.7,232.0,94.0
2016-05-14,8.3,13.6,19.3,86.0,1002.7,6.7,77.0,88.0
2016-05-15,13.2,13.2,17.7,74.0,1010.9,13.6,80.0,61.0
2016-05-16,4.2,11.7,16.7,67.0,1017.5,10.3,91.0,72.0
2016-05-17,0.2,9.9,18.4,69.0,1016.7,9.8,104.0,21.0
2016-05-18,0.0,11.5,19.3,71.0,1015.3,9.8,138.0,39.0
2016-05-19,13.1,13.5,16.8,84.0,1010.4,11.1,67.0,93.0
2016-05-20,0.0,11.8,22.2,69.0,1014.9,7.5,344.0,42.0
2016-05-21,0.0,12.3,22.7,73.0,1018.5,6.2,105.0,26.0
2016-05-22,0.0,13.6,23.2,74.0,1016.0,8.0,156.0,2.0
2016-05-23,10.0,14.3,20.5,80.0,1009.7,10.9,130.0,50.0
2016-05-24,0.3,12.2,19.4,75.0,1008.2,8.5,183.0,62.0
2016-05-25,0.0,12.7,22.3,78.0,1011.9,7.3,144.0,23.0
2016-05-26,0.0,14.1,22.6,83.0,1014.5,7.3,113.0,71.0
2016-05-27,0.0,14.6,23.6,78.0,1015.7,7.2,141.0,41.0
2016-05-28,0.0,16.3,23.6,79.0,1013.2,10.0,110.0,36.0
2016-05-29,23.4,16.9,22.0,87.0,1008.6,10.9,117.0,75.0
2016-05-30,5.2,16.0,21.5,83.0,1008.8,8.4,227.0,52.0
2016-05-31,4.5,15.0,22.0,78.0,1011.8,6.6,223.0,53.0
2016-06-01,1.6,13.6,21.1,79.0,1012.9,5.2,154.0,75.0
2016-06-02,5.9,15.3,20.2,85.0,1011.2,7.7,100.0,92.0
2016-06-03,2.7,13.9,21.4,84.0,1010.6,6.8,151.0,81.0
2016-06-04,4.7,15.0,22.0,84.0,1011.7,5.5,101.0,75.0
2016-06-05,2.1,15.0,22.3,84.0,1013.8,4.6,186.0,68.0
2016-06-06,0.6,15.1,24.5,81.0,1016.8,4.5,343.0,63.0
2016-06-07,0.0,15.8,25.5,76.0,1018.8,6.2,43.0,32.0
2016-06-08,3.8,17.2,24.9,82.0,1016.6,9.6,60.0,83.0
2016-06-09,17.0,17.1,20.9,85.0,1011.8,11.7,47.0,100.0
2016-06-10,2.4,17.1,23.0,74.0,1011.1,11.2,82.0,50.0
2016-06-11,5.3,17.0,23.2,86.0,1010.1,7.2,135.0,77.0
2016-06-12,12.1,17.0,22.4,86.0,1008.4,6.9,16.0,94.0
2016-06-13,0.0,15.4,23.8,80.0,1003.9,6.0,328.0,86.0
2016-06-14,10.5,16.1,21.2,83.0,1001.4,7.7,62.0,91.0
2016-06-15,17.0,16.2,23.8,80.0,1001.9,10.4,227.0,44.0
2016-06-16,5.7,17.7,24.4,84.0,1004.5,11.3,100.0,73.0
2016-06-17,1.0,19.2,24.6,69.0,1008.5,17.9,230.0,29.0
2016-06-18,0.0,16.1,24.0,67.0,1016.0,4.9,256.0,31.0
2016-06-19,0.6,16.5,22.7,73.0,1015.2,10.2,342.0,83.0
2016-06-20,0.0,17.8,23.7,72.0,1016.5,7.5,114.0,66.0
2016-06-21,0.0,16.7,24.8,77.0,1021.0,6.0,148.0,47.0
2016-06-22,0.0,16.7,28.5,74.0,1021.2,7.7,360.0,25.0
2016-06-23,0.0,20.9,30.1,70.0,1019.6,10.1,23.0,1.0
2016-06-24,0.0,22.5,30.9,71.0,1015.3,5.9,12.0,4.0
2016-06-25,0.4,22.9,29.8,76.0,1010.0,6.5,32.0,44.0
2016-06-26,6.1,21.0,27.5,81.0,1010.9,11.3,36.0,25.0
2016-06-27,13.0,19.2,25.2,74.0,1012.4,15.2,35.0,40.0
2016-06-28,0.0,18.4,25.9,67.0,1016.5,8.6,123.0,11.0
2016-06-29,0.0,18.0,26.6,73.0,1015.2,6.9,124.0,18.0
2016-06-30,0.0,19.1,27.6,76.0,1013.9,6.9,126.0,51.0
2016-07-01,0.9,20.7,27.8,74.0,1015.8,7.8,87.0,28.0
2016-07-02,0.8,20.5,27.3,81.0,1013.6,6.4,123.0,39.0
2016-07-03,9.5,19.7,24.2,77.0,1014.0,17.5,51.0,59.0
2016-07-04,0.0,21.1,25.5,60.0,1018.5,16.5,45.0,59.0
2016-07-05,0.0,19.3,27.5,69.0,1014.9,7.4,67.0,32.0
2016-07-06,1.0,20.3,28.5,72.0,1013.3,7.0,74.0,29.0
2016-07-07,0.0,21.8,26.7,70.0,1016.8,11.6,73.0,21.0
2016-07-08,0.0,21.0,27.2,75.0,1017.1,8.3,98.0,56.0
2016-07-09,0.0,21.2,28.9,82.0,1015.9,7.1,110.0,19.0
2016-07-10,0.0,22.6,30.0,78.0,1015.0,5.3,74.0,25.0
2016-07-11,0.0,22.9,29.8,80.0,1012.9,5.8,162.0,61.0
2016-07-12,2.2,24.1,29.2,83.0,1010.1,6.0,84.0,32.0
2016-07-13,2.8,22.2,28.4,77.0,1006.8,9.9,85.0,30.0
2016-07-14,2.8,16.3,24.0,64.0,1008.9,10.2,349.0,26.0
2016-07-15,0.2,18.9,24.0,52.0,1015.8,16.9,46.0,89.0
2016-07-16,0.0,17.0,24.2,58.0,1017.4,12.2,127.0,46.0
2016-07-17,0.0,16.2,27.2,66.0,1018.0,9.9,186.0,10.0
2016-07-18,0.0,19.4,27.5,74.0,1018.3,7.1,92.0,8.0
2016-07-19,0.0,19.2,28.7,73.0,1018.1,6.9,85.0,14.0
2016-07-20,0.0,21.0,28.6,75.0,1016.3,8.2,104.0,12.0
2016-07-21,0.0,22.4,29.4,73.0,1014.3,9.4,109.0,34.0
2016-07-22,0.3,22.8,29.1,75.0,1013.5,9.0,78.0,34.0
2016-07-23,0.0,22.5,28.7,70.0,1014.8,8.9,32.0,58.0
2016-07-24,0.6,20.5,28.3,73.0,1015.2,6.3,254.0,86.0
2016-07-25,0.2,21.6,29.9,70.0,1013.5,8.3,21.0,77.0
2016-07-26,0.0,22.7,29.9,65.0,1014.2,8.6,15.0,60.0
2016-07-27,0.2,23.3,29.7,68.0,1013.6,10.1,36.0,56.0
2016-07-28,4.6,21.6,26.6,76.0,1013.9,7.6,346.0,55.0
2016-07-29,0.0,21.3,28.9,70.0,1013.8,7.2,41.0,20.0
2016-07-30,0.0,21.7,29.5,76.0,1013.5,7.8,130.0,19.0
2016-07-31,1.1,22.9,29.2,75.0,1011.9,9.1,7.0,44.0
2016-08-01,6.1,21.3,25.7,72.0,1013.0,14.3,50.0,66.0
2016-08-02,0.0,21.2,27.0,61.0,1016.6,10.7,62.0,73.0
2016-08-03,0.0,19.3,28.7,69.0,1015.2,6.2,100.0,20.0
2016-08-04,0.0,20.2,29.9,73.0,1012.8,6.2,95.0,14.0
2016-08-05,24.7,19.1,24.6,83.0,1009.9,10.0,19.0,74.0
2016-08-06,0.2,18.8,26.8,60.0,1017.3,11.5,30.0,53.0
2016-08-07,0.0,20.3,27.6,58.0,1022.3,11.8,50.0,3.0
2016-08-08,0.0,20.4,27.5,60.0,1019.8,10.8,31.0,2.0
2016-08-09,0.0,18.9,28.3,71.0,1013.9,5.9,46.0,58.0
2016-08-10,16.9,16.5,22.3,74.0,1012.0,24.1,37.0,73.0
2016-08-11,0.0,18.2,22.4,55.0,1018.8,16.6,66.0,32.0
2016-08-12,0.0,17.2,22.9,61.0,1023.9,10.4,74.0,39.0
2016-08-13,0.0,16.5,25.4,70.0,1024.2,7.9,77.0,5.0
2016-08-14,0.0,18.4,27.5,75.0,1021.4,5.0,123.0,13.0
2016-08-15,0.0,19.7,27.7,78.0,1018.2,7.1,98.0,41.0
2016-08-16,0.0,20.3,27.8,74.0,1014.2,7.1,34.0,64.0
2016-08-17,1.3,19.6,26.9,81.0,1009.7,7.7,88.0,52.0
2016-08-18,3.0,19.8,25.2,79.0,1010.2,8.5,79.0,74.0
2016-08-19,8.6,18.7,25.8,81.0,1011.3,9.4,80.0,57.0
2016-08-20,0.6,20.8,26.9,82.0,1014.3,7.2,78.0,67.0
2016-08-21,21.4,20.2,24.4,85.0,1014.4,12.1,31.0,79.0
2016-08-22,0.0,18.0,25.3,56.0,1021.2,12.6,54.0,10.0
2016-08-23,0.0,16.3,26.8,65.0,1023.3,8.8,28.0,3.0
2016-08-24,0.0,17.8,27.8,69.0,1021.8,7.6,36.0,0.0
2016-08-25,0.0,21.2,27.6,64.0,1019.7,11.9,50.0,3.0
2016-08-26,0.0,21.0,27.7,61.0,1019.3,11.3,54.0,3.0
2016-08-27,0.0,19.6,27.8,72.0,1019.4,7.2,64.0,0.0
2016-08-28,0.0,19.4,28.3,79.0,1017.3,5.4,155.0,3.0
2016-08-29,0.0,18.7,28.2,81.0,1015.1,7.6,108.0,33.0
2016-08-30,0.2,22.7,27.9,65.0,1018.1,17.0,39.0,80.0
2016-08-31,0.0,21.2,27.4,60.0,1019.4,12.7,54.0,5.0
2016-09-01,0.0,20.3,28.3,64.0,1018.7,6.6,31.0,14.0
2016-09-02,0.0,20.4,28.4,70.0,1018.2,8.5,65.0,31.0
2016-09-03,0.0,19.2,28.2,76.0,1017.4,6.5,91.0,62.0
2016-09-04,0.3,20.7,28.0,77.0,1015.3,7.4,105.0,80.0
2016-09-05,0.6,20.9,25.5,74.0,1012.8,11.6,75.0,72.0
2016-09-06,2.3,16.4,24.5,76.0,1017.2,12.8,83.0,32.0
2016-09-07,0.0,18.0,27.9,60.0,1018.4,20.9,42.0,18.0
2016-09-08,0.0,20.3,27.9,60.0,1014.3,14.5,47.0,7.0
2016-09-09,0.0,20.3,29.6,59.0,1013.7,11.3,34.0,4.0
2016-09-10,0.0,20.9,29.2,58.0,1014.3,13.3,30.0,17.0
2016-09-11,0.5,20.3,28.4,66.0,1015.3,9.7,43.0,40.0
2016-09-12,0.3,20.9,29.0,65.0,1017.4,9.7,45.0,40.0
2016-09-13,0.0,18.7,28.7,72.0,1015.4,6.1,63.0,6.0
2016-09-14,0.0,18.7,27.7,79.0,1013.5,6.2,112.0,11.0
2016-09-15,7.6,20.4,24.8,86.0,1015.0,9.6,101.0,65.0
2016-09-16,65.2,17.8,23.0,89.0,1014.5,8.5,31.0,90.0
2016-09-17,8.9,17.2,23.3,81.0,1009.7,7.7,263.0,70.0
2016-09-18,21.8,16.7,20.7,88.0,1010.4,7.9,41.0,74.0
2016-09-19,0.4,14.7,23.5,80.0,1008.8,7.0,301.0,67.0
2016-09-20,7.3,16.6,23.2,79.0,1011.4,8.3,52.0,53.0
2016-09-21,4.3,16.7,20.1,69.0,1015.2,16.3,62.0,52.0
2016-09-22,0.0,16.3,21.1,60.0,1020.4,9.1,51.0,44.0
2016-09-23,0.0,13.8,21.8,73.0,1023.9,6.4,70.0,30.0
2016-09-24,0.0,14.2,23.0,72.0,1024.9,7.1,48.0,20.0
2016-09-25,0.0,12.9,22.6,75.0,1020.7,6.2,54.0,3.0
2016-09-26,0.0,14.1,22.9,74.0,1019.7,5.9,59.0,15.0
2016-09-27,0.0,13.3,22.6,77.0,1023.1,6.2,86.0,11.0
2016-09-28,0.0,14.9,22.8,75.0,1028.0,7.9,103.0,32.0
2016-09-29,0.0,16.7,23.0,77.0,1025.7,7.2,163.0,39.0
2016-09-30,0.0,15.1,23.0,80.0,1019.7,6.3,177.0,18.0
2016-10-01,0.0,16.2,22.4,82.0,1015.8,7.9,180.0,75.0
2016-10-02,9.3,16.9,20.0,89.0,1013.6,6.0,56.0,80.0
2016-10-03,7.2,15.4,20.4,69.0,1018.7,13.8,65.0,29.0
2016-10-04,0.0,12.2,20.8,71.0,1020.9,8.6,57.0,26.0
2016-10-05,3.2,11.3,16.2,69.0,1020.1,15.0,93.0,69.0
2016-10-06,0.2,9.7,16.3,73.0,1016.5,4.7,38.0,41.0
2016-10-07,0.0,11.0,17.8,66.0,1014.2,11.7,53.0,59.0
2016-10-08,2.5,13.0,15.8,72.0,1017.0,14.5,76.0,85.0
2016-10-09,1.0,11.9,16.7,65.0,1019.4,18.3,50.0,64.0
2016-10-10,0.1,11.3,15.5,58.0,1018.0,24.9,52.0,53.0
2016-10-11,0.0,9.4,14.9,64.0,1013.4,15.0,50.0,67.0
2016-10-12,0.0,6.9,16.3,67.0,1014.1,5.9,118.0,23.0
2016-10-13,3.2,8.3,15.1,81.0,1017.8,10.6,55.0,98.0
2016-10-14,24.6,12.1,16.6,86.0,1015.4,21.9,55.0,100.0
2016-10-15,37.9,15.3,19.7,88.0,1014.2,9.4,34.0,72.0
2016-10-16,0.0,10.8,20.0,89.0,1021.1,5.1,294.0,35.0
2016-10-17,0.2,12.7,18.8,88.0,1023.5,5.3,16.0,94.0
2016-10-18,3.2,13.2,18.7,86.0,1020.6,5.7,28.0,49.0
2016-10-19,6.6,12.9,17.2,84.0,1017.5,10.9,77.0,87.0
2016-10-20,21.5,11.5,14.4,81.0,1012.3,21.4,45.0,93.0
2016-10-21,0.7,9.6,15.1,71.0,1012.6,16.4,43.0,33.0
2016-10-22,0.0,9.2,14.9,74.0,1015.8,10.7,45.0,30.0
2016-10-23,3.0,10.9,14.8,76.0,1018.1,13.2,42.0,82.0
2016-10-24,2.0,13.5,16.7,80.0,1021.8,7.7,32.0,98.0
2016-10-25,4.1,12.9,17.1,93.0,1022.9,4.1,237.0,100.0
2016-10-26,1.6,12.0,19.6,86.0,1021.7,9.9,31.0,90.0
2016-10-27,0.0,12.3,17.3,69.0,1026.8,14.7,67.0,29.0
2016-10-28,0.0,9.7,15.7,75.0,1031.6,9.6,69.0,54.0
2016-10-29,0.0,8.6,17.5,87.0,1027.3,4.6,337.0,29.0
2016-10-30,0.0,9.2,17.2,85.0,1024.5,8.0,55.0,19.0
2016-10-31,0.0,11.3,15.8,77.0,1026.5,10.3,67.0,26.0
2016-11-01,0.0,11.0,15.5,84.0,1024.4,5.1,140.0,42.0
2016-11-02,0.9,10.7,14.9,87.0,1016.6,5.8,203.0,82.0
2016-11-03,0.0,11.3,14.4,73.0,1016.5,15.5,61.0,39.0
2016-11-04,0.2,8.8,13.1,66.0,1020.6,11.4,54.0,57.0
2016-11-05,21.3,9.3,12.9,83.0,1011.0,11.7,40.0,100.0
2016-11-06,18.2,11.2,16.4,92.0,997.2,9.7,218.0,84.0
2016-11-07,1.2,8.6,12.6,80.0,1003.1,11.2,32.0,48.0
2016-11-08,0.6,7.6,11.4,70.0,1006.0,17.9,41.0,46.0
2016-11-09,0.3,5.0,10.7,68.0,1008.6,11.5,50.0,56.0
2016-11-10,0.6,4.9,11.1,77.0,1011.5,7.7,45.0,80.0
2016-11-11,1.1,7.0,9.5,79.0,1011.0,16.1,26.0,81.0
2016-11-12,0.9,6.4,13.1,74.0,1014.1,9.0,322.0,60.0
2016-11-13,0.0,4.2,10.7,68.0,1021.5,14.9,43.0,79.0
2016-11-14,0.2,6.1,9.2,59.0,1028.6,22.5,58.0,50.0
2016-11-15,0.0,3.3,8.3,65.0,1031.1,13.1,51.0,11.0
2016-11-16,0.0,3.6,9.4,74.0,1026.4,4.5,47.0,54.0
2016-11-17,0.0,5.3,10.6,83.0,1021.5,6.8,36.0,86.0
2016-11-18,6.5,8.5,11.3,86.0,1017.9,6.3,25.0,91.0
2016-11-19,31.4,9.6,13.3,96.0,1012.5,7.6,102.0,93.0
2016-11-20,0.1,7.8,14.0,93.0,1016.7,6.0,14.0,87.0
2016-11-21,0.6,9.6,13.9,93.0,1017.7,6.4,26.0,91.0
2016-11-22,1.6,11.1,15.4,96.0,1019.2,8.7,57.0,87.0
2016-11-23,0.2,12.2,15.8,94.0,1022.0,11.8,51.0,98.0
2016-11-24,0.2,12.8,15.3,94.0,1020.3,11.9,53.0,99.0
2016-11-25,11.6,12.8,13.9,96.0,1016.2,12.3,50.0,100.0
2016-11-26,15.3,9.8,13.7,94.0,1015.4,8.7,43.0,93.0
2016-11-27,0.0,9.2,12.3,93.0,1013.1,4.5,244.0,100.0
2016-11-28,1.0,7.2,11.3,66.0,1015.5,22.6,72.0,75.0
2016-11-29,0.0,1.9,7.0,43.0,1029.7,16.6,68.0,11.0
2016-11-30,0.0,0.6,6.9,67.0,1031.8,3.9,296.0,13.0
2016-12-01,0.0,2.8,7.3,76.0,1023.1,2.7,213.0,74.0
2016-12-02,0.0,2.0,9.0,89.0,1015.0,4.8,49.0,70.0
2016-12-03,1.4,6.5,8.7,71.0,1021.3,16.0,51.0,93.0
2016-12-04,0.0,7.0,9.7,62.0,1026.1,13.3,45.0,71.0
2016-12-05,0.0,4.3,10.2,72.0,1028.5,8.9,41.0,35.0
2016-12-06,0.0,1.8,10.0,85.0,1029.0,5.1,21.0,14.0
2016-12-07,0.0,1.7,8.8,83.0,1034.3,9.0,34.0,20.0
2016-12-08,0.0,1.6,6.6,86.0,1036.6,3.7,10.0,22.0
2016-12-09,0.0,1.1,5.6,95.0,1033.0,3.0,332.0,65.0
2016-12-10,0.0,0.3,5.1,94.0,1028.7,2.6,283.0,66.0
2016-12-11,0.0,1.6,6.4,95.0,1021.9,3.7,31.0,72.0
2016-12-12,0.0,3.0,10.3,89.0,1019.9,6.9,288.0,35.0
2016-12-13,0.0,2.6,10.2,88.0,1027.7,5.5,35.0,66.0
2016-12-14,0.0,3.7,8.9,86.0,1027.0,6.4,349.0,63.0
2016-12-15,0.0,1.2,9.1,88.0,1028.0,5.7,344.0,26.0
2016-12-16,0.0,4.2,8.2,76.0,1032.3,15.9,49.0,29.0
2016-12-17,0.0,-0.8,7.0,80.0,1037.5,7.7,4.0,17.0
2016-12-18,0.0,-0.5,4.6,88.0,1034.1,3.0,281.0,60.0
2016-12-19,0.6,0.5,7.2,76.0,1030.3,13.8,47.0,98.0
2016-12-20,0.0,7.1,9.7,68.0,1027.9,19.1,47.0,95.0
2016-12-21,0.0,3.2,10.0,68.0,1028.2,13.7,46.0,28.0
2016-12-22,0.0,2.8,8.4,79.0,1030.3,8.0,49.0,8.0
2016-12-23,0.0,0.2,9.4,86.0,1031.4,6.1,19.0,11.0
2016-12-24,0.0,1.1,8.9,84.0,1028.8,5.9,20.0,59.0
2016-12-25,0.0,2.1,9.8,83.0,1025.4,4.5,336.0,92.0
2016-12-26,0.0,1.5,9.3,89.0,1027.1,3.9,64.0,44.0
2016-12-27,0.0,1.2,11.0,83.0,1029.3,7.3,45.0,7.0
2016-12-28,0.0,0.7,10.3,77.0,1032.5,8.4,21.0,20.0
2016-12-29,0.1,4.2,7.2,77.0,1037.3,7.4,111.0,63.0
2016-12-30,0.0,0.8,6.8,82.0,1038.0,6.8,43.0,14.0
2016-12-31,0.0,0.1,6.8,82.0,1032.9,4.7,326.0,10.0
2017-01-01,0.0,-2.8,7.1,76.0,1025.0,5.8,285.0,2.0
2017-01-02,0.0,-3.3,5.5,73.0,1020.2,4.5,7.0,42.0
2017-01-03,0.0,-1.1,8.0,72.0,1020.6,13.8,52.0,38.0
2017-01-04,0.0,-2.0,4.9,79.0,1013.8,7.2,322.0,31.0
2017-01-05,0.0,-0.5,7.4,50.0,1014.9,15.0,358.0,6.0
2017-01-06,0.0,-1.8,3.2,32.0,1028.5,18.0,57.0,0.0
2017-01-07,0.0,-3.7,1.2,48.0,1030.9,8.8,29.0,15.0
2017-01-08,0.0,-4.3,2.6,51.0,1026.0,10.4,23.0,36.0
2017-01-09,0.0,-6.1,2.4,63.0,1023.4,5.4,345.0,12.0
2017-01-10,0.4,-2.7,2.1,61.0,1017.3,17.8,57.0,93.0
2017-01-11,0.0,-4.5,0.7,53.0,1020.1,9.6,22.0,26.0
2017-01-12,0.4,-4.1,1.5,70.0,1018.7,7.7,26.0,56.0
2017-01-13,10.9,-0.4,4.6,91.0,1002.3,8.9,330.0,99.0
2017-01-14,0.4,-2.5,5.9,83.0,1008.0,7.9,292.0,65.0
2017-01-15,0.1,0.7,7.1,56.0,1016.3,16.8,42.0,86.0
2017-01-16,0.0,0.2,5.2,37.0,1016.6,22.9,39.0,84.0
2017-01-17,0.1,2.5,6.5,30.0,1018.7,31.6,44.0,87.0
2017-01-18,0.0,3.5,7.6,34.0,1024.7,31.2,53.0,34.0
2017-01-19,0.0,2.9,7.7,44.0,1029.9,26.4,67.0,17.0
2017-01-20,0.0,-0.0,5.8,55.0,1033.0,15.2,54.0,1.0
2017-01-21,0.0,-1.7,6.6,56.0,1031.2,9.5,29.0,0.0
2017-01-22,0.0,-0.2,8.8,54.0,1028.8,13.7,43.0,16.0
2017-01-23,0.0,0.1,7.5,61.0,1023.5,10.4,28.0,56.0
2017-01-24,0.0,-0.6,9.4,64.0,1019.0,13.4,46.0,3.0
2017-01-25,0.0,0.0,6.7,61.0,1024.0,15.5,56.0,1.0
2017-01-26,0.0,-1.7,5.2,60.0,1028.8,15.4,46.0,8.0
2017-01-27,0.0,-3.1,4.5,57.0,1029.9,6.1,33.0,0.0
2017-01-28,0.0,-3.1,5.6,67.0,1026.8,4.9,359.0,69.0
2017-01-29,0.0,-2.9,5.4,75.0,1025.9,4.0,331.0,24.0
2017-01-30,0.0,-2.9,4.5,83.0,1024.0,4.5,29.0,43.0
2017-01-31,6.1,1.9,3.9,88.0,1021.4,7.1,16.0,99.0
2017-02-01,5.1,2.6,5.5,96.0,1020.6,4.4,14.0,97.0
2017-02-02,1.2,3.2,6.8,98.0,1021.2,4.9,26.0,99.0
2017-02-03,3.7,4.7,10.2,98.0,1014.6,6.3,29.0,89.0
2017-02-04,8.4,3.6,7.1,97.0,1009.0,8.1,21.0,88.0
2017-02-05,18.2,2.0,7.7,93.0,1006.7,17.0,31.0,87.0
2017-02-06,23.9,6.9,12.1,77.0,1002.3,26.2,50.0,98.0
2017-02-07,0.4,5.8,9.9,75.0,1014.6,9.0,64.0,93.0
2017-02-08,0.0,4.3,9.3,68.0,1018.5,14.8,68.0,90.0
2017-02-09,0.0,3.2,8.7,56.0,1022.6,23.5,56.0,71.0
2017-02-10,0.8,4.4,9.1,61.0,1022.5,16.5,49.0,96.0
2017-02-11,0.2,4.5,8.4,83.0,1024.0,7.5,45.0,95.0
2017-02-12,0.0,4.1,9.4,84.0,1027.7,4.3,11.0,84.0
2017-02-13,0.0,2.8,9.2,75.0,1030.4,11.0,48.0,62.0
2017-02-14,0.0,1.9,10.2,69.0,1033.9,8.3,46.0,14.0
2017-02-15,0.0,-0.3,11.1,82.0,1035.0,5.1,291.0,0.0
2017-02-16,0.0,1.5,11.6,86.0,1030.8,4.7,313.0,17.0
2017-02-17,2.8,0.4,8.5,89.0,1025.0,6.8,51.0,52.0
2017-02-18,0.0,0.5,11.9,84.0,1024.0,7.2,269.0,8.0
2017-02-19,0.0,3.5,9.1,83.0,1025.1,5.7,46.0,54.0
2017-02-20,0.0,2.8,9.8,86.0,1023.4,7.0,147.0,29.0
2017-02-21,0.0,1.9,6.7,92.0,1019.8,5.0,219.0,77.0
2017-02-22,0.2,4.1,9.3,87.0,1018.8,6.0,64.0,93.0
2017-02-23,1.5,6.7,9.2,93.0,1015.7,3.1,74.0,100.0
2017-02-24,7.5,6.3,9.8,95.0,1009.0,10.4,48.0,100.0
2017-02-25,0.0,4.5,12.0,62.0,1020.2,14.6,65.0,27.0
2017-02-26,0.0,1.3,10.3,67.0,1020.9,7.1,8.0,52.0
2017-02-27,0.0,1.8,10.2,82.0,1016.9,5.8,144.0,50.0
2017-02-28,1.4,4.9,12.8,84.0,1007.1,14.1,172.0,94.0
2017-03-01,2.9,4.7,11.2,79.0,1007.3,12.5,172.0,34.0
2017-03-02,0.0,5.0,12.0,80.0,1015.0,10.7,51.0,50.0
2017-03-03,0.2,5.1,12.8,86.0,1018.6,9.6,47.0,67.0
2017-03-04,10.5,7.6,10.9,93.0,1009.7,13.8,102.0,86.0
2017-03-05,0.3,5.6,11.7,82.0,1008.7,8.5,189.0,67.0
2017-03-06,0.7,4.1,11.6,84.0,1005.2,8.6,88.0,68.0
2017-03-07,0.4,5.3,15.5,66.0,1005.8,10.5,359.0,83.0
2017-03-08,0.0,2.6,15.8,50.0,1019.4,7.8,331.0,42.0
2017-03-09,0.0,4.2,15.7,65.0,1018.8,4.8,31.0,48.0
2017-03-10,0.0,5.4,18.8,58.0,1016.5,10.5,33.0,0.0
2017-03-11,0.0,3.4,12.7,57.0,1021.0,9.0,117.0,12.0
2017-03-12,0.0,3.7,11.5,75.0,1017.2,7.4,104.0,36.0
2017-03-13,0.0,5.8,11.7,67.0,1022.7,9.7,112.0,9.0
2017-03-14,0.0,3.4,14.6,81.0,1027.5,6.5,154.0,56.0
2017-03-15,0.0,5.3,13.3,76.0,1027.7,7.6,110.0,44.0
2017-03-16,0.0,5.5,14.8,77.0,1024.5,7.2,149.0,16.0
2017-03-17,0.0,4.6,13.7,79.0,1018.0,6.1,114.0,2.0
2017-03-18,0.0,5.7,14.1,83.0,1010.4,8.4,63.0,91.0
2017-03-19,0.0,6.9,14.6,87.0,1011.2,8.5,62.0,87.0
2017-03-20,0.0,8.3,14.6,89.0,1013.2,7.1,91.0,73.0
2017-03-21,0.0,8.9,13.7,92.0,1012.3,5.8,131.0,75.0
2017-03-22,0.7,9.9,14.0,92.0,1012.5,8.4,93.0,93.0
2017-03-23,2.6,9.6,16.3,89.0,1016.9,7.1,58.0,81.0
2017-03-24,0.2,9.1,15.8,91.0,1022.6,7.1,83.0,99.0
2017-03-25,0.0,9.1,18.1,75.0,1021.3,9.2,59.0,38.0
2017-03-26,3.3,8.4,15.0,77.0,1018.4,12.4,63.0,64.0
2017-03-27,0.0,7.0,15.2,54.0,1025.1,8.9,32.0,11.0
2017-03-28,0.0,7.1,17.5,57.0,1023.9,8.3,274.0,0.0
2017-03-29,0.0,6.5,22.2,65.0,1023.1,6.0,316.0,22.0
2017-03-30,0.0,8.9,18.9,66.0,1024.8,9.6,103.0,20.0
2017-03-31,0.0,9.6,18.2,76.0,1022.9,8.0,99.0,6.0
2017-04-01,0.3,9.9,17.0,80.0,1016.3,11.9,72.0,53.0
2017-04-02,0.5,10.7,18.0,68.0,1016.1,15.2,57.0,66.0
2017-04-03,0.0,8.7,23.2,58.0,1017.2,9.5,335.0,10.0
2017-04-04,0.1,12.7,21.2,54.0,1016.0,10.7,27.0,79.0
2017-04-05,5.6,10.1,17.9,78.0,1017.7,11.5,347.0,70.0
2017-04-06,0.0,9.8,17.4,81.0,1016.1,8.1,151.0,55.0
2017-04-07,0.2,10.7,14.7,76.0,1020.0,10.6,119.0,75.0
2017-04-08,0.0,7.6,17.6,83.0,1021.6,7.2,140.0,12.0
2017-04-09,0.0,10.3,17.6,79.0,1024.2,7.8,87.0,4.0
2017-04-10,0.0,9.5,18.3,78.0,1020.8,7.2,107.0,18.0
2017-04-11,0.0,11.9,19.3,80.0,1017.3,10.1,71.0,47.0
2017-04-12,0.0,12.2,17.1,66.0,1019.2,11.7,95.0,46.0
2017-04-13,0.0,10.8,18.7,81.0,1011.7,8.5,103.0,58.0
2017-04-14,1.8,12.3,18.9,80.0,1012.7,9.6,87.0,40.0
2017-04-15,2.6,13.3,17.3,85.0,1013.1,11.8,61.0,90.0
2017-04-16,7.6,10.8,19.1,83.0,1012.6,8.7,32.0,75.0
2017-04-17,0.3,9.1,15.4,68.0,1015.4,13.4,80.0,33.0
2017-04-18,4.8,7.7,12.0,74.0,1012.7,15.8,57.0,78.0
2017-04-19,0.3,5.1,14.4,38.0,1017.3,13.2,11.0,64.0
2017-04-20,0.0,5.5,13.4,35.0,1024.6,12.4,58.0,29.0
2017-04-21,0.0,6.8,13.0,49.0,1028.6,15.0,123.0,29.0
2017-04-22,0.0,4.9,15.0,69.0,1021.7,8.2,109.0,17.0
2017-04-23,0.0,8.0,16.2,68.0,1018.1,12.7,98.0,24.0
2017-04-24,0.0,11.2,13.8,76.0,1019.8,10.2,59.0,83.0
2017-04-25,1.5,10.4,16.8,85.0,1013.5,10.4,138.0,57.0
2017-04-26,14.5,11.6,16.0,83.0,1009.1,15.3,159.0,99.0
2017-04-27,28.3,12.4,17.0,93.0,1006.7,12.5,176.0,98.0
2017-04-28,15.1,11.1,15.8,72.0,1005.8,11.2,217.0,61.0
2017-04-29,0.0,9.2,16.0,53.0,1015.6,12.7,61.0,10.0
2017-04-30,0.0,7.6,16.6,67.0,1015.9,8.9,74.0,24.0
2017-05-01,7.5,9.8,16.7,69.0,1012.5,13.3,51.0,68.0
2017-05-02,0.1,8.5,15.4,79.0,1016.5,9.9,166.0,33.0
2017-05-03,0.8,10.4,16.8,77.0,1017.9,6.6,94.0,68.0
2017-05-04,3.2,9.6,16.6,82.0,1015.9,7.8,152.0,68.0
2017-05-05,2.4,10.4,18.6,80.0,1015.8,7.7,162.0,42.0
2017-05-06,5.7,11.2,16.6,82.0,1014.9,7.9,82.0,73.0
2017-05-07,4.1,11.2,19.5,82.0,1009.0,9.5,268.0,97.0
2017-05-08,1.5,11.6,18.6,91.0,1010.2,6.3,351.0,89.0
2017-05-09,1.3,12.9,17.7,76.0,1010.7,8.1,44.0,80.0
2017-05-10,3.8,10.0,15.1,76.0,1012.9,13.0,69.0,61.0
2017-05-11,4.3,12.3,17.4,86.0,1009.4,12.6,62.0,96.0
2017-05-12,0.7,14.1,21.4,83.0,1006.2,10.7,168.0,76.0
2017-05-13,0.6,13.1,22.4,80.0,1011.8,6.2,230.0,51.0
2017-05-14,1.7,13.7,22.6,83.0,1019.3,6.5,7.0,67.0
2017-05-15,14.2,15.3,23.5,74.0,1024.1,10.4,19.0,75.0
2017-05-16,0.0,14.8,24.6,65.0,1026.1,7.6,339.0,6.0
2017-05-17,0.0,16.5,24.0,65.0,1022.6,8.6,77.0,15.0
2017-05-18,0.0,17.0,22.7,68.0,1017.2,9.6,122.0,32.0
2017-05-19,0.0,15.7,22.2,78.0,1013.4,10.1,81.0,77.0
2017-05-20,6.0,13.5,19.1,89.0,1015.0,9.5,324.0,89.0
2017-05-21,0.1,13.9,23.6,68.0,1018.8,6.5,259.0,49.0
2017-05-22,0.0,14.8,23.5,69.0,1017.7,9.2,121.0,29.0
2017-05-23,0.0,15.8,26.0,70.0,1016.1,6.4,108.0,56.0
2017-05-24,0.0,18.0,24.4,76.0,1016.1,9.3,96.0,81.0
2017-05-25,1.6,16.0,21.4,70.0,1017.6,13.2,96.0,33.0
2017-05-26,0.0,15.9,22.8,64.0,1018.8,8.3,166.0,39.0
2017-05-27,0.0,14.7,25.3,67.0,1019.6,8.1,214.0,34.0
2017-05-28,0.0,16.8,25.5,66.0,1020.7,9.2,175.0,10.0
2017-05-29,0.0,16.5,25.2,66.0,1017.3,9.1,154.0,10.0
2017-05-30,0.0,17.9,24.8,74.0,1015.4,9.0,123.0,16.0
2017-05-31,0.0,19.8,24.0,81.0,1018.1,9.8,98.0,71.0
2017-06-01,0.0,19.1,25.9,79.0,1018.3,8.0,106.0,70.0
2017-06-02,0.0,19.5,26.9,71.0,1016.6,7.3,53.0,22.0
2017-06-03,0.0,19.2,27.3,71.0,1014.2,7.1,108.0,28.0
2017-06-04,0.0,20.4,27.1,75.0,1011.2,8.4,46.0,53.0
2017-06-05,0.9,18.4,25.6,72.0,1012.0,15.1,53.0,77.0
2017-06-06,7.0,17.6,23.2,86.0,1008.4,8.9,94.0,72.0
2017-06-07,1.8,17.0,23.5,66.0,1012.7,22.3,49.0,45.0
2017-06-08,0.0,14.7,22.9,50.0,1020.5,12.3,61.0,33.0
2017-06-09,0.0,14.9,25.0,56.0,1016.7,8.0,103.0,27.0
2017-06-10,0.0,16.2,26.8,61.0,1016.5,5.6,74.0,72.0
2017-06-11,0.0,18.9,26.2,64.0,1018.6,10.9,104.0,9.0
2017-06-12,0.0,17.8,26.7,67.0,1015.7,8.4,145.0,16.0
2017-06-13,0.0,20.4,26.9,70.0,1013.8,10.0,108.0,27.0
2017-06-14,0.8,21.3,28.3,77.0,1013.8,7.9,95.0,93.0
2017-06-15,0.6,20.4,27.3,72.0,1015.3,11.1,80.0,92.0
2017-06-16,1.1,21.1,26.7,83.0,1014.7,7.0,123.0,65.0
2017-06-17,0.0,20.9,27.3,63.0,1015.4,15.9,93.0,57.0
2017-06-18,0.0,19.8,27.0,48.0,1020.1,11.7,129.0,7.0
2017-06-19,0.0,18.2,27.4,54.0,1021.1,9.4,170.0,4.0
2017-06-20,0.0,18.7,28.4,58.0,1017.6,9.4,169.0,37.0
2017-06-21,0.0,20.7,29.0,68.0,1014.7,6.7,131.0,39.0
2017-06-22,0.0,21.6,29.4,69.0,1015.3,9.7,147.0,34.0
2017-06-23,0.0,22.3,29.6,78.0,1014.2,9.7,108.0,77.0
2017-06-24,0.0,23.5,29.3,74.0,1013.8,11.9,91.0,65.0
2017-06-25,25.9,20.3,24.9,86.0,1012.0,9.9,8.0,84.0
2017-06-26,0.0,20.3,27.9,73.0,1012.9,8.6,78.0,25.0
2017-06-27,0.8,20.8,27.9,69.0,1009.7,11.1,5.0,61.0
2017-06-28,27.7,19.2,27.4,78.0,1003.4,14.8,44.0,75.0
2017-06-29,6.6,17.5,25.8,77.0,1001.4,9.4,262.0,48.0
2017-06-30,2.6,17.5,25.4,63.0,1008.3,10.2,211.0,54.0
2017-07-01,0.4,15.8,25.3,72.0,1011.3,6.8,142.0,25.0
2017-07-02,0.7,17.9,25.7,66.0,1013.9,8.3,20.0,25.0
2017-07-03,0.0,19.4,26.9,68.0,1017.9,9.8,106.0,28.0
2017-07-04,0.0,19.3,25.7,69.0,1019.9,10.6,77.0,38.0
2017-07-05,0.0,20.5,27.4,68.0,1018.3,7.6,115.0,20.0
2017-07-06,0.0,19.9,28.6,69.0,1017.7,7.6,138.0,13.0
2017-07-07,0.0,21.2,29.1,71.0,1016.3,6.5,109.0,29.0
2017-07-08,0.0,21.7,30.6,70.0,1014.7,7.5,123.0,36.0
2017-07-09,0.0,22.6,31.7,66.0,1013.1,9.5,9.0,52.0
2017-07-10,1.1,21.9,30.0,71.0,1010.4,13.2,62.0,31.0
2017-07-11,10.5,21.5,31.2,71.0,1012.0,12.6,199.0,45.0
2017-07-12,0.1,20.3,27.0,77.0,1012.8,9.5,73.0,24.0
2017-07-13,0.0,22.7,29.6,66.0,1012.6,15.0,54.0,24.0
2017-07-14,2.4,20.4,26.0,58.0,1013.1,16.4,48.0,53.0
2017-07-15,0.0,18.8,27.3,54.0,1014.5,12.5,44.0,45.0
2017-07-16,0.0,19.1,26.5,45.0,1020.6,11.7,79.0,14.0
2017-07-17,0.0,18.6,26.9,52.0,1020.8,6.8,72.0,24.0
2017-07-18,0.0,19.8,28.1,60.0,1018.6,9.4,114.0,17.0
2017-07-19,0.0,18.9,27.3,66.0,1016.0,8.6,138.0,37.0
2017-07-20,0.0,21.6,27.8,77.0,1012.3,9.3,98.0,51.0
2017-07-21,0.0,22.1,29.0,76.0,1012.3,8.1,80.0,76.0
2017-07-22,0.5,22.0,29.6,70.0,1012.3,9.1,94.0,48.0
2017-07-23,0.8,23.0,29.9,77.0,1012.8,9.6,98.0,40.0
2017-07-24,11.6,20.6,26.2,81.0,1005.9,14.7,24.0,80.0
2017-07-25,1.0,19.2,26.1,60.0,1004.4,8.3,22.0,49.0
2017-07-26,0.1,15.9,25.3,69.0,1004.9,7.1,54.0,70.0
2017-07-27,0.0,18.2,27.1,63.0,1009.0,8.5,89.0,47.0
2017-07-28,0.1,20.3,27.6,68.0,1011.4,9.7,75.0,38.0
2017-07-29,1.6,21.8,28.2,74.0,1016.0,9.5,63.0,45.0
2017-07-30,0.5,21.0,28.0,75.0,1015.3,9.1,136.0,50.0
2017-07-31,0.0,21.5,29.7,77.0,1016.5,7.5,140.0,7.0
2017-08-01,0.0,21.5,31.3,73.0,1017.0,6.9,152.0,6.0
2017-08-02,0.0,23.7,31.6,70.0,1015.9,7.2,119.0,35.0
2017-08-03,0.0,25.6,31.9,65.0,1014.7,10.1,88.0,37.0
2017-08-04,0.0,25.2,34.0,67.0,1011.0,7.5,114.0,15.0
2017-08-05,0.0,26.2,33.8,60.0,1010.5,10.9,76.0,15.0
2017-08-06,19.3,22.2,33.8,65.0,1011.3,18.1,28.0,48.0
2017-08-07,0.9,20.7,29.3,51.0,1016.0,18.6,59.0,35.0
2017-08-08,0.0,22.0,29.2,55.0,1013.9,13.8,67.0,10.0
2017-08-09,0.0,22.6,30.7,66.0,1012.5,13.9,46.0,26.0
2017-08-10,9.8,22.2,30.2,73.0,1012.0,14.2,37.0,39.0
2017-08-11,17.4,18.9,27.6,67.0,1010.6,9.4,293.0,52.0
2017-08-12,0.0,17.9,26.0,58.0,1013.7,7.7,289.0,44.0
2017-08-13,0.0,18.6,27.0,59.0,1017.6,8.0,83.0,26.0
2017-08-14,0.3,20.6,27.6,64.0,1019.7,6.9,143.0,41.0
2017-08-15,0.0,20.7,29.4,66.0,1019.5,8.2,150.0,10.0
2017-08-16,1.1,20.7,29.6,70.0,1017.4,5.0,49.0,56.0
2017-08-17,0.0,23.7,30.4,54.0,1017.1,11.8,67.0,25.0
2017-08-18,0.0,22.4,30.7,60.0,1015.7,8.5,114.0,35.0
2017-08-19,3.9,21.0,29.3,70.0,1012.6,14.0,39.0,71.0
2017-08-20,0.2,19.1,27.5,47.0,1016.7,20.0,61.0,16.0
2017-08-21,0.0,19.6,25.4,46.0,1019.8,11.3,61.0,30.0
2017-08-22,0.0,19.0,24.5,54.0,1019.4,12.3,94.0,17.0
2017-08-23,0.0,18.2,26.1,61.0,1017.3,8.1,122.0,14.0
2017-08-24,0.0,19.0,26.8,68.0,1018.2,8.2,113.0,8.0
2017-08-25,0.0,20.6,27.7,69.0,1018.9,8.3,98.0,45.0
2017-08-26,0.0,20.9,28.7,71.0,1017.1,8.0,135.0,34.0
2017-08-27,0.0,22.1,31.1,70.0,1014.6,8.2,160.0,28.0
2017-08-28,1.3,24.0,30.4,62.0,1014.4,12.6,42.0,63.0
2017-08-29,0.0,20.4,27.4,59.0,1016.5,10.7,72.0,5.0
2017-08-30,0.0,20.4,27.4,66.0,1015.5,10.1,91.0,10.0
2017-08-31,0.0,21.7,27.5,79.0,1014.2,9.0,96.0,37.0
2017-09-01,23.9,19.0,25.2,87.0,1012.4,11.9,40.0,71.0
2017-09-02,16.9,15.0,22.3,84.0,1008.9,20.0,32.0,65.0
2017-09-03,1.9,14.7,22.2,61.0,1010.9,11.7,10.0,66.0
2017-09-04,0.4,14.1,21.8,76.0,1016.6,10.9,48.0,43.0
2017-09-05,0.1,16.6,23.1,78.0,1019.5,9.5,54.0,39.0
2017-09-06,3.1,18.7,24.0,82.0,1016.6,7.7,71.0,65.0
2017-09-07,73.7,16.0,23.4,89.0,1013.0,16.2,41.0,81.0
2017-09-08,0.1,15.9,22.4,68.0,1012.8,13.6,66.0,37.0
2017-09-09,2.6,17.2,22.4,83.0,1006.2,10.8,66.0,47.0
2017-09-10,36.1,17.0,23.6,92.0,1003.2,17.5,70.0,100.0
2017-09-11,10.8,17.1,21.0,91.0,1001.6,16.6,36.0,97.0
2017-09-12,13.0,13.0,18.8,81.0,1006.4,18.2,31.0,67.0
2017-09-13,0.0,11.7,20.7,72.0,1017.4,9.6,91.0,27.0
2017-09-14,1.2,15.0,21.6,85.0,1012.4,7.8,360.0,44.0
2017-09-15,1.2,15.2,19.2,71.0,1012.0,21.0,44.0,86.0
2017-09-16,3.5,13.7,19.9,82.0,1009.7,8.5,43.0,85.0
2017-09-17,0.5,14.3,21.3,74.0,1010.8,11.7,264.0,37.0
2017-09-18,5.4,13.1,20.3,78.0,1014.3,10.2,35.0,68.0
2017-09-19,23.8,11.9,13.9,90.0,1011.6,14.3,5.0,100.0
2017-09-20,0.2,11.5,21.5,69.0,1014.7,10.0,274.0,57.0
2017-09-21,0.0,12.4,19.8,69.0,1018.4,8.3,96.0,5.0
2017-09-22,0.0,12.5,20.7,76.0,1020.0,7.4,41.0,17.0
2017-09-23,1.2,13.7,20.7,80.0,1020.4,6.6,50.0,56.0
2017-09-24,15.2,14.9,17.5,90.0,1018.7,13.7,33.0,89.0
2017-09-25,0.1,14.3,19.2,73.0,1019.5,16.1,43.0,43.0
2017-09-26,0.0,14.6,21.3,66.0,1021.0,13.2,47.0,22.0
2017-09-27,0.0,15.6,22.2,66.0,1022.8,13.3,39.0,35.0
2017-09-28,0.0,15.6,22.7,62.0,1025.4,12.4,49.0,45.0
2017-09-29,0.0,14.7,20.9,59.0,1024.4,13.8,48.0,78.0
2017-09-30,0.0,14.7,20.1,57.0,1021.3,12.2,47.0,63.0
2017-10-01,1.0,14.2,17.9,64.0,1021.3,11.8,28.0,84.0
2017-10-02,0.0,13.7,19.2,62.0,1023.2,10.1,50.0,45.0
2017-10-03,3.9,13.0,18.4,85.0,1020.1,4.6,7.0,83.0
2017-10-04,0.0,12.6,19.7,82.0,1023.8,8.5,34.0,54.0
2017-10-05,0.0,12.0,21.2,83.0,1016.9,8.4,220.0,59.0
2017-10-06,7.6,12.1,18.6,83.0,1010.6,10.9,43.0,50.0
2017-10-07,0.0,9.6,18.2,73.0,1018.7,7.8,195.0,2.0
2017-10-08,0.0,10.5,19.1,77.0,1015.3,7.5,4.0,59.0
2017-10-09,0.0,12.3,19.1,81.0,1017.0,9.0,50.0,33.0
2017-10-10,0.1,13.3,18.7,83.0,1019.0,7.8,51.0,29.0
2017-10-11,0.0,12.9,19.0,88.0,1022.7,6.9,89.0,46.0
2017-10-12,0.0,13.2,19.7,88.0,1024.1,5.2,208.0,50.0
2017-10-13,0.0,12.8,19.7,90.0,1026.2,6.0,202.0,73.0
2017-10-14,0.0,12.7,20.8,90.0,1027.4,4.6,267.0,46.0
2017-10-15,0.0,11.5,20.2,90.0,1027.9,4.7,275.0,43.0
2017-10-16,0.0,10.4,21.1,88.0,1026.8,4.5,268.0,42.0
2017-10-17,0.0,11.4,18.8,91.0,1024.6,4.2,23.0,84.0
2017-10-18,0.0,12.3,18.1,89.0,1019.9,4.7,40.0,74.0
2017-10-19,0.0,11.5,17.2,89.0,1018.7,4.7,301.0,75.0
2017-10-20,0.0,10.8,16.2,90.0,1019.8,5.4,333.0,79.0
2017-10-21,0.0,11.7,16.8,85.0,1020.3,4.6,33.0,91.0
2017-10-22,9.7,10.6,17.0,82.0,1013.4,15.6,39.0,100.0
2017-10-23,0.8,9.9,17.6,73.0,1012.6,8.9,305.0,37.0
2017-10-24,0.0,7.9,20.7,60.0,1019.2,8.2,335.0,9.0
2017-10-25,0.0,9.3,17.4,68.0,1025.4,6.6,350.0,63.0
2017-10-26,0.0,8.3,18.2,81.0,1025.3,5.2,267.0,50.0
2017-10-27,0.0,9.8,17.7,82.0,1018.1,6.2,25.0,49.0
2017-10-28,0.0,9.0,17.1,64.0,1018.5,7.5,37.0,66.0
2017-10-29,0.0,7.8,16.2,74.0,1006.5,10.4,7.0,91.0
2017-10-30,0.0,9.7,17.2,54.0,1015.3,14.0,67.0,8.0
2017-10-31,0.0,10.1,15.1,54.0,1024.3,13.6,44.0,62.0
2017-11-01,0.0,7.8,15.4,65.0,1024.4,6.6,13.0,12.0
2017-11-02,0.0,6.4,14.3,82.0,1020.3,4.7,344.0,87.0
2017-11-03,0.0,8.1,16.1,79.0,1017.0,6.0,18.0,20.0
2017-11-04,0.2,10.9,15.7,86.0,1018.4,8.2,28.0,83.0
2017-11-05,14.1,11.8,17.4,88.0,1011.5,21.9,126.0,91.0
2017-11-06,10.9,10.0,15.1,69.0,1008.4,29.9,49.0,93.0
2017-11-07,9.4,9.2,12.3,71.0,1012.7,30.8,46.0,96.0
2017-11-08,0.5,8.1,14.9,71.0,1015.2,11.2,30.0,67.0
2017-11-09,9.1,8.9,13.4,84.0,1020.1,15.0,40.0,81.0
2017-11-10,0.2,8.2,13.8,79.0,1020.3,9.8,20.0,58.0
2017-11-11,0.0,6.4,12.1,88.0,1014.9,4.4,271.0,71.0
2017-11-12,0.1,6.0,10.9,89.0,1007.3,5.4,343.0,80.0
2017-11-13,22.1,4.4,8.9,82.0,1000.1,19.5,29.0,99.0
2017-11-14,0.0,5.6,12.4,48.0,1016.1,16.1,39.0,45.0
2017-11-15,0.0,6.6,12.5,40.0,1021.0,21.1,53.0,43.0
2017-11-16,0.0,7.6,13.5,55.0,1020.8,14.7,41.0,20.0
2017-11-17,0.0,5.6,13.5,71.0,1019.3,13.0,29.0,39.0
2017-11-18,0.0,4.9,13.0,71.0,1018.6,8.9,12.0,20.0
2017-11-19,0.3,3.6,11.2,81.0,1014.5,5.1,356.0,31.0
2017-11-20,0.0,1.5,11.3,66.0,1019.6,7.3,358.0,20.0
2017-11-21,0.0,3.3,10.4,74.0,1019.0,5.3,2.0,65.0
2017-11-22,0.0,4.6,11.0,77.0,1020.2,4.9,7.0,45.0
2017-11-23,0.0,5.8,12.0,80.0,1020.3,5.6,347.0,68.0
2017-11-24,0.0,5.4,12.3,82.0,1021.5,5.4,354.0,69.0
2017-11-25,5.9,8.0,11.2,87.0,1014.7,9.2,22.0,96.0
2017-11-26,7.8,3.4,9.8,80.0,1015.7,17.4,44.0,86.0
2017-11-27,0.0,0.8,8.8,61.0,1024.4,6.3,344.0,1.0
2017-11-28,0.0,-0.4,6.9,70.0,1017.5,5.8,8.0,83.0
2017-11-29,6.8,3.2,7.7,88.0,1006.6,12.4,21.0,95.0
2017-11-30,4.4,2.1,7.3,87.0,1001.9,7.4,323.0,70.0
2017-12-01,0.3,1.4,7.7,66.0,1010.5,17.6,31.0,57.0
2017-12-02,0.0,4.9,8.5,48.0,1016.4,27.5,48.0,77.0
2017-12-03,0.0,1.2,7.1,55.0,1020.2,14.5,40.0,40.0
2017-12-04,0.0,-2.3,6.2,71.0,1026.5,7.2,351.0,26.0
2017-12-05,0.0,-1.3,7.7,68.0,1032.0,5.9,353.0,1.0
2017-12-06,0.0,-1.6,5.0,79.0,1032.7,3.4,331.0,6.0
2017-12-07,0.0,-0.1,6.3,86.0,1029.5,5.8,15.0,52.0
2017-12-08,5.8,2.6,4.8,90.0,1015.9,9.2,14.0,94.0
2017-12-09,1.3,-1.9,7.3,78.0,1010.7,11.9,354.0,64.0
2017-12-10,5.0,-3.7,3.2,69.0,1011.9,8.6,2.0,70.0
2017-12-11,10.3,1.4,13.9,90.0,1000.5,17.4,105.0,100.0
2017-12-12,5.7,6.2,14.0,84.0,1006.1,18.9,190.0,98.0
2017-12-13,0.0,3.6,8.0,82.0,1015.6,11.4,32.0,75.0
2017-12-14,0.3,3.5,6.9,85.0,1008.0,5.3,5.0,87.0
2017-12-15,1.5,3.8,9.9,87.0,999.1,7.0,360.0,84.0
2017-12-16,7.4,2.3,8.8,80.0,1005.7,14.9,29.0,76.0
2017-12-17,0.0,0.2,8.0,70.0,1018.2,6.8,353.0,16.0
2017-12-18,0.0,-2.0,6.4,65.0,1024.2,9.7,18.0,25.0
2017-12-19,0.0,0.0,5.7,67.0,1031.2,9.7,31.0,26.0
2017-12-20,0.0,-0.9,6.3,71.0,1032.8,7.3,5.0,21.0
2017-12-21,0.0,-2.5,5.1,78.0,1034.1,5.1,323.0,15.0
2017-12-22,0.0,-1.7,7.9,74.0,1030.8,6.1,298.0,38.0
2017-12-23,0.0,-1.5,7.7,82.0,1030.3,3.2,308.0,37.0
2017-12-24,0.0,-1.5,5.9,87.0,1028.1,3.5,336.0,5.0
2017-12-25,0.0,-2.5,6.5,84.0,1026.5,3.3,345.0,14.0
2017-12-26,0.5,2.5,6.9,90.0,1017.5,6.5,19.0,83.0
2017-12-27,15.8,4.3,10.7,92.0,998.2,16.2,135.0,95.0
2017-12-28,11.0,4.0,9.3,91.0,991.2,13.2,42.0,94.0
2017-12-29,0.0,0.3,8.2,59.0,1009.3,8.8,3.0,58.0
2017-12-30,0.1,-1.6,5.1,74.0,1015.8,6.1,354.0,54.0
2017-12-31,0.0,-1.8,6.2,74.0,1020.2,5.2,360.0,43.0
2018-01-01,15.0,2.8,6.8,87.0,1012.3,12.3,6.0,97.0
2018-01-02,0.0,1.3,9.5,89.0,1011.3,8.0,310.0,60.0
2018-01-03,0.8,-0.7,6.3,88.0,1010.5,6.9,359.0,60.0
2018-01-04,0.0,-1.1,8.3,87.0,1007.8,8.1,20.0,78.0
2018-01-05,0.0,0.2,10.1,79.0,1008.6,5.2,348.0,56.0
2018-01-06,0.9,4.9,10.8,87.0,1012.7,6.3,23.0,80.0
2018-01-07,0.3,6.6,11.0,95.0,1019.6,14.6,34.0,90.0
2018-01-08,11.6,9.8,12.3,93.0,1023.8,19.0,45.0,95.0
2018-01-09,28.3,9.2,12.2,96.0,1020.1,16.9,90.0,100.0
2018-01-10,0.0,3.8,10.8,91.0,1015.7,6.7,310.0,66.0
2018-01-11,0.1,4.4,10.1,85.0,1013.4,10.0,37.0,77.0
2018-01-12,0.0,3.6,10.6,71.0,1019.5,12.0,19.0,22.0
2018-01-13,0.0,4.5,9.8,66.0,1022.4,11.5,20.0,56.0
2018-01-14,0.0,2.9,8.5,72.0,1022.1,12.5,42.0,17.0
2018-01-15,0.0,2.4,6.5,67.0,1023.1,8.5,35.0,74.0
2018-01-16,1.4,2.7,5.9,89.0,1010.3,6.7,356.0,89.0
2018-01-17,1.0,2.0,10.9,70.0,1002.3,12.2,298.0,46.0
2018-01-18,0.0,0.9,10.3,53.0,1013.1,11.4,269.0,10.0
2018-01-19,0.0,-1.2,9.7,72.0,1009.3,6.8,6.0,19.0
2018-01-20,4.3,1.7,8.2,81.0,1012.0,9.7,43.0,71.0
2018-01-21,2.5,1.2,9.3,76.0,1006.7,10.0,21.0,38.0
2018-01-22,0.8,2.2,7.8,59.0,1016.0,8.3,43.0,53.0
2018-01-23,0.0,-0.0,9.8,80.0,1022.3,6.5,4.0,6.0
2018-01-24,0.0,0.5,9.9,82.0,1030.6,5.4,13.0,23.0
2018-01-25,0.2,0.7,6.5,93.0,1027.2,3.7,12.0,97.0
2018-01-26,0.0,4.0,9.8,89.0,1023.2,5.0,25.0,74.0
2018-01-27,0.0,1.4,9.9,93.0,1029.3,5.0,11.0,79.0
2018-01-28,0.0,1.9,9.6,94.0,1034.5,5.0,273.0,53.0
2018-01-29,0.1,3.8,6.5,97.0,1032.3,4.5,279.0,100.0
2018-01-30,0.1,5.0,7.5,91.0,1028.7,4.9,6.0,100.0
2018-01-31,1.4,3.6,8.2,90.0,1023.0,5.8,300.0,95.0
2018-02-01,9.8,5.2,9.8,95.0,1007.8,6.2,311.0,98.0
2018-02-02,12.2,3.7,8.0,85.0,1004.5,17.3,40.0,100.0
2018-02-03,16.8,1.5,5.6,87.0,1002.7,20.5,32.0,95.0
2018-02-04,0.6,0.4,8.1,81.0,1013.9,6.2,356.0,43.0
2018-02-05,0.0,1.5,8.2,67.0,1021.9,12.1,36.0,71.0
2018-02-06,3.9,1.6,8.3,70.0,1016.0,15.1,41.0,99.0
2018-02-07,12.8,3.1,7.8,82.0,1007.4,17.2,35.0,96.0
2018-02-08,0.7,4.8,9.1,84.0,1013.0,5.0,89.0,74.0
2018-02-09,0.7,3.4,8.6,87.0,1015.9,7.5,49.0,63.0
2018-02-10,0.0,2.3,9.8,77.0,1013.1,11.6,44.0,10.0
2018-02-11,0.0,1.1,7.2,69.0,1012.3,8.1,32.0,46.0
2018-02-12,5.3,2.1,5.4,85.0,1010.8,12.7,39.0,97.0
2018-02-13,0.1,0.8,7.7,66.0,1013.6,9.4,18.0,55.0
2018-02-14,0.0,-0.8,7.4,69.0,1015.3,6.7,356.0,20.0
2018-02-15,0.0,-1.5,6.5,69.0,1023.2,7.5,47.0,44.0
2018-02-16,0.0,-1.9,7.4,75.0,1024.9,4.7,26.0,14.0
2018-02-17,0.5,1.3,8.2,72.0,1022.4,8.1,52.0,87.0
2018-02-18,4.6,4.0,7.6,77.0,1019.8,18.9,64.0,99.0
2018-02-19,0.4,2.3,7.3,55.0,1018.8,20.9,59.0,68.0
2018-02-20,0.0,1.1,6.6,62.0,1011.2,11.8,29.0,80.0
2018-02-21,0.5,3.0,8.9,53.0,1009.4,16.4,49.0,95.0
2018-02-22,7.3,3.6,6.9,67.0,1008.6,26.7,51.0,100.0
2018-02-23,10.1,2.2,8.3,70.0,1009.4,30.7,51.0,100.0
2018-02-24,1.4,2.7,8.8,55.0,1011.5,30.9,64.0,74.0
2018-02-25,0.7,-1.5,2.2,42.0,1016.3,32.1,72.0,95.0
2018-02-26,0.0,-3.2,0.2,32.0,1012.9,31.3,59.0,54.0
2018-02-27,0.0,-3.4,1.3,38.0,1011.1,15.1,56.0,82.0
2018-02-28,0.2,-2.9,0.3,59.0,1018.2,12.7,82.0,89.0
2018-03-01,4.4,-2.9,-0.9,65.0,1014.6,14.0,40.0,100.0
2018-03-02,4.5,-1.2,3.8,86.0,999.2,7.8,302.0,97.0
2018-03-03,5.3,-0.2,5.2,93.0,999.7,10.2,19.0,96.0
2018-03-04,0.0,-0.0,8.9,84.0,1004.1,7.4,223.0,86.0
2018-03-05,9.4,3.4,9.4,90.0,1000.0,10.0,37.0,100.0
2018-03-06,6.5,4.1,7.4,88.0,993.9,7.2,29.0,97.0
2018-03-07,1.1,5.2,9.0,89.0,999.5,9.7,31.0,97.0
2018-03-08,0.6,1.6,9.7,87.0,1008.7,8.2,171.0,16.0
2018-03-09,0.0,2.5,10.8,90.0,1015.2,8.5,146.0,65.0
2018-03-10,0.1,3.6,10.5,90.0,1014.8,5.4,140.0,93.0
2018-03-11,26.4,7.4,10.7,95.0,1008.0,12.5,46.0,96.0
2018-03-12,3.6,6.1,13.2,91.0,1001.7,8.6,212.0,56.0
2018-03-13,0.8,6.4,12.2,93.0,1006.2,5.3,78.0,79.0
2018-03-14,2.4,5.4,13.2,92.0,1010.7,6.5,83.0,52.0
2018-03-15,7.4,6.1,11.1,93.0,1007.6,10.3,47.0,80.0
2018-03-16,8.9,7.5,14.4,81.0,1001.9,14.0,338.0,90.0
2018-03-17,8.6,7.2,10.8,91.0,997.5,14.8,59.0,100.0
2018-03-18,9.9,2.7,10.2,83.0,997.5,24.9,55.0,100.0
2018-03-19,15.0,2.0,6.9,78.0,1001.2,27.8,50.0,98.0
2018-03-20,0.1,1.9,8.5,61.0,1007.4,18.5,67.0,48.0
2018-03-21,0.0,3.8,10.6,40.0,1017.2,22.2,66.0,55.0
2018-03-22,0.0,0.5,10.0,50.0,1016.0,13.7,56.0,4.0
2018-03-23,0.0,2.0,9.5,64.0,1005.3,8.4,148.0,32.0
2018-03-24,0.0,4.3,9.8,70.0,1004.8,7.8,77.0,55.0
2018-03-25,0.0,3.9,10.3,70.0,1008.4,9.1,85.0,45.0
2018-03-26,0.0,2.2,12.1,70.0,1010.3,6.8,83.0,18.0
2018-03-27,0.6,6.6,13.2,80.0,1013.6,9.2,96.0,52.0
2018-03-28,0.0,6.2,12.8,78.0,1011.0,12.0,98.0,59.0
2018-03-29,5.9,8.1,12.0,91.0,1007.4,8.0,73.0,79.0
2018-03-30,2.2,8.4,13.9,91.0,1007.6,11.8,72.0,67.0
2018-03-31,4.2,8.3,12.8,87.0,998.8,7.4,79.0,85.0
2018-04-01,0.5,7.2,16.7,69.0,1003.7,10.7,255.0,65.0
2018-04-02,0.0,5.3,13.4,82.0,1014.7,10.4,94.0,32.0
2018-04-03,1.2,6.8,13.3,85.0,1017.5,7.4,100.0,68.0
2018-04-04,13.0,8.8,12.3,87.0,1016.3,9.6,61.0,100.0
2018-04-05,11.0,8.6,15.3,90.0,1013.3,8.2,65.0,55.0
2018-04-06,0.0,8.2,15.7,86.0,1019.7,7.1,95.0,69.0
2018-04-07,0.0,9.0,15.6,71.0,1019.5,9.9,88.0,12.0
2018-04-08,0.7,6.9,15.8,76.0,1016.5,7.6,74.0,19.0
2018-04-09,2.0,9.5,19.5,75.0,1010.0,16.7,65.0,89.0
2018-04-10,3.4,10.0,16.6,86.0,1009.8,11.0,181.0,92.0
2018-04-11,4.7,9.8,15.8,86.0,1009.6,10.3,69.0,67.0
2018-04-12,19.7,11.7,15.0,92.0,1007.5,13.9,78.0,99.0
2018-04-13,7.4,9.9,16.4,84.0,1013.1,9.0,163.0,45.0
2018-04-14,0.0,9.1,19.2,77.0,1019.8,8.0,28.0,56.0
2018-04-15,0.7,14.0,21.6,66.0,1011.9,13.7,40.0,86.0
2018-04-16,1.4,13.5,19.3,84.0,1010.5,7.7,59.0,45.0
2018-04-17,0.9,12.6,20.4,78.0,1020.5,7.0,57.0,38.0
2018-04-18,0.0,12.8,20.3,68.0,1027.5,8.0,49.0,15.0
2018-04-19,0.0,13.3,23.6,65.0,1027.4,8.4,23.0,2.0
2018-04-20,0.0,13.4,24.8,68.0,1023.2,7.0,16.0,0.0
2018-04-21,0.0,14.3,22.2,71.0,1019.9,9.8,121.0,1.0
2018-04-22,0.0,12.5,20.2,79.0,1018.0,8.9,125.0,6.0
2018-04-23,0.0,12.9,19.6,82.0,1016.8,8.0,106.0,13.0
2018-04-24,0.0,14.5,21.1,76.0,1016.5,8.4,80.0,38.0
2018-04-25,0.0,14.3,21.6,80.0,1014.8,9.0,115.0,13.0
2018-04-26,0.7,15.4,22.3,82.0,1012.0,12.1,58.0,30.0
2018-04-27,2.0,14.3,21.6,66.0,1014.7,17.5,54.0,50.0
2018-04-28,0.0,13.5,22.8,74.0,1013.1,7.8,69.0,45.0
2018-04-29,0.0,14.3,22.5,81.0,1011.0,8.5,87.0,42.0
2018-04-30,0.0,15.2,22.3,62.0,1009.4,16.0,242.0,27.0
2018-05-01,0.0,12.5,18.9,59.0,1012.3,9.3,193.0,88.0
2018-05-02,7.6,12.3,23.5,73.0,1008.8,13.1,29.0,96.0
2018-05-03,3.4,17.5,24.6,71.0,1005.0,12.3,35.0,86.0
2018-05-04,13.0,16.3,23.1,79.0,1010.4,14.6,36.0,69.0
2018-05-05,0.4,16.1,23.9,71.0,1015.1,12.7,38.0,64.0
2018-05-06,0.1,16.2,24.8,71.0,1015.6,8.8,24.0,50.0
2018-05-07,0.3,17.5,25.1,61.0,1014.7,9.6,32.0,81.0
2018-05-08,0.0,16.7,24.3,63.0,1008.9,12.4,39.0,52.0
2018-05-09,2.3,15.3,23.2,65.0,1006.7,11.4,46.0,70.0
2018-05-10,0.1,15.8,23.4,71.0,1009.2,9.0,293.0,62.0
2018-05-11,2.6,15.9,24.7,73.0,1014.6,10.5,15.0,31.0
2018-05-12,1.1,15.3,24.4,75.0,1014.2,6.8,319.0,17.0
2018-05-13,4.3,16.4,22.8,82.0,1010.3,7.3,62.0,31.0
2018-05-14,8.3,15.5,20.5,77.0,1009.1,12.4,269.0,75.0
2018-05-15,2.0,12.1,15.7,74.0,1010.0,13.2,260.0,94.0
2018-05-16,0.0,11.3,19.1,75.0,1012.9,8.2,205.0,58.0
2018-05-17,0.6,12.9,18.9,84.0,1014.7,7.6,50.0,89.0
2018-05-18,0.0,13.4,21.6,78.0,1016.2,5.3,49.0,41.0
2018-05-19,1.4,14.0,22.7,69.0,1016.2,9.4,35.0,40.0
2018-05-20,0.0,15.8,24.0,60.0,1016.4,17.4,48.0,19.0
2018-05-21,0.8,17.1,24.8,57.0,1014.3,15.8,47.0,54.0
2018-05-22,18.5,16.4,20.1,80.0,1013.3,13.9,54.0,95.0
2018-05-23,3.4,16.1,21.2,85.0,1015.8,8.1,19.0,95.0
2018-05-24,2.4,17.6,24.7,75.0,1016.0,7.8,1.0,46.0
2018-05-25,0.0,17.4,26.9,72.0,1015.3,6.3,347.0,41.0
2018-05-26,0.0,19.0,24.7,73.0,1018.7,9.6,64.0,64.0
2018-05-27,0.0,18.9,26.1,76.0,1018.1,7.9,49.0,69.0
2018-05-28,1.5,18.4,27.0,79.0,1017.4,8.3,33.0,80.0
2018-05-29,8.3,18.5,25.1,82.0,1016.0,7.3,7.0,80.0
2018-05-30,0.1,18.7,26.6,75.0,1014.7,6.1,42.0,56.0
2018-05-31,0.1,17.6,28.2,76.0,1014.7,7.2,276.0,55.0
2018-06-01,0.4,18.4,27.5,74.0,1015.6,8.9,221.0,36.0
2018-06-02,0.3,19.8,26.1,77.0,1016.3,6.8,87.0,37.0
2018-06-03,0.0,19.2,26.6,73.0,1015.6,7.0,122.0,55.0
2018-06-04,3.7,19.3,25.8,80.0,1010.7,6.6,328.0,89.0
2018-06-05,0.3,18.9,27.5,78.0,1008.4,7.0,244.0,66.0
2018-06-06,3.8,18.7,26.4,80.0,1011.9,7.2,228.0,54.0
2018-06-07,4.9,18.9,24.6,84.0,1015.2,7.0,62.0,91.0
2018-06-08,8.4,19.4,25.5,79.0,1011.8,10.2,10.0,79.0
2018-06-09,1.5,18.2,28.0,73.0,1010.1,6.9,261.0,47.0
2018-06-10,0.0,19.4,28.8,76.0,1010.2,8.5,229.0,19.0
2018-06-11,0.0,21.3,27.9,81.0,1009.9,7.7,151.0,54.0
2018-06-12,5.9,18.6,25.0,83.0,1007.0,7.9,31.0,68.0
2018-06-13,6.5,18.1,24.4,83.0,1004.4,6.2,302.0,65.0
2018-06-14,0.2,20.0,25.0,63.0,1008.5,10.7,62.0,77.0
2018-06-15,0.0,18.5,25.0,59.0,1011.8,9.1,47.0,27.0
2018-06-16,0.0,19.3,27.0,58.0,1012.4,7.2,21.0,14.0
2018-06-17,0.0,19.8,28.1,61.0,1013.1,5.3,350.0,29.0
2018-06-18,0.0,20.9,28.6,60.0,1015.3,8.0,343.0,26.0
2018-06-19,0.0,21.2,28.2,56.0,1018.8,8.1,36.0,16.0
2018-06-20,0.0,22.5,28.4,59.0,1019.6,9.4,99.0,12.0
2018-06-21,0.0,20.8,28.9,68.0,1014.5,10.2,188.0,32.0
2018-06-22,11.4,19.2,23.8,73.0,1013.6,19.5,67.0,69.0
2018-06-23,0.0,16.4,22.0,60.0,1020.0,12.4,73.0,35.0
2018-06-24,0.1,16.2,23.1,65.0,1018.1,8.7,75.0,64.0
2018-06-25,11.3,15.9,22.4,76.0,1017.3,11.7,45.0,55.0
2018-06-26,0.0,16.4,24.5,61.0,1018.3,7.6,358.0,14.0
2018-06-27,0.0,17.5,24.6,65.0,1015.7,7.8,61.0,20.0
2018-06-28,0.0,15.9,25.2,63.0,1011.5,6.0,275.0,65.0
2018-06-29,0.0,17.7,27.5,62.0,1009.1,7.4,264.0,73.0
2018-06-30,0.0,19.9,27.4,75.0,1009.2,9.0,117.0,22.0
2018-07-01,0.2,19.5,24.8,66.0,1012.4,16.9,69.0,38.0
2018-07-02,0.0,20.7,25.0,64.0,1013.6,12.0,76.0,60.0
2018-07-03,0.1,20.4,26.9,78.0,1014.0,6.9,131.0,65.0
2018-07-04,0.5,20.8,27.9,74.0,1014.6,6.5,111.0,43.0
2018-07-05,0.7,20.5,26.7,78.0,1012.8,7.4,109.0,59.0
2018-07-06,0.0,19.0,28.4,70.0,1012.3,7.6,46.0,36.0
2018-07-07,0.1,20.4,28.2,70.0,1015.7,5.9,23.0,54.0
2018-07-08,1.3,19.5,27.5,67.0,1016.8,10.1,64.0,41.0
2018-07-09,0.0,19.3,27.7,69.0,1016.1,8.5,94.0,43.0
2018-07-10,0.0,19.9,27.3,66.0,1013.0,9.7,61.0,55.0
2018-07-11,8.8,18.3,22.4,84.0,1011.7,14.3,49.0,81.0
2018-07-12,0.1,18.5,25.1,78.0,1014.5,10.8,65.0,61.0
2018-07-13,2.4,19.4,27.0,78.0,1016.4,6.0,95.0,54.0
2018-07-14,0.0,20.9,27.9,72.0,1016.2,6.6,74.0,42.0
2018-07-15,2.9,20.7,28.7,74.0,1013.8,8.3,358.0,48.0
2018-07-16,5.4,20.3,27.0,74.0,1011.7,8.4,175.0,69.0
2018-07-17,1.6,19.5,27.9,78.0,1010.8,6.8,295.0,36.0
2018-07-18,0.0,20.2,29.3,75.0,1012.6,7.6,137.0,3.0
2018-07-19,0.0,22.4,29.2,74.0,1012.2,8.3,118.0,27.0
2018-07-20,1.2,22.6,28.6,79.0,1012.1,8.2,47.0,53.0
2018-07-21,5.7,20.2,27.5,74.0,1010.5,10.2,18.0,81.0
2018-07-22,0.9,19.9,27.9,76.0,1009.3,6.1,298.0,56.0
2018-07-23,1.1,19.8,28.9,67.0,1010.7,8.2,326.0,42.0
2018-07-24,0.0,20.0,30.2,65.0,1012.3,7.5,177.0,13.0
2018-07-25,0.0,22.4,31.0,61.0,1011.4,6.8,305.0,23.0
2018-07-26,0.2,22.7,30.2,64.0,1011.8,8.5,41.0,28.0
2018-07-27,0.0,20.7,30.3,62.0,1011.6,6.4,157.0,22.0
2018-07-28,0.0,21.4,30.2,69.0,1010.0,8.8,162.0,53.0
2018-07-29,0.0,23.5,31.0,69.0,1012.2,5.7,39.0,48.0
2018-07-30,0.0,23.5,32.9,65.0,1013.1,4.9,330.0,36.0
2018-07-31,0.0,25.3,32.4,65.0,1013.6,6.9,88.0,26.0
2018-08-01,0.2,24.3,34.2,65.0,1014.1,5.9,307.0,42.0
2018-08-02,0.1,25.1,32.2,65.0,1015.4,7.3,54.0,47.0
2018-08-03,0.0,23.7,32.4,63.0,1016.0,6.3,30.0,59.0
2018-08-04,0.0,25.7,32.0,57.0,1014.8,8.4,39.0,33.0
2018-08-05,0.0,25.2,33.0,62.0,1014.4,6.3,26.0,42.0
2018-08-06,0.0,25.6,31.7,65.0,1014.9,7.7,95.0,62.0
2018-08-07,0.0,24.2,31.0,69.0,1013.8,7.6,144.0,55.0
2018-08-08,0.0,23.8,30.5,75.0,1013.9,6.2,131.0,65.0
2018-08-09,0.1,23.7,30.5,74.0,1015.1,7.7,190.0,21.0
2018-08-10,1.0,22.1,30.2,72.0,1017.4,5.5,192.0,17.0
2018-08-11,0.1,24.0,30.1,65.0,1017.3,8.7,51.0,46.0
2018-08-12,0.0,24.2,29.3,56.0,1016.6,12.9,66.0,11.0
2018-08-13,5.4,21.6,28.8,76.0,1012.0,8.8,202.0,34.0
2018-08-14,0.5,20.6,26.1,81.0,1011.3,5.3,14.0,88.0
2018-08-15,0.0,21.1,29.8,59.0,1015.0,10.8,35.0,56.0
2018-08-16,0.0,22.5,29.6,50.0,1015.6,12.1,42.0,12.0
2018-08-17,0.0,21.9,29.4,53.0,1014.0,9.2,75.0,5.0
2018-08-18,0.0,21.1,31.0,60.0,1015.8,7.1,15.0,10.0
2018-08-19,0.0,23.6,32.3,49.0,1016.8,11.3,41.0,20.0
2018-08-20,0.0,24.3,32.4,46.0,1014.9,9.4,31.0,8.0
2018-08-21,0.0,24.9,32.8,45.0,1015.1,10.7,42.0,8.0
2018-08-22,0.0,24.3,32.1,52.0,1015.4,10.5,56.0,22.0
2018-08-23,0.0,24.2,32.5,52.0,1012.8,7.9,24.0,40.0
2018-08-24,1.3,22.4,29.6,67.0,1009.5,7.5,22.0,53.0
2018-08-25,36.6,19.3,26.1,77.0,1007.6,14.0,42.0,87.0
2018-08-26,51.1,13.9,20.2,77.0,1010.1,20.1,32.0,69.0
2018-08-27,0.0,14.8,23.8,60.0,1015.7,7.5,354.0,13.0
2018-08-28,0.0,16.5,27.5,59.0,1017.3,6.2,356.0,8.0
2018-08-29,0.0,18.2,26.6,64.0,1015.6,7.7,69.0,37.0
2018-08-30,0.1,19.5,27.5,71.0,1014.5,6.6,19.0,28.0
2018-08-31,18.3,18.5,25.2,74.0,1015.1,20.4,40.0,87.0
2018-09-01,26.0,18.2,22.6,86.0,1014.2,17.6,43.0,88.0
2018-09-02,27.1,16.5,23.8,80.0,1015.6,13.2,43.0,79.0
2018-09-03,1.5,16.6,24.1,78.0,1013.3,8.2,306.0,43.0
2018-09-04,0.0,17.1,24.3,81.0,1012.8,5.9,95.0,67.0
2018-09-05,0.0,18.0,25.4,82.0,1014.5,6.4,153.0,9.0
2018-09-06,3.2,18.6,25.8,88.0,1012.2,6.1,16.0,53.0
2018-09-07,11.2,18.7,23.2,89.0,1012.1,4.9,349.0,93.0
2018-09-08,0.0,17.8,26.0,78.0,1017.4,6.0,26.0,14.0
2018-09-09,0.0,18.2,26.1,77.0,1020.1,7.0,120.0,2.0
2018-09-10,0.0,18.3,26.3,84.0,1020.8,6.0,193.0,52.0
2018-09-11,0.0,19.5,26.4,86.0,1023.2,6.6,162.0,56.0
2018-09-12,0.0,19.2,26.2,85.0,1021.7,6.8,158.0,22.0
2018-09-13,0.0,20.3,26.2,88.0,1015.1,5.1,194.0,90.0
2018-09-14,0.9,20.2,26.1,89.0,1014.6,4.4,42.0,51.0
2018-09-15,0.2,19.6,26.1,79.0,1018.9,9.6,43.0,29.0
2018-09-16,0.0,19.7,26.3,74.0,1021.6,9.2,53.0,26.0
2018-09-17,0.0,19.0,25.8,80.0,1020.4,6.0,109.0,43.0
2018-09-18,0.0,19.2,26.0,83.0,1019.0,5.7,164.0,42.0
2018-09-19,0.0,19.9,26.4,84.0,1019.1,6.1,48.0,29.0
2018-09-20,0.0,20.1,27.7,71.0,1018.4,8.7,25.0,5.0
2018-09-21,0.0,19.8,26.6,71.0,1015.1,9.5,98.0,3.0
2018-09-22,3.4,16.3,25.5,83.0,1016.1,15.4,39.0,95.0
2018-09-23,0.5,16.6,23.8,76.0,1017.0,10.2,56.0,65.0
2018-09-24,0.2,16.4,22.3,62.0,1017.5,22.9,80.0,27.0
2018-09-25,0.0,13.8,19.8,41.0,1031.9,17.9,70.0,4.0
2018-09-26,0.0,10.8,17.2,48.0,1037.0,11.5,52.0,18.0
2018-09-27,0.0,9.3,21.6,59.0,1029.6,5.2,313.0,23.0
2018-09-28,0.0,10.7,25.8,59.0,1017.8,6.8,335.0,0.0
2018-09-29,0.0,17.4,23.5,47.0,1018.8,22.5,76.0,36.0
2018-09-30,0.0,13.1,19.3,50.0,1019.6,11.5,67.0,7.0
2018-10-01,5.0,12.1,16.9,71.0,1010.5,14.1,42.0,63.0
2018-10-02,2.3,12.4,19.4,56.0,1016.9,17.3,60.0,58.0
2018-10-03,0.0,10.5,19.2,62.0,1020.8,6.8,29.0,27.0
2018-10-04,0.0,13.8,21.5,58.0,1024.8,12.7,48.0,28.0
2018-10-05,0.7,13.3,22.6,56.0,1023.4,13.2,48.0,31.0
2018-10-06,21.2,14.5,18.3,88.0,1018.0,13.0,34.0,95.0
2018-10-07,8.4,15.4,20.4,91.0,1013.7,7.6,28.0,61.0
2018-10-08,0.1,14.7,22.3,88.0,1018.8,5.9,24.0,30.0
2018-10-09,0.0,15.7,22.4,77.0,1021.2,10.3,38.0,3.0
2018-10-10,0.0,16.5,22.8,69.0,1021.8,12.7,53.0,2.0
2018-10-11,0.0,15.4,22.0,68.0,1021.2,11.9,54.0,27.0
2018-10-12,0.0,14.8,22.3,73.0,1024.3,5.5,21.0,22.0
2018-10-13,0.0,14.7,22.7,68.0,1024.0,12.3,48.0,0.0
2018-10-14,0.0,15.0,21.5,65.0,1020.5,12.0,47.0,15.0
2018-10-15,1.4,14.6,20.2,69.0,1019.3,13.3,46.0,46.0
2018-10-16,0.0,14.7,21.0,72.0,1020.2,7.5,36.0,91.0
2018-10-17,4.2,14.9,19.2,81.0,1019.0,9.8,13.0,94.0
2018-10-18,0.0,14.7,22.6,78.0,1016.2,7.6,16.0,65.0
2018-10-19,0.0,15.8,22.6,66.0,1018.0,10.6,39.0,33.0
2018-10-20,0.0,14.1,20.5,72.0,1022.5,8.3,40.0,24.0
2018-10-21,10.1,11.0,18.0,76.0,1022.0,15.7,68.0,56.0
2018-10-22,0.0,9.8,19.3,60.0,1022.3,12.2,36.0,1.0
2018-10-23,0.0,9.1,18.8,63.0,1022.1,9.9,306.0,31.0
2018-10-24,0.0,8.6,17.5,78.0,1012.2,6.2,16.0,35.0
2018-10-25,0.0,12.6,18.9,79.0,1016.6,8.9,105.0,44.0
2018-10-26,0.8,13.8,17.1,84.0,1013.3,7.7,47.0,89.0
2018-10-27,3.9,13.3,19.7,91.0,1004.8,7.6,40.0,94.0
2018-10-28,5.8,16.3,20.0,80.0,1000.6,28.4,159.0,92.0
2018-10-29,20.3,14.1,20.3,87.0,999.6,28.9,124.0,76.0
2018-10-30,2.0,12.0,17.6,71.0,1006.6,16.1,197.0,53.0
2018-10-31,0.2,9.8,17.1,81.0,1020.8,12.2,36.0,61.0
2018-11-01,10.8,11.9,18.0,89.0,1018.5,18.4,54.0,92.0
2018-11-02,5.7,13.0,15.9,91.0,1019.0,15.3,31.0,99.0
2018-11-03,0.5,13.8,21.0,84.0,1021.1,11.8,36.0,82.0
2018-11-04,1.6,14.9,19.9,78.0,1017.3,14.8,53.0,85.0
2018-11-05,17.9,14.0,15.8,92.0,1015.7,17.6,47.0,93.0
2018-11-06,17.7,13.9,17.8,93.0,1016.0,13.6,47.0,81.0
2018-11-07,1.4,13.4,16.9,93.0,1016.5,11.7,43.0,77.0
2018-11-08,0.3,11.3,17.0,93.0,1020.4,4.9,12.0,46.0
2018-11-09,0.0,11.6,16.0,92.0,1019.1,4.8,358.0,82.0
2018-11-10,0.0,11.2,15.1,90.0,1017.1,4.5,320.0,56.0
2018-11-11,0.0,11.6,15.9,88.0,1019.7,7.5,21.0,54.0
2018-11-12,0.0,11.0,16.4,93.0,1025.1,5.7,260.0,83.0
2018-11-13,0.3,11.2,15.1,92.0,1027.0,7.2,239.0,92.0
2018-11-14,0.0,10.3,17.1,85.0,1028.1,7.4,25.0,16.0
2018-11-15,0.0,9.3,15.5,78.0,1026.2,9.7,29.0,26.0
2018-11-16,0.0,9.3,13.5,58.0,1027.4,20.1,52.0,4.0
2018-11-17,0.0,7.2,12.9,49.0,1026.3,22.6,55.0,4.0
2018-11-18,0.0,5.1,10.5,50.0,1021.7,19.2,56.0,7.0
2018-11-19,1.3,4.7,8.6,62.0,1011.6,22.6,48.0,69.0
2018-11-20,14.5,3.0,7.9,74.0,1007.1,27.2,37.0,100.0
2018-11-21,0.0,6.7,11.5,77.0,1013.2,5.5,357.0,89.0
2018-11-22,1.1,7.4,12.0,87.0,1019.3,5.6,15.0,81.0
2018-11-23,12.6,6.2,12.7,88.0,1022.3,9.7,32.0,95.0
2018-11-24,11.9,8.9,14.3,94.0,1014.9,9.4,30.0,70.0
2018-11-25,3.0,9.2,11.7,93.0,1008.1,10.4,15.0,94.0
2018-11-26,4.3,8.4,10.7,94.0,1000.5,5.5,1.0,100.0
2018-11-27,0.6,7.4,13.1,78.0,1007.9,10.4,40.0,56.0
2018-11-28,0.0,4.9,10.1,64.0,1020.4,11.0,57.0,20.0
2018-11-29,0.0,1.0,7.5,61.0,1026.8,12.8,37.0,47.0
2018-11-30,0.0,1.1,6.1,64.0,1021.8,10.4,30.0,87.0
2018-12-01,0.0,1.1,9.5,69.0,1019.8,6.6,336.0,58.0
2018-12-02,0.2,4.2,8.8,77.0,1018.6,6.7,272.0,89.0
2018-12-03,0.7,5.0,9.7,82.0,1014.7,4.9,344.0,77.0
2018-12-04,0.0,3.7,12.2,84.0,1015.1,5.8,312.0,22.0
2018-12-05,0.0,4.0,11.6,78.0,1025.1,12.6,37.0,56.0
2018-12-06,2.7,5.1,8.6,82.0,1023.8,9.8,30.0,80.0
2018-12-07,0.0,4.1,7.4,96.0,1021.1,4.0,306.0,96.0
2018-12-08,8.8,6.0,12.5,87.0,1012.4,9.9,263.0,50.0
2018-12-09,0.0,3.9,11.4,85.0,1008.7,7.5,339.0,29.0
2018-12-10,0.0,1.8,14.1,66.0,1013.2,10.0,354.0,60.0
2018-12-11,0.0,0.9,11.1,53.0,1018.0,9.8,348.0,2.0
2018-12-12,0.0,0.1,8.6,53.0,1019.5,7.1,347.0,0.0
2018-12-13,0.2,1.0,5.8,65.0,1016.9,20.2,38.0,66.0
2018-12-14,0.1,2.7,7.1,52.0,1016.7,23.7,51.0,38.0
2018-12-15,0.0,-1.9,6.2,63.0,1020.1,10.0,358.0,0.0
2018-12-16,0.0,-3.0,4.5,73.0,1019.9,7.6,20.0,71.0
2018-12-17,0.4,1.7,8.2,70.0,1020.4,11.1,12.0,85.0
2018-12-18,0.0,-1.1,7.3,79.0,1028.3,6.0,342.0,9.0
2018-12-19,0.0,-0.7,5.5,72.0,1024.8,8.1,8.0,78.0
2018-12-20,3.9,1.4,7.7,85.0,1022.4,11.3,335.0,62.0
2018-12-21,0.0,0.9,3.6,94.0,1025.7,6.0,271.0,90.0
2018-12-22,0.0,1.0,6.3,88.0,1021.6,4.7,331.0,83.0
2018-12-23,0.1,1.7,7.1,88.0,1023.2,6.6,307.0,90.0
2018-12-24,0.0,2.5,9.3,87.0,1018.7,8.7,350.0,59.0
2018-12-25,0.0,0.3,8.4,80.0,1029.3,6.1,357.0,45.0
2018-12-26,0.0,-0.1,3.8,90.0,1031.0,4.6,295.0,43.0
2018-12-27,0.0,-1.3,4.2,91.0,1028.1,5.0,295.0,46.0
2018-12-28,0.0,-2.2,3.9,91.0,1025.2,4.4,290.0,73.0
2018-12-29,0.0,-2.9,7.8,77.0,1026.7,4.4,339.0,12.0
2018-12-30,0.0,-0.8,9.0,76.0,1025.0,6.8,340.0,38.0
2018-12-31,0.0,0.3,9.7,81.0,1027.1,6.8,27.0,46.0
2019-01-01,0.0,1.3,8.0,81.0,1027.4,7.6,9.0,45.0
2019-01-02,0.0,-0.9,11.0,65.0,1020.0,10.1,337.0,26.0
2019-01-03,0.0,-1.2,7.5,43.0,1027.0,8.4,352.0,14.0
2019-01-04,0.0,-2.9,5.9,64.0,1029.3,8.5,306.0,24.0
2019-01-05,0.0,-2.8,4.1,77.0,1022.8,5.1,349.0,47.0
2019-01-06,0.0,-3.7,7.6,68.0,1020.2,5.1,327.0,19.0
2019-01-07,0.0,1.1,8.5,82.0,1026.7,7.9,62.0,65.0
2019-01-08,0.0,-1.4,6.5,81.0,1018.2,5.6,20.0,81.0
2019-01-09,0.0,-1.9,4.7,93.0,1006.8,6.3,314.0,80.0
2019-01-10,0.0,-0.3,7.8,55.0,1011.3,7.2,5.0,62.0
2019-01-11,0.4,-0.2,6.7,75.0,1019.9,7.4,65.0,39.0
2019-01-12,0.0,-2.6,4.1,78.0,1018.8,4.1,333.0,70.0
2019-01-13,0.0,-0.6,7.2,73.0,1010.7,7.3,321.0,76.0
2019-01-14,0.0,-0.6,10.1,72.0,1003.0,9.9,342.0,18.0
2019-01-15,0.0,-0.6,9.7,64.0,1016.7,8.5,10.0,25.0
2019-01-16,0.0,-1.9,6.9,78.0,1018.9,5.3,23.0,36.0
2019-01-17,1.9,1.2,6.9,90.0,1014.4,6.5,28.0,84.0
2019-01-18,4.8,4.8,8.0,79.0,1012.9,16.2,56.0,86.0
2019-01-19,0.0,1.9,6.2,57.0,1017.1,18.0,46.0,98.0
2019-01-20,0.0,-1.5,6.0,68.0,1015.6,6.6,19.0,34.0
2019-01-21,0.0,1.2,6.6,65.0,1017.1,15.0,40.0,82.0
2019-01-22,0.6,1.5,6.8,57.0,1009.7,19.1,48.0,95.0
2019-01-23,2.6,0.6,2.7,72.0,999.2,16.1,42.0,82.0
2019-01-24,0.0,1.1,9.3,56.0,1000.0,19.5,55.0,40.0
2019-01-25,0.0,0.3,7.3,52.0,1007.3,12.0,52.0,3.0
2019-01-26,0.0,-2.5,5.4,74.0,1011.3,6.8,51.0,67.0
2019-01-27,4.1,-1.6,5.7,78.0,1002.9,10.3,26.0,88.0
2019-01-28,2.7,0.1,6.1,89.0,995.7,8.4,333.0,91.0
2019-01-29,0.1,0.6,8.3,76.0,1005.1,9.8,3.0,47.0
2019-01-30,0.0,-0.0,5.6,71.0,1001.6,12.4,33.0,87.0
2019-01-31,0.6,1.6,7.3,77.0,1002.5,8.9,28.0,74.0
2019-02-01,14.4,2.3,11.9,92.0,1000.0,18.3,46.0,100.0
2019-02-02,24.2,7.1,12.0,93.0,996.7,16.5,140.0,99.0
2019-02-03,5.2,5.6,8.9,91.0,1002.9,8.2,36.0,92.0
2019-02-04,0.1,4.1,10.5,62.0,1023.1,15.0,42.0,43.0
2019-02-05,0.0,0.6,10.2,64.0,1025.2,11.0,16.0,0.0
2019-02-06,0.0,-0.1,10.2,71.0,1025.2,7.9,18.0,12.0
2019-02-07,0.0,-0.3,9.1,72.0,1020.5,6.4,345.0,46.0
2019-02-08,0.0,2.1,11.7,73.0,1019.8,5.7,39.0,58.0
2019-02-09,0.0,0.0,9.1,81.0,1020.0,6.8,82.0,62.0
2019-02-10,0.9,5.3,8.7,87.0,1016.0,7.7,38.0,98.0
2019-02-11,1.6,3.0,11.1,84.0,1009.0,10.1,296.0,77.0
2019-02-12,0.0,1.7,11.6,51.0,1024.1,12.9,339.0,19.0
2019-02-13,0.0,-0.3,9.7,73.0,1035.2,7.1,120.0,3.0
2019-02-14,0.0,-0.9,9.4,88.0,1035.3,4.5,330.0,34.0
2019-02-15,0.0,-0.2,11.3,80.0,1032.5,6.2,37.0,6.0
2019-02-16,0.0,0.1,11.0,79.0,1031.3,6.0,50.0,40.0
2019-02-17,0.0,-0.8,10.8,92.0,1027.8,4.3,243.0,36.0
2019-02-18,0.0,1.1,8.1,96.0,1024.3,4.1,53.0,78.0
2019-02-19,0.0,4.0,7.3,95.0,1022.6,4.5,55.0,81.0
2019-02-20,0.0,3.6,8.7,93.0,1024.5,4.5,134.0,82.0
2019-02-21,0.0,2.2,11.0,93.0,1027.2,5.4,236.0,59.0
2019-02-22,0.0,1.8,12.3,90.0,1025.0,6.0,355.0,46.0
2019-02-23,0.0,4.0,9.8,49.0,1034.5,17.1,97.0,17.0
2019-02-24,0.0,0.3,5.7,59.0,1037.0,10.4,62.0,46.0
2019-02-25,0.0,-0.6,12.3,68.0,1033.7,5.2,171.0,27.0
2019-02-26,0.0,2.9,15.1,74.0,1028.6,5.3,286.0,88.0
2019-02-27,0.0,5.7,16.9,74.0,1024.9,8.0,159.0,39.0
2019-02-28,0.0,4.0,14.5,74.0,1019.1,6.8,60.0,7.0
2019-03-01,0.0,5.0,12.5,82.0,1013.2,8.1,42.0,45.0
2019-03-02,0.0,3.8,10.9,93.0,1015.1,6.4,69.0,61.0
2019-03-03,0.0,4.0,12.1,87.0,1017.9,7.2,95.0,63.0
2019-03-04,0.7,5.1,11.0,91.0,1011.4,7.5,60.0,79.0
2019-03-05,0.0,3.6,13.0,90.0,1010.7,8.9,68.0,45.0
2019-03-06,0.0,5.6,13.4,89.0,1016.8,9.4,85.0,89.0
2019-03-07,0.8,7.4,12.7,87.0,1012.0,10.1,61.0,91.0
2019-03-08,0.0,6.4,15.0,84.0,1015.7,7.7,208.0,35.0
2019-03-09,0.0,5.0,15.5,83.0,1020.2,7.7,192.0,40.0
2019-03-10,0.0,4.7,13.7,87.0,1016.8,7.0,117.0,75.0
2019-03-11,0.5,6.1,15.2,83.0,1013.6,11.2,35.0,80.0
2019-03-12,0.0,3.0,14.7,42.0,1021.7,12.8,257.0,11.0
2019-03-13,0.0,2.9,10.2,67.0,1014.5,8.7,95.0,57.0
2019-03-14,0.0,1.5,11.7,83.0,1012.5,8.9,170.0,37.0
2019-03-15,0.0,3.6,11.8,80.0,1010.1,8.2,87.0,13.0
2019-03-16,0.0,5.5,13.8,85.0,1013.9,8.1,62.0,56.0
2019-03-17,0.0,7.9,14.3,86.0,1013.9,11.8,115.0,60.0
2019-03-18,6.7,6.3,11.6,82.0,1013.9,17.5,48.0,88.0
2019-03-19,0.0,6.2,12.2,56.0,1022.5,14.5,48.0,63.0
2019-03-20,0.0,4.8,13.2,48.0,1030.0,15.7,51.0,3.0
2019-03-21,0.0,5.6,15.1,46.0,1032.1,14.9,46.0,14.0
2019-03-22,0.0,5.4,16.1,56.0,1029.7,8.4,10.0,30.0
2019-03-23,0.0,7.6,18.5,59.0,1025.5,8.3,10.0,4.0
2019-03-24,0.0,7.2,19.0,69.0,1020.9,8.0,131.0,7.0
2019-03-25,4.9,7.4,15.4,76.0,1012.4,12.1,79.0,24.0
2019-03-26,1.6,6.6,14.0,57.0,1020.6,17.4,75.0,39.0
2019-03-27,0.0,6.3,13.3,53.0,1026.5,12.1,66.0,39.0
2019-03-28,0.0,5.5,14.1,57.0,1029.5,12.2,55.0,2.0
2019-03-29,0.0,4.9,16.0,60.0,1030.1,8.3,360.0,5.0
2019-03-30,0.0,4.9,16.6,70.0,1024.8,6.8,163.0,19.0
2019-03-31,0.0,4.6,19.2,69.0,1017.9,5.6,246.0,11.0
2019-04-01,0.0,8.9,20.2,54.0,1015.8,12.3,62.0,6.0
2019-04-02,0.0,11.5,18.5,61.0,1014.2,12.2,77.0,96.0
2019-04-03,5.1,11.3,14.8,79.0,1009.4,12.0,109.0,78.0
2019-04-04,19.5,9.9,15.3,87.0,1001.5,23.6,121.0,84.0
2019-04-05,22.7,8.7,13.7,87.0,1000.3,13.9,131.0,86.0
2019-04-06,0.1,9.6,14.2,83.0,1006.9,9.2,77.0,82.0
2019-04-07,0.3,7.7,14.6,84.0,1006.1,6.0,62.0,83.0
2019-04-08,6.0,7.2,13.5,86.0,1006.9,6.6,292.0,99.0
2019-04-09,1.5,7.3,17.1,81.0,1006.9,8.6,331.0,92.0
2019-04-10,4.5,9.7,17.9,82.0,1006.1,8.2,38.0,67.0
2019-04-11,19.1,11.6,14.0,87.0,1009.3,12.6,67.0,100.0
2019-04-12,0.9,10.1,12.7,71.0,1013.6,14.6,80.0,95.0
2019-04-13,0.7,8.9,12.9,71.0,1015.0,11.4,75.0,77.0
2019-04-14,0.4,9.5,13.8,63.0,1013.7,21.6,68.0,83.0
2019-04-15,0.1,8.8,17.4,63.0,1018.7,9.0,35.0,36.0
2019-04-16,0.0,9.0,16.3,63.0,1019.7,10.6,112.0,18.0
2019-04-17,0.0,7.2,18.0,72.0,1020.3,7.4,135.0,39.0
2019-04-18,0.0,11.3,18.7,59.0,1025.0,12.4,75.0,34.0
2019-04-19,0.0,11.6,18.8,58.0,1028.9,10.1,81.0,18.0
2019-04-20,0.0,10.1,20.8,63.0,1026.5,7.4,21.0,11.0
2019-04-21,0.0,11.1,18.8,68.0,1021.3,9.6,93.0,58.0
2019-04-22,1.8,10.9,17.2,77.0,1015.0,13.7,81.0,79.0
2019-04-23,33.0,12.8,15.4,92.0,1007.5,22.1,88.0,100.0
2019-04-24,9.2,13.7,18.2,88.0,1013.1,11.6,136.0,83.0
2019-04-25,0.3,12.7,18.6,90.0,1018.1,11.1,81.0,72.0
2019-04-26,14.0,11.5,17.2,91.0,1014.7,13.2,107.0,72.0
2019-04-27,1.8,9.2,17.4,83.0,1014.7,8.7,99.0,42.0
2019-04-28,16.7,7.6,13.8,86.0,1013.7,20.4,3.0,85.0
2019-04-29,12.7,8.2,13.2,78.0,1013.8,17.3,330.0,98.0
2019-04-30,0.4,8.9,16.7,70.0,1012.7,9.1,255.0,85.0
2019-05-01,0.0,8.4,18.0,75.0,1013.0,9.1,182.0,14.0
2019-05-02,0.0,10.5,18.2,77.0,1011.5,10.8,125.0,31.0
2019-05-03,5.3,11.7,17.4,83.0,1008.8,7.8,219.0,87.0
2019-05-04,13.4,11.3,15.5,90.0,1004.9,9.0,73.0,87.0
2019-05-05,33.7,6.4,12.2,83.0,1002.9,25.2,36.0,99.0
2019-05-06,1.9,7.0,16.0,69.0,1011.9,11.7,248.0,80.0
2019-05-07,0.7,8.0,14.1,74.0,1018.7,10.1,103.0,64.0
2019-05-08,3.5,9.8,15.6,80.0,1014.9,11.2,102.0,81.0
2019-05-09,9.4,11.7,17.2,84.0,1006.1,9.0,152.0,70.0
2019-05-10,0.7,12.3,16.8,86.0,1010.9,10.3,104.0,63.0
2019-05-11,3.9,12.8,17.3,89.0,1013.0,11.5,81.0,75.0
2019-05-12,38.6,10.3,13.5,87.0,1013.3,15.0,23.0,100.0
2019-05-13,1.3,11.4,18.4,56.0,1018.4,14.4,37.0,98.0
2019-05-14,0.2,9.0,14.8,52.0,1019.3,18.0,82.0,54.0
2019-05-15,3.8,7.7,14.6,81.0,1015.2,8.4,340.0,88.0
2019-05-16,0.0,9.9,16.4,72.0,1012.8,8.1,100.0,76.0
2019-05-17,0.0,11.1,16.3,76.0,1010.5,10.5,85.0,66.0
2019-05-18,14.3,12.2,16.9,84.0,1007.4,16.6,60.0,99.0
2019-05-19,14.9,13.4,15.9,90.0,1005.1,15.8,85.0,99.0
2019-05-20,8.4,12.8,17.7,88.0,1004.8,10.5,206.0,97.0
2019-05-21,3.7,12.9,17.7,86.0,1008.8,11.5,181.0,99.0
2019-05-22,0.6,13.7,18.8,89.0,1013.6,6.6,107.0,80.0
2019-05-23,0.0,13.7,19.8,86.0,1015.4,7.2,122.0,32.0
2019-05-24,0.3,13.7,22.0,85.0,1013.6,6.8,87.0,49.0
2019-05-25,2.6,15.6,22.0,87.0,1013.8,6.5,75.0,93.0
2019-05-26,0.0,15.4,21.1,81.0,1014.3,9.6,105.0,95.0
2019-05-27,8.7,15.7,18.3,86.0,1010.6,12.8,69.0,96.0
2019-05-28,33.9,14.3,20.0,89.0,1004.6,9.5,17.0,96.0
2019-05-29,22.0,12.1,15.4,86.0,1010.9,18.0,34.0,100.0
2019-05-30,1.9,13.1,18.8,78.0,1021.5,8.1,47.0,87.0
2019-05-31,0.0,12.7,22.9,71.0,1023.4,8.5,280.0,21.0
2019-06-01,0.0,14.2,25.9,69.0,1020.2,8.3,272.0,6.0
2019-06-02,0.0,16.2,25.3,78.0,1017.5,7.4,118.0,16.0
2019-06-03,0.0,17.6,24.2,79.0,1015.5,7.0,113.0,28.0
2019-06-04,0.0,17.8,25.7,80.0,1012.5,7.0,106.0,30.0
2019-06-05,0.5,17.0,22.6,88.0,1010.3,9.8,92.0,40.0
2019-06-06,0.3,18.3,23.0,83.0,1011.6,14.1,97.0,36.0
2019-06-07,0.0,17.3,23.2,83.0,1016.4,10.1,109.0,27.0
2019-06-08,0.0,17.7,24.9,80.0,1019.0,8.5,98.0,16.0
2019-06-09,0.0,19.0,26.3,76.0,1020.0,9.0,60.0,49.0
2019-06-10,0.0,20.4,26.7,75.0,1012.9,10.0,61.0,74.0
2019-06-11,0.0,21.0,26.0,76.0,1008.6,12.4,78.0,43.0
2019-06-12,0.1,20.6,26.4,77.0,1009.4,13.8,54.0,32.0
2019-06-13,0.0,19.9,28.0,71.0,1013.4,8.7,226.0,28.0
2019-06-14,0.0,17.9,26.3,70.0,1016.8,7.9,82.0,37.0
2019-06-15,0.0,20.7,27.1,76.0,1012.9,8.9,106.0,70.0
2019-06-16,0.1,19.7,30.1,75.0,1012.3,7.5,216.0,3.0
2019-06-17,0.0,23.4,28.0,55.0,1015.1,15.1,65.0,39.0
2019-06-18,0.0,21.2,27.8,66.0,1014.6,8.7,66.0,22.0
2019-06-19,0.0,20.6,28.4,74.0,1012.2,7.8,122.0,38.0
2019-06-20,0.1,21.2,27.6,79.0,1011.4,8.2,70.0,28.0
2019-06-21,0.2,20.9,28.6,75.0,1013.6,8.3,43.0,37.0
2019-06-22,8.6,21.1,26.0,74.0,1014.2,13.1,31.0,80.0
2019-06-23,0.0,19.0,26.9,79.0,1014.0,7.7,133.0,19.0
2019-06-24,0.0,20.9,27.8,72.0,1018.0,7.1,130.0,11.0
2019-06-25,0.0,21.9,30.2,68.0,1020.8,6.9,13.0,6.0
2019-06-26,0.0,24.6,31.0,68.0,1021.6,7.9,94.0,3.0
2019-06-27,0.0,23.7,32.6,71.0,1017.2,7.8,174.0,9.0
2019-06-28,0.0,25.9,30.9,59.0,1015.0,11.4,90.0,16.0
2019-06-29,0.0,24.1,28.3,56.0,1018.5,10.3,87.0,14.0
2019-06-30,0.0,22.8,29.6,61.0,1018.6,10.4,116.0,11.0
2019-07-01,0.0,21.4,28.6,70.0,1016.7,9.3,131.0,19.0
2019-07-02,0.0,22.7,30.7,70.0,1014.1,6.3,74.0,37.0
2019-07-03,0.0,23.7,31.5,55.0,1014.5,12.3,40.0,60.0
2019-07-04,0.0,21.3,29.0,59.0,1016.7,11.5,66.0,35.0
2019-07-05,0.0,21.9,28.4,67.0,1014.7,10.5,116.0,21.0
2019-07-06,0.1,23.0,28.9,76.0,1011.4,10.9,114.0,29.0
2019-07-07,0.8,21.5,28.8,79.0,1008.4,10.0,72.0,55.0
2019-07-08,7.0,20.9,27.3,77.0,1010.8,10.7,35.0,44.0
2019-07-09,4.0,19.7,25.0,75.0,1011.6,14.7,60.0,94.0
2019-07-10,0.6,19.7,25.4,60.0,1012.1,19.9,71.0,36.0
2019-07-11,3.4,18.5,24.9,64.0,1013.8,9.7,103.0,80.0
2019-07-12,4.0,17.5,25.3,78.0,1011.9,8.0,118.0,44.0
2019-07-13,2.6,18.8,25.2,81.0,1010.3,9.4,55.0,36.0
2019-07-14,0.0,17.1,25.2,73.0,1011.6,6.7,62.0,11.0
2019-07-15,0.0,20.1,24.4,61.0,1010.9,14.0,51.0,94.0
2019-07-16,0.0,19.0,27.3,53.0,1013.0,10.0,0.0,8.0
2019-07-17,0.0,18.3,27.4,67.0,1011.9,10.7,167.0,60.0
2019-07-18,0.2,20.6,27.0,70.0,1011.6,8.2,46.0,79.0
2019-07-19,0.0,19.8,27.3,69.0,1014.8,8.4,128.0,50.0
2019-07-20,0.0,21.5,26.7,79.0,1017.0,9.4,133.0,35.0
2019-07-21,0.0,22.0,27.9,78.0,1018.5,9.1,102.0,52.0
2019-07-22,0.0,22.9,29.7,72.0,1020.4,7.8,94.0,80.0
2019-07-23,0.0,22.6,30.3,67.0,1018.4,7.3,139.0,29.0
2019-07-24,0.0,22.4,31.4,65.0,1015.8,9.3,156.0,3.0
2019-07-25,0.0,24.0,31.8,67.0,1015.1,7.9,139.0,32.0
2019-07-26,0.0,25.4,30.9,75.0,1010.0,8.2,118.0,74.0
2019-07-27,3.9,21.4,28.2,82.0,1004.0,11.3,49.0,70.0
2019-07-28,29.8,19.0,21.8,92.0,997.9,17.0,20.0,99.0
2019-07-29,1.3,20.6,27.3,84.0,1004.6,5.5,111.0,69.0
2019-07-30,1.6,22.6,28.3,83.0,1009.6,7.9,31.0,40.0
2019-07-31,0.8,22.5,29.0,83.0,1011.3,6.1,27.0,31.0
2019-08-01,0.0,21.2,27.5,80.0,1013.3,10.2,73.0,37.0
2019-08-02,2.8,21.0,26.3,81.0,1011.0,12.4,24.0,83.0
2019-08-03,0.0,18.8,27.2,75.0,1011.6,7.9,350.0,12.0
2019-08-04,0.0,19.8,26.5,73.0,1014.4,9.0,60.0,34.0
2019-08-05,0.0,21.1,26.7,74.0,1014.9,8.5,89.0,53.0
2019-08-06,0.0,21.3,26.9,78.0,1013.9,8.5,77.0,59.0
2019-08-07,0.0,21.1,26.9,80.0,1011.3,10.5,60.0,86.0
2019-08-08,3.5,20.8,28.5,80.0,1010.9,8.0,44.0,49.0
2019-08-09,0.0,22.1,28.4,76.0,1013.7,9.0,87.0,13.0
2019-08-10,0.0,23.0,28.6,83.0,1013.7,8.4,122.0,15.0
2019-08-11,0.0,24.2,30.3,78.0,1014.1,8.9,73.0,2.0
2019-08-12,0.0,23.6,30.2,76.0,1011.3,9.3,46.0,37.0
2019-08-13,6.7,21.3,30.9,72.0,1010.4,9.9,24.0,53.0
2019-08-14,2.4,19.4,26.8,58.0,1013.4,17.5,58.0,60.0
2019-08-15,0.1,19.8,25.2,63.0,1015.5,10.5,61.0,39.0
2019-08-16,1.8,17.8,26.4,68.0,1015.9,8.1,35.0,34.0
2019-08-17,0.0,18.7,26.3,65.0,1016.1,8.6,114.0,55.0
2019-08-18,0.0,20.0,26.9,78.0,1015.0,9.2,121.0,8.0
2019-08-19,0.0,21.8,27.6,80.0,1015.5,8.7,84.0,19.0
2019-08-20,0.0,22.4,29.6,74.0,1016.5,8.6,90.0,24.0
2019-08-21,3.2,22.8,32.3,66.0,1017.6,14.8,41.0,64.0
2019-08-22,0.3,22.0,28.0,58.0,1020.3,13.4,53.0,78.0
2019-08-23,6.7,22.0,27.7,68.0,1020.4,14.4,40.0,97.0
2019-08-24,4.8,21.8,28.7,70.0,1018.6,12.7,32.0,64.0
2019-08-25,0.0,21.9,28.8,66.0,1017.1,8.9,34.0,38.0
2019-08-26,0.0,23.0,29.5,65.0,1017.1,10.7,42.0,24.0
2019-08-27,0.0,22.7,29.6,68.0,1017.0,8.6,56.0,34.0
2019-08-28,0.0,22.9,29.0,72.0,1016.6,7.0,64.0,94.0
2019-08-29,0.0,21.9,29.4,76.0,1016.5,5.5,234.0,64.0
2019-08-30,0.6,23.7,30.9,60.0,1018.0,14.0,38.0,45.0
2019-08-31,2.2,22.6,30.2,61.0,1015.8,14.2,10.0,84.0
2019-09-01,1.0,22.2,30.7,64.0,1011.6,6.6,333.0,60.0
2019-09-02,7.8,20.2,28.7,66.0,1012.5,14.6,5.0,71.0
2019-09-03,6.5,19.6,25.6,58.0,1019.3,20.9,76.0,18.0
2019-09-04,0.0,18.3,26.4,51.0,1018.3,10.5,53.0,3.0
2019-09-05,0.0,17.7,27.2,58.0,1012.3,9.6,50.0,6.0
2019-09-06,7.4,16.3,23.4,63.0,1014.8,24.7,50.0,77.0
2019-09-07,9.9,16.3,22.3,79.0,1014.2,9.7,21.0,65.0
2019-09-08,46.9,15.8,18.5,90.0,1012.3,16.3,38.0,76.0
2019-09-09,1.3,14.1,21.3,76.0,1012.0,10.5,1.0,33.0
2019-09-10,0.3,16.0,23.3,70.0,1016.7,13.2,46.0,56.0
2019-09-11,0.0,16.2,25.0,63.0,1020.2,10.4,19.0,30.0
2019-09-12,0.0,16.8,26.2,67.0,1026.7,7.2,2.0,3.0
2019-09-13,0.0,18.0,25.1,68.0,1028.9,7.6,56.0,2.0
2019-09-14,0.0,17.6,26.0,73.0,1027.5,6.9,13.0,19.0
2019-09-15,0.0,18.8,24.8,76.0,1024.1,8.3,84.0,14.0
2019-09-16,0.0,18.0,25.5,80.0,1018.3,6.9,175.0,6.0
2019-09-17,0.1,19.2,24.5,87.0,1014.1,7.3,111.0,37.0
2019-09-18,7.8,16.5,21.7,85.0,1015.8,17.1,59.0,82.0
2019-09-19,1.4,15.5,22.6,48.0,1020.0,23.4,62.0,65.0
2019-09-20,0.0,15.2,19.5,51.0,1025.5,14.2,50.0,39.0
2019-09-21,0.0,13.0,20.1,54.0,1024.1,9.6,48.0,21.0
2019-09-22,2.3,13.4,19.1,74.0,1018.5,8.7,40.0,82.0
2019-09-23,4.5,13.6,18.1,85.0,1013.1,6.3,314.0,91.0
2019-09-24,0.0,15.6,23.1,77.0,1012.6,8.2,221.0,60.0
2019-09-25,17.6,14.7,21.4,88.0,1010.1,8.6,35.0,67.0
2019-09-26,2.2,13.7,21.6,76.0,1013.9,6.9,90.0,30.0
2019-09-27,0.0,14.9,21.7,81.0,1016.8,6.2,83.0,61.0
2019-09-28,1.0,17.4,22.6,89.0,1015.9,9.2,73.0,58.0
2019-09-29,0.1,17.0,23.2,84.0,1014.4,10.5,76.0,30.0
2019-09-30,0.0,17.5,23.4,78.0,1010.2,8.6,216.0,18.0
2019-10-01,0.7,18.5,22.8,89.0,1011.2,11.2,72.0,43.0
2019-10-02,3.9,16.0,21.0,89.0,1004.4,7.9,25.0,76.0
2019-10-03,7.9,13.1,17.9,66.0,1011.6,15.9,59.0,42.0
2019-10-04,0.0,12.2,17.3,64.0,1013.8,8.5,54.0,67.0
2019-10-05,0.0,11.7,18.8,71.0,1009.7,9.3,53.0,40.0
2019-10-06,0.8,13.5,18.4,68.0,1014.4,14.3,42.0,72.0
2019-10-07,0.4,13.2,18.7,59.0,1012.9,19.4,56.0,66.0
2019-10-08,0.0,11.7,17.4,61.0,1019.3,10.2,56.0,30.0
2019-10-09,0.8,11.8,19.0,78.0,1016.3,8.6,21.0,52.0
2019-10-10,0.0,14.2,19.7,83.0,1015.5,7.7,11.0,60.0
2019-10-11,0.0,12.9,19.5,73.0,1022.7,10.0,39.0,11.0
2019-10-12,0.0,11.1,18.9,85.0,1023.2,6.4,204.0,35.0
2019-10-13,0.8,13.0,17.8,91.0,1023.2,5.3,113.0,95.0
2019-10-14,0.0,13.4,19.2,92.0,1021.4,5.3,161.0,81.0
2019-10-15,4.3,16.4,20.3,90.0,1015.1,11.6,124.0,74.0
2019-10-16,4.3,14.6,20.2,88.0,1014.5,8.7,188.0,18.0
2019-10-17,0.3,13.4,19.4,88.0,1018.5,7.2,68.0,50.0
2019-10-18,0.4,13.0,19.3,86.0,1017.3,6.3,209.0,63.0
2019-10-19,1.3,15.1,19.9,89.0,1016.1,8.2,58.0,60.0
2019-10-20,0.0,15.4,20.6,88.0,1017.9,9.2,67.0,42.0
2019-10-21,0.3,17.2,21.3,92.0,1021.5,12.2,59.0,61.0
2019-10-22,0.0,14.9,21.4,91.0,1022.4,4.4,357.0,49.0
2019-10-23,0.0,14.0,20.8,92.0,1019.6,6.0,212.0,52.0
2019-10-24,0.4,14.6,20.2,91.0,1016.4,8.2,51.0,88.0
2019-10-25,0.0,13.7,22.1,81.0,1018.9,6.8,13.0,59.0
2019-10-26,0.0,12.9,21.3,72.0,1022.4,7.6,351.0,0.0
2019-10-27,0.0,11.0,17.4,91.0,1020.5,3.5,344.0,43.0
2019-10-28,0.0,12.1,18.6,90.0,1016.5,5.4,18.0,86.0
2019-10-29,10.7,12.2,15.0,92.0,1015.7,13.8,37.0,92.0
2019-10-30,0.0,11.3,14.9,60.0,1021.0,20.8,56.0,99.0
2019-10-31,0.0,8.7,13.9,62.0,1021.2,18.4,52.0,80.0
2019-11-01,0.3,7.4,14.1,65.0,1018.6,11.1,39.0,39.0
2019-11-02,4.1,10.1,11.3,81.0,1009.3,7.8,21.0,100.0
2019-11-03,25.3,11.0,15.8,94.0,996.1,10.5,25.0,99.0
2019-11-04,0.9,10.4,16.2,88.0,996.5,8.6,280.0,64.0
2019-11-05,5.2,11.9,17.6,90.0,997.7,9.6,345.0,58.0
2019-11-06,4.1,8.5,14.4,87.0,1002.3,6.2,334.0,69.0
2019-11-07,0.1,8.0,13.9,85.0,1007.2,7.0,35.0,49.0
2019-11-08,19.7,9.1,11.2,90.0,1004.2,17.7,30.0,99.0
2019-11-09,7.4,8.4,13.2,84.0,1007.7,10.6,326.0,74.0
2019-11-10,0.0,7.0,14.2,68.0,1010.1,9.2,13.0,14.0
2019-11-11,7.5,7.3,10.0,82.0,1013.6,16.7,31.0,99.0
2019-11-12,38.6,9.3,11.2,89.0,1001.5,26.3,36.0,100.0
2019-11-13,7.1,7.2,12.7,81.0,998.1,14.8,20.0,69.0
2019-11-14,0.7,7.3,12.8,67.0,1008.1,17.4,40.0,54.0
2019-11-15,41.7,8.2,15.9,87.0,1003.5,22.8,123.0,99.0
2019-11-16,8.7,7.9,13.7,87.0,1010.4,10.7,30.0,73.0
2019-11-17,39.1,9.4,16.6,89.0,1004.3,21.8,93.0,100.0
2019-11-18,11.3,6.4,13.0,81.0,1011.9,10.5,23.0,50.0
2019-11-19,36.5,8.7,12.4,92.0,1015.5,21.4,36.0,97.0
2019-11-20,5.1,9.9,14.4,87.0,1012.6,11.2,0.0,98.0
2019-11-21,0.0,6.1,12.1,90.0,1012.4,4.7,274.0,78.0
2019-11-22,9.2,8.6,12.6,92.0,1013.4,12.8,39.0,79.0
2019-11-23,10.1,9.8,14.2,93.0,1009.5,15.6,44.0,98.0
2019-11-24,31.6,11.8,14.4,93.0,1007.7,21.7,54.0,100.0
2019-11-25,0.0,10.4,17.7,74.0,1008.2,13.2,38.0,24.0
2019-11-26,0.0,7.4,13.7,82.0,1009.4,9.5,39.0,46.0
2019-11-27,10.5,7.7,11.3,90.0,1006.0,9.0,30.0,94.0
2019-11-28,0.0,9.0,12.9,91.0,1003.4,7.4,270.0,68.0
2019-11-29,0.2,6.5,12.1,92.0,1008.2,5.1,338.0,69.0
2019-11-30,1.6,5.2,12.0,86.0,1017.8,10.4,35.0,51.0
2019-12-01,0.7,7.1,9.5,65.0,1020.8,16.3,43.0,92.0
2019-12-02,8.7,8.1,12.1,86.0,1015.9,12.3,49.0,97.0
2019-12-03,0.0,5.7,9.1,59.0,1024.8,18.4,59.0,36.0
2019-12-04,0.0,2.1,8.2,66.0,1026.3,13.6,33.0,3.0
2019-12-05,0.0,1.1,8.5,66.0,1026.0,11.1,23.0,13.0
2019-12-06,0.0,3.2,9.0,73.0,1024.3,6.9,336.0,58.0
2019-12-07,0.0,2.0,8.4,85.0,1019.4,4.3,305.0,42.0
2019-12-08,0.0,1.0,9.2,82.0,1019.6,5.7,332.0,36.0
2019-12-09,1.2,3.8,8.4,88.0,1009.5,7.2,348.0,71.0
2019-12-10,0.0,2.8,11.3,71.0,1016.3,11.6,13.0,9.0
2019-12-11,0.0,-0.3,7.5,55.0,1017.6,11.0,14.0,30.0
2019-12-12,3.2,-0.8,4.3,75.0,1005.8,12.5,1.0,99.0
2019-12-13,11.0,-1.0,4.3,92.0,992.4,15.5,354.0,86.0
2019-12-14,0.0,1.1,8.6,82.0,1000.7,6.1,315.0,13.0
2019-12-15,0.0,2.6,10.3,73.0,1014.2,8.3,9.0,46.0
2019-12-16,0.3,3.0,11.2,83.0,1020.4,6.2,13.0,71.0
2019-12-17,0.6,6.7,12.5,94.0,1020.0,8.9,25.0,90.0
2019-12-18,0.1,8.8,14.4,97.0,1022.4,9.1,32.0,87.0
2019-12-19,3.7,9.9,13.9,96.0,1020.5,13.1,39.0,98.0
2019-12-20,8.9,9.1,12.7,95.0,1010.2,10.6,168.0,97.0
2019-12-21,24.1,7.7,14.6,89.0,994.5,18.0,190.0,72.0
2019-12-22,27.5,5.6,10.1,91.0,989.2,14.2,1.0,77.0
2019-12-23,0.1,4.7,14.2,81.0,1001.4,8.9,306.0,59.0
2019-12-24,1.9,2.7,10.2,70.0,1014.1,7.1,321.0,37.0
2019-12-25,0.0,1.2,9.6,88.0,1015.0,6.0,2.0,17.0
2019-12-26,0.0,2.7,11.5,70.0,1021.8,9.0,17.0,32.0
2019-12-27,0.0,5.1,10.9,78.0,1022.8,11.8,31.0,52.0
2019-12-28,0.0,3.8,10.1,75.0,1031.3,8.7,66.0,46.0
2019-12-29,0.0,2.2,6.2,74.0,1035.2,8.8,40.0,39.0
2019-12-30,0.0,-2.1,5.3,74.0,1036.6,7.1,360.0,8.0
2019-12-31,0.0,-0.8,5.8,88.0,1030.9,5.1,291.0,41.0
2020-01-01,0.0,-1.7,9.3,74.0,1031.6,8.3,22.0,0.0
2020-01-02,0.0,-1.3,9.3,80.0,1032.3,6.8,303.0,11.0
2020-01-03,0.0,0.5,6.0,93.0,1027.9,3.5,316.0,77.0
2020-01-04,0.0,-1.3,8.7,85.0,1023.6,5.8,305.0,29.0
2020-01-05,0.0,0.7,10.8,62.0,1028.0,8.8,19.0,9.0
2020-01-06,0.0,0.8,7.3,79.0,1032.3,6.0,23.0,43.0
2020-01-07,0.1,-1.7,5.4,88.0,1027.8,5.2,315.0,33.0
2020-01-08,0.0,-0.8,8.4,73.0,1030.8,6.4,338.0,5.0
2020-01-09,0.0,-0.9,7.8,82.0,1027.6,5.4,270.0,37.0
2020-01-10,0.0,-1.3,6.5,90.0,1025.0,3.2,359.0,50.0
2020-01-11,0.0,-1.0,11.4,76.0,1028.2,8.5,12.0,1.0
2020-01-12,0.0,0.5,8.6,77.0,1029.3,8.7,14.0,3.0
2020-01-13,0.0,-0.5,8.8,74.0,1026.5,8.1,17.0,65.0
2020-01-14,0.0,0.4,5.9,87.0,1026.0,4.7,283.0,65.0
2020-01-15,0.0,1.4,6.4,79.0,1028.9,5.0,345.0,79.0
2020-01-16,0.0,-0.0,9.0,81.0,1030.5,5.7,344.0,29.0
2020-01-17,0.0,-0.7,10.4,79.0,1025.6,4.8,302.0,28.0
2020-01-18,8.4,3.3,6.7,92.0,1023.0,9.4,26.0,97.0
2020-01-19,0.1,4.1,9.6,78.0,1028.1,9.0,38.0,76.0
2020-01-20,0.0,2.6,9.6,49.0,1040.5,16.5,53.0,52.0
2020-01-21,0.0,-0.5,8.0,63.0,1042.1,10.3,14.0,34.0
2020-01-22,0.0,-1.9,6.1,84.0,1034.4,5.6,307.0,55.0
2020-01-23,0.0,0.0,8.8,76.0,1031.5,10.1,28.0,6.0
2020-01-24,0.3,-2.0,6.6,77.0,1028.0,4.4,6.0,21.0
2020-01-25,0.2,2.2,7.8,76.0,1024.5,6.8,343.0,96.0
2020-01-26,1.7,5.0,9.7,93.0,1021.4,4.6,275.0,94.0
2020-01-27,0.0,3.3,7.0,96.0,1019.0,5.0,302.0,96.0
2020-01-28,0.1,5.1,9.8,90.0,1008.1,10.7,270.0,80.0
2020-01-29,0.0,1.4,10.9,89.0,1008.9,6.8,322.0,27.0
2020-01-30,0.0,2.2,10.7,83.0,1018.5,8.1,30.0,51.0
2020-01-31,0.0,2.9,7.5,95.0,1019.1,3.7,289.0,85.0
2020-02-01,0.2,4.1,8.8,86.0,1018.6,5.3,42.0,80.0
2020-02-02,0.0,3.9,8.7,92.0,1018.2,3.5,13.0,79.0
2020-02-03,0.2,4.8,10.1,90.0,1016.3,5.9,19.0,88.0
2020-02-04,0.5,4.4,13.2,76.0,1007.4,8.0,326.0,70.0
2020-02-05,0.0,4.1,12.6,36.0,1017.9,18.7,329.0,1.0
2020-02-06,0.0,0.1,9.1,55.0,1028.8,8.6,330.0,1.0
2020-02-07,0.0,-0.7,9.6,72.0,1026.8,6.7,9.0,2.0
2020-02-08,0.0,1.8,10.0,67.0,1028.7,9.4,38.0,18.0
2020-02-09,0.0,-0.4,8.6,79.0,1029.5,6.1,322.0,44.0
2020-02-10,0.5,5.4,10.1,88.0,1016.1,6.9,316.0,74.0
2020-02-11,0.0,2.6,11.4,86.0,1007.6,6.1,14.0,21.0
2020-02-12,0.0,2.6,11.9,86.0,1016.2,8.4,56.0,20.0
2020-02-13,0.0,3.1,11.4,84.0,1019.3,9.6,44.0,54.0
2020-02-14,4.5,4.4,14.4,83.0,1016.9,8.8,314.0,25.0
2020-02-15,0.0,3.5,12.1,79.0,1027.5,7.8,49.0,44.0
2020-02-16,0.0,2.8,11.7,83.0,1028.3,5.3,30.0,69.0
2020-02-17,0.3,5.2,9.2,92.0,1025.3,4.6,112.0,88.0
2020-02-18,0.3,6.7,12.5,91.0,1023.5,5.8,63.0,58.0
2020-02-19,0.1,5.1,12.5,81.0,1020.7,8.0,9.0,42.0
2020-02-20,0.0,2.0,10.4,64.0,1024.6,7.8,77.0,2.0
2020-02-21,0.0,1.6,12.0,79.0,1024.4,7.5,39.0,12.0
2020-02-22,0.0,4.3,12.2,69.0,1031.1,10.3,87.0,40.0
2020-02-23,0.0,2.1,10.6,90.0,1025.9,4.5,135.0,82.0
2020-02-24,0.0,6.5,12.4,85.0,1019.7,11.1,50.0,67.0
2020-02-25,0.8,5.2,12.8,92.0,1010.5,6.2,195.0,76.0
2020-02-26,0.4,6.1,14.3,77.0,998.6,15.6,337.0,66.0
2020-02-27,0.0,1.2,11.6,65.0,1007.5,10.4,193.0,48.0
2020-02-28,0.0,0.8,14.2,52.0,1012.7,13.0,350.0,5.0
2020-02-29,0.0,2.9,11.0,62.0,1016.3,8.1,32.0,92.0
2020-03-01,17.6,7.2,10.2,93.0,1006.7,8.9,12.0,97.0
2020-03-02,17.2,5.9,11.7,90.0,999.7,16.9,134.0,68.0
2020-03-03,8.1,7.1,11.5,87.0,997.1,13.0,97.0,69.0
2020-03-04,0.1,5.0,11.2,68.0,1010.4,10.9,61.0,48.0
2020-03-05,1.4,3.6,10.7,80.0,1010.4,7.6,51.0,74.0
2020-03-06,18.0,3.3,11.5,85.0,999.6,17.6,9.0,86.0
2020-03-07,2.3,6.2,13.3,78.0,1010.7,6.9,13.0,59.0
2020-03-08,0.0,4.7,11.1,61.0,1020.2,9.6,72.0,3.0
2020-03-09,0.0,4.3,11.5,78.0,1014.6,6.3,7.0,92.0
2020-03-10,0.0,3.8,12.4,82.0,1017.0,6.0,78.0,60.0
2020-03-11,0.0,5.0,13.2,84.0,1018.6,7.8,69.0,10.0
2020-03-12,0.0,5.6,13.9,83.0,1019.5,7.5,110.0,53.0
2020-03-13,0.1,8.5,14.7,86.0,1015.4,7.2,73.0,88.0
2020-03-14,1.5,9.0,13.6,59.0,1018.4,22.6,42.0,95.0
2020-03-15,0.0,6.3,12.9,57.0,1024.3,14.0,61.0,5.0
2020-03-16,0.0,3.5,11.4,56.0,1026.8,9.8,71.0,0.0
2020-03-17,0.0,2.2,12.6,78.0,1030.5,6.1,162.0,16.0
2020-03-18,0.0,4.4,17.5,79.0,1028.3,6.3,321.0,3.0
2020-03-19,0.0,7.8,16.8,78.0,1025.1,7.7,79.0,0.0
2020-03-20,0.4,7.8,14.0,89.0,1022.1,7.9,92.0,21.0
2020-03-21,0.2,7.4,14.5,91.0,1016.4,7.9,86.0,29.0
2020-03-22,0.7,7.4,12.5,56.0,1020.3,29.0,76.0,60.0
2020-03-23,0.0,3.3,7.8,39.0,1028.2,20.2,79.0,31.0
2020-03-24,0.0,2.1,9.5,41.0,1026.1,14.3,65.0,42.0
2020-03-25,0.0,4.4,8.4,42.0,1022.1,28.8,60.0,36.0
2020-03-26,0.1,4.2,9.1,46.0,1016.2,32.6,49.0,98.0
2020-03-27,0.0,8.9,14.6,49.0,1015.8,23.6,51.0,85.0
2020-03-28,0.0,7.8,15.5,58.0,1014.9,10.3,39.0,16.0
2020-03-29,0.0,6.1,15.2,76.0,1012.8,6.1,14.0,53.0
2020-03-30,0.9,6.0,12.6,61.0,1015.7,27.0,57.0,82.0
2020-03-31,0.3,5.1,10.1,43.0,1022.2,21.0,69.0,53.0
2020-04-01,0.0,2.9,9.7,46.0,1021.8,12.0,60.0,3.0
2020-04-02,0.0,0.2,10.7,64.0,1015.4,8.2,165.0,0.0
2020-04-03,0.0,2.1,12.9,71.0,1014.3,6.7,190.0,0.0
2020-04-04,0.0,5.7,15.7,61.0,1020.7,10.3,82.0,8.0
2020-04-05,0.0,9.3,18.9,44.0,1024.4,17.8,52.0,3.0
2020-04-06,0.0,10.4,20.3,44.0,1026.0,15.0,53.0,0.0
2020-04-07,0.0,10.3,17.7,42.0,1028.9,11.9,68.0,0.0
2020-04-08,0.0,8.8,19.1,38.0,1027.0,12.2,44.0,0.0
2020-04-09,0.0,7.4,19.2,53.0,1022.6,7.9,141.0,0.0
2020-04-10,0.0,6.9,21.2,61.0,1021.7,6.5,177.0,0.0
2020-04-11,0.0,8.5,19.7,66.0,1021.1,8.0,125.0,4.0
2020-04-12,0.0,9.4,19.1,70.0,1019.3,8.3,115.0,22.0
2020-04-13,0.0,10.8,19.0,71.0,1014.2,13.0,134.0,90.0
2020-04-14,0.2,10.7,17.3,57.0,1014.1,19.9,89.0,58.0
2020-04-15,0.0,8.7,13.4,51.0,1025.3,12.0,87.0,26.0
2020-04-16,0.0,5.2,18.3,64.0,1022.1,10.2,190.0,64.0
2020-04-17,0.0,7.7,16.1,81.0,1018.8,8.4,122.0,26.0
2020-04-18,0.0,9.6,16.8,80.0,1016.8,8.2,105.0,61.0
2020-04-19,0.0,10.8,17.5,75.0,1014.0,9.0,104.0,76.0
2020-04-20,0.4,14.0,17.5,56.0,1013.7,23.7,58.0,100.0
2020-04-21,0.1,14.5,19.1,33.0,1014.1,26.2,64.0,82.0
2020-04-22,0.0,13.0,20.6,38.0,1017.4,21.3,65.0,2.0
2020-04-23,0.0,12.4,19.7,42.0,1018.7,11.6,74.0,3.0
2020-04-24,0.0,8.4,20.4,56.0,1014.3,11.7,169.0,26.0
2020-04-25,0.4,10.4,20.0,71.0,1008.5,10.2,96.0,32.0
2020-04-26,1.2,13.1,18.1,78.0,1009.5,13.0,78.0,33.0
2020-04-27,0.0,12.3,17.8,84.0,1011.7,9.3,104.0,33.0
2020-04-28,1.8,13.9,17.7,89.0,1010.4,9.9,96.0,81.0
2020-04-29,1.5,12.6,19.5,84.0,1007.4,7.8,70.0,55.0
2020-04-30,3.2,11.0,18.1,81.0,1010.3,9.0,107.0,63.0
2020-05-01,2.9,11.5,17.8,81.0,1007.1,7.9,137.0,77.0
2020-05-02,0.6,12.1,20.7,81.0,1007.2,8.3,63.0,54.0
2020-05-03,2.4,12.7,18.5,62.0,1014.0,14.7,83.0,12.0
2020-05-04,0.0,10.4,18.5,66.0,1018.5,10.6,146.0,16.0
2020-05-05,0.2,12.0,19.4,76.0,1014.1,8.1,72.0,64.0
2020-05-06,0.0,13.3,18.2,66.0,1016.1,14.2,76.0,51.0
2020-05-07,0.0,11.6,19.2,67.0,1021.8,11.7,181.0,16.0
2020-05-08,0.0,10.2,19.6,65.0,1020.5,8.5,133.0,59.0
2020-05-09,0.2,13.5,20.3,75.0,1015.6,10.1,108.0,39.0
2020-05-10,0.0,15.5,20.5,82.0,1011.7,13.1,89.0,68.0
2020-05-11,21.2,16.1,19.9,85.0,1005.7,14.5,153.0,87.0
2020-05-12,4.9,11.4,21.1,78.0,1009.0,15.1,112.0,68.0
2020-05-13,1.1,11.1,19.6,81.0,1011.9,13.5,58.0,75.0
2020-05-14,0.9,13.3,20.2,81.0,1008.2,8.3,99.0,42.0
2020-05-15,10.0,15.6,21.8,80.0,1009.5,13.3,71.0,62.0
2020-05-16,4.3,13.7,20.5,72.0,1018.7,16.6,57.0,96.0
2020-05-17,3.6,14.3,23.4,74.0,1017.2,11.3,38.0,48.0
2020-05-18,0.1,17.2,23.9,61.0,1019.0,14.3,60.0,70.0
2020-05-19,5.8,17.3,24.4,62.0,1014.6,21.6,58.0,86.0
2020-05-20,0.5,16.9,23.1,69.0,1013.1,10.5,55.0,73.0
2020-05-21,0.1,14.8,21.2,70.0,1018.5,8.0,163.0,26.0
2020-05-22,0.0,16.1,21.9,66.0,1023.2,9.2,144.0,81.0
2020-05-23,0.3,16.2,21.8,68.0,1022.3,9.5,90.0,73.0
2020-05-24,4.2,15.7,21.8,64.0,1024.3,11.8,81.0,57.0
2020-05-25,0.0,13.9,21.5,68.0,1025.7,10.8,124.0,30.0
2020-05-26,0.1,13.9,21.0,62.0,1027.5,12.3,100.0,25.0
2020-05-27,0.0,13.5,22.4,56.0,1029.1,9.1,174.0,6.0
2020-05-28,1.5,12.9,22.5,58.0,1024.2,8.2,134.0,58.0
2020-05-29,1.7,12.3,20.8,61.0,1021.4,10.5,30.0,42.0
2020-05-30,0.0,15.6,20.8,56.0,1017.6,11.5,50.0,49.0
2020-05-31,0.0,16.5,20.0,58.0,1016.7,8.6,98.0,81.0
2020-06-01,0.0,13.8,24.2,62.0,1017.2,6.6,190.0,17.0
2020-06-02,0.0,16.2,24.3,62.0,1013.8,8.7,170.0,38.0
2020-06-03,0.4,16.0,22.8,74.0,1008.2,9.1,88.0,60.0
2020-06-04,22.8,16.1,20.8,85.0,1002.4,17.0,153.0,93.0
2020-06-05,11.9,16.4,21.3,85.0,998.0,11.0,136.0,64.0
2020-06-06,1.1,17.0,22.1,85.0,1006.3,11.8,78.0,42.0
2020-06-07,9.6,17.8,22.3,84.0,1006.6,12.1,88.0,76.0
2020-06-08,40.0,16.6,20.7,90.0,1007.7,12.2,62.0,90.0
2020-06-09,30.2,15.5,21.0,87.0,1009.2,12.2,37.0,87.0
2020-06-10,11.2,14.4,19.3,87.0,1009.7,5.8,80.0,72.0
2020-06-11,6.3,14.2,19.5,85.0,1010.3,7.8,63.0,73.0
2020-06-12,0.5,13.8,21.4,85.0,1011.8,10.1,168.0,37.0
2020-06-13,0.0,14.5,23.1,80.0,1011.1,9.5,157.0,19.0
2020-06-14,14.8,17.1,22.4,82.0,1009.9,9.6,206.0,69.0
2020-06-15,16.5,17.3,20.1,91.0,1012.4,5.2,160.0,98.0
2020-06-16,2.3,17.2,24.7,82.0,1012.2,6.6,301.0,88.0
2020-06-17,0.7,18.2,24.2,81.0,1009.8,8.4,257.0,57.0
2020-06-18,0.9,17.3,25.5,80.0,1010.6,8.0,239.0,17.0
2020-06-19,1.5,16.3,24.8,81.0,1013.7,8.0,359.0,44.0
2020-06-20,0.0,16.4,24.5,71.0,1015.7,10.3,87.0,33.0
2020-06-21,0.0,17.8,24.0,77.0,1014.6,8.3,107.0,55.0
2020-06-22,0.0,17.6,27.9,72.0,1016.0,7.1,214.0,14.0
2020-06-23,0.0,19.6,27.3,64.0,1017.7,8.9,112.0,12.0
2020-06-24,3.4,19.6,24.7,65.0,1019.6,9.3,81.0,51.0
2020-06-25,6.6,18.9,23.7,80.0,1018.6,13.7,53.0,59.0
2020-06-26,3.1,17.8,24.8,79.0,1017.2,8.9,87.0,38.0
2020-06-27,0.0,19.7,25.9,79.0,1015.6,7.4,113.0,11.0
2020-06-28,0.0,19.9,26.7,81.0,1014.8,7.6,112.0,13.0
2020-06-29,0.1,21.8,28.5,78.0,1010.3,12.0,60.0,28.0
2020-06-30,0.1,21.3,27.5,67.0,1011.4,14.5,59.0,16.0
2020-07-01,0.7,22.0,28.1,78.0,1011.1,7.3,68.0,40.0
2020-07-02,0.5,21.3,26.9,80.0,1010.3,5.3,137.0,67.0
2020-07-03,1.0,21.0,27.8,65.0,1012.1,17.0,49.0,69.0
2020-07-04,0.0,21.7,27.0,53.0,1016.4,11.1,60.0,38.0
2020-07-05,0.0,19.7,27.7,61.0,1016.1,6.2,42.0,8.0
2020-07-06,0.1,19.8,30.1,65.0,1010.0,7.2,129.0,11.0
2020-07-07,7.1,17.7,24.1,56.0,1015.0,18.6,68.0,27.0
2020-07-08,0.0,19.0,24.8,60.0,1017.3,12.0,90.0,4.0
2020-07-09,0.0,17.3,27.3,64.0,1016.7,6.9,154.0,19.0
2020-07-10,0.0,18.7,27.2,72.0,1014.5,8.9,144.0,19.0
2020-07-11,9.0,18.9,27.9,74.0,1014.0,15.6,49.0,71.0
2020-07-12,0.0,19.2,25.5,53.0,1020.6,19.0,77.0,11.0
2020-07-13,0.0,19.9,25.5,44.0,1020.4,13.7,62.0,60.0
2020-07-14,0.0,19.0,25.4,46.0,1015.8,10.8,70.0,48.0
2020-07-15,0.0,18.1,26.0,55.0,1013.3,10.1,124.0,55.0
2020-07-16,0.1,19.3,25.3,72.0,1013.8,10.2,86.0,46.0
2020-07-17,4.7,18.6,24.8,75.0,1013.8,12.5,60.0,68.0
2020-07-18,0.8,16.9,24.4,65.0,1015.8,8.6,54.0,38.0
2020-07-19,0.0,17.3,24.5,72.0,1015.5,8.1,143.0,16.0
2020-07-20,0.0,18.7,26.8,68.0,1016.4,9.1,142.0,17.0
2020-07-21,0.0,21.1,27.8,71.0,1018.2,9.5,124.0,22.0
2020-07-22,0.0,21.7,30.0,69.0,1016.5,6.7,103.0,54.0
2020-07-23,1.2,21.3,29.9,67.0,1012.9,8.1,210.0,40.0
2020-07-24,8.9,19.7,24.2,80.0,1011.0,13.9,347.0,95.0
2020-07-25,0.3,18.8,28.8,69.0,1012.4,9.7,237.0,33.0
2020-07-26,0.0,20.1,27.2,76.0,1013.8,8.4,89.0,54.0
2020-07-27,0.0,21.0,28.1,68.0,1016.5,8.6,108.0,12.0
2020-07-28,0.0,20.0,28.9,67.0,1014.9,8.1,155.0,10.0
2020-07-29,0.0,22.6,29.6,69.0,1014.5,7.2,119.0,21.0
2020-07-30,0.0,23.3,31.5,69.0,1016.2,9.6,61.0,31.0
2020-07-31,0.4,24.4,31.9,73.0,1014.3,7.7,124.0,45.0
2020-08-01,0.0,25.1,32.1,75.0,1012.0,7.7,120.0,31.0
2020-08-02,4.5,22.2,29.6,68.0,1010.6,13.8,48.0,64.0
2020-08-03,61.0,20.7,26.3,85.0,1004.8,9.8,45.0,87.0
2020-08-04,9.2,18.4,23.6,87.0,1004.7,10.1,12.0,81.0
2020-08-05,0.9,19.3,25.2,67.0,1012.7,10.3,44.0,75.0
2020-08-06,0.0,18.9,26.6,71.0,1016.2,6.6,50.0,22.0
2020-08-07,0.0,20.7,30.2,68.0,1017.9,7.3,20.0,11.0
2020-08-08,0.0,21.8,32.2,57.0,1017.5,8.1,9.0,2.0
2020-08-09,0.0,21.3,31.3,66.0,1015.6,6.1,54.0,14.0
2020-08-10,0.0,23.3,29.9,72.0,1014.3,7.0,83.0,49.0
2020-08-11,0.0,22.2,30.0,77.0,1015.0,7.1,54.0,56.0
2020-08-12,0.0,23.1,29.6,69.0,1015.7,7.4,58.0,63.0
2020-08-13,0.0,23.1,29.0,77.0,1014.6,9.3,110.0,59.0
2020-08-14,0.5,22.3,28.3,76.0,1012.2,8.4,43.0,41.0
2020-08-15,0.0,20.7,28.8,68.0,1011.9,6.8,99.0,53.0
2020-08-16,0.0,21.5,28.3,70.0,1011.2,7.8,109.0,67.0
2020-08-17,0.2,21.8,27.7,79.0,1010.0,7.2,59.0,71.0
2020-08-18,1.7,20.5,26.4,81.0,1010.0,6.3,21.0,67.0
2020-08-19,0.0,20.0,27.1,71.0,1010.7,7.8,140.0,42.0
2020-08-20,0.0,21.9,27.7,72.0,1012.8,9.0,110.0,36.0
2020-08-21,0.0,22.1,28.2,78.0,1015.7,8.5,137.0,4.0
2020-08-22,0.0,22.3,28.7,76.0,1014.4,7.7,117.0,3.0
2020-08-23,0.6,22.8,29.9,67.0,1013.1,13.8,67.0,44.0
2020-08-24,2.4,21.8,28.1,57.0,1013.2,15.5,48.0,70.0
2020-08-25,0.0,19.6,27.4,58.0,1014.3,10.8,62.0,12.0
2020-08-26,0.0,19.8,27.2,69.0,1014.0,9.5,132.0,45.0
2020-08-27,0.2,21.8,27.5,75.0,1013.0,9.0,86.0,48.0
2020-08-28,0.1,21.5,27.6,76.0,1008.3,10.1,77.0,48.0
2020-08-29,3.9,20.8,28.6,84.0,1004.1,16.2,34.0,78.0
2020-08-30,10.0,20.4,27.1,80.0,1004.7,15.9,39.0,74.0
2020-08-31,20.8,16.5,23.8,87.0,1011.4,9.5,13.0,97.0
2020-09-01,15.2,16.2,24.7,78.0,1011.4,12.4,295.0,44.0
2020-09-02,2.9,16.3,23.4,74.0,1015.3,11.9,28.0,34.0
2020-09-03,0.1,16.5,24.8,68.0,1020.5,7.0,22.0,8.0
2020-09-04,0.0,17.2,24.6,68.0,1025.1,7.4,78.0,11.0
2020-09-05,0.0,17.1,24.8,81.0,1018.9,7.2,153.0,0.0
2020-09-06,0.0,19.4,25.4,82.0,1013.4,7.3,77.0,16.0
2020-09-07,4.0,19.6,24.7,73.0,1016.3,17.3,43.0,52.0
2020-09-08,0.0,18.7,26.1,57.0,1024.5,12.5,56.0,2.0
2020-09-09,0.0,17.6,25.4,71.0,1023.0,7.9,95.0,3.0
2020-09-10,0.0,18.1,25.6,81.0,1017.0,6.6,116.0,61.0
2020-09-11,0.0,21.0,26.7,66.0,1014.5,10.7,48.0,66.0
2020-09-12,0.0,20.8,28.7,61.0,1017.0,11.5,37.0,2.0
2020-09-13,0.0,20.4,29.2,61.0,1022.8,10.3,33.0,2.0
2020-09-14,0.0,21.6,29.4,61.0,1025.2,12.1,43.0,7.0
2020-09-15,0.0,20.4,29.0,57.0,1021.6,11.4,37.0,16.0
2020-09-16,0.0,20.5,29.1,59.0,1017.0,8.6,18.0,13.0
2020-09-17,0.5,20.5,30.2,58.0,1015.9,9.7,39.0,17.0
2020-09-18,0.0,20.6,26.4,56.0,1019.9,16.1,68.0,15.0
2020-09-19,0.0,17.1,24.2,56.0,1019.8,10.4,56.0,31.0
2020-09-20,0.0,16.9,24.3,60.0,1016.1,7.8,73.0,36.0
2020-09-21,0.0,16.8,24.4,72.0,1015.8,7.2,72.0,65.0
2020-09-22,11.2,18.2,23.4,87.0,1014.4,8.5,48.0,96.0
2020-09-23,2.7,17.0,23.7,82.0,1010.2,6.3,206.0,73.0
2020-09-24,8.1,16.8,22.9,84.0,1010.3,9.4,69.0,62.0
2020-09-25,15.7,13.7,24.1,85.0,996.5,10.8,0.0,80.0
2020-09-26,5.5,10.3,18.4,71.0,996.7,12.8,34.0,92.0
2020-09-27,12.8,10.2,15.8,80.0,1004.7,19.8,50.0,89.0
2020-09-28,17.0,11.6,14.4,86.0,1006.9,12.1,314.0,92.0
2020-09-29,0.0,10.6,19.2,78.0,1015.9,7.0,33.0,20.0
2020-09-30,0.0,12.5,19.5,80.0,1015.0,8.3,80.0,28.0
2020-10-01,0.5,14.6,20.5,84.0,1008.3,6.8,139.0,61.0
2020-10-02,3.5,15.1,20.9,86.0,1003.4,16.4,116.0,94.0
2020-10-03,8.8,16.0,20.6,85.0,999.8,15.7,154.0,76.0
2020-10-04,2.4,14.9,20.6,68.0,1005.3,12.7,220.0,62.0
2020-10-05,8.2,13.3,20.1,79.0,1008.3,8.6,232.0,56.0
2020-10-06,0.2,10.9,19.3,79.0,1013.2,8.0,213.0,56.0
2020-10-07,1.3,13.3,19.2,78.0,1011.7,7.9,194.0,42.0
2020-10-08,0.0,11.6,19.7,80.0,1021.5,7.3,57.0,21.0
2020-10-09,0.0,12.3,19.1,83.0,1022.4,7.2,79.0,89.0
2020-10-10,0.4,12.9,18.8,87.0,1017.9,6.1,140.0,60.0
2020-10-11,35.1,9.4,16.6,85.0,1012.6,30.2,39.0,99.0
2020-10-12,0.9,9.3,17.6,59.0,1011.9,13.2,32.0,66.0
2020-10-13,0.0,7.6,16.6,56.0,1009.4,8.4,287.0,1.0
2020-10-14,0.1,6.4,15.3,69.0,1009.2,7.5,18.0,34.0
2020-10-15,36.3,10.0,11.4,83.0,1006.2,31.7,41.0,98.0
2020-10-16,3.3,9.9,15.9,68.0,1011.5,12.5,38.0,87.0
2020-10-17,2.6,9.6,16.7,84.0,1015.2,7.0,40.0,63.0
2020-10-18,4.1,9.4,15.2,85.0,1020.3,5.8,39.0,27.0
2020-10-19,0.1,8.6,15.9,87.0,1024.0,7.2,359.0,34.0
2020-10-20,0.0,8.9,15.3,92.0,1024.8,5.3,212.0,85.0
2020-10-21,0.0,8.9,15.6,89.0,1023.8,6.5,231.0,52.0
2020-10-22,0.0,8.8,15.8,89.0,1023.7,4.8,294.0,61.0
2020-10-23,2.5,11.4,16.6,92.0,1020.7,5.7,51.0,91.0
2020-10-24,3.8,11.6,17.5,92.0,1016.2,5.7,13.0,76.0
2020-10-25,0.2,12.1,18.3,88.0,1014.5,8.4,251.0,35.0
2020-10-26,0.1,12.2,18.7,80.0,1008.8,15.8,171.0,64.0
2020-10-27,11.5,11.7,16.8,86.0,1008.3,7.3,239.0,59.0
2020-10-28,0.0,8.0,16.1,84.0,1016.8,7.2,287.0,41.0
2020-10-29,0.0,8.2,16.3,86.0,1018.8,4.3,343.0,77.0
2020-10-30,0.0,8.0,15.7,88.0,1023.3,3.7,314.0,65.0
2020-10-31,0.0,7.9,15.5,91.0,1023.6,4.3,258.0,61.0
2020-11-01,0.0,8.8,14.1,94.0,1022.2,4.6,292.0,83.0
2020-11-02,0.1,10.3,14.4,92.0,1023.1,5.2,22.0,92.0
2020-11-03,0.3,11.1,15.3,89.0,1023.6,4.0,63.0,87.0
2020-11-04,0.2,9.9,16.6,87.0,1023.2,7.2,48.0,79.0
2020-11-05,0.0,12.5,17.8,69.0,1029.3,12.7,48.0,34.0
2020-11-06,0.0,9.7,16.6,63.0,1031.8,10.4,36.0,4.0
2020-11-07,0.0,7.7,16.9,78.0,1029.8,7.1,350.0,0.0
2020-11-08,0.0,6.5,14.1,90.0,1026.6,4.9,300.0,34.0
2020-11-09,0.0,6.5,15.1,89.0,1024.4,4.4,341.0,48.0
2020-11-10,0.0,6.5,15.1,76.0,1025.4,8.6,38.0,65.0
2020-11-11,0.4,6.3,13.4,74.0,1026.2,11.6,39.0,42.0
2020-11-12,0.2,6.7,12.7,76.0,1025.2,7.1,28.0,52.0
2020-11-13,0.0,5.3,13.0,85.0,1025.8,5.0,317.0,23.0
2020-11-14,0.0,7.6,13.5,85.0,1025.9,5.1,2.0,82.0
2020-11-15,0.0,6.2,13.3,85.0,1023.1,5.1,304.0,37.0
2020-11-16,10.0,8.9,13.5,86.0,1018.2,9.5,22.0,81.0
2020-11-17,0.0,7.3,15.1,76.0,1026.6,9.4,2.0,21.0
2020-11-18,0.0,5.8,14.8,75.0,1029.5,7.6,342.0,7.0
2020-11-19,0.0,4.1,11.9,89.0,1023.7,3.6,309.0,15.0
2020-11-20,1.0,7.2,13.5,64.0,1023.2,15.8,49.0,53.0
2020-11-21,0.0,5.0,10.5,43.0,1033.0,17.7,54.0,2.0
2020-11-22,0.0,2.2,8.9,56.0,1032.0,8.9,4.0,35.0
2020-11-23,0.0,0.8,8.6,72.0,1028.9,4.8,350.0,60.0
2020-11-24,0.0,3.4,11.7,64.0,1027.7,10.7,26.0,16.0
2020-11-25,0.0,1.9,10.6,72.0,1024.8,7.1,358.0,1.0
2020-11-26,0.0,3.3,10.6,75.0,1024.9,6.5,326.0,55.0
2020-11-27,0.0,2.0,9.0,80.0,1023.4,5.0,331.0,44.0
2020-11-28,0.0,3.9,10.0,70.0,1019.6,9.6,8.0,79.0
2020-11-29,0.0,4.1,10.1,67.0,1018.4,15.8,45.0,49.0
2020-11-30,0.0,2.9,8.8,63.0,1023.8,13.2,35.0,7.0
2020-12-01,0.0,1.5,6.9,64.0,1018.4,15.2,37.0,62.0
2020-12-02,15.2,1.8,4.1,77.0,1012.8,32.9,48.0,100.0
2020-12-03,6.5,1.6,6.3,90.0,1007.9,11.5,342.0,89.0
2020-12-04,5.4,2.2,13.1,86.0,1002.6,14.1,67.0,88.0
2020-12-05,25.9,10.4,15.0,84.0,999.7,29.7,155.0,99.0
2020-12-06,34.0,8.5,15.0,93.0,998.6,17.0,76.0,100.0
2020-12-07,3.3,5.5,10.1,90.0,1003.8,11.3,36.0,50.0
2020-12-08,28.8,5.1,6.8,88.0,1003.2,29.1,38.0,93.0
2020-12-09,16.7,6.0,8.9,84.0,1001.4,28.1,48.0,93.0
2020-12-10,2.1,3.8,9.3,85.0,1005.3,10.4,24.0,64.0
2020-12-11,0.1,4.1,8.8,84.0,1005.8,8.8,17.0,76.0
2020-12-12,0.2,3.9,9.2,84.0,1002.2,7.4,341.0,90.0
2020-12-13,0.0,0.4,10.7,85.0,1010.2,6.3,322.0,19.0
2020-12-14,0.0,1.4,10.7,85.0,1018.2,6.0,341.0,51.0
2020-12-15,0.0,1.4,7.7,86.0,1020.2,5.0,338.0,83.0
2020-12-16,0.5,2.1,8.2,88.0,1023.3,4.9,310.0,68.0
2020-12-17,0.0,3.1,9.4,86.0,1026.2,4.6,348.0,78.0
2020-12-18,0.0,3.5,11.7,77.0,1027.7,6.7,343.0,74.0
2020-12-19,0.0,5.0,10.0,85.0,1026.3,5.1,334.0,71.0
2020-12-20,0.3,5.3,10.1,88.0,1025.6,6.4,355.0,89.0
2020-12-21,0.0,5.1,9.8,89.0,1026.7,5.5,289.0,84.0
2020-12-22,0.1,6.3,9.3,93.0,1025.5,3.8,262.0,96.0
2020-12-23,0.5,7.0,9.0,92.0,1024.6,3.9,35.0,97.0
2020-12-24,1.3,6.2,8.5,95.0,1014.8,5.7,15.0,99.0
2020-12-25,14.2,4.2,8.8,91.0,1009.8,18.5,38.0,95.0
2020-12-26,0.0,2.7,9.3,58.0,1017.3,16.7,52.0,38.0
2020-12-27,0.0,-0.5,5.6,57.0,1011.8,14.7,22.0,16.0
2020-12-28,16.6,-1.5,9.3,85.0,991.6,19.2,171.0,91.0
2020-12-29,2.2,0.7,6.6,88.0,997.1,12.0,9.0,97.0
2020-12-30,2.8,1.0,8.3,92.0,1003.9,6.0,324.0,90.0
2020-12-31,1.8,1.6,8.9,86.0,1009.5,7.9,309.0,57.0
2021-01-01,5.2,2.3,6.9,87.0,1010.7,13.8,30.0,95.0
2021-01-02,41.6,5.7,7.2,92.0,1008.1,24.1,36.0,97.0
2021-01-03,3.9,5.0,10.0,88.0,1009.1,14.6,41.0,43.0
2021-01-04,4.9,4.2,6.9,91.0,1010.9,11.3,31.0,89.0
2021-01-05,20.5,3.0,6.9,89.0,1009.6,14.1,35.0,89.0
2021-01-06,1.6,1.1,7.6,87.0,1009.7,10.3,1.0,86.0
2021-01-07,0.0,1.6,6.1,93.0,1014.6,5.1,307.0,74.0
2021-01-08,0.0,-0.2,7.7,68.0,1013.8,10.2,14.0,35.0
2021-01-09,0.0,0.3,5.6,53.0,1018.2,18.4,33.0,76.0
2021-01-10,0.0,1.9,5.2,46.0,1018.7,25.2,44.0,75.0
2021-01-11,0.0,-1.5,5.5,54.0,1019.4,14.5,21.0,10.0
2021-01-12,0.0,-4.2,2.7,74.0,1016.7,6.8,335.0,45.0
2021-01-13,0.0,-3.4,7.2,69.0,1014.2,6.1,357.0,1.0
2021-01-14,0.0,-2.9,8.2,65.0,1011.8,9.6,34.0,22.0
2021-01-15,0.0,1.5,6.0,54.0,1018.0,14.1,45.0,73.0
2021-01-16,0.0,-2.7,6.3,66.0,1021.8,9.0,332.0,18.0
2021-01-17,0.0,-1.2,4.7,70.0,1017.3,8.5,17.0,93.0
2021-01-18,0.0,-1.4,5.4,75.0,1023.7,9.5,28.0,11.0
2021-01-19,0.0,-3.9,2.3,87.0,1025.1,4.6,301.0,63.0
2021-01-20,0.0,-0.4,3.6,72.0,1022.0,6.2,11.0,88.0
2021-01-21,1.2,-0.7,6.9,89.0,1016.2,5.1,21.0,87.0
2021-01-22,19.0,4.0,10.2,96.0,1004.8,11.4,69.0,96.0
2021-01-23,6.5,3.1,11.0,87.0,995.2,18.1,154.0,93.0
2021-01-24,0.0,0.3,8.4,89.0,997.7,9.1,2.0,62.0
2021-01-25,0.4,-1.0,7.2,79.0,1001.9,12.0,9.0,89.0
2021-01-26,0.0,-1.3,8.6,78.0,1013.8,6.7,345.0,21.0
2021-01-27,0.0,-3.0,5.6,66.0,1017.2,5.9,328.0,55.0
2021-01-28,0.0,-3.1,4.1,70.0,1013.9,4.2,328.0,56.0
2021-01-29,0.1,-1.8,6.4,75.0,1006.6,7.0,359.0,70.0
2021-01-30,0.6,-3.1,6.0,85.0,1002.3,6.5,26.0,63.0
2021-01-31,12.9,2.9,7.9,82.0,997.7,22.5,46.0,83.0
2021-02-01,0.0,1.4,7.7,75.0,1000.9,8.3,37.0,65.0
2021-02-02,0.1,0.1,9.4,88.0,1011.0,5.3,291.0,37.0
2021-02-03,1.1,2.5,7.5,90.0,1014.7,3.7,359.0,86.0
2021-02-04,0.6,4.3,8.1,94.0,1016.9,3.8,276.0,96.0
2021-02-05,0.2,4.8,10.2,95.0,1018.2,4.5,131.0,92.0
2021-02-06,0.1,6.5,10.4,97.0,1014.5,3.5,118.0,99.0
2021-02-07,8.6,6.7,11.2,97.0,1001.1,10.5,67.0,91.0
2021-02-08,3.4,5.6,11.7,87.0,994.1,7.8,207.0,58.0
2021-02-09,2.1,6.4,10.9,89.0,999.4,9.5,11.0,83.0
2021-02-10,12.3,7.4,11.0,93.0,999.7,8.0,34.0,97.0
2021-02-11,2.2,3.4,8.6,77.0,1012.1,17.6,74.0,53.0
2021-02-12,0.0,0.0,3.6,43.0,1026.2,22.3,64.0,82.0
2021-02-13,0.0,-2.1,2.7,35.0,1030.9,26.8,59.0,36.0
2021-02-14,0.0,-4.3,6.3,46.0,1037.4,8.7,341.0,1.0
2021-02-15,0.0,-2.7,5.1,60.0,1037.8,6.6,46.0,26.0
2021-02-16,0.0,-1.7,5.2,72.0,1028.3,5.4,66.0,53.0
2021-02-17,0.0,1.4,7.7,73.0,1022.7,6.2,56.0,41.0
2021-02-18,0.0,-0.5,8.5,86.0,1024.0,5.8,72.0,40.0
2021-02-19,0.0,5.5,9.4,85.0,1024.4,4.9,100.0,98.0
2021-02-20,0.0,6.2,10.2,86.0,1026.0,5.5,98.0,72.0
2021-02-21,0.0,5.6,10.9,88.0,1027.6,5.8,94.0,47.0
2021-02-22,0.0,5.0,11.0,91.0,1031.1,5.9,144.0,59.0
2021-02-23,0.0,4.4,9.7,97.0,1035.8,3.5,230.0,84.0
2021-02-24,0.0,4.3,19.0,84.0,1035.1,5.7,299.0,39.0
2021-02-25,0.0,5.4,16.8,69.0,1031.6,6.2,347.0,0.0
2021-02-26,0.0,2.8,15.9,83.0,1027.9,5.6,10.0,1.0
2021-02-27,0.0,4.6,15.0,70.0,1026.2,18.6,80.0,37.0
2021-02-28,0.0,5.1,11.4,61.0,1032.9,14.1,63.0,0.0
2021-03-01,0.0,2.8,14.5,62.0,1031.3,7.3,7.0,0.0
2021-03-02,0.0,4.6,12.9,67.0,1034.0,10.6,44.0,0.0
2021-03-03,0.0,1.2,13.2,82.0,1031.6,6.1,206.0,13.0
2021-03-04,0.0,2.5,11.1,87.0,1023.4,5.6,135.0,78.0
2021-03-05,1.1,4.4,12.5,89.0,1017.4,5.9,83.0,65.0
2021-03-06,3.5,4.1,9.4,60.0,1028.6,19.3,71.0,30.0
2021-03-07,0.0,1.7,8.2,61.0,1025.6,9.0,84.0,17.0
2021-03-08,0.0,0.5,9.2,79.0,1018.3,6.5,108.0,4.0
2021-03-09,0.0,3.5,11.0,66.0,1016.1,12.4,47.0,35.0
2021-03-10,0.0,3.2,10.7,57.0,1018.1,10.8,79.0,18.0
2021-03-11,0.0,3.3,11.1,77.0,1018.9,7.6,101.0,82.0
2021-03-12,0.2,6.7,11.9,90.0,1013.1,5.9,91.0,83.0
2021-03-13,0.0,5.9,11.6,91.0,1012.9,8.5,80.0,71.0
2021-03-14,2.3,4.0,10.9,82.0,1007.6,12.6,36.0,56.0
2021-03-15,0.0,1.4,10.1,78.0,1010.6,9.7,161.0,43.0
2021-03-16,0.0,2.1,14.9,53.0,1013.9,11.1,350.0,20.0
2021-03-17,0.0,2.6,12.0,63.0,1016.9,9.3,56.0,45.0
2021-03-18,0.0,2.8,9.5,62.0,1018.2,7.4,68.0,30.0
2021-03-19,0.0,1.7,8.9,67.0,1016.6,8.7,42.0,48.0
2021-03-20,0.0,1.6,9.6,57.0,1018.8,16.0,54.0,31.0
2021-03-21,0.0,1.5,9.1,44.0,1016.7,13.2,43.0,20.0
2021-03-22,0.0,-0.0,12.3,56.0,1013.4,8.4,359.0,25.0
2021-03-23,0.0,4.7,12.1,64.0,1022.1,8.7,175.0,21.0
2021-03-24,0.0,2.0,12.0,72.0,1023.1,7.7,136.0,0.0
2021-03-25,0.0,3.5,12.2,78.0,1022.4,8.0,103.0,28.0
2021-03-26,0.0,3.9,13.4,76.0,1023.9,7.0,115.0,13.0
2021-03-27,0.0,7.9,14.5,88.0,1024.4,10.2,104.0,74.0
2021-03-28,0.7,9.0,15.0,91.0,1030.2,10.0,67.0,60.0
2021-03-29,0.0,8.8,15.1,87.0,1032.9,7.0,120.0,57.0
2021-03-30,0.0,5.8,18.3,87.0,1030.9,6.1,210.0,31.0
2021-03-31,0.0,7.6,19.8,78.0,1025.3,6.8,172.0,1.0
2021-04-01,0.0,8.1,18.3,80.0,1018.1,6.7,111.0,23.0
2021-04-02,0.0,9.8,18.4,79.0,1012.7,8.0,79.0,16.0
2021-04-03,7.1,12.2,16.6,67.0,1012.8,21.0,84.0,58.0
2021-04-04,0.0,7.7,12.8,55.0,1019.0,12.2,97.0,43.0
2021-04-05,0.0,5.7,13.7,63.0,1013.5,14.2,182.0,36.0
2021-04-06,4.5,3.2,10.3,73.0,1005.6,19.8,65.0,77.0
2021-04-07,0.0,0.6,10.9,54.0,1014.3,6.9,315.0,53.0
2021-04-08,0.0,-1.1,11.8,55.0,1024.0,9.5,147.0,7.0
2021-04-09,0.0,4.6,12.7,70.0,1025.9,14.3,113.0,39.0
2021-04-10,0.2,6.2,14.2,76.0,1022.3,10.6,171.0,79.0
2021-04-11,19.4,9.7,11.8,93.0,1019.4,8.2,61.0,95.0
2021-04-12,37.4,8.1,13.2,95.0,1016.5,14.0,80.0,99.0
2021-04-13,25.0,4.9,10.0,82.0,1019.9,15.6,28.0,93.0
2021-04-14,0.2,4.3,12.2,65.0,1023.3,10.8,230.0,6.0
2021-04-15,0.0,3.8,11.1,67.0,1022.8,8.9,74.0,42.0
2021-04-16,0.0,4.0,12.4,66.0,1020.5,9.9,44.0,3.0
2021-04-17,0.0,4.3,13.4,61.0,1017.1,11.0,52.0,62.0
2021-04-18,0.1,7.0,13.2,67.0,1016.7,9.4,63.0,75.0
2021-04-19,0.2,7.1,14.9,73.0,1016.1,7.0,312.0,81.0
2021-04-20,0.0,5.5,14.8,85.0,1015.3,6.2,117.0,43.0
2021-04-21,0.7,8.2,14.9,84.0,1017.5,8.8,75.0,28.0
2021-04-22,0.3,8.9,15.2,86.0,1019.4,10.3,104.0,28.0
2021-04-23,0.0,9.4,16.7,82.0,1022.5,6.7,117.0,19.0
2021-04-24,0.0,8.9,16.9,75.0,1022.2,9.2,150.0,15.0
2021-04-25,0.0,9.4,18.3,69.0,1017.2,7.5,150.0,26.0
2021-04-26,0.0,12.0,15.8,63.0,1014.9,14.7,60.0,97.0
2021-04-27,0.8,10.5,14.6,75.0,1010.0,11.1,60.0,81.0
2021-04-28,0.0,9.4,16.5,72.0,1009.0,11.1,90.0,66.0
2021-04-29,5.5,11.5,16.5,90.0,1009.7,9.0,134.0,86.0
2021-04-30,5.4,11.3,17.8,90.0,1011.0,7.7,117.0,75.0
2021-05-01,10.8,13.1,18.3,89.0,1008.5,11.8,106.0,59.0
2021-05-02,2.8,11.8,20.4,73.0,1008.1,21.2,221.0,43.0
2021-05-03,0.9,10.5,16.0,65.0,1019.7,14.3,72.0,29.0
2021-05-04,0.0,8.7,16.3,80.0,1016.1,10.4,130.0,27.0
2021-05-05,0.2,10.2,19.4,72.0,1007.7,13.9,228.0,35.0
2021-05-06,0.9,10.8,15.6,74.0,1011.4,18.5,51.0,81.0
2021-05-07,1.0,11.1,22.3,78.0,1008.8,10.8,45.0,61.0
2021-05-08,0.0,12.4,16.9,61.0,1020.0,15.7,82.0,47.0
2021-05-09,0.0,9.4,18.4,66.0,1019.8,6.9,123.0,28.0
2021-05-10,0.0,12.6,19.0,73.0,1017.0,8.9,83.0,39.0
2021-05-11,8.5,14.2,18.5,82.0,1012.1,10.6,61.0,77.0
2021-05-12,8.0,13.6,17.8,86.0,1007.2,10.5,303.0,95.0
2021-05-13,9.2,13.1,17.6,87.0,1005.3,7.3,169.0,93.0
2021-05-14,8.0,12.2,17.9,88.0,1008.1,6.9,87.0,75.0
2021-05-15,1.5,11.9,18.8,79.0,1009.8,8.9,209.0,81.0
2021-05-16,1.0,11.4,18.7,77.0,1007.1,10.9,194.0,72.0
2021-05-17,6.5,13.5,19.5,74.0,1005.7,15.5,140.0,45.0
2021-05-18,1.7,12.0,19.6,77.0,1011.7,11.4,69.0,32.0
2021-05-19,9.5,11.2,16.5,76.0,1012.7,13.9,42.0,71.0
2021-05-20,0.0,9.6,19.3,79.0,1017.5,7.7,120.0,11.0
2021-05-21,0.0,12.9,19.2,77.0,1017.1,10.9,120.0,84.0
2021-05-22,1.7,15.3,19.9,66.0,1012.3,17.6,184.0,92.0
2021-05-23,3.7,13.6,23.0,75.0,1014.4,13.9,59.0,79.0
2021-05-24,36.9,12.6,14.9,86.0,1016.8,18.8,46.0,99.0
2021-05-25,0.0,12.7,21.7,74.0,1015.9,14.3,235.0,34.0
2021-05-26,0.0,11.4,18.9,69.0,1018.6,13.5,74.0,20.0
2021-05-27,1.8,12.6,19.9,80.0,1015.3,8.7,67.0,52.0
2021-05-28,0.0,12.6,19.7,69.0,1018.9,9.8,81.0,12.0
2021-05-29,0.5,13.0,21.0,68.0,1018.0,7.0,68.0,61.0
2021-05-30,0.0,13.9,20.0,63.0,1020.0,11.0,69.0,40.0
2021-05-31,0.0,14.7,19.5,62.0,1019.8,9.3,84.0,49.0
2021-06-01,0.0,13.0,20.3,70.0,1017.7,8.1,132.0,33.0
2021-06-02,0.0,14.0,21.2,74.0,1019.3,9.4,106.0,11.0
2021-06-03,0.0,14.5,22.2,77.0,1022.4,8.0,108.0,17.0
2021-06-04,0.0,16.6,24.1,76.0,1022.4,8.9,129.0,47.0
2021-06-05,0.0,17.7,24.7,76.0,1019.2,9.3,119.0,23.0
2021-06-06,1.2,17.8,23.1,82.0,1016.9,9.1,66.0,48.0
2021-06-07,1.4,17.8,24.9,77.0,1016.9,10.1,41.0,68.0
2021-06-08,1.7,18.7,27.0,71.0,1016.9,6.3,37.0,91.0
2021-06-09,0.0,19.7,28.4,62.0,1016.5,8.8,24.0,80.0
2021-06-10,0.1,19.5,27.2,61.0,1017.0,8.5,30.0,56.0
2021-06-11,0.6,18.8,26.1,68.0,1016.6,6.9,6.0,64.0
2021-06-12,0.0,17.3,26.1,74.0,1017.2,9.2,155.0,62.0
2021-06-13,0.0,19.8,26.7,76.0,1016.8,9.5,97.0,30.0
2021-06-14,0.0,20.3,23.5,65.0,1018.9,14.3,104.0,25.0
2021-06-15,0.0,20.5,24.5,60.0,1018.7,10.6,142.0,24.0
2021-06-16,0.0,18.0,27.0,70.0,1016.3,7.0,159.0,41.0
2021-06-17,0.0,20.0,27.7,70.0,1016.3,8.6,139.0,12.0
2021-06-18,1.8,20.6,25.8,77.0,1016.9,8.3,140.0,39.0
2021-06-19,0.0,20.4,27.4,79.0,1014.9,7.8,141.0,58.0
2021-06-20,0.0,21.1,27.7,79.0,1011.5,6.5,141.0,80.0
2021-06-21,0.0,21.7,28.3,78.0,1008.3,11.1,114.0,10.0
2021-06-22,0.0,20.9,29.2,74.0,1009.7,9.7,147.0,7.0
2021-06-23,0.0,22.3,28.3,81.0,1013.7,8.4,97.0,22.0
2021-06-24,0.0,21.4,28.8,78.0,1014.7,7.8,136.0,27.0
2021-06-25,0.0,21.2,28.5,54.0,1013.9,13.1,215.0,33.0
2021-06-26,0.0,21.1,27.8,60.0,1015.2,11.1,96.0,24.0
2021-06-27,0.0,21.6,29.2,62.0,1014.8,8.9,115.0,46.0
2021-06-28,0.0,20.2,28.2,70.0,1014.5,8.2,121.0,34.0
2021-06-29,0.0,22.0,28.9,71.0,1011.1,11.5,44.0,29.0
2021-06-30,2.7,20.7,29.1,60.0,1008.9,11.1,245.0,28.0
2021-07-01,0.3,18.9,29.5,55.0,1011.4,11.5,53.0,28.0
2021-07-02,0.1,20.1,27.8,57.0,1013.9,11.0,81.0,47.0
2021-07-03,0.5,20.5,27.1,65.0,1014.3,10.5,83.0,78.0
2021-07-04,40.7,19.9,24.4,85.0,1010.9,5.4,107.0,89.0
2021-07-05,0.3,17.9,26.6,75.0,1010.8,8.6,176.0,31.0
2021-07-06,0.0,18.7,27.4,70.0,1012.9,7.2,122.0,9.0
2021-07-07,0.0,21.1,27.8,79.0,1013.3,9.0,86.0,3.0
2021-07-08,5.2,22.0,28.6,76.0,1014.7,11.2,69.0,51.0
2021-07-09,0.2,18.6,27.3,72.0,1015.8,9.0,260.0,7.0
2021-07-10,0.0,20.1,27.9,68.0,1015.3,7.5,45.0,8.0
2021-07-11,0.0,22.2,29.1,61.0,1012.0,7.1,16.0,27.0
2021-07-12,0.6,21.8,27.9,71.0,1012.3,11.8,84.0,18.0
2021-07-13,17.3,19.4,27.7,84.0,1008.0,16.2,78.0,50.0
2021-07-14,3.9,17.4,25.3,73.0,1010.3,9.0,336.0,37.0
2021-07-15,0.0,17.6,24.9,68.0,1012.8,6.1,14.0,78.0
2021-07-16,2.7,19.3,25.2,77.0,1013.0,7.9,5.0,92.0
2021-07-17,0.5,20.2,25.8,71.0,1011.1,11.0,325.0,98.0
2021-07-18,0.0,20.1,31.6,70.0,1009.7,10.1,26.0,64.0
2021-07-19,0.0,20.6,30.6,67.0,1011.3,6.8,232.0,21.0
2021-07-20,0.0,21.0,28.2,70.0,1013.7,6.6,116.0,22.0
2021-07-21,0.0,21.5,27.6,69.0,1017.3,10.0,84.0,35.0
2021-07-22,0.0,22.3,27.2,67.0,1017.9,8.7,73.0,67.0
2021-07-23,0.8,20.9,28.7,70.0,1015.0,8.4,80.0,25.0
2021-07-24,0.0,22.2,27.9,73.0,1012.5,8.5,109.0,66.0
2021-07-25,0.0,22.8,29.0,73.0,1010.0,17.6,57.0,58.0
2021-07-26,1.1,23.1,28.7,71.0,1011.8,10.5,46.0,68.0
2021-07-27,0.7,21.2,27.6,79.0,1015.3,10.4,49.0,85.0
2021-07-28,0.2,19.9,28.1,74.0,1013.8,7.7,43.0,37.0
2021-07-29,0.0,20.1,29.2,79.0,1012.9,7.1,115.0,5.0
2021-07-30,0.0,21.6,29.0,78.0,1011.0,9.4,120.0,13.0
2021-07-31,0.1,21.6,30.1,68.0,1008.5,8.5,56.0,31.0
2021-08-01,1.3,21.3,29.2,62.0,1005.0,14.0,266.0,48.0
2021-08-02,0.4,18.1,25.9,69.0,1011.8,10.5,43.0,33.0
2021-08-03,0.2,18.3,27.1,69.0,1014.2,8.3,44.0,58.0
2021-08-04,1.8,20.2,27.3,75.0,1011.9,10.0,34.0,85.0
2021-08-05,7.5,18.1,28.0,72.0,1005.9,10.5,358.0,56.0
2021-08-06,0.3,19.1,26.1,76.0,1007.2,10.0,63.0,20.0
2021-08-07,0.1,20.4,27.5,79.0,1008.3,14.8,60.0,30.0
2021-08-08,2.0,20.9,29.7,74.0,1009.8,12.9,52.0,49.0
2021-08-09,0.0,20.2,28.4,69.0,1015.9,10.6,76.0,4.0
2021-08-10,0.0,20.5,29.8,63.0,1017.0,5.9,46.0,41.0
2021-08-11,0.0,20.7,32.0,62.0,1016.1,6.4,0.0,7.0
2021-08-12,0.0,23.8,30.7,60.0,1018.6,9.6,82.0,6.0
2021-08-13,0.0,22.0,32.4,68.0,1019.8,6.7,173.0,55.0
2021-08-14,0.0,23.6,32.1,72.0,1018.9,7.4,154.0,12.0
2021-08-15,0.0,23.3,31.9,69.0,1014.3,8.3,124.0,12.0
2021-08-16,3.1,21.5,31.2,69.0,1009.2,12.5,41.0,45.0
2021-08-17,2.5,18.3,27.6,55.0,1011.7,15.1,63.0,26.0
2021-08-18,0.0,19.5,26.5,51.0,1014.7,14.4,61.0,20.0
2021-08-19,0.0,19.7,27.0,47.0,1014.8,10.2,57.0,4.0
2021-08-20,0.0,19.5,27.6,56.0,1015.2,9.0,72.0,24.0
2021-08-21,0.0,20.1,29.1,63.0,1017.4,7.8,121.0,13.0
2021-08-22,0.0,19.9,28.4,69.0,1015.9,8.6,113.0,64.0
2021-08-23,0.0,20.8,25.4,59.0,1014.6,20.9,57.0,43.0
2021-08-24,0.0,17.7,27.9,53.0,1015.5,12.1,43.0,32.0
2021-08-25,0.0,20.1,24.8,54.0,1015.6,14.0,80.0,37.0
2021-08-26,0.4,17.5,24.7,65.0,1010.3,12.3,103.0,18.0
2021-08-27,6.7,16.2,22.2,69.0,1010.8,13.2,54.0,49.0
2021-08-28,0.0,17.6,23.9,54.0,1012.3,13.9,35.0,54.0
2021-08-29,0.7,15.2,23.4,60.0,1012.9,9.3,69.0,42.0
2021-08-30,1.9,16.1,24.2,72.0,1013.3,10.5,51.0,48.0
2021-08-31,1.1,16.4,23.8,82.0,1016.5,8.1,51.0,35.0
2021-09-01,0.0,16.9,24.9,68.0,1020.3,7.3,76.0,3.0
2021-09-02,0.0,17.5,24.1,63.0,1023.3,8.8,85.0,11.0
2021-09-03,0.0,17.3,24.4,65.0,1019.9,9.3,70.0,35.0
2021-09-04,0.0,16.2,25.7,68.0,1015.8,6.7,309.0,54.0
2021-09-05,0.0,18.4,26.6,57.0,1018.0,9.7,49.0,10.0
2021-09-06,0.0,18.2,26.8,49.0,1021.7,10.3,45.0,4.0
2021-09-07,0.0,17.9,26.4,52.0,1021.9,9.0,46.0,50.0
2021-09-08,0.0,18.3,26.3,46.0,1020.0,12.4,54.0,2.0
2021-09-09,0.0,16.8,25.6,53.0,1017.4,10.2,58.0,1.0
2021-09-10,0.0,15.4,24.8,65.0,1016.9,8.0,131.0,14.0
2021-09-11,0.0,15.9,24.7,75.0,1016.7,7.1,152.0,40.0
2021-09-12,0.0,16.6,27.2,67.0,1015.6,6.7,221.0,9.0
2021-09-13,0.0,17.4,27.5,64.0,1015.7,8.0,132.0,32.0
2021-09-14,0.0,17.3,26.8,69.0,1016.5,8.2,144.0,55.0
2021-09-15,0.0,18.3,26.3,73.0,1016.2,8.6,160.0,75.0
2021-09-16,5.6,19.0,23.7,86.0,1015.0,6.6,236.0,95.0
2021-09-17,16.4,18.7,24.6,84.0,1011.3,5.8,35.0,73.0
2021-09-18,0.2,18.0,23.8,76.0,1013.0,10.1,66.0,56.0
2021-09-19,13.2,16.6,22.6,83.0,1011.2,9.3,50.0,83.0
2021-09-20,0.4,15.1,22.5,77.0,1013.7,12.4,55.0,45.0
2021-09-21,0.0,15.4,21.5,58.0,1022.7,13.2,55.0,36.0
2021-09-22,0.0,16.3,20.4,71.0,1023.6,10.2,75.0,58.0
2021-09-23,0.0,15.0,21.4,69.0,1022.6,10.5,161.0,56.0
2021-09-24,0.0,13.1,21.2,76.0,1018.7,7.8,125.0,10.0
2021-09-25,0.0,15.3,22.5,83.0,1020.9,9.6,79.0,22.0
2021-09-26,7.2,17.6,22.4,92.0,1019.9,8.2,56.0,90.0
2021-09-27,8.7,16.2,22.9,86.0,1017.2,6.4,295.0,57.0
2021-09-28,0.0,16.1,26.0,82.0,1019.0,6.4,271.0,45.0
2021-09-29,0.0,17.1,24.8,78.0,1017.6,7.6,26.0,68.0
2021-09-30,0.4,17.3,23.0,59.0,1023.1,19.6,63.0,41.0
2021-10-01,0.0,13.9,20.7,58.0,1023.8,8.8,56.0,8.0
2021-10-02,0.0,13.1,20.6,72.0,1019.9,8.1,67.0,45.0
2021-10-03,0.2,15.1,22.0,82.0,1018.0,10.0,62.0,44.0
2021-10-04,7.0,17.5,23.2,88.0,1017.9,11.9,49.0,73.0
2021-10-05,7.6,18.5,21.8,76.0,1013.6,12.5,183.0,84.0
2021-10-06,10.5,14.9,18.4,78.0,1013.4,15.1,47.0,86.0
2021-10-07,2.8,13.5,18.5,67.0,1016.2,13.5,34.0,99.0
2021-10-08,3.8,13.0,18.8,69.0,1020.5,18.2,50.0,89.0
2021-10-09,0.0,12.3,18.7,52.0,1023.4,20.5,62.0,2.0
2021-10-10,0.0,8.8,16.3,56.0,1022.0,11.2,41.0,20.0
2021-10-11,0.0,11.2,17.1,65.0,1019.7,7.5,285.0,58.0
2021-10-12,4.1,9.3,16.2,78.0,1017.3,7.5,6.0,91.0
2021-10-13,0.0,8.5,17.2,73.0,1017.9,9.6,42.0,40.0
2021-10-14,0.1,7.5,15.4,69.0,1024.5,7.7,357.0,11.0
2021-10-15,0.0,7.7,15.9,69.0,1019.8,7.0,353.0,33.0
2021-10-16,0.0,8.1,18.8,67.0,1018.5,8.3,25.0,51.0
2021-10-17,0.0,10.2,17.5,67.0,1020.6,9.5,21.0,3.0
2021-10-18,0.0,7.9,17.6,77.0,1024.2,5.4,357.0,44.0
2021-10-19,0.0,8.1,16.6,78.0,1027.7,6.2,63.0,80.0
2021-10-20,0.0,8.8,15.8,88.0,1024.6,5.8,164.0,80.0
2021-10-21,0.5,12.6,16.8,84.0,1014.8,8.2,310.0,93.0
2021-10-22,0.0,11.2,17.7,92.0,1015.5,5.6,21.0,64.0
2021-10-23,0.0,11.2,19.5,80.0,1022.6,13.4,48.0,33.0
2021-10-24,0.0,9.7,16.7,59.0,1028.5,15.9,51.0,18.0
2021-10-25,0.1,8.4,14.7,59.0,1024.8,11.6,30.0,100.0
2021-10-26,1.4,7.5,15.6,65.0,1022.5,7.1,16.0,73.0
2021-10-27,0.0,8.1,17.6,67.0,1025.7,8.3,15.0,1.0
2021-10-28,0.0,9.0,16.9,69.0,1023.3,9.5,28.0,0.0
2021-10-29,0.0,7.3,15.3,79.0,1019.6,8.5,37.0,25.0
2021-10-30,0.0,7.1,15.8,79.0,1018.8,7.5,37.0,59.0
2021-10-31,0.0,7.9,15.0,81.0,1018.1,5.0,337.0,68.0
2021-11-01,23.4,7.9,15.9,93.0,1007.4,14.5,71.0,80.0
2021-11-02,0.0,8.5,14.9,86.0,1002.1,10.3,270.0,48.0
2021-11-03,7.7,8.9,15.6,88.0,1004.1,16.1,40.0,92.0
2021-11-04,23.9,9.1,15.6,79.0,1004.0,14.0,210.0,58.0
2021-11-05,0.0,7.7,16.4,71.0,1017.9,14.0,31.0,64.0
2021-11-06,0.0,9.8,14.8,51.0,1025.5,20.3,41.0,15.0
2021-11-07,0.1,7.1,12.2,65.0,1020.5,9.5,354.0,82.0
2021-11-08,5.3,7.1,12.6,77.0,1017.5,18.5,44.0,77.0
2021-11-09,0.0,9.2,13.9,60.0,1025.1,21.4,46.0,43.0
2021-11-10,0.0,8.7,14.7,64.0,1027.1,11.0,27.0,81.0
2021-11-11,0.0,8.3,16.1,76.0,1023.8,6.8,339.0,89.0
2021-11-12,0.0,7.6,15.1,90.0,1019.7,6.1,37.0,69.0
2021-11-13,4.5,8.6,12.7,93.0,1017.8,4.8,294.0,100.0
2021-11-14,22.6,10.2,14.5,88.0,1016.2,17.1,49.0,98.0
2021-11-15,0.0,11.5,14.9,63.0,1020.4,25.4,58.0,95.0
2021-11-16,1.0,10.2,12.9,68.0,1020.3,19.4,49.0,100.0
2021-11-17,1.6,10.0,14.3,74.0,1018.9,8.5,31.0,92.0
2021-11-18,0.0,8.6,15.0,77.0,1025.5,10.2,33.0,50.0
2021-11-19,0.0,5.8,13.5,82.0,1028.6,7.8,303.0,59.0
2021-11-20,0.0,5.6,10.9,93.0,1024.5,5.6,284.0,66.0
2021-11-21,0.0,5.0,7.5,88.0,1015.2,4.5,324.0,100.0
2021-11-22,4.8,7.4,12.5,83.0,1013.4,13.4,40.0,100.0
2021-11-23,0.0,7.2,13.2,58.0,1022.2,18.8,62.0,23.0
2021-11-24,0.0,4.4,10.1,63.0,1022.7,12.1,29.0,2.0
2021-11-25,3.4,4.3,8.0,72.0,1013.0,14.4,27.0,85.0
2021-11-26,10.8,4.6,9.9,92.0,997.7,8.5,272.0,87.0
2021-11-27,2.8,5.3,11.5,89.0,993.7,7.6,29.0,79.0
2021-11-28,13.3,4.6,11.2,90.0,992.8,9.8,23.0,89.0
2021-11-29,2.9,3.1,9.2,79.0,1000.2,12.3,14.0,64.0
2021-11-30,0.0,-1.3,7.7,63.0,1014.2,9.3,297.0,47.0
2021-12-01,0.0,-0.6,7.8,70.0,1011.5,6.9,17.0,64.0
2021-12-02,12.2,5.0,7.6,92.0,1000.9,6.5,358.0,100.0
2021-12-03,0.6,3.9,10.2,78.0,1010.0,11.3,36.0,69.0
2021-12-04,0.0,2.2,7.2,69.0,1010.9,8.9,31.0,92.0
2021-12-05,6.6,3.4,7.5,78.0,1003.0,12.4,355.0,96.0
2021-12-06,0.0,3.7,10.6,68.0,1008.6,11.2,17.0,39.0
2021-12-07,0.0,-0.1,7.8,64.0,1013.2,7.7,22.0,30.0
2021-12-08,30.2,0.5,4.5,77.0,1007.0,21.9,31.0,81.0
2021-12-09,2.7,3.6,6.2,90.0,1001.7,11.6,359.0,98.0
2021-12-10,0.0,0.3,6.5,82.0,1003.6,9.9,8.0,81.0
2021-12-11,0.0,0.1,9.0,69.0,1007.6,9.3,4.0,48.0
2021-12-12,0.0,-1.6,9.4,71.0,1021.4,5.2,330.0,26.0
2021-12-13,0.0,0.1,9.4,75.0,1025.3,5.4,359.0,50.0
2021-12-14,0.0,-0.1,9.3,83.0,1026.7,4.3,350.0,43.0
2021-12-15,0.0,1.4,10.9,80.0,1029.3,9.0,31.0,70.0
2021-12-16,0.0,1.5,10.0,82.0,1031.6,7.2,3.0,8.0
2021-12-17,0.0,0.8,8.0,88.0,1031.6,6.0,284.0,36.0
2021-12-18,0.0,1.6,8.9,88.0,1032.6,7.4,289.0,61.0
2021-12-19,0.0,1.6,3.5,96.0,1025.1,5.6,274.0,100.0
2021-12-20,0.0,1.4,10.6,79.0,1018.4,10.9,35.0,53.0
2021-12-21,0.4,3.9,5.9,70.0,1024.0,15.0,30.0,94.0
2021-12-22,0.0,1.5,7.8,73.0,1025.4,11.4,29.0,34.0
2021-12-23,0.0,-1.6,3.7,86.0,1023.3,7.4,298.0,94.0
2021-12-24,0.4,1.4,3.8,87.0,1015.5,5.2,326.0,100.0
2021-12-25,2.0,2.9,5.7,87.0,1009.4,4.4,349.0,100.0
2021-12-26,1.2,1.8,8.4,92.0,1008.3,7.1,353.0,88.0
2021-12-27,0.2,3.3,9.0,82.0,1009.3,5.9,23.0,91.0
2021-12-28,1.0,3.7,9.5,91.0,1008.7,6.4,261.0,92.0
2021-12-29,0.1,4.7,9.2,93.0,1010.0,4.9,309.0,100.0
2021-12-30,0.0,3.0,8.9,92.0,1019.7,6.0,274.0,100.0
2021-12-31,0.0,1.7,6.6,94.0,1025.0,4.5,287.0,89.0
2022-01-01,0.0,1.0,6.0,94.0,1025.9,4.4,310.0,80.0
2022-01-02,0.0,0.8,5.8,91.0,1025.5,3.3,289.0,95.0
2022-01-03,0.1,3.6,7.2,92.0,1020.9,4.9,301.0,100.0
2022-01-04,0.9,3.5,6.9,92.0,1012.7,4.1,322.0,100.0
2022-01-05,16.1,2.9,12.5,94.0,1003.1,14.6,33.0,100.0
2022-01-06,7.8,2.0,9.3,81.0,1013.0,12.4,29.0,46.0
2022-01-07,0.0,0.4,6.5,58.0,1020.4,14.4,34.0,19.0
2022-01-08,0.0,-2.8,5.8,71.0,1015.4,7.9,334.0,33.0
2022-01-09,0.2,-3.1,5.0,72.0,1006.4,6.8,349.0,94.0
2022-01-10,0.0,0.7,8.6,74.0,1010.9,8.8,347.0,71.0
2022-01-11,0.0,-1.0,9.0,62.0,1022.7,8.7,13.0,1.0
2022-01-12,0.0,-1.3,7.8,59.0,1031.1,9.1,27.0,1.0
2022-01-13,0.0,-2.1,7.0,70.0,1037.0,7.1,357.0,11.0
2022-01-14,0.0,-2.3,5.3,81.0,1031.4,4.6,287.0,1.0
2022-01-15,0.0,-1.8,10.2,80.0,1025.7,7.3,25.0,2.0
2022-01-16,0.0,-1.1,8.1,84.0,1024.3,5.7,357.0,1.0
2022-01-17,0.0,-0.7,6.9,88.0,1025.6,7.2,325.0,83.0
2022-01-18,0.0,0.8,10.6,83.0,1032.1,8.2,33.0,27.0
2022-01-19,0.0,-1.3,7.0,87.0,1031.1,5.7,291.0,21.0
2022-01-20,0.0,-0.4,6.3,92.0,1021.5,4.6,296.0,86.0
2022-01-21,0.0,-0.2,8.5,71.0,1023.6,8.9,55.0,35.0
2022-01-22,0.0,-1.3,5.6,79.0,1026.2,7.7,306.0,21.0
2022-01-23,0.0,-1.3,7.7,87.0,1030.1,6.1,24.0,34.0
2022-01-24,0.0,-1.6,8.0,89.0,1032.5,6.9,18.0,68.0
2022-01-25,0.1,2.5,6.8,82.0,1033.3,6.4,260.0,90.0
2022-01-26,0.0,-1.4,5.7,90.0,1029.1,5.9,276.0,75.0
2022-01-27,0.0,-1.8,3.6,94.0,1027.0,4.8,261.0,100.0
2022-01-28,0.0,1.4,8.9,81.0,1026.1,8.2,328.0,61.0
2022-01-29,0.0,-1.5,7.7,77.0,1029.4,5.7,35.0,66.0
2022-01-30,0.0,-0.4,7.9,86.0,1020.5,4.5,344.0,34.0
2022-01-31,0.0,-1.4,7.0,87.0,1011.3,6.7,327.0,53.0
2022-02-01,0.0,-1.0,10.1,81.0,1011.3,9.0,220.0,35.0
2022-02-02,0.0,1.4,10.8,79.0,1011.9,7.2,340.0,66.0
2022-02-03,0.0,1.5,11.3,81.0,1021.7,11.1,56.0,59.0
2022-02-04,0.0,3.0,10.3,86.0,1018.4,7.1,8.0,47.0
2022-02-05,0.0,1.6,9.3,90.0,1019.5,5.2,37.0,39.0
2022-02-06,0.1,0.6,7.5,92.0,1020.9,6.5,223.0,88.0
2022-02-07,0.1,4.3,13.3,62.0,1013.8,14.7,328.0,37.0
2022-02-08,0.0,-0.6,8.3,68.0,1029.2,6.6,259.0,4.0
2022-02-09,0.0,-0.5,9.4,76.0,1030.8,6.1,40.0,8.0
2022-02-10,0.0,0.2,8.1,87.0,1027.3,5.9,66.0,42.0
2022-02-11,0.3,2.9,8.3,88.0,1024.3,6.3,41.0,83.0
2022-02-12,0.0,3.7,10.8,52.0,1031.2,15.6,48.0,5.0
2022-02-13,0.0,0.8,8.7,66.0,1027.5,8.6,22.0,28.0
2022-02-14,0.0,-1.9,6.0,77.0,1019.7,5.1,344.0,74.0
2022-02-15,16.7,2.9,8.2,93.0,1013.4,11.2,30.0,99.0
2022-02-16,0.0,2.0,9.9,90.0,1016.4,7.3,208.0,61.0
2022-02-17,0.0,2.7,8.2,92.0,1012.7,5.0,231.0,78.0
2022-02-18,0.0,3.1,10.9,89.0,1015.9,8.8,34.0,59.0
2022-02-19,0.0,5.8,9.7,92.0,1015.8,5.9,132.0,94.0
2022-02-20,0.0,4.4,12.1,89.0,1018.3,8.0,99.0,54.0
2022-02-21,0.2,5.1,10.1,94.0,1008.8,6.4,230.0,74.0
2022-02-22,0.0,1.5,10.6,87.0,1014.8,6.8,181.0,54.0
2022-02-23,0.0,1.3,11.1,77.0,1024.6,6.9,83.0,2.0
2022-02-24,0.0,0.8,11.2,81.0,1023.3,6.1,40.0,68.0
2022-02-25,2.2,1.3,10.9,85.0,1018.8,12.6,66.0,59.0
2022-02-26,0.0,2.3,9.7,64.0,1025.4,11.0,31.0,27.0
2022-02-27,0.0,4.1,11.5,37.0,1026.8,20.2,41.0,37.0
2022-02-28,0.0,0.2,8.3,58.0,1027.7,12.9,85.0,24.0
2022-03-01,0.0,0.9,8.5,60.0,1030.0,9.7,9.0,7.0
2022-03-02,0.0,-1.5,8.3,73.0,1024.2,6.8,80.0,45.0
2022-03-03,0.0,1.8,10.2,78.0,1017.3,6.9,107.0,27.0
2022-03-04,1.1,2.6,10.8,65.0,1015.3,13.6,58.0,38.0
2022-03-05,0.0,3.1,9.7,50.0,1018.1,17.2,65.0,21.0
2022-03-06,0.0,2.4,9.4,49.0,1018.0,15.6,56.0,33.0
2022-03-07,0.0,1.5,7.6,60.0,1019.2,11.0,66.0,14.0
2022-03-08,0.0,2.7,7.9,49.0,1023.1,11.5,103.0,47.0
2022-03-09,0.0,-1.4,11.2,66.0,1023.9,7.1,253.0,13.0
2022-03-10,0.0,-0.5,11.9,79.0,1025.2,7.6,128.0,1.0
2022-03-11,0.0,4.7,8.4,65.0,1028.6,12.1,84.0,68.0
2022-03-12,0.0,1.2,7.5,49.0,1029.2,11.3,58.0,32.0
2022-03-13,0.0,-2.2,8.9,61.0,1027.8,7.0,92.0,0.0
2022-03-14,0.0,1.3,10.2,76.0,1032.5,7.6,109.0,53.0
2022-03-15,0.0,3.2,10.2,87.0,1034.0,6.7,121.0,93.0
2022-03-16,0.0,3.8,11.5,89.0,1026.2,5.2,77.0,75.0
2022-03-17,0.0,5.8,14.3,76.0,1027.2,8.9,49.0,91.0
2022-03-18,0.0,8.7,14.2,53.0,1032.7,20.8,72.0,72.0
2022-03-19,0.0,5.7,11.4,54.0,1035.2,14.5,70.0,3.0
2022-03-20,0.0,4.8,12.1,48.0,1036.2,15.0,60.0,3.0
2022-03-21,0.0,3.8,12.2,48.0,1036.5,11.1,37.0,6.0
2022-03-22,0.0,4.9,12.9,46.0,1035.1,11.7,43.0,0.0
2022-03-23,0.0,4.5,17.6,53.0,1030.8,7.5,323.0,0.0
2022-03-24,0.0,2.9,18.0,65.0,1026.5,8.5,227.0,0.0
2022-03-25,0.0,4.3,16.7,74.0,1025.2,7.1,124.0,3.0
2022-03-26,0.0,6.4,17.1,69.0,1026.4,8.0,73.0,17.0
2022-03-27,0.0,5.2,16.4,69.0,1028.0,7.9,101.0,0.0
2022-03-28,0.0,3.7,16.0,77.0,1025.0,9.5,158.0,0.0
2022-03-29,0.0,8.0,13.1,89.0,1015.9,9.0,70.0,86.0
2022-03-30,0.9,7.6,13.3,88.0,1005.9,9.6,62.0,98.0
2022-03-31,21.2,8.3,12.1,92.0,994.1,10.4,14.0,95.0
2022-04-01,6.1,7.4,13.5,90.0,992.9,8.7,103.0,100.0
2022-04-02,0.8,7.0,10.4,70.0,1000.4,12.9,78.0,97.0
2022-04-03,0.1,5.2,10.7,65.0,1013.8,11.2,88.0,66.0
2022-04-04,0.3,4.2,10.7,75.0,1018.2,10.0,89.0,45.0
2022-04-05,0.0,3.8,12.2,81.0,1013.7,8.5,170.0,6.0
2022-04-06,0.0,5.9,13.2,81.0,1011.0,9.7,80.0,39.0
2022-04-07,0.0,6.7,15.2,81.0,1003.9,10.9,132.0,79.0
2022-04-08,0.0,6.5,15.2,89.0,1003.2,6.3,108.0,89.0
2022-04-09,7.4,6.6,15.9,71.0,1002.3,21.5,68.0,78.0
2022-04-10,0.0,3.0,14.7,64.0,1017.3,12.9,197.0,13.0
2022-04-11,0.0,5.6,13.5,71.0,1021.9,9.9,80.0,42.0
2022-04-12,0.0,6.4,14.3,84.0,1020.7,9.8,82.0,66.0
2022-04-13,0.0,7.9,14.7,79.0,1020.1,6.9,78.0,99.0
2022-04-14,0.0,7.0,19.1,79.0,1019.6,7.2,189.0,46.0
2022-04-15,0.0,6.9,17.8,72.0,1020.0,6.4,165.0,31.0
2022-04-16,1.8,9.9,18.8,68.0,1019.3,14.2,59.0,35.0
2022-04-17,0.0,9.2,14.1,45.0,1021.0,15.2,85.0,17.0
2022-04-18,0.0,6.7,14.7,53.0,1016.6,10.7,176.0,30.0
2022-04-19,0.0,5.6,14.1,64.0,1011.5,10.1,107.0,55.0
2022-04-20,0.0,10.1,13.3,63.0,1013.7,14.3,93.0,66.0
2022-04-21,1.7,6.6,14.1,74.0,1010.9,10.2,68.0,89.0
2022-04-22,22.2,10.1,14.6,87.0,1002.0,19.8,42.0,96.0
2022-04-23,1.6,8.7,14.8,89.0,1006.9,8.8,106.0,82.0
2022-04-24,11.3,9.7,15.2,84.0,1005.5,9.6,160.0,75.0
2022-04-25,0.0,7.9,15.1,88.0,1009.9,8.3,145.0,72.0
2022-04-26,7.5,11.2,16.3,86.0,1013.8,10.0,73.0,52.0
2022-04-27,0.1,10.4,17.3,76.0,1018.5,10.1,85.0,10.0
2022-04-28,0.0,10.0,18.1,68.0,1023.7,6.7,64.0,23.0
2022-04-29,0.0,12.2,19.7,55.0,1024.7,9.0,47.0,26.0
2022-04-30,0.0,11.3,19.6,59.0,1020.1,8.8,82.0,62.0
2022-05-01,1.5,13.6,20.9,58.0,1016.0,15.3,34.0,89.0
2022-05-02,0.4,12.3,20.5,64.0,1014.6,10.7,23.0,56.0
2022-05-03,0.0,12.8,21.7,61.0,1014.4,9.2,103.0,60.0
2022-05-04,0.0,10.3,20.7,71.0,1016.8,10.5,163.0,89.0
2022-05-05,2.5,13.0,18.4,83.0,1019.7,11.6,97.0,79.0
2022-05-06,9.6,13.7,16.5,91.0,1020.2,9.9,57.0,100.0
2022-05-07,1.7,13.2,18.4,84.0,1019.2,8.0,21.0,100.0
2022-05-08,4.6,13.8,21.3,72.0,1019.2,12.3,60.0,69.0
2022-05-09,0.0,13.8,22.4,64.0,1022.1,9.1,60.0,22.0
2022-05-10,0.0,12.8,23.9,70.0,1021.0,8.0,150.0,5.0
2022-05-11,0.0,13.3,23.3,75.0,1019.4,11.4,167.0,55.0
2022-05-12,0.0,14.6,24.0,78.0,1019.3,9.7,139.0,21.0
2022-05-13,0.0,16.6,23.5,78.0,1018.2,8.0,94.0,72.0
2022-05-14,4.0,17.6,25.8,77.0,1018.0,8.9,20.0,80.0
2022-05-15,0.0,17.0,26.0,71.0,1017.7,8.1,128.0,42.0
2022-05-16,0.3,17.7,27.2,77.0,1017.6,8.9,125.0,85.0
2022-05-17,0.0,16.0,25.4,84.0,1017.5,8.0,136.0,34.0
2022-05-18,1.4,18.5,23.9,73.0,1021.8,8.6,91.0,33.0
2022-05-19,0.0,17.8,23.0,56.0,1026.5,11.8,112.0,13.0
2022-05-20,0.0,15.8,22.9,67.0,1025.0,8.7,131.0,50.0
2022-05-21,0.0,17.0,25.8,70.0,1017.8,8.1,98.0,39.0
2022-05-22,0.0,17.5,25.4,76.0,1012.1,7.7,119.0,71.0
2022-05-23,0.1,19.5,24.7,79.0,1008.4,10.7,103.0,49.0
2022-05-24,11.3,19.5,24.9,74.0,1006.4,14.9,94.0,92.0
2022-05-25,5.0,17.8,25.9,76.0,1012.0,9.8,62.0,67.0
2022-05-26,0.3,18.5,24.9,74.0,1019.4,9.2,85.0,67.0
2022-05-27,0.0,18.4,26.3,76.0,1016.6,9.0,144.0,76.0
2022-05-28,3.3,17.1,22.3,73.0,1011.0,21.7,59.0,89.0
2022-05-29,3.5,14.6,20.1,53.0,1008.5,25.1,57.0,87.0
2022-05-30,0.0,13.8,20.2,62.0,1010.4,12.5,72.0,65.0
2022-05-31,0.2,15.4,22.9,73.0,1014.4,11.0,102.0,55.0
2022-06-01,0.6,16.8,23.8,81.0,1014.9,9.5,134.0,29.0
2022-06-02,0.0,18.8,25.7,80.0,1016.3,9.5,89.0,49.0
2022-06-03,2.0,20.4,26.5,74.0,1018.0,11.3,71.0,85.0
2022-06-04,0.0,18.4,25.6,85.0,1017.2,9.1,139.0,61.0
2022-06-05,0.0,20.5,27.4,77.0,1014.7,8.9,114.0,56.0
2022-06-06,0.0,18.6,27.4,71.0,1014.6,8.0,120.0,33.0
2022-06-07,0.5,19.5,26.5,69.0,1011.1,11.2,360.0,84.0
2022-06-08,0.3,17.3,24.9,65.0,1009.5,8.9,142.0,35.0
2022-06-09,28.1,16.4,19.2,89.0,1007.9,8.0,344.0,100.0
2022-06-10,0.0,17.1,27.1,58.0,1014.4,7.6,8.0,33.0
2022-06-11,0.0,18.1,26.6,57.0,1018.9,7.2,128.0,10.0
2022-06-12,0.0,19.3,27.1,60.0,1019.4,9.7,135.0,13.0
2022-06-13,0.0,18.4,26.9,67.0,1015.4,8.2,132.0,39.0
2022-06-14,0.0,20.5,25.8,60.0,1017.9,13.3,81.0,15.0
2022-06-15,0.0,19.1,26.3,72.0,1018.2,8.4,123.0,48.0
2022-06-16,0.0,18.8,27.0,71.0,1016.7,10.2,147.0,43.0
2022-06-17,0.0,20.9,29.1,67.0,1018.5,10.3,115.0,67.0
2022-06-18,0.0,22.1,27.8,60.0,1020.8,9.5,129.0,59.0
2022-06-19,0.0,19.7,28.6,59.0,1016.2,10.1,161.0,1.0
2022-06-20,0.0,19.9,27.0,76.0,1012.0,11.1,112.0,7.0
2022-06-21,0.0,22.6,29.1,68.0,1011.1,11.8,116.0,54.0
2022-06-22,0.4,21.3,27.3,77.0,1011.4,8.6,147.0,90.0
2022-06-23,13.4,20.3,29.4,79.0,1011.8,8.4,148.0,38.0
2022-06-24,0.4,20.6,30.2,79.0,1010.5,13.4,128.0,22.0
2022-06-25,0.2,19.5,29.9,63.0,1011.5,12.2,149.0,5.0
2022-06-26,0.0,22.2,28.7,71.0,1014.1,12.3,102.0,14.0
2022-06-27,0.0,22.4,29.4,64.0,1014.5,10.4,90.0,8.0
2022-06-28,10.7,22.8,30.6,64.0,1013.7,14.1,45.0,54.0
2022-06-29,2.8,20.8,28.6,67.0,1010.6,13.8,31.0,52.0
2022-06-30,1.1,21.5,28.9,76.0,1011.5,8.0,137.0,15.0
2022-07-01,1.2,23.3,28.8,76.0,1013.0,11.5,50.0,40.0
2022-07-02,0.0,21.5,30.8,62.0,1017.2,11.7,78.0,10.0
2022-07-03,0.0,23.4,32.2,57.0,1016.5,9.6,93.0,29.0
2022-07-04,0.0,23.5,33.8,56.0,1014.4,8.4,25.0,39.0
2022-07-05,0.0,21.9,30.1,62.0,1014.2,9.9,46.0,31.0
2022-07-06,1.0,20.9,30.1,52.0,1016.9,12.3,60.0,34.0
2022-07-07,6.1,19.4,28.3,62.0,1016.5,15.5,60.0,55.0
2022-07-08,0.0,19.0,27.6,56.0,1019.4,8.5,101.0,10.0
2022-07-09,0.0,21.4,27.0,47.0,1021.1,12.1,121.0,41.0
2022-07-10,0.0,20.3,29.5,48.0,1016.2,14.8,189.0,45.0
2022-07-11,0.0,21.0,25.6,61.0,1018.3,13.7,96.0,31.0
2022-07-12,2.7,19.0,26.7,67.0,1020.4,11.9,85.0,42.0
2022-07-13,0.1,20.1,27.6,63.0,1022.1,13.4,131.0,17.0
2022-07-14,0.1,19.0,27.7,61.0,1018.9,8.0,160.0,50.0
2022-07-15,0.0,20.5,28.7,70.0,1013.5,9.4,99.0,17.0
2022-07-16,0.0,23.0,29.4,56.0,1015.5,13.9,76.0,31.0
2022-07-17,1.8,22.0,29.8,53.0,1020.3,14.7,63.0,28.0
2022-07-18,0.0,23.3,29.8,50.0,1021.4,11.7,83.0,26.0
2022-07-19,0.0,23.1,31.1,49.0,1019.8,9.3,125.0,13.0
2022-07-20,0.0,22.3,31.3,54.0,1018.4,9.2,137.0,2.0
2022-07-21,0.0,20.9,31.1,57.0,1016.3,8.1,147.0,7.0
2022-07-22,0.0,21.3,32.6,60.0,1015.4,7.7,153.0,43.0
2022-07-23,0.0,23.3,32.0,62.0,1014.1,8.9,133.0,63.0
2022-07-24,0.0,23.3,32.0,57.0,1015.4,10.5,79.0,10.0
2022-07-25,0.0,23.7,32.3,61.0,1012.6,11.6,125.0,14.0
2022-07-26,4.5,24.3,31.3,64.0,1009.9,10.1,76.0,46.0
2022-07-27,4.1,21.8,30.3,61.0,1010.8,12.6,67.0,77.0
2022-07-28,0.0,23.6,29.2,55.0,1013.0,13.1,81.0,25.0
2022-07-29,0.0,22.8,30.4,58.0,1013.1,11.5,145.0,77.0
2022-07-30,18.3,20.9,27.3,70.0,1013.7,5.9,186.0,33.0
2022-07-31,0.0,19.9,29.7,69.0,1014.9,9.7,147.0,9.0
2022-08-01,0.0,21.8,29.7,75.0,1014.1,10.1,121.0,9.0
2022-08-02,0.5,21.6,30.5,61.0,1015.6,12.1,43.0,44.0
2022-08-03,0.0,22.3,29.7,61.0,1016.0,10.0,93.0,5.0
2022-08-04,0.0,20.9,31.9,59.0,1014.9,8.6,148.0,1.0
2022-08-05,0.0,22.0,30.8,62.0,1013.1,8.9,177.0,4.0
2022-08-06,0.0,22.4,33.7,55.0,1013.4,13.5,28.0,13.0
2022-08-07,0.2,23.9,29.8,55.0,1015.4,14.8,52.0,47.0
2022-08-08,0.1,22.6,31.0,55.0,1015.8,15.9,47.0,50.0
2022-08-09,0.0,23.9,30.0,49.0,1018.5,15.0,84.0,21.0
2022-08-10,0.0,22.3,30.6,45.0,1019.1,14.5,84.0,18.0
2022-08-11,0.0,23.1,29.6,41.0,1017.5,12.3,80.0,42.0
2022-08-12,1.5,20.4,27.9,48.0,1015.3,13.1,43.0,74.0
2022-08-13,0.0,19.3,27.6,51.0,1013.3,10.8,64.0,38.0
2022-08-14,0.0,17.7,28.9,61.0,1010.0,11.6,188.0,34.0
2022-08-15,0.0,20.7,28.4,71.0,1006.9,8.8,62.0,55.0
2022-08-16,2.5,19.6,27.9,72.0,1010.0,8.5,94.0,11.0
2022-08-17,0.1,21.6,27.8,82.0,1012.4,10.3,104.0,49.0
2022-08-18,0.8,21.1,27.7,80.0,1011.1,11.4,55.0,84.0
2022-08-19,16.6,20.2,26.8,73.0,1009.3,8.9,334.0,77.0
2022-08-20,0.1,18.5,29.3,72.0,1011.1,9.6,320.0,45.0
2022-08-21,0.4,19.8,28.2,70.0,1011.0,5.9,92.0,9.0
2022-08-22,0.0,20.7,28.2,67.0,1009.3,7.8,123.0,15.0
2022-08-23,0.0,20.3,26.3,74.0,1012.6,8.8,124.0,52.0
2022-08-24,0.0,19.8,28.3,69.0,1015.5,6.7,3.0,5.0
2022-08-25,0.0,20.9,28.9,65.0,1013.9,6.4,270.0,12.0
2022-08-26,0.0,22.5,29.8,63.0,1010.8,8.1,15.0,32.0
2022-08-27,0.6,21.8,29.5,65.0,1010.1,8.4,6.0,81.0
2022-08-28,11.9,20.0,28.6,76.0,1013.0,8.5,101.0,73.0
2022-08-29,0.1,20.0,27.6,73.0,1016.2,7.7,34.0,66.0
2022-08-30,1.4,20.3,29.3,74.0,1016.8,9.7,61.0,73.0
2022-08-31,3.4,20.2,26.0,75.0,1014.3,9.5,36.0,73.0
2022-09-01,0.1,20.4,25.2,60.0,1013.9,21.7,68.0,83.0
2022-09-02,0.0,18.6,24.9,56.0,1015.4,11.3,54.0,44.0
2022-09-03,0.0,17.7,24.9,69.0,1015.6,9.7,75.0,73.0
2022-09-04,0.0,18.8,25.7,74.0,1018.5,10.1,89.0,18.0
2022-09-05,0.0,19.1,26.9,76.0,1021.5,7.4,125.0,40.0
2022-09-06,0.0,19.7,27.3,80.0,1018.4,8.2,149.0,31.0
2022-09-07,5.3,19.8,25.7,80.0,1016.0,9.8,62.0,78.0
2022-09-08,5.7,19.1,24.3,82.0,1012.1,14.1,44.0,96.0
2022-09-09,10.8,18.7,24.5,79.0,1012.2,13.1,44.0,58.0
2022-09-10,0.3,17.6,25.8,65.0,1013.3,8.1,19.0,16.0
2022-09-11,0.4,16.8,25.3,66.0,1014.8,10.8,59.0,11.0
2022-09-12,0.0,17.6,25.1,70.0,1015.6,9.1,80.0,21.0
2022-09-13,0.0,17.5,25.1,75.0,1013.6,9.3,118.0,42.0
2022-09-14,0.0,19.2,27.8,76.0,1010.5,9.9,221.0,97.0
2022-09-15,0.0,20.2,28.4,73.0,1005.9,14.3,222.0,70.0
2022-09-16,2.8,17.4,26.7,76.0,1004.5,16.5,50.0,47.0
2022-09-17,15.6,13.6,17.4,77.0,1007.2,19.9,50.0,69.0
2022-09-18,0.0,10.8,21.9,68.0,1013.2,8.7,255.0,41.0
2022-09-19,0.0,12.3,22.9,68.0,1012.4,8.5,82.0,24.0
2022-09-20,0.1,13.2,21.0,53.0,1017.4,11.2,54.0,21.0
2022-09-21,0.2,13.5,19.6,57.0,1021.7,12.9,60.0,19.0
2022-09-22,0.0,12.3,19.1,60.0,1021.7,8.0,45.0,19.0
2022-09-23,0.0,11.7,20.7,58.0,1020.2,11.1,97.0,38.0
2022-09-24,0.7,13.2,20.2,68.0,1016.4,7.6,28.0,100.0
2022-09-25,17.5,14.8,21.4,81.0,1011.2,11.3,17.0,83.0
2022-09-26,1.8,13.0,21.8,81.0,1006.8,7.7,50.0,65.0
2022-09-27,2.3,14.2,19.3,86.0,1000.3,10.4,42.0,67.0
2022-09-28,1.4,12.6,19.5,79.0,1000.7,12.4,35.0,81.0
2022-09-29,5.5,13.7,20.7,86.0,999.4,11.9,49.0,66.0
2022-09-30,32.3,13.6,18.5,90.0,1008.0,12.4,41.0,99.0
2022-10-01,1.5,13.8,20.5,77.0,1014.2,14.7,254.0,65.0
2022-10-02,0.0,12.8,20.2,83.0,1018.4,7.5,49.0,31.0
2022-10-03,0.0,14.0,21.2,82.0,1018.9,7.7,53.0,17.0
2022-10-04,0.2,14.7,20.4,82.0,1022.3,10.2,44.0,64.0
2022-10-05,0.0,14.1,20.3,85.0,1026.6,8.1,86.0,55.0
2022-10-06,0.0,13.5,20.7,88.0,1027.6,5.7,47.0,92.0
2022-10-07,0.0,14.6,23.6,71.0,1024.3,8.2,13.0,16.0
2022-10-08,0.0,12.4,20.7,84.0,1019.4,6.7,69.0,32.0
2022-10-09,0.0,14.9,22.8,75.0,1021.1,13.4,57.0,83.0
2022-10-10,0.4,13.8,20.9,67.0,1020.8,9.8,45.0,42.0
2022-10-11,0.0,11.8,22.1,76.0,1021.0,5.7,341.0,30.0
2022-10-12,0.0,14.6,20.9,72.0,1022.2,10.4,47.0,75.0
2022-10-13,0.0,13.7,21.3,69.0,1020.5,8.3,28.0,62.0
2022-10-14,0.0,12.8,20.3,73.0,1017.1,6.3,23.0,60.0
2022-10-15,0.0,12.5,20.3,79.0,1016.5,6.6,109.0,49.0
2022-10-16,0.0,13.9,20.6,86.0,1022.7,6.5,78.0,46.0
2022-10-17,0.0,13.2,21.5,88.0,1028.3,7.0,266.0,58.0
2022-10-18,0.0,12.1,19.4,88.0,1026.4,5.3,57.0,5.0
2022-10-19,0.0,12.5,23.2,85.0,1022.1,4.9,245.0,39.0
2022-10-20,0.0,14.8,20.0,82.0,1022.0,9.8,72.0,61.0
2022-10-21,0.3,14.4,21.0,88.0,1019.8,7.2,41.0,99.0
2022-10-22,4.8,14.9,21.5,87.0,1017.6,9.3,139.0,74.0
2022-10-23,0.0,14.6,21.2,88.0,1021.5,9.4,51.0,75.0
2022-10-24,0.1,16.3,21.6,91.0,1019.2,10.3,114.0,87.0
2022-10-25,2.0,15.3,21.6,85.0,1019.1,10.5,51.0,70.0
2022-10-26,0.0,13.9,20.1,89.0,1022.1,6.8,62.0,57.0
2022-10-27,0.0,12.8,21.6,91.0,1026.9,6.4,283.0,58.0
2022-10-28,0.0,11.2,20.8,86.0,1027.5,5.9,275.0,8.0
2022-10-29,0.0,11.8,18.9,91.0,1025.6,4.0,305.0,22.0
2022-10-30,0.0,11.0,19.8,92.0,1022.6,4.4,283.0,68.0
2022-10-31,0.0,11.0,18.7,92.0,1021.9,3.6,221.0,77.0
2022-11-01,0.0,11.3,16.8,91.0,1022.2,3.9,21.0,78.0
2022-11-02,3.0,12.3,18.1,91.0,1023.3,5.1,301.0,86.0
2022-11-03,1.4,12.8,17.3,92.0,1019.6,5.3,224.0,97.0
2022-11-04,16.2,12.2,17.9,79.0,1004.2,17.8,215.0,55.0
2022-11-05,0.0,11.3,18.5,51.0,1010.9,10.5,16.0,47.0
2022-11-06,0.0,8.8,15.4,61.0,1017.7,8.4,11.0,42.0
2022-11-07,0.0,6.4,15.5,73.0,1020.2,5.2,336.0,24.0
2022-11-08,0.0,5.1,14.0,80.0,1021.3,4.5,310.0,46.0
2022-11-09,0.3,7.9,14.6,80.0,1020.0,6.0,7.0,81.0
2022-11-10,13.6,11.8,15.8,88.0,1024.3,10.8,25.0,78.0
2022-11-11,0.0,8.9,15.6,83.0,1033.1,7.6,3.0,71.0
2022-11-12,0.0,6.8,15.5,87.0,1030.2,8.1,339.0,90.0
2022-11-13,2.6,10.3,15.6,66.0,1026.0,18.6,61.0,62.0
2022-11-14,4.6,10.0,12.8,88.0,1022.5,12.6,19.0,100.0
2022-11-15,1.8,7.5,12.5,89.0,1017.2,6.9,273.0,74.0
2022-11-16,3.3,8.9,13.0,91.0,1005.1,9.0,317.0,83.0
2022-11-17,1.9,8.5,13.1,94.0,1002.4,5.7,290.0,96.0
2022-11-18,1.1,7.9,16.1,86.0,1000.0,9.1,318.0,54.0
2022-11-19,0.2,7.5,14.6,79.0,1006.2,15.2,45.0,98.0
2022-11-20,0.1,6.5,12.8,75.0,1010.4,8.7,30.0,43.0
2022-11-21,0.4,4.2,10.9,86.0,1009.0,7.0,28.0,65.0
2022-11-22,52.5,7.5,9.3,87.0,995.3,29.0,35.0,100.0
2022-11-23,3.2,5.1,13.0,83.0,1002.8,8.5,263.0,50.0
2022-11-24,0.0,4.3,12.6,80.0,1012.9,7.1,352.0,13.0
2022-11-25,0.0,3.3,12.9,81.0,1019.4,10.4,19.0,80.0
2022-11-26,0.0,7.1,14.0,67.0,1025.1,12.9,38.0,56.0
2022-11-27,0.0,4.7,11.5,70.0,1028.0,10.9,14.0,17.0
2022-11-28,0.0,4.5,7.9,71.0,1020.2,11.4,23.0,99.0
2022-11-29,0.7,5.5,8.8,75.0,1017.4,15.7,45.0,92.0
2022-11-30,0.0,3.8,9.8,64.0,1018.6,15.0,37.0,96.0
2022-12-01,0.0,6.5,11.1,62.0,1018.5,15.2,56.0,88.0
2022-12-02,1.9,6.4,9.1,79.0,1019.3,15.1,40.0,95.0
2022-12-03,2.2,6.4,9.3,80.0,1018.1,19.1,43.0,100.0
2022-12-04,10.4,6.8,10.1,88.0,1014.7,20.7,45.0,85.0
2022-12-05,9.8,6.5,12.7,92.0,1017.7,9.7,29.0,69.0
2022-12-06,0.0,4.2,10.5,92.0,1016.2,6.3,334.0,57.0
2022-12-07,0.0,2.6,10.5,75.0,1013.5,9.3,3.0,20.0
2022-12-08,0.0,4.7,8.7,67.0,1011.3,10.2,6.0,75.0
2022-12-09,16.4,5.2,7.2,90.0,1004.3,11.7,4.0,97.0
2022-12-10,1.3,5.6,9.2,93.0,999.0,7.8,358.0,100.0
2022-12-11,8.9,2.6,8.4,87.0,1001.8,13.8,21.0,100.0
2022-12-12,0.0,0.7,5.4,80.0,1009.9,9.8,22.0,24.0
2022-12-13,0.0,-0.3,4.5,52.0,1011.4,15.5,34.0,99.0
2022-12-14,0.0,1.9,6.1,59.0,1007.1,7.3,352.0,92.0
2022-12-15,14.9,0.8,6.3,86.0,1007.0,11.4,17.0,86.0
2022-12-16,3.7,4.9,7.7,93.0,1004.1,8.0,296.0,97.0
2022-12-17,0.2,5.1,9.7,78.0,1016.8,15.2,50.0,60.0
2022-12-18,0.0,1.8,7.7,69.0,1032.1,12.8,37.0,26.0
2022-12-19,0.0,0.2,5.7,77.0,1034.7,6.4,5.0,83.0
2022-12-20,0.0,1.0,5.9,80.0,1029.6,4.7,337.0,100.0
2022-12-21,1.6,4.1,6.0,80.0,1022.4,3.6,344.0,100.0
2022-12-22,0.0,2.5,7.9,88.0,1018.2,4.3,316.0,82.0
2022-12-23,0.1,4.2,9.4,89.0,1015.9,5.4,328.0,98.0
2022-12-24,0.0,4.0,10.0,86.0,1017.7,4.6,349.0,91.0
2022-12-25,0.0,3.8,10.3,91.0,1023.7,5.5,279.0,81.0
2022-12-26,0.0,6.4,9.2,93.0,1025.3,3.4,234.0,97.0
2022-12-27,0.0,5.4,10.4,93.0,1025.7,5.5,6.0,78.0
2022-12-28,1.3,6.7,10.4,80.0,1026.3,8.7,37.0,81.0
2022-12-29,1.6,5.5,8.6,86.0,1022.8,3.5,334.0,95.0
2022-12-30,1.8,6.1,10.4,95.0,1021.7,4.0,10.0,100.0
2022-12-31,0.0,6.6,8.6,97.0,1029.0,4.3,248.0,98.0
2023-01-01,0.0,6.0,10.2,95.0,1031.2,4.9,203.0,93.0
2023-01-02,0.0,7.5,9.5,96.0,1030.2,5.7,211.0,100.0
2023-01-03,0.3,7.9,10.4,94.0,1029.8,3.5,237.0,99.0
2023-01-04,0.7,5.8,11.7,96.0,1029.8,6.0,275.0,95.0
2023-01-05,0.0,5.3,9.7,94.0,1023.8,7.0,243.0,92.0
2023-01-06,0.0,4.7,9.5,92.0,1025.5,5.5,310.0,90.0
2023-01-07,0.0,5.8,9.6,85.0,1024.3,7.1,269.0,69.0
2023-01-08,8.0,5.4,8.2,92.0,1017.2,7.0,34.0,99.0
2023-01-09,19.0,6.1,11.9,88.0,1004.0,10.2,298.0,99.0
2023-01-10,0.0,2.9,12.0,77.0,1013.9,10.7,289.0,41.0
2023-01-11,0.0,1.6,10.4,67.0,1020.9,7.4,15.0,71.0
2023-01-12,0.8,2.7,11.8,82.0,1021.9,7.1,300.0,77.0
2023-01-13,0.0,2.5,8.7,90.0,1019.5,4.2,326.0,79.0
2023-01-14,0.0,1.3,10.4,84.0,1022.2,5.2,340.0,57.0
2023-01-15,4.0,2.6,7.1,90.0,1015.1,4.6,354.0,99.0
2023-01-16,9.5,5.2,8.9,84.0,1000.5,9.9,30.0,99.0
2023-01-17,6.3,1.7,6.7,92.0,990.6,12.2,18.0,79.0
2023-01-18,2.3,1.1,7.0,91.0,993.1,7.9,306.0,95.0
2023-01-19,11.8,2.8,4.8,80.0,1002.2,22.5,37.0,100.0
2023-01-20,5.6,2.6,6.6,67.0,1008.8,18.5,40.0,80.0
2023-01-21,0.0,-0.6,7.5,53.0,1011.1,11.3,15.0,96.0
2023-01-22,0.2,5.1,8.0,48.0,1017.6,20.5,51.0,90.0
2023-01-23,6.3,4.1,9.8,65.0,1019.7,26.3,45.0,87.0
2023-01-24,1.0,5.6,10.9,73.0,1028.9,13.9,48.0,59.0
2023-01-25,0.4,4.5,9.9,76.0,1026.6,15.3,58.0,49.0
2023-01-26,0.0,1.6,7.0,66.0,1016.8,15.7,43.0,27.0
2023-01-27,0.0,0.1,7.2,60.0,1014.7,13.6,35.0,34.0
2023-01-28,0.0,-0.0,7.2,67.0,1019.4,8.8,31.0,39.0
2023-01-29,0.0,0.5,6.6,68.0,1025.2,8.6,31.0,36.0
2023-01-30,0.0,-1.6,5.8,88.0,1019.7,4.9,320.0,52.0
2023-01-31,0.0,-1.9,9.4,86.0,1021.6,7.9,297.0,46.0
2023-02-01,0.0,0.2,8.3,86.0,1021.1,6.2,31.0,40.0
2023-02-02,0.0,0.3,5.4,93.0,1021.6,4.7,32.0,85.0
2023-02-03,0.0,1.0,9.2,92.0,1024.8,6.7,39.0,91.0
2023-02-04,0.0,1.5,10.0,87.0,1022.8,9.5,81.0,77.0
2023-02-05,0.1,1.5,6.9,70.0,1033.1,7.6,82.0,84.0
2023-02-06,0.0,1.7,4.8,66.0,1035.6,12.9,77.0,88.0
2023-02-07,0.0,-1.0,4.6,60.0,1037.5,11.5,40.0,1.0
2023-02-08,0.0,-1.4,4.0,55.0,1038.3,20.2,51.0,0.0
2023-02-09,0.0,-0.9,5.7,49.0,1037.7,15.0,45.0,4.0
2023-02-10,0.0,-3.9,6.8,63.0,1037.3,6.1,352.0,0.0
2023-02-11,0.0,-3.2,7.7,69.0,1035.4,6.6,283.0,50.0
2023-02-12,0.0,-1.8,10.8,72.0,1034.4,5.5,353.0,17.0
2023-02-13,0.0,1.3,10.5,74.0,1037.7,7.9,13.0,0.0
2023-02-14,0.0,-1.3,8.5,89.0,1034.2,5.1,359.0,7.0
2023-02-15,0.0,-0.8,12.0,85.0,1030.0,5.8,14.0,1.0
2023-02-16,0.0,1.4,9.5,92.0,1029.3,5.9,49.0,73.0
2023-02-17,0.0,4.2,9.3,94.0,1029.8,7.0,184.0,85.0
2023-02-18,0.0,6.4,9.6,89.0,1027.8,7.3,80.0,100.0
2023-02-19,0.0,5.6,10.7,92.0,1023.8,5.6,88.0,99.0
2023-02-20,0.0,4.2,12.0,88.0,1026.3,6.9,127.0,74.0
2023-02-21,0.0,3.6,9.5,93.0,1021.9,4.3,77.0,93.0
2023-02-22,0.3,6.1,11.5,89.0,1018.4,5.8,60.0,94.0
2023-02-23,0.3,4.4,11.0,94.0,1016.0,4.7,100.0,72.0
2023-02-24,0.0,5.0,9.7,95.0,1012.5,6.1,135.0,95.0
2023-02-25,0.2,5.9,13.4,90.0,1001.1,10.3,199.0,56.0
2023-02-26,0.7,5.7,8.5,58.0,1004.0,29.6,63.0,100.0
2023-02-27,0.0,4.5,8.2,43.0,1017.2,26.8,62.0,91.0
2023-02-28,0.0,3.2,9.6,53.0,1022.5,23.3,56.0,54.0
2023-03-01,2.2,4.8,9.9,57.0,1018.2,29.2,53.0,99.0
2023-03-02,0.4,6.3,11.6,66.0,1017.3,18.4,60.0,78.0
2023-03-03,0.6,2.9,13.2,73.0,1016.7,9.3,45.0,73.0
2023-03-04,0.0,2.9,13.4,76.0,1016.8,7.4,328.0,3.0
2023-03-05,0.0,1.4,10.7,86.0,1012.2,8.2,94.0,24.0
2023-03-06,0.0,4.2,10.6,88.0,1006.6,8.3,57.0,63.0
2023-03-07,0.2,3.6,11.4,88.0,1004.3,8.9,150.0,83.0
2023-03-08,0.0,4.8,12.0,79.0,1004.7,9.4,177.0,73.0
2023-03-09,0.3,9.6,16.7,82.0,1004.2,10.9,118.0,80.0
2023-03-10,0.4,7.1,15.4,87.0,999.1,8.7,67.0,60.0
2023-03-11,2.1,7.1,15.5,89.0,999.1,10.5,64.0,82.0
2023-03-12,0.0,5.6,11.6,60.0,1013.7,13.6,74.0,60.0
2023-03-13,0.0,4.7,12.8,79.0,1017.5,7.7,66.0,91.0
2023-03-14,6.2,8.4,12.1,92.0,1005.0,9.1,65.0,89.0
2023-03-15,0.3,7.9,12.2,74.0,1009.8,9.5,24.0,62.0
2023-03-16,0.0,4.1,10.7,63.0,1021.6,10.2,112.0,41.0
2023-03-17,0.0,2.4,11.7,72.0,1022.9,7.4,192.0,59.0
2023-03-18,0.0,2.8,11.5,73.0,1019.2,6.7,148.0,47.0
2023-03-19,0.4,4.3,13.1,80.0,1019.9,5.6,93.0,100.0
2023-03-20,2.7,7.6,13.1,92.0,1019.6,6.6,70.0,67.0
2023-03-21,0.0,5.4,17.2,85.0,1017.3,6.8,230.0,20.0
2023-03-22,0.0,7.6,16.3,83.0,1015.8,7.9,169.0,40.0
2023-03-23,0.0,7.2,14.1,88.0,1015.5,6.1,115.0,78.0
2023-03-24,0.0,7.6,17.7,84.0,1014.2,8.0,196.0,91.0
2023-03-25,0.0,9.1,19.4,77.0,1011.3,12.6,26.0,48.0
2023-03-26,14.4,8.5,15.2,81.0,1008.1,11.1,61.0,61.0
2023-03-27,2.2,7.3,15.9,74.0,1005.6,10.8,337.0,70.0
2023-03-28,0.0,3.1,14.9,44.0,1022.2,9.8,232.0,20.0
2023-03-29,0.0,5.6,14.6,66.0,1023.4,11.2,70.0,73.0
2023-03-30,0.0,8.4,14.4,86.0,1021.2,8.6,85.0,98.0
2023-03-31,1.1,9.8,14.9,89.0,1012.0,9.6,145.0,95.0
2023-04-01,0.2,7.6,15.0,88.0,1005.3,7.4,95.0,53.0
2023-04-02,1.6,8.7,16.7,78.0,1009.7,10.4,39.0,77.0
2023-04-03,0.0,9.1,14.0,58.0,1014.2,21.1,82.0,26.0
2023-04-04,0.0,5.9,10.5,44.0,1016.6,18.2,89.0,11.0
2023-04-05,0.0,4.2,9.4,52.0,1019.1,12.4,87.0,53.0
2023-04-06,0.0,3.1,11.2,59.0,1019.2,9.3,97.0,5.0
2023-04-07,0.0,3.2,12.7,75.0,1016.6,7.5,118.0,74.0
2023-04-08,0.7,6.4,14.5,74.0,1017.6,10.2,61.0,75.0
2023-04-09,1.4,6.6,13.5,75.0,1021.9,12.9,48.0,40.0
2023-04-10,0.1,6.0,14.6,64.0,1023.4,9.3,118.0,22.0
2023-04-11,0.0,5.8,13.5,70.0,1016.8,9.4,131.0,93.0
2023-04-12,0.0,8.5,15.1,67.0,1010.6,9.0,64.0,95.0
2023-04-13,25.1,8.0,12.0,84.0,1002.9,22.6,39.0,100.0
2023-04-14,16.9,6.4,12.7,75.0,1003.6,15.5,354.0,86.0
2023-04-15,0.1,8.2,15.0,82.0,1006.3,15.0,63.0,86.0
2023-04-16,0.0,7.1,14.7,72.0,1012.8,8.7,67.0,48.0
2023-04-17,0.2,8.4,18.8,64.0,1014.2,9.7,347.0,63.0
2023-04-18,0.0,10.3,17.1,63.0,1015.1,7.8,75.0,81.0
2023-04-19,6.8,10.9,17.9,74.0,1015.2,7.0,339.0,55.0
2023-04-20,4.4,10.7,15.3,83.0,1013.3,16.8,59.0,82.0
2023-04-21,3.7,10.3,17.9,77.0,1014.5,9.9,29.0,71.0
2023-04-22,0.4,8.4,18.0,83.0,1014.5,9.0,163.0,82.0
2023-04-23,2.1,9.9,17.3,85.0,1012.4,8.2,92.0,80.0
2023-04-24,7.2,12.1,16.1,84.0,1007.2,9.8,58.0,85.0
2023-04-25,13.6,10.1,14.3,82.0,1009.7,12.5,39.0,61.0
2023-04-26,0.0,5.9,16.4,80.0,1014.3,10.4,156.0,21.0
2023-04-27,0.0,10.0,17.1,70.0,1018.3,9.9,97.0,29.0
2023-04-28,0.0,9.4,17.2,74.0,1018.9,8.1,80.0,90.0
2023-04-29,0.0,11.1,17.0,78.0,1015.1,8.2,86.0,88.0
2023-04-30,0.1,11.5,20.7,79.0,1015.6,9.6,54.0,75.0
2023-05-01,2.9,13.6,18.9,66.0,1015.5,17.2,58.0,100.0
2023-05-02,28.0,12.5,14.6,88.0,1015.4,20.4,28.0,100.0
2023-05-03,6.3,12.6,19.1,70.0,1020.2,15.6,41.0,76.0
2023-05-04,0.0,10.5,19.7,68.0,1021.1,7.5,173.0,26.0
2023-05-05,0.0,10.2,20.6,81.0,1019.1,8.2,177.0,40.0
2023-05-06,0.0,11.1,21.6,80.0,1016.0,7.2,168.0,79.0
2023-05-07,0.0,12.3,21.2,77.0,1016.0,7.6,106.0,84.0
2023-05-08,1.5,16.0,20.7,79.0,1018.6,12.8,48.0,92.0
2023-05-09,0.0,14.2,19.1,70.0,1017.9,12.1,76.0,53.0
2023-05-10,33.7,12.4,15.7,86.0,1012.6,18.7,40.0,100.0
2023-05-11,37.1,11.6,14.6,86.0,1010.1,20.2,24.0,99.0
2023-05-12,7.4,11.5,16.4,87.0,1013.2,12.7,72.0,95.0
2023-05-13,9.7,11.9,17.0,87.0,1017.2,10.8,59.0,92.0
2023-05-14,3.9,12.5,16.3,77.0,1012.5,14.0,27.0,89.0
2023-05-15,0.0,10.7,20.0,80.0,1008.8,6.5,342.0,58.0
2023-05-16,18.7,13.1,18.7,76.0,1005.1,22.8,31.0,100.0
2023-05-17,20.0,12.3,16.8,77.0,1011.3,14.4,49.0,100.0
2023-05-18,0.0,12.2,18.9,62.0,1018.0,12.2,76.0,57.0
2023-05-19,0.1,14.7,18.8,67.0,1018.9,17.3,74.0,100.0
2023-05-20,1.3,15.6,21.4,73.0,1015.5,18.2,44.0,100.0
2023-05-21,0.0,16.3,25.1,66.0,1012.5,16.4,55.0,47.0
2023-05-22,0.0,16.6,24.4,66.0,1012.9,10.8,41.0,11.0
2023-05-23,0.2,15.1,24.3,84.0,1012.3,7.5,130.0,35.0
2023-05-24,1.4,16.7,23.9,77.0,1013.6,12.8,60.0,37.0
2023-05-25,0.7,16.3,24.5,73.0,1017.5,14.8,35.0,21.0
2023-05-26,1.1,16.6,25.8,76.0,1018.3,7.2,44.0,16.0
2023-05-27,0.0,17.9,24.4,67.0,1018.5,10.1,36.0,48.0
2023-05-28,0.0,17.7,23.8,66.0,1015.1,10.3,56.0,73.0
2023-05-29,0.0,16.7,25.0,64.0,1014.3,11.9,36.0,47.0
2023-05-30,0.0,17.7,25.4,59.0,1015.4,14.6,47.0,39.0
2023-05-31,0.0,17.2,24.3,59.0,1017.3,17.0,59.0,34.0
2023-06-01,0.0,17.2,24.4,69.0,1015.5,7.7,102.0,18.0
2023-06-02,0.2,16.5,24.8,74.0,1012.6,4.7,1.0,53.0
2023-06-03,3.1,17.3,24.8,75.0,1014.7,11.8,63.0,86.0
2023-06-04,0.2,17.1,23.1,75.0,1016.5,10.9,59.0,71.0
2023-06-05,16.9,16.6,19.6,88.0,1016.0,11.4,49.0,98.0
2023-06-06,4.3,16.3,21.0,88.0,1015.5,6.9,51.0,82.0
2023-06-07,0.3,16.9,23.6,83.0,1015.8,6.5,73.0,69.0
2023-06-08,0.0,16.3,26.0,79.0,1013.6,7.9,188.0,22.0
2023-06-09,6.2,17.7,25.0,82.0,1011.8,6.2,143.0,53.0
2023-06-10,1.9,17.9,24.5,83.0,1011.2,5.1,138.0,74.0
2023-06-11,0.4,17.7,26.6,76.0,1011.9,5.7,31.0,38.0
2023-06-12,0.2,18.4,25.3,72.0,1012.4,11.4,43.0,37.0
2023-06-13,3.7,17.7,23.4,72.0,1011.3,12.2,57.0,89.0
2023-06-14,0.0,17.9,25.2,68.0,1010.8,11.4,52.0,78.0
2023-06-15,0.0,17.9,26.0,63.0,1013.4,12.8,34.0,30.0
2023-06-16,0.1,17.7,26.6,63.0,1013.9,9.5,10.0,14.0
2023-06-17,0.0,16.5,26.3,73.0,1014.1,9.1,169.0,4.0
2023-06-18,0.0,18.3,24.9,79.0,1015.5,10.4,98.0,41.0
2023-06-19,0.0,19.3,26.7,78.0,1015.6,9.2,102.0,60.0
2023-06-20,0.0,20.5,26.7,76.0,1016.4,9.8,127.0,73.0
2023-06-21,0.0,19.3,28.7,76.0,1016.7,8.0,127.0,45.0
2023-06-22,0.0,21.3,28.6,76.0,1017.3,7.1,120.0,63.0
2023-06-23,0.2,21.4,28.4,71.0,1014.1,9.6,15.0,46.0
2023-06-24,0.0,21.0,28.1,53.0,1017.6,12.4,79.0,12.0
2023-06-25,0.0,20.0,28.1,52.0,1017.0,8.1,137.0,2.0
2023-06-26,0.0,19.9,28.0,63.0,1015.2,10.3,121.0,15.0
2023-06-27,3.3,21.3,30.2,66.0,1012.9,11.6,86.0,76.0
2023-06-28,1.2,19.0,25.9,58.0,1014.5,15.0,70.0,44.0
2023-06-29,0.0,19.0,28.0,50.0,1016.2,12.1,114.0,11.0
2023-06-30,0.5,17.3,27.6,56.0,1012.1,9.1,159.0,73.0
2023-07-01,12.6,18.7,25.1,79.0,1008.2,9.1,61.0,85.0
2023-07-02,0.0,19.1,27.0,77.0,1009.6,8.9,111.0,28.0
2023-07-03,12.0,19.7,26.5,81.0,1012.3,11.1,39.0,64.0
2023-07-04,0.0,18.2,28.3,67.0,1013.9,7.0,42.0,60.0
2023-07-05,3.0,19.0,28.2,71.0,1013.6,7.4,100.0,54.0
2023-07-06,3.0,18.6,26.2,73.0,1015.8,11.7,29.0,61.0
2023-07-07,0.0,18.4,28.3,60.0,1020.0,7.5,43.0,7.0
2023-07-08,0.0,17.5,29.3,61.0,1020.5,8.4,137.0,20.0
2023-07-09,0.0,18.9,31.7,59.0,1020.2,5.8,159.0,6.0
2023-07-10,0.0,21.4,32.4,60.0,1019.3,7.4,148.0,38.0
2023-07-11,0.0,23.4,31.7,64.0,1017.0,8.9,106.0,24.0
2023-07-12,0.4,23.1,31.2,69.0,1014.7,11.8,67.0,78.0
2023-07-13,13.7,20.4,26.2,83.0,1014.0,9.1,44.0,67.0
2023-07-14,0.0,20.6,30.2,60.0,1016.4,10.4,63.0,15.0
2023-07-15,0.0,19.8,30.9,60.0,1015.4,9.1,130.0,2.0
2023-07-16,0.0,22.0,30.9,73.0,1014.8,8.5,100.0,4.0
2023-07-17,0.0,23.9,34.5,71.0,1015.3,9.8,106.0,4.0
2023-07-18,0.0,25.6,34.5,62.0,1015.9,12.6,69.0,12.0
2023-07-19,0.1,23.7,33.6,59.0,1010.9,6.2,47.0,66.0
2023-07-20,0.0,22.0,33.0,58.0,1008.8,9.2,51.0,28.0
2023-07-21,6.0,22.3,28.4,67.0,1009.1,15.6,44.0,60.0
2023-07-22,3.3,21.1,28.3,74.0,1012.9,8.8,45.0,37.0
2023-07-23,0.8,21.7,30.9,65.0,1014.8,12.9,76.0,38.0
2023-07-24,2.9,22.2,30.4,75.0,1010.6,13.3,47.0,62.0
2023-07-25,38.6,19.3,26.3,83.0,1002.8,11.7,1.0,74.0
2023-07-26,2.8,17.8,25.3,70.0,1008.0,10.0,47.0,28.0
2023-07-27,0.0,15.3,24.5,62.0,1015.0,10.8,74.0,14.0
2023-07-28,0.1,18.2,26.7,69.0,1013.1,8.3,72.0,32.0
2023-07-29,0.1,19.3,27.5,78.0,1012.9,8.6,104.0,34.0
2023-07-30,2.3,20.7,28.2,78.0,1012.0,6.4,37.0,49.0
2023-07-31,0.0,21.3,28.4,71.0,1012.2,10.1,69.0,46.0
2023-08-01,0.6,19.7,27.4,77.0,1005.6,8.3,46.0,73.0
2023-08-02,0.2,18.9,27.8,73.0,1006.4,12.3,72.0,29.0
2023-08-03,6.0,20.1,29.4,79.0,1005.4,10.9,130.0,44.0
2023-08-04,8.6,19.4,26.8,82.0,1007.1,17.6,40.0,78.0
2023-08-05,31.9,17.5,22.6,83.0,1005.9,11.2,339.0,93.0
2023-08-06,1.0,16.0,23.5,80.0,1005.8,8.6,53.0,30.0
2023-08-07,0.2,14.8,25.7,66.0,1011.7,8.1,27.0,10.0
2023-08-08,0.0,16.2,25.0,64.0,1016.9,11.7,68.0,35.0
2023-08-09,0.0,18.4,24.9,72.0,1015.9,9.2,57.0,88.0
2023-08-10,0.0,18.2,26.3,69.0,1018.4,8.0,52.0,15.0
2023-08-11,0.0,18.4,27.0,67.0,1021.5,7.1,72.0,18.0
2023-08-12,0.0,17.2,27.9,72.0,1020.5,6.3,132.0,4.0
2023-08-13,0.0,19.0,29.7,73.0,1018.2,5.1,193.0,4.0
2023-08-14,0.0,20.5,29.4,67.0,1017.5,8.1,127.0,11.0
2023-08-15,0.0,21.0,30.9,60.0,1016.7,6.3,47.0,8.0
2023-08-16,0.0,21.9,31.7,62.0,1016.6,7.0,41.0,28.0
2023-08-17,6.2,21.1,30.6,72.0,1015.9,7.3,38.0,31.0
2023-08-18,2.0,20.5,29.0,80.0,1015.8,6.0,54.0,60.0
2023-08-19,0.0,21.0,31.7,71.0,1016.2,6.6,111.0,3.0
2023-08-20,0.0,23.1,32.1,60.0,1018.5,6.4,65.0,2.0
2023-08-21,0.0,23.8,34.4,56.0,1019.1,6.6,53.0,1.0
2023-08-22,0.0,22.5,33.7,61.0,1017.3,6.0,66.0,10.0
2023-08-23,0.0,20.9,35.0,63.0,1015.1,6.1,227.0,25.0
2023-08-24,0.0,24.0,33.7,62.0,1014.8,7.5,113.0,24.0
2023-08-25,0.0,22.0,32.7,71.0,1012.6,6.8,106.0,26.0
2023-08-26,0.0,23.6,32.2,71.0,1010.3,10.2,97.0,30.0
2023-08-27,0.7,23.1,30.9,63.0,1007.4,6.7,17.0,77.0
2023-08-28,37.7,17.6,25.3,85.0,1001.2,18.6,41.0,84.0
2023-08-29,11.1,17.5,21.9,84.0,1000.8,12.8,40.0,95.0
2023-08-30,38.0,15.4,20.5,82.0,1006.0,12.1,354.0,80.0
2023-08-31,0.3,14.4,22.8,80.0,1013.1,7.0,40.0,43.0
2023-09-01,0.4,17.2,25.2,81.0,1017.8,8.8,63.0,29.0
2023-09-02,0.1,17.8,26.1,83.0,1020.1,7.7,132.0,41.0
2023-09-03,0.0,17.7,26.6,85.0,1021.4,5.2,80.0,77.0
2023-09-04,0.0,21.1,25.5,71.0,1022.7,10.7,84.0,67.0
2023-09-05,0.0,20.6,26.8,50.0,1021.9,15.0,59.0,38.0
2023-09-06,0.0,16.7,27.9,60.0,1020.8,9.8,25.0,3.0
2023-09-07,0.0,19.0,28.3,57.0,1020.1,13.8,47.0,0.0
2023-09-08,0.0,18.3,28.9,57.0,1019.1,10.9,31.0,0.0
2023-09-09,0.0,18.4,28.5,60.0,1018.1,8.7,35.0,0.0
2023-09-10,0.0,18.1,28.7,65.0,1017.9,6.2,22.0,0.0
2023-09-11,0.0,15.7,27.8,75.0,1015.2,6.3,184.0,1.0
2023-09-12,0.0,16.0,26.6,77.0,1014.5,6.8,119.0,61.0
2023-09-13,0.0,18.8,26.1,81.0,1015.7,6.2,59.0,75.0
2023-09-14,4.4,18.5,24.6,84.0,1017.2,7.4,51.0,55.0
2023-09-15,0.1,18.9,24.6,74.0,1018.2,9.2,61.0,74.0
2023-09-16,0.8,16.3,24.9,83.0,1018.4,6.7,188.0,46.0
2023-09-17,0.6,17.6,25.1,87.0,1018.6,6.7,133.0,83.0
2023-09-18,11.6,19.1,25.6,89.0,1015.6,9.8,86.0,77.0
2023-09-19,1.5,17.8,26.5,82.0,1013.5,9.5,20.0,50.0
2023-09-20,6.7,17.8,25.4,84.0,1015.4,9.2,45.0,69.0
2023-09-21,2.2,17.8,23.6,86.0,1010.2,8.5,73.0,72.0
2023-09-22,7.8,17.2,23.7,91.0,1006.8,10.3,35.0,96.0
2023-09-23,10.8,16.0,24.0,85.0,1010.5,11.9,23.0,82.0
2023-09-24,0.5,14.1,22.1,70.0,1019.4,8.2,96.0,44.0
2023-09-25,0.0,14.0,25.0,68.0,1021.2,7.3,2.0,9.0
2023-09-26,0.0,16.2,27.1,68.0,1020.7,10.9,25.0,0.0
2023-09-27,0.0,18.1,28.1,54.0,1019.5,15.6,37.0,24.0
2023-09-28,0.0,17.4,26.8,57.0,1018.9,10.7,32.0,16.0
2023-09-29,0.0,16.5,26.5,62.0,1020.7,6.5,16.0,8.0
2023-09-30,0.0,14.5,26.4,71.0,1021.4,5.0,27.0,40.0
2023-10-01,0.0,16.0,24.9,74.0,1023.8,7.7,57.0,6.0
2023-10-02,0.0,15.2,24.4,86.0,1024.8,6.3,111.0,23.0
2023-10-03,0.0,14.7,23.2,87.0,1021.9,5.5,104.0,42.0
2023-10-04,0.1,17.5,23.1,78.0,1023.3,14.1,36.0,70.0
2023-10-05,0.0,15.5,23.8,62.0,1023.9,7.7,61.0,61.0
2023-10-06,0.0,14.6,24.4,67.0,1024.5,7.7,27.0,53.0
2023-10-07,0.0,11.8,24.3,74.0,1023.5,6.5,146.0,16.0
2023-10-08,0.0,14.1,24.2,85.0,1022.3,4.2,18.0,72.0
2023-10-09,0.0,15.1,23.6,85.0,1020.9,7.2,66.0,72.0
2023-10-10,0.0,16.9,24.2,88.0,1020.0,6.8,67.0,85.0
2023-10-11,0.0,15.5,24.3,84.0,1021.4,6.2,84.0,8.0
2023-10-12,0.0,15.5,22.8,89.0,1020.6,5.6,137.0,79.0
2023-10-13,0.0,15.8,23.1,88.0,1020.5,8.2,173.0,70.0
2023-10-14,0.0,14.2,25.4,75.0,1014.4,7.4,244.0,23.0
2023-10-15,0.6,12.6,20.0,77.0,1012.0,18.2,49.0,66.0
2023-10-16,0.0,10.7,16.8,53.0,1020.3,13.1,44.0,95.0
2023-10-17,0.0,8.2,16.6,57.0,1018.8,9.3,35.0,77.0
2023-10-18,1.7,8.1,14.3,75.0,1015.5,10.5,24.0,98.0
2023-10-19,7.7,11.0,17.1,91.0,1005.2,8.1,12.0,96.0
2023-10-20,9.0,14.2,19.0,96.0,994.8,11.6,22.0,99.0
2023-10-21,2.3,14.1,21.7,88.0,1001.2,9.4,35.0,76.0
2023-10-22,0.9,11.3,20.5,89.0,1010.9,7.0,70.0,61.0
2023-10-23,0.0,12.2,20.7,80.0,1016.6,8.3,27.0,56.0
2023-10-24,41.2,14.6,19.5,91.0,1009.0,11.5,44.0,100.0
2023-10-25,0.1,12.7,20.0,84.0,1004.1,11.4,229.0,54.0
2023-10-26,5.2,10.9,18.2,90.0,1001.4,4.6,259.0,96.0
2023-10-27,22.6,13.7,20.9,86.0,994.7,13.1,288.0,48.0
2023-10-28,0.1,11.9,19.9,85.0,1005.8,7.1,42.0,44.0
2023-10-29,0.0,9.4,17.8,86.0,1013.0,7.7,3.0,71.0
2023-10-30,19.6,12.6,20.0,91.0,1010.2,14.8,96.0,99.0
2023-10-31,9.8,11.5,18.5,76.0,1003.9,16.0,204.0,52.0
2023-11-01,0.5,9.8,16.8,75.0,1013.1,8.8,19.0,60.0
2023-11-02,40.0,10.0,17.8,88.0,1000.7,15.8,129.0,91.0
2023-11-03,7.9,8.9,16.0,81.0,987.5,13.6,244.0,47.0
2023-11-04,4.6,6.0,14.5,77.0,997.3,8.2,19.0,54.0
2023-11-05,15.2,8.5,16.8,81.0,991.7,17.3,245.0,31.0
2023-11-06,0.0,6.0,16.2,88.0,1009.6,6.5,343.0,19.0
2023-11-07,3.6,7.7,16.6,87.0,1015.7,8.8,19.0,17.0
2023-11-08,0.0,6.0,15.3,86.0,1019.2,6.5,335.0,20.0
2023-11-09,0.3,4.5,12.3,91.0,1017.9,5.9,11.0,95.0
2023-11-10,6.4,7.1,13.9,87.0,1006.6,9.5,303.0,80.0
2023-11-11,0.4,5.4,12.5,92.0,1005.8,5.6,326.0,45.0
2023-11-12,0.0,5.1,13.0,82.0,1010.7,8.9,346.0,70.0
2023-11-13,0.0,4.0,11.1,92.0,1016.1,5.1,299.0,90.0
2023-11-14,0.0,4.6,12.2,88.0,1014.7,3.6,353.0,93.0
2023-11-15,0.0,6.4,16.1,88.0,1013.6,6.3,276.0,36.0
2023-11-16,0.2,4.8,13.8,81.0,1016.9,6.5,358.0,67.0
2023-11-17,0.0,4.5,15.3,81.0,1011.7,8.0,352.0,58.0
2023-11-18,0.0,2.3,14.1,67.0,1022.3,5.5,347.0,48.0
2023-11-19,0.0,2.4,12.2,79.0,1020.2,4.0,344.0,66.0
2023-11-20,0.0,2.7,11.4,81.0,1015.6,4.8,349.0,99.0
2023-11-21,0.1,6.3,14.0,76.0,1009.3,14.2,39.0,94.0
2023-11-22,0.0,7.0,14.7,62.0,1015.0,14.0,43.0,31.0
2023-11-23,0.0,3.2,11.8,73.0,1021.0,9.4,12.0,26.0
2023-11-24,0.0,2.3,8.6,90.0,1006.1,4.4,8.0,71.0
2023-11-25,0.0,1.3,11.1,48.0,1003.8,14.3,338.0,18.0
2023-11-26,0.0,-0.6,11.9,56.0,1011.0,9.2,314.0,5.0
2023-11-27,0.6,-0.0,8.0,67.0,1011.4,5.8,351.0,81.0
2023-11-28,0.9,1.9,7.9,88.0,996.3,6.1,321.0,60.0
2023-11-29,0.1,1.0,9.8,73.0,1006.6,12.8,27.0,50.0
2023-11-30,19.4,4.7,6.2,84.0,1006.0,8.9,3.0,100.0
2023-12-01,8.2,4.4,9.0,94.0,999.9,7.4,7.0,100.0
2023-12-02,14.5,6.8,14.3,84.0,995.4,12.1,229.0,84.0
2023-12-03,0.0,1.9,8.2,69.0,1019.2,13.9,57.0,15.0
2023-12-04,1.1,-0.5,5.0,71.0,1022.7,8.4,24.0,76.0
2023-12-05,4.2,1.4,6.9,89.0,1013.2,9.5,331.0,100.0
2023-12-06,0.1,0.3,9.4,91.0,1012.8,6.4,298.0,60.0
2023-12-07,0.0,-0.6,9.0,90.0,1019.3,5.1,328.0,68.0
2023-12-08,0.5,-0.7,7.6,88.0,1017.8,6.0,339.0,97.0
2023-12-09,0.1,1.2,9.0,90.0,1017.3,6.1,283.0,65.0
2023-12-10,0.8,1.6,8.3,92.0,1014.9,4.1,308.0,66.0
2023-12-11,0.0,1.5,7.9,91.0,1014.2,6.7,334.0,98.0
2023-12-12,0.0,0.7,9.2,90.0,1012.7,5.0,302.0,99.0
2023-12-13,15.1,5.3,8.0,95.0,1003.2,5.1,337.0,98.0
2023-12-14,0.0,2.8,10.4,96.0,1010.2,6.5,292.0,69.0
2023-12-15,0.0,1.1,11.7,87.0,1027.1,7.2,15.0,47.0
2023-12-16,0.0,0.9,9.4,79.0,1038.1,7.0,12.0,5.0
2023-12-17,0.0,-0.2,9.1,80.0,1039.3,7.8,313.0,12.0
2023-12-18,0.0,0.3,8.7,94.0,1034.4,5.8,282.0,57.0
2023-12-19,0.0,0.1,8.9,93.0,1026.0,3.9,296.0,30.0
2023-12-20,0.0,-0.5,8.0,95.0,1014.8,5.8,8.0,81.0
2023-12-21,0.0,-0.3,8.2,87.0,1009.7,6.7,286.0,56.0
2023-12-22,0.0,-0.2,12.1,90.0,1001.0,5.5,346.0,85.0
2023-12-23,0.0,0.9,10.3,93.0,1006.0,5.5,9.0,92.0
2023-12-24,0.0,2.9,12.4,91.0,1013.0,6.9,351.0,44.0
2023-12-25,0.0,3.5,8.6,98.0,1018.1,3.1,334.0,94.0
2023-12-26,0.0,5.4,9.7,96.0,1020.3,5.1,261.0,95.0
2023-12-27,0.0,4.2,10.0,96.0,1026.1,3.5,347.0,88.0
2023-12-28,0.0,4.7,9.3,96.0,1027.1,4.6,211.0,100.0
2023-12-29,0.0,5.6,8.3,95.0,1023.2,3.4,19.0,100.0
2023-12-30,0.0,3.9,10.3,88.0,1021.3,4.9,347.0,80.0
2023-12-31,1.6,4.0,9.9,87.0,1016.4,5.9,21.0,92.0
2024-01-01,5.9,3.3,10.6,94.0,1012.2,6.9,310.0,85.0
2024-01-02,0.1,2.1,6.4,94.0,1015.1,6.0,264.0,100.0
2024-01-03,0.0,2.8,8.7,92.0,1009.1,4.1,330.0,77.0
2024-01-04,0.0,2.5,7.7,95.0,1008.9,6.4,5.0,85.0
2024-01-05,3.8,3.2,11.0,88.0,1009.2,14.0,29.0,100.0
2024-01-06,50.3,7.9,9.7,92.0,999.8,18.6,40.0,100.0
2024-01-07,9.0,6.6,9.2,82.0,1000.4,12.5,29.0,100.0
2024-01-08,0.0,5.3,9.6,70.0,1011.2,10.7,62.0,98.0
2024-01-09,0.0,1.3,6.8,61.0,1023.1,13.7,48.0,24.0
2024-01-10,0.0,0.2,5.6,59.0,1028.1,14.3,54.0,84.0
2024-01-11,0.0,-2.9,6.6,75.0,1025.1,7.1,340.0,5.0
2024-01-12,0.0,-2.8,8.7,85.0,1024.2,9.4,29.0,47.0
2024-01-13,0.0,-3.5,5.6,87.0,1023.0,6.5,342.0,7.0
2024-01-14,0.0,-2.1,3.9,90.0,1014.2,3.8,312.0,92.0
2024-01-15,0.2,-0.6,6.8,79.0,1003.2,5.2,317.0,56.0
2024-01-16,0.0,-0.5,8.5,71.0,1009.3,11.2,29.0,44.0
2024-01-17,5.5,3.5,4.9,79.0,1006.4,6.7,356.0,100.0
2024-01-18,9.0,4.2,8.4,92.0,997.8,6.5,292.0,85.0
2024-01-19,3.1,3.2,7.2,75.0,1008.9,20.0,61.0,97.0
2024-01-20,0.0,-2.7,6.3,52.0,1028.4,10.5,19.0,0.0
2024-01-21,0.0,-3.8,7.2,67.0,1033.4,7.0,322.0,24.0
2024-01-22,0.5,-3.9,4.3,85.0,1031.0,5.0,267.0,62.0
2024-01-23,1.0,-1.9,9.2,81.0,1028.9,5.9,352.0,36.0
2024-01-24,0.0,-2.2,7.7,85.0,1029.8,4.3,324.0,81.0
2024-01-25,0.0,-0.0,11.2,90.0,1025.8,5.1,312.0,67.0
2024-01-26,0.0,0.5,9.4,94.0,1026.5,4.9,277.0,85.0
2024-01-27,0.0,0.2,7.9,97.0,1030.1,4.1,337.0,85.0
2024-01-28,0.0,0.2,8.0,95.0,1037.1,4.4,274.0,69.0
2024-01-29,0.0,-1.7,8.1,93.0,1037.0,6.3,284.0,58.0
2024-01-30,0.0,-2.5,8.3,91.0,1036.4,5.1,272.0,56.0
2024-01-31,0.0,-2.5,6.7,92.0,1034.3,4.0,261.0,79.0
2024-02-01,0.0,-2.6,6.0,91.0,1028.6,4.2,297.0,55.0
2024-02-02,0.0,-2.0,8.7,84.0,1029.2,4.8,281.0,55.0
2024-02-03,0.0,-2.1,8.8,91.0,1026.9,3.7,27.0,69.0
2024-02-04,0.0,-1.6,9.5,91.0,1024.7,4.1,19.0,90.0
2024-02-05,0.0,-0.0,9.1,95.0,1024.3,4.9,28.0,92.0
2024-02-06,0.0,2.2,9.7,94.0,1022.7,5.2,230.0,100.0
2024-02-07,0.2,5.2,9.1,95.0,1015.3,3.4,100.0,93.0
2024-02-08,0.0,6.2,10.6,94.0,1010.3,4.8,120.0,100.0
2024-02-09,9.8,6.8,11.3,96.0,1004.1,5.3,103.0,100.0
2024-02-10,11.1,8.4,11.1,95.0,996.2,12.3,63.0,99.0
2024-02-11,10.1,8.8,13.5,89.0,992.4,9.7,354.0,99.0
2024-02-12,4.8,5.1,10.8,90.0,1003.8,8.8,19.0,95.0
2024-02-13,0.0,3.1,15.2,86.0,1016.3,6.9,276.0,39.0
2024-02-14,0.0,4.0,11.8,93.0,1024.4,5.1,58.0,62.0
2024-02-15,0.0,3.9,10.0,94.0,1024.3,2.9,163.0,97.0
2024-02-16,0.0,3.8,10.0,95.0,1022.2,3.6,246.0,77.0
2024-02-17,0.0,2.1,11.1,96.0,1026.9,3.7,277.0,82.0
2024-02-18,0.0,5.2,14.3,90.0,1030.8,5.9,98.0,81.0
2024-02-19,0.4,6.0,14.2,88.0,1024.8,5.2,102.0,61.0
2024-02-20,0.0,4.3,15.7,85.0,1024.8,5.8,337.0,24.0
2024-02-21,0.0,4.2,13.9,78.0,1024.5,7.3,74.0,53.0
2024-02-22,2.0,5.6,10.5,90.0,1013.5,5.6,55.0,100.0
2024-02-23,24.9,8.1,11.8,87.0,999.6,18.9,171.0,100.0
2024-02-24,0.6,4.3,12.7,86.0,1006.6,6.2,7.0,56.0
2024-02-25,2.7,5.6,12.7,88.0,1010.4,10.2,36.0,46.0
2024-02-26,5.6,4.2,10.8,92.0,1007.7,11.9,36.0,95.0
2024-02-27,29.8,7.9,10.8,90.0,1009.4,23.1,44.0,100.0
2024-02-28,27.3,9.2,15.6,89.0,1015.9,15.8,37.0,99.0
2024-02-29,1.8,10.4,16.8,79.0,1014.6,13.9,46.0,84.0
2024-03-01,8.7,9.7,13.3,88.0,1007.0,15.6,49.0,96.0
2024-03-02,5.9,7.2,12.9,92.0,1009.4,10.7,53.0,79.0
2024-03-03,3.1,5.8,13.6,90.0,1009.1,11.9,62.0,96.0
2024-03-04,11.1,9.0,14.9,86.0,1007.0,17.0,31.0,93.0
2024-03-05,9.7,5.3,16.6,82.0,1010.9,6.4,302.0,76.0
2024-03-06,4.6,8.3,12.9,86.0,1014.8,13.8,58.0,85.0
2024-03-07,10.2,6.2,12.1,88.0,1017.4,6.5,25.0,86.0
2024-03-08,2.2,6.4,9.1,79.0,1017.3,16.1,41.0,96.0
2024-03-09,9.5,6.2,12.0,86.0,1011.9,14.2,36.0,99.0
2024-03-10,16.0,6.7,12.4,91.0,1004.8,16.2,84.0,92.0
2024-03-11,0.0,3.6,15.1,87.0,1004.9,7.2,256.0,100.0
2024-03-12,0.0,5.8,14.7,92.0,1011.6,6.0,113.0,75.0
2024-03-13,0.7,7.3,15.0,90.0,1016.9,6.2,121.0,57.0
2024-03-14,0.0,6.0,13.6,93.0,1018.2,6.5,164.0,81.0
2024-03-15,0.2,6.2,14.4,89.0,1017.5,5.1,117.0,86.0
2024-03-16,0.1,10.3,15.3,88.0,1019.0,5.9,98.0,64.0
2024-03-17,0.3,7.4,15.3,94.0,1021.5,5.4,130.0,85.0
2024-03-18,11.6,9.1,13.1,95.0,1015.9,5.4,74.0,98.0
2024-03-19,0.0,8.0,15.2,90.0,1017.9,6.7,87.0,57.0
2024-03-20,0.0,8.8,15.3,80.0,1022.5,7.3,133.0,71.0
2024-03-21,0.2,6.4,15.7,89.0,1021.6,6.2,122.0,78.0
2024-03-22,0.0,7.4,19.0,79.0,1019.9,7.4,258.0,54.0
2024-03-23,0.8,6.7,16.5,83.0,1010.8,10.0,195.0,61.0
2024-03-24,0.9,5.6,14.5,66.0,1008.0,11.9,49.0,29.0
2024-03-25,0.0,2.9,14.3,76.0,1008.7,7.3,116.0,39.0
2024-03-26,10.9,7.3,12.7,84.0,1003.8,17.7,35.0,93.0
2024-03-27,24.5,8.8,14.3,90.0,995.1,18.0,141.0,87.0
2024-03-28,12.5,6.5,11.2,82.0,1000.6,13.1,211.0,60.0
2024-03-29,0.0,5.1,16.6,86.0,1012.2,10.2,42.0,80.0
2024-03-30,7.7,11.1,17.2,87.0,1009.5,17.7,61.0,84.0
2024-03-31,13.8,11.7,16.9,89.0,1007.4,13.4,79.0,94.0
2024-04-01,10.0,9.6,15.1,93.0,1004.9,10.2,105.0,95.0
2024-04-02,0.7,7.8,16.9,84.0,1012.1,5.6,118.0,56.0
2024-04-03,0.7,7.4,16.1,83.0,1015.8,8.5,145.0,82.0
2024-04-04,0.0,6.4,17.2,86.0,1018.6,8.3,158.0,62.0
2024-04-05,0.4,8.6,18.4,88.0,1022.4,7.9,155.0,86.0
2024-04-06,0.0,10.3,19.8,83.0,1023.1,6.8,156.0,49.0
2024-04-07,0.0,9.0,20.3,90.0,1021.1,5.6,128.0,48.0
2024-04-08,0.0,10.5,17.1,96.0,1017.8,4.7,126.0,100.0
2024-04-09,0.0,10.8,18.7,89.0,1015.4,8.4,84.0,85.0
2024-04-10,4.2,14.1,17.7,79.0,1017.1,19.1,37.0,99.0
2024-04-11,0.0,12.7,22.0,60.0,1026.8,11.3,34.0,67.0
2024-04-12,0.0,13.6,23.5,68.0,1028.4,8.6,16.0,1.0
2024-04-13,0.0,13.1,25.2,75.0,1026.4,6.7,250.0,28.0
2024-04-14,0.0,12.7,23.4,81.0,1022.2,7.9,138.0,38.0
2024-04-15,0.0,13.1,23.0,73.0,1012.2,10.8,198.0,55.0
2024-04-16,21.3,8.9,19.9,66.0,1001.7,21.4,85.0,84.0
2024-04-17,0.3,4.6,14.9,74.0,1005.6,6.2,327.0,67.0
2024-04-18,0.7,7.0,14.5,68.0,1010.0,11.7,40.0,92.0
2024-04-19,0.0,4.8,16.0,59.0,1014.3,11.7,221.0,47.0
2024-04-20,1.0,6.3,16.5,65.0,1010.1,11.5,51.0,65.0
2024-04-21,0.0,6.8,14.2,53.0,1014.4,9.4,29.0,46.0
2024-04-22,17.3,5.9,11.3,71.0,1014.0,25.3,48.0,100.0
2024-04-23,3.0,6.3,13.2,71.0,1009.0,24.4,48.0,86.0
2024-04-24,7.2,7.0,13.2,77.0,1006.8,11.3,29.0,89.0
2024-04-25,2.1,5.6,13.5,70.0,1008.7,11.9,57.0,29.0
2024-04-26,0.2,5.5,14.2,77.0,1012.5,10.6,68.0,43.0
2024-04-27,1.1,8.4,16.0,84.0,1016.9,8.8,67.0,68.0
2024-04-28,0.0,10.1,18.1,79.0,1020.2,9.0,77.0,81.0
2024-04-29,0.0,8.3,23.8,77.0,1020.9,5.5,240.0,22.0
2024-04-30,0.0,9.8,24.1,74.0,1017.9,6.8,70.0,21.0
2024-05-01,8.3,15.2,22.8,71.0,1010.5,17.2,72.0,97.0
2024-05-02,22.4,11.6,18.9,86.0,1007.1,12.5,145.0,85.0
2024-05-03,2.3,9.1,17.6,83.0,1010.8,6.9,36.0,96.0
2024-05-04,1.9,11.0,20.6,79.0,1015.0,7.0,249.0,50.0
2024-05-05,0.1,9.9,21.8,80.0,1014.7,9.8,192.0,56.0
2024-05-06,0.4,13.2,21.0,83.0,1013.3,8.8,191.0,94.0
2024-05-07,5.0,13.0,16.8,89.0,1013.3,7.6,49.0,99.0
2024-05-08,1.5,12.7,20.3,81.0,1016.5,6.6,29.0,66.0
2024-05-09,0.0,14.4,22.2,66.0,1019.1,9.2,64.0,84.0
2024-05-10,0.0,13.8,23.1,58.0,1019.4,10.2,48.0,34.0
2024-05-11,0.0,15.0,23.3,59.0,1018.8,10.1,100.0,23.0
2024-05-12,0.0,12.6,23.5,66.0,1017.4,6.7,109.0,32.0
2024-05-13,0.0,14.4,21.0,75.0,1015.5,9.8,64.0,94.0
2024-05-14,2.2,14.1,20.6,82.0,1011.9,10.6,71.0,47.0
2024-05-15,14.6,14.5,17.6,89.0,1010.9,18.3,53.0,99.0
2024-05-16,84.2,14.7,17.3,92.0,1007.3,15.8,60.0,100.0
2024-05-17,5.7,11.3,21.9,76.0,1009.1,10.0,219.0,22.0
2024-05-18,0.0,12.5,21.4,81.0,1013.3,9.2,80.0,14.0
2024-05-19,0.5,13.8,21.1,85.0,1012.0,7.7,96.0,69.0
2024-05-20,0.2,15.1,21.9,85.0,1010.8,8.4,87.0,73.0
2024-05-21,40.4,16.3,20.2,91.0,1006.3,12.0,85.0,87.0
2024-05-22,1.2,14.0,20.8,83.0,1010.8,6.2,329.0,53.0
2024-05-23,1.0,12.5,21.7,80.0,1015.7,6.1,282.0,28.0
2024-05-24,9.5,12.2,20.6,83.0,1018.2,7.0,137.0,50.0
2024-05-25,13.8,13.8,22.1,79.0,1017.2,7.7,1.0,73.0
2024-05-26,0.0,12.4,24.3,74.0,1017.2,7.7,157.0,16.0
2024-05-27,0.0,14.8,24.1,77.0,1017.9,6.0,87.0,64.0
2024-05-28,3.3,16.1,23.1,81.0,1015.0,7.3,20.0,83.0
2024-05-29,0.0,15.3,22.7,74.0,1014.3,9.0,86.0,48.0
2024-05-30,6.4,15.5,21.0,87.0,1007.7,10.2,38.0,90.0
2024-05-31,14.8,14.3,22.1,83.0,1003.0,13.6,56.0,74.0
2024-06-01,0.2,12.0,21.1,79.0,1011.3,8.2,93.0,38.0
2024-06-02,0.8,15.1,23.4,81.0,1014.8,9.5,58.0,46.0
2024-06-03,0.6,14.5,21.8,80.0,1013.4,6.9,223.0,61.0
2024-06-04,1.3,15.5,23.4,83.0,1013.9,7.4,85.0,75.0
2024-06-05,1.4,16.0,23.6,85.0,1015.2,9.1,102.0,27.0
2024-06-06,0.0,17.4,24.6,85.0,1017.0,9.1,108.0,38.0
2024-06-07,0.0,18.4,26.1,84.0,1016.2,7.7,112.0,63.0
2024-06-08,0.4,19.0,26.5,81.0,1013.4,7.4,98.0,83.0
2024-06-09,6.2,19.3,26.1,86.0,1007.9,9.3,87.0,98.0
2024-06-10,13.5,18.6,27.0,82.0,1004.1,9.3,335.0,83.0
2024-06-11,25.1,17.7,22.1,80.0,1009.0,12.2,48.0,73.0
2024-06-12,6.4,15.5,21.4,76.0,1012.2,20.8,43.0,87.0
2024-06-13,8.1,14.1,21.5,68.0,1015.1,14.0,42.0,52.0
2024-06-14,0.4,12.4,22.0,71.0,1016.7,7.9,150.0,75.0
2024-06-15,0.1,16.1,23.8,76.0,1012.4,8.9,108.0,40.0
2024-06-16,0.3,16.7,25.9,78.0,1010.7,8.1,49.0,54.0
2024-06-17,0.0,17.8,25.7,79.0,1015.3,9.0,96.0,13.0
2024-06-18,0.0,17.7,25.9,77.0,1017.4,7.7,111.0,46.0
2024-06-19,0.0,18.4,26.9,81.0,1016.3,7.8,97.0,24.0
2024-06-20,0.0,20.9,28.2,85.0,1018.0,6.9,100.0,65.0
2024-06-21,25.2,20.9,28.6,85.0,1014.8,9.0,86.0,64.0
2024-06-22,2.8,19.2,28.8,74.0,1009.6,7.1,145.0,33.0
2024-06-23,28.5,18.7,26.6,71.0,1010.5,17.7,30.0,93.0
2024-06-24,1.6,19.3,27.3,64.0,1012.4,17.3,39.0,66.0
2024-06-25,13.3,19.2,25.9,75.0,1012.4,14.0,39.0,47.0
2024-06-26,1.7,18.0,25.0,81.0,1011.5,5.8,38.0,41.0
2024-06-27,0.0,17.0,27.9,81.0,1010.8,5.7,187.0,34.0
2024-06-28,0.0,20.7,27.6,83.0,1014.9,7.3,113.0,31.0
2024-06-29,0.0,21.4,29.1,83.0,1016.2,6.1,110.0,41.0
2024-06-30,0.0,22.0,29.4,73.0,1010.3,9.8,224.0,27.0
2024-07-01,6.1,20.3,26.7,84.0,1010.0,7.7,17.0,66.0
2024-07-02,0.0,17.1,26.8,71.0,1009.0,6.6,344.0,46.0
2024-07-03,16.2,16.6,24.0,74.0,1008.6,11.9,21.0,98.0
2024-07-04,0.2,15.5,24.8,72.0,1010.3,6.3,50.0,19.0
2024-07-05,0.0,16.7,26.4,71.0,1014.5,7.6,123.0,13.0
2024-07-06,0.2,18.8,26.8,77.0,1012.2,8.0,93.0,51.0
2024-07-07,0.3,20.0,27.8,77.0,1011.5,11.7,47.0,55.0
2024-07-08,0.6,20.7,29.5,72.0,1014.3,5.6,40.0,36.0
2024-07-09,0.0,20.7,32.2,71.0,1015.2,4.7,347.0,2.0
2024-07-10,0.0,23.6,33.3,63.0,1014.0,6.9,322.0,25.0
2024-07-11,0.0,21.9,33.7,69.0,1013.2,5.5,214.0,7.0
2024-07-12,3.8,24.4,30.6,77.0,1010.7,8.2,57.0,23.0
2024-07-13,0.8,21.9,31.3,69.0,1009.1,8.0,325.0,33.0
2024-07-14,0.1,22.5,31.6,64.0,1010.8,8.0,244.0,46.0
2024-07-15,0.0,21.1,32.1,61.0,1012.4,8.2,125.0,6.0
2024-07-16,0.0,22.1,32.0,63.0,1011.3,7.9,136.0,14.0
2024-07-17,0.0,24.0,34.3,58.0,1013.5,6.9,25.0,32.0
2024-07-18,0.0,25.8,33.5,51.0,1016.5,12.3,57.0,5.0
2024-07-19,1.9,25.3,34.5,51.0,1014.7,8.5,21.0,27.0
2024-07-20,9.6,22.5,29.9,68.0,1010.2,9.0,1.0,52.0
2024-07-21,0.0,21.3,29.0,74.0,1009.1,7.9,110.0,30.0
2024-07-22,0.5,22.0,30.7,74.0,1011.4,7.1,14.0,58.0
2024-07-23,0.0,21.7,31.4,67.0,1014.6,7.6,10.0,32.0
2024-07-24,0.0,21.0,30.7,65.0,1012.9,8.2,33.0,43.0
2024-07-25,0.2,22.4,29.4,54.0,1012.2,12.7,64.0,45.0
2024-07-26,0.0,20.8,29.4,63.0,1012.6,8.7,111.0,17.0
2024-07-27,0.0,21.4,30.7,66.0,1014.9,7.7,130.0,5.0
2024-07-28,1.2,21.9,31.7,71.0,1016.8,8.5,89.0,23.0
2024-07-29,1.7,23.2,31.0,60.0,1018.1,11.0,44.0,37.0
2024-07-30,0.0,23.1,30.0,56.0,1017.2,10.5,79.0,32.0
2024-07-31,0.0,21.4,31.9,67.0,1013.9,7.3,168.0,10.0
2024-08-01,0.4,22.6,31.2,75.0,1010.5,7.8,115.0,41.0
2024-08-02,0.8,19.7,29.1,77.0,1008.8,5.2,107.0,34.0
2024-08-03,0.0,21.3,30.6,66.0,1008.4,8.7,45.0,26.0
2024-08-04,0.0,21.7,30.6,58.0,1011.0,7.3,41.0,58.0
2024-08-05,0.1,22.5,30.3,63.0,1011.4,8.6,71.0,57.0
2024-08-06,0.0,22.9,29.7,67.0,1011.2,9.0,76.0,24.0
2024-08-07,1.5,22.4,31.2,70.0,1011.4,6.5,203.0,85.0
2024-08-08,0.0,19.5,31.1,70.0,1012.9,5.7,155.0,29.0
2024-08-09,0.0,22.4,31.0,62.0,1015.1,7.8,88.0,31.0
2024-08-10,0.0,22.9,32.7,66.0,1018.1,6.7,101.0,5.0
2024-08-11,0.0,23.0,33.1,66.0,1017.7,6.6,118.0,6.0
2024-08-12,0.0,22.0,34.6,62.0,1013.0,5.9,187.0,34.0
2024-08-13,0.0,23.2,34.1,66.0,1010.1,4.5,284.0,30.0
2024-08-14,2.2,24.7,33.4,65.0,1010.7,5.9,226.0,48.0
2024-08-15,0.0,21.9,33.0,65.0,1014.3,7.9,247.0,74.0
2024-08-16,0.0,21.2,32.9,65.0,1014.6,6.1,237.0,32.0
2024-08-17,0.0,22.2,32.7,66.0,1011.4,4.7,266.0,58.0
2024-08-18,7.8,22.0,28.7,76.0,1007.2,9.5,48.0,79.0
2024-08-19,13.1,21.3,25.3,85.0,1008.3,9.2,1.0,100.0
2024-08-20,7.4,21.3,27.8,78.0,1010.2,9.8,347.0,54.0
2024-08-21,0.0,20.1,29.9,73.0,1010.8,4.9,340.0,16.0
2024-08-22,7.0,20.9,28.7,69.0,1013.4,8.8,55.0,69.0
2024-08-23,0.0,20.5,29.5,70.0,1014.0,7.5,143.0,9.0
2024-08-24,0.0,22.2,29.8,74.0,1015.8,7.6,119.0,4.0
2024-08-25,0.0,21.1,30.9,78.0,1013.9,5.4,122.0,11.0
2024-08-26,0.1,22.1,31.7,58.0,1013.7,14.4,18.0,91.0
2024-08-27,0.0,23.3,30.9,54.0,1015.7,13.2,46.0,48.0
2024-08-28,0.0,22.3,31.2,58.0,1016.8,8.2,26.0,20.0
2024-08-29,0.0,22.3,33.3,61.0,1016.1,6.6,343.0,3.0
2024-08-30,0.0,22.8,32.6,59.0,1016.1,6.0,67.0,23.0
2024-08-31,0.0,23.5,32.9,57.0,1016.5,6.7,8.0,35.0
2024-09-01,0.0,23.2,32.7,58.0,1014.3,8.9,81.0,81.0
2024-09-02,0.1,19.6,32.8,56.0,1012.4,7.2,248.0,14.0
2024-09-03,0.0,19.9,30.5,68.0,1015.0,6.2,215.0,18.0
2024-09-04,0.0,20.1,29.9,72.0,1013.7,5.9,128.0,42.0
2024-09-05,42.8,19.2,24.6,86.0,1009.9,12.3,44.0,83.0
2024-09-06,4.0,18.0,24.5,84.0,1012.6,7.4,48.0,59.0
2024-09-07,0.3,18.2,25.9,83.0,1016.1,7.2,112.0,14.0
2024-09-08,40.5,20.2,26.6,91.0,1012.4,8.2,26.0,96.0
2024-09-09,28.1,19.8,26.3,81.0,1003.0,9.7,55.0,61.0
2024-09-10,0.0,15.9,25.8,80.0,1008.6,5.9,23.0,13.0
2024-09-11,4.6,17.9,23.5,81.0,1008.8,11.5,33.0,75.0
2024-09-12,26.5,14.2,18.8,84.0,1003.8,18.0,32.0,94.0
2024-09-13,0.3,12.5,17.6,63.0,1007.5,9.9,321.0,100.0
2024-09-14,0.0,14.1,21.5,47.0,1012.4,13.2,298.0,100.0
2024-09-15,0.0,12.2,21.5,62.0,1012.9,8.2,39.0,89.0
2024-09-16,1.5,12.2,22.1,61.0,1012.4,10.0,22.0,72.0
2024-09-17,2.7,13.1,20.5,69.0,1016.3,18.6,55.0,69.0
2024-09-18,0.1,16.1,21.5,57.0,1018.4,21.8,56.0,79.0
2024-09-19,0.0,17.0,23.4,54.0,1016.5,17.8,42.0,88.0
2024-09-20,0.0,16.3,24.1,57.0,1019.3,15.3,48.0,39.0
2024-09-21,0.0,15.8,23.9,66.0,1021.4,10.4,41.0,20.0
2024-09-22,0.0,14.6,22.8,67.0,1018.3,7.6,39.0,68.0
2024-09-23,7.1,13.6,22.2,85.0,1013.6,9.2,67.0,54.0
2024-09-24,13.2,15.0,22.9,83.0,1009.8,11.9,243.0,61.0
2024-09-25,0.4,13.6,22.5,83.0,1013.7,8.1,141.0,52.0
2024-09-26,0.0,15.7,24.7,81.0,1010.4,8.1,259.0,84.0
2024-09-27,5.1,18.8,24.5,78.0,1006.3,9.8,185.0,70.0
2024-09-28,0.5,13.9,20.4,71.0,1010.8,13.9,28.0,38.0
2024-09-29,0.0,11.6,19.6,66.0,1023.0,7.9,45.0,37.0
2024-09-30,0.0,13.4,18.8,67.0,1021.7,10.6,72.0,45.0
2024-10-01,1.8,13.3,18.1,84.0,1016.3,10.1,45.0,95.0
2024-10-02,13.7,14.2,18.5,94.0,1006.9,8.3,28.0,95.0
2024-10-03,56.8,11.6,15.8,84.0,1004.9,25.6,43.0,100.0
2024-10-04,13.2,10.9,13.9,86.0,1007.4,12.7,8.0,99.0
2024-10-05,12.0,10.9,16.5,80.0,1012.8,14.4,30.0,72.0
2024-10-06,0.0,8.3,18.2,79.0,1013.2,7.8,265.0,42.0
2024-10-07,0.0,9.2,17.0,85.0,1015.6,4.6,4.0,85.0
2024-10-08,20.5,14.3,20.0,90.0,1010.2,20.3,124.0,100.0
2024-10-09,0.2,14.8,20.9,87.0,1005.4,11.3,208.0,83.0
2024-10-10,25.5,15.2,22.4,86.0,1000.8,13.6,162.0,73.0
2024-10-11,0.0,12.2,21.0,68.0,1010.5,10.1,28.0,6.0
2024-10-12,0.0,12.2,18.9,74.0,1018.3,10.3,53.0,52.0
2024-10-13,0.0,12.0,20.1,87.0,1017.4,5.6,308.0,86.0
2024-10-14,0.0,12.6,18.6,86.0,1019.8,5.7,349.0,79.0
2024-10-15,0.1,13.3,19.2,89.0,1020.6,5.4,49.0,98.0
2024-10-16,2.6,12.7,18.2,88.0,1022.2,9.2,37.0,99.0
2024-10-17,3.0,14.3,19.0,88.0,1021.4,11.7,50.0,99.0
2024-10-18,25.2,15.0,19.5,93.0,1017.0,16.3,51.0,87.0
2024-10-19,17.8,14.6,21.1,88.0,1017.7,17.1,52.0,99.0
2024-10-20,1.9,14.2,21.2,72.0,1024.1,12.3,55.0,70.0
2024-10-21,0.0,11.6,20.3,82.0,1029.2,5.1,53.0,42.0
2024-10-22,0.0,12.1,19.7,90.0,1028.6,4.4,80.0,63.0
2024-10-23,33.8,14.2,17.7,95.0,1028.9,7.2,30.0,100.0
2024-10-24,9.7,14.7,17.7,86.0,1028.4,12.2,48.0,93.0
2024-10-25,1.0,13.4,18.6,89.0,1025.1,7.7,48.0,92.0
2024-10-26,27.8,15.4,20.0,94.0,1022.5,10.3,52.0,95.0
2024-10-27,0.2,13.9,20.0,95.0,1023.6,6.2,56.0,82.0
2024-10-28,0.3,13.7,18.9,97.0,1026.2,3.8,204.0,89.0
2024-10-29,0.0,12.7,20.9,92.0,1025.4,4.4,319.0,53.0
2024-10-30,0.0,10.5,21.6,87.0,1024.3,3.9,326.0,2.0
2024-10-31,0.0,10.8,20.7,84.0,1025.4,5.9,327.0,5.0
2024-11-01,0.0,10.1,17.5,94.0,1024.5,5.4,281.0,47.0
2024-11-02,0.0,10.2,17.8,92.0,1023.1,5.7,20.0,58.0
2024-11-03,0.0,10.0,17.1,74.0,1027.6,9.4,31.0,28.0
2024-11-04,0.0,6.3,16.8,83.0,1026.7,4.7,341.0,9.0
2024-11-05,0.0,7.4,16.5,74.0,1026.3,8.3,27.0,67.0
2024-11-06,0.0,7.3,16.0,77.0,1028.4,6.1,9.0,94.0
2024-11-07,0.0,6.6,15.7,83.0,1030.3,6.4,3.0,44.0
2024-11-08,0.0,5.9,15.1,93.0,1029.0,6.0,317.0,98.0
2024-11-09,0.0,5.9,14.6,86.0,1026.8,6.4,324.0,87.0
2024-11-10,0.0,4.3,15.9,80.0,1023.1,7.3,7.0,19.0
2024-11-11,0.0,5.8,12.4,69.0,1024.7,10.9,27.0,3.0
2024-11-12,0.0,5.0,12.4,66.0,1024.3,13.5,43.0,12.0
2024-11-13,0.0,3.0,11.1,73.0,1024.8,9.6,23.0,24.0
2024-11-14,0.1,3.2,10.1,70.0,1023.9,8.8,24.0,42.0
2024-11-15,0.0,0.8,10.8,85.0,1024.5,5.0,346.0,19.0
2024-11-16,0.0,2.6,12.1,78.0,1022.9,6.6,315.0,1.0
2024-11-17,0.0,2.6,8.0,91.0,1016.0,4.1,308.0,70.0
2024-11-18,0.0,2.2,12.6,85.0,1013.2,5.8,321.0,90.0
2024-11-19,0.0,5.1,11.2,85.0,1010.4,4.5,317.0,91.0
2024-11-20,0.1,5.3,12.6,75.0,998.2,7.3,338.0,80.0
2024-11-21,4.4,0.6,8.8,75.0,1003.8,8.0,4.0,59.0
2024-11-22,3.4,2.4,9.2,87.0,1000.4,8.7,288.0,66.0
2024-11-23,0.0,-1.5,9.1,71.0,1025.1,5.5,279.0,29.0
2024-11-24,0.0,-0.6,8.0,79.0,1032.9,4.1,328.0,95.0
2024-11-25,0.0,0.4,8.1,86.0,1028.6,3.3,312.0,61.0
2024-11-26,0.3,4.5,8.6,82.0,1023.3,5.1,353.0,94.0
2024-11-27,2.0,5.7,11.4,92.0,1023.7,5.8,338.0,73.0
2024-11-28,0.6,3.8,11.6,94.0,1022.8,6.2,292.0,88.0
2024-11-29,0.0,4.4,13.5,76.0,1025.9,9.2,22.0,25.0
2024-11-30,0.0,3.2,10.4,67.0,1029.8,7.5,0.0,0.0
2024-12-01,0.0,0.5,11.7,75.0,1026.0,7.7,343.0,1.0
2024-12-02,0.0,2.5,12.0,77.0,1021.4,8.6,356.0,20.0
2024-12-03,0.1,2.7,9.7,77.0,1017.2,10.6,26.0,75.0
2024-12-04,0.4,4.6,10.8,72.0,1020.2,13.2,33.0,84.0
2024-12-05,0.0,2.4,9.1,74.0,1024.8,11.2,11.0,15.0
2024-12-06,0.3,1.1,8.0,78.0,1017.7,5.9,24.0,49.0
2024-12-07,0.0,-1.9,7.5,88.0,1013.5,7.5,353.0,82.0
2024-12-08,41.0,5.7,9.4,73.0,1000.6,28.7,43.0,100.0
2024-12-09,0.9,7.0,9.4,58.0,1009.1,20.5,59.0,93.0
2024-12-10,0.0,6.4,10.3,62.0,1018.1,19.8,54.0,83.0
2024-12-11,0.0,3.0,9.7,76.0,1023.7,8.5,17.0,44.0
2024-12-12,0.0,1.7,8.3,83.0,1028.6,8.1,16.0,1.0
2024-12-13,0.2,-0.8,8.1,83.0,1029.9,8.4,14.0,30.0
2024-12-14,3.2,2.7,7.8,86.0,1022.7,6.7,320.0,94.0
2024-12-15,0.0,0.6,6.4,96.0,1025.3,6.2,296.0,71.0
2024-12-16,0.0,0.2,5.7,94.0,1034.3,2.6,331.0,87.0
2024-12-17,0.0,0.8,6.1,94.0,1031.8,3.8,328.0,91.0
2024-12-18,0.0,-0.1,6.3,95.0,1028.2,3.6,304.0,99.0
2024-12-19,4.1,4.6,6.9,96.0,1016.4,5.6,17.0,100.0
2024-12-20,15.6,3.8,9.6,79.0,1008.8,14.7,27.0,90.0
2024-12-21,0.0,0.5,8.2,64.0,1022.6,6.4,14.0,12.0
2024-12-22,3.5,-0.8,4.5,87.0,1012.1,5.5,15.0,84.0
2024-12-23,1.4,1.3,9.3,83.0,1004.0,7.2,309.0,93.0
2024-12-24,0.0,-1.7,9.3,66.0,1016.1,6.9,334.0,1.0
2024-12-25,0.0,-1.2,8.9,67.0,1028.9,7.2,354.0,1.0
2024-12-26,0.0,-1.1,8.7,72.0,1032.7,7.6,356.0,12.0
2024-12-27,0.0,-1.4,9.5,74.0,1032.6,6.0,319.0,0.0
2024-12-28,0.0,-1.0,10.3,86.0,1028.1,3.9,299.0,47.0
2024-12-29,0.0,-0.8,11.3,90.0,1027.3,3.6,292.0,0.0
2024-12-30,0.0,0.1,8.6,96.0,1029.6,1.9,337.0,54.0
2024-12-31,0.0,-0.0,7.3,96.0,1031.8,2.8,312.0,72.0
