date,rainfall_mm,temp_min,temp_max,humidity_pct,pressure_hpa,wind_speed_kmh,wind_dir_deg,cloud_pct
1996-01-01,1.0,1.0,7.5,93.0,1000.0,4.2,6.0,90.0
1996-01-02,0.0,-1.4,7.9,91.0,1005.4,4.8,311.0,55.0
1996-01-03,0.0,-3.9,7.7,84.0,1013.4,5.1,336.0,40.0
1996-01-04,1.5,0.2,6.0,90.0,1018.8,5.6,15.0,84.0
1996-01-05,2.6,-0.9,2.7,91.0,1014.4,7.3,27.0,99.0
1996-01-06,18.0,0.5,3.8,90.0,1010.1,11.9,28.0,100.0
1996-01-07,14.9,4.0,7.3,90.0,1009.2,8.7,27.0,100.0
1996-01-08,3.4,2.6,10.9,91.0,1011.4,4.4,332.0,68.0
1996-01-09,0.0,-0.9,9.5,90.0,1018.3,3.7,313.0,61.0
1996-01-10,5.3,1.9,8.8,91.0,1017.8,7.2,21.0,99.0
1996-01-11,1.5,7.0,12.2,91.0,1016.2,8.3,32.0,95.0
1996-01-12,1.5,6.9,11.4,90.0,1013.4,7.9,32.0,88.0
1996-01-13,0.6,6.0,12.6,92.0,1017.8,6.4,19.0,86.0
1996-01-14,0.0,4.4,10.8,88.0,1022.8,4.4,35.0,80.0
1996-01-15,0.0,1.7,7.2,79.0,1027.9,6.7,42.0,32.0
1996-01-16,0.0,-1.6,7.3,79.0,1030.8,3.4,354.0,5.0
1996-01-17,0.0,-3.5,8.1,81.0,1031.2,3.8,317.0,0.0
1996-01-18,0.0,-3.6,6.7,76.0,1025.1,4.2,279.0,40.0
1996-01-19,0.0,-2.9,5.5,77.0,1018.4,3.5,346.0,16.0
1996-01-20,0.3,-1.8,4.9,84.0,1017.1,6.0,22.0,77.0
1996-01-21,0.0,-0.6,5.2,81.0,1021.6,4.8,27.0,73.0
1996-01-22,0.5,-0.5,4.8,80.0,1022.4,6.0,31.0,77.0
1996-01-23,10.5,2.2,4.9,89.0,1020.1,9.2,31.0,100.0
1996-01-24,20.8,4.4,7.1,90.0,1011.1,11.0,34.0,100.0
1996-01-25,3.1,3.9,6.4,86.0,1009.4,9.1,50.0,100.0
1996-01-26,11.4,4.5,7.8,92.0,1010.9,7.7,31.0,100.0
1996-01-27,6.9,5.0,8.7,94.0,1013.4,3.4,308.0,98.0
1996-01-28,0.6,0.9,8.4,94.0,1017.6,3.9,29.0,99.0
1996-01-29,0.0,3.0,8.2,83.0,1018.3,7.0,34.0,75.0
1996-01-30,0.0,0.9,6.5,73.0,1020.3,10.9,55.0,23.0
1996-01-31,0.0,-2.5,5.2,63.0,1024.8,12.5,53.0,19.0
1996-02-01,0.0,-2.3,5.3,65.0,1026.2,6.8,45.0,21.0
1996-02-02,6.3,-1.8,4.0,83.0,1020.4,6.7,26.0,98.0
1996-02-03,0.3,1.4,6.8,93.0,1010.1,4.7,273.0,74.0
1996-02-04,3.3,0.2,6.4,94.0,1007.5,7.0,42.0,81.0
1996-02-05,1.8,0.2,5.8,75.0,1005.5,10.9,63.0,80.0
1996-02-06,0.0,-2.6,2.1,66.0,1002.4,5.6,67.0,60.0
1996-02-07,0.0,-3.7,2.2,63.0,1002.4,4.8,59.0,21.0
1996-02-08,0.0,-3.7,4.5,68.0,999.7,5.0,279.0,37.0
1996-02-09,0.0,-3.5,7.6,66.0,1013.6,6.4,335.0,1.0
1996-02-10,0.0,-2.8,6.5,76.0,1018.5,4.0,29.0,88.0
1996-02-11,0.0,-1.8,6.8,82.0,1019.6,5.3,34.0,70.0
1996-02-12,0.3,-1.9,7.0,82.0,1016.3,5.4,243.0,73.0
1996-02-13,9.2,-0.5,8.3,82.0,1001.2,6.7,314.0,72.0
1996-02-14,0.0,-3.4,10.0,74.0,1010.3,4.6,347.0,48.0
1996-02-15,0.0,-3.2,8.8,69.0,1023.7,6.0,16.0,9.0
1996-02-16,0.0,-2.5,8.7,76.0,1021.6,4.7,277.0,23.0
1996-02-17,0.0,-1.5,9.8,77.0,1012.3,4.5,353.0,16.0
1996-02-18,0.0,-2.5,10.3,67.0,1013.2,5.4,269.0,50.0
1996-02-19,12.8,0.8,7.1,90.0,997.0,5.2,14.0,96.0
1996-02-20,0.6,-3.8,9.0,78.0,1000.7,8.6,41.0,60.0
1996-02-21,0.3,2.0,7.1,64.0,1004.8,13.2,59.0,99.0
1996-02-22,0.0,-0.1,6.1,72.0,1010.1,6.6,58.0,79.0
1996-02-23,1.2,-1.4,4.0,70.0,1014.4,4.9,82.0,60.0
1996-02-24,0.0,-2.6,5.8,68.0,1017.1,5.6,275.0,40.0
1996-02-25,0.0,-3.1,7.6,71.0,1021.9,4.2,21.0,44.0
1996-02-26,0.0,-0.4,9.4,78.0,1024.0,5.1,47.0,62.0
1996-02-27,0.0,-1.4,10.2,81.0,1022.5,5.5,45.0,60.0
1996-02-28,0.0,-1.4,10.8,80.0,1021.2,6.0,34.0,13.0
1996-02-29,0.0,-3.1,12.1,74.0,1021.4,4.5,319.0,17.0
1996-03-01,0.3,-1.1,13.1,76.0,1013.4,5.6,315.0,28.0
1996-03-02,0.6,1.2,7.5,55.0,1013.8,6.9,101.0,33.0
1996-03-03,0.1,-4.7,8.1,54.0,1014.0,4.2,307.0,13.0
1996-03-04,1.9,-3.0,6.5,68.0,1016.0,5.2,34.0,35.0
1996-03-05,0.0,-3.9,7.7,67.0,1022.4,5.7,268.0,8.0
1996-03-06,0.0,-2.9,9.0,64.0,1021.7,4.3,59.0,18.0
1996-03-07,0.0,-1.8,8.7,67.0,1019.0,9.3,49.0,45.0
1996-03-08,0.0,0.4,7.7,61.0,1025.4,11.0,57.0,53.0
1996-03-09,0.0,-1.9,7.3,63.0,1026.5,9.2,58.0,26.0
1996-03-10,0.0,-2.1,6.5,60.0,1024.2,9.5,59.0,13.0
1996-03-11,0.0,-2.5,7.3,67.0,1014.9,5.1,95.0,44.0
1996-03-12,2.8,-0.1,4.3,75.0,1007.8,11.2,56.0,80.0
1996-03-13,0.0,-0.8,5.0,68.0,1010.0,6.4,55.0,81.0
1996-03-14,0.0,-0.4,10.7,74.0,1012.9,4.6,30.0,82.0
1996-03-15,0.0,3.4,13.2,75.0,1010.5,8.1,44.0,92.0
1996-03-16,5.7,5.8,9.2,81.0,1007.4,12.0,50.0,99.0
1996-03-17,0.7,5.6,13.0,78.0,1012.4,7.1,45.0,79.0
1996-03-18,0.8,4.1,12.2,79.0,1014.7,7.7,54.0,91.0
1996-03-19,0.3,3.0,10.5,71.0,1015.4,6.6,57.0,81.0
1996-03-20,0.0,2.5,12.4,69.0,1013.0,4.8,240.0,50.0
1996-03-21,0.0,2.1,14.4,75.0,1015.0,4.7,197.0,75.0
1996-03-22,0.9,5.5,15.2,80.0,1016.1,4.6,42.0,88.0
1996-03-23,3.0,6.8,12.6,90.0,1020.6,5.7,66.0,93.0
1996-03-24,0.0,4.7,15.2,85.0,1022.2,4.8,237.0,89.0
1996-03-25,3.6,7.2,14.5,86.0,1019.7,4.2,82.0,87.0
1996-03-26,1.7,8.0,13.7,89.0,1014.8,4.1,88.0,100.0
1996-03-27,6.1,7.4,15.7,82.0,1005.8,5.3,49.0,100.0
1996-03-28,3.7,5.4,11.0,64.0,1010.0,6.2,112.0,68.0
1996-03-29,1.2,2.9,10.8,66.0,1010.0,4.9,73.0,53.0
1996-03-30,2.2,1.3,11.3,72.0,1008.1,6.2,44.0,42.0
1996-03-31,0.6,-2.6,11.5,76.0,1010.5,5.8,206.0,45.0
1996-04-01,7.6,2.3,9.6,78.0,1009.9,9.7,42.0,90.0
1996-04-02,10.8,4.7,11.3,84.0,1002.5,9.8,39.0,100.0
1996-04-03,5.2,4.8,8.8,79.0,1008.6,10.6,49.0,96.0
1996-04-04,3.0,0.7,12.1,78.0,1013.1,4.3,325.0,94.0
1996-04-05,1.0,6.0,14.2,79.0,1015.1,3.1,309.0,83.0
1996-04-06,0.0,2.8,18.0,73.0,1016.6,4.6,31.0,37.0
1996-04-07,0.0,3.0,19.7,68.0,1017.0,4.2,273.0,44.0
1996-04-08,1.4,6.7,19.2,70.0,1019.6,4.7,22.0,60.0
1996-04-09,1.6,6.2,19.0,72.0,1020.3,4.5,349.0,58.0
1996-04-10,5.9,4.0,17.5,81.0,1016.8,4.4,40.0,35.0
1996-04-11,3.0,7.3,16.2,83.0,1012.4,4.9,56.0,83.0
1996-04-12,1.0,4.9,17.3,81.0,1009.3,5.2,245.0,45.0
1996-04-13,7.9,6.9,17.4,86.0,1009.6,7.4,46.0,86.0
1996-04-14,0.5,6.9,14.2,67.0,1014.8,7.0,71.0,64.0
1996-04-15,0.1,1.2,16.1,66.0,1017.5,4.8,39.0,11.0
1996-04-16,0.0,1.8,18.4,55.0,1015.8,6.1,255.0,3.0
1996-04-17,0.0,4.8,17.9,67.0,1012.1,5.9,72.0,37.0
1996-04-18,0.7,4.7,20.0,66.0,1015.8,3.6,348.0,24.0
1996-04-19,0.0,6.3,21.8,63.0,1019.7,4.7,232.0,4.0
1996-04-20,0.0,7.3,22.8,62.0,1019.2,6.3,220.0,0.0
1996-04-21,0.0,8.1,22.7,60.0,1017.5,7.7,242.0,6.0
1996-04-22,0.0,9.2,22.5,52.0,1018.7,7.8,239.0,54.0
1996-04-23,1.0,12.9,20.2,59.0,1018.4,8.0,222.0,92.0
1996-04-24,1.6,12.1,19.3,79.0,1018.2,5.8,203.0,90.0
1996-04-25,12.9,12.7,15.1,92.0,1021.1,5.8,65.0,100.0
1996-04-26,2.9,11.6,17.8,80.0,1018.8,7.3,55.0,98.0
1996-04-27,1.6,10.7,15.4,82.0,1016.9,8.6,53.0,98.0
1996-04-28,0.0,8.0,18.0,76.0,1010.7,4.7,208.0,75.0
1996-04-29,5.1,11.0,16.1,83.0,1006.2,5.2,86.0,94.0
1996-04-30,6.2,12.0,17.7,86.0,1003.4,7.1,62.0,95.0
1996-05-01,3.6,11.5,19.7,80.0,1001.7,6.3,247.0,67.0
1996-05-02,3.6,11.0,18.9,75.0,1003.4,7.0,221.0,54.0
1996-05-03,8.0,9.3,17.0,78.0,1003.0,5.6,220.0,69.0
1996-05-04,0.0,7.2,18.3,71.0,1010.8,5.8,232.0,22.0
1996-05-05,1.3,8.5,18.7,76.0,1015.3,6.8,63.0,63.0
1996-05-06,0.0,7.5,21.0,71.0,1013.1,4.5,54.0,16.0
1996-05-07,0.0,8.9,22.3,68.0,1011.6,4.3,84.0,36.0
1996-05-08,0.2,10.4,22.5,71.0,1010.3,4.8,226.0,80.0
1996-05-09,7.4,12.3,20.2,79.0,1005.9,5.8,240.0,81.0
1996-05-10,14.6,11.4,19.0,88.0,1005.4,5.2,51.0,91.0
1996-05-11,0.8,11.5,21.2,73.0,1005.3,7.7,36.0,82.0
1996-05-12,19.3,12.9,17.3,89.0,1004.4,4.7,330.0,100.0
1996-05-13,8.7,13.6,19.5,85.0,1009.4,6.5,69.0,80.0
1996-05-14,1.9,10.5,22.7,79.0,1008.2,4.5,251.0,94.0
1996-05-15,2.4,13.2,23.3,78.0,1006.5,6.1,253.0,41.0
1996-05-16,0.2,12.1,23.4,78.0,1009.3,6.3,245.0,30.0
1996-05-17,0.0,14.6,23.5,72.0,1011.8,6.4,236.0,31.0
1996-05-18,0.5,13.3,23.1,79.0,1012.0,8.2,77.0,64.0
1996-05-19,6.9,15.2,23.0,83.0,1009.8,6.3,95.0,70.0
1996-05-20,3.1,12.6,20.6,77.0,1010.7,8.1,241.0,58.0
1996-05-21,0.5,8.2,19.9,72.0,1019.7,4.7,185.0,23.0
1996-05-22,0.4,9.5,20.7,67.0,1020.4,4.4,67.0,39.0
1996-05-23,0.1,11.6,21.8,72.0,1020.9,5.7,61.0,70.0
1996-05-24,0.1,11.2,23.7,75.0,1019.3,5.5,133.0,23.0
1996-05-25,0.0,13.6,24.3,68.0,1014.4,8.5,235.0,51.0
1996-05-26,3.2,14.4,22.5,73.0,1013.0,7.4,225.0,78.0
1996-05-27,15.6,14.4,19.6,86.0,1010.0,6.1,42.0,86.0
1996-05-28,0.7,10.3,23.5,65.0,1010.2,7.9,346.0,36.0
1996-05-29,0.0,11.9,21.1,49.0,1019.5,4.5,158.0,13.0
1996-05-30,0.0,10.9,23.3,60.0,1022.3,3.2,84.0,11.0
1996-05-31,0.0,10.3,26.2,63.0,1021.0,5.4,233.0,43.0
1996-06-01,0.0,12.6,27.3,69.0,1018.2,4.8,115.0,0.0
1996-06-02,0.0,12.8,26.5,67.0,1014.0,4.5,228.0,4.0
1996-06-03,0.1,14.1,26.7,67.0,1015.0,6.6,347.0,66.0
1996-06-04,0.2,13.3,26.8,69.0,1019.5,6.0,48.0,26.0
1996-06-05,0.4,17.1,26.2,65.0,1022.9,9.7,60.0,20.0
1996-06-06,0.0,16.2,27.6,67.0,1022.6,6.6,66.0,4.0
1996-06-07,0.0,15.7,29.8,67.0,1021.4,4.5,79.0,2.0
1996-06-08,0.0,16.4,31.1,63.0,1020.0,4.8,110.0,8.0
1996-06-09,0.0,17.6,32.1,62.0,1018.5,5.7,267.0,15.0
1996-06-10,0.1,17.4,32.1,60.0,1019.0,4.5,66.0,22.0
1996-06-11,0.0,18.0,33.1,56.0,1020.2,4.7,29.0,21.0
1996-06-12,0.4,18.0,33.1,59.0,1020.6,3.8,16.0,47.0
1996-06-13,1.5,18.9,31.6,62.0,1018.8,6.4,37.0,58.0
1996-06-14,4.4,19.5,24.6,60.0,1022.0,9.7,74.0,51.0
1996-06-15,0.0,17.5,24.4,57.0,1021.8,7.6,91.0,35.0
1996-06-16,0.4,16.5,24.1,60.0,1019.7,5.7,67.0,72.0
1996-06-17,0.0,14.2,26.0,58.0,1019.3,5.7,79.0,27.0
1996-06-18,0.0,15.0,28.2,50.0,1014.9,5.1,252.0,37.0
1996-06-19,0.8,18.7,28.0,59.0,1010.1,6.9,240.0,64.0
1996-06-20,5.6,17.8,25.9,80.0,1008.7,6.3,93.0,86.0
1996-06-21,1.5,19.3,28.8,67.0,1007.0,6.5,229.0,80.0
1996-06-22,23.3,15.8,20.7,84.0,1002.1,7.8,36.0,79.0
1996-06-23,9.0,12.4,19.3,66.0,1013.1,5.0,347.0,73.0
1996-06-24,0.0,9.7,20.5,67.0,1018.9,7.5,53.0,48.0
1996-06-25,1.8,13.1,19.7,67.0,1018.4,9.8,38.0,91.0
1996-06-26,1.8,12.1,19.9,70.0,1017.1,5.8,14.0,81.0
1996-06-27,0.2,10.1,24.1,68.0,1019.3,4.6,269.0,51.0
1996-06-28,0.0,11.9,26.6,63.0,1019.4,5.8,251.0,27.0
1996-06-29,0.0,15.2,25.5,67.0,1015.1,7.8,240.0,45.0
1996-06-30,1.3,16.1,22.5,74.0,1011.9,9.6,85.0,45.0
1996-07-01,1.6,16.1,21.8,77.0,1010.4,5.9,70.0,88.0
1996-07-02,13.8,15.9,18.9,86.0,1009.7,6.7,45.0,88.0
1996-07-03,1.8,14.2,21.9,76.0,1012.7,7.6,63.0,47.0
1996-07-04,0.0,13.5,25.6,71.0,1016.4,5.3,254.0,30.0
1996-07-05,0.6,16.0,27.8,72.0,1013.5,5.4,241.0,40.0
1996-07-06,0.2,16.3,26.7,68.0,1006.4,6.7,243.0,34.0
1996-07-07,3.8,17.0,25.5,76.0,1005.2,8.3,60.0,50.0
1996-07-08,12.5,17.3,22.0,69.0,1000.6,7.0,269.0,72.0
1996-07-09,0.3,13.7,24.8,51.0,1014.7,5.6,318.0,63.0
1996-07-10,0.8,12.5,24.4,65.0,1018.4,6.1,58.0,32.0
1996-07-11,1.7,12.4,24.5,72.0,1018.0,4.8,77.0,37.0
1996-07-12,0.0,16.3,26.4,66.0,1017.6,4.5,86.0,66.0
1996-07-13,0.0,14.4,28.3,66.0,1020.5,3.9,53.0,24.0
1996-07-14,0.0,16.4,29.9,63.0,1022.5,4.8,52.0,37.0
1996-07-15,0.0,18.5,30.4,63.0,1019.7,4.1,30.0,42.0
1996-07-16,4.4,18.3,31.4,65.0,1017.4,5.0,26.0,43.0
1996-07-17,13.1,19.1,23.3,72.0,1019.6,9.8,64.0,75.0
1996-07-18,0.0,16.8,27.3,62.0,1017.2,5.7,94.0,35.0
1996-07-19,0.0,16.8,25.1,62.0,1017.5,10.8,69.0,29.0
1996-07-20,0.0,17.7,23.1,50.0,1020.6,12.1,66.0,60.0
1996-07-21,0.0,15.0,24.0,54.0,1021.9,7.3,63.0,27.0
1996-07-22,0.0,15.3,26.1,52.0,1022.3,5.6,81.0,13.0
1996-07-23,0.0,14.5,28.5,54.0,1020.8,4.5,230.0,20.0
1996-07-24,0.2,18.3,29.1,62.0,1014.3,11.3,250.0,75.0
1996-07-25,2.2,20.0,29.0,66.0,1012.3,6.5,115.0,24.0
1996-07-26,0.0,18.5,29.1,61.0,1016.3,7.5,71.0,37.0
1996-07-27,0.0,17.4,30.7,54.0,1018.5,6.6,79.0,67.0
1996-07-28,1.5,18.8,29.6,61.0,1017.2,5.4,77.0,54.0
1996-07-29,0.1,17.4,29.5,69.0,1014.4,3.6,18.0,20.0
1996-07-30,8.1,19.0,26.8,73.0,1010.8,5.3,350.0,66.0
1996-07-31,0.1,16.2,28.2,64.0,1014.2,4.3,255.0,15.0
1996-08-01,0.0,18.9,30.0,62.0,1017.2,5.4,108.0,25.0
1996-08-02,0.2,18.3,31.4,60.0,1017.5,4.6,333.0,35.0
1996-08-03,7.0,19.8,28.3,73.0,1016.3,5.6,22.0,63.0
1996-08-04,0.5,16.6,25.4,66.0,1016.7,9.4,60.0,30.0
1996-08-05,1.6,16.9,25.9,62.0,1016.0,7.0,77.0,41.0
1996-08-06,0.3,17.7,27.0,70.0,1015.1,4.2,212.0,76.0
1996-08-07,0.5,18.0,28.2,72.0,1015.7,4.5,149.0,43.0
1996-08-08,5.1,18.7,26.7,78.0,1013.6,4.1,41.0,75.0
1996-08-09,0.0,16.4,27.7,68.0,1015.2,5.9,80.0,28.0
1996-08-10,0.2,18.9,28.6,62.0,1013.9,5.1,91.0,67.0
1996-08-11,21.6,18.2,26.3,76.0,1010.5,7.8,64.0,80.0
1996-08-12,28.2,16.7,23.2,89.0,1008.1,6.6,41.0,77.0
1996-08-13,17.1,12.9,22.6,85.0,1011.5,5.5,38.0,43.0
1996-08-14,0.2,13.6,24.6,81.0,1013.1,4.7,237.0,79.0
1996-08-15,4.1,16.8,23.8,83.0,1013.9,5.7,34.0,75.0
1996-08-16,0.0,14.4,26.3,72.0,1015.9,3.9,317.0,33.0
1996-08-17,0.0,14.6,27.5,72.0,1017.0,4.2,52.0,25.0
1996-08-18,3.5,17.4,25.1,77.0,1017.2,7.3,51.0,45.0
1996-08-19,0.0,15.2,27.7,64.0,1016.9,5.0,27.0,24.0
1996-08-20,0.3,15.5,26.7,61.0,1016.2,6.1,31.0,30.0
1996-08-21,0.0,15.0,27.6,63.0,1014.4,4.3,336.0,32.0
1996-08-22,2.2,16.4,26.1,72.0,1010.9,3.9,25.0,62.0
1996-08-23,0.1,15.0,27.7,69.0,1010.7,3.7,272.0,27.0
1996-08-24,1.7,17.1,27.4,68.0,1010.3,4.4,20.0,23.0
1996-08-25,12.5,17.2,24.9,81.0,1011.3,3.6,30.0,52.0
1996-08-26,2.1,16.5,23.6,80.0,1014.4,5.8,50.0,67.0
1996-08-27,0.7,17.0,24.9,80.0,1015.4,3.8,58.0,67.0
1996-08-28,17.7,17.6,23.9,83.0,1010.7,7.3,40.0,75.0
1996-08-29,1.4,14.6,23.4,78.0,1013.1,4.8,35.0,38.0
1996-08-30,2.6,15.3,23.9,73.0,1014.5,3.7,1.0,38.0
1996-08-31,1.1,14.9,22.2,72.0,1016.2,9.0,32.0,83.0
1996-09-01,1.3,15.4,22.8,69.0,1016.8,3.9,322.0,78.0
1996-09-02,1.3,13.7,22.3,69.0,1016.3,6.1,38.0,95.0
1996-09-03,0.3,14.7,22.0,70.0,1014.4,6.4,40.0,78.0
1996-09-04,0.1,15.7,23.8,68.0,1012.1,7.1,38.0,41.0
1996-09-05,2.1,12.8,24.9,78.0,1009.7,6.6,308.0,27.0
1996-09-06,2.9,12.6,21.9,70.0,1010.5,6.5,34.0,34.0
1996-09-07,1.0,9.8,20.1,65.0,1011.7,7.2,36.0,11.0
1996-09-08,0.0,7.5,22.0,56.0,1013.0,6.1,0.0,14.0
1996-09-09,0.0,10.8,19.4,60.0,1015.8,7.4,55.0,33.0
1996-09-10,1.6,9.9,20.0,71.0,1016.2,4.0,76.0,40.0
1996-09-11,0.2,11.8,21.3,75.0,1014.2,4.3,58.0,34.0
1996-09-12,0.0,12.6,21.0,79.0,1004.9,5.9,35.0,89.0
1996-09-13,4.2,9.8,18.0,82.0,1000.0,5.8,42.0,33.0
1996-09-14,0.0,6.6,22.5,67.0,1009.7,6.3,278.0,25.0
1996-09-15,0.4,10.0,21.3,71.0,1016.6,5.7,42.0,32.0
1996-09-16,1.3,10.5,19.8,76.0,1017.6,6.5,69.0,36.0
1996-09-17,0.4,11.9,18.6,73.0,1014.9,6.1,70.0,79.0
1996-09-18,6.2,12.8,14.6,81.0,1012.4,12.5,41.0,92.0
1996-09-19,5.1,12.3,15.0,75.0,1011.7,13.4,38.0,100.0
1996-09-20,2.1,12.0,14.9,79.0,1007.9,4.0,11.0,100.0
1996-09-21,11.4,11.7,15.5,89.0,1005.4,5.9,28.0,95.0
1996-09-22,4.0,11.7,19.3,83.0,1003.5,5.2,36.0,94.0
1996-09-23,11.3,13.3,17.2,89.0,999.1,6.3,295.0,100.0
1996-09-24,4.8,11.9,21.1,83.0,1003.6,4.4,270.0,65.0
1996-09-25,4.4,11.3,17.8,81.0,1010.0,3.4,65.0,75.0
1996-09-26,0.0,8.9,19.7,71.0,1015.0,4.6,26.0,19.0
1996-09-27,0.0,8.0,20.8,71.0,1016.9,4.8,253.0,24.0
1996-09-28,0.4,9.5,21.3,79.0,1019.4,4.2,348.0,44.0
1996-09-29,1.5,11.9,20.1,83.0,1025.5,4.6,59.0,75.0
1996-09-30,0.0,11.5,21.9,80.0,1022.5,4.1,147.0,50.0
1996-10-01,0.0,11.8,21.4,79.0,1015.9,5.0,90.0,51.0
1996-10-02,23.6,12.0,16.0,91.0,1009.3,5.6,56.0,91.0
1996-10-03,0.0,10.7,17.5,66.0,1019.8,4.5,7.0,69.0
1996-10-04,0.0,9.4,18.1,68.0,1021.4,6.0,41.0,43.0
1996-10-05,3.2,8.7,14.9,84.0,1011.7,6.0,31.0,96.0
1996-10-06,6.4,12.9,15.1,82.0,1012.4,9.1,35.0,95.0
1996-10-07,8.8,13.0,17.0,84.0,1017.2,10.5,48.0,99.0
1996-10-08,11.8,13.6,16.0,83.0,1013.1,14.5,44.0,100.0
1996-10-09,2.6,13.0,20.2,73.0,1013.6,7.9,41.0,89.0
1996-10-10,0.3,13.0,19.8,73.0,1017.1,5.6,30.0,64.0
1996-10-11,0.0,10.4,19.3,76.0,1020.0,6.6,39.0,38.0
1996-10-12,0.0,8.4,18.2,77.0,1020.4,4.2,42.0,18.0
1996-10-13,0.0,8.3,17.2,84.0,1020.5,5.6,57.0,57.0
1996-10-14,1.4,12.4,15.9,82.0,1017.7,9.9,40.0,98.0
1996-10-15,35.1,13.6,16.4,92.0,1011.2,10.9,39.0,100.0
1996-10-16,40.3,14.2,16.9,96.0,1003.6,10.4,50.0,98.0
1996-10-17,38.5,12.2,15.4,95.0,1005.0,6.5,72.0,99.0
1996-10-18,6.1,10.0,15.5,82.0,1011.3,4.6,343.0,69.0
1996-10-19,0.0,6.8,16.8,81.0,1016.0,4.6,270.0,40.0
1996-10-20,0.0,5.1,18.3,78.0,1021.0,5.3,282.0,30.0
1996-10-21,0.0,7.0,17.5,80.0,1015.0,3.7,356.0,31.0
1996-10-22,0.0,5.3,19.1,83.0,1017.7,4.4,9.0,19.0
1996-10-23,0.0,8.8,16.3,83.0,1023.5,5.4,48.0,44.0
1996-10-24,0.1,10.1,14.8,82.0,1025.8,3.8,80.0,68.0
1996-10-25,0.2,9.6,12.4,78.0,1026.2,3.2,67.0,95.0
1996-10-26,2.9,7.0,13.2,81.0,1027.3,3.3,47.0,94.0
1996-10-27,0.6,6.2,14.5,87.0,1027.1,4.3,270.0,78.0
1996-10-28,0.0,5.1,15.6,84.0,1020.5,4.8,239.0,70.0
1996-10-29,0.6,11.2,16.3,85.0,1012.8,4.4,241.0,82.0
1996-10-30,0.1,5.6,17.5,82.0,1017.4,5.1,9.0,20.0
1996-10-31,0.0,6.2,15.4,79.0,1025.7,3.6,0.0,63.0
1996-11-01,0.0,6.0,15.5,84.0,1022.7,3.3,319.0,61.0
1996-11-02,0.0,4.5,17.0,83.0,1026.9,3.9,303.0,21.0
1996-11-03,0.0,4.0,16.7,86.0,1026.3,4.2,271.0,15.0
1996-11-04,0.0,5.1,14.4,89.0,1023.5,3.1,255.0,58.0
1996-11-05,1.9,6.4,14.6,90.0,1018.1,3.4,28.0,95.0
1996-11-06,0.5,8.8,15.8,88.0,1021.4,5.7,269.0,66.0
1996-11-07,0.0,5.1,14.5,88.0,1020.1,7.3,244.0,36.0
1996-11-08,0.0,6.4,15.6,83.0,1020.9,3.8,348.0,24.0
1996-11-09,0.2,6.9,14.3,79.0,1029.2,5.4,24.0,59.0
1996-11-10,1.3,7.0,11.4,82.0,1024.3,4.8,23.0,98.0
1996-11-11,7.0,7.7,13.7,93.0,1014.8,5.8,29.0,94.0
1996-11-12,8.2,11.2,16.6,92.0,1012.9,6.6,41.0,72.0
1996-11-13,4.0,9.6,16.4,94.0,1011.1,4.6,48.0,77.0
1996-11-14,20.8,11.6,15.9,95.0,1008.6,4.7,59.0,83.0
1996-11-15,37.4,10.4,14.1,94.0,1016.2,9.1,24.0,96.0
1996-11-16,11.2,7.9,15.3,91.0,1020.9,7.9,28.0,100.0
1996-11-17,15.5,11.5,14.4,89.0,1013.4,5.7,44.0,100.0
1996-11-18,41.3,8.3,13.3,90.0,999.8,8.5,67.0,92.0
1996-11-19,2.1,5.9,11.3,86.0,1002.7,3.6,213.0,77.0
1996-11-20,15.8,5.8,10.2,87.0,995.3,7.6,261.0,79.0
1996-11-21,0.1,0.4,10.7,84.0,1001.4,5.4,327.0,52.0
1996-11-22,7.5,2.2,6.1,88.0,1008.5,8.2,16.0,97.0
1996-11-23,0.8,-1.9,7.9,83.0,1014.7,4.4,325.0,68.0
1996-11-24,0.8,-1.9,9.0,74.0,1016.4,6.8,325.0,44.0
1996-11-25,1.1,-2.8,5.8,66.0,1015.9,4.8,4.0,94.0
1996-11-26,3.0,-0.4,7.9,86.0,1001.1,5.8,297.0,69.0
1996-11-27,0.5,-2.8,9.3,83.0,1005.8,6.4,9.0,31.0
1996-11-28,3.5,2.6,7.8,84.0,1003.2,6.7,22.0,87.0
1996-11-29,0.0,-2.9,7.1,75.0,1014.4,5.5,300.0,46.0
1996-11-30,2.6,-0.6,4.9,87.0,1003.8,5.1,349.0,92.0
1996-12-01,0.0,-3.4,9.6,76.0,1008.3,6.3,323.0,9.0
1996-12-02,0.0,-2.6,7.7,61.0,1011.6,4.9,331.0,36.0
1996-12-03,0.0,-3.3,8.7,72.0,1016.4,5.6,334.0,3.0
1996-12-04,0.0,-2.8,8.5,75.0,1019.2,3.9,330.0,18.0
1996-12-05,0.0,-1.9,7.9,82.0,1020.3,3.8,293.0,52.0
1996-12-06,0.0,-2.5,7.9,83.0,1021.9,3.5,333.0,37.0
1996-12-07,0.0,-1.6,7.4,83.0,1025.9,2.8,337.0,98.0
1996-12-08,0.0,-0.4,8.9,82.0,1027.4,4.6,10.0,83.0
1996-12-09,5.5,1.9,9.5,80.0,1024.5,10.4,31.0,100.0
1996-12-10,46.4,7.8,8.9,87.0,1016.9,16.7,45.0,100.0
1996-12-11,8.5,6.6,8.6,92.0,1017.0,8.0,40.0,100.0
1996-12-12,0.0,5.0,10.0,92.0,1017.3,3.1,271.0,98.0
1996-12-13,14.7,4.4,7.2,95.0,1010.0,5.9,24.0,97.0
1996-12-14,3.8,2.6,10.0,93.0,1000.1,4.0,290.0,79.0
1996-12-15,0.0,0.5,10.8,92.0,1010.1,4.5,290.0,13.0
1996-12-16,0.0,-0.6,8.1,89.0,1018.6,3.2,337.0,60.0
1996-12-17,0.0,0.5,7.7,88.0,1020.0,3.5,280.0,62.0
1996-12-18,0.2,2.6,8.7,90.0,1015.7,3.7,274.0,64.0
1996-12-19,0.4,1.5,8.9,90.0,1011.5,3.7,291.0,80.0
1996-12-20,21.8,3.9,8.7,92.0,1003.9,8.3,359.0,84.0
1996-12-21,0.5,-1.1,8.3,94.0,1009.4,3.8,314.0,67.0
1996-12-22,1.6,5.4,9.3,95.0,1014.2,3.3,16.0,99.0
1996-12-23,4.1,5.6,8.7,95.0,1003.8,3.7,24.0,99.0
1996-12-24,8.1,4.6,10.2,93.0,999.7,8.0,43.0,99.0
1996-12-25,5.0,2.5,6.1,86.0,1002.0,9.6,60.0,100.0
1996-12-26,0.0,-4.2,2.3,56.0,1019.9,8.8,78.0,49.0
1996-12-27,0.0,-5.8,-0.2,38.0,1028.8,6.5,54.0,36.0
1996-12-28,0.0,-5.6,-3.1,42.0,1021.6,8.8,62.0,62.0
1996-12-29,0.0,-7.3,-2.4,52.0,1015.6,5.9,34.0,5.0
1996-12-30,0.0,-6.3,-0.9,62.0,1007.0,4.1,32.0,60.0
1996-12-31,3.4,-2.9,2.3,71.0,1011.5,6.8,25.0,97.0
1997-01-01,21.3,-0.7,2.7,91.0,1014.1,8.9,11.0,78.0
1997-01-02,9.7,-6.6,3.2,89.0,1017.9,6.7,7.0,90.0
1997-01-03,21.7,3.2,7.6,90.0,1011.0,7.7,26.0,99.0
1997-01-04,15.1,2.1,8.7,91.0,1001.6,6.6,15.0,90.0
1997-01-05,1.2,-0.0,7.7,91.0,1006.3,5.3,284.0,64.0
1997-01-06,0.9,-0.6,7.3,89.0,1014.1,7.7,26.0,80.0
1997-01-07,7.7,0.6,6.5,89.0,1014.9,9.4,26.0,90.0
1997-01-08,0.0,-3.6,6.5,86.0,1013.3,4.4,9.0,49.0
1997-01-09,5.8,0.4,4.0,89.0,1008.8,8.4,23.0,99.0
1997-01-10,0.2,-0.1,8.3,89.0,1009.3,4.8,350.0,94.0
1997-01-11,0.0,-1.6,9.8,83.0,1018.7,4.7,2.0,42.0
1997-01-12,0.0,-2.9,9.4,77.0,1025.7,4.7,351.0,4.0
1997-01-13,0.0,-3.6,10.2,71.0,1027.0,4.6,329.0,1.0
1997-01-14,0.0,-3.6,10.2,75.0,1026.4,4.3,315.0,2.0
1997-01-15,0.0,-3.4,11.6,82.0,1026.5,5.0,298.0,0.0
1997-01-16,0.0,-3.1,11.0,78.0,1024.1,3.3,312.0,1.0
1997-01-17,0.0,-3.4,9.0,77.0,1023.0,3.0,342.0,0.0
1997-01-18,0.0,-2.7,6.9,79.0,1023.6,2.5,308.0,15.0
1997-01-19,1.7,-1.2,5.3,87.0,1021.9,3.0,8.0,98.0
1997-01-20,4.0,1.8,6.3,93.0,1020.9,2.3,310.0,99.0
1997-01-21,2.3,3.8,8.6,91.0,1028.0,3.7,11.0,98.0
1997-01-22,0.0,3.5,9.3,86.0,1033.5,3.8,20.0,92.0
1997-01-23,0.0,2.0,8.9,91.0,1032.5,3.6,270.0,96.0
1997-01-24,0.0,3.6,8.8,90.0,1030.2,3.3,256.0,91.0
1997-01-25,0.0,0.8,11.5,84.0,1029.2,3.9,8.0,89.0
1997-01-26,0.0,1.0,8.5,75.0,1028.8,9.1,58.0,47.0
1997-01-27,0.0,-1.5,7.7,73.0,1028.9,4.3,18.0,46.0
1997-01-28,0.0,-2.1,9.1,80.0,1030.8,4.8,341.0,15.0
1997-01-29,0.0,-2.2,8.9,80.0,1033.6,5.7,25.0,3.0
1997-01-30,0.0,-2.7,9.2,81.0,1033.2,4.4,288.0,0.0
1997-01-31,0.0,-2.5,8.5,80.0,1027.8,3.2,283.0,0.0
1997-02-01,0.0,-2.4,8.0,81.0,1026.9,3.8,16.0,22.0
1997-02-02,0.0,-3.0,6.6,84.0,1028.7,3.9,344.0,45.0
1997-02-03,0.0,-2.1,6.9,84.0,1028.0,4.7,289.0,57.0
1997-02-04,0.0,-2.3,7.2,83.0,1028.3,3.9,253.0,41.0
1997-02-05,0.6,0.1,5.6,88.0,1023.3,3.6,272.0,95.0
1997-02-06,0.0,-2.2,11.9,73.0,1027.9,4.9,11.0,32.0
1997-02-07,0.0,-2.5,10.6,78.0,1036.2,4.5,287.0,0.0
1997-02-08,0.0,-2.3,11.8,77.0,1033.4,4.0,269.0,5.0
1997-02-09,0.0,-2.2,10.8,77.0,1030.9,3.1,302.0,4.0
1997-02-10,0.0,-2.3,11.5,81.0,1028.1,4.6,260.0,1.0
1997-02-11,0.0,-0.6,11.4,85.0,1025.0,5.0,264.0,78.0
1997-02-12,0.0,1.9,11.9,88.0,1021.0,5.3,268.0,90.0
1997-02-13,0.0,4.4,12.6,86.0,1009.7,7.3,260.0,77.0
1997-02-14,0.0,3.2,12.1,47.0,1007.0,9.6,262.0,20.0
1997-02-15,0.0,-0.0,11.5,73.0,1005.0,5.2,3.0,90.0
1997-02-16,0.0,-1.1,10.9,58.0,1018.7,6.5,293.0,20.0
1997-02-17,0.0,0.4,9.3,72.0,1025.4,3.9,53.0,41.0
1997-02-18,0.0,-2.1,9.5,79.0,1025.2,5.3,257.0,42.0
1997-02-19,0.0,-2.3,12.2,61.0,1023.9,6.2,316.0,20.0
1997-02-20,0.0,-0.7,12.9,60.0,1025.3,5.5,278.0,19.0
1997-02-21,0.0,-1.1,13.0,71.0,1028.7,5.3,319.0,0.0
1997-02-22,0.0,-0.9,13.4,78.0,1030.0,3.5,272.0,0.0
1997-02-23,0.0,-0.5,11.9,86.0,1025.9,3.6,237.0,59.0
1997-02-24,0.2,3.7,12.1,87.0,1020.7,4.6,250.0,94.0
1997-02-25,0.0,5.9,13.3,85.0,1020.1,7.1,231.0,96.0
1997-02-26,0.0,7.3,14.4,86.0,1015.7,9.2,235.0,78.0
1997-02-27,0.0,4.5,15.3,62.0,1020.7,7.6,327.0,49.0
1997-02-28,0.0,-0.7,13.0,59.0,1033.9,6.2,249.0,15.0
1997-03-01,0.0,-0.9,13.9,68.0,1031.7,4.1,279.0,76.0
1997-03-02,0.0,-0.4,17.5,72.0,1029.0,4.9,284.0,3.0
1997-03-03,0.0,-0.0,18.8,73.0,1029.3,4.7,279.0,47.0
1997-03-04,0.0,2.9,18.3,77.0,1029.5,4.5,18.0,51.0
1997-03-05,0.0,4.0,17.4,75.0,1026.2,4.7,41.0,42.0
1997-03-06,3.0,2.7,14.3,82.0,1024.1,8.0,21.0,49.0
1997-03-07,0.0,1.9,15.8,71.0,1029.8,7.1,40.0,7.0
1997-03-08,0.0,2.8,14.4,68.0,1031.1,5.6,54.0,0.0
1997-03-09,0.0,1.3,15.9,69.0,1033.8,5.0,297.0,6.0
1997-03-10,0.0,1.6,16.2,68.0,1031.8,4.9,18.0,0.0
1997-03-11,0.0,3.9,15.0,59.0,1033.0,7.8,61.0,0.0
1997-03-12,0.0,0.1,17.0,66.0,1030.7,4.4,269.0,0.0
1997-03-13,0.0,2.0,18.6,72.0,1023.5,4.9,283.0,5.0
1997-03-14,0.0,3.4,17.5,69.0,1019.3,5.5,74.0,24.0
1997-03-15,0.0,4.6,18.2,67.0,1018.7,4.1,354.0,43.0
1997-03-16,0.0,3.1,20.8,65.0,1018.6,6.0,263.0,13.0
1997-03-17,0.0,4.0,23.1,59.0,1014.5,6.2,302.0,26.0
1997-03-18,0.0,5.2,14.1,68.0,1017.4,9.5,83.0,50.0
1997-03-19,8.9,6.9,14.8,76.0,1003.4,4.5,12.0,88.0
1997-03-20,0.1,1.9,16.5,70.0,1006.4,8.2,263.0,40.0
1997-03-21,1.0,4.0,12.4,80.0,1015.3,7.9,98.0,37.0
1997-03-22,0.0,3.6,11.9,77.0,1019.8,7.4,77.0,55.0
1997-03-23,0.1,4.3,12.1,75.0,1019.0,5.4,83.0,77.0
1997-03-24,4.2,5.5,10.3,81.0,1010.1,13.5,54.0,86.0
1997-03-25,0.0,1.7,13.9,72.0,1013.1,4.0,42.0,42.0
1997-03-26,0.1,1.1,14.7,71.0,1019.4,5.4,92.0,33.0
1997-03-27,0.0,6.6,17.9,70.0,1020.8,4.4,198.0,41.0
1997-03-28,3.8,6.3,19.5,75.0,1009.6,9.9,274.0,35.0
1997-03-29,0.0,2.9,14.2,49.0,1011.7,8.1,335.0,19.0
1997-03-30,0.0,-0.5,15.2,47.0,1015.3,6.7,355.0,8.0
1997-03-31,0.0,3.4,16.0,51.0,1021.5,6.3,249.0,6.0
1997-04-01,0.0,4.4,18.3,58.0,1018.0,5.4,224.0,19.0
1997-04-02,0.0,5.3,19.8,61.0,1016.3,6.9,250.0,13.0
1997-04-03,0.0,4.5,22.1,59.0,1010.0,5.8,255.0,11.0
1997-04-04,2.6,5.7,19.6,57.0,1006.0,8.9,71.0,37.0
1997-04-05,0.0,5.1,16.8,41.0,1015.4,8.7,232.0,55.0
1997-04-06,0.2,5.3,19.9,58.0,1009.4,6.8,63.0,9.0
1997-04-07,0.1,6.8,12.8,51.0,1023.4,8.2,107.0,34.0
1997-04-08,0.0,5.7,12.3,50.0,1031.2,4.7,145.0,46.0
1997-04-09,0.0,1.6,15.6,49.0,1031.9,5.3,203.0,4.0
1997-04-10,0.0,3.5,19.1,55.0,1028.0,5.1,188.0,23.0
1997-04-11,0.0,7.5,22.2,54.0,1016.0,11.2,253.0,10.0
1997-04-12,0.2,7.4,14.0,47.0,1013.2,9.4,134.0,30.0
1997-04-13,0.0,2.7,15.8,53.0,1019.2,7.3,121.0,41.0
1997-04-14,0.0,5.1,16.4,58.0,1021.6,4.9,117.0,55.0
1997-04-15,0.3,3.3,21.6,55.0,1012.4,10.3,259.0,14.0
1997-04-16,9.2,2.3,11.8,79.0,1016.4,6.6,99.0,69.0
1997-04-17,0.0,-1.9,12.2,62.0,1018.0,6.2,224.0,26.0
1997-04-18,0.0,0.4,16.9,44.0,1017.3,6.0,216.0,0.0
1997-04-19,0.0,2.3,17.6,50.0,1010.0,5.3,98.0,2.0
1997-04-20,9.2,4.8,13.0,79.0,1004.9,8.4,61.0,93.0
1997-04-21,2.0,4.6,12.8,59.0,1006.2,17.3,74.0,86.0
1997-04-22,0.2,4.9,12.3,60.0,1002.9,6.5,119.0,100.0
1997-04-23,0.0,2.8,15.7,57.0,1014.1,6.9,201.0,40.0
1997-04-24,0.0,3.4,16.7,51.0,1022.9,5.2,193.0,2.0
1997-04-25,0.0,3.4,20.0,54.0,1020.6,5.7,215.0,51.0
1997-04-26,1.1,8.2,19.5,63.0,1015.9,5.6,212.0,97.0
1997-04-27,43.9,9.3,12.7,92.0,1011.6,11.4,55.0,100.0
1997-04-28,8.8,9.0,17.7,76.0,1014.8,7.8,56.0,84.0
1997-04-29,0.9,9.6,15.8,82.0,1010.9,4.8,87.0,91.0
1997-04-30,1.3,6.9,20.0,74.0,1013.2,4.5,323.0,60.0
1997-05-01,0.5,5.4,20.3,68.0,1021.4,4.9,18.0,22.0
1997-05-02,0.0,9.2,21.9,61.0,1024.9,5.9,227.0,5.0
1997-05-03,0.0,8.0,25.5,61.0,1018.8,7.4,243.0,6.0
1997-05-04,0.0,12.9,23.8,58.0,1012.6,6.3,231.0,49.0
1997-05-05,0.2,11.4,21.5,63.0,1008.3,7.5,211.0,55.0
1997-05-06,15.5,11.0,18.7,76.0,999.5,8.1,154.0,74.0
1997-05-07,0.1,8.9,17.6,62.0,999.9,9.4,219.0,63.0
1997-05-08,30.5,8.7,11.8,85.0,1000.6,9.5,359.0,94.0
1997-05-09,0.0,3.2,18.5,70.0,1010.1,7.3,221.0,24.0
1997-05-10,0.7,10.2,19.5,69.0,1017.7,5.3,196.0,46.0
1997-05-11,0.1,9.8,21.2,74.0,1021.1,6.5,78.0,71.0
1997-05-12,1.4,13.1,22.7,73.0,1022.6,4.5,303.0,84.0
1997-05-13,0.0,9.9,25.5,71.0,1022.1,5.8,262.0,66.0
1997-05-14,0.0,10.4,28.9,65.0,1018.7,4.8,324.0,18.0
1997-05-15,0.6,14.5,27.5,64.0,1017.0,7.1,51.0,40.0
1997-05-16,0.0,13.5,27.5,60.0,1015.6,5.4,70.0,33.0
1997-05-17,0.0,14.5,27.5,66.0,1014.6,4.2,70.0,20.0
1997-05-18,0.0,16.4,26.3,62.0,1012.5,8.9,246.0,32.0
1997-05-19,0.0,12.8,25.7,56.0,1012.1,11.2,243.0,33.0
1997-05-20,0.0,15.4,26.0,53.0,1009.6,9.3,239.0,58.0
1997-05-21,0.6,14.2,24.0,62.0,1007.4,6.6,232.0,54.0
1997-05-22,7.1,13.6,22.4,74.0,1008.9,5.7,77.0,59.0
1997-05-23,0.7,11.4,22.3,77.0,1015.1,6.3,61.0,55.0
1997-05-24,0.0,13.5,23.4,72.0,1016.6,7.1,63.0,72.0
1997-05-25,3.6,15.8,19.5,69.0,1021.9,11.0,65.0,96.0
1997-05-26,1.5,13.5,21.6,62.0,1020.4,5.1,105.0,56.0
1997-05-27,0.0,11.2,24.5,66.0,1014.6,5.6,109.0,5.0
1997-05-28,1.0,15.0,20.0,75.0,1013.9,9.0,84.0,57.0
1997-05-29,0.0,13.4,21.7,55.0,1022.6,5.3,184.0,60.0
1997-05-30,0.0,10.9,24.2,47.0,1018.3,6.4,141.0,34.0
1997-05-31,0.0,14.1,19.8,58.0,1018.1,9.6,103.0,50.0
1997-06-01,16.5,10.7,14.7,76.0,1016.4,12.3,57.0,100.0
1997-06-02,1.7,10.7,19.8,71.0,1014.0,7.9,17.0,89.0
1997-06-03,0.0,11.1,22.8,70.0,1014.1,4.9,208.0,56.0
1997-06-04,8.0,11.8,23.2,81.0,1015.7,6.4,84.0,64.0
1997-06-05,9.7,15.9,20.1,85.0,1013.7,8.9,63.0,100.0
1997-06-06,0.3,14.7,24.3,74.0,1011.2,5.5,236.0,67.0
1997-06-07,0.0,14.4,26.1,75.0,1013.6,5.3,112.0,50.0
1997-06-08,1.0,17.1,25.4,78.0,1016.0,5.1,81.0,81.0
1997-06-09,1.8,16.4,27.2,72.0,1020.5,4.0,49.0,73.0
1997-06-10,0.7,17.3,27.6,67.0,1018.7,5.1,58.0,72.0
1997-06-11,0.2,18.5,28.9,66.0,1014.0,5.6,100.0,79.0
1997-06-12,4.9,17.0,28.6,72.0,1009.9,5.8,65.0,76.0
1997-06-13,4.8,17.5,26.3,78.0,1008.1,4.7,38.0,86.0
1997-06-14,6.2,17.7,26.9,80.0,1008.2,5.5,282.0,62.0
1997-06-15,0.0,16.9,26.9,72.0,1013.1,6.6,76.0,18.0
1997-06-16,22.0,17.2,27.5,75.0,1014.6,5.8,47.0,63.0
1997-06-17,0.0,17.0,27.5,71.0,1012.3,7.2,248.0,50.0
1997-06-18,4.0,16.7,24.3,78.0,1012.2,6.8,56.0,62.0
1997-06-19,34.8,16.6,20.4,82.0,1008.7,12.9,45.0,96.0
1997-06-20,1.2,14.4,25.1,73.0,1004.1,6.7,240.0,47.0
1997-06-21,0.4,15.7,24.6,72.0,1008.4,5.6,228.0,53.0
1997-06-22,4.3,15.2,26.7,73.0,1004.5,7.1,204.0,68.0
1997-06-23,3.4,14.9,23.3,71.0,1005.4,6.2,335.0,34.0
1997-06-24,4.0,12.4,22.9,76.0,1010.3,5.0,19.0,53.0
1997-06-25,0.0,11.2,22.5,68.0,1010.8,5.2,101.0,66.0
1997-06-26,11.4,14.8,21.5,80.0,1005.0,7.5,58.0,98.0
1997-06-27,23.1,15.9,21.6,92.0,1003.2,7.4,47.0,96.0
1997-06-28,6.9,17.5,25.1,84.0,1008.1,11.6,50.0,63.0
1997-06-29,15.0,16.5,23.5,72.0,1006.5,7.2,14.0,64.0
1997-06-30,4.8,14.6,21.7,72.0,1006.6,11.2,242.0,44.0
1997-07-01,1.1,12.4,23.0,75.0,1011.0,5.8,227.0,26.0
1997-07-02,0.2,13.9,23.4,77.0,1016.8,5.5,88.0,59.0
1997-07-03,3.3,15.4,24.2,80.0,1016.4,4.1,100.0,50.0
1997-07-04,0.4,15.0,26.8,75.0,1016.5,5.6,228.0,44.0
1997-07-05,16.7,16.5,22.9,82.0,1013.7,5.4,314.0,78.0
1997-07-06,0.2,13.3,26.4,71.0,1014.4,7.1,280.0,83.0
1997-07-07,0.0,12.9,25.7,59.0,1014.4,6.0,319.0,42.0
1997-07-08,0.0,13.9,27.9,57.0,1013.3,5.8,303.0,62.0
1997-07-09,0.5,15.9,27.4,66.0,1013.3,5.9,45.0,40.0
1997-07-10,1.5,16.7,26.1,69.0,1012.5,3.7,11.0,48.0
1997-07-11,2.5,15.0,26.1,76.0,1012.0,3.8,5.0,44.0
1997-07-12,3.9,14.3,26.7,74.0,1014.0,3.3,67.0,27.0
1997-07-13,0.0,15.1,28.4,74.0,1015.4,3.5,334.0,29.0
1997-07-14,15.3,17.5,27.8,78.0,1016.7,4.9,35.0,65.0
1997-07-15,4.7,15.3,27.4,79.0,1016.6,3.7,90.0,29.0
1997-07-16,0.3,16.1,27.3,74.0,1017.4,5.6,97.0,30.0
1997-07-17,4.8,16.2,26.3,78.0,1012.1,8.0,59.0,58.0
1997-07-18,33.0,16.9,24.9,84.0,1004.8,5.0,350.0,68.0
1997-07-19,0.1,13.5,26.5,74.0,1009.5,7.5,267.0,59.0
1997-07-20,3.6,15.3,24.6,75.0,1013.5,4.9,12.0,28.0
1997-07-21,0.2,13.6,25.3,74.0,1014.4,4.8,245.0,11.0
1997-07-22,0.0,14.9,27.7,72.0,1016.4,4.7,87.0,27.0
1997-07-23,0.0,16.6,28.0,75.0,1017.8,5.3,106.0,88.0
1997-07-24,2.8,17.9,27.5,76.0,1014.1,5.2,58.0,83.0
1997-07-25,4.9,17.6,27.1,81.0,1008.5,4.3,340.0,61.0
1997-07-26,7.8,17.5,26.8,76.0,1010.9,5.7,71.0,31.0
1997-07-27,0.0,16.8,28.2,71.0,1017.3,6.4,92.0,48.0
1997-07-28,0.1,18.7,27.7,72.0,1019.1,5.1,49.0,86.0
1997-07-29,7.2,18.8,26.6,75.0,1018.6,5.7,27.0,77.0
1997-07-30,0.0,16.1,28.3,68.0,1017.5,4.8,203.0,8.0
1997-07-31,0.2,16.9,29.2,61.0,1013.5,4.8,204.0,57.0
1997-08-01,1.5,18.3,22.7,74.0,1008.5,9.7,65.0,69.0
1997-08-02,0.0,14.7,25.1,72.0,1014.1,4.7,162.0,38.0
1997-08-03,0.0,15.9,27.2,67.0,1016.5,4.5,124.0,56.0
1997-08-04,0.0,16.6,29.0,67.0,1017.2,4.7,137.0,21.0
1997-08-05,3.9,18.6,29.5,73.0,1015.6,3.6,57.0,78.0
1997-08-06,7.5,19.8,26.7,82.0,1012.7,4.3,29.0,95.0
1997-08-07,9.6,19.0,23.7,87.0,1014.1,3.6,48.0,91.0
1997-08-08,2.0,17.4,27.7,79.0,1016.1,3.9,340.0,59.0
1997-08-09,3.0,17.5,28.7,78.0,1016.4,4.9,38.0,30.0
1997-08-10,0.6,18.4,27.9,70.0,1018.1,6.0,59.0,32.0
1997-08-11,0.0,18.2,27.3,64.0,1020.0,9.1,58.0,19.0
1997-08-12,0.0,17.4,28.3,58.0,1021.1,6.5,61.0,22.0
1997-08-13,0.0,19.1,28.6,59.0,1021.0,3.3,51.0,37.0
1997-08-14,0.0,17.4,29.9,62.0,1020.0,3.8,304.0,46.0
1997-08-15,1.3,17.9,30.6,66.0,1017.6,4.8,4.0,72.0
1997-08-16,7.3,19.4,26.3,73.0,1017.2,4.2,31.0,92.0
1997-08-17,11.4,18.6,22.9,87.0,1017.7,4.4,14.0,99.0
1997-08-18,8.6,17.9,25.1,79.0,1016.7,3.4,40.0,66.0
1997-08-19,1.7,16.8,24.8,77.0,1016.7,6.5,47.0,59.0
1997-08-20,0.0,17.4,26.5,69.0,1017.5,5.9,24.0,92.0
1997-08-21,0.3,16.9,25.6,69.0,1019.9,7.6,29.0,65.0
1997-08-22,0.0,15.5,27.6,62.0,1020.7,7.0,41.0,39.0
1997-08-23,0.1,15.1,28.2,62.0,1018.5,3.5,13.0,25.0
1997-08-24,0.4,17.7,27.2,69.0,1016.9,3.2,47.0,75.0
1997-08-25,0.9,16.8,27.5,76.0,1013.7,4.0,304.0,45.0
1997-08-26,0.0,19.9,28.8,70.0,1010.2,5.2,290.0,38.0
1997-08-27,1.4,18.3,26.7,80.0,1009.8,4.2,73.0,59.0
1997-08-28,1.6,18.2,27.5,78.0,1007.1,6.0,224.0,88.0
1997-08-29,3.2,16.4,25.1,70.0,1007.8,6.5,277.0,47.0
1997-08-30,0.0,13.2,25.5,65.0,1015.7,5.0,340.0,64.0
1997-08-31,0.0,14.4,27.5,68.0,1017.3,4.3,76.0,13.0
1997-09-01,0.0,16.1,28.8,71.0,1017.7,4.6,78.0,1.0
1997-09-02,0.0,16.5,29.6,72.0,1016.7,4.7,45.0,42.0
1997-09-03,0.0,17.3,29.2,71.0,1016.8,4.0,351.0,87.0
1997-09-04,0.2,17.6,29.6,71.0,1017.9,4.9,45.0,42.0
1997-09-05,0.2,18.1,29.1,71.0,1019.1,4.8,52.0,36.0
1997-09-06,0.0,18.5,29.9,70.0,1019.4,4.9,50.0,16.0
1997-09-07,0.8,19.3,28.8,70.0,1019.9,7.9,50.0,28.0
1997-09-08,0.2,18.1,27.3,68.0,1021.2,5.8,52.0,23.0
1997-09-09,0.0,16.9,29.6,67.0,1015.1,5.5,278.0,11.0
1997-09-10,0.0,18.9,27.3,76.0,1012.6,7.1,69.0,32.0
1997-09-11,0.0,18.6,25.7,63.0,1017.8,7.5,79.0,35.0
1997-09-12,0.1,16.5,26.4,71.0,1015.2,4.1,121.0,40.0
1997-09-13,1.5,19.6,27.1,72.0,1010.8,5.8,246.0,64.0
1997-09-14,16.2,15.3,20.5,75.0,1016.5,11.5,64.0,82.0
1997-09-15,0.0,13.6,20.8,58.0,1024.5,6.0,61.0,34.0
1997-09-16,0.0,9.1,21.7,59.0,1025.6,6.9,41.0,2.0
1997-09-17,0.0,9.5,23.1,63.0,1024.4,4.9,36.0,0.0
1997-09-18,0.0,10.1,24.9,68.0,1023.1,3.8,304.0,4.0
1997-09-19,0.0,11.1,25.6,69.0,1019.9,4.0,325.0,6.0
1997-09-20,0.0,13.2,23.5,71.0,1020.3,7.6,68.0,12.0
1997-09-21,0.0,12.4,22.0,65.0,1022.8,6.8,66.0,41.0
1997-09-22,0.0,12.8,22.4,64.0,1022.3,6.1,55.0,71.0
1997-09-23,0.0,12.3,22.3,63.0,1020.6,7.4,52.0,97.0
1997-09-24,0.0,10.2,24.3,62.0,1019.4,5.9,45.0,43.0
1997-09-25,0.0,12.7,21.7,65.0,1023.8,6.8,71.0,5.0
1997-09-26,0.0,12.1,21.4,60.0,1023.2,4.5,47.0,9.0
1997-09-27,0.0,9.4,23.7,67.0,1015.9,5.3,266.0,2.0
1997-09-28,0.0,10.2,23.2,73.0,1015.5,4.6,52.0,33.0
1997-09-29,0.0,12.4,23.6,72.0,1019.7,3.8,73.0,39.0
1997-09-30,0.0,12.7,25.3,72.0,1020.8,4.6,277.0,30.0
1997-10-01,0.0,13.3,24.2,78.0,1015.4,4.3,71.0,39.0
1997-10-02,0.0,11.9,25.6,77.0,1009.0,4.6,269.0,35.0
1997-10-03,0.2,15.3,21.9,72.0,1011.1,8.3,73.0,63.0
1997-10-04,0.0,16.0,22.2,60.0,1020.4,6.5,77.0,72.0
1997-10-05,0.0,10.7,23.8,73.0,1019.1,4.6,313.0,11.0
1997-10-06,1.4,11.5,23.8,79.0,1016.1,5.9,44.0,47.0
1997-10-07,3.8,15.9,23.2,83.0,1012.7,4.8,29.0,97.0
1997-10-08,0.4,15.2,22.8,85.0,1015.9,3.9,101.0,57.0
1997-10-09,0.4,15.7,24.1,80.0,1017.6,3.9,247.0,57.0
1997-10-10,1.2,15.8,22.4,82.0,1011.7,6.0,240.0,73.0
1997-10-11,0.8,12.9,23.7,81.0,1002.3,5.7,348.0,23.0
1997-10-12,2.4,14.1,22.4,75.0,995.4,6.3,3.0,63.0
1997-10-13,0.5,6.8,18.5,49.0,1005.9,7.8,27.0,38.0
1997-10-14,1.7,8.2,17.4,53.0,1009.9,7.7,22.0,51.0
1997-10-15,0.0,3.5,16.5,49.0,1012.9,4.5,315.0,24.0
1997-10-16,0.0,5.8,17.2,59.0,1013.7,4.4,307.0,26.0
1997-10-17,0.0,7.1,17.5,72.0,1020.6,5.0,30.0,44.0
1997-10-18,0.0,8.7,17.2,81.0,1026.1,4.1,41.0,73.0
1997-10-19,0.0,7.9,18.8,79.0,1023.0,3.7,7.0,25.0
1997-10-20,0.0,7.1,18.9,82.0,1015.0,4.3,251.0,61.0
1997-10-21,7.2,11.7,15.1,90.0,1011.9,8.7,45.0,100.0
1997-10-22,0.6,9.2,14.7,74.0,1013.9,6.6,60.0,60.0
1997-10-23,0.0,7.9,16.2,74.0,1012.7,3.9,54.0,86.0
1997-10-24,0.0,6.8,17.6,75.0,1010.9,5.6,50.0,39.0
1997-10-25,0.0,8.3,12.5,61.0,1021.5,4.6,87.0,41.0
1997-10-26,0.0,4.7,14.2,71.0,1021.0,3.4,36.0,19.0
1997-10-27,0.0,6.2,12.5,69.0,1020.0,9.6,58.0,70.0
1997-10-28,0.0,3.9,8.1,38.0,1028.0,18.5,62.0,48.0
1997-10-29,0.0,-0.6,9.9,38.0,1032.9,14.1,50.0,3.0
1997-10-30,0.2,0.1,10.3,41.0,1029.0,14.3,56.0,71.0
1997-10-31,0.3,4.5,10.2,64.0,1026.6,5.9,39.0,95.0
1997-11-01,0.0,5.0,11.4,68.0,1023.2,3.7,322.0,80.0
1997-11-02,0.0,3.6,15.1,74.0,1017.7,3.2,266.0,7.0
1997-11-03,0.0,3.0,15.8,77.0,1015.2,3.5,330.0,0.0
1997-11-04,0.0,4.4,13.1,74.0,1018.2,7.8,45.0,38.0
1997-11-05,4.3,7.4,10.4,77.0,1017.5,7.6,34.0,97.0
1997-11-06,19.0,10.1,13.6,93.0,1008.0,7.0,38.0,99.0
1997-11-07,32.5,12.8,18.7,92.0,1003.8,5.5,125.0,90.0
1997-11-08,5.5,10.6,16.2,87.0,1003.1,7.1,250.0,67.0
1997-11-09,20.6,6.0,12.0,93.0,1007.6,6.5,9.0,74.0
1997-11-10,1.6,5.2,14.1,87.0,1008.6,3.9,348.0,41.0
1997-11-11,7.0,5.7,14.1,88.0,1009.1,6.1,39.0,81.0
1997-11-12,23.2,8.9,13.5,94.0,1003.9,8.8,67.0,99.0
1997-11-13,0.0,6.5,14.2,83.0,1002.5,4.9,319.0,86.0
1997-11-14,0.0,1.3,13.1,75.0,1009.0,4.4,355.0,3.0
1997-11-15,0.0,0.7,12.7,74.0,1019.3,5.4,312.0,8.0
1997-11-16,0.0,1.3,11.4,78.0,1016.6,4.6,340.0,38.0
1997-11-17,0.0,4.0,10.9,79.0,1018.2,4.1,1.0,20.0
1997-11-18,0.0,1.9,11.3,83.0,1012.6,5.6,271.0,16.0
1997-11-19,1.5,2.6,5.1,71.0,1011.8,12.6,57.0,86.0
1997-11-20,0.0,-2.0,5.9,67.0,1011.0,5.5,15.0,33.0
1997-11-21,0.0,-0.8,9.1,78.0,1012.1,3.3,290.0,26.0
1997-11-22,0.0,0.2,9.9,78.0,1013.8,7.4,25.0,92.0
1997-11-23,4.4,4.7,8.2,79.0,1014.1,6.0,7.0,99.0
1997-11-24,0.0,1.4,11.2,85.0,1016.6,3.9,6.0,69.0
1997-11-25,0.7,7.3,10.1,82.0,1014.5,4.5,30.0,100.0
1997-11-26,0.3,6.2,12.0,89.0,1013.8,2.8,331.0,90.0
1997-11-27,0.0,4.7,12.5,87.0,1017.2,4.2,340.0,76.0
1997-11-28,0.0,4.6,12.2,86.0,1017.4,3.4,270.0,84.0
1997-11-29,6.0,7.8,10.2,93.0,1012.6,4.8,35.0,100.0
1997-11-30,23.7,7.9,10.2,91.0,1004.1,7.1,3.0,100.0
1997-12-01,10.3,6.9,9.7,92.0,1004.6,5.4,319.0,99.0
1997-12-02,3.7,1.7,10.3,89.0,1002.3,6.6,29.0,92.0
1997-12-03,29.6,4.1,7.0,89.0,992.7,10.4,17.0,91.0
1997-12-04,0.6,1.3,9.3,79.0,1007.0,5.0,342.0,48.0
1997-12-05,0.0,-0.3,7.9,78.0,1016.8,8.1,16.0,42.0
1997-12-06,0.0,-2.8,5.9,74.0,1021.2,6.7,8.0,7.0
1997-12-07,0.0,-4.1,7.1,74.0,1020.8,5.9,301.0,11.0
1997-12-08,0.0,-2.8,7.7,78.0,1016.7,3.6,322.0,41.0
1997-12-09,0.0,-1.1,8.2,83.0,1016.6,3.2,332.0,72.0
1997-12-10,0.0,-2.1,9.8,85.0,1019.8,4.9,288.0,48.0
1997-12-11,0.0,-0.6,7.9,88.0,1017.6,4.1,264.0,80.0
1997-12-12,0.0,1.1,10.0,89.0,1009.5,3.4,312.0,64.0
1997-12-13,0.0,-1.7,11.9,81.0,1014.9,6.2,326.0,67.0
1997-12-14,0.0,-2.7,9.4,68.0,1020.6,5.2,342.0,4.0
1997-12-15,0.0,-0.5,7.5,72.0,1017.6,8.2,36.0,57.0
1997-12-16,0.2,-2.0,4.5,70.0,1023.9,11.8,50.0,69.0
1997-12-17,7.4,0.4,2.6,72.0,1026.7,11.5,39.0,99.0
1997-12-18,7.9,2.8,6.9,91.0,1022.2,6.4,27.0,100.0
1997-12-19,17.9,5.9,8.7,92.0,1013.8,9.2,29.0,100.0
1997-12-20,30.6,5.9,9.7,95.0,1003.3,8.2,12.0,92.0
1997-12-21,0.0,5.1,10.4,92.0,1006.3,3.9,294.0,84.0
1997-12-22,0.0,2.7,9.8,91.0,1011.7,3.1,295.0,67.0
1997-12-23,0.0,-0.1,9.9,89.0,1019.2,3.9,303.0,64.0
1997-12-24,0.0,-1.3,8.9,89.0,1028.0,3.5,289.0,52.0
1997-12-25,0.0,-0.5,6.9,90.0,1026.8,2.7,274.0,79.0
1997-12-26,3.9,3.0,6.9,92.0,1016.4,3.5,2.0,100.0
1997-12-27,0.0,0.0,9.3,90.0,1008.6,5.1,329.0,83.0
1997-12-28,0.0,-1.9,8.5,79.0,1010.7,4.6,304.0,31.0
1997-12-29,0.0,-2.9,6.8,75.0,1013.6,4.1,316.0,8.0
1997-12-30,0.0,-3.0,5.5,72.0,1020.3,3.4,354.0,32.0
1997-12-31,0.0,-0.1,6.0,82.0,1021.6,3.6,338.0,92.0
1998-01-01,0.0,1.0,8.0,89.0,1022.8,3.4,277.0,70.0
1998-01-02,5.3,2.9,7.0,95.0,1014.4,3.8,44.0,99.0
1998-01-03,6.4,3.5,10.3,92.0,1012.2,5.9,294.0,87.0
1998-01-04,0.0,0.6,8.5,88.0,1015.6,4.5,338.0,40.0
1998-01-05,0.0,0.6,10.8,85.0,1014.9,6.1,297.0,35.0
1998-01-06,0.0,-0.7,11.0,86.0,1014.5,5.9,310.0,46.0
1998-01-07,0.0,-1.6,8.9,83.0,1023.7,4.2,325.0,31.0
1998-01-08,0.0,-0.9,9.1,82.0,1030.2,4.3,278.0,13.0
1998-01-09,0.0,-1.3,7.7,85.0,1033.1,3.4,277.0,24.0
1998-01-10,0.0,-0.9,8.5,85.0,1032.8,3.3,288.0,32.0
1998-01-11,0.0,-1.7,9.1,82.0,1031.5,3.6,285.0,12.0
1998-01-12,0.0,-0.8,5.8,86.0,1030.5,2.4,236.0,67.0
1998-01-13,0.0,0.6,4.8,89.0,1025.0,1.8,224.0,90.0
1998-01-14,2.0,2.3,7.9,89.0,1019.2,5.0,31.0,93.0
1998-01-15,3.4,5.8,10.0,93.0,1022.5,4.5,341.0,98.0
1998-01-16,2.8,3.8,9.6,93.0,1019.6,4.1,239.0,99.0
1998-01-17,3.9,0.4,11.8,86.0,1017.3,5.0,337.0,68.0
1998-01-18,0.0,-2.5,9.2,73.0,1022.1,4.8,295.0,47.0
1998-01-19,5.0,-1.3,7.2,89.0,1005.0,5.0,349.0,82.0
1998-01-20,3.6,-2.1,7.0,80.0,1002.7,7.8,333.0,58.0
1998-01-21,0.0,-3.1,9.0,63.0,1013.8,6.5,335.0,91.0
1998-01-22,0.0,-1.0,8.6,61.0,1018.4,5.4,348.0,73.0
1998-01-23,0.0,-1.4,7.8,74.0,1020.0,4.4,327.0,85.0
1998-01-24,0.0,-1.2,7.6,78.0,1017.6,4.0,31.0,35.0
1998-01-25,0.0,-0.4,6.4,72.0,1020.8,9.6,49.0,44.0
1998-01-26,0.0,-1.5,5.1,70.0,1025.4,6.1,43.0,2.0
1998-01-27,0.0,-1.6,4.7,64.0,1023.5,4.4,21.0,5.0
1998-01-28,0.0,-2.8,4.7,77.0,1019.1,4.6,271.0,7.0
1998-01-29,0.0,-1.8,4.7,77.0,1018.4,4.0,23.0,20.0
1998-01-30,0.0,-2.4,5.5,78.0,1020.2,4.9,290.0,16.0
1998-01-31,0.0,-2.2,5.8,82.0,1015.2,4.2,16.0,24.0
1998-02-01,0.0,-2.3,4.1,65.0,1016.4,10.1,57.0,50.0
1998-02-02,0.0,-2.1,3.8,64.0,1013.8,3.0,156.0,59.0
1998-02-03,0.0,-2.0,5.0,79.0,1011.4,3.2,56.0,94.0
1998-02-04,0.0,-2.0,8.4,63.0,1012.0,10.4,44.0,66.0
1998-02-05,0.0,-3.3,10.1,70.0,1015.3,4.0,304.0,0.0
1998-02-06,0.0,-2.7,10.5,70.0,1021.1,4.1,300.0,1.0
1998-02-07,0.0,-2.5,10.3,73.0,1024.2,4.3,290.0,31.0
1998-02-08,0.0,-1.2,11.2,70.0,1025.8,5.2,36.0,48.0
1998-02-09,0.0,-1.2,10.1,69.0,1033.1,4.4,274.0,21.0
1998-02-10,0.0,-1.8,12.0,76.0,1033.4,5.0,266.0,6.0
1998-02-11,0.0,-0.9,13.7,74.0,1033.0,3.5,267.0,1.0
1998-02-12,0.0,-1.1,14.2,79.0,1031.1,3.0,287.0,43.0
1998-02-13,0.0,-0.7,16.4,77.0,1029.2,3.9,276.0,34.0
1998-02-14,0.0,0.3,17.2,75.0,1030.1,3.2,345.0,5.0
1998-02-15,0.0,1.2,17.1,81.0,1029.6,4.2,309.0,15.0
1998-02-16,0.0,1.4,17.2,78.0,1024.5,6.5,255.0,48.0
1998-02-17,0.0,3.6,17.3,71.0,1020.5,4.2,322.0,26.0
1998-02-18,0.0,5.6,12.8,66.0,1034.7,4.1,104.0,5.0
1998-02-19,0.0,-0.7,14.8,75.0,1030.8,5.1,266.0,2.0
1998-02-20,0.0,0.4,15.6,74.0,1028.5,4.1,12.0,0.0
1998-02-21,0.0,-0.0,14.2,79.0,1027.9,4.1,51.0,32.0
1998-02-22,2.5,1.9,12.8,85.0,1024.7,4.5,64.0,78.0
1998-02-23,13.6,7.2,13.7,81.0,1023.6,10.8,35.0,97.0
1998-02-24,0.0,4.7,16.0,71.0,1028.2,7.2,32.0,34.0
1998-02-25,0.0,5.1,15.6,75.0,1029.3,4.3,358.0,51.0
1998-02-26,0.0,7.0,15.1,74.0,1032.3,4.2,300.0,30.0
1998-02-27,0.0,1.7,15.9,79.0,1025.5,6.1,255.0,0.0
1998-02-28,0.0,3.3,15.0,81.0,1014.7,7.4,247.0,28.0
1998-03-01,1.0,6.9,14.4,84.0,1012.4,6.5,212.0,75.0
1998-03-02,0.0,2.8,11.7,74.0,1022.2,5.9,61.0,61.0
1998-03-03,0.0,2.4,13.6,79.0,1024.9,5.5,239.0,72.0
1998-03-04,0.0,6.0,14.9,78.0,1023.0,8.5,234.0,90.0
1998-03-05,0.0,7.7,15.6,68.0,1015.9,14.3,241.0,56.0
1998-03-06,0.0,0.1,14.5,46.0,1024.1,8.0,254.0,16.0
1998-03-07,0.0,3.2,15.3,65.0,1018.1,5.6,236.0,38.0
1998-03-08,0.1,7.2,16.2,76.0,1006.6,5.2,317.0,62.0
1998-03-09,1.0,1.9,15.1,64.0,1007.1,8.3,28.0,47.0
1998-03-10,0.0,-2.2,10.1,35.0,1024.4,7.1,9.0,9.0
1998-03-11,0.0,-0.1,7.2,54.0,1019.7,6.2,99.0,75.0
1998-03-12,0.0,-0.5,8.8,67.0,1016.9,5.5,73.0,71.0
1998-03-13,0.0,-1.8,11.5,68.0,1021.4,4.6,231.0,11.0
1998-03-14,0.0,-0.6,14.2,68.0,1020.2,7.1,252.0,18.0
1998-03-15,0.7,2.0,15.6,73.0,1018.0,5.3,60.0,24.0
1998-03-16,0.0,3.8,13.2,77.0,1020.5,4.9,107.0,20.0
1998-03-17,0.0,2.6,16.2,74.0,1020.8,5.0,86.0,18.0
1998-03-18,0.0,2.0,18.2,69.0,1025.5,5.9,217.0,2.0
1998-03-19,0.4,4.3,14.5,76.0,1027.8,9.3,58.0,33.0
1998-03-20,0.5,2.1,14.4,68.0,1025.2,6.1,287.0,34.0
1998-03-21,0.0,0.1,7.7,64.0,1022.6,9.7,79.0,49.0
1998-03-22,0.0,1.0,11.0,49.0,1026.9,7.8,249.0,58.0
1998-03-23,4.8,1.6,5.5,71.0,1028.7,9.7,61.0,99.0
1998-03-24,1.3,1.2,8.7,55.0,1024.1,14.9,51.0,57.0
1998-03-25,0.0,-2.1,9.6,52.0,1026.1,7.9,59.0,10.0
1998-03-26,0.0,-2.2,10.3,56.0,1025.0,4.7,49.0,1.0
1998-03-27,0.0,-1.7,12.8,61.0,1022.7,4.3,323.0,46.0
1998-03-28,0.0,-0.3,17.5,60.0,1020.5,5.8,253.0,55.0
1998-03-29,0.0,3.9,17.9,59.0,1016.7,5.4,68.0,52.0
1998-03-30,0.0,3.2,18.5,63.0,1018.6,6.6,57.0,0.0
1998-03-31,0.0,4.5,18.3,71.0,1020.7,5.9,75.0,1.0
1998-04-01,0.0,6.0,19.1,74.0,1016.8,5.4,143.0,35.0
1998-04-02,0.0,6.5,18.5,73.0,1011.9,7.1,242.0,42.0
1998-04-03,0.1,8.7,17.5,73.0,1011.1,5.0,224.0,76.0
1998-04-04,0.2,9.7,21.2,70.0,1009.2,7.7,207.0,48.0
1998-04-05,7.6,9.8,19.1,80.0,1009.7,5.7,196.0,93.0
1998-04-06,9.5,9.1,15.9,82.0,1009.8,5.8,257.0,56.0
1998-04-07,9.5,6.9,14.4,83.0,1010.4,6.2,51.0,95.0
1998-04-08,2.1,4.5,16.4,76.0,1005.9,6.7,252.0,83.0
1998-04-09,2.8,6.1,15.9,81.0,1003.0,5.2,50.0,62.0
1998-04-10,18.4,5.0,12.9,91.0,1002.4,9.0,98.0,93.0
1998-04-11,14.7,5.2,13.5,87.0,1002.8,5.8,108.0,76.0
1998-04-12,2.7,3.8,12.1,80.0,1001.0,6.9,244.0,75.0
1998-04-13,6.7,2.4,10.8,83.0,1003.4,5.8,241.0,84.0
1998-04-14,1.0,1.3,12.7,73.0,1007.0,4.7,248.0,41.0
1998-04-15,3.8,2.3,11.4,79.0,1012.3,7.9,51.0,97.0
1998-04-16,16.8,6.0,13.3,77.0,1000.2,9.1,307.0,87.0
1998-04-17,6.9,6.5,12.6,82.0,996.0,5.5,70.0,81.0
1998-04-18,1.9,5.0,14.4,82.0,996.0,5.0,293.0,95.0
1998-04-19,3.9,1.6,15.4,80.0,1005.7,5.5,319.0,65.0
1998-04-20,0.0,0.5,17.5,67.0,1016.4,6.8,251.0,18.0
1998-04-21,0.0,4.6,19.1,69.0,1017.9,5.9,246.0,43.0
1998-04-22,0.0,6.5,19.3,74.0,1016.6,6.1,78.0,21.0
1998-04-23,0.0,9.9,17.5,68.0,1017.2,9.1,55.0,38.0
1998-04-24,0.0,6.5,21.4,69.0,1017.1,4.3,259.0,48.0
1998-04-25,0.0,9.8,20.5,71.0,1018.4,5.2,92.0,62.0
1998-04-26,0.0,10.0,21.6,70.0,1014.0,6.9,82.0,63.0
1998-04-27,8.8,12.5,20.7,72.0,1006.6,12.7,65.0,95.0
1998-04-28,20.5,10.4,14.6,85.0,1004.8,5.7,4.0,100.0
1998-04-29,8.1,9.5,14.3,82.0,1007.4,4.0,63.0,93.0
1998-04-30,5.5,10.0,15.8,81.0,1011.4,10.3,58.0,88.0
1998-05-01,9.0,9.7,16.7,81.0,1011.9,4.4,40.0,88.0
1998-05-02,0.0,8.4,18.0,73.0,1010.5,7.8,247.0,47.0
1998-05-03,0.0,9.3,19.3,73.0,1006.4,9.4,56.0,75.0
1998-05-04,9.8,11.9,17.6,77.0,998.1,7.1,358.0,100.0
1998-05-05,1.0,7.2,16.8,77.0,1005.0,7.5,100.0,75.0
1998-05-06,0.0,11.3,18.6,69.0,1012.4,5.5,81.0,78.0
1998-05-07,0.0,10.3,20.5,63.0,1020.8,4.4,94.0,19.0
1998-05-08,0.0,7.8,22.9,65.0,1026.5,4.2,95.0,3.0
1998-05-09,0.0,9.2,24.4,63.0,1024.8,3.9,51.0,14.0
1998-05-10,0.0,11.4,24.9,64.0,1020.8,7.9,45.0,0.0
1998-05-11,0.0,12.1,25.8,64.0,1017.8,6.4,61.0,1.0
1998-05-12,0.0,11.7,26.9,69.0,1017.4,4.3,22.0,18.0
1998-05-13,0.0,12.9,26.6,72.0,1018.3,4.9,41.0,53.0
1998-05-14,4.0,13.6,24.0,76.0,1017.6,8.1,50.0,65.0
1998-05-15,0.9,12.6,22.9,63.0,1014.7,6.6,62.0,39.0
1998-05-16,1.0,13.1,19.5,63.0,1014.8,8.9,67.0,60.0
1998-05-17,3.2,10.0,16.9,77.0,1016.1,7.0,58.0,68.0
1998-05-18,3.5,7.1,17.7,76.0,1019.2,4.7,349.0,70.0
1998-05-19,0.0,7.9,24.1,62.0,1018.2,4.9,294.0,60.0
1998-05-20,0.3,10.2,25.2,59.0,1015.9,4.8,14.0,31.0
1998-05-21,0.0,11.7,24.7,67.0,1014.1,5.7,43.0,33.0
1998-05-22,8.6,13.2,24.1,74.0,1011.1,6.4,39.0,35.0
1998-05-23,2.8,13.7,20.2,72.0,1013.7,8.4,76.0,53.0
1998-05-24,8.2,13.5,16.3,81.0,1011.4,10.6,47.0,87.0
1998-05-25,1.8,11.0,18.8,75.0,1008.3,9.1,51.0,54.0
1998-05-26,0.0,9.5,22.8,68.0,1008.5,5.5,204.0,22.0
1998-05-27,8.5,12.4,21.9,78.0,1011.8,6.1,57.0,45.0
1998-05-28,10.7,14.0,21.4,85.0,1013.5,10.3,56.0,87.0
1998-05-29,10.5,14.0,18.4,84.0,1012.8,7.3,39.0,85.0
1998-05-30,0.0,9.8,22.5,73.0,1013.6,5.9,248.0,19.0
1998-05-31,0.0,13.5,23.8,69.0,1014.3,6.3,240.0,35.0
1998-06-01,0.0,12.5,24.0,68.0,1015.0,9.2,249.0,26.0
1998-06-02,0.0,12.7,25.9,67.0,1016.5,5.8,249.0,61.0
1998-06-03,0.0,13.6,27.6,74.0,1017.2,5.6,85.0,36.0
1998-06-04,0.0,16.2,28.5,74.0,1018.3,5.2,64.0,56.0
1998-06-05,0.0,16.5,29.6,73.0,1018.8,5.9,71.0,18.0
1998-06-06,0.5,16.4,29.6,71.0,1017.3,7.6,66.0,40.0
1998-06-07,11.8,18.5,27.6,75.0,1014.1,5.7,20.0,81.0
1998-06-08,20.1,16.4,24.9,83.0,1014.4,4.3,18.0,51.0
1998-06-09,0.0,13.8,26.0,70.0,1015.3,5.1,63.0,9.0
1998-06-10,0.5,15.5,26.9,70.0,1009.5,4.8,130.0,47.0
1998-06-11,18.5,15.6,21.8,84.0,1002.5,6.8,108.0,79.0
1998-06-12,23.0,13.6,19.6,79.0,1004.0,9.6,40.0,78.0
1998-06-13,0.0,10.2,22.0,59.0,1011.4,6.1,11.0,33.0
1998-06-14,0.1,11.8,21.5,69.0,1013.5,6.3,70.0,26.0
1998-06-15,7.3,13.0,20.9,81.0,1013.7,5.2,23.0,57.0
1998-06-16,3.7,10.1,22.2,80.0,1016.5,5.2,277.0,41.0
1998-06-17,3.9,12.7,21.5,71.0,1021.6,5.9,58.0,45.0
1998-06-18,0.0,11.8,23.3,70.0,1023.6,4.6,107.0,57.0
1998-06-19,0.0,12.6,25.3,72.0,1022.3,5.1,84.0,28.0
1998-06-20,0.0,14.3,27.8,72.0,1023.5,4.8,92.0,29.0
1998-06-21,0.0,15.7,29.2,73.0,1022.3,4.1,88.0,34.0
1998-06-22,0.2,16.4,29.7,74.0,1018.0,4.1,16.0,35.0
1998-06-23,16.1,18.6,25.7,78.0,1016.6,8.0,41.0,83.0
1998-06-24,1.4,16.7,25.0,78.0,1014.0,5.9,59.0,63.0
1998-06-25,0.7,16.5,27.9,76.0,1012.7,4.5,79.0,42.0
1998-06-26,1.3,18.2,28.0,78.0,1014.6,6.4,62.0,57.0
1998-06-27,0.0,18.6,29.9,74.0,1014.1,4.8,42.0,36.0
1998-06-28,0.0,19.9,30.4,72.0,1013.9,6.2,31.0,37.0
1998-06-29,0.0,19.8,28.3,69.0,1015.6,9.2,47.0,29.0
1998-06-30,3.8,19.4,26.7,76.0,1012.8,5.1,59.0,43.0
1998-07-01,0.4,18.7,29.3,78.0,1010.5,6.9,67.0,31.0
1998-07-02,0.3,19.2,30.2,70.0,1006.4,10.2,292.0,34.0
1998-07-03,6.3,19.4,27.8,76.0,1009.9,7.6,43.0,55.0
1998-07-04,0.0,14.6,27.7,71.0,1013.9,5.4,250.0,34.0
1998-07-05,1.8,17.8,26.1,75.0,1012.9,7.8,64.0,33.0
1998-07-06,0.9,18.9,27.6,75.0,1011.5,6.5,81.0,45.0
1998-07-07,2.4,18.3,27.3,73.0,1004.8,7.5,276.0,74.0
1998-07-08,7.1,15.0,24.0,74.0,1003.7,7.2,34.0,51.0
1998-07-09,0.0,10.9,25.7,64.0,1011.0,5.2,263.0,21.0
1998-07-10,0.0,14.8,26.9,66.0,1012.5,5.2,57.0,31.0
1998-07-11,0.0,16.9,28.3,69.0,1011.7,6.6,359.0,68.0
1998-07-12,0.0,18.9,29.5,71.0,1011.8,5.9,113.0,51.0
1998-07-13,0.9,19.4,28.5,75.0,1011.5,7.6,57.0,43.0
1998-07-14,42.6,15.3,22.9,85.0,1008.1,8.2,71.0,99.0
1998-07-15,2.6,14.2,22.9,67.0,1013.8,7.5,63.0,43.0
1998-07-16,0.0,13.7,25.2,63.0,1015.2,5.1,236.0,25.0
1998-07-17,0.0,14.2,26.5,68.0,1014.1,4.4,81.0,9.0
1998-07-18,0.0,16.3,28.0,73.0,1015.5,5.8,108.0,11.0
1998-07-19,0.0,17.1,29.8,73.0,1017.0,5.1,70.0,20.0
1998-07-20,0.0,17.8,31.5,75.0,1017.9,4.5,90.0,7.0
1998-07-21,0.0,19.6,32.6,73.0,1014.6,5.0,100.0,8.0
1998-07-22,0.0,20.9,32.0,72.0,1014.8,5.5,67.0,47.0
1998-07-23,0.0,19.3,34.1,64.0,1013.8,4.4,304.0,6.0
1998-07-24,0.2,19.6,32.6,65.0,1013.5,6.8,43.0,10.0
1998-07-25,0.4,23.3,31.4,61.0,1012.9,9.5,46.0,20.0
1998-07-26,0.2,21.1,29.7,66.0,1013.5,6.3,50.0,21.0
1998-07-27,0.0,19.6,32.7,65.0,1010.8,5.0,73.0,28.0
1998-07-28,5.2,19.9,26.8,74.0,1007.5,5.5,46.0,75.0
1998-07-29,0.1,18.2,28.4,60.0,1009.5,5.9,71.0,18.0
1998-07-30,0.0,17.8,30.3,61.0,1011.3,5.8,85.0,2.0
1998-07-31,1.4,19.5,31.4,65.0,1011.8,5.8,51.0,25.0
1998-08-01,1.6,20.4,31.0,66.0,1013.3,9.5,48.0,27.0
1998-08-02,0.0,21.4,33.5,59.0,1013.3,8.8,61.0,26.0
1998-08-03,0.6,20.2,30.7,66.0,1017.0,6.7,329.0,86.0
1998-08-04,0.0,18.7,33.8,61.0,1016.8,5.2,275.0,52.0
1998-08-05,7.1,21.6,29.8,64.0,1017.6,10.1,57.0,76.0
1998-08-06,0.0,19.6,28.5,56.0,1021.8,10.3,71.0,8.0
1998-08-07,0.0,16.6,30.1,55.0,1020.4,7.4,51.0,0.0
1998-08-08,0.0,17.8,32.2,54.0,1018.3,5.4,54.0,0.0
1998-08-09,0.0,18.4,34.6,55.0,1014.9,4.4,300.0,5.0
1998-08-10,0.0,20.6,34.8,58.0,1016.4,5.1,65.0,8.0
1998-08-11,0.2,20.6,34.6,58.0,1017.6,3.8,40.0,23.0
1998-08-12,1.3,21.7,34.2,58.0,1015.7,4.8,19.0,65.0
1998-08-13,0.0,20.5,35.0,52.0,1010.5,6.1,280.0,19.0
1998-08-14,0.2,20.8,31.2,55.0,1010.1,9.1,65.0,21.0
1998-08-15,0.0,20.5,32.6,57.0,1013.8,5.1,37.0,9.0
1998-08-16,0.6,20.5,31.9,62.0,1017.5,4.6,10.0,41.0
1998-08-17,0.7,20.4,32.6,59.0,1016.1,4.4,354.0,51.0
1998-08-18,2.5,20.3,29.2,66.0,1013.5,4.5,326.0,89.0
1998-08-19,1.4,18.2,29.0,67.0,1013.8,4.8,34.0,47.0
1998-08-20,3.5,19.1,28.8,63.0,1015.4,4.9,15.0,50.0
1998-08-21,0.0,17.5,29.1,65.0,1010.5,8.3,261.0,48.0
1998-08-22,0.0,18.3,30.8,63.0,1005.2,7.4,261.0,25.0
1998-08-23,0.0,19.0,27.4,62.0,1008.8,9.3,86.0,55.0
1998-08-24,0.1,20.0,28.7,64.0,1009.6,7.4,305.0,42.0
1998-08-25,0.0,17.1,26.9,59.0,1013.2,9.0,71.0,17.0
1998-08-26,0.0,16.3,28.1,53.0,1014.7,5.5,65.0,1.0
1998-08-27,0.4,15.9,27.4,62.0,1008.1,6.3,54.0,25.0
1998-08-28,5.5,15.3,21.3,59.0,1011.6,12.6,76.0,53.0
1998-08-29,0.0,14.7,22.4,46.0,1015.5,5.1,86.0,46.0
1998-08-30,0.0,14.6,22.3,52.0,1018.0,4.4,137.0,55.0
1998-08-31,0.0,12.1,24.7,61.0,1016.4,5.9,319.0,28.0
1998-09-01,0.0,15.2,25.0,68.0,1018.1,5.8,62.0,67.0
1998-09-02,0.0,16.2,26.8,74.0,1019.3,5.9,74.0,94.0
1998-09-03,2.4,17.7,27.4,79.0,1016.0,5.4,70.0,84.0
1998-09-04,7.0,17.7,25.3,82.0,1013.3,6.9,49.0,80.0
1998-09-05,68.2,14.4,20.5,93.0,1005.8,8.3,24.0,78.0
1998-09-06,0.0,10.4,23.9,74.0,1009.6,5.9,60.0,3.0
1998-09-07,3.3,13.9,22.8,72.0,1010.2,6.7,41.0,82.0
1998-09-08,10.9,16.1,20.2,83.0,1010.1,7.0,30.0,74.0
1998-09-09,0.0,13.7,25.5,76.0,1015.0,5.0,39.0,18.0
1998-09-10,0.0,15.6,25.6,77.0,1015.1,4.4,90.0,4.0
1998-09-11,5.9,16.1,24.3,89.0,1009.1,6.2,52.0,69.0
1998-09-12,38.4,15.1,21.0,89.0,993.6,6.7,154.0,98.0
1998-09-13,10.7,12.3,19.3,79.0,993.5,5.8,350.0,68.0
1998-09-14,3.1,9.5,18.9,74.0,999.0,6.6,259.0,64.0
1998-09-15,0.0,10.8,20.6,68.0,1006.8,6.7,262.0,46.0
1998-09-16,0.0,11.9,21.7,67.0,1009.0,5.2,256.0,38.0
1998-09-17,3.3,12.3,20.8,81.0,1007.6,5.0,43.0,43.0
1998-09-18,0.1,8.7,22.1,76.0,1017.2,4.3,24.0,12.0
1998-09-19,0.1,13.3,19.7,75.0,1025.7,5.4,55.0,38.0
1998-09-20,0.0,13.7,21.2,63.0,1026.4,2.9,341.0,60.0
1998-09-21,0.0,11.3,22.1,67.0,1024.2,4.8,26.0,69.0
1998-09-22,0.0,13.2,20.8,64.0,1022.6,5.3,57.0,24.0
1998-09-23,0.0,10.8,21.2,70.0,1021.3,5.0,42.0,38.0
1998-09-24,0.0,10.2,21.4,73.0,1021.7,5.7,44.0,26.0
1998-09-25,5.7,12.2,17.8,82.0,1018.9,5.2,33.0,97.0
1998-09-26,8.2,13.8,21.6,82.0,1014.3,5.4,288.0,97.0
1998-09-27,20.1,15.3,20.3,90.0,1007.8,5.1,283.0,94.0
1998-09-28,2.8,12.2,20.8,83.0,1004.8,5.2,275.0,67.0
1998-09-29,0.2,9.5,21.4,81.0,1008.2,4.5,297.0,29.0
1998-09-30,7.8,14.1,20.2,88.0,1009.4,5.5,43.0,81.0
1998-10-01,14.9,13.5,19.8,89.0,1006.0,5.8,7.0,70.0
1998-10-02,0.2,10.0,19.5,79.0,1005.7,5.3,251.0,67.0
1998-10-03,5.2,10.1,18.5,84.0,1006.9,4.4,26.0,59.0
1998-10-04,11.3,8.8,16.2,90.0,1007.4,5.8,41.0,79.0
1998-10-05,39.7,11.1,14.4,90.0,1007.5,9.2,24.0,100.0
1998-10-06,24.5,13.0,16.4,92.0,1009.9,7.6,25.0,98.0
1998-10-07,34.1,12.6,16.2,90.0,1009.2,6.5,353.0,89.0
1998-10-08,31.5,12.3,16.4,92.0,1014.3,8.2,39.0,90.0
1998-10-09,4.2,9.9,18.4,87.0,1021.1,4.2,316.0,57.0
1998-10-10,0.0,8.5,17.9,83.0,1018.1,8.4,247.0,25.0
1998-10-11,0.0,8.3,18.2,79.0,1015.7,6.8,243.0,52.0
1998-10-12,0.0,11.0,18.2,79.0,1009.6,5.2,262.0,32.0
1998-10-13,0.0,5.4,18.7,67.0,1016.4,4.8,300.0,3.0
1998-10-14,0.0,6.1,18.1,72.0,1023.2,4.2,12.0,15.0
1998-10-15,0.0,7.1,18.8,77.0,1022.8,3.9,284.0,10.0
1998-10-16,0.0,7.7,19.2,83.0,1022.7,3.4,232.0,33.0
1998-10-17,0.0,11.7,18.6,84.0,1020.0,4.8,245.0,73.0
1998-10-18,0.5,10.7,19.5,83.0,1015.9,5.0,241.0,60.0
1998-10-19,39.8,11.6,14.6,93.0,1011.9,8.6,33.0,98.0
1998-10-20,0.0,6.5,16.4,78.0,1017.0,4.3,69.0,51.0
1998-10-21,0.0,10.0,15.5,74.0,1028.7,3.2,187.0,100.0
1998-10-22,0.0,5.1,16.0,76.0,1030.2,4.1,277.0,38.0
1998-10-23,0.0,4.7,17.4,85.0,1026.1,5.1,275.0,39.0
1998-10-24,0.0,6.1,17.1,85.0,1016.3,4.1,349.0,35.0
1998-10-25,0.3,8.2,13.4,86.0,1005.5,4.8,335.0,69.0
1998-10-26,0.7,4.6,16.1,82.0,1008.6,4.4,303.0,40.0
1998-10-27,0.0,3.6,16.3,75.0,1017.9,5.6,265.0,32.0
1998-10-28,0.0,5.4,16.8,77.0,1017.7,7.7,248.0,48.0
1998-10-29,0.0,6.6,18.6,78.0,1011.1,9.5,251.0,31.0
1998-10-30,0.0,3.5,15.6,64.0,1015.1,6.5,287.0,13.0
1998-10-31,0.0,1.9,14.7,71.0,1013.8,5.2,359.0,43.0
1998-11-01,0.0,4.7,14.4,78.0,1005.5,5.5,268.0,62.0
1998-11-02,0.0,3.5,15.3,81.0,1007.9,5.6,27.0,33.0
1998-11-03,7.1,7.9,15.1,85.0,1006.7,3.8,350.0,86.0
1998-11-04,8.2,9.8,14.4,93.0,1002.1,3.8,326.0,98.0
1998-11-05,0.5,7.0,12.7,83.0,1012.1,8.3,52.0,53.0
1998-11-06,0.0,2.4,13.5,77.0,1023.4,4.3,356.0,10.0
1998-11-07,0.0,1.6,13.4,74.0,1027.8,6.1,21.0,1.0
1998-11-08,0.0,0.3,12.7,82.0,1029.3,5.2,277.0,38.0
1998-11-09,0.0,1.9,12.3,85.0,1023.8,3.3,269.0,69.0
1998-11-10,1.6,6.4,12.6,84.0,1017.5,3.0,273.0,85.0
1998-11-11,0.0,3.3,14.7,77.0,1014.0,5.8,5.0,37.0
1998-11-12,0.0,0.9,10.7,63.0,1015.1,5.1,22.0,56.0
1998-11-13,0.0,0.6,10.2,73.0,1012.6,4.4,11.0,52.0
1998-11-14,0.6,-0.4,8.9,77.0,1008.4,3.0,337.0,67.0
1998-11-15,0.0,-1.0,11.0,84.0,1007.6,4.0,285.0,29.0
1998-11-16,0.0,-0.9,10.3,83.0,1014.5,4.1,352.0,47.0
1998-11-17,0.5,-1.7,10.3,77.0,1019.2,5.1,349.0,22.0
1998-11-18,2.3,0.6,6.7,78.0,1023.0,7.2,17.0,57.0
1998-11-19,0.0,-1.4,5.3,73.0,1022.2,6.1,22.0,32.0
1998-11-20,0.0,-1.9,6.3,60.0,1023.5,6.8,34.0,18.0
1998-11-21,0.0,-2.2,4.1,46.0,1027.5,8.1,46.0,49.0
1998-11-22,0.0,-2.3,5.6,50.0,1027.1,10.2,42.0,73.0
1998-11-23,0.1,-0.7,6.1,74.0,1017.6,4.5,302.0,100.0
1998-11-24,3.6,2.5,7.9,89.0,1017.6,4.2,318.0,94.0
1998-11-25,0.0,2.1,7.6,86.0,1018.2,4.6,13.0,80.0
1998-11-26,0.0,2.8,9.2,84.0,1016.9,4.4,352.0,72.0
1998-11-27,0.0,2.5,8.4,83.0,1017.7,5.0,15.0,88.0
1998-11-28,0.0,0.8,10.6,68.0,1018.4,6.4,9.0,50.0
1998-11-29,0.0,-2.0,8.2,77.0,1014.4,5.2,15.0,25.0
1998-11-30,0.0,0.6,7.9,71.0,1017.5,10.8,40.0,78.0
1998-12-01,0.0,3.8,9.0,60.0,1022.8,12.9,48.0,64.0
1998-12-02,0.6,2.6,4.7,76.0,1026.3,7.6,47.0,96.0
1998-12-03,0.0,2.4,7.4,82.0,1022.0,5.4,18.0,79.0
1998-12-04,0.4,3.2,8.1,79.0,1003.2,7.4,17.0,99.0
1998-12-05,1.9,-1.0,6.3,87.0,1004.8,4.0,300.0,58.0
1998-12-06,0.0,-2.9,7.2,64.0,1012.1,6.8,285.0,22.0
1998-12-07,0.0,-3.9,6.4,53.0,1020.6,6.0,294.0,21.0
1998-12-08,0.0,-2.9,5.9,60.0,1026.4,4.8,320.0,7.0
1998-12-09,0.0,-2.5,4.9,65.0,1030.1,4.9,315.0,21.0
1998-12-10,0.0,0.0,4.3,65.0,1025.5,2.7,313.0,89.0
1998-12-11,0.0,-1.9,4.7,77.0,1021.1,5.4,32.0,65.0
1998-12-12,0.0,-1.7,8.0,81.0,1026.4,3.8,280.0,32.0
1998-12-13,0.0,-0.7,7.2,86.0,1028.6,4.4,295.0,60.0
1998-12-14,0.0,-1.2,9.0,80.0,1029.6,3.6,340.0,84.0
1998-12-15,0.0,-0.6,9.8,80.0,1029.2,3.1,305.0,43.0
1998-12-16,0.0,-2.1,9.2,82.0,1028.3,3.4,318.0,39.0
1998-12-17,0.0,-1.3,10.6,79.0,1030.8,4.5,312.0,91.0
1998-12-18,0.0,-1.8,10.0,77.0,1027.0,3.8,297.0,47.0
1998-12-19,0.0,-1.6,6.7,80.0,1017.5,3.2,337.0,21.0
1998-12-20,1.1,-1.5,6.6,88.0,1009.4,6.7,20.0,70.0
1998-12-21,5.5,2.5,6.5,83.0,1006.6,10.2,38.0,95.0
1998-12-22,0.0,-4.2,5.7,69.0,1022.3,5.0,347.0,5.0
1998-12-23,0.0,-2.6,5.5,72.0,1028.4,4.1,318.0,16.0
1998-12-24,0.0,-2.5,3.3,82.0,1027.5,3.4,319.0,89.0
1998-12-25,0.0,-1.6,5.5,80.0,1030.5,3.7,301.0,24.0
1998-12-26,0.0,-2.5,4.9,80.0,1029.8,3.7,264.0,59.0
1998-12-27,0.0,-1.3,2.8,79.0,1026.5,2.6,335.0,93.0
1998-12-28,0.0,0.1,5.4,81.0,1024.2,3.3,335.0,96.0
1998-12-29,0.0,0.9,7.0,87.0,1023.1,3.6,326.0,73.0
1998-12-30,0.0,2.0,8.2,88.0,1022.8,2.9,30.0,61.0
1998-12-31,1.6,1.4,7.3,88.0,1024.9,7.8,31.0,95.0
1999-01-01,5.2,4.7,9.2,89.0,1022.4,10.9,32.0,99.0
1999-01-02,1.1,4.3,8.9,87.0,1017.6,6.5,357.0,98.0
1999-01-03,0.1,1.4,10.3,91.0,1013.6,3.6,290.0,58.0
1999-01-04,0.0,-1.1,9.6,84.0,1018.0,4.9,354.0,33.0
1999-01-05,0.0,-0.7,10.2,84.0,1025.4,4.3,307.0,68.0
1999-01-06,0.0,-2.1,10.2,82.0,1024.8,4.0,283.0,10.0
1999-01-07,0.0,-2.1,7.7,85.0,1018.2,3.4,275.0,27.0
1999-01-08,0.0,-0.4,6.7,88.0,1009.1,3.0,6.0,93.0
1999-01-09,1.7,1.2,9.7,86.0,1004.8,4.0,1.0,67.0
1999-01-10,4.9,-1.1,7.3,83.0,1011.3,9.8,30.0,89.0
1999-01-11,27.1,2.1,6.9,92.0,1005.8,12.8,31.0,86.0
1999-01-12,0.0,-0.2,7.3,88.0,1013.7,6.5,252.0,52.0
1999-01-13,0.4,-3.4,6.1,88.0,1009.7,4.5,299.0,73.0
1999-01-14,0.0,-4.9,6.9,77.0,1014.1,4.5,292.0,22.0
1999-01-15,0.0,-4.5,7.5,72.0,1020.9,4.2,319.0,3.0
1999-01-16,0.0,-4.2,6.2,75.0,1024.5,3.6,284.0,47.0
1999-01-17,0.0,-1.9,7.2,87.0,1024.0,3.3,330.0,40.0
1999-01-18,0.0,-2.1,7.6,85.0,1023.9,3.4,306.0,52.0
1999-01-19,0.0,-2.6,10.9,75.0,1025.1,3.8,338.0,37.0
1999-01-20,0.0,-2.5,9.6,77.0,1026.9,3.7,309.0,0.0
1999-01-21,0.0,-3.3,9.8,73.0,1025.0,3.7,323.0,0.0
1999-01-22,0.0,-3.4,8.3,71.0,1024.5,3.0,338.0,1.0
1999-01-23,0.0,-3.0,8.5,72.0,1024.7,3.2,307.0,18.0
1999-01-24,0.0,-2.6,6.7,75.0,1026.2,3.1,300.0,38.0
1999-01-25,0.0,-2.6,8.6,74.0,1027.4,3.7,285.0,31.0
1999-01-26,0.0,-2.4,6.1,81.0,1019.5,3.3,345.0,47.0
1999-01-27,2.1,-1.6,7.7,88.0,1005.8,5.5,303.0,66.0
1999-01-28,0.8,-2.8,8.4,73.0,1006.2,5.1,286.0,65.0
1999-01-29,0.1,-4.0,9.3,64.0,1008.3,7.8,1.0,41.0
1999-01-30,0.0,-4.7,2.1,31.0,1022.1,9.5,17.0,7.0
1999-01-31,0.0,-4.9,3.5,37.0,1026.1,5.7,351.0,36.0
1999-02-01,0.0,-4.3,3.5,49.0,1027.8,5.0,346.0,42.0
1999-02-02,0.0,-3.2,7.3,63.0,1027.5,3.7,283.0,55.0
1999-02-03,0.0,-2.1,10.3,74.0,1029.9,5.7,282.0,68.0
1999-02-04,0.0,-1.2,11.2,77.0,1022.8,3.2,282.0,49.0
1999-02-05,0.0,-1.5,12.9,79.0,1007.4,3.9,19.0,24.0
1999-02-06,0.0,-2.3,11.1,65.0,1003.5,5.8,313.0,26.0
1999-02-07,0.0,-3.2,10.0,67.0,1000.3,6.0,263.0,35.0
1999-02-08,0.0,-1.8,7.3,55.0,1001.4,7.1,315.0,46.0
1999-02-09,5.6,-0.7,4.1,65.0,999.7,5.4,26.0,96.0
1999-02-10,6.0,-0.7,3.1,85.0,997.5,7.6,38.0,99.0
1999-02-11,0.0,-2.5,3.8,60.0,1004.4,6.9,0.0,97.0
1999-02-12,0.0,-4.5,3.7,42.0,1013.3,7.9,354.0,59.0
1999-02-13,0.0,-5.3,4.6,40.0,1019.4,6.3,358.0,47.0
1999-02-14,0.1,-0.1,3.4,70.0,1023.7,3.6,75.0,94.0
1999-02-15,0.0,-1.3,6.0,71.0,1025.8,4.2,278.0,37.0
1999-02-16,0.0,-2.9,7.1,70.0,1018.6,7.2,250.0,30.0
1999-02-17,0.0,-2.0,10.1,69.0,1007.9,5.8,288.0,23.0
1999-02-18,0.0,-1.7,8.0,68.0,1013.6,5.8,61.0,11.0
1999-02-19,0.0,-2.8,9.5,71.0,1021.3,5.1,293.0,37.0
1999-02-20,0.5,-0.9,9.7,83.0,1017.4,3.7,272.0,80.0
1999-02-21,0.0,1.7,11.0,85.0,1011.7,4.3,249.0,78.0
1999-02-22,2.3,0.8,12.7,77.0,996.6,5.5,299.0,72.0
1999-02-23,0.0,0.5,9.9,37.0,1003.5,14.3,278.0,72.0
1999-02-24,0.0,-3.4,10.4,51.0,1008.9,9.5,259.0,20.0
1999-02-25,0.0,-1.4,10.0,56.0,1015.4,6.9,64.0,21.0
1999-02-26,0.0,-2.2,11.5,62.0,1021.5,4.9,258.0,6.0
1999-02-27,0.0,-1.6,12.1,67.0,1021.0,3.7,156.0,12.0
1999-02-28,0.0,-0.5,12.1,74.0,1022.9,3.9,17.0,92.0
1999-03-01,0.0,-1.3,13.5,78.0,1023.4,4.4,230.0,44.0
1999-03-02,0.0,2.1,13.5,81.0,1017.4,4.2,72.0,76.0
1999-03-03,0.4,3.2,11.9,88.0,1012.5,3.8,26.0,94.0
1999-03-04,11.5,3.0,12.5,90.0,1001.4,8.7,61.0,82.0
1999-03-05,6.0,1.5,11.6,82.0,994.3,6.2,240.0,87.0
1999-03-06,5.0,0.2,8.9,88.0,1000.9,5.4,41.0,94.0
1999-03-07,7.6,-0.4,7.3,89.0,1004.5,4.2,349.0,84.0
1999-03-08,0.1,-4.0,10.5,74.0,1013.7,5.1,285.0,57.0
1999-03-09,0.0,2.6,11.6,78.0,1015.5,5.4,253.0,91.0
1999-03-10,0.0,3.0,14.0,81.0,1017.3,6.3,244.0,93.0
1999-03-11,0.0,2.2,15.7,82.0,1016.5,5.5,255.0,59.0
1999-03-12,0.0,4.6,15.9,81.0,1019.1,4.8,311.0,69.0
1999-03-13,0.0,1.9,18.1,80.0,1018.2,4.1,288.0,15.0
1999-03-14,0.0,3.0,18.0,82.0,1020.7,4.5,42.0,54.0
1999-03-15,0.0,3.3,19.3,78.0,1021.8,4.0,298.0,27.0
1999-03-16,0.8,5.0,14.1,76.0,1021.4,8.9,65.0,43.0
1999-03-17,0.6,3.5,8.6,64.0,1024.3,11.1,76.0,51.0
1999-03-18,0.0,0.0,9.8,50.0,1019.5,9.9,65.0,17.0
1999-03-19,0.0,-0.4,11.8,54.0,1013.7,6.0,269.0,9.0
1999-03-20,0.0,-1.4,14.0,57.0,1015.6,4.9,336.0,16.0
1999-03-21,0.0,0.1,13.2,63.0,1016.3,6.2,54.0,68.0
1999-03-22,5.7,3.7,7.6,87.0,1008.4,7.0,45.0,99.0
1999-03-23,0.0,-1.6,14.8,72.0,1009.9,6.1,242.0,44.0
1999-03-24,0.0,0.2,16.4,66.0,1016.6,5.3,65.0,7.0
1999-03-25,0.3,1.4,15.5,75.0,1015.6,6.1,62.0,59.0
1999-03-26,10.5,7.3,12.1,93.0,1010.3,7.0,52.0,98.0
1999-03-27,24.8,8.6,13.4,92.0,1003.0,10.6,63.0,94.0
1999-03-28,5.0,6.2,14.3,80.0,1004.9,5.6,31.0,57.0
1999-03-29,0.5,4.8,17.1,75.0,1012.8,3.9,338.0,77.0
1999-03-30,0.4,3.4,17.7,73.0,1015.8,4.7,1.0,26.0
1999-03-31,0.0,3.5,17.9,68.0,1017.3,3.9,349.0,15.0
1999-04-01,0.0,4.2,19.1,66.0,1015.7,3.4,303.0,13.0
1999-04-02,0.0,4.2,20.2,63.0,1013.9,5.7,288.0,5.0
1999-04-03,0.0,4.2,21.1,63.0,1016.7,4.6,348.0,10.0
1999-04-04,0.0,6.8,21.1,57.0,1020.9,4.5,254.0,42.0
1999-04-05,1.6,6.9,19.7,70.0,1024.5,5.4,49.0,18.0
1999-04-06,0.0,5.6,20.8,68.0,1025.6,5.9,253.0,8.0
1999-04-07,8.2,10.1,19.2,74.0,1014.5,5.7,244.0,77.0
1999-04-08,41.6,8.2,11.9,86.0,1011.2,15.0,41.0,100.0
1999-04-09,0.9,7.3,17.0,68.0,1018.3,6.5,44.0,76.0
1999-04-10,0.0,5.4,17.0,68.0,1017.6,5.9,126.0,25.0
1999-04-11,0.3,4.8,18.2,71.0,1013.3,4.7,197.0,42.0
1999-04-12,12.1,8.7,15.6,85.0,1008.7,3.8,80.0,84.0
1999-04-13,3.9,6.8,13.9,82.0,999.4,5.8,62.0,66.0
1999-04-14,5.3,3.8,14.8,85.0,1004.8,6.2,65.0,72.0
1999-04-15,2.2,5.7,14.4,84.0,1007.6,7.8,77.0,72.0
1999-04-16,21.1,8.7,15.0,91.0,1001.8,10.3,99.0,82.0
1999-04-17,4.7,4.4,14.5,76.0,1002.1,8.6,240.0,61.0
1999-04-18,3.6,5.5,14.3,78.0,1008.3,7.1,164.0,85.0
1999-04-19,6.1,4.1,14.0,82.0,1015.6,8.2,57.0,44.0
1999-04-20,0.0,1.3,14.5,73.0,1017.2,5.9,124.0,55.0
1999-04-21,8.7,7.9,13.7,88.0,1014.9,3.6,168.0,100.0
1999-04-22,1.5,8.7,17.2,82.0,1015.3,4.1,148.0,66.0
1999-04-23,0.2,7.1,18.0,77.0,1014.4,4.8,241.0,63.0
1999-04-24,1.6,8.6,17.5,81.0,1012.2,5.0,67.0,91.0
1999-04-25,0.4,6.9,20.5,71.0,1012.7,4.0,296.0,54.0
1999-04-26,4.0,6.7,20.1,79.0,1013.5,4.7,266.0,52.0
1999-04-27,6.9,9.5,18.0,87.0,1015.5,6.1,41.0,91.0
1999-04-28,0.0,8.0,18.0,82.0,1018.8,5.4,76.0,95.0
1999-04-29,0.5,8.6,19.2,84.0,1016.0,5.5,102.0,79.0
1999-04-30,0.2,13.1,20.7,77.0,1013.7,7.2,246.0,37.0
1999-05-01,0.0,10.0,20.9,80.0,1017.1,4.8,66.0,25.0
1999-05-02,0.0,10.3,22.0,81.0,1017.5,5.4,78.0,68.0
1999-05-03,0.0,10.4,22.9,75.0,1018.0,7.4,63.0,80.0
1999-05-04,25.3,14.0,22.0,76.0,1010.6,12.0,42.0,92.0
1999-05-05,10.7,13.9,18.5,82.0,1009.8,7.2,60.0,79.0
1999-05-06,0.0,12.9,17.7,69.0,1018.5,8.1,61.0,93.0
1999-05-07,0.0,12.7,19.3,69.0,1018.3,6.1,88.0,82.0
1999-05-08,0.0,12.6,20.3,78.0,1015.4,4.4,118.0,96.0
1999-05-09,2.1,14.0,20.6,80.0,1017.9,5.5,71.0,58.0
1999-05-10,0.0,10.9,22.6,73.0,1019.8,5.7,209.0,54.0
1999-05-11,0.0,12.5,23.2,76.0,1015.8,5.9,201.0,97.0
1999-05-12,0.2,12.4,22.8,80.0,1011.5,5.6,226.0,87.0
1999-05-13,0.5,16.0,23.9,78.0,1011.0,5.3,150.0,85.0
1999-05-14,0.8,16.0,23.2,81.0,1008.0,7.0,287.0,70.0
1999-05-15,13.5,14.4,18.0,87.0,1007.7,5.7,37.0,88.0
1999-05-16,1.2,13.2,19.9,75.0,1011.3,7.0,71.0,53.0
1999-05-17,0.9,12.9,18.5,66.0,1017.4,11.1,56.0,87.0
1999-05-18,0.2,9.7,22.1,64.0,1016.0,8.3,61.0,31.0
1999-05-19,6.4,14.2,18.7,72.0,1016.9,13.3,57.0,82.0
1999-05-20,19.1,12.6,18.5,82.0,1010.8,6.6,24.0,81.0
1999-05-21,15.9,10.8,16.0,91.0,1006.3,5.7,247.0,100.0
1999-05-22,2.1,9.9,21.9,76.0,1012.0,3.6,349.0,92.0
1999-05-23,0.2,13.8,23.2,73.0,1017.2,4.7,81.0,52.0
1999-05-24,1.3,15.6,21.7,75.0,1021.1,7.1,82.0,52.0
1999-05-25,1.6,11.9,23.7,73.0,1017.4,4.2,162.0,54.0
1999-05-26,1.0,12.9,25.1,76.0,1017.9,5.0,45.0,38.0
1999-05-27,0.0,11.9,26.1,72.0,1020.3,5.0,104.0,15.0
1999-05-28,0.9,14.2,26.5,76.0,1021.9,4.4,51.0,59.0
1999-05-29,0.1,14.6,26.3,80.0,1021.7,4.3,18.0,37.0
1999-05-30,0.0,15.2,27.8,74.0,1018.1,5.9,256.0,29.0
1999-05-31,0.0,15.1,28.0,71.0,1018.0,3.8,205.0,57.0
1999-06-01,0.0,18.3,28.3,74.0,1018.3,4.6,79.0,71.0
1999-06-02,0.0,18.3,28.5,74.0,1016.3,6.5,75.0,62.0
1999-06-03,0.3,17.8,28.1,74.0,1013.1,4.0,60.0,14.0
1999-06-04,1.9,18.0,24.5,66.0,1009.5,6.8,301.0,20.0
1999-06-05,0.0,14.0,24.4,64.0,1012.3,7.0,68.0,6.0
1999-06-06,2.5,14.2,26.6,72.0,1011.3,7.6,60.0,16.0
1999-06-07,4.4,16.5,26.0,74.0,1014.4,8.2,39.0,50.0
1999-06-08,9.4,16.8,24.1,79.0,1015.3,6.5,46.0,53.0
1999-06-09,0.0,13.6,24.1,66.0,1021.4,8.9,52.0,7.0
1999-06-10,1.0,14.9,24.3,67.0,1020.7,8.6,54.0,70.0
1999-06-11,15.4,15.6,21.6,80.0,1016.7,4.2,23.0,74.0
1999-06-12,0.0,13.7,24.5,73.0,1016.3,4.4,21.0,35.0
1999-06-13,1.9,14.5,24.4,76.0,1016.7,4.2,33.0,50.0
1999-06-14,3.1,15.7,24.8,75.0,1016.0,7.8,47.0,63.0
1999-06-15,3.0,15.2,24.6,72.0,1017.6,6.0,9.0,84.0
1999-06-16,0.4,15.3,24.7,71.0,1018.3,4.5,14.0,44.0
1999-06-17,0.0,14.0,26.3,68.0,1015.3,4.1,308.0,35.0
1999-06-18,4.7,14.5,27.4,70.0,1012.2,6.4,354.0,55.0
1999-06-19,11.0,15.1,20.2,71.0,1016.5,9.5,59.0,76.0
1999-06-20,1.5,13.9,20.9,75.0,1015.1,6.7,21.0,73.0
1999-06-21,5.8,11.8,21.5,80.0,1007.0,4.6,263.0,63.0
1999-06-22,0.0,11.1,24.1,61.0,1009.2,8.9,305.0,31.0
1999-06-23,0.0,10.1,23.4,55.0,1018.5,7.2,72.0,12.0
1999-06-24,0.0,11.4,24.0,65.0,1020.5,6.3,76.0,7.0
1999-06-25,0.0,13.6,24.9,66.0,1019.9,5.2,115.0,24.0
1999-06-26,0.0,12.8,26.4,67.0,1015.0,5.3,135.0,32.0
1999-06-27,1.3,16.2,25.4,75.0,1012.5,7.3,52.0,61.0
1999-06-28,0.3,16.7,25.5,72.0,1013.7,5.7,49.0,54.0
1999-06-29,0.0,15.8,26.3,73.0,1019.1,4.1,64.0,54.0
1999-06-30,1.1,15.5,28.4,68.0,1016.5,3.6,37.0,43.0
1999-07-01,0.2,17.2,28.3,66.0,1016.4,5.2,38.0,39.0
1999-07-02,0.0,17.0,30.3,64.0,1015.5,4.6,72.0,18.0
1999-07-03,0.0,18.0,31.6,65.0,1014.3,5.8,59.0,24.0
1999-07-04,0.3,17.5,32.4,66.0,1013.1,6.0,75.0,20.0
1999-07-05,0.2,19.4,32.2,66.0,1012.3,7.8,71.0,12.0
1999-07-06,1.2,21.0,30.6,66.0,1010.7,8.5,44.0,19.0
1999-07-07,8.4,18.3,26.8,67.0,1014.3,7.1,31.0,46.0
1999-07-08,0.6,15.1,28.0,64.0,1016.4,4.6,21.0,61.0
1999-07-09,5.8,16.9,26.6,69.0,1014.5,6.8,15.0,94.0
1999-07-10,6.4,16.4,22.9,79.0,1012.4,4.6,10.0,91.0
1999-07-11,12.8,16.2,24.4,82.0,1013.9,4.3,59.0,98.0
1999-07-12,2.5,16.7,24.9,84.0,1014.3,3.6,68.0,75.0
1999-07-13,0.0,17.5,28.4,74.0,1010.5,4.7,132.0,47.0
1999-07-14,2.0,18.5,28.6,76.0,1006.2,6.2,304.0,36.0
1999-07-15,9.3,18.6,25.4,78.0,1010.9,6.8,23.0,46.0
1999-07-16,0.0,18.2,26.5,64.0,1015.3,9.2,47.0,45.0
1999-07-17,0.0,15.9,27.5,63.0,1018.6,6.7,62.0,21.0
1999-07-18,0.0,16.4,28.5,63.0,1017.8,4.7,77.0,74.0
1999-07-19,0.0,16.8,29.9,62.0,1017.1,4.4,92.0,67.0
1999-07-20,0.0,16.9,30.8,64.0,1016.1,4.5,290.0,25.0
1999-07-21,0.0,18.8,31.3,65.0,1014.5,5.4,307.0,8.0
1999-07-22,11.0,18.8,26.6,77.0,1010.3,7.8,34.0,53.0
1999-07-23,0.7,14.6,24.6,62.0,1012.4,6.8,53.0,44.0
1999-07-24,0.0,14.2,25.8,58.0,1016.4,7.5,48.0,26.0
1999-07-25,0.0,15.0,25.2,63.0,1015.7,9.6,53.0,54.0
1999-07-26,0.0,15.7,29.6,63.0,1013.1,4.8,318.0,16.0
1999-07-27,0.0,17.8,31.5,60.0,1013.6,5.0,231.0,40.0
1999-07-28,5.7,20.8,26.8,74.0,1012.9,7.0,30.0,95.0
1999-07-29,1.3,18.0,27.2,67.0,1012.9,7.2,47.0,65.0
1999-07-30,0.0,18.0,26.7,61.0,1012.9,6.5,60.0,51.0
1999-07-31,0.0,18.7,27.2,56.0,1013.2,4.0,62.0,38.0
1999-08-01,1.5,17.0,27.6,63.0,1014.2,4.0,345.0,65.0
1999-08-02,3.5,16.3,27.2,69.0,1014.3,3.8,3.0,39.0
1999-08-03,0.1,16.8,28.6,66.0,1013.6,4.9,352.0,42.0
1999-08-04,2.6,17.4,28.8,73.0,1013.5,5.1,275.0,54.0
1999-08-05,0.0,20.1,30.3,70.0,1013.2,5.0,221.0,44.0
1999-08-06,0.0,20.1,30.2,73.0,1012.4,5.2,72.0,29.0
1999-08-07,0.2,20.0,31.1,69.0,1007.9,6.4,350.0,24.0
1999-08-08,1.0,20.8,30.3,72.0,1005.0,7.2,37.0,36.0
1999-08-09,0.0,22.1,33.2,63.0,1008.0,6.0,254.0,10.0
1999-08-10,1.8,21.7,31.0,67.0,1008.7,7.0,38.0,50.0
1999-08-11,7.1,18.7,27.3,66.0,1012.2,7.5,37.0,39.0
1999-08-12,11.8,18.2,26.1,71.0,1012.2,8.2,29.0,98.0
1999-08-13,19.4,16.9,23.0,76.0,1011.2,7.0,47.0,71.0
1999-08-14,0.0,16.0,24.5,68.0,1013.1,5.5,106.0,51.0
1999-08-15,0.1,15.8,26.6,72.0,1010.2,5.9,235.0,33.0
1999-08-16,4.2,18.3,27.6,79.0,1009.0,4.4,233.0,49.0
1999-08-17,0.4,18.0,25.8,78.0,1007.0,3.8,116.0,74.0
1999-08-18,0.5,18.3,27.0,77.0,1008.8,6.6,52.0,31.0
1999-08-19,0.0,18.8,29.4,73.0,1012.4,5.6,250.0,44.0
1999-08-20,9.4,19.5,27.1,80.0,1014.0,4.9,40.0,85.0
1999-08-21,0.5,19.6,24.3,73.0,1014.6,8.4,55.0,68.0
1999-08-22,0.0,18.5,25.2,58.0,1015.9,9.3,54.0,46.0
1999-08-23,0.0,16.1,25.4,63.0,1017.4,6.4,62.0,57.0
1999-08-24,1.7,15.8,24.7,70.0,1018.4,4.3,52.0,53.0
1999-08-25,0.0,15.8,27.9,69.0,1019.0,4.7,60.0,11.0
1999-08-26,0.0,16.9,28.5,70.0,1017.6,5.7,65.0,69.0
1999-08-27,5.0,20.1,25.2,73.0,1016.7,9.4,47.0,73.0
1999-08-28,1.5,16.2,27.8,75.0,1017.1,3.9,44.0,48.0
1999-08-29,16.6,17.6,21.4,87.0,1014.7,8.5,30.0,99.0
1999-08-30,2.8,16.8,24.5,72.0,1013.3,7.4,38.0,60.0
1999-08-31,0.0,14.7,25.7,69.0,1013.3,4.7,241.0,25.0
1999-09-01,0.3,16.0,27.3,67.0,1014.4,4.5,267.0,30.0
1999-09-02,1.9,16.7,23.0,70.0,1016.1,7.4,80.0,44.0
1999-09-03,0.4,12.8,23.5,64.0,1017.0,6.4,27.0,41.0
1999-09-04,6.5,16.2,20.2,77.0,1017.4,7.1,28.0,85.0
1999-09-05,0.2,14.8,22.9,69.0,1018.0,6.7,50.0,39.0
1999-09-06,0.0,14.3,24.3,66.0,1017.2,4.6,205.0,36.0
1999-09-07,1.0,14.5,25.0,74.0,1015.5,3.8,66.0,32.0
1999-09-08,0.2,14.0,26.8,70.0,1017.9,4.7,25.0,12.0
1999-09-09,0.0,14.3,27.9,63.0,1019.6,3.5,349.0,12.0
1999-09-10,0.0,16.2,28.3,61.0,1022.5,4.9,22.0,20.0
1999-09-11,0.0,16.1,28.0,57.0,1021.0,7.1,40.0,8.0
1999-09-12,0.0,14.6,27.9,60.0,1017.2,4.4,48.0,1.0
1999-09-13,0.0,14.7,27.8,64.0,1013.5,4.6,66.0,3.0
1999-09-14,0.0,14.8,28.0,63.0,1013.4,4.8,219.0,4.0
1999-09-15,0.1,14.5,26.4,75.0,1013.4,6.9,63.0,53.0
1999-09-16,0.0,17.6,25.8,77.0,1010.8,7.1,60.0,84.0
1999-09-17,3.4,18.4,26.0,73.0,1009.9,4.2,61.0,73.0
1999-09-18,5.3,15.2,23.8,77.0,1009.6,4.3,7.0,79.0
1999-09-19,5.2,16.0,22.4,86.0,1009.4,4.9,49.0,87.0
1999-09-20,53.5,17.0,21.3,92.0,1006.1,11.6,91.0,98.0
1999-09-21,0.6,14.0,22.4,80.0,1007.9,6.4,249.0,45.0
1999-09-22,0.0,12.4,24.0,73.0,1015.3,5.7,253.0,34.0
1999-09-23,0.0,13.4,24.9,76.0,1017.0,6.9,254.0,24.0
1999-09-24,0.0,14.9,25.3,76.0,1019.3,4.4,256.0,19.0
1999-09-25,0.0,15.7,25.0,82.0,1016.7,4.9,67.0,64.0
1999-09-26,2.0,17.5,24.4,85.0,1010.7,4.3,359.0,68.0
1999-09-27,0.3,12.9,23.5,81.0,1011.7,5.6,275.0,67.0
1999-09-28,2.3,14.3,20.8,76.0,1008.8,3.8,299.0,64.0
1999-09-29,0.0,10.6,23.2,76.0,1012.5,4.3,355.0,19.0
1999-09-30,2.8,12.1,22.5,82.0,1006.9,4.4,42.0,69.0
1999-10-01,6.3,14.8,22.3,79.0,1008.1,5.1,54.0,40.0
1999-10-02,0.0,12.5,21.3,74.0,1013.9,4.5,29.0,59.0
1999-10-03,4.5,14.7,21.9,83.0,1009.9,2.7,337.0,53.0
1999-10-04,6.4,12.2,18.8,77.0,1007.3,6.4,36.0,51.0
1999-10-05,0.2,10.8,17.1,63.0,1013.4,7.7,46.0,63.0
1999-10-06,0.0,7.2,17.4,63.0,1020.4,4.9,295.0,21.0
1999-10-07,0.0,5.3,18.1,64.0,1026.1,4.5,277.0,14.0
1999-10-08,0.0,5.4,18.0,67.0,1026.3,4.2,293.0,12.0
1999-10-09,0.0,8.3,19.7,74.0,1022.5,4.3,272.0,43.0
1999-10-10,0.0,7.6,21.5,76.0,1022.5,3.8,283.0,56.0
1999-10-11,0.0,8.9,21.5,77.0,1024.4,3.6,299.0,4.0
1999-10-12,0.0,9.6,20.7,79.0,1025.3,3.9,351.0,64.0
1999-10-13,0.0,10.0,20.0,80.0,1024.9,4.0,307.0,91.0
1999-10-14,0.0,11.6,20.7,80.0,1020.7,4.4,280.0,40.0
1999-10-15,0.0,10.9,18.7,78.0,1017.7,7.5,44.0,54.0
1999-10-16,0.0,10.8,17.0,68.0,1018.1,6.8,56.0,68.0
1999-10-17,0.0,10.4,12.6,72.0,1019.5,8.9,49.0,91.0
1999-10-18,0.0,8.3,11.4,56.0,1019.1,15.1,50.0,99.0
1999-10-19,0.7,7.0,12.2,51.0,1015.1,9.0,50.0,86.0
1999-10-20,1.8,4.5,11.2,69.0,1017.7,8.4,32.0,84.0
1999-10-21,29.8,8.0,13.9,88.0,1010.0,15.6,39.0,100.0
1999-10-22,1.0,12.2,16.6,80.0,1011.9,6.4,47.0,72.0
1999-10-23,29.0,10.4,14.3,93.0,1009.7,7.3,27.0,98.0
1999-10-24,9.0,7.8,15.3,94.0,1008.1,5.4,15.0,90.0
1999-10-25,26.7,13.0,18.8,95.0,1008.4,5.5,24.0,92.0
1999-10-26,0.3,12.3,20.8,89.0,1016.3,5.1,290.0,76.0
1999-10-27,0.0,9.3,21.1,84.0,1022.7,3.7,295.0,29.0
1999-10-28,0.0,7.7,19.2,85.0,1027.4,2.9,330.0,72.0
1999-10-29,0.0,8.9,18.2,86.0,1025.9,3.6,8.0,90.0
1999-10-30,0.1,11.3,19.1,78.0,1024.3,4.9,35.0,98.0
1999-10-31,0.0,10.1,19.1,86.0,1023.0,3.7,256.0,37.0
1999-11-01,0.0,9.8,18.2,88.0,1027.9,4.2,296.0,50.0
1999-11-02,0.0,8.0,17.4,89.0,1024.9,3.4,260.0,77.0
1999-11-03,6.5,9.9,16.0,90.0,1023.3,5.4,32.0,89.0
1999-11-04,29.4,12.8,14.0,84.0,1022.4,13.6,44.0,95.0
1999-11-05,0.0,10.9,15.3,76.0,1019.8,6.2,24.0,89.0
1999-11-06,17.2,9.7,14.0,90.0,1010.9,8.6,36.0,97.0
1999-11-07,27.3,6.7,14.5,75.0,1010.3,14.9,10.0,68.0
1999-11-08,0.0,3.4,14.7,65.0,1019.5,5.8,349.0,24.0
1999-11-09,0.0,1.6,13.6,75.0,1020.3,4.6,321.0,49.0
1999-11-10,1.6,5.4,10.4,85.0,1019.5,4.8,40.0,85.0
1999-11-11,0.0,5.0,10.6,68.0,1024.9,11.6,45.0,84.0
1999-11-12,0.0,4.5,11.9,67.0,1029.0,4.6,349.0,54.0
1999-11-13,0.0,1.5,12.2,82.0,1022.5,3.8,299.0,44.0
1999-11-14,3.7,3.4,11.0,90.0,1012.3,5.9,277.0,73.0
1999-11-15,1.4,2.1,9.9,87.0,1011.7,10.1,39.0,93.0
1999-11-16,1.2,3.3,6.9,74.0,1016.3,8.0,40.0,92.0
1999-11-17,9.5,1.9,5.0,88.0,1008.9,6.8,13.0,87.0
1999-11-18,1.1,-0.1,7.8,83.0,1007.5,5.0,231.0,93.0
1999-11-19,9.6,1.7,6.8,79.0,997.4,10.1,345.0,99.0
1999-11-20,0.0,-3.3,6.9,69.0,1010.4,7.4,31.0,53.0
1999-11-21,6.8,1.3,2.9,69.0,1008.8,10.1,11.0,99.0
1999-11-22,0.0,-2.5,6.8,83.0,1009.4,4.6,287.0,43.0
1999-11-23,0.0,-4.4,7.4,69.0,1014.7,5.0,330.0,28.0
1999-11-24,0.0,-3.2,10.1,76.0,1021.1,5.0,330.0,5.0
1999-11-25,0.0,-2.5,10.4,72.0,1030.1,6.3,340.0,1.0
1999-11-26,0.0,-2.5,10.3,74.0,1033.7,5.7,318.0,1.0
1999-11-27,0.0,-2.8,8.5,75.0,1032.6,4.1,299.0,0.0
1999-11-28,0.0,-3.1,9.6,77.0,1034.9,4.5,316.0,0.0
1999-11-29,0.0,-3.1,8.7,75.0,1033.4,4.0,323.0,0.0
1999-11-30,0.0,-3.1,8.6,80.0,1032.1,4.5,292.0,5.0
1999-12-01,0.0,-3.1,6.4,81.0,1027.2,3.5,294.0,65.0
1999-12-02,0.0,-1.5,7.4,81.0,1023.8,3.7,277.0,20.0
1999-12-03,0.0,-1.4,8.8,82.0,1025.0,4.4,307.0,34.0
1999-12-04,0.0,1.6,8.4,88.0,1017.0,3.1,273.0,97.0
1999-12-05,0.0,0.6,8.2,82.0,1011.6,6.1,348.0,81.0
1999-12-06,0.0,-3.5,7.5,65.0,1026.3,4.8,335.0,4.0
1999-12-07,0.0,-2.0,7.5,74.0,1025.6,5.2,274.0,4.0
1999-12-08,0.0,-0.7,5.6,78.0,1022.7,3.2,318.0,48.0
1999-12-09,1.3,2.2,6.3,86.0,1017.3,3.7,17.0,92.0
1999-12-10,14.0,2.0,7.3,93.0,1007.1,7.7,18.0,98.0
1999-12-11,2.1,1.1,11.1,89.0,1008.5,4.9,285.0,67.0
1999-12-12,2.3,0.7,8.1,86.0,1008.2,3.6,354.0,94.0
1999-12-13,0.0,-0.7,10.4,83.0,1007.0,6.5,279.0,31.0
1999-12-14,0.0,-2.2,7.4,83.0,1006.1,4.8,350.0,92.0
1999-12-15,5.6,0.1,6.1,86.0,999.2,8.8,26.0,92.0
1999-12-16,0.9,-3.1,5.8,78.0,1010.9,8.3,23.0,79.0
1999-12-17,0.0,-4.3,5.5,70.0,1024.7,6.0,304.0,5.0
1999-12-18,0.0,-2.5,4.7,75.0,1023.6,4.5,253.0,58.0
1999-12-19,0.0,-0.9,4.0,80.0,1014.1,2.8,310.0,95.0
1999-12-20,3.1,-3.4,3.9,83.0,1011.0,9.1,49.0,92.0
1999-12-21,0.0,-4.9,4.4,63.0,1023.6,7.1,334.0,0.0
1999-12-22,0.0,-4.4,4.4,61.0,1033.8,5.8,0.0,0.0
1999-12-23,0.0,-3.7,3.2,65.0,1032.9,4.4,329.0,32.0
1999-12-24,0.0,-1.5,4.1,67.0,1028.3,2.9,267.0,63.0
1999-12-25,0.9,-2.1,1.7,78.0,1018.4,3.1,356.0,91.0
1999-12-26,1.3,-1.5,4.9,92.0,1003.4,6.2,310.0,72.0
1999-12-27,0.0,-1.2,11.4,80.0,994.9,6.7,293.0,78.0
1999-12-28,18.2,3.1,7.8,82.0,984.2,11.4,325.0,97.0
1999-12-29,0.0,-1.9,7.9,72.0,1004.9,4.1,336.0,96.0
1999-12-30,0.0,-4.1,6.7,70.0,1021.3,6.5,332.0,13.0
1999-12-31,0.0,-4.7,5.6,61.0,1024.8,6.0,340.0,17.0
2000-01-01,0.0,-4.7,5.1,65.0,1026.5,6.0,306.0,22.0
2000-01-02,0.0,-3.3,6.2,75.0,1027.6,3.9,308.0,6.0
2000-01-03,0.0,-4.6,6.7,77.0,1029.8,4.7,290.0,21.0
2000-01-04,0.0,-3.9,6.0,76.0,1024.5,3.0,319.0,4.0
2000-01-05,0.0,-3.4,7.5,73.0,1023.2,3.3,314.0,17.0
2000-01-06,0.0,-2.5,7.9,78.0,1023.8,3.7,301.0,17.0
2000-01-07,0.0,-2.2,8.3,76.0,1024.9,3.5,327.0,63.0
2000-01-08,0.0,-2.6,8.1,79.0,1025.3,3.4,321.0,5.0
2000-01-09,0.0,-1.4,7.7,84.0,1024.9,3.3,312.0,77.0
2000-01-10,0.0,-2.5,8.2,84.0,1028.9,4.8,5.0,59.0
2000-01-11,0.0,-1.5,7.6,81.0,1034.8,5.2,15.0,43.0
2000-01-12,0.0,-2.1,4.8,78.0,1033.7,5.5,22.0,18.0
2000-01-13,0.0,-2.9,3.5,72.0,1028.5,4.4,17.0,30.0
2000-01-14,0.0,-2.2,6.6,69.0,1024.8,4.8,349.0,86.0
2000-01-15,0.0,-1.2,9.6,78.0,1024.5,4.4,313.0,69.0
2000-01-16,0.0,-2.3,5.6,78.0,1027.1,7.4,36.0,13.0
2000-01-17,0.0,-3.7,7.1,79.0,1020.6,6.5,278.0,20.0
2000-01-18,0.0,-1.9,12.5,73.0,1005.9,8.2,307.0,86.0
2000-01-19,0.0,-1.5,10.0,69.0,1016.6,7.3,303.0,9.0
2000-01-20,0.0,-3.3,7.1,60.0,1025.4,5.5,326.0,34.0
2000-01-21,0.0,-3.8,9.1,70.0,1015.4,6.6,297.0,11.0
2000-01-22,2.2,-2.9,4.6,76.0,1013.2,10.4,30.0,82.0
2000-01-23,0.4,-2.4,8.5,78.0,1004.7,5.9,305.0,77.0
2000-01-24,1.8,-2.4,1.5,74.0,1014.8,7.0,75.0,86.0
2000-01-25,0.0,-3.1,1.5,48.0,1026.9,3.6,79.0,59.0
2000-01-26,0.0,-5.0,3.1,62.0,1031.6,5.4,263.0,1.0
2000-01-27,0.0,-3.6,5.1,65.0,1030.8,3.5,237.0,0.0
2000-01-28,0.0,-2.3,5.2,72.0,1025.3,3.6,45.0,22.0
2000-01-29,0.0,-2.3,5.9,77.0,1019.8,6.1,277.0,67.0
2000-01-30,0.0,-2.2,9.8,75.0,1016.0,4.0,284.0,22.0
2000-01-31,0.0,-1.1,10.3,85.0,1023.9,4.4,346.0,31.0
2000-02-01,0.0,-1.1,9.6,88.0,1028.4,3.8,268.0,38.0
2000-02-02,1.2,2.1,7.9,93.0,1022.7,2.6,281.0,99.0
2000-02-03,0.1,-0.9,11.5,87.0,1023.5,3.5,340.0,43.0
2000-02-04,0.0,-0.5,11.3,82.0,1035.8,6.4,323.0,17.0
2000-02-05,0.0,-1.3,9.3,84.0,1034.0,3.5,285.0,69.0
2000-02-06,0.0,-2.0,12.8,85.0,1029.8,4.4,276.0,30.0
2000-02-07,0.0,-0.5,11.2,87.0,1024.1,4.2,263.0,77.0
2000-02-08,0.0,1.5,10.1,91.0,1020.3,4.3,255.0,93.0
2000-02-09,0.1,1.5,13.3,72.0,1015.7,5.1,325.0,59.0
2000-02-10,0.0,-2.7,11.7,57.0,1025.0,5.3,338.0,1.0
2000-02-11,0.0,-2.4,9.0,73.0,1024.0,4.4,348.0,93.0
2000-02-12,0.0,2.3,10.2,68.0,1024.5,5.3,34.0,68.0
2000-02-13,0.0,-2.7,10.9,77.0,1022.2,4.3,278.0,20.0
2000-02-14,0.0,-2.2,11.2,80.0,1019.3,4.4,357.0,4.0
2000-02-15,0.0,-0.6,10.4,82.0,1019.4,4.3,33.0,45.0
2000-02-16,1.3,0.8,8.5,87.0,1009.3,4.1,332.0,85.0
2000-02-17,0.0,-2.1,8.4,77.0,1005.0,7.7,291.0,72.0
2000-02-18,0.0,-3.7,9.2,57.0,1012.7,7.6,266.0,40.0
2000-02-19,0.0,-2.4,9.3,64.0,1008.2,4.3,359.0,21.0
2000-02-20,0.0,-2.4,12.7,65.0,1012.8,5.0,327.0,49.0
2000-02-21,0.5,-3.2,9.9,70.0,1023.2,6.0,21.0,21.0
2000-02-22,0.1,0.8,6.5,75.0,1026.4,5.8,61.0,74.0
2000-02-23,0.0,-1.0,8.4,69.0,1026.0,4.2,288.0,43.0
2000-02-24,0.0,-2.9,10.0,70.0,1029.1,4.8,258.0,3.0
2000-02-25,0.0,-0.4,11.7,72.0,1027.8,5.7,258.0,23.0
2000-02-26,0.0,-1.1,11.8,79.0,1030.3,4.7,46.0,37.0
2000-02-27,0.0,-1.2,13.1,77.0,1031.5,3.8,344.0,25.0
2000-02-28,0.0,-1.4,12.7,79.0,1032.3,4.7,99.0,23.0
2000-02-29,1.1,0.4,10.8,84.0,1026.9,4.0,74.0,74.0
2000-03-01,12.8,3.5,9.3,91.0,1009.1,4.6,329.0,99.0
2000-03-02,0.0,1.3,13.5,62.0,1011.5,7.1,337.0,40.0
2000-03-03,0.0,-0.9,12.7,57.0,1019.9,5.7,313.0,45.0
2000-03-04,0.4,0.1,13.3,74.0,1013.7,4.7,299.0,61.0
2000-03-05,2.9,1.6,9.0,71.0,1025.2,5.4,102.0,60.0
2000-03-06,0.0,-1.1,11.3,65.0,1033.4,4.7,50.0,32.0
2000-03-07,0.0,-1.8,13.0,69.0,1029.0,5.8,260.0,26.0
2000-03-08,0.0,0.7,15.1,76.0,1026.1,5.4,254.0,24.0
2000-03-09,0.0,4.9,19.1,75.0,1020.8,4.6,249.0,59.0
2000-03-10,0.0,2.9,17.0,84.0,1018.3,4.5,59.0,39.0
2000-03-11,0.0,5.1,16.4,85.0,1018.3,5.2,258.0,59.0
2000-03-12,0.0,4.7,16.1,82.0,1019.8,5.4,56.0,53.0
2000-03-13,0.0,2.4,15.7,79.0,1024.0,4.7,96.0,45.0
2000-03-14,0.0,2.8,16.1,81.0,1022.4,4.7,87.0,60.0
2000-03-15,1.6,6.8,14.6,83.0,1015.9,4.3,63.0,49.0
2000-03-16,0.0,0.8,16.6,64.0,1019.1,8.9,279.0,5.0
2000-03-17,0.0,2.7,16.8,69.0,1016.5,6.0,360.0,22.0
2000-03-18,0.0,4.2,11.8,78.0,1017.8,6.8,93.0,49.0
2000-03-19,1.3,4.7,14.6,72.0,1021.8,6.7,102.0,53.0
2000-03-20,1.2,0.8,11.9,69.0,1024.7,6.4,195.0,65.0
2000-03-21,0.0,0.7,13.9,59.0,1022.2,4.5,209.0,28.0
2000-03-22,0.0,0.1,15.9,68.0,1021.6,4.8,234.0,8.0
2000-03-23,0.0,1.4,17.1,67.0,1018.9,5.6,248.0,39.0
2000-03-24,0.5,5.8,15.2,74.0,1016.4,6.0,234.0,94.0
2000-03-25,6.4,6.0,16.1,85.0,1017.2,4.9,151.0,63.0
2000-03-26,19.5,8.5,13.4,92.0,1013.2,5.7,58.0,94.0
2000-03-27,15.6,5.9,11.1,92.0,1004.0,5.0,59.0,94.0
2000-03-28,6.5,1.5,11.8,85.0,1009.1,8.1,52.0,89.0
2000-03-29,30.4,6.3,12.4,87.0,1006.9,11.2,30.0,85.0
2000-03-30,0.3,3.0,13.9,71.0,1008.9,11.7,242.0,27.0
2000-03-31,1.1,1.7,15.4,71.0,1009.4,6.7,239.0,43.0
2000-04-01,4.5,7.4,13.0,78.0,1004.6,7.1,315.0,74.0
2000-04-02,0.3,1.7,14.2,80.0,1009.2,6.0,65.0,68.0
2000-04-03,17.9,7.2,11.7,90.0,1004.3,11.8,35.0,100.0
2000-04-04,0.3,7.8,16.0,79.0,1000.2,4.1,176.0,94.0
2000-04-05,0.9,4.9,18.0,74.0,997.8,9.9,263.0,47.0
2000-04-06,4.4,5.9,16.4,77.0,1011.1,5.0,33.0,70.0
2000-04-07,0.2,6.6,14.6,58.0,1023.1,7.1,160.0,33.0
2000-04-08,0.0,2.5,16.4,64.0,1021.4,5.9,211.0,6.0
2000-04-09,1.1,4.8,14.0,76.0,1015.9,11.0,61.0,96.0
2000-04-10,4.8,7.4,10.5,84.0,1010.7,9.9,47.0,95.0
2000-04-11,0.9,6.3,14.5,77.0,1003.3,4.3,176.0,92.0
2000-04-12,5.1,8.3,16.9,82.0,998.8,7.4,197.0,63.0
2000-04-13,0.8,6.8,16.8,72.0,1004.6,7.2,227.0,35.0
2000-04-14,1.9,9.6,17.4,74.0,1007.6,6.4,165.0,58.0
2000-04-15,13.2,8.5,16.7,89.0,1004.4,5.8,54.0,69.0
2000-04-16,0.0,6.5,17.7,78.0,1008.0,5.4,83.0,75.0
2000-04-17,4.5,10.4,18.2,74.0,1006.2,8.8,44.0,96.0
2000-04-18,3.0,8.7,20.1,77.0,1004.5,4.9,321.0,99.0
2000-04-19,4.0,8.2,20.3,78.0,1005.2,5.3,289.0,78.0
2000-04-20,0.0,10.0,24.2,61.0,1010.5,5.6,333.0,23.0
2000-04-21,0.0,8.8,25.5,66.0,1014.3,6.2,276.0,11.0
2000-04-22,0.0,11.6,25.2,62.0,1015.6,5.8,252.0,37.0
2000-04-23,0.0,11.4,25.0,61.0,1012.3,5.6,229.0,42.0
2000-04-24,6.2,12.5,18.7,72.0,1008.4,5.7,241.0,88.0
2000-04-25,0.0,9.8,21.9,69.0,1011.7,4.5,217.0,27.0
2000-04-26,0.0,10.4,22.8,72.0,1013.9,5.4,218.0,31.0
2000-04-27,0.0,11.0,22.7,74.0,1014.4,7.0,73.0,94.0
2000-04-28,1.4,10.4,21.4,75.0,1012.3,8.8,61.0,75.0
2000-04-29,3.5,14.1,21.3,70.0,1014.4,9.0,47.0,93.0
2000-04-30,0.0,10.4,23.4,66.0,1017.8,4.3,51.0,45.0
2000-05-01,0.6,9.9,24.3,64.0,1014.3,5.6,29.0,52.0
2000-05-02,0.2,13.0,23.4,67.0,1014.1,7.0,44.0,55.0
2000-05-03,0.0,12.0,23.7,64.0,1016.8,6.1,63.0,40.0
2000-05-04,0.0,12.7,24.0,64.0,1017.0,5.1,3.0,26.0
2000-05-05,1.9,12.2,22.8,73.0,1015.8,5.4,65.0,51.0
2000-05-06,5.1,12.0,22.1,78.0,1016.4,6.8,51.0,82.0
2000-05-07,7.4,12.8,20.8,86.0,1018.9,7.0,57.0,95.0
2000-05-08,11.7,14.3,20.2,88.0,1019.8,5.2,48.0,83.0
2000-05-09,0.9,12.2,22.6,82.0,1020.7,5.6,85.0,60.0
2000-05-10,0.1,13.1,23.8,83.0,1019.3,4.7,97.0,53.0
2000-05-11,0.1,13.7,25.1,79.0,1017.6,6.0,227.0,79.0
2000-05-12,0.0,16.4,24.6,74.0,1016.7,5.4,257.0,44.0
2000-05-13,4.8,14.2,23.5,76.0,1018.6,7.0,51.0,72.0
2000-05-14,0.0,12.2,23.3,67.0,1020.9,8.2,50.0,14.0
2000-05-15,0.0,10.9,24.7,60.0,1021.2,6.2,49.0,14.0
2000-05-16,0.0,11.1,26.6,61.0,1018.9,4.2,258.0,40.0
2000-05-17,0.0,12.5,27.2,62.0,1014.7,5.9,260.0,7.0
2000-05-18,0.1,14.5,25.2,65.0,1009.4,7.2,250.0,44.0
2000-05-19,3.1,15.7,21.4,64.0,1006.5,7.0,72.0,32.0
2000-05-20,4.7,12.7,18.1,69.0,1008.2,9.1,58.0,57.0
2000-05-21,0.0,11.5,18.9,66.0,1012.2,5.0,55.0,77.0
2000-05-22,0.6,13.1,21.2,70.0,1011.1,5.7,78.0,48.0
2000-05-23,0.0,13.5,23.1,60.0,1017.8,7.7,73.0,28.0
2000-05-24,0.0,13.1,25.2,58.0,1018.0,4.7,86.0,33.0
2000-05-25,0.0,12.1,26.5,60.0,1015.9,5.2,79.0,17.0
2000-05-26,0.0,13.3,26.2,61.0,1016.7,8.6,74.0,19.0
2000-05-27,11.4,14.6,25.2,74.0,1014.6,7.8,59.0,41.0
2000-05-28,5.6,15.9,24.0,80.0,1012.9,4.3,275.0,69.0
2000-05-29,0.7,15.2,25.2,66.0,1008.9,11.8,246.0,39.0
2000-05-30,1.8,13.7,18.7,61.0,1016.7,9.3,70.0,86.0
2000-05-31,0.1,11.3,23.9,63.0,1013.9,3.8,230.0,71.0
2000-06-01,0.0,13.1,23.7,67.0,1022.6,6.8,84.0,35.0
2000-06-02,0.0,12.8,26.6,62.0,1022.9,4.1,91.0,2.0
2000-06-03,0.0,13.4,28.8,61.0,1019.7,4.4,91.0,4.0
2000-06-04,0.0,15.5,29.9,60.0,1018.2,4.8,71.0,29.0
2000-06-05,0.0,18.1,29.7,61.0,1016.6,5.3,81.0,16.0
2000-06-06,0.1,16.6,28.7,68.0,1012.5,4.8,354.0,49.0
2000-06-07,8.3,17.5,25.3,68.0,1014.9,10.2,54.0,61.0
2000-06-08,0.0,17.4,25.9,55.0,1020.0,9.1,59.0,23.0
2000-06-09,0.0,13.7,29.5,59.0,1018.1,4.5,215.0,1.0
2000-06-10,0.0,16.2,29.4,61.0,1015.4,8.7,71.0,17.0
2000-06-11,20.8,17.8,22.9,82.0,1015.5,8.7,43.0,79.0
2000-06-12,0.8,16.3,29.0,63.0,1019.4,10.1,51.0,56.0
2000-06-13,9.2,17.3,26.2,75.0,1022.5,8.0,16.0,73.0
2000-06-14,0.0,16.2,28.6,69.0,1020.6,6.9,264.0,31.0
2000-06-15,2.0,15.7,28.1,71.0,1017.4,3.7,288.0,43.0
2000-06-16,0.5,16.2,26.7,67.0,1016.6,5.5,56.0,33.0
2000-06-17,0.4,18.1,24.5,58.0,1022.5,8.0,86.0,42.0
2000-06-18,0.0,17.4,25.6,54.0,1027.8,3.9,101.0,29.0
2000-06-19,0.0,15.1,28.7,52.0,1024.1,3.9,229.0,2.0
2000-06-20,0.0,15.4,31.0,54.0,1019.4,5.6,281.0,4.0
2000-06-21,0.0,17.9,31.5,52.0,1017.0,8.0,259.0,3.0
2000-06-22,0.0,17.0,31.3,48.0,1016.7,9.0,252.0,1.0
2000-06-23,0.8,18.1,30.0,53.0,1014.5,7.7,246.0,10.0
2000-06-24,3.1,17.0,25.6,72.0,1012.5,6.5,57.0,70.0
2000-06-25,6.4,16.6,21.7,68.0,1011.3,8.3,68.0,53.0
2000-06-26,0.0,13.1,24.8,60.0,1016.4,5.4,67.0,39.0
2000-06-27,0.0,14.9,25.4,62.0,1017.1,5.8,90.0,48.0
2000-06-28,12.7,15.7,25.8,78.0,1013.1,5.2,58.0,69.0
2000-06-29,0.1,14.5,25.5,72.0,1013.5,5.4,47.0,62.0
2000-06-30,5.9,14.9,26.3,73.0,1014.1,5.7,53.0,46.0
2000-07-01,0.6,17.2,26.8,73.0,1013.8,5.5,53.0,56.0
2000-07-02,0.0,18.3,30.3,69.0,1015.3,6.7,249.0,58.0
2000-07-03,0.0,19.1,31.9,70.0,1012.5,8.1,73.0,28.0
2000-07-04,0.6,20.4,32.2,63.0,1007.5,9.6,96.0,40.0
2000-07-05,0.0,20.4,30.5,57.0,1010.7,4.4,250.0,11.0
2000-07-06,0.0,19.2,31.0,63.0,1016.1,5.2,63.0,6.0
2000-07-07,0.0,18.9,33.0,60.0,1011.1,6.3,82.0,15.0
2000-07-08,23.0,19.7,25.9,71.0,1004.6,5.7,42.0,59.0
2000-07-09,3.7,13.6,23.1,70.0,1009.0,8.1,199.0,38.0
2000-07-10,2.2,14.1,24.9,69.0,1004.5,5.9,92.0,37.0
2000-07-11,20.4,16.0,23.6,78.0,999.1,6.3,215.0,68.0
2000-07-12,7.9,13.1,21.7,71.0,1007.8,3.5,341.0,63.0
2000-07-13,1.3,11.5,22.2,70.0,1013.2,5.3,264.0,49.0
2000-07-14,0.1,13.5,22.5,71.0,1008.0,6.1,285.0,75.0
2000-07-15,17.1,13.3,21.1,79.0,1003.6,5.7,36.0,68.0
2000-07-16,1.8,11.2,21.6,74.0,1009.2,5.8,272.0,56.0
2000-07-17,0.0,9.9,23.5,68.0,1015.4,5.9,305.0,14.0
2000-07-18,0.2,14.4,24.0,72.0,1016.2,5.7,61.0,30.0
2000-07-19,2.5,15.7,24.8,76.0,1014.6,5.1,50.0,37.0
2000-07-20,0.0,15.0,25.0,65.0,1015.6,6.8,69.0,64.0
2000-07-21,0.3,14.6,24.7,70.0,1017.9,6.3,76.0,39.0
2000-07-22,0.0,16.1,27.3,64.0,1016.5,5.4,99.0,41.0
2000-07-23,0.0,17.4,27.9,65.0,1015.5,6.7,284.0,78.0
2000-07-24,1.3,18.1,26.4,68.0,1012.4,5.5,78.0,91.0
2000-07-25,0.8,17.8,26.7,69.0,1009.0,7.2,293.0,39.0
2000-07-26,0.2,17.7,28.4,65.0,1009.3,8.1,251.0,17.0
2000-07-27,0.0,17.8,29.2,63.0,1014.1,4.4,60.0,18.0
2000-07-28,9.7,18.3,26.2,74.0,1010.7,4.1,3.0,42.0
2000-07-29,1.8,13.3,26.7,74.0,1012.5,4.5,347.0,25.0
2000-07-30,0.2,14.3,26.4,65.0,1017.0,4.5,46.0,21.0
2000-07-31,0.0,14.9,26.4,65.0,1022.0,5.4,98.0,27.0
2000-08-01,0.0,15.7,29.2,61.0,1022.1,4.5,107.0,7.0
2000-08-02,0.2,17.5,30.8,63.0,1019.5,5.4,140.0,13.0
2000-08-03,0.0,19.2,30.2,65.0,1016.9,6.2,4.0,30.0
2000-08-04,4.2,18.9,24.8,77.0,1016.6,5.6,57.0,86.0
2000-08-05,30.8,17.6,24.4,79.0,1015.6,8.5,31.0,86.0
2000-08-06,14.9,16.8,22.5,81.0,1015.6,3.9,310.0,84.0
2000-08-07,0.0,13.4,26.9,69.0,1016.5,3.4,272.0,19.0
2000-08-08,0.8,15.1,26.9,71.0,1018.2,4.3,45.0,37.0
2000-08-09,6.5,17.0,26.5,75.0,1019.0,4.3,5.0,70.0
2000-08-10,0.0,15.3,28.0,68.0,1017.8,3.5,333.0,10.0
2000-08-11,0.5,17.2,28.9,69.0,1014.7,3.1,340.0,22.0
2000-08-12,1.2,17.8,28.3,75.0,1013.1,4.3,346.0,57.0
2000-08-13,0.0,17.5,29.2,71.0,1016.4,4.7,321.0,58.0
2000-08-14,0.3,16.9,30.6,67.0,1018.0,3.4,318.0,20.0
2000-08-15,0.2,18.4,31.4,63.0,1018.3,3.7,349.0,15.0
2000-08-16,0.0,19.1,31.9,61.0,1016.1,4.7,343.0,7.0
2000-08-17,0.0,19.2,32.2,60.0,1014.6,4.6,336.0,9.0
2000-08-18,0.0,19.8,32.7,63.0,1015.4,4.8,30.0,13.0
2000-08-19,0.0,19.5,33.3,60.0,1016.4,5.1,26.0,12.0
2000-08-20,0.0,19.0,33.2,62.0,1015.7,5.2,273.0,1.0
2000-08-21,0.0,20.7,33.3,58.0,1013.6,5.5,283.0,11.0
2000-08-22,0.0,21.2,32.7,60.0,1012.4,5.9,297.0,4.0
2000-08-23,0.0,19.3,32.4,57.0,1015.4,5.4,317.0,3.0
2000-08-24,0.0,20.8,31.5,56.0,1018.1,6.0,55.0,8.0
2000-08-25,0.0,18.8,33.0,58.0,1015.3,4.2,31.0,7.0
2000-08-26,0.0,20.9,28.9,55.0,1014.2,9.4,70.0,0.0
2000-08-27,1.1,19.3,27.0,57.0,1013.5,10.6,70.0,36.0
2000-08-28,0.9,19.8,26.0,57.0,1016.4,7.0,43.0,52.0
2000-08-29,0.0,17.4,27.0,56.0,1018.7,5.2,70.0,55.0
2000-08-30,0.5,15.7,28.1,61.0,1015.8,4.4,267.0,59.0
2000-08-31,19.3,16.9,22.6,85.0,1009.4,4.3,52.0,92.0
2000-09-01,0.0,14.5,26.7,72.0,1006.2,5.3,229.0,24.0
2000-09-02,0.2,15.5,25.2,74.0,1006.1,4.7,257.0,26.0
2000-09-03,1.2,15.7,23.2,69.0,1008.2,6.3,56.0,55.0
2000-09-04,2.9,14.7,21.6,67.0,1012.2,8.1,27.0,61.0
2000-09-05,0.0,9.8,22.2,69.0,1017.6,5.5,241.0,17.0
2000-09-06,0.0,13.9,22.9,63.0,1017.2,4.4,76.0,69.0
2000-09-07,3.7,13.8,23.7,73.0,1010.2,4.7,42.0,58.0
2000-09-08,0.0,10.8,23.7,67.0,1019.5,5.1,40.0,36.0
2000-09-09,0.0,11.8,24.1,61.0,1024.3,6.4,48.0,20.0
2000-09-10,0.0,11.4,25.9,65.0,1021.3,4.9,35.0,1.0
2000-09-11,0.0,12.7,26.1,59.0,1016.2,4.1,58.0,14.0
2000-09-12,0.0,13.4,27.5,55.0,1014.9,4.4,83.0,13.0
2000-09-13,0.0,13.7,27.6,60.0,1013.6,4.8,288.0,59.0
2000-09-14,0.0,16.3,27.3,69.0,1015.2,4.9,37.0,52.0
2000-09-15,0.0,16.0,27.5,74.0,1015.7,4.7,25.0,52.0
2000-09-16,0.5,18.4,26.2,79.0,1012.0,3.7,7.0,81.0
2000-09-17,0.0,16.2,23.7,76.0,1008.0,6.9,63.0,50.0
2000-09-18,0.4,16.2,22.2,77.0,1008.4,6.1,53.0,61.0
2000-09-19,3.0,15.2,22.7,83.0,1008.9,4.7,32.0,55.0
2000-09-20,45.5,16.7,22.0,87.0,1007.8,11.4,37.0,86.0
2000-09-21,17.1,15.6,21.2,79.0,1007.8,6.0,282.0,85.0
2000-09-22,0.0,12.6,22.8,70.0,1017.9,4.7,39.0,44.0
2000-09-23,0.4,14.6,20.3,79.0,1021.3,5.8,80.0,52.0
2000-09-24,0.3,15.6,19.8,73.0,1021.9,5.3,72.0,74.0
2000-09-25,0.0,14.4,22.7,70.0,1022.3,3.6,147.0,38.0
2000-09-26,0.0,11.6,23.4,77.0,1022.9,4.4,41.0,51.0
2000-09-27,0.0,12.5,24.1,77.0,1020.7,3.9,33.0,23.0
2000-09-28,0.0,14.1,22.7,79.0,1017.1,4.4,73.0,59.0
2000-09-29,12.1,15.1,21.1,89.0,1011.6,9.6,56.0,81.0
2000-09-30,35.9,15.6,17.8,94.0,1007.9,11.4,44.0,98.0
2000-10-01,31.3,14.3,18.0,93.0,1006.5,7.4,14.0,88.0
2000-10-02,3.1,12.0,19.1,89.0,1008.1,5.5,47.0,92.0
2000-10-03,7.7,12.3,16.6,82.0,1013.3,8.5,1.0,92.0
2000-10-04,0.4,13.4,23.2,73.0,1017.5,7.4,353.0,96.0
2000-10-05,0.0,14.2,22.0,72.0,1015.6,6.9,39.0,86.0
2000-10-06,7.9,13.1,19.4,82.0,1013.8,6.5,21.0,87.0
2000-10-07,44.3,9.5,13.4,85.0,1014.7,12.1,346.0,100.0
2000-10-08,9.2,9.0,14.8,78.0,1014.6,7.8,336.0,99.0
2000-10-09,1.0,12.0,16.7,80.0,1011.5,4.8,13.0,81.0
2000-10-10,11.3,8.9,13.1,88.0,1005.2,6.8,27.0,96.0
2000-10-11,13.5,9.4,16.6,89.0,1001.6,5.7,55.0,99.0
2000-10-12,25.9,13.0,21.1,90.0,1004.5,4.9,45.0,81.0
2000-10-13,3.3,15.2,20.9,91.0,1012.5,13.2,49.0,92.0
2000-10-14,1.7,18.4,23.2,72.0,1016.0,11.2,52.0,94.0
2000-10-15,18.6,13.0,23.1,74.0,1012.7,10.6,75.0,87.0
2000-10-16,2.3,10.9,18.5,87.0,1018.1,7.1,48.0,58.0
2000-10-17,5.0,11.6,16.2,88.0,1021.9,5.2,30.0,80.0
2000-10-18,0.0,8.2,19.0,83.0,1022.7,4.2,272.0,55.0
2000-10-19,0.0,11.0,18.0,82.0,1021.4,3.1,326.0,76.0
2000-10-20,0.0,11.2,18.1,81.0,1024.6,5.5,40.0,52.0
2000-10-21,0.0,10.4,16.9,76.0,1028.4,6.6,47.0,37.0
2000-10-22,0.0,6.9,17.6,81.0,1030.9,3.6,331.0,9.0
2000-10-23,0.0,6.2,17.8,87.0,1029.1,4.3,282.0,21.0
2000-10-24,0.0,5.9,16.7,89.0,1025.7,3.7,316.0,60.0
2000-10-25,0.0,6.7,17.2,88.0,1022.1,3.8,249.0,85.0
2000-10-26,0.0,9.3,17.3,86.0,1017.7,3.9,273.0,67.0
2000-10-27,0.0,8.6,17.0,87.0,1017.7,3.6,16.0,74.0
2000-10-28,0.0,9.0,17.4,83.0,1022.8,4.0,358.0,43.0
2000-10-29,0.0,7.0,15.8,87.0,1021.2,3.2,266.0,79.0
2000-10-30,1.5,11.8,16.4,87.0,1017.0,2.1,17.0,89.0
2000-10-31,16.0,10.2,18.6,90.0,1006.9,4.1,115.0,86.0
2000-11-01,5.3,9.0,16.4,82.0,1007.8,6.1,244.0,30.0
2000-11-02,4.8,6.5,15.1,89.0,1012.6,4.4,21.0,77.0
2000-11-03,49.2,11.3,12.9,96.0,1006.7,6.2,42.0,100.0
2000-11-04,4.5,8.5,14.3,88.0,1007.8,5.4,263.0,50.0
2000-11-05,0.0,4.1,13.4,83.0,1016.1,5.4,34.0,24.0
2000-11-06,44.4,5.4,13.1,92.0,1002.7,10.4,78.0,93.0
2000-11-07,3.5,6.0,13.9,89.0,993.3,4.2,274.0,72.0
2000-11-08,2.5,5.9,13.8,86.0,1003.1,3.5,271.0,61.0
2000-11-09,0.9,3.4,12.1,88.0,1013.5,4.1,14.0,59.0
2000-11-10,0.0,1.4,12.0,88.0,1021.2,4.2,278.0,22.0
2000-11-11,0.0,0.6,11.8,85.0,1027.6,3.9,290.0,37.0
2000-11-12,0.0,1.5,11.1,86.0,1025.5,3.8,6.0,61.0
2000-11-13,5.5,7.4,12.8,87.0,1015.3,6.1,26.0,98.0
2000-11-14,20.2,10.3,14.1,97.0,1009.7,5.3,16.0,98.0
2000-11-15,5.7,7.6,14.9,89.0,1015.8,4.1,336.0,94.0
2000-11-16,21.6,9.1,12.8,90.0,1015.3,5.6,14.0,96.0
2000-11-17,19.4,11.2,14.8,92.0,1007.6,12.3,49.0,89.0
2000-11-18,24.0,8.8,11.2,90.0,1010.4,6.9,10.0,96.0
2000-11-19,0.0,3.2,12.7,80.0,1010.0,6.0,319.0,40.0
2000-11-20,9.9,2.8,8.9,91.0,1008.7,7.6,22.0,99.0
2000-11-21,16.5,5.7,12.0,90.0,1008.4,5.2,353.0,94.0
2000-11-22,0.0,2.6,10.8,92.0,1017.2,4.0,300.0,89.0
2000-11-23,1.3,3.4,10.8,87.0,1017.2,6.2,32.0,99.0
2000-11-24,38.5,8.6,10.6,92.0,1010.1,10.4,33.0,100.0
2000-11-25,4.1,3.9,12.2,90.0,1008.2,4.2,283.0,65.0
2000-11-26,0.1,1.2,10.2,90.0,1007.2,4.3,306.0,84.0
2000-11-27,0.0,-0.2,12.6,77.0,1015.7,5.1,317.0,33.0
2000-11-28,0.0,-0.8,11.8,74.0,1023.9,3.5,316.0,59.0
2000-11-29,0.0,-0.7,10.8,81.0,1022.8,3.9,303.0,46.0
2000-11-30,0.0,1.0,9.7,87.0,1022.8,2.9,309.0,83.0
2000-12-01,0.0,-0.4,9.3,89.0,1025.1,3.1,288.0,31.0
2000-12-02,0.0,0.7,9.3,90.0,1024.5,3.2,16.0,92.0
2000-12-03,1.2,4.4,10.6,91.0,1021.6,5.5,13.0,96.0
2000-12-04,0.2,6.3,13.3,92.0,1022.2,4.8,336.0,79.0
2000-12-05,0.0,5.2,12.0,91.0,1023.5,3.8,314.0,87.0
2000-12-06,0.0,5.3,10.3,92.0,1023.4,3.3,272.0,90.0
2000-12-07,0.1,5.2,11.0,92.0,1022.9,3.5,21.0,98.0
2000-12-08,0.9,6.3,13.1,92.0,1019.2,4.1,37.0,95.0
2000-12-09,9.4,7.7,13.7,96.0,1019.1,3.9,4.0,97.0
2000-12-10,0.0,5.8,13.1,92.0,1021.9,6.0,270.0,61.0
2000-12-11,0.0,1.1,11.3,90.0,1027.7,3.3,290.0,66.0
2000-12-12,0.0,1.0,10.3,90.0,1029.7,2.3,276.0,93.0
2000-12-13,0.0,3.1,11.0,91.0,1024.3,2.9,297.0,96.0
2000-12-14,0.2,4.0,9.6,89.0,1017.0,2.9,2.0,100.0
2000-12-15,0.0,4.3,10.8,93.0,1005.3,4.2,288.0,77.0
2000-12-16,0.5,-0.7,9.6,88.0,1010.2,4.9,284.0,18.0
2000-12-17,0.0,-1.3,8.2,84.0,1015.0,3.9,350.0,22.0
2000-12-18,0.0,-2.7,9.3,81.0,1020.0,5.1,298.0,37.0
2000-12-19,0.0,-1.5,8.1,78.0,1020.8,4.5,292.0,29.0
2000-12-20,0.0,-0.2,6.3,74.0,1024.2,9.9,38.0,73.0
2000-12-21,0.0,-0.8,4.7,67.0,1025.9,7.7,49.0,65.0
2000-12-22,0.0,-2.5,3.7,77.0,1024.5,5.4,21.0,1.0
2000-12-23,0.0,-2.7,4.1,82.0,1021.5,5.2,284.0,2.0
2000-12-24,1.7,-3.1,3.0,78.0,1016.4,3.6,8.0,68.0
2000-12-25,13.0,0.7,5.7,91.0,1003.0,5.3,353.0,100.0
2000-12-26,10.4,1.3,8.2,93.0,996.7,5.4,286.0,78.0
2000-12-27,4.5,-0.3,8.0,91.0,994.4,6.6,359.0,94.0
2000-12-28,3.1,0.5,9.5,91.0,992.2,4.7,301.0,73.0
2000-12-29,4.5,0.4,8.5,87.0,996.5,9.4,21.0,96.0
2000-12-30,3.8,-3.0,6.9,88.0,998.5,6.0,332.0,53.0
2000-12-31,0.0,-2.8,7.4,66.0,1012.1,7.9,0.0,52.0
2001-01-01,0.0,-4.3,5.7,69.0,1017.8,6.1,308.0,39.0
2001-01-02,4.3,-1.2,5.1,80.0,1015.1,5.5,16.0,90.0
2001-01-03,6.0,2.5,8.9,90.0,1012.0,6.0,293.0,62.0
2001-01-04,4.8,-0.9,6.3,94.0,1014.4,4.2,342.0,95.0
2001-01-05,0.2,-1.2,6.8,92.0,1014.1,3.6,287.0,87.0
2001-01-06,4.4,3.9,8.0,93.0,1011.1,5.1,15.0,96.0
2001-01-07,12.6,6.2,10.1,97.0,1011.6,6.3,23.0,96.0
2001-01-08,12.3,2.9,10.0,97.0,1007.1,5.3,282.0,98.0
2001-01-09,2.3,0.7,10.9,87.0,1012.5,4.8,266.0,59.0
2001-01-10,0.7,0.6,8.6,88.0,1019.9,3.0,344.0,99.0
2001-01-11,1.0,3.8,8.8,94.0,1020.5,3.1,282.0,99.0
2001-01-12,4.4,5.6,9.1,92.0,1019.8,5.4,39.0,100.0
2001-01-13,1.2,1.8,5.8,67.0,1023.9,13.4,59.0,74.0
2001-01-14,0.0,-2.7,4.3,58.0,1028.0,10.8,54.0,3.0
2001-01-15,0.0,-3.3,3.7,55.0,1027.6,6.1,26.0,10.0
2001-01-16,0.0,-3.4,3.4,59.0,1027.1,5.8,26.0,17.0
2001-01-17,1.4,-3.1,3.0,69.0,1026.0,5.2,13.0,79.0
2001-01-18,8.7,0.6,5.0,92.0,1022.8,4.2,324.0,98.0
2001-01-19,0.0,-0.1,7.1,89.0,1024.2,3.7,351.0,92.0
2001-01-20,0.1,1.8,8.6,83.0,1023.4,5.1,2.0,96.0
2001-01-21,0.4,0.8,8.3,84.0,1024.2,4.4,27.0,54.0
2001-01-22,0.2,1.4,6.7,86.0,1023.8,3.0,18.0,96.0
2001-01-23,1.0,2.9,7.1,92.0,1017.7,3.3,14.0,95.0
2001-01-24,8.7,3.4,7.3,93.0,1016.6,5.1,25.0,99.0
2001-01-25,16.5,6.1,9.3,95.0,1012.0,4.6,12.0,96.0
2001-01-26,1.4,3.3,10.5,93.0,1010.1,4.5,284.0,60.0
2001-01-27,4.3,-0.9,6.6,96.0,1006.8,4.6,353.0,85.0
2001-01-28,0.0,-2.3,8.6,86.0,1005.8,5.5,13.0,77.0
2001-01-29,1.0,-0.0,10.8,74.0,1006.1,7.4,17.0,91.0
2001-01-30,18.6,3.5,6.0,86.0,1008.9,7.0,350.0,100.0
2001-01-31,0.1,-1.9,7.8,81.0,1012.7,3.8,346.0,53.0
2001-02-01,0.0,-3.3,7.1,63.0,1016.1,7.4,348.0,27.0
2001-02-02,0.0,-5.2,6.6,53.0,1018.7,7.9,295.0,3.0
2001-02-03,0.0,-3.9,5.2,66.0,1015.4,3.6,317.0,51.0
2001-02-04,0.0,-3.0,7.0,78.0,1014.9,4.7,330.0,64.0
2001-02-05,0.1,1.3,9.8,88.0,1013.5,5.1,273.0,90.0
2001-02-06,0.0,-0.2,10.5,89.0,1020.5,3.3,304.0,94.0
2001-02-07,0.0,4.8,12.4,91.0,1021.7,3.6,216.0,91.0
2001-02-08,3.4,4.9,11.2,92.0,1014.8,6.6,42.0,99.0
2001-02-09,1.9,3.7,12.4,91.0,1013.7,5.0,14.0,82.0
2001-02-10,0.2,3.0,12.3,83.0,1025.4,7.2,11.0,60.0
2001-02-11,0.0,-0.9,14.1,75.0,1036.3,4.3,330.0,3.0
2001-02-12,0.0,-1.9,14.5,72.0,1032.9,4.8,289.0,47.0
2001-02-13,0.0,0.6,15.2,72.0,1021.0,4.8,10.0,65.0
2001-02-14,0.0,3.8,12.5,69.0,1025.0,7.2,51.0,12.0
2001-02-15,0.0,-0.6,12.5,71.0,1030.7,4.1,7.0,0.0
2001-02-16,0.0,-1.4,13.1,79.0,1029.2,5.0,248.0,0.0
2001-02-17,0.0,0.2,12.3,84.0,1025.6,6.1,33.0,14.0
2001-02-18,0.0,0.6,13.6,76.0,1026.6,7.1,293.0,25.0
2001-02-19,0.0,1.1,12.7,72.0,1026.9,6.7,267.0,36.0
2001-02-20,0.0,-0.2,12.4,74.0,1021.8,4.5,7.0,58.0
2001-02-21,0.0,0.3,12.5,75.0,1020.2,7.3,259.0,20.0
2001-02-22,0.0,-0.6,14.7,76.0,1008.5,5.8,343.0,3.0
2001-02-23,0.2,0.9,14.3,80.0,998.4,6.9,294.0,27.0
2001-02-24,4.9,2.8,5.6,81.0,1000.8,13.1,58.0,93.0
2001-02-25,0.0,-0.9,5.7,57.0,1006.7,11.7,59.0,86.0
2001-02-26,0.0,-0.2,7.5,51.0,1005.0,6.4,13.0,77.0
2001-02-27,0.0,-1.7,7.0,57.0,1007.8,5.0,120.0,42.0
2001-02-28,10.2,-0.6,2.8,82.0,1002.2,12.8,39.0,99.0
2001-03-01,0.0,-1.2,8.1,76.0,1000.8,7.5,257.0,52.0
2001-03-02,11.0,-2.9,7.2,83.0,1004.4,7.5,23.0,74.0
2001-03-03,10.5,2.4,7.0,91.0,997.5,4.8,302.0,95.0
2001-03-04,1.1,3.2,12.3,91.0,1002.4,3.6,357.0,94.0
2001-03-05,4.6,6.7,16.4,87.0,1007.6,5.8,346.0,77.0
2001-03-06,0.2,6.7,10.7,73.0,1021.2,9.3,60.0,71.0
2001-03-07,0.0,3.7,11.3,74.0,1021.8,5.3,62.0,90.0
2001-03-08,11.9,4.6,9.6,85.0,1016.8,8.5,45.0,100.0
2001-03-09,18.2,5.7,11.9,88.0,1009.1,8.4,352.0,85.0
2001-03-10,0.0,1.1,12.4,89.0,1013.3,3.6,303.0,87.0
2001-03-11,0.0,2.7,15.2,82.0,1016.2,6.3,276.0,78.0
2001-03-12,2.3,4.0,15.5,85.0,1015.2,3.6,230.0,91.0
2001-03-13,17.1,7.4,15.0,88.0,1005.0,5.2,45.0,77.0
2001-03-14,0.1,3.1,15.4,80.0,1008.1,5.1,36.0,27.0
2001-03-15,0.0,3.5,16.7,79.0,1013.4,6.5,292.0,30.0
2001-03-16,0.0,6.2,15.8,81.0,1015.8,5.7,251.0,58.0
2001-03-17,20.6,6.5,12.0,94.0,1007.2,6.2,43.0,89.0
2001-03-18,0.8,3.8,15.3,84.0,1006.2,5.2,234.0,73.0
2001-03-19,0.0,8.0,17.0,77.0,1006.9,9.3,244.0,54.0
2001-03-20,0.6,5.7,15.1,81.0,1010.5,5.4,99.0,72.0
2001-03-21,0.0,7.7,16.9,84.0,1007.2,6.3,234.0,95.0
2001-03-22,1.9,9.1,18.6,77.0,1001.1,11.2,258.0,63.0
2001-03-23,0.0,5.2,19.8,74.0,1007.3,5.1,290.0,71.0
2001-03-24,0.0,6.5,19.4,85.0,1006.9,4.9,69.0,75.0
2001-03-25,1.1,8.8,19.1,86.0,997.5,6.5,256.0,53.0
2001-03-26,4.3,7.4,17.1,86.0,1000.5,5.8,286.0,47.0
2001-03-27,6.2,7.8,12.4,83.0,1007.4,7.8,60.0,90.0
2001-03-28,3.9,7.3,11.3,83.0,1013.2,7.9,57.0,90.0
2001-03-29,5.5,6.1,13.3,88.0,1008.5,6.9,53.0,99.0
2001-03-30,29.6,9.5,11.8,90.0,1004.8,14.9,38.0,100.0
2001-03-31,0.9,5.6,17.5,70.0,1018.4,8.1,51.0,61.0
2001-04-01,0.0,4.3,16.7,70.0,1023.9,4.9,57.0,28.0
2001-04-02,0.0,5.5,17.3,64.0,1023.6,4.5,69.0,8.0
2001-04-03,0.0,4.4,18.7,71.0,1019.8,4.9,209.0,63.0
2001-04-04,0.0,6.3,16.9,77.0,1016.4,6.2,243.0,69.0
2001-04-05,7.3,6.0,13.0,79.0,1012.5,6.9,88.0,69.0
2001-04-06,0.0,2.7,16.4,74.0,1015.3,5.4,205.0,53.0
2001-04-07,17.9,6.5,11.4,87.0,1008.1,9.1,30.0,96.0
2001-04-08,1.2,4.3,14.3,78.0,1005.3,4.4,323.0,69.0
2001-04-09,0.0,2.9,18.1,63.0,1014.4,5.6,273.0,41.0
2001-04-10,1.4,5.7,16.6,71.0,1012.1,5.7,86.0,59.0
2001-04-11,20.4,8.9,11.5,87.0,1009.3,10.2,24.0,100.0
2001-04-12,0.6,6.9,16.6,79.0,1013.6,5.6,268.0,69.0
2001-04-13,10.3,4.9,12.1,85.0,1014.1,8.3,72.0,72.0
2001-04-14,2.5,3.2,10.3,52.0,1018.1,9.6,64.0,51.0
2001-04-15,0.0,1.3,12.9,60.0,1014.9,7.9,242.0,77.0
2001-04-16,2.4,3.5,13.4,76.0,1010.4,5.8,69.0,78.0
2001-04-17,2.5,5.3,15.4,74.0,1010.8,5.7,211.0,56.0
2001-04-18,0.0,3.6,14.7,77.0,1009.3,4.9,121.0,74.0
2001-04-19,2.8,6.1,15.3,78.0,1005.2,3.6,166.0,73.0
2001-04-20,10.0,5.7,14.3,88.0,1001.3,3.8,42.0,65.0
2001-04-21,10.9,4.2,11.6,82.0,997.3,7.6,42.0,71.0
2001-04-22,0.2,0.5,14.6,71.0,998.9,6.2,300.0,48.0
2001-04-23,0.0,1.4,15.9,68.0,1001.1,10.1,249.0,44.0
2001-04-24,0.0,2.8,18.5,70.0,1012.3,5.9,231.0,38.0
2001-04-25,0.2,6.8,20.1,77.0,1016.7,6.1,52.0,52.0
2001-04-26,2.4,10.8,17.0,80.0,1016.3,6.2,7.0,41.0
2001-04-27,0.0,6.4,18.3,68.0,1018.6,6.7,56.0,74.0
2001-04-28,0.0,6.0,20.2,70.0,1014.4,6.2,230.0,46.0
2001-04-29,0.0,9.8,20.0,78.0,1014.1,8.0,67.0,19.0
2001-04-30,0.0,7.8,22.1,66.0,1013.4,7.3,74.0,29.0
2001-05-01,0.0,8.7,23.6,66.0,1016.6,5.3,74.0,73.0
2001-05-02,0.0,11.0,25.5,65.0,1015.6,3.7,43.0,40.0
2001-05-03,0.4,13.3,21.8,67.0,1008.8,5.4,283.0,76.0
2001-05-04,8.5,11.3,19.9,80.0,1005.1,6.9,48.0,66.0
2001-05-05,5.0,13.1,19.9,79.0,1004.0,7.0,37.0,95.0
2001-05-06,5.0,8.2,21.8,79.0,1004.4,7.8,15.0,88.0
2001-05-07,2.0,11.5,22.0,74.0,1010.4,4.5,354.0,87.0
2001-05-08,7.0,11.8,21.9,81.0,1015.6,4.4,31.0,64.0
2001-05-09,0.0,11.7,22.9,68.0,1017.4,4.2,4.0,39.0
2001-05-10,1.4,12.4,21.9,69.0,1016.0,7.7,53.0,46.0
2001-05-11,0.0,11.7,22.6,63.0,1014.3,5.6,14.0,33.0
2001-05-12,0.2,10.7,22.9,73.0,1013.4,5.1,45.0,24.0
2001-05-13,0.4,13.4,20.9,70.0,1014.8,6.3,104.0,48.0
2001-05-14,0.1,11.3,21.6,71.0,1013.5,6.1,105.0,54.0
2001-05-15,2.0,12.1,20.7,80.0,1012.8,6.4,53.0,82.0
2001-05-16,0.0,11.1,21.8,74.0,1015.9,6.5,231.0,54.0
2001-05-17,3.3,12.0,23.2,78.0,1015.9,6.9,82.0,58.0
2001-05-18,3.5,16.2,22.7,83.0,1011.5,7.7,9.0,74.0
2001-05-19,0.0,10.6,21.1,62.0,1017.9,7.9,69.0,6.0
2001-05-20,0.0,10.8,21.7,63.0,1021.1,10.1,57.0,54.0
2001-05-21,8.1,12.5,17.3,82.0,1018.6,7.8,45.0,99.0
2001-05-22,0.6,13.8,22.3,77.0,1014.5,4.4,59.0,81.0
2001-05-23,0.0,15.8,22.6,69.0,1019.2,10.5,57.0,33.0
2001-05-24,0.0,12.7,24.1,66.0,1018.6,4.6,59.0,8.0
2001-05-25,0.8,12.0,24.9,70.0,1013.6,4.3,6.0,54.0
2001-05-26,0.0,12.8,25.6,64.0,1017.0,5.2,281.0,38.0
2001-05-27,0.0,14.7,27.1,62.0,1020.7,5.2,241.0,68.0
2001-05-28,0.0,15.8,28.6,67.0,1020.4,6.0,248.0,58.0
2001-05-29,0.0,18.2,29.9,70.0,1017.4,5.4,244.0,50.0
2001-05-30,0.7,18.4,29.4,71.0,1012.9,5.3,242.0,17.0
2001-05-31,2.4,18.6,27.7,75.0,1009.9,6.8,276.0,56.0
2001-06-01,5.1,16.4,23.2,74.0,1011.6,7.9,63.0,51.0
2001-06-02,4.7,14.3,21.5,70.0,1013.7,8.2,66.0,88.0
2001-06-03,10.4,10.4,17.8,81.0,1008.7,4.3,57.0,69.0
2001-06-04,0.0,6.5,21.5,60.0,1017.6,8.2,245.0,6.0
2001-06-05,0.0,10.2,22.9,63.0,1020.4,5.8,113.0,41.0
2001-06-06,3.8,12.3,21.9,75.0,1014.1,6.5,339.0,72.0
2001-06-07,0.1,11.0,23.5,71.0,1014.7,5.7,124.0,21.0
2001-06-08,0.0,13.0,25.5,71.0,1013.7,6.0,95.0,65.0
2001-06-09,0.0,16.4,26.3,67.0,1011.4,5.4,145.0,70.0
2001-06-10,5.8,16.2,26.0,74.0,1009.2,8.7,72.0,92.0
2001-06-11,5.6,15.9,23.1,74.0,1011.5,7.1,357.0,54.0
2001-06-12,0.0,10.2,22.1,59.0,1020.8,6.3,70.0,38.0
2001-06-13,0.0,12.9,24.1,56.0,1014.9,4.7,67.0,68.0
2001-06-14,0.2,12.7,25.6,58.0,1012.2,4.4,8.0,42.0
2001-06-15,0.0,13.5,27.0,67.0,1015.0,6.7,86.0,16.0
2001-06-16,1.9,15.9,28.7,65.0,1011.0,7.0,47.0,35.0
2001-06-17,17.5,16.0,25.6,72.0,1008.2,6.6,343.0,53.0
2001-06-18,5.6,14.0,22.2,74.0,1011.3,5.3,255.0,92.0
2001-06-19,0.9,12.5,25.8,56.0,1014.9,6.9,327.0,41.0
2001-06-20,0.0,11.4,26.1,57.0,1014.9,5.5,308.0,6.0
2001-06-21,0.0,14.2,27.2,62.0,1012.6,5.3,128.0,29.0
2001-06-22,0.0,15.3,28.5,63.0,1009.3,7.9,246.0,8.0
2001-06-23,2.0,16.6,25.6,72.0,1012.1,5.4,83.0,29.0
2001-06-24,0.0,17.7,28.6,72.0,1017.4,5.2,100.0,24.0
2001-06-25,0.2,17.5,29.2,69.0,1018.9,5.4,82.0,29.0
2001-06-26,0.0,18.6,29.1,66.0,1018.5,7.5,74.0,34.0
2001-06-27,0.0,17.2,30.6,62.0,1015.0,5.7,84.0,32.0
2001-06-28,0.3,19.1,28.9,63.0,1014.4,6.8,54.0,90.0
2001-06-29,0.0,20.0,28.6,60.0,1018.5,5.0,72.0,55.0
2001-06-30,1.4,18.2,29.7,61.0,1019.2,3.9,209.0,45.0
2001-07-01,1.2,18.6,29.5,59.0,1018.2,5.4,65.0,37.0
2001-07-02,0.0,19.3,28.2,59.0,1020.9,5.9,132.0,22.0
2001-07-03,0.0,20.1,27.8,60.0,1016.9,7.3,107.0,61.0
2001-07-04,0.1,18.4,24.1,70.0,1014.2,7.7,84.0,87.0
2001-07-05,1.0,19.5,28.4,71.0,1014.3,5.1,172.0,70.0
2001-07-06,0.0,18.7,30.2,72.0,1014.9,7.7,81.0,27.0
2001-07-07,2.3,19.2,28.4,65.0,1010.9,11.7,231.0,20.0
2001-07-08,0.0,16.1,28.8,57.0,1011.8,5.6,241.0,15.0
2001-07-09,1.0,19.5,27.1,63.0,1013.9,4.3,67.0,52.0
2001-07-10,17.5,18.7,25.6,81.0,1014.8,4.8,45.0,76.0
2001-07-11,0.0,15.9,28.5,74.0,1013.6,5.5,238.0,48.0
2001-07-12,1.7,19.7,24.0,73.0,1014.0,10.0,51.0,60.0
2001-07-13,0.2,18.4,26.1,70.0,1012.7,5.1,68.0,57.0
2001-07-14,0.3,18.1,28.7,75.0,1012.5,6.7,64.0,36.0
2001-07-15,3.1,18.2,29.3,74.0,1011.1,9.0,59.0,33.0
2001-07-16,8.3,18.5,27.7,66.0,1007.9,7.5,287.0,53.0
2001-07-17,0.0,18.2,26.1,58.0,1006.7,7.2,245.0,41.0
2001-07-18,8.5,16.7,26.8,69.0,1007.7,5.5,227.0,30.0
2001-07-19,15.7,17.9,24.9,83.0,1005.6,9.0,38.0,67.0
2001-07-20,24.6,17.0,21.0,81.0,1003.7,10.1,330.0,99.0
2001-07-21,0.0,11.8,26.5,65.0,1014.7,5.2,261.0,12.0
2001-07-22,0.0,15.0,27.6,70.0,1016.2,4.7,153.0,4.0
2001-07-23,0.0,17.1,28.8,71.0,1013.1,4.8,124.0,11.0
2001-07-24,1.9,17.8,28.2,77.0,1011.1,4.0,27.0,37.0
2001-07-25,2.1,18.3,27.9,72.0,1013.3,3.1,79.0,62.0
2001-07-26,1.7,18.2,28.8,72.0,1014.4,3.7,327.0,38.0
2001-07-27,1.0,17.9,29.3,75.0,1015.0,4.7,41.0,58.0
2001-07-28,1.2,18.6,29.1,74.0,1016.8,4.1,340.0,38.0
2001-07-29,0.5,18.8,30.1,71.0,1017.6,3.4,300.0,65.0
2001-07-30,0.0,18.8,31.4,67.0,1019.1,4.6,39.0,10.0
2001-07-31,0.0,19.9,31.4,62.0,1020.7,4.9,208.0,14.0
2001-08-01,0.0,19.8,32.6,64.0,1018.0,4.1,69.0,29.0
2001-08-02,0.0,21.5,33.0,64.0,1016.2,5.7,86.0,14.0
2001-08-03,0.2,21.5,33.3,67.0,1013.8,6.5,76.0,53.0
2001-08-04,2.7,21.3,30.6,70.0,1013.7,6.2,26.0,31.0
2001-08-05,4.6,19.8,28.1,73.0,1013.9,5.5,17.0,53.0
2001-08-06,0.0,20.8,26.4,54.0,1016.3,8.9,50.0,40.0
2001-08-07,0.0,16.3,29.1,60.0,1014.2,4.1,92.0,6.0
2001-08-08,0.1,18.1,30.4,64.0,1012.5,5.3,258.0,50.0
2001-08-09,0.0,21.7,29.3,67.0,1014.6,4.0,285.0,49.0
2001-08-10,0.5,19.9,29.5,71.0,1014.2,6.0,17.0,37.0
2001-08-11,5.4,17.5,25.1,62.0,1019.5,8.5,78.0,47.0
2001-08-12,0.0,16.0,26.6,57.0,1020.9,4.0,202.0,23.0
2001-08-13,0.0,15.1,28.4,60.0,1016.9,4.4,211.0,50.0
2001-08-14,0.0,16.6,30.9,60.0,1017.5,4.7,88.0,3.0
2001-08-15,0.0,17.1,31.9,57.0,1019.2,5.4,78.0,0.0
2001-08-16,0.0,17.6,33.0,58.0,1017.2,4.6,129.0,0.0
2001-08-17,1.3,19.1,32.3,63.0,1014.9,5.8,25.0,21.0
2001-08-18,1.2,20.3,30.5,65.0,1013.6,6.0,351.0,66.0
2001-08-19,0.0,18.1,31.1,60.0,1011.8,5.3,264.0,50.0
2001-08-20,1.9,19.5,29.3,67.0,1011.8,5.3,26.0,65.0
2001-08-21,0.0,16.5,29.1,64.0,1014.1,6.0,46.0,26.0
2001-08-22,0.0,18.2,29.0,58.0,1016.9,6.1,38.0,21.0
2001-08-23,0.0,18.6,29.6,61.0,1016.9,3.6,44.0,25.0
2001-08-24,0.0,19.3,30.5,61.0,1016.8,5.0,54.0,27.0
2001-08-25,0.0,19.8,30.7,59.0,1017.5,4.6,67.0,15.0
2001-08-26,0.0,18.7,32.5,58.0,1017.1,3.5,237.0,25.0
2001-08-27,0.6,19.1,33.5,58.0,1013.5,5.5,275.0,25.0
2001-08-28,0.8,20.0,31.6,68.0,1010.5,5.1,66.0,19.0
2001-08-29,1.7,20.9,31.6,66.0,1008.7,5.4,27.0,30.0
2001-08-30,10.8,20.6,25.7,67.0,1009.4,9.4,52.0,91.0
2001-08-31,25.6,18.0,22.4,80.0,1007.6,6.6,57.0,90.0
2001-09-01,8.0,12.6,22.2,81.0,1008.6,7.1,60.0,75.0
2001-09-02,4.8,14.8,23.1,71.0,1013.9,6.1,271.0,60.0
2001-09-03,0.0,14.9,24.6,64.0,1015.5,4.5,216.0,6.0
2001-09-04,10.6,16.0,21.7,78.0,1010.8,4.1,92.0,72.0
2001-09-05,9.5,14.8,23.3,71.0,1006.2,6.0,307.0,67.0
2001-09-06,0.0,10.1,24.7,56.0,1009.8,5.8,286.0,14.0
2001-09-07,0.2,12.6,23.9,71.0,1011.5,4.2,28.0,43.0
2001-09-08,0.0,13.8,25.2,72.0,1008.6,6.9,258.0,76.0
2001-09-09,5.0,13.7,23.1,74.0,1003.2,6.5,341.0,36.0
2001-09-10,0.0,9.9,20.1,62.0,1008.4,6.8,320.0,41.0
2001-09-11,0.0,8.0,21.5,58.0,1011.6,6.2,269.0,28.0
2001-09-12,0.0,9.8,21.5,61.0,1015.0,6.2,276.0,9.0
2001-09-13,0.0,10.8,21.9,64.0,1015.4,6.2,265.0,51.0
2001-09-14,25.7,13.2,18.9,79.0,1006.4,7.3,33.0,92.0
2001-09-15,8.8,12.3,19.5,67.0,1009.9,6.9,38.0,59.0
2001-09-16,15.4,10.6,17.9,82.0,1009.8,4.5,39.0,70.0
2001-09-17,3.2,6.5,16.5,87.0,1007.8,3.9,293.0,84.0
2001-09-18,1.3,8.2,18.0,77.0,1012.7,4.3,31.0,75.0
2001-09-19,5.9,9.2,17.1,83.0,1018.4,6.3,31.0,70.0
2001-09-20,0.0,7.7,19.3,75.0,1019.7,4.1,247.0,20.0
2001-09-21,0.0,8.8,20.9,75.0,1016.1,5.0,261.0,49.0
2001-09-22,1.4,11.7,18.2,87.0,1014.6,4.6,34.0,81.0
2001-09-23,23.1,14.2,15.9,90.0,1009.0,8.0,31.0,100.0
2001-09-24,0.3,13.9,20.8,86.0,1008.4,2.9,258.0,86.0
2001-09-25,12.9,12.8,20.6,90.0,1011.7,3.8,262.0,75.0
2001-09-26,1.2,11.1,19.3,76.0,1016.6,4.5,46.0,34.0
2001-09-27,0.0,8.0,20.4,75.0,1020.4,4.1,245.0,54.0
2001-09-28,0.0,8.8,21.5,76.0,1019.1,4.4,263.0,22.0
2001-09-29,0.0,10.2,21.1,81.0,1018.8,3.8,338.0,97.0
2001-09-30,3.5,13.1,18.0,87.0,1016.9,4.0,306.0,78.0
2001-10-01,0.0,10.3,20.4,85.0,1019.5,5.2,264.0,80.0
2001-10-02,0.0,13.6,22.5,82.0,1021.9,4.9,246.0,68.0
2001-10-03,0.0,11.9,23.2,81.0,1019.1,6.1,240.0,24.0
2001-10-04,0.7,13.5,20.7,87.0,1015.2,2.8,29.0,68.0
2001-10-05,0.0,15.0,20.1,86.0,1015.4,3.7,56.0,90.0
2001-10-06,0.0,13.7,22.3,82.0,1015.5,3.6,58.0,53.0
2001-10-07,7.8,16.4,21.4,88.0,1014.0,7.2,45.0,93.0
2001-10-08,0.6,16.0,22.9,85.0,1014.4,3.0,72.0,54.0
2001-10-09,0.0,13.1,23.0,81.0,1016.9,4.0,307.0,60.0
2001-10-10,1.6,13.7,22.4,83.0,1023.3,4.8,322.0,63.0
2001-10-11,0.0,10.9,23.1,83.0,1028.6,3.0,302.0,14.0
2001-10-12,0.0,11.6,23.9,81.0,1027.8,3.7,328.0,33.0
2001-10-13,0.0,10.6,24.2,82.0,1024.9,3.9,332.0,10.0
2001-10-14,0.0,10.9,24.0,79.0,1021.6,4.4,11.0,14.0
2001-10-15,0.0,10.3,21.4,78.0,1019.8,5.1,41.0,28.0
2001-10-16,0.0,10.0,21.3,80.0,1023.4,3.2,4.0,60.0
2001-10-17,0.0,10.5,20.9,80.0,1023.9,5.7,28.0,12.0
2001-10-18,0.0,8.9,20.4,82.0,1019.8,4.2,304.0,23.0
2001-10-19,0.0,11.3,20.2,83.0,1018.7,3.7,360.0,57.0
2001-10-20,2.5,12.0,20.3,88.0,1016.9,4.8,50.0,85.0
2001-10-21,22.5,13.3,20.5,87.0,1009.7,6.4,299.0,58.0
2001-10-22,0.0,8.5,19.6,82.0,1014.5,3.5,286.0,31.0
2001-10-23,0.0,9.7,18.9,85.0,1018.6,3.6,16.0,93.0
2001-10-24,8.5,12.8,19.7,81.0,1020.9,4.7,15.0,67.0
2001-10-25,4.2,9.6,17.8,89.0,1024.7,3.8,348.0,44.0
2001-10-26,0.0,7.9,16.6,83.0,1025.5,3.9,22.0,45.0
2001-10-27,0.0,10.3,17.2,79.0,1025.2,3.6,272.0,59.0
2001-10-28,0.0,10.2,18.1,83.0,1026.6,4.4,266.0,68.0
2001-10-29,0.0,6.9,18.0,87.0,1025.4,4.5,263.0,54.0
2001-10-30,0.0,8.5,17.0,90.0,1025.9,3.1,332.0,85.0
2001-10-31,0.0,7.6,17.5,89.0,1026.4,4.5,255.0,95.0
2001-11-01,0.0,9.3,18.0,79.0,1023.9,6.6,44.0,44.0
2001-11-02,0.0,5.9,14.5,70.0,1032.9,5.5,33.0,18.0
2001-11-03,0.0,3.9,13.7,78.0,1032.1,3.2,337.0,10.0
2001-11-04,0.0,2.7,15.0,84.0,1023.6,4.6,287.0,1.0
2001-11-05,0.0,3.0,15.9,84.0,1017.2,3.7,334.0,72.0
2001-11-06,0.0,7.2,12.1,71.0,1017.2,6.9,26.0,82.0
2001-11-07,0.3,3.7,13.1,88.0,1013.9,4.2,260.0,65.0
2001-11-08,0.2,4.8,13.5,90.0,1003.7,4.4,280.0,94.0
2001-11-09,10.7,4.2,8.9,83.0,999.8,12.8,35.0,93.0
2001-11-10,0.5,4.3,9.7,52.0,1020.4,12.4,44.0,94.0
2001-11-11,4.2,5.4,11.9,67.0,1022.3,6.6,20.0,100.0
2001-11-12,11.1,8.7,13.4,90.0,1010.2,4.7,308.0,85.0
2001-11-13,0.0,7.7,12.8,86.0,1002.1,7.2,341.0,94.0
2001-11-14,0.7,6.6,10.2,75.0,1012.0,8.6,69.0,84.0
2001-11-15,0.0,0.5,8.8,55.0,1031.8,10.1,54.0,13.0
2001-11-16,0.0,-1.8,10.6,78.0,1032.9,4.7,283.0,0.0
2001-11-17,0.0,0.3,11.2,71.0,1032.5,5.8,17.0,0.0
2001-11-18,2.7,-1.3,9.8,79.0,1023.8,5.1,11.0,53.0
2001-11-19,6.6,3.5,11.5,83.0,1015.5,6.5,16.0,74.0
2001-11-20,0.0,0.0,11.5,82.0,1022.6,5.6,293.0,8.0
2001-11-21,0.0,-1.6,10.8,85.0,1029.8,4.8,285.0,2.0
2001-11-22,0.0,-2.1,7.1,92.0,1022.8,4.8,256.0,64.0
2001-11-23,0.0,-1.5,9.2,65.0,1011.0,7.2,334.0,18.0
2001-11-24,0.0,-3.5,8.6,61.0,1017.7,6.5,282.0,12.0
2001-11-25,0.0,-1.6,8.0,73.0,1015.5,3.5,358.0,23.0
2001-11-26,0.0,-0.4,9.4,80.0,1012.5,3.6,309.0,38.0
2001-11-27,3.1,2.5,7.2,90.0,1012.5,5.0,7.0,99.0
2001-11-28,0.4,-1.8,11.7,90.0,1015.0,4.6,293.0,46.0
2001-11-29,0.0,-1.4,11.1,84.0,1019.8,4.5,295.0,36.0
2001-11-30,0.0,-0.1,9.1,84.0,1016.3,4.4,10.0,54.0
2001-12-01,0.1,4.8,8.3,85.0,1022.6,4.1,41.0,88.0
2001-12-02,0.9,3.7,9.6,87.0,1025.5,3.5,28.0,68.0
2001-12-03,0.0,1.7,10.1,89.0,1025.1,3.4,341.0,58.0
2001-12-04,0.0,0.8,8.5,94.0,1022.8,3.5,308.0,95.0
2001-12-05,0.0,1.8,10.4,88.0,1022.4,3.0,342.0,61.0
2001-12-06,0.0,-0.6,9.5,88.0,1018.8,3.6,291.0,10.0
2001-12-07,0.0,-0.7,10.0,80.0,1026.3,5.7,6.0,21.0
2001-12-08,0.0,-1.6,7.0,82.0,1032.9,5.0,26.0,6.0
2001-12-09,0.0,-2.2,6.1,83.0,1035.4,5.3,17.0,7.0
2001-12-10,0.0,-3.6,6.1,73.0,1036.7,4.7,344.0,4.0
2001-12-11,0.7,-3.4,5.3,79.0,1029.2,4.0,322.0,57.0
2001-12-12,0.0,-3.3,6.6,81.0,1021.6,5.6,288.0,8.0
2001-12-13,8.4,-3.4,3.5,82.0,1017.9,11.7,52.0,45.0
2001-12-14,0.0,-6.7,1.4,51.0,1029.5,16.3,48.0,42.0
2001-12-15,0.0,-10.2,4.5,58.0,1028.0,6.1,349.0,5.0
2001-12-16,0.0,-5.6,1.8,67.0,1025.1,5.8,11.0,1.0
2001-12-17,0.0,-5.7,2.1,73.0,1027.2,6.1,291.0,8.0
2001-12-18,0.0,-5.6,3.8,66.0,1029.7,4.6,309.0,2.0
2001-12-19,0.0,-6.6,2.9,78.0,1028.5,4.6,278.0,4.0
2001-12-20,0.0,-4.0,2.9,80.0,1020.9,3.8,347.0,36.0
2001-12-21,0.0,-4.1,4.8,74.0,1018.8,6.1,318.0,27.0
2001-12-22,0.0,-3.9,3.8,83.0,1009.0,4.5,307.0,50.0
2001-12-23,0.0,-5.2,6.4,69.0,1008.2,5.9,348.0,25.0
2001-12-24,0.0,-6.5,3.0,52.0,1016.7,7.5,351.0,1.0
2001-12-25,0.0,-6.3,3.9,64.0,1010.9,4.7,268.0,55.0
2001-12-26,0.0,-2.1,4.0,70.0,1003.6,4.2,6.0,95.0
2001-12-27,0.0,-3.9,5.7,66.0,1009.1,6.5,308.0,50.0
2001-12-28,0.0,-4.0,6.4,60.0,1013.4,4.2,272.0,33.0
2001-12-29,0.0,-3.5,5.2,66.0,1008.7,3.6,329.0,52.0
2001-12-30,0.0,-0.2,7.9,84.0,1001.2,5.8,34.0,41.0
2001-12-31,0.0,-3.6,6.2,63.0,1016.2,6.9,5.0,63.0
2002-01-01,0.0,-5.1,5.3,52.0,1034.1,6.3,290.0,0.0
2002-01-02,0.0,-5.6,5.4,62.0,1030.9,7.3,263.0,10.0
2002-01-03,0.0,-4.3,5.3,67.0,1029.2,5.6,28.0,14.0
2002-01-04,0.0,-3.5,3.6,72.0,1035.6,4.8,295.0,25.0
2002-01-05,0.0,-5.0,5.2,68.0,1035.2,4.3,298.0,2.0
2002-01-06,0.0,-5.3,7.5,68.0,1031.6,5.0,286.0,5.0
2002-01-07,0.0,-3.7,8.6,57.0,1027.2,6.7,13.0,70.0
2002-01-08,0.0,-4.9,6.4,63.0,1032.7,4.5,333.0,39.0
2002-01-09,0.0,-4.8,8.4,66.0,1036.6,4.8,303.0,0.0
2002-01-10,0.0,-5.2,8.0,67.0,1034.8,4.2,312.0,0.0
2002-01-11,0.0,-5.5,6.7,68.0,1033.0,4.0,330.0,4.0
2002-01-12,0.0,-4.9,7.8,67.0,1032.2,4.7,317.0,22.0
2002-01-13,0.0,-5.0,6.8,70.0,1029.1,5.3,1.0,0.0
2002-01-14,0.0,-2.6,4.9,75.0,1028.0,7.2,33.0,45.0
2002-01-15,0.0,-4.9,4.5,77.0,1023.5,4.6,355.0,55.0
2002-01-16,0.0,-2.8,4.2,80.0,1021.2,3.8,19.0,64.0
2002-01-17,0.0,-4.7,5.8,80.0,1023.3,4.6,338.0,2.0
2002-01-18,0.0,-5.0,6.4,76.0,1023.2,4.8,319.0,0.0
2002-01-19,0.0,-5.6,6.3,67.0,1023.2,4.6,291.0,52.0
2002-01-20,0.0,-4.1,7.4,71.0,1025.5,3.8,301.0,46.0
2002-01-21,0.0,-2.8,7.3,80.0,1022.9,3.8,275.0,60.0
2002-01-22,0.0,-1.4,7.4,85.0,1020.9,4.3,302.0,59.0
2002-01-23,0.6,-0.7,6.3,88.0,1020.2,3.0,321.0,75.0
2002-01-24,22.9,1.6,6.4,95.0,1012.3,7.3,24.0,100.0
2002-01-25,0.3,-1.9,11.4,86.0,1017.7,5.5,295.0,20.0
2002-01-26,0.0,-1.4,8.5,86.0,1024.9,3.2,9.0,56.0
2002-01-27,0.3,-1.0,10.2,88.0,1021.7,5.0,263.0,96.0
2002-01-28,0.0,0.1,9.6,89.0,1025.1,2.6,4.0,79.0
2002-01-29,0.0,-0.6,10.6,87.0,1030.4,3.3,283.0,64.0
2002-01-30,0.0,0.6,8.0,87.0,1031.0,3.1,34.0,94.0
2002-01-31,0.0,0.9,6.3,89.0,1028.0,2.6,281.0,97.0
2002-02-01,0.0,0.3,10.9,85.0,1028.3,3.9,301.0,54.0
2002-02-02,0.0,-1.6,13.0,82.0,1034.2,4.2,305.0,9.0
2002-02-03,0.0,-2.3,11.1,81.0,1032.2,3.8,349.0,0.0
2002-02-04,0.0,-0.5,7.4,86.0,1027.7,2.7,298.0,61.0
2002-02-05,0.0,-2.1,10.4,83.0,1022.7,4.6,282.0,58.0
2002-02-06,24.9,3.9,8.1,93.0,1009.8,9.1,46.0,100.0
2002-02-07,18.1,2.8,12.5,84.0,1014.1,10.3,36.0,52.0
2002-02-08,0.0,-1.0,12.6,83.0,1024.1,4.4,277.0,75.0
2002-02-09,0.0,0.2,11.4,86.0,1021.0,3.8,22.0,89.0
2002-02-10,0.0,3.1,13.9,84.0,1013.0,4.4,264.0,35.0
2002-02-11,0.0,0.6,11.2,79.0,1018.6,3.5,23.0,90.0
2002-02-12,0.0,-0.4,12.4,84.0,1019.7,3.9,257.0,41.0
2002-02-13,0.0,3.0,9.7,90.0,1018.8,3.0,248.0,96.0
2002-02-14,4.2,4.3,9.2,91.0,1017.6,8.6,46.0,100.0
2002-02-15,22.4,4.4,6.9,85.0,1021.8,20.5,51.0,100.0
2002-02-16,21.0,3.7,7.4,86.0,1025.4,13.1,52.0,98.0
2002-02-17,0.1,1.2,9.1,86.0,1024.1,4.7,352.0,76.0
2002-02-18,0.0,0.6,12.2,82.0,1018.0,3.5,268.0,78.0
2002-02-19,0.8,-1.1,11.9,86.0,1019.9,4.6,293.0,49.0
2002-02-20,0.0,-1.8,11.5,80.0,1011.9,7.5,238.0,97.0
2002-02-21,1.7,1.4,10.1,84.0,1000.7,6.0,26.0,78.0
2002-02-22,0.0,-3.6,8.1,62.0,1015.4,6.9,18.0,46.0
2002-02-23,0.0,-1.5,9.6,70.0,1009.4,4.3,223.0,44.0
2002-02-24,0.0,-1.9,11.7,65.0,1006.8,6.2,328.0,20.0
2002-02-25,0.0,-2.8,11.5,53.0,1014.1,5.5,272.0,38.0
2002-02-26,0.0,-0.3,10.8,74.0,1014.8,4.9,253.0,94.0
2002-02-27,0.0,3.6,13.2,83.0,1011.5,5.2,250.0,92.0
2002-02-28,0.0,6.6,14.7,83.0,1007.8,6.9,243.0,76.0
2002-03-01,1.9,4.4,12.4,88.0,1011.9,6.2,52.0,96.0
2002-03-02,4.5,5.9,12.6,89.0,1009.8,4.1,39.0,100.0
2002-03-03,5.2,6.1,14.2,84.0,1010.9,6.6,303.0,51.0
2002-03-04,0.2,4.1,14.1,75.0,1018.5,7.1,43.0,11.0
2002-03-05,0.2,4.1,14.7,71.0,1014.8,7.3,45.0,65.0
2002-03-06,10.4,8.6,13.4,83.0,1011.6,9.8,36.0,92.0
2002-03-07,0.0,3.5,16.5,83.0,1016.9,8.0,245.0,54.0
2002-03-08,0.0,4.2,17.0,81.0,1021.3,6.7,46.0,23.0
2002-03-09,0.0,3.4,15.8,73.0,1017.6,5.8,43.0,16.0
2002-03-10,0.0,3.5,17.6,72.0,1015.9,3.6,298.0,35.0
2002-03-11,0.0,4.7,16.6,71.0,1022.5,4.4,24.0,6.0
2002-03-12,0.0,0.7,17.0,68.0,1020.3,5.1,306.0,39.0
2002-03-13,0.0,3.0,17.3,70.0,1017.4,4.5,71.0,30.0
2002-03-14,0.3,2.6,15.3,81.0,1014.3,6.9,57.0,28.0
2002-03-15,0.4,8.3,15.6,81.0,1014.6,4.7,246.0,68.0
2002-03-16,0.0,4.7,16.6,82.0,1017.3,4.9,167.0,45.0
2002-03-17,0.0,6.1,16.8,81.0,1016.7,4.5,99.0,97.0
2002-03-18,0.0,4.8,17.3,79.0,1014.2,4.7,225.0,56.0
2002-03-19,0.8,6.1,17.1,76.0,1009.6,8.5,248.0,91.0
2002-03-20,0.0,4.8,19.9,81.0,1011.5,4.9,21.0,53.0
2002-03-21,0.0,6.2,21.2,82.0,1014.5,5.6,360.0,42.0
2002-03-22,0.0,6.9,21.2,63.0,1012.2,7.6,316.0,48.0
2002-03-23,0.0,3.7,14.8,48.0,1014.4,9.3,14.0,17.0
2002-03-24,0.0,-0.6,12.2,41.0,1019.5,8.8,8.0,22.0
2002-03-25,0.0,-2.1,13.1,46.0,1020.0,6.2,344.0,3.0
2002-03-26,0.0,-0.9,13.9,59.0,1020.3,4.6,19.0,45.0
2002-03-27,0.9,4.1,10.7,62.0,1024.2,5.8,84.0,53.0
2002-03-28,0.0,-0.2,13.6,58.0,1026.9,5.7,42.0,5.0
2002-03-29,0.0,-0.5,14.6,56.0,1026.9,6.6,51.0,0.0
2002-03-30,0.0,-0.5,18.3,59.0,1022.9,4.7,287.0,0.0
2002-03-31,0.0,1.4,19.1,60.0,1018.5,4.1,260.0,1.0
2002-04-01,0.0,3.0,19.3,59.0,1016.3,4.5,33.0,16.0
2002-04-02,0.0,3.3,19.2,64.0,1016.7,5.9,51.0,11.0
2002-04-03,0.1,4.0,17.5,65.0,1010.8,12.0,58.0,16.0
2002-04-04,0.1,11.1,17.1,47.0,1005.3,15.4,57.0,29.0
2002-04-05,0.0,3.5,16.2,56.0,1002.3,6.8,64.0,40.0
2002-04-06,5.3,5.7,13.3,70.0,1009.5,8.1,80.0,86.0
2002-04-07,0.7,4.3,13.1,72.0,1017.8,7.2,71.0,85.0
2002-04-08,3.9,6.3,10.4,83.0,1019.3,5.9,72.0,100.0
2002-04-09,16.4,5.7,7.8,88.0,1013.8,13.3,49.0,99.0
2002-04-10,0.0,4.2,12.8,63.0,1010.8,10.6,54.0,75.0
2002-04-11,5.9,3.2,12.9,73.0,1010.6,11.0,49.0,93.0
2002-04-12,40.9,9.2,11.6,87.0,998.3,14.9,44.0,100.0
2002-04-13,15.3,9.2,15.9,87.0,999.0,6.7,44.0,89.0
2002-04-14,2.9,5.8,16.1,82.0,1003.9,5.5,247.0,84.0
2002-04-15,6.4,8.0,15.1,87.0,1008.2,5.7,43.0,77.0
2002-04-16,5.1,7.0,14.8,82.0,1011.5,5.9,26.0,91.0
2002-04-17,5.2,8.2,15.8,75.0,1013.3,6.0,18.0,70.0
2002-04-18,0.2,3.6,18.1,73.0,1015.7,5.2,35.0,22.0
2002-04-19,2.3,4.8,18.0,76.0,1017.9,5.1,36.0,47.0
2002-04-20,8.8,7.9,12.1,83.0,1020.1,7.8,358.0,89.0
2002-04-21,3.8,8.7,19.5,64.0,1025.8,12.1,25.0,50.0
2002-04-22,0.3,6.9,21.1,63.0,1027.2,5.0,19.0,21.0
2002-04-23,0.0,6.4,21.1,62.0,1025.1,4.0,10.0,18.0
2002-04-24,0.7,7.8,19.9,73.0,1019.9,6.4,303.0,88.0
2002-04-25,1.9,7.6,19.0,74.0,1020.1,3.9,207.0,47.0
2002-04-26,0.0,7.5,21.3,65.0,1014.5,7.5,231.0,61.0
2002-04-27,8.3,10.7,16.9,77.0,1008.9,6.7,108.0,80.0
2002-04-28,0.0,7.3,15.9,70.0,1014.8,6.6,81.0,64.0
2002-04-29,0.3,8.5,18.4,75.0,1012.8,5.2,238.0,42.0
2002-04-30,0.6,8.7,18.7,82.0,1016.6,6.3,60.0,68.0
2002-05-01,0.0,10.3,20.3,81.0,1014.5,5.5,86.0,51.0
2002-05-02,8.4,11.2,20.8,83.0,1011.4,9.1,63.0,63.0
2002-05-03,25.2,13.7,16.2,92.0,1011.2,11.1,59.0,99.0
2002-05-04,41.2,11.8,17.5,87.0,1010.3,8.4,65.0,79.0
2002-05-05,11.4,9.5,17.0,84.0,1013.7,6.0,284.0,48.0
2002-05-06,0.0,4.7,17.9,71.0,1019.5,3.7,314.0,17.0
2002-05-07,0.0,5.0,21.7,63.0,1018.2,9.2,41.0,48.0
2002-05-08,14.3,14.6,16.9,76.0,1014.3,12.5,48.0,100.0
2002-05-09,28.0,13.7,17.7,90.0,1012.9,9.2,58.0,99.0
2002-05-10,1.8,10.7,20.4,82.0,1012.6,4.7,221.0,73.0
2002-05-11,17.8,11.7,19.7,86.0,1011.0,3.6,15.0,77.0
2002-05-12,0.0,9.2,20.8,77.0,1012.2,4.8,306.0,56.0
2002-05-13,2.3,10.9,22.2,75.0,1015.8,4.2,260.0,43.0
2002-05-14,0.0,9.1,23.1,74.0,1018.3,7.7,245.0,23.0
2002-05-15,0.0,10.8,23.5,73.0,1023.9,5.7,67.0,27.0
2002-05-16,0.0,11.8,25.2,71.0,1023.3,5.3,131.0,48.0
2002-05-17,0.0,12.7,26.1,71.0,1017.0,6.9,240.0,10.0
2002-05-18,0.0,15.7,25.5,65.0,1013.4,5.9,249.0,18.0
2002-05-19,3.2,15.0,22.6,77.0,1013.8,4.9,39.0,65.0
2002-05-20,4.0,14.7,21.7,74.0,1014.3,7.4,40.0,74.0
2002-05-21,0.1,11.1,22.9,74.0,1012.1,5.1,83.0,32.0
2002-05-22,0.6,14.1,22.8,83.0,1011.0,5.9,85.0,63.0
2002-05-23,10.7,13.7,21.9,88.0,1008.7,6.8,70.0,87.0
2002-05-24,19.6,15.6,20.7,87.0,1007.5,6.4,36.0,84.0
2002-05-25,9.6,14.4,22.9,82.0,1011.3,5.3,33.0,73.0
2002-05-26,16.6,15.3,22.2,85.0,1008.0,5.0,51.0,69.0
2002-05-27,16.8,14.1,20.9,86.0,1006.5,5.0,341.0,84.0
2002-05-28,1.1,11.1,20.6,79.0,1006.2,4.3,271.0,80.0
2002-05-29,0.0,9.0,24.0,68.0,1011.9,4.7,279.0,18.0
2002-05-30,0.1,12.2,24.0,72.0,1019.0,5.8,70.0,31.0
2002-05-31,0.0,14.6,23.8,75.0,1021.6,6.7,69.0,45.0
2002-06-01,0.0,12.4,24.8,76.0,1020.4,4.9,89.0,31.0
2002-06-02,1.8,14.7,23.5,79.0,1016.9,6.6,63.0,54.0
2002-06-03,4.9,16.5,22.9,79.0,1014.8,7.2,79.0,90.0
2002-06-04,0.4,15.4,24.0,80.0,1011.6,3.7,142.0,88.0
2002-06-05,12.9,17.4,22.1,87.0,1007.5,8.5,93.0,95.0
2002-06-06,39.6,14.9,21.3,90.0,1001.8,8.9,42.0,91.0
2002-06-07,9.1,13.9,18.8,85.0,1004.0,9.2,224.0,99.0
2002-06-08,2.2,13.6,21.2,78.0,1008.7,6.0,235.0,85.0
2002-06-09,8.8,14.1,19.0,85.0,1007.5,7.4,42.0,78.0
2002-06-10,0.0,10.3,25.0,76.0,1006.6,5.4,275.0,47.0
2002-06-11,0.1,13.1,24.2,74.0,1013.8,6.3,53.0,36.0
2002-06-12,0.0,14.5,24.4,73.0,1019.4,5.5,62.0,28.0
2002-06-13,0.0,13.3,27.3,73.0,1019.2,4.7,240.0,27.0
2002-06-14,0.0,15.6,28.7,77.0,1017.8,4.6,112.0,6.0
2002-06-15,0.0,17.0,30.0,77.0,1017.6,4.7,225.0,36.0
2002-06-16,0.2,18.7,30.7,77.0,1017.7,5.8,336.0,56.0
2002-06-17,0.2,17.7,30.9,77.0,1019.6,4.1,50.0,48.0
2002-06-18,0.0,19.1,31.1,76.0,1019.3,4.4,66.0,26.0
2002-06-19,0.0,20.1,31.6,75.0,1018.2,5.0,63.0,5.0
2002-06-20,0.0,19.3,30.8,73.0,1018.9,6.1,77.0,3.0
2002-06-21,0.0,19.2,31.5,69.0,1019.2,3.7,25.0,35.0
2002-06-22,0.0,19.2,32.1,68.0,1018.8,4.8,46.0,11.0
2002-06-23,0.0,20.0,33.0,69.0,1018.0,4.5,86.0,29.0
2002-06-24,1.3,20.9,31.4,74.0,1015.8,6.2,47.0,62.0
2002-06-25,11.3,20.2,24.0,76.0,1019.0,10.9,54.0,82.0
2002-06-26,0.0,18.4,25.3,62.0,1021.2,8.1,63.0,25.0
2002-06-27,0.0,14.9,27.8,67.0,1016.1,5.3,246.0,34.0
2002-06-28,21.6,18.7,24.6,81.0,1009.5,6.7,344.0,76.0
2002-06-29,0.0,14.7,23.2,64.0,1016.5,8.5,74.0,23.0
2002-06-30,0.0,14.6,24.0,62.0,1017.3,7.0,62.0,58.0
2002-07-01,0.0,13.5,26.5,64.0,1014.7,5.3,178.0,32.0
2002-07-02,1.1,17.5,25.1,75.0,1011.2,8.1,62.0,77.0
2002-07-03,4.3,18.7,26.5,81.0,1009.3,5.4,47.0,46.0
2002-07-04,2.4,18.8,25.4,77.0,1009.6,8.0,30.0,36.0
2002-07-05,0.0,18.3,24.2,60.0,1016.9,10.2,60.0,23.0
2002-07-06,16.1,15.1,25.3,77.0,1013.4,4.5,38.0,62.0
2002-07-07,1.2,15.3,26.3,75.0,1015.8,4.0,117.0,27.0
2002-07-08,0.0,15.2,28.1,69.0,1017.1,4.1,79.0,5.0
2002-07-09,0.0,15.6,29.2,71.0,1013.2,4.6,93.0,28.0
2002-07-10,0.8,17.6,29.2,75.0,1009.9,5.0,71.0,17.0
2002-07-11,0.1,18.4,29.0,77.0,1013.3,4.4,31.0,18.0
2002-07-12,0.0,21.0,27.9,67.0,1015.5,8.6,50.0,27.0
2002-07-13,10.0,19.0,27.1,77.0,1011.7,5.9,26.0,55.0
2002-07-14,18.6,17.5,26.8,81.0,1012.1,5.5,343.0,96.0
2002-07-15,63.2,18.7,23.1,88.0,1011.8,11.0,41.0,98.0
2002-07-16,18.6,18.1,23.7,86.0,1009.6,4.3,118.0,82.0
2002-07-17,5.1,16.4,23.5,87.0,1008.8,4.0,253.0,94.0
2002-07-18,21.5,17.2,25.7,87.0,1009.4,4.2,327.0,76.0
2002-07-19,1.1,17.0,24.4,79.0,1013.0,4.2,22.0,64.0
2002-07-20,0.0,15.5,27.1,75.0,1015.7,5.2,237.0,21.0
2002-07-21,0.0,16.7,27.6,78.0,1014.5,6.8,260.0,44.0
2002-07-22,2.2,17.2,26.4,83.0,1013.1,5.5,33.0,53.0
2002-07-23,2.6,19.4,26.3,74.0,1014.3,6.9,59.0,52.0
2002-07-24,7.6,17.9,26.8,83.0,1010.4,4.3,47.0,58.0
2002-07-25,8.0,16.2,25.4,80.0,1010.5,5.2,7.0,57.0
2002-07-26,0.2,14.5,25.0,73.0,1014.7,5.1,23.0,34.0
2002-07-27,0.5,16.9,25.3,72.0,1017.4,3.5,35.0,35.0
2002-07-28,0.0,16.2,28.1,67.0,1017.8,7.2,21.0,9.0
2002-07-29,0.6,17.8,29.6,69.0,1015.8,5.2,17.0,39.0
2002-07-30,0.0,17.8,30.2,70.0,1010.7,4.4,291.0,30.0
2002-07-31,3.8,18.4,27.7,78.0,1007.8,4.8,300.0,48.0
2002-08-01,3.6,17.9,26.3,87.0,1010.0,5.8,228.0,71.0
2002-08-02,0.0,18.4,27.1,71.0,1013.6,7.3,243.0,15.0
2002-08-03,2.3,17.4,26.5,83.0,1014.0,5.7,57.0,36.0
2002-08-04,2.6,18.9,25.4,83.0,1010.9,5.8,275.0,73.0
2002-08-05,4.1,17.7,26.7,83.0,1011.0,4.5,73.0,45.0
2002-08-06,37.1,17.9,22.2,89.0,1009.4,5.6,354.0,87.0
2002-08-07,0.0,15.9,27.8,70.0,1006.7,6.0,295.0,26.0
2002-08-08,0.7,16.3,26.8,73.0,1009.0,5.4,36.0,34.0
2002-08-09,28.8,17.1,21.7,86.0,1007.9,6.1,36.0,89.0
2002-08-10,18.1,15.7,20.5,91.0,1004.2,5.9,56.0,95.0
2002-08-11,42.3,16.5,20.4,86.0,998.2,8.5,270.0,96.0
2002-08-12,2.3,15.5,25.9,79.0,1002.9,8.1,252.0,46.0
2002-08-13,0.0,13.1,27.2,73.0,1010.9,5.5,268.0,8.0
2002-08-14,0.0,16.2,26.3,75.0,1015.1,5.3,57.0,23.0
2002-08-15,0.1,16.5,26.6,75.0,1014.5,4.2,25.0,36.0
2002-08-16,0.0,16.0,27.6,74.0,1014.6,3.6,337.0,33.0
2002-08-17,2.4,16.7,27.6,74.0,1013.6,3.6,8.0,43.0
2002-08-18,0.7,17.0,27.0,74.0,1013.6,3.4,352.0,55.0
2002-08-19,0.0,16.7,27.5,74.0,1016.2,5.2,15.0,27.0
2002-08-20,2.0,16.5,27.4,75.0,1016.2,4.6,23.0,65.0
2002-08-21,25.2,18.5,23.8,85.0,1013.6,4.9,57.0,72.0
2002-08-22,0.1,14.8,24.9,76.0,1014.0,5.2,55.0,48.0
2002-08-23,0.7,16.0,25.1,78.0,1016.7,5.3,57.0,82.0
2002-08-24,0.7,16.1,25.8,80.0,1018.7,4.1,139.0,46.0
2002-08-25,0.0,16.5,26.1,81.0,1019.8,5.1,34.0,67.0
2002-08-26,1.5,16.5,26.3,79.0,1017.9,4.9,21.0,92.0
2002-08-27,7.0,17.7,24.7,77.0,1015.0,3.9,196.0,72.0
2002-08-28,1.5,16.8,23.7,83.0,1012.3,6.8,56.0,94.0
2002-08-29,3.7,17.9,24.7,77.0,1012.1,5.6,46.0,79.0
2002-08-30,0.0,15.9,27.1,71.0,1016.5,6.3,25.0,20.0
2002-08-31,0.1,15.1,27.3,71.0,1016.0,4.2,1.0,17.0
2002-09-01,0.6,16.6,24.5,77.0,1016.4,6.8,25.0,89.0
2002-09-02,0.0,15.4,26.1,63.0,1020.7,6.4,34.0,30.0
2002-09-03,0.1,17.2,23.4,72.0,1019.3,8.8,43.0,86.0
2002-09-04,0.8,14.8,23.5,76.0,1016.6,5.9,35.0,74.0
2002-09-05,3.5,15.2,22.7,80.0,1014.3,2.9,325.0,71.0
2002-09-06,2.8,15.5,23.1,81.0,1014.3,4.3,29.0,96.0
2002-09-07,0.0,14.2,24.6,73.0,1014.3,5.7,52.0,47.0
2002-09-08,0.2,14.1,23.9,76.0,1014.4,3.6,325.0,37.0
2002-09-09,0.1,14.5,24.7,77.0,1015.4,4.7,222.0,28.0
2002-09-10,2.3,15.2,24.8,78.0,1013.9,5.0,349.0,56.0
2002-09-11,2.2,16.1,23.5,73.0,1016.1,9.5,25.0,56.0
2002-09-12,3.3,14.3,22.4,75.0,1016.9,5.9,45.0,45.0
2002-09-13,0.4,14.0,19.8,65.0,1019.2,6.6,50.0,52.0
2002-09-14,0.0,11.0,20.9,68.0,1016.7,3.3,341.0,26.0
2002-09-15,0.6,9.9,23.0,75.0,1012.4,6.7,312.0,16.0
2002-09-16,0.5,14.5,18.9,78.0,1015.6,5.6,57.0,86.0
2002-09-17,0.0,12.9,21.5,78.0,1015.2,4.8,56.0,52.0
2002-09-18,0.0,13.6,22.8,77.0,1015.7,4.3,227.0,40.0
2002-09-19,0.1,14.3,24.0,79.0,1015.9,5.3,270.0,62.0
2002-09-20,1.4,15.2,25.3,79.0,1015.2,5.4,263.0,76.0
2002-09-21,13.4,16.2,21.1,90.0,1012.4,4.0,41.0,97.0
2002-09-22,6.7,15.9,18.7,88.0,1004.4,7.1,53.0,92.0
2002-09-23,11.6,12.7,15.6,83.0,1001.3,8.7,34.0,92.0
2002-09-24,25.7,10.6,13.4,85.0,1002.6,8.7,353.0,97.0
2002-09-25,6.1,10.6,15.2,82.0,1007.7,6.7,22.0,86.0
2002-09-26,0.0,5.4,18.2,73.0,1011.4,5.5,268.0,32.0
2002-09-27,0.7,10.1,18.4,75.0,1015.3,5.3,285.0,43.0
2002-09-28,0.5,7.7,16.9,73.0,1021.4,7.1,48.0,27.0
2002-09-29,0.0,9.1,17.7,65.0,1026.1,5.0,24.0,12.0
2002-09-30,0.0,5.7,18.6,73.0,1025.9,4.2,323.0,0.0
2002-10-01,0.0,6.1,19.3,77.0,1024.3,4.2,289.0,0.0
2002-10-02,0.0,6.5,20.0,79.0,1024.4,3.9,302.0,60.0
2002-10-03,0.0,8.8,19.6,81.0,1023.9,3.9,294.0,81.0
2002-10-04,0.0,10.0,19.4,82.0,1021.4,3.1,347.0,97.0
2002-10-05,1.8,9.3,19.7,85.0,1019.4,3.5,2.0,55.0
2002-10-06,3.3,11.3,17.6,88.0,1010.5,4.3,39.0,83.0
2002-10-07,1.7,7.4,18.6,84.0,1010.7,5.0,339.0,45.0
2002-10-08,0.0,10.8,14.9,82.0,1012.6,7.6,58.0,93.0
2002-10-09,0.0,11.2,16.9,78.0,1013.0,8.1,49.0,80.0
2002-10-10,23.4,12.8,15.7,83.0,1008.4,11.9,36.0,100.0
2002-10-11,10.9,14.5,17.9,87.0,1005.3,9.7,45.0,100.0
2002-10-12,23.8,13.2,17.2,91.0,1003.7,5.6,33.0,99.0
2002-10-13,0.0,9.4,18.4,84.0,1009.5,4.4,29.0,48.0
2002-10-14,0.1,11.8,18.1,81.0,1015.0,3.8,127.0,94.0
2002-10-15,0.0,14.7,19.3,82.0,1016.2,3.4,218.0,99.0
2002-10-16,0.0,13.6,20.9,82.0,1013.4,6.7,228.0,62.0
2002-10-17,6.7,12.3,20.7,86.0,1004.8,7.0,203.0,79.0
2002-10-18,1.4,10.8,18.6,66.0,1006.5,9.9,251.0,19.0
2002-10-19,0.0,6.7,16.7,66.0,1014.2,4.6,21.0,11.0
2002-10-20,0.0,5.6,15.7,76.0,1020.0,4.7,307.0,71.0
2002-10-21,3.5,6.6,14.8,83.0,1017.1,3.9,321.0,84.0
2002-10-22,21.0,12.0,16.7,88.0,1005.6,7.2,314.0,77.0
2002-10-23,0.0,9.5,18.8,86.0,1005.1,5.1,257.0,63.0
2002-10-24,0.0,9.6,15.9,78.0,1012.3,7.7,71.0,45.0
2002-10-25,0.0,9.6,16.0,76.0,1016.6,5.7,282.0,85.0
2002-10-26,0.0,9.1,19.1,81.0,1016.2,9.1,252.0,24.0
2002-10-27,0.0,8.1,17.4,87.0,1019.9,7.5,273.0,63.0
2002-10-28,0.0,7.0,18.7,76.0,1020.4,6.4,255.0,38.0
2002-10-29,0.0,5.7,16.6,74.0,1025.5,4.9,18.0,74.0
2002-10-30,0.0,4.4,16.2,81.0,1019.3,5.6,265.0,92.0
2002-10-31,0.0,8.0,16.6,85.0,1018.5,4.1,4.0,67.0
2002-11-01,0.0,5.6,17.3,85.0,1021.6,3.5,320.0,37.0
2002-11-02,0.4,8.7,15.5,89.0,1017.1,5.3,258.0,97.0
2002-11-03,2.2,7.0,14.3,92.0,1012.0,3.5,13.0,95.0
2002-11-04,1.8,8.0,16.1,87.0,1009.3,4.2,293.0,74.0
2002-11-05,0.2,4.0,14.6,85.0,1014.9,5.2,48.0,45.0
2002-11-06,0.2,5.1,8.7,79.0,1022.6,6.4,86.0,86.0
2002-11-07,0.0,3.5,6.7,74.0,1014.1,5.3,60.0,98.0
2002-11-08,0.0,3.5,11.9,78.0,1014.0,3.5,325.0,62.0
2002-11-09,0.0,0.8,10.9,82.0,1007.5,4.8,273.0,76.0
2002-11-10,0.0,1.9,13.2,77.0,1008.4,4.3,15.0,21.0
2002-11-11,0.0,2.1,12.5,82.0,1011.0,4.5,280.0,56.0
2002-11-12,0.0,1.8,14.1,84.0,1016.3,5.1,16.0,39.0
2002-11-13,2.2,7.2,12.3,88.0,1011.8,3.6,27.0,85.0
2002-11-14,7.5,8.8,15.7,93.0,1003.8,6.6,39.0,96.0
2002-11-15,8.7,12.3,16.2,93.0,1001.7,8.3,29.0,100.0
2002-11-16,14.5,10.8,17.0,91.0,1002.6,10.6,50.0,81.0
2002-11-17,4.2,7.5,14.2,91.0,1014.0,5.6,20.0,80.0
2002-11-18,49.5,10.3,12.7,92.0,1011.3,11.5,34.0,100.0
2002-11-19,10.4,6.7,13.4,91.0,1009.6,5.2,252.0,70.0
2002-11-20,0.0,4.7,12.5,89.0,1016.2,3.1,327.0,65.0
2002-11-21,1.4,6.4,11.9,90.0,1011.0,6.6,36.0,87.0
2002-11-22,17.5,6.3,12.6,92.0,1001.6,7.0,354.0,90.0
2002-11-23,0.0,0.8,12.5,89.0,1012.6,4.5,10.0,37.0
2002-11-24,12.8,6.3,11.6,90.0,1016.2,9.8,34.0,95.0
2002-11-25,29.7,11.6,15.7,95.0,1010.8,8.8,47.0,100.0
2002-11-26,29.2,13.6,16.0,97.0,1011.0,8.4,58.0,100.0
2002-11-27,10.5,12.0,15.8,88.0,1016.1,9.9,40.0,92.0
2002-11-28,0.0,8.3,16.3,89.0,1017.8,3.3,23.0,81.0
2002-11-29,13.9,8.3,14.3,95.0,1013.1,6.8,34.0,71.0
2002-11-30,3.0,5.2,11.6,91.0,1014.5,5.4,14.0,89.0
2002-12-01,0.0,2.7,12.9,79.0,1016.5,6.0,12.0,23.0
2002-12-02,1.0,1.8,9.2,83.0,1006.2,4.2,360.0,81.0
2002-12-03,13.6,4.8,8.2,81.0,1004.1,11.4,28.0,94.0
2002-12-04,2.0,3.1,8.9,81.0,1007.5,8.4,354.0,99.0
2002-12-05,7.9,6.5,10.9,86.0,1007.6,10.9,30.0,100.0
2002-12-06,2.4,7.1,11.7,82.0,1012.1,10.3,32.0,89.0
2002-12-07,0.0,6.7,12.9,71.0,1014.2,10.7,40.0,93.0
2002-12-08,0.0,3.7,8.3,71.0,1018.9,11.2,64.0,43.0
2002-12-09,0.0,0.1,3.8,57.0,1023.8,12.8,58.0,35.0
2002-12-10,0.0,-2.9,2.4,59.0,1027.7,6.3,47.0,4.0
2002-12-11,0.0,-2.2,3.0,70.0,1027.5,4.6,29.0,46.0
2002-12-12,2.6,0.9,5.5,80.0,1027.1,7.0,25.0,99.0
2002-12-13,3.1,2.2,9.6,91.0,1023.4,5.2,315.0,70.0
2002-12-14,0.0,-0.1,9.2,90.0,1023.3,3.8,344.0,53.0
2002-12-15,1.9,2.7,8.1,90.0,1021.1,4.8,18.0,90.0
2002-12-16,0.0,0.0,7.6,92.0,1021.0,3.5,294.0,81.0
2002-12-17,1.0,2.8,7.9,89.0,1018.7,3.3,1.0,93.0
2002-12-18,10.2,5.1,10.5,81.0,1020.1,6.2,14.0,58.0
2002-12-19,0.5,0.6,6.1,92.0,1028.5,4.5,8.0,83.0
2002-12-20,0.0,-0.2,6.7,90.0,1027.8,5.0,285.0,79.0
2002-12-21,0.5,1.2,4.6,92.0,1023.8,3.5,242.0,90.0
2002-12-22,0.0,-0.7,6.4,90.0,1022.2,2.9,278.0,72.0
2002-12-23,0.0,-0.5,7.3,94.0,1016.7,4.5,309.0,63.0
2002-12-24,0.0,2.1,9.0,93.0,1018.1,3.4,3.0,100.0
2002-12-25,0.1,4.9,8.8,88.0,1018.7,5.3,35.0,99.0
2002-12-26,0.0,4.5,8.6,87.0,1020.0,4.1,42.0,86.0
2002-12-27,2.0,4.1,7.1,90.0,1016.0,4.7,42.0,100.0
2002-12-28,17.3,4.3,10.8,94.0,1003.9,7.8,13.0,99.0
2002-12-29,0.0,-1.1,12.0,91.0,1007.9,3.9,275.0,28.0
2002-12-30,0.0,0.7,11.2,90.0,1009.6,4.2,266.0,94.0
2002-12-31,11.1,5.2,9.5,92.0,1005.5,6.3,7.0,100.0
2003-01-01,0.0,1.0,10.5,91.0,1012.1,3.0,13.0,66.0
2003-01-02,0.0,3.0,8.0,93.0,1008.4,3.4,253.0,100.0
2003-01-03,0.0,3.0,11.2,91.0,1002.4,6.9,275.0,36.0
2003-01-04,0.0,0.9,8.5,90.0,1002.3,4.2,0.0,40.0
2003-01-05,16.5,3.3,6.6,90.0,999.3,10.3,35.0,85.0
2003-01-06,2.7,-1.4,5.7,88.0,1007.9,7.0,33.0,82.0
2003-01-07,6.9,0.3,3.9,89.0,1003.0,6.1,17.0,97.0
2003-01-08,1.7,-0.3,2.1,80.0,1011.6,8.2,28.0,99.0
2003-01-09,1.2,-0.6,1.7,78.0,1007.6,5.5,30.0,97.0
2003-01-10,0.0,-0.9,2.6,90.0,1011.8,3.9,49.0,85.0
2003-01-11,0.0,-4.0,2.9,71.0,1021.3,9.6,49.0,34.0
2003-01-12,0.0,-3.0,1.6,67.0,1027.1,4.8,23.0,4.0
2003-01-13,0.0,-3.9,4.4,70.0,1028.9,5.2,279.0,30.0
2003-01-14,0.0,-2.4,6.4,72.0,1030.7,3.4,288.0,8.0
2003-01-15,0.0,-3.0,6.8,84.0,1032.4,3.9,286.0,6.0
2003-01-16,0.0,-2.1,6.2,88.0,1028.6,3.2,346.0,34.0
2003-01-17,0.0,-3.2,9.2,82.0,1028.6,5.7,7.0,17.0
2003-01-18,0.0,-2.3,9.1,82.0,1021.1,4.9,338.0,46.0
2003-01-19,0.0,-3.2,9.5,79.0,1017.6,5.3,291.0,10.0
2003-01-20,0.0,-1.7,7.9,81.0,1015.7,3.5,355.0,56.0
2003-01-21,14.8,2.4,5.5,91.0,1007.4,7.3,35.0,99.0
2003-01-22,9.3,2.6,8.5,91.0,1001.6,5.3,289.0,67.0
2003-01-23,0.2,-1.0,9.3,89.0,1011.8,5.0,331.0,60.0
2003-01-24,0.0,-2.0,11.1,72.0,1022.6,6.2,353.0,20.0
2003-01-25,0.0,-2.6,9.9,70.0,1027.9,7.4,22.0,2.0
2003-01-26,0.0,-3.0,9.5,67.0,1025.2,6.3,352.0,6.0
2003-01-27,0.0,-3.1,8.5,73.0,1024.3,5.7,290.0,27.0
2003-01-28,0.0,-2.0,9.7,84.0,1013.6,4.5,343.0,34.0
2003-01-29,0.9,-2.2,7.8,85.0,1002.2,4.0,3.0,61.0
2003-01-30,0.0,-2.2,5.8,86.0,998.5,4.4,5.0,94.0
2003-01-31,0.0,-4.8,7.4,69.0,1001.1,6.1,0.0,61.0
2003-02-01,0.0,-4.4,5.6,51.0,1014.6,6.8,11.0,17.0
2003-02-02,0.0,-3.0,4.2,62.0,1017.1,5.1,300.0,37.0
2003-02-03,0.7,-3.0,4.6,73.0,1011.4,5.0,324.0,76.0
2003-02-04,5.9,-0.8,6.1,82.0,990.8,5.0,334.0,92.0
2003-02-05,0.0,-2.4,7.7,67.0,995.4,7.2,302.0,89.0
2003-02-06,0.0,-3.4,7.7,53.0,1009.0,8.3,320.0,45.0
2003-02-07,0.0,-5.3,7.5,56.0,1020.6,6.0,305.0,12.0
2003-02-08,0.0,-3.9,7.9,64.0,1021.4,5.3,347.0,20.0
2003-02-09,0.1,-2.0,6.5,73.0,1022.4,7.1,45.0,32.0
2003-02-10,0.0,-3.1,6.1,74.0,1022.6,5.4,28.0,23.0
2003-02-11,0.0,-3.4,6.1,73.0,1024.3,5.8,38.0,10.0
2003-02-12,0.2,-2.0,4.6,65.0,1026.1,8.0,62.0,54.0
2003-02-13,0.0,-3.1,4.1,60.0,1025.0,7.5,53.0,35.0
2003-02-14,0.0,-2.7,4.0,65.0,1024.5,5.1,36.0,62.0
2003-02-15,0.0,-3.9,6.3,72.0,1024.1,5.1,344.0,5.0
2003-02-16,0.0,-1.6,4.5,58.0,1026.7,12.0,61.0,48.0
2003-02-17,0.0,-2.1,5.0,45.0,1029.0,14.3,54.0,14.0
2003-02-18,0.0,-4.2,6.0,60.0,1023.8,4.1,356.0,1.0
2003-02-19,0.0,-4.4,6.6,66.0,1019.5,5.5,294.0,0.0
2003-02-20,0.0,-3.8,8.5,68.0,1017.1,4.3,346.0,0.0
2003-02-21,0.0,-2.6,8.6,72.0,1022.2,7.1,40.0,0.0
2003-02-22,0.0,-2.1,8.0,73.0,1029.9,7.6,48.0,20.0
2003-02-23,0.0,-0.5,7.7,66.0,1034.3,4.4,56.0,15.0
2003-02-24,0.0,-3.3,10.6,71.0,1031.7,3.9,300.0,0.0
2003-02-25,0.0,-3.6,11.8,63.0,1027.8,5.0,33.0,0.0
2003-02-26,0.0,-3.3,9.8,69.0,1025.8,5.8,45.0,0.0
2003-02-27,0.0,-2.2,10.0,75.0,1024.2,4.4,286.0,5.0
2003-02-28,0.0,-2.4,11.9,71.0,1026.9,3.6,295.0,21.0
2003-03-01,0.0,-0.6,12.8,78.0,1025.7,4.2,90.0,65.0
2003-03-02,1.7,4.1,11.3,87.0,1017.7,4.1,44.0,97.0
2003-03-03,2.4,3.2,13.2,80.0,1012.9,5.7,316.0,98.0
2003-03-04,0.0,-0.8,14.3,69.0,1020.3,4.6,262.0,13.0
2003-03-05,0.0,0.2,14.3,70.0,1022.7,4.4,243.0,32.0
2003-03-06,0.0,-0.0,13.1,77.0,1016.9,4.6,32.0,83.0
2003-03-07,1.1,4.7,12.4,82.0,1019.7,5.0,74.0,73.0
2003-03-08,0.0,3.6,13.5,79.0,1022.4,3.7,306.0,88.0
2003-03-09,0.0,2.8,15.0,75.0,1024.7,5.9,276.0,76.0
2003-03-10,0.0,0.3,17.8,74.0,1025.2,4.7,313.0,44.0
2003-03-11,0.0,1.3,17.9,78.0,1025.8,4.7,237.0,85.0
2003-03-12,0.0,5.9,17.2,78.0,1019.6,6.2,256.0,73.0
2003-03-13,1.4,4.9,16.4,77.0,1020.4,8.2,120.0,43.0
2003-03-14,1.1,4.8,10.1,63.0,1025.4,5.8,106.0,47.0
2003-03-15,0.6,1.0,10.0,65.0,1031.4,6.3,72.0,43.0
2003-03-16,0.0,-1.8,11.8,61.0,1033.7,6.3,57.0,16.0
2003-03-17,0.0,-1.7,14.6,60.0,1029.1,6.6,275.0,21.0
2003-03-18,0.0,0.3,14.7,62.0,1025.3,6.1,289.0,10.0
2003-03-19,0.0,1.0,14.0,65.0,1024.2,5.5,225.0,6.0
2003-03-20,0.0,-0.2,16.6,68.0,1020.1,5.1,242.0,0.0
2003-03-21,0.0,1.2,13.2,70.0,1021.2,7.9,69.0,43.0
2003-03-22,0.0,0.7,11.2,60.0,1025.7,8.2,64.0,5.0
2003-03-23,0.0,-0.9,11.2,56.0,1029.8,6.3,73.0,0.0
2003-03-24,0.0,-1.4,17.1,57.0,1028.6,6.6,255.0,0.0
2003-03-25,0.0,0.4,18.9,55.0,1022.8,4.5,265.0,27.0
2003-03-26,0.0,1.6,19.0,56.0,1018.7,4.3,249.0,0.0
2003-03-27,0.0,2.9,19.1,61.0,1020.2,5.7,94.0,54.0
2003-03-28,0.0,4.6,18.0,70.0,1017.9,5.9,68.0,38.0
2003-03-29,0.0,5.6,17.9,77.0,1016.3,5.3,82.0,66.0
2003-03-30,0.0,6.0,18.3,76.0,1016.2,4.2,134.0,75.0
2003-03-31,0.8,6.5,17.8,76.0,1016.1,4.9,59.0,94.0
2003-04-01,1.8,7.8,16.2,59.0,1021.2,7.3,81.0,32.0
2003-04-02,24.9,5.4,11.0,76.0,1004.7,11.1,31.0,97.0
2003-04-03,25.5,4.2,8.8,82.0,1007.3,15.0,29.0,100.0
2003-04-04,5.5,4.5,13.0,69.0,1018.2,9.0,43.0,68.0
2003-04-05,0.0,-1.3,15.2,67.0,1013.7,7.5,259.0,10.0
2003-04-06,2.0,1.9,10.6,76.0,1009.5,10.3,84.0,37.0
2003-04-07,0.4,-3.3,7.5,60.0,1015.2,6.3,14.0,47.0
2003-04-08,0.0,-3.7,10.3,48.0,1019.5,9.2,253.0,0.0
2003-04-09,0.2,-1.1,11.0,56.0,1014.1,6.8,232.0,46.0
2003-04-10,16.2,2.3,5.9,90.0,1007.4,6.8,23.0,85.0
2003-04-11,1.0,-3.5,12.4,82.0,1011.2,5.1,215.0,80.0
2003-04-12,18.7,6.2,11.5,85.0,1015.8,8.0,30.0,93.0
2003-04-13,0.0,1.1,18.0,71.0,1020.6,4.3,278.0,26.0
2003-04-14,0.0,3.7,18.1,67.0,1020.9,7.6,48.0,31.0
2003-04-15,0.0,10.1,17.3,60.0,1023.0,12.5,58.0,38.0
2003-04-16,0.0,5.6,19.5,64.0,1022.7,8.9,53.0,13.0
2003-04-17,0.0,7.9,19.2,59.0,1022.5,9.5,57.0,43.0
2003-04-18,0.3,7.9,19.6,58.0,1017.8,6.6,236.0,32.0
2003-04-19,4.5,9.4,12.9,78.0,1014.5,11.3,54.0,81.0
2003-04-20,0.2,6.2,16.0,73.0,1016.3,9.5,56.0,90.0
2003-04-21,1.6,7.7,15.3,72.0,1015.0,6.5,62.0,90.0
2003-04-22,0.8,4.2,19.6,68.0,1012.8,4.7,323.0,34.0
2003-04-23,0.7,5.4,20.6,70.0,1010.9,5.7,290.0,36.0
2003-04-24,0.4,5.8,20.7,71.0,1014.1,6.5,66.0,9.0
2003-04-25,0.0,8.9,20.3,73.0,1019.1,7.6,73.0,75.0
2003-04-26,0.0,10.1,21.7,68.0,1016.8,7.0,228.0,90.0
2003-04-27,2.5,12.1,19.9,72.0,1014.2,6.1,209.0,68.0
2003-04-28,1.3,12.2,18.3,83.0,1017.5,6.5,93.0,96.0
2003-04-29,0.0,9.7,22.9,73.0,1019.0,5.0,190.0,84.0
2003-04-30,0.6,12.2,20.9,82.0,1020.9,7.8,78.0,96.0
2003-05-01,0.0,12.9,22.9,78.0,1020.2,4.4,117.0,70.0
2003-05-02,2.2,12.5,22.4,82.0,1018.8,5.4,69.0,84.0
2003-05-03,0.3,12.3,24.4,76.0,1018.2,5.8,315.0,45.0
2003-05-04,0.0,12.0,23.7,62.0,1023.8,7.8,71.0,8.0
2003-05-05,0.0,9.9,25.8,62.0,1019.9,5.3,88.0,16.0
2003-05-06,0.0,12.0,26.8,63.0,1018.7,6.0,81.0,81.0
2003-05-07,0.0,11.7,28.8,62.0,1020.2,5.4,110.0,49.0
2003-05-08,0.0,14.2,29.8,59.0,1018.7,6.0,240.0,72.0
2003-05-09,0.0,13.8,28.1,62.0,1015.4,5.0,70.0,47.0
2003-05-10,5.3,14.4,24.8,71.0,1017.6,4.8,44.0,91.0
2003-05-11,0.7,12.5,24.8,77.0,1018.7,4.1,34.0,52.0
2003-05-12,1.5,12.9,25.3,75.0,1016.2,5.5,261.0,53.0
2003-05-13,1.5,12.4,24.4,71.0,1011.6,6.1,249.0,42.0
2003-05-14,4.6,11.8,19.9,64.0,1012.9,11.2,51.0,32.0
2003-05-15,0.0,6.7,20.1,52.0,1018.7,6.6,60.0,21.0
2003-05-16,0.0,8.6,19.5,51.0,1018.4,6.9,69.0,38.0
2003-05-17,0.0,8.1,22.4,57.0,1017.0,4.9,235.0,79.0
2003-05-18,0.0,9.3,25.2,57.0,1017.3,5.4,250.0,48.0
2003-05-19,0.0,12.0,26.9,62.0,1017.5,5.6,252.0,32.0
2003-05-20,13.3,13.3,19.7,77.0,1013.9,6.4,274.0,82.0
2003-05-21,5.4,10.0,19.4,77.0,1018.3,4.6,240.0,58.0
2003-05-22,0.0,6.5,23.5,60.0,1020.6,5.2,295.0,11.0
2003-05-23,0.0,12.0,24.5,53.0,1018.0,4.4,100.0,52.0
2003-05-24,0.0,12.3,25.3,56.0,1013.1,5.9,83.0,11.0
2003-05-25,0.0,11.5,26.7,59.0,1010.6,5.2,85.0,34.0
2003-05-26,1.1,13.9,27.8,61.0,1013.5,5.8,65.0,60.0
2003-05-27,0.3,13.8,27.3,64.0,1015.5,7.7,37.0,72.0
2003-05-28,0.2,15.1,29.5,55.0,1014.4,7.9,36.0,74.0
2003-05-29,0.0,16.1,28.4,55.0,1013.1,7.8,46.0,44.0
2003-05-30,0.4,16.9,28.7,55.0,1013.4,5.7,30.0,76.0
2003-05-31,1.8,15.7,29.1,58.0,1012.7,3.6,350.0,69.0
2003-06-01,6.3,16.2,25.6,77.0,1012.3,5.1,53.0,69.0
2003-06-02,2.8,15.3,25.6,78.0,1012.6,5.0,74.0,55.0
2003-06-03,0.4,15.9,26.4,77.0,1015.0,4.9,80.0,53.0
2003-06-04,0.1,16.1,28.4,73.0,1017.7,4.4,116.0,35.0
2003-06-05,0.0,16.0,30.1,64.0,1019.4,5.4,128.0,27.0
2003-06-06,0.0,17.5,30.9,65.0,1018.4,5.2,37.0,47.0
2003-06-07,3.1,18.5,28.8,69.0,1017.0,3.8,11.0,51.0
2003-06-08,0.4,17.8,31.7,60.0,1015.4,6.0,259.0,19.0
2003-06-09,0.0,17.5,32.4,52.0,1015.8,5.1,282.0,27.0
2003-06-10,0.0,19.1,33.2,54.0,1017.2,5.2,294.0,30.0
2003-06-11,0.0,18.7,34.9,49.0,1017.1,4.8,249.0,45.0
2003-06-12,0.1,21.0,35.1,53.0,1018.1,4.9,86.0,54.0
2003-06-13,0.1,20.3,35.8,51.0,1016.6,4.4,299.0,62.0
2003-06-14,0.7,21.2,34.1,55.0,1016.7,5.3,8.0,45.0
2003-06-15,0.9,19.8,33.2,57.0,1013.5,4.6,33.0,65.0
2003-06-16,3.1,21.0,31.5,65.0,1010.4,5.8,57.0,58.0
2003-06-17,4.3,21.7,29.7,66.0,1011.3,5.5,46.0,98.0
2003-06-18,9.0,19.5,28.2,73.0,1013.0,4.8,23.0,62.0
2003-06-19,0.0,16.5,29.2,62.0,1017.4,4.7,240.0,16.0
2003-06-20,0.0,17.6,32.2,57.0,1014.4,7.0,235.0,7.0
2003-06-21,0.0,20.3,29.9,59.0,1011.3,8.3,66.0,32.0
2003-06-22,1.9,19.9,30.5,67.0,1012.4,5.7,66.0,55.0
2003-06-23,0.2,18.7,32.4,70.0,1014.2,6.1,354.0,49.0
2003-06-24,0.7,19.0,33.5,68.0,1016.2,6.0,271.0,52.0
2003-06-25,0.4,20.6,33.3,70.0,1015.0,5.5,333.0,56.0
2003-06-26,11.8,21.3,29.7,76.0,1011.9,4.8,38.0,72.0
2003-06-27,8.7,19.3,29.1,72.0,1011.4,5.4,27.0,67.0
2003-06-28,1.5,19.7,27.8,68.0,1011.8,6.2,48.0,75.0
2003-06-29,12.1,19.3,26.9,75.0,1011.0,4.7,172.0,74.0
2003-06-30,0.0,17.1,30.0,71.0,1009.8,6.1,228.0,47.0
2003-07-01,0.2,18.8,30.3,68.0,1003.1,10.1,226.0,26.0
2003-07-02,0.0,17.4,26.8,59.0,1004.7,7.1,92.0,29.0
2003-07-03,0.4,19.4,27.6,62.0,1008.4,3.5,99.0,36.0
2003-07-04,11.5,16.2,24.5,70.0,1011.7,5.5,17.0,67.0
2003-07-05,0.0,13.1,26.9,61.0,1012.7,4.4,259.0,17.0
2003-07-06,1.4,16.4,27.9,64.0,1015.1,6.1,66.0,23.0
2003-07-07,2.7,16.3,28.7,68.0,1017.5,5.3,38.0,39.0
2003-07-08,0.3,17.2,29.2,69.0,1016.4,4.7,57.0,30.0
2003-07-09,5.6,18.9,27.6,75.0,1015.1,6.1,55.0,80.0
2003-07-10,1.5,16.6,29.1,74.0,1014.9,4.7,18.0,48.0
2003-07-11,7.4,19.4,29.2,78.0,1014.9,5.4,56.0,36.0
2003-07-12,0.6,20.2,29.9,72.0,1016.2,6.0,62.0,51.0
2003-07-13,2.5,20.7,31.8,73.0,1013.1,7.2,28.0,59.0
2003-07-14,6.1,20.1,24.2,70.0,1014.7,8.9,60.0,77.0
2003-07-15,0.9,20.1,29.6,63.0,1013.5,4.2,166.0,57.0
2003-07-16,0.2,19.6,31.7,69.0,1012.6,5.1,113.0,43.0
2003-07-17,2.4,20.4,31.4,70.0,1013.1,5.2,310.0,29.0
2003-07-18,0.0,18.7,31.0,59.0,1017.0,7.1,60.0,12.0
2003-07-19,0.0,19.6,30.9,54.0,1018.8,6.8,78.0,7.0
2003-07-20,0.0,20.1,32.5,53.0,1017.0,4.0,111.0,21.0
2003-07-21,0.0,19.7,34.8,54.0,1016.2,5.2,97.0,52.0
2003-07-22,0.0,20.5,34.5,54.0,1017.3,6.7,270.0,34.0
2003-07-23,0.0,21.9,33.3,58.0,1014.8,4.7,36.0,33.0
2003-07-24,9.9,21.6,28.0,67.0,1014.0,8.1,7.0,71.0
2003-07-25,0.0,16.9,30.4,57.0,1012.6,5.1,268.0,30.0
2003-07-26,0.0,19.0,32.6,55.0,1013.4,4.8,114.0,26.0
2003-07-27,0.0,20.1,33.3,57.0,1013.6,6.4,111.0,7.0
2003-07-28,0.7,21.2,33.3,53.0,1013.3,4.7,14.0,19.0
2003-07-29,0.0,21.5,30.5,48.0,1016.4,9.0,49.0,35.0
2003-07-30,0.0,20.0,29.8,50.0,1015.9,4.2,334.0,30.0
2003-07-31,0.7,19.2,28.7,50.0,1011.3,6.6,28.0,73.0
2003-08-01,0.0,19.4,30.3,54.0,1012.8,6.6,37.0,43.0
2003-08-02,0.0,19.5,33.2,50.0,1016.8,4.9,46.0,23.0
2003-08-03,0.0,20.9,34.5,46.0,1019.1,4.4,59.0,11.0
2003-08-04,0.0,21.2,35.7,49.0,1020.2,4.6,63.0,40.0
2003-08-05,0.8,22.4,36.9,51.0,1019.8,4.2,335.0,66.0
2003-08-06,0.3,22.0,35.7,56.0,1018.4,4.5,36.0,69.0
2003-08-07,2.1,22.6,33.6,58.0,1018.2,6.8,54.0,57.0
2003-08-08,0.1,22.0,34.3,54.0,1017.9,5.6,6.0,26.0
2003-08-09,0.2,20.7,36.2,47.0,1016.2,4.0,4.0,36.0
2003-08-10,0.0,21.9,36.9,48.0,1014.7,5.1,324.0,70.0
2003-08-11,1.1,22.0,37.0,52.0,1014.6,5.1,18.0,33.0
2003-08-12,0.4,24.2,35.5,48.0,1019.3,7.9,70.0,31.0
2003-08-13,0.5,21.5,36.6,51.0,1018.9,3.9,312.0,25.0
2003-08-14,5.2,23.4,33.8,61.0,1014.4,4.6,14.0,55.0
2003-08-15,1.8,21.5,32.7,69.0,1012.7,3.6,17.0,61.0
2003-08-16,1.1,20.7,31.5,67.0,1014.3,5.2,51.0,46.0
2003-08-17,0.2,21.3,31.8,66.0,1016.0,5.1,63.0,75.0
2003-08-18,1.9,22.1,31.5,69.0,1017.0,5.7,294.0,47.0
2003-08-19,0.0,18.6,32.7,60.0,1016.1,5.0,8.0,10.0
2003-08-20,0.1,20.8,31.9,51.0,1016.2,6.6,61.0,27.0
2003-08-21,0.0,19.8,33.0,48.0,1014.4,4.5,29.0,44.0
2003-08-22,0.0,19.7,32.6,51.0,1014.8,4.5,276.0,19.0
2003-08-23,0.0,20.7,33.9,50.0,1014.8,4.2,262.0,10.0
2003-08-24,3.2,21.8,32.9,59.0,1012.7,4.6,3.0,35.0
2003-08-25,3.0,22.1,26.9,71.0,1010.6,7.2,68.0,59.0
2003-08-26,0.0,18.4,30.0,56.0,1010.4,4.7,76.0,60.0
2003-08-27,0.0,17.9,31.9,54.0,1009.6,5.3,239.0,22.0
2003-08-28,4.2,19.9,30.2,71.0,1009.0,4.5,7.0,41.0
2003-08-29,34.7,19.9,24.8,86.0,1006.7,8.4,47.0,74.0
2003-08-30,0.0,17.8,29.4,70.0,1007.6,7.5,246.0,13.0
2003-08-31,4.7,18.1,23.4,67.0,1009.5,9.1,65.0,31.0
2003-09-01,0.0,15.5,21.5,55.0,1015.4,8.2,57.0,70.0
2003-09-02,0.0,13.9,22.9,56.0,1017.2,6.1,51.0,43.0
2003-09-03,0.0,15.5,21.5,54.0,1024.3,9.2,56.0,43.0
2003-09-04,0.0,13.8,23.2,52.0,1027.9,5.6,70.0,12.0
2003-09-05,0.0,11.2,25.1,57.0,1023.8,4.9,154.0,55.0
2003-09-06,0.9,15.9,24.2,62.0,1019.3,5.4,71.0,67.0
2003-09-07,0.0,14.6,25.2,61.0,1017.6,6.4,72.0,68.0
2003-09-08,4.7,16.5,19.7,77.0,1009.9,9.5,47.0,91.0
2003-09-09,9.9,15.6,18.5,83.0,1005.8,5.9,26.0,99.0
2003-09-10,2.8,13.5,25.8,73.0,1009.3,4.4,250.0,59.0
2003-09-11,2.1,14.4,24.7,74.0,1012.3,6.7,46.0,37.0
2003-09-12,0.0,11.0,24.8,69.0,1018.1,4.9,281.0,12.0
2003-09-13,0.2,11.2,24.8,61.0,1021.2,5.7,14.0,34.0
2003-09-14,0.0,11.7,23.3,62.0,1023.8,6.1,52.0,23.0
2003-09-15,0.0,12.5,23.6,53.0,1025.5,6.8,57.0,15.0
2003-09-16,0.0,10.1,24.1,58.0,1023.4,4.6,40.0,19.0
2003-09-17,0.0,11.0,26.5,57.0,1022.7,4.2,258.0,42.0
2003-09-18,0.0,11.6,27.8,52.0,1022.4,4.1,266.0,0.0
2003-09-19,0.0,12.0,28.6,53.0,1022.6,4.3,256.0,1.0
2003-09-20,0.0,12.3,28.8,55.0,1024.3,4.7,141.0,1.0
2003-09-21,0.0,13.1,28.4,59.0,1023.0,4.4,79.0,3.0
2003-09-22,0.0,12.9,27.0,64.0,1018.7,5.7,72.0,7.0
2003-09-23,0.3,16.1,23.4,74.0,1014.4,4.2,279.0,47.0
2003-09-24,7.7,14.3,18.4,78.0,1020.0,11.3,50.0,63.0
2003-09-25,0.0,10.7,19.9,57.0,1027.8,7.3,57.0,17.0
2003-09-26,0.0,8.0,21.0,54.0,1024.4,4.7,36.0,0.0
2003-09-27,0.0,7.1,22.0,60.0,1020.0,4.4,338.0,72.0
2003-09-28,0.8,10.2,21.2,70.0,1016.1,5.5,58.0,53.0
2003-09-29,6.0,14.4,21.9,78.0,1010.3,4.7,319.0,64.0
2003-09-30,0.0,13.1,21.0,74.0,1015.1,5.7,67.0,64.0
2003-10-01,0.0,11.1,20.8,79.0,1016.7,5.0,43.0,87.0
2003-10-02,0.0,14.2,23.6,76.0,1016.2,4.1,271.0,85.0
2003-10-03,0.0,15.1,23.6,81.0,1013.0,5.1,258.0,69.0
2003-10-04,8.5,15.3,23.9,79.0,1005.2,6.4,237.0,68.0
2003-10-05,19.2,11.9,17.1,88.0,998.2,4.6,301.0,88.0
2003-10-06,0.6,6.7,19.1,65.0,1011.3,5.6,260.0,25.0
2003-10-07,0.0,7.2,17.5,68.0,1009.6,7.8,247.0,55.0
2003-10-08,0.2,6.8,18.9,58.0,1006.4,8.0,281.0,33.0
2003-10-09,0.0,6.4,21.0,60.0,1009.4,5.0,306.0,43.0
2003-10-10,0.0,10.3,21.1,71.0,1018.9,6.0,46.0,22.0
2003-10-11,0.0,11.4,20.8,77.0,1022.0,4.4,320.0,30.0
2003-10-12,0.0,11.4,20.9,79.0,1021.7,3.9,43.0,34.0
2003-10-13,0.1,13.4,18.1,81.0,1021.2,6.6,67.0,65.0
2003-10-14,0.0,12.8,15.6,65.0,1021.8,10.3,57.0,86.0
2003-10-15,0.0,7.8,15.3,50.0,1026.0,12.6,61.0,32.0
2003-10-16,0.0,4.1,15.2,59.0,1025.6,8.3,46.0,0.0
2003-10-17,0.0,4.8,12.5,58.0,1026.6,8.4,50.0,22.0
2003-10-18,0.0,3.9,12.2,54.0,1020.9,10.1,47.0,88.0
2003-10-19,0.0,8.1,14.4,59.0,1012.5,4.6,22.0,83.0
2003-10-20,9.3,8.7,11.8,86.0,1004.3,5.4,351.0,94.0
2003-10-21,0.0,6.7,16.4,84.0,1002.9,5.3,245.0,49.0
2003-10-22,1.9,9.2,12.7,81.0,1008.3,8.6,42.0,83.0
2003-10-23,17.9,6.7,8.7,87.0,1004.1,10.7,35.0,98.0
2003-10-24,1.0,4.2,11.0,73.0,1008.5,8.0,47.0,55.0
2003-10-25,0.0,-0.6,10.2,64.0,1021.0,5.1,357.0,22.0
2003-10-26,0.7,-1.0,10.9,72.0,1018.2,5.0,10.0,52.0
2003-10-27,6.9,3.9,11.8,69.0,1016.7,6.3,14.0,53.0
2003-10-28,0.0,-0.2,11.1,71.0,1022.3,5.4,34.0,35.0
2003-10-29,9.4,3.4,7.4,86.0,1011.9,6.4,4.0,97.0
2003-10-30,4.1,3.1,9.5,89.0,997.5,5.4,261.0,69.0
2003-10-31,21.7,0.9,10.3,92.0,999.6,9.3,29.0,94.0
2003-11-01,42.7,9.6,14.0,95.0,997.1,5.5,62.0,100.0
2003-11-02,0.0,4.2,16.4,85.0,1006.9,4.4,332.0,29.0
2003-11-03,0.0,5.9,14.9,87.0,1019.4,4.9,278.0,44.0
2003-11-04,0.0,4.4,18.5,76.0,1027.2,6.6,12.0,8.0
2003-11-05,0.0,3.9,16.2,78.0,1031.4,6.6,24.0,14.0
2003-11-06,0.0,3.7,13.6,75.0,1028.6,7.4,32.0,69.0
2003-11-07,1.3,7.7,11.8,60.0,1026.2,17.7,55.0,97.0
2003-11-08,41.0,5.5,8.9,85.0,1025.3,17.2,34.0,100.0
2003-11-09,2.8,5.4,14.0,89.0,1026.2,5.9,314.0,64.0
2003-11-10,0.0,2.8,14.6,82.0,1023.2,6.8,24.0,9.0
2003-11-11,0.0,4.2,10.5,78.0,1025.2,7.8,43.0,21.0
2003-11-12,0.0,3.7,8.9,71.0,1026.4,6.9,42.0,26.0
2003-11-13,0.2,-0.2,9.5,78.0,1026.8,3.3,323.0,25.0
2003-11-14,0.0,-0.3,10.2,85.0,1026.2,4.1,274.0,60.0
2003-11-15,0.0,2.4,11.4,84.0,1023.1,3.4,340.0,64.0
2003-11-16,0.7,6.7,10.2,85.0,1021.2,3.3,18.0,100.0
2003-11-17,2.3,6.0,14.0,91.0,1020.8,4.8,265.0,76.0
2003-11-18,0.0,5.0,14.0,89.0,1025.9,4.3,291.0,74.0
2003-11-19,0.0,3.1,12.8,88.0,1026.6,3.5,261.0,39.0
2003-11-20,0.0,6.6,11.0,91.0,1024.6,2.6,248.0,63.0
2003-11-21,0.0,6.0,12.5,88.0,1022.4,2.8,293.0,91.0
2003-11-22,0.0,7.4,12.0,90.0,1021.2,2.7,19.0,87.0
2003-11-23,0.0,8.3,13.4,91.0,1018.7,2.4,2.0,100.0
2003-11-24,0.8,8.2,14.6,91.0,1014.8,6.1,39.0,98.0
2003-11-25,0.9,9.3,14.1,92.0,1013.2,3.7,6.0,99.0
2003-11-26,13.7,10.7,12.4,91.0,1007.8,8.6,32.0,100.0
2003-11-27,25.8,10.2,12.8,93.0,1002.5,8.0,82.0,100.0
2003-11-28,22.7,6.0,11.7,90.0,1001.2,6.2,54.0,94.0
2003-11-29,0.0,2.7,13.6,80.0,1011.0,4.5,346.0,28.0
2003-11-30,0.0,2.1,11.9,83.0,1016.9,3.2,334.0,59.0
2003-12-01,4.9,5.2,8.8,91.0,1018.6,6.8,32.0,98.0
2003-12-02,3.1,8.8,13.0,88.0,1022.9,10.3,45.0,91.0
2003-12-03,0.0,8.6,13.4,88.0,1024.6,9.2,41.0,96.0
2003-12-04,0.0,6.2,14.0,77.0,1025.8,8.0,35.0,84.0
2003-12-05,0.0,4.4,14.2,83.0,1025.4,4.6,283.0,16.0
2003-12-06,0.0,2.3,12.6,86.0,1015.2,7.0,282.0,27.0
2003-12-07,0.0,1.7,8.7,49.0,1022.4,13.3,72.0,43.0
2003-12-08,0.0,-3.3,5.9,63.0,1026.2,4.4,2.0,0.0
2003-12-09,0.0,-3.4,8.7,68.0,1021.0,6.6,23.0,11.0
2003-12-10,8.2,2.5,5.7,80.0,1021.6,9.4,31.0,100.0
2003-12-11,7.0,3.7,9.7,92.0,1022.6,4.3,325.0,88.0
2003-12-12,0.0,0.6,10.6,90.0,1021.7,3.7,310.0,24.0
2003-12-13,0.0,-0.4,11.3,87.0,1023.9,5.1,311.0,52.0
2003-12-14,0.0,0.2,8.2,85.0,1010.2,2.9,347.0,45.0
2003-12-15,0.0,-1.7,11.2,71.0,1009.3,5.9,315.0,10.0
2003-12-16,0.0,-2.2,8.4,55.0,1018.6,8.5,291.0,9.0
2003-12-17,0.0,-2.8,7.8,65.0,1026.5,5.7,341.0,66.0
2003-12-18,0.0,-1.7,7.7,77.0,1028.6,3.4,331.0,33.0
2003-12-19,0.0,-1.8,6.9,80.0,1026.9,3.2,309.0,42.0
2003-12-20,0.0,-2.1,7.6,82.0,1027.1,4.5,298.0,22.0
2003-12-21,1.4,-0.6,5.1,92.0,1015.2,2.9,288.0,94.0
2003-12-22,0.8,-0.9,7.5,88.0,1008.1,6.0,334.0,71.0
2003-12-23,0.0,-4.7,3.5,45.0,1018.7,9.5,349.0,5.0
2003-12-24,0.0,-7.0,3.7,45.0,1027.1,7.8,347.0,0.0
2003-12-25,0.0,-6.6,4.9,56.0,1028.4,5.3,322.0,1.0
2003-12-26,0.0,-4.4,8.1,74.0,1022.7,5.0,293.0,10.0
2003-12-27,0.0,-3.3,5.3,75.0,1018.0,2.8,340.0,96.0
2003-12-28,11.1,1.2,6.5,90.0,1011.4,5.1,36.0,100.0
2003-12-29,42.4,4.5,7.4,94.0,1008.6,9.9,36.0,100.0
2003-12-30,18.6,6.0,8.4,89.0,1008.5,10.3,28.0,100.0
2003-12-31,19.4,3.5,8.6,87.0,1009.7,12.2,33.0,95.0
2004-01-01,0.0,-0.4,8.4,87.0,1011.2,4.5,7.0,62.0
2004-01-02,0.0,1.3,5.9,80.0,1006.9,10.2,42.0,100.0
2004-01-03,0.0,-3.3,5.0,75.0,1013.8,6.2,37.0,33.0
2004-01-04,0.0,-3.3,3.2,75.0,1015.3,4.0,352.0,40.0
2004-01-05,0.0,-4.1,4.8,75.0,1016.8,4.1,312.0,4.0
2004-01-06,0.0,-3.6,5.7,80.0,1024.0,6.1,12.0,69.0
2004-01-07,0.0,-1.0,4.8,86.0,1022.6,3.2,323.0,95.0
2004-01-08,0.0,-2.3,5.6,83.0,1020.1,4.0,353.0,84.0
2004-01-09,2.3,0.8,6.2,90.0,1012.5,4.3,291.0,79.0
2004-01-10,0.0,-2.5,10.6,81.0,1012.0,4.3,292.0,46.0
2004-01-11,0.5,-3.3,8.2,71.0,1020.0,4.2,347.0,59.0
2004-01-12,0.1,-2.2,6.3,85.0,1012.7,4.3,344.0,82.0
2004-01-13,0.0,-1.0,7.3,88.0,1003.4,4.4,291.0,76.0
2004-01-14,0.0,-1.0,9.0,89.0,999.5,4.6,4.0,83.0
2004-01-15,1.2,-0.9,10.5,72.0,1001.3,8.6,292.0,69.0
2004-01-16,0.0,-3.1,7.7,69.0,1011.8,4.4,289.0,71.0
2004-01-17,3.8,-0.9,6.5,88.0,1004.4,6.0,326.0,87.0
2004-01-18,29.0,-1.9,4.5,88.0,1007.4,15.8,38.0,97.0
2004-01-19,2.0,-0.5,8.5,78.0,1016.1,6.2,356.0,62.0
2004-01-20,0.5,-2.4,7.7,85.0,1005.7,5.9,277.0,51.0
2004-01-21,2.0,-3.2,5.5,84.0,1010.9,5.8,40.0,37.0
2004-01-22,1.6,-2.1,4.9,79.0,1017.9,5.2,241.0,62.0
2004-01-23,0.9,-3.2,1.6,83.0,1020.4,6.7,39.0,93.0
2004-01-24,0.0,-2.5,3.0,78.0,1019.0,4.0,297.0,80.0
2004-01-25,0.0,-2.3,3.5,78.0,1013.4,3.1,291.0,76.0
2004-01-26,0.3,-4.0,4.5,82.0,1011.8,3.6,156.0,69.0
2004-01-27,1.6,-0.9,5.4,84.0,1001.8,5.5,279.0,79.0
2004-01-28,0.2,-4.2,7.3,80.0,998.8,5.6,278.0,63.0
2004-01-29,0.0,-4.5,4.5,80.0,1003.5,6.4,16.0,80.0
2004-01-30,0.0,-6.1,6.9,62.0,1019.0,5.8,295.0,10.0
2004-01-31,0.0,-3.2,5.5,69.0,1026.7,4.1,296.0,88.0
2004-02-01,0.0,0.1,9.5,80.0,1026.9,5.7,257.0,82.0
2004-02-02,0.0,-1.4,9.3,82.0,1028.3,4.4,292.0,67.0
2004-02-03,0.0,-1.1,10.1,83.0,1030.1,3.3,314.0,97.0
2004-02-04,0.0,-2.0,12.1,81.0,1032.5,2.9,294.0,66.0
2004-02-05,0.0,-1.9,12.3,81.0,1030.5,3.9,274.0,19.0
2004-02-06,0.0,-0.0,9.9,81.0,1028.7,3.2,275.0,39.0
2004-02-07,0.0,-0.5,12.2,87.0,1021.2,6.1,248.0,77.0
2004-02-08,0.0,-1.0,12.4,77.0,1016.0,5.5,271.0,5.0
2004-02-09,0.0,-3.1,11.7,65.0,1020.0,5.5,341.0,11.0
2004-02-10,0.0,-2.9,9.9,66.0,1029.3,5.0,35.0,37.0
2004-02-11,0.0,-0.5,11.4,72.0,1017.7,5.9,275.0,43.0
2004-02-12,0.0,-0.3,5.6,74.0,1023.6,6.8,86.0,19.0
2004-02-13,0.0,-0.8,6.3,74.0,1030.2,3.1,206.0,54.0
2004-02-14,0.0,-0.3,8.6,78.0,1023.1,3.1,233.0,37.0
2004-02-15,0.0,-1.5,9.6,82.0,1018.1,4.4,27.0,10.0
2004-02-16,0.0,-1.9,10.4,82.0,1022.1,4.1,298.0,8.0
2004-02-17,0.0,1.5,10.4,79.0,1026.8,4.6,260.0,54.0
2004-02-18,0.6,-1.3,8.9,84.0,1018.4,4.4,48.0,57.0
2004-02-19,38.8,1.7,3.8,93.0,1013.4,18.4,49.0,100.0
2004-02-20,8.7,1.8,4.5,80.0,1022.7,15.9,48.0,96.0
2004-02-21,19.6,3.1,6.1,84.0,1023.3,13.1,46.0,100.0
2004-02-22,20.8,6.2,9.9,89.0,1009.6,6.9,25.0,100.0
2004-02-23,14.1,6.1,10.6,92.0,1000.9,3.3,170.0,99.0
2004-02-24,10.5,-2.7,5.7,83.0,1009.4,8.7,14.0,86.0
2004-02-25,0.0,-7.4,5.3,82.0,1014.2,5.0,336.0,86.0
2004-02-26,6.4,-0.3,6.2,84.0,1002.8,3.7,10.0,98.0
2004-02-27,9.9,0.3,4.2,95.0,994.4,5.2,49.0,97.0
2004-02-28,5.6,-4.4,5.5,84.0,997.5,10.5,12.0,98.0
2004-02-29,5.0,-0.8,4.6,75.0,1005.9,11.5,16.0,99.0
2004-03-01,0.0,-2.7,5.3,64.0,1017.7,10.1,38.0,62.0
2004-03-02,0.0,-3.7,6.4,61.0,1025.2,5.7,311.0,17.0
2004-03-03,0.0,-4.8,11.0,66.0,1025.5,4.9,278.0,4.0
2004-03-04,0.0,-2.6,10.6,74.0,1022.9,5.6,44.0,47.0
2004-03-05,0.0,-0.7,7.5,83.0,1021.9,7.1,65.0,61.0
2004-03-06,1.7,1.2,4.4,86.0,1024.3,7.6,62.0,100.0
2004-03-07,22.7,1.2,3.9,95.0,1021.5,9.9,38.0,100.0
2004-03-08,8.8,1.3,6.7,91.0,1017.1,4.3,300.0,98.0
2004-03-09,0.2,-2.1,10.0,75.0,1018.7,6.0,239.0,60.0
2004-03-10,4.5,-1.0,7.4,83.0,1021.9,9.5,52.0,73.0
2004-03-11,31.6,2.3,3.9,90.0,1018.4,16.1,42.0,100.0
2004-03-12,0.3,0.9,9.6,78.0,1023.0,4.4,255.0,83.0
2004-03-13,0.0,-0.3,11.7,78.0,1027.3,4.3,79.0,87.0
2004-03-14,0.0,4.1,13.1,81.0,1031.5,4.5,276.0,79.0
2004-03-15,0.0,2.0,16.5,80.0,1033.8,3.8,289.0,28.0
2004-03-16,0.0,1.1,18.8,76.0,1033.8,5.0,280.0,14.0
2004-03-17,0.0,1.7,20.2,74.0,1031.4,4.6,287.0,10.0
2004-03-18,0.0,2.4,20.6,74.0,1028.3,4.7,237.0,29.0
2004-03-19,0.0,5.0,18.8,78.0,1024.0,5.6,243.0,51.0
2004-03-20,0.0,6.5,17.6,78.0,1021.3,9.6,239.0,95.0
2004-03-21,0.0,7.8,16.7,81.0,1015.6,9.6,229.0,79.0
2004-03-22,7.7,7.5,14.2,82.0,1010.4,7.6,59.0,87.0
2004-03-23,14.5,6.2,7.9,87.0,1005.3,10.8,38.0,99.0
2004-03-24,0.3,4.7,11.6,78.0,1001.5,5.6,258.0,100.0
2004-03-25,3.2,2.5,13.5,75.0,1006.7,4.6,22.0,85.0
2004-03-26,5.0,5.2,8.3,80.0,1009.0,11.5,46.0,98.0
2004-03-27,0.0,1.7,10.5,67.0,1012.6,7.0,70.0,64.0
2004-03-28,0.0,-0.9,12.2,71.0,1017.7,4.0,53.0,25.0
2004-03-29,0.0,-0.7,14.7,74.0,1020.5,6.3,37.0,0.0
2004-03-30,0.0,1.6,14.8,70.0,1019.7,9.0,54.0,32.0
2004-03-31,0.0,6.9,15.3,66.0,1017.9,5.4,80.0,72.0
2004-04-01,0.0,2.2,17.1,76.0,1013.9,3.7,68.0,41.0
2004-04-02,0.0,7.4,18.4,77.0,1016.8,4.5,77.0,38.0
2004-04-03,0.2,6.5,17.5,83.0,1021.4,5.7,72.0,63.0
2004-04-04,0.0,8.2,18.6,81.0,1023.3,5.3,218.0,75.0
2004-04-05,0.0,9.4,17.5,78.0,1015.6,8.5,250.0,70.0
2004-04-06,5.1,7.4,13.5,87.0,1006.4,6.5,68.0,81.0
2004-04-07,7.7,5.2,12.9,79.0,1004.9,6.5,48.0,67.0
2004-04-08,1.0,0.4,14.0,77.0,1012.6,5.1,6.0,54.0
2004-04-09,7.7,5.3,11.2,78.0,1010.3,12.4,46.0,100.0
2004-04-10,3.4,6.6,13.0,75.0,1007.9,6.5,39.0,71.0
2004-04-11,0.2,0.6,15.7,70.0,1011.8,4.8,341.0,23.0
2004-04-12,1.8,6.0,13.3,65.0,1014.3,9.7,48.0,94.0
2004-04-13,6.8,6.9,13.1,79.0,1013.1,5.7,333.0,93.0
2004-04-14,0.1,4.6,16.3,72.0,1017.3,5.6,225.0,60.0
2004-04-15,2.4,7.4,13.3,79.0,1023.8,7.7,69.0,75.0
2004-04-16,7.7,8.4,12.1,87.0,1020.8,7.5,51.0,100.0
2004-04-17,2.0,6.6,15.7,79.0,1008.2,5.9,27.0,86.0
2004-04-18,6.2,9.2,16.9,83.0,1001.2,4.1,173.0,52.0
2004-04-19,21.3,8.0,15.3,90.0,996.6,7.5,74.0,89.0
2004-04-20,1.0,7.3,19.1,70.0,1003.5,6.1,315.0,41.0
2004-04-21,0.0,8.7,20.0,71.0,1015.5,5.8,233.0,27.0
2004-04-22,0.0,7.8,21.5,67.0,1014.7,5.1,203.0,7.0
2004-04-23,0.0,9.7,22.7,63.0,1012.9,3.5,313.0,74.0
2004-04-24,10.9,10.3,23.0,73.0,1012.4,6.9,39.0,51.0
2004-04-25,0.2,6.0,18.2,69.0,1017.2,4.9,28.0,16.0
2004-04-26,0.0,6.8,18.3,64.0,1017.7,7.1,53.0,19.0
2004-04-27,0.0,7.9,19.1,68.0,1014.4,5.4,63.0,33.0
2004-04-28,0.0,9.0,20.5,69.0,1012.2,5.0,130.0,29.0
2004-04-29,1.7,9.2,18.8,85.0,1009.9,8.9,64.0,60.0
2004-04-30,12.3,12.1,14.5,90.0,1005.3,10.4,39.0,100.0
2004-05-01,0.0,9.6,19.6,74.0,1007.5,6.5,250.0,52.0
2004-05-02,0.0,11.0,19.6,65.0,1009.9,6.6,237.0,68.0
2004-05-03,6.0,8.9,15.7,82.0,1009.1,6.4,50.0,92.0
2004-05-04,21.4,11.4,14.3,87.0,999.2,13.2,43.0,95.0
2004-05-05,19.4,10.2,16.5,91.0,992.3,6.0,72.0,94.0
2004-05-06,18.8,8.2,16.2,81.0,991.8,6.9,221.0,84.0
2004-05-07,6.3,4.6,15.4,82.0,999.7,5.2,251.0,68.0
2004-05-08,4.4,6.5,15.3,80.0,1004.6,5.1,230.0,85.0
2004-05-09,3.3,6.9,16.3,76.0,1006.3,5.9,195.0,88.0
2004-05-10,0.6,6.0,18.5,73.0,1010.1,4.7,228.0,28.0
2004-05-11,0.0,6.8,19.9,71.0,1014.9,3.6,36.0,24.0
2004-05-12,1.2,7.2,19.5,78.0,1012.8,7.2,71.0,73.0
2004-05-13,3.4,11.2,19.8,75.0,1007.3,4.3,342.0,96.0
2004-05-14,2.7,8.0,19.6,77.0,1015.2,5.4,22.0,36.0
2004-05-15,0.5,11.8,19.7,70.0,1021.9,6.5,263.0,70.0
2004-05-16,1.7,8.1,21.5,76.0,1017.3,6.9,133.0,37.0
2004-05-17,0.3,11.8,20.6,67.0,1021.6,6.8,219.0,32.0
2004-05-18,0.0,12.4,21.9,64.0,1023.3,5.7,203.0,34.0
2004-05-19,0.1,10.1,24.4,72.0,1021.6,4.7,160.0,14.0
2004-05-20,0.0,13.4,24.8,75.0,1018.9,4.7,74.0,22.0
2004-05-21,0.0,13.3,23.8,72.0,1013.3,7.7,243.0,16.0
2004-05-22,15.1,12.5,19.0,77.0,1010.9,9.7,249.0,65.0
2004-05-23,5.1,9.6,18.6,72.0,1015.5,7.3,65.0,70.0
2004-05-24,0.6,8.5,18.0,62.0,1021.2,6.4,137.0,33.0
2004-05-25,0.0,6.3,19.6,59.0,1020.7,5.2,161.0,2.0
2004-05-26,0.0,7.6,21.1,64.0,1018.0,5.2,164.0,87.0
2004-05-27,0.0,9.8,22.6,70.0,1017.1,5.0,82.0,43.0
2004-05-28,6.3,12.8,17.7,79.0,1018.2,6.9,36.0,88.0
2004-05-29,0.0,7.8,20.4,66.0,1021.4,5.1,54.0,25.0
2004-05-30,0.0,9.0,22.6,62.0,1021.3,4.3,236.0,16.0
2004-05-31,0.0,10.9,24.2,59.0,1017.3,4.8,251.0,73.0
2004-06-01,5.4,13.6,18.7,80.0,1015.8,6.4,42.0,95.0
2004-06-02,3.4,10.0,22.6,79.0,1013.8,3.9,338.0,63.0
2004-06-03,3.8,11.8,21.4,79.0,1013.0,3.9,5.0,84.0
2004-06-04,0.1,11.4,24.5,70.0,1013.4,5.1,25.0,55.0
2004-06-05,10.0,14.3,23.0,75.0,1012.1,4.3,18.0,56.0
2004-06-06,2.4,11.4,22.5,69.0,1015.0,4.7,67.0,32.0
2004-06-07,0.0,12.0,24.9,65.0,1020.3,5.2,221.0,16.0
2004-06-08,0.0,12.1,27.4,64.0,1021.6,4.0,225.0,18.0
2004-06-09,0.0,14.1,30.1,67.0,1021.2,4.8,270.0,5.0
2004-06-10,0.0,15.5,31.3,67.0,1019.7,5.5,260.0,20.0
2004-06-11,0.0,16.8,30.3,59.0,1016.2,7.0,251.0,45.0
2004-06-12,2.3,18.4,27.4,64.0,1013.6,5.5,13.0,44.0
2004-06-13,13.1,13.7,19.5,73.0,1018.2,11.7,61.0,79.0
2004-06-14,0.0,13.6,23.7,59.0,1021.3,12.4,52.0,56.0
2004-06-15,0.0,14.1,25.3,64.0,1018.0,5.8,322.0,16.0
2004-06-16,0.4,15.3,26.3,69.0,1011.5,4.4,261.0,37.0
2004-06-17,4.1,17.7,24.6,71.0,1011.9,8.0,65.0,46.0
2004-06-18,0.1,14.6,26.9,68.0,1005.6,3.7,223.0,13.0
2004-06-19,2.4,16.4,25.8,72.0,1003.5,8.5,61.0,64.0
2004-06-20,16.9,16.7,21.1,87.0,1003.1,3.2,33.0,87.0
2004-06-21,0.9,11.8,22.5,77.0,1011.2,4.2,72.0,43.0
2004-06-22,0.0,14.6,24.2,73.0,1018.0,6.4,260.0,68.0
2004-06-23,0.0,15.0,25.6,70.0,1015.6,6.6,251.0,56.0
2004-06-24,0.0,15.0,26.3,76.0,1011.6,4.0,118.0,26.0
2004-06-25,5.1,17.0,26.7,76.0,1013.0,7.5,43.0,53.0
2004-06-26,0.2,16.5,25.7,64.0,1019.6,6.3,52.0,56.0
2004-06-27,0.0,15.4,28.7,67.0,1019.9,4.5,218.0,42.0
2004-06-28,0.9,17.3,29.7,73.0,1019.1,5.0,71.0,36.0
2004-06-29,10.6,18.5,26.2,75.0,1017.9,8.7,59.0,51.0
2004-06-30,0.0,18.1,27.2,62.0,1017.9,6.7,68.0,36.0
2004-07-01,1.1,15.8,28.2,70.0,1013.3,4.4,85.0,38.0
2004-07-02,4.7,18.7,25.0,83.0,1010.8,7.2,72.0,72.0
2004-07-03,0.0,16.8,25.7,58.0,1015.7,8.0,53.0,26.0
2004-07-04,0.0,15.0,26.7,60.0,1017.0,5.3,55.0,3.0
2004-07-05,0.0,14.7,30.3,64.0,1017.5,4.5,227.0,11.0
2004-07-06,0.1,17.3,29.6,72.0,1015.6,5.0,34.0,42.0
2004-07-07,1.2,20.8,28.3,69.0,1015.9,7.3,62.0,77.0
2004-07-08,0.5,19.1,29.2,65.0,1014.2,6.3,79.0,76.0
2004-07-09,4.6,18.3,28.0,59.0,1010.4,8.8,258.0,18.0
2004-07-10,0.0,16.2,26.6,58.0,1011.1,7.7,264.0,21.0
2004-07-11,12.3,15.9,23.7,70.0,1010.2,8.0,30.0,44.0
2004-07-12,1.5,13.9,21.8,66.0,1009.4,5.1,325.0,75.0
2004-07-13,0.6,10.5,25.1,63.0,1011.1,5.0,325.0,23.0
2004-07-14,0.0,12.7,25.3,63.0,1015.7,5.4,353.0,22.0
2004-07-15,0.0,14.6,27.9,67.0,1015.7,5.4,68.0,42.0
2004-07-16,0.0,16.5,28.5,66.0,1016.9,5.6,66.0,48.0
2004-07-17,0.0,15.9,29.1,70.0,1018.4,6.0,65.0,19.0
2004-07-18,0.0,16.8,30.2,66.0,1018.8,5.3,61.0,30.0
2004-07-19,0.0,17.7,31.3,63.0,1017.7,5.4,341.0,60.0
2004-07-20,0.4,19.8,31.4,64.0,1016.0,5.2,34.0,35.0
2004-07-21,0.0,18.8,32.0,62.0,1016.0,3.7,23.0,12.0
2004-07-22,0.2,19.3,34.3,61.0,1016.8,5.2,291.0,9.0
2004-07-23,0.9,20.3,33.7,66.0,1016.3,4.9,334.0,25.0
2004-07-24,5.7,21.1,29.0,71.0,1014.1,6.9,10.0,78.0
2004-07-25,1.4,20.8,30.0,59.0,1012.2,7.6,19.0,91.0
2004-07-26,1.0,18.9,28.5,59.0,1009.4,5.2,25.0,52.0
2004-07-27,6.1,17.5,26.0,61.0,1011.9,7.3,76.0,35.0
2004-07-28,0.4,18.8,23.9,64.0,1015.8,6.1,105.0,49.0
2004-07-29,0.0,18.1,27.9,61.0,1015.0,5.2,109.0,40.0
2004-07-30,0.0,17.3,29.1,62.0,1016.4,4.4,121.0,9.0
2004-07-31,0.0,18.5,30.7,62.0,1017.4,3.9,95.0,20.0
2004-08-01,0.1,19.7,31.5,65.0,1014.9,4.6,36.0,30.0
2004-08-02,1.6,20.1,30.9,70.0,1012.3,5.5,5.0,48.0
2004-08-03,4.7,20.6,29.4,75.0,1009.6,4.3,15.0,81.0
2004-08-04,4.3,19.5,27.4,78.0,1010.4,4.6,77.0,91.0
2004-08-05,0.9,19.0,27.8,74.0,1010.6,4.3,78.0,63.0
2004-08-06,0.4,17.5,29.1,67.0,1011.6,4.0,14.0,65.0
2004-08-07,0.5,19.7,29.8,65.0,1012.5,5.0,269.0,55.0
2004-08-08,8.6,18.4,27.0,81.0,1012.0,4.6,46.0,86.0
2004-08-09,0.2,17.2,27.4,79.0,1012.4,4.7,269.0,74.0
2004-08-10,0.0,20.6,27.9,70.0,1013.6,6.8,75.0,82.0
2004-08-11,0.1,19.6,29.1,69.0,1012.2,5.7,94.0,56.0
2004-08-12,0.3,21.0,29.1,75.0,1010.6,5.4,235.0,54.0
2004-08-13,0.2,20.7,30.0,69.0,1007.4,7.5,240.0,27.0
2004-08-14,4.2,16.3,27.9,66.0,1011.3,4.2,45.0,20.0
2004-08-15,0.0,15.7,28.0,61.0,1016.6,5.9,73.0,23.0
2004-08-16,0.0,17.7,28.8,61.0,1015.5,5.1,83.0,66.0
2004-08-17,0.0,18.1,29.6,68.0,1013.5,6.4,84.0,56.0
2004-08-18,0.0,18.7,29.9,67.0,1014.8,6.6,73.0,32.0
2004-08-19,0.0,19.5,31.7,66.0,1014.3,5.6,178.0,24.0
2004-08-20,1.2,21.1,29.7,71.0,1009.0,6.5,266.0,59.0
2004-08-21,7.6,18.7,24.1,74.0,1009.0,6.6,26.0,52.0
2004-08-22,0.0,13.4,26.2,63.0,1017.9,5.3,43.0,13.0
2004-08-23,0.0,15.6,27.9,66.0,1021.2,5.5,49.0,7.0
2004-08-24,0.7,15.9,26.6,70.0,1018.1,6.1,310.0,65.0
2004-08-25,0.0,17.2,27.9,64.0,1012.5,6.4,246.0,34.0
2004-08-26,12.2,16.5,25.1,72.0,1008.2,5.2,48.0,46.0
2004-08-27,0.0,12.9,26.9,65.0,1013.9,5.0,65.0,16.0
2004-08-28,0.0,15.6,26.5,73.0,1015.2,6.8,62.0,6.0
2004-08-29,2.5,16.2,26.5,78.0,1015.5,5.1,43.0,63.0
2004-08-30,0.0,16.7,27.1,70.0,1015.0,5.3,55.0,49.0
2004-08-31,19.7,17.4,24.9,85.0,1012.4,7.0,65.0,65.0
2004-09-01,3.5,16.5,21.7,73.0,1016.3,9.2,58.0,67.0
2004-09-02,0.0,13.8,26.1,71.0,1018.3,4.4,45.0,17.0
2004-09-03,0.0,14.8,28.5,73.0,1021.4,3.8,37.0,8.0
2004-09-04,0.7,17.0,28.7,73.0,1023.5,5.5,39.0,27.0
2004-09-05,0.7,16.9,27.4,69.0,1023.8,6.8,63.0,32.0
2004-09-06,0.0,18.6,26.0,56.0,1024.1,11.6,54.0,36.0
2004-09-07,0.0,14.7,26.3,58.0,1024.4,8.6,44.0,9.0
2004-09-08,0.0,13.6,27.7,57.0,1024.0,4.1,46.0,14.0
2004-09-09,0.0,16.7,25.2,60.0,1025.2,7.1,85.0,10.0
2004-09-10,0.0,16.0,24.0,60.0,1025.7,7.3,71.0,29.0
2004-09-11,0.0,13.5,25.7,65.0,1023.6,4.1,112.0,59.0
2004-09-12,5.0,16.3,21.6,83.0,1019.3,4.1,26.0,71.0
2004-09-13,0.0,13.2,23.1,79.0,1018.5,5.6,47.0,51.0
2004-09-14,23.2,15.2,23.4,86.0,1016.8,6.7,41.0,79.0
2004-09-15,16.8,15.5,23.8,81.0,1014.0,6.6,258.0,73.0
2004-09-16,9.4,15.6,17.7,76.0,1019.0,11.8,37.0,88.0
2004-09-17,0.0,13.9,21.7,63.0,1022.5,9.4,44.0,27.0
2004-09-18,0.0,10.6,22.4,70.0,1020.6,5.1,34.0,2.0
2004-09-19,0.0,10.6,23.2,75.0,1016.9,4.7,41.0,36.0
2004-09-20,0.0,13.5,24.1,71.0,1017.2,4.5,301.0,40.0
2004-09-21,0.0,13.5,24.7,71.0,1014.1,5.8,251.0,59.0
2004-09-22,0.5,14.9,23.4,81.0,1011.8,5.4,19.0,57.0
2004-09-23,0.0,15.8,25.8,77.0,1007.0,4.2,14.0,82.0
2004-09-24,15.4,11.0,20.9,86.0,1003.0,7.4,69.0,81.0
2004-09-25,0.2,6.1,19.9,69.0,1011.0,4.9,296.0,23.0
2004-09-26,0.0,7.9,20.2,60.0,1015.5,5.4,26.0,32.0
2004-09-27,0.0,9.9,20.7,59.0,1018.6,5.4,240.0,9.0
2004-09-28,0.0,9.1,20.8,65.0,1020.3,4.0,283.0,64.0
2004-09-29,0.0,8.9,21.5,69.0,1017.7,5.1,269.0,51.0
2004-09-30,0.0,11.0,21.8,76.0,1018.6,4.3,279.0,29.0
2004-10-01,0.2,14.8,22.1,83.0,1020.5,5.8,316.0,53.0
2004-10-02,0.0,14.6,21.8,81.0,1021.2,5.2,68.0,70.0
2004-10-03,0.0,15.2,21.7,84.0,1022.5,4.9,55.0,73.0
2004-10-04,0.0,13.3,22.2,80.0,1023.0,3.9,80.0,87.0
2004-10-05,0.0,13.9,23.0,80.0,1022.3,3.9,161.0,38.0
2004-10-06,0.0,14.5,23.2,81.0,1020.6,4.0,165.0,44.0
2004-10-07,0.0,14.4,22.5,83.0,1018.9,3.4,43.0,69.0
2004-10-08,0.2,15.8,22.5,82.0,1016.8,4.8,240.0,60.0
2004-10-09,0.0,16.6,23.7,81.0,1012.6,6.0,244.0,73.0
2004-10-10,5.8,13.6,20.9,91.0,1008.5,4.1,232.0,82.0
2004-10-11,5.3,12.2,13.8,80.0,1014.3,13.4,53.0,91.0
2004-10-12,0.0,10.0,14.3,59.0,1022.0,13.7,58.0,70.0
2004-10-13,0.0,7.0,14.6,65.0,1021.7,9.3,53.0,77.0
2004-10-14,0.0,6.2,14.9,73.0,1015.2,4.7,52.0,81.0
2004-10-15,13.7,10.2,15.1,83.0,1008.0,6.2,347.0,85.0
2004-10-16,9.5,10.1,15.6,80.0,1001.9,7.1,265.0,76.0
2004-10-17,6.5,7.7,16.3,77.0,1006.2,5.7,357.0,39.0
2004-10-18,0.0,4.5,15.8,81.0,1014.2,4.1,65.0,56.0
2004-10-19,0.6,8.5,13.8,86.0,1015.2,5.0,3.0,89.0
2004-10-20,0.2,10.2,15.9,85.0,1015.4,3.0,290.0,97.0
2004-10-21,0.6,12.9,19.2,86.0,1016.2,2.9,228.0,84.0
2004-10-22,7.3,13.8,17.9,91.0,1020.2,4.2,328.0,75.0
2004-10-23,0.0,10.7,19.9,87.0,1021.3,4.0,284.0,70.0
2004-10-24,0.0,12.4,18.3,90.0,1020.9,4.2,228.0,76.0
2004-10-25,0.0,10.9,18.8,88.0,1018.3,2.7,135.0,88.0
2004-10-26,6.9,12.8,17.7,90.0,1013.0,8.8,48.0,99.0
2004-10-27,30.9,12.5,18.5,95.0,1008.7,7.2,42.0,92.0
2004-10-28,0.2,9.8,17.1,91.0,1009.0,4.2,2.0,91.0
2004-10-29,17.6,13.1,15.7,92.0,1007.0,7.4,35.0,100.0
2004-10-30,0.9,11.3,18.7,85.0,1008.1,2.8,307.0,84.0
2004-10-31,29.1,11.9,16.5,85.0,1010.3,9.8,19.0,97.0
2004-11-01,42.5,12.2,18.0,93.0,1015.0,10.4,39.0,99.0
2004-11-02,26.4,15.4,22.1,83.0,1015.9,9.3,40.0,72.0
2004-11-03,0.0,11.2,22.0,78.0,1018.9,7.4,34.0,69.0
2004-11-04,0.0,9.7,23.2,78.0,1019.8,5.0,358.0,47.0
2004-11-05,0.0,9.6,18.9,87.0,1018.9,5.4,32.0,63.0
2004-11-06,5.5,11.3,15.4,88.0,1017.1,7.6,45.0,78.0
2004-11-07,1.0,5.7,13.1,80.0,1013.4,7.2,29.0,47.0
2004-11-08,0.0,1.1,12.2,66.0,1010.6,6.5,328.0,14.0
2004-11-09,0.4,-0.9,11.2,60.0,1005.9,6.1,343.0,31.0
2004-11-10,36.4,4.8,7.4,85.0,1003.8,17.3,30.0,99.0
2004-11-11,11.5,6.6,10.7,82.0,1011.8,11.2,24.0,96.0
2004-11-12,5.7,7.5,14.2,84.0,1017.8,7.8,2.0,94.0
2004-11-13,0.4,4.1,15.8,76.0,1010.4,7.2,10.0,59.0
2004-11-14,0.0,3.9,10.1,51.0,1013.5,9.0,23.0,79.0
2004-11-15,0.0,4.3,9.9,57.0,1017.1,5.4,333.0,84.0
2004-11-16,0.0,0.2,11.1,75.0,1020.2,5.0,339.0,12.0
2004-11-17,0.0,0.2,12.8,81.0,1025.0,5.0,280.0,5.0
2004-11-18,0.0,0.7,12.1,83.0,1019.1,4.2,246.0,32.0
2004-11-19,0.0,3.7,14.3,71.0,1006.6,8.8,287.0,57.0
2004-11-20,0.0,-2.2,9.4,55.0,1017.4,6.9,288.0,6.0
2004-11-21,0.0,-3.0,9.1,62.0,1024.1,6.0,287.0,0.0
2004-11-22,0.0,-1.0,9.0,72.0,1026.6,4.1,278.0,58.0
2004-11-23,0.0,0.7,10.0,85.0,1021.7,3.4,270.0,23.0
2004-11-24,0.0,-0.1,11.7,83.0,1024.9,5.5,26.0,15.0
2004-11-25,0.0,3.2,9.0,86.0,1030.0,6.3,19.0,65.0
2004-11-26,0.0,0.4,9.2,92.0,1028.6,3.8,288.0,48.0
2004-11-27,0.0,1.7,10.6,89.0,1024.1,3.7,310.0,47.0
2004-11-28,0.0,-0.7,9.5,87.0,1022.0,3.7,308.0,93.0
2004-11-29,14.6,3.6,7.9,91.0,1016.8,8.0,28.0,100.0
2004-11-30,44.0,6.9,9.0,90.0,1011.9,13.0,36.0,99.0
2004-12-01,2.9,3.6,10.7,89.0,1014.5,5.9,21.0,71.0
2004-12-02,0.8,3.8,9.7,90.0,1015.7,4.7,296.0,80.0
2004-12-03,2.5,3.3,10.4,92.0,1019.6,3.9,274.0,63.0
2004-12-04,0.2,1.9,12.3,84.0,1025.9,7.3,16.0,77.0
2004-12-05,6.9,7.6,10.7,86.0,1025.3,7.7,19.0,99.0
2004-12-06,0.4,7.0,13.0,89.0,1024.6,4.4,7.0,63.0
2004-12-07,0.0,2.4,13.2,86.0,1028.1,5.2,10.0,30.0
2004-12-08,0.0,2.4,12.8,83.0,1026.6,6.1,15.0,67.0
2004-12-09,0.0,2.8,12.1,76.0,1025.3,7.8,29.0,32.0
2004-12-10,0.0,-1.7,11.6,72.0,1023.2,6.0,2.0,1.0
2004-12-11,0.0,-1.8,12.0,71.0,1025.7,4.6,343.0,0.0
2004-12-12,0.0,-1.7,11.6,76.0,1027.2,4.6,354.0,0.0
2004-12-13,0.0,-1.8,9.9,81.0,1028.3,3.4,337.0,1.0
2004-12-14,0.0,-1.8,9.3,84.0,1028.5,3.9,326.0,14.0
2004-12-15,0.0,-1.6,8.3,82.0,1027.1,3.8,348.0,50.0
2004-12-16,1.4,-1.1,8.5,86.0,1023.0,5.1,14.0,80.0
2004-12-17,0.1,1.9,8.9,91.0,1009.4,4.5,256.0,81.0
2004-12-18,0.2,-1.0,10.2,77.0,1002.0,7.0,301.0,34.0
2004-12-19,0.0,-3.0,6.8,66.0,1006.9,3.8,356.0,53.0
2004-12-20,0.0,-1.3,7.3,72.0,1014.0,9.9,47.0,52.0
2004-12-21,0.0,-3.9,6.9,65.0,1022.6,5.8,1.0,11.0
2004-12-22,0.0,-3.6,5.3,64.0,1023.3,5.1,300.0,23.0
2004-12-23,0.0,-1.4,5.2,76.0,1018.9,4.4,262.0,12.0
2004-12-24,0.0,-2.4,3.9,77.0,1016.3,3.5,19.0,56.0
2004-12-25,0.9,-1.4,5.0,81.0,1011.4,4.7,12.0,85.0
2004-12-26,33.1,3.1,7.2,91.0,998.0,9.8,28.0,100.0
2004-12-27,13.2,5.7,8.6,91.0,1003.9,7.0,20.0,98.0
2004-12-28,4.2,4.1,7.8,90.0,1009.1,5.0,15.0,96.0
2004-12-29,1.8,-0.2,9.3,80.0,1013.6,7.5,4.0,82.0
2004-12-30,0.0,-3.3,7.4,62.0,1028.8,7.0,353.0,3.0
2004-12-31,0.0,-3.3,8.6,71.0,1027.5,5.2,328.0,5.0
2005-01-01,0.0,-2.5,10.0,76.0,1025.2,5.0,294.0,33.0
2005-01-02,0.0,-1.5,7.4,78.0,1022.4,3.9,324.0,44.0
2005-01-03,0.0,-3.0,9.9,78.0,1027.4,6.9,296.0,11.0
2005-01-04,0.0,-2.8,9.8,73.0,1029.3,5.3,292.0,11.0
2005-01-05,0.0,-1.7,8.0,85.0,1029.4,3.4,354.0,21.0
2005-01-06,0.0,-0.7,7.5,90.0,1029.1,3.5,10.0,44.0
2005-01-07,0.0,-1.5,7.8,88.0,1035.4,3.6,345.0,22.0
2005-01-08,0.0,-1.5,6.9,89.0,1032.7,3.7,260.0,45.0
2005-01-09,0.0,-1.5,7.2,89.0,1031.5,3.1,355.0,83.0
2005-01-10,0.0,-1.6,10.1,90.0,1033.3,4.6,288.0,30.0
2005-01-11,0.0,-1.5,8.1,90.0,1031.2,3.4,356.0,37.0
2005-01-12,0.0,-1.2,8.2,88.0,1029.2,3.6,288.0,25.0
2005-01-13,0.0,-1.2,7.2,87.0,1025.9,3.2,304.0,54.0
2005-01-14,0.0,-2.3,8.0,86.0,1026.8,4.0,2.0,19.0
2005-01-15,0.0,0.3,6.8,88.0,1029.5,3.7,327.0,63.0
2005-01-16,0.0,-1.4,6.0,85.0,1031.5,4.3,354.0,39.0
2005-01-17,0.0,-3.4,7.0,83.0,1028.0,4.7,294.0,4.0
2005-01-18,6.5,-3.1,3.6,82.0,1014.5,5.8,39.0,68.0
2005-01-19,1.6,-2.1,7.3,84.0,1006.2,8.0,360.0,87.0
2005-01-20,0.0,-4.2,8.3,71.0,1014.9,7.2,284.0,34.0
2005-01-21,0.0,-2.9,8.8,79.0,1004.1,4.3,21.0,14.0
2005-01-22,1.0,-2.8,9.6,84.0,1009.8,5.7,306.0,10.0
2005-01-23,0.0,-4.1,6.4,68.0,1015.1,4.8,347.0,58.0
2005-01-24,0.0,-4.3,6.2,63.0,1008.7,6.2,356.0,67.0
2005-01-25,0.0,-4.4,4.4,38.0,1007.1,10.0,1.0,86.0
2005-01-26,0.0,-3.5,3.1,39.0,1003.8,9.4,348.0,94.0
2005-01-27,0.0,-2.5,4.5,43.0,1007.4,5.6,352.0,50.0
2005-01-28,0.0,-2.8,1.8,62.0,1010.1,7.7,44.0,84.0
2005-01-29,0.0,-3.7,4.0,50.0,1011.8,7.4,28.0,58.0
2005-01-30,0.0,-5.3,3.9,60.0,1021.6,5.3,350.0,0.0
2005-01-31,0.0,-4.9,6.5,65.0,1021.8,6.7,290.0,9.0
2005-02-01,0.0,-3.5,8.2,69.0,1013.5,5.5,6.0,11.0
2005-02-02,0.0,-4.2,8.5,59.0,1020.7,7.7,286.0,12.0
2005-02-03,0.0,-2.9,10.5,68.0,1020.3,4.8,346.0,3.0
2005-02-04,0.2,-0.9,6.5,77.0,1030.1,6.2,55.0,42.0
2005-02-05,0.0,-0.6,4.3,72.0,1029.5,4.6,57.0,64.0
2005-02-06,0.0,-3.0,4.7,64.0,1029.5,5.8,39.0,8.0
2005-02-07,0.0,-3.7,3.8,60.0,1031.8,6.6,53.0,12.0
2005-02-08,0.0,-2.7,5.0,55.0,1034.8,4.9,58.0,37.0
2005-02-09,0.0,-1.8,7.8,65.0,1033.4,3.6,355.0,0.0
2005-02-10,0.0,-3.0,10.0,74.0,1032.9,6.0,283.0,21.0
2005-02-11,0.0,-1.0,9.2,77.0,1027.2,4.1,275.0,68.0
2005-02-12,0.0,0.5,9.3,85.0,1017.7,3.8,236.0,78.0
2005-02-13,0.1,-0.3,12.5,81.0,998.1,5.4,314.0,45.0
2005-02-14,0.0,-4.0,10.0,61.0,995.3,8.1,1.0,44.0
2005-02-15,0.0,-3.1,8.8,50.0,997.9,5.7,343.0,75.0
2005-02-16,0.0,-3.2,7.5,44.0,1004.8,7.4,357.0,91.0
2005-02-17,0.0,-3.0,7.8,52.0,1012.4,5.8,314.0,76.0
2005-02-18,0.0,-0.2,8.1,65.0,1016.6,5.0,268.0,39.0
2005-02-19,0.0,-1.6,7.2,71.0,1010.6,5.1,22.0,12.0
2005-02-20,1.9,-0.4,6.4,72.0,1005.2,9.4,43.0,91.0
2005-02-21,10.3,0.6,1.8,84.0,1001.2,14.9,49.0,100.0
2005-02-22,2.3,-0.9,3.5,82.0,1002.4,4.1,49.0,82.0
2005-02-23,0.1,-3.6,4.0,82.0,1005.9,6.8,343.0,61.0
2005-02-24,0.0,-2.9,6.6,74.0,1011.7,4.9,89.0,27.0
2005-02-25,0.2,-1.8,7.5,70.0,1011.2,4.7,329.0,59.0
2005-02-26,0.0,-3.2,7.8,68.0,1008.7,6.2,26.0,64.0
2005-02-27,3.7,-1.4,4.4,77.0,1004.4,4.8,35.0,93.0
2005-02-28,2.8,-3.2,0.5,50.0,1013.6,11.3,76.0,78.0
2005-03-01,0.0,-4.0,0.7,43.0,1015.3,4.5,81.0,8.0
2005-03-02,0.0,-3.8,3.3,50.0,1010.7,4.7,288.0,2.0
2005-03-03,9.8,-3.4,1.6,74.0,1012.5,9.2,36.0,83.0
2005-03-04,0.7,-6.8,3.3,84.0,1008.1,5.1,278.0,35.0
2005-03-05,0.0,-9.7,4.2,77.0,1003.6,4.8,356.0,53.0
2005-03-06,1.5,-4.5,6.4,77.0,1007.2,5.3,340.0,55.0
2005-03-07,0.1,-4.6,5.9,66.0,1014.5,5.5,342.0,50.0
2005-03-08,0.0,-2.6,10.5,53.0,1016.6,8.3,264.0,23.0
2005-03-09,0.0,-2.6,12.7,62.0,1018.3,6.3,293.0,14.0
2005-03-10,0.0,-2.7,12.6,64.0,1021.1,7.0,84.0,14.0
2005-03-11,0.0,-0.7,10.7,72.0,1019.9,7.1,251.0,23.0
2005-03-12,0.0,0.2,12.2,71.0,1005.0,13.8,243.0,40.0
2005-03-13,0.0,-0.8,12.5,67.0,1008.6,7.0,85.0,17.0
2005-03-14,0.0,0.4,13.3,73.0,1018.0,5.8,38.0,50.0
2005-03-15,0.0,2.2,15.2,77.0,1024.1,4.4,85.0,27.0
2005-03-16,0.0,1.3,17.5,78.0,1030.4,4.9,236.0,10.0
2005-03-17,0.0,2.9,18.9,80.0,1029.7,5.0,225.0,20.0
2005-03-18,0.0,3.9,20.2,76.0,1026.1,4.4,240.0,8.0
2005-03-19,0.0,4.7,21.0,74.0,1018.4,4.3,53.0,9.0
2005-03-20,0.0,7.1,13.1,75.0,1018.6,8.6,74.0,34.0
2005-03-21,0.0,5.6,14.4,67.0,1017.9,5.0,88.0,60.0
2005-03-22,0.0,4.2,16.0,71.0,1019.3,5.2,101.0,86.0
2005-03-23,1.0,7.0,14.4,79.0,1022.2,4.7,72.0,84.0
2005-03-24,0.0,6.5,16.1,83.0,1022.2,4.5,91.0,80.0
2005-03-25,3.9,9.4,16.5,85.0,1018.7,4.3,179.0,92.0
2005-03-26,1.3,10.3,14.2,92.0,1014.0,5.0,74.0,96.0
2005-03-27,4.3,9.3,14.4,91.0,1007.9,5.4,64.0,97.0
2005-03-28,0.7,4.2,19.2,79.0,1008.8,4.2,273.0,74.0
2005-03-29,3.6,6.7,17.8,82.0,1013.7,6.4,60.0,79.0
2005-03-30,2.2,5.5,17.0,83.0,1013.2,4.2,21.0,81.0
2005-03-31,0.2,8.3,16.5,70.0,1017.4,9.7,43.0,57.0
2005-04-01,0.0,7.3,14.2,59.0,1024.5,8.5,68.0,42.0
2005-04-02,0.0,3.9,14.0,56.0,1028.3,8.3,66.0,5.0
2005-04-03,0.0,1.0,15.5,61.0,1028.9,5.2,119.0,8.0
2005-04-04,0.0,1.1,16.1,60.0,1029.3,5.1,122.0,2.0
2005-04-05,0.0,1.5,15.9,65.0,1028.9,5.3,95.0,5.0
2005-04-06,0.0,2.8,17.5,70.0,1026.4,5.8,159.0,36.0
2005-04-07,0.0,5.3,16.2,74.0,1018.2,5.4,252.0,92.0
2005-04-08,13.3,7.2,17.0,76.0,1008.1,4.9,141.0,78.0
2005-04-09,12.9,9.5,14.4,82.0,1003.6,6.0,24.0,97.0
2005-04-10,14.6,7.7,11.5,82.0,1012.9,13.0,44.0,100.0
2005-04-11,6.8,6.9,15.1,74.0,1016.0,13.2,40.0,95.0
2005-04-12,3.0,8.5,14.3,80.0,1016.8,5.2,47.0,81.0
2005-04-13,0.0,3.2,17.8,73.0,1010.8,3.9,273.0,31.0
2005-04-14,0.0,5.6,20.1,70.0,1008.1,6.7,245.0,12.0
2005-04-15,0.0,7.7,18.6,69.0,1008.3,8.0,234.0,10.0
2005-04-16,18.5,7.0,12.4,90.0,1003.9,10.3,62.0,75.0
2005-04-17,0.1,3.1,14.3,77.0,999.4,4.9,157.0,69.0
2005-04-18,0.3,4.9,18.3,70.0,999.6,6.7,240.0,43.0
2005-04-19,5.2,8.7,16.5,78.0,1002.5,3.7,175.0,67.0
2005-04-20,11.1,8.7,13.3,86.0,1003.9,5.3,29.0,87.0
2005-04-21,16.8,5.8,15.8,83.0,1009.4,6.3,55.0,74.0
2005-04-22,0.1,6.5,14.8,66.0,1016.8,6.3,177.0,48.0
2005-04-23,0.0,4.0,15.4,67.0,1017.6,4.9,209.0,77.0
2005-04-24,5.8,8.6,15.1,83.0,1017.9,3.9,88.0,100.0
2005-04-25,11.6,9.1,15.8,85.0,1011.3,8.7,319.0,86.0
2005-04-26,0.0,4.8,20.6,75.0,1012.7,5.1,207.0,24.0
2005-04-27,0.0,7.1,21.0,77.0,1017.9,6.2,76.0,23.0
2005-04-28,0.5,8.8,20.5,75.0,1019.3,5.2,68.0,55.0
2005-04-29,0.1,8.9,21.0,75.0,1020.4,5.0,62.0,72.0
2005-04-30,0.0,8.7,22.9,73.0,1018.3,5.0,93.0,39.0
2005-05-01,0.0,9.8,24.3,73.0,1017.3,5.2,104.0,20.0
2005-05-02,0.0,11.2,25.3,71.0,1018.8,6.1,244.0,44.0
2005-05-03,0.0,12.8,24.8,65.0,1016.7,8.9,241.0,82.0
2005-05-04,3.9,12.5,23.2,69.0,1011.0,7.1,257.0,28.0
2005-05-05,7.2,10.6,18.1,78.0,1009.4,3.5,30.0,75.0
2005-05-06,2.6,7.2,21.0,74.0,1009.2,4.8,257.0,25.0
2005-05-07,0.3,8.7,21.3,67.0,1008.3,5.7,219.0,33.0
2005-05-08,2.3,8.5,19.2,73.0,1005.9,7.2,75.0,27.0
2005-05-09,0.6,9.1,16.2,71.0,1010.6,8.8,74.0,62.0
2005-05-10,0.0,7.7,15.7,73.0,1013.4,6.8,60.0,92.0
2005-05-11,0.0,10.3,17.9,71.0,1016.0,7.8,70.0,56.0
2005-05-12,0.0,7.1,19.0,62.0,1019.0,8.7,59.0,51.0
2005-05-13,0.0,8.3,20.5,58.0,1018.8,6.2,64.0,56.0
2005-05-14,1.8,9.0,18.2,70.0,1016.3,5.4,54.0,86.0
2005-05-15,0.1,9.2,21.7,75.0,1014.6,4.5,192.0,51.0
2005-05-16,3.3,12.2,19.6,84.0,1013.2,5.9,65.0,92.0
2005-05-17,11.6,9.7,21.1,83.0,1011.1,4.7,67.0,70.0
2005-05-18,53.5,13.1,17.7,83.0,1007.9,7.6,9.0,93.0
2005-05-19,1.0,10.0,20.7,73.0,1017.7,5.9,152.0,31.0
2005-05-20,0.0,12.0,22.1,72.0,1021.6,5.3,172.0,47.0
2005-05-21,0.0,10.8,24.5,71.0,1018.2,4.7,168.0,71.0
2005-05-22,0.0,13.7,24.6,73.0,1014.9,5.0,115.0,61.0
2005-05-23,4.1,12.6,22.7,75.0,1014.7,8.0,57.0,67.0
2005-05-24,0.1,11.7,24.1,67.0,1019.7,4.8,339.0,29.0
2005-05-25,0.0,12.8,25.2,66.0,1023.4,5.0,61.0,12.0
2005-05-26,0.0,14.5,26.1,66.0,1022.5,4.2,36.0,6.0
2005-05-27,0.0,12.7,28.3,65.0,1019.3,3.9,18.0,4.0
2005-05-28,0.0,13.7,29.6,61.0,1017.6,2.9,63.0,5.0
2005-05-29,0.0,14.3,30.5,60.0,1017.0,3.4,96.0,5.0
2005-05-30,0.0,15.5,30.6,62.0,1014.6,6.9,246.0,33.0
2005-05-31,5.2,17.2,25.2,72.0,1015.0,10.3,50.0,52.0
2005-06-01,0.7,16.4,23.0,62.0,1018.4,9.8,69.0,44.0
2005-06-02,0.0,13.4,23.9,60.0,1017.8,6.9,65.0,32.0
2005-06-03,0.0,12.4,26.6,63.0,1016.8,4.5,117.0,2.0
2005-06-04,0.0,14.2,26.8,67.0,1014.5,5.4,76.0,70.0
2005-06-05,2.4,17.2,21.7,75.0,1014.3,10.1,56.0,87.0
2005-06-06,0.7,15.1,22.9,60.0,1015.6,8.7,55.0,66.0
2005-06-07,12.2,12.6,23.4,72.0,1017.4,6.4,36.0,55.0
2005-06-08,0.0,7.4,21.3,52.0,1024.7,5.1,23.0,31.0
2005-06-09,0.0,11.8,19.7,52.0,1021.7,4.5,269.0,37.0
2005-06-10,0.0,8.4,22.6,54.0,1016.2,6.7,273.0,29.0
2005-06-11,0.0,10.0,22.9,57.0,1012.9,8.7,253.0,34.0
2005-06-12,0.0,14.2,23.1,63.0,1011.3,7.8,224.0,52.0
2005-06-13,0.2,13.6,24.5,72.0,1012.9,5.8,91.0,54.0
2005-06-14,20.7,15.3,19.4,89.0,1014.7,9.2,53.0,88.0
2005-06-15,0.0,13.2,24.4,77.0,1016.5,4.0,37.0,71.0
2005-06-16,0.3,13.8,27.4,69.0,1019.1,4.9,35.0,39.0
2005-06-17,0.0,15.7,29.2,61.0,1022.8,4.0,15.0,73.0
2005-06-18,0.0,16.2,30.5,64.0,1019.2,4.5,283.0,51.0
2005-06-19,0.0,19.6,27.6,68.0,1016.4,7.1,78.0,58.0
2005-06-20,0.4,18.5,28.7,62.0,1016.2,5.4,130.0,40.0
2005-06-21,0.0,17.2,30.3,54.0,1016.9,4.9,159.0,53.0
2005-06-22,0.0,17.5,31.3,62.0,1018.3,4.3,88.0,62.0
2005-06-23,0.2,18.3,32.0,66.0,1018.0,4.4,17.0,37.0
2005-06-24,1.5,20.8,30.7,70.0,1017.2,4.7,27.0,59.0
2005-06-25,0.2,19.3,31.7,71.0,1015.9,4.7,254.0,50.0
2005-06-26,0.0,20.2,31.7,67.0,1018.0,3.9,54.0,34.0
2005-06-27,0.9,21.0,31.4,67.0,1017.7,3.6,1.0,38.0
2005-06-28,2.9,20.3,31.9,73.0,1014.4,5.4,34.0,63.0
2005-06-29,8.0,20.2,32.1,72.0,1009.3,6.5,35.0,67.0
2005-06-30,2.8,18.7,30.5,67.0,1007.5,4.5,305.0,38.0
2005-07-01,13.5,18.2,24.8,78.0,1008.6,6.2,41.0,59.0
2005-07-02,0.0,14.9,28.5,57.0,1014.7,5.4,307.0,13.0
2005-07-03,0.0,17.8,28.3,60.0,1016.7,5.7,84.0,40.0
2005-07-04,0.0,18.4,29.0,61.0,1013.4,5.1,95.0,59.0
2005-07-05,24.2,17.0,22.9,78.0,1008.4,6.1,48.0,67.0
2005-07-06,0.0,12.6,24.8,61.0,1011.3,4.7,88.0,20.0
2005-07-07,6.3,15.3,23.9,69.0,1010.1,7.5,57.0,78.0
2005-07-08,8.9,16.4,24.3,70.0,1010.6,5.5,36.0,59.0
2005-07-09,3.6,15.0,21.1,75.0,1014.3,7.6,50.0,57.0
2005-07-10,2.6,14.9,25.2,70.0,1015.5,4.4,290.0,57.0
2005-07-11,2.3,16.3,24.3,73.0,1015.8,3.9,325.0,87.0
2005-07-12,1.8,14.7,27.9,69.0,1017.2,4.0,0.0,86.0
2005-07-13,2.5,17.3,26.5,74.0,1018.2,4.5,274.0,69.0
2005-07-14,0.0,15.8,28.8,68.0,1018.5,5.3,261.0,24.0
2005-07-15,0.0,17.7,30.3,65.0,1018.3,5.0,297.0,21.0
2005-07-16,0.0,17.2,31.0,72.0,1015.5,4.6,301.0,35.0
2005-07-17,0.4,19.0,31.4,77.0,1013.7,4.4,358.0,47.0
2005-07-18,0.2,21.4,30.5,75.0,1012.5,6.3,322.0,73.0
2005-07-19,3.0,20.0,29.8,66.0,1012.7,6.4,262.0,37.0
2005-07-20,0.0,19.2,28.6,68.0,1017.8,5.5,66.0,29.0
2005-07-21,5.6,18.5,27.4,76.0,1012.4,5.3,37.0,27.0
2005-07-22,6.2,16.6,27.0,75.0,1009.0,5.5,22.0,37.0
2005-07-23,5.4,15.9,26.3,69.0,1008.8,6.1,65.0,62.0
2005-07-24,0.1,16.8,26.3,71.0,1010.9,4.4,84.0,45.0
2005-07-25,2.1,18.8,27.9,77.0,1011.5,5.1,146.0,70.0
2005-07-26,0.0,20.2,29.7,75.0,1011.5,5.4,60.0,76.0
2005-07-27,0.0,20.0,31.3,71.0,1013.7,5.3,69.0,40.0
2005-07-28,0.0,18.8,33.4,67.0,1015.1,4.0,206.0,9.0
2005-07-29,0.0,20.4,34.9,66.0,1014.0,4.9,142.0,17.0
2005-07-30,0.0,22.1,33.9,64.0,1009.8,5.2,57.0,34.0
2005-07-31,0.2,20.9,31.2,64.0,1008.2,5.7,306.0,27.0
2005-08-01,0.0,21.1,30.1,59.0,1012.2,8.4,45.0,21.0
2005-08-02,1.1,19.3,28.7,62.0,1012.8,9.3,44.0,56.0
2005-08-03,9.8,17.4,26.6,75.0,1011.6,5.3,332.0,69.0
2005-08-04,3.1,16.6,26.4,66.0,1014.3,6.3,312.0,25.0
2005-08-05,0.0,14.4,27.2,56.0,1017.4,4.7,103.0,5.0
2005-08-06,0.0,15.4,27.7,56.0,1013.2,4.7,77.0,68.0
2005-08-07,9.3,16.2,20.4,77.0,1008.9,9.8,57.0,76.0
2005-08-08,0.9,11.3,23.1,70.0,1012.3,5.1,39.0,25.0
2005-08-09,0.0,13.1,25.8,61.0,1015.1,5.4,63.0,19.0
2005-08-10,0.0,13.5,26.7,67.0,1013.6,6.2,342.0,49.0
2005-08-11,4.5,17.2,24.6,78.0,1011.8,4.8,20.0,77.0
2005-08-12,15.2,18.0,24.4,78.0,1012.4,7.7,59.0,49.0
2005-08-13,2.2,15.0,26.7,70.0,1014.3,3.6,3.0,44.0
2005-08-14,6.3,17.3,24.8,74.0,1013.9,6.5,66.0,57.0
2005-08-15,14.7,15.0,23.0,77.0,1011.4,4.0,20.0,52.0
2005-08-16,0.0,12.9,25.2,69.0,1012.5,4.8,203.0,58.0
2005-08-17,0.0,13.3,28.4,65.0,1014.4,5.3,296.0,10.0
2005-08-18,0.0,16.0,27.4,69.0,1016.1,5.5,148.0,47.0
2005-08-19,0.1,17.7,27.9,70.0,1014.9,4.4,120.0,25.0
2005-08-20,11.2,18.6,23.3,84.0,1014.0,7.3,40.0,89.0
2005-08-21,45.0,16.4,20.6,91.0,1010.5,6.6,28.0,96.0
2005-08-22,10.0,14.8,19.3,90.0,1007.6,5.3,289.0,97.0
2005-08-23,2.7,14.7,23.8,83.0,1009.2,3.1,122.0,80.0
2005-08-24,0.4,16.0,25.1,80.0,1012.3,4.0,101.0,42.0
2005-08-25,0.8,16.5,25.2,80.0,1012.7,5.6,243.0,64.0
2005-08-26,0.9,16.9,25.5,78.0,1014.5,5.4,244.0,36.0
2005-08-27,9.1,17.6,23.1,83.0,1016.8,6.5,54.0,95.0
2005-08-28,26.6,17.7,21.3,86.0,1017.0,9.0,50.0,87.0
2005-08-29,0.0,15.6,26.7,74.0,1022.4,6.4,37.0,16.0
2005-08-30,0.0,15.5,27.1,80.0,1022.4,4.4,39.0,9.0
2005-08-31,0.0,17.5,27.1,74.0,1018.7,5.5,32.0,23.0
2005-09-01,0.0,16.3,28.0,72.0,1016.4,2.9,2.0,20.0
2005-09-02,0.6,17.2,29.2,75.0,1019.1,4.3,322.0,51.0
2005-09-03,6.3,19.0,26.7,78.0,1023.0,5.6,27.0,68.0
2005-09-04,3.9,16.9,24.2,78.0,1023.1,7.5,41.0,40.0
2005-09-05,0.0,16.1,23.4,69.0,1020.6,7.3,47.0,31.0
2005-09-06,0.2,12.9,23.5,74.0,1017.5,6.6,57.0,25.0
2005-09-07,0.2,14.4,23.3,82.0,1017.9,8.8,44.0,64.0
2005-09-08,3.6,16.7,25.1,82.0,1019.8,5.1,72.0,70.0
2005-09-09,52.4,17.5,20.2,93.0,1014.9,8.6,35.0,97.0
2005-09-10,0.3,14.5,24.1,82.0,1011.4,5.6,251.0,49.0
2005-09-11,13.4,17.3,23.6,84.0,1010.0,3.1,122.0,53.0
2005-09-12,1.4,15.6,23.1,77.0,1013.5,4.7,281.0,36.0
2005-09-13,0.0,12.6,24.2,71.0,1019.9,3.3,284.0,16.0
2005-09-14,0.0,13.7,24.7,73.0,1020.5,3.8,280.0,23.0
2005-09-15,0.0,14.1,25.5,77.0,1017.5,4.1,206.0,40.0
2005-09-16,0.0,16.9,24.1,81.0,1008.6,3.8,24.0,56.0
2005-09-17,37.2,13.3,22.0,86.0,1005.2,6.6,31.0,86.0
2005-09-18,25.9,12.0,14.7,85.0,1014.5,10.6,28.0,100.0
2005-09-19,0.3,13.8,16.3,78.0,1018.0,3.1,36.0,95.0
2005-09-20,0.0,13.6,19.1,79.0,1016.7,3.0,56.0,79.0
2005-09-21,0.6,14.1,20.3,76.0,1017.9,4.9,53.0,61.0
2005-09-22,0.0,12.2,20.5,73.0,1019.2,5.3,43.0,66.0
2005-09-23,0.0,12.9,21.0,75.0,1018.5,4.3,27.0,48.0
2005-09-24,0.0,13.8,22.4,76.0,1017.7,3.8,43.0,27.0
2005-09-25,0.4,11.4,21.9,79.0,1016.5,4.1,35.0,37.0
2005-09-26,0.4,12.0,22.6,78.0,1020.0,3.6,294.0,41.0
2005-09-27,0.0,13.1,22.4,82.0,1021.6,3.9,321.0,86.0
2005-09-28,2.3,13.5,22.0,86.0,1021.2,4.1,52.0,69.0
2005-09-29,4.0,14.6,21.7,89.0,1016.3,5.3,275.0,80.0
2005-09-30,0.5,11.7,19.2,75.0,1018.6,5.8,38.0,36.0
2005-10-01,0.0,13.3,18.2,70.0,1018.5,4.4,125.0,63.0
2005-10-02,17.8,11.2,16.0,85.0,1014.3,8.9,44.0,94.0
2005-10-03,78.6,12.5,14.5,88.0,1016.6,14.6,33.0,100.0
2005-10-04,2.5,11.5,18.9,84.0,1019.7,6.6,31.0,68.0
2005-10-05,15.1,9.6,17.8,88.0,1020.5,7.5,32.0,86.0
2005-10-06,15.7,14.7,17.4,86.0,1021.3,10.3,46.0,99.0
2005-10-07,14.0,13.9,16.2,83.0,1021.8,12.9,42.0,100.0
2005-10-08,5.6,14.0,17.5,82.0,1020.2,9.2,37.0,99.0
2005-10-09,0.0,9.8,18.7,77.0,1023.3,5.1,39.0,33.0
2005-10-10,0.0,9.7,18.4,73.0,1026.0,8.7,38.0,37.0
2005-10-11,0.0,8.4,18.0,68.0,1024.1,9.2,33.0,10.0
2005-10-12,0.0,8.0,17.1,70.0,1023.1,6.8,35.0,18.0
2005-10-13,0.0,6.5,17.3,75.0,1021.1,4.5,272.0,22.0
2005-10-14,0.0,5.6,18.1,82.0,1025.2,3.7,10.0,4.0
2005-10-15,0.0,6.2,18.5,86.0,1028.0,4.3,327.0,36.0
2005-10-16,0.0,6.4,17.6,90.0,1022.6,4.1,335.0,53.0
2005-10-17,0.0,9.5,14.5,78.0,1022.6,7.4,53.0,59.0
2005-10-18,0.0,8.8,13.6,74.0,1024.3,5.3,57.0,65.0
2005-10-19,0.8,4.9,13.3,84.0,1024.4,3.2,23.0,93.0
2005-10-20,13.1,9.6,11.7,91.0,1020.6,7.0,25.0,100.0
2005-10-21,0.0,11.4,16.2,88.0,1015.9,4.3,241.0,89.0
2005-10-22,0.0,9.1,17.4,86.0,1015.2,3.7,263.0,73.0
2005-10-23,0.0,11.5,17.5,88.0,1017.6,4.0,259.0,87.0
2005-10-24,0.0,8.7,18.3,88.0,1021.9,3.8,267.0,78.0
2005-10-25,0.0,12.8,18.8,87.0,1023.1,5.0,245.0,92.0
2005-10-26,0.0,8.5,18.6,88.0,1024.2,3.9,281.0,66.0
2005-10-27,0.0,9.2,18.1,90.0,1025.7,4.1,263.0,79.0
2005-10-28,0.0,9.2,17.8,91.0,1024.5,3.5,270.0,83.0
2005-10-29,0.0,7.7,18.2,90.0,1023.7,4.0,284.0,47.0
2005-10-30,0.0,7.4,16.3,91.0,1023.6,3.2,64.0,74.0
2005-10-31,0.0,8.5,14.3,91.0,1022.3,2.3,77.0,97.0
2005-11-01,7.4,10.0,13.5,91.0,1022.1,5.1,33.0,96.0
2005-11-02,0.0,11.5,17.1,86.0,1021.9,4.2,276.0,90.0
2005-11-03,0.7,9.1,16.6,89.0,1022.7,3.1,287.0,81.0
2005-11-04,0.0,9.5,15.1,90.0,1022.8,3.1,317.0,98.0
2005-11-05,4.9,9.8,15.3,90.0,1022.3,3.8,50.0,98.0
2005-11-06,43.1,11.9,13.6,87.0,1024.0,14.6,37.0,100.0
2005-11-07,2.2,10.7,16.8,84.0,1024.3,4.8,359.0,74.0
2005-11-08,0.0,7.1,17.4,86.0,1027.4,4.2,358.0,20.0
2005-11-09,0.0,6.4,15.9,85.0,1025.9,3.8,349.0,21.0
2005-11-10,0.0,6.1,16.1,88.0,1029.9,4.1,291.0,46.0
2005-11-11,0.0,4.5,15.5,85.0,1030.4,3.5,334.0,15.0
2005-11-12,0.0,3.7,13.2,89.0,1024.2,3.2,349.0,55.0
2005-11-13,0.0,4.2,12.6,90.0,1022.0,4.3,21.0,95.0
2005-11-14,0.0,4.4,12.1,88.0,1024.8,4.1,5.0,57.0
2005-11-15,0.0,6.5,12.9,89.0,1017.9,3.3,334.0,94.0
2005-11-16,0.0,5.9,11.4,91.0,1003.7,4.8,246.0,85.0
2005-11-17,0.2,4.4,12.7,83.0,1004.4,6.1,38.0,64.0
2005-11-18,0.1,1.3,9.8,78.0,1014.8,5.3,14.0,41.0
2005-11-19,0.0,-2.6,9.0,78.0,1021.9,4.7,345.0,17.0
2005-11-20,0.0,-3.2,8.3,81.0,1027.8,4.8,266.0,10.0
2005-11-21,0.0,-2.1,8.3,83.0,1022.0,4.7,19.0,33.0
2005-11-22,0.0,0.0,7.8,75.0,1024.3,8.0,35.0,27.0
2005-11-23,0.0,-0.7,6.2,54.0,1022.1,13.0,46.0,62.0
2005-11-24,0.0,-0.1,5.4,65.0,1014.7,5.3,344.0,81.0
2005-11-25,2.2,-1.6,2.2,88.0,1001.8,5.7,25.0,88.0
2005-11-26,16.1,0.1,2.4,93.0,997.7,6.0,351.0,100.0
2005-11-27,0.0,-3.1,4.4,91.0,996.5,5.2,261.0,84.0
2005-11-28,0.0,-3.4,4.1,86.0,1004.1,4.8,314.0,40.0
2005-11-29,8.2,-3.4,4.8,87.0,1009.3,8.2,11.0,95.0
2005-11-30,0.1,-4.3,8.7,84.0,1009.1,5.1,339.0,45.0
2005-12-01,0.8,-1.3,7.8,75.0,1012.5,6.0,3.0,36.0
2005-12-02,1.7,-2.7,6.0,86.0,1013.5,5.4,0.0,70.0
2005-12-03,22.4,0.6,8.4,92.0,1006.3,9.9,1.0,79.0
2005-12-04,1.2,-3.2,8.8,92.0,1011.1,4.6,355.0,44.0
2005-12-05,6.5,4.2,9.3,91.0,1004.2,5.2,357.0,90.0
2005-12-06,0.2,-0.5,8.3,90.0,1001.6,4.7,303.0,85.0
2005-12-07,0.0,-1.7,9.1,84.0,1011.6,5.5,307.0,47.0
2005-12-08,0.4,-3.0,6.9,84.0,1019.4,5.9,1.0,69.0
2005-12-09,0.6,1.9,8.9,67.0,1024.2,12.2,32.0,83.0
2005-12-10,0.0,-2.0,6.3,67.0,1033.5,9.8,38.0,0.0
2005-12-11,0.0,-3.3,7.4,64.0,1032.7,8.5,24.0,10.0
2005-12-12,8.0,-0.1,6.6,70.0,1025.9,5.6,9.0,98.0
2005-12-13,0.1,1.3,9.9,85.0,1024.5,4.2,1.0,77.0
2005-12-14,0.0,-1.8,9.0,83.0,1017.6,5.7,26.0,43.0
2005-12-15,0.0,-3.2,7.8,83.0,1016.3,6.1,288.0,8.0
2005-12-16,0.0,-1.8,6.3,82.0,1004.8,4.3,256.0,52.0
2005-12-17,0.6,-4.1,8.3,84.0,1000.2,6.0,347.0,41.0
2005-12-18,0.0,-4.6,6.9,61.0,1014.7,7.8,297.0,8.0
2005-12-19,0.0,-3.7,5.3,62.0,1024.0,5.1,280.0,40.0
2005-12-20,0.0,-2.4,6.3,72.0,1027.3,4.2,274.0,24.0
2005-12-21,0.0,-2.9,6.8,74.0,1027.9,4.0,326.0,0.0
2005-12-22,0.0,-2.7,4.6,78.0,1028.4,4.0,319.0,43.0
2005-12-23,0.0,-2.2,5.7,79.0,1026.2,3.8,341.0,21.0
2005-12-24,0.0,-2.6,5.9,84.0,1025.0,4.2,261.0,29.0
2005-12-25,0.0,-0.7,5.1,87.0,1018.6,3.6,12.0,97.0
2005-12-26,0.5,-1.0,7.1,87.0,1010.1,5.1,11.0,82.0
2005-12-27,6.2,0.4,3.4,87.0,1003.7,9.5,41.0,88.0
2005-12-28,9.2,-2.5,2.6,88.0,998.9,7.1,25.0,76.0
2005-12-29,2.1,-7.3,1.1,80.0,1010.9,4.0,335.0,69.0
2005-12-30,0.0,-10.4,0.4,71.0,1016.7,7.8,284.0,7.0
2005-12-31,0.8,-3.2,1.3,67.0,1017.3,4.2,9.0,94.0
2006-01-01,6.0,-1.4,2.0,89.0,1008.6,4.3,294.0,100.0
2006-01-02,4.4,-1.5,5.2,92.0,1009.0,3.8,300.0,98.0
2006-01-03,0.0,-6.5,8.6,80.0,1017.7,5.1,340.0,57.0
2006-01-04,0.0,-5.7,5.8,73.0,1021.2,7.1,357.0,16.0
2006-01-05,0.0,-4.9,7.1,73.0,1018.2,6.9,356.0,80.0
2006-01-06,0.0,-4.9,7.9,75.0,1019.9,4.9,340.0,52.0
2006-01-07,0.0,-2.9,8.1,81.0,1025.3,5.4,9.0,47.0
2006-01-08,0.0,-2.8,6.1,79.0,1029.8,7.8,32.0,27.0
2006-01-09,0.0,-3.3,5.4,74.0,1030.5,5.4,4.0,10.0
2006-01-10,0.0,-5.0,7.6,71.0,1030.0,5.9,330.0,0.0
2006-01-11,0.0,-3.9,9.0,72.0,1029.3,5.8,312.0,0.0
2006-01-12,0.0,-3.9,8.0,70.0,1030.5,6.6,4.0,1.0
2006-01-13,0.0,-4.3,6.5,73.0,1033.4,5.5,359.0,0.0
2006-01-14,0.0,-4.6,5.8,72.0,1031.0,5.7,9.0,1.0
2006-01-15,0.0,-4.1,3.6,72.0,1031.2,7.5,32.0,5.0
2006-01-16,0.0,-3.5,4.7,70.0,1028.4,5.1,313.0,36.0
2006-01-17,0.8,-2.6,1.8,83.0,1023.3,3.2,285.0,92.0
2006-01-18,0.9,-1.6,5.0,85.0,1010.1,3.9,235.0,63.0
2006-01-19,0.0,-3.7,8.7,79.0,1019.5,3.7,304.0,1.0
2006-01-20,0.0,-3.5,6.0,81.0,1026.4,3.3,350.0,25.0
2006-01-21,0.0,-3.4,5.2,84.0,1021.8,3.2,341.0,55.0
2006-01-22,0.0,-2.9,9.1,78.0,1022.1,4.3,301.0,14.0
2006-01-23,0.8,-3.2,2.2,84.0,1028.7,7.8,70.0,44.0
2006-01-24,0.0,-4.3,3.2,62.0,1034.7,5.9,29.0,1.0
2006-01-25,0.0,-5.8,3.0,63.0,1027.1,4.1,354.0,59.0
2006-01-26,5.2,-4.6,1.8,67.0,1018.8,11.4,39.0,72.0
2006-01-27,26.9,-0.1,2.5,88.0,1021.9,16.4,39.0,100.0
2006-01-28,4.1,2.3,6.4,86.0,1025.8,12.1,34.0,100.0
2006-01-29,0.0,4.3,7.9,91.0,1027.0,7.1,28.0,100.0
2006-01-30,0.4,0.7,11.2,89.0,1024.7,6.8,21.0,98.0
2006-01-31,0.0,-2.6,11.8,80.0,1019.9,3.8,313.0,36.0
2006-02-01,0.0,-1.9,12.7,74.0,1018.5,4.2,318.0,10.0
2006-02-02,0.0,-2.7,11.5,70.0,1014.8,3.8,329.0,1.0
2006-02-03,0.0,-2.7,11.2,77.0,1013.9,3.9,339.0,10.0
2006-02-04,0.0,-2.1,9.2,81.0,1015.4,5.6,27.0,54.0
2006-02-05,0.0,-1.7,4.7,70.0,1022.6,7.0,62.0,37.0
2006-02-06,0.0,-1.0,4.1,65.0,1024.2,3.6,142.0,48.0
2006-02-07,0.0,-3.7,4.7,72.0,1022.8,4.3,260.0,38.0
2006-02-08,1.1,-2.3,4.9,79.0,1012.2,2.8,52.0,72.0
2006-02-09,0.0,-3.7,8.1,81.0,1006.7,3.9,276.0,20.0
2006-02-10,0.0,-3.7,9.6,68.0,1010.7,6.3,302.0,10.0
2006-02-11,0.0,-3.9,9.3,53.0,1019.5,5.8,339.0,1.0
2006-02-12,0.0,-4.1,7.9,63.0,1024.0,4.4,311.0,8.0
2006-02-13,0.0,-4.1,7.7,70.0,1023.0,4.7,324.0,8.0
2006-02-14,0.0,-4.0,8.1,74.0,1023.4,4.9,291.0,24.0
2006-02-15,2.0,-1.5,5.5,85.0,1018.7,3.3,19.0,94.0
2006-02-16,2.2,1.1,5.8,93.0,1004.1,2.9,285.0,95.0
2006-02-17,0.0,2.0,12.2,85.0,1000.5,6.0,240.0,57.0
2006-02-18,8.5,-0.0,8.2,95.0,1008.4,6.6,24.0,93.0
2006-02-19,2.2,-2.5,10.0,90.0,1010.4,6.5,25.0,79.0
2006-02-20,18.4,3.3,9.1,95.0,1007.1,6.1,12.0,98.0
2006-02-21,2.7,0.6,9.4,93.0,1011.2,7.2,25.0,99.0
2006-02-22,9.1,2.7,8.6,91.0,1016.1,7.1,30.0,93.0
2006-02-23,0.3,1.6,9.9,83.0,1015.5,8.6,40.0,78.0
2006-02-24,11.4,4.3,7.1,80.0,1008.7,13.3,50.0,100.0
2006-02-25,4.4,4.0,7.8,80.0,1008.6,7.9,55.0,99.0
2006-02-26,0.1,-1.1,7.9,86.0,1009.4,3.7,255.0,93.0
2006-02-27,2.4,1.1,6.4,81.0,1010.0,10.3,59.0,66.0
2006-02-28,0.0,-3.2,5.0,63.0,1008.1,5.5,55.0,44.0
2006-03-01,0.0,-2.6,6.9,71.0,1007.0,5.5,82.0,49.0
2006-03-02,0.7,-2.6,6.9,76.0,1006.7,6.3,299.0,42.0
2006-03-03,0.0,-4.5,8.1,74.0,1008.5,5.1,11.0,75.0
2006-03-04,0.0,1.4,12.1,82.0,999.7,5.9,229.0,88.0
2006-03-05,16.6,4.1,11.1,84.0,994.2,8.0,94.0,96.0
2006-03-06,0.0,-1.1,9.4,62.0,1008.4,5.8,50.0,57.0
2006-03-07,0.0,-3.2,9.5,55.0,1014.1,6.6,327.0,29.0
2006-03-08,0.0,-2.0,8.6,54.0,1016.6,5.8,143.0,70.0
2006-03-09,0.0,0.2,10.0,70.0,1009.8,3.9,78.0,74.0
2006-03-10,6.1,2.1,10.4,84.0,1005.6,5.5,347.0,89.0
2006-03-11,0.4,0.7,12.2,73.0,1003.4,6.6,319.0,43.0
2006-03-12,7.0,-2.0,3.7,63.0,1008.3,11.1,355.0,65.0
2006-03-13,0.0,-2.6,10.5,49.0,1015.5,7.8,342.0,46.0
2006-03-14,0.0,-0.8,10.6,63.0,1017.3,4.9,64.0,11.0
2006-03-15,0.0,-1.4,10.4,78.0,1017.5,4.6,163.0,35.0
2006-03-16,0.1,1.0,9.2,79.0,1017.4,6.7,54.0,73.0
2006-03-17,0.0,0.1,10.4,75.0,1017.8,4.9,46.0,53.0
2006-03-18,0.0,0.9,9.9,72.0,1017.7,6.5,68.0,53.0
2006-03-19,0.0,-1.2,11.2,73.0,1015.1,5.0,144.0,36.0
2006-03-20,0.0,-1.4,12.5,77.0,1013.1,4.5,186.0,22.0
2006-03-21,8.7,3.3,8.5,91.0,1011.2,4.1,43.0,93.0
2006-03-22,0.2,3.6,14.1,84.0,1005.7,3.5,271.0,96.0
2006-03-23,2.1,4.3,14.2,82.0,1005.3,5.4,242.0,78.0
2006-03-24,0.2,4.7,10.6,77.0,1012.1,5.5,78.0,90.0
2006-03-25,0.1,2.4,14.4,77.0,1015.2,5.2,256.0,57.0
2006-03-26,0.0,2.7,17.5,81.0,1020.1,4.1,208.0,85.0
2006-03-27,0.0,6.4,17.3,85.0,1018.4,4.9,234.0,92.0
2006-03-28,8.1,7.1,15.5,89.0,1010.3,3.9,80.0,87.0
2006-03-29,0.1,4.2,18.1,68.0,1008.9,9.6,262.0,26.0
2006-03-30,0.0,3.5,17.4,68.0,1016.8,7.1,261.0,61.0
2006-03-31,0.9,6.5,18.1,79.0,1015.2,7.7,250.0,68.0
2006-04-01,0.2,8.5,17.2,80.0,1016.9,6.1,42.0,95.0
2006-04-02,0.3,6.8,18.0,78.0,1014.8,3.4,40.0,55.0
2006-04-03,7.4,6.4,16.6,86.0,1014.4,6.1,32.0,59.0
2006-04-04,0.0,0.7,16.7,73.0,1015.7,7.1,235.0,28.0
2006-04-05,2.5,5.6,13.2,79.0,1008.0,8.9,49.0,91.0
2006-04-06,10.9,5.2,9.7,85.0,1007.8,9.3,42.0,75.0
2006-04-07,0.0,2.9,13.2,67.0,1015.5,3.8,72.0,29.0
2006-04-08,0.0,-0.0,16.3,69.0,1016.4,5.3,231.0,4.0
2006-04-09,0.0,3.5,15.1,76.0,1015.6,4.8,207.0,84.0
2006-04-10,9.9,6.8,14.7,89.0,1009.5,9.4,52.0,89.0
2006-04-11,15.6,6.7,12.1,81.0,1005.0,7.0,347.0,70.0
2006-04-12,0.0,0.4,14.5,68.0,1009.7,4.6,304.0,62.0
2006-04-13,0.0,1.0,17.4,64.0,1012.1,6.4,255.0,28.0
2006-04-14,0.0,3.1,19.3,67.0,1014.1,5.6,246.0,4.0
2006-04-15,0.4,6.2,18.4,79.0,1017.6,5.1,224.0,89.0
2006-04-16,0.2,7.6,17.8,82.0,1014.0,6.6,253.0,63.0
2006-04-17,2.4,7.9,16.8,88.0,1012.6,6.4,62.0,88.0
2006-04-18,0.7,7.5,18.9,78.0,1010.3,8.2,35.0,99.0
2006-04-19,1.1,8.1,18.7,68.0,1011.9,6.7,28.0,55.0
2006-04-20,0.0,6.0,20.3,69.0,1014.8,4.4,262.0,64.0
2006-04-21,0.0,7.9,20.5,70.0,1016.4,5.3,267.0,18.0
2006-04-22,0.0,6.4,22.5,68.0,1015.5,6.8,258.0,4.0
2006-04-23,0.0,8.5,22.2,67.0,1014.3,5.5,93.0,10.0
2006-04-24,0.0,8.3,22.4,70.0,1017.3,6.4,80.0,30.0
2006-04-25,0.0,9.0,23.1,65.0,1017.9,6.3,81.0,79.0
2006-04-26,0.5,10.8,21.3,68.0,1015.4,3.4,319.0,69.0
2006-04-27,5.6,9.6,18.6,77.0,1012.8,6.3,31.0,82.0
2006-04-28,4.0,11.0,19.5,77.0,1009.3,4.9,49.0,87.0
2006-04-29,12.3,10.7,17.8,84.0,1005.8,5.7,60.0,85.0
2006-04-30,11.3,8.5,12.9,72.0,1009.3,11.3,48.0,93.0
2006-05-01,0.0,5.0,17.6,70.0,1013.1,4.7,144.0,89.0
2006-05-02,0.5,9.7,17.9,80.0,1018.4,4.6,93.0,67.0
2006-05-03,0.0,9.5,20.7,75.0,1020.9,4.8,72.0,28.0
2006-05-04,0.0,9.1,20.6,69.0,1020.7,8.5,60.0,24.0
2006-05-05,0.0,12.7,19.6,52.0,1022.7,9.5,56.0,67.0
2006-05-06,0.3,8.8,21.1,55.0,1020.2,4.1,23.0,37.0
2006-05-07,0.0,7.3,21.0,65.0,1017.8,5.1,53.0,27.0
2006-05-08,3.3,9.7,20.0,78.0,1016.6,5.2,83.0,76.0
2006-05-09,25.4,11.0,13.6,91.0,1012.0,8.8,34.0,99.0
2006-05-10,0.1,8.3,20.7,69.0,1011.6,4.7,252.0,50.0
2006-05-11,1.2,9.1,20.9,68.0,1014.6,5.7,253.0,30.0
2006-05-12,0.0,9.9,23.0,65.0,1019.6,6.5,212.0,42.0
2006-05-13,0.0,10.6,22.5,64.0,1019.3,6.1,231.0,58.0
2006-05-14,11.5,12.2,20.2,81.0,1017.8,4.0,263.0,67.0
2006-05-15,0.0,9.7,22.0,76.0,1021.3,5.2,178.0,77.0
2006-05-16,0.0,10.2,24.5,71.0,1019.4,5.2,215.0,68.0
2006-05-17,0.0,12.3,25.5,78.0,1017.3,5.5,246.0,64.0
2006-05-18,0.0,16.0,24.7,79.0,1017.8,6.2,88.0,90.0
2006-05-19,0.0,15.3,25.5,75.0,1011.3,7.3,198.0,39.0
2006-05-20,0.6,16.1,22.9,73.0,1007.6,7.2,59.0,92.0
2006-05-21,0.0,14.8,24.1,68.0,1008.5,6.0,235.0,69.0
2006-05-22,0.0,14.0,25.8,71.0,1012.0,6.6,88.0,26.0
2006-05-23,0.0,13.4,25.1,72.0,1013.2,6.2,131.0,63.0
2006-05-24,6.2,13.2,18.9,80.0,1017.3,7.3,65.0,81.0
2006-05-25,0.0,9.7,21.4,71.0,1021.5,4.6,180.0,65.0
2006-05-26,0.0,10.0,24.7,68.0,1020.4,4.6,236.0,76.0
2006-05-27,0.0,11.9,25.3,77.0,1018.9,4.4,76.0,82.0
2006-05-28,0.0,13.9,28.9,76.0,1014.6,7.4,266.0,81.0
2006-05-29,7.7,14.2,19.1,82.0,1007.9,11.5,55.0,90.0
2006-05-30,13.3,10.5,15.3,81.0,1003.7,6.9,8.0,87.0
2006-05-31,0.8,5.2,17.1,69.0,1010.8,6.4,56.0,55.0
2006-06-01,0.9,6.9,19.5,55.0,1015.3,7.1,31.0,51.0
2006-06-02,1.6,10.2,20.0,53.0,1016.2,9.2,30.0,80.0
2006-06-03,0.0,11.7,21.4,49.0,1015.1,7.7,315.0,91.0
2006-06-04,0.1,7.6,23.6,53.0,1015.7,6.0,285.0,45.0
2006-06-05,3.9,11.0,20.6,73.0,1017.1,8.4,47.0,88.0
2006-06-06,7.0,11.8,19.9,75.0,1020.1,5.9,65.0,61.0
2006-06-07,0.3,8.8,20.5,65.0,1023.3,4.8,31.0,16.0
2006-06-08,0.0,9.6,21.3,62.0,1024.4,4.9,75.0,42.0
2006-06-09,0.0,11.8,22.0,61.0,1023.6,4.6,45.0,42.0
2006-06-10,0.2,10.0,25.7,62.0,1020.0,7.1,267.0,50.0
2006-06-11,0.3,14.8,22.3,62.0,1024.7,7.5,96.0,37.0
2006-06-12,0.0,11.2,25.1,57.0,1026.5,5.7,77.0,11.0
2006-06-13,0.1,11.8,28.3,60.0,1021.8,5.8,249.0,16.0
2006-06-14,0.0,14.4,29.9,66.0,1017.2,4.8,70.0,13.0
2006-06-15,0.0,17.3,30.5,63.0,1017.3,5.0,255.0,17.0
2006-06-16,0.0,17.3,30.7,57.0,1017.7,6.0,234.0,70.0
2006-06-17,0.1,18.0,31.0,58.0,1017.5,5.5,260.0,48.0
2006-06-18,0.0,17.1,31.5,64.0,1018.5,6.8,247.0,51.0
2006-06-19,0.0,17.2,31.2,65.0,1017.4,8.0,288.0,54.0
2006-06-20,0.0,18.7,32.7,59.0,1017.5,5.0,244.0,64.0
2006-06-21,0.0,18.6,34.1,60.0,1015.0,5.0,105.0,29.0
2006-06-22,0.0,17.9,31.9,65.0,1012.1,5.2,72.0,38.0
2006-06-23,1.4,20.1,30.3,63.0,1011.9,8.4,54.0,29.0
2006-06-24,0.6,20.3,31.6,60.0,1014.2,7.0,72.0,37.0
2006-06-25,0.5,20.8,32.4,61.0,1014.6,5.4,71.0,50.0
2006-06-26,0.0,19.9,33.1,64.0,1014.3,6.2,53.0,16.0
2006-06-27,0.0,19.4,34.0,60.0,1015.7,5.5,257.0,12.0
2006-06-28,0.0,20.4,34.1,59.0,1014.7,7.1,67.0,57.0
2006-06-29,17.3,21.2,28.3,68.0,1013.8,7.1,358.0,56.0
2006-06-30,0.0,16.2,31.9,55.0,1015.7,5.9,356.0,3.0
2006-07-01,0.7,20.2,29.0,60.0,1017.5,6.2,78.0,31.0
2006-07-02,0.0,20.4,27.0,67.0,1017.5,5.8,66.0,47.0
2006-07-03,0.5,19.4,27.9,65.0,1016.6,5.6,56.0,49.0
2006-07-04,0.0,18.2,28.0,63.0,1018.2,6.1,66.0,51.0
2006-07-05,0.0,18.3,28.8,60.0,1020.0,5.7,79.0,68.0
2006-07-06,6.2,18.2,28.7,66.0,1019.2,7.5,86.0,51.0
2006-07-07,14.4,18.5,25.7,78.0,1016.4,4.7,47.0,90.0
2006-07-08,1.7,15.6,27.8,70.0,1015.9,5.2,36.0,39.0
2006-07-09,0.2,16.8,29.9,62.0,1017.6,3.9,316.0,36.0
2006-07-10,0.0,17.6,31.1,59.0,1020.6,5.2,33.0,19.0
2006-07-11,0.0,18.8,31.9,56.0,1020.7,3.3,67.0,19.0
2006-07-12,0.0,20.0,31.6,59.0,1018.8,4.7,13.0,80.0
2006-07-13,0.6,19.4,31.9,60.0,1017.4,4.7,37.0,49.0
2006-07-14,0.0,19.3,31.6,59.0,1018.0,3.7,11.0,38.0
2006-07-15,0.4,20.4,30.3,60.0,1020.1,6.9,86.0,52.0
2006-07-16,0.8,21.5,27.4,58.0,1022.0,6.8,81.0,56.0
2006-07-17,0.0,19.3,28.8,52.0,1021.9,4.6,122.0,34.0
2006-07-18,0.0,17.7,30.0,55.0,1021.3,4.3,93.0,15.0
2006-07-19,0.0,15.8,33.1,51.0,1020.4,4.0,245.0,0.0
2006-07-20,0.0,16.8,35.0,45.0,1019.0,3.8,265.0,0.0
2006-07-21,0.0,17.7,35.7,44.0,1017.4,3.9,24.0,0.0
2006-07-22,0.0,18.7,35.1,44.0,1015.0,4.9,40.0,15.0
2006-07-23,0.3,20.3,34.5,51.0,1014.6,4.9,11.0,48.0
2006-07-24,0.5,21.3,33.1,55.0,1016.1,5.8,34.0,28.0
2006-07-25,0.4,21.1,33.6,56.0,1015.7,3.7,19.0,43.0
2006-07-26,2.2,22.2,32.7,63.0,1015.7,4.3,345.0,87.0
2006-07-27,0.0,21.9,33.9,60.0,1014.7,4.8,278.0,34.0
2006-07-28,0.7,22.3,33.1,62.0,1010.9,5.0,302.0,38.0
2006-07-29,2.0,19.6,29.6,69.0,1008.1,3.9,349.0,45.0
2006-07-30,0.0,19.3,31.6,59.0,1010.8,4.4,83.0,23.0
2006-07-31,0.4,20.5,31.9,61.0,1012.7,4.0,26.0,62.0
2006-08-01,24.6,22.0,27.4,81.0,1009.3,6.1,48.0,96.0
2006-08-02,7.1,19.0,25.1,76.0,1007.1,8.7,65.0,50.0
2006-08-03,24.2,17.1,21.3,74.0,1002.2,8.0,34.0,76.0
2006-08-04,0.0,14.1,22.6,71.0,1004.6,5.2,278.0,90.0
2006-08-05,3.5,12.5,24.1,72.0,1010.2,3.6,247.0,34.0
2006-08-06,0.0,13.3,27.2,67.0,1009.9,5.0,277.0,79.0
2006-08-07,0.0,14.4,29.3,67.0,1007.6,4.8,313.0,58.0
2006-08-08,0.2,14.9,27.7,64.0,1007.7,4.5,27.0,30.0
2006-08-09,2.2,16.5,25.4,71.0,1009.7,6.4,47.0,56.0
2006-08-10,1.7,15.1,25.1,72.0,1010.1,5.5,22.0,42.0
2006-08-11,2.3,14.4,23.1,73.0,1009.3,7.0,48.0,84.0
2006-08-12,10.3,14.6,20.8,77.0,1005.5,6.3,40.0,84.0
2006-08-13,0.0,10.4,21.9,70.0,1007.0,4.8,238.0,70.0
2006-08-14,1.3,13.0,22.5,74.0,1009.7,5.5,189.0,45.0
2006-08-15,0.0,13.6,24.2,70.0,1013.1,4.9,112.0,48.0
2006-08-16,5.1,16.4,21.2,84.0,1011.6,9.6,35.0,81.0
2006-08-17,2.7,14.5,26.2,82.0,1011.1,5.2,44.0,63.0
2006-08-18,0.9,18.9,28.6,70.0,1011.4,7.4,274.0,31.0
2006-08-19,0.4,16.8,26.5,71.0,1017.0,4.1,334.0,53.0
2006-08-20,0.6,17.7,27.5,75.0,1017.1,6.3,249.0,38.0
2006-08-21,5.2,16.9,25.5,68.0,1016.9,7.4,45.0,33.0
2006-08-22,0.0,15.2,26.4,72.0,1014.8,4.9,300.0,21.0
2006-08-23,0.3,17.8,25.0,77.0,1013.7,6.7,62.0,42.0
2006-08-24,4.8,17.5,24.2,81.0,1011.0,4.9,43.0,78.0
2006-08-25,11.7,16.8,22.1,83.0,1007.4,6.8,61.0,66.0
2006-08-26,0.4,14.2,23.8,73.0,1008.9,5.4,63.0,35.0
2006-08-27,3.3,14.5,23.1,73.0,1010.4,4.2,19.0,53.0
2006-08-28,4.5,12.8,22.9,82.0,1010.2,4.6,211.0,78.0
2006-08-29,0.9,14.4,24.1,72.0,1004.8,7.2,70.0,69.0
2006-08-30,5.9,12.1,23.1,70.0,1010.6,6.4,332.0,32.0
2006-08-31,0.0,10.0,24.8,64.0,1020.0,5.1,308.0,3.0
2006-09-01,0.0,12.8,25.0,72.0,1020.7,5.6,61.0,4.0
2006-09-02,0.0,12.6,26.2,70.0,1017.7,4.8,253.0,11.0
2006-09-03,0.0,14.9,27.5,69.0,1019.1,4.3,185.0,31.0
2006-09-04,0.0,16.5,28.8,74.0,1022.0,3.8,142.0,10.0
2006-09-05,0.0,17.2,29.4,81.0,1020.4,4.0,88.0,26.0
2006-09-06,0.0,18.6,29.9,79.0,1017.9,5.5,66.0,27.0
2006-09-07,0.2,19.2,29.2,78.0,1015.2,4.7,88.0,41.0
2006-09-08,8.3,20.1,27.7,80.0,1016.0,6.1,44.0,63.0
2006-09-09,0.0,16.7,23.1,60.0,1024.0,9.9,68.0,30.0
2006-09-10,0.0,12.6,25.0,60.0,1024.8,6.8,48.0,20.0
2006-09-11,0.0,13.7,25.3,62.0,1023.6,6.5,50.0,33.0
2006-09-12,0.0,13.5,25.6,65.0,1021.5,6.3,43.0,24.0
2006-09-13,0.0,13.3,25.5,65.0,1020.0,5.9,64.0,10.0
2006-09-14,2.9,14.8,21.9,79.0,1015.6,11.6,47.0,90.0
2006-09-15,73.2,16.9,21.2,92.0,1007.3,13.7,57.0,94.0
2006-09-16,15.3,17.5,21.7,88.0,1008.3,9.8,37.0,93.0
2006-09-17,44.8,16.1,18.4,92.0,1007.9,13.4,40.0,97.0
2006-09-18,2.2,12.7,23.2,80.0,1009.7,3.8,335.0,75.0
2006-09-19,0.5,14.2,23.3,81.0,1011.9,3.9,47.0,49.0
2006-09-20,0.3,13.1,23.9,83.0,1016.8,3.8,80.0,38.0
2006-09-21,0.0,15.9,24.0,80.0,1018.8,4.6,59.0,39.0
2006-09-22,0.0,15.2,25.0,80.0,1016.0,4.3,253.0,38.0
2006-09-23,0.0,15.4,22.3,78.0,1016.6,6.9,56.0,52.0
2006-09-24,0.0,12.1,22.1,73.0,1016.6,6.2,57.0,41.0
2006-09-25,3.6,14.1,19.0,85.0,1012.3,9.9,51.0,94.0
2006-09-26,0.0,13.4,24.4,71.0,1009.0,8.6,26.0,95.0
2006-09-27,0.0,12.4,24.8,65.0,1011.2,6.3,6.0,26.0
2006-09-28,0.0,13.4,24.3,69.0,1011.4,3.6,260.0,35.0
2006-09-29,0.0,12.5,23.6,76.0,1013.4,4.5,265.0,59.0
2006-09-30,0.0,13.7,23.4,76.0,1015.5,5.0,250.0,61.0
2006-10-01,0.0,15.6,23.7,79.0,1016.8,4.5,248.0,84.0
2006-10-02,0.0,16.4,23.9,80.0,1016.2,6.3,235.0,55.0
2006-10-03,4.7,17.4,24.8,81.0,1009.9,4.8,158.0,57.0
2006-10-04,10.5,14.5,23.4,83.0,1006.4,5.3,244.0,64.0
2006-10-05,0.7,9.6,19.3,76.0,1016.3,6.5,39.0,18.0
2006-10-06,0.0,9.1,19.7,72.0,1020.4,3.9,18.0,38.0
2006-10-07,0.4,10.4,18.6,80.0,1015.8,3.8,329.0,67.0
2006-10-08,0.0,8.3,21.0,75.0,1021.0,4.7,341.0,1.0
2006-10-09,0.0,7.7,20.9,77.0,1022.1,3.5,345.0,6.0
2006-10-10,0.0,8.3,22.1,76.0,1020.8,4.8,8.0,4.0
2006-10-11,0.0,8.7,21.0,73.0,1018.4,6.2,33.0,2.0
2006-10-12,0.0,7.3,20.6,78.0,1020.1,3.3,348.0,22.0
2006-10-13,0.0,9.3,22.0,79.0,1024.1,4.6,17.0,52.0
2006-10-14,0.0,12.9,19.5,73.0,1025.1,10.1,47.0,70.0
2006-10-15,0.0,9.8,19.6,63.0,1024.4,9.7,44.0,13.0
2006-10-16,0.0,6.3,18.9,75.0,1021.8,5.9,54.0,27.0
2006-10-17,0.0,10.1,16.5,64.0,1022.3,5.1,50.0,37.0
2006-10-18,0.0,4.2,16.3,76.0,1018.3,3.9,20.0,51.0
2006-10-19,2.9,8.7,16.7,82.0,1013.6,6.3,49.0,92.0
2006-10-20,3.4,12.3,16.5,86.0,1009.1,4.9,18.0,90.0
2006-10-21,2.6,10.4,16.4,92.0,1010.2,2.8,330.0,92.0
2006-10-22,0.0,9.9,18.7,88.0,1013.1,4.5,275.0,85.0
2006-10-23,0.5,11.8,17.7,90.0,1012.6,2.6,23.0,98.0
2006-10-24,8.4,13.6,21.5,89.0,1007.7,5.0,253.0,70.0
2006-10-25,0.0,11.1,20.3,88.0,1014.9,4.2,330.0,66.0
2006-10-26,0.0,11.5,20.4,84.0,1020.6,4.3,313.0,47.0
2006-10-27,0.0,8.8,20.4,88.0,1023.6,3.4,270.0,24.0
2006-10-28,0.0,10.2,22.9,86.0,1023.4,3.1,303.0,68.0
2006-10-29,0.0,10.1,21.7,86.0,1015.2,4.0,275.0,33.0
2006-10-30,0.0,10.2,19.7,75.0,1015.7,4.4,56.0,65.0
2006-10-31,0.0,12.1,17.4,77.0,1017.5,3.6,253.0,61.0
2006-11-01,0.7,9.5,17.6,81.0,1008.6,4.6,307.0,70.0
2006-11-02,0.0,4.4,11.7,44.0,1017.8,8.5,14.0,6.0
2006-11-03,0.0,0.0,12.8,54.0,1022.6,7.2,286.0,10.0
2006-11-04,0.0,1.6,11.5,69.0,1028.8,5.1,280.0,27.0
2006-11-05,0.0,-0.7,13.0,78.0,1026.3,4.7,279.0,54.0
2006-11-06,0.0,1.5,14.0,78.0,1023.9,2.7,358.0,80.0
2006-11-07,0.0,1.7,15.0,82.0,1025.6,3.6,346.0,23.0
2006-11-08,0.0,2.4,14.3,89.0,1027.4,3.6,286.0,11.0
2006-11-09,0.0,5.4,16.4,88.0,1025.4,4.7,293.0,33.0
2006-11-10,0.0,3.9,15.2,78.0,1027.6,5.8,45.0,34.0
2006-11-11,0.0,4.2,12.4,70.0,1027.2,3.8,272.0,78.0
2006-11-12,0.0,2.6,12.4,86.0,1013.4,3.2,350.0,66.0
2006-11-13,0.0,2.6,14.4,82.0,1014.7,3.9,300.0,37.0
2006-11-14,0.0,2.0,13.0,88.0,1018.4,3.9,342.0,37.0
2006-11-15,0.0,2.6,14.2,88.0,1023.5,3.2,350.0,43.0
2006-11-16,0.0,7.6,15.2,89.0,1021.8,2.8,299.0,73.0
2006-11-17,0.6,6.6,15.2,91.0,1020.0,3.5,354.0,87.0
2006-11-18,2.1,9.9,15.6,92.0,1019.7,4.8,15.0,95.0
2006-11-19,0.0,7.4,14.5,92.0,1023.0,4.9,264.0,74.0
2006-11-20,2.6,7.0,13.5,89.0,1018.2,5.3,26.0,60.0
2006-11-21,2.6,7.3,12.7,88.0,1009.6,4.4,16.0,84.0
2006-11-22,6.0,4.7,12.2,87.0,997.3,6.4,325.0,77.0
2006-11-23,0.0,0.1,12.4,76.0,1006.4,4.7,349.0,64.0
2006-11-24,0.0,2.8,11.7,81.0,1015.0,4.3,355.0,87.0
2006-11-25,0.0,6.3,14.3,89.0,1019.9,3.5,278.0,70.0
2006-11-26,0.0,5.9,13.6,94.0,1024.6,3.5,324.0,66.0
2006-11-27,0.0,6.8,13.2,92.0,1027.9,3.4,314.0,86.0
2006-11-28,0.0,5.0,13.0,90.0,1026.8,3.7,292.0,88.0
2006-11-29,0.0,2.8,13.0,88.0,1026.6,3.6,307.0,33.0
2006-11-30,0.0,2.2,14.4,81.0,1032.3,5.9,11.0,6.0
2006-12-01,0.0,1.7,12.0,86.0,1032.9,4.0,2.0,14.0
2006-12-02,0.0,-0.0,10.1,90.0,1029.1,3.7,306.0,73.0
2006-12-03,0.0,4.1,9.4,90.0,1023.3,2.9,325.0,94.0
2006-12-04,0.0,5.5,10.1,89.0,1016.5,3.4,285.0,76.0
2006-12-05,0.0,3.8,11.4,90.0,1018.2,3.8,25.0,83.0
2006-12-06,5.4,7.7,12.2,90.0,1014.3,6.5,27.0,96.0
2006-12-07,3.8,9.5,13.5,95.0,1014.1,3.6,329.0,93.0
2006-12-08,1.3,7.9,13.5,95.0,1012.4,4.9,56.0,90.0
2006-12-09,35.1,6.0,13.4,91.0,1006.4,6.3,77.0,82.0
2006-12-10,0.4,1.5,11.4,88.0,1023.5,5.4,347.0,47.0
2006-12-11,0.0,-0.5,10.4,77.0,1030.1,5.3,332.0,3.0
2006-12-12,0.0,-1.1,8.6,81.0,1026.8,3.8,332.0,48.0
2006-12-13,0.0,-1.0,10.9,81.0,1028.9,4.0,322.0,48.0
2006-12-14,0.0,-1.7,11.9,80.0,1033.3,4.0,339.0,0.0
2006-12-15,0.0,-1.3,10.3,78.0,1034.6,3.2,321.0,5.0
2006-12-16,0.0,0.5,8.7,85.0,1031.2,3.1,11.0,50.0
2006-12-17,1.1,4.2,9.1,90.0,1026.2,2.8,355.0,97.0
2006-12-18,15.9,5.3,8.0,91.0,1019.3,9.1,37.0,99.0
2006-12-19,0.0,1.2,8.6,73.0,1022.8,7.0,32.0,54.0
2006-12-20,0.0,-1.9,7.1,75.0,1030.1,4.6,360.0,3.0
2006-12-21,0.0,-2.6,9.1,73.0,1032.7,6.4,22.0,5.0
2006-12-22,0.0,-0.7,8.7,64.0,1036.1,8.0,30.0,2.0
2006-12-23,0.0,-2.7,9.2,71.0,1036.4,5.2,0.0,0.0
2006-12-24,0.0,-2.3,10.0,73.0,1031.8,4.4,341.0,0.0
2006-12-25,0.0,-2.1,10.6,79.0,1028.1,4.9,360.0,0.0
2006-12-26,0.0,-1.3,7.9,85.0,1032.6,5.4,16.0,1.0
2006-12-27,0.0,-2.5,7.1,87.0,1034.0,3.8,299.0,13.0
2006-12-28,0.0,-0.0,4.2,92.0,1031.6,2.9,253.0,61.0
2006-12-29,0.0,-0.2,4.9,87.0,1030.9,2.3,316.0,57.0
2006-12-30,0.0,-2.0,6.6,87.0,1035.4,3.7,269.0,52.0
2006-12-31,0.0,1.1,8.3,89.0,1036.5,3.1,283.0,83.0
2007-01-01,0.0,0.0,7.3,90.0,1028.4,2.5,311.0,91.0
2007-01-02,4.5,-0.7,8.5,90.0,1017.1,5.8,317.0,75.0
2007-01-03,0.0,-2.6,10.5,73.0,1024.4,6.3,294.0,15.0
2007-01-04,0.0,-0.6,7.1,78.0,1022.4,3.6,14.0,82.0
2007-01-05,0.0,-2.2,9.1,80.0,1021.1,3.5,307.0,19.0
2007-01-06,0.0,-0.2,9.1,80.0,1026.4,2.8,329.0,57.0
2007-01-07,0.0,-0.4,9.2,89.0,1024.9,3.4,302.0,66.0
2007-01-08,0.4,3.3,9.0,93.0,1020.6,4.4,297.0,93.0
2007-01-09,1.3,2.1,8.7,93.0,1023.2,3.2,285.0,91.0
2007-01-10,0.0,0.5,9.8,93.0,1028.4,2.7,276.0,85.0
2007-01-11,0.0,3.7,11.2,92.0,1025.8,4.1,234.0,84.0
2007-01-12,0.0,0.9,12.1,89.0,1020.7,4.3,329.0,28.0
2007-01-13,0.0,0.7,9.8,85.0,1026.5,2.8,348.0,31.0
2007-01-14,0.0,1.0,8.8,88.0,1027.7,3.3,315.0,23.0
2007-01-15,0.0,-0.6,11.7,88.0,1031.0,4.0,295.0,39.0
2007-01-16,0.0,0.1,7.8,91.0,1029.2,2.6,335.0,98.0
2007-01-17,0.0,3.2,8.5,90.0,1027.3,3.3,271.0,67.0
2007-01-18,0.0,1.0,9.3,93.0,1022.8,5.7,251.0,99.0
2007-01-19,0.0,1.8,15.8,85.0,1012.7,5.0,265.0,11.0
2007-01-20,0.0,1.7,11.9,91.0,1020.0,3.3,30.0,68.0
2007-01-21,0.0,3.1,11.4,95.0,1016.9,4.4,249.0,96.0
2007-01-22,3.5,5.6,10.2,95.0,1015.1,6.0,35.0,100.0
2007-01-23,37.5,6.1,9.5,96.0,1002.7,9.5,31.0,100.0
2007-01-24,1.7,0.8,7.8,88.0,993.7,4.2,260.0,76.0
2007-01-25,3.2,1.1,4.1,72.0,1008.2,12.6,41.0,89.0
2007-01-26,0.3,-1.7,3.2,65.0,1018.5,8.2,35.0,71.0
2007-01-27,0.0,-4.1,8.0,72.0,1019.7,6.4,279.0,0.0
2007-01-28,0.0,-3.3,9.0,70.0,1025.6,5.5,282.0,4.0
2007-01-29,0.0,-0.3,10.0,78.0,1017.4,5.2,289.0,35.0
2007-01-30,0.0,-2.3,11.1,79.0,1021.2,4.8,322.0,1.0
2007-01-31,0.0,-0.6,8.8,85.0,1023.0,3.9,286.0,21.0
2007-02-01,0.0,-0.2,7.8,89.0,1021.3,4.1,298.0,66.0
2007-02-02,0.0,1.0,11.3,83.0,1027.9,4.7,268.0,24.0
2007-02-03,0.0,-0.8,9.6,89.0,1024.2,4.0,1.0,35.0
2007-02-04,0.0,-0.9,11.3,78.0,1027.1,6.2,281.0,3.0
2007-02-05,0.0,-2.6,9.1,84.0,1020.6,4.3,264.0,32.0
2007-02-06,5.9,-1.0,6.5,93.0,1008.4,4.2,26.0,91.0
2007-02-07,1.4,2.4,8.3,90.0,1004.3,3.8,40.0,99.0
2007-02-08,1.4,1.9,9.5,90.0,1005.2,3.3,282.0,96.0
2007-02-09,4.6,1.5,12.1,87.0,1006.9,4.0,20.0,83.0
2007-02-10,0.4,3.8,11.2,87.0,1009.2,5.0,4.0,87.0
2007-02-11,0.0,0.8,12.1,88.0,1010.2,4.5,266.0,56.0
2007-02-12,7.0,1.2,10.1,92.0,1006.6,6.1,27.0,99.0
2007-02-13,4.0,3.6,15.0,79.0,1003.3,6.9,270.0,53.0
2007-02-14,0.0,-0.1,12.6,80.0,1013.7,4.7,2.0,60.0
2007-02-15,1.0,3.3,11.7,88.0,1015.0,3.7,348.0,68.0
2007-02-16,0.0,0.4,12.1,87.0,1021.6,5.0,30.0,42.0
2007-02-17,0.0,3.0,11.0,77.0,1023.7,5.9,34.0,51.0
2007-02-18,0.0,1.4,9.1,75.0,1021.8,6.6,60.0,41.0
2007-02-19,0.0,-1.8,11.2,79.0,1015.0,3.4,291.0,7.0
2007-02-20,0.0,-1.2,13.7,77.0,1014.1,4.6,341.0,11.0
2007-02-21,0.0,3.7,13.9,83.0,1016.1,4.1,39.0,67.0
2007-02-22,0.0,4.6,13.4,85.0,1014.6,4.3,228.0,75.0
2007-02-23,0.1,6.7,13.0,87.0,1013.8,3.7,73.0,58.0
2007-02-24,3.7,3.4,12.9,91.0,1012.7,3.9,44.0,82.0
2007-02-25,3.0,4.8,10.7,93.0,1010.1,6.7,45.0,98.0
2007-02-26,0.8,2.2,13.6,83.0,1006.5,3.4,266.0,67.0
2007-02-27,0.0,-0.3,15.4,74.0,1012.2,4.9,258.0,15.0
2007-02-28,0.0,1.7,13.3,78.0,1009.8,4.7,47.0,73.0
2007-03-01,0.0,3.2,14.2,86.0,1007.0,5.1,268.0,85.0
2007-03-02,0.0,3.0,17.3,83.0,1004.3,6.6,275.0,48.0
2007-03-03,0.0,5.8,16.3,81.0,1009.3,8.7,304.0,63.0
2007-03-04,0.0,3.1,16.7,72.0,1017.9,5.8,60.0,22.0
2007-03-05,0.0,4.3,16.2,73.0,1021.9,5.5,45.0,40.0
2007-03-06,1.0,6.6,14.2,85.0,1022.8,7.6,55.0,90.0
2007-03-07,15.7,8.6,12.9,94.0,1010.6,6.5,35.0,100.0
2007-03-08,4.3,8.2,14.6,82.0,1011.9,4.9,28.0,86.0
2007-03-09,0.1,5.5,15.2,76.0,1022.5,4.2,22.0,42.0
2007-03-10,0.1,3.3,14.8,74.0,1024.2,5.7,32.0,83.0
2007-03-11,0.0,-0.5,14.3,59.0,1029.3,8.6,28.0,24.0
2007-03-12,0.0,0.3,15.7,64.0,1027.7,6.1,30.0,0.0
2007-03-13,0.0,1.0,18.4,66.0,1025.1,3.5,331.0,28.0
2007-03-14,0.0,3.2,19.4,69.0,1026.4,4.7,330.0,0.0
2007-03-15,0.0,6.1,18.0,74.0,1026.0,5.4,72.0,4.0
2007-03-16,0.4,4.9,18.2,77.0,1022.8,4.4,69.0,17.0
2007-03-17,0.0,5.1,19.2,75.0,1019.0,5.8,258.0,56.0
2007-03-18,0.0,8.5,17.4,75.0,1011.6,8.5,249.0,48.0
2007-03-19,17.3,4.4,13.5,82.0,990.6,8.9,205.0,94.0
2007-03-20,15.6,2.3,5.7,85.0,987.6,14.4,37.0,99.0
2007-03-21,0.0,-2.5,11.4,63.0,997.0,5.8,11.0,89.0
2007-03-22,0.0,-2.7,11.2,58.0,1006.4,6.7,26.0,15.0
2007-03-23,0.0,-1.3,12.0,63.0,1003.9,6.5,291.0,58.0
2007-03-24,0.8,-0.2,11.2,69.0,1003.1,10.3,53.0,59.0
2007-03-25,20.0,5.3,10.1,81.0,1012.6,17.9,47.0,99.0
2007-03-26,12.2,7.3,14.6,67.0,1017.8,13.7,51.0,69.0
2007-03-27,0.7,6.8,13.4,56.0,1018.7,13.1,46.0,77.0
2007-03-28,0.0,4.6,13.5,60.0,1017.5,8.0,53.0,90.0
2007-03-29,0.0,4.1,13.7,70.0,1017.3,5.3,73.0,70.0
2007-03-30,12.6,4.9,9.5,87.0,1013.2,7.2,22.0,99.0
2007-03-31,12.1,6.6,11.9,87.0,1015.4,4.3,357.0,91.0
2007-04-01,0.2,4.7,15.2,78.0,1024.7,4.6,21.0,80.0
2007-04-02,0.0,4.7,16.9,74.0,1025.1,3.7,22.0,32.0
2007-04-03,1.6,5.0,17.3,79.0,1012.7,4.7,347.0,63.0
2007-04-04,3.1,8.7,16.3,75.0,1006.3,12.6,55.0,83.0
2007-04-05,0.0,7.3,15.3,64.0,1014.5,6.0,67.0,23.0
2007-04-06,0.0,2.6,19.1,72.0,1018.0,5.5,257.0,9.0
2007-04-07,0.0,5.9,20.1,67.0,1018.5,5.7,223.0,8.0
2007-04-08,1.4,7.7,18.3,73.0,1019.0,5.1,35.0,74.0
2007-04-09,0.0,5.7,19.5,74.0,1018.6,5.9,256.0,18.0
2007-04-10,0.0,8.1,20.7,75.0,1018.5,5.4,269.0,12.0
2007-04-11,0.3,8.0,21.0,79.0,1020.8,5.0,75.0,15.0
2007-04-12,0.0,8.4,21.8,74.0,1021.7,6.3,69.0,8.0
2007-04-13,0.0,8.8,21.8,73.0,1021.7,6.8,63.0,46.0
2007-04-14,0.0,8.6,22.7,70.0,1020.6,8.1,54.0,16.0
2007-04-15,0.0,9.6,23.4,61.0,1020.5,7.9,44.0,0.0
2007-04-16,0.0,11.0,22.2,62.0,1019.1,8.8,58.0,24.0
2007-04-17,0.0,10.5,21.0,59.0,1018.5,6.2,95.0,14.0
2007-04-18,0.0,9.1,22.3,64.0,1015.5,4.5,94.0,62.0
2007-04-19,0.5,12.1,17.9,72.0,1017.4,8.7,70.0,47.0
2007-04-20,0.0,8.2,21.3,73.0,1016.3,4.6,126.0,31.0
2007-04-21,0.6,10.5,20.5,81.0,1017.9,5.3,95.0,81.0
2007-04-22,0.3,12.0,22.5,75.0,1020.9,4.6,68.0,42.0
2007-04-23,0.9,10.7,24.5,72.0,1021.6,4.7,310.0,26.0
2007-04-24,0.9,11.6,25.1,76.0,1018.4,4.7,24.0,80.0
2007-04-25,0.9,15.1,22.6,69.0,1016.9,7.7,64.0,57.0
2007-04-26,0.0,14.9,21.1,59.0,1019.5,9.5,68.0,51.0
2007-04-27,0.0,10.4,22.6,59.0,1021.5,6.4,66.0,11.0
2007-04-28,0.0,7.9,24.2,57.0,1020.5,4.9,205.0,2.0
2007-04-29,0.0,10.5,25.3,58.0,1014.6,4.7,196.0,13.0
2007-04-30,0.7,12.5,21.5,71.0,1010.5,7.8,57.0,93.0
2007-05-01,0.1,12.2,20.4,68.0,1011.4,6.6,68.0,57.0
2007-05-02,18.3,11.3,15.0,78.0,1014.2,11.1,42.0,87.0
2007-05-03,1.8,11.2,18.6,72.0,1013.0,4.4,162.0,94.0
2007-05-04,28.5,11.3,14.7,90.0,1007.9,9.6,45.0,100.0
2007-05-05,9.5,10.6,18.6,84.0,1006.3,6.0,47.0,88.0
2007-05-06,0.6,8.2,20.6,75.0,1009.4,3.3,340.0,75.0
2007-05-07,0.0,8.6,23.4,67.0,1013.9,6.4,268.0,25.0
2007-05-08,0.0,9.8,26.0,65.0,1012.4,7.9,251.0,69.0
2007-05-09,0.0,14.9,27.2,69.0,1012.1,5.6,94.0,84.0
2007-05-10,0.2,15.5,25.4,75.0,1015.2,5.8,86.0,36.0
2007-05-11,0.2,14.7,25.0,73.0,1012.2,8.6,243.0,44.0
2007-05-12,0.0,15.9,25.4,71.0,1011.6,6.5,230.0,51.0
2007-05-13,0.1,15.7,24.3,75.0,1015.1,7.3,52.0,33.0
2007-05-14,2.3,15.1,26.4,74.0,1012.9,5.8,82.0,53.0
2007-05-15,2.5,13.0,21.8,74.0,1009.7,9.0,271.0,50.0
2007-05-16,0.0,9.0,20.2,61.0,1012.8,6.1,123.0,45.0
2007-05-17,0.0,10.6,21.2,69.0,1008.6,6.6,333.0,71.0
2007-05-18,0.0,9.9,22.2,61.0,1012.4,6.2,73.0,17.0
2007-05-19,0.0,13.5,23.3,59.0,1014.7,4.4,89.0,20.0
2007-05-20,0.0,11.0,25.8,63.0,1015.2,4.5,69.0,9.0
2007-05-21,0.0,12.5,27.9,63.0,1015.9,3.4,80.0,14.0
2007-05-22,0.7,14.2,31.0,62.0,1014.4,4.5,312.0,27.0
2007-05-23,2.3,16.2,29.5,63.0,1014.3,5.1,27.0,33.0
2007-05-24,1.0,16.2,29.3,66.0,1014.3,4.1,340.0,31.0
2007-05-25,2.2,16.0,28.6,73.0,1011.2,5.2,282.0,64.0
2007-05-26,9.4,16.0,26.8,77.0,1007.4,4.7,14.0,75.0
2007-05-27,25.8,15.8,22.1,89.0,1003.4,7.4,53.0,94.0
2007-05-28,25.4,11.9,19.5,88.0,995.5,8.8,116.0,82.0
2007-05-29,7.7,11.2,17.4,76.0,999.5,6.5,298.0,98.0
2007-05-30,0.2,9.5,19.7,73.0,1010.2,5.7,65.0,48.0
2007-05-31,0.1,11.8,21.1,76.0,1014.0,5.7,57.0,80.0
2007-06-01,24.4,14.6,18.6,86.0,1012.9,9.2,60.0,98.0
2007-06-02,8.1,13.9,20.9,80.0,1014.7,8.9,35.0,87.0
2007-06-03,1.0,11.8,24.3,74.0,1016.7,6.3,48.0,49.0
2007-06-04,1.3,12.9,24.3,79.0,1016.2,5.2,29.0,83.0
2007-06-05,1.2,15.2,25.3,72.0,1013.1,8.2,35.0,84.0
2007-06-06,3.2,15.4,23.0,74.0,1011.8,7.2,25.0,96.0
2007-06-07,4.5,16.7,21.8,75.0,1013.8,8.8,46.0,77.0
2007-06-08,1.8,12.9,24.7,78.0,1015.6,5.0,22.0,46.0
2007-06-09,0.0,13.8,26.5,70.0,1016.3,4.6,45.0,44.0
2007-06-10,0.3,14.5,27.4,69.0,1014.3,4.8,264.0,34.0
2007-06-11,6.9,16.5,24.8,82.0,1012.7,3.3,333.0,94.0
2007-06-12,10.3,16.5,22.9,88.0,1010.5,3.3,140.0,99.0
2007-06-13,4.0,15.6,24.9,88.0,1009.9,3.7,257.0,89.0
2007-06-14,1.8,15.5,25.5,84.0,1010.7,4.3,211.0,74.0
2007-06-15,18.9,17.4,25.0,88.0,1008.8,5.3,59.0,73.0
2007-06-16,0.8,14.1,25.6,79.0,1008.9,6.1,232.0,38.0
2007-06-17,0.1,15.8,25.7,72.0,1012.1,6.1,233.0,47.0
2007-06-18,0.0,16.3,26.9,71.0,1012.8,8.8,237.0,75.0
2007-06-19,0.1,18.8,28.4,76.0,1015.0,4.7,121.0,51.0
2007-06-20,0.0,17.9,29.6,78.0,1013.5,4.5,114.0,47.0
2007-06-21,4.4,20.5,27.7,78.0,1010.7,6.3,256.0,39.0
2007-06-22,0.8,20.7,28.4,67.0,1010.5,8.0,229.0,28.0
2007-06-23,0.6,17.3,25.3,72.0,1011.0,7.2,110.0,21.0
2007-06-24,0.0,16.7,27.8,71.0,1015.2,5.1,48.0,19.0
2007-06-25,0.0,16.6,29.5,72.0,1009.9,5.5,22.0,14.0
2007-06-26,0.0,18.3,27.1,54.0,1002.5,14.7,235.0,31.0
2007-06-27,3.5,14.9,24.5,64.0,1006.0,6.4,33.0,40.0
2007-06-28,0.1,13.0,23.1,70.0,1012.4,5.1,67.0,36.0
2007-06-29,0.2,15.6,24.6,73.0,1015.3,5.8,80.0,55.0
2007-06-30,0.0,15.9,25.9,72.0,1016.4,5.8,67.0,65.0
2007-07-01,1.1,17.3,27.0,76.0,1014.9,6.1,88.0,64.0
2007-07-02,16.3,18.8,26.1,79.0,1010.4,5.2,350.0,66.0
2007-07-03,1.5,16.4,25.0,78.0,1009.8,5.0,168.0,91.0
2007-07-04,6.3,15.0,25.8,72.0,1004.6,9.8,230.0,57.0
2007-07-05,0.7,11.2,23.9,69.0,1011.6,4.3,278.0,24.0
2007-07-06,0.0,12.1,27.6,64.0,1012.8,6.0,253.0,19.0
2007-07-07,0.0,15.9,28.9,68.0,1014.6,5.1,70.0,10.0
2007-07-08,0.1,17.2,28.1,75.0,1016.4,6.7,67.0,25.0
2007-07-09,7.8,18.4,27.2,77.0,1010.7,6.0,315.0,55.0
2007-07-10,2.5,15.8,22.3,68.0,1008.2,7.3,24.0,47.0
2007-07-11,0.0,13.4,22.5,60.0,1013.1,4.7,24.0,59.0
2007-07-12,0.0,12.0,25.4,63.0,1016.5,5.6,47.0,20.0
2007-07-13,0.0,14.9,26.9,71.0,1019.6,6.1,68.0,21.0
2007-07-14,0.0,15.1,30.7,70.0,1020.4,5.2,36.0,2.0
2007-07-15,0.0,16.6,32.0,67.0,1020.4,4.6,158.0,0.0
2007-07-16,0.0,17.6,32.8,64.0,1018.9,5.0,97.0,1.0
2007-07-17,0.0,18.5,33.7,60.0,1017.3,4.8,281.0,0.0
2007-07-18,0.0,18.4,34.6,59.0,1016.1,4.4,49.0,0.0
2007-07-19,0.0,19.2,34.4,62.0,1014.5,4.4,57.0,0.0
2007-07-20,0.0,19.7,34.3,58.0,1012.7,4.5,46.0,4.0
2007-07-21,0.0,20.6,33.8,55.0,1011.7,3.8,265.0,2.0
2007-07-22,0.0,19.6,30.6,53.0,1009.6,11.9,247.0,7.0
2007-07-23,0.0,18.4,31.3,54.0,1008.4,5.8,127.0,16.0
2007-07-24,3.6,19.9,28.3,64.0,1005.0,9.4,254.0,24.0
2007-07-25,0.0,17.1,28.4,59.0,1012.7,7.9,62.0,18.0
2007-07-26,0.0,17.1,29.4,54.0,1014.7,6.2,61.0,7.0
2007-07-27,0.0,17.1,32.4,58.0,1013.8,4.9,91.0,2.0
2007-07-28,0.0,19.8,31.8,63.0,1013.0,5.0,48.0,16.0
2007-07-29,6.3,21.4,28.6,68.0,1011.6,7.8,34.0,37.0
2007-07-30,9.2,18.4,27.7,74.0,1007.5,10.0,53.0,51.0
2007-07-31,0.3,17.3,23.8,52.0,1015.2,9.1,72.0,44.0
2007-08-01,0.0,15.0,25.9,51.0,1017.3,5.5,55.0,25.0
2007-08-02,0.0,14.3,29.4,58.0,1015.3,4.4,274.0,34.0
2007-08-03,10.6,18.1,24.1,76.0,1016.1,6.0,41.0,57.0
2007-08-04,0.0,15.2,27.6,67.0,1020.1,4.5,254.0,18.0
2007-08-05,0.1,18.2,27.1,65.0,1017.7,6.1,83.0,46.0
2007-08-06,0.0,16.9,28.6,58.0,1013.1,3.7,81.0,23.0
2007-08-07,0.0,17.2,30.4,59.0,1009.8,3.7,82.0,51.0
2007-08-08,26.0,18.8,25.5,78.0,1008.7,5.1,62.0,86.0
2007-08-09,27.6,16.6,22.1,83.0,1007.4,5.8,29.0,69.0
2007-08-10,0.5,13.4,25.3,73.0,1007.0,4.2,9.0,75.0
2007-08-11,0.0,16.0,25.7,74.0,1008.6,5.0,221.0,75.0
2007-08-12,0.1,17.1,27.3,76.0,1009.4,5.2,57.0,41.0
2007-08-13,0.8,17.3,27.1,78.0,1011.4,5.1,333.0,37.0
2007-08-14,10.2,17.8,25.9,81.0,1013.7,4.3,267.0,63.0
2007-08-15,0.0,16.9,29.2,73.0,1013.3,4.3,142.0,8.0
2007-08-16,0.1,18.3,29.9,76.0,1011.2,5.2,106.0,35.0
2007-08-17,2.9,19.4,27.6,76.0,1012.5,4.9,26.0,19.0
2007-08-18,0.0,19.0,25.1,69.0,1013.6,8.5,41.0,61.0
2007-08-19,0.0,16.0,27.4,64.0,1010.3,4.7,350.0,38.0
2007-08-20,20.1,16.8,21.5,83.0,1006.3,4.8,23.0,94.0
2007-08-21,9.0,15.1,20.3,88.0,1007.8,5.2,43.0,93.0
2007-08-22,2.8,14.0,23.5,79.0,1011.7,4.9,55.0,58.0
2007-08-23,2.0,16.6,22.6,83.0,1015.4,4.4,38.0,86.0
2007-08-24,1.5,13.9,24.2,85.0,1021.8,4.9,287.0,53.0
2007-08-25,0.0,14.8,28.2,75.0,1024.1,4.4,280.0,49.0
2007-08-26,0.0,16.1,29.7,70.0,1023.0,4.7,44.0,22.0
2007-08-27,0.0,17.4,29.6,70.0,1019.1,4.5,81.0,17.0
2007-08-28,0.0,18.0,29.1,74.0,1013.9,3.9,68.0,64.0
2007-08-29,1.9,18.9,27.2,82.0,1011.8,5.3,43.0,88.0
2007-08-30,16.3,18.1,21.7,87.0,1009.1,7.9,37.0,75.0
2007-08-31,0.3,17.5,22.1,72.0,1013.5,9.9,56.0,63.0
2007-09-01,0.0,13.6,24.7,69.0,1016.1,5.0,317.0,44.0
2007-09-02,0.0,15.7,23.1,70.0,1017.9,6.5,67.0,50.0
2007-09-03,0.1,13.9,24.1,71.0,1013.0,5.3,156.0,51.0
2007-09-04,9.7,11.9,19.1,77.0,1010.5,7.3,53.0,63.0
2007-09-05,0.3,6.7,20.2,56.0,1016.7,7.8,328.0,19.0
2007-09-06,0.0,10.1,18.9,58.0,1015.8,6.1,296.0,96.0
2007-09-07,0.0,9.7,24.0,68.0,1016.2,5.1,3.0,7.0
2007-09-08,0.0,11.5,23.5,78.0,1017.2,4.8,41.0,34.0
2007-09-09,1.6,13.1,23.4,84.0,1014.2,5.3,42.0,31.0
2007-09-10,1.0,14.6,22.4,79.0,1014.4,6.9,58.0,40.0
2007-09-11,0.0,13.1,23.1,75.0,1011.1,7.8,88.0,28.0
2007-09-12,0.0,12.0,22.6,73.0,1020.6,5.2,71.0,23.0
2007-09-13,0.0,13.1,22.7,73.0,1023.1,4.8,63.0,29.0
2007-09-14,0.0,11.5,24.9,73.0,1020.5,4.9,225.0,36.0
2007-09-15,0.0,12.7,25.4,76.0,1020.0,4.0,61.0,43.0
2007-09-16,0.1,15.3,25.1,81.0,1021.0,5.2,71.0,50.0
2007-09-17,5.3,16.8,23.0,87.0,1017.0,4.6,43.0,64.0
2007-09-18,4.8,16.1,25.2,83.0,1009.6,7.3,296.0,65.0
2007-09-19,0.0,11.7,20.1,60.0,1018.5,8.3,61.0,13.0
2007-09-20,0.0,12.0,19.6,64.0,1024.4,5.1,65.0,46.0
2007-09-21,0.0,10.0,21.3,67.0,1025.7,4.3,37.0,10.0
2007-09-22,0.0,9.4,23.1,73.0,1024.2,4.2,18.0,16.0
2007-09-23,0.0,10.5,24.6,71.0,1023.3,5.2,41.0,33.0
2007-09-24,0.0,10.0,23.7,69.0,1020.0,5.3,58.0,20.0
2007-09-25,0.0,11.4,21.4,75.0,1014.2,7.0,59.0,35.0
2007-09-26,106.9,12.5,15.8,87.0,1008.1,12.7,33.0,96.0
2007-09-27,24.9,11.2,15.9,87.0,1004.4,11.0,51.0,94.0
2007-09-28,9.9,9.4,16.5,81.0,1007.4,5.1,253.0,77.0
2007-09-29,0.1,8.4,18.2,82.0,1019.5,4.7,38.0,61.0
2007-09-30,0.0,10.5,20.1,80.0,1025.0,4.4,335.0,70.0
2007-10-01,0.0,9.4,22.2,82.0,1025.5,3.9,310.0,74.0
2007-10-02,0.0,10.2,23.4,81.0,1021.3,3.7,305.0,33.0
2007-10-03,0.0,11.0,24.3,82.0,1020.1,3.8,215.0,27.0
2007-10-04,0.0,14.5,23.9,85.0,1020.8,3.4,63.0,97.0
2007-10-05,0.0,14.7,23.6,87.0,1019.7,4.4,234.0,70.0
2007-10-06,16.0,14.5,19.7,92.0,1016.5,7.9,50.0,89.0
2007-10-07,0.0,11.2,19.6,73.0,1018.3,7.6,48.0,20.0
2007-10-08,0.0,9.2,19.3,76.0,1020.5,4.7,35.0,12.0
2007-10-09,0.0,9.4,19.1,75.0,1021.7,8.3,36.0,89.0
2007-10-10,0.0,10.2,18.2,71.0,1020.2,8.3,38.0,89.0
2007-10-11,0.0,8.6,18.0,74.0,1021.8,5.3,23.0,71.0
2007-10-12,0.0,8.7,19.8,77.0,1019.1,4.4,292.0,50.0
2007-10-13,0.0,9.5,19.7,79.0,1019.9,5.8,44.0,25.0
2007-10-14,0.0,10.1,15.7,78.0,1025.1,5.1,68.0,59.0
2007-10-15,0.0,5.6,17.1,76.0,1025.0,3.8,25.0,14.0
2007-10-16,0.0,5.8,17.1,80.0,1025.8,4.0,25.0,18.0
2007-10-17,0.0,5.6,16.9,84.0,1023.9,3.6,290.0,75.0
2007-10-18,1.5,7.4,16.8,85.0,1020.0,4.5,16.0,71.0
2007-10-19,0.1,3.5,16.1,75.0,1022.8,6.0,339.0,26.0
2007-10-20,0.5,3.8,12.2,66.0,1024.2,7.7,38.0,47.0
2007-10-21,0.0,0.9,13.0,57.0,1021.3,5.1,3.0,17.0
2007-10-22,0.9,1.5,12.0,59.0,1012.4,8.2,325.0,87.0
2007-10-23,0.2,4.5,13.3,73.0,1010.6,4.4,352.0,76.0
2007-10-24,9.9,7.6,12.3,80.0,1015.9,8.8,39.0,99.0
2007-10-25,0.3,7.1,14.2,71.0,1019.9,8.7,35.0,96.0
2007-10-26,15.3,10.1,12.0,81.0,1020.5,13.0,37.0,100.0
2007-10-27,0.2,11.6,17.3,84.0,1024.5,4.7,344.0,85.0
2007-10-28,2.2,10.4,15.0,90.0,1022.4,5.3,48.0,84.0
2007-10-29,0.0,6.4,15.7,87.0,1019.9,3.9,42.0,70.0
2007-10-30,16.1,9.1,11.3,91.0,1014.6,9.9,37.0,99.0
2007-10-31,2.1,10.0,16.9,73.0,1018.9,7.0,31.0,54.0
2007-11-01,0.0,5.4,14.6,68.0,1025.9,5.7,33.0,13.0
2007-11-02,0.0,2.3,16.2,79.0,1027.6,3.5,337.0,12.0
2007-11-03,0.0,3.6,17.2,78.0,1024.9,3.9,339.0,14.0
2007-11-04,0.0,3.9,17.0,84.0,1018.7,4.2,297.0,14.0
2007-11-05,0.5,7.8,11.9,85.0,1023.8,5.8,41.0,68.0
2007-11-06,0.0,7.3,13.4,76.0,1021.8,3.4,1.0,67.0
2007-11-07,0.0,2.5,13.5,82.0,1021.1,4.1,292.0,44.0
2007-11-08,0.0,1.4,12.9,84.0,1017.0,4.1,23.0,26.0
2007-11-09,0.7,2.4,14.6,69.0,1009.5,7.8,305.0,50.0
2007-11-10,0.0,-0.3,11.7,52.0,1013.1,11.4,267.0,20.0
2007-11-11,0.0,-0.1,14.2,75.0,1007.7,4.7,301.0,44.0
2007-11-12,0.2,1.7,13.1,75.0,1009.8,5.3,322.0,36.0
2007-11-13,0.0,-1.8,11.2,60.0,1014.4,5.3,285.0,48.0
2007-11-14,1.5,1.1,7.7,76.0,1003.1,4.7,7.0,70.0
2007-11-15,0.0,-1.5,9.3,58.0,1008.7,7.7,2.0,48.0
2007-11-16,0.0,-3.2,7.8,54.0,1019.3,8.0,15.0,22.0
2007-11-17,0.0,-2.4,8.0,64.0,1019.5,4.4,345.0,69.0
2007-11-18,0.0,-2.3,8.5,73.0,1013.7,5.0,319.0,72.0
2007-11-19,0.0,-1.8,9.1,81.0,1018.7,4.4,312.0,63.0
2007-11-20,0.0,-1.6,8.6,84.0,1023.8,3.4,299.0,96.0
2007-11-21,0.0,-0.3,8.1,89.0,1023.8,3.5,11.0,97.0
2007-11-22,6.1,2.3,9.6,92.0,1020.3,7.8,29.0,99.0
2007-11-23,16.9,8.7,12.7,93.0,1016.4,9.0,32.0,100.0
2007-11-24,30.7,10.8,12.3,96.0,1017.7,9.0,19.0,100.0
2007-11-25,0.1,6.7,13.4,89.0,1017.6,7.9,254.0,78.0
2007-11-26,0.4,2.0,13.3,85.0,1015.0,5.2,321.0,53.0
2007-11-27,0.0,1.3,10.6,82.0,1022.6,6.6,23.0,46.0
2007-11-28,0.0,2.9,8.9,84.0,1024.2,7.8,35.0,59.0
2007-11-29,0.0,1.4,8.4,85.0,1016.8,3.9,26.0,85.0
2007-11-30,0.0,-0.8,9.9,88.0,1012.7,3.7,286.0,44.0
2007-12-01,0.0,0.2,9.5,88.0,1017.0,3.4,359.0,33.0
2007-12-02,0.0,4.3,10.6,88.0,1018.1,3.1,269.0,90.0
2007-12-03,1.1,2.1,11.7,89.0,1002.9,6.4,281.0,66.0
2007-12-04,0.0,-1.0,12.4,72.0,1011.0,5.3,333.0,38.0
2007-12-05,0.0,0.6,10.6,74.0,1024.0,5.0,349.0,36.0
2007-12-06,0.0,-1.1,10.6,83.0,1021.8,3.7,310.0,60.0
2007-12-07,1.6,1.2,8.2,90.0,1013.4,3.6,353.0,100.0
2007-12-08,3.0,4.7,11.4,87.0,1007.2,7.4,332.0,81.0
2007-12-09,2.2,0.9,7.6,93.0,1005.1,4.6,11.0,91.0
2007-12-10,0.0,-0.2,8.4,91.0,1003.6,4.3,276.0,69.0
2007-12-11,0.0,-0.8,8.9,90.0,1012.7,4.5,300.0,83.0
2007-12-12,0.0,-1.9,9.5,80.0,1020.7,4.7,326.0,86.0
2007-12-13,0.0,-1.3,10.5,76.0,1027.2,5.3,323.0,18.0
2007-12-14,0.3,-0.1,6.3,82.0,1026.9,4.3,300.0,44.0
2007-12-15,5.2,-1.7,4.4,79.0,1028.4,5.2,23.0,73.0
2007-12-16,0.0,-1.5,5.3,74.0,1029.6,7.8,36.0,40.0
2007-12-17,0.0,-2.5,5.3,67.0,1030.9,11.2,48.0,15.0
2007-12-18,0.0,-3.1,5.7,63.0,1032.8,5.1,5.0,27.0
2007-12-19,0.0,-3.2,8.0,74.0,1035.0,5.2,307.0,0.0
2007-12-20,0.0,-3.4,8.5,74.0,1034.4,4.3,310.0,0.0
2007-12-21,0.0,-2.4,9.3,72.0,1031.3,4.1,346.0,0.0
2007-12-22,0.0,-0.6,7.8,80.0,1031.5,4.5,1.0,66.0
2007-12-23,0.8,0.6,6.9,87.0,1030.6,3.1,293.0,96.0
2007-12-24,0.3,-0.4,6.9,93.0,1027.5,3.2,276.0,55.0
2007-12-25,0.0,-0.3,6.6,86.0,1026.3,5.1,21.0,42.0
2007-12-26,0.0,-1.8,7.3,80.0,1028.1,4.4,326.0,67.0
2007-12-27,0.0,-2.3,8.0,74.0,1033.0,4.9,3.0,30.0
2007-12-28,0.0,-2.8,7.7,77.0,1033.8,4.1,322.0,1.0
2007-12-29,0.0,-1.8,4.6,79.0,1029.8,3.5,350.0,16.0
2007-12-30,0.0,-1.2,5.3,87.0,1023.7,3.8,342.0,93.0
2007-12-31,0.0,-2.9,9.0,76.0,1023.9,4.3,323.0,6.0
2008-01-01,0.9,-0.7,5.8,81.0,1023.3,3.5,344.0,60.0
2008-01-02,1.0,-0.6,4.0,88.0,1022.9,4.4,32.0,86.0
2008-01-03,2.8,-1.5,1.9,77.0,1020.9,10.0,39.0,97.0
2008-01-04,5.1,1.3,4.9,87.0,1023.4,10.3,31.0,100.0
2008-01-05,8.7,3.6,6.5,92.0,1023.0,6.2,25.0,100.0
2008-01-06,6.0,1.7,8.0,94.0,1016.4,3.7,257.0,73.0
2008-01-07,0.2,-1.1,8.5,91.0,1021.5,4.0,310.0,61.0
2008-01-08,0.0,-0.3,10.2,88.0,1025.8,4.3,318.0,27.0
2008-01-09,0.0,0.2,7.3,91.0,1025.4,3.2,277.0,91.0
2008-01-10,0.0,1.3,8.6,89.0,1026.6,3.1,345.0,75.0
2008-01-11,4.5,2.7,6.5,96.0,1023.2,4.2,34.0,98.0
2008-01-12,31.2,5.0,9.7,95.0,1012.3,8.9,32.0,100.0
2008-01-13,17.8,6.7,9.4,91.0,1016.5,7.4,29.0,96.0
2008-01-14,0.0,4.9,9.5,90.0,1020.3,3.7,253.0,87.0
2008-01-15,1.7,1.5,8.5,93.0,1020.2,5.1,41.0,97.0
2008-01-16,16.6,4.9,7.6,95.0,1011.5,7.2,42.0,100.0
2008-01-17,18.5,5.8,9.2,90.0,1013.0,8.3,15.0,100.0
2008-01-18,0.5,3.7,11.6,87.0,1021.7,3.7,276.0,68.0
2008-01-19,0.0,2.6,9.5,93.0,1028.5,3.8,326.0,85.0
2008-01-20,0.0,2.9,9.2,90.0,1029.1,2.7,238.0,64.0
2008-01-21,0.0,2.4,7.7,93.0,1025.2,3.4,227.0,84.0
2008-01-22,0.0,0.9,8.4,89.0,1014.3,3.5,331.0,65.0
2008-01-23,0.0,-3.7,8.5,62.0,1028.2,4.7,346.0,0.0
2008-01-24,0.0,-2.0,9.6,75.0,1033.0,4.2,307.0,1.0
2008-01-25,0.0,-1.6,12.1,77.0,1033.3,5.0,0.0,46.0
2008-01-26,0.0,-2.2,12.6,81.0,1034.4,5.3,298.0,26.0
2008-01-27,0.0,-2.6,13.4,80.0,1023.8,5.2,307.0,88.0
2008-01-28,0.0,-0.2,13.8,77.0,1026.7,6.4,38.0,75.0
2008-01-29,0.0,0.1,10.4,86.0,1029.9,5.1,32.0,54.0
2008-01-30,0.0,-0.5,8.0,90.0,1025.4,4.0,329.0,82.0
2008-01-31,1.2,1.6,10.1,88.0,1022.5,3.4,10.0,93.0
2008-02-01,0.0,2.5,8.4,91.0,1018.2,3.5,252.0,94.0
2008-02-02,7.6,2.7,7.7,94.0,1014.6,3.9,21.0,87.0
2008-02-03,3.2,2.6,6.5,84.0,1024.3,10.6,47.0,93.0
2008-02-04,13.4,4.5,9.0,90.0,1017.4,7.0,47.0,100.0
2008-02-05,17.2,4.7,12.4,82.0,1018.8,7.5,349.0,65.0
2008-02-06,0.0,-1.2,12.2,80.0,1025.0,4.9,274.0,36.0
2008-02-07,0.0,-1.2,14.0,71.0,1029.1,6.3,333.0,7.0
2008-02-08,0.0,-2.0,10.3,59.0,1035.6,4.9,5.0,3.0
2008-02-09,0.0,-1.8,9.6,69.0,1035.4,5.6,23.0,0.0
2008-02-10,0.0,-2.2,9.6,74.0,1033.9,5.7,22.0,6.0
2008-02-11,0.0,-1.9,9.2,77.0,1033.7,4.7,31.0,1.0
2008-02-12,0.0,-2.7,8.9,78.0,1033.1,5.5,31.0,0.0
2008-02-13,0.0,-2.3,10.0,76.0,1034.3,5.2,311.0,0.0
2008-02-14,0.0,-2.6,12.0,75.0,1031.2,4.5,275.0,0.0
2008-02-15,0.0,-0.5,9.9,75.0,1027.2,5.3,57.0,6.0
2008-02-16,0.0,0.8,5.1,67.0,1035.9,5.6,117.0,60.0
2008-02-17,0.0,-0.6,4.1,62.0,1043.5,4.9,156.0,58.0
2008-02-18,0.0,-2.7,7.7,71.0,1033.5,5.3,255.0,3.0
2008-02-19,0.0,-1.5,9.9,76.0,1028.0,3.5,272.0,1.0
2008-02-20,0.0,-0.4,9.4,83.0,1028.0,4.2,132.0,72.0
2008-02-21,0.0,1.2,12.0,80.0,1028.4,3.9,356.0,37.0
2008-02-22,0.0,0.2,11.8,86.0,1030.2,3.3,123.0,43.0
2008-02-23,0.0,1.0,11.6,89.0,1029.4,3.3,261.0,44.0
2008-02-24,0.0,1.1,14.3,89.0,1029.4,3.6,215.0,30.0
2008-02-25,0.0,4.3,11.6,91.0,1026.5,2.5,135.0,86.0
2008-02-26,0.0,2.8,11.8,88.0,1022.8,3.7,194.0,84.0
2008-02-27,0.0,5.8,12.3,89.0,1019.5,3.0,112.0,97.0
2008-02-28,0.0,6.0,12.5,87.0,1023.4,4.2,20.0,96.0
2008-02-29,0.0,8.1,14.3,84.0,1022.5,5.5,224.0,90.0
2008-03-01,0.0,7.5,17.3,82.0,1007.5,11.9,243.0,65.0
2008-03-02,0.0,1.7,20.3,71.0,1007.5,8.6,270.0,16.0
2008-03-03,0.0,6.8,16.5,75.0,1009.3,5.1,70.0,37.0
2008-03-04,15.9,4.3,9.6,91.0,1006.9,11.2,52.0,96.0
2008-03-05,0.3,2.9,10.0,57.0,1013.9,12.8,51.0,90.0
2008-03-06,0.7,-1.6,10.0,46.0,1019.0,12.8,44.0,53.0
2008-03-07,9.2,4.8,12.0,74.0,1011.3,10.8,54.0,100.0
2008-03-08,4.2,5.5,10.3,83.0,1011.1,3.7,55.0,98.0
2008-03-09,0.8,5.9,11.4,82.0,1012.2,4.0,190.0,62.0
2008-03-10,2.7,3.7,11.1,91.0,1008.1,4.8,70.0,94.0
2008-03-11,3.6,6.0,13.6,82.0,1001.4,4.0,67.0,77.0
2008-03-12,0.0,2.5,16.9,83.0,1006.5,5.6,54.0,48.0
2008-03-13,0.0,1.4,15.9,80.0,1011.3,5.7,71.0,14.0
2008-03-14,0.0,3.3,15.5,83.0,1014.4,5.9,48.0,61.0
2008-03-15,0.0,5.2,14.1,90.0,1015.6,4.8,78.0,86.0
2008-03-16,3.0,8.1,14.6,89.0,1009.0,3.7,197.0,78.0
2008-03-17,3.2,4.1,16.1,82.0,1004.8,4.7,327.0,82.0
2008-03-18,8.4,4.5,10.4,87.0,1004.7,7.6,55.0,69.0
2008-03-19,0.0,4.5,10.8,61.0,1010.6,6.7,69.0,42.0
2008-03-20,0.1,-0.3,11.6,58.0,1010.4,5.9,15.0,38.0
2008-03-21,0.0,3.2,11.1,60.0,997.5,6.3,221.0,87.0
2008-03-22,3.8,-1.1,11.6,82.0,987.5,5.3,34.0,43.0
2008-03-23,2.7,0.3,9.7,84.0,992.1,7.8,32.0,89.0
2008-03-24,7.1,2.1,7.8,82.0,992.1,5.2,9.0,80.0
2008-03-25,0.1,-1.5,11.5,65.0,998.5,4.8,34.0,45.0
2008-03-26,0.0,-2.0,11.7,72.0,1005.7,6.3,48.0,46.0
2008-03-27,2.0,4.2,9.7,79.0,1002.5,9.1,39.0,95.0
2008-03-28,2.7,5.3,14.0,74.0,1010.1,7.5,34.0,73.0
2008-03-29,0.0,1.6,16.9,77.0,1018.3,4.9,5.0,15.0
2008-03-30,0.0,3.8,16.9,74.0,1020.9,7.0,70.0,30.0
2008-03-31,0.0,4.3,16.4,77.0,1015.4,6.6,54.0,77.0
2008-04-01,0.0,4.6,20.1,69.0,1016.9,5.4,276.0,45.0
2008-04-02,1.6,6.5,17.7,79.0,1015.3,5.0,32.0,61.0
2008-04-03,0.5,1.8,13.5,79.0,1015.5,4.8,350.0,56.0
2008-04-04,0.0,1.0,16.8,57.0,1018.5,6.4,7.0,18.0
2008-04-05,0.4,3.0,14.9,66.0,1012.9,4.6,344.0,22.0
2008-04-06,1.6,2.2,13.8,77.0,1002.5,6.6,75.0,66.0
2008-04-07,3.3,6.0,16.3,66.0,998.5,11.2,259.0,34.0
2008-04-08,0.1,4.7,14.0,72.0,1005.6,6.4,49.0,90.0
2008-04-09,7.0,4.7,15.4,87.0,1004.7,5.5,249.0,90.0
2008-04-10,4.0,9.3,15.0,90.0,1003.1,3.7,50.0,98.0
2008-04-11,11.4,8.7,17.4,92.0,1002.3,6.4,42.0,88.0
2008-04-12,7.3,7.3,16.3,83.0,1006.1,4.3,279.0,45.0
2008-04-13,4.6,7.5,13.5,81.0,1016.3,7.3,54.0,81.0
2008-04-14,8.2,4.9,14.7,85.0,1015.5,5.2,62.0,84.0
2008-04-15,15.9,7.1,10.7,86.0,1011.9,6.5,320.0,92.0
2008-04-16,0.0,2.4,16.4,70.0,1013.8,6.0,317.0,50.0
2008-04-17,0.2,7.4,14.9,76.0,1008.9,6.5,70.0,88.0
2008-04-18,19.6,8.9,15.6,82.0,1002.4,8.4,30.0,99.0
2008-04-19,8.6,8.4,17.9,76.0,1001.7,10.9,259.0,61.0
2008-04-20,0.3,5.9,19.4,70.0,1007.1,5.7,199.0,40.0
2008-04-21,16.3,9.1,13.2,86.0,1001.9,8.5,47.0,93.0
2008-04-22,1.4,7.2,16.5,85.0,1001.6,4.9,230.0,73.0
2008-04-23,4.5,6.8,18.2,87.0,1012.4,3.5,66.0,71.0
2008-04-24,0.2,8.3,18.4,72.0,1022.5,6.6,80.0,49.0
2008-04-25,2.4,6.2,19.3,79.0,1023.7,4.7,65.0,54.0
2008-04-26,0.1,4.9,18.7,70.0,1025.3,4.9,49.0,22.0
2008-04-27,0.0,7.2,19.1,59.0,1024.0,4.1,130.0,24.0
2008-04-28,0.0,7.5,20.6,63.0,1015.1,5.3,225.0,71.0
2008-04-29,5.1,10.6,14.8,81.0,1007.4,6.6,213.0,92.0
2008-04-30,3.4,8.8,17.5,84.0,1008.5,6.3,71.0,66.0
2008-05-01,1.3,8.0,19.0,78.0,1012.6,6.1,261.0,44.0
2008-05-02,0.0,7.3,20.3,70.0,1020.7,4.8,49.0,40.0
2008-05-03,0.0,8.4,21.2,70.0,1021.9,4.5,89.0,63.0
2008-05-04,0.0,11.4,19.9,73.0,1021.0,7.6,79.0,46.0
2008-05-05,1.9,10.6,17.3,78.0,1021.5,8.6,64.0,50.0
2008-05-06,0.0,5.4,20.8,68.0,1021.1,4.2,347.0,19.0
2008-05-07,0.2,10.3,20.1,66.0,1020.2,4.7,79.0,36.0
2008-05-08,0.0,10.7,21.3,68.0,1018.0,4.1,118.0,33.0
2008-05-09,0.0,8.5,22.4,71.0,1016.5,5.4,77.0,47.0
2008-05-10,0.0,10.3,21.8,67.0,1016.7,7.8,63.0,25.0
2008-05-11,0.2,11.9,20.8,61.0,1018.4,9.8,58.0,32.0
2008-05-12,0.0,9.5,20.8,61.0,1017.5,8.9,59.0,54.0
2008-05-13,0.0,8.0,22.0,61.0,1015.2,7.7,63.0,15.0
2008-05-14,0.0,9.6,23.6,60.0,1013.9,4.7,235.0,22.0
2008-05-15,1.5,10.7,22.8,69.0,1012.9,5.4,191.0,74.0
2008-05-16,2.5,12.1,22.9,74.0,1012.3,7.6,228.0,62.0
2008-05-17,12.8,14.0,18.7,91.0,1010.6,4.6,67.0,97.0
2008-05-18,33.7,14.6,19.1,92.0,1006.0,6.6,46.0,98.0
2008-05-19,6.1,10.3,20.3,85.0,1005.1,6.6,51.0,97.0
2008-05-20,34.0,13.9,17.5,85.0,1003.7,14.1,48.0,99.0
2008-05-21,5.1,12.7,20.0,79.0,1008.9,8.8,58.0,71.0
2008-05-22,5.0,12.1,20.7,81.0,1011.8,4.5,91.0,62.0
2008-05-23,16.1,12.5,20.8,87.0,1012.4,4.4,133.0,78.0
2008-05-24,2.7,12.7,21.9,81.0,1013.7,4.8,195.0,88.0
2008-05-25,0.0,14.1,24.0,75.0,1015.5,4.8,222.0,91.0
2008-05-26,0.0,14.1,24.4,81.0,1017.4,4.5,117.0,86.0
2008-05-27,0.0,13.5,26.4,77.0,1015.5,6.1,75.0,25.0
2008-05-28,0.1,15.0,27.3,77.0,1014.4,7.1,69.0,49.0
2008-05-29,0.5,15.7,26.5,74.0,1012.5,8.4,67.0,95.0
2008-05-30,24.1,15.9,22.1,82.0,1011.8,4.8,45.0,75.0
2008-05-31,0.2,13.3,23.6,77.0,1015.4,6.5,251.0,47.0
2008-06-01,0.0,12.4,26.4,72.0,1015.6,6.3,249.0,49.0
2008-06-02,8.0,14.5,25.6,84.0,1013.7,4.8,287.0,66.0
2008-06-03,0.7,12.2,25.1,79.0,1011.5,4.4,241.0,85.0
2008-06-04,13.1,15.1,22.0,87.0,1010.6,3.2,291.0,98.0
2008-06-05,18.5,15.2,20.4,93.0,1009.2,2.3,264.0,96.0
2008-06-06,14.0,14.6,20.0,90.0,1010.0,4.1,36.0,93.0
2008-06-07,0.4,13.2,23.1,77.0,1010.3,2.9,28.0,72.0
2008-06-08,2.1,15.8,23.3,75.0,1012.8,6.9,46.0,61.0
2008-06-09,0.0,13.8,24.6,69.0,1017.5,6.7,62.0,42.0
2008-06-10,0.0,13.4,25.5,70.0,1019.2,3.9,273.0,35.0
2008-06-11,0.9,14.0,25.7,73.0,1014.6,6.8,254.0,50.0
2008-06-12,1.4,15.4,23.1,78.0,1010.1,6.8,59.0,79.0
2008-06-13,8.2,13.9,19.7,80.0,1008.8,7.4,58.0,74.0
2008-06-14,5.1,12.2,16.4,71.0,1013.1,8.7,39.0,77.0
2008-06-15,0.2,8.6,19.0,77.0,1013.2,4.2,247.0,73.0
2008-06-16,1.7,13.7,18.9,82.0,1011.8,5.8,40.0,98.0
2008-06-17,12.6,13.9,22.6,85.0,1011.2,5.9,47.0,82.0
2008-06-18,0.9,14.9,24.8,79.0,1014.2,2.7,96.0,49.0
2008-06-19,0.0,14.2,26.1,74.0,1016.3,4.6,225.0,26.0
2008-06-20,0.7,15.9,27.9,75.0,1017.4,4.5,71.0,29.0
2008-06-21,0.0,16.8,29.0,73.0,1019.4,4.7,51.0,18.0
2008-06-22,0.0,17.8,29.8,74.0,1019.7,5.1,175.0,12.0
2008-06-23,0.0,18.3,30.3,76.0,1017.9,5.1,128.0,8.0
2008-06-24,0.0,19.1,30.8,74.0,1016.5,6.8,273.0,17.0
2008-06-25,0.0,20.4,31.6,71.0,1015.5,6.0,250.0,14.0
2008-06-26,0.0,19.2,31.8,70.0,1015.0,5.0,91.0,14.0
2008-06-27,2.5,21.1,29.5,78.0,1014.3,5.4,37.0,49.0
2008-06-28,0.3,20.6,28.0,69.0,1017.3,8.1,56.0,44.0
2008-06-29,0.7,19.0,29.4,71.0,1017.8,4.4,92.0,36.0
2008-06-30,6.2,20.0,29.2,79.0,1016.7,3.6,30.0,58.0
2008-07-01,2.4,20.6,28.4,71.0,1016.7,4.9,51.0,64.0
2008-07-02,4.8,18.3,28.7,76.0,1013.5,4.6,261.0,45.0
2008-07-03,0.0,18.2,29.0,76.0,1011.5,6.7,253.0,40.0
2008-07-04,0.0,17.9,28.5,72.0,1009.5,6.0,225.0,27.0
2008-07-05,0.0,19.6,27.9,73.0,1011.7,6.5,48.0,49.0
2008-07-06,9.8,20.3,26.1,82.0,1011.8,6.1,36.0,67.0
2008-07-07,7.8,18.2,27.3,80.0,1008.3,6.2,14.0,50.0
2008-07-08,5.1,17.0,23.8,78.0,1011.4,8.5,57.0,45.0
2008-07-09,0.1,15.7,26.1,68.0,1015.1,5.3,50.0,32.0
2008-07-10,0.0,15.9,28.0,73.0,1015.3,4.4,95.0,23.0
2008-07-11,1.4,18.0,27.9,79.0,1014.0,6.0,70.0,70.0
2008-07-12,5.8,19.5,27.4,79.0,1010.7,7.5,50.0,55.0
2008-07-13,12.1,19.5,25.5,77.0,1007.9,7.5,15.0,57.0
2008-07-14,9.3,15.0,22.8,77.0,1012.6,5.2,327.0,65.0
2008-07-15,0.0,12.4,27.0,68.0,1023.1,5.0,283.0,4.0
2008-07-16,0.0,14.9,28.2,69.0,1020.6,5.0,102.0,4.0
2008-07-17,0.0,16.3,27.3,71.0,1012.6,5.6,44.0,60.0
2008-07-18,6.3,17.3,23.0,81.0,1012.0,6.3,55.0,70.0
2008-07-19,0.0,15.7,26.7,70.0,1015.3,4.5,147.0,24.0
2008-07-20,1.0,16.6,28.4,74.0,1013.0,5.4,240.0,48.0
2008-07-21,0.9,18.2,24.0,71.0,1011.7,11.1,61.0,60.0
2008-07-22,2.7,15.2,23.7,62.0,1016.2,7.2,51.0,35.0
2008-07-23,0.0,11.3,27.3,59.0,1016.1,5.4,339.0,9.0
2008-07-24,0.0,13.4,28.6,55.0,1012.7,4.1,315.0,8.0
2008-07-25,0.0,16.0,29.9,64.0,1009.8,3.6,62.0,19.0
2008-07-26,3.3,17.6,28.3,75.0,1010.5,4.1,23.0,75.0
2008-07-27,0.0,18.0,28.7,73.0,1013.5,6.1,27.0,58.0
2008-07-28,0.8,17.9,29.9,68.0,1015.0,5.5,45.0,55.0
2008-07-29,0.2,17.8,31.0,69.0,1016.2,4.0,7.0,55.0
2008-07-30,1.7,19.2,31.0,73.0,1017.4,3.9,34.0,66.0
2008-07-31,1.9,20.1,31.1,70.0,1017.3,4.5,343.0,28.0
2008-08-01,2.6,19.0,30.7,73.0,1015.9,3.8,339.0,41.0
2008-08-02,2.1,19.5,30.6,72.0,1015.9,5.1,329.0,20.0
2008-08-03,0.2,19.5,30.5,72.0,1015.6,4.2,47.0,19.0
2008-08-04,0.3,20.4,32.1,69.0,1012.2,5.9,238.0,37.0
2008-08-05,2.5,22.5,30.9,73.0,1011.7,2.9,357.0,43.0
2008-08-06,3.1,21.8,28.8,71.0,1014.2,8.3,58.0,72.0
2008-08-07,0.0,20.1,30.7,67.0,1012.0,4.7,283.0,57.0
2008-08-08,10.1,19.5,26.7,80.0,1007.5,5.9,64.0,46.0
2008-08-09,0.0,15.4,27.4,64.0,1010.9,4.9,23.0,20.0
2008-08-10,0.6,17.3,26.7,70.0,1013.2,5.3,70.0,47.0
2008-08-11,0.1,16.4,28.2,72.0,1010.0,5.1,106.0,21.0
2008-08-12,0.2,18.5,29.9,73.0,1008.2,5.1,50.0,52.0
2008-08-13,1.6,19.5,29.4,78.0,1010.8,5.3,58.0,53.0
2008-08-14,0.7,18.9,28.6,72.0,1013.0,4.7,44.0,37.0
2008-08-15,33.6,17.4,24.9,82.0,1005.0,5.0,357.0,78.0
2008-08-16,10.7,16.3,24.4,68.0,1006.5,6.3,260.0,71.0
2008-08-17,3.5,17.6,23.3,76.0,1011.6,5.8,52.0,59.0
2008-08-18,0.0,14.5,25.8,75.0,1016.7,4.7,218.0,24.0
2008-08-19,0.0,15.4,27.3,73.0,1015.8,4.0,161.0,7.0
2008-08-20,2.3,17.2,26.4,82.0,1013.5,4.3,61.0,51.0
2008-08-21,0.0,18.9,27.2,75.0,1016.9,7.3,46.0,25.0
2008-08-22,0.0,16.4,27.9,75.0,1014.2,5.8,63.0,30.0
2008-08-23,24.6,18.1,25.9,81.0,1008.3,7.0,264.0,49.0
2008-08-24,4.4,12.4,24.2,72.0,1012.2,5.1,79.0,22.0
2008-08-25,0.0,14.3,24.8,70.0,1016.3,4.8,49.0,39.0
2008-08-26,0.0,14.5,26.2,70.0,1020.2,5.9,43.0,9.0
2008-08-27,0.0,16.3,26.5,68.0,1020.0,6.1,29.0,36.0
2008-08-28,0.9,15.8,27.2,70.0,1017.1,3.9,9.0,24.0
2008-08-29,0.0,15.8,29.1,72.0,1015.5,4.6,305.0,42.0
2008-08-30,0.5,17.4,26.7,78.0,1015.9,6.5,65.0,20.0
2008-08-31,0.0,20.3,25.8,76.0,1017.5,7.8,64.0,76.0
2008-09-01,3.5,19.4,26.3,78.0,1016.4,4.9,60.0,50.0
2008-09-02,0.9,16.3,26.0,82.0,1015.5,4.5,66.0,48.0
2008-09-03,2.3,17.4,25.3,84.0,1012.9,4.3,48.0,80.0
2008-09-04,0.5,16.7,27.3,80.0,1011.6,5.1,39.0,50.0
2008-09-05,1.3,17.4,26.8,79.0,1012.4,7.2,51.0,64.0
2008-09-06,0.4,18.7,28.1,79.0,1011.7,7.4,44.0,54.0
2008-09-07,10.6,17.9,26.2,84.0,1010.3,5.1,35.0,61.0
2008-09-08,0.0,13.4,25.7,76.0,1014.7,4.2,17.0,10.0
2008-09-09,0.0,15.2,26.7,70.0,1019.2,4.0,32.0,10.0
2008-09-10,0.0,14.7,29.0,71.0,1017.6,3.6,356.0,24.0
2008-09-11,0.0,16.3,30.0,72.0,1013.2,4.2,39.0,53.0
2008-09-12,3.0,18.6,26.2,79.0,1008.4,4.7,53.0,67.0
2008-09-13,36.6,14.7,20.6,90.0,1008.0,10.8,46.0,100.0
2008-09-14,14.3,13.4,17.7,75.0,1011.8,14.2,50.0,86.0
2008-09-15,4.4,11.7,16.6,73.0,1012.0,4.8,50.0,72.0
2008-09-16,0.0,9.0,20.1,70.0,1012.3,5.2,312.0,30.0
2008-09-17,0.0,9.5,18.4,77.0,1017.3,4.8,52.0,56.0
2008-09-18,0.0,13.1,18.2,77.0,1020.5,7.8,53.0,84.0
2008-09-19,5.1,13.0,17.2,82.0,1019.3,6.4,49.0,77.0
2008-09-20,0.1,12.6,17.8,72.0,1020.9,5.7,79.0,55.0
2008-09-21,7.1,10.6,15.3,82.0,1018.5,4.3,119.0,83.0
2008-09-22,0.0,6.3,18.2,72.0,1015.1,4.5,358.0,17.0
2008-09-23,0.8,8.6,17.6,70.0,1014.8,6.6,43.0,54.0
2008-09-24,0.0,7.2,18.1,71.0,1017.0,6.4,27.0,18.0
2008-09-25,0.0,8.3,19.3,67.0,1019.1,5.6,17.0,46.0
2008-09-26,0.0,8.7,19.7,68.0,1023.6,6.5,35.0,57.0
2008-09-27,0.0,9.2,17.9,61.0,1026.6,8.5,44.0,45.0
2008-09-28,0.0,6.5,18.2,63.0,1024.6,5.4,23.0,14.0
2008-09-29,0.0,6.7,18.7,69.0,1020.0,4.8,253.0,10.0
2008-09-30,0.0,7.5,18.6,75.0,1016.4,3.3,0.0,53.0
2008-10-01,0.0,9.7,20.2,79.0,1012.1,5.9,238.0,57.0
2008-10-02,0.3,11.9,19.0,82.0,1009.5,3.0,14.0,62.0
2008-10-03,7.4,11.5,19.9,84.0,1005.3,5.0,359.0,44.0
2008-10-04,2.1,8.9,17.3,60.0,1011.6,4.6,339.0,26.0
2008-10-05,0.0,4.4,17.7,61.0,1018.0,6.5,276.0,24.0
2008-10-06,0.0,6.7,19.2,66.0,1019.5,5.4,274.0,13.0
2008-10-07,0.0,7.2,20.1,80.0,1020.1,4.8,16.0,53.0
2008-10-08,0.4,11.6,19.7,84.0,1018.6,4.2,42.0,76.0
2008-10-09,0.0,10.3,21.7,80.0,1024.9,3.9,36.0,27.0
2008-10-10,0.0,11.7,22.0,79.0,1031.3,5.0,26.0,11.0
2008-10-11,0.0,10.1,22.4,76.0,1032.2,4.3,314.0,13.0
2008-10-12,0.0,9.8,22.6,79.0,1029.2,4.0,344.0,24.0
2008-10-13,0.0,10.8,23.7,76.0,1024.0,3.9,306.0,60.0
2008-10-14,0.0,9.5,23.7,76.0,1020.1,3.9,354.0,16.0
2008-10-15,0.0,10.4,23.6,77.0,1019.2,4.4,307.0,31.0
2008-10-16,0.0,12.1,20.9,83.0,1015.8,4.9,275.0,83.0
2008-10-17,0.2,11.9,19.3,79.0,1012.5,9.3,49.0,49.0
2008-10-18,0.0,12.4,16.4,56.0,1021.2,8.3,50.0,59.0
2008-10-19,0.0,8.0,18.4,70.0,1024.3,3.7,21.0,29.0
2008-10-20,0.1,7.4,18.8,81.0,1024.5,4.2,302.0,68.0
2008-10-21,0.0,11.4,18.6,85.0,1020.0,3.1,69.0,91.0
2008-10-22,0.0,13.5,19.1,85.0,1018.4,3.2,99.0,97.0
2008-10-23,0.0,13.2,18.9,81.0,1022.2,6.9,47.0,98.0
2008-10-24,0.0,11.1,19.0,74.0,1024.0,5.0,68.0,74.0
2008-10-25,0.0,10.9,18.8,78.0,1026.9,5.5,48.0,55.0
2008-10-26,0.0,9.3,18.9,81.0,1026.0,4.2,30.0,38.0
2008-10-27,0.2,11.5,16.2,87.0,1016.8,3.0,63.0,91.0
2008-10-28,11.0,12.0,15.9,91.0,1008.8,7.2,48.0,91.0
2008-10-29,28.3,12.7,17.6,95.0,1001.5,5.7,28.0,96.0
2008-10-30,15.5,9.7,14.4,74.0,999.5,11.1,208.0,64.0
2008-10-31,26.5,8.7,11.3,91.0,1010.5,9.3,19.0,100.0
2008-11-01,12.7,9.8,17.3,86.0,1010.8,8.3,323.0,64.0
2008-11-02,0.0,7.0,16.8,88.0,1018.3,4.9,21.0,76.0
2008-11-03,13.8,12.5,15.4,91.0,1018.0,11.2,47.0,100.0
2008-11-04,33.7,13.6,15.8,91.0,1018.1,13.6,42.0,100.0
2008-11-05,18.2,12.2,17.6,91.0,1017.2,8.8,45.0,69.0
2008-11-06,0.0,8.5,17.4,84.0,1016.3,5.3,19.0,66.0
2008-11-07,0.4,7.1,15.8,86.0,1016.1,4.9,348.0,86.0
2008-11-08,1.9,5.5,15.9,86.0,1021.1,4.1,315.0,57.0
2008-11-09,0.0,7.3,15.2,87.0,1028.5,4.3,302.0,74.0
2008-11-10,0.0,6.4,14.5,90.0,1029.4,3.7,291.0,65.0
2008-11-11,0.0,6.7,14.0,90.0,1023.9,3.2,306.0,96.0
2008-11-12,11.9,8.6,11.5,92.0,1019.3,7.7,32.0,100.0
2008-11-13,42.6,8.6,10.4,88.0,1016.6,13.0,21.0,100.0
2008-11-14,9.6,8.0,14.8,77.0,1022.1,12.7,32.0,66.0
2008-11-15,0.0,3.9,14.2,78.0,1025.9,7.1,3.0,9.0
2008-11-16,0.0,0.6,14.4,81.0,1023.4,4.2,321.0,4.0
2008-11-17,0.2,3.2,13.6,78.0,1022.2,6.0,14.0,50.0
2008-11-18,0.1,2.8,8.5,75.0,1019.9,6.2,35.0,97.0
2008-11-19,0.0,-1.1,10.6,86.0,1018.3,4.1,285.0,15.0
2008-11-20,0.0,-0.2,9.9,91.0,1017.3,3.9,273.0,76.0
2008-11-21,0.0,0.4,11.4,89.0,1002.4,6.8,266.0,81.0
2008-11-22,0.1,-2.0,8.7,61.0,999.2,5.6,318.0,50.0
2008-11-23,0.0,-4.2,7.8,61.0,1006.4,6.6,276.0,16.0
2008-11-24,10.9,-2.9,3.3,82.0,999.2,7.9,7.0,81.0
2008-11-25,0.5,-4.9,7.9,81.0,1004.8,5.7,347.0,67.0
2008-11-26,0.0,-3.1,6.9,72.0,1021.3,6.7,19.0,2.0
2008-11-27,0.0,-2.5,6.5,77.0,1026.5,4.1,359.0,8.0
2008-11-28,22.6,-3.1,5.2,84.0,1012.5,14.1,33.0,96.0
2008-11-29,6.5,2.8,7.7,91.0,1001.3,7.2,26.0,97.0
2008-11-30,21.6,4.0,9.3,92.0,1004.5,7.3,30.0,99.0
2008-12-01,30.8,2.1,8.8,90.0,1000.3,9.8,69.0,88.0
2008-12-02,1.8,0.4,8.2,91.0,1009.8,4.1,352.0,84.0
2008-12-03,0.0,-3.2,7.5,90.0,1009.5,4.9,281.0,40.0
2008-12-04,0.0,-3.5,7.3,87.0,1007.0,5.7,299.0,49.0
2008-12-05,16.5,2.0,5.6,92.0,1001.3,5.9,359.0,87.0
2008-12-06,0.0,-3.6,7.8,91.0,1008.0,4.4,291.0,58.0
2008-12-07,0.0,-3.3,10.0,83.0,1018.6,6.2,308.0,5.0
2008-12-08,0.0,-3.1,8.5,71.0,1026.0,5.5,319.0,3.0
2008-12-09,0.0,-3.3,6.8,76.0,1023.7,3.6,354.0,55.0
2008-12-10,34.0,1.5,5.1,90.0,1013.1,13.0,25.0,100.0
2008-12-11,25.7,4.8,7.6,91.0,1005.0,11.5,27.0,100.0
2008-12-12,22.1,6.1,7.6,87.0,1005.5,10.5,15.0,100.0
2008-12-13,10.8,5.3,6.9,89.0,1011.1,9.2,30.0,99.0
2008-12-14,5.9,5.6,9.1,87.0,1009.3,12.7,35.0,97.0
2008-12-15,25.5,6.9,8.4,88.0,1012.4,16.2,44.0,100.0
2008-12-16,25.2,8.0,9.4,88.0,1013.9,14.5,41.0,100.0
2008-12-17,3.2,1.4,10.3,90.0,1009.6,5.6,351.0,67.0
2008-12-18,1.6,-1.1,7.5,88.0,1008.9,5.3,315.0,82.0
2008-12-19,0.0,-1.8,7.0,85.0,1017.3,4.7,311.0,63.0
2008-12-20,0.0,-2.6,7.8,83.0,1023.5,4.7,313.0,51.0
2008-12-21,0.0,-3.0,7.6,87.0,1024.5,3.8,357.0,38.0
2008-12-22,0.0,-1.5,9.3,87.0,1028.2,4.6,306.0,21.0
2008-12-23,0.0,-2.1,10.6,84.0,1026.1,4.2,321.0,25.0
2008-12-24,0.0,-1.3,8.5,86.0,1027.6,4.5,358.0,46.0
2008-12-25,1.9,-0.1,9.5,86.0,1023.0,8.5,27.0,73.0
2008-12-26,0.8,-2.6,5.1,59.0,1031.5,15.4,49.0,35.0
2008-12-27,0.0,-4.4,3.8,67.0,1031.0,8.6,13.0,12.0
2008-12-28,0.4,-4.1,3.2,66.0,1028.8,9.1,19.0,73.0
2008-12-29,0.2,-2.1,5.4,73.0,1031.7,6.2,20.0,43.0
2008-12-30,0.0,-4.1,4.6,75.0,1035.7,6.7,21.0,1.0
2008-12-31,0.3,-5.1,4.5,74.0,1033.7,3.9,349.0,20.0
2009-01-01,8.9,-7.2,3.1,90.0,1025.0,5.4,315.0,61.0
2009-01-02,0.0,-9.9,2.8,85.0,1021.2,5.1,347.0,28.0
2009-01-03,0.0,-5.0,2.1,77.0,1022.5,9.0,30.0,21.0
2009-01-04,0.0,-8.3,2.5,78.0,1018.4,4.9,301.0,6.0
2009-01-05,0.0,-3.9,2.3,66.0,1014.5,4.6,346.0,74.0
2009-01-06,0.0,-3.2,2.1,69.0,1016.1,10.4,36.0,99.0
2009-01-07,2.7,0.4,4.5,78.0,1016.6,10.0,33.0,100.0
2009-01-08,0.8,-1.8,3.5,77.0,1022.7,11.6,47.0,65.0
2009-01-09,0.0,-2.8,4.3,68.0,1029.7,5.0,10.0,9.0
2009-01-10,0.0,-3.8,8.2,70.0,1027.2,4.9,332.0,13.0
2009-01-11,0.0,-3.9,8.4,68.0,1030.4,4.8,341.0,12.0
2009-01-12,0.0,-2.7,7.4,73.0,1030.3,5.6,8.0,3.0
2009-01-13,0.0,-3.2,7.2,73.0,1022.7,5.4,356.0,43.0
2009-01-14,4.1,0.6,6.1,87.0,1011.3,4.5,321.0,100.0
2009-01-15,10.0,1.1,5.6,91.0,1017.7,7.3,31.0,87.0
2009-01-16,0.0,-3.3,7.6,90.0,1023.8,3.9,308.0,24.0
2009-01-17,0.0,-1.1,5.6,92.0,1025.1,3.0,318.0,87.0
2009-01-18,1.1,0.0,5.5,93.0,1019.2,2.8,341.0,98.0
2009-01-19,3.4,-2.6,4.9,95.0,1011.7,4.6,5.0,91.0
2009-01-20,38.2,3.3,8.0,94.0,1001.1,6.8,25.0,99.0
2009-01-21,1.5,4.4,10.7,91.0,1002.1,5.1,312.0,100.0
2009-01-22,1.5,1.2,9.0,91.0,1005.6,4.7,352.0,78.0
2009-01-23,1.8,-2.7,6.2,91.0,996.2,4.1,271.0,82.0
2009-01-24,0.5,-2.3,5.8,89.0,990.4,6.6,36.0,86.0
2009-01-25,0.0,0.1,10.6,79.0,996.5,4.9,351.0,68.0
2009-01-26,2.5,-1.2,8.4,74.0,1002.1,8.6,39.0,55.0
2009-01-27,11.4,4.3,8.7,85.0,1003.2,6.1,9.0,98.0
2009-01-28,0.7,1.6,9.6,81.0,1007.8,3.9,304.0,86.0
2009-01-29,0.0,-1.5,10.0,80.0,1012.0,4.3,360.0,62.0
2009-01-30,0.0,0.5,9.8,85.0,1017.4,3.4,334.0,51.0
2009-01-31,0.4,1.9,4.7,83.0,1015.9,7.6,51.0,94.0
2009-02-01,6.2,0.8,2.8,80.0,1011.1,10.6,42.0,100.0
2009-02-02,18.0,2.0,5.5,89.0,1009.0,15.0,37.0,100.0
2009-02-03,11.7,3.6,9.7,87.0,1003.2,8.9,29.0,92.0
2009-02-04,0.0,-0.3,11.5,88.0,1000.3,6.1,252.0,30.0
2009-02-05,1.6,3.1,11.7,90.0,1005.5,4.4,350.0,81.0
2009-02-06,22.7,6.0,10.7,96.0,1000.4,7.8,42.0,100.0
2009-02-07,24.2,6.7,11.6,93.0,991.5,7.1,53.0,94.0
2009-02-08,4.4,1.3,9.3,90.0,993.5,4.6,335.0,95.0
2009-02-09,0.2,-0.7,10.8,83.0,1007.9,4.9,28.0,46.0
2009-02-10,1.4,2.1,7.8,92.0,1006.2,6.3,301.0,79.0
2009-02-11,0.0,-1.4,10.7,68.0,1003.4,5.9,340.0,87.0
2009-02-12,0.0,-3.1,8.8,55.0,1009.3,7.0,318.0,82.0
2009-02-13,0.0,-4.1,6.9,44.0,1012.8,7.2,343.0,31.0
2009-02-14,0.0,-4.6,7.9,49.0,1014.9,6.9,319.0,19.0
2009-02-15,0.0,-4.2,7.1,52.0,1022.1,6.0,316.0,2.0
2009-02-16,0.0,-2.7,8.1,61.0,1022.4,4.6,262.0,44.0
2009-02-17,0.0,-2.4,9.6,69.0,1013.8,7.4,266.0,61.0
2009-02-18,0.3,-2.3,5.9,55.0,1016.7,7.0,72.0,7.0
2009-02-19,0.0,-1.2,6.0,58.0,1021.1,3.4,267.0,19.0
2009-02-20,0.0,-3.5,7.9,66.0,1025.6,4.5,282.0,30.0
2009-02-21,0.0,-2.2,10.6,71.0,1024.8,3.9,279.0,57.0
2009-02-22,0.0,-1.0,9.3,80.0,1021.1,4.8,42.0,73.0
2009-02-23,0.0,-1.5,8.3,86.0,1014.9,3.5,22.0,87.0
2009-02-24,0.0,-2.0,10.8,84.0,1016.5,4.9,10.0,61.0
2009-02-25,0.0,-2.9,9.9,74.0,1027.5,4.9,279.0,28.0
2009-02-26,0.0,-2.2,11.3,75.0,1023.1,5.5,258.0,76.0
2009-02-27,0.0,1.1,12.7,77.0,1016.5,4.4,0.0,37.0
2009-02-28,0.0,-0.7,13.3,83.0,1018.8,3.5,92.0,13.0
2009-03-01,1.6,3.7,11.4,88.0,1017.4,3.9,50.0,93.0
2009-03-02,0.4,5.3,12.2,88.0,1015.3,3.8,311.0,100.0
2009-03-03,1.9,6.6,11.3,89.0,1015.7,4.3,41.0,97.0
2009-03-04,24.6,5.3,8.3,96.0,1003.8,9.1,40.0,93.0
2009-03-05,33.7,6.8,8.8,92.0,982.3,13.0,38.0,100.0
2009-03-06,10.1,4.3,9.9,87.0,989.1,7.4,36.0,87.0
2009-03-07,0.0,0.5,15.7,67.0,999.7,7.4,314.0,19.0
2009-03-08,0.0,-0.2,14.8,59.0,1008.9,5.8,292.0,31.0
2009-03-09,0.0,0.7,14.5,63.0,1008.1,5.5,326.0,15.0
2009-03-10,0.0,-2.0,13.1,52.0,1015.9,7.0,257.0,46.0
2009-03-11,0.3,-0.9,13.2,66.0,1013.3,4.7,337.0,13.0
2009-03-12,0.0,-2.8,13.5,60.0,1021.5,7.4,270.0,22.0
2009-03-13,0.0,-0.2,14.4,70.0,1016.9,4.6,343.0,41.0
2009-03-14,0.0,3.7,13.4,76.0,1021.0,4.9,60.0,78.0
2009-03-15,0.1,2.2,15.0,82.0,1021.6,3.9,53.0,80.0
2009-03-16,0.0,1.7,15.9,71.0,1026.9,5.8,315.0,23.0
2009-03-17,0.0,3.0,15.9,73.0,1027.8,4.3,274.0,49.0
2009-03-18,0.0,1.1,16.3,75.0,1022.9,6.3,63.0,12.0
2009-03-19,2.5,2.9,14.3,78.0,1018.0,6.2,43.0,58.0
2009-03-20,1.2,1.2,9.2,61.0,1021.3,11.7,55.0,40.0
2009-03-21,0.0,-3.0,10.2,49.0,1021.6,7.2,34.0,12.0
2009-03-22,0.0,-0.5,12.9,51.0,1019.7,6.6,261.0,2.0
2009-03-23,0.0,-1.4,15.6,66.0,1013.2,4.7,242.0,71.0
2009-03-24,0.6,2.1,10.3,73.0,1000.2,7.8,55.0,42.0
2009-03-25,0.0,-1.1,12.5,69.0,1005.5,6.5,208.0,59.0
2009-03-26,0.0,-0.2,15.1,67.0,1007.7,6.2,243.0,42.0
2009-03-27,0.1,2.4,14.5,75.0,1010.0,6.9,67.0,68.0
2009-03-28,7.7,5.4,14.6,87.0,1008.6,6.0,93.0,88.0
2009-03-29,34.1,9.1,11.4,91.0,1002.8,11.7,29.0,100.0
2009-03-30,6.2,8.2,13.9,81.0,1010.7,7.4,40.0,83.0
2009-03-31,9.9,8.1,14.2,75.0,1017.0,11.9,60.0,89.0
2009-04-01,4.0,9.4,18.6,75.0,1014.5,12.5,52.0,77.0
2009-04-02,27.8,11.1,13.9,86.0,1016.4,12.8,55.0,99.0
2009-04-03,0.9,7.7,18.7,74.0,1019.1,4.7,344.0,56.0
2009-04-04,3.5,6.0,18.8,82.0,1018.2,4.4,2.0,78.0
2009-04-05,0.8,7.0,20.7,74.0,1018.7,5.9,7.0,53.0
2009-04-06,0.0,5.8,21.0,69.0,1016.0,4.8,318.0,34.0
2009-04-07,0.0,6.3,20.8,70.0,1013.3,5.0,247.0,26.0
2009-04-08,0.0,7.1,20.6,66.0,1016.1,4.9,241.0,42.0
2009-04-09,0.0,7.8,19.7,77.0,1018.3,5.9,78.0,21.0
2009-04-10,0.0,6.7,18.8,80.0,1015.6,6.6,79.0,21.0
2009-04-11,0.0,5.7,18.2,80.0,1013.3,6.8,69.0,31.0
2009-04-12,0.0,6.1,19.0,76.0,1011.2,7.7,61.0,39.0
2009-04-13,0.0,5.0,22.4,67.0,1005.8,8.4,41.0,12.0
2009-04-14,0.5,6.6,21.2,70.0,1008.1,5.2,275.0,17.0
2009-04-15,0.0,7.8,21.8,64.0,1011.8,5.4,222.0,20.0
2009-04-16,9.5,9.9,16.2,83.0,1012.6,5.7,84.0,88.0
2009-04-17,0.6,6.0,17.0,76.0,1010.1,10.4,242.0,38.0
2009-04-18,1.6,7.8,17.1,76.0,1013.2,4.5,202.0,57.0
2009-04-19,9.1,9.1,15.9,82.0,1017.4,11.3,40.0,95.0
2009-04-20,1.9,10.9,17.0,76.0,1019.4,12.0,46.0,98.0
2009-04-21,0.5,11.1,19.0,68.0,1015.8,12.9,33.0,77.0
2009-04-22,0.0,8.5,22.9,59.0,1014.2,6.9,1.0,26.0
2009-04-23,9.3,9.0,15.4,77.0,1015.4,9.8,64.0,78.0
2009-04-24,0.0,5.9,16.0,71.0,1020.1,9.7,57.0,48.0
2009-04-25,0.0,4.5,18.5,69.0,1020.2,5.2,108.0,53.0
2009-04-26,9.3,6.9,15.0,87.0,1018.6,9.5,65.0,86.0
2009-04-27,33.3,10.8,14.2,91.0,1011.8,17.0,55.0,100.0
2009-04-28,32.4,11.6,14.1,89.0,1005.3,15.8,61.0,90.0
2009-04-29,26.4,9.4,16.1,87.0,1006.5,6.0,35.0,90.0
2009-04-30,1.4,5.7,17.5,80.0,1011.5,4.5,312.0,96.0
2009-05-01,0.6,6.2,23.4,62.0,1014.6,6.1,317.0,42.0
2009-05-02,0.6,7.5,23.4,68.0,1018.5,6.3,337.0,48.0
2009-05-03,1.4,7.2,20.7,71.0,1021.7,3.8,336.0,24.0
2009-05-04,3.4,8.2,20.5,73.0,1017.4,5.3,325.0,74.0
2009-05-05,1.0,9.2,18.8,64.0,1019.2,5.7,73.0,59.0
2009-05-06,0.0,7.7,20.8,72.0,1018.4,4.8,236.0,77.0
2009-05-07,0.0,9.6,22.7,75.0,1018.6,5.0,186.0,23.0
2009-05-08,0.0,11.3,22.5,75.0,1019.3,6.5,242.0,70.0
2009-05-09,2.8,13.0,22.3,79.0,1020.7,4.7,68.0,71.0
2009-05-10,0.1,12.6,23.8,74.0,1020.3,5.4,210.0,81.0
2009-05-11,0.0,12.2,24.3,68.0,1017.8,7.0,243.0,37.0
2009-05-12,0.0,13.3,24.6,66.0,1016.8,7.2,241.0,85.0
2009-05-13,0.0,13.7,24.4,76.0,1016.2,6.0,91.0,86.0
2009-05-14,0.1,14.2,23.6,75.0,1011.6,6.3,60.0,96.0
2009-05-15,2.1,14.3,21.5,78.0,1010.6,6.8,39.0,95.0
2009-05-16,0.0,11.5,23.0,77.0,1014.2,4.4,137.0,46.0
2009-05-17,0.1,13.4,25.3,76.0,1017.3,5.8,253.0,40.0
2009-05-18,0.1,13.8,26.5,68.0,1016.1,5.0,234.0,15.0
2009-05-19,0.0,14.2,26.5,66.0,1017.4,4.7,254.0,6.0
2009-05-20,0.0,13.8,26.9,66.0,1019.5,5.6,54.0,15.0
2009-05-21,0.1,14.7,28.0,68.0,1017.7,6.1,252.0,70.0
2009-05-22,0.0,14.8,28.2,65.0,1014.4,7.4,239.0,67.0
2009-05-23,0.0,15.9,28.8,69.0,1016.5,5.3,248.0,27.0
2009-05-24,0.0,17.1,30.6,72.0,1018.3,4.1,127.0,50.0
2009-05-25,0.0,18.0,33.1,63.0,1016.7,5.5,251.0,9.0
2009-05-26,1.6,17.9,31.6,68.0,1013.1,6.5,339.0,28.0
2009-05-27,2.9,15.3,23.7,70.0,1015.2,9.7,44.0,45.0
2009-05-28,0.0,13.0,23.3,57.0,1022.3,5.7,121.0,37.0
2009-05-29,5.9,12.4,21.1,75.0,1019.6,8.0,100.0,60.0
2009-05-30,0.1,10.0,21.6,69.0,1019.8,6.8,228.0,58.0
2009-05-31,1.6,12.2,17.0,74.0,1019.2,11.2,52.0,75.0
2009-06-01,0.0,11.2,21.4,70.0,1014.8,4.6,58.0,99.0
2009-06-02,0.0,13.3,23.8,63.0,1011.0,5.1,240.0,40.0
2009-06-03,0.9,11.0,27.8,61.0,1008.8,5.6,256.0,26.0
2009-06-04,6.7,15.2,23.4,73.0,1008.1,8.0,56.0,42.0
2009-06-05,5.2,16.1,24.4,78.0,1008.3,7.5,315.0,93.0
2009-06-06,10.0,14.9,24.7,76.0,1003.5,11.6,190.0,68.0
2009-06-07,0.0,16.0,24.1,66.0,1005.7,6.8,237.0,42.0
2009-06-08,0.2,14.0,23.2,74.0,1012.0,4.9,54.0,64.0
2009-06-09,1.3,13.8,25.5,73.0,1013.8,5.9,27.0,63.0
2009-06-10,0.0,14.9,24.1,71.0,1016.5,6.5,250.0,60.0
2009-06-11,0.0,13.9,26.7,64.0,1014.6,9.6,253.0,34.0
2009-06-12,0.5,15.8,25.4,68.0,1016.1,6.8,49.0,30.0
2009-06-13,0.0,16.0,26.2,69.0,1017.9,7.7,77.0,33.0
2009-06-14,0.0,14.8,29.2,66.0,1020.2,5.6,89.0,30.0
2009-06-15,0.4,18.6,29.8,67.0,1018.8,6.5,81.0,70.0
2009-06-16,0.0,18.6,31.2,65.0,1015.9,7.8,261.0,36.0
2009-06-17,0.0,20.2,24.9,61.0,1021.0,10.9,63.0,77.0
2009-06-18,0.0,14.5,29.5,65.0,1020.1,3.8,191.0,36.0
2009-06-19,2.0,16.8,30.2,63.0,1014.8,5.9,98.0,32.0
2009-06-20,8.8,16.5,22.1,67.0,1013.3,11.7,61.0,79.0
2009-06-21,0.1,13.8,23.1,59.0,1014.2,7.5,47.0,75.0
2009-06-22,2.3,11.4,24.0,59.0,1012.2,5.0,11.0,44.0
2009-06-23,1.1,15.5,23.6,61.0,1010.3,5.4,292.0,99.0
2009-06-24,1.3,13.7,26.2,72.0,1009.2,4.0,258.0,76.0
2009-06-25,5.5,16.2,26.0,71.0,1008.7,5.3,98.0,53.0
2009-06-26,2.9,15.8,26.6,74.0,1008.9,3.0,246.0,60.0
2009-06-27,1.1,15.6,24.7,78.0,1010.0,4.1,73.0,84.0
2009-06-28,1.5,15.6,27.7,75.0,1011.3,4.3,222.0,74.0
2009-06-29,4.2,18.2,27.0,78.0,1013.8,4.5,76.0,66.0
2009-06-30,3.7,17.4,27.7,76.0,1016.3,3.3,43.0,60.0
2009-07-01,2.9,18.3,29.6,69.0,1017.1,3.7,4.0,67.0
2009-07-02,3.0,17.7,29.3,72.0,1015.8,3.1,323.0,63.0
2009-07-03,2.2,18.0,29.1,72.0,1012.0,3.1,322.0,60.0
2009-07-04,10.0,18.7,28.4,77.0,1010.1,4.3,14.0,56.0
2009-07-05,4.0,18.6,27.7,76.0,1009.1,3.7,136.0,79.0
2009-07-06,1.9,18.4,27.1,76.0,1008.3,3.7,13.0,77.0
2009-07-07,10.1,18.0,22.4,85.0,1008.4,5.5,48.0,75.0
2009-07-08,10.2,17.0,24.3,78.0,1008.8,5.5,60.0,46.0
2009-07-09,2.1,15.2,24.8,73.0,1012.8,6.9,38.0,37.0
2009-07-10,10.4,15.0,22.9,77.0,1012.8,5.7,37.0,75.0
2009-07-11,0.0,12.7,24.0,68.0,1015.8,6.0,79.0,42.0
2009-07-12,0.0,14.5,26.1,66.0,1016.4,5.2,179.0,65.0
2009-07-13,0.0,16.0,27.8,70.0,1016.4,5.1,196.0,30.0
2009-07-14,0.0,17.9,30.0,74.0,1016.6,4.4,160.0,39.0
2009-07-15,0.4,18.8,29.9,75.0,1018.3,5.3,277.0,37.0
2009-07-16,0.5,19.9,31.3,69.0,1018.9,4.1,62.0,19.0
2009-07-17,15.3,20.9,31.8,73.0,1012.7,8.5,39.0,35.0
2009-07-18,10.8,17.1,24.2,66.0,1006.8,7.9,305.0,47.0
2009-07-19,0.0,13.6,26.3,60.0,1016.3,5.0,42.0,4.0
2009-07-20,0.0,15.2,27.4,69.0,1019.4,5.7,64.0,14.0
2009-07-21,0.0,16.3,29.7,68.0,1019.1,5.4,36.0,34.0
2009-07-22,0.0,18.1,31.0,67.0,1016.6,6.0,251.0,34.0
2009-07-23,0.0,18.8,32.9,67.0,1014.0,6.3,71.0,36.0
2009-07-24,0.6,20.4,32.0,65.0,1012.5,4.7,295.0,13.0
2009-07-25,0.2,19.5,27.6,62.0,1015.5,7.7,68.0,30.0
2009-07-26,0.0,19.5,27.2,56.0,1020.7,8.7,69.0,55.0
2009-07-27,0.0,16.9,30.3,60.0,1018.1,5.1,142.0,28.0
2009-07-28,0.4,18.1,30.0,66.0,1016.4,5.5,56.0,30.0
2009-07-29,0.0,20.0,30.9,60.0,1018.5,7.4,64.0,20.0
2009-07-30,0.7,18.9,32.6,62.0,1016.6,3.7,10.0,21.0
2009-07-31,0.0,21.0,29.6,63.0,1017.5,9.8,55.0,82.0
2009-08-01,0.0,20.7,31.7,60.0,1015.2,6.6,75.0,24.0
2009-08-02,0.7,20.5,32.8,62.0,1012.2,6.8,25.0,26.0
2009-08-03,46.5,18.3,26.0,85.0,1011.2,6.3,13.0,83.0
2009-08-04,5.2,17.1,27.4,76.0,1012.8,3.8,240.0,60.0
2009-08-05,0.0,16.4,28.6,70.0,1016.3,4.1,67.0,15.0
2009-08-06,0.1,18.2,28.4,73.0,1016.7,4.0,66.0,31.0
2009-08-07,0.5,19.6,28.9,70.0,1015.7,4.9,62.0,40.0
2009-08-08,0.0,19.6,28.7,68.0,1015.1,6.0,38.0,63.0
2009-08-09,0.7,18.7,28.8,70.0,1014.7,5.5,39.0,59.0
2009-08-10,2.6,19.2,27.8,74.0,1015.4,5.3,291.0,65.0
2009-08-11,0.2,17.7,28.6,77.0,1015.8,3.8,78.0,49.0
2009-08-12,0.2,18.7,28.5,75.0,1017.3,5.4,92.0,32.0
2009-08-13,8.7,19.9,29.2,78.0,1014.7,5.6,35.0,52.0
2009-08-14,2.4,18.7,26.8,79.0,1015.4,6.2,76.0,53.0
2009-08-15,0.1,19.0,28.7,75.0,1018.6,5.1,67.0,27.0
2009-08-16,2.4,19.3,30.6,76.0,1017.6,3.7,356.0,46.0
2009-08-17,0.3,19.2,32.0,69.0,1015.6,4.0,350.0,36.0
2009-08-18,0.6,19.3,32.7,69.0,1016.4,4.0,21.0,21.0
2009-08-19,0.0,19.9,32.3,70.0,1020.3,5.9,48.0,25.0
2009-08-20,0.6,21.2,32.4,71.0,1021.2,4.6,37.0,54.0
2009-08-21,0.0,20.6,33.7,70.0,1017.8,4.5,346.0,47.0
2009-08-22,9.7,21.1,29.1,77.0,1015.5,7.5,36.0,33.0
2009-08-23,0.1,19.8,27.7,62.0,1017.4,10.2,58.0,15.0
2009-08-24,0.0,17.9,27.0,62.0,1015.6,6.5,59.0,37.0
2009-08-25,0.0,17.1,28.9,64.0,1014.3,5.2,71.0,34.0
2009-08-26,2.5,18.5,29.0,73.0,1016.7,5.5,71.0,76.0
2009-08-27,2.5,18.7,29.1,80.0,1017.8,3.6,104.0,46.0
2009-08-28,0.0,19.6,30.8,73.0,1014.2,5.0,230.0,28.0
2009-08-29,28.3,18.5,27.1,82.0,1011.8,8.0,51.0,49.0
2009-08-30,1.5,17.5,23.7,62.0,1019.3,10.1,67.0,38.0
2009-08-31,0.0,13.9,26.2,64.0,1020.9,4.8,55.0,1.0
2009-09-01,0.0,14.0,28.4,66.0,1018.5,4.9,222.0,2.0
2009-09-02,0.8,16.5,28.0,75.0,1015.5,3.9,64.0,46.0
2009-09-03,1.4,18.5,27.2,78.0,1010.4,4.9,346.0,73.0
2009-09-04,1.2,20.1,29.0,76.0,1006.7,7.6,237.0,45.0
2009-09-05,0.1,17.1,23.2,58.0,1014.0,12.5,70.0,25.0
2009-09-06,0.0,14.6,22.9,54.0,1022.3,8.1,62.0,12.0
2009-09-07,0.0,13.3,23.9,59.0,1023.8,4.8,55.0,53.0
2009-09-08,0.0,12.5,24.1,61.0,1023.7,6.7,51.0,17.0
2009-09-09,0.0,16.1,23.9,57.0,1022.2,8.9,44.0,55.0
2009-09-10,0.0,14.5,26.4,61.0,1021.5,7.3,22.0,32.0
2009-09-11,1.0,14.0,27.3,62.0,1019.6,6.3,27.0,39.0
2009-09-12,0.0,16.5,25.8,58.0,1016.8,9.2,24.0,43.0
2009-09-13,4.6,14.9,25.3,63.0,1014.0,4.1,17.0,47.0
2009-09-14,40.3,14.1,16.7,88.0,1011.5,10.2,30.0,98.0
2009-09-15,1.9,14.3,20.9,79.0,1015.4,10.1,41.0,92.0
2009-09-16,41.1,15.8,17.7,89.0,1012.2,12.9,35.0,100.0
2009-09-17,0.3,14.9,23.3,79.0,1011.6,5.1,268.0,50.0
2009-09-18,0.3,15.0,23.3,80.0,1016.2,3.8,41.0,58.0
2009-09-19,2.4,15.9,23.0,83.0,1016.9,3.3,197.0,76.0
2009-09-20,0.2,13.4,24.8,76.0,1016.8,4.1,18.0,62.0
2009-09-21,0.0,15.9,24.7,73.0,1019.7,8.0,31.0,90.0
2009-09-22,0.0,13.9,25.1,71.0,1023.3,6.5,33.0,35.0
2009-09-23,0.0,12.8,25.5,74.0,1024.4,4.1,40.0,6.0
2009-09-24,0.0,13.1,25.3,70.0,1020.3,3.8,29.0,24.0
2009-09-25,0.1,12.6,24.3,72.0,1018.9,7.6,41.0,60.0
2009-09-26,0.0,15.7,23.0,69.0,1022.7,9.9,42.0,45.0
2009-09-27,0.0,13.1,23.3,68.0,1024.1,6.7,32.0,52.0
2009-09-28,0.0,11.7,24.6,72.0,1021.8,4.8,296.0,8.0
2009-09-29,0.0,12.3,25.4,75.0,1017.4,5.0,262.0,16.0
2009-09-30,0.0,13.8,24.0,81.0,1016.1,5.2,333.0,65.0
2009-10-01,0.0,17.3,23.7,76.0,1013.0,5.4,238.0,35.0
2009-10-02,9.0,15.1,21.0,81.0,1011.6,7.9,51.0,43.0
2009-10-03,0.0,13.5,20.4,69.0,1016.1,6.1,69.0,38.0
2009-10-04,0.0,10.6,21.9,73.0,1015.6,4.2,277.0,17.0
2009-10-05,0.0,13.7,22.7,77.0,1019.0,5.6,260.0,55.0
2009-10-06,0.0,13.2,24.1,78.0,1020.8,6.5,246.0,60.0
2009-10-07,0.0,14.0,23.9,80.0,1020.6,4.0,255.0,47.0
2009-10-08,0.0,14.3,24.5,79.0,1017.6,4.9,240.0,63.0
2009-10-09,14.0,15.1,22.2,89.0,1017.2,4.0,35.0,87.0
2009-10-10,12.8,14.9,20.2,89.0,1013.8,3.1,30.0,92.0
2009-10-11,0.2,11.5,21.2,86.0,1012.9,3.9,359.0,59.0
2009-10-12,0.0,10.2,20.0,66.0,1005.8,6.6,337.0,33.0
2009-10-13,0.0,7.0,17.9,49.0,1013.7,9.5,290.0,7.0
2009-10-14,0.0,6.7,13.8,48.0,1017.6,4.8,10.0,19.0
2009-10-15,0.1,3.1,13.0,64.0,1018.7,6.3,35.0,22.0
2009-10-16,0.1,3.3,13.6,64.0,1018.1,5.5,280.0,20.0
2009-10-17,0.3,1.8,13.8,73.0,1014.4,4.3,11.0,51.0
2009-10-18,0.0,3.0,13.2,67.0,1015.8,5.7,29.0,46.0
2009-10-19,0.0,1.9,13.5,65.0,1017.4,4.4,22.0,32.0
2009-10-20,0.0,4.7,12.3,65.0,1016.2,4.6,259.0,58.0
2009-10-21,3.6,5.4,12.1,79.0,1016.4,4.9,26.0,91.0
2009-10-22,22.9,8.4,14.6,92.0,1007.3,9.3,350.0,81.0
2009-10-23,6.2,7.2,15.1,89.0,1006.9,6.4,329.0,99.0
2009-10-24,2.9,10.6,18.9,81.0,1012.0,5.0,320.0,75.0
2009-10-25,0.0,6.8,19.8,82.0,1016.6,4.0,344.0,29.0
2009-10-26,0.0,7.3,19.0,82.0,1016.9,4.5,10.0,6.0
2009-10-27,0.0,9.0,18.9,80.0,1020.1,4.5,10.0,31.0
2009-10-28,0.0,6.4,17.9,85.0,1020.9,4.5,292.0,81.0
2009-10-29,0.0,7.7,17.6,87.0,1017.9,3.0,334.0,52.0
2009-10-30,0.0,8.2,15.5,82.0,1023.8,7.7,50.0,30.0
2009-10-31,0.0,7.8,12.3,70.0,1026.7,5.1,65.0,74.0
2009-11-01,0.0,3.1,13.8,83.0,1022.7,3.9,298.0,58.0
2009-11-02,24.8,4.7,9.3,93.0,1009.9,9.0,32.0,96.0
2009-11-03,15.1,7.6,13.6,80.0,998.3,7.1,290.0,63.0
2009-11-04,2.8,3.1,8.9,89.0,999.5,6.1,21.0,79.0
2009-11-05,0.1,1.5,12.0,83.0,1003.8,5.7,26.0,61.0
2009-11-06,13.3,6.8,10.6,86.0,1006.9,10.0,25.0,90.0
2009-11-07,1.5,2.2,12.5,87.0,1007.4,5.2,298.0,62.0
2009-11-08,20.7,8.0,10.0,87.0,999.7,16.3,38.0,99.0
2009-11-09,7.0,7.1,12.2,81.0,1003.9,12.8,33.0,94.0
2009-11-10,1.9,5.4,15.0,77.0,1005.2,6.3,316.0,47.0
2009-11-11,0.0,0.8,13.3,75.0,1006.2,4.3,302.0,13.0
2009-11-12,0.0,-0.5,12.5,80.0,1013.2,3.7,295.0,26.0
2009-11-13,0.7,1.8,13.3,82.0,1021.5,3.8,347.0,67.0
2009-11-14,0.0,8.8,13.6,87.0,1022.6,4.9,251.0,99.0
2009-11-15,0.0,6.0,13.8,88.0,1020.4,3.3,322.0,88.0
2009-11-16,0.0,9.3,14.7,86.0,1018.3,4.1,253.0,85.0
2009-11-17,0.0,7.4,14.4,89.0,1021.4,3.7,279.0,76.0
2009-11-18,0.0,7.0,13.6,91.0,1025.2,2.6,355.0,92.0
2009-11-19,0.0,7.3,14.9,88.0,1029.1,3.8,296.0,72.0
2009-11-20,0.0,5.8,14.0,90.0,1031.7,3.1,250.0,73.0
2009-11-21,0.0,4.7,12.5,90.0,1031.5,2.8,235.0,67.0
2009-11-22,0.0,6.3,11.6,91.0,1025.6,3.4,240.0,83.0
2009-11-23,0.7,8.3,12.7,88.0,1019.9,3.3,234.0,87.0
2009-11-24,0.0,5.0,12.5,90.0,1019.9,3.2,266.0,85.0
2009-11-25,0.0,3.4,11.3,90.0,1022.1,3.1,293.0,72.0
2009-11-26,1.0,5.9,10.0,92.0,1019.9,2.7,24.0,99.0
2009-11-27,1.1,7.2,12.2,91.0,1015.5,3.6,267.0,95.0
2009-11-28,0.4,4.1,12.2,90.0,1015.1,3.8,302.0,73.0
2009-11-29,7.7,5.4,11.2,90.0,1015.2,6.5,43.0,95.0
2009-11-30,45.9,9.5,13.1,92.0,1000.3,9.8,123.0,100.0
2009-12-01,0.1,4.8,11.6,88.0,1002.8,3.9,308.0,69.0
2009-12-02,0.1,0.1,11.6,84.0,1014.5,4.3,329.0,23.0
2009-12-03,0.0,1.4,9.3,89.0,1013.5,4.2,300.0,91.0
2009-12-04,26.0,4.5,6.8,89.0,1006.5,11.9,18.0,100.0
2009-12-05,3.3,3.7,10.9,83.0,1014.2,5.7,327.0,77.0
2009-12-06,0.0,0.6,9.6,87.0,1018.8,4.0,297.0,92.0
2009-12-07,3.3,2.5,9.0,89.0,1018.8,4.4,21.0,97.0
2009-12-08,7.1,3.6,9.8,91.0,1012.6,6.0,299.0,92.0
2009-12-09,0.0,-0.9,12.1,77.0,1019.0,6.0,301.0,9.0
2009-12-10,0.0,-0.1,10.6,81.0,1023.5,4.4,331.0,23.0
2009-12-11,0.0,-0.8,8.8,85.0,1016.4,4.2,323.0,47.0
2009-12-12,1.3,-1.8,7.8,85.0,1014.9,5.8,19.0,51.0
2009-12-13,0.0,-0.2,4.8,68.0,1016.6,10.2,51.0,74.0
2009-12-14,0.2,-1.8,4.0,64.0,1014.8,9.4,46.0,78.0
2009-12-15,0.0,-2.1,4.8,65.0,1008.9,7.2,38.0,71.0
2009-12-16,0.0,-2.1,3.4,71.0,1006.7,3.4,298.0,47.0
2009-12-17,0.1,-2.4,2.6,76.0,1004.3,5.8,42.0,78.0
2009-12-18,0.1,-2.9,1.3,58.0,1005.1,6.1,53.0,53.0
2009-12-19,4.7,-10.4,-0.3,74.0,999.1,8.0,358.0,89.0
2009-12-20,0.0,-13.5,-4.0,87.0,1008.6,4.8,279.0,65.0
2009-12-21,3.3,-10.8,-1.2,85.0,1015.3,5.1,15.0,96.0
2009-12-22,16.8,-0.9,2.7,91.0,1006.6,6.2,7.0,100.0
2009-12-23,16.8,2.4,6.1,93.0,999.3,7.0,344.0,82.0
2009-12-24,24.7,3.2,10.1,94.0,1001.3,7.2,24.0,100.0
2009-12-25,14.6,2.8,12.2,96.0,996.5,5.5,288.0,70.0
2009-12-26,0.0,-1.9,9.6,81.0,1010.3,7.4,6.0,74.0
2009-12-27,0.0,-1.1,8.4,76.0,1006.6,4.6,301.0,61.0
2009-12-28,0.0,-2.8,6.4,77.0,1009.1,4.7,11.0,39.0
2009-12-29,0.0,-0.9,6.6,81.0,1009.8,3.8,312.0,68.0
2009-12-30,3.1,1.3,6.7,89.0,1005.1,2.9,279.0,90.0
2009-12-31,0.5,0.9,7.5,95.0,999.4,3.2,352.0,80.0
2010-01-01,0.4,0.8,8.3,95.0,992.0,4.0,303.0,91.0
2010-01-02,6.4,0.9,7.2,88.0,1002.9,5.3,357.0,82.0
2010-01-03,0.3,-5.5,5.3,66.0,1019.4,5.9,285.0,36.0
2010-01-04,0.2,-2.9,2.8,66.0,1018.0,4.5,5.0,80.0
2010-01-05,2.3,-2.0,4.4,73.0,1007.3,5.3,7.0,97.0
2010-01-06,2.6,-0.5,5.4,90.0,999.8,4.9,272.0,77.0
2010-01-07,0.1,-1.6,7.1,88.0,1007.8,5.4,18.0,79.0
2010-01-08,19.9,2.7,6.7,88.0,1003.9,13.2,36.0,100.0
2010-01-09,21.7,4.7,7.8,91.0,997.6,12.2,47.0,99.0
2010-01-10,4.4,1.9,8.5,88.0,1006.3,6.3,269.0,55.0
2010-01-11,0.0,-2.7,6.7,90.0,1013.0,4.5,253.0,44.0
2010-01-12,0.0,-0.7,6.6,88.0,1015.4,3.5,358.0,74.0
2010-01-13,0.0,0.2,5.6,88.0,1011.4,4.7,2.0,99.0
2010-01-14,0.1,0.2,6.3,88.0,1012.1,4.4,23.0,93.0
2010-01-15,0.0,-1.6,7.5,83.0,1018.8,5.4,16.0,38.0
2010-01-16,0.0,-2.5,6.1,77.0,1026.0,5.5,24.0,42.0
2010-01-17,0.0,0.6,5.7,81.0,1022.9,3.4,324.0,79.0
2010-01-18,0.0,-2.7,7.9,83.0,1024.3,4.0,300.0,14.0
2010-01-19,0.0,-2.3,6.6,79.0,1023.1,3.9,327.0,4.0
2010-01-20,0.0,-3.0,5.0,85.0,1018.6,3.8,334.0,56.0
2010-01-21,0.0,-4.2,5.0,82.0,1018.9,4.0,294.0,23.0
2010-01-22,0.0,-2.3,4.0,86.0,1023.9,4.6,28.0,57.0
2010-01-23,0.0,-0.0,4.9,87.0,1025.7,3.4,285.0,81.0
2010-01-24,0.0,-1.2,3.3,89.0,1026.4,4.0,39.0,97.0
2010-01-25,0.0,-1.2,2.7,75.0,1029.1,6.8,54.0,99.0
2010-01-26,1.8,-1.2,2.5,78.0,1027.8,7.0,50.0,92.0
2010-01-27,0.0,-2.3,4.2,70.0,1023.5,6.0,50.0,41.0
2010-01-28,0.0,-2.3,3.7,82.0,1007.4,4.4,72.0,70.0
2010-01-29,0.9,-1.2,4.0,82.0,999.9,3.4,35.0,70.0
2010-01-30,2.2,-1.9,5.1,85.0,991.8,3.4,269.0,82.0
2010-01-31,4.7,-0.7,5.3,77.0,1000.4,6.3,352.0,93.0
2010-02-01,0.0,-4.1,5.2,69.0,1011.7,5.6,257.0,33.0
2010-02-02,0.0,-1.9,7.2,62.0,1018.3,5.5,260.0,42.0
2010-02-03,0.0,-1.5,8.0,69.0,1018.0,5.5,235.0,19.0
2010-02-04,0.0,-1.1,7.2,78.0,1022.9,3.3,355.0,78.0
2010-02-05,23.2,1.6,5.9,91.0,1016.5,8.1,34.0,100.0
2010-02-06,12.9,3.2,9.8,90.0,1006.2,8.5,344.0,100.0
2010-02-07,1.9,-0.4,9.9,89.0,1010.1,5.1,243.0,65.0
2010-02-08,1.0,-1.1,6.3,84.0,1010.0,4.0,61.0,71.0
2010-02-09,0.0,-0.9,4.6,80.0,1006.3,6.0,49.0,99.0
2010-02-10,8.3,-0.1,5.7,81.0,997.6,7.0,20.0,100.0
2010-02-11,7.1,0.7,4.0,86.0,996.0,7.3,33.0,98.0
2010-02-12,1.1,-1.3,8.2,71.0,1002.9,7.1,32.0,42.0
2010-02-13,0.0,-2.2,8.8,71.0,1008.6,5.9,277.0,36.0
2010-02-14,0.2,-1.3,7.2,84.0,1009.3,6.2,35.0,44.0
2010-02-15,0.0,0.1,6.7,78.0,1008.1,5.1,62.0,69.0
2010-02-16,0.0,-0.2,7.1,81.0,1007.6,6.5,46.0,88.0
2010-02-17,0.7,1.3,10.3,78.0,1002.3,3.9,16.0,92.0
2010-02-18,5.1,4.8,10.8,88.0,1002.2,6.5,270.0,76.0
2010-02-19,34.6,3.9,8.3,94.0,996.8,12.1,31.0,99.0
2010-02-20,8.6,2.3,7.7,89.0,993.6,7.2,37.0,100.0
2010-02-21,0.5,-2.0,9.1,83.0,1007.5,6.4,115.0,80.0
2010-02-22,0.9,2.4,9.0,85.0,1007.6,5.0,41.0,90.0
2010-02-23,3.0,3.8,9.9,89.0,1003.7,5.1,297.0,92.0
2010-02-24,0.2,1.1,12.2,83.0,1004.5,3.6,286.0,83.0
2010-02-25,0.1,-0.2,13.3,84.0,1007.3,4.9,165.0,63.0
2010-02-26,10.9,4.0,11.1,92.0,1001.0,8.9,342.0,78.0
2010-02-27,0.0,-2.0,13.5,78.0,1009.7,4.6,36.0,58.0
2010-02-28,0.0,5.0,10.5,86.0,1007.4,5.1,41.0,99.0
2010-03-01,0.0,-0.5,12.3,83.0,1009.8,4.8,240.0,70.0
2010-03-02,0.6,4.7,12.7,81.0,1017.2,3.8,135.0,64.0
2010-03-03,7.7,2.7,10.3,89.0,1018.8,9.8,48.0,100.0
2010-03-04,7.3,4.6,11.1,75.0,1007.6,10.9,50.0,96.0
2010-03-05,9.1,-1.2,5.6,84.0,1014.7,5.0,44.0,95.0
2010-03-06,0.0,-4.7,7.3,72.0,1017.3,7.3,236.0,23.0
2010-03-07,0.0,-0.0,6.4,59.0,1021.5,15.1,63.0,62.0
2010-03-08,0.0,-2.6,5.1,45.0,1018.6,12.6,72.0,9.0
2010-03-09,2.8,-0.8,3.8,44.0,1013.8,21.3,60.0,83.0
2010-03-10,20.9,0.6,2.6,78.0,1012.0,19.1,54.0,100.0
2010-03-11,0.1,-1.4,6.7,75.0,1011.4,4.9,6.0,71.0
2010-03-12,0.0,-1.1,8.2,75.0,1014.9,4.5,241.0,57.0
2010-03-13,0.0,-1.9,8.0,79.0,1019.5,4.7,315.0,33.0
2010-03-14,0.0,-1.3,12.8,77.0,1019.1,5.2,231.0,24.0
2010-03-15,0.8,-0.6,13.9,71.0,1018.9,6.4,272.0,35.0
2010-03-16,0.0,-0.3,14.3,64.0,1021.3,5.5,277.0,34.0
2010-03-17,0.0,0.0,14.7,71.0,1028.5,5.5,248.0,38.0
2010-03-18,0.0,3.6,15.2,75.0,1029.9,5.1,220.0,90.0
2010-03-19,0.0,5.8,14.2,78.0,1029.2,5.3,224.0,80.0
2010-03-20,0.0,5.6,14.5,78.0,1026.0,5.5,217.0,92.0
2010-03-21,0.0,8.3,14.5,85.0,1023.6,3.7,219.0,100.0
2010-03-22,8.5,9.1,12.7,94.0,1022.7,4.3,77.0,100.0
2010-03-23,2.2,10.1,16.4,84.0,1020.4,3.8,70.0,84.0
2010-03-24,0.0,5.3,17.7,80.0,1017.9,5.1,55.0,22.0
2010-03-25,0.0,8.1,17.7,81.0,1018.0,5.5,106.0,39.0
2010-03-26,6.4,8.9,15.0,92.0,1016.1,8.0,83.0,85.0
2010-03-27,0.5,4.6,15.5,81.0,1010.1,5.7,248.0,42.0
2010-03-28,0.0,4.2,17.4,76.0,1012.1,5.1,177.0,25.0
2010-03-29,0.0,5.1,16.8,80.0,1013.6,5.8,47.0,78.0
2010-03-30,12.0,7.8,14.7,88.0,1006.5,7.2,84.0,86.0
2010-03-31,3.2,5.4,14.7,86.0,1004.3,4.8,307.0,69.0
2010-04-01,13.0,2.9,12.1,90.0,1011.7,8.0,45.0,73.0
2010-04-02,0.0,-1.4,13.2,71.0,1016.6,5.1,332.0,31.0
2010-04-03,1.1,2.6,14.5,79.0,1019.6,5.1,92.0,81.0
2010-04-04,2.7,6.5,14.4,82.0,1017.1,9.0,72.0,93.0
2010-04-05,9.7,7.6,15.8,70.0,1017.4,9.2,282.0,70.0
2010-04-06,0.0,2.0,17.1,67.0,1023.8,6.2,21.0,6.0
2010-04-07,0.0,4.7,17.0,74.0,1022.1,5.9,72.0,6.0
2010-04-08,0.0,3.6,17.8,69.0,1021.7,6.3,58.0,2.0
2010-04-09,0.0,4.6,19.9,65.0,1023.5,3.6,342.0,6.0
2010-04-10,6.1,7.8,20.4,74.0,1019.1,6.0,186.0,39.0
2010-04-11,7.2,6.7,12.8,71.0,1015.6,9.2,66.0,56.0
2010-04-12,1.1,2.0,13.6,65.0,1012.6,9.0,45.0,35.0
2010-04-13,0.0,2.7,13.5,69.0,1012.4,6.6,64.0,58.0
2010-04-14,0.3,2.4,15.5,73.0,1010.5,6.5,262.0,44.0
2010-04-15,0.7,6.1,15.7,77.0,1012.6,5.1,70.0,42.0
2010-04-16,0.7,5.0,16.9,74.0,1014.2,5.9,58.0,61.0
2010-04-17,4.0,7.9,16.6,74.0,1017.1,8.3,49.0,85.0
2010-04-18,10.1,8.4,14.4,78.0,1016.6,7.0,44.0,83.0
2010-04-19,0.8,4.1,19.1,76.0,1012.7,5.2,285.0,26.0
2010-04-20,0.0,5.4,21.2,70.0,1013.5,6.1,262.0,27.0
2010-04-21,0.2,6.0,21.1,70.0,1011.9,6.8,247.0,20.0
2010-04-22,1.6,9.0,17.8,79.0,1012.3,6.5,74.0,82.0
2010-04-23,6.7,11.0,15.6,85.0,1014.0,10.1,53.0,100.0
2010-04-24,3.5,11.4,17.3,83.0,1018.7,5.9,80.0,87.0
2010-04-25,0.0,7.9,21.8,73.0,1021.7,5.1,33.0,18.0
2010-04-26,3.0,9.7,23.0,73.0,1021.1,4.7,351.0,39.0
2010-04-27,2.9,13.3,21.0,68.0,1022.2,8.0,42.0,49.0
2010-04-28,0.0,9.8,21.5,70.0,1024.0,5.6,125.0,30.0
2010-04-29,0.0,12.0,22.5,68.0,1020.7,5.4,165.0,24.0
2010-04-30,0.0,11.3,22.8,74.0,1015.6,5.5,98.0,44.0
2010-05-01,0.0,13.1,22.2,73.0,1012.5,5.6,219.0,62.0
2010-05-02,14.9,12.7,19.2,85.0,1010.4,5.9,95.0,92.0
2010-05-03,14.5,13.4,20.4,85.0,1007.7,5.7,83.0,83.0
2010-05-04,34.0,13.7,15.0,93.0,1009.3,14.3,46.0,100.0
2010-05-05,34.6,12.0,18.9,85.0,1004.8,15.5,51.0,89.0
2010-05-06,7.3,7.4,16.4,85.0,1002.9,7.6,239.0,74.0
2010-05-07,2.5,8.7,16.9,77.0,1007.6,4.9,217.0,65.0
2010-05-08,4.1,10.1,17.7,83.0,1009.5,4.4,243.0,75.0
2010-05-09,1.0,7.0,19.1,79.0,1010.7,6.8,244.0,79.0
2010-05-10,1.2,9.8,18.5,86.0,1009.0,2.8,151.0,87.0
2010-05-11,22.1,11.1,17.6,92.0,1008.3,6.2,56.0,98.0
2010-05-12,15.2,11.8,19.8,87.0,1007.0,4.2,76.0,88.0
2010-05-13,2.6,10.3,19.4,81.0,1005.9,6.2,244.0,74.0
2010-05-14,4.4,11.7,19.1,78.0,1006.0,7.4,235.0,61.0
2010-05-15,13.4,11.3,16.8,85.0,1000.4,8.1,316.0,100.0
2010-05-16,0.0,9.8,20.6,67.0,1005.6,6.2,250.0,100.0
2010-05-17,0.0,9.0,21.1,59.0,1013.4,7.1,306.0,76.0
2010-05-18,0.0,6.6,22.4,62.0,1016.4,7.3,288.0,33.0
2010-05-19,0.5,12.3,19.1,55.0,1017.9,8.7,58.0,57.0
2010-05-20,2.0,11.3,19.5,69.0,1019.7,5.0,59.0,42.0
2010-05-21,0.0,8.9,23.7,66.0,1019.8,5.4,241.0,36.0
2010-05-22,1.3,9.9,24.1,64.0,1018.6,4.3,189.0,22.0
2010-05-23,0.0,11.0,24.6,66.0,1017.2,4.5,22.0,29.0
2010-05-24,0.0,12.0,25.7,70.0,1015.3,6.5,235.0,20.0
2010-05-25,0.0,14.9,26.1,66.0,1013.0,6.9,233.0,9.0
2010-05-26,0.0,13.8,24.1,62.0,1011.1,8.8,229.0,46.0
2010-05-27,0.9,14.9,23.2,68.0,1009.5,4.4,198.0,42.0
2010-05-28,0.3,10.9,22.6,79.0,1013.3,4.8,82.0,69.0
2010-05-29,9.4,12.7,22.2,83.0,1016.3,5.0,53.0,54.0
2010-05-30,3.9,13.5,21.9,82.0,1011.7,5.3,245.0,74.0
2010-05-31,4.6,14.9,20.7,75.0,1005.1,6.4,78.0,50.0
2010-06-01,0.0,8.5,23.9,67.0,1007.4,7.2,258.0,39.0
2010-06-02,5.1,14.1,23.2,73.0,1005.6,4.5,34.0,81.0
2010-06-03,3.0,15.0,20.8,80.0,1010.0,6.3,83.0,83.0
2010-06-04,0.4,14.3,24.8,73.0,1014.6,5.3,207.0,43.0
2010-06-05,0.0,16.4,25.3,77.0,1019.5,5.5,117.0,36.0
2010-06-06,0.0,15.5,27.0,73.0,1016.7,5.3,157.0,19.0
2010-06-07,1.5,17.3,25.0,75.0,1012.7,4.1,100.0,84.0
2010-06-08,1.7,17.7,25.6,81.0,1011.7,4.4,143.0,63.0
2010-06-09,2.1,16.8,26.5,83.0,1011.9,5.5,82.0,52.0
2010-06-10,0.0,17.6,27.0,79.0,1013.4,8.7,65.0,71.0
2010-06-11,0.0,16.2,27.7,76.0,1012.5,6.5,78.0,15.0
2010-06-12,4.0,17.5,28.2,77.0,1010.7,6.1,90.0,34.0
2010-06-13,6.0,17.2,26.7,78.0,1010.3,4.8,283.0,67.0
2010-06-14,0.0,16.3,25.5,69.0,1011.3,8.4,235.0,27.0
2010-06-15,21.6,18.3,21.9,88.0,1014.9,8.6,32.0,100.0
2010-06-16,32.8,18.0,23.6,87.0,1011.7,7.0,46.0,82.0
2010-06-17,22.5,15.7,21.7,89.0,1013.9,4.5,48.0,67.0
2010-06-18,1.1,12.2,23.6,76.0,1009.4,8.2,247.0,49.0
2010-06-19,24.1,15.2,20.7,86.0,1002.7,6.6,32.0,87.0
2010-06-20,47.1,12.6,15.2,86.0,1001.5,12.8,19.0,100.0
2010-06-21,0.8,13.0,21.9,73.0,1007.3,6.0,289.0,97.0
2010-06-22,1.0,10.7,23.4,71.0,1013.5,5.3,278.0,89.0
2010-06-23,0.0,14.8,24.3,64.0,1016.4,5.0,208.0,49.0
2010-06-24,0.0,15.9,24.1,72.0,1015.7,6.1,134.0,36.0
2010-06-25,0.0,16.4,25.1,74.0,1014.3,4.9,143.0,41.0
2010-06-26,2.5,16.0,24.9,80.0,1013.1,4.4,84.0,56.0
2010-06-27,0.5,17.0,26.5,80.0,1015.9,5.6,88.0,57.0
2010-06-28,0.0,18.5,27.5,76.0,1016.6,5.0,108.0,43.0
2010-06-29,2.4,18.2,27.1,78.0,1016.6,3.3,63.0,59.0
2010-06-30,0.7,17.6,28.7,77.0,1016.3,4.2,298.0,70.0
2010-07-01,2.6,17.6,29.4,74.0,1016.0,3.6,31.0,45.0
2010-07-02,1.1,19.1,28.5,80.0,1016.2,3.6,37.0,61.0
2010-07-03,0.5,19.1,29.6,78.0,1015.9,4.4,252.0,33.0
2010-07-04,4.0,20.5,30.6,78.0,1015.2,4.5,340.0,34.0
2010-07-05,5.0,19.9,28.5,81.0,1015.1,3.7,350.0,54.0
2010-07-06,6.5,19.7,26.5,81.0,1015.6,5.3,49.0,71.0
2010-07-07,1.5,19.7,25.7,72.0,1018.8,8.3,67.0,49.0
2010-07-08,0.0,18.9,26.7,70.0,1021.7,6.1,107.0,60.0
2010-07-09,0.0,16.5,28.7,75.0,1020.9,4.3,171.0,26.0
2010-07-10,0.0,18.7,30.1,76.0,1019.7,3.9,127.0,41.0
2010-07-11,0.1,20.5,30.6,74.0,1017.8,4.1,108.0,57.0
2010-07-12,2.5,20.4,29.7,76.0,1015.4,4.2,250.0,30.0
2010-07-13,0.1,20.2,30.0,77.0,1012.3,4.9,220.0,71.0
2010-07-14,0.2,21.6,30.7,78.0,1012.7,5.3,197.0,61.0
2010-07-15,0.0,21.3,32.4,71.0,1012.0,4.5,206.0,23.0
2010-07-16,0.0,21.6,32.8,70.0,1014.6,4.3,54.0,13.0
2010-07-17,0.0,21.0,31.9,70.0,1013.6,5.1,234.0,35.0
2010-07-18,1.4,21.0,29.4,62.0,1016.4,8.4,52.0,31.0
2010-07-19,0.0,21.3,27.6,61.0,1018.2,5.9,60.0,31.0
2010-07-20,0.0,20.3,27.9,68.0,1015.1,6.7,65.0,30.0
2010-07-21,0.1,19.2,30.2,71.0,1012.7,4.0,208.0,33.0
2010-07-22,0.1,20.5,31.6,73.0,1013.1,4.5,196.0,33.0
2010-07-23,3.0,21.3,31.0,74.0,1011.6,6.0,232.0,27.0
2010-07-24,0.2,18.3,27.6,58.0,1009.7,8.6,344.0,24.0
2010-07-25,0.3,16.2,26.7,56.0,1010.0,5.2,41.0,17.0
2010-07-26,4.8,15.1,24.8,67.0,1011.5,4.9,35.0,50.0
2010-07-27,5.2,15.4,23.1,72.0,1013.4,4.6,41.0,51.0
2010-07-28,0.5,14.0,27.3,72.0,1015.5,5.1,222.0,36.0
2010-07-29,14.7,16.9,21.4,88.0,1010.3,6.9,37.0,92.0
2010-07-30,2.0,14.0,22.9,76.0,1011.0,4.2,25.0,54.0
2010-07-31,0.0,12.7,25.6,68.0,1015.7,4.4,352.0,13.0
2010-08-01,0.0,15.0,27.8,65.0,1017.4,4.5,224.0,1.0
2010-08-02,0.2,16.5,28.8,71.0,1014.8,5.0,180.0,11.0
2010-08-03,7.3,18.6,26.5,79.0,1009.7,4.1,29.0,46.0
2010-08-04,0.2,16.8,25.8,70.0,1009.7,7.5,61.0,34.0
2010-08-05,27.3,16.7,19.5,82.0,1005.9,8.2,25.0,93.0
2010-08-06,2.8,14.2,25.8,72.0,1008.6,4.9,319.0,70.0
2010-08-07,0.0,15.3,26.0,72.0,1014.9,5.2,246.0,29.0
2010-08-08,0.3,16.5,25.7,80.0,1016.8,4.7,67.0,38.0
2010-08-09,0.5,16.8,26.4,79.0,1015.9,4.6,81.0,28.0
2010-08-10,0.7,17.5,27.1,76.0,1015.6,4.1,33.0,32.0
2010-08-11,1.4,17.7,27.8,78.0,1014.9,4.3,26.0,60.0
2010-08-12,3.3,18.6,26.5,79.0,1012.9,5.0,42.0,68.0
2010-08-13,25.0,17.9,22.3,90.0,1014.0,5.2,44.0,92.0
2010-08-14,35.2,14.4,22.1,90.0,1014.4,8.3,54.0,91.0
2010-08-15,15.3,16.8,25.0,83.0,1013.0,5.4,226.0,46.0
2010-08-16,1.4,14.6,23.3,76.0,1013.9,6.8,244.0,54.0
2010-08-17,0.0,14.7,24.3,73.0,1013.8,6.0,229.0,20.0
2010-08-18,0.6,16.8,24.6,79.0,1012.0,5.4,222.0,41.0
2010-08-19,0.0,16.8,26.2,78.0,1014.9,4.7,221.0,47.0
2010-08-20,3.8,19.9,26.2,85.0,1020.6,4.0,46.0,68.0
2010-08-21,0.0,17.5,29.4,79.0,1022.0,4.3,17.0,13.0
2010-08-22,0.7,18.6,29.7,76.0,1018.9,3.7,250.0,15.0
2010-08-23,0.0,19.9,29.6,75.0,1012.5,4.7,199.0,38.0
2010-08-24,0.0,19.0,28.1,78.0,1010.2,6.9,237.0,29.0
2010-08-25,2.2,19.2,26.8,83.0,1014.3,4.5,64.0,52.0
2010-08-26,0.0,19.6,28.8,80.0,1015.7,4.8,128.0,51.0
2010-08-27,0.0,22.2,28.3,78.0,1008.8,10.0,234.0,62.0
2010-08-28,6.3,19.1,26.1,80.0,1006.3,7.4,66.0,52.0
2010-08-29,0.7,17.0,21.8,65.0,1014.3,7.2,71.0,53.0
2010-08-30,4.1,14.9,21.0,73.0,1008.8,6.1,52.0,47.0
2010-08-31,0.0,11.2,23.3,64.0,1011.2,6.4,319.0,36.0
2010-09-01,0.0,8.9,22.8,58.0,1014.0,6.3,11.0,1.0
2010-09-02,0.0,11.8,22.8,69.0,1016.3,5.8,62.0,49.0
2010-09-03,1.0,14.7,21.9,79.0,1016.9,7.0,63.0,58.0
2010-09-04,0.0,14.4,23.6,79.0,1015.7,4.3,65.0,33.0
2010-09-05,1.5,16.3,20.2,74.0,1016.8,8.8,57.0,82.0
2010-09-06,1.1,15.6,17.8,72.0,1016.1,10.0,61.0,94.0
2010-09-07,6.8,14.1,18.4,80.0,1012.8,9.8,43.0,100.0
2010-09-08,25.2,16.2,21.6,90.0,1007.8,8.5,45.0,82.0
2010-09-09,3.2,12.7,21.4,87.0,1012.6,4.8,12.0,56.0
2010-09-10,0.0,12.6,24.5,68.0,1017.4,5.7,344.0,43.0
2010-09-11,0.0,11.0,24.8,67.0,1017.9,4.4,4.0,9.0
2010-09-12,0.0,15.4,23.5,68.0,1018.4,3.9,83.0,32.0
2010-09-13,2.9,14.8,21.6,75.0,1018.5,5.8,0.0,60.0
2010-09-14,0.0,13.0,24.4,65.0,1021.3,4.6,306.0,50.0
2010-09-15,0.0,13.1,24.7,72.0,1016.5,5.7,216.0,24.0
2010-09-16,0.6,14.4,23.7,82.0,1011.7,5.3,218.0,60.0
2010-09-17,9.3,18.3,23.3,86.0,1010.0,5.7,200.0,98.0
2010-09-18,21.7,15.1,18.2,86.0,1012.3,10.3,51.0,93.0
2010-09-19,1.5,13.3,20.3,73.0,1013.7,6.5,77.0,68.0
2010-09-20,0.0,13.5,20.5,70.0,1019.7,3.9,81.0,55.0
2010-09-21,0.0,9.7,22.9,78.0,1019.6,3.2,3.0,7.0
2010-09-22,0.0,9.9,23.6,74.0,1020.2,5.6,28.0,5.0
2010-09-23,0.0,11.4,22.6,72.0,1018.3,6.0,49.0,33.0
2010-09-24,11.0,9.7,21.7,80.0,1009.2,7.8,48.0,65.0
2010-09-25,31.2,12.9,19.0,86.0,998.2,5.9,22.0,76.0
2010-09-26,1.0,10.4,20.2,77.0,1001.1,5.0,347.0,37.0
2010-09-27,16.0,12.0,16.5,89.0,1007.8,7.5,24.0,80.0
2010-09-28,1.0,8.3,17.5,89.0,1012.7,3.3,340.0,60.0
2010-09-29,0.0,8.5,19.5,80.0,1015.1,4.6,258.0,29.0
2010-09-30,0.8,9.8,18.4,83.0,1015.9,4.0,49.0,64.0
2010-10-01,5.4,11.8,16.8,91.0,1015.5,6.1,51.0,87.0
2010-10-02,0.0,11.6,18.8,83.0,1018.7,4.3,52.0,79.0
2010-10-03,0.1,12.5,19.6,85.0,1018.5,3.4,132.0,79.0
2010-10-04,5.4,13.7,20.4,89.0,1013.5,6.8,49.0,87.0
2010-10-05,13.2,16.5,21.7,85.0,1008.8,6.6,178.0,70.0
2010-10-06,0.1,11.9,21.4,86.0,1014.2,3.4,49.0,36.0
2010-10-07,0.0,14.1,20.3,81.0,1020.6,6.3,64.0,70.0
2010-10-08,0.0,12.5,17.8,69.0,1023.3,9.6,55.0,29.0
2010-10-09,0.0,9.6,16.6,68.0,1021.8,7.6,48.0,23.0
2010-10-10,0.0,7.7,15.7,72.0,1014.1,6.9,40.0,70.0
2010-10-11,0.0,8.1,16.7,65.0,1012.8,10.0,43.0,70.0
2010-10-12,0.0,6.5,17.2,72.0,1013.3,6.9,37.0,30.0
2010-10-13,0.2,7.2,16.3,75.0,1011.6,8.1,29.0,91.0
2010-10-14,0.0,8.4,18.0,73.0,1009.6,5.3,14.0,38.0
2010-10-15,0.0,6.4,16.7,80.0,1008.9,5.7,42.0,32.0
2010-10-16,3.2,9.6,14.0,72.0,1008.0,8.9,48.0,82.0
2010-10-17,21.9,8.0,11.2,80.0,1009.7,13.7,40.0,99.0
2010-10-18,0.0,8.2,15.8,70.0,1012.5,6.5,17.0,80.0
2010-10-19,0.0,6.8,17.8,70.0,1007.5,5.5,327.0,37.0
2010-10-20,0.6,6.3,16.4,83.0,1007.2,4.9,5.0,38.0
2010-10-21,0.0,3.1,15.1,76.0,1020.8,4.9,32.0,22.0
2010-10-22,0.0,4.4,15.0,70.0,1025.1,4.7,2.0,29.0
2010-10-23,0.0,4.9,14.1,81.0,1020.2,3.3,318.0,87.0
2010-10-24,6.6,7.4,12.0,89.0,1013.0,4.2,19.0,90.0
2010-10-25,38.5,7.7,10.6,86.0,1006.2,12.7,17.0,99.0
2010-10-26,6.8,5.6,11.1,78.0,1019.3,4.2,10.0,79.0
2010-10-27,0.0,0.9,12.3,74.0,1025.1,4.3,4.0,25.0
2010-10-28,0.0,0.7,13.1,83.0,1024.2,3.8,318.0,46.0
2010-10-29,0.0,1.8,16.2,85.0,1021.5,4.6,295.0,2.0
2010-10-30,0.0,2.3,14.0,89.0,1018.4,4.9,42.0,89.0
2010-10-31,46.3,10.2,13.9,92.0,1012.5,11.4,58.0,100.0
2010-11-01,56.1,14.0,15.3,94.0,1011.0,10.8,55.0,100.0
2010-11-02,24.9,10.7,15.7,89.0,1012.2,13.2,41.0,98.0
2010-11-03,0.0,8.9,17.1,87.0,1018.3,5.7,27.0,74.0
2010-11-04,0.0,8.2,18.0,88.0,1028.0,4.8,294.0,76.0
2010-11-05,0.0,7.9,16.2,91.0,1028.9,4.9,248.0,81.0
2010-11-06,0.0,8.5,14.3,93.0,1020.5,4.8,228.0,94.0
2010-11-07,6.3,9.4,12.8,94.0,1006.6,5.9,34.0,100.0
2010-11-08,10.1,4.8,12.0,90.0,989.1,4.0,4.0,90.0
2010-11-09,9.5,4.5,10.4,88.0,986.3,6.1,32.0,93.0
2010-11-10,1.3,4.7,12.2,89.0,995.4,4.8,15.0,85.0
2010-11-11,0.0,1.9,12.3,90.0,1010.5,4.3,270.0,46.0
2010-11-12,0.0,4.2,13.2,87.0,1010.7,5.3,244.0,69.0
2010-11-13,0.0,4.5,13.5,88.0,1013.5,3.7,298.0,81.0
2010-11-14,0.0,8.4,14.9,89.0,1015.6,2.6,239.0,81.0
2010-11-15,3.5,6.9,13.5,92.0,1015.5,4.9,50.0,87.0
2010-11-16,38.3,10.6,13.4,96.0,1009.2,7.9,49.0,96.0
2010-11-17,1.1,6.4,13.8,88.0,1008.4,4.5,357.0,81.0
2010-11-18,5.8,5.5,12.0,94.0,1009.4,4.8,358.0,91.0
2010-11-19,6.1,5.5,11.7,86.0,1015.3,6.1,281.0,72.0
2010-11-20,1.1,3.3,11.6,88.0,1018.0,6.2,34.0,98.0
2010-11-21,35.0,7.9,8.6,88.0,1007.9,13.2,32.0,100.0
2010-11-22,8.7,5.7,11.3,86.0,998.2,5.1,311.0,87.0
2010-11-23,0.0,1.8,11.0,88.0,998.4,4.3,300.0,63.0
2010-11-24,1.6,0.3,9.3,85.0,1004.5,5.3,314.0,50.0
2010-11-25,0.8,-1.5,7.7,85.0,1007.2,4.8,348.0,57.0
2010-11-26,23.2,0.1,2.9,92.0,999.8,10.0,18.0,97.0
2010-11-27,0.4,-9.9,5.2,84.0,1006.8,5.3,360.0,54.0
2010-11-28,11.5,0.5,5.2,86.0,1003.7,10.3,20.0,100.0
2010-11-29,0.0,-1.6,6.5,89.0,1000.9,9.9,253.0,48.0
2010-11-30,0.4,-3.3,6.6,72.0,1009.1,11.2,28.0,63.0
2010-12-01,19.5,2.3,3.8,90.0,999.5,7.8,18.0,99.0
2010-12-02,0.9,-2.8,5.7,93.0,1005.1,4.4,338.0,81.0
2010-12-03,9.0,0.2,4.9,89.0,1007.0,6.9,286.0,90.0
2010-12-04,12.1,-3.0,4.2,86.0,1015.6,9.3,18.0,64.0
2010-12-05,1.1,-5.8,3.5,87.0,1021.2,4.2,312.0,85.0
2010-12-06,7.6,0.3,3.7,93.0,1010.7,4.6,356.0,99.0
2010-12-07,2.2,2.8,7.5,93.0,1008.1,3.1,298.0,94.0
2010-12-08,4.6,5.4,9.4,97.0,1009.1,2.6,301.0,99.0
2010-12-09,0.0,3.2,11.7,82.0,1009.0,7.6,297.0,47.0
2010-12-10,0.0,-1.2,8.9,67.0,1021.6,6.4,280.0,4.0
2010-12-11,0.0,-2.6,7.6,75.0,1019.8,4.3,283.0,0.0
2010-12-12,0.0,-2.4,7.5,81.0,1008.6,5.1,359.0,19.0
2010-12-13,0.0,-2.6,7.8,68.0,1010.6,6.5,28.0,28.0
2010-12-14,0.0,-2.4,3.8,59.0,1018.5,3.7,335.0,18.0
2010-12-15,0.0,-2.5,3.9,70.0,1019.1,4.5,271.0,33.0
2010-12-16,0.0,-2.9,1.9,64.0,1015.3,5.3,310.0,33.0
2010-12-17,2.4,-3.7,-1.1,77.0,1003.3,5.5,48.0,92.0
2010-12-18,0.0,-5.6,2.7,76.0,1001.4,5.1,269.0,20.0
2010-12-19,0.0,-5.2,2.9,73.0,1012.6,5.2,6.0,65.0
2010-12-20,0.0,-0.5,4.0,83.0,1011.4,4.9,253.0,55.0
2010-12-21,1.3,-0.5,5.5,88.0,1014.4,3.6,7.0,88.0
2010-12-22,17.6,2.4,7.0,94.0,1010.8,5.8,10.0,100.0
2010-12-23,34.6,4.8,10.5,97.0,1003.0,10.2,38.0,100.0
2010-12-24,22.4,7.0,10.7,96.0,992.6,7.5,39.0,99.0
2010-12-25,21.0,4.2,6.9,89.0,999.5,7.8,350.0,99.0
2010-12-26,3.0,1.0,3.9,75.0,1015.0,9.8,29.0,98.0
2010-12-27,0.0,-5.7,3.8,70.0,1023.6,6.0,317.0,26.0
2010-12-28,0.0,-4.7,2.9,77.0,1023.9,5.2,288.0,45.0
2010-12-29,0.0,-2.8,4.8,75.0,1024.3,3.8,304.0,32.0
2010-12-30,0.0,-2.5,5.8,75.0,1025.1,3.7,350.0,42.0
2010-12-31,0.0,-2.0,5.6,82.0,1024.1,4.1,329.0,9.0
2011-01-01,0.0,-1.3,6.0,87.0,1020.4,4.5,289.0,45.0
2011-01-02,0.0,0.1,6.3,85.0,1015.7,3.6,357.0,35.0
2011-01-03,0.0,-1.1,5.3,68.0,1021.0,4.5,48.0,36.0
2011-01-04,0.0,-2.0,3.1,76.0,1022.1,2.8,22.0,69.0
2011-01-05,0.0,-0.9,3.9,73.0,1021.4,3.2,13.0,62.0
2011-01-06,1.0,-0.9,3.3,81.0,1021.9,2.7,287.0,92.0
2011-01-07,0.3,1.4,3.9,91.0,1024.2,1.9,259.0,99.0
2011-01-08,0.7,2.7,7.5,94.0,1023.1,2.4,267.0,97.0
2011-01-09,0.0,2.9,7.7,95.0,1022.8,2.0,275.0,91.0
2011-01-10,9.9,3.0,7.5,96.0,1020.7,4.6,15.0,100.0
2011-01-11,4.6,4.6,8.6,96.0,1014.7,4.0,279.0,95.0
2011-01-12,0.0,1.2,9.6,93.0,1018.3,3.4,282.0,75.0
2011-01-13,0.0,-0.3,7.6,88.0,1019.0,3.2,291.0,68.0
2011-01-14,0.0,1.2,8.8,88.0,1020.3,2.6,257.0,65.0
2011-01-15,0.0,0.6,9.1,90.0,1023.6,2.6,287.0,58.0
2011-01-16,0.0,-0.3,11.2,86.0,1029.9,2.9,311.0,42.0
2011-01-17,0.0,-1.1,9.6,86.0,1028.4,3.1,280.0,61.0
2011-01-18,0.0,-0.7,9.3,83.0,1025.7,2.6,304.0,37.0
2011-01-19,2.1,-1.7,7.3,86.0,1022.4,2.9,351.0,83.0
2011-01-20,0.9,0.6,7.0,79.0,1020.1,4.9,358.0,97.0
2011-01-21,0.0,-2.9,6.0,64.0,1021.6,8.5,24.0,93.0
2011-01-22,0.0,-2.7,5.5,57.0,1021.2,7.0,35.0,53.0
2011-01-23,0.0,-2.0,5.3,70.0,1019.5,4.7,282.0,7.0
2011-01-24,0.0,-2.4,5.9,78.0,1019.1,4.5,321.0,3.0
2011-01-25,0.0,-2.1,6.0,82.0,1017.4,4.9,311.0,42.0
2011-01-26,0.0,-1.3,5.1,88.0,1011.2,3.5,52.0,63.0
2011-01-27,0.0,-1.3,7.4,81.0,1013.2,6.0,29.0,45.0
2011-01-28,0.0,1.7,7.0,61.0,1017.1,13.4,55.0,71.0
2011-01-29,0.0,-1.1,4.7,61.0,1020.3,9.5,52.0,78.0
2011-01-30,1.0,-1.2,5.4,76.0,1017.3,7.3,35.0,99.0
2011-01-31,0.0,-0.8,8.1,78.0,1019.4,4.7,23.0,36.0
2011-02-01,0.0,-0.8,8.6,77.0,1022.2,3.9,0.0,4.0
2011-02-02,0.0,-1.8,9.2,70.0,1022.2,4.8,6.0,0.0
2011-02-03,0.0,-1.8,9.2,74.0,1025.1,4.5,318.0,42.0
2011-02-04,0.0,-2.2,11.5,75.0,1027.6,4.7,286.0,9.0
2011-02-05,0.0,-1.8,11.4,78.0,1027.3,3.5,312.0,52.0
2011-02-06,0.0,-1.2,13.3,82.0,1027.1,3.5,305.0,18.0
2011-02-07,0.0,-0.9,13.4,80.0,1025.8,3.4,331.0,11.0
2011-02-08,0.0,-1.2,10.8,83.0,1021.3,3.2,340.0,27.0
2011-02-09,0.0,-1.2,13.0,78.0,1021.4,4.2,319.0,11.0
2011-02-10,0.0,-1.6,12.7,83.0,1022.5,4.1,287.0,0.0
2011-02-11,0.0,-1.3,11.6,87.0,1020.0,4.5,247.0,31.0
2011-02-12,0.0,1.4,12.1,89.0,1017.2,5.0,281.0,77.0
2011-02-13,0.2,5.4,10.0,91.0,1015.7,4.9,62.0,99.0
2011-02-14,0.1,4.4,10.8,90.0,1012.0,3.8,89.0,91.0
2011-02-15,1.3,4.8,9.5,92.0,1007.8,5.8,68.0,100.0
2011-02-16,33.7,5.5,6.6,94.0,1002.6,13.5,40.0,100.0
2011-02-17,6.2,4.8,9.8,85.0,1002.8,7.4,36.0,100.0
2011-02-18,0.8,2.5,13.3,81.0,1007.5,5.8,330.0,80.0
2011-02-19,0.1,-0.1,12.5,80.0,1011.4,5.5,302.0,29.0
2011-02-20,3.0,3.6,8.1,88.0,1013.1,7.2,47.0,97.0
2011-02-21,1.9,2.6,8.9,79.0,1011.9,5.9,44.0,84.0
2011-02-22,0.0,0.4,6.0,78.0,1011.8,6.4,58.0,78.0
2011-02-23,0.0,-0.6,5.9,72.0,1019.1,5.9,68.0,37.0
2011-02-24,0.0,-1.3,7.3,75.0,1024.8,4.6,52.0,18.0
2011-02-25,0.0,0.1,5.9,76.0,1024.7,3.6,70.0,38.0
2011-02-26,0.0,-0.4,9.3,69.0,1021.7,3.3,47.0,20.0
2011-02-27,8.2,0.9,4.7,88.0,1015.2,5.8,37.0,100.0
2011-02-28,6.9,3.1,8.8,81.0,1018.7,10.1,51.0,96.0
2011-03-01,0.2,2.8,9.4,67.0,1021.7,15.1,62.0,97.0
2011-03-02,0.0,2.8,6.5,56.0,1023.6,17.3,71.0,95.0
2011-03-03,6.4,1.4,5.2,76.0,1026.5,9.2,45.0,96.0
2011-03-04,0.1,0.5,10.5,78.0,1027.8,6.5,52.0,37.0
2011-03-05,0.0,0.3,11.9,76.0,1020.1,4.2,328.0,74.0
2011-03-06,0.3,0.4,14.1,78.0,1016.7,6.2,135.0,14.0
2011-03-07,0.0,2.9,6.6,54.0,1030.8,8.6,93.0,54.0
2011-03-08,0.0,-0.9,7.4,62.0,1034.7,5.1,176.0,13.0
2011-03-09,0.0,-1.8,9.8,69.0,1025.6,5.1,237.0,1.0
2011-03-10,0.0,-0.1,12.3,71.0,1022.7,5.1,230.0,61.0
2011-03-11,0.0,0.0,12.9,81.0,1022.3,4.6,241.0,55.0
2011-03-12,0.0,4.1,12.1,82.0,1021.6,6.9,70.0,87.0
2011-03-13,9.8,5.7,10.1,88.0,1016.7,10.1,43.0,100.0
2011-03-14,6.6,6.9,14.5,83.0,1018.4,5.6,339.0,99.0
2011-03-15,5.4,7.7,12.1,93.0,1019.0,9.5,49.0,100.0
2011-03-16,43.5,9.9,10.8,93.0,1009.1,15.9,48.0,100.0
2011-03-17,7.7,8.8,12.8,87.0,1004.1,7.3,253.0,100.0
2011-03-18,0.0,6.4,15.8,82.0,1012.8,3.7,274.0,71.0
2011-03-19,5.6,5.8,12.2,91.0,1018.8,5.2,57.0,97.0
2011-03-20,1.9,1.9,13.2,73.0,1025.6,4.6,48.0,34.0
2011-03-21,0.0,4.5,12.1,62.0,1030.3,6.5,59.0,14.0
2011-03-22,0.0,-0.4,13.9,64.0,1034.2,4.9,27.0,37.0
2011-03-23,0.0,0.2,17.0,71.0,1033.3,6.0,266.0,3.0
2011-03-24,0.0,2.9,18.9,70.0,1031.9,4.7,255.0,6.0
2011-03-25,0.0,3.3,19.0,70.0,1022.5,6.2,248.0,22.0
2011-03-26,0.0,6.5,16.8,71.0,1015.2,6.1,238.0,62.0
2011-03-27,0.3,8.0,15.9,81.0,1015.4,5.7,236.0,90.0
2011-03-28,3.1,8.3,13.4,88.0,1013.0,5.4,86.0,91.0
2011-03-29,0.0,3.3,16.9,73.0,1015.7,4.1,19.0,29.0
2011-03-30,0.0,2.8,17.5,71.0,1017.1,5.2,267.0,9.0
2011-03-31,0.0,3.8,19.3,71.0,1020.5,5.8,253.0,37.0
2011-04-01,0.0,5.9,21.4,72.0,1022.0,4.9,239.0,50.0
2011-04-02,0.0,7.8,21.2,76.0,1020.5,5.1,72.0,16.0
2011-04-03,0.0,7.2,22.3,75.0,1014.9,5.1,222.0,19.0
2011-04-04,5.4,8.0,21.6,78.0,1013.7,6.4,23.0,77.0
2011-04-05,0.0,6.8,18.7,64.0,1022.9,6.5,153.0,37.0
2011-04-06,0.0,6.8,20.8,67.0,1026.7,5.1,236.0,49.0
2011-04-07,0.0,7.5,24.6,69.0,1022.9,5.9,255.0,51.0
2011-04-08,0.0,9.7,25.2,68.0,1015.0,4.4,106.0,55.0
2011-04-09,0.0,9.3,28.7,63.0,1012.2,7.7,294.0,19.0
2011-04-10,0.0,10.6,20.4,59.0,1016.1,7.6,91.0,24.0
2011-04-11,0.0,9.3,22.1,64.0,1019.2,6.1,122.0,11.0
2011-04-12,7.9,8.9,22.5,74.0,1013.3,7.4,67.0,54.0
2011-04-13,2.2,5.9,14.7,71.0,1015.2,8.8,225.0,43.0
2011-04-14,0.4,4.7,14.4,69.0,1014.2,5.6,29.0,98.0
2011-04-15,0.0,5.9,14.8,63.0,1015.7,8.2,60.0,57.0
2011-04-16,0.0,4.9,15.7,62.0,1019.4,7.0,56.0,33.0
2011-04-17,0.0,4.6,16.4,60.0,1022.1,6.2,47.0,25.0
2011-04-18,0.0,5.1,17.8,59.0,1021.6,5.2,47.0,14.0
2011-04-19,0.0,5.5,19.1,60.0,1017.7,4.7,61.0,9.0
2011-04-20,0.0,6.1,20.5,63.0,1018.4,4.8,118.0,7.0
2011-04-21,0.0,6.8,21.4,64.0,1018.4,5.2,130.0,7.0
2011-04-22,0.0,7.0,20.1,72.0,1015.2,6.5,83.0,25.0
2011-04-23,0.3,10.4,18.2,76.0,1015.4,5.1,297.0,91.0
2011-04-24,0.0,8.9,19.8,73.0,1015.7,5.6,221.0,81.0
2011-04-25,0.9,9.9,20.3,78.0,1015.3,5.6,74.0,69.0
2011-04-26,2.4,9.4,19.5,73.0,1012.4,7.9,61.0,40.0
2011-04-27,1.7,9.1,19.7,66.0,1012.4,9.6,53.0,39.0
2011-04-28,0.2,10.1,19.2,63.0,1011.6,9.3,41.0,62.0
2011-04-29,0.4,10.6,18.3,66.0,1010.0,7.0,51.0,70.0
2011-04-30,0.0,8.0,18.5,73.0,1007.6,7.7,54.0,41.0
2011-05-01,0.0,6.6,21.2,69.0,1004.7,5.6,299.0,34.0
2011-05-02,3.6,9.6,20.3,78.0,1006.9,9.0,66.0,61.0
2011-05-03,2.5,11.2,21.2,72.0,1003.8,6.5,27.0,55.0
2011-05-04,6.2,11.2,17.2,67.0,1012.4,8.9,81.0,64.0
2011-05-05,0.0,10.1,17.7,61.0,1022.3,6.0,126.0,51.0
2011-05-06,0.0,6.8,20.1,58.0,1026.0,4.8,189.0,0.0
2011-05-07,0.0,6.9,23.1,61.0,1022.7,5.3,243.0,8.0
2011-05-08,0.4,8.7,25.0,67.0,1017.9,8.5,76.0,19.0
2011-05-09,0.0,10.6,20.1,54.0,1026.0,5.2,73.0,25.0
2011-05-10,0.0,9.1,23.2,55.0,1026.6,5.7,329.0,36.0
2011-05-11,0.1,9.3,26.3,61.0,1020.7,5.4,269.0,42.0
2011-05-12,0.0,13.1,26.5,64.0,1016.1,6.0,57.0,90.0
2011-05-13,0.2,13.6,24.2,64.0,1016.8,7.5,66.0,33.0
2011-05-14,0.3,13.5,25.0,63.0,1015.0,6.1,226.0,46.0
2011-05-15,20.7,11.0,18.3,80.0,1013.0,7.0,59.0,97.0
2011-05-16,0.0,7.0,21.2,62.0,1020.0,7.2,259.0,37.0
2011-05-17,0.0,8.3,22.2,62.0,1021.4,4.6,111.0,27.0
2011-05-18,0.0,11.5,23.5,61.0,1019.7,6.4,65.0,12.0
2011-05-19,0.0,10.0,25.1,61.0,1018.1,4.3,97.0,5.0
2011-05-20,0.0,11.6,26.2,59.0,1018.3,4.5,94.0,33.0
2011-05-21,0.0,12.5,26.3,62.0,1018.7,5.6,44.0,30.0
2011-05-22,0.2,12.3,26.8,61.0,1018.1,4.4,39.0,40.0
2011-05-23,0.0,13.2,28.2,58.0,1020.6,6.8,45.0,34.0
2011-05-24,0.6,14.9,28.8,59.0,1020.2,4.0,356.0,53.0
2011-05-25,0.0,15.5,29.1,57.0,1020.1,6.6,73.0,34.0
2011-05-26,0.0,16.8,28.9,58.0,1017.6,5.6,84.0,34.0
2011-05-27,18.0,16.3,26.8,73.0,1011.2,6.6,41.0,56.0
2011-05-28,6.6,13.8,21.0,63.0,1012.7,7.1,59.0,53.0
2011-05-29,0.0,11.3,23.9,63.0,1018.1,4.6,90.0,25.0
2011-05-30,0.0,11.7,26.0,62.0,1018.5,5.8,75.0,1.0
2011-05-31,0.2,12.6,25.8,63.0,1014.6,5.3,81.0,47.0
2011-06-01,2.4,16.4,23.2,76.0,1014.7,7.7,56.0,74.0
2011-06-02,0.0,14.6,25.8,65.0,1019.7,7.1,47.0,49.0
2011-06-03,4.7,16.1,25.3,70.0,1020.4,8.2,37.0,75.0
2011-06-04,2.2,15.9,26.3,68.0,1016.7,7.8,46.0,34.0
2011-06-05,8.8,14.7,24.7,81.0,1012.9,6.2,42.0,73.0
2011-06-06,25.0,15.9,22.2,87.0,1010.2,4.2,65.0,78.0
2011-06-07,27.9,14.0,19.1,89.0,1007.7,8.3,33.0,98.0
2011-06-08,7.7,15.8,22.5,84.0,1006.5,6.2,246.0,95.0
2011-06-09,10.8,13.3,21.8,85.0,1010.2,4.0,43.0,81.0
2011-06-10,7.6,13.9,22.2,81.0,1013.3,3.3,21.0,65.0
2011-06-11,7.0,14.3,22.8,79.0,1013.6,4.8,40.0,71.0
2011-06-12,0.3,14.4,24.0,75.0,1015.5,3.9,21.0,59.0
2011-06-13,2.2,15.1,22.6,81.0,1015.8,3.3,342.0,97.0
2011-06-14,0.8,12.6,25.1,72.0,1016.1,4.7,11.0,31.0
2011-06-15,0.1,14.0,26.8,69.0,1017.7,4.2,270.0,18.0
2011-06-16,0.2,16.9,27.9,65.0,1016.0,5.0,186.0,60.0
2011-06-17,0.0,18.7,26.0,73.0,1015.1,5.1,256.0,73.0
2011-06-18,1.7,17.7,27.3,69.0,1009.9,7.7,228.0,78.0
2011-06-19,2.1,16.4,21.5,71.0,1010.3,10.0,78.0,41.0
2011-06-20,0.0,13.9,23.8,67.0,1016.9,6.2,77.0,36.0
2011-06-21,0.0,14.7,27.8,70.0,1018.9,5.0,130.0,32.0
2011-06-22,0.0,16.8,28.0,73.0,1018.1,5.0,50.0,26.0
2011-06-23,2.4,17.8,27.4,76.0,1015.0,6.2,296.0,43.0
2011-06-24,4.7,17.5,23.3,75.0,1015.5,8.4,46.0,62.0
2011-06-25,0.0,16.8,25.0,59.0,1021.3,6.2,90.0,24.0
2011-06-26,0.0,14.0,27.7,62.0,1022.1,5.6,94.0,4.0
2011-06-27,0.0,15.7,28.5,69.0,1020.4,5.0,87.0,17.0
2011-06-28,0.0,17.5,30.1,69.0,1015.0,4.8,119.0,17.0
2011-06-29,1.1,20.7,30.6,70.0,1012.2,5.4,107.0,64.0
2011-06-30,11.4,19.3,26.9,76.0,1011.9,3.4,337.0,79.0
2011-07-01,30.3,17.0,22.8,78.0,1013.6,8.4,51.0,59.0
2011-07-02,0.3,13.9,21.5,62.0,1012.6,6.7,57.0,42.0
2011-07-03,0.0,11.4,25.0,64.0,1010.7,6.8,247.0,17.0
2011-07-04,0.0,14.5,27.4,70.0,1012.3,5.9,242.0,51.0
2011-07-05,8.4,18.2,25.8,80.0,1011.9,4.6,119.0,58.0
2011-07-06,0.2,19.4,27.8,78.0,1011.5,5.1,206.0,56.0
2011-07-07,8.9,19.7,27.1,82.0,1012.4,6.0,45.0,53.0
2011-07-08,0.4,17.5,29.6,74.0,1013.2,6.1,5.0,35.0
2011-07-09,0.1,18.6,30.0,70.0,1016.6,5.5,20.0,19.0
2011-07-10,0.2,19.0,30.4,69.0,1015.9,3.6,291.0,38.0
2011-07-11,1.1,19.4,30.5,70.0,1014.4,3.5,6.0,19.0
2011-07-12,0.0,20.9,31.7,63.0,1014.4,6.2,56.0,35.0
2011-07-13,0.9,20.7,30.4,72.0,1009.9,8.2,38.0,74.0
2011-07-14,0.7,20.2,29.1,68.0,1009.1,5.2,291.0,35.0
2011-07-15,8.0,20.5,26.4,71.0,1013.0,4.8,303.0,33.0
2011-07-16,3.0,17.5,26.5,73.0,1013.7,4.3,20.0,45.0
2011-07-17,0.1,17.8,28.2,67.0,1007.7,5.4,225.0,52.0
2011-07-18,1.6,17.5,27.5,58.0,1004.3,8.3,245.0,43.0
2011-07-19,4.4,18.4,25.8,60.0,1005.3,4.9,223.0,72.0
2011-07-20,11.4,15.7,24.6,72.0,1002.8,7.1,260.0,58.0
2011-07-21,0.5,12.9,26.3,63.0,1004.8,6.7,255.0,8.0
2011-07-22,0.0,16.3,26.5,63.0,1006.6,6.2,266.0,17.0
2011-07-23,14.9,16.7,22.7,77.0,1006.7,5.1,41.0,73.0
2011-07-24,14.0,16.2,20.5,76.0,1005.8,3.4,33.0,74.0
2011-07-25,3.6,11.2,22.5,73.0,1008.3,4.5,4.0,45.0
2011-07-26,0.3,13.1,23.8,75.0,1011.9,4.7,59.0,38.0
2011-07-27,4.1,14.9,23.5,78.0,1016.8,5.7,69.0,66.0
2011-07-28,2.3,14.2,25.7,75.0,1014.6,3.6,285.0,62.0
2011-07-29,0.2,14.5,26.2,73.0,1013.6,4.6,285.0,69.0
2011-07-30,1.4,15.7,27.0,74.0,1011.3,6.0,304.0,84.0
2011-07-31,0.9,17.2,25.6,80.0,1011.2,4.5,51.0,77.0
2011-08-01,0.6,17.7,26.7,72.0,1012.5,3.6,44.0,64.0
2011-08-02,0.1,17.2,27.8,77.0,1016.0,5.2,358.0,37.0
2011-08-03,0.2,18.9,29.4,74.0,1016.7,5.0,172.0,64.0
2011-08-04,0.6,18.3,28.8,73.0,1014.0,3.7,24.0,33.0
2011-08-05,1.2,18.8,29.0,72.0,1014.2,6.1,62.0,58.0
2011-08-06,3.1,19.6,27.6,77.0,1011.7,5.0,59.0,72.0
2011-08-07,1.6,20.7,29.0,75.0,1008.9,6.5,240.0,74.0
2011-08-08,0.5,21.9,28.3,67.0,1007.5,9.1,247.0,42.0
2011-08-09,0.0,17.5,25.0,58.0,1014.4,9.9,59.0,38.0
2011-08-10,0.0,12.8,25.9,59.0,1019.6,5.1,91.0,17.0
2011-08-11,0.0,15.1,26.9,60.0,1019.5,4.9,72.0,19.0
2011-08-12,0.0,15.4,28.6,63.0,1013.6,3.5,337.0,34.0
2011-08-13,0.1,17.1,28.3,68.0,1010.8,3.9,47.0,41.0
2011-08-14,0.0,17.3,30.7,64.0,1010.7,4.2,285.0,27.0
2011-08-15,8.9,20.1,27.1,76.0,1011.6,4.7,30.0,59.0
2011-08-16,0.0,17.1,29.7,66.0,1015.7,5.8,60.0,29.0
2011-08-17,0.0,19.6,30.6,61.0,1016.2,4.3,73.0,22.0
2011-08-18,0.0,20.3,32.4,59.0,1016.1,4.0,262.0,8.0
2011-08-19,0.0,20.8,33.6,60.0,1016.4,6.1,271.0,14.0
2011-08-20,0.5,20.4,34.0,66.0,1018.5,4.8,54.0,15.0
2011-08-21,0.1,21.4,34.5,64.0,1018.7,4.2,13.0,28.0
2011-08-22,0.0,21.1,35.8,63.0,1017.5,4.7,5.0,15.0
2011-08-23,0.0,20.0,35.8,59.0,1016.1,3.9,49.0,6.0
2011-08-24,0.0,21.1,35.2,61.0,1014.8,5.6,353.0,2.0
2011-08-25,0.0,20.8,34.6,61.0,1013.7,5.0,12.0,2.0
2011-08-26,0.4,20.7,34.3,64.0,1011.9,6.3,55.0,19.0
2011-08-27,1.8,21.7,30.1,56.0,1009.1,8.7,318.0,23.0
2011-08-28,0.0,16.3,27.4,46.0,1015.9,8.3,45.0,7.0
2011-08-29,0.0,16.5,28.8,53.0,1013.5,4.2,346.0,23.0
2011-08-30,0.3,17.0,27.5,62.0,1011.1,5.7,62.0,24.0
2011-08-31,0.0,18.0,27.8,67.0,1012.1,5.0,1.0,35.0
2011-09-01,0.7,19.3,28.5,69.0,1013.7,6.9,304.0,74.0
2011-09-02,0.0,18.4,28.7,72.0,1014.3,4.4,357.0,53.0
2011-09-03,0.6,19.1,30.1,67.0,1014.4,5.4,74.0,72.0
2011-09-04,38.8,20.3,26.1,87.0,1013.3,5.2,50.0,99.0
2011-09-05,27.1,18.8,24.6,90.0,1014.1,4.0,127.0,78.0
2011-09-06,0.6,18.2,24.4,73.0,1020.3,7.2,29.0,52.0
2011-09-07,0.0,14.7,25.9,74.0,1015.0,5.9,259.0,81.0
2011-09-08,0.0,17.8,26.1,78.0,1010.9,3.9,82.0,85.0
2011-09-09,1.2,17.2,26.5,82.0,1012.2,5.7,70.0,42.0
2011-09-10,0.0,18.2,28.3,77.0,1015.5,4.3,260.0,19.0
2011-09-11,0.8,18.9,27.5,83.0,1015.7,4.7,93.0,49.0
2011-09-12,0.8,19.6,27.7,76.0,1013.9,3.6,19.0,41.0
2011-09-13,0.0,16.7,28.9,73.0,1014.8,4.6,284.0,12.0
2011-09-14,0.0,17.2,28.8,74.0,1013.6,5.6,277.0,9.0
2011-09-15,0.0,18.3,27.5,75.0,1015.4,6.4,48.0,28.0
2011-09-16,0.0,17.3,27.9,71.0,1016.2,4.3,30.0,64.0
2011-09-17,0.6,18.2,26.3,76.0,1014.3,4.4,16.0,50.0
2011-09-18,20.5,18.1,23.6,86.0,1007.1,5.0,48.0,98.0
2011-09-19,22.4,13.9,19.1,74.0,1004.1,7.2,1.0,78.0
2011-09-20,0.0,11.3,23.5,57.0,1015.6,5.2,342.0,31.0
2011-09-21,0.0,11.0,26.1,65.0,1017.9,5.5,312.0,4.0
2011-09-22,0.0,14.6,25.8,73.0,1016.2,4.1,29.0,62.0
2011-09-23,0.0,16.7,23.4,73.0,1016.2,7.6,48.0,81.0
2011-09-24,0.0,13.9,24.5,73.0,1016.6,5.1,38.0,23.0
2011-09-25,0.0,13.9,25.1,72.0,1019.5,5.0,36.0,45.0
2011-09-26,0.0,12.6,25.9,71.0,1022.7,5.8,21.0,1.0
2011-09-27,0.0,12.3,26.3,65.0,1025.4,6.7,30.0,9.0
2011-09-28,0.0,13.7,26.0,64.0,1026.4,7.7,32.0,16.0
2011-09-29,0.0,12.7,25.4,64.0,1026.4,6.1,30.0,18.0
2011-09-30,0.0,12.0,25.9,68.0,1026.1,6.0,19.0,11.0
2011-10-01,0.0,12.3,26.5,66.0,1025.0,4.6,9.0,1.0
2011-10-02,0.0,12.2,26.7,66.0,1023.3,4.4,22.0,3.0
2011-10-03,0.0,13.2,26.7,64.0,1022.7,3.8,13.0,8.0
2011-10-04,0.0,12.8,26.4,73.0,1021.5,3.8,22.0,9.0
2011-10-05,0.0,14.0,26.3,77.0,1020.6,4.1,42.0,14.0
2011-10-06,0.0,14.6,25.3,74.0,1017.2,4.2,265.0,19.0
2011-10-07,9.7,9.1,18.8,73.0,1007.6,7.7,148.0,64.0
2011-10-08,0.0,6.9,17.5,69.0,1011.4,5.8,317.0,33.0
2011-10-09,1.3,5.4,18.0,60.0,1015.4,6.0,3.0,30.0
2011-10-10,0.0,8.0,18.6,52.0,1020.4,3.9,313.0,56.0
2011-10-11,0.0,7.3,22.5,70.0,1018.7,3.4,14.0,21.0
2011-10-12,0.0,9.8,23.0,76.0,1015.7,4.1,10.0,55.0
2011-10-13,0.4,10.7,21.6,74.0,1017.9,8.3,60.0,20.0
2011-10-14,0.0,12.1,15.8,57.0,1026.1,10.0,76.0,62.0
2011-10-15,0.0,7.1,14.9,48.0,1029.7,9.3,60.0,28.0
2011-10-16,0.0,4.0,14.5,67.0,1028.3,6.5,51.0,11.0
2011-10-17,0.0,4.8,15.2,61.0,1026.2,4.2,27.0,4.0
2011-10-18,0.0,3.5,16.9,68.0,1022.7,4.4,255.0,15.0
2011-10-19,2.7,7.9,16.3,78.0,1019.9,4.0,13.0,81.0
2011-10-20,31.6,8.5,11.6,87.0,1017.4,9.2,41.0,84.0
2011-10-21,0.0,3.6,13.8,65.0,1025.1,6.2,36.0,24.0
2011-10-22,0.0,2.0,12.6,65.0,1024.8,6.8,34.0,6.0
2011-10-23,0.0,1.5,12.5,73.0,1022.3,6.0,31.0,16.0
2011-10-24,0.8,5.2,12.6,75.0,1018.9,7.7,32.0,61.0
2011-10-25,35.4,8.6,12.0,88.0,1014.4,10.0,32.0,100.0
2011-10-26,31.1,9.3,15.9,94.0,1014.6,3.9,19.0,89.0
2011-10-27,0.0,7.3,16.5,86.0,1020.2,3.3,325.0,81.0
2011-10-28,0.0,7.7,16.3,83.0,1025.8,3.8,313.0,53.0
2011-10-29,0.0,6.8,16.7,84.0,1026.5,3.5,354.0,49.0
2011-10-30,0.0,6.5,16.2,87.0,1023.9,4.3,13.0,71.0
2011-10-31,0.0,7.3,16.6,83.0,1022.4,4.2,3.0,29.0
2011-11-01,0.0,4.7,16.0,84.0,1021.5,3.9,321.0,60.0
2011-11-02,0.0,4.8,15.2,85.0,1020.9,3.6,337.0,65.0
2011-11-03,0.0,7.7,14.2,89.0,1018.7,2.3,9.0,87.0
2011-11-04,9.0,8.0,14.3,93.0,1015.6,8.6,37.0,96.0
2011-11-05,23.0,13.0,15.9,96.0,1014.5,11.2,57.0,100.0
2011-11-06,39.2,13.7,14.5,89.0,1014.3,16.4,56.0,100.0
2011-11-07,19.8,11.8,13.6,89.0,1018.7,12.0,51.0,100.0
2011-11-08,13.8,11.6,14.0,92.0,1022.2,12.4,36.0,98.0
2011-11-09,0.0,9.7,17.0,84.0,1022.8,4.6,15.0,38.0
2011-11-10,0.0,6.0,16.3,88.0,1020.3,3.7,317.0,38.0
2011-11-11,0.0,8.4,13.0,79.0,1024.0,9.4,47.0,56.0
2011-11-12,0.0,3.4,11.5,73.0,1032.3,6.1,43.0,21.0
2011-11-13,0.0,0.8,14.1,79.0,1033.3,3.6,340.0,0.0
2011-11-14,0.0,0.5,13.7,76.0,1027.5,4.0,336.0,4.0
2011-11-15,0.0,0.3,12.6,82.0,1021.0,3.5,328.0,6.0
2011-11-16,0.0,0.2,12.1,76.0,1022.2,5.4,9.0,1.0
2011-11-17,0.0,-0.9,11.6,82.0,1025.1,4.3,305.0,0.0
2011-11-18,0.0,-1.0,10.4,84.0,1025.6,3.6,301.0,12.0
2011-11-19,0.0,-1.3,8.9,82.0,1025.1,3.3,331.0,60.0
2011-11-20,0.0,-1.3,8.6,85.0,1025.3,3.1,330.0,29.0
2011-11-21,0.0,-0.9,8.4,83.0,1024.3,3.7,6.0,18.0
2011-11-22,0.0,0.8,10.9,80.0,1022.1,4.8,357.0,32.0
2011-11-23,0.0,1.6,11.9,80.0,1023.0,4.7,11.0,19.0
2011-11-24,0.0,0.7,12.2,81.0,1029.4,5.0,10.0,1.0
2011-11-25,0.0,-0.9,11.1,87.0,1029.7,4.0,319.0,6.0
2011-11-26,0.0,0.4,11.0,85.0,1028.8,3.2,310.0,58.0
2011-11-27,0.0,0.8,10.5,87.0,1028.0,3.5,290.0,25.0
2011-11-28,0.0,1.6,10.6,86.0,1027.2,3.2,350.0,77.0
2011-11-29,0.0,0.7,11.8,84.0,1026.6,4.1,312.0,48.0
2011-11-30,0.0,0.6,10.3,87.0,1028.2,3.5,323.0,48.0
2011-12-01,0.0,0.2,9.6,90.0,1028.0,3.8,290.0,44.0
2011-12-02,0.0,4.4,10.5,90.0,1022.6,3.9,320.0,90.0
2011-12-03,1.3,6.4,9.5,93.0,1018.2,2.4,258.0,96.0
2011-12-04,0.0,3.2,9.6,96.0,1013.8,3.7,256.0,95.0
2011-12-05,0.0,3.1,11.7,92.0,1005.5,4.2,257.0,77.0
2011-12-06,0.7,2.2,9.5,84.0,1012.0,6.2,339.0,55.0
2011-12-07,0.0,-1.5,9.2,88.0,1014.3,4.2,281.0,42.0
2011-12-08,0.0,-1.4,11.5,84.0,1019.0,4.8,358.0,19.0
2011-12-09,0.0,-0.5,9.3,81.0,1021.6,3.8,306.0,90.0
2011-12-10,0.0,5.3,10.4,88.0,1017.4,3.4,267.0,85.0
2011-12-11,0.0,2.0,10.2,90.0,1019.3,3.8,11.0,53.0
2011-12-12,4.3,4.2,8.7,93.0,1015.0,2.5,337.0,97.0
2011-12-13,0.2,0.4,10.9,91.0,1016.4,5.1,287.0,54.0
2011-12-14,0.6,1.2,7.7,91.0,1016.5,4.5,328.0,90.0
2011-12-15,0.0,0.2,8.9,93.0,1013.4,4.9,270.0,66.0
2011-12-16,5.3,-1.1,6.3,93.0,1003.2,5.9,3.0,89.0
2011-12-17,0.0,-1.3,8.7,72.0,996.7,10.5,277.0,60.0
2011-12-18,0.1,-3.1,6.6,73.0,1010.2,6.9,19.0,72.0
2011-12-19,0.0,-3.0,7.8,69.0,1014.7,5.1,311.0,40.0
2011-12-20,0.0,-3.6,5.0,65.0,1015.6,4.1,310.0,46.0
2011-12-21,0.0,-3.4,6.2,70.0,1016.0,4.6,327.0,17.0
2011-12-22,0.0,-2.9,8.0,75.0,1020.8,4.3,317.0,11.0
2011-12-23,0.0,-2.1,7.0,79.0,1024.3,3.5,328.0,2.0
2011-12-24,0.0,-2.0,5.6,88.0,1019.4,4.3,330.0,51.0
2011-12-25,0.0,-2.9,9.5,74.0,1030.0,4.6,338.0,12.0
2011-12-26,0.0,-2.6,9.3,76.0,1036.5,4.2,333.0,19.0
2011-12-27,0.0,-1.4,10.2,83.0,1036.7,4.9,315.0,4.0
2011-12-28,0.0,-1.7,9.5,84.0,1030.3,3.6,337.0,0.0
2011-12-29,1.1,-1.6,7.4,91.0,1022.6,4.5,345.0,75.0
2011-12-30,0.0,-3.0,6.2,90.0,1014.5,4.7,296.0,56.0
2011-12-31,0.0,-3.6,7.1,72.0,1017.5,4.4,319.0,30.0
2012-01-01,0.0,-2.9,7.6,74.0,1022.0,3.6,339.0,19.0
2012-01-02,5.0,-2.2,5.9,87.0,1021.6,4.2,4.0,94.0
2012-01-03,6.7,-0.2,10.7,88.0,1023.1,5.2,325.0,57.0
2012-01-04,0.0,-1.9,5.2,92.0,1020.2,3.8,303.0,68.0
2012-01-05,0.2,-2.6,7.1,82.0,1008.0,5.1,272.0,77.0
2012-01-06,0.0,-2.5,9.3,69.0,1003.9,9.8,285.0,26.0
2012-01-07,0.0,-2.8,9.4,71.0,1017.0,6.0,287.0,20.0
2012-01-08,0.0,-3.2,9.5,76.0,1015.7,5.1,343.0,15.0
2012-01-09,0.0,-2.5,10.4,77.0,1022.5,6.2,308.0,10.0
2012-01-10,0.0,-2.8,10.5,74.0,1026.9,4.3,327.0,1.0
2012-01-11,0.0,-2.6,10.2,75.0,1032.0,4.7,299.0,0.0
2012-01-12,0.0,-1.9,8.2,81.0,1028.9,4.8,296.0,8.0
2012-01-13,0.0,-1.9,7.3,84.0,1019.2,3.6,347.0,29.0
2012-01-14,1.2,-3.1,7.1,80.0,1020.4,4.0,309.0,26.0
2012-01-15,0.0,-3.8,5.6,66.0,1020.8,3.6,337.0,2.0
2012-01-16,0.0,-4.9,5.1,68.0,1024.0,5.2,360.0,6.0
2012-01-17,0.0,-4.0,5.0,77.0,1027.6,5.2,272.0,44.0
2012-01-18,0.0,-3.7,5.5,74.0,1031.8,3.3,278.0,33.0
2012-01-19,0.0,-4.3,4.7,82.0,1028.7,3.9,236.0,94.0
2012-01-20,0.0,-2.8,6.5,83.0,1016.1,3.2,328.0,48.0
2012-01-21,0.5,-2.7,8.9,82.0,1015.4,5.7,319.0,46.0
2012-01-22,0.0,-2.7,6.3,87.0,1011.1,4.0,353.0,92.0
2012-01-23,0.0,-1.9,9.1,87.0,1013.5,3.5,343.0,72.0
2012-01-24,0.0,-2.6,10.1,81.0,1014.1,4.4,324.0,36.0
2012-01-25,0.0,-3.6,7.2,63.0,1019.3,4.8,348.0,0.0
2012-01-26,0.0,-3.9,6.7,76.0,1020.6,5.3,18.0,4.0
2012-01-27,0.0,-1.6,6.3,82.0,1025.2,6.2,29.0,31.0
2012-01-28,0.0,-1.6,6.1,76.0,1026.0,6.5,35.0,93.0
2012-01-29,0.0,-0.0,5.0,64.0,1023.7,13.7,55.0,91.0
2012-01-30,0.0,-2.7,4.5,59.0,1025.3,10.3,47.0,71.0
2012-01-31,0.0,-3.5,1.4,53.0,1022.7,11.9,52.0,88.0
2012-02-01,4.0,-1.5,1.2,55.0,1017.3,15.5,52.0,100.0
2012-02-02,0.2,-2.3,0.9,45.0,1019.2,14.5,64.0,99.0
2012-02-03,0.0,-5.5,0.6,38.0,1020.7,13.4,59.0,48.0
2012-02-04,0.1,-5.0,-0.1,45.0,1021.8,5.2,348.0,99.0
2012-02-05,0.0,-6.3,-0.5,61.0,1026.2,6.6,45.0,73.0
2012-02-06,0.0,-8.5,0.6,53.0,1021.4,5.3,360.0,16.0
2012-02-07,0.0,-4.7,1.7,61.0,1015.7,5.7,355.0,100.0
2012-02-08,0.0,-2.0,5.8,61.0,1024.6,6.8,57.0,35.0
2012-02-09,0.1,-3.7,4.8,66.0,1023.5,5.0,32.0,37.0
2012-02-10,1.8,-3.0,1.0,48.0,1023.8,17.2,61.0,99.0
2012-02-11,1.2,-3.3,-0.2,51.0,1020.6,14.7,59.0,98.0
2012-02-12,1.2,-4.6,0.7,63.0,1022.1,6.4,35.0,76.0
2012-02-13,0.0,-3.4,2.7,71.0,1019.7,5.0,255.0,69.0
2012-02-14,0.0,-4.2,5.5,68.0,1015.8,4.8,263.0,21.0
2012-02-15,0.0,-4.1,8.1,65.0,1008.4,9.1,263.0,37.0
2012-02-16,0.0,-4.4,9.3,72.0,1013.4,4.5,38.0,18.0
2012-02-17,0.0,-2.8,10.2,75.0,1021.5,4.7,293.0,28.0
2012-02-18,0.0,-2.1,10.2,78.0,1021.1,4.0,360.0,55.0
2012-02-19,0.0,1.6,9.7,86.0,1019.2,3.8,333.0,83.0
2012-02-20,11.5,2.3,4.3,91.0,1025.9,12.9,51.0,96.0
2012-02-21,0.0,-0.3,9.4,69.0,1030.9,5.3,24.0,26.0
2012-02-22,0.0,-3.5,12.3,65.0,1028.6,5.9,7.0,0.0
2012-02-23,0.0,-3.1,13.6,69.0,1023.7,5.8,286.0,57.0
2012-02-24,0.0,-0.9,17.2,70.0,1023.2,4.2,277.0,6.0
2012-02-25,0.0,1.1,15.4,78.0,1017.9,3.2,22.0,2.0
2012-02-26,3.4,2.1,13.0,84.0,1013.6,5.0,12.0,21.0
2012-02-27,0.0,-1.9,10.6,76.0,1021.1,7.2,83.0,29.0
2012-02-28,0.0,-0.5,11.9,79.0,1022.5,4.8,284.0,35.0
2012-02-29,0.0,-0.2,16.0,77.0,1017.6,3.7,323.0,43.0
2012-03-01,0.0,2.3,18.0,74.0,1023.0,3.5,337.0,0.0
2012-03-02,0.0,0.8,17.5,80.0,1023.0,3.8,10.0,0.0
2012-03-03,0.0,2.2,17.3,83.0,1021.3,3.6,32.0,21.0
2012-03-04,1.5,6.2,14.4,82.0,1019.7,4.1,52.0,73.0
2012-03-05,2.2,5.3,11.2,74.0,1015.7,9.9,46.0,98.0
2012-03-06,0.0,5.0,11.6,54.0,1019.3,14.6,59.0,86.0
2012-03-07,0.0,-0.6,11.3,60.0,1025.0,5.7,47.0,16.0
2012-03-08,0.0,0.4,11.7,72.0,1020.4,5.0,47.0,75.0
2012-03-09,0.0,3.5,13.0,61.0,1031.1,7.8,52.0,50.0
2012-03-10,0.0,0.7,12.4,61.0,1032.3,6.6,50.0,28.0
2012-03-11,0.0,-1.1,15.2,68.0,1023.0,6.3,282.0,20.0
2012-03-12,0.0,1.5,17.9,70.0,1020.3,4.9,30.0,16.0
2012-03-13,0.0,1.0,16.7,71.0,1025.1,4.2,103.0,17.0
2012-03-14,0.0,2.4,17.9,69.0,1026.0,4.5,221.0,4.0
2012-03-15,0.0,2.6,18.0,70.0,1026.9,4.5,57.0,7.0
2012-03-16,0.0,1.7,19.5,72.0,1027.9,4.7,48.0,4.0
2012-03-17,0.0,4.7,17.8,73.0,1026.4,4.8,78.0,14.0
2012-03-18,1.3,4.9,16.4,80.0,1023.2,5.7,74.0,51.0
2012-03-19,6.0,6.1,15.1,88.0,1023.0,4.8,36.0,60.0
2012-03-20,0.0,4.3,17.4,69.0,1032.4,5.1,16.0,35.0
2012-03-21,0.0,5.5,20.0,57.0,1032.7,3.7,339.0,26.0
2012-03-22,0.0,3.8,20.5,62.0,1029.5,5.1,55.0,5.0
2012-03-23,0.0,4.6,20.8,65.0,1025.7,4.6,59.0,22.0
2012-03-24,1.9,5.7,19.9,67.0,1023.3,4.3,41.0,45.0
2012-03-25,0.1,5.6,20.6,65.0,1024.3,8.0,11.0,61.0
2012-03-26,0.0,5.3,21.7,55.0,1026.4,4.8,16.0,4.0
2012-03-27,0.0,7.0,21.2,55.0,1026.9,4.2,309.0,8.0
2012-03-28,0.0,5.1,23.9,54.0,1023.9,5.1,293.0,2.0
2012-03-29,0.0,5.5,24.3,55.0,1014.8,7.8,283.0,20.0
2012-03-30,0.0,6.7,23.4,55.0,1007.5,4.2,50.0,37.0
2012-03-31,0.0,5.8,23.1,62.0,1005.3,5.7,31.0,43.0
2012-04-01,0.4,7.4,11.7,70.0,1008.7,9.7,87.0,48.0
2012-04-02,0.0,4.7,15.5,64.0,1013.5,4.8,89.0,73.0
2012-04-03,0.0,7.3,15.8,78.0,1010.9,5.6,95.0,85.0
2012-04-04,3.6,8.6,18.3,82.0,1009.9,6.7,70.0,98.0
2012-04-05,16.3,12.1,16.4,92.0,1008.9,9.4,57.0,99.0
2012-04-06,0.0,9.8,19.6,73.0,1007.0,8.7,251.0,50.0
2012-04-07,2.2,10.5,18.1,72.0,1001.4,9.9,240.0,64.0
2012-04-08,11.6,5.4,11.0,82.0,1003.6,8.3,65.0,79.0
2012-04-09,0.0,2.9,11.9,69.0,1013.0,4.9,191.0,67.0
2012-04-10,0.8,2.2,13.3,64.0,1012.0,5.1,148.0,72.0
2012-04-11,35.8,6.9,9.2,92.0,1002.9,9.9,39.0,98.0
2012-04-12,0.1,0.5,17.0,75.0,1003.5,5.6,223.0,38.0
2012-04-13,6.9,8.5,13.0,87.0,1002.6,9.3,40.0,98.0
2012-04-14,1.8,7.2,15.1,75.0,996.4,7.3,22.0,99.0
2012-04-15,9.8,9.1,12.7,85.0,998.4,5.5,38.0,94.0
2012-04-16,1.4,5.2,16.0,78.0,1004.5,5.5,34.0,76.0
2012-04-17,0.1,4.6,15.6,62.0,1007.3,5.5,87.0,51.0
2012-04-18,2.8,7.0,14.7,74.0,1001.0,7.1,88.0,89.0
2012-04-19,7.6,6.4,15.1,84.0,997.4,4.8,84.0,81.0
2012-04-20,6.5,6.9,15.2,80.0,998.7,5.3,267.0,77.0
2012-04-21,0.2,4.1,17.2,75.0,1005.8,6.1,230.0,38.0
2012-04-22,4.4,8.7,16.9,76.0,1007.7,5.9,82.0,69.0
2012-04-23,4.4,6.0,14.0,83.0,1009.4,7.7,52.0,80.0
2012-04-24,13.8,8.1,16.0,81.0,1003.0,10.1,212.0,86.0
2012-04-25,0.1,3.9,17.9,71.0,1010.3,6.3,239.0,30.0
2012-04-26,0.0,5.8,19.9,64.0,1017.7,6.6,222.0,22.0
2012-04-27,0.0,8.5,22.9,70.0,1020.1,4.1,166.0,26.0
2012-04-28,0.0,8.8,26.1,69.0,1018.4,6.7,61.0,22.0
2012-04-29,2.3,11.6,19.9,77.0,1017.3,6.8,74.0,99.0
2012-04-30,9.5,12.7,22.2,79.0,1016.4,4.4,34.0,71.0
2012-05-01,3.2,10.3,21.9,81.0,1016.1,5.8,37.0,78.0
2012-05-02,0.1,9.8,21.2,74.0,1015.2,7.2,250.0,26.0
2012-05-03,0.2,8.5,21.8,72.0,1010.3,6.2,248.0,28.0
2012-05-04,0.0,11.2,21.6,70.0,1007.8,6.4,253.0,31.0
2012-05-05,1.8,11.9,20.6,70.0,1008.9,7.7,240.0,59.0
2012-05-06,5.0,10.4,19.4,79.0,1010.9,5.1,231.0,82.0
2012-05-07,2.6,10.3,20.2,77.0,1014.6,5.4,66.0,61.0
2012-05-08,0.0,9.4,21.7,70.0,1018.4,5.9,233.0,63.0
2012-05-09,0.0,12.9,23.0,66.0,1018.6,5.0,250.0,56.0
2012-05-10,0.0,11.2,26.4,68.0,1023.1,3.5,317.0,29.0
2012-05-11,0.0,13.2,28.9,66.0,1024.1,4.2,29.0,68.0
2012-05-12,4.9,13.5,29.8,70.0,1018.8,4.8,0.0,54.0
2012-05-13,22.0,11.8,19.0,77.0,1019.2,13.5,80.0,87.0
2012-05-14,0.0,8.7,18.4,58.0,1015.7,5.9,147.0,40.0
2012-05-15,0.0,10.4,20.2,54.0,1010.3,4.7,189.0,44.0
2012-05-16,11.3,10.2,16.2,69.0,1011.0,8.0,6.0,60.0
2012-05-17,0.0,4.3,19.7,50.0,1017.2,6.5,264.0,2.0
2012-05-18,0.0,7.4,19.9,63.0,1017.1,6.2,67.0,71.0
2012-05-19,0.6,7.7,21.4,68.0,1016.2,5.2,233.0,32.0
2012-05-20,9.3,9.4,19.3,77.0,1013.6,4.8,83.0,67.0
2012-05-21,48.0,11.8,14.6,90.0,1005.7,10.7,55.0,96.0
2012-05-22,1.5,8.7,20.5,77.0,1006.2,3.8,299.0,81.0
2012-05-23,1.6,12.7,25.5,78.0,1012.5,3.3,238.0,65.0
2012-05-24,1.0,14.0,29.1,66.0,1016.5,5.7,333.0,47.0
2012-05-25,2.3,14.6,22.6,73.0,1017.2,5.2,48.0,55.0
2012-05-26,0.8,12.7,21.7,70.0,1017.9,5.9,48.0,45.0
2012-05-27,0.0,10.9,22.6,66.0,1017.2,4.3,27.0,69.0
2012-05-28,0.4,12.8,23.2,69.0,1014.0,3.9,290.0,48.0
2012-05-29,1.4,11.1,25.4,72.0,1011.9,4.6,321.0,17.0
2012-05-30,0.5,12.7,26.9,71.0,1015.7,5.5,310.0,37.0
2012-05-31,4.5,13.7,24.6,79.0,1017.2,6.1,9.0,74.0
2012-06-01,0.9,17.3,26.4,76.0,1012.8,4.8,262.0,87.0
2012-06-02,1.3,18.5,25.9,79.0,1014.1,6.5,246.0,75.0
2012-06-03,0.0,17.7,25.9,73.0,1013.0,7.7,224.0,43.0
2012-06-04,29.5,16.2,21.5,84.0,1008.5,4.4,276.0,73.0
2012-06-05,0.0,9.8,23.4,76.0,1011.1,5.6,227.0,44.0
2012-06-06,0.8,15.0,22.4,77.0,1012.7,8.0,72.0,69.0
2012-06-07,0.0,14.6,25.1,76.0,1012.0,5.2,240.0,71.0
2012-06-08,1.9,14.6,26.2,76.0,1012.2,4.0,64.0,55.0
2012-06-09,11.1,16.2,23.0,86.0,1012.1,7.0,52.0,88.0
2012-06-10,5.1,16.8,23.4,78.0,1008.7,5.5,273.0,80.0
2012-06-11,3.5,15.6,23.5,78.0,1004.7,3.5,226.0,60.0
2012-06-12,9.2,13.8,20.9,81.0,1002.2,9.1,269.0,57.0
2012-06-13,3.2,11.3,22.5,77.0,1009.6,4.9,331.0,32.0
2012-06-14,0.5,10.8,23.1,71.0,1017.2,5.0,260.0,38.0
2012-06-15,0.0,12.0,26.5,69.0,1020.1,4.4,145.0,32.0
2012-06-16,0.0,13.0,29.0,66.0,1020.3,4.5,210.0,0.0
2012-06-17,0.0,14.6,30.6,66.0,1018.6,3.6,62.0,0.0
2012-06-18,0.0,15.8,32.3,66.0,1016.8,4.3,8.0,15.0
2012-06-19,0.0,17.3,33.4,63.0,1015.4,4.4,23.0,35.0
2012-06-20,0.0,19.6,33.8,63.0,1012.6,5.7,269.0,37.0
2012-06-21,0.0,20.6,31.3,65.0,1008.8,5.3,335.0,23.0
2012-06-22,0.0,19.1,30.8,61.0,1012.8,6.9,60.0,13.0
2012-06-23,0.8,21.9,28.5,59.0,1018.2,11.8,50.0,36.0
2012-06-24,0.0,19.2,29.9,62.0,1017.2,6.9,351.0,78.0
2012-06-25,5.5,19.0,31.2,67.0,1010.6,6.6,314.0,87.0
2012-06-26,1.2,19.5,26.9,64.0,1016.4,9.5,63.0,44.0
2012-06-27,0.0,17.6,28.6,62.0,1018.1,6.8,79.0,30.0
2012-06-28,0.0,17.7,31.6,61.0,1014.7,5.6,98.0,41.0
2012-06-29,0.0,19.6,32.9,64.0,1013.6,6.3,65.0,33.0
2012-06-30,0.0,20.6,34.6,64.0,1014.1,6.0,12.0,10.0
2012-07-01,0.0,21.1,35.6,59.0,1013.1,6.2,8.0,19.0
2012-07-02,5.0,21.7,33.6,63.0,1013.0,9.0,35.0,54.0
2012-07-03,1.9,21.1,30.0,65.0,1012.9,5.3,308.0,43.0
2012-07-04,7.0,19.0,30.0,70.0,1011.6,7.1,40.0,46.0
2012-07-05,4.4,18.5,31.2,67.0,1010.6,4.5,13.0,37.0
2012-07-06,3.4,19.5,30.4,70.0,1011.0,6.8,29.0,60.0
2012-07-07,0.0,21.1,29.4,62.0,1012.1,6.7,253.0,16.0
2012-07-08,0.0,18.4,32.2,58.0,1011.4,5.1,294.0,1.0
2012-07-09,0.0,20.7,31.8,61.0,1010.4,4.3,271.0,12.0
2012-07-10,2.9,20.3,31.1,63.0,1011.5,5.9,16.0,30.0
2012-07-11,0.6,20.0,30.8,61.0,1011.4,8.3,260.0,27.0
2012-07-12,0.1,20.2,27.8,63.0,1011.7,6.0,69.0,33.0
2012-07-13,2.3,19.8,27.6,66.0,1009.7,8.9,58.0,65.0
2012-07-14,6.3,18.6,28.8,69.0,1008.2,7.3,308.0,41.0
2012-07-15,10.6,18.8,24.2,75.0,1010.0,7.7,46.0,44.0
2012-07-16,0.0,15.0,27.3,58.0,1019.6,6.1,68.0,17.0
2012-07-17,0.0,16.1,28.7,57.0,1021.2,5.3,70.0,14.0
2012-07-18,0.0,16.7,30.4,62.0,1018.8,5.5,96.0,8.0
2012-07-19,0.0,17.9,32.4,59.0,1012.6,7.1,256.0,24.0
2012-07-20,0.0,20.6,32.6,56.0,1010.1,5.1,5.0,42.0
2012-07-21,30.8,19.2,24.9,75.0,1011.6,8.5,43.0,72.0
2012-07-22,1.2,15.8,25.0,62.0,1016.9,10.4,42.0,36.0
2012-07-23,0.0,15.7,26.6,51.0,1019.1,13.9,48.0,77.0
2012-07-24,2.7,18.6,29.4,59.0,1016.0,12.0,45.0,88.0
2012-07-25,3.8,18.8,27.9,74.0,1013.3,3.4,43.0,75.0
2012-07-26,0.0,17.0,31.2,73.0,1014.9,3.3,15.0,30.0
2012-07-27,0.0,19.2,33.4,66.0,1014.1,4.0,89.0,7.0
2012-07-28,0.0,20.1,33.2,66.0,1010.5,7.1,75.0,17.0
2012-07-29,0.0,20.0,31.8,63.0,1009.2,6.0,307.0,22.0
2012-07-30,1.2,21.0,29.1,67.0,1013.4,8.8,44.0,43.0
2012-07-31,3.0,20.5,29.7,62.0,1015.7,7.9,27.0,50.0
2012-08-01,0.0,19.3,32.0,56.0,1015.3,5.9,48.0,14.0
2012-08-02,0.1,19.0,33.7,52.0,1013.4,4.7,76.0,30.0
2012-08-03,0.0,21.0,31.9,60.0,1012.6,6.6,62.0,29.0
2012-08-04,1.7,21.0,32.0,64.0,1012.5,7.5,48.0,29.0
2012-08-05,2.1,20.4,33.0,62.0,1011.2,7.8,58.0,28.0
2012-08-06,0.0,21.3,32.1,64.0,1012.3,9.0,266.0,29.0
2012-08-07,0.0,19.5,30.4,61.0,1016.4,6.0,300.0,15.0
2012-08-08,0.0,21.3,30.4,52.0,1018.0,8.4,48.0,12.0
2012-08-09,2.2,21.4,30.0,54.0,1018.3,8.5,42.0,49.0
2012-08-10,0.2,19.1,28.4,57.0,1018.6,7.4,37.0,38.0
2012-08-11,0.9,17.8,28.6,60.0,1015.9,6.4,46.0,27.0
2012-08-12,0.0,19.2,25.8,61.0,1014.6,8.2,70.0,88.0
2012-08-13,0.0,19.3,27.6,60.0,1012.8,5.9,76.0,59.0
2012-08-14,0.2,19.4,28.4,69.0,1012.9,5.4,81.0,60.0
2012-08-15,0.0,20.4,30.9,68.0,1013.3,5.5,180.0,32.0
2012-08-16,4.4,21.0,30.0,75.0,1013.4,4.8,33.0,56.0
2012-08-17,0.0,21.2,31.3,60.0,1017.3,6.6,50.0,28.0
2012-08-18,0.0,20.6,32.6,56.0,1019.3,5.7,71.0,22.0
2012-08-19,0.0,20.5,33.4,57.0,1020.9,5.0,76.0,15.0
2012-08-20,0.5,20.9,34.9,58.0,1019.7,3.6,78.0,34.0
2012-08-21,0.0,21.8,35.5,57.0,1016.8,3.4,53.0,50.0
2012-08-22,0.0,22.2,36.3,54.0,1015.1,5.3,92.0,17.0
2012-08-23,0.0,23.1,34.2,58.0,1014.3,6.3,26.0,48.0
2012-08-24,0.3,22.0,34.6,58.0,1011.1,6.8,238.0,34.0
2012-08-25,0.0,23.7,33.9,53.0,1009.7,5.5,240.0,32.0
2012-08-26,11.7,19.0,25.8,75.0,1009.3,8.7,339.0,49.0
2012-08-27,0.0,14.4,27.0,61.0,1019.2,5.0,198.0,13.0
2012-08-28,0.0,15.5,28.6,58.0,1019.9,4.8,208.0,8.0
2012-08-29,0.0,16.7,29.5,62.0,1018.5,3.3,15.0,53.0
2012-08-30,3.8,18.1,30.2,65.0,1016.3,5.3,38.0,79.0
2012-08-31,31.6,17.1,21.3,81.0,1011.1,8.7,22.0,82.0
2012-09-01,15.5,14.3,19.9,76.0,1014.1,11.2,32.0,84.0
2012-09-02,1.6,16.9,24.4,72.0,1019.1,8.4,36.0,93.0
2012-09-03,2.9,18.0,25.7,71.0,1016.3,8.5,32.0,100.0
2012-09-04,20.3,18.1,26.6,75.0,1015.3,10.5,29.0,88.0
2012-09-05,3.8,17.8,25.2,76.0,1014.6,6.5,11.0,85.0
2012-09-06,0.7,14.9,27.6,72.0,1017.2,4.3,25.0,23.0
2012-09-07,0.0,18.1,25.6,78.0,1021.7,5.1,59.0,37.0
2012-09-08,0.0,15.9,27.2,72.0,1020.0,3.7,56.0,9.0
2012-09-09,0.0,15.4,27.9,69.0,1017.6,5.6,36.0,9.0
2012-09-10,0.0,15.7,28.4,66.0,1016.9,3.7,342.0,53.0
2012-09-11,0.1,15.6,27.2,69.0,1016.0,4.2,274.0,61.0
2012-09-12,30.2,16.8,22.8,85.0,1008.0,6.0,50.0,98.0
2012-09-13,3.4,12.8,19.0,69.0,1005.9,5.6,40.0,77.0
2012-09-14,0.0,11.5,24.5,61.0,1009.2,6.0,20.0,47.0
2012-09-15,0.0,12.7,22.7,68.0,1013.0,6.0,63.0,19.0
2012-09-16,0.0,14.0,21.9,71.0,1016.6,4.9,73.0,38.0
2012-09-17,0.0,14.0,23.2,72.0,1015.7,3.1,45.0,56.0
2012-09-18,0.0,11.8,24.8,73.0,1014.7,5.0,247.0,46.0
2012-09-19,18.5,16.0,19.9,86.0,1011.5,4.2,37.0,88.0
2012-09-20,0.1,10.9,20.1,69.0,1020.2,5.4,71.0,37.0
2012-09-21,0.0,11.5,20.0,67.0,1022.2,4.0,227.0,66.0
2012-09-22,0.0,11.0,21.8,69.0,1017.0,4.5,233.0,34.0
2012-09-23,0.2,13.8,21.0,84.0,1017.7,6.0,36.0,79.0
2012-09-24,8.3,15.9,21.5,90.0,1008.5,6.0,18.0,89.0
2012-09-25,1.6,12.2,22.5,86.0,1008.7,6.3,42.0,41.0
2012-09-26,6.9,15.0,23.6,90.0,1009.5,5.7,50.0,78.0
2012-09-27,10.1,16.6,23.2,78.0,1010.1,7.5,231.0,86.0
2012-09-28,0.0,11.5,22.4,76.0,1017.8,5.9,33.0,76.0
2012-09-29,5.3,15.4,19.3,87.0,1017.3,4.9,4.0,94.0
2012-09-30,6.5,14.1,21.6,86.0,1016.8,5.5,23.0,93.0
2012-10-01,20.9,14.9,22.0,82.0,1016.1,4.9,3.0,71.0
2012-10-02,2.2,13.5,22.6,84.0,1016.2,4.8,287.0,39.0
2012-10-03,0.7,13.8,21.5,84.0,1017.7,4.0,251.0,53.0
2012-10-04,0.0,14.0,21.6,79.0,1016.4,5.8,251.0,70.0
2012-10-05,0.1,12.8,22.1,81.0,1018.9,3.9,311.0,77.0
2012-10-06,0.0,14.0,22.7,82.0,1019.2,5.1,252.0,55.0
2012-10-07,0.0,15.5,22.9,79.0,1013.8,7.4,246.0,52.0
2012-10-08,0.0,14.5,17.2,76.0,1017.3,8.8,50.0,81.0
2012-10-09,2.8,13.5,18.7,81.0,1012.1,3.9,38.0,89.0
2012-10-10,1.8,12.6,18.3,90.0,1011.1,4.8,52.0,87.0
2012-10-11,1.3,12.1,16.8,86.0,1011.8,7.2,40.0,93.0
2012-10-12,1.5,13.1,19.5,81.0,1010.3,5.9,357.0,86.0
2012-10-13,6.3,11.7,16.9,85.0,1012.5,8.3,30.0,76.0
2012-10-14,1.4,11.1,17.6,81.0,1008.5,4.8,45.0,79.0
2012-10-15,27.2,11.4,14.8,92.0,1003.5,8.2,28.0,99.0
2012-10-16,6.8,9.4,17.7,74.0,1009.2,6.4,259.0,35.0
2012-10-17,0.0,7.8,17.1,83.0,1021.2,3.4,12.0,68.0
2012-10-18,0.0,8.3,18.7,83.0,1022.8,4.5,252.0,70.0
2012-10-19,0.0,7.8,18.7,87.0,1022.9,5.2,267.0,60.0
2012-10-20,0.0,7.6,20.0,86.0,1021.3,4.5,261.0,36.0
2012-10-21,0.0,9.4,20.5,88.0,1019.0,3.7,340.0,39.0
2012-10-22,0.0,9.3,22.4,81.0,1018.4,4.3,358.0,21.0
2012-10-23,0.0,7.2,20.9,76.0,1019.4,6.1,18.0,0.0
2012-10-24,0.0,6.9,19.0,72.0,1017.1,4.3,14.0,2.0
2012-10-25,0.0,6.0,18.6,83.0,1013.6,4.5,282.0,11.0
2012-10-26,20.6,9.4,14.7,93.0,1007.6,6.1,26.0,93.0
2012-10-27,9.3,10.8,16.0,90.0,989.3,4.8,12.0,93.0
2012-10-28,23.0,5.1,11.0,79.0,996.3,16.8,43.0,88.0
2012-10-29,2.6,4.0,10.6,68.0,1008.4,7.5,358.0,52.0
2012-10-30,0.0,1.4,11.0,71.0,1012.3,3.8,316.0,63.0
2012-10-31,17.2,6.5,11.5,78.0,1007.8,12.0,37.0,96.0
2012-11-01,20.6,9.0,12.4,87.0,994.7,10.7,27.0,81.0
2012-11-02,0.0,5.5,15.6,87.0,1006.0,5.5,278.0,42.0
2012-11-03,0.0,6.2,13.8,89.0,1013.9,3.6,13.0,81.0
2012-11-04,12.7,10.4,12.9,92.0,1009.9,6.5,27.0,100.0
2012-11-05,16.2,8.4,17.2,88.0,999.3,8.6,263.0,60.0
2012-11-06,0.0,5.4,14.4,80.0,1012.5,6.3,4.0,44.0
2012-11-07,0.0,2.0,14.4,78.0,1024.1,5.9,297.0,7.0
2012-11-08,0.0,2.1,13.8,81.0,1025.4,4.2,298.0,50.0
2012-11-09,0.0,3.1,13.4,87.0,1019.9,4.0,360.0,69.0
2012-11-10,9.7,6.5,12.0,88.0,1017.4,7.3,26.0,94.0
2012-11-11,58.0,10.2,15.9,94.0,1011.1,9.0,46.0,96.0
2012-11-12,3.3,9.4,15.2,95.0,1020.0,4.1,6.0,100.0
2012-11-13,0.0,9.9,15.6,87.0,1026.5,6.9,18.0,65.0
2012-11-14,0.0,7.4,14.3,77.0,1027.5,8.3,33.0,22.0
2012-11-15,0.0,3.0,12.2,78.0,1024.0,5.4,18.0,12.0
2012-11-16,0.0,1.1,12.3,81.0,1022.2,5.4,10.0,1.0
2012-11-17,0.0,-0.6,11.6,84.0,1019.5,3.9,313.0,16.0
2012-11-18,0.0,2.5,10.6,85.0,1016.3,3.2,326.0,100.0
2012-11-19,4.1,4.9,12.5,86.0,1015.5,5.9,351.0,95.0
2012-11-20,0.0,3.4,13.9,86.0,1017.5,6.0,5.0,80.0
2012-11-21,0.0,3.2,14.5,84.0,1019.7,4.8,339.0,23.0
2012-11-22,0.5,3.5,13.7,86.0,1022.4,3.5,348.0,94.0
2012-11-23,0.0,8.0,14.6,85.0,1022.6,4.0,267.0,81.0
2012-11-24,0.0,5.6,13.8,90.0,1023.8,3.9,282.0,96.0
2012-11-25,0.0,5.9,14.0,91.0,1021.7,2.9,289.0,92.0
2012-11-26,0.0,8.2,12.8,89.0,1018.2,3.1,25.0,91.0
2012-11-27,16.8,6.5,12.0,96.0,1010.2,8.2,37.0,92.0
2012-11-28,50.3,10.1,13.1,95.0,996.6,10.9,42.0,100.0
2012-11-29,4.5,6.6,12.1,91.0,991.3,5.3,33.0,79.0
2012-11-30,2.0,5.0,9.5,69.0,999.5,12.3,44.0,92.0
2012-12-01,2.0,4.6,7.8,73.0,1010.2,11.2,43.0,91.0
2012-12-02,4.1,2.7,7.7,85.0,1009.1,4.8,344.0,81.0
2012-12-03,0.0,-1.8,8.1,74.0,1012.8,8.2,272.0,14.0
2012-12-04,0.0,-0.3,6.0,72.0,1005.9,5.3,356.0,74.0
2012-12-05,0.0,-2.4,5.6,84.0,1002.7,4.7,359.0,88.0
2012-12-06,0.0,-2.8,7.3,82.0,1009.3,5.9,315.0,35.0
2012-12-07,4.2,-1.5,4.4,68.0,1011.8,9.3,42.0,80.0
2012-12-08,0.4,-2.9,4.0,84.0,1007.6,4.3,274.0,89.0
2012-12-09,0.0,-5.0,6.0,72.0,1018.3,6.1,283.0,1.0
2012-12-10,0.0,-2.6,4.9,68.0,1010.0,3.7,354.0,38.0
2012-12-11,0.0,-3.8,7.7,66.0,1012.4,6.2,339.0,37.0
2012-12-12,0.0,-3.3,5.9,56.0,1020.5,4.0,341.0,3.0
2012-12-13,0.0,-1.8,4.3,72.0,1022.7,4.0,14.0,76.0
2012-12-14,4.7,0.0,3.7,88.0,1020.2,3.6,356.0,100.0
2012-12-15,15.4,-1.9,6.2,95.0,1013.2,4.4,296.0,80.0
2012-12-16,0.0,-3.5,7.3,92.0,1014.4,3.3,315.0,54.0
2012-12-17,0.4,-1.1,7.4,93.0,1011.5,5.0,302.0,83.0
2012-12-18,0.0,-1.8,8.7,86.0,1011.4,3.9,289.0,70.0
2012-12-19,0.0,-2.6,8.6,79.0,1019.4,5.1,304.0,1.0
2012-12-20,0.6,-1.7,6.5,81.0,1020.7,3.7,326.0,69.0
2012-12-21,4.0,1.2,4.6,92.0,1014.6,2.5,279.0,95.0
2012-12-22,0.0,-2.1,7.4,89.0,1019.3,3.5,280.0,64.0
2012-12-23,0.0,-1.5,5.2,91.0,1019.4,2.3,288.0,94.0
2012-12-24,0.0,-0.2,6.7,90.0,1022.8,2.8,8.0,78.0
2012-12-25,0.0,0.4,6.8,93.0,1020.9,2.4,289.0,99.0
2012-12-26,5.2,0.6,6.9,96.0,1016.0,3.6,282.0,92.0
2012-12-27,0.0,1.0,7.9,96.0,1018.5,4.0,297.0,97.0
2012-12-28,0.0,-0.9,10.5,89.0,1020.2,5.2,314.0,32.0
2012-12-29,0.0,-0.7,10.0,81.0,1027.9,3.8,341.0,14.0
2012-12-30,0.0,-1.8,7.5,88.0,1023.7,3.8,319.0,6.0
2012-12-31,0.0,-1.9,10.1,83.0,1025.6,4.1,330.0,13.0
2013-01-01,0.0,-1.9,5.5,85.0,1018.5,3.7,301.0,50.0
2013-01-02,12.6,1.0,6.0,91.0,1021.6,6.3,13.0,97.0
2013-01-03,0.0,-2.1,9.9,87.0,1032.8,5.0,300.0,32.0
2013-01-04,0.0,-1.5,8.9,86.0,1029.2,3.7,294.0,57.0
2013-01-05,0.0,-1.4,12.5,87.0,1020.7,4.7,322.0,43.0
2013-01-06,0.0,0.3,11.2,89.0,1020.4,4.2,347.0,34.0
2013-01-07,0.0,0.2,10.7,90.0,1020.9,4.4,12.0,44.0
2013-01-08,0.0,3.6,9.2,92.0,1025.6,3.8,15.0,85.0
2013-01-09,0.0,3.4,7.7,93.0,1022.7,2.9,288.0,100.0
2013-01-10,0.0,2.2,6.6,94.0,1014.2,3.4,264.0,99.0
2013-01-11,0.2,-0.1,7.3,91.0,1009.5,3.8,322.0,65.0
2013-01-12,0.9,-1.3,5.9,92.0,1015.7,4.2,22.0,90.0
2013-01-13,3.3,1.5,6.3,89.0,1013.0,7.6,36.0,99.0
2013-01-14,11.2,1.4,5.5,89.0,1008.7,8.0,33.0,94.0
2013-01-15,4.6,0.7,5.3,89.0,1008.0,5.7,31.0,90.0
2013-01-16,17.8,1.3,4.7,86.0,998.5,11.4,8.0,100.0
2013-01-17,10.2,-2.8,3.2,79.0,998.9,10.7,12.0,92.0
2013-01-18,0.0,-3.7,6.2,66.0,1001.1,7.0,308.0,60.0
2013-01-19,1.7,-1.4,5.4,74.0,1001.4,5.2,16.0,96.0
2013-01-20,14.2,1.8,5.2,92.0,999.0,5.3,7.0,100.0
2013-01-21,6.9,2.2,9.0,93.0,995.4,4.0,280.0,84.0
2013-01-22,6.0,1.1,6.5,93.0,1000.3,5.1,336.0,79.0
2013-01-23,1.8,-2.3,7.7,90.0,1007.2,7.4,29.0,88.0
2013-01-24,1.1,-0.6,8.8,80.0,1001.9,6.1,356.0,99.0
2013-01-25,0.0,0.1,7.4,73.0,1007.0,4.1,42.0,56.0
2013-01-26,0.0,-1.7,5.2,75.0,1011.9,4.5,30.0,30.0
2013-01-27,0.0,-2.5,6.9,77.0,1014.7,3.5,254.0,57.0
2013-01-28,5.4,-1.9,3.6,92.0,1015.5,4.1,10.0,86.0
2013-01-29,0.0,-2.9,8.7,88.0,1022.6,5.4,253.0,55.0
2013-01-30,0.0,0.8,7.9,86.0,1020.8,2.3,196.0,81.0
2013-01-31,0.0,-0.3,8.6,91.0,1020.0,2.9,80.0,77.0
2013-02-01,0.0,-0.4,7.3,89.0,1012.5,3.5,66.0,85.0
2013-02-02,20.7,1.5,6.6,92.0,993.9,6.9,34.0,100.0
2013-02-03,1.1,0.1,9.6,70.0,1008.0,6.3,329.0,51.0
2013-02-04,0.0,-1.9,9.7,64.0,1016.1,4.6,269.0,39.0
2013-02-05,0.0,-0.0,8.3,79.0,1012.1,5.1,25.0,86.0
2013-02-06,1.1,-0.3,7.9,84.0,998.9,6.0,21.0,86.0
2013-02-07,0.0,-2.7,8.1,77.0,1003.2,4.0,358.0,90.0
2013-02-08,0.0,-3.1,7.2,67.0,1008.9,4.4,9.0,57.0
2013-02-09,1.7,-0.8,5.6,71.0,1012.9,4.0,283.0,78.0
2013-02-10,0.0,-2.9,4.9,71.0,1014.0,4.7,203.0,43.0
2013-02-11,29.0,-2.4,1.9,85.0,1007.8,13.0,40.0,93.0
2013-02-12,12.5,-2.9,3.7,88.0,1003.3,8.1,23.0,90.0
2013-02-13,0.0,-7.7,7.9,75.0,1011.1,4.8,318.0,53.0
2013-02-14,0.1,-0.6,8.4,68.0,1017.1,4.5,321.0,65.0
2013-02-15,0.0,1.6,8.9,72.0,1016.4,4.2,31.0,85.0
2013-02-16,0.4,-0.4,9.5,76.0,1020.2,4.5,359.0,25.0
2013-02-17,0.2,-0.4,6.6,79.0,1020.1,7.6,32.0,63.0
2013-02-18,0.0,0.0,7.7,69.0,1018.7,5.8,32.0,25.0
2013-02-19,0.0,0.6,9.3,75.0,1015.8,5.9,249.0,70.0
2013-02-20,2.5,-0.1,7.0,86.0,1013.4,6.1,61.0,78.0
2013-02-21,8.2,0.7,3.6,81.0,1012.7,14.8,56.0,98.0
2013-02-22,0.2,-0.5,4.1,69.0,1006.0,10.7,58.0,89.0
2013-02-23,4.2,-0.2,4.5,74.0,1003.0,8.0,54.0,88.0
2013-02-24,14.3,1.8,7.5,88.0,1004.1,12.1,53.0,78.0
2013-02-25,5.1,-1.1,8.1,85.0,1016.0,10.9,44.0,46.0
2013-02-26,0.0,-2.9,12.2,70.0,1019.7,6.1,304.0,43.0
2013-02-27,4.8,2.9,9.7,87.0,1021.9,4.4,338.0,96.0
2013-02-28,0.0,2.0,12.0,81.0,1024.0,5.1,56.0,47.0
2013-03-01,0.0,1.0,11.2,86.0,1019.8,4.4,43.0,58.0
2013-03-02,0.0,1.1,10.6,82.0,1018.8,6.4,46.0,52.0
2013-03-03,0.0,-0.6,13.0,81.0,1018.2,3.2,286.0,9.0
2013-03-04,0.0,0.2,13.3,77.0,1020.5,5.8,44.0,17.0
2013-03-05,0.0,-0.6,11.3,73.0,1022.2,7.5,50.0,64.0
2013-03-06,15.7,5.4,8.9,87.0,1014.0,9.3,33.0,100.0
2013-03-07,8.0,6.7,13.4,90.0,1006.2,4.2,49.0,99.0
2013-03-08,3.7,8.6,12.6,92.0,1004.7,3.0,93.0,99.0
2013-03-09,7.1,7.3,13.6,90.0,1002.9,4.4,252.0,98.0
2013-03-10,3.9,5.1,14.5,87.0,1000.5,5.1,288.0,78.0
2013-03-11,5.4,4.6,13.5,88.0,999.6,4.7,44.0,83.0
2013-03-12,1.4,3.7,13.1,84.0,998.4,4.2,61.0,95.0
2013-03-13,7.6,5.2,10.6,94.0,996.2,5.8,56.0,97.0
2013-03-14,3.4,2.7,10.8,70.0,993.2,7.2,9.0,96.0
2013-03-15,0.3,-2.3,8.7,51.0,1004.4,7.0,12.0,74.0
2013-03-16,0.5,-0.1,7.4,66.0,1018.4,5.6,140.0,49.0
2013-03-17,3.3,-1.0,8.9,74.0,1015.9,6.3,61.0,86.0
2013-03-18,34.2,2.8,6.6,93.0,998.0,13.7,12.0,95.0
2013-03-19,0.2,-1.1,14.1,70.0,999.0,7.8,252.0,40.0
2013-03-20,4.4,-1.2,11.6,83.0,1007.2,4.7,14.0,83.0
2013-03-21,1.1,-0.1,15.0,70.0,1009.3,8.1,262.0,28.0
2013-03-22,0.0,1.0,14.3,67.0,1011.9,6.9,57.0,23.0
2013-03-23,1.3,3.5,12.3,80.0,1012.4,7.7,57.0,93.0
2013-03-24,16.4,4.5,7.4,90.0,1010.0,14.2,47.0,100.0
2013-03-25,15.2,2.8,7.8,86.0,1003.3,9.7,58.0,100.0
2013-03-26,2.0,1.3,7.1,76.0,1003.5,5.5,61.0,97.0
2013-03-27,0.0,-1.6,8.2,74.0,1008.1,5.7,75.0,71.0
2013-03-28,6.0,3.1,7.8,82.0,1012.8,6.3,40.0,96.0
2013-03-29,4.4,5.2,11.7,86.0,1006.8,5.6,229.0,91.0
2013-03-30,22.4,6.3,9.0,92.0,1001.2,8.2,34.0,100.0
2013-03-31,18.3,6.1,13.1,83.0,997.3,7.1,87.0,86.0
2013-04-01,0.9,4.6,10.9,75.0,1005.7,8.6,55.0,95.0
2013-04-02,1.4,5.9,12.4,73.0,1002.5,9.8,55.0,94.0
2013-04-03,0.0,4.9,12.9,75.0,1005.1,4.8,203.0,79.0
2013-04-04,2.1,6.3,13.2,81.0,1008.3,8.4,73.0,95.0
2013-04-05,22.3,7.3,11.2,87.0,1001.8,10.9,23.0,100.0
2013-04-06,0.8,4.5,13.9,83.0,1009.5,6.0,63.0,85.0
2013-04-07,0.0,5.5,12.8,72.0,1012.5,8.8,69.0,79.0
2013-04-08,1.3,5.5,10.2,72.0,1011.1,5.1,101.0,97.0
2013-04-09,2.9,5.3,12.8,80.0,1009.0,5.4,222.0,95.0
2013-04-10,0.1,3.8,15.9,77.0,1011.0,5.0,227.0,63.0
2013-04-11,0.9,7.1,15.6,82.0,1014.1,5.9,143.0,92.0
2013-04-12,2.8,8.8,16.0,87.0,1009.5,4.2,225.0,71.0
2013-04-13,0.0,5.8,18.3,80.0,1017.6,5.5,49.0,52.0
2013-04-14,0.0,5.9,19.9,77.0,1026.3,5.8,89.0,23.0
2013-04-15,0.0,7.2,21.2,78.0,1023.3,5.0,100.0,21.0
2013-04-16,0.0,10.7,20.7,74.0,1022.1,5.7,84.0,64.0
2013-04-17,0.0,8.6,22.4,69.0,1023.1,4.6,188.0,68.0
2013-04-18,0.0,8.7,24.0,72.0,1019.6,4.7,185.0,18.0
2013-04-19,4.2,11.3,22.9,75.0,1015.1,7.9,64.0,50.0
2013-04-20,10.5,12.4,16.4,76.0,1015.1,15.3,45.0,98.0
2013-04-21,12.0,12.0,18.5,77.0,1015.2,9.4,33.0,85.0
2013-04-22,8.5,8.0,16.0,84.0,1013.7,8.4,49.0,76.0
2013-04-23,0.0,6.8,17.3,78.0,1021.5,4.9,75.0,38.0
2013-04-24,0.0,5.9,19.9,77.0,1028.5,5.3,227.0,20.0
2013-04-25,0.0,7.0,22.1,73.0,1025.8,4.6,201.0,3.0
2013-04-26,1.1,8.6,20.6,76.0,1017.7,3.9,163.0,70.0
2013-04-27,24.1,11.7,17.2,93.0,1007.9,5.4,98.0,95.0
2013-04-28,3.5,12.1,20.5,87.0,1011.6,4.2,92.0,79.0
2013-04-29,7.2,13.7,18.6,87.0,1018.6,7.6,47.0,99.0
2013-04-30,0.5,10.2,22.6,80.0,1019.0,5.3,28.0,80.0
2013-05-01,0.8,11.8,24.6,76.0,1018.4,6.5,63.0,70.0
2013-05-02,3.6,13.9,20.9,85.0,1015.3,5.4,55.0,98.0
2013-05-03,3.9,12.6,21.7,88.0,1013.1,4.3,199.0,77.0
2013-05-04,1.1,10.3,21.4,84.0,1014.8,3.8,50.0,48.0
2013-05-05,9.9,11.0,20.7,80.0,1017.0,9.4,48.0,91.0
2013-05-06,15.0,13.0,18.6,86.0,1015.9,6.7,33.0,93.0
2013-05-07,7.4,10.8,20.0,85.0,1013.6,3.6,48.0,84.0
2013-05-08,1.3,12.2,21.7,78.0,1014.5,4.6,56.0,43.0
2013-05-09,0.0,10.7,24.5,70.0,1014.8,4.2,276.0,60.0
2013-05-10,10.4,14.6,20.3,84.0,1011.9,3.4,293.0,85.0
2013-05-11,15.7,13.9,17.3,83.0,1010.6,5.3,47.0,77.0
2013-05-12,5.0,8.9,20.1,77.0,1011.7,5.3,331.0,56.0
2013-05-13,0.0,6.2,19.8,70.0,1015.7,6.4,238.0,23.0
2013-05-14,0.0,9.4,21.1,69.0,1013.7,6.2,93.0,10.0
2013-05-15,0.9,9.8,21.3,72.0,1008.4,8.9,62.0,60.0
2013-05-16,69.0,13.8,16.1,88.0,1001.8,11.8,49.0,96.0
2013-05-17,32.9,12.8,18.4,90.0,1002.3,6.0,357.0,81.0
2013-05-18,1.0,7.9,19.9,74.0,1013.0,6.8,198.0,45.0
2013-05-19,12.0,13.0,18.9,70.0,1011.2,9.8,348.0,69.0
2013-05-20,1.1,9.4,18.5,73.0,1014.3,7.3,233.0,39.0
2013-05-21,0.1,9.8,18.7,72.0,1013.7,5.0,190.0,36.0
2013-05-22,0.2,9.6,19.3,75.0,1007.0,4.8,53.0,51.0
2013-05-23,15.9,10.3,19.9,74.0,1001.6,7.0,178.0,83.0
2013-05-24,44.7,8.5,12.8,87.0,1003.9,15.0,14.0,99.0
2013-05-25,13.8,7.9,13.4,82.0,1007.7,7.7,50.0,98.0
2013-05-26,0.0,4.7,18.5,69.0,1009.3,8.5,245.0,59.0
2013-05-27,0.0,8.0,20.0,66.0,1009.8,7.6,237.0,40.0
2013-05-28,0.1,12.1,19.2,72.0,1008.0,5.2,179.0,68.0
2013-05-29,13.7,12.1,18.7,83.0,1002.2,5.2,120.0,68.0
2013-05-30,12.9,7.4,16.4,84.0,1002.9,3.2,302.0,93.0
2013-05-31,2.5,9.1,16.3,87.0,1001.4,4.3,223.0,100.0
2013-06-01,1.5,10.7,19.3,81.0,1004.8,4.4,100.0,90.0
2013-06-02,1.4,10.3,21.6,81.0,1008.5,4.3,77.0,96.0
2013-06-03,3.7,11.4,21.9,77.0,1014.3,4.4,341.0,70.0
2013-06-04,1.7,12.5,22.9,73.0,1013.9,5.1,303.0,62.0
2013-06-05,10.1,12.7,22.1,83.0,1015.6,4.7,42.0,55.0
2013-06-06,5.5,13.0,22.3,84.0,1017.7,4.5,349.0,67.0
2013-06-07,2.5,12.1,24.1,79.0,1017.3,3.9,327.0,54.0
2013-06-08,0.3,12.4,25.5,74.0,1014.8,5.1,203.0,52.0
2013-06-09,21.5,14.5,23.2,86.0,1011.7,5.6,88.0,71.0
2013-06-10,6.5,13.0,20.6,77.0,1009.2,6.7,250.0,88.0
2013-06-11,2.5,12.4,23.7,77.0,1011.5,4.5,339.0,36.0
2013-06-12,0.7,13.8,24.7,79.0,1016.6,4.5,45.0,20.0
2013-06-13,0.0,14.3,26.1,71.0,1018.6,5.0,151.0,21.0
2013-06-14,0.0,14.3,26.7,70.0,1015.8,5.0,122.0,20.0
2013-06-15,0.0,16.2,27.3,71.0,1015.0,4.6,156.0,43.0
2013-06-16,1.3,18.2,27.0,78.0,1015.9,4.9,123.0,35.0
2013-06-17,0.0,19.2,29.3,76.0,1016.4,4.8,164.0,6.0
2013-06-18,0.0,19.0,30.8,75.0,1015.9,4.0,113.0,8.0
2013-06-19,0.0,18.8,31.0,78.0,1015.8,5.0,114.0,24.0
2013-06-20,0.2,18.9,31.1,76.0,1014.2,5.8,122.0,17.0
2013-06-21,2.1,17.6,27.4,66.0,1013.8,6.6,246.0,2.0
2013-06-22,0.0,16.3,26.6,67.0,1014.0,6.6,246.0,29.0
2013-06-23,0.4,17.4,26.5,73.0,1012.2,5.4,232.0,21.0
2013-06-24,22.1,16.2,19.6,76.0,1011.6,7.1,14.0,81.0
2013-06-25,0.1,11.6,24.7,67.0,1015.3,5.5,323.0,39.0
2013-06-26,3.6,13.2,21.7,72.0,1020.2,5.2,7.0,46.0
2013-06-27,2.1,12.7,20.2,70.0,1021.2,8.0,54.0,70.0
2013-06-28,9.9,13.5,19.5,68.0,1019.1,7.2,26.0,64.0
2013-06-29,0.0,9.2,22.5,67.0,1017.8,6.1,271.0,40.0
2013-06-30,0.0,10.3,24.8,72.0,1017.4,4.9,225.0,12.0
2013-07-01,2.4,14.6,24.5,77.0,1018.5,7.4,76.0,23.0
2013-07-02,0.1,15.1,26.0,76.0,1017.6,5.5,64.0,39.0
2013-07-03,0.2,16.8,25.9,76.0,1014.8,5.5,89.0,86.0
2013-07-04,0.7,16.3,27.9,66.0,1016.0,4.7,25.0,43.0
2013-07-05,0.1,16.9,28.9,67.0,1020.6,5.1,32.0,24.0
2013-07-06,0.5,18.1,28.4,70.0,1021.7,4.7,352.0,54.0
2013-07-07,0.0,18.6,27.9,68.0,1022.2,8.2,46.0,59.0
2013-07-08,0.0,18.0,27.7,67.0,1022.4,7.3,34.0,64.0
2013-07-09,1.0,19.1,28.7,64.0,1019.2,6.2,37.0,34.0
2013-07-10,1.7,17.7,28.9,71.0,1013.9,3.4,317.0,93.0
2013-07-11,3.8,18.0,28.6,75.0,1010.9,5.4,300.0,71.0
2013-07-12,6.9,19.3,25.4,78.0,1015.4,6.4,69.0,78.0
2013-07-13,7.0,17.9,25.1,82.0,1016.2,4.4,55.0,65.0
2013-07-14,0.0,17.3,26.8,69.0,1017.5,4.8,39.0,22.0
2013-07-15,0.1,16.5,28.6,72.0,1017.4,4.2,258.0,30.0
2013-07-16,3.7,18.6,26.8,79.0,1020.0,6.7,65.0,41.0
2013-07-17,0.0,19.2,27.6,73.0,1020.2,5.0,85.0,54.0
2013-07-18,0.0,16.8,28.0,69.0,1018.7,6.5,46.0,27.0
2013-07-19,0.0,15.7,28.4,65.0,1017.1,3.8,341.0,21.0
2013-07-20,0.0,16.4,30.2,63.0,1015.3,4.0,3.0,11.0
2013-07-21,0.0,18.7,28.8,66.0,1016.9,4.9,45.0,48.0
2013-07-22,0.0,19.0,29.6,69.0,1016.4,4.3,67.0,33.0
2013-07-23,1.3,20.4,30.8,68.0,1013.5,3.6,300.0,62.0
2013-07-24,3.0,19.0,30.8,74.0,1013.9,4.5,306.0,52.0
2013-07-25,0.4,18.6,30.9,75.0,1015.4,3.7,310.0,38.0
2013-07-26,0.1,20.5,32.3,72.0,1015.2,4.5,262.0,28.0
2013-07-27,0.0,21.9,33.1,67.0,1013.1,4.9,223.0,19.0
2013-07-28,0.0,22.1,34.3,67.0,1013.7,5.2,126.0,19.0
2013-07-29,11.0,19.9,29.9,80.0,1014.3,4.7,124.0,58.0
2013-07-30,0.0,15.5,29.1,66.0,1016.5,4.2,274.0,13.0
2013-07-31,0.0,17.7,30.0,61.0,1017.9,5.1,47.0,9.0
2013-08-01,0.0,19.0,31.1,63.0,1017.9,4.5,92.0,11.0
2013-08-02,0.0,18.3,33.5,60.0,1017.1,4.7,239.0,0.0
2013-08-03,0.0,18.2,34.8,57.0,1016.2,4.8,250.0,0.0
2013-08-04,0.0,20.6,34.5,61.0,1016.7,3.9,338.0,8.0
2013-08-05,0.0,20.8,34.1,58.0,1015.9,5.8,48.0,7.0
2013-08-06,1.5,21.4,34.6,60.0,1014.2,4.0,248.0,6.0
2013-08-07,0.0,22.2,33.4,65.0,1012.3,6.4,69.0,49.0
2013-08-08,1.6,22.4,33.1,60.0,1013.4,9.5,345.0,67.0
2013-08-09,0.7,22.3,31.6,52.0,1012.9,8.3,285.0,87.0
2013-08-10,0.0,20.2,28.7,52.0,1014.0,7.8,33.0,32.0
2013-08-11,0.0,20.0,28.4,57.0,1016.0,4.9,60.0,30.0
2013-08-12,0.0,18.9,30.2,53.0,1015.3,5.3,102.0,13.0
2013-08-13,0.1,18.5,30.7,61.0,1013.2,5.2,74.0,18.0
2013-08-14,24.7,18.0,23.4,78.0,1016.7,12.1,43.0,84.0
2013-08-15,0.0,15.4,25.5,62.0,1020.1,8.0,43.0,11.0
2013-08-16,0.0,16.0,26.6,59.0,1019.3,5.8,43.0,4.0
2013-08-17,0.0,14.5,29.2,62.0,1016.6,4.0,338.0,9.0
2013-08-18,0.0,15.5,30.1,57.0,1016.2,3.8,262.0,12.0
2013-08-19,0.9,17.1,30.3,66.0,1014.8,4.5,60.0,43.0
2013-08-20,5.4,18.0,23.5,68.0,1018.3,7.5,55.0,62.0
2013-08-21,0.0,14.8,26.4,62.0,1020.0,5.7,35.0,21.0
2013-08-22,0.0,16.8,26.5,64.0,1017.3,7.1,49.0,11.0
2013-08-23,0.0,16.5,27.3,65.0,1015.2,4.5,31.0,64.0
2013-08-24,12.4,15.8,27.9,73.0,1012.7,5.4,46.0,57.0
2013-08-25,26.3,17.6,23.3,83.0,1008.0,5.9,51.0,83.0
2013-08-26,12.2,16.8,21.7,80.0,1010.1,5.5,56.0,70.0
2013-08-27,5.1,16.1,22.7,82.0,1011.0,4.6,57.0,63.0
2013-08-28,0.0,13.4,24.7,77.0,1011.9,4.7,310.0,59.0
2013-08-29,3.6,13.9,24.5,79.0,1018.3,4.8,50.0,41.0
2013-08-30,0.4,15.1,23.9,73.0,1019.4,5.8,55.0,27.0
2013-08-31,0.0,14.8,25.5,71.0,1019.2,4.2,46.0,40.0
2013-09-01,4.6,15.0,25.4,77.0,1019.2,5.1,13.0,58.0
2013-09-02,0.3,16.3,24.6,73.0,1021.4,5.5,43.0,52.0
2013-09-03,0.0,14.1,27.5,76.0,1022.5,4.1,56.0,2.0
2013-09-04,0.0,17.4,26.8,81.0,1022.7,4.5,73.0,40.0
2013-09-05,0.0,16.9,27.2,80.0,1017.5,4.0,83.0,43.0
2013-09-06,0.0,17.3,26.6,78.0,1014.2,4.2,76.0,36.0
2013-09-07,0.5,16.2,27.7,79.0,1016.8,4.2,74.0,24.0
2013-09-08,2.4,18.4,26.1,84.0,1018.6,5.3,52.0,83.0
2013-09-09,7.4,16.9,26.0,80.0,1014.5,5.4,347.0,48.0
2013-09-10,8.1,17.7,22.5,78.0,1014.1,6.0,44.0,88.0
2013-09-11,3.3,13.8,18.4,79.0,1012.6,8.1,59.0,68.0
2013-09-12,0.1,10.8,20.7,74.0,1013.8,4.3,330.0,44.0
2013-09-13,1.6,9.7,22.4,79.0,1017.0,4.1,348.0,25.0
2013-09-14,0.0,11.3,23.7,75.0,1017.0,5.1,294.0,40.0
2013-09-15,9.3,15.5,21.4,87.0,1012.8,5.0,44.0,98.0
2013-09-16,0.4,11.5,22.7,79.0,1005.8,5.8,249.0,54.0
2013-09-17,0.5,14.5,20.9,69.0,1001.4,6.9,172.0,55.0
2013-09-18,0.0,10.9,20.6,72.0,1005.1,5.7,43.0,53.0
2013-09-19,0.1,12.5,22.0,77.0,1006.7,5.0,51.0,49.0
2013-09-20,0.0,14.4,22.3,77.0,1014.9,6.2,72.0,43.0
2013-09-21,0.0,13.5,22.6,81.0,1020.4,5.4,56.0,39.0
2013-09-22,0.0,15.2,22.4,75.0,1024.6,6.4,79.0,70.0
2013-09-23,0.0,12.9,24.4,75.0,1020.7,4.3,252.0,13.0
2013-09-24,0.0,12.0,25.1,79.0,1015.5,4.4,254.0,21.0
2013-09-25,0.0,15.5,23.6,78.0,1013.7,6.7,242.0,47.0
2013-09-26,0.0,14.9,24.4,76.0,1013.5,6.2,236.0,62.0
2013-09-27,0.8,16.8,23.2,85.0,1013.8,5.3,22.0,83.0
2013-09-28,1.2,18.3,22.7,89.0,1012.3,3.6,101.0,98.0
2013-09-29,10.8,14.7,19.9,94.0,1007.8,7.9,56.0,99.0
2013-09-30,0.0,13.4,16.4,77.0,1005.1,9.6,60.0,84.0
2013-10-01,0.0,12.7,19.1,72.0,1008.8,3.6,64.0,65.0
2013-10-02,0.0,14.6,17.9,70.0,1016.1,7.9,69.0,87.0
2013-10-03,0.0,11.8,15.4,64.0,1025.5,8.8,65.0,89.0
2013-10-04,0.0,11.3,14.7,62.0,1027.4,6.2,65.0,99.0
2013-10-05,3.9,10.4,12.9,79.0,1022.6,7.1,38.0,94.0
2013-10-06,21.7,11.8,15.7,87.0,1020.9,9.7,31.0,90.0
2013-10-07,18.3,14.1,17.4,86.0,1022.1,10.6,47.0,100.0
2013-10-08,6.2,13.0,18.9,79.0,1022.7,5.8,41.0,97.0
2013-10-09,0.2,13.5,18.7,81.0,1019.1,2.7,22.0,71.0
2013-10-10,11.4,13.1,18.7,90.0,1009.1,4.7,107.0,83.0
2013-10-11,4.6,8.6,15.6,74.0,1010.2,7.6,214.0,39.0
2013-10-12,8.0,8.6,15.5,77.0,1017.8,8.5,24.0,62.0
2013-10-13,0.0,7.6,17.4,76.0,1021.4,4.6,5.0,60.0
2013-10-14,0.4,11.7,17.0,83.0,1021.3,3.8,232.0,92.0
2013-10-15,0.0,9.8,17.0,88.0,1016.5,4.7,254.0,80.0
2013-10-16,0.1,9.2,20.0,81.0,1008.5,5.5,275.0,43.0
2013-10-17,0.0,7.6,19.7,75.0,1015.0,4.7,38.0,9.0
2013-10-18,0.0,8.1,19.2,84.0,1017.5,3.7,24.0,54.0
2013-10-19,0.0,11.0,18.5,83.0,1022.2,3.9,50.0,81.0
2013-10-20,6.3,11.7,19.1,86.0,1024.0,3.5,43.0,93.0
2013-10-21,0.8,13.5,18.8,87.0,1022.9,3.9,344.0,80.0
2013-10-22,0.5,12.5,19.9,88.0,1021.7,3.0,38.0,85.0
2013-10-23,6.3,12.1,19.4,93.0,1019.2,5.4,62.0,99.0
2013-10-24,20.3,15.2,18.1,95.0,1020.0,7.1,37.0,98.0
2013-10-25,0.0,13.5,20.2,88.0,1022.2,4.5,269.0,75.0
2013-10-26,0.0,12.2,20.2,88.0,1022.5,3.9,232.0,91.0
2013-10-27,0.0,12.2,20.1,89.0,1020.2,3.9,239.0,95.0
2013-10-28,0.0,14.4,20.9,86.0,1016.5,3.8,234.0,82.0
2013-10-29,6.3,13.8,19.0,90.0,1014.4,4.8,38.0,84.0
2013-10-30,0.7,14.1,19.0,87.0,1017.3,7.5,44.0,94.0
2013-10-31,0.0,11.6,17.6,67.0,1023.6,8.8,51.0,66.0
2013-11-01,0.0,7.2,17.4,82.0,1022.1,3.8,14.0,47.0
2013-11-02,0.4,11.4,17.2,88.0,1016.6,3.5,287.0,99.0
2013-11-03,2.4,10.0,17.0,90.0,1009.1,4.9,276.0,76.0
2013-11-04,8.4,9.1,13.1,88.0,1004.8,6.3,34.0,98.0
2013-11-05,2.5,8.7,16.2,83.0,997.4,4.4,4.0,59.0
2013-11-06,0.0,8.1,16.6,84.0,1004.7,3.7,307.0,38.0
2013-11-07,0.0,7.0,16.9,87.0,1015.2,4.8,30.0,36.0
2013-11-08,0.8,11.7,16.5,89.0,1017.0,3.5,27.0,98.0
2013-11-09,11.5,11.5,17.3,93.0,1011.0,5.8,304.0,81.0
2013-11-10,0.0,7.6,12.8,85.0,1005.9,7.4,39.0,76.0
2013-11-11,0.0,6.7,13.1,61.0,1010.7,9.0,358.0,76.0
2013-11-12,0.0,6.8,16.8,63.0,1020.6,7.0,12.0,38.0
2013-11-13,0.0,7.5,16.0,81.0,1020.0,6.2,32.0,48.0
2013-11-14,3.5,7.7,13.3,80.0,1018.1,6.7,55.0,91.0
2013-11-15,25.7,8.3,10.0,87.0,1017.0,15.3,38.0,99.0
2013-11-16,0.0,6.0,13.7,80.0,1024.5,8.1,26.0,30.0
2013-11-17,0.0,3.1,12.9,82.0,1023.6,5.0,21.0,30.0
2013-11-18,0.0,6.6,12.7,79.0,1017.9,6.7,28.0,94.0
2013-11-19,15.0,10.1,11.7,86.0,1005.6,12.5,37.0,100.0
2013-11-20,4.4,7.3,13.3,86.0,1001.5,5.8,337.0,75.0
2013-11-21,15.7,3.0,8.3,90.0,999.8,8.3,45.0,73.0
2013-11-22,7.6,3.9,10.0,81.0,1000.4,9.0,26.0,90.0
2013-11-23,22.8,3.8,8.7,78.0,1000.4,15.0,19.0,100.0
2013-11-24,1.3,5.0,11.9,82.0,1006.3,6.7,351.0,91.0
2013-11-25,0.0,-0.2,9.7,62.0,1014.2,8.6,13.0,7.0
2013-11-26,0.0,-3.4,6.7,55.0,1021.2,5.7,348.0,0.0
2013-11-27,0.0,-3.5,6.9,56.0,1025.9,6.1,346.0,67.0
2013-11-28,0.0,-1.0,6.8,66.0,1029.7,5.2,2.0,3.0
2013-11-29,0.0,-1.1,6.6,78.0,1025.1,3.7,260.0,24.0
2013-11-30,1.4,-0.2,6.2,86.0,1017.4,6.2,19.0,77.0
2013-12-01,0.0,-1.1,9.7,68.0,1021.4,8.4,19.0,25.0
2013-12-02,0.0,-1.0,10.1,65.0,1025.4,7.5,32.0,23.0
2013-12-03,0.0,-2.5,9.9,74.0,1029.2,3.7,340.0,14.0
2013-12-04,0.0,-2.2,9.6,84.0,1024.2,3.8,291.0,6.0
2013-12-05,0.0,-1.9,10.9,79.0,1021.1,4.2,335.0,38.0
2013-12-06,0.0,-1.3,8.1,86.0,1012.6,4.4,331.0,21.0
2013-12-07,0.0,-0.7,9.9,82.0,1021.1,4.8,345.0,16.0
2013-12-08,0.0,-2.3,8.6,86.0,1027.7,3.0,318.0,11.0
2013-12-09,0.0,-1.9,7.8,88.0,1029.3,3.7,273.0,85.0
2013-12-10,0.0,-0.3,9.8,79.0,1033.3,3.8,346.0,25.0
2013-12-11,0.0,-0.7,9.8,87.0,1035.4,3.9,303.0,3.0
2013-12-12,0.0,-1.3,9.0,89.0,1032.0,3.9,287.0,19.0
2013-12-13,0.0,-2.0,9.5,88.0,1025.9,3.6,290.0,16.0
2013-12-14,0.0,-1.9,7.8,87.0,1026.3,4.0,8.0,32.0
2013-12-15,0.0,-2.5,9.8,88.0,1032.3,4.8,320.0,13.0
2013-12-16,0.0,-1.8,8.8,86.0,1034.8,3.6,318.0,8.0
2013-12-17,0.0,-2.1,9.6,83.0,1032.6,3.6,303.0,15.0
2013-12-18,0.0,-2.6,6.6,83.0,1026.9,3.0,318.0,75.0
2013-12-19,0.0,-1.7,5.9,86.0,1023.1,3.6,12.0,84.0
2013-12-20,0.0,1.5,9.7,90.0,1026.5,5.4,349.0,94.0
2013-12-21,0.0,0.1,9.0,94.0,1034.8,2.6,286.0,84.0
2013-12-22,0.0,4.9,8.6,94.0,1031.9,2.8,262.0,93.0
2013-12-23,0.0,5.7,9.3,94.0,1027.0,2.5,230.0,95.0
2013-12-24,0.0,5.2,8.5,94.0,1021.4,2.4,59.0,94.0
2013-12-25,22.6,4.8,9.4,96.0,1008.5,6.7,62.0,100.0
2013-12-26,45.6,7.4,11.8,92.0,994.0,11.9,91.0,90.0
2013-12-27,0.0,1.9,11.6,90.0,1007.2,5.3,335.0,47.0
2013-12-28,0.0,0.4,9.7,88.0,1015.1,4.0,5.0,44.0
2013-12-29,4.9,4.3,10.2,93.0,1016.6,6.0,6.0,96.0
2013-12-30,1.3,0.9,10.2,80.0,1025.3,7.9,9.0,66.0
2013-12-31,0.0,-2.3,9.3,74.0,1022.7,5.2,331.0,31.0
2014-01-01,0.0,-2.7,8.2,75.0,1020.0,4.2,290.0,24.0
2014-01-02,1.7,-1.1,6.1,90.0,1017.9,3.2,358.0,99.0
2014-01-03,0.0,1.9,7.9,92.0,1020.0,3.4,298.0,94.0
2014-01-04,28.6,3.4,7.0,93.0,1016.6,7.4,17.0,100.0
2014-01-05,30.8,5.9,8.9,90.0,1006.4,8.2,14.0,100.0
2014-01-06,0.0,1.5,13.1,83.0,1018.7,3.2,329.0,58.0
2014-01-07,0.0,0.5,10.5,88.0,1023.9,3.0,297.0,73.0
2014-01-08,0.0,0.6,10.7,90.0,1026.4,3.2,323.0,94.0
2014-01-09,0.0,1.5,10.5,91.0,1022.8,3.3,250.0,96.0
2014-01-10,0.0,2.3,9.4,93.0,1019.1,4.1,7.0,69.0
2014-01-11,0.0,4.1,10.5,91.0,1022.0,3.7,305.0,94.0
2014-01-12,0.0,1.8,10.0,92.0,1022.8,4.0,338.0,62.0
2014-01-13,0.0,2.7,8.5,90.0,1020.4,2.8,356.0,82.0
2014-01-14,26.2,3.6,7.6,94.0,1008.3,8.2,17.0,96.0
2014-01-15,0.0,-1.9,9.9,89.0,1010.9,4.4,285.0,25.0
2014-01-16,0.6,-1.2,7.6,88.0,1015.6,2.8,328.0,94.0
2014-01-17,26.2,3.9,7.0,93.0,1011.0,7.1,18.0,100.0
2014-01-18,19.6,3.5,8.5,95.0,1009.7,5.6,17.0,98.0
2014-01-19,20.5,7.7,11.1,94.0,1004.0,9.4,24.0,100.0
2014-01-20,3.6,6.0,11.5,91.0,1000.9,4.0,10.0,98.0
2014-01-21,0.2,3.9,14.0,85.0,1003.3,4.7,293.0,80.0
2014-01-22,0.0,1.3,11.5,88.0,1010.5,4.3,318.0,42.0
2014-01-23,1.1,0.9,10.6,89.0,1014.9,3.1,1.0,79.0
2014-01-24,5.4,3.4,8.3,91.0,1008.7,4.7,357.0,98.0
2014-01-25,0.0,-2.4,9.3,75.0,1009.9,5.0,312.0,17.0
2014-01-26,0.2,-1.3,9.1,79.0,1009.1,4.3,21.0,38.0
2014-01-27,3.2,-0.1,7.2,87.0,1002.6,9.8,36.0,92.0
2014-01-28,10.5,0.7,7.4,83.0,1000.0,6.9,10.0,89.0
2014-01-29,1.5,-2.5,6.8,83.0,1004.7,6.4,32.0,58.0
2014-01-30,25.4,2.1,5.2,90.0,1009.6,14.3,35.0,100.0
2014-01-31,30.5,5.0,8.9,91.0,1010.6,10.7,26.0,100.0
2014-02-01,10.0,6.9,10.1,91.0,1010.7,9.5,35.0,100.0
2014-02-02,23.6,7.3,9.2,92.0,1009.2,11.5,42.0,100.0
2014-02-03,37.3,6.6,8.2,89.0,1013.9,14.5,48.0,100.0
2014-02-04,22.8,5.4,7.4,90.0,1015.9,10.2,38.0,100.0
2014-02-05,1.7,5.4,8.7,91.0,1012.7,4.8,43.0,100.0
2014-02-06,5.1,3.5,12.3,82.0,1012.4,7.3,344.0,56.0
2014-02-07,9.6,3.1,9.4,89.0,1012.8,6.2,15.0,72.0
2014-02-08,2.4,2.8,10.6,87.0,1008.3,5.6,255.0,82.0
2014-02-09,14.2,3.0,10.7,85.0,1002.2,9.4,292.0,68.0
2014-02-10,23.0,0.9,6.0,91.0,1005.7,11.5,31.0,92.0
2014-02-11,3.6,3.1,10.9,88.0,1005.2,3.8,0.0,88.0
2014-02-12,0.0,1.1,13.9,80.0,1007.0,5.6,323.0,29.0
2014-02-13,4.0,0.3,10.1,89.0,1009.8,4.3,16.0,83.0
2014-02-14,0.1,-0.1,12.8,82.0,1010.0,5.2,11.0,26.0
2014-02-15,0.0,1.7,10.6,85.0,1015.8,4.6,6.0,93.0
2014-02-16,0.0,5.3,12.2,86.0,1014.4,2.7,330.0,86.0
2014-02-17,15.7,5.4,10.3,90.0,1013.5,5.1,42.0,80.0
2014-02-18,0.3,1.7,12.9,84.0,1020.5,6.5,24.0,76.0
2014-02-19,19.7,8.2,11.3,92.0,1013.8,8.9,29.0,100.0
2014-02-20,2.4,5.8,10.6,81.0,1014.2,8.5,40.0,95.0
2014-02-21,0.6,2.6,14.4,81.0,1012.0,5.1,233.0,61.0
2014-02-22,21.4,3.6,9.6,87.0,1013.3,5.1,21.0,79.0
2014-02-23,0.0,-2.0,12.6,76.0,1021.4,3.3,324.0,12.0
2014-02-24,0.0,-1.2,13.5,73.0,1022.0,4.9,304.0,6.0
2014-02-25,0.0,-1.1,13.1,76.0,1019.4,4.8,251.0,34.0
2014-02-26,4.4,1.1,11.3,88.0,1019.6,6.0,51.0,86.0
2014-02-27,7.0,2.4,11.4,88.0,1019.6,4.5,355.0,72.0
2014-02-28,3.4,2.8,10.9,85.0,1011.1,4.7,50.0,82.0
2014-03-01,29.0,5.6,8.3,90.0,1001.0,17.6,46.0,100.0
2014-03-02,20.2,4.0,10.8,85.0,999.5,11.3,29.0,81.0
2014-03-03,0.4,1.9,11.9,82.0,998.2,5.2,51.0,71.0
2014-03-04,1.0,5.0,11.7,75.0,996.5,12.9,51.0,99.0
2014-03-05,0.0,1.1,14.1,74.0,1008.9,4.6,336.0,75.0
2014-03-06,0.0,1.5,16.1,64.0,1018.5,6.8,354.0,8.0
2014-03-07,0.0,1.1,16.5,71.0,1022.3,4.6,320.0,8.0
2014-03-08,0.0,4.8,15.5,75.0,1026.8,5.8,38.0,16.0
2014-03-09,0.0,1.0,16.7,74.0,1029.1,4.3,355.0,1.0
2014-03-10,0.0,3.4,15.1,66.0,1023.7,9.5,50.0,24.0
2014-03-11,0.0,2.5,14.0,68.0,1024.0,5.6,29.0,64.0
2014-03-12,0.0,0.8,17.9,67.0,1028.7,4.8,309.0,0.0
2014-03-13,0.0,1.2,17.9,68.0,1027.4,4.2,359.0,0.0
2014-03-14,0.0,1.6,17.8,72.0,1024.7,4.3,242.0,0.0
2014-03-15,0.0,2.3,18.4,80.0,1016.6,5.7,270.0,52.0
2014-03-16,0.0,5.3,19.2,77.0,1014.4,6.2,304.0,34.0
2014-03-17,0.0,4.6,18.7,80.0,1017.0,4.0,61.0,37.0
2014-03-18,0.0,7.6,18.3,82.0,1018.0,4.5,203.0,58.0
2014-03-19,0.0,7.1,18.7,81.0,1018.7,3.7,136.0,33.0
2014-03-20,0.0,7.3,18.7,79.0,1024.9,6.0,60.0,39.0
2014-03-21,0.7,4.8,18.4,81.0,1019.7,4.6,182.0,86.0
2014-03-22,7.6,8.7,15.8,90.0,1013.2,4.0,245.0,92.0
2014-03-23,29.4,6.4,14.7,90.0,1001.6,5.2,184.0,88.0
2014-03-24,2.8,4.5,12.7,78.0,1005.3,7.6,24.0,70.0
2014-03-25,2.0,-0.4,11.2,80.0,1009.0,7.2,36.0,65.0
2014-03-26,0.4,3.1,11.9,67.0,1010.2,11.8,50.0,90.0
2014-03-27,0.0,8.0,15.1,56.0,1009.5,13.7,41.0,99.0
2014-03-28,0.0,4.8,17.7,63.0,1013.9,5.2,303.0,38.0
2014-03-29,0.0,3.7,19.1,67.0,1021.0,4.7,8.0,13.0
2014-03-30,0.0,3.8,19.6,69.0,1018.4,5.2,236.0,36.0
2014-03-31,0.0,4.5,20.6,69.0,1014.1,5.0,262.0,29.0
2014-04-01,0.0,5.1,19.3,74.0,1013.1,6.0,252.0,68.0
2014-04-02,0.0,9.3,18.9,72.0,1012.8,6.4,237.0,55.0
2014-04-03,0.0,9.1,19.0,78.0,1011.5,5.8,74.0,99.0
2014-04-04,0.9,10.8,15.5,78.0,1007.9,12.5,55.0,98.0
2014-04-05,5.7,11.0,18.3,76.0,1009.2,5.8,352.0,85.0
2014-04-06,0.0,5.9,21.9,71.0,1015.3,4.3,318.0,35.0
2014-04-07,0.0,7.0,21.7,74.0,1018.6,5.4,247.0,33.0
2014-04-08,4.2,9.7,21.1,77.0,1016.2,5.4,268.0,91.0
2014-04-09,1.6,8.7,16.8,79.0,1017.5,6.4,74.0,45.0
2014-04-10,0.0,5.7,20.0,75.0,1017.5,5.9,307.0,30.0
2014-04-11,0.0,7.7,16.0,79.0,1016.8,8.1,83.0,61.0
2014-04-12,0.1,10.1,17.1,78.0,1016.6,4.8,85.0,83.0
2014-04-13,0.4,10.4,17.8,80.0,1016.8,3.5,108.0,73.0
2014-04-14,0.1,7.3,20.9,76.0,1012.9,9.3,253.0,53.0
2014-04-15,9.8,7.7,15.4,71.0,1013.4,6.3,61.0,39.0
2014-04-16,0.2,2.7,16.2,46.0,1020.1,5.6,0.0,19.0
2014-04-17,0.0,5.0,17.3,44.0,1018.1,5.9,284.0,3.0
2014-04-18,0.1,5.0,17.6,59.0,1009.3,3.9,33.0,93.0
2014-04-19,4.3,9.2,17.2,70.0,1006.2,13.0,41.0,73.0
2014-04-20,2.9,5.7,17.0,78.0,1006.6,6.6,66.0,46.0
2014-04-21,12.2,10.5,14.0,89.0,1007.1,10.2,32.0,99.0
2014-04-22,2.0,5.4,19.5,80.0,1012.0,4.6,253.0,43.0
2014-04-23,0.8,7.4,21.7,75.0,1015.7,4.9,18.0,66.0
2014-04-24,0.5,8.5,23.8,66.0,1013.8,5.4,292.0,25.0
2014-04-25,0.2,9.5,22.8,68.0,1010.1,4.1,132.0,63.0
2014-04-26,5.9,11.9,21.9,76.0,1008.9,4.2,59.0,70.0
2014-04-27,22.7,13.0,16.6,90.0,1005.3,7.7,56.0,95.0
2014-04-28,19.5,12.1,15.8,88.0,1004.5,7.7,34.0,97.0
2014-04-29,10.6,11.8,20.5,74.0,1007.0,5.3,2.0,80.0
2014-04-30,18.3,10.3,15.8,87.0,1008.1,6.6,49.0,96.0
2014-05-01,0.8,6.0,21.3,74.0,1009.0,4.1,292.0,64.0
2014-05-02,12.9,9.3,17.4,87.0,1008.7,7.2,38.0,95.0
2014-05-03,4.2,8.2,19.8,79.0,1007.7,5.8,30.0,89.0
2014-05-04,0.0,7.1,19.6,67.0,1010.5,5.0,323.0,40.0
2014-05-05,0.5,10.3,18.6,72.0,1016.8,6.0,158.0,58.0
2014-05-06,0.0,8.4,20.8,71.0,1018.2,5.3,182.0,52.0
2014-05-07,2.6,11.8,19.6,78.0,1016.0,5.1,217.0,91.0
2014-05-08,2.3,8.9,20.5,77.0,1017.7,6.1,230.0,49.0
2014-05-09,0.0,11.3,22.4,71.0,1016.0,4.7,208.0,54.0
2014-05-10,0.4,11.1,23.2,76.0,1013.7,5.1,105.0,62.0
2014-05-11,1.9,13.9,22.1,79.0,1007.6,8.1,246.0,65.0
2014-05-12,0.8,8.9,19.2,72.0,1011.8,6.2,57.0,58.0
2014-05-13,4.0,10.3,17.4,69.0,1012.2,7.2,49.0,62.0
2014-05-14,1.6,6.1,20.9,61.0,1015.6,8.4,303.0,55.0
2014-05-15,0.0,5.8,21.4,46.0,1017.3,8.0,339.0,42.0
2014-05-16,0.0,10.2,20.8,48.0,1013.6,9.7,337.0,88.0
2014-05-17,0.0,7.0,21.0,58.0,1014.5,5.4,242.0,28.0
2014-05-18,0.1,9.1,21.6,73.0,1014.7,5.7,111.0,38.0
2014-05-19,2.0,10.4,20.3,81.0,1015.9,6.0,56.0,70.0
2014-05-20,0.0,10.8,21.9,75.0,1017.6,5.1,227.0,50.0
2014-05-21,0.0,11.6,24.3,72.0,1018.1,5.2,165.0,38.0
2014-05-22,0.0,13.1,24.9,73.0,1015.9,6.3,91.0,33.0
2014-05-23,5.0,15.6,22.5,78.0,1012.8,5.3,67.0,75.0
2014-05-24,0.0,10.4,23.7,67.0,1014.1,7.2,251.0,6.0
2014-05-25,0.0,10.6,24.6,57.0,1016.3,5.9,73.0,35.0
2014-05-26,7.6,13.3,21.8,75.0,1013.8,3.8,97.0,72.0
2014-05-27,0.2,12.3,21.2,73.0,1010.4,8.2,252.0,61.0
2014-05-28,2.6,11.7,22.3,75.0,1009.5,4.5,235.0,54.0
2014-05-29,4.9,11.4,22.6,79.0,1010.5,3.9,309.0,80.0
2014-05-30,15.6,11.2,21.8,84.0,1011.9,4.1,331.0,89.0
2014-05-31,8.7,13.1,20.3,69.0,1016.5,7.0,55.0,46.0
2014-06-01,0.2,9.2,22.3,65.0,1016.5,4.3,37.0,36.0
2014-06-02,1.0,10.0,23.1,66.0,1016.0,4.6,67.0,37.0
2014-06-03,1.4,10.8,23.3,74.0,1013.7,4.9,15.0,48.0
2014-06-04,2.0,11.8,22.9,77.0,1011.1,5.1,207.0,75.0
2014-06-05,0.6,14.2,23.2,77.0,1012.9,4.0,170.0,71.0
2014-06-06,0.2,13.8,25.3,74.0,1017.9,5.5,102.0,40.0
2014-06-07,0.0,15.4,28.6,68.0,1017.7,3.7,170.0,15.0
2014-06-08,0.0,15.6,30.8,65.0,1018.9,3.9,147.0,16.0
2014-06-09,0.0,17.3,31.1,65.0,1018.8,5.1,70.0,7.0
2014-06-10,0.0,16.2,32.1,59.0,1017.8,4.3,238.0,2.0
2014-06-11,0.0,16.7,32.9,59.0,1017.9,4.1,345.0,21.0
2014-06-12,0.3,18.5,33.2,59.0,1018.2,5.9,25.0,58.0
2014-06-13,2.4,19.1,29.8,66.0,1014.2,3.8,38.0,50.0
2014-06-14,17.0,18.0,25.4,76.0,1010.8,7.3,53.0,86.0
2014-06-15,3.7,17.5,24.0,61.0,1013.5,11.8,54.0,98.0
2014-06-16,0.0,16.4,22.7,59.0,1014.2,9.2,63.0,87.0
2014-06-17,0.0,13.2,23.8,59.0,1013.8,7.8,51.0,23.0
2014-06-18,0.0,12.5,24.3,58.0,1014.9,8.2,47.0,39.0
2014-06-19,0.3,12.8,26.0,63.0,1014.0,5.0,295.0,38.0
2014-06-20,0.0,13.8,27.8,64.0,1010.7,4.2,300.0,52.0
2014-06-21,2.0,17.5,24.0,69.0,1014.8,8.1,67.0,63.0
2014-06-22,2.4,17.8,26.0,73.0,1017.0,5.1,120.0,66.0
2014-06-23,0.4,19.1,28.7,74.0,1017.5,5.9,255.0,83.0
2014-06-24,4.3,19.1,28.0,75.0,1012.4,4.9,91.0,76.0
2014-06-25,21.1,17.2,21.1,88.0,1008.1,5.4,80.0,89.0
2014-06-26,0.8,15.3,23.5,80.0,1011.2,7.3,64.0,59.0
2014-06-27,2.1,15.6,25.5,72.0,1015.3,4.6,96.0,69.0
2014-06-28,0.7,18.4,25.6,73.0,1016.0,5.4,269.0,38.0
2014-06-29,11.5,16.9,27.6,71.0,1010.3,4.2,349.0,78.0
2014-06-30,11.8,15.0,24.7,68.0,1009.5,6.4,21.0,48.0
2014-07-01,1.5,14.9,23.3,77.0,1017.0,9.0,64.0,56.0
2014-07-02,1.1,15.8,24.9,74.0,1018.3,5.8,54.0,56.0
2014-07-03,0.0,15.3,26.0,65.0,1023.3,6.9,68.0,11.0
2014-07-04,0.8,13.9,25.6,65.0,1019.6,5.0,34.0,65.0
2014-07-05,1.1,16.2,27.3,70.0,1012.1,4.6,251.0,42.0
2014-07-06,0.5,17.4,28.1,72.0,1013.7,5.0,90.0,29.0
2014-07-07,19.1,19.6,28.2,79.0,1014.0,4.8,28.0,63.0
2014-07-08,32.0,18.0,23.6,87.0,1008.1,6.5,288.0,79.0
2014-07-09,10.9,15.6,23.7,76.0,1005.8,5.9,22.0,65.0
2014-07-10,14.7,15.3,21.0,73.0,1006.1,6.6,41.0,85.0
2014-07-11,1.6,12.9,24.6,75.0,1007.5,3.8,239.0,47.0
2014-07-12,16.6,14.8,24.5,86.0,1009.8,5.1,51.0,66.0
2014-07-13,5.5,17.2,23.5,79.0,1011.8,4.3,84.0,73.0
2014-07-14,4.0,16.4,24.2,83.0,1012.9,4.1,62.0,95.0
2014-07-15,0.0,15.0,28.2,68.0,1016.6,3.8,306.0,16.0
2014-07-16,0.3,16.5,29.5,66.0,1017.6,3.8,333.0,30.0
2014-07-17,0.2,17.5,29.5,68.0,1017.9,4.1,327.0,40.0
2014-07-18,0.0,17.7,29.4,71.0,1017.4,4.1,46.0,13.0
2014-07-19,0.0,18.3,30.6,70.0,1016.1,4.8,207.0,31.0
2014-07-20,0.0,20.1,31.1,72.0,1013.4,4.6,279.0,74.0
2014-07-21,37.1,18.2,25.5,87.0,1008.6,6.9,50.0,88.0
2014-07-22,0.0,15.4,25.3,80.0,1008.4,4.5,309.0,86.0
2014-07-23,3.1,19.6,27.4,76.0,1010.2,3.8,295.0,79.0
2014-07-24,5.3,19.2,22.7,82.0,1011.2,2.6,317.0,97.0
2014-07-25,0.9,14.9,26.3,79.0,1012.5,3.9,40.0,66.0
2014-07-26,38.8,18.1,20.7,90.0,1011.8,8.2,32.0,100.0
2014-07-27,4.7,17.2,25.1,80.0,1011.6,4.2,350.0,74.0
2014-07-28,5.1,16.6,27.5,81.0,1010.3,5.2,247.0,63.0
2014-07-29,25.9,18.3,24.6,89.0,1007.7,6.8,43.0,96.0
2014-07-30,51.1,18.1,23.4,86.0,1004.5,8.6,7.0,95.0
2014-07-31,0.7,17.4,25.0,85.0,1008.5,4.7,166.0,91.0
2014-08-01,6.2,17.7,26.9,85.0,1009.9,4.5,131.0,62.0
2014-08-02,7.5,17.9,26.7,82.0,1010.2,4.1,13.0,65.0
2014-08-03,13.4,17.4,24.5,86.0,1011.8,4.3,287.0,58.0
2014-08-04,0.8,14.9,26.8,80.0,1013.5,3.2,294.0,37.0
2014-08-05,1.7,17.1,25.9,75.0,1013.5,3.5,16.0,50.0
2014-08-06,0.0,15.1,27.8,71.0,1013.2,4.6,260.0,42.0
2014-08-07,2.2,17.3,27.3,74.0,1013.0,4.1,2.0,54.0
2014-08-08,2.1,16.8,27.2,80.0,1013.9,5.1,69.0,51.0
2014-08-09,2.6,19.2,26.1,82.0,1014.0,4.5,254.0,77.0
2014-08-10,0.0,18.2,28.4,80.0,1014.6,4.9,96.0,73.0
2014-08-11,0.3,19.6,28.6,79.0,1011.8,5.5,211.0,77.0
2014-08-12,11.6,20.8,27.3,83.0,1010.8,5.0,46.0,61.0
2014-08-13,18.1,19.9,25.1,87.0,1007.4,6.3,21.0,75.0
2014-08-14,3.8,16.9,23.6,86.0,1007.9,5.8,23.0,35.0
2014-08-15,1.1,15.5,23.0,75.0,1012.2,4.9,43.0,45.0
2014-08-16,1.4,14.0,23.0,73.0,1015.5,5.5,2.0,35.0
2014-08-17,0.0,12.0,22.8,73.0,1016.9,5.1,244.0,37.0
2014-08-18,0.0,14.2,24.2,73.0,1013.1,5.2,260.0,21.0
2014-08-19,6.4,15.0,22.3,84.0,1012.6,4.5,27.0,84.0
2014-08-20,4.8,15.2,23.3,86.0,1013.1,2.8,70.0,58.0
2014-08-21,9.3,16.8,22.1,83.0,1012.9,5.5,65.0,60.0
2014-08-22,1.7,15.9,23.2,81.0,1014.3,5.4,38.0,61.0
2014-08-23,15.4,16.8,21.2,88.0,1012.8,5.2,28.0,82.0
2014-08-24,2.5,13.0,22.0,83.0,1014.0,4.9,44.0,69.0
2014-08-25,0.1,16.1,20.8,70.0,1017.0,8.3,52.0,80.0
2014-08-26,5.2,16.1,21.7,82.0,1011.7,4.5,243.0,90.0
2014-08-27,5.5,16.3,26.3,83.0,1009.4,4.4,285.0,40.0
2014-08-28,1.2,18.3,23.7,71.0,1016.2,9.6,57.0,42.0
2014-08-29,0.0,13.6,26.0,73.0,1017.1,4.0,18.0,30.0
2014-08-30,0.7,15.3,26.6,74.0,1015.6,3.8,23.0,57.0
2014-08-31,11.9,16.8,24.8,78.0,1012.1,4.5,17.0,85.0
2014-09-01,4.1,15.8,22.3,79.0,1007.9,4.0,3.0,80.0
2014-09-02,0.0,13.5,23.4,68.0,1011.2,6.3,23.0,50.0
2014-09-03,9.2,15.6,24.8,76.0,1013.0,5.8,333.0,78.0
2014-09-04,1.9,16.7,24.0,79.0,1013.8,5.0,6.0,93.0
2014-09-05,1.0,16.2,25.9,75.0,1013.3,6.3,10.0,48.0
2014-09-06,1.1,14.4,26.1,74.0,1011.6,5.1,10.0,53.0
2014-09-07,2.0,15.7,24.7,84.0,1013.4,3.1,5.0,58.0
2014-09-08,0.0,15.5,25.6,80.0,1015.6,3.6,53.0,52.0
2014-09-09,4.5,16.2,25.7,82.0,1015.2,4.3,55.0,57.0
2014-09-10,8.5,17.1,24.0,83.0,1012.3,4.7,52.0,65.0
2014-09-11,4.0,14.9,21.5,77.0,1010.1,6.2,36.0,67.0
2014-09-12,1.9,11.2,19.9,82.0,1011.5,5.0,10.0,67.0
2014-09-13,0.0,11.2,22.1,81.0,1014.4,4.6,197.0,50.0
2014-09-14,0.2,12.4,23.0,83.0,1015.4,4.0,81.0,45.0
2014-09-15,4.0,14.8,22.8,84.0,1015.3,4.1,69.0,55.0
2014-09-16,2.5,15.3,23.0,82.0,1015.7,5.3,48.0,73.0
2014-09-17,0.0,14.7,22.7,76.0,1016.3,7.3,55.0,38.0
2014-09-18,0.0,13.9,22.1,77.0,1017.1,5.6,64.0,63.0
2014-09-19,0.7,15.2,22.3,85.0,1018.6,4.6,50.0,82.0
2014-09-20,1.1,16.3,23.9,84.0,1016.5,4.5,269.0,78.0
2014-09-21,0.8,13.9,24.3,83.0,1013.7,4.6,256.0,35.0
2014-09-22,5.5,14.9,23.3,83.0,1009.3,6.3,16.0,35.0
2014-09-23,0.0,11.7,20.5,71.0,1016.2,5.3,116.0,42.0
2014-09-24,0.0,9.7,19.8,70.0,1017.2,4.2,358.0,51.0
2014-09-25,0.0,11.1,19.9,75.0,1016.2,4.4,54.0,39.0
2014-09-26,0.0,11.3,22.0,77.0,1021.3,5.3,266.0,27.0
2014-09-27,0.0,11.2,22.5,83.0,1024.6,4.1,67.0,7.0
2014-09-28,0.0,14.0,22.7,80.0,1027.7,4.8,58.0,27.0
2014-09-29,0.0,11.6,23.3,80.0,1027.2,4.7,208.0,38.0
2014-09-30,0.0,14.3,23.1,80.0,1025.5,3.5,197.0,48.0
2014-10-01,5.5,13.4,18.9,92.0,1023.7,3.9,27.0,88.0
2014-10-02,0.0,11.3,23.2,80.0,1024.1,5.0,357.0,30.0
2014-10-03,0.0,12.8,21.1,79.0,1023.0,4.4,33.0,41.0
2014-10-04,0.0,11.5,20.6,74.0,1018.9,6.3,44.0,24.0
2014-10-05,0.0,11.9,20.4,77.0,1016.9,5.4,47.0,47.0
2014-10-06,0.0,11.9,20.0,75.0,1015.6,5.4,39.0,63.0
2014-10-07,0.0,10.9,19.1,81.0,1016.7,4.3,41.0,78.0
2014-10-08,1.4,14.8,21.5,86.0,1018.1,4.3,20.0,79.0
2014-10-09,0.0,13.6,22.2,88.0,1017.5,3.7,272.0,68.0
2014-10-10,1.5,15.7,22.5,88.0,1017.9,4.0,40.0,66.0
2014-10-11,3.3,16.1,21.1,93.0,1016.4,4.5,65.0,98.0
2014-10-12,0.2,15.8,22.3,87.0,1016.3,3.5,33.0,69.0
2014-10-13,44.6,14.9,20.6,94.0,1013.2,7.2,31.0,99.0
2014-10-14,0.2,14.0,21.2,87.0,1011.7,3.9,4.0,82.0
2014-10-15,0.2,13.7,20.9,85.0,1009.1,4.4,289.0,88.0
2014-10-16,0.0,12.6,21.6,86.0,1011.4,5.8,251.0,75.0
2014-10-17,0.0,15.4,23.6,82.0,1013.3,6.9,247.0,46.0
2014-10-18,0.0,15.8,21.7,86.0,1022.3,5.4,54.0,48.0
2014-10-19,0.0,14.2,23.1,86.0,1024.6,4.2,257.0,54.0
2014-10-20,0.0,13.4,22.3,88.0,1020.9,4.4,257.0,80.0
2014-10-21,0.0,14.5,22.2,88.0,1010.9,5.1,236.0,70.0
2014-10-22,0.2,8.8,17.3,51.0,1006.1,7.4,303.0,39.0
2014-10-23,0.2,5.8,17.1,62.0,1008.8,7.1,300.0,53.0
2014-10-24,0.0,5.8,18.8,68.0,1013.3,6.1,355.0,17.0
2014-10-25,0.0,10.7,15.6,81.0,1020.6,4.7,65.0,86.0
2014-10-26,0.0,8.0,15.4,74.0,1024.9,6.4,46.0,28.0
2014-10-27,0.0,7.8,14.2,76.0,1026.7,6.5,43.0,25.0
2014-10-28,0.0,5.3,13.4,74.0,1023.5,5.9,31.0,3.0
2014-10-29,0.0,3.4,13.8,78.0,1020.1,4.0,17.0,12.0
2014-10-30,0.0,3.2,15.8,82.0,1023.3,4.1,313.0,8.0
2014-10-31,0.0,4.1,16.6,83.0,1025.8,3.5,331.0,26.0
2014-11-01,0.0,5.1,17.9,84.0,1024.5,3.9,308.0,55.0
2014-11-02,0.0,4.2,18.4,85.0,1021.4,3.8,291.0,17.0
2014-11-03,0.0,6.5,15.2,92.0,1018.5,4.1,19.0,62.0
2014-11-04,4.8,9.2,16.2,92.0,1010.1,7.1,62.0,75.0
2014-11-05,42.5,12.9,15.0,94.0,1003.5,8.8,75.0,100.0
2014-11-06,15.6,12.3,14.9,95.0,1007.6,6.1,56.0,100.0
2014-11-07,6.0,12.2,16.4,90.0,1009.1,5.8,8.0,95.0
2014-11-08,2.1,9.0,16.9,92.0,1011.4,3.6,1.0,96.0
2014-11-09,4.9,12.1,15.1,91.0,1013.5,7.1,37.0,100.0
2014-11-10,22.6,11.7,14.7,94.0,1015.7,8.1,39.0,100.0
2014-11-11,8.0,12.7,15.9,94.0,1014.1,8.6,25.0,99.0
2014-11-12,11.0,12.9,14.7,96.0,1006.4,12.1,36.0,100.0
2014-11-13,7.2,11.8,16.5,88.0,1007.9,5.7,8.0,82.0
2014-11-14,0.0,10.2,16.2,88.0,1013.6,3.7,27.0,51.0
2014-11-15,30.8,9.9,14.2,91.0,1009.4,10.6,59.0,95.0
2014-11-16,10.1,8.5,14.7,91.0,1004.9,4.3,76.0,52.0
2014-11-17,24.7,7.3,11.8,91.0,1007.1,9.0,31.0,95.0
2014-11-18,12.4,6.2,12.4,85.0,1005.6,7.4,277.0,78.0
2014-11-19,0.0,3.8,13.8,86.0,1015.4,5.3,302.0,31.0
2014-11-20,0.0,3.0,12.7,87.0,1024.0,3.3,329.0,34.0
2014-11-21,0.0,3.9,11.9,89.0,1024.0,3.7,2.0,81.0
2014-11-22,0.0,3.2,13.4,88.0,1024.5,3.4,345.0,56.0
2014-11-23,0.0,3.9,12.8,89.0,1026.5,3.1,337.0,61.0
2014-11-24,0.0,3.5,13.1,89.0,1024.1,3.2,340.0,72.0
2014-11-25,0.0,4.7,13.3,87.0,1021.5,4.8,35.0,42.0
2014-11-26,1.4,8.1,9.1,83.0,1019.0,7.3,47.0,100.0
2014-11-27,2.2,7.8,9.2,84.0,1015.6,5.1,38.0,99.0
2014-11-28,2.7,7.6,12.1,88.0,1014.8,6.6,28.0,100.0
2014-11-29,0.0,9.7,15.5,86.0,1014.7,5.6,26.0,79.0
2014-11-30,4.7,9.4,13.9,88.0,1012.8,7.2,26.0,99.0
2014-12-01,39.3,10.5,12.9,92.0,1004.0,13.3,42.0,100.0
2014-12-02,0.6,9.4,12.1,86.0,1005.5,8.0,51.0,99.0
2014-12-03,10.6,7.4,11.1,83.0,1011.0,10.4,50.0,94.0
2014-12-04,18.4,8.2,9.1,89.0,1014.6,9.5,42.0,100.0
2014-12-05,3.2,6.0,11.7,88.0,1015.5,4.7,23.0,83.0
2014-12-06,3.4,7.0,11.7,89.0,1014.3,5.9,37.0,88.0
2014-12-07,3.0,6.6,11.2,87.0,1015.6,4.7,6.0,88.0
2014-12-08,1.0,2.0,10.8,92.0,1015.7,3.6,21.0,73.0
2014-12-09,4.3,2.0,10.6,80.0,1017.8,6.9,29.0,49.0
2014-12-10,0.0,-1.4,9.1,74.0,1022.2,4.8,333.0,29.0
2014-12-11,0.0,-1.2,9.4,78.0,1018.6,4.4,307.0,19.0
2014-12-12,0.0,-2.2,8.9,80.0,1019.7,3.7,309.0,29.0
2014-12-13,0.0,4.1,8.2,85.0,1020.9,3.0,333.0,98.0
2014-12-14,0.0,4.9,10.8,89.0,1022.4,2.4,311.0,98.0
2014-12-15,0.2,6.5,11.2,90.0,1021.6,2.9,19.0,87.0
2014-12-16,16.2,6.5,9.8,93.0,1013.6,7.7,30.0,99.0
2014-12-17,1.0,1.6,12.4,88.0,1012.0,3.0,337.0,75.0
2014-12-18,0.0,2.0,10.7,91.0,1018.5,4.1,307.0,49.0
2014-12-19,0.0,4.6,10.4,90.0,1022.3,3.4,278.0,54.0
2014-12-20,0.0,2.9,9.8,92.0,1021.9,3.4,305.0,32.0
2014-12-21,0.0,0.9,11.5,84.0,1026.8,3.2,324.0,44.0
2014-12-22,0.0,-0.5,7.7,87.0,1029.6,3.0,274.0,45.0
2014-12-23,0.0,1.3,8.4,88.0,1028.1,2.9,264.0,43.0
2014-12-24,0.0,1.4,7.3,92.0,1026.6,3.7,264.0,91.0
2014-12-25,0.0,1.0,8.4,89.0,1022.5,2.9,353.0,58.0
2014-12-26,0.0,-1.3,8.6,87.0,1022.3,4.6,307.0,20.0
2014-12-27,13.6,-2.9,2.5,93.0,1012.6,7.7,26.0,83.0
2014-12-28,0.5,-3.6,5.6,85.0,1003.0,4.9,315.0,89.0
2014-12-29,0.0,-5.1,3.9,66.0,1021.5,7.8,305.0,22.0
2014-12-30,0.0,-0.5,2.7,67.0,1028.8,3.9,31.0,40.0
2014-12-31,0.5,-2.4,-0.3,83.0,1030.9,5.2,60.0,64.0
2015-01-01,0.0,-1.9,4.6,78.0,1034.3,4.1,258.0,7.0
2015-01-02,0.0,-0.4,7.1,82.0,1030.8,3.7,268.0,62.0
2015-01-03,0.0,1.3,9.8,76.0,1024.7,4.4,335.0,68.0
2015-01-04,0.0,-1.4,9.8,83.0,1020.3,6.4,327.0,12.0
2015-01-05,0.0,-3.0,9.6,64.0,1027.5,6.5,295.0,0.0
2015-01-06,0.0,-2.6,9.3,78.0,1024.3,6.7,16.0,19.0
2015-01-07,0.0,-0.3,8.6,88.0,1029.3,5.3,8.0,77.0
2015-01-08,0.0,-0.6,8.6,89.0,1032.4,4.0,312.0,57.0
2015-01-09,0.0,-0.7,7.2,88.0,1029.8,4.0,275.0,71.0
2015-01-10,0.0,-0.2,7.9,90.0,1019.4,3.4,48.0,76.0
2015-01-11,0.0,-0.5,8.3,91.0,1015.0,3.7,346.0,45.0
2015-01-12,0.0,-2.9,10.6,71.0,1026.5,5.8,299.0,14.0
2015-01-13,0.0,-1.9,7.8,78.0,1027.1,3.7,298.0,38.0
2015-01-14,0.0,-0.4,9.0,91.0,1020.6,4.1,271.0,44.0
2015-01-15,0.0,-0.7,7.5,91.0,1020.8,3.7,8.0,77.0
2015-01-16,2.3,1.9,9.5,93.0,1017.6,6.7,36.0,81.0
2015-01-17,14.3,3.7,10.8,96.0,1012.4,5.5,2.0,89.0
2015-01-18,1.0,0.4,9.7,90.0,1016.1,3.7,350.0,41.0
2015-01-19,0.0,-2.2,8.2,88.0,1013.7,4.7,315.0,58.0
2015-01-20,0.0,1.0,8.3,84.0,1011.7,5.5,4.0,67.0
2015-01-21,7.1,0.9,7.5,86.0,1011.5,6.7,15.0,83.0
2015-01-22,8.7,4.4,8.8,90.0,1011.7,9.1,25.0,99.0
2015-01-23,0.0,0.7,12.5,82.0,1009.1,4.9,325.0,75.0
2015-01-24,0.0,2.1,11.3,66.0,1010.9,6.2,332.0,44.0
2015-01-25,0.0,-1.5,9.7,67.0,1015.9,5.8,359.0,71.0
2015-01-26,0.0,-3.1,8.1,59.0,1022.8,4.9,329.0,31.0
2015-01-27,0.0,-1.5,7.5,66.0,1017.1,3.8,334.0,54.0
2015-01-28,0.0,-3.0,8.4,68.0,1016.3,5.7,290.0,32.0
2015-01-29,0.0,-0.5,3.8,77.0,1002.4,5.2,42.0,98.0
2015-01-30,5.2,-1.6,6.1,80.0,979.1,7.8,313.0,91.0
2015-01-31,0.0,-2.4,7.1,72.0,985.5,7.5,37.0,63.0
2015-02-01,0.1,0.3,8.3,72.0,990.1,5.6,2.0,72.0
2015-02-02,0.1,-2.2,7.4,81.0,999.5,4.7,344.0,59.0
2015-02-03,1.4,-2.3,5.0,83.0,1002.9,10.6,38.0,93.0
2015-02-04,0.0,0.3,8.4,67.0,1003.1,9.8,45.0,100.0
2015-02-05,30.0,2.3,4.4,84.0,1005.4,22.0,50.0,100.0
2015-02-06,22.4,3.5,6.2,79.0,1006.1,19.8,55.0,100.0
2015-02-07,0.6,-0.0,6.7,79.0,1019.0,6.1,46.0,72.0
2015-02-08,0.0,-2.8,8.5,78.0,1013.5,6.8,33.0,12.0
2015-02-09,0.0,-3.7,7.5,58.0,1020.9,7.2,252.0,1.0
2015-02-10,0.0,-2.7,10.8,72.0,1022.3,4.8,351.0,0.0
2015-02-11,0.0,-1.7,11.6,80.0,1024.9,4.2,311.0,0.0
2015-02-12,0.0,-0.1,10.1,85.0,1025.1,6.2,44.0,22.0
2015-02-13,0.0,1.2,8.5,87.0,1024.5,4.3,41.0,74.0
2015-02-14,5.4,3.8,7.7,92.0,1018.5,5.7,52.0,99.0
2015-02-15,11.3,4.8,9.0,94.0,1014.9,10.9,44.0,98.0
2015-02-16,0.4,4.5,12.4,72.0,1019.6,11.3,39.0,53.0
2015-02-17,0.0,1.8,12.4,68.0,1027.4,8.2,47.0,8.0
2015-02-18,0.0,1.3,9.7,72.0,1035.4,6.4,52.0,1.0
2015-02-19,0.0,-0.4,10.7,81.0,1032.6,4.8,264.0,2.0
2015-02-20,0.0,-1.0,9.5,86.0,1024.6,3.7,198.0,63.0
2015-02-21,5.0,-0.1,8.1,91.0,1011.5,7.5,47.0,95.0
2015-02-22,16.3,4.8,8.8,88.0,1002.0,10.0,20.0,93.0
2015-02-23,0.2,2.8,12.8,79.0,1004.6,4.3,271.0,69.0
2015-02-24,5.4,4.4,9.2,89.0,1003.1,7.7,28.0,94.0
2015-02-25,1.3,4.4,12.4,70.0,1010.3,7.1,335.0,100.0
2015-02-26,0.0,0.7,11.6,63.0,1016.9,4.6,15.0,82.0
2015-02-27,0.0,2.8,12.0,73.0,1012.6,5.4,313.0,66.0
2015-02-28,0.1,1.3,12.3,74.0,1016.0,4.7,31.0,53.0
2015-03-01,0.0,2.1,12.3,81.0,1016.3,6.3,248.0,73.0
2015-03-02,0.0,4.4,12.5,81.0,1011.5,4.4,269.0,72.0
2015-03-03,0.0,1.3,13.1,71.0,1019.7,7.1,55.0,32.0
2015-03-04,1.8,1.1,12.9,72.0,1020.6,7.1,37.0,68.0
2015-03-05,0.3,3.3,12.6,49.0,1020.9,12.7,37.0,49.0
2015-03-06,0.0,-2.2,12.0,51.0,1029.1,6.2,28.0,0.0
2015-03-07,0.0,0.8,11.6,61.0,1031.7,4.2,14.0,4.0
2015-03-08,0.0,-0.3,12.6,63.0,1028.1,7.0,51.0,26.0
2015-03-09,0.0,-1.0,10.6,66.0,1026.5,6.5,37.0,48.0
2015-03-10,0.0,-0.7,14.4,73.0,1024.6,4.0,297.0,21.0
2015-03-11,0.0,1.6,15.7,78.0,1019.9,5.9,296.0,28.0
2015-03-12,0.0,4.1,14.0,62.0,1021.5,6.1,296.0,3.0
2015-03-13,0.0,2.3,13.0,72.0,1019.0,5.7,83.0,29.0
2015-03-14,0.0,2.7,12.4,76.0,1020.7,5.8,74.0,83.0
2015-03-15,1.0,3.3,11.3,73.0,1025.5,11.4,59.0,88.0
2015-03-16,23.3,6.5,8.1,85.0,1027.7,16.0,41.0,100.0
2015-03-17,6.7,7.4,16.4,74.0,1026.9,12.0,41.0,98.0
2015-03-18,0.0,2.6,15.1,72.0,1024.5,5.0,58.0,31.0
2015-03-19,0.0,2.1,15.2,73.0,1022.5,4.4,118.0,12.0
2015-03-20,0.0,3.9,14.8,72.0,1023.5,6.4,69.0,15.0
2015-03-21,0.4,2.8,12.7,81.0,1019.3,5.2,72.0,70.0
2015-03-22,4.9,6.1,12.3,85.0,1016.2,9.0,42.0,75.0
2015-03-23,0.0,5.5,14.9,69.0,1016.2,6.5,54.0,28.0
2015-03-24,0.0,2.9,15.4,74.0,1013.0,7.6,67.0,44.0
2015-03-25,21.3,8.6,11.5,79.0,1004.8,16.4,43.0,100.0
2015-03-26,19.4,9.1,11.6,90.0,1004.8,10.6,40.0,99.0
2015-03-27,1.3,7.2,15.5,80.0,1008.4,5.8,1.0,64.0
2015-03-28,0.0,1.3,16.9,65.0,1015.0,6.8,245.0,10.0
2015-03-29,0.0,4.4,16.5,71.0,1012.2,4.9,91.0,60.0
2015-03-30,0.3,5.4,20.0,75.0,1003.8,8.2,270.0,53.0
2015-03-31,0.1,5.7,19.9,78.0,1006.6,7.4,246.0,36.0
2015-04-01,1.4,5.4,17.7,59.0,1009.9,7.9,340.0,17.0
2015-04-02,0.0,3.4,16.2,53.0,1013.4,8.8,251.0,12.0
2015-04-03,0.0,7.4,13.0,62.0,1016.9,8.5,105.0,59.0
2015-04-04,4.3,6.4,9.5,78.0,1012.6,8.9,63.0,99.0
2015-04-05,0.9,4.3,12.5,66.0,1011.8,12.2,55.0,87.0
2015-04-06,0.0,-1.1,12.6,56.0,1019.6,4.3,346.0,25.0
2015-04-07,0.0,-0.9,14.3,51.0,1027.4,6.8,320.0,15.0
2015-04-08,0.0,-0.2,17.3,59.0,1027.1,5.6,267.0,0.0
2015-04-09,0.0,4.8,17.6,65.0,1028.6,5.0,111.0,1.0
2015-04-10,0.0,3.9,18.8,71.0,1026.6,5.1,99.0,30.0
2015-04-11,0.0,6.1,18.8,72.0,1024.5,5.7,237.0,27.0
2015-04-12,0.0,6.4,20.4,72.0,1028.4,4.9,84.0,23.0
2015-04-13,0.0,6.4,22.9,70.0,1026.0,6.5,253.0,6.0
2015-04-14,0.0,9.0,21.0,73.0,1024.2,6.3,77.0,89.0
2015-04-15,0.0,8.0,22.6,71.0,1022.1,5.6,103.0,35.0
2015-04-16,0.0,9.8,22.0,70.0,1017.3,6.7,245.0,50.0
2015-04-17,3.0,10.9,16.7,78.0,1014.8,6.4,242.0,89.0
2015-04-18,13.9,7.9,17.1,87.0,1014.7,7.1,53.0,74.0
2015-04-19,0.0,5.9,14.2,65.0,1021.3,6.9,65.0,40.0
2015-04-20,0.0,2.5,18.5,66.0,1019.9,6.1,254.0,2.0
2015-04-21,0.0,5.1,22.3,62.0,1021.9,6.6,256.0,1.0
2015-04-22,0.0,6.2,23.8,64.0,1020.5,5.3,184.0,6.0
2015-04-23,0.0,11.5,20.2,64.0,1014.4,6.7,193.0,34.0
2015-04-24,0.0,9.7,18.9,70.0,1015.1,6.0,68.0,37.0
2015-04-25,0.0,8.5,18.8,78.0,1016.7,6.1,82.0,72.0
2015-04-26,2.1,10.2,20.4,78.0,1013.0,4.7,218.0,77.0
2015-04-27,18.7,12.1,16.9,94.0,1007.6,8.1,74.0,96.0
2015-04-28,3.6,11.7,19.8,80.0,1004.6,5.6,2.0,97.0
2015-04-29,2.4,8.0,16.6,72.0,1017.0,6.8,76.0,61.0
2015-04-30,3.5,9.5,18.6,78.0,1016.3,5.3,103.0,87.0
2015-05-01,1.9,10.6,16.5,86.0,1012.2,4.3,226.0,100.0
2015-05-02,1.2,11.4,20.5,80.0,1009.3,5.7,194.0,84.0
2015-05-03,0.2,14.0,20.5,80.0,1012.5,5.9,86.0,97.0
2015-05-04,0.0,13.2,20.7,84.0,1014.5,3.5,84.0,95.0
2015-05-05,0.0,12.6,23.1,84.0,1013.7,5.2,89.0,90.0
2015-05-06,0.7,12.8,23.6,82.0,1012.0,5.3,211.0,66.0
2015-05-07,0.4,13.0,23.4,68.0,1015.3,7.2,60.0,52.0
2015-05-08,0.9,11.8,23.4,65.0,1015.2,6.1,85.0,42.0
2015-05-09,2.7,13.0,25.0,65.0,1015.5,4.1,353.0,73.0
2015-05-10,0.0,11.7,24.7,62.0,1021.7,6.9,242.0,15.0
2015-05-11,0.0,12.7,24.7,69.0,1024.0,6.7,79.0,35.0
2015-05-12,0.0,13.3,25.2,69.0,1024.0,6.5,99.0,79.0
2015-05-13,0.0,13.3,26.3,71.0,1018.5,5.4,124.0,74.0
2015-05-14,0.2,14.9,25.1,74.0,1009.6,5.1,77.0,66.0
2015-05-15,14.2,15.2,19.1,84.0,1007.3,15.0,51.0,98.0
2015-05-16,1.2,15.2,23.6,70.0,1016.1,8.6,57.0,58.0
2015-05-17,0.0,14.3,24.9,69.0,1018.5,7.2,64.0,35.0
2015-05-18,0.0,14.3,25.0,67.0,1013.5,7.5,73.0,23.0
2015-05-19,4.1,14.3,24.2,71.0,1007.6,6.4,64.0,66.0
2015-05-20,16.8,14.3,21.3,81.0,1007.5,5.7,44.0,80.0
2015-05-21,8.1,11.7,18.2,74.0,1013.3,11.1,33.0,90.0
2015-05-22,4.9,10.8,16.3,78.0,1014.8,6.6,311.0,98.0
2015-05-23,17.0,11.6,15.4,84.0,1012.1,4.4,4.0,100.0
2015-05-24,0.0,9.5,20.9,69.0,1014.0,3.9,22.0,29.0
2015-05-25,0.6,10.1,22.9,70.0,1011.6,5.5,270.0,54.0
2015-05-26,5.3,12.1,20.9,81.0,1010.1,5.0,52.0,66.0
2015-05-27,8.3,10.9,20.2,75.0,1014.7,5.3,50.0,40.0
2015-05-28,0.0,12.1,21.8,66.0,1017.7,6.2,183.0,27.0
2015-05-29,0.0,10.7,22.8,72.0,1015.3,6.4,118.0,45.0
2015-05-30,0.1,12.8,23.1,74.0,1013.7,4.5,115.0,50.0
2015-05-31,3.7,15.0,22.8,78.0,1017.0,7.9,59.0,75.0
2015-06-01,0.0,12.0,24.7,71.0,1017.5,5.0,93.0,61.0
2015-06-02,0.1,15.7,26.2,72.0,1018.4,4.4,192.0,36.0
2015-06-03,0.0,14.7,28.9,71.0,1020.3,4.4,263.0,14.0
2015-06-04,0.2,16.0,30.3,65.0,1021.0,3.3,25.0,24.0
2015-06-05,0.4,19.2,30.2,67.0,1020.2,5.7,71.0,35.0
2015-06-06,0.5,19.3,30.8,68.0,1020.0,4.7,62.0,15.0
2015-06-07,0.2,17.6,30.2,67.0,1020.2,6.4,47.0,9.0
2015-06-08,0.3,18.8,28.9,60.0,1016.7,7.0,24.0,91.0
2015-06-09,0.0,15.7,28.6,63.0,1014.4,6.0,49.0,62.0
2015-06-10,0.0,17.6,27.5,61.0,1017.8,8.2,45.0,45.0
2015-06-11,0.2,16.0,29.6,61.0,1016.5,4.3,318.0,30.0
2015-06-12,1.4,17.2,29.6,65.0,1015.1,6.8,247.0,62.0
2015-06-13,1.7,18.1,29.7,61.0,1013.7,4.7,211.0,50.0
2015-06-14,36.8,17.5,23.0,84.0,1011.2,9.8,49.0,89.0
2015-06-15,1.5,14.6,25.6,77.0,1011.7,7.0,240.0,44.0
2015-06-16,12.2,16.7,24.5,83.0,1014.1,3.9,354.0,71.0
2015-06-17,2.8,16.7,23.4,71.0,1015.4,8.3,76.0,67.0
2015-06-18,0.0,17.0,24.4,66.0,1015.3,4.8,145.0,78.0
2015-06-19,24.9,15.1,23.4,81.0,1011.2,5.6,67.0,70.0
2015-06-20,0.4,15.7,22.1,70.0,1013.7,7.4,51.0,45.0
2015-06-21,0.5,12.8,22.5,71.0,1016.6,5.2,89.0,74.0
2015-06-22,0.0,13.9,24.6,72.0,1015.6,6.9,66.0,85.0
2015-06-23,18.6,15.0,25.2,81.0,1008.1,6.7,187.0,89.0
2015-06-24,3.0,14.0,22.5,67.0,1018.5,7.5,91.0,37.0
2015-06-25,0.0,14.1,24.2,65.0,1021.5,4.0,135.0,30.0
2015-06-26,0.0,13.7,26.0,70.0,1019.2,4.9,172.0,25.0
2015-06-27,0.6,16.9,27.2,71.0,1016.7,3.7,67.0,65.0
2015-06-28,0.2,16.0,27.5,74.0,1016.9,5.8,55.0,33.0
2015-06-29,0.0,18.4,26.7,72.0,1020.0,6.7,73.0,75.0
2015-06-30,0.0,18.7,28.2,70.0,1020.2,4.7,80.0,39.0
2015-07-01,0.0,19.0,29.5,66.0,1020.3,5.3,108.0,16.0
2015-07-02,0.0,18.3,31.1,67.0,1021.3,4.5,112.0,40.0
2015-07-03,0.1,19.2,32.0,72.0,1023.4,4.1,336.0,52.0
2015-07-04,0.3,22.1,32.8,72.0,1021.7,4.6,89.0,30.0
2015-07-05,0.6,21.4,32.1,72.0,1018.4,4.3,83.0,51.0
2015-07-06,0.6,22.4,33.2,71.0,1017.2,4.6,93.0,62.0
2015-07-07,0.3,22.2,33.9,72.0,1015.0,4.7,279.0,73.0
2015-07-08,11.2,23.0,32.4,73.0,1008.6,5.4,11.0,43.0
2015-07-09,1.1,20.7,26.2,67.0,1012.0,11.9,68.0,37.0
2015-07-10,0.0,20.2,27.6,59.0,1018.1,8.5,80.0,23.0
2015-07-11,0.0,17.8,30.9,58.0,1016.8,4.8,129.0,4.0
2015-07-12,0.0,18.3,31.5,64.0,1015.0,5.0,71.0,23.0
2015-07-13,3.4,21.5,29.1,66.0,1013.0,6.6,55.0,78.0
2015-07-14,0.0,20.9,31.8,63.0,1014.9,5.8,83.0,28.0
2015-07-15,0.6,21.7,32.4,66.0,1016.1,5.6,71.0,58.0
2015-07-16,0.9,21.8,33.4,67.0,1016.7,6.1,76.0,71.0
2015-07-17,0.0,21.8,34.8,61.0,1016.8,5.2,299.0,64.0
2015-07-18,0.0,21.2,35.2,56.0,1015.5,4.6,349.0,39.0
2015-07-19,0.0,22.5,35.4,57.0,1012.2,5.7,88.0,37.0
2015-07-20,0.2,23.8,34.2,58.0,1011.2,5.0,66.0,25.0
2015-07-21,0.0,23.1,34.8,58.0,1013.1,4.8,51.0,16.0
2015-07-22,2.1,23.0,36.0,57.0,1012.3,4.9,327.0,27.0
2015-07-23,1.5,21.2,36.2,53.0,1009.2,4.8,315.0,27.0
2015-07-24,3.7,24.4,32.2,62.0,1009.7,7.7,47.0,48.0
2015-07-25,4.6,21.5,31.4,68.0,1007.4,6.5,318.0,48.0
2015-07-26,5.1,20.9,25.5,68.0,1010.3,10.4,70.0,81.0
2015-07-27,0.0,20.1,29.5,68.0,1005.8,7.3,53.0,42.0
2015-07-28,0.0,20.9,27.8,68.0,1006.8,9.4,54.0,39.0
2015-07-29,4.3,21.5,29.5,73.0,1006.5,6.4,72.0,47.0
2015-07-30,6.4,19.7,23.6,73.0,1009.3,12.3,58.0,73.0
2015-07-31,1.0,19.7,25.0,59.0,1013.4,13.3,66.0,58.0
2015-08-01,1.5,16.4,26.9,61.0,1014.8,8.9,57.0,74.0
2015-08-02,3.9,17.9,27.5,71.0,1016.1,4.2,152.0,50.0
2015-08-03,0.0,17.4,30.8,66.0,1016.3,4.4,57.0,10.0
2015-08-04,0.0,19.4,32.5,60.0,1014.2,4.6,94.0,51.0
2015-08-05,0.0,20.7,33.1,58.0,1014.8,6.8,54.0,20.0
2015-08-06,0.0,20.2,34.8,56.0,1015.1,5.4,47.0,19.0
2015-08-07,0.0,22.6,34.5,54.0,1015.1,7.3,53.0,26.0
2015-08-08,0.7,22.8,33.7,61.0,1016.0,5.5,27.0,68.0
2015-08-09,0.0,22.3,34.4,56.0,1014.5,8.5,47.0,47.0
2015-08-10,0.0,20.9,32.6,52.0,1012.4,8.4,56.0,68.0
2015-08-11,0.0,18.6,32.2,51.0,1012.9,7.4,49.0,29.0
2015-08-12,0.0,19.8,34.3,50.0,1015.6,5.2,20.0,13.0
2015-08-13,0.0,19.2,35.2,48.0,1013.9,5.6,61.0,9.0
2015-08-14,2.9,21.6,34.1,54.0,1009.8,6.8,6.0,51.0
2015-08-15,1.9,20.0,29.5,69.0,1008.2,4.2,317.0,83.0
2015-08-16,5.7,19.3,25.1,70.0,1007.8,3.6,339.0,93.0
2015-08-17,3.9,19.4,27.5,71.0,1007.6,3.3,344.0,75.0
2015-08-18,2.8,16.8,26.9,74.0,1011.2,5.1,71.0,56.0
2015-08-19,20.9,17.6,23.4,79.0,1013.8,5.1,27.0,96.0
2015-08-20,3.6,14.9,27.5,69.0,1017.6,4.8,346.0,49.0
2015-08-21,6.9,16.2,25.2,70.0,1021.2,6.9,45.0,42.0
2015-08-22,0.0,15.0,25.0,64.0,1018.5,4.7,60.0,28.0
2015-08-23,0.3,16.2,24.8,68.0,1014.3,5.9,70.0,70.0
2015-08-24,11.1,18.6,22.7,84.0,1012.8,9.0,41.0,85.0
2015-08-25,1.6,18.2,25.7,84.0,1014.0,6.5,55.0,71.0
2015-08-26,0.0,17.0,27.7,70.0,1018.0,6.7,61.0,17.0
2015-08-27,0.0,17.1,29.4,69.0,1017.0,4.3,145.0,11.0
2015-08-28,0.0,17.1,30.6,73.0,1018.7,4.3,112.0,20.0
2015-08-29,0.0,19.0,32.4,68.0,1021.2,3.6,63.0,4.0
2015-08-30,0.0,17.5,33.0,61.0,1019.9,3.9,28.0,5.0
2015-08-31,0.0,18.6,32.2,63.0,1016.6,5.3,119.0,9.0
2015-09-01,0.0,18.2,31.3,65.0,1012.2,7.5,259.0,12.0
2015-09-02,3.1,19.3,26.5,65.0,1010.7,5.6,270.0,52.0
2015-09-03,4.4,17.4,27.0,66.0,1010.9,4.9,305.0,68.0
2015-09-04,0.5,17.6,26.3,68.0,1011.4,5.0,50.0,52.0
2015-09-05,9.2,15.7,24.2,78.0,1010.2,6.0,11.0,58.0
2015-09-06,0.0,11.8,23.4,67.0,1016.6,4.9,58.0,13.0
2015-09-07,0.0,14.6,21.9,60.0,1019.9,7.8,56.0,31.0
2015-09-08,0.0,13.0,22.7,63.0,1020.5,6.2,69.0,22.0
2015-09-09,0.0,13.7,21.3,65.0,1017.9,7.8,60.0,38.0
2015-09-10,0.0,13.6,21.6,57.0,1016.9,8.4,52.0,50.0
2015-09-11,0.0,12.2,22.7,60.0,1019.0,6.4,76.0,34.0
2015-09-12,0.0,12.8,24.2,72.0,1020.9,4.6,107.0,36.0
2015-09-13,9.3,16.2,22.3,86.0,1016.7,7.3,57.0,90.0
2015-09-14,41.8,17.5,24.3,89.0,1009.3,7.5,40.0,77.0
2015-09-15,0.9,16.8,24.5,76.0,1011.0,5.5,347.0,86.0
2015-09-16,0.4,15.6,25.1,81.0,1010.1,7.0,52.0,74.0
2015-09-17,1.3,18.2,26.5,86.0,1009.1,5.5,30.0,39.0
2015-09-18,0.1,18.1,27.5,75.0,1012.8,4.2,353.0,42.0
2015-09-19,0.0,15.9,25.9,68.0,1015.5,4.4,2.0,59.0
2015-09-20,0.3,14.2,24.4,63.0,1014.8,6.9,24.0,39.0
2015-09-21,0.1,16.0,21.1,64.0,1015.4,5.3,59.0,59.0
2015-09-22,0.0,14.2,21.3,67.0,1010.2,5.5,67.0,81.0
2015-09-23,20.3,11.8,17.8,83.0,1006.1,8.9,27.0,88.0
2015-09-24,0.7,11.1,18.4,74.0,1012.4,7.1,339.0,89.0
2015-09-25,0.9,13.4,22.5,74.0,1014.3,5.1,32.0,50.0
2015-09-26,3.4,15.0,21.6,82.0,1017.7,3.5,32.0,54.0
2015-09-27,0.1,14.7,19.1,76.0,1022.2,6.1,58.0,93.0
2015-09-28,0.0,12.5,18.5,61.0,1026.0,10.0,62.0,50.0
2015-09-29,0.0,10.5,18.6,57.0,1026.7,10.3,52.0,30.0
2015-09-30,0.0,10.4,17.4,56.0,1027.0,13.0,48.0,24.0
2015-10-01,0.0,12.7,16.2,53.0,1026.6,14.9,47.0,94.0
2015-10-02,11.5,14.4,16.4,67.0,1024.2,12.6,39.0,98.0
2015-10-03,8.0,13.5,19.5,82.0,1021.4,6.4,46.0,85.0
2015-10-04,8.7,12.6,19.5,90.0,1018.8,5.1,62.0,80.0
2015-10-05,1.6,11.9,21.2,83.0,1016.2,4.3,26.0,73.0
2015-10-06,0.4,14.7,18.6,84.0,1011.8,4.6,32.0,88.0
2015-10-07,0.8,12.0,21.2,82.0,1009.5,4.0,359.0,67.0
2015-10-08,2.4,13.0,22.0,77.0,1014.6,4.2,1.0,52.0
2015-10-09,0.7,12.5,20.5,79.0,1016.9,5.7,43.0,89.0
2015-10-10,0.0,14.3,18.6,73.0,1011.1,11.2,52.0,100.0
2015-10-11,0.8,12.9,20.7,73.0,1006.9,5.5,276.0,81.0
2015-10-12,0.8,12.3,19.0,73.0,1013.6,4.9,86.0,71.0
2015-10-13,14.3,13.2,14.7,90.0,1013.4,8.1,45.0,100.0
2015-10-14,27.9,12.9,15.0,91.0,1007.9,9.2,43.0,99.0
2015-10-15,20.5,11.6,16.5,85.0,1008.2,7.8,43.0,86.0
2015-10-16,9.6,8.6,14.2,87.0,1013.5,5.6,35.0,67.0
2015-10-17,0.0,4.8,15.0,79.0,1017.9,4.0,27.0,59.0
2015-10-18,0.0,9.9,14.9,80.0,1017.6,2.5,34.0,89.0
2015-10-19,2.2,10.7,16.3,80.0,1014.0,4.6,48.0,55.0
2015-10-20,0.0,3.8,16.3,78.0,1016.4,4.6,19.0,41.0
2015-10-21,0.0,6.7,15.7,71.0,1017.3,6.4,35.0,39.0
2015-10-22,0.0,3.9,15.8,70.0,1014.6,4.6,355.0,2.0
2015-10-23,0.0,7.2,17.2,74.0,1020.1,3.5,286.0,23.0
2015-10-24,0.0,5.3,18.3,83.0,1022.2,4.1,316.0,25.0
2015-10-25,0.0,5.4,18.6,82.0,1021.7,3.3,312.0,97.0
2015-10-26,0.0,7.4,18.7,80.0,1021.7,5.6,26.0,42.0
2015-10-27,0.0,6.4,18.1,82.0,1020.5,4.9,21.0,11.0
2015-10-28,8.8,9.1,13.1,89.0,1018.1,7.5,27.0,96.0
2015-10-29,28.3,12.0,15.6,90.0,1014.9,7.0,24.0,97.0
2015-10-30,0.0,8.3,18.7,84.0,1023.1,5.3,24.0,17.0
2015-10-31,0.0,7.7,18.4,70.0,1028.9,10.5,43.0,10.0
2015-11-01,0.0,4.0,16.6,69.0,1032.7,8.3,43.0,0.0
2015-11-02,0.0,2.7,16.9,68.0,1032.2,4.6,3.0,0.0
2015-11-03,0.3,2.2,16.1,76.0,1028.6,4.4,286.0,13.0
2015-11-04,0.0,5.2,16.0,86.0,1023.0,3.5,280.0,66.0
2015-11-05,0.0,4.9,18.0,86.0,1020.9,3.5,311.0,3.0
2015-11-06,0.0,5.5,19.2,82.0,1023.4,3.5,301.0,30.0
2015-11-07,0.0,5.8,20.2,81.0,1026.7,4.4,291.0,27.0
2015-11-08,0.0,6.2,20.2,82.0,1028.9,3.8,293.0,33.0
2015-11-09,0.0,4.9,18.7,85.0,1025.9,4.1,278.0,32.0
2015-11-10,0.0,6.6,18.8,86.0,1024.5,3.5,344.0,59.0
2015-11-11,0.0,7.2,17.9,87.0,1023.6,2.9,335.0,49.0
2015-11-12,0.0,6.5,18.7,83.0,1025.2,3.0,314.0,49.0
2015-11-13,0.0,7.0,15.7,86.0,1027.0,3.2,18.0,42.0
2015-11-14,0.0,8.1,13.9,89.0,1026.0,2.4,323.0,91.0
2015-11-15,0.0,4.9,12.9,92.0,1020.7,3.8,276.0,83.0
2015-11-16,0.0,5.5,14.7,87.0,1019.1,2.7,9.0,53.0
2015-11-17,0.0,4.7,13.8,88.0,1020.1,2.9,278.0,73.0
2015-11-18,0.0,7.3,13.2,90.0,1021.4,3.5,315.0,73.0
2015-11-19,0.0,4.5,13.3,92.0,1022.5,3.8,268.0,69.0
2015-11-20,0.0,5.7,13.2,92.0,1013.7,3.5,256.0,99.0
2015-11-21,12.2,5.4,10.6,92.0,993.0,7.7,52.0,98.0
2015-11-22,0.1,1.6,9.4,85.0,1001.3,6.0,288.0,68.0
2015-11-23,1.3,0.8,8.7,75.0,1018.2,9.6,34.0,83.0
2015-11-24,0.0,-0.9,8.3,69.0,1023.2,5.6,25.0,6.0
2015-11-25,0.0,-0.7,6.4,80.0,1012.3,3.6,8.0,79.0
2015-11-26,0.0,-0.5,8.8,83.0,1005.8,3.9,344.0,86.0
2015-11-27,0.0,-2.4,10.1,69.0,1011.6,5.0,342.0,0.0
2015-11-28,0.0,-1.2,8.6,81.0,1012.9,4.9,279.0,27.0
2015-11-29,0.0,-0.6,10.0,80.0,1022.4,4.7,291.0,47.0
2015-11-30,0.0,-1.9,9.5,87.0,1024.2,3.3,333.0,57.0
2015-12-01,0.0,-0.6,8.4,89.0,1024.4,3.1,334.0,42.0
2015-12-02,0.0,0.2,11.1,82.0,1028.6,3.4,318.0,3.0
2015-12-03,0.0,0.7,10.9,88.0,1031.2,3.0,310.0,36.0
2015-12-04,0.0,1.1,8.9,92.0,1033.3,2.9,297.0,62.0
2015-12-05,0.0,2.9,11.5,88.0,1035.6,4.5,298.0,59.0
2015-12-06,0.0,-0.3,8.4,88.0,1035.4,3.0,284.0,24.0
2015-12-07,0.0,0.4,10.9,87.0,1036.8,3.4,332.0,30.0
2015-12-08,0.0,0.5,11.3,86.0,1034.2,3.2,295.0,30.0
2015-12-09,0.0,0.5,10.2,87.0,1032.3,3.3,307.0,44.0
2015-12-10,0.0,0.6,11.7,83.0,1034.7,4.1,335.0,8.0
2015-12-11,0.0,-2.1,8.2,84.0,1031.6,3.4,294.0,44.0
2015-12-12,0.0,-1.5,7.3,84.0,1026.9,2.7,341.0,52.0
2015-12-13,0.0,-1.2,7.0,84.0,1024.5,2.5,347.0,75.0
2015-12-14,0.0,0.2,8.5,80.0,1025.4,3.6,311.0,58.0
2015-12-15,0.0,-0.2,8.8,89.0,1027.2,2.9,324.0,45.0
2015-12-16,0.0,0.5,10.6,87.0,1029.8,2.6,327.0,80.0
2015-12-17,0.0,0.9,11.3,85.0,1030.2,3.2,327.0,28.0
2015-12-18,0.0,0.5,10.2,90.0,1027.8,3.3,312.0,42.0
2015-12-19,0.0,0.8,11.3,88.0,1027.3,3.1,311.0,28.0
2015-12-20,0.0,1.1,11.1,89.0,1029.0,3.2,338.0,23.0
2015-12-21,0.0,2.2,8.5,92.0,1032.0,3.1,293.0,66.0
2015-12-22,0.0,2.3,10.8,94.0,1034.5,3.1,326.0,78.0
2015-12-23,0.0,2.2,9.5,94.0,1032.9,3.6,350.0,57.0
2015-12-24,0.0,2.2,8.9,93.0,1032.5,3.9,294.0,81.0
2015-12-25,0.0,0.1,9.9,91.0,1034.9,2.7,323.0,26.0
2015-12-26,0.0,0.5,11.0,89.0,1034.4,4.1,277.0,20.0
2015-12-27,0.0,0.0,9.9,85.0,1033.6,2.6,290.0,20.0
2015-12-28,0.0,-1.1,10.1,85.0,1032.3,3.4,281.0,17.0
2015-12-29,0.0,-1.0,9.5,84.0,1028.4,3.2,300.0,23.0
2015-12-30,0.0,-1.1,8.5,81.0,1030.1,7.9,31.0,3.0
2015-12-31,0.0,-0.9,5.1,79.0,1029.4,4.8,27.0,51.0
2016-01-01,0.0,-0.1,6.6,81.0,1026.6,2.9,314.0,41.0
2016-01-02,8.3,-0.5,2.8,90.0,1020.0,6.0,16.0,95.0
2016-01-03,6.0,0.9,5.6,86.0,1010.0,4.3,24.0,90.0
2016-01-04,4.1,-0.8,4.2,89.0,1000.9,6.6,6.0,77.0
2016-01-05,1.6,-1.8,5.0,91.0,1000.8,4.3,2.0,72.0
2016-01-06,1.0,-1.4,7.8,91.0,1000.6,4.9,289.0,67.0
2016-01-07,0.4,-3.0,6.9,84.0,1003.0,3.9,329.0,57.0
2016-01-08,0.0,-1.9,8.0,85.0,1008.4,4.3,359.0,75.0
2016-01-09,7.9,3.3,7.2,92.0,1007.8,3.1,3.0,99.0
2016-01-10,1.9,1.8,8.9,94.0,1004.0,4.2,322.0,83.0
2016-01-11,10.3,5.4,10.5,94.0,997.6,6.3,289.0,78.0
2016-01-12,0.0,2.8,10.9,81.0,999.8,8.3,261.0,40.0
2016-01-13,0.0,-1.5,11.2,80.0,1010.8,8.1,284.0,44.0
2016-01-14,1.1,-1.4,6.7,83.0,1014.8,5.5,20.0,70.0
2016-01-15,0.0,-3.5,7.8,85.0,1008.7,5.8,327.0,18.0
2016-01-16,0.0,-3.6,8.6,64.0,1013.1,5.3,343.0,19.0
2016-01-17,0.0,-3.9,7.5,50.0,1015.6,6.8,313.0,24.0
2016-01-18,0.0,-3.9,5.5,43.0,1019.6,5.7,326.0,26.0
2016-01-19,0.0,-1.9,4.3,60.0,1017.7,3.4,26.0,26.0
2016-01-20,0.0,-1.7,4.4,70.0,1018.3,3.4,308.0,7.0
2016-01-21,0.0,-3.1,6.1,70.0,1022.5,4.6,23.0,0.0
2016-01-22,0.0,-1.4,5.5,74.0,1031.4,5.6,37.0,44.0
2016-01-23,0.0,-0.4,7.6,83.0,1032.7,3.7,299.0,46.0
2016-01-24,0.0,-2.4,7.7,80.0,1034.4,3.4,332.0,50.0
2016-01-25,0.0,-1.0,8.7,80.0,1031.6,2.7,271.0,9.0
2016-01-26,0.0,0.3,9.3,86.0,1029.4,3.0,282.0,62.0
2016-01-27,0.0,-0.1,9.9,92.0,1028.9,3.4,349.0,27.0
2016-01-28,0.0,1.9,12.4,93.0,1028.2,3.9,313.0,67.0
2016-01-29,0.0,2.2,11.9,92.0,1030.0,3.6,41.0,49.0
2016-01-30,0.0,4.6,9.7,95.0,1027.3,3.7,266.0,94.0
2016-01-31,0.0,4.1,12.9,89.0,1015.6,4.9,254.0,69.0
2016-02-01,0.0,0.9,10.6,93.0,1021.3,3.6,46.0,87.0
2016-02-02,0.0,3.5,10.1,94.0,1025.4,3.4,251.0,96.0
2016-02-03,5.0,3.7,9.1,95.0,1016.5,3.7,357.0,99.0
2016-02-04,0.3,-0.4,11.5,72.0,1021.5,6.6,268.0,21.0
2016-02-05,0.0,-1.5,10.7,76.0,1025.1,6.0,37.0,1.0
2016-02-06,0.0,-0.5,10.7,83.0,1028.4,6.0,327.0,48.0
2016-02-07,23.2,2.0,7.9,95.0,1018.2,6.9,37.0,94.0
2016-02-08,13.4,6.6,10.1,93.0,1014.6,6.6,297.0,96.0
2016-02-09,10.3,2.2,10.1,92.0,1010.6,4.0,6.0,83.0
2016-02-10,6.8,1.1,11.8,70.0,995.0,9.9,269.0,76.0
2016-02-11,0.0,-3.1,10.6,68.0,1006.5,5.5,2.0,25.0
2016-02-12,6.9,0.4,9.0,82.0,1005.0,8.3,45.0,90.0
2016-02-13,1.3,0.9,9.3,84.0,996.5,6.6,304.0,72.0
2016-02-14,9.5,1.4,7.9,90.0,994.8,6.6,10.0,93.0
2016-02-15,5.8,0.6,12.4,86.0,1003.3,8.1,41.0,91.0
2016-02-16,8.4,6.8,12.2,73.0,1020.9,15.4,46.0,97.0
2016-02-17,17.9,5.2,8.3,86.0,1019.3,9.0,40.0,99.0
2016-02-18,0.0,-0.7,13.1,82.0,1014.6,6.4,288.0,41.0
2016-02-19,3.5,0.5,11.9,82.0,1014.9,6.0,294.0,63.0
2016-02-20,2.7,-0.2,11.9,76.0,1023.0,7.8,289.0,37.0
2016-02-21,0.0,0.8,13.2,76.0,1021.1,5.1,244.0,38.0
2016-02-22,0.0,3.2,13.6,88.0,1019.0,4.5,165.0,84.0
2016-02-23,0.0,7.2,14.3,89.0,1011.4,5.3,250.0,74.0
2016-02-24,0.0,3.1,11.2,75.0,1013.4,8.1,60.0,64.0
2016-02-25,2.9,4.6,8.9,80.0,1011.5,5.1,51.0,86.0
2016-02-26,0.6,1.6,9.1,80.0,1010.5,8.1,47.0,72.0
2016-02-27,11.1,3.9,7.0,81.0,1009.9,12.0,45.0,100.0
2016-02-28,33.5,6.5,10.1,90.0,1008.1,17.4,40.0,100.0
2016-02-29,36.9,6.8,10.9,88.0,1004.2,16.9,48.0,98.0
2016-03-01,0.7,1.6,14.4,82.0,1010.8,4.2,337.0,40.0
2016-03-02,1.7,1.8,13.9,82.0,1009.2,6.0,70.0,89.0
2016-03-03,31.9,3.4,7.7,80.0,996.4,11.2,6.0,98.0
2016-03-04,0.0,-2.5,12.8,71.0,1003.8,6.4,271.0,65.0
2016-03-05,31.2,3.2,8.3,93.0,1001.0,8.1,55.0,98.0
2016-03-06,4.7,0.9,11.0,88.0,999.9,3.4,278.0,49.0
2016-03-07,3.9,0.8,9.6,86.0,1001.8,4.8,15.0,62.0
2016-03-08,6.9,-0.3,7.3,89.0,1008.0,10.1,34.0,95.0
2016-03-09,7.0,3.5,9.2,75.0,1010.5,11.6,40.0,77.0
2016-03-10,0.0,1.8,13.9,69.0,1009.7,6.2,15.0,68.0
2016-03-11,0.0,4.0,13.4,70.0,1015.5,4.5,6.0,94.0
2016-03-12,0.0,5.6,14.1,69.0,1018.8,6.6,51.0,63.0
2016-03-13,0.0,2.5,14.3,64.0,1019.7,10.9,56.0,31.0
2016-03-14,0.0,3.1,13.2,62.0,1022.7,9.5,57.0,36.0
2016-03-15,4.0,0.8,12.4,76.0,1018.2,7.6,44.0,70.0
2016-03-16,1.1,4.1,10.6,63.0,1022.0,16.7,60.0,94.0
2016-03-17,0.0,5.0,13.3,56.0,1025.4,8.0,50.0,39.0
2016-03-18,0.0,0.3,15.6,74.0,1017.8,5.4,263.0,0.0
2016-03-19,0.0,1.5,17.1,71.0,1015.2,4.7,277.0,0.0
2016-03-20,0.0,3.6,17.0,78.0,1015.5,5.9,239.0,26.0
2016-03-21,3.5,6.4,15.6,83.0,1013.2,4.6,65.0,43.0
2016-03-22,0.0,5.8,14.7,78.0,1007.4,8.8,59.0,36.0
2016-03-23,0.0,5.8,14.6,57.0,1000.0,11.6,62.0,57.0
2016-03-24,0.0,1.3,15.3,67.0,1007.7,6.9,235.0,18.0
2016-03-25,0.0,6.3,14.2,69.0,1015.5,4.7,84.0,93.0
2016-03-26,0.0,4.3,16.3,77.0,1017.4,5.1,69.0,39.0
2016-03-27,0.0,4.2,16.5,80.0,1015.8,4.6,80.0,71.0
2016-03-28,0.2,8.9,15.3,83.0,1013.1,5.1,205.0,84.0
2016-03-29,0.0,5.8,17.7,76.0,1013.4,7.3,247.0,42.0
2016-03-30,0.0,7.9,17.4,81.0,1017.6,5.7,218.0,64.0
2016-03-31,0.0,7.3,18.7,85.0,1017.0,5.2,70.0,74.0
2016-04-01,0.6,10.3,19.7,82.0,1015.6,6.6,69.0,89.0
2016-04-02,0.0,10.3,20.2,78.0,1019.4,7.0,61.0,94.0
2016-04-03,0.0,6.3,20.2,77.0,1017.7,6.2,68.0,52.0
2016-04-04,0.2,8.7,18.3,82.0,1014.9,4.9,90.0,69.0
2016-04-05,0.0,6.9,20.1,77.0,1011.9,5.0,110.0,30.0
2016-04-06,0.0,8.3,20.7,81.0,1011.0,4.0,111.0,71.0
2016-04-07,0.1,9.3,19.7,77.0,1008.1,7.8,65.0,48.0
2016-04-08,9.3,9.0,18.2,81.0,1002.4,6.6,27.0,99.0
2016-04-09,10.1,10.0,13.5,84.0,1002.5,7.6,19.0,99.0
2016-04-10,0.4,6.3,18.8,75.0,1007.4,4.8,232.0,49.0
2016-04-11,0.0,8.6,20.2,71.0,1011.5,6.3,236.0,14.0
2016-04-12,0.0,7.8,20.2,68.0,1012.3,5.9,233.0,25.0
2016-04-13,0.2,8.9,19.7,75.0,1008.6,7.0,89.0,53.0
2016-04-14,2.0,9.0,20.3,71.0,1008.1,5.5,247.0,37.0
2016-04-15,0.0,8.3,18.9,71.0,1012.4,7.7,10.0,51.0
2016-04-16,0.0,8.4,20.7,68.0,1011.8,4.8,139.0,37.0
2016-04-17,1.3,9.8,21.3,76.0,1011.0,5.9,180.0,70.0
2016-04-18,1.4,11.1,21.1,73.0,1012.3,5.9,229.0,42.0
2016-04-19,6.6,9.8,18.7,72.0,1016.8,7.8,6.0,39.0
2016-04-20,0.0,8.6,18.6,65.0,1023.7,4.9,126.0,11.0
2016-04-21,0.0,6.5,20.0,66.0,1024.2,5.8,121.0,48.0
2016-04-22,0.0,10.2,20.3,65.0,1015.7,4.4,112.0,77.0
2016-04-23,7.1,10.8,17.5,86.0,1006.6,4.7,54.0,91.0
2016-04-24,5.7,8.0,14.5,82.0,1002.3,9.1,60.0,99.0
2016-04-25,0.1,6.2,15.0,62.0,1007.4,6.1,262.0,55.0
2016-04-26,0.1,4.1,15.4,69.0,1007.6,7.1,59.0,44.0
2016-04-27,0.3,7.6,17.8,66.0,1005.0,9.8,179.0,48.0
2016-04-28,0.3,7.0,12.4,61.0,1013.9,11.0,56.0,79.0
2016-04-29,0.0,6.9,16.6,60.0,1017.9,8.2,64.0,23.0
2016-04-30,0.0,5.3,18.1,65.0,1016.8,7.1,77.0,48.0
2016-05-01,10.6,10.0,13.5,79.0,1012.2,11.1,46.0,85.0
2016-05-02,8.0,9.9,18.1,78.0,1012.4,9.4,9.0,84.0
2016-05-03,1.0,5.9,22.4,65.0,1012.6,5.9,278.0,40.0
2016-05-04,0.0,8.7,21.5,53.0,1016.2,6.8,334.0,35.0
2016-05-05,0.4,10.9,19.6,59.0,1021.0,8.3,35.0,43.0
2016-05-06,0.0,9.4,20.8,63.0,1018.2,6.8,64.0,13.0
2016-05-07,0.0,7.9,22.1,64.0,1013.9,6.2,80.0,7.0
2016-05-08,0.2,8.6,21.9,67.0,1014.2,6.9,84.0,40.0
2016-05-09,0.5,12.3,18.5,78.0,1017.8,4.8,63.0,95.0
2016-05-10,0.8,12.5,20.6,76.0,1015.3,4.2,108.0,98.0
2016-05-11,17.8,13.5,15.7,91.0,1008.7,11.4,46.0,100.0
2016-05-12,37.5,12.4,18.7,85.0,999.8,8.4,311.0,91.0
2016-05-13,2.9,10.6,17.3,85.0,998.0,6.9,245.0,98.0
2016-05-14,18.4,9.9,20.3,87.0,1002.7,4.4,43.0,90.0
2016-05-15,16.7,10.3,18.2,81.0,1010.9,6.8,80.0,65.0
2016-05-16,9.8,9.7,16.6,72.0,1017.6,6.4,77.0,69.0
2016-05-17,0.7,6.9,18.8,73.0,1016.7,6.0,171.0,23.0
2016-05-18,0.0,8.4,20.9,68.0,1015.0,5.4,108.0,43.0
2016-05-19,16.2,10.7,14.9,89.0,1010.4,9.3,48.0,92.0
2016-05-20,0.0,7.7,22.6,69.0,1015.2,5.1,292.0,33.0
2016-05-21,0.0,9.7,24.0,66.0,1018.6,5.0,224.0,27.0
2016-05-22,0.0,11.1,25.0,69.0,1016.1,6.0,146.0,1.0
2016-05-23,25.0,12.2,19.2,85.0,1009.6,7.8,65.0,58.0
2016-05-24,0.4,9.6,21.9,74.0,1008.2,5.4,239.0,52.0
2016-05-25,0.0,10.3,23.3,71.0,1011.9,6.0,245.0,38.0
2016-05-26,0.0,11.7,24.2,74.0,1014.6,4.6,83.0,79.0
2016-05-27,0.0,14.0,25.7,74.0,1015.8,5.2,104.0,36.0
2016-05-28,0.0,13.8,25.4,75.0,1013.3,6.2,79.0,37.0
2016-05-29,25.8,15.8,21.0,88.0,1008.7,5.7,77.0,75.0
2016-05-30,5.6,13.9,21.7,84.0,1008.8,5.7,236.0,66.0
2016-05-31,3.2,11.9,21.8,81.0,1011.8,5.9,244.0,58.0
2016-06-01,7.5,14.5,21.3,78.0,1012.9,3.4,207.0,81.0
2016-06-02,7.6,13.0,21.2,86.0,1011.3,3.9,66.0,89.0
2016-06-03,2.6,12.8,22.2,85.0,1010.7,3.9,224.0,82.0
2016-06-04,9.6,13.8,22.8,86.0,1011.8,3.2,6.0,82.0
2016-06-05,9.9,12.8,23.3,84.0,1014.0,3.8,320.0,67.0
2016-06-06,2.4,12.9,24.3,77.0,1017.2,3.6,62.0,65.0
2016-06-07,1.2,13.1,26.4,72.0,1019.3,3.8,8.0,43.0
2016-06-08,26.2,14.8,25.1,83.0,1016.8,4.8,31.0,94.0
2016-06-09,15.1,16.5,20.2,88.0,1012.1,5.7,52.0,99.0
2016-06-10,0.1,13.8,23.5,76.0,1011.3,5.8,83.0,46.0
2016-06-11,6.9,15.0,23.1,81.0,1010.2,5.2,257.0,72.0
2016-06-12,2.9,15.1,22.5,81.0,1008.7,4.1,355.0,94.0
2016-06-13,0.0,13.9,24.3,77.0,1004.2,4.9,273.0,86.0
2016-06-14,18.9,14.4,20.5,88.0,1001.6,5.2,66.0,90.0
2016-06-15,5.1,15.5,24.0,80.0,1002.0,7.9,233.0,45.0
2016-06-16,6.9,15.5,24.8,80.0,1004.6,8.7,62.0,76.0
2016-06-17,5.1,16.0,24.1,70.0,1008.7,11.3,242.0,33.0
2016-06-18,0.2,13.9,23.9,66.0,1016.3,4.7,262.0,35.0
2016-06-19,1.5,14.5,23.0,71.0,1015.8,5.6,339.0,90.0
2016-06-20,0.0,14.7,24.8,66.0,1016.8,5.6,34.0,50.0
2016-06-21,0.0,16.3,25.9,73.0,1021.2,3.9,143.0,63.0
2016-06-22,0.0,15.0,28.8,71.0,1021.8,4.1,30.0,21.0
2016-06-23,0.0,17.6,30.5,73.0,1020.4,5.4,31.0,2.0
2016-06-24,0.0,19.5,31.7,70.0,1016.0,4.3,26.0,12.0
2016-06-25,2.1,20.6,31.2,71.0,1010.6,5.0,59.0,57.0
2016-06-26,5.7,18.8,27.2,77.0,1011.5,7.3,31.0,37.0
2016-06-27,12.2,18.7,25.8,77.0,1013.1,6.6,39.0,47.0
2016-06-28,0.0,18.0,26.8,66.0,1016.8,5.8,163.0,23.0
2016-06-29,0.0,17.0,27.6,70.0,1015.4,5.5,109.0,24.0
2016-06-30,0.2,17.8,28.7,72.0,1014.2,5.1,99.0,59.0
2016-07-01,2.7,17.4,28.1,77.0,1016.2,4.5,79.0,32.0
2016-07-02,3.5,19.4,28.0,76.0,1014.1,5.2,198.0,48.0
2016-07-03,7.0,18.7,24.2,80.0,1014.4,8.9,57.0,52.0
2016-07-04,0.0,20.2,25.3,59.0,1019.0,9.7,48.0,56.0
2016-07-05,0.4,15.7,28.4,66.0,1015.4,4.8,234.0,37.0
2016-07-06,0.9,17.2,28.9,74.0,1013.7,4.6,86.0,29.0
2016-07-07,2.1,19.5,26.9,73.0,1017.1,8.8,64.0,24.0
2016-07-08,0.8,19.5,28.3,74.0,1017.5,5.0,79.0,63.0
2016-07-09,5.5,19.5,29.8,77.0,1016.3,3.9,79.0,24.0
2016-07-10,5.9,21.0,30.2,77.0,1015.6,4.7,37.0,46.0
2016-07-11,0.0,20.4,31.7,73.0,1013.4,4.7,97.0,68.0
2016-07-12,0.8,21.7,31.0,74.0,1010.7,4.4,40.0,28.0
2016-07-13,2.4,21.4,28.9,70.0,1007.2,4.5,183.0,29.0
2016-07-14,3.1,15.6,25.8,58.0,1009.3,6.5,309.0,36.0
2016-07-15,0.0,15.8,24.3,54.0,1016.1,7.4,29.0,75.0
2016-07-16,0.0,12.3,26.2,55.0,1017.6,6.5,40.0,25.0
2016-07-17,0.0,13.2,29.7,59.0,1018.2,6.1,263.0,8.0
2016-07-18,0.0,16.8,30.6,67.0,1018.5,4.3,74.0,9.0
2016-07-19,0.0,18.1,30.8,65.0,1018.5,5.1,71.0,12.0
2016-07-20,0.0,19.7,31.7,64.0,1016.6,5.6,76.0,11.0
2016-07-21,0.9,20.0,32.5,64.0,1014.5,6.1,94.0,41.0
2016-07-22,4.0,20.6,30.4,70.0,1013.9,6.3,59.0,42.0
2016-07-23,1.2,19.8,29.0,69.0,1015.4,6.7,358.0,68.0
2016-07-24,2.0,17.9,29.7,66.0,1015.7,4.3,288.0,94.0
2016-07-25,0.2,19.5,31.7,63.0,1014.1,5.4,33.0,72.0
2016-07-26,1.4,20.0,31.1,59.0,1014.8,4.8,37.0,63.0
2016-07-27,2.9,21.0,30.6,66.0,1014.3,4.8,40.0,72.0
2016-07-28,11.8,19.7,27.1,77.0,1014.5,4.2,24.0,47.0
2016-07-29,0.0,19.1,30.2,65.0,1014.2,4.2,51.0,22.0
2016-07-30,1.4,20.7,30.8,67.0,1013.9,5.4,114.0,30.0
2016-07-31,1.7,20.8,29.9,71.0,1012.6,6.0,341.0,51.0
2016-08-01,6.5,19.6,26.7,73.0,1013.6,8.6,37.0,60.0
2016-08-02,0.0,18.8,27.7,61.0,1017.0,7.0,68.0,78.0
2016-08-03,0.0,19.0,29.9,62.0,1015.6,4.5,101.0,22.0
2016-08-04,0.1,20.0,30.8,65.0,1013.2,5.4,90.0,23.0
2016-08-05,32.1,17.7,24.5,82.0,1010.6,6.5,4.0,85.0
2016-08-06,0.7,16.4,27.8,59.0,1017.9,6.4,7.0,59.0
2016-08-07,0.0,17.5,28.0,58.0,1022.9,6.7,44.0,18.0
2016-08-08,0.0,17.7,28.4,58.0,1020.4,5.6,39.0,4.0
2016-08-09,1.4,17.3,29.7,65.0,1014.4,4.5,71.0,65.0
2016-08-10,19.2,16.9,21.2,76.0,1012.5,11.1,31.0,73.0
2016-08-11,0.0,15.5,22.7,62.0,1019.0,8.2,58.0,30.0
2016-08-12,0.0,15.6,24.3,63.0,1024.0,5.1,69.0,50.0
2016-08-13,0.0,14.5,27.1,69.0,1024.4,3.9,75.0,4.0
2016-08-14,0.0,15.6,29.9,69.0,1021.6,4.1,82.0,16.0
2016-08-15,0.1,17.0,30.7,69.0,1018.5,4.9,63.0,40.0
2016-08-16,1.6,17.3,29.4,71.0,1014.7,4.7,334.0,63.0
2016-08-17,7.2,18.2,29.0,74.0,1010.0,5.3,333.0,49.0
2016-08-18,8.9,17.7,26.0,79.0,1010.4,4.9,64.0,81.0
2016-08-19,4.0,17.8,26.9,78.0,1011.7,5.5,77.0,68.0
2016-08-20,5.6,19.6,27.0,81.0,1014.7,5.2,81.0,79.0
2016-08-21,35.1,19.1,24.7,87.0,1014.7,5.0,42.0,81.0
2016-08-22,0.6,13.4,25.9,63.0,1021.6,6.1,56.0,5.0
2016-08-23,0.0,14.4,27.3,63.0,1023.7,4.0,34.0,0.0
2016-08-24,0.0,15.8,28.1,67.0,1022.3,3.9,43.0,0.0
2016-08-25,0.0,18.2,27.6,67.0,1020.3,7.0,53.0,3.0
2016-08-26,0.0,18.5,27.6,66.0,1019.9,7.5,51.0,9.0
2016-08-27,0.0,16.9,29.2,69.0,1019.9,4.3,44.0,0.0
2016-08-28,0.0,16.2,30.6,70.0,1017.7,4.1,220.0,5.0
2016-08-29,6.1,17.7,29.9,74.0,1015.6,4.8,36.0,36.0
2016-08-30,2.1,20.0,27.0,71.0,1018.8,10.1,33.0,83.0
2016-08-31,0.0,18.5,27.9,61.0,1019.9,8.3,46.0,8.0
2016-09-01,0.0,16.6,29.1,64.0,1019.3,3.9,23.0,19.0
2016-09-02,0.1,17.7,29.6,65.0,1018.7,4.7,58.0,32.0
2016-09-03,0.5,17.5,29.7,67.0,1017.8,4.5,63.0,70.0
2016-09-04,0.5,19.1,29.7,70.0,1015.7,4.6,36.0,83.0
2016-09-05,1.9,19.2,26.3,76.0,1013.1,6.1,47.0,64.0
2016-09-06,1.0,14.8,26.9,73.0,1017.4,6.2,43.0,32.0
2016-09-07,0.0,14.4,27.8,65.0,1019.0,11.4,41.0,7.0
2016-09-08,0.0,16.6,27.6,62.0,1015.0,8.3,38.0,13.0
2016-09-09,0.0,16.8,29.9,61.0,1014.4,8.0,39.0,8.0
2016-09-10,0.0,17.2,29.3,59.0,1015.0,8.2,34.0,17.0
2016-09-11,0.6,17.2,29.1,62.0,1015.9,7.4,33.0,32.0
2016-09-12,0.1,17.3,29.8,62.0,1018.1,7.6,37.0,29.0
2016-09-13,0.0,15.8,30.3,62.0,1015.9,5.2,32.0,6.0
2016-09-14,0.0,16.7,29.4,64.0,1013.8,4.2,55.0,14.0
2016-09-15,8.0,18.4,24.3,85.0,1015.3,7.2,53.0,71.0
2016-09-16,33.4,16.3,22.1,90.0,1014.9,5.8,57.0,79.0
2016-09-17,5.4,16.0,24.2,78.0,1010.1,5.6,263.0,69.0
2016-09-18,16.6,14.7,20.4,85.0,1010.6,3.8,43.0,64.0
2016-09-19,0.2,13.0,24.5,78.0,1009.2,5.3,291.0,50.0
2016-09-20,8.4,13.0,23.3,79.0,1011.6,5.9,25.0,55.0
2016-09-21,8.9,15.0,19.3,79.0,1015.3,9.8,51.0,65.0
2016-09-22,0.0,14.6,20.8,66.0,1020.6,5.2,55.0,46.0
2016-09-23,0.0,11.5,21.9,71.0,1024.1,4.3,59.0,33.0
2016-09-24,0.0,12.4,22.9,71.0,1025.2,4.1,42.0,18.0
2016-09-25,0.0,10.5,23.3,73.0,1020.9,3.7,309.0,7.0
2016-09-26,0.0,11.9,22.7,74.0,1020.0,5.1,46.0,21.0
2016-09-27,0.0,11.1,22.9,73.0,1023.4,3.8,53.0,12.0
2016-09-28,0.0,13.4,23.3,75.0,1028.2,4.1,243.0,42.0
2016-09-29,0.0,12.0,23.9,76.0,1025.8,4.5,219.0,37.0
2016-09-30,0.0,12.3,23.4,74.0,1019.8,4.2,244.0,24.0
2016-10-01,0.1,15.1,23.1,70.0,1015.9,4.4,218.0,83.0
2016-10-02,4.0,15.7,20.0,87.0,1013.8,4.4,38.0,74.0
2016-10-03,5.0,12.7,20.4,73.0,1018.8,6.4,51.0,25.0
2016-10-04,0.0,9.1,22.0,69.0,1021.0,5.3,310.0,36.0
2016-10-05,11.4,10.4,15.4,85.0,1020.1,9.3,61.0,60.0
2016-10-06,0.6,7.0,16.5,73.0,1016.5,5.0,346.0,54.0
2016-10-07,0.0,7.4,18.0,71.0,1014.2,5.3,24.0,49.0
2016-10-08,3.0,10.2,14.7,83.0,1017.1,8.6,48.0,88.0
2016-10-09,1.1,10.2,15.8,71.0,1019.6,10.4,43.0,56.0
2016-10-10,0.5,9.5,15.4,59.0,1018.4,11.2,49.0,63.0
2016-10-11,0.0,5.7,14.3,69.0,1013.7,6.4,25.0,71.0
2016-10-12,0.0,3.6,16.5,67.0,1014.1,4.6,285.0,27.0
2016-10-13,2.7,5.4,14.7,81.0,1017.9,7.5,31.0,98.0
2016-10-14,34.6,10.4,15.2,88.0,1015.4,13.3,32.0,100.0
2016-10-15,26.4,12.1,20.1,85.0,1014.5,6.7,344.0,73.0
2016-10-16,0.0,8.1,20.6,87.0,1021.2,4.0,317.0,41.0
2016-10-17,0.6,12.0,18.8,88.0,1023.7,4.4,8.0,96.0
2016-10-18,2.0,11.6,18.9,84.0,1020.7,2.4,310.0,55.0
2016-10-19,6.1,10.6,16.9,88.0,1017.6,6.0,48.0,92.0
2016-10-20,12.2,9.6,13.5,86.0,1012.6,8.7,52.0,96.0
2016-10-21,0.6,5.1,15.3,77.0,1012.9,4.5,34.0,35.0
2016-10-22,0.0,5.7,14.5,79.0,1016.0,4.8,39.0,52.0
2016-10-23,0.0,8.1,13.9,78.0,1018.3,6.9,23.0,82.0
2016-10-24,0.0,11.9,16.4,84.0,1022.0,3.7,12.0,97.0
2016-10-25,5.2,11.7,17.1,94.0,1023.0,2.1,245.0,96.0
2016-10-26,0.6,10.4,19.0,85.0,1021.8,6.3,29.0,91.0
2016-10-27,0.0,12.8,17.6,73.0,1027.0,6.6,58.0,37.0
2016-10-28,0.0,10.5,16.8,79.0,1031.7,2.8,33.0,57.0
2016-10-29,0.0,5.6,18.5,84.0,1027.3,3.7,295.0,22.0
2016-10-30,0.0,6.9,17.5,84.0,1024.5,4.9,28.0,14.0
2016-10-31,0.0,8.2,15.6,83.0,1026.6,6.3,40.0,22.0
2016-11-01,0.0,6.3,16.3,86.0,1024.5,3.7,262.0,68.0
2016-11-02,0.0,8.4,16.0,89.0,1016.5,3.5,231.0,87.0
2016-11-03,0.0,8.2,14.2,81.0,1016.6,8.0,48.0,50.0
2016-11-04,0.0,6.0,12.9,76.0,1020.7,5.4,37.0,63.0
2016-11-05,18.9,8.9,11.0,86.0,1011.1,7.6,24.0,100.0
2016-11-06,10.6,9.7,14.8,94.0,997.4,5.2,316.0,84.0
2016-11-07,0.2,4.2,11.3,85.0,1003.1,6.0,11.0,44.0
2016-11-08,0.7,3.6,10.8,80.0,1006.5,7.2,11.0,45.0
2016-11-09,0.2,-0.5,10.2,79.0,1008.8,4.0,10.0,60.0
2016-11-10,0.2,1.5,10.9,83.0,1011.6,4.5,326.0,71.0
2016-11-11,2.2,2.1,8.8,87.0,1011.4,6.1,343.0,79.0
2016-11-12,0.0,1.9,12.7,78.0,1014.4,6.8,288.0,55.0
2016-11-13,0.0,0.0,10.0,74.0,1021.7,6.9,18.0,81.0
2016-11-14,0.0,2.6,8.7,66.0,1028.7,10.1,50.0,58.0
2016-11-15,0.0,1.3,8.0,71.0,1031.3,4.3,32.0,23.0
2016-11-16,0.0,1.1,9.7,83.0,1026.3,3.6,342.0,63.0
2016-11-17,0.0,1.0,10.2,85.0,1021.7,3.7,352.0,84.0
2016-11-18,0.3,6.6,10.9,88.0,1018.1,3.3,351.0,93.0
2016-11-19,13.8,7.8,11.7,94.0,1012.7,4.5,16.0,94.0
2016-11-20,0.0,4.8,13.5,90.0,1016.9,4.6,358.0,80.0
2016-11-21,0.8,7.0,13.3,91.0,1017.9,5.7,23.0,97.0
2016-11-22,1.1,10.0,15.1,94.0,1019.3,7.8,32.0,92.0
2016-11-23,0.3,11.4,15.6,91.0,1022.0,8.5,41.0,97.0
2016-11-24,0.3,10.9,15.4,92.0,1020.2,8.4,39.0,100.0
2016-11-25,12.7,11.8,13.9,92.0,1016.2,8.9,41.0,100.0
2016-11-26,8.1,8.2,13.7,93.0,1015.6,4.6,326.0,89.0
2016-11-27,0.1,7.7,12.7,91.0,1013.1,2.8,266.0,78.0
2016-11-28,1.0,6.4,10.2,78.0,1015.6,9.9,70.0,75.0
2016-11-29,0.0,0.2,6.3,50.0,1029.9,5.7,54.0,18.0
2016-11-30,0.0,-2.2,7.6,76.0,1031.8,5.2,267.0,7.0
2016-12-01,0.0,-0.5,8.9,82.0,1022.7,3.6,260.0,83.0
2016-12-02,0.0,-1.1,7.7,85.0,1014.7,4.1,17.0,45.0
2016-12-03,0.0,1.1,7.8,79.0,1021.4,8.6,30.0,90.0
2016-12-04,0.0,3.0,10.0,72.0,1026.3,5.4,22.0,58.0
2016-12-05,0.0,1.4,10.6,82.0,1028.7,4.2,349.0,43.0
2016-12-06,0.0,-1.3,10.7,87.0,1029.0,3.4,319.0,18.0
2016-12-07,0.0,-1.7,8.3,82.0,1034.4,4.0,358.0,17.0
2016-12-08,0.0,-2.5,7.8,84.0,1036.4,3.5,293.0,8.0
2016-12-09,0.0,-2.2,6.6,84.0,1032.7,2.7,286.0,39.0
2016-12-10,0.0,-2.1,6.9,85.0,1028.3,2.6,285.0,22.0
2016-12-11,0.0,-0.9,6.3,85.0,1021.7,2.8,353.0,52.0
2016-12-12,0.0,-1.1,10.9,86.0,1019.9,4.0,292.0,21.0
2016-12-13,0.0,-0.9,8.8,84.0,1027.8,4.6,357.0,27.0
2016-12-14,0.0,-0.4,8.5,86.0,1027.2,4.3,295.0,54.0
2016-12-15,0.0,-1.6,8.8,83.0,1028.2,3.5,336.0,15.0
2016-12-16,0.0,-0.7,7.3,86.0,1032.6,6.1,19.0,22.0
2016-12-17,0.0,-3.6,7.1,86.0,1037.7,4.4,314.0,27.0
2016-12-18,0.0,-3.1,5.4,72.0,1033.9,2.8,320.0,49.0
2016-12-19,0.0,-2.4,6.3,63.0,1030.3,8.9,26.0,98.0
2016-12-20,0.0,5.6,9.0,65.0,1027.8,10.5,29.0,99.0
2016-12-21,0.0,3.4,11.8,75.0,1028.2,4.3,11.0,46.0
2016-12-22,0.0,-1.3,10.3,80.0,1030.2,3.9,332.0,12.0
2016-12-23,0.0,-1.5,11.4,78.0,1031.3,3.7,327.0,10.0
2016-12-24,0.0,-1.6,9.7,72.0,1028.7,4.0,304.0,61.0
2016-12-25,0.0,-1.5,11.7,81.0,1025.3,4.2,302.0,94.0
2016-12-26,0.0,-0.9,11.3,84.0,1026.7,2.8,321.0,43.0
2016-12-27,0.0,-1.2,12.8,82.0,1029.2,5.1,334.0,4.0
2016-12-28,0.0,-1.0,12.3,72.0,1032.5,6.9,311.0,15.0
2016-12-29,0.3,1.5,6.6,79.0,1037.4,4.5,42.0,59.0
2016-12-30,0.0,-3.0,7.0,85.0,1038.1,3.6,318.0,11.0
2016-12-31,0.0,-3.0,7.4,80.0,1032.8,3.1,314.0,15.0
2017-01-01,0.0,-3.0,7.9,76.0,1024.9,5.3,217.0,4.0
2017-01-02,0.0,-1.7,5.6,67.0,1020.2,3.9,314.0,39.0
2017-01-03,0.0,-2.5,7.2,78.0,1020.9,7.8,359.0,44.0
2017-01-04,0.0,-3.5,4.5,84.0,1013.9,6.4,280.0,28.0
2017-01-05,0.0,-3.4,7.6,54.0,1015.1,9.5,328.0,12.0
2017-01-06,0.0,-6.2,2.2,42.0,1028.7,7.9,66.0,0.0
2017-01-07,0.0,-8.3,1.6,43.0,1030.9,5.2,344.0,10.0
2017-01-08,0.0,-6.2,1.2,62.0,1026.2,6.4,344.0,12.0
2017-01-09,0.0,-7.6,2.4,79.0,1023.5,4.9,225.0,1.0
2017-01-10,1.2,-6.0,0.3,69.0,1017.4,10.0,40.0,87.0
2017-01-11,0.0,-6.9,0.2,55.0,1020.2,9.3,174.0,29.0
2017-01-12,0.3,-6.0,1.1,73.0,1018.8,6.6,341.0,53.0
2017-01-13,8.6,-1.5,4.1,88.0,1002.3,7.0,248.0,100.0
2017-01-14,0.0,-3.1,5.8,78.0,1008.0,8.2,202.0,67.0
2017-01-15,0.1,-3.0,6.8,69.0,1016.4,7.8,38.0,88.0
2017-01-16,0.0,-5.3,5.4,51.0,1016.6,9.9,45.0,69.0
2017-01-17,0.0,-2.4,6.7,45.0,1018.7,10.5,77.0,88.0
2017-01-18,0.0,-3.2,7.8,52.0,1024.8,9.6,74.0,31.0
2017-01-19,0.0,-1.4,7.6,62.0,1030.0,8.2,49.0,25.0
2017-01-20,0.0,-2.6,5.1,68.0,1033.3,7.4,46.0,1.0
2017-01-21,0.0,-3.6,6.8,59.0,1031.3,5.6,41.0,0.0
2017-01-22,0.0,-5.3,8.9,59.0,1029.0,7.9,63.0,16.0
2017-01-23,0.0,-2.4,8.6,66.0,1023.6,4.2,67.0,63.0
2017-01-24,0.0,-2.1,9.9,74.0,1019.0,6.6,25.0,2.0
2017-01-25,0.0,-3.5,6.2,67.0,1024.3,8.3,48.0,1.0
2017-01-26,0.0,-3.8,4.5,68.0,1029.1,9.2,46.0,9.0
2017-01-27,0.0,-4.1,5.8,59.0,1029.9,6.0,30.0,15.0
2017-01-28,0.0,-3.9,6.0,71.0,1026.8,5.8,290.0,71.0
2017-01-29,0.0,-3.7,6.2,83.0,1025.9,4.5,305.0,12.0
2017-01-30,0.0,-2.6,5.7,81.0,1023.9,3.7,155.0,41.0
2017-01-31,6.1,-0.5,3.1,91.0,1021.5,3.5,348.0,99.0
2017-02-01,3.4,1.8,5.1,96.0,1020.7,3.6,312.0,99.0
2017-02-02,1.3,2.4,6.7,99.0,1021.3,3.2,26.0,98.0
2017-02-03,11.1,4.5,8.5,99.0,1014.6,4.2,25.0,100.0
2017-02-04,11.6,3.4,7.9,96.0,1008.9,6.9,223.0,91.0
2017-02-05,19.9,1.5,6.7,94.0,1006.8,12.8,29.0,88.0
2017-02-06,36.3,5.9,10.5,88.0,1002.7,7.1,336.0,98.0
2017-02-07,0.7,4.0,11.3,83.0,1014.5,6.0,97.0,87.0
2017-02-08,0.0,4.0,8.9,75.0,1018.4,9.4,66.0,94.0
2017-02-09,0.0,-0.1,8.1,63.0,1022.7,13.7,57.0,72.0
2017-02-10,1.5,1.9,7.2,70.0,1022.7,8.9,50.0,97.0
2017-02-11,1.3,4.1,8.8,87.0,1024.0,5.3,71.0,88.0
2017-02-12,0.0,3.6,11.0,85.0,1027.6,3.6,154.0,86.0
2017-02-13,0.0,1.1,8.0,84.0,1030.5,7.9,30.0,79.0
2017-02-14,0.0,1.8,11.1,72.0,1033.9,6.0,55.0,13.0
2017-02-15,0.0,-0.2,13.7,84.0,1035.0,5.6,251.0,0.0
2017-02-16,0.0,1.2,14.1,78.0,1030.7,4.3,260.0,0.0
2017-02-17,2.0,1.6,10.6,75.0,1024.9,4.2,34.0,45.0
2017-02-18,0.0,0.1,11.7,83.0,1024.0,6.9,253.0,8.0
2017-02-19,0.0,1.1,10.4,84.0,1025.1,4.3,336.0,56.0
2017-02-20,0.0,1.7,11.9,84.0,1023.3,5.9,257.0,32.0
2017-02-21,0.0,-0.4,7.6,92.0,1019.7,5.6,331.0,74.0
2017-02-22,0.0,3.1,7.7,93.0,1019.0,4.5,338.0,100.0
2017-02-23,0.5,5.3,7.7,93.0,1015.7,4.8,356.0,100.0
2017-02-24,5.5,4.1,9.2,95.0,1008.9,6.3,35.0,100.0
2017-02-25,0.0,0.8,11.7,73.0,1020.4,8.5,47.0,19.0
2017-02-26,0.0,-0.4,12.1,69.0,1020.9,5.9,237.0,55.0
2017-02-27,0.0,2.8,12.1,66.0,1016.7,3.8,213.0,47.0
2017-02-28,3.9,4.5,8.5,88.0,1007.0,5.5,37.0,97.0
2017-03-01,0.1,3.5,13.8,84.0,1007.0,7.5,227.0,35.0
2017-03-02,0.0,2.8,14.0,81.0,1015.1,6.1,42.0,46.0
2017-03-03,0.0,4.3,13.9,83.0,1018.5,6.8,47.0,77.0
2017-03-04,9.5,5.9,10.2,97.0,1009.5,10.2,57.0,96.0
2017-03-05,1.2,2.8,12.3,83.0,1008.5,4.3,234.0,85.0
2017-03-06,1.2,3.2,12.5,84.0,1005.1,5.7,29.0,73.0
2017-03-07,0.1,4.0,16.0,66.0,1005.9,7.0,340.0,73.0
2017-03-08,0.0,1.8,15.4,54.0,1019.4,7.0,275.0,45.0
2017-03-09,0.0,2.3,16.8,65.0,1018.7,5.5,318.0,34.0
2017-03-10,0.0,3.4,19.2,59.0,1016.4,7.2,350.0,0.0
2017-03-11,0.0,1.4,14.5,53.0,1020.8,6.5,223.0,15.0
2017-03-12,0.0,2.0,13.7,69.0,1016.9,6.1,72.0,56.0
2017-03-13,0.0,2.1,13.4,73.0,1022.6,5.7,74.0,17.0
2017-03-14,0.0,2.7,17.2,74.0,1027.3,4.3,313.0,53.0
2017-03-15,0.0,4.6,16.9,73.0,1027.5,5.4,350.0,47.0
2017-03-16,0.0,4.0,17.6,74.0,1024.2,4.4,275.0,23.0
2017-03-17,0.0,4.3,18.0,80.0,1017.7,4.7,334.0,2.0
2017-03-18,0.0,5.5,18.4,80.0,1010.2,6.1,349.0,88.0
2017-03-19,0.0,4.9,17.6,86.0,1011.2,5.5,352.0,93.0
2017-03-20,0.0,6.9,15.8,86.0,1013.2,5.9,11.0,77.0
2017-03-21,0.0,8.7,15.8,86.0,1012.0,4.4,124.0,76.0
2017-03-22,2.7,9.4,14.8,89.0,1012.2,6.2,78.0,93.0
2017-03-23,3.7,8.8,17.4,87.0,1016.9,5.1,46.0,90.0
2017-03-24,0.4,8.1,19.8,87.0,1022.4,4.1,84.0,96.0
2017-03-25,0.0,8.2,19.7,75.0,1021.2,7.1,68.0,40.0
2017-03-26,8.9,8.0,15.8,82.0,1018.3,10.8,343.0,76.0
2017-03-27,0.0,4.7,15.5,57.0,1025.1,6.5,57.0,17.0
2017-03-28,0.0,2.9,19.0,59.0,1024.0,5.2,256.0,1.0
2017-03-29,0.0,5.1,22.2,62.0,1023.2,6.2,252.0,22.0
2017-03-30,0.0,8.3,23.0,65.0,1024.6,5.6,307.0,15.0
2017-03-31,0.0,8.6,22.3,70.0,1022.6,6.0,45.0,10.0
2017-04-01,0.0,8.3,19.3,74.0,1016.1,9.4,62.0,58.0
2017-04-02,1.8,8.9,18.0,69.0,1015.9,14.2,58.0,74.0
2017-04-03,0.0,7.9,22.5,59.0,1017.4,7.8,299.0,17.0
2017-04-04,1.5,10.0,21.1,59.0,1016.1,6.1,325.0,74.0
2017-04-05,19.5,10.1,16.0,84.0,1017.9,7.6,358.0,74.0
2017-04-06,2.4,7.1,17.8,80.0,1015.9,6.6,33.0,53.0
2017-04-07,1.1,8.7,18.3,75.0,1019.7,5.9,55.0,75.0
2017-04-08,0.0,6.7,21.4,75.0,1021.3,5.0,49.0,2.0
2017-04-09,0.0,8.3,20.9,77.0,1024.0,6.2,52.0,10.0
2017-04-10,0.0,8.3,22.1,73.0,1020.5,4.1,46.0,28.0
2017-04-11,1.4,9.3,21.3,77.0,1017.2,7.0,45.0,46.0
2017-04-12,3.6,10.9,20.1,70.0,1019.0,6.5,59.0,58.0
2017-04-13,0.1,9.2,23.1,75.0,1011.4,5.4,10.0,44.0
2017-04-14,1.0,11.3,20.9,77.0,1012.5,5.9,65.0,51.0
2017-04-15,9.0,11.9,17.7,85.0,1013.1,8.1,45.0,96.0
2017-04-16,4.1,8.7,19.3,83.0,1012.5,6.7,347.0,56.0
2017-04-17,0.5,7.7,15.2,72.0,1015.4,8.2,56.0,37.0
2017-04-18,3.3,5.3,11.7,82.0,1012.9,8.6,38.0,73.0
2017-04-19,0.2,4.0,14.5,42.0,1017.3,10.0,325.0,78.0
2017-04-20,0.2,1.6,15.1,37.0,1024.3,7.7,26.0,27.0
2017-04-21,0.0,0.8,15.2,45.0,1028.3,6.8,214.0,11.0
2017-04-22,0.0,3.7,17.5,61.0,1021.4,4.7,43.0,14.0
2017-04-23,0.1,5.5,17.9,69.0,1017.8,8.7,69.0,34.0
2017-04-24,0.0,9.9,15.6,76.0,1019.6,7.5,51.0,88.0
2017-04-25,0.2,9.1,19.1,82.0,1013.2,5.5,40.0,71.0
2017-04-26,24.6,10.1,13.6,94.0,1009.0,7.2,38.0,96.0
2017-04-27,18.0,11.3,18.4,88.0,1006.6,4.4,5.0,98.0
2017-04-28,8.6,7.2,14.5,76.0,1005.7,8.7,228.0,52.0
2017-04-29,0.0,3.7,16.8,57.0,1015.6,7.3,123.0,3.0
2017-04-30,0.0,4.6,17.8,64.0,1015.8,6.9,56.0,20.0
2017-05-01,7.6,7.7,17.4,71.0,1012.5,9.5,52.0,81.0
2017-05-02,0.0,5.5,18.4,75.0,1016.2,6.0,172.0,33.0
2017-05-03,8.4,8.5,16.7,83.0,1017.9,5.1,27.0,83.0
2017-05-04,5.9,8.6,17.7,79.0,1015.7,4.5,240.0,65.0
2017-05-05,0.2,7.3,20.0,75.0,1015.6,4.9,201.0,40.0
2017-05-06,8.5,8.2,18.1,84.0,1014.7,6.9,64.0,77.0
2017-05-07,2.7,10.3,18.7,84.0,1009.0,9.3,245.0,97.0
2017-05-08,3.1,10.4,18.8,87.0,1010.2,4.6,347.0,90.0
2017-05-09,4.5,10.7,17.9,79.0,1010.6,7.2,146.0,72.0
2017-05-10,2.2,10.0,16.8,77.0,1012.7,8.6,62.0,91.0
2017-05-11,3.7,10.3,18.2,84.0,1009.3,10.6,55.0,89.0
2017-05-12,4.4,12.0,22.1,78.0,1006.1,10.7,232.0,77.0
2017-05-13,0.1,11.9,22.6,76.0,1011.7,6.2,264.0,63.0
2017-05-14,0.7,13.1,23.2,81.0,1019.4,4.3,309.0,71.0
2017-05-15,6.8,14.0,23.5,73.0,1024.2,6.6,39.0,66.0
2017-05-16,0.0,12.2,24.6,66.0,1026.3,4.6,278.0,13.0
2017-05-17,0.0,12.8,24.6,67.0,1022.6,6.8,68.0,19.0
2017-05-18,0.0,16.2,25.1,64.0,1017.0,6.1,82.0,53.0
2017-05-19,6.9,15.3,23.5,77.0,1013.3,7.3,46.0,70.0
2017-05-20,9.1,12.8,19.0,86.0,1015.2,5.5,257.0,92.0
2017-05-21,0.0,11.6,25.0,64.0,1018.8,6.7,219.0,29.0
2017-05-22,0.0,13.2,25.3,65.0,1017.5,6.6,242.0,30.0
2017-05-23,0.0,13.8,26.0,69.0,1016.1,4.8,316.0,60.0
2017-05-24,1.2,16.1,26.6,75.0,1016.0,5.3,34.0,80.0
2017-05-25,12.8,15.3,23.1,75.0,1017.3,9.3,76.0,50.0
2017-05-26,0.0,13.2,24.0,66.0,1018.6,4.5,137.0,38.0
2017-05-27,0.0,15.0,26.6,59.0,1019.6,5.1,242.0,21.0
2017-05-28,0.0,15.7,28.2,61.0,1020.5,5.1,181.0,13.0
2017-05-29,0.0,15.9,29.5,62.0,1017.0,5.7,174.0,13.0
2017-05-30,0.0,16.8,29.5,64.0,1015.1,3.7,44.0,32.0
2017-05-31,2.0,17.9,27.1,77.0,1018.0,4.7,36.0,62.0
2017-06-01,0.0,17.5,29.0,74.0,1018.3,5.3,45.0,59.0
2017-06-02,2.8,17.5,27.6,70.0,1016.7,4.5,357.0,36.0
2017-06-03,0.0,15.9,27.5,71.0,1014.2,3.6,4.0,30.0
2017-06-04,5.8,18.0,26.3,75.0,1011.3,5.4,15.0,60.0
2017-06-05,2.8,16.4,24.6,74.0,1012.1,12.0,51.0,87.0
2017-06-06,7.6,15.7,23.3,83.0,1008.4,5.4,28.0,69.0
2017-06-07,0.5,15.6,24.9,74.0,1012.7,10.7,61.0,43.0
2017-06-08,0.0,11.7,23.6,56.0,1020.5,6.1,49.0,28.0
2017-06-09,0.0,12.6,26.9,58.0,1016.6,4.7,307.0,29.0
2017-06-10,0.0,15.8,27.6,59.0,1016.4,5.6,54.0,70.0
2017-06-11,0.0,16.1,28.5,61.0,1018.4,7.0,70.0,20.0
2017-06-12,0.0,16.8,30.9,59.0,1015.4,5.1,72.0,14.0
2017-06-13,0.0,18.4,32.0,62.0,1013.6,6.1,64.0,30.0
2017-06-14,1.4,20.6,28.3,74.0,1013.8,6.1,58.0,92.0
2017-06-15,0.4,19.4,28.4,71.0,1015.4,8.4,52.0,87.0
2017-06-16,0.1,20.5,29.1,73.0,1014.5,4.8,61.0,70.0
2017-06-17,0.0,19.1,30.7,64.0,1015.2,7.9,61.0,46.0
2017-06-18,0.2,17.8,28.0,55.0,1020.0,4.7,54.0,21.0
2017-06-19,0.0,17.8,30.7,47.0,1020.9,6.2,152.0,13.0
2017-06-20,0.0,18.2,32.2,51.0,1017.3,7.0,222.0,31.0
2017-06-21,0.1,19.4,33.0,61.0,1014.7,4.7,359.0,41.0
2017-06-22,0.0,20.8,33.8,60.0,1015.2,5.8,268.0,47.0
2017-06-23,0.0,21.4,34.3,59.0,1014.1,7.1,262.0,74.0
2017-06-24,0.0,22.7,32.8,67.0,1013.9,6.0,38.0,61.0
2017-06-25,31.7,19.3,25.0,87.0,1012.3,6.9,17.0,81.0
2017-06-26,0.0,18.9,29.6,70.0,1012.9,5.3,51.0,33.0
2017-06-27,9.7,19.9,27.3,72.0,1010.1,7.1,51.0,68.0
2017-06-28,75.0,18.8,26.9,81.0,1003.5,7.8,42.0,82.0
2017-06-29,12.8,17.0,24.6,77.0,1001.4,7.5,248.0,54.0
2017-06-30,0.5,14.6,24.1,64.0,1008.2,7.1,229.0,50.0
2017-07-01,0.0,13.5,25.9,70.0,1011.2,4.9,338.0,34.0
2017-07-02,0.0,15.3,25.9,70.0,1014.1,4.8,347.0,24.0
2017-07-03,0.0,17.5,28.4,66.0,1017.8,6.7,81.0,31.0
2017-07-04,0.2,18.6,27.2,72.0,1019.9,6.7,61.0,33.0
2017-07-05,0.4,18.2,30.9,70.0,1018.2,5.5,41.0,24.0
2017-07-06,0.0,19.0,32.0,66.0,1017.6,5.5,27.0,16.0
2017-07-07,0.0,20.2,33.3,68.0,1016.3,4.2,52.0,30.0
2017-07-08,0.0,21.1,32.5,68.0,1014.8,3.5,9.0,48.0
2017-07-09,5.6,21.9,32.5,68.0,1013.3,6.2,357.0,59.0
2017-07-10,8.5,20.9,30.8,69.0,1010.6,7.6,4.0,32.0
2017-07-11,9.1,20.6,30.7,71.0,1012.0,9.9,240.0,50.0
2017-07-12,0.1,20.0,29.5,72.0,1012.7,5.5,19.0,26.0
2017-07-13,1.1,21.0,29.7,68.0,1012.7,10.2,52.0,32.0
2017-07-14,5.3,17.5,26.0,63.0,1013.2,11.7,53.0,56.0
2017-07-15,0.2,18.1,27.9,57.0,1014.5,7.5,46.0,51.0
2017-07-16,0.0,16.5,27.4,46.0,1020.6,7.5,80.0,24.0
2017-07-17,0.0,15.9,29.5,46.0,1020.7,5.2,360.0,22.0
2017-07-18,0.0,17.1,32.3,47.0,1018.4,6.6,81.0,16.0
2017-07-19,0.0,17.6,33.1,47.0,1015.7,4.7,170.0,45.0
2017-07-20,0.0,20.0,32.7,59.0,1012.2,5.6,20.0,55.0
2017-07-21,0.4,20.6,30.4,67.0,1012.4,7.2,52.0,72.0
2017-07-22,1.6,20.5,33.1,59.0,1012.3,6.0,33.0,48.0
2017-07-23,0.2,22.1,33.4,64.0,1012.8,6.3,43.0,41.0
2017-07-24,19.4,19.3,27.1,79.0,1006.2,6.5,349.0,81.0
2017-07-25,4.8,16.4,27.6,62.0,1004.4,5.5,297.0,35.0
2017-07-26,0.0,14.6,28.5,62.0,1004.8,6.0,359.0,68.0
2017-07-27,0.0,16.8,30.8,53.0,1008.8,7.1,294.0,53.0
2017-07-28,0.0,18.3,30.3,58.0,1011.3,7.4,71.0,41.0
2017-07-29,2.3,19.9,31.7,67.0,1016.0,7.5,57.0,40.0
2017-07-30,5.7,20.0,31.4,68.0,1015.2,5.0,261.0,70.0
2017-07-31,0.0,20.1,34.7,63.0,1016.3,5.3,117.0,13.0
2017-08-01,0.6,21.2,37.0,59.0,1017.0,5.1,82.0,8.0
2017-08-02,0.0,23.1,37.7,50.0,1015.8,6.6,251.0,30.0
2017-08-03,0.1,24.5,38.6,53.0,1014.6,6.1,73.0,32.0
2017-08-04,0.0,24.8,38.1,50.0,1011.1,5.1,30.0,16.0
2017-08-05,0.0,26.3,37.3,47.0,1010.6,9.4,79.0,17.0
2017-08-06,14.0,22.2,34.2,61.0,1011.7,8.9,28.0,51.0
2017-08-07,0.2,19.6,31.6,57.0,1016.0,9.9,67.0,30.0
2017-08-08,0.0,21.5,31.8,46.0,1013.8,10.1,66.0,25.0
2017-08-09,13.2,20.8,31.5,71.0,1012.7,8.6,39.0,36.0
2017-08-10,35.2,19.7,30.7,78.0,1012.4,7.4,31.0,51.0
2017-08-11,11.4,17.3,25.4,75.0,1010.8,6.5,337.0,56.0
2017-08-12,0.3,15.0,25.1,65.0,1013.8,5.9,42.0,34.0
2017-08-13,0.0,14.4,27.9,64.0,1017.6,5.2,28.0,30.0
2017-08-14,0.2,17.8,27.4,71.0,1019.8,5.4,44.0,33.0
2017-08-15,0.0,17.3,30.7,70.0,1019.6,5.0,266.0,10.0
2017-08-16,1.9,18.8,29.5,71.0,1017.6,4.5,335.0,59.0
2017-08-17,0.0,20.8,31.3,62.0,1017.4,5.4,31.0,29.0
2017-08-18,0.0,20.5,32.2,60.0,1015.8,4.8,49.0,41.0
2017-08-19,12.5,19.9,29.3,69.0,1013.0,7.5,29.0,75.0
2017-08-20,0.2,16.1,26.7,61.0,1016.9,7.7,61.0,24.0
2017-08-21,0.0,16.7,25.2,53.0,1019.8,7.8,78.0,11.0
2017-08-22,0.0,15.9,25.3,60.0,1019.4,5.3,32.0,32.0
2017-08-23,0.0,15.7,27.5,66.0,1017.2,4.6,65.0,28.0
2017-08-24,0.0,17.4,29.7,70.0,1018.1,5.4,66.0,18.0
2017-08-25,0.0,18.9,29.2,73.0,1018.9,4.2,44.0,43.0
2017-08-26,0.0,18.8,32.1,68.0,1017.1,4.3,307.0,27.0
2017-08-27,0.0,20.8,34.1,63.0,1014.6,4.7,293.0,29.0
2017-08-28,0.3,22.2,31.1,66.0,1014.5,6.9,59.0,59.0
2017-08-29,0.0,18.3,28.9,62.0,1016.5,7.3,67.0,4.0
2017-08-30,0.0,18.3,30.7,61.0,1015.5,5.2,85.0,16.0
2017-08-31,1.7,19.9,30.6,69.0,1014.1,5.4,63.0,46.0
2017-09-01,35.1,18.3,23.7,88.0,1012.4,6.6,35.0,71.0
2017-09-02,14.5,14.5,18.4,90.0,1009.2,10.5,40.0,68.0
2017-09-03,3.3,12.9,24.2,65.0,1010.9,7.7,246.0,48.0
2017-09-04,0.7,12.6,22.0,75.0,1016.5,6.1,49.0,37.0
2017-09-05,0.0,15.2,25.3,76.0,1019.5,5.1,27.0,30.0
2017-09-06,0.3,16.1,25.0,82.0,1016.6,5.2,40.0,58.0
2017-09-07,6.2,17.0,23.0,84.0,1013.1,12.4,55.0,65.0
2017-09-08,0.0,14.7,24.1,68.0,1012.9,9.4,59.0,31.0
2017-09-09,3.0,15.7,23.7,80.0,1006.2,6.9,45.0,55.0
2017-09-10,64.0,16.4,18.5,95.0,1003.1,11.3,53.0,98.0
2017-09-11,6.2,15.8,21.9,87.0,1002.0,7.8,31.0,92.0
2017-09-12,13.7,12.6,18.1,85.0,1006.6,8.2,60.0,60.0
2017-09-13,0.0,10.4,22.2,74.0,1017.2,7.2,221.0,25.0
2017-09-14,7.5,13.1,21.0,87.0,1012.5,4.5,352.0,48.0
2017-09-15,2.5,13.4,18.6,79.0,1012.2,12.3,47.0,78.0
2017-09-16,2.9,13.3,19.7,83.0,1009.7,5.6,58.0,91.0
2017-09-17,0.3,11.8,20.7,72.0,1010.8,11.4,242.0,39.0
2017-09-18,6.5,11.4,19.8,80.0,1014.4,5.2,50.0,76.0
2017-09-19,17.2,11.8,14.4,86.0,1011.9,9.6,266.0,100.0
2017-09-20,0.0,10.0,22.6,64.0,1014.5,8.0,229.0,58.0
2017-09-21,0.0,8.8,21.6,66.0,1018.3,6.6,268.0,4.0
2017-09-22,0.0,10.4,22.0,77.0,1020.0,5.2,354.0,20.0
2017-09-23,0.0,11.6,21.8,81.0,1020.4,4.4,348.0,68.0
2017-09-24,7.2,13.1,17.5,88.0,1018.8,7.6,42.0,70.0
2017-09-25,0.0,9.8,20.3,76.0,1019.7,8.8,24.0,20.0
2017-09-26,0.0,10.9,21.2,72.0,1021.1,7.8,33.0,29.0
2017-09-27,0.0,12.3,22.4,73.0,1023.0,6.6,26.0,33.0
2017-09-28,0.0,11.7,22.6,73.0,1025.5,7.0,37.0,62.0
2017-09-29,0.0,13.3,21.1,67.0,1024.6,6.8,45.0,84.0
2017-09-30,0.0,13.2,19.8,62.0,1021.4,7.8,47.0,51.0
2017-10-01,0.3,12.9,16.0,68.0,1021.5,6.4,22.0,93.0
2017-10-02,0.0,10.9,20.1,69.0,1023.2,4.6,40.0,35.0
2017-10-03,0.8,12.0,17.7,85.0,1020.1,3.1,347.0,77.0
2017-10-04,0.0,11.0,20.8,81.0,1023.9,4.6,312.0,61.0
2017-10-05,0.0,10.4,22.0,79.0,1016.8,8.8,249.0,44.0
2017-10-06,7.9,9.8,18.6,88.0,1010.8,7.9,21.0,42.0
2017-10-07,0.0,6.8,21.0,64.0,1018.6,6.5,287.0,6.0
2017-10-08,0.0,9.7,19.7,78.0,1015.3,4.5,346.0,54.0
2017-10-09,0.0,9.6,20.4,78.0,1017.0,5.1,18.0,36.0
2017-10-10,0.7,10.2,20.5,81.0,1019.0,4.7,17.0,35.0
2017-10-11,0.0,9.9,20.6,80.0,1022.6,4.6,273.0,47.0
2017-10-12,0.0,10.1,21.2,85.0,1024.1,4.3,334.0,40.0
2017-10-13,0.0,9.9,22.2,83.0,1026.1,4.3,317.0,21.0
2017-10-14,0.0,10.7,22.8,81.0,1027.3,3.6,297.0,1.0
2017-10-15,0.0,10.6,23.7,78.0,1027.8,5.2,262.0,0.0
2017-10-16,0.0,10.5,23.6,75.0,1026.8,4.7,252.0,0.0
2017-10-17,0.0,9.8,22.0,73.0,1024.5,3.7,255.0,68.0
2017-10-18,0.1,10.2,18.8,88.0,1019.9,2.3,113.0,61.0
2017-10-19,0.0,8.9,18.2,87.0,1018.6,3.5,255.0,59.0
2017-10-20,0.0,8.7,16.3,91.0,1019.8,5.0,252.0,56.0
2017-10-21,0.0,9.0,17.9,88.0,1020.2,3.4,316.0,86.0
2017-10-22,20.0,10.3,16.2,87.0,1013.4,8.4,42.0,100.0
2017-10-23,0.0,9.1,19.9,57.0,1012.6,11.5,281.0,30.0
2017-10-24,0.0,8.6,22.0,52.0,1019.2,9.0,304.0,8.0
2017-10-25,0.0,6.0,18.5,70.0,1025.4,4.7,296.0,54.0
2017-10-26,0.0,7.5,19.4,74.0,1025.2,5.8,258.0,47.0
2017-10-27,0.0,8.0,18.1,85.0,1018.2,6.6,344.0,54.0
2017-10-28,0.0,5.0,17.2,61.0,1018.5,8.1,326.0,72.0
2017-10-29,0.0,5.6,17.0,80.0,1006.5,8.2,350.0,89.0
2017-10-30,0.0,7.2,17.8,67.0,1015.3,8.2,41.0,16.0
2017-10-31,0.1,7.0,14.5,59.0,1024.3,7.4,28.0,60.0
2017-11-01,0.0,4.3,15.9,77.0,1024.4,5.3,292.0,13.0
2017-11-02,0.0,4.3,14.6,87.0,1020.3,5.1,281.0,92.0
2017-11-03,0.0,5.7,16.1,84.0,1017.1,5.2,353.0,14.0
2017-11-04,0.7,7.3,13.9,88.0,1018.6,4.4,12.0,86.0
2017-11-05,14.8,8.6,14.2,93.0,1011.1,9.7,85.0,94.0
2017-11-06,7.8,8.9,14.5,70.0,1008.4,13.3,38.0,96.0
2017-11-07,8.8,9.2,12.5,75.0,1012.7,16.5,56.0,100.0
2017-11-08,0.1,6.2,14.7,79.0,1015.3,4.6,359.0,67.0
2017-11-09,2.8,7.4,13.4,86.0,1020.2,9.2,43.0,75.0
2017-11-10,0.0,4.9,13.9,82.0,1020.4,6.7,286.0,48.0
2017-11-11,0.0,3.7,12.5,89.0,1014.9,4.4,300.0,58.0
2017-11-12,1.4,4.9,10.8,90.0,1007.3,4.9,326.0,79.0
2017-11-13,22.0,3.6,8.4,89.0,1000.5,8.1,243.0,100.0
2017-11-14,0.0,3.9,11.8,72.0,1016.2,5.9,33.0,47.0
2017-11-15,0.0,1.8,11.6,65.0,1021.5,5.6,27.0,19.0
2017-11-16,0.0,3.7,13.7,65.0,1021.1,6.0,21.0,30.0
2017-11-17,0.0,2.4,13.6,80.0,1019.4,6.5,5.0,28.0
2017-11-18,0.0,3.6,12.8,81.0,1018.6,5.2,271.0,27.0
2017-11-19,0.0,1.6,11.1,86.0,1014.5,5.0,322.0,25.0
2017-11-20,0.0,0.0,12.7,72.0,1019.5,6.6,276.0,16.0
2017-11-21,0.0,0.7,10.6,81.0,1019.0,5.5,317.0,51.0
2017-11-22,0.0,3.3,10.8,86.0,1020.2,5.5,322.0,52.0
2017-11-23,0.0,3.7,12.7,88.0,1020.3,4.7,257.0,69.0
2017-11-24,0.0,3.4,12.5,91.0,1021.6,3.4,292.0,94.0
2017-11-25,6.4,7.4,8.7,90.0,1014.8,3.8,22.0,98.0
2017-11-26,3.4,2.2,9.4,85.0,1015.8,6.9,11.0,66.0
2017-11-27,0.0,-1.5,8.6,59.0,1024.3,5.3,284.0,0.0
2017-11-28,0.2,-1.2,3.8,74.0,1017.6,4.9,345.0,87.0
2017-11-29,3.5,1.4,5.8,90.0,1006.9,5.1,21.0,99.0
2017-11-30,1.7,0.4,6.8,95.0,1001.9,6.0,234.0,60.0
2017-12-01,0.9,-2.6,7.0,74.0,1010.6,8.3,26.0,66.0
2017-12-02,0.0,-0.3,8.2,56.0,1016.4,13.9,54.0,94.0
2017-12-03,0.0,-4.0,7.1,68.0,1020.4,5.1,158.0,26.0
2017-12-04,0.0,-3.8,5.2,85.0,1026.6,5.0,271.0,25.0
2017-12-05,0.0,-5.1,7.4,84.0,1032.2,3.4,284.0,40.0
2017-12-06,0.0,-2.7,6.7,82.0,1032.7,5.7,305.0,4.0
2017-12-07,0.0,-2.5,5.6,86.0,1029.6,4.9,335.0,30.0
2017-12-08,1.8,0.6,3.5,94.0,1016.0,3.8,330.0,91.0
2017-12-09,1.7,-2.2,7.6,74.0,1010.9,7.0,268.0,62.0
2017-12-10,4.0,-4.6,0.1,69.0,1012.0,5.0,28.0,76.0
2017-12-11,13.5,-1.2,8.7,94.0,1000.6,6.0,28.0,100.0
2017-12-12,7.3,3.9,11.0,89.0,1006.1,7.4,213.0,95.0
2017-12-13,0.1,-0.3,7.9,89.0,1015.8,6.2,15.0,57.0
2017-12-14,0.1,1.5,6.5,92.0,1008.0,4.0,175.0,81.0
2017-12-15,2.0,2.4,8.6,91.0,999.3,4.5,232.0,95.0
2017-12-16,11.3,-1.7,8.1,85.0,1005.9,8.6,346.0,62.0
2017-12-17,0.0,-2.2,8.4,74.0,1018.2,6.1,293.0,16.0
2017-12-18,0.0,-4.2,5.3,67.0,1024.2,6.8,336.0,32.0
2017-12-19,0.0,-3.1,5.3,75.0,1031.3,4.8,2.0,42.0
2017-12-20,0.0,-3.8,6.0,88.0,1032.8,3.3,270.0,27.0
2017-12-21,0.0,-4.4,5.3,80.0,1034.1,4.0,271.0,19.0
2017-12-22,0.0,-4.6,8.5,79.0,1030.9,5.4,252.0,49.0
2017-12-23,0.0,-2.1,8.3,78.0,1030.4,4.6,290.0,31.0
2017-12-24,0.0,-3.1,7.0,85.0,1028.1,3.9,275.0,16.0
2017-12-25,0.0,-3.1,6.8,79.0,1026.5,5.1,311.0,14.0
2017-12-26,1.3,1.0,6.1,94.0,1017.6,3.3,39.0,96.0
2017-12-27,17.6,3.8,7.4,96.0,998.1,8.1,50.0,100.0
2017-12-28,4.4,3.1,7.8,93.0,991.4,5.6,355.0,95.0
2017-12-29,0.0,-0.9,7.8,62.0,1009.3,7.2,279.0,58.0
2017-12-30,0.9,-2.7,4.3,82.0,1015.8,3.6,268.0,55.0
2017-12-31,0.0,-2.3,5.8,77.0,1020.3,5.4,319.0,36.0
2018-01-01,16.4,0.2,5.5,91.0,1012.6,6.9,311.0,95.0
2018-01-02,0.1,0.3,13.1,78.0,1011.2,9.0,290.0,54.0
2018-01-03,1.0,-1.6,3.8,88.0,1010.6,4.7,347.0,46.0
2018-01-04,0.0,-2.0,7.5,87.0,1007.9,5.5,354.0,79.0
2018-01-05,0.0,-0.3,9.8,79.0,1008.7,5.1,312.0,57.0
2018-01-06,0.0,5.6,9.9,84.0,1012.7,4.3,43.0,86.0
2018-01-07,0.2,3.9,10.3,89.0,1019.6,10.3,48.0,95.0
2018-01-08,6.1,9.6,11.7,90.0,1023.5,15.2,56.0,100.0
2018-01-09,25.5,6.5,11.6,95.0,1020.0,11.3,51.0,93.0
2018-01-10,0.0,2.1,10.7,96.0,1015.6,6.1,237.0,68.0
2018-01-11,0.3,2.6,9.5,93.0,1013.5,5.2,11.0,86.0
2018-01-12,0.0,0.8,10.7,81.0,1019.7,7.4,358.0,22.0
2018-01-13,0.0,0.8,9.5,76.0,1022.5,4.7,318.0,74.0
2018-01-14,0.0,0.0,7.0,81.0,1022.3,7.2,31.0,55.0
2018-01-15,0.1,1.9,6.0,72.0,1023.2,4.6,27.0,77.0
2018-01-16,1.4,1.7,5.9,95.0,1010.2,5.1,183.0,86.0
2018-01-17,0.8,0.9,12.0,70.0,1002.6,9.8,273.0,59.0
2018-01-18,0.0,-1.0,9.9,57.0,1013.0,10.7,231.0,9.0
2018-01-19,0.0,-1.9,9.0,71.0,1009.5,4.7,337.0,14.0
2018-01-20,1.1,-1.1,8.2,82.0,1012.0,6.1,50.0,64.0
2018-01-21,1.6,-1.1,9.7,90.0,1006.8,6.0,129.0,54.0
2018-01-22,0.5,-0.2,8.2,63.0,1016.0,6.9,68.0,51.0
2018-01-23,0.0,-1.2,8.5,84.0,1022.4,7.1,343.0,11.0
2018-01-24,0.0,-0.4,10.3,76.0,1030.6,3.2,264.0,16.0
2018-01-25,0.0,-0.2,5.4,92.0,1027.1,3.2,310.0,79.0
2018-01-26,0.0,3.0,8.3,93.0,1023.3,3.8,29.0,76.0
2018-01-27,0.0,0.1,11.3,89.0,1029.3,4.4,324.0,74.0
2018-01-28,0.0,1.6,10.3,94.0,1034.5,5.1,266.0,87.0
2018-01-29,0.0,4.6,7.8,97.0,1032.3,3.1,232.0,100.0
2018-01-30,0.6,2.3,6.5,97.0,1028.8,4.7,349.0,95.0
2018-01-31,0.1,2.4,6.8,97.0,1023.0,3.2,235.0,95.0
2018-02-01,14.9,3.6,7.4,96.0,1007.8,4.2,25.0,99.0
2018-02-02,10.3,3.2,6.3,92.0,1004.6,7.8,37.0,99.0
2018-02-03,4.8,1.7,5.0,88.0,1002.9,11.2,73.0,88.0
2018-02-04,0.5,-3.3,8.1,85.0,1013.8,5.3,270.0,52.0
2018-02-05,0.0,-0.2,7.8,73.0,1021.9,8.1,47.0,88.0
2018-02-06,3.6,0.6,6.8,74.0,1016.0,9.6,53.0,99.0
2018-02-07,13.5,2.9,7.8,88.0,1007.7,8.5,22.0,96.0
2018-02-08,5.0,1.5,10.1,92.0,1012.8,5.3,160.0,87.0
2018-02-09,6.4,2.3,9.4,90.0,1015.8,4.9,41.0,65.0
2018-02-10,0.0,-1.3,9.7,84.0,1013.2,6.5,1.0,28.0
2018-02-11,0.0,-1.7,5.9,82.0,1012.4,5.1,349.0,63.0
2018-02-12,2.8,1.0,5.3,87.0,1010.8,7.2,38.0,98.0
2018-02-13,0.0,-1.6,7.2,73.0,1013.8,5.8,289.0,61.0
2018-02-14,0.0,-4.0,7.7,70.0,1015.2,3.7,288.0,34.0
2018-02-15,0.0,-3.5,6.8,78.0,1023.1,4.2,56.0,52.0
2018-02-16,0.0,-2.3,8.7,76.0,1024.8,5.0,343.0,17.0
2018-02-17,0.3,-0.8,8.7,75.0,1022.5,6.0,20.0,87.0
2018-02-18,3.2,2.5,7.9,84.0,1019.9,9.1,43.0,93.0
2018-02-19,0.0,-0.1,7.7,68.0,1019.0,9.3,47.0,68.0
2018-02-20,0.1,-1.7,7.2,69.0,1011.4,6.9,13.0,81.0
2018-02-21,0.0,0.5,7.8,72.0,1009.6,5.2,20.0,99.0
2018-02-22,7.1,1.9,4.4,83.0,1008.7,11.0,60.0,100.0
2018-02-23,11.7,1.4,7.9,75.0,1009.6,16.8,61.0,100.0
2018-02-24,4.0,2.7,10.1,63.0,1011.7,14.0,66.0,78.0
2018-02-25,1.3,-3.3,2.3,46.0,1016.2,16.7,68.0,90.0
2018-02-26,0.0,-6.8,1.3,40.0,1012.8,14.7,62.0,38.0
2018-02-27,0.1,-5.1,1.0,48.0,1011.1,6.1,349.0,88.0
2018-02-28,0.0,-6.0,0.1,67.0,1018.1,8.0,69.0,85.0
2018-03-01,5.8,-3.9,-1.8,74.0,1014.7,8.4,49.0,100.0
2018-03-02,5.6,-2.4,3.1,91.0,999.5,5.4,224.0,93.0
2018-03-03,4.5,-2.2,4.9,95.0,999.8,7.3,75.0,92.0
2018-03-04,0.5,-2.3,10.5,89.0,1003.9,7.9,180.0,93.0
2018-03-05,5.7,2.2,8.3,92.0,1000.0,5.0,31.0,100.0
2018-03-06,6.6,4.1,7.4,89.0,993.9,4.8,29.0,99.0
2018-03-07,3.1,1.8,8.0,94.0,999.5,7.2,29.0,96.0
2018-03-08,0.1,-1.2,12.8,83.0,1008.5,4.8,206.0,15.0
2018-03-09,0.0,2.9,13.8,83.0,1015.0,5.3,226.0,79.0
2018-03-10,0.5,3.9,11.8,91.0,1014.6,3.8,222.0,99.0
2018-03-11,32.6,7.2,9.6,97.0,1008.0,9.1,49.0,100.0
2018-03-12,1.4,5.8,14.0,86.0,1001.4,10.1,220.0,61.0
2018-03-13,1.6,5.7,13.6,89.0,1006.1,4.7,8.0,78.0
2018-03-14,1.2,6.3,14.9,85.0,1010.5,5.1,51.0,54.0
2018-03-15,9.5,5.6,11.1,93.0,1007.5,8.2,46.0,84.0
2018-03-16,7.6,6.7,14.8,81.0,1001.8,11.7,237.0,72.0
2018-03-17,7.3,7.3,10.2,91.0,997.4,9.2,62.0,99.0
2018-03-18,10.9,3.4,8.9,86.0,997.3,18.5,55.0,100.0
2018-03-19,21.1,1.2,5.2,91.0,1001.6,14.4,47.0,99.0
2018-03-20,0.0,0.6,9.1,66.0,1007.3,11.5,64.0,81.0
2018-03-21,0.0,0.5,9.7,49.0,1017.3,9.4,58.0,53.0
2018-03-22,0.0,-2.4,10.2,55.0,1016.1,6.6,57.0,1.0
2018-03-23,0.0,-1.0,10.7,71.0,1005.2,7.6,216.0,31.0
2018-03-24,0.0,1.3,11.0,72.0,1004.6,6.2,125.0,62.0
2018-03-25,0.0,2.5,11.6,69.0,1008.2,7.6,73.0,49.0
2018-03-26,0.0,-0.5,13.6,71.0,1010.1,5.2,225.0,28.0
2018-03-27,0.5,4.3,13.3,82.0,1013.3,6.3,49.0,49.0
2018-03-28,0.0,4.3,15.2,75.0,1010.7,6.8,105.0,64.0
2018-03-29,3.5,6.5,12.7,88.0,1007.3,6.7,41.0,84.0
2018-03-30,5.0,6.7,15.7,88.0,1007.4,10.5,54.0,74.0
2018-03-31,8.1,6.7,12.9,89.0,998.7,7.6,56.0,89.0
2018-04-01,1.0,5.9,17.2,62.0,1003.7,9.0,255.0,59.0
2018-04-02,0.0,2.9,16.3,65.0,1014.6,4.8,173.0,28.0
2018-04-03,1.2,5.2,15.2,82.0,1017.4,4.3,67.0,76.0
2018-04-04,14.8,8.4,12.5,88.0,1016.2,8.0,50.0,98.0
2018-04-05,3.0,7.3,16.1,84.0,1013.2,6.8,226.0,48.0
2018-04-06,0.3,5.8,18.5,84.0,1019.4,6.4,56.0,46.0
2018-04-07,0.0,8.0,18.1,75.0,1019.3,5.7,70.0,34.0
2018-04-08,0.2,6.4,17.5,68.0,1016.2,7.0,72.0,24.0
2018-04-09,3.5,6.9,19.8,78.0,1009.9,9.8,63.0,94.0
2018-04-10,2.1,8.3,16.6,83.0,1009.5,7.6,222.0,79.0
2018-04-11,9.1,5.0,16.2,87.0,1009.5,9.2,50.0,71.0
2018-04-12,19.9,11.1,14.4,90.0,1007.3,14.2,58.0,100.0
2018-04-13,8.2,8.2,16.8,77.0,1012.9,7.8,226.0,39.0
2018-04-14,0.0,6.8,19.8,70.0,1019.8,5.6,25.0,52.0
2018-04-15,2.3,9.0,22.3,71.0,1012.1,8.0,25.0,89.0
2018-04-16,4.2,10.6,22.8,76.0,1010.5,5.6,354.0,52.0
2018-04-17,1.9,10.7,21.7,75.0,1020.5,5.9,43.0,23.0
2018-04-18,0.0,10.3,23.2,65.0,1027.5,6.9,76.0,15.0
2018-04-19,0.0,10.1,23.9,65.0,1027.6,6.9,348.0,2.0
2018-04-20,0.0,11.6,26.8,61.0,1023.3,6.2,276.0,0.0
2018-04-21,0.0,11.7,25.7,63.0,1019.7,5.7,185.0,1.0
2018-04-22,0.0,11.2,24.4,71.0,1017.7,5.3,80.0,2.0
2018-04-23,0.0,10.6,24.4,78.0,1016.5,5.1,56.0,19.0
2018-04-24,0.0,12.1,23.9,75.0,1016.5,4.8,56.0,42.0
2018-04-25,0.0,12.8,24.2,75.0,1014.6,5.6,201.0,8.0
2018-04-26,1.3,12.9,23.7,80.0,1012.0,6.6,49.0,35.0
2018-04-27,1.0,13.8,21.4,66.0,1014.8,13.4,60.0,55.0
2018-04-28,0.0,10.9,24.0,69.0,1013.0,6.0,64.0,39.0
2018-04-29,0.2,12.7,24.1,79.0,1011.0,6.5,54.0,59.0
2018-04-30,0.6,13.4,20.7,65.0,1009.4,13.2,234.0,38.0
2018-05-01,0.2,8.8,19.0,63.0,1012.1,4.7,203.0,92.0
2018-05-02,10.8,11.8,22.4,80.0,1009.1,7.3,29.0,99.0
2018-05-03,4.2,14.0,22.7,79.0,1005.2,8.0,359.0,86.0
2018-05-04,19.9,14.6,21.9,86.0,1010.6,9.7,39.0,80.0
2018-05-05,1.1,12.6,23.2,80.0,1015.5,7.7,357.0,73.0
2018-05-06,0.8,15.0,25.9,70.0,1015.8,5.0,328.0,50.0
2018-05-07,0.8,14.8,24.3,70.0,1014.9,6.4,9.0,85.0
2018-05-08,0.0,13.5,24.0,68.0,1009.0,6.8,20.0,54.0
2018-05-09,1.0,11.9,22.0,73.0,1006.9,6.7,36.0,64.0
2018-05-10,4.2,14.4,22.6,73.0,1009.4,5.2,271.0,56.0
2018-05-11,4.9,13.0,24.2,78.0,1014.8,6.9,18.0,40.0
2018-05-12,2.5,13.0,24.2,75.0,1014.3,5.4,230.0,25.0
2018-05-13,11.4,14.1,23.3,86.0,1010.3,6.8,18.0,46.0
2018-05-14,8.5,13.7,19.3,77.0,1009.1,11.8,240.0,84.0
2018-05-15,4.5,11.4,15.5,76.0,1009.8,10.0,237.0,96.0
2018-05-16,0.3,8.5,19.4,80.0,1012.7,5.3,216.0,57.0
2018-05-17,3.0,10.9,19.8,84.0,1014.7,4.5,30.0,91.0
2018-05-18,0.1,10.7,21.4,79.0,1016.2,4.0,23.0,42.0
2018-05-19,0.7,11.9,22.7,70.0,1016.2,6.3,43.0,47.0
2018-05-20,1.4,12.6,22.7,68.0,1016.5,10.2,56.0,33.0
2018-05-21,0.6,15.6,24.3,64.0,1014.4,9.7,48.0,55.0
2018-05-22,29.2,14.8,18.3,88.0,1013.5,8.7,27.0,95.0
2018-05-23,3.9,13.6,22.2,83.0,1015.9,4.7,19.0,85.0
2018-05-24,0.4,16.1,25.1,73.0,1016.2,3.8,4.0,49.0
2018-05-25,0.0,14.2,26.2,72.0,1015.5,4.9,266.0,45.0
2018-05-26,0.0,16.0,26.9,75.0,1018.8,5.3,79.0,68.0
2018-05-27,3.7,17.0,26.5,77.0,1018.3,4.7,3.0,78.0
2018-05-28,2.4,17.3,26.0,78.0,1017.8,4.7,359.0,81.0
2018-05-29,11.8,17.4,25.4,83.0,1016.2,4.9,358.0,78.0
2018-05-30,0.0,15.7,26.9,80.0,1014.9,5.2,297.0,71.0
2018-05-31,2.2,18.0,27.5,78.0,1014.9,7.3,233.0,58.0
2018-06-01,0.2,17.2,26.2,76.0,1015.7,8.0,232.0,34.0
2018-06-02,2.6,16.7,25.9,77.0,1016.4,3.8,213.0,40.0
2018-06-03,0.3,16.5,27.3,74.0,1015.7,3.3,6.0,55.0
2018-06-04,5.1,17.6,25.3,82.0,1011.0,4.5,331.0,92.0
2018-06-05,0.6,16.6,27.1,78.0,1008.5,5.6,231.0,50.0
2018-06-06,8.0,17.2,26.6,81.0,1011.9,5.4,228.0,63.0
2018-06-07,6.6,18.4,25.1,88.0,1015.2,5.8,30.0,90.0
2018-06-08,9.6,18.0,23.9,85.0,1012.1,6.7,95.0,75.0
2018-06-09,0.0,16.3,27.7,75.0,1010.2,6.7,226.0,41.0
2018-06-10,0.0,16.5,28.4,76.0,1010.3,6.9,237.0,17.0
2018-06-11,0.4,20.0,28.7,79.0,1010.1,3.8,297.0,58.0
2018-06-12,12.6,18.3,26.5,87.0,1007.1,5.1,37.0,68.0
2018-06-13,6.1,17.1,25.0,82.0,1004.4,5.0,242.0,86.0
2018-06-14,0.0,17.6,25.5,67.0,1008.6,5.3,313.0,74.0
2018-06-15,0.1,16.3,25.4,65.0,1011.9,5.9,89.0,24.0
2018-06-16,0.0,16.6,26.4,63.0,1012.7,4.1,302.0,31.0
2018-06-17,0.0,16.6,27.7,66.0,1013.3,4.6,286.0,36.0
2018-06-18,0.0,18.8,27.5,68.0,1015.7,5.5,290.0,38.0
2018-06-19,0.0,18.2,28.4,62.0,1019.0,5.5,333.0,13.0
2018-06-20,0.0,18.9,29.0,63.0,1019.8,6.2,43.0,20.0
2018-06-21,0.0,19.3,29.2,66.0,1014.6,9.7,235.0,36.0
2018-06-22,9.7,17.5,23.2,79.0,1013.7,11.6,69.0,69.0
2018-06-23,0.2,15.5,23.1,65.0,1019.8,8.1,71.0,37.0
2018-06-24,0.5,14.7,23.9,71.0,1017.9,5.7,60.0,63.0
2018-06-25,8.9,15.4,22.5,78.0,1017.3,8.5,51.0,52.0
2018-06-26,0.0,15.0,24.6,61.0,1018.4,5.3,199.0,23.0
2018-06-27,2.1,14.6,24.6,70.0,1015.7,6.2,30.0,26.0
2018-06-28,0.1,14.0,25.8,62.0,1011.6,5.8,258.0,68.0
2018-06-29,0.0,16.2,29.4,57.0,1009.1,7.5,236.0,68.0
2018-06-30,0.0,18.1,31.1,64.0,1009.0,6.4,280.0,28.0
2018-07-01,0.1,19.6,26.3,66.0,1012.3,12.7,66.0,32.0
2018-07-02,0.0,20.0,27.7,62.0,1013.6,7.7,52.0,70.0
2018-07-03,4.9,19.5,27.8,77.0,1014.1,4.1,48.0,70.0
2018-07-04,0.0,19.2,28.8,74.0,1014.7,4.6,286.0,48.0
2018-07-05,1.4,19.3,28.1,76.0,1012.8,6.1,265.0,64.0
2018-07-06,1.3,17.9,27.5,75.0,1012.6,4.5,341.0,40.0
2018-07-07,1.0,17.8,27.8,72.0,1015.9,4.6,349.0,43.0
2018-07-08,1.6,18.1,28.3,69.0,1016.9,6.6,53.0,39.0
2018-07-09,0.3,18.5,28.5,67.0,1016.1,4.6,4.0,39.0
2018-07-10,1.6,19.1,26.8,71.0,1013.1,6.1,57.0,66.0
2018-07-11,23.5,17.6,21.9,87.0,1011.9,9.0,65.0,82.0
2018-07-12,0.6,18.1,26.6,79.0,1014.5,7.0,47.0,71.0
2018-07-13,2.1,18.3,27.9,80.0,1016.6,4.2,355.0,49.0
2018-07-14,6.3,19.0,29.1,74.0,1016.4,4.6,341.0,44.0
2018-07-15,0.5,19.2,28.4,74.0,1014.0,5.3,5.0,44.0
2018-07-16,15.0,18.7,26.9,82.0,1011.8,5.3,253.0,70.0
2018-07-17,0.5,17.3,28.7,79.0,1010.9,5.2,251.0,30.0
2018-07-18,0.0,17.1,30.8,67.0,1012.6,5.1,266.0,4.0
2018-07-19,0.0,18.9,30.5,71.0,1012.4,4.7,14.0,31.0
2018-07-20,4.8,20.2,28.7,78.0,1012.3,4.5,20.0,53.0
2018-07-21,1.7,19.5,26.7,81.0,1010.8,5.7,348.0,86.0
2018-07-22,6.1,18.0,27.9,81.0,1009.5,4.1,232.0,52.0
2018-07-23,0.0,18.3,29.5,73.0,1011.0,5.6,268.0,35.0
2018-07-24,0.0,18.3,29.8,69.0,1012.4,5.4,262.0,19.0
2018-07-25,0.1,20.4,29.7,71.0,1011.7,5.1,320.0,22.0
2018-07-26,2.8,21.0,27.8,75.0,1012.0,5.7,8.0,28.0
2018-07-27,0.0,20.0,30.4,66.0,1011.8,4.9,264.0,28.0
2018-07-28,0.0,19.6,30.7,72.0,1010.1,6.7,251.0,53.0
2018-07-29,0.3,21.2,30.3,76.0,1012.5,4.2,0.0,55.0
2018-07-30,0.3,21.1,32.3,71.0,1013.5,5.0,295.0,46.0
2018-07-31,0.0,22.2,32.8,70.0,1013.8,5.0,327.0,30.0
2018-08-01,5.6,22.1,32.9,73.0,1014.5,5.4,264.0,43.0
2018-08-02,0.5,22.9,31.1,71.0,1015.7,5.3,14.0,54.0
2018-08-03,0.0,21.7,31.6,71.0,1016.4,4.2,8.0,53.0
2018-08-04,0.1,22.0,31.7,68.0,1015.1,5.4,2.0,41.0
2018-08-05,0.0,21.7,32.3,68.0,1014.7,4.7,304.0,48.0
2018-08-06,0.0,22.1,32.3,72.0,1015.2,5.0,339.0,55.0
2018-08-07,0.2,21.5,31.5,69.0,1014.0,5.6,265.0,71.0
2018-08-08,0.2,21.3,30.3,77.0,1014.2,4.0,326.0,57.0
2018-08-09,0.4,21.0,31.1,77.0,1015.4,4.4,280.0,21.0
2018-08-10,0.1,20.0,29.9,74.0,1017.6,4.7,247.0,22.0
2018-08-11,0.3,20.9,29.2,71.0,1017.6,5.6,7.0,45.0
2018-08-12,0.5,21.5,29.3,62.0,1016.8,7.7,61.0,18.0
2018-08-13,1.9,18.7,29.9,72.0,1012.1,5.3,235.0,48.0
2018-08-14,1.7,19.1,25.8,83.0,1011.5,4.5,31.0,93.0
2018-08-15,0.0,18.9,28.5,66.0,1015.3,6.2,351.0,52.0
2018-08-16,0.0,18.7,28.8,60.0,1016.0,6.8,8.0,18.0
2018-08-17,0.0,17.4,30.0,61.0,1014.1,5.2,243.0,10.0
2018-08-18,0.0,18.3,31.2,64.0,1016.0,5.9,10.0,17.0
2018-08-19,0.0,20.9,31.5,57.0,1017.1,8.2,27.0,24.0
2018-08-20,0.0,20.9,32.5,55.0,1015.3,7.0,4.0,11.0
2018-08-21,0.0,20.9,32.1,56.0,1015.4,5.9,17.0,10.0
2018-08-22,0.0,20.3,31.9,58.0,1015.6,6.1,48.0,15.0
2018-08-23,0.0,20.5,31.6,62.0,1013.1,4.8,309.0,59.0
2018-08-24,7.2,19.5,30.0,72.0,1009.7,4.5,356.0,50.0
2018-08-25,26.6,18.3,24.9,82.0,1007.8,6.9,33.0,92.0
2018-08-26,29.0,14.6,21.8,69.0,1010.3,8.4,39.0,58.0
2018-08-27,0.0,12.1,24.4,67.0,1015.8,4.3,248.0,7.0
2018-08-28,0.0,13.9,27.8,65.0,1017.5,3.3,293.0,8.0
2018-08-29,0.0,14.7,28.3,64.0,1015.7,5.4,243.0,38.0
2018-08-30,0.9,17.7,27.4,72.0,1014.7,5.3,359.0,35.0
2018-08-31,5.1,18.0,21.9,82.0,1015.2,9.8,53.0,90.0
2018-09-01,11.2,16.9,21.3,88.0,1014.4,9.0,46.0,90.0
2018-09-02,51.3,16.2,22.9,84.0,1015.9,7.7,30.0,95.0
2018-09-03,5.1,15.4,23.4,80.0,1013.5,4.8,244.0,64.0
2018-09-04,0.0,14.2,25.6,81.0,1012.8,4.2,322.0,65.0
2018-09-05,0.1,15.5,26.4,78.0,1014.6,3.8,283.0,20.0
2018-09-06,4.1,16.2,26.7,83.0,1012.3,4.5,330.0,43.0
2018-09-07,10.8,17.9,23.0,91.0,1012.2,3.8,335.0,91.0
2018-09-08,0.0,15.8,26.5,76.0,1017.6,4.8,341.0,16.0
2018-09-09,0.0,15.5,27.3,74.0,1020.1,4.7,263.0,12.0
2018-09-10,0.0,17.2,28.0,79.0,1020.9,4.7,321.0,54.0
2018-09-11,0.0,17.6,28.3,79.0,1023.3,4.3,297.0,56.0
2018-09-12,0.0,17.9,28.7,79.0,1021.7,5.4,273.0,29.0
2018-09-13,0.0,18.3,27.7,82.0,1015.2,4.2,257.0,93.0
2018-09-14,0.7,17.5,27.0,80.0,1014.8,3.6,320.0,36.0
2018-09-15,1.2,17.2,25.7,81.0,1019.1,6.5,50.0,30.0
2018-09-16,0.0,16.8,27.1,76.0,1021.8,6.3,50.0,32.0
2018-09-17,0.1,17.3,27.1,77.0,1020.5,3.8,293.0,61.0
2018-09-18,0.4,18.2,26.2,79.0,1019.2,3.6,328.0,48.0
2018-09-19,0.0,17.3,27.0,82.0,1019.3,4.5,325.0,31.0
2018-09-20,0.0,17.8,28.2,71.0,1018.7,5.4,346.0,6.0
2018-09-21,0.0,17.0,27.9,70.0,1015.2,5.3,253.0,7.0
2018-09-22,2.4,16.3,26.4,82.0,1016.1,9.8,46.0,96.0
2018-09-23,0.5,15.7,24.8,78.0,1017.1,5.7,46.0,47.0
2018-09-24,0.2,15.2,23.3,68.0,1017.5,12.8,93.0,45.0
2018-09-25,0.0,9.6,19.3,46.0,1032.0,9.0,60.0,6.0
2018-09-26,0.0,9.3,17.0,53.0,1037.0,9.4,49.0,25.0
2018-09-27,0.0,7.8,22.8,64.0,1029.6,4.5,251.0,21.0
2018-09-28,0.0,8.5,25.3,56.0,1017.9,6.2,262.0,0.0
2018-09-29,0.0,13.0,23.9,55.0,1018.9,10.9,62.0,19.0
2018-09-30,0.0,12.1,19.8,53.0,1019.5,6.8,61.0,14.0
2018-10-01,6.6,10.2,17.8,77.0,1010.4,9.4,50.0,64.0
2018-10-02,0.1,10.5,19.1,68.0,1016.9,7.6,72.0,52.0
2018-10-03,0.0,7.1,20.6,71.0,1020.9,4.8,357.0,27.0
2018-10-04,0.0,9.3,21.9,64.0,1024.9,8.0,51.0,26.0
2018-10-05,0.7,9.2,22.2,64.0,1023.5,8.2,46.0,32.0
2018-10-06,11.4,13.7,18.0,86.0,1018.2,8.1,35.0,96.0
2018-10-07,2.7,14.2,21.2,86.0,1013.8,4.3,9.0,58.0
2018-10-08,0.5,12.7,22.3,85.0,1018.9,3.9,6.0,25.0
2018-10-09,0.0,13.1,23.0,79.0,1021.3,6.8,38.0,9.0
2018-10-10,0.0,13.2,23.4,73.0,1021.9,8.6,61.0,4.0
2018-10-11,0.0,12.3,22.3,70.0,1021.2,7.3,66.0,52.0
2018-10-12,0.0,13.4,23.7,72.0,1024.3,4.0,256.0,19.0
2018-10-13,0.0,11.8,22.7,76.0,1024.2,8.1,43.0,0.0
2018-10-14,0.5,11.7,22.2,68.0,1020.6,7.5,57.0,18.0
2018-10-15,0.2,12.1,19.2,80.0,1019.3,8.9,48.0,46.0
2018-10-16,0.0,11.1,20.9,79.0,1020.3,5.7,33.0,83.0
2018-10-17,1.1,13.7,19.2,81.0,1019.2,5.3,24.0,86.0
2018-10-18,0.0,13.5,22.8,75.0,1016.4,4.6,10.0,75.0
2018-10-19,0.0,13.4,22.8,72.0,1018.2,4.9,31.0,45.0
2018-10-20,0.0,12.0,21.5,75.0,1022.6,6.2,51.0,30.0
2018-10-21,9.1,9.6,17.5,87.0,1021.9,9.7,38.0,58.0
2018-10-22,0.0,5.2,18.6,67.0,1022.4,6.9,15.0,2.0
2018-10-23,0.0,5.4,19.1,65.0,1022.0,8.9,248.0,30.0
2018-10-24,0.0,7.1,22.2,78.0,1012.1,5.6,112.0,45.0
2018-10-25,0.0,9.6,19.4,82.0,1016.5,7.4,42.0,59.0
2018-10-26,2.4,12.4,16.1,89.0,1013.4,4.4,14.0,99.0
2018-10-27,7.1,11.6,15.8,95.0,1004.8,6.4,36.0,96.0
2018-10-28,30.7,13.0,17.5,95.0,1000.3,9.1,55.0,97.0
2018-10-29,51.2,11.9,18.4,92.0,998.8,16.4,83.0,84.0
2018-10-30,4.3,8.8,14.9,84.0,1006.4,5.7,115.0,60.0
2018-10-31,0.0,6.2,16.3,80.0,1020.8,8.0,52.0,66.0
2018-11-01,16.9,10.8,14.9,87.0,1018.5,12.6,46.0,87.0
2018-11-02,6.4,10.5,14.1,93.0,1019.2,6.1,18.0,100.0
2018-11-03,0.2,11.7,19.7,86.0,1021.3,6.7,25.0,75.0
2018-11-04,3.8,10.5,19.8,82.0,1017.3,9.5,62.0,80.0
2018-11-05,27.5,13.5,14.8,93.0,1015.7,11.9,51.0,99.0
2018-11-06,4.1,13.3,16.3,91.0,1016.1,11.8,43.0,94.0
2018-11-07,2.9,11.9,16.2,95.0,1016.6,8.3,33.0,77.0
2018-11-08,0.7,10.0,17.3,90.0,1020.4,3.5,251.0,39.0
2018-11-09,0.0,9.6,16.9,91.0,1019.1,3.5,113.0,89.0
2018-11-10,0.0,8.6,15.5,91.0,1017.0,4.0,190.0,54.0
2018-11-11,0.5,9.5,14.4,93.0,1019.8,4.4,14.0,58.0
2018-11-12,0.0,8.6,16.4,93.0,1025.1,5.6,225.0,50.0
2018-11-13,0.0,9.9,14.8,96.0,1027.0,4.9,276.0,91.0
2018-11-14,0.0,8.2,16.9,88.0,1028.2,4.2,335.0,45.0
2018-11-15,0.0,6.8,14.9,86.0,1026.3,5.7,18.0,38.0
2018-11-16,0.0,4.0,11.6,71.0,1027.5,11.0,41.0,29.0
2018-11-17,0.0,2.6,12.2,66.0,1026.3,9.2,45.0,4.0
2018-11-18,0.0,-0.4,9.7,66.0,1022.0,5.8,34.0,12.0
2018-11-19,0.3,0.1,7.8,69.0,1011.7,13.2,48.0,67.0
2018-11-20,9.5,3.7,8.1,82.0,1007.5,11.0,47.0,96.0
2018-11-21,0.0,3.1,12.0,84.0,1013.2,4.8,211.0,76.0
2018-11-22,1.2,7.1,11.1,90.0,1019.3,3.3,280.0,91.0
2018-11-23,15.9,4.4,10.7,95.0,1022.3,6.1,33.0,99.0
2018-11-24,18.4,7.5,13.8,92.0,1015.0,6.2,20.0,81.0
2018-11-25,3.1,7.6,12.2,90.0,1008.3,4.2,293.0,99.0
2018-11-26,14.6,8.0,9.7,97.0,1000.5,6.1,304.0,100.0
2018-11-27,2.7,7.1,13.1,83.0,1007.9,5.6,10.0,64.0
2018-11-28,0.0,1.0,10.8,80.0,1020.4,5.4,39.0,11.0
2018-11-29,0.0,-0.7,7.0,74.0,1027.0,5.7,35.0,56.0
2018-11-30,0.0,-0.3,6.3,68.0,1022.0,7.0,31.0,87.0
2018-12-01,0.0,-0.8,8.8,77.0,1020.0,4.8,261.0,43.0
2018-12-02,0.2,2.9,8.5,82.0,1018.5,7.0,224.0,95.0
2018-12-03,1.5,3.3,9.7,88.0,1014.8,4.3,339.0,75.0
2018-12-04,0.0,2.0,9.9,91.0,1015.4,5.2,269.0,39.0
2018-12-05,0.0,1.8,11.3,80.0,1025.2,8.1,34.0,59.0
2018-12-06,2.0,4.4,8.7,86.0,1023.9,6.4,47.0,74.0
2018-12-07,0.0,1.9,8.3,97.0,1021.1,4.0,229.0,90.0
2018-12-08,8.9,3.6,12.0,93.0,1012.3,7.1,118.0,52.0
2018-12-09,0.0,2.6,10.1,92.0,1008.8,4.3,274.0,75.0
2018-12-10,0.0,1.5,14.7,49.0,1013.3,13.9,312.0,35.0
2018-12-11,0.0,-1.6,10.7,48.0,1018.0,11.3,319.0,2.0
2018-12-12,0.0,-3.3,8.3,58.0,1019.5,5.6,291.0,0.0
2018-12-13,0.0,-4.1,5.1,64.0,1017.1,12.4,43.0,61.0
2018-12-14,0.0,-3.2,6.8,69.0,1017.0,9.0,34.0,26.0
2018-12-15,0.0,-5.2,5.6,74.0,1020.1,7.5,227.0,1.0
2018-12-16,0.0,-4.5,2.4,84.0,1020.0,4.0,1.0,87.0
2018-12-17,0.0,-1.0,8.3,79.0,1020.6,4.8,310.0,86.0
2018-12-18,0.0,-3.5,5.8,83.0,1028.4,4.3,272.0,13.0
2018-12-19,0.4,0.5,4.2,69.0,1024.9,3.0,303.0,79.0
2018-12-20,5.7,-0.7,7.8,90.0,1022.5,7.5,252.0,47.0
2018-12-21,0.0,-0.6,3.2,97.0,1025.7,5.6,217.0,94.0
2018-12-22,0.0,-0.3,4.4,96.0,1021.8,4.5,333.0,97.0
2018-12-23,0.2,-0.1,5.9,96.0,1023.6,3.5,247.0,93.0
2018-12-24,0.0,0.0,6.9,95.0,1019.0,6.1,329.0,81.0
2018-12-25,0.0,-2.4,7.0,82.0,1029.4,5.8,300.0,38.0
2018-12-26,0.0,-2.9,5.0,92.0,1031.0,5.1,266.0,31.0
2018-12-27,0.0,-3.7,5.5,94.0,1028.3,4.4,220.0,64.0
2018-12-28,0.0,-3.0,4.9,87.0,1025.2,4.0,222.0,69.0
2018-12-29,0.0,-2.6,9.4,70.0,1026.7,3.8,338.0,20.0
2018-12-30,0.0,-3.2,7.4,82.0,1025.1,4.9,238.0,40.0
2018-12-31,0.0,-2.1,8.8,75.0,1027.1,6.2,337.0,31.0
2019-01-01,0.0,0.4,8.0,81.0,1027.4,8.2,294.0,58.0
2019-01-02,0.0,-1.3,9.7,74.0,1020.2,8.5,305.0,49.0
2019-01-03,0.0,-3.4,6.8,53.0,1027.1,6.5,305.0,7.0
2019-01-04,0.0,-5.2,5.2,61.0,1029.4,5.5,281.0,35.0
2019-01-05,0.0,-6.1,3.5,71.0,1022.8,3.7,292.0,42.0
2019-01-06,0.0,-6.4,10.8,72.0,1020.0,5.5,151.0,32.0
2019-01-07,0.0,-2.9,6.5,91.0,1026.8,5.9,357.0,71.0
2019-01-08,0.0,-2.6,4.6,97.0,1018.4,4.8,304.0,84.0
2019-01-09,0.1,-3.6,6.8,87.0,1006.7,7.1,256.0,79.0
2019-01-10,0.0,-2.4,9.1,53.0,1011.3,6.8,303.0,62.0
2019-01-11,0.0,-3.8,5.9,69.0,1019.9,4.3,288.0,42.0
2019-01-12,0.0,-4.6,4.5,78.0,1018.9,4.4,305.0,57.0
2019-01-13,0.1,-4.0,7.5,80.0,1010.8,5.5,257.0,59.0
2019-01-14,0.0,-3.5,10.7,74.0,1003.3,10.8,293.0,12.0
2019-01-15,0.0,-1.6,10.7,65.0,1016.6,7.2,296.0,29.0
2019-01-16,0.0,-1.7,8.9,72.0,1018.9,4.9,337.0,27.0
2019-01-17,5.3,0.2,4.6,87.0,1014.4,4.8,28.0,89.0
2019-01-18,2.2,2.0,7.7,88.0,1012.9,8.0,58.0,90.0
2019-01-19,0.0,-0.9,5.3,63.0,1017.3,11.2,43.0,97.0
2019-01-20,0.0,-2.3,6.0,71.0,1015.6,3.9,130.0,22.0
2019-01-21,0.0,-1.6,6.1,75.0,1017.3,7.3,25.0,83.0
2019-01-22,0.2,-2.9,6.8,71.0,1010.0,4.9,36.0,88.0
2019-01-23,3.4,-1.3,3.1,81.0,999.3,9.2,40.0,95.0
2019-01-24,0.0,-2.7,7.8,66.0,1000.2,8.4,44.0,34.0
2019-01-25,0.0,-4.4,6.8,69.0,1007.5,5.4,328.0,0.0
2019-01-26,0.0,-5.0,6.2,78.0,1011.3,4.1,324.0,62.0
2019-01-27,4.5,-3.7,2.6,79.0,1003.1,5.4,4.0,89.0
2019-01-28,1.2,-1.8,5.9,96.0,995.9,5.8,241.0,93.0
2019-01-29,0.1,-2.8,8.7,79.0,1005.2,5.9,309.0,30.0
2019-01-30,0.1,-2.0,5.0,77.0,1001.7,8.1,39.0,87.0
2019-01-31,1.8,-1.4,6.9,81.0,1002.5,5.2,48.0,70.0
2019-02-01,24.8,0.8,6.7,93.0,1000.2,8.6,44.0,100.0
2019-02-02,20.6,4.5,9.8,95.0,996.6,6.6,55.0,99.0
2019-02-03,24.2,4.5,7.9,91.0,1003.1,9.3,348.0,100.0
2019-02-04,0.0,-1.4,10.4,72.0,1023.3,6.8,18.0,31.0
2019-02-05,0.0,-3.6,10.4,73.0,1025.4,6.2,277.0,3.0
2019-02-06,0.0,-3.2,11.8,71.0,1025.1,6.6,275.0,12.0
2019-02-07,0.0,-2.3,10.1,78.0,1020.4,4.1,248.0,50.0
2019-02-08,0.0,2.3,11.9,70.0,1019.7,4.4,47.0,68.0
2019-02-09,0.0,-0.3,11.0,77.0,1019.8,4.0,246.0,59.0
2019-02-10,1.5,4.2,7.9,88.0,1016.0,4.9,48.0,99.0
2019-02-11,1.9,-0.1,12.4,69.0,1009.2,9.9,272.0,64.0
2019-02-12,0.0,1.5,14.3,44.0,1024.0,11.4,299.0,19.0
2019-02-13,0.0,-2.6,11.1,69.0,1035.1,7.1,261.0,3.0
2019-02-14,0.0,-0.9,11.0,81.0,1035.2,5.9,316.0,32.0
2019-02-15,0.0,0.2,14.3,66.0,1032.3,5.7,292.0,8.0
2019-02-16,0.0,1.1,13.8,75.0,1031.3,4.3,287.0,35.0
2019-02-17,0.0,2.0,14.7,80.0,1027.6,5.5,262.0,11.0
2019-02-18,0.0,3.9,12.7,85.0,1024.1,2.9,311.0,5.0
2019-02-19,0.0,2.9,9.8,94.0,1022.5,2.7,22.0,76.0
2019-02-20,0.0,1.8,11.5,87.0,1024.4,3.6,269.0,62.0
2019-02-21,0.0,0.4,13.8,89.0,1027.1,5.7,235.0,27.0
2019-02-22,0.0,1.2,15.9,79.0,1024.9,7.0,294.0,3.0
2019-02-23,0.0,0.4,7.8,61.0,1034.4,9.2,122.0,21.0
2019-02-24,0.0,-2.2,8.2,63.0,1037.0,5.2,20.0,32.0
2019-02-25,0.0,-1.1,15.1,74.0,1033.6,3.9,259.0,24.0
2019-02-26,0.0,1.0,17.7,74.0,1028.6,5.9,253.0,71.0
2019-02-27,0.0,2.8,19.9,70.0,1024.6,7.0,229.0,48.0
2019-02-28,0.0,1.9,16.2,79.0,1019.1,5.6,344.0,15.0
2019-03-01,1.4,2.4,13.0,85.0,1013.3,5.8,1.0,44.0
2019-03-02,0.0,2.6,15.8,85.0,1014.8,5.2,190.0,48.0
2019-03-03,0.0,1.6,15.9,81.0,1017.7,4.0,254.0,70.0
2019-03-04,2.5,4.3,12.0,88.0,1011.4,6.4,323.0,59.0
2019-03-05,0.0,4.5,14.1,85.0,1010.8,5.8,264.0,44.0
2019-03-06,0.0,3.6,14.1,84.0,1016.8,4.2,50.0,82.0
2019-03-07,3.9,7.0,13.6,88.0,1012.0,8.0,56.0,91.0
2019-03-08,0.1,4.6,16.5,78.0,1015.4,8.2,226.0,35.0
2019-03-09,0.0,5.2,16.5,77.0,1020.0,9.2,241.0,63.0
2019-03-10,0.0,4.7,14.8,85.0,1016.7,5.8,305.0,75.0
2019-03-11,2.2,5.4,17.9,73.0,1013.5,8.1,347.0,75.0
2019-03-12,0.0,1.0,14.6,32.0,1021.7,11.5,248.0,12.0
2019-03-13,0.1,0.2,10.3,59.0,1014.4,5.6,151.0,42.0
2019-03-14,0.0,1.0,13.7,73.0,1012.2,7.1,234.0,43.0
2019-03-15,0.0,1.7,16.1,81.0,1010.0,5.1,69.0,17.0
2019-03-16,0.0,3.4,17.0,83.0,1013.7,6.0,38.0,53.0
2019-03-17,0.0,5.3,15.0,82.0,1013.9,5.8,231.0,58.0
2019-03-18,12.1,3.4,10.2,83.0,1013.9,8.2,44.0,86.0
2019-03-19,0.0,2.8,12.9,64.0,1022.6,7.6,48.0,55.0
2019-03-20,0.0,-0.2,13.1,62.0,1030.1,9.3,46.0,0.0
2019-03-21,0.0,0.8,14.9,57.0,1032.3,7.8,28.0,13.0
2019-03-22,0.0,0.9,17.9,59.0,1029.8,5.2,320.0,23.0
2019-03-23,0.0,3.2,20.3,56.0,1025.5,5.7,281.0,12.0
2019-03-24,0.0,4.5,21.7,55.0,1020.7,7.8,245.0,8.0
2019-03-25,2.7,6.4,19.6,72.0,1012.2,8.0,39.0,25.0
2019-03-26,0.2,5.7,15.5,56.0,1020.6,11.6,79.0,45.0
2019-03-27,0.0,2.8,14.3,56.0,1026.4,7.5,67.0,45.0
2019-03-28,0.0,2.9,15.2,61.0,1029.6,8.3,64.0,3.0
2019-03-29,0.0,4.2,17.0,61.0,1030.1,7.6,332.0,2.0
2019-03-30,0.0,3.1,18.9,61.0,1024.7,5.5,234.0,10.0
2019-03-31,0.0,6.0,20.8,58.0,1017.8,5.4,236.0,10.0
2019-04-01,0.0,6.6,21.5,53.0,1015.9,8.2,76.0,16.0
2019-04-02,0.1,8.3,20.3,61.0,1014.1,7.5,61.0,96.0
2019-04-03,4.5,9.6,17.3,79.0,1009.0,10.5,71.0,76.0
2019-04-04,28.5,9.1,15.0,89.0,1000.7,15.1,77.0,98.0
2019-04-05,19.9,7.8,13.5,87.0,1000.2,9.5,119.0,91.0
2019-04-06,0.4,8.0,13.8,84.0,1006.8,6.9,54.0,93.0
2019-04-07,0.4,6.2,15.0,82.0,1006.1,5.2,64.0,77.0
2019-04-08,3.1,5.8,15.8,82.0,1006.9,6.2,255.0,96.0
2019-04-09,6.2,8.0,15.7,85.0,1007.1,6.3,317.0,91.0
2019-04-10,9.5,7.3,17.8,82.0,1006.1,6.1,27.0,77.0
2019-04-11,24.6,10.3,13.1,92.0,1009.4,8.3,48.0,100.0
2019-04-12,0.6,8.8,13.9,80.0,1013.5,7.6,80.0,96.0
2019-04-13,1.1,8.0,13.4,77.0,1014.9,6.2,52.0,93.0
2019-04-14,2.4,8.2,12.2,67.0,1013.6,14.9,61.0,92.0
2019-04-15,0.3,6.1,17.2,67.0,1018.8,5.7,46.0,32.0
2019-04-16,0.0,6.5,17.6,64.0,1019.5,6.8,100.0,32.0
2019-04-17,0.1,5.7,20.2,64.0,1020.2,4.6,246.0,42.0
2019-04-18,0.0,8.3,19.3,64.0,1024.9,8.0,71.0,32.0
2019-04-19,0.0,10.7,19.7,59.0,1028.8,7.0,74.0,20.0
2019-04-20,0.0,6.9,21.9,57.0,1026.5,6.8,92.0,13.0
2019-04-21,0.0,8.6,21.7,61.0,1021.1,7.0,67.0,69.0
2019-04-22,0.4,7.1,17.9,72.0,1014.7,12.9,69.0,78.0
2019-04-23,35.8,11.4,13.6,93.0,1007.2,17.8,58.0,100.0
2019-04-24,14.0,11.5,20.3,88.0,1013.0,8.1,53.0,85.0
2019-04-25,1.9,11.5,20.3,87.0,1018.0,7.5,67.0,86.0
2019-04-26,7.5,10.8,19.3,86.0,1014.5,9.8,92.0,73.0
2019-04-27,0.0,7.1,20.5,70.0,1014.3,7.3,226.0,37.0
2019-04-28,7.4,7.5,14.1,81.0,1014.0,11.2,35.0,72.0
2019-04-29,13.3,7.4,14.0,79.0,1014.1,12.7,276.0,94.0
2019-04-30,0.0,6.1,19.3,70.0,1012.5,7.9,206.0,73.0
2019-05-01,0.3,7.8,21.2,65.0,1012.7,5.5,229.0,17.0
2019-05-02,0.0,8.8,21.2,73.0,1011.3,8.3,236.0,36.0
2019-05-03,4.9,10.6,17.4,83.0,1008.6,5.9,255.0,89.0
2019-05-04,11.3,10.7,17.4,89.0,1004.7,7.4,54.0,82.0
2019-05-05,43.1,6.5,11.0,86.0,1003.0,11.5,22.0,100.0
2019-05-06,1.7,6.2,16.1,70.0,1011.8,10.4,225.0,65.0
2019-05-07,1.2,5.1,14.9,79.0,1018.5,7.9,61.0,58.0
2019-05-08,3.9,8.1,16.2,83.0,1014.9,5.5,54.0,90.0
2019-05-09,8.2,9.8,18.0,80.0,1005.9,8.4,247.0,67.0
2019-05-10,0.9,10.9,20.0,81.0,1010.5,7.1,67.0,62.0
2019-05-11,14.4,11.2,18.7,88.0,1012.9,7.1,57.0,72.0
2019-05-12,31.2,10.1,13.2,82.0,1013.5,10.8,345.0,100.0
2019-05-13,2.5,10.4,15.8,76.0,1018.7,5.4,206.0,99.0
2019-05-14,0.6,5.8,14.7,73.0,1019.4,6.8,141.0,58.0
2019-05-15,3.7,5.6,13.7,79.0,1015.3,5.6,245.0,74.0
2019-05-16,0.2,7.2,18.0,72.0,1012.6,6.0,200.0,59.0
2019-05-17,0.1,9.2,18.0,75.0,1010.3,8.1,84.0,71.0
2019-05-18,12.2,11.1,15.0,90.0,1007.3,12.8,48.0,99.0
2019-05-19,34.9,12.4,16.9,92.0,1004.9,12.7,58.0,96.0
2019-05-20,8.3,11.5,16.8,90.0,1004.6,10.5,233.0,99.0
2019-05-21,4.1,11.7,20.2,84.0,1008.5,9.3,250.0,97.0
2019-05-22,2.0,13.4,21.3,86.0,1013.5,4.4,27.0,94.0
2019-05-23,0.9,12.7,22.4,82.0,1015.3,4.9,27.0,50.0
2019-05-24,3.8,13.0,23.3,87.0,1013.6,4.5,28.0,75.0
2019-05-25,3.5,14.1,23.3,85.0,1013.8,5.5,36.0,97.0
2019-05-26,0.2,14.2,22.7,78.0,1014.1,8.5,78.0,96.0
2019-05-27,12.8,12.8,16.6,92.0,1010.6,9.5,45.0,95.0
2019-05-28,13.4,12.8,21.6,87.0,1004.6,6.2,267.0,91.0
2019-05-29,15.1,11.9,15.3,89.0,1011.2,5.7,5.0,100.0
2019-05-30,6.2,11.9,19.3,81.0,1021.4,5.4,156.0,95.0
2019-05-31,0.0,12.9,23.0,69.0,1023.4,8.1,251.0,45.0
2019-06-01,0.0,12.8,25.7,65.0,1020.3,8.9,242.0,6.0
2019-06-02,0.0,14.4,27.2,70.0,1017.5,5.5,266.0,17.0
2019-06-03,0.0,16.9,27.1,74.0,1015.5,5.0,12.0,42.0
2019-06-04,0.0,16.7,26.9,78.0,1012.5,4.6,16.0,38.0
2019-06-05,0.4,15.9,26.7,83.0,1010.0,5.7,62.0,44.0
2019-06-06,1.1,18.0,24.2,83.0,1011.7,8.1,46.0,59.0
2019-06-07,0.0,15.5,25.0,75.0,1016.3,5.5,107.0,18.0
2019-06-08,0.0,16.0,26.9,72.0,1018.9,5.2,96.0,10.0
2019-06-09,0.0,16.5,27.7,75.0,1020.1,7.3,70.0,63.0
2019-06-10,0.2,18.9,28.1,75.0,1013.0,9.4,52.0,84.0
2019-06-11,11.5,19.0,26.7,82.0,1008.8,10.0,25.0,39.0
2019-06-12,7.8,18.3,25.6,82.0,1009.5,8.1,37.0,45.0
2019-06-13,0.0,16.7,27.2,65.0,1013.5,8.1,230.0,9.0
2019-06-14,0.0,15.2,27.9,61.0,1016.8,7.5,60.0,35.0
2019-06-15,0.0,18.6,29.1,69.0,1013.0,4.9,20.0,50.0
2019-06-16,0.0,18.0,30.4,70.0,1012.4,6.2,236.0,7.0
2019-06-17,1.6,18.7,28.1,64.0,1015.4,9.1,59.0,30.0
2019-06-18,0.1,18.6,28.3,66.0,1014.7,4.2,66.0,43.0
2019-06-19,0.5,19.6,29.3,70.0,1012.2,6.0,239.0,46.0
2019-06-20,0.5,19.1,28.8,74.0,1011.4,4.6,30.0,31.0
2019-06-21,3.4,19.1,28.5,76.0,1013.9,5.8,11.0,42.0
2019-06-22,16.9,18.9,25.2,80.0,1014.6,9.0,15.0,85.0
2019-06-23,0.0,16.4,27.9,72.0,1014.0,5.2,248.0,21.0
2019-06-24,0.1,18.2,30.3,72.0,1018.0,3.8,103.0,9.0
2019-06-25,0.0,20.1,30.6,71.0,1021.0,5.2,113.0,8.0
2019-06-26,0.0,21.8,32.9,69.0,1021.9,5.0,44.0,15.0
2019-06-27,0.0,23.3,35.8,68.0,1017.3,4.8,251.0,12.0
2019-06-28,0.0,24.1,32.4,66.0,1015.0,9.4,70.0,25.0
2019-06-29,0.0,23.2,30.5,60.0,1018.5,7.4,71.0,17.0
2019-06-30,0.0,19.7,32.9,62.0,1018.6,4.6,99.0,9.0
2019-07-01,0.0,20.9,33.2,66.0,1016.6,5.0,83.0,23.0
2019-07-02,0.0,20.8,30.7,71.0,1014.3,5.3,46.0,39.0
2019-07-03,0.0,21.1,30.5,70.0,1014.9,6.6,34.0,45.0
2019-07-04,0.0,18.6,29.9,67.0,1016.9,5.7,43.0,27.0
2019-07-05,0.0,19.5,31.5,67.0,1014.6,6.5,236.0,18.0
2019-07-06,0.0,22.1,32.0,68.0,1011.4,7.0,224.0,23.0
2019-07-07,2.7,20.0,31.1,74.0,1008.3,8.3,291.0,45.0
2019-07-08,3.9,19.0,28.8,76.0,1010.8,6.3,47.0,40.0
2019-07-09,8.2,18.7,27.6,79.0,1011.8,9.4,51.0,92.0
2019-07-10,0.1,19.3,25.4,62.0,1012.2,13.7,80.0,41.0
2019-07-11,0.9,18.4,24.7,66.0,1013.7,7.0,43.0,72.0
2019-07-12,8.1,16.9,26.8,77.0,1011.9,4.5,53.0,47.0
2019-07-13,0.7,17.5,26.5,79.0,1010.3,6.3,39.0,38.0
2019-07-14,0.3,14.6,26.0,73.0,1011.6,5.0,59.0,17.0
2019-07-15,1.4,18.0,23.6,72.0,1011.2,8.7,35.0,96.0
2019-07-16,0.0,15.5,27.4,61.0,1013.1,7.0,276.0,9.0
2019-07-17,0.0,16.9,29.7,60.0,1011.8,7.8,241.0,55.0
2019-07-18,3.3,18.3,26.6,74.0,1011.8,4.7,25.0,70.0
2019-07-19,1.3,17.2,29.3,75.0,1014.9,3.7,346.0,54.0
2019-07-20,0.1,19.5,31.0,70.0,1016.7,5.3,53.0,34.0
2019-07-21,0.0,21.3,30.2,73.0,1018.5,4.2,59.0,54.0
2019-07-22,0.0,20.6,32.1,68.0,1020.6,4.9,20.0,81.0
2019-07-23,0.0,21.8,33.3,65.0,1018.5,4.4,2.0,38.0
2019-07-24,0.0,22.3,35.2,57.0,1015.6,5.7,242.0,9.0
2019-07-25,0.0,23.0,33.9,68.0,1015.3,4.7,18.0,30.0
2019-07-26,0.3,23.2,32.3,74.0,1010.1,5.1,343.0,70.0
2019-07-27,24.7,19.8,27.9,86.0,1004.3,6.8,35.0,69.0
2019-07-28,32.8,18.9,21.9,92.0,998.3,9.1,10.0,100.0
2019-07-29,0.0,19.9,29.2,82.0,1004.6,4.3,31.0,65.0
2019-07-30,3.6,21.1,30.2,85.0,1009.8,5.2,38.0,34.0
2019-07-31,0.5,20.5,29.2,81.0,1011.7,4.4,350.0,32.0
2019-08-01,2.1,20.2,29.1,77.0,1013.4,5.9,62.0,46.0
2019-08-02,5.7,19.9,25.9,85.0,1011.2,6.5,26.0,78.0
2019-08-03,0.0,16.4,28.2,74.0,1011.6,6.3,243.0,10.0
2019-08-04,0.0,18.3,26.6,75.0,1014.5,6.2,54.0,34.0
2019-08-05,0.1,19.6,28.4,77.0,1014.8,4.8,60.0,55.0
2019-08-06,0.3,19.9,28.4,79.0,1013.9,5.2,50.0,58.0
2019-08-07,7.3,19.9,28.5,81.0,1011.5,5.1,54.0,87.0
2019-08-08,1.1,20.1,29.3,79.0,1011.1,4.3,9.0,51.0
2019-08-09,0.0,20.8,31.1,77.0,1013.7,4.4,81.0,21.0
2019-08-10,0.0,22.4,33.0,75.0,1013.6,5.8,58.0,19.0
2019-08-11,0.0,22.3,30.6,78.0,1014.3,7.3,76.0,5.0
2019-08-12,7.8,21.9,30.8,80.0,1011.6,6.1,24.0,39.0
2019-08-13,22.1,20.2,29.0,81.0,1010.7,5.3,21.0,58.0
2019-08-14,0.8,18.2,25.6,69.0,1013.6,6.7,50.0,45.0
2019-08-15,0.0,17.6,25.6,68.0,1015.5,5.0,30.0,45.0
2019-08-16,0.1,16.2,26.9,70.0,1015.9,5.7,79.0,33.0
2019-08-17,0.0,15.9,28.5,69.0,1016.1,5.3,185.0,57.0
2019-08-18,0.0,17.4,28.6,76.0,1015.0,5.7,74.0,12.0
2019-08-19,0.0,19.4,29.8,78.0,1015.5,5.1,46.0,33.0
2019-08-20,0.0,20.6,30.5,72.0,1016.6,5.3,60.0,36.0
2019-08-21,12.9,21.1,31.6,71.0,1017.9,9.9,45.0,68.0
2019-08-22,2.6,20.0,26.8,71.0,1020.6,8.6,44.0,70.0
2019-08-23,3.0,20.9,27.0,79.0,1020.9,8.7,24.0,97.0
2019-08-24,8.1,19.8,28.5,80.0,1019.0,5.5,351.0,89.0
2019-08-25,0.0,19.4,28.6,74.0,1017.5,5.8,3.0,58.0
2019-08-26,0.4,19.0,28.8,73.0,1017.4,6.3,26.0,41.0
2019-08-27,0.0,19.9,29.6,72.0,1017.2,4.3,31.0,40.0
2019-08-28,0.0,20.6,29.6,72.0,1016.8,3.6,21.0,92.0
2019-08-29,0.1,19.7,30.5,74.0,1016.7,5.1,279.0,59.0
2019-08-30,0.6,20.4,30.7,69.0,1018.3,6.8,10.0,35.0
2019-08-31,4.5,20.5,29.7,73.0,1016.3,7.4,8.0,77.0
2019-09-01,0.1,19.1,30.5,69.0,1011.8,4.0,270.0,67.0
2019-09-02,5.0,20.0,26.7,78.0,1012.9,5.7,354.0,75.0
2019-09-03,2.3,17.1,26.0,68.0,1019.4,9.6,77.0,22.0
2019-09-04,0.0,16.1,25.3,63.0,1018.5,5.1,52.0,5.0
2019-09-05,0.0,15.0,27.2,68.0,1012.5,6.4,29.0,17.0
2019-09-06,27.0,16.1,22.0,73.0,1015.1,13.0,52.0,89.0
2019-09-07,6.0,15.2,23.2,79.0,1014.4,5.7,8.0,64.0
2019-09-08,27.7,14.5,18.4,87.0,1012.4,9.8,47.0,78.0
2019-09-09,1.2,12.7,22.5,78.0,1011.9,6.1,235.0,36.0
2019-09-10,0.6,13.8,22.4,79.0,1016.7,9.2,42.0,54.0
2019-09-11,0.0,13.0,24.6,70.0,1020.5,5.2,304.0,46.0
2019-09-12,0.0,13.8,26.6,72.0,1026.8,5.0,270.0,5.0
2019-09-13,0.0,15.2,26.7,73.0,1029.0,4.5,40.0,10.0
2019-09-14,0.0,15.6,26.5,75.0,1027.6,5.2,41.0,14.0
2019-09-15,0.0,16.4,27.1,75.0,1024.1,5.2,276.0,30.0
2019-09-16,0.0,16.8,27.6,79.0,1018.2,4.9,228.0,8.0
2019-09-17,0.0,17.5,26.3,84.0,1014.1,4.1,36.0,32.0
2019-09-18,31.0,15.6,21.6,91.0,1015.8,11.5,56.0,85.0
2019-09-19,2.0,14.6,22.3,55.0,1020.1,13.4,70.0,55.0
2019-09-20,0.0,12.3,19.1,57.0,1025.6,10.5,51.0,34.0
2019-09-21,0.0,9.3,20.7,67.0,1024.2,5.7,36.0,26.0
2019-09-22,3.3,12.1,17.6,79.0,1018.6,4.6,13.0,90.0
2019-09-23,5.2,12.8,17.7,88.0,1013.2,3.6,285.0,92.0
2019-09-24,0.0,12.5,22.9,71.0,1012.6,7.1,233.0,48.0
2019-09-25,5.2,12.8,21.8,85.0,1010.0,5.3,39.0,56.0
2019-09-26,0.0,12.7,23.4,80.0,1013.9,4.8,302.0,32.0
2019-09-27,0.0,13.1,22.2,84.0,1016.8,5.0,25.0,70.0
2019-09-28,0.8,15.8,24.6,84.0,1015.8,6.0,25.0,62.0
2019-09-29,0.1,14.9,24.1,81.0,1014.5,6.3,247.0,40.0
2019-09-30,0.0,13.8,24.2,80.0,1010.1,7.3,340.0,17.0
2019-10-01,1.3,15.4,23.1,86.0,1011.3,6.2,43.0,43.0
2019-10-02,7.1,14.7,22.2,91.0,1004.5,5.4,23.0,72.0
2019-10-03,6.8,12.4,18.1,68.0,1011.5,7.8,81.0,45.0
2019-10-04,0.0,9.2,16.3,72.0,1013.9,5.1,10.0,78.0
2019-10-05,0.0,10.0,20.2,75.0,1009.7,4.5,7.0,33.0
2019-10-06,1.8,10.7,16.0,77.0,1014.6,9.4,26.0,67.0
2019-10-07,2.7,11.8,19.2,69.0,1013.0,10.8,54.0,61.0
2019-10-08,0.0,10.5,17.5,68.0,1019.3,6.2,42.0,44.0
2019-10-09,3.6,9.3,18.2,84.0,1016.4,4.1,3.0,57.0
2019-10-10,0.0,11.4,20.4,86.0,1015.5,5.1,263.0,46.0
2019-10-11,0.0,10.6,19.8,81.0,1022.9,5.6,36.0,9.0
2019-10-12,0.0,9.1,20.0,82.0,1023.0,4.3,234.0,34.0
2019-10-13,0.0,9.1,20.4,84.0,1023.0,4.3,245.0,74.0
2019-10-14,0.0,10.5,20.9,88.0,1021.3,4.7,323.0,45.0
2019-10-15,12.6,14.8,19.3,96.0,1014.9,8.6,51.0,98.0
2019-10-16,0.3,12.7,20.4,88.0,1014.5,5.5,270.0,50.0
2019-10-17,0.0,11.0,20.4,83.0,1018.5,5.4,259.0,47.0
2019-10-18,0.0,10.8,19.0,85.0,1017.2,5.4,229.0,71.0
2019-10-19,1.9,12.8,18.8,91.0,1016.1,6.9,33.0,82.0
2019-10-20,0.3,13.4,21.9,87.0,1017.8,7.0,58.0,49.0
2019-10-21,2.0,15.8,21.6,90.0,1021.5,10.3,45.0,87.0
2019-10-22,0.0,13.8,22.0,90.0,1022.5,3.5,166.0,54.0
2019-10-23,0.0,12.4,23.0,86.0,1019.5,5.0,170.0,38.0
2019-10-24,4.9,14.8,19.1,91.0,1016.5,6.7,30.0,92.0
2019-10-25,0.2,12.8,21.6,82.0,1019.1,5.7,7.0,64.0
2019-10-26,0.0,10.6,22.3,70.0,1022.5,6.0,241.0,0.0
2019-10-27,0.0,10.8,20.1,82.0,1020.4,5.0,330.0,13.0
2019-10-28,0.0,10.7,18.6,89.0,1016.6,4.6,7.0,77.0
2019-10-29,7.1,12.4,15.8,91.0,1015.9,7.1,41.0,93.0
2019-10-30,0.1,11.2,14.2,65.0,1021.2,13.1,48.0,100.0
2019-10-31,0.0,8.8,12.9,63.0,1021.4,12.1,45.0,95.0
2019-11-01,0.0,6.4,13.0,70.0,1018.8,6.8,34.0,59.0
2019-11-02,4.1,9.2,10.9,86.0,1009.4,4.4,42.0,99.0
2019-11-03,31.2,10.0,13.7,95.0,996.2,7.0,31.0,100.0
2019-11-04,1.1,9.5,15.7,91.0,996.5,7.6,237.0,49.0
2019-11-05,14.2,11.2,16.2,90.0,997.7,7.4,273.0,60.0
2019-11-06,10.5,7.8,13.5,88.0,1002.2,7.5,324.0,69.0
2019-11-07,0.3,6.6,14.3,86.0,1007.1,4.4,13.0,56.0
2019-11-08,29.1,8.8,11.6,89.0,1004.2,10.4,56.0,100.0
2019-11-09,13.0,5.5,13.0,88.0,1007.9,7.0,276.0,68.0
2019-11-10,0.0,2.9,13.9,77.0,1010.1,6.3,286.0,16.0
2019-11-11,6.6,3.3,8.6,90.0,1013.8,7.8,38.0,99.0
2019-11-12,26.0,7.9,10.7,93.0,1001.8,8.2,19.0,100.0
2019-11-13,17.9,3.9,13.3,80.0,997.9,10.8,333.0,59.0
2019-11-14,0.4,2.8,12.3,76.0,1008.2,7.7,44.0,46.0
2019-11-15,42.0,7.7,12.8,91.0,1003.1,13.3,73.0,94.0
2019-11-16,6.6,7.0,13.0,89.0,1010.4,7.2,35.0,87.0
2019-11-17,36.4,7.6,14.5,90.0,1004.2,12.4,52.0,97.0
2019-11-18,9.4,3.7,11.9,83.0,1011.7,7.9,10.0,53.0
2019-11-19,18.4,7.6,11.1,92.0,1015.6,11.2,44.0,100.0
2019-11-20,3.4,7.5,14.0,89.0,1012.7,8.5,250.0,97.0
2019-11-21,0.3,5.7,11.2,95.0,1012.4,4.8,347.0,88.0
2019-11-22,4.2,6.4,11.9,91.0,1013.4,9.0,41.0,77.0
2019-11-23,9.2,8.8,11.6,93.0,1009.5,13.5,50.0,99.0
2019-11-24,34.3,11.2,13.2,92.0,1007.6,18.0,52.0,100.0
2019-11-25,0.4,8.7,17.7,83.0,1008.3,6.1,88.0,41.0
2019-11-26,0.0,6.8,13.7,89.0,1009.6,4.4,28.0,85.0
2019-11-27,15.1,6.6,10.5,94.0,1006.1,6.5,27.0,93.0
2019-11-28,0.0,7.1,12.1,92.0,1003.3,7.0,228.0,72.0
2019-11-29,0.2,4.4,11.1,97.0,1008.3,4.9,329.0,77.0
2019-11-30,0.1,3.4,12.1,89.0,1017.8,6.3,47.0,72.0
2019-12-01,2.7,6.7,8.2,71.0,1020.9,10.5,45.0,99.0
2019-12-02,10.7,7.1,11.8,91.0,1016.0,6.5,49.0,94.0
2019-12-03,0.0,2.7,8.4,69.0,1025.0,9.2,39.0,32.0
2019-12-04,0.0,0.1,7.6,72.0,1026.5,7.0,17.0,2.0
2019-12-05,0.0,-1.7,8.3,73.0,1026.1,6.9,8.0,6.0
2019-12-06,0.0,-0.5,9.1,83.0,1024.3,5.1,244.0,36.0
2019-12-07,0.0,0.9,8.8,90.0,1019.4,5.0,284.0,46.0
2019-12-08,0.0,0.6,9.7,81.0,1019.6,5.8,272.0,33.0
2019-12-09,0.0,1.2,7.9,91.0,1009.6,4.3,302.0,78.0
2019-12-10,0.0,-0.8,12.4,83.0,1016.4,7.7,359.0,6.0
2019-12-11,0.0,-3.8,7.8,68.0,1017.7,5.1,282.0,30.0
2019-12-12,3.3,-1.9,3.2,86.0,1006.1,5.7,279.0,94.0
2019-12-13,9.5,-0.8,2.3,99.0,992.7,8.1,239.0,82.0
2019-12-14,0.0,-1.8,7.1,90.0,1000.8,5.6,272.0,20.0
2019-12-15,0.0,-0.3,8.5,76.0,1014.3,5.9,308.0,45.0
2019-12-16,0.0,1.6,9.6,86.0,1020.4,4.4,89.0,79.0
2019-12-17,2.0,5.6,10.6,93.0,1020.1,6.7,28.0,98.0
2019-12-18,0.5,8.1,14.4,96.0,1022.5,5.9,33.0,96.0
2019-12-19,3.8,8.1,13.0,93.0,1020.7,9.0,41.0,96.0
2019-12-20,12.2,7.5,9.9,98.0,1010.1,6.8,70.0,94.0
2019-12-21,32.2,7.6,12.4,93.0,994.6,11.5,298.0,70.0
2019-12-22,23.0,3.7,11.4,91.0,989.4,11.1,349.0,73.0
2019-12-23,0.0,1.7,15.1,73.0,1001.8,8.8,270.0,43.0
2019-12-24,0.0,1.9,10.4,69.0,1014.1,6.7,286.0,36.0
2019-12-25,0.0,-1.1,9.7,84.0,1015.0,4.1,28.0,15.0
2019-12-26,0.0,-1.0,11.3,71.0,1021.9,6.7,333.0,37.0
2019-12-27,0.0,0.9,10.4,80.0,1023.0,6.6,344.0,52.0
2019-12-28,0.0,2.1,10.2,85.0,1031.3,6.3,5.0,68.0
2019-12-29,0.0,0.3,6.2,88.0,1035.2,4.1,17.0,71.0
2019-12-30,0.0,-1.7,6.0,88.0,1036.7,4.7,40.0,29.0
2019-12-31,0.0,-2.0,6.5,94.0,1030.9,4.1,236.0,43.0
2020-01-01,0.0,-2.2,8.7,85.0,1031.8,4.6,348.0,40.0
2020-01-02,0.0,-1.3,10.1,79.0,1032.3,6.6,224.0,10.0
2020-01-03,0.0,-1.7,6.8,93.0,1027.9,4.5,243.0,71.0
2020-01-04,0.0,-1.4,8.5,86.0,1023.6,5.9,259.0,23.0
2020-01-05,0.0,0.1,12.8,71.0,1028.0,6.9,69.0,7.0
2020-01-06,0.0,-1.0,6.1,88.0,1032.3,6.0,334.0,27.0
2020-01-07,0.0,-3.2,5.8,89.0,1027.9,5.6,258.0,21.0
2020-01-08,0.0,-2.7,8.9,77.0,1030.8,5.3,229.0,16.0
2020-01-09,0.0,-1.0,8.4,81.0,1027.5,4.9,229.0,34.0
2020-01-10,0.0,-3.0,6.5,85.0,1025.0,4.6,328.0,24.0
2020-01-11,0.0,-1.5,10.4,77.0,1028.3,6.1,312.0,1.0
2020-01-12,0.0,-1.3,8.7,82.0,1029.4,5.7,38.0,5.0
2020-01-13,0.0,-2.2,8.0,78.0,1026.6,5.0,305.0,60.0
2020-01-14,0.0,-1.5,5.6,93.0,1026.0,5.0,233.0,61.0
2020-01-15,0.0,-0.4,6.6,90.0,1028.9,3.6,287.0,85.0
2020-01-16,0.0,-1.5,9.6,89.0,1030.7,3.7,259.0,54.0
2020-01-17,0.0,0.4,11.3,82.0,1025.5,5.1,225.0,19.0
2020-01-18,11.3,2.9,7.8,92.0,1023.0,5.9,8.0,99.0
2020-01-19,0.6,0.5,10.1,88.0,1028.1,5.7,1.0,79.0
2020-01-20,0.0,-1.3,9.2,68.0,1040.7,6.7,26.0,45.0
2020-01-21,0.0,-3.1,8.6,73.0,1042.3,5.6,240.0,41.0
2020-01-22,0.0,-2.4,7.3,82.0,1034.3,5.9,250.0,63.0
2020-01-23,0.0,-2.6,8.9,76.0,1031.7,7.6,1.0,2.0
2020-01-24,0.5,-0.7,7.3,78.0,1027.9,4.5,180.0,20.0
2020-01-25,0.1,0.9,8.2,81.0,1024.6,4.5,284.0,98.0
2020-01-26,1.3,4.1,10.0,94.0,1021.4,3.5,251.0,93.0
2020-01-27,0.0,1.2,10.3,94.0,1018.8,4.9,216.0,85.0
2020-01-28,1.2,3.4,9.8,91.0,1008.1,9.9,233.0,79.0
2020-01-29,0.0,1.0,10.5,86.0,1009.0,7.9,276.0,22.0
2020-01-30,0.0,0.4,10.5,89.0,1018.6,5.0,340.0,63.0
2020-01-31,0.0,1.7,8.8,93.0,1019.0,5.3,292.0,56.0
2020-02-01,0.0,4.0,9.8,88.0,1018.5,4.2,284.0,79.0
2020-02-02,0.0,3.5,8.3,96.0,1018.3,4.3,355.0,92.0
2020-02-03,0.0,3.8,9.1,94.0,1016.5,6.6,359.0,92.0
2020-02-04,0.2,4.0,16.5,66.0,1007.5,10.0,287.0,59.0
2020-02-05,0.0,-0.1,12.4,36.0,1018.5,13.9,309.0,3.0
2020-02-06,0.0,-3.6,10.4,53.0,1028.6,8.8,242.0,1.0
2020-02-07,0.0,-3.3,9.9,71.0,1026.9,4.8,320.0,0.0
2020-02-08,0.0,-0.7,9.6,61.0,1028.8,6.2,11.0,23.0
2020-02-09,0.0,-0.7,9.4,75.0,1029.4,4.8,236.0,46.0
2020-02-10,0.5,3.5,11.8,90.0,1015.9,6.8,222.0,79.0
2020-02-11,0.0,2.9,11.7,89.0,1007.6,6.3,43.0,45.0
2020-02-12,0.0,2.0,13.0,90.0,1016.2,5.7,41.0,44.0
2020-02-13,0.0,-0.9,11.7,76.0,1019.3,5.5,2.0,53.0
2020-02-14,4.5,3.2,15.8,85.0,1017.0,7.0,258.0,20.0
2020-02-15,0.0,1.6,12.8,80.0,1027.5,6.4,19.0,45.0
2020-02-16,0.0,0.5,12.0,86.0,1028.2,4.8,296.0,72.0
2020-02-17,0.5,4.3,9.5,94.0,1025.1,3.1,21.0,92.0
2020-02-18,0.2,6.5,13.5,89.0,1023.5,4.5,9.0,77.0
2020-02-19,0.7,3.7,12.7,83.0,1020.7,5.5,304.0,53.0
2020-02-20,0.0,-1.8,12.6,65.0,1024.4,5.5,252.0,4.0
2020-02-21,0.0,0.0,12.4,81.0,1024.4,6.2,1.0,14.0
2020-02-22,0.0,1.3,13.4,71.0,1031.1,5.7,358.0,35.0
2020-02-23,0.0,0.6,11.9,83.0,1025.8,6.1,348.0,65.0
2020-02-24,0.0,5.1,13.6,89.0,1019.8,8.3,29.0,75.0
2020-02-25,0.1,3.5,13.2,92.0,1010.4,5.5,233.0,88.0
2020-02-26,0.1,5.2,16.0,74.0,998.6,14.3,257.0,66.0
2020-02-27,0.0,-1.5,12.0,52.0,1007.3,7.4,247.0,42.0
2020-02-28,0.0,2.0,14.6,44.0,1012.8,11.0,274.0,3.0
2020-02-29,0.0,1.4,11.0,58.0,1016.3,4.7,4.0,89.0
2020-03-01,11.1,6.3,8.0,90.0,1006.9,7.1,357.0,96.0
2020-03-02,20.0,5.3,7.7,91.0,999.3,16.9,68.0,71.0
2020-03-03,20.5,6.1,9.8,91.0,997.3,8.7,20.0,87.0
2020-03-04,0.3,4.7,12.5,76.0,1010.5,5.9,20.0,44.0
2020-03-05,3.9,2.2,10.4,82.0,1010.3,5.5,45.0,72.0
2020-03-06,18.9,3.4,12.4,82.0,999.6,14.7,254.0,73.0
2020-03-07,3.0,3.3,14.6,81.0,1010.7,6.2,307.0,69.0
2020-03-08,0.0,0.5,13.1,62.0,1020.0,6.0,247.0,10.0
2020-03-09,0.6,1.7,11.5,79.0,1014.6,5.8,355.0,94.0
2020-03-10,0.0,3.7,14.0,75.0,1016.9,4.6,251.0,60.0
2020-03-11,0.0,2.9,15.7,81.0,1018.5,5.8,2.0,7.0
2020-03-12,0.0,4.5,15.0,83.0,1019.4,6.5,256.0,50.0
2020-03-13,0.0,7.6,15.4,86.0,1015.4,6.4,14.0,86.0
2020-03-14,2.3,8.1,13.1,67.0,1018.5,13.7,45.0,96.0
2020-03-15,0.0,3.5,12.9,69.0,1024.4,7.8,57.0,15.0
2020-03-16,0.0,1.9,14.1,59.0,1026.7,6.1,54.0,1.0
2020-03-17,0.0,1.9,15.2,72.0,1030.3,4.5,295.0,25.0
2020-03-18,0.0,4.0,18.9,74.0,1028.3,5.2,286.0,2.0
2020-03-19,0.0,5.0,19.5,69.0,1024.9,4.9,223.0,1.0
2020-03-20,0.2,6.5,17.8,85.0,1021.8,5.9,74.0,20.0
2020-03-21,0.0,7.2,15.8,88.0,1016.2,4.6,64.0,83.0
2020-03-22,0.0,7.5,13.3,62.0,1020.2,15.5,74.0,84.0
2020-03-23,0.0,2.6,8.1,41.0,1028.1,9.6,96.0,61.0
2020-03-24,0.0,-1.9,10.5,50.0,1026.2,6.3,110.0,43.0
2020-03-25,0.1,1.7,8.6,48.0,1021.8,18.5,70.0,60.0
2020-03-26,0.5,2.7,9.3,49.0,1016.4,17.9,56.0,95.0
2020-03-27,0.1,6.8,14.3,58.0,1016.0,11.2,61.0,91.0
2020-03-28,0.0,6.4,17.3,59.0,1014.9,5.3,199.0,22.0
2020-03-29,3.2,6.5,18.2,76.0,1012.7,5.3,315.0,67.0
2020-03-30,4.6,5.5,13.0,71.0,1015.5,17.2,63.0,90.0
2020-03-31,1.0,3.2,10.1,56.0,1022.3,10.7,69.0,72.0
2020-04-01,0.0,-0.5,10.3,54.0,1021.8,6.0,56.0,13.0
2020-04-02,0.0,-0.7,12.7,64.0,1015.2,5.8,228.0,0.0
2020-04-03,0.0,0.7,15.2,68.0,1014.1,4.5,270.0,1.0
2020-04-04,0.0,2.3,17.2,60.0,1020.6,7.6,102.0,6.0
2020-04-05,0.0,5.2,18.3,56.0,1024.5,11.1,46.0,3.0
2020-04-06,0.0,6.0,20.1,52.0,1026.1,10.5,46.0,0.0
2020-04-07,0.0,7.2,20.0,46.0,1028.9,8.0,64.0,0.0
2020-04-08,0.0,6.0,20.0,41.0,1027.0,8.3,43.0,0.0
2020-04-09,0.0,6.1,21.6,45.0,1022.5,4.4,249.0,0.0
2020-04-10,0.0,5.9,23.6,53.0,1021.7,6.3,250.0,0.0
2020-04-11,0.0,7.1,24.0,55.0,1020.9,6.0,234.0,2.0
2020-04-12,0.0,9.3,23.7,58.0,1019.0,5.5,53.0,25.0
2020-04-13,0.0,8.7,22.2,56.0,1014.1,7.2,214.0,92.0
2020-04-14,1.8,7.4,18.2,65.0,1013.8,13.8,70.0,56.0
2020-04-15,0.0,5.8,14.7,57.0,1025.2,7.2,75.0,34.0
2020-04-16,0.0,3.8,19.0,59.0,1021.9,7.5,224.0,57.0
2020-04-17,0.0,5.2,20.1,69.0,1018.5,4.4,43.0,42.0
2020-04-18,0.0,7.9,21.5,74.0,1016.5,4.7,57.0,65.0
2020-04-19,0.0,8.6,21.9,69.0,1013.7,6.2,68.0,77.0
2020-04-20,3.2,12.8,17.3,68.0,1013.7,16.4,59.0,100.0
2020-04-21,1.4,11.0,18.4,42.0,1014.0,17.0,68.0,84.0
2020-04-22,0.0,10.1,20.3,42.0,1017.3,14.5,65.0,5.0
2020-04-23,0.0,8.7,20.7,52.0,1018.7,8.8,69.0,1.0
2020-04-24,0.0,7.9,22.0,51.0,1014.0,10.6,226.0,28.0
2020-04-25,0.0,9.2,23.3,64.0,1008.4,5.8,339.0,28.0
2020-04-26,1.4,11.8,19.8,74.0,1009.3,7.3,57.0,45.0
2020-04-27,0.4,10.6,20.9,77.0,1011.5,4.5,49.0,45.0
2020-04-28,4.4,11.9,17.8,89.0,1010.3,6.0,56.0,83.0
2020-04-29,4.7,11.1,19.5,85.0,1007.3,6.5,25.0,63.0
2020-04-30,4.5,9.7,19.7,80.0,1010.0,5.4,42.0,64.0
2020-05-01,1.1,10.4,19.4,86.0,1006.8,5.0,135.0,77.0
2020-05-02,0.3,11.2,20.3,82.0,1007.1,5.2,41.0,65.0
2020-05-03,1.1,11.5,20.7,63.0,1013.9,7.8,76.0,23.0
2020-05-04,0.0,10.7,21.7,59.0,1018.1,5.1,228.0,21.0
2020-05-05,0.1,9.0,21.3,69.0,1014.1,5.6,38.0,73.0
2020-05-06,0.0,11.1,19.7,66.0,1016.0,9.6,62.0,63.0
2020-05-07,0.0,10.0,22.5,63.0,1021.5,6.3,210.0,3.0
2020-05-08,0.0,8.9,24.4,64.0,1020.1,5.4,83.0,68.0
2020-05-09,0.0,11.0,24.5,66.0,1015.3,5.0,68.0,39.0
2020-05-10,0.0,13.7,21.4,73.0,1011.5,9.4,62.0,77.0
2020-05-11,19.7,14.8,19.7,87.0,1005.5,8.0,69.0,92.0
2020-05-12,16.7,11.1,22.2,82.0,1008.5,12.5,105.0,57.0
2020-05-13,5.6,10.3,18.9,84.0,1012.0,9.9,51.0,82.0
2020-05-14,1.4,12.2,22.8,78.0,1008.0,6.0,93.0,56.0
2020-05-15,11.7,14.5,20.6,79.0,1009.4,11.7,61.0,66.0
2020-05-16,3.3,13.7,20.5,77.0,1018.7,11.8,52.0,92.0
2020-05-17,2.4,13.1,24.1,77.0,1017.3,6.1,48.0,61.0
2020-05-18,0.0,14.7,24.6,69.0,1019.2,7.7,58.0,64.0
2020-05-19,4.0,16.4,21.5,74.0,1014.9,9.9,60.0,94.0
2020-05-20,0.8,15.3,24.4,77.0,1013.3,5.5,207.0,65.0
2020-05-21,0.3,14.3,24.3,71.0,1018.2,7.7,212.0,30.0
2020-05-22,0.0,14.7,25.1,65.0,1023.0,4.5,60.0,69.0
2020-05-23,1.2,14.7,24.8,69.0,1022.1,5.5,60.0,80.0
2020-05-24,2.1,14.4,22.6,71.0,1024.3,6.4,62.0,63.0
2020-05-25,0.0,12.6,24.9,61.0,1025.3,7.9,252.0,31.0
2020-05-26,0.1,13.5,22.0,62.0,1027.2,8.3,58.0,27.0
2020-05-27,0.0,11.3,23.1,60.0,1029.0,5.7,225.0,12.0
2020-05-28,3.5,12.8,23.4,55.0,1024.0,5.4,12.0,51.0
2020-05-29,6.4,12.0,21.2,66.0,1021.5,7.8,50.0,34.0
2020-05-30,1.0,12.1,21.3,62.0,1017.5,7.4,53.0,50.0
2020-05-31,0.7,14.0,21.0,70.0,1016.6,5.6,30.0,83.0
2020-06-01,0.0,13.2,25.0,63.0,1017.1,4.6,231.0,31.0
2020-06-02,0.5,15.4,25.8,59.0,1013.7,5.0,353.0,46.0
2020-06-03,0.6,13.6,26.4,71.0,1008.1,5.2,8.0,61.0
2020-06-04,30.2,15.3,19.7,90.0,1002.2,7.2,118.0,95.0
2020-06-05,21.9,15.0,21.7,81.0,998.0,6.9,53.0,53.0
2020-06-06,5.9,15.4,23.3,84.0,1006.2,8.8,39.0,52.0
2020-06-07,3.6,14.9,23.3,90.0,1006.7,7.6,28.0,78.0
2020-06-08,27.5,15.4,21.2,91.0,1007.8,10.6,45.0,90.0
2020-06-09,6.5,15.0,21.7,84.0,1009.4,7.9,47.0,80.0
2020-06-10,9.1,13.8,20.4,88.0,1009.6,3.8,20.0,85.0
2020-06-11,8.9,13.3,19.4,84.0,1010.3,5.4,58.0,77.0
2020-06-12,0.0,11.5,24.1,71.0,1011.6,8.5,231.0,27.0
2020-06-13,0.4,13.2,25.4,74.0,1010.9,6.3,240.0,25.0
2020-06-14,11.3,16.8,23.6,81.0,1009.8,6.2,232.0,74.0
2020-06-15,8.7,16.9,21.9,90.0,1012.3,3.5,74.0,86.0
2020-06-16,1.0,17.1,24.7,82.0,1012.3,3.9,241.0,86.0
2020-06-17,8.0,16.2,23.6,83.0,1009.9,7.2,239.0,72.0
2020-06-18,0.1,14.8,25.4,74.0,1010.5,10.2,244.0,18.0
2020-06-19,3.2,14.8,25.0,79.0,1013.6,7.9,261.0,42.0
2020-06-20,0.0,12.3,25.9,71.0,1015.8,6.8,243.0,15.0
2020-06-21,0.3,15.2,27.2,71.0,1014.5,5.5,27.0,48.0
2020-06-22,0.0,15.2,30.0,63.0,1016.0,5.2,254.0,8.0
2020-06-23,0.0,16.7,30.1,62.0,1017.7,5.5,51.0,9.0
2020-06-24,1.3,18.1,25.8,68.0,1019.3,9.5,83.0,39.0
2020-06-25,6.8,17.6,23.2,82.0,1018.6,9.2,56.0,56.0
2020-06-26,0.0,16.5,27.5,73.0,1017.2,5.2,84.0,39.0
2020-06-27,0.0,18.8,28.8,74.0,1015.6,4.1,62.0,23.0
2020-06-28,0.0,18.4,30.5,74.0,1014.7,4.1,36.0,17.0
2020-06-29,1.5,18.9,30.4,73.0,1010.4,9.0,16.0,22.0
2020-06-30,0.5,20.6,28.0,66.0,1011.6,8.9,60.0,21.0
2020-07-01,0.2,21.2,28.2,78.0,1011.3,5.4,27.0,46.0
2020-07-02,1.1,20.0,28.2,80.0,1010.4,3.9,346.0,66.0
2020-07-03,4.5,19.1,27.6,72.0,1012.4,8.6,47.0,70.0
2020-07-04,0.0,18.7,28.2,64.0,1016.5,6.1,38.0,47.0
2020-07-05,0.0,18.4,29.2,63.0,1016.1,5.2,259.0,12.0
2020-07-06,0.4,19.1,30.7,67.0,1010.0,4.3,355.0,16.0
2020-07-07,5.4,16.9,24.9,57.0,1015.0,11.0,71.0,24.0
2020-07-08,0.0,14.7,27.2,60.0,1017.2,6.0,352.0,8.0
2020-07-09,0.0,16.8,29.5,60.0,1016.6,4.4,36.0,38.0
2020-07-10,0.0,18.1,32.0,63.0,1014.3,5.6,117.0,41.0
2020-07-11,14.9,17.9,27.9,77.0,1014.1,8.0,43.0,72.0
2020-07-12,0.0,15.9,26.1,63.0,1020.7,8.9,65.0,15.0
2020-07-13,0.0,18.1,25.7,51.0,1020.4,10.0,50.0,53.0
2020-07-14,0.0,17.9,25.7,53.0,1015.8,6.6,35.0,58.0
2020-07-15,0.0,17.0,27.8,57.0,1013.1,4.2,20.0,54.0
2020-07-16,1.1,16.5,27.5,71.0,1013.7,5.9,34.0,44.0
2020-07-17,4.3,18.3,25.5,76.0,1013.8,9.3,56.0,66.0
2020-07-18,2.5,16.2,25.6,70.0,1015.8,6.4,40.0,33.0
2020-07-19,0.0,16.0,27.3,68.0,1015.3,4.7,48.0,16.0
2020-07-20,0.0,17.8,30.3,66.0,1016.1,4.8,43.0,16.0
2020-07-21,0.0,19.1,31.7,67.0,1018.0,4.6,24.0,26.0
2020-07-22,0.1,19.8,30.8,69.0,1016.6,5.1,25.0,57.0
2020-07-23,5.5,20.2,29.5,71.0,1013.1,4.6,310.0,44.0
2020-07-24,15.3,18.1,21.8,85.0,1011.3,9.1,228.0,94.0
2020-07-25,0.0,15.3,27.7,72.0,1012.5,6.5,256.0,33.0
2020-07-26,0.0,17.6,28.7,74.0,1013.8,5.6,48.0,53.0
2020-07-27,0.0,18.7,29.9,72.0,1016.5,4.7,24.0,17.0
2020-07-28,0.0,19.3,31.1,70.0,1014.8,5.1,233.0,7.0
2020-07-29,0.0,21.9,32.0,69.0,1014.5,4.9,28.0,25.0
2020-07-30,1.2,21.6,33.1,71.0,1016.4,4.5,26.0,38.0
2020-07-31,1.7,22.9,34.6,70.0,1014.4,4.9,268.0,55.0
2020-08-01,0.0,23.0,34.0,70.0,1012.2,4.1,17.0,26.0
2020-08-02,0.9,22.6,29.7,71.0,1010.7,7.5,63.0,64.0
2020-08-03,33.9,19.7,26.3,84.0,1005.1,5.6,347.0,86.0
2020-08-04,5.1,17.5,23.4,81.0,1004.9,7.0,339.0,86.0
2020-08-05,0.0,17.3,26.0,62.0,1012.8,6.3,85.0,60.0
2020-08-06,0.0,17.6,28.7,72.0,1016.2,4.9,215.0,20.0
2020-08-07,0.0,19.5,30.1,70.0,1018.3,4.9,350.0,14.0
2020-08-08,0.0,19.3,32.1,55.0,1017.8,6.9,316.0,2.0
2020-08-09,0.0,20.0,32.1,61.0,1015.8,4.9,273.0,12.0
2020-08-10,0.0,21.1,31.4,71.0,1014.4,4.2,23.0,38.0
2020-08-11,0.3,20.9,31.8,75.0,1015.2,3.9,18.0,54.0
2020-08-12,0.1,22.2,29.9,74.0,1015.9,4.1,5.0,62.0
2020-08-13,3.5,21.5,30.2,75.0,1014.7,5.5,250.0,63.0
2020-08-14,0.2,21.1,28.4,75.0,1012.4,4.4,53.0,51.0
2020-08-15,0.0,19.5,29.6,75.0,1012.0,3.9,13.0,38.0
2020-08-16,0.0,19.5,29.4,72.0,1011.3,4.1,21.0,74.0
2020-08-17,2.7,20.5,28.1,75.0,1010.2,5.0,19.0,83.0
2020-08-18,0.4,17.5,27.2,79.0,1010.1,4.8,32.0,64.0
2020-08-19,0.3,18.1,28.4,73.0,1010.7,4.3,253.0,40.0
2020-08-20,0.2,20.3,30.5,73.0,1012.7,4.5,40.0,33.0
2020-08-21,0.0,20.7,31.7,72.0,1015.6,4.9,155.0,4.0
2020-08-22,0.0,21.3,32.7,72.0,1014.3,4.1,46.0,6.0
2020-08-23,5.4,20.6,30.0,73.0,1013.2,8.0,60.0,49.0
2020-08-24,2.6,18.4,27.6,74.0,1013.5,9.3,36.0,69.0
2020-08-25,0.0,16.7,28.0,65.0,1014.4,4.7,304.0,13.0
2020-08-26,0.0,17.7,29.6,65.0,1013.9,6.6,235.0,45.0
2020-08-27,0.9,20.6,28.1,75.0,1013.1,5.2,40.0,46.0
2020-08-28,1.3,19.2,29.1,76.0,1008.3,6.9,46.0,56.0
2020-08-29,18.5,19.1,25.2,91.0,1004.3,8.1,40.0,76.0
2020-08-30,33.8,18.3,24.3,89.0,1005.0,6.9,10.0,79.0
2020-08-31,15.9,16.2,22.7,90.0,1011.7,6.6,24.0,95.0
2020-09-01,0.4,14.6,24.2,82.0,1011.5,9.5,232.0,47.0
2020-09-02,3.9,14.4,22.6,80.0,1015.4,7.0,31.0,41.0
2020-09-03,0.1,13.9,24.1,72.0,1020.6,4.0,358.0,13.0
2020-09-04,0.0,14.8,26.4,74.0,1025.2,4.5,295.0,13.0
2020-09-05,0.0,15.1,27.1,79.0,1018.8,5.4,244.0,1.0
2020-09-06,0.5,17.0,25.8,85.0,1013.5,5.3,22.0,45.0
2020-09-07,6.5,17.4,24.1,85.0,1016.5,10.1,35.0,64.0
2020-09-08,0.0,16.3,25.5,72.0,1024.8,7.5,36.0,6.0
2020-09-09,0.0,14.7,26.8,74.0,1023.0,6.5,244.0,11.0
2020-09-10,0.0,16.6,26.8,80.0,1017.1,6.2,12.0,72.0
2020-09-11,0.0,18.1,27.7,71.0,1014.7,7.0,47.0,71.0
2020-09-12,0.0,16.6,28.3,72.0,1017.4,7.4,1.0,8.0
2020-09-13,0.0,16.7,29.2,71.0,1023.1,7.2,359.0,4.0
2020-09-14,0.0,17.2,28.9,70.0,1025.4,8.2,31.0,3.0
2020-09-15,0.0,17.2,28.7,68.0,1021.9,8.7,11.0,20.0
2020-09-16,0.0,17.1,29.0,67.0,1017.3,6.1,319.0,14.0
2020-09-17,0.0,17.4,29.6,66.0,1016.2,5.4,360.0,21.0
2020-09-18,0.0,16.1,26.6,66.0,1020.0,7.7,50.0,6.0
2020-09-19,0.0,15.2,24.2,61.0,1020.0,7.3,34.0,40.0
2020-09-20,0.0,14.1,24.6,73.0,1016.1,5.1,15.0,39.0
2020-09-21,0.3,15.0,25.6,76.0,1015.8,4.1,35.0,58.0
2020-09-22,7.1,17.1,23.6,87.0,1014.5,5.3,45.0,89.0
2020-09-23,6.4,16.7,23.2,83.0,1010.2,5.2,224.0,76.0
2020-09-24,8.4,15.1,23.5,87.0,1010.3,5.6,24.0,69.0
2020-09-25,18.5,12.1,20.7,86.0,996.6,7.8,9.0,86.0
2020-09-26,0.2,11.3,20.3,61.0,996.6,8.5,237.0,83.0
2020-09-27,2.8,10.3,16.3,76.0,1004.6,13.6,49.0,76.0
2020-09-28,4.5,9.9,15.2,82.0,1007.0,7.0,241.0,89.0
2020-09-29,0.0,7.0,20.3,77.0,1015.8,4.4,302.0,34.0
2020-09-30,0.0,9.2,20.9,80.0,1014.9,4.9,347.0,28.0
2020-10-01,0.0,11.2,21.1,82.0,1008.2,6.3,268.0,56.0
2020-10-02,11.9,13.4,18.2,95.0,1003.2,11.1,48.0,97.0
2020-10-03,7.3,13.3,18.9,87.0,999.6,10.3,83.0,77.0
2020-10-04,6.9,10.8,17.6,79.0,1005.2,7.5,51.0,60.0
2020-10-05,11.3,12.7,18.9,82.0,1008.2,9.8,233.0,64.0
2020-10-06,0.1,8.3,18.8,80.0,1013.1,5.7,230.0,55.0
2020-10-07,0.3,11.9,19.5,84.0,1011.7,5.5,44.0,41.0
2020-10-08,0.0,7.7,20.8,77.0,1021.5,5.4,280.0,25.0
2020-10-09,0.0,9.3,19.9,78.0,1022.4,4.2,315.0,85.0
2020-10-10,1.1,10.8,20.4,83.0,1017.7,5.4,293.0,51.0
2020-10-11,33.2,9.2,14.0,90.0,1012.9,12.9,32.0,99.0
2020-10-12,0.1,8.3,17.2,71.0,1012.0,6.8,325.0,74.0
2020-10-13,0.0,3.5,16.4,63.0,1009.4,6.8,265.0,5.0
2020-10-14,0.0,3.1,15.4,74.0,1009.1,5.2,16.0,32.0
2020-10-15,35.4,9.9,11.8,84.0,1006.3,17.0,43.0,100.0
2020-10-16,0.1,8.8,16.6,77.0,1011.7,6.8,309.0,87.0
2020-10-17,0.0,5.9,15.9,86.0,1015.1,5.6,355.0,49.0
2020-10-18,0.3,7.7,16.2,84.0,1020.3,4.5,34.0,28.0
2020-10-19,0.0,7.1,16.2,84.0,1023.9,5.0,259.0,35.0
2020-10-20,0.0,6.3,16.6,88.0,1024.7,5.0,232.0,76.0
2020-10-21,0.0,6.4,16.0,87.0,1023.6,7.3,221.0,51.0
2020-10-22,0.0,7.6,16.5,91.0,1023.6,3.8,326.0,67.0
2020-10-23,4.9,10.2,15.8,95.0,1020.7,4.0,32.0,94.0
2020-10-24,10.8,10.4,17.9,93.0,1016.3,4.0,313.0,71.0
2020-10-25,0.0,10.4,18.2,89.0,1014.5,9.0,227.0,24.0
2020-10-26,10.4,11.4,17.2,91.0,1008.4,7.3,70.0,75.0
2020-10-27,18.2,9.9,16.2,87.0,1008.2,5.0,288.0,55.0
2020-10-28,0.0,6.9,16.5,84.0,1016.8,6.2,244.0,41.0
2020-10-29,0.1,7.1,17.3,83.0,1018.8,4.1,270.0,77.0
2020-10-30,0.0,6.5,16.8,85.0,1023.3,4.8,296.0,43.0
2020-10-31,0.0,6.6,17.1,89.0,1023.6,5.1,275.0,39.0
2020-11-01,0.0,8.6,16.0,92.0,1022.0,4.8,245.0,78.0
2020-11-02,0.2,10.1,13.7,94.0,1023.2,3.9,357.0,94.0
2020-11-03,0.3,11.0,16.3,87.0,1023.6,3.7,333.0,90.0
2020-11-04,0.1,10.4,16.8,90.0,1023.2,4.1,41.0,84.0
2020-11-05,0.0,10.1,17.9,84.0,1029.4,6.6,47.0,44.0
2020-11-06,0.0,7.6,16.7,76.0,1032.0,6.4,43.0,7.0
2020-11-07,0.0,5.8,17.8,85.0,1029.8,5.5,251.0,0.0
2020-11-08,0.0,6.1,14.9,90.0,1026.5,5.1,267.0,11.0
2020-11-09,0.0,6.3,16.5,85.0,1024.3,4.7,284.0,19.0
2020-11-10,0.0,5.7,15.6,84.0,1025.4,5.1,48.0,67.0
2020-11-11,0.8,3.5,13.4,84.0,1026.3,7.5,25.0,33.0
2020-11-12,0.0,5.2,12.9,87.0,1025.3,4.7,16.0,47.0
2020-11-13,0.0,4.0,13.2,91.0,1025.7,5.4,276.0,32.0
2020-11-14,0.0,6.1,12.8,91.0,1026.0,4.2,309.0,71.0
2020-11-15,0.0,4.8,13.7,91.0,1023.0,5.8,240.0,28.0
2020-11-16,8.3,7.1,13.2,93.0,1018.3,5.0,6.0,65.0
2020-11-17,0.0,3.3,15.0,82.0,1026.7,5.3,284.0,19.0
2020-11-18,0.0,3.3,14.7,83.0,1029.7,5.9,259.0,8.0
2020-11-19,0.0,4.3,13.0,80.0,1023.7,3.0,278.0,5.0
2020-11-20,1.4,4.6,13.2,78.0,1023.2,6.3,46.0,59.0
2020-11-21,0.0,-0.5,9.4,58.0,1033.1,9.1,40.0,3.0
2020-11-22,0.0,-2.6,8.9,69.0,1032.1,6.2,266.0,29.0
2020-11-23,0.0,-0.7,8.5,78.0,1028.9,4.7,333.0,62.0
2020-11-24,0.0,1.2,11.1,63.0,1028.0,6.7,359.0,14.0
2020-11-25,0.0,-1.1,11.0,77.0,1024.8,5.3,240.0,0.0
2020-11-26,0.0,1.1,10.7,81.0,1025.0,5.3,258.0,42.0
2020-11-27,0.0,-0.4,8.8,92.0,1023.4,3.3,292.0,56.0
2020-11-28,0.0,1.8,8.8,83.0,1019.8,5.9,335.0,65.0
2020-11-29,0.0,1.5,8.5,77.0,1018.7,8.1,29.0,63.0
2020-11-30,0.0,-1.1,7.7,79.0,1024.0,8.7,17.0,7.0
2020-12-01,0.0,-0.8,5.8,72.0,1018.5,9.8,42.0,71.0
2020-12-02,20.1,1.1,3.5,81.0,1013.1,17.9,53.0,100.0
2020-12-03,3.8,0.3,6.4,93.0,1008.2,5.6,213.0,65.0
2020-12-04,13.5,-0.4,6.0,93.0,1002.3,12.2,60.0,88.0
2020-12-05,22.9,6.4,12.2,94.0,999.4,9.2,50.0,100.0
2020-12-06,23.7,6.3,11.8,95.0,998.3,11.9,74.0,100.0
2020-12-07,5.6,2.0,8.1,93.0,1003.7,8.1,57.0,74.0
2020-12-08,27.6,3.9,6.4,86.0,1003.4,16.8,45.0,97.0
2020-12-09,17.5,6.0,9.0,87.0,1001.5,15.4,45.0,99.0
2020-12-10,1.8,3.2,8.8,88.0,1005.4,4.5,9.0,54.0
2020-12-11,0.0,0.8,8.4,88.0,1005.9,4.6,277.0,64.0
2020-12-12,0.3,1.7,7.4,92.0,1002.3,4.2,292.0,93.0
2020-12-13,0.0,0.1,8.2,91.0,1010.2,5.4,243.0,9.0
2020-12-14,0.0,0.1,10.4,85.0,1018.3,3.6,264.0,33.0
2020-12-15,0.0,0.5,8.9,88.0,1020.2,4.4,235.0,84.0
2020-12-16,0.5,1.6,8.0,95.0,1023.4,3.9,252.0,93.0
2020-12-17,0.0,3.1,8.9,94.0,1026.3,4.2,335.0,89.0
2020-12-18,0.0,2.3,11.2,88.0,1027.9,4.5,275.0,67.0
2020-12-19,0.0,3.4,10.1,84.0,1026.3,3.5,331.0,59.0
2020-12-20,0.6,5.1,8.8,93.0,1025.8,3.8,332.0,80.0
2020-12-21,0.6,4.0,9.4,96.0,1026.7,3.9,236.0,70.0
2020-12-22,0.1,5.2,9.0,96.0,1025.4,4.5,284.0,97.0
2020-12-23,0.1,6.0,9.6,95.0,1024.6,4.3,327.0,98.0
2020-12-24,2.4,5.6,7.7,98.0,1014.9,2.8,352.0,98.0
2020-12-25,11.4,3.8,8.1,93.0,1009.9,11.2,49.0,97.0
2020-12-26,0.0,-0.7,8.1,77.0,1017.5,8.2,32.0,26.0
2020-12-27,0.0,-4.3,4.6,68.0,1012.1,6.6,248.0,26.0
2020-12-28,21.7,-0.8,2.4,89.0,991.5,12.9,52.0,90.0
2020-12-29,6.9,-0.7,5.8,90.0,997.1,7.0,18.0,93.0
2020-12-30,3.3,0.1,7.0,93.0,1004.0,4.5,275.0,94.0
2020-12-31,1.1,-0.8,6.8,91.0,1009.6,5.5,239.0,37.0
2021-01-01,14.0,-0.5,6.1,89.0,1010.7,6.8,28.0,99.0
2021-01-02,23.7,4.8,7.4,90.0,1008.1,13.9,45.0,100.0
2021-01-03,9.1,4.4,9.7,89.0,1009.2,7.7,42.0,85.0
2021-01-04,0.2,0.7,7.2,91.0,1010.9,6.8,39.0,87.0
2021-01-05,15.7,1.3,6.2,89.0,1009.6,9.5,37.0,97.0
2021-01-06,3.3,1.2,6.0,91.0,1009.9,5.3,278.0,93.0
2021-01-07,0.0,0.8,5.0,94.0,1014.6,4.3,294.0,83.0
2021-01-08,0.0,-3.0,7.5,78.0,1013.9,5.4,304.0,35.0
2021-01-09,0.0,-4.3,5.0,67.0,1018.4,7.1,31.0,79.0
2021-01-10,0.0,-1.7,5.2,52.0,1018.9,12.6,53.0,71.0
2021-01-11,0.0,-5.1,6.0,68.0,1019.6,6.3,293.0,4.0
2021-01-12,0.0,-5.0,2.2,79.0,1016.8,4.4,297.0,40.0
2021-01-13,0.0,-6.4,6.5,72.0,1014.3,3.6,326.0,4.0
2021-01-14,0.0,-4.3,6.4,76.0,1011.9,5.7,351.0,21.0
2021-01-15,0.0,-1.8,5.8,62.0,1018.0,8.2,42.0,75.0
2021-01-16,0.0,-4.6,5.9,72.0,1021.7,8.7,244.0,15.0
2021-01-17,0.0,-2.5,3.8,80.0,1017.3,5.3,342.0,87.0
2021-01-18,0.0,-4.4,5.6,79.0,1023.8,5.9,335.0,3.0
2021-01-19,0.0,-3.7,2.6,92.0,1025.2,2.9,292.0,82.0
2021-01-20,0.3,-3.2,2.8,80.0,1022.1,3.4,343.0,91.0
2021-01-21,1.1,-1.0,6.7,97.0,1016.2,3.7,97.0,96.0
2021-01-22,28.5,3.9,7.3,95.0,1004.7,7.4,48.0,100.0
2021-01-23,12.5,1.5,8.6,94.0,994.9,9.6,54.0,84.0
2021-01-24,0.0,-0.7,8.5,80.0,997.8,7.7,311.0,65.0
2021-01-25,0.6,-3.6,6.7,62.0,1002.0,7.6,322.0,93.0
2021-01-26,0.0,-3.5,9.5,46.0,1013.7,11.9,305.0,20.0
2021-01-27,0.0,-3.4,4.7,59.0,1017.2,6.9,291.0,58.0
2021-01-28,0.0,-4.0,3.8,76.0,1013.9,3.6,314.0,59.0
2021-01-29,0.0,-2.7,6.3,78.0,1006.7,5.3,350.0,66.0
2021-01-30,0.7,-3.8,4.4,93.0,1002.5,4.1,19.0,86.0
2021-01-31,14.4,2.1,8.6,88.0,997.8,10.2,43.0,84.0
2021-02-01,0.1,-0.1,7.8,78.0,1001.0,5.5,35.0,75.0
2021-02-02,0.0,-0.3,9.0,84.0,1010.9,4.3,259.0,38.0
2021-02-03,1.2,2.1,6.0,96.0,1014.7,3.2,312.0,87.0
2021-02-04,0.2,3.5,8.2,97.0,1016.9,5.4,316.0,95.0
2021-02-05,0.0,4.6,11.5,92.0,1018.1,3.0,244.0,90.0
2021-02-06,0.3,5.2,10.5,94.0,1014.4,3.0,95.0,98.0
2021-02-07,10.7,7.0,10.8,97.0,1001.0,8.4,54.0,94.0
2021-02-08,3.9,4.6,11.8,88.0,993.8,9.1,224.0,69.0
2021-02-09,3.0,5.9,10.2,87.0,999.4,6.7,242.0,94.0
2021-02-10,13.6,6.2,10.1,94.0,999.8,6.0,20.0,98.0
2021-02-11,0.7,2.9,10.0,80.0,1011.9,10.3,68.0,55.0
2021-02-12,0.0,-1.2,2.5,43.0,1026.2,14.8,54.0,86.0
2021-02-13,0.0,-4.5,2.0,42.0,1031.0,15.1,58.0,36.0
2021-02-14,0.0,-6.2,6.3,52.0,1037.4,8.2,239.0,7.0
2021-02-15,0.0,-6.1,5.8,61.0,1037.7,5.1,238.0,25.0
2021-02-16,0.0,-3.1,6.6,74.0,1028.3,5.6,1.0,47.0
2021-02-17,0.0,-0.1,10.0,77.0,1022.7,4.9,349.0,54.0
2021-02-18,0.0,0.6,10.7,79.0,1023.9,3.3,350.0,71.0
2021-02-19,0.0,4.7,12.2,88.0,1024.1,2.6,2.0,98.0
2021-02-20,0.0,5.3,12.1,87.0,1025.9,3.6,4.0,80.0
2021-02-21,0.4,5.8,13.2,88.0,1027.4,4.1,59.0,80.0
2021-02-22,0.0,3.5,12.9,87.0,1030.9,5.4,243.0,35.0
2021-02-23,0.0,3.9,13.5,93.0,1035.8,4.1,266.0,45.0
2021-02-24,0.0,3.2,20.6,71.0,1035.0,5.7,247.0,2.0
2021-02-25,0.0,7.1,20.0,59.0,1031.6,6.1,256.0,0.0
2021-02-26,0.0,4.0,18.2,68.0,1027.8,4.2,261.0,0.0
2021-02-27,0.0,3.6,17.3,72.0,1026.2,9.3,75.0,43.0
2021-02-28,0.0,2.8,11.9,67.0,1033.1,8.4,57.0,9.0
2021-03-01,0.0,0.2,15.2,63.0,1031.3,5.1,292.0,0.0
2021-03-02,0.0,2.0,14.4,64.0,1034.0,6.3,33.0,0.0
2021-03-03,0.0,2.1,15.5,75.0,1031.4,6.5,236.0,33.0
2021-03-04,0.0,2.7,13.4,79.0,1023.1,4.7,301.0,77.0
2021-03-05,2.2,3.7,14.6,86.0,1017.2,4.5,20.0,70.0
2021-03-06,3.0,3.0,8.9,71.0,1028.6,12.7,49.0,54.0
2021-03-07,0.0,0.7,10.1,67.0,1025.4,6.0,329.0,28.0
2021-03-08,0.0,-0.7,10.8,80.0,1018.1,5.4,46.0,12.0
2021-03-09,0.0,1.3,11.5,70.0,1016.1,9.1,51.0,38.0
2021-03-10,0.0,0.8,12.5,67.0,1017.9,8.8,228.0,21.0
2021-03-11,0.0,1.8,11.6,76.0,1018.9,5.0,10.0,80.0
2021-03-12,0.3,3.9,13.5,85.0,1013.0,5.4,50.0,75.0
2021-03-13,0.4,3.3,13.7,89.0,1012.8,4.1,317.0,73.0
2021-03-14,0.8,2.3,11.3,85.0,1007.7,7.3,74.0,70.0
2021-03-15,0.0,-0.2,14.1,68.0,1010.4,8.6,239.0,44.0
2021-03-16,0.1,1.0,14.7,47.0,1014.0,8.6,310.0,29.0
2021-03-17,0.0,-1.7,13.4,51.0,1016.7,7.7,346.0,32.0
2021-03-18,0.2,-0.4,10.0,62.0,1018.1,7.0,5.0,36.0
2021-03-19,1.5,0.2,9.6,74.0,1016.5,6.1,12.0,54.0
2021-03-20,0.1,-3.5,9.8,65.0,1018.8,8.3,26.0,33.0
2021-03-21,0.0,-4.1,9.3,53.0,1016.9,7.3,43.0,21.0
2021-03-22,0.0,-2.6,14.0,59.0,1013.2,4.9,249.0,33.0
2021-03-23,0.1,0.8,12.7,63.0,1022.0,7.5,234.0,28.0
2021-03-24,0.0,-0.1,14.9,69.0,1022.9,6.0,286.0,0.0
2021-03-25,0.0,1.6,16.2,74.0,1022.1,5.6,27.0,29.0
2021-03-26,0.0,1.7,16.6,71.0,1023.6,5.5,75.0,19.0
2021-03-27,0.0,5.1,15.9,82.0,1024.3,6.9,182.0,60.0
2021-03-28,0.3,7.1,17.0,85.0,1030.1,6.0,54.0,66.0
2021-03-29,0.0,6.8,19.5,80.0,1032.7,3.8,295.0,48.0
2021-03-30,0.0,7.2,21.7,77.0,1030.7,5.8,249.0,17.0
2021-03-31,0.0,7.2,22.9,73.0,1025.2,6.3,253.0,2.0
2021-04-01,0.0,9.2,23.9,71.0,1017.8,4.4,305.0,33.0
2021-04-02,0.0,9.2,22.4,72.0,1012.6,5.2,76.0,19.0
2021-04-03,1.1,9.8,17.0,73.0,1012.7,11.1,72.0,61.0
2021-04-04,0.3,7.2,13.5,61.0,1018.8,7.4,90.0,65.0
2021-04-05,0.0,5.5,14.6,55.0,1013.0,9.8,218.0,41.0
2021-04-06,2.7,3.0,8.4,72.0,1005.6,12.3,69.0,83.0
2021-04-07,0.0,0.8,10.6,47.0,1014.2,6.6,294.0,56.0
2021-04-08,0.0,-2.3,14.8,46.0,1023.6,6.8,248.0,8.0
2021-04-09,0.0,2.7,14.6,62.0,1025.9,8.3,212.0,39.0
2021-04-10,0.5,5.2,16.8,70.0,1022.0,6.4,213.0,85.0
2021-04-11,21.1,8.7,10.6,95.0,1019.3,8.7,44.0,99.0
2021-04-12,39.7,7.8,12.8,94.0,1016.4,8.5,30.0,100.0
2021-04-13,14.6,5.7,9.9,84.0,1019.9,8.5,272.0,92.0
2021-04-14,0.0,0.4,13.2,65.0,1023.2,6.1,225.0,13.0
2021-04-15,0.2,3.2,11.6,65.0,1022.6,7.0,62.0,45.0
2021-04-16,0.1,0.9,13.1,65.0,1020.3,6.8,68.0,7.0
2021-04-17,0.0,1.2,14.3,64.0,1017.0,8.5,54.0,44.0
2021-04-18,0.0,4.8,13.8,68.0,1016.6,6.6,75.0,79.0
2021-04-19,0.6,4.8,15.0,72.0,1016.1,5.6,265.0,68.0
2021-04-20,0.7,4.3,16.6,75.0,1015.1,5.4,331.0,35.0
2021-04-21,1.1,4.7,17.0,82.0,1017.3,6.5,38.0,37.0
2021-04-22,0.7,6.6,16.8,82.0,1019.1,6.0,59.0,38.0
2021-04-23,1.0,8.1,18.4,83.0,1022.4,5.1,48.0,47.0
2021-04-24,0.0,6.6,19.4,75.0,1022.0,5.3,194.0,19.0
2021-04-25,0.0,8.3,21.2,69.0,1016.8,6.2,213.0,22.0
2021-04-26,0.3,10.0,15.0,66.0,1014.8,10.2,60.0,99.0
2021-04-27,1.4,9.3,15.4,77.0,1009.9,7.8,66.0,85.0
2021-04-28,0.4,8.3,18.4,67.0,1008.8,6.9,90.0,72.0
2021-04-29,4.3,11.5,18.0,87.0,1009.4,4.2,118.0,92.0
2021-04-30,4.6,12.1,20.8,88.0,1010.8,4.2,85.0,93.0
2021-05-01,13.7,12.4,20.6,87.0,1008.2,8.0,70.0,82.0
2021-05-02,10.9,11.4,19.8,77.0,1007.8,15.3,224.0,48.0
2021-05-03,1.0,8.1,16.9,71.0,1019.7,7.5,83.0,34.0
2021-05-04,0.1,7.4,19.4,67.0,1015.7,6.6,229.0,23.0
2021-05-05,0.0,8.4,19.2,73.0,1007.4,12.9,231.0,24.0
2021-05-06,0.5,10.2,15.8,76.0,1011.4,12.1,59.0,77.0
2021-05-07,1.2,10.7,22.3,78.0,1008.6,10.3,332.0,66.0
2021-05-08,0.0,10.4,18.9,63.0,1019.9,9.6,57.0,41.0
2021-05-09,0.0,7.9,20.9,65.0,1019.5,5.1,108.0,31.0
2021-05-10,0.0,11.5,22.1,65.0,1016.6,7.8,76.0,35.0
2021-05-11,17.3,12.3,17.6,85.0,1012.1,9.0,50.0,88.0
2021-05-12,11.6,12.7,18.4,80.0,1007.2,6.4,219.0,94.0
2021-05-13,9.2,12.2,19.1,86.0,1005.0,5.8,243.0,92.0
2021-05-14,21.5,11.1,19.5,89.0,1008.0,4.7,51.0,70.0
2021-05-15,1.8,10.8,17.9,79.0,1009.8,7.6,230.0,84.0
2021-05-16,4.1,9.7,18.5,81.0,1006.9,6.6,216.0,71.0
2021-05-17,8.0,11.6,20.9,75.0,1005.5,8.0,219.0,41.0
2021-05-18,5.3,8.5,21.6,77.0,1011.7,6.6,36.0,35.0
2021-05-19,9.4,9.8,18.7,81.0,1012.7,7.9,10.0,71.0
2021-05-20,0.0,6.4,21.7,64.0,1017.2,5.9,228.0,25.0
2021-05-21,0.0,9.4,20.5,74.0,1017.0,6.3,44.0,79.0
2021-05-22,1.7,12.0,20.3,77.0,1012.0,7.5,204.0,87.0
2021-05-23,0.7,12.7,23.2,73.0,1014.2,10.9,347.0,76.0
2021-05-24,41.2,12.6,14.5,85.0,1017.0,11.6,49.0,98.0
2021-05-25,0.1,11.7,21.1,71.0,1015.6,15.3,237.0,37.0
2021-05-26,0.0,11.2,20.4,68.0,1018.4,7.6,76.0,26.0
2021-05-27,0.9,11.9,22.4,81.0,1015.1,5.8,23.0,39.0
2021-05-28,0.0,10.0,22.1,71.0,1018.8,6.7,67.0,12.0
2021-05-29,2.7,13.3,22.4,69.0,1017.9,5.6,53.0,55.0
2021-05-30,0.5,12.0,21.2,68.0,1019.9,8.2,71.0,35.0
2021-05-31,0.7,13.3,20.5,67.0,1019.7,5.6,40.0,70.0
2021-06-01,0.0,11.6,22.7,70.0,1017.4,5.6,129.0,27.0
2021-06-02,0.0,11.8,24.1,71.0,1019.0,6.1,73.0,16.0
2021-06-03,0.0,13.0,25.7,72.0,1022.2,5.2,69.0,17.0
2021-06-04,0.0,15.6,27.1,71.0,1022.2,6.2,161.0,42.0
2021-06-05,0.0,15.9,27.4,70.0,1019.2,6.8,242.0,26.0
2021-06-06,10.3,16.8,25.2,79.0,1016.9,6.2,47.0,51.0
2021-06-07,4.7,15.5,25.0,80.0,1017.1,7.3,34.0,59.0
2021-06-08,0.2,15.8,27.0,69.0,1017.1,4.8,22.0,90.0
2021-06-09,0.0,15.9,27.5,66.0,1016.7,5.0,299.0,84.0
2021-06-10,0.4,16.8,26.4,68.0,1017.2,4.5,17.0,56.0
2021-06-11,3.3,16.8,26.2,76.0,1016.8,4.6,314.0,68.0
2021-06-12,0.0,16.2,28.5,70.0,1017.1,7.6,240.0,64.0
2021-06-13,0.2,18.4,31.0,74.0,1016.7,7.0,62.0,19.0
2021-06-14,0.0,18.3,26.8,70.0,1018.6,9.0,75.0,24.0
2021-06-15,0.0,18.0,27.7,66.0,1018.5,6.0,84.0,28.0
2021-06-16,0.1,16.6,28.0,67.0,1016.3,3.7,67.0,54.0
2021-06-17,0.0,18.4,29.6,66.0,1016.2,4.5,26.0,22.0
2021-06-18,5.4,19.7,28.4,72.0,1016.8,4.5,105.0,45.0
2021-06-19,0.0,18.9,30.9,71.0,1014.8,5.1,232.0,55.0
2021-06-20,0.7,19.8,30.0,71.0,1011.6,4.5,267.0,77.0
2021-06-21,0.0,19.2,31.1,69.0,1008.4,6.4,237.0,9.0
2021-06-22,0.0,18.0,30.9,61.0,1009.7,5.2,213.0,10.0
2021-06-23,0.0,19.5,30.3,70.0,1013.7,5.4,42.0,28.0
2021-06-24,0.2,19.0,30.7,62.0,1014.8,7.1,254.0,16.0
2021-06-25,0.0,20.3,28.6,51.0,1013.8,9.7,249.0,27.0
2021-06-26,0.0,16.6,29.1,58.0,1015.2,5.5,77.0,23.0
2021-06-27,0.0,17.9,30.7,60.0,1014.9,4.7,76.0,57.0
2021-06-28,0.0,19.2,31.6,59.0,1014.4,6.9,79.0,38.0
2021-06-29,0.5,19.9,30.4,63.0,1011.2,7.9,58.0,31.0
2021-06-30,0.1,18.6,28.6,56.0,1008.9,10.0,237.0,27.0
2021-07-01,0.3,16.0,29.5,57.0,1011.3,6.2,1.0,22.0
2021-07-02,0.1,19.1,28.4,57.0,1013.9,6.2,54.0,54.0
2021-07-03,3.6,18.6,28.7,64.0,1014.3,5.3,33.0,81.0
2021-07-04,50.4,18.6,25.3,85.0,1010.9,3.5,56.0,85.0
2021-07-05,0.1,16.2,28.1,72.0,1010.8,5.4,207.0,23.0
2021-07-06,0.0,18.3,30.4,66.0,1012.9,6.1,101.0,12.0
2021-07-07,0.0,19.4,30.4,71.0,1013.3,7.5,70.0,5.0
2021-07-08,20.0,20.2,30.4,79.0,1015.0,8.3,55.0,52.0
2021-07-09,0.7,16.9,27.5,70.0,1015.8,8.2,226.0,15.0
2021-07-10,0.0,16.6,28.9,70.0,1015.4,6.7,45.0,9.0
2021-07-11,0.0,18.1,29.2,65.0,1012.1,5.3,306.0,30.0
2021-07-12,0.1,17.9,28.9,71.0,1012.4,7.6,53.0,16.0
2021-07-13,24.2,18.4,28.5,84.0,1008.1,11.7,39.0,61.0
2021-07-14,5.1,15.2,24.0,72.0,1010.4,5.0,230.0,38.0
2021-07-15,0.0,14.4,24.8,72.0,1013.0,4.4,308.0,81.0
2021-07-16,1.5,16.3,24.7,79.0,1013.2,6.2,7.0,95.0
2021-07-17,0.2,18.6,29.2,70.0,1011.3,7.5,260.0,99.0
2021-07-18,0.0,18.8,30.2,70.0,1010.0,6.7,312.0,54.0
2021-07-19,0.0,20.1,31.1,61.0,1011.4,5.1,216.0,24.0
2021-07-20,0.0,19.7,28.7,67.0,1013.7,5.7,65.0,29.0
2021-07-21,0.0,19.9,29.3,72.0,1017.3,6.6,59.0,43.0
2021-07-22,0.3,20.2,28.9,70.0,1017.9,7.3,44.0,62.0
2021-07-23,0.1,18.6,29.8,73.0,1015.1,4.9,30.0,24.0
2021-07-24,0.0,20.8,29.4,74.0,1012.5,5.8,80.0,62.0
2021-07-25,0.2,20.6,29.6,74.0,1010.1,10.8,53.0,69.0
2021-07-26,6.0,20.4,28.4,74.0,1012.0,7.6,46.0,60.0
2021-07-27,5.2,19.2,27.0,85.0,1015.5,7.0,22.0,85.0
2021-07-28,1.1,18.6,28.6,82.0,1013.9,4.4,218.0,55.0
2021-07-29,0.0,19.6,29.9,77.0,1013.1,4.0,256.0,30.0
2021-07-30,0.7,18.4,30.1,72.0,1011.0,7.0,246.0,16.0
2021-07-31,10.7,20.4,30.3,70.0,1008.7,5.3,14.0,41.0
2021-08-01,8.9,19.2,27.4,73.0,1005.3,12.3,249.0,46.0
2021-08-02,0.0,14.9,26.4,71.0,1011.9,7.1,38.0,40.0
2021-08-03,3.2,15.9,26.5,70.0,1014.3,5.7,210.0,62.0
2021-08-04,3.9,18.6,25.8,79.0,1012.0,5.5,34.0,88.0
2021-08-05,3.4,18.0,27.8,73.0,1005.9,8.8,262.0,53.0
2021-08-06,0.0,17.4,27.6,73.0,1007.2,5.3,24.0,24.0
2021-08-07,0.6,20.1,28.3,78.0,1008.5,6.1,31.0,51.0
2021-08-08,0.5,19.3,28.8,76.0,1009.9,6.3,34.0,34.0
2021-08-09,0.1,18.5,30.0,69.0,1016.1,5.0,57.0,6.0
2021-08-10,0.0,18.1,30.0,66.0,1017.2,5.2,336.0,41.0
2021-08-11,0.0,17.7,31.8,65.0,1016.4,4.1,342.0,7.0
2021-08-12,0.0,20.6,32.6,65.0,1018.8,4.9,26.0,6.0
2021-08-13,0.0,21.3,32.7,67.0,1020.1,4.8,287.0,53.0
2021-08-14,0.0,21.8,33.6,70.0,1019.0,3.9,300.0,12.0
2021-08-15,0.0,22.1,33.7,66.0,1014.3,4.8,277.0,12.0
2021-08-16,5.9,21.3,32.8,73.0,1009.6,6.9,25.0,47.0
2021-08-17,0.0,15.5,27.7,58.0,1011.8,8.1,86.0,18.0
2021-08-18,0.0,17.7,26.0,58.0,1015.0,9.6,52.0,15.0
2021-08-19,0.0,16.6,27.2,61.0,1014.9,5.8,42.0,6.0
2021-08-20,0.0,17.0,27.9,64.0,1015.3,5.0,13.0,38.0
2021-08-21,0.0,18.4,30.1,65.0,1017.4,5.2,238.0,8.0
2021-08-22,0.0,18.5,30.9,65.0,1015.8,4.8,347.0,68.0
2021-08-23,1.3,19.0,25.9,67.0,1014.7,9.4,57.0,44.0
2021-08-24,0.4,14.9,27.1,63.0,1015.7,6.8,24.0,35.0
2021-08-25,0.6,18.6,25.4,61.0,1015.7,6.9,56.0,43.0
2021-08-26,0.1,14.5,27.1,64.0,1010.1,7.1,231.0,15.0
2021-08-27,5.7,15.5,22.0,69.0,1010.8,10.5,52.0,53.0
2021-08-28,0.6,15.0,23.3,60.0,1012.5,6.6,34.0,54.0
2021-08-29,0.8,12.5,24.3,66.0,1012.9,5.4,274.0,37.0
2021-08-30,0.7,13.8,24.6,74.0,1013.2,5.9,42.0,38.0
2021-08-31,3.6,13.6,24.7,84.0,1016.6,4.6,9.0,33.0
2021-09-01,0.1,13.4,26.0,71.0,1020.4,5.1,235.0,6.0
2021-09-02,0.0,14.9,25.4,66.0,1023.3,6.4,60.0,19.0
2021-09-03,0.0,14.1,25.7,68.0,1019.9,5.6,136.0,40.0
2021-09-04,0.0,14.5,26.0,66.0,1015.9,5.2,234.0,58.0
2021-09-05,0.0,14.5,27.2,62.0,1018.1,6.3,23.0,13.0
2021-09-06,0.0,16.1,27.2,59.0,1021.9,6.5,28.0,16.0
2021-09-07,0.0,14.8,27.0,60.0,1022.1,6.6,35.0,43.0
2021-09-08,0.0,15.1,26.7,52.0,1020.1,8.8,58.0,2.0
2021-09-09,0.0,14.8,26.7,52.0,1017.5,6.0,50.0,1.0
2021-09-10,0.0,13.2,27.1,59.0,1016.8,5.9,214.0,23.0
2021-09-11,0.0,14.1,26.5,64.0,1016.7,3.7,45.0,46.0
2021-09-12,0.0,15.0,28.3,62.0,1015.8,4.6,327.0,9.0
2021-09-13,0.0,15.3,29.2,59.0,1015.8,5.6,250.0,33.0
2021-09-14,0.0,16.3,29.8,61.0,1016.4,6.1,248.0,51.0
2021-09-15,0.0,18.3,28.0,65.0,1016.3,5.4,249.0,83.0
2021-09-16,10.4,17.9,22.7,86.0,1015.1,4.3,353.0,94.0
2021-09-17,3.7,17.8,25.7,83.0,1011.3,4.5,38.0,80.0
2021-09-18,0.4,16.9,24.4,77.0,1013.0,6.6,53.0,71.0
2021-09-19,9.5,15.8,21.8,82.0,1011.2,7.3,49.0,83.0
2021-09-20,0.0,12.9,22.9,78.0,1013.8,7.3,64.0,38.0
2021-09-21,0.2,13.8,21.5,64.0,1022.8,8.6,60.0,33.0
2021-09-22,0.0,12.0,22.5,74.0,1023.5,5.6,30.0,61.0
2021-09-23,0.0,13.1,21.7,75.0,1022.6,5.4,255.0,49.0
2021-09-24,0.0,10.7,23.9,79.0,1018.6,5.2,321.0,4.0
2021-09-25,0.0,12.9,24.5,80.0,1020.8,4.8,12.0,31.0
2021-09-26,5.6,15.9,22.9,91.0,1019.9,5.5,33.0,94.0
2021-09-27,0.7,14.8,23.2,87.0,1017.3,4.8,254.0,38.0
2021-09-28,0.0,14.2,25.3,80.0,1019.1,5.1,246.0,41.0
2021-09-29,1.1,14.7,25.5,74.0,1017.7,5.3,242.0,67.0
2021-09-30,2.3,14.8,23.4,71.0,1023.2,9.1,64.0,43.0
2021-10-01,0.0,12.4,21.6,63.0,1023.8,6.4,71.0,11.0
2021-10-02,0.0,11.0,21.2,77.0,1019.8,4.8,36.0,45.0
2021-10-03,0.1,13.2,22.4,82.0,1018.0,6.5,42.0,38.0
2021-10-04,9.2,16.2,23.8,89.0,1017.8,7.8,47.0,89.0
2021-10-05,10.2,13.8,21.0,89.0,1013.5,7.0,38.0,78.0
2021-10-06,22.1,13.2,17.9,85.0,1013.3,11.7,40.0,79.0
2021-10-07,2.3,11.3,17.2,79.0,1016.3,5.2,48.0,95.0
2021-10-08,2.2,12.2,18.7,78.0,1020.7,6.7,29.0,91.0
2021-10-09,0.0,9.8,18.3,63.0,1023.6,9.7,60.0,14.0
2021-10-10,0.0,7.1,16.5,61.0,1022.0,6.7,78.0,14.0
2021-10-11,0.0,7.7,18.9,66.0,1019.5,6.3,219.0,49.0
2021-10-12,0.5,6.7,17.3,80.0,1017.2,5.4,351.0,89.0
2021-10-13,1.5,6.8,17.7,79.0,1017.9,6.5,38.0,41.0
2021-10-14,0.1,5.2,16.0,75.0,1024.5,5.7,255.0,15.0
2021-10-15,0.0,4.2,16.5,76.0,1019.9,5.1,277.0,28.0
2021-10-16,0.0,5.2,18.6,71.0,1018.6,4.1,284.0,26.0
2021-10-17,0.0,5.7,18.2,74.0,1020.7,5.6,279.0,4.0
2021-10-18,0.0,5.5,18.4,78.0,1024.1,4.2,268.0,47.0
2021-10-19,0.0,6.0,18.4,78.0,1027.7,5.1,285.0,73.0
2021-10-20,0.0,8.4,17.9,84.0,1024.4,6.1,266.0,77.0
2021-10-21,14.1,10.4,14.6,92.0,1014.8,3.5,217.0,97.0
2021-10-22,0.0,9.7,17.4,91.0,1015.6,4.1,279.0,62.0
2021-10-23,0.0,8.1,19.0,82.0,1022.7,7.9,40.0,52.0
2021-10-24,0.0,7.0,16.2,66.0,1028.6,9.6,47.0,25.0
2021-10-25,0.0,5.4,13.8,68.0,1024.9,5.6,25.0,100.0
2021-10-26,0.0,4.5,16.5,65.0,1022.5,5.4,320.0,39.0
2021-10-27,0.0,4.4,17.5,67.0,1025.8,5.5,299.0,0.0
2021-10-28,0.0,3.5,16.9,70.0,1023.4,5.3,357.0,0.0
2021-10-29,0.0,5.8,15.3,75.0,1019.7,5.5,34.0,47.0
2021-10-30,0.0,4.1,15.7,69.0,1018.8,4.2,5.0,57.0
2021-10-31,0.0,8.3,14.9,85.0,1018.1,3.8,252.0,60.0
2021-11-01,42.0,8.8,11.9,92.0,1007.6,8.7,28.0,97.0
2021-11-02,0.3,6.4,15.2,86.0,1002.1,7.7,259.0,45.0
2021-11-03,13.0,6.0,12.0,92.0,1004.1,9.3,43.0,97.0
2021-11-04,12.8,7.0,14.6,82.0,1003.8,11.8,228.0,50.0
2021-11-05,0.0,3.2,15.4,77.0,1018.1,6.6,354.0,65.0
2021-11-06,0.0,3.0,14.3,69.0,1025.8,6.8,30.0,24.0
2021-11-07,0.0,4.2,13.7,71.0,1020.6,6.1,250.0,71.0
2021-11-08,1.5,4.5,10.9,83.0,1017.7,9.4,52.0,84.0
2021-11-09,0.0,3.6,13.9,74.0,1025.5,9.2,49.0,36.0
2021-11-10,0.0,6.5,14.9,74.0,1027.3,3.8,57.0,84.0
2021-11-11,0.0,7.2,16.8,79.0,1023.8,5.6,231.0,80.0
2021-11-12,0.0,6.6,14.9,92.0,1019.7,4.2,27.0,71.0
2021-11-13,2.0,6.2,12.1,96.0,1017.7,4.6,238.0,92.0
2021-11-14,19.8,9.8,12.6,94.0,1016.2,11.5,52.0,93.0
2021-11-15,0.4,9.2,14.8,73.0,1020.4,13.8,59.0,96.0
2021-11-16,3.7,6.7,11.4,84.0,1020.7,5.3,14.0,98.0
2021-11-17,0.1,7.4,13.8,87.0,1019.1,3.7,293.0,93.0
2021-11-18,0.0,5.5,14.0,88.0,1025.6,6.0,351.0,64.0
2021-11-19,0.0,4.0,13.7,90.0,1028.7,7.3,255.0,61.0
2021-11-20,0.0,4.8,11.7,94.0,1024.5,5.4,220.0,49.0
2021-11-21,0.0,4.2,8.5,92.0,1015.1,4.8,208.0,97.0
2021-11-22,1.5,6.0,12.6,87.0,1013.5,6.8,17.0,100.0
2021-11-23,0.0,4.0,13.2,75.0,1022.4,7.1,46.0,30.0
2021-11-24,0.0,0.7,9.7,72.0,1022.9,5.6,31.0,3.0
2021-11-25,5.8,0.9,6.4,86.0,1013.3,6.8,29.0,84.0
2021-11-26,5.7,5.5,9.6,95.0,997.7,7.8,225.0,90.0
2021-11-27,4.0,5.1,10.5,92.0,993.7,6.5,40.0,84.0
2021-11-28,11.8,4.0,7.6,91.0,992.8,5.8,13.0,86.0
2021-11-29,0.0,0.9,8.7,84.0,1000.3,5.2,247.0,68.0
2021-11-30,0.0,-2.5,6.6,57.0,1014.1,10.9,246.0,42.0
2021-12-01,0.0,-2.6,7.0,74.0,1011.6,5.0,20.0,66.0
2021-12-02,11.0,4.0,7.6,90.0,1000.9,4.2,351.0,100.0
2021-12-03,1.8,1.7,9.9,88.0,1010.2,5.2,3.0,74.0
2021-12-04,0.0,1.0,6.3,77.0,1011.0,4.9,46.0,94.0
2021-12-05,6.3,2.0,7.7,86.0,1003.3,5.5,307.0,93.0
2021-12-06,0.0,-1.4,9.7,78.0,1008.8,7.4,290.0,29.0
2021-12-07,0.0,-2.3,6.6,76.0,1013.3,5.3,306.0,26.0
2021-12-08,16.4,-3.0,3.7,84.0,1007.2,11.1,46.0,84.0
2021-12-09,2.9,0.5,6.2,94.0,1002.0,6.4,239.0,100.0
2021-12-10,0.6,-1.6,5.5,89.0,1003.7,4.9,348.0,89.0
2021-12-11,0.0,-1.3,9.6,81.0,1007.7,6.6,246.0,36.0
2021-12-12,0.0,-2.5,8.9,67.0,1021.3,7.4,283.0,18.0
2021-12-13,0.0,-1.6,9.7,69.0,1025.3,4.2,310.0,44.0
2021-12-14,0.0,-1.9,9.7,70.0,1026.7,5.7,294.0,44.0
2021-12-15,0.0,-0.4,10.2,79.0,1029.5,7.0,333.0,57.0
2021-12-16,0.0,-1.1,8.4,89.0,1031.7,6.6,305.0,13.0
2021-12-17,0.0,-0.3,7.2,92.0,1031.7,6.3,246.0,36.0
2021-12-18,0.0,-1.9,8.7,96.0,1032.7,7.1,237.0,80.0
2021-12-19,0.0,-1.3,2.8,97.0,1025.3,4.8,222.0,97.0
2021-12-20,0.0,-3.1,7.0,82.0,1018.6,8.1,15.0,72.0
2021-12-21,0.2,1.0,4.7,76.0,1024.1,7.4,30.0,99.0
2021-12-22,0.0,-0.7,7.4,80.0,1025.5,5.6,345.0,51.0
2021-12-23,0.0,-3.1,2.7,95.0,1023.4,5.8,250.0,91.0
2021-12-24,0.8,-0.1,2.0,94.0,1015.7,3.5,329.0,100.0
2021-12-25,1.7,1.0,4.2,95.0,1009.7,3.8,320.0,100.0
2021-12-26,2.3,2.3,7.0,95.0,1008.5,5.3,309.0,91.0
2021-12-27,0.6,0.6,8.2,93.0,1009.4,3.3,340.0,91.0
2021-12-28,0.6,2.1,7.7,97.0,1008.7,5.6,222.0,98.0
2021-12-29,0.0,4.2,7.8,96.0,1010.2,3.6,292.0,100.0
2021-12-30,0.0,2.1,8.9,96.0,1019.8,5.8,221.0,100.0
2021-12-31,0.0,1.8,7.4,94.0,1025.1,4.2,235.0,87.0
2022-01-01,0.0,0.4,5.9,85.0,1026.3,3.1,250.0,89.0
2022-01-02,0.0,-0.7,5.2,96.0,1025.5,5.1,226.0,94.0
2022-01-03,0.0,-0.8,4.6,97.0,1021.2,5.7,324.0,100.0
2022-01-04,1.2,2.8,5.7,98.0,1012.7,4.3,268.0,100.0
2022-01-05,12.4,3.4,8.0,96.0,1003.1,7.7,47.0,100.0
2022-01-06,4.1,0.3,8.9,89.0,1013.1,7.1,43.0,51.0
2022-01-07,0.0,-3.0,5.4,70.0,1020.5,6.0,18.0,38.0
2022-01-08,0.0,-3.2,5.1,78.0,1015.4,5.5,245.0,32.0
2022-01-09,0.6,-3.3,4.7,86.0,1006.5,4.1,299.0,100.0
2022-01-10,0.0,-2.6,8.5,73.0,1011.0,6.1,288.0,63.0
2022-01-11,0.0,-2.7,9.2,66.0,1022.8,6.0,270.0,1.0
2022-01-12,0.0,-2.8,8.0,72.0,1031.1,6.9,241.0,1.0
2022-01-13,0.0,-3.1,7.0,78.0,1037.0,5.0,279.0,10.0
2022-01-14,0.0,-2.6,8.2,86.0,1031.3,4.8,228.0,1.0
2022-01-15,0.0,-2.6,9.9,74.0,1025.8,4.7,348.0,4.0
2022-01-16,0.0,-0.2,9.8,79.0,1024.2,5.5,234.0,2.0
2022-01-17,0.0,-0.7,8.6,93.0,1025.5,6.9,252.0,59.0
2022-01-18,0.0,-0.3,10.8,80.0,1032.2,4.7,35.0,28.0
2022-01-19,0.0,-1.2,7.8,84.0,1031.1,5.8,239.0,23.0
2022-01-20,0.0,0.4,6.4,96.0,1021.6,4.5,285.0,93.0
2022-01-21,0.0,-1.0,7.7,71.0,1023.8,2.8,332.0,54.0
2022-01-22,0.0,-3.8,5.5,78.0,1026.2,7.7,259.0,27.0
2022-01-23,0.0,-3.1,8.2,83.0,1030.2,5.0,332.0,43.0
2022-01-24,0.0,-2.5,7.2,90.0,1032.5,5.8,294.0,56.0
2022-01-25,0.0,1.4,7.2,86.0,1033.2,6.2,248.0,86.0
2022-01-26,0.0,-1.2,6.1,91.0,1029.3,4.6,306.0,98.0
2022-01-27,0.0,-0.8,3.9,95.0,1027.1,3.8,274.0,100.0
2022-01-28,0.0,-0.3,7.5,82.0,1026.3,6.8,253.0,71.0
2022-01-29,0.0,-2.7,9.1,69.0,1029.3,5.7,278.0,51.0
2022-01-30,0.0,-2.9,8.2,89.0,1020.7,4.5,347.0,65.0
2022-01-31,0.0,-2.1,7.6,81.0,1011.4,5.6,299.0,47.0
2022-02-01,0.0,-2.6,12.9,58.0,1011.1,9.4,247.0,26.0
2022-02-02,0.0,-0.6,13.3,78.0,1011.9,5.2,227.0,68.0
2022-02-03,0.0,-0.5,11.6,81.0,1021.6,8.7,39.0,63.0
2022-02-04,0.0,2.3,10.3,88.0,1018.4,4.6,308.0,56.0
2022-02-05,0.0,-0.3,11.7,89.0,1019.4,5.1,311.0,38.0
2022-02-06,0.0,0.1,7.6,92.0,1020.7,7.1,231.0,61.0
2022-02-07,0.0,-0.4,13.2,62.0,1013.8,10.1,281.0,33.0
2022-02-08,0.0,-1.6,11.1,55.0,1029.1,6.5,319.0,8.0
2022-02-09,0.0,-1.2,11.0,65.0,1030.8,4.8,334.0,10.0
2022-02-10,0.0,-0.3,10.5,72.0,1027.2,4.7,360.0,32.0
2022-02-11,0.1,3.5,10.3,85.0,1024.2,3.6,352.0,79.0
2022-02-12,0.0,-2.6,10.1,66.0,1031.3,7.8,26.0,9.0
2022-02-13,0.0,-2.9,8.8,71.0,1027.6,6.3,269.0,30.0
2022-02-14,0.4,-2.9,5.9,80.0,1019.7,4.1,266.0,76.0
2022-02-15,21.4,2.7,6.9,93.0,1013.3,6.9,40.0,100.0
2022-02-16,0.0,0.6,11.4,87.0,1016.4,7.6,237.0,50.0
2022-02-17,0.0,2.1,9.4,91.0,1012.6,4.6,348.0,59.0
2022-02-18,0.0,2.9,11.6,89.0,1016.1,6.3,334.0,69.0
2022-02-19,0.0,5.6,10.5,91.0,1015.7,6.0,329.0,97.0
2022-02-20,0.0,6.0,14.4,85.0,1018.2,5.9,263.0,81.0
2022-02-21,2.5,3.2,12.7,91.0,1008.7,5.1,338.0,68.0
2022-02-22,0.0,-0.4,16.4,62.0,1014.5,5.6,281.0,27.0
2022-02-23,0.0,0.3,14.3,75.0,1024.5,5.5,4.0,0.0
2022-02-24,0.0,-0.4,12.5,74.0,1023.2,4.7,253.0,64.0
2022-02-25,1.5,0.4,12.9,83.0,1018.8,9.9,35.0,38.0
2022-02-26,0.0,-0.4,12.0,70.0,1025.5,6.3,4.0,32.0
2022-02-27,0.0,-2.1,11.3,60.0,1027.1,8.1,4.0,26.0
2022-02-28,0.1,-1.8,10.6,64.0,1027.4,8.6,164.0,22.0
2022-03-01,0.1,-2.6,9.6,61.0,1030.0,9.2,244.0,13.0
2022-03-02,0.0,-3.1,10.4,73.0,1024.0,4.5,320.0,49.0
2022-03-03,0.0,1.2,12.0,75.0,1017.1,5.4,189.0,29.0
2022-03-04,0.7,0.0,11.1,71.0,1015.2,8.7,55.0,41.0
2022-03-05,0.0,-0.3,8.9,59.0,1018.2,9.2,46.0,21.0
2022-03-06,0.0,-2.1,9.0,59.0,1018.1,8.3,35.0,33.0
2022-03-07,0.0,-3.2,9.5,66.0,1019.0,7.6,204.0,12.0
2022-03-08,0.0,-1.3,9.0,57.0,1023.0,7.4,295.0,51.0
2022-03-09,0.0,-2.7,12.2,67.0,1023.7,7.0,235.0,11.0
2022-03-10,0.0,-0.6,14.1,68.0,1025.0,5.6,237.0,0.0
2022-03-11,0.0,1.6,9.5,69.0,1028.3,9.5,61.0,85.0
2022-03-12,0.0,0.9,8.9,49.0,1029.1,9.2,63.0,41.0
2022-03-13,0.0,-4.1,9.6,61.0,1027.6,4.7,210.0,1.0
2022-03-14,0.0,-0.5,12.0,70.0,1032.3,6.2,214.0,65.0
2022-03-15,0.0,3.2,12.7,78.0,1033.7,4.4,180.0,85.0
2022-03-16,0.0,2.8,15.8,85.0,1026.0,5.7,30.0,67.0
2022-03-17,0.0,4.4,14.3,80.0,1027.3,6.5,34.0,98.0
2022-03-18,0.0,7.1,14.3,54.0,1032.6,13.5,70.0,80.0
2022-03-19,0.0,2.7,12.5,55.0,1035.2,9.6,60.0,3.0
2022-03-20,0.0,2.6,12.5,47.0,1036.1,11.5,64.0,8.0
2022-03-21,0.0,-0.4,12.9,42.0,1036.6,6.6,51.0,6.0
2022-03-22,0.0,-0.1,14.4,51.0,1035.2,8.3,25.0,0.0
2022-03-23,0.0,0.3,18.4,46.0,1030.9,5.8,267.0,0.0
2022-03-24,0.0,5.5,20.7,45.0,1026.3,8.0,231.0,0.0
2022-03-25,0.0,3.2,20.0,57.0,1025.0,5.2,289.0,12.0
2022-03-26,0.0,4.8,20.6,52.0,1026.3,6.4,44.0,13.0
2022-03-27,0.0,3.2,20.7,52.0,1027.8,6.1,241.0,0.0
2022-03-28,0.0,3.2,20.6,57.0,1024.5,8.6,208.0,0.0
2022-03-29,0.0,4.0,15.5,84.0,1015.8,5.9,65.0,82.0
2022-03-30,0.6,5.0,13.4,89.0,1005.9,7.3,55.0,96.0
2022-03-31,10.2,6.9,13.0,91.0,994.2,5.1,3.0,100.0
2022-04-01,12.3,7.1,12.4,92.0,992.7,7.5,59.0,98.0
2022-04-02,5.6,4.6,10.3,70.0,1000.1,11.6,81.0,99.0
2022-04-03,0.8,2.6,11.4,71.0,1013.7,6.9,18.0,79.0
2022-04-04,0.1,2.7,11.5,71.0,1018.0,6.1,48.0,39.0
2022-04-05,0.0,1.2,14.6,77.0,1013.4,4.5,306.0,2.0
2022-04-06,0.0,3.9,15.2,80.0,1010.8,7.0,59.0,48.0
2022-04-07,0.0,5.5,18.5,73.0,1003.5,8.7,220.0,80.0
2022-04-08,1.0,4.9,18.4,85.0,1003.0,5.2,117.0,86.0
2022-04-09,10.2,5.6,15.7,76.0,1002.1,13.1,48.0,75.0
2022-04-10,0.0,0.3,15.1,58.0,1017.0,9.9,220.0,5.0
2022-04-11,0.0,2.7,15.6,63.0,1021.6,6.8,53.0,51.0
2022-04-12,0.0,3.6,16.8,71.0,1020.5,5.5,58.0,76.0
2022-04-13,0.0,5.9,17.9,74.0,1019.9,6.0,81.0,100.0
2022-04-14,0.0,6.6,22.4,64.0,1019.3,6.3,186.0,26.0
2022-04-15,0.0,7.8,21.8,63.0,1019.7,5.3,167.0,43.0
2022-04-16,3.0,8.5,20.6,71.0,1019.4,9.6,36.0,39.0
2022-04-17,0.0,6.0,15.4,59.0,1021.0,7.6,95.0,24.0
2022-04-18,0.0,4.2,16.6,51.0,1016.4,8.3,219.0,30.0
2022-04-19,0.0,4.8,17.1,58.0,1011.1,6.3,86.0,52.0
2022-04-20,0.0,8.2,13.6,61.0,1013.5,9.3,52.0,92.0
2022-04-21,1.4,5.3,15.5,69.0,1010.7,8.7,67.0,95.0
2022-04-22,15.5,8.9,13.1,88.0,1002.3,9.1,24.0,93.0
2022-04-23,5.0,8.3,18.3,83.0,1006.5,7.1,103.0,87.0
2022-04-24,4.1,8.2,16.0,81.0,1005.2,6.9,163.0,84.0
2022-04-25,0.6,5.9,17.7,81.0,1009.5,5.0,27.0,77.0
2022-04-26,4.7,9.3,17.0,86.0,1013.7,6.5,82.0,55.0
2022-04-27,0.5,8.9,19.6,72.0,1018.3,5.8,89.0,35.0
2022-04-28,0.0,7.7,19.2,72.0,1023.6,6.7,84.0,24.0
2022-04-29,0.0,8.6,20.5,59.0,1024.7,8.1,63.0,27.0
2022-04-30,0.0,8.2,20.3,61.0,1019.9,6.4,65.0,72.0
2022-05-01,3.5,9.9,19.5,66.0,1016.2,7.9,354.0,80.0
2022-05-02,1.4,9.7,19.9,71.0,1014.8,7.5,8.0,56.0
2022-05-03,0.0,9.5,22.6,62.0,1014.3,5.4,277.0,48.0
2022-05-04,0.0,10.1,23.0,64.0,1016.5,6.7,196.0,86.0
2022-05-05,3.9,10.0,20.3,77.0,1019.4,10.1,70.0,81.0
2022-05-06,8.7,11.9,14.9,92.0,1020.2,9.8,49.0,100.0
2022-05-07,4.0,11.8,17.5,86.0,1019.3,5.3,18.0,99.0
2022-05-08,1.9,12.6,21.5,77.0,1019.3,7.9,58.0,82.0
2022-05-09,0.0,11.1,23.5,63.0,1022.1,7.5,59.0,17.0
2022-05-10,0.0,11.0,25.1,64.0,1020.9,6.4,241.0,11.0
2022-05-11,0.0,12.0,26.5,66.0,1019.2,7.6,235.0,62.0
2022-05-12,0.0,13.8,27.3,67.0,1019.2,6.0,233.0,13.0
2022-05-13,0.0,15.7,27.0,70.0,1018.1,5.2,23.0,74.0
2022-05-14,6.6,15.4,26.4,78.0,1018.2,5.7,10.0,79.0
2022-05-15,1.6,14.8,27.1,72.0,1017.8,4.5,304.0,54.0
2022-05-16,0.0,16.6,28.5,65.0,1017.4,6.6,240.0,68.0
2022-05-17,0.0,14.6,28.2,71.0,1017.3,6.1,200.0,41.0
2022-05-18,0.5,17.2,25.3,75.0,1021.6,6.8,60.0,43.0
2022-05-19,0.0,16.3,25.5,61.0,1026.3,6.4,78.0,40.0
2022-05-20,0.0,14.8,27.9,63.0,1024.6,4.4,107.0,45.0
2022-05-21,0.0,15.8,27.5,68.0,1017.8,4.7,39.0,42.0
2022-05-22,0.0,16.9,28.4,70.0,1012.1,5.1,56.0,71.0
2022-05-23,0.2,18.8,27.5,76.0,1008.2,7.1,77.0,69.0
2022-05-24,6.3,18.2,27.2,68.0,1006.4,9.3,51.0,94.0
2022-05-25,0.0,14.0,27.6,72.0,1012.0,8.0,18.0,69.0
2022-05-26,0.3,16.6,26.9,76.0,1019.4,7.0,60.0,57.0
2022-05-27,0.0,17.6,29.5,69.0,1016.4,5.6,228.0,78.0
2022-05-28,20.7,15.3,24.7,76.0,1011.0,14.5,61.0,86.0
2022-05-29,1.5,12.4,20.3,59.0,1008.6,13.7,56.0,81.0
2022-05-30,0.0,11.9,21.2,60.0,1010.3,7.0,64.0,57.0
2022-05-31,0.3,13.6,24.8,72.0,1014.2,6.3,92.0,58.0
2022-06-01,0.0,14.9,26.6,74.0,1014.6,5.2,196.0,44.0
2022-06-02,0.5,16.9,27.7,76.0,1016.1,6.2,63.0,59.0
2022-06-03,4.9,18.8,27.6,77.0,1018.1,6.3,72.0,89.0
2022-06-04,0.0,16.8,30.3,72.0,1016.9,6.4,224.0,52.0
2022-06-05,0.0,19.3,30.0,70.0,1014.6,7.9,103.0,56.0
2022-06-06,0.0,17.4,29.5,61.0,1014.6,4.9,101.0,35.0
2022-06-07,7.8,17.2,24.3,76.0,1011.5,5.9,349.0,81.0
2022-06-08,3.9,13.9,26.4,67.0,1009.4,6.4,202.0,45.0
2022-06-09,14.4,16.3,22.4,78.0,1008.0,5.5,34.0,100.0
2022-06-10,0.0,15.6,29.2,48.0,1014.5,6.8,338.0,27.0
2022-06-11,0.0,16.1,29.7,55.0,1018.9,6.2,181.0,10.0
2022-06-12,0.0,16.4,30.5,58.0,1019.3,6.0,232.0,15.0
2022-06-13,0.0,18.1,29.8,57.0,1015.3,5.0,77.0,39.0
2022-06-14,0.3,18.7,28.1,58.0,1017.8,9.1,66.0,18.0
2022-06-15,0.0,18.4,29.9,62.0,1018.0,4.6,76.0,51.0
2022-06-16,0.0,19.9,31.6,63.0,1016.6,5.8,164.0,39.0
2022-06-17,0.1,20.5,32.2,58.0,1018.4,6.6,87.0,72.0
2022-06-18,0.0,19.5,30.5,57.0,1020.7,7.4,105.0,35.0
2022-06-19,0.0,18.6,31.3,52.0,1015.9,6.2,174.0,6.0
2022-06-20,0.0,18.5,33.5,59.0,1011.7,7.8,219.0,5.0
2022-06-21,0.0,20.9,33.3,61.0,1011.0,4.9,283.0,54.0
2022-06-22,1.1,20.6,29.0,70.0,1011.5,5.8,265.0,93.0
2022-06-23,1.2,18.0,31.1,73.0,1011.9,7.6,238.0,38.0
2022-06-24,0.1,19.9,31.3,69.0,1010.5,8.1,255.0,51.0
2022-06-25,0.0,18.7,30.8,53.0,1011.6,7.7,251.0,6.0
2022-06-26,0.0,20.2,32.7,58.0,1014.0,5.9,77.0,23.0
2022-06-27,0.0,20.8,32.7,56.0,1014.4,8.6,77.0,7.0
2022-06-28,6.1,19.8,32.8,57.0,1013.8,10.7,21.0,60.0
2022-06-29,2.7,20.2,28.7,65.0,1010.9,6.7,33.0,52.0
2022-06-30,2.2,20.7,31.1,73.0,1011.6,4.3,346.0,25.0
2022-07-01,3.3,20.4,29.3,76.0,1013.1,8.4,49.0,36.0
2022-07-02,0.0,19.2,33.0,56.0,1017.3,5.8,46.0,10.0
2022-07-03,0.5,21.1,33.7,56.0,1016.7,5.5,352.0,26.0
2022-07-04,0.1,21.7,34.1,53.0,1014.6,5.6,343.0,47.0
2022-07-05,0.0,20.3,32.2,54.0,1014.2,6.4,3.0,34.0
2022-07-06,0.6,19.6,31.5,53.0,1017.0,7.1,38.0,36.0
2022-07-07,1.9,19.1,30.2,61.0,1016.5,8.4,44.0,50.0
2022-07-08,0.0,16.1,30.9,52.0,1019.3,6.7,84.0,4.0
2022-07-09,0.0,19.2,27.9,48.0,1021.0,7.6,151.0,39.0
2022-07-10,0.0,18.9,32.0,42.0,1016.0,10.4,219.0,34.0
2022-07-11,0.1,19.1,29.2,59.0,1017.9,9.4,86.0,35.0
2022-07-12,3.0,18.2,28.9,64.0,1020.2,7.8,65.0,48.0
2022-07-13,0.0,18.9,31.4,57.0,1022.0,6.2,206.0,18.0
2022-07-14,0.0,19.3,32.2,47.0,1018.7,4.2,232.0,49.0
2022-07-15,0.0,19.8,33.8,53.0,1013.3,6.4,52.0,16.0
2022-07-16,0.0,22.9,33.2,49.0,1015.5,10.1,67.0,24.0
2022-07-17,3.7,22.2,31.9,51.0,1020.4,10.7,67.0,32.0
2022-07-18,0.0,22.8,31.7,45.0,1021.4,8.1,67.0,17.0
2022-07-19,0.0,22.4,33.8,44.0,1019.7,7.1,81.0,13.0
2022-07-20,0.0,20.4,35.1,41.0,1018.3,5.8,153.0,2.0
2022-07-21,0.0,20.9,35.2,40.0,1016.2,5.7,112.0,17.0
2022-07-22,0.0,21.9,36.9,44.0,1015.3,5.7,166.0,38.0
2022-07-23,0.0,22.2,36.2,42.0,1014.1,6.9,204.0,61.0
2022-07-24,0.0,22.4,34.5,47.0,1015.5,7.5,85.0,16.0
2022-07-25,0.0,22.5,36.4,49.0,1012.5,6.8,236.0,16.0
2022-07-26,0.0,23.0,34.4,49.0,1010.0,9.3,77.0,47.0
2022-07-27,12.4,20.6,30.3,63.0,1011.1,6.5,65.0,68.0
2022-07-28,0.0,20.1,31.5,59.0,1013.1,8.5,70.0,35.0
2022-07-29,0.1,20.9,33.1,51.0,1013.2,6.9,239.0,79.0
2022-07-30,4.5,19.5,29.6,70.0,1013.7,5.9,175.0,27.0
2022-07-31,0.0,18.0,32.1,59.0,1014.8,6.5,228.0,4.0
2022-08-01,0.0,19.8,33.5,56.0,1014.0,5.7,13.0,7.0
2022-08-02,4.1,21.2,30.3,60.0,1015.8,7.9,68.0,49.0
2022-08-03,0.0,19.3,32.2,54.0,1016.1,5.9,88.0,7.0
2022-08-04,0.0,21.4,34.1,51.0,1014.9,5.3,199.0,1.0
2022-08-05,0.0,21.2,34.8,48.0,1013.1,5.8,220.0,14.0
2022-08-06,1.3,22.5,32.9,57.0,1013.7,8.0,15.0,32.0
2022-08-07,2.0,21.1,28.0,63.0,1015.9,7.5,7.0,71.0
2022-08-08,1.2,19.6,30.5,58.0,1016.2,8.6,49.0,50.0
2022-08-09,0.0,19.9,30.7,53.0,1018.6,7.9,64.0,18.0
2022-08-10,0.0,20.9,30.7,42.0,1019.2,9.3,60.0,13.0
2022-08-11,0.0,19.8,30.9,41.0,1017.6,8.2,62.0,46.0
2022-08-12,1.0,20.0,27.1,49.0,1015.4,9.5,46.0,67.0
2022-08-13,0.0,16.7,28.4,51.0,1013.3,5.7,360.0,18.0
2022-08-14,0.0,17.2,30.6,49.0,1009.9,9.9,223.0,53.0
2022-08-15,12.9,18.5,30.4,60.0,1007.0,6.4,225.0,52.0
2022-08-16,0.2,16.7,29.5,68.0,1010.0,4.4,62.0,5.0
2022-08-17,0.1,19.3,31.6,65.0,1012.3,4.9,49.0,64.0
2022-08-18,21.0,20.2,27.7,83.0,1011.3,9.2,53.0,87.0
2022-08-19,15.3,18.4,27.2,78.0,1009.6,7.2,255.0,68.0
2022-08-20,0.3,18.1,29.8,70.0,1011.3,6.1,284.0,23.0
2022-08-21,0.0,17.7,29.9,68.0,1011.1,5.1,90.0,10.0
2022-08-22,0.0,18.7,29.5,63.0,1009.4,4.6,260.0,13.0
2022-08-23,0.0,17.9,28.0,74.0,1012.5,4.7,83.0,11.0
2022-08-24,0.1,17.9,28.4,72.0,1015.7,4.9,253.0,13.0
2022-08-25,0.0,18.7,29.8,66.0,1014.1,5.6,251.0,28.0
2022-08-26,0.1,20.1,30.0,68.0,1011.1,4.4,351.0,41.0
2022-08-27,5.2,20.2,26.3,74.0,1010.5,5.1,351.0,88.0
2022-08-28,1.1,18.1,28.7,75.0,1013.0,5.4,146.0,77.0
2022-08-29,0.4,18.9,28.0,77.0,1016.3,5.6,292.0,67.0
2022-08-30,0.0,18.8,29.8,68.0,1016.9,6.4,320.0,77.0
2022-08-31,2.0,19.2,26.4,79.0,1014.4,6.1,62.0,67.0
2022-09-01,0.7,17.9,26.2,73.0,1014.1,9.4,59.0,83.0
2022-09-02,0.0,15.6,24.7,68.0,1015.4,5.3,48.0,56.0
2022-09-03,0.7,15.8,25.1,74.0,1015.6,5.7,67.0,83.0
2022-09-04,0.0,16.1,27.4,74.0,1018.6,4.5,344.0,15.0
2022-09-05,0.0,17.7,28.3,74.0,1021.5,4.1,232.0,42.0
2022-09-06,0.3,17.9,29.5,75.0,1018.4,4.6,287.0,33.0
2022-09-07,3.2,18.8,27.1,84.0,1016.1,6.2,52.0,86.0
2022-09-08,22.2,18.2,27.2,83.0,1012.1,9.0,53.0,97.0
2022-09-09,1.4,17.1,25.6,79.0,1012.2,7.5,54.0,53.0
2022-09-10,0.2,14.6,25.8,69.0,1013.4,5.1,12.0,10.0
2022-09-11,0.0,14.1,25.9,70.0,1014.8,6.0,282.0,10.0
2022-09-12,0.0,14.9,26.3,70.0,1015.6,5.2,348.0,15.0
2022-09-13,0.0,15.1,27.3,75.0,1013.6,5.1,350.0,53.0
2022-09-14,0.2,17.6,27.5,78.0,1010.7,7.3,239.0,97.0
2022-09-15,0.1,18.7,27.8,70.0,1005.9,13.8,230.0,68.0
2022-09-16,5.4,17.0,27.0,82.0,1004.6,9.0,54.0,72.0
2022-09-17,15.4,13.0,17.1,80.0,1007.3,13.9,73.0,69.0
2022-09-18,0.0,7.4,21.8,64.0,1013.0,7.4,228.0,31.0
2022-09-19,0.0,10.3,24.4,64.0,1012.3,5.2,351.0,18.0
2022-09-20,0.2,10.8,21.1,62.0,1017.3,7.8,72.0,20.0
2022-09-21,1.6,11.3,19.4,63.0,1021.6,8.8,74.0,22.0
2022-09-22,0.0,8.8,19.8,63.0,1021.6,5.9,46.0,18.0
2022-09-23,0.0,9.4,20.3,66.0,1020.1,6.2,235.0,37.0
2022-09-24,0.5,10.5,18.6,74.0,1016.5,5.5,22.0,100.0
2022-09-25,2.7,12.7,20.8,78.0,1011.4,5.5,197.0,64.0
2022-09-26,0.5,11.0,21.6,80.0,1006.8,6.3,37.0,56.0
2022-09-27,6.9,13.1,22.2,81.0,1000.2,6.9,6.0,62.0
2022-09-28,2.2,9.3,18.9,79.0,1000.8,6.5,42.0,74.0
2022-09-29,8.4,11.3,21.1,86.0,999.4,7.7,42.0,81.0
2022-09-30,10.8,10.9,18.1,92.0,1008.1,8.4,45.0,99.0
2022-10-01,0.3,13.0,19.8,78.0,1014.1,15.5,239.0,65.0
2022-10-02,0.0,11.2,21.9,80.0,1018.4,5.0,348.0,25.0
2022-10-03,0.1,11.9,23.8,82.0,1018.9,4.9,325.0,35.0
2022-10-04,0.0,13.5,21.1,83.0,1022.4,5.7,22.0,66.0
2022-10-05,0.0,13.8,21.8,81.0,1026.5,4.3,80.0,74.0
2022-10-06,0.0,11.6,22.2,84.0,1027.6,5.3,359.0,56.0
2022-10-07,0.0,12.4,24.0,70.0,1024.5,4.7,237.0,20.0
2022-10-08,0.0,11.6,22.9,76.0,1019.4,4.8,231.0,20.0
2022-10-09,0.4,13.2,22.6,77.0,1021.1,8.8,63.0,90.0
2022-10-10,0.0,12.5,21.6,68.0,1020.9,6.6,56.0,55.0
2022-10-11,0.0,10.9,22.3,73.0,1021.1,4.5,310.0,36.0
2022-10-12,0.0,11.4,21.9,72.0,1022.2,6.6,45.0,75.0
2022-10-13,0.0,9.8,21.6,76.0,1020.6,5.4,278.0,60.0
2022-10-14,0.0,10.8,22.0,79.0,1017.0,5.0,323.0,67.0
2022-10-15,0.0,12.9,21.9,77.0,1016.3,4.4,233.0,43.0
2022-10-16,0.0,11.9,22.5,83.0,1022.6,4.4,40.0,49.0
2022-10-17,0.0,12.5,22.8,85.0,1028.4,4.5,248.0,55.0
2022-10-18,0.0,11.9,22.9,83.0,1026.3,4.6,279.0,2.0
2022-10-19,0.0,12.1,24.3,77.0,1022.1,3.4,278.0,5.0
2022-10-20,0.0,12.0,21.0,82.0,1022.0,5.7,47.0,75.0
2022-10-21,0.4,12.1,19.6,89.0,1019.9,5.2,19.0,99.0
2022-10-22,19.9,13.3,21.8,90.0,1017.6,6.1,10.0,78.0
2022-10-23,0.1,11.9,21.6,90.0,1021.6,4.8,27.0,88.0
2022-10-24,0.0,14.4,22.8,87.0,1019.2,4.8,29.0,89.0
2022-10-25,2.1,14.1,21.3,85.0,1019.2,6.9,26.0,73.0
2022-10-26,0.0,12.4,22.4,86.0,1022.0,4.1,282.0,53.0
2022-10-27,0.0,13.7,22.6,88.0,1026.9,4.5,253.0,42.0
2022-10-28,0.0,11.4,22.7,77.0,1027.4,6.1,250.0,5.0
2022-10-29,0.0,11.4,22.0,85.0,1025.6,4.6,257.0,2.0
2022-10-30,0.0,12.0,22.8,84.0,1022.6,4.6,236.0,50.0
2022-10-31,0.0,12.5,22.7,77.0,1021.8,4.6,236.0,32.0
2022-11-01,0.0,9.7,19.2,77.0,1022.1,3.0,262.0,64.0
2022-11-02,3.7,10.3,17.7,92.0,1023.4,3.0,272.0,83.0
2022-11-03,1.0,10.0,17.8,91.0,1019.5,3.7,223.0,96.0
2022-11-04,18.1,7.9,16.1,79.0,1004.2,10.8,332.0,60.0
2022-11-05,0.0,6.8,17.8,61.0,1010.9,7.1,288.0,17.0
2022-11-06,0.0,4.2,15.9,69.0,1017.8,5.8,277.0,67.0
2022-11-07,0.0,4.0,15.4,74.0,1020.2,4.2,270.0,15.0
2022-11-08,0.0,4.6,14.6,81.0,1021.2,4.4,264.0,43.0
2022-11-09,1.8,6.4,13.2,85.0,1020.1,3.9,327.0,92.0
2022-11-10,10.3,9.4,16.3,91.0,1024.6,5.8,9.0,63.0
2022-11-11,0.0,8.0,16.1,86.0,1033.2,5.2,265.0,68.0
2022-11-12,0.0,6.8,14.6,89.0,1030.2,6.5,253.0,90.0
2022-11-13,0.6,8.2,14.6,70.0,1026.1,9.6,54.0,59.0
2022-11-14,2.7,7.7,13.5,86.0,1022.8,6.1,17.0,86.0
2022-11-15,2.1,4.9,11.2,94.0,1017.2,4.9,239.0,80.0
2022-11-16,2.2,6.4,12.5,94.0,1005.2,5.9,243.0,76.0
2022-11-17,0.7,6.8,14.0,93.0,1002.4,4.1,198.0,88.0
2022-11-18,0.1,6.5,15.8,91.0,1000.1,8.1,250.0,51.0
2022-11-19,0.0,4.5,13.9,83.0,1006.3,7.5,32.0,99.0
2022-11-20,0.1,2.9,13.6,80.0,1010.4,6.7,238.0,33.0
2022-11-21,0.3,3.5,9.7,92.0,1009.0,4.7,354.0,92.0
2022-11-22,47.6,6.8,9.4,87.0,995.6,15.3,33.0,100.0
2022-11-23,0.3,3.9,12.2,84.0,1002.6,9.4,229.0,26.0
2022-11-24,0.0,1.5,12.4,88.0,1013.1,4.6,303.0,14.0
2022-11-25,0.0,1.8,12.3,81.0,1019.5,5.6,350.0,70.0
2022-11-26,0.0,2.5,13.0,74.0,1025.3,7.2,348.0,48.0
2022-11-27,0.0,-0.2,11.2,78.0,1028.1,6.0,304.0,21.0
2022-11-28,0.0,1.1,7.5,83.0,1020.3,5.8,352.0,96.0
2022-11-29,0.9,2.6,7.2,88.0,1017.6,7.8,29.0,92.0
2022-11-30,0.0,-0.1,9.4,78.0,1018.8,6.5,355.0,86.0
2022-12-01,0.1,4.2,10.8,73.0,1018.7,4.0,229.0,99.0
2022-12-02,0.5,4.8,7.8,82.0,1019.5,8.9,36.0,98.0
2022-12-03,3.7,4.5,8.0,85.0,1018.2,10.7,52.0,100.0
2022-12-04,14.5,6.0,9.2,91.0,1014.8,12.5,53.0,91.0
2022-12-05,8.0,5.4,11.2,91.0,1017.9,5.9,13.0,78.0
2022-12-06,0.0,1.7,9.1,95.0,1016.3,4.8,254.0,53.0
2022-12-07,0.0,-0.2,10.1,83.0,1013.7,4.5,267.0,19.0
2022-12-08,0.0,0.8,7.8,82.0,1011.5,4.9,251.0,66.0
2022-12-09,18.2,3.4,6.2,94.0,1004.4,7.5,338.0,100.0
2022-12-10,0.2,4.5,8.2,97.0,999.2,5.0,251.0,100.0
2022-12-11,25.1,1.3,7.4,93.0,1002.1,6.7,342.0,95.0
2022-12-12,0.0,-3.6,4.4,85.0,1010.0,5.3,20.0,36.0
2022-12-13,0.0,-2.8,4.0,60.0,1011.5,7.6,35.0,99.0
2022-12-14,0.0,0.1,6.0,74.0,1007.2,4.1,242.0,84.0
2022-12-15,15.8,-0.8,5.1,93.0,1007.1,6.6,26.0,96.0
2022-12-16,4.3,3.6,6.7,97.0,1004.2,6.2,220.0,96.0
2022-12-17,0.0,4.0,9.7,88.0,1017.0,7.7,32.0,75.0
2022-12-18,0.0,-0.3,7.7,74.0,1032.3,5.9,47.0,49.0
2022-12-19,0.0,-1.7,5.9,91.0,1034.7,3.5,304.0,90.0
2022-12-20,0.0,0.7,5.6,93.0,1029.7,4.7,325.0,100.0
2022-12-21,1.1,2.6,4.7,95.0,1022.6,4.0,336.0,100.0
2022-12-22,0.2,1.1,7.4,96.0,1018.3,5.0,290.0,96.0
2022-12-23,0.0,2.8,9.0,94.0,1016.1,4.4,306.0,100.0
2022-12-24,0.0,3.8,8.7,96.0,1017.9,4.6,354.0,98.0
2022-12-25,0.0,2.8,11.4,93.0,1023.7,4.4,228.0,73.0
2022-12-26,0.7,6.6,8.5,96.0,1025.3,2.9,326.0,99.0
2022-12-27,0.1,5.2,10.7,95.0,1025.8,3.8,352.0,72.0
2022-12-28,0.0,3.0,11.0,84.0,1026.4,5.3,339.0,64.0
2022-12-29,0.2,5.6,8.5,91.0,1022.8,2.5,271.0,99.0
2022-12-30,2.5,5.8,9.6,94.0,1021.8,3.1,301.0,99.0
2022-12-31,0.2,5.5,10.2,96.0,1029.0,3.7,286.0,100.0
2023-01-01,0.0,5.6,11.2,96.0,1031.2,3.9,257.0,98.0
2023-01-02,0.0,7.9,10.3,97.0,1030.1,3.7,243.0,100.0
2023-01-03,0.5,7.7,11.7,95.0,1029.9,3.0,325.0,100.0
2023-01-04,2.0,5.0,11.6,96.0,1029.8,5.8,233.0,82.0
2023-01-05,0.0,5.4,9.2,96.0,1023.9,6.5,322.0,97.0
2023-01-06,0.0,5.2,9.7,95.0,1025.8,3.0,316.0,92.0
2023-01-07,0.0,5.0,9.3,88.0,1024.4,3.9,316.0,92.0
2023-01-08,13.6,5.2,7.3,94.0,1017.2,5.0,37.0,100.0
2023-01-09,15.3,4.9,11.1,90.0,1004.2,8.0,289.0,91.0
2023-01-10,0.0,2.3,14.4,58.0,1013.9,11.8,285.0,22.0
2023-01-11,0.0,-0.7,10.2,64.0,1021.0,4.8,335.0,76.0
2023-01-12,0.6,1.1,11.9,81.0,1022.0,6.0,237.0,77.0
2023-01-13,0.0,1.5,8.9,90.0,1019.5,3.8,282.0,71.0
2023-01-14,0.0,-0.6,11.0,81.0,1022.2,5.0,321.0,47.0
2023-01-15,5.0,2.0,6.2,90.0,1015.1,4.3,277.0,99.0
2023-01-16,5.6,4.3,7.8,90.0,1000.7,5.5,19.0,98.0
2023-01-17,6.6,0.5,5.4,94.0,990.6,8.1,55.0,83.0
2023-01-18,4.6,1.4,6.4,95.0,993.1,7.0,237.0,82.0
2023-01-19,8.1,0.5,2.8,90.0,1002.5,8.7,29.0,99.0
2023-01-20,4.2,-2.0,5.9,78.0,1009.1,8.5,4.0,81.0
2023-01-21,0.0,-4.5,7.0,60.0,1011.1,5.9,298.0,100.0
2023-01-22,0.7,1.5,7.7,72.0,1017.8,7.4,50.0,99.0
2023-01-23,9.0,0.3,8.2,81.0,1019.7,11.6,48.0,95.0
2023-01-24,2.7,-0.4,11.0,84.0,1029.0,6.6,47.0,61.0
2023-01-25,0.2,1.5,9.5,86.0,1026.7,5.8,40.0,70.0
2023-01-26,0.0,-1.5,7.0,83.0,1017.0,6.6,16.0,43.0
2023-01-27,0.0,-2.7,6.7,75.0,1014.8,7.1,15.0,39.0
2023-01-28,0.0,-2.2,7.7,67.0,1019.4,5.2,24.0,43.0
2023-01-29,0.0,-3.9,7.5,78.0,1025.2,6.1,259.0,32.0
2023-01-30,0.0,-3.0,6.6,84.0,1019.7,5.0,309.0,34.0
2023-01-31,0.0,-2.7,10.1,86.0,1021.6,7.5,241.0,41.0
2023-02-01,0.0,-1.0,8.7,91.0,1021.3,4.8,346.0,61.0
2023-02-02,0.0,-1.2,9.9,93.0,1021.5,4.2,196.0,81.0
2023-02-03,0.0,-1.4,9.7,92.0,1024.9,5.4,261.0,89.0
2023-02-04,0.0,0.3,13.7,93.0,1022.7,5.3,37.0,66.0
2023-02-05,0.0,-0.3,7.0,80.0,1032.9,5.0,357.0,71.0
2023-02-06,0.2,-0.8,3.8,79.0,1035.5,6.9,39.0,92.0
2023-02-07,0.0,-4.5,5.6,68.0,1037.6,7.6,72.0,3.0
2023-02-08,0.0,-4.1,4.0,64.0,1038.4,10.5,54.0,0.0
2023-02-09,0.0,-4.3,4.9,57.0,1037.9,7.5,45.0,0.0
2023-02-10,0.0,-5.5,8.0,62.0,1037.4,4.2,280.0,0.0
2023-02-11,0.0,-3.1,9.6,61.0,1035.4,6.2,250.0,46.0
2023-02-12,0.0,-2.7,11.3,58.0,1034.4,6.4,353.0,13.0
2023-02-13,0.0,-1.8,11.4,72.0,1037.6,6.2,246.0,0.0
2023-02-14,0.0,-1.7,12.7,85.0,1034.1,6.4,287.0,1.0
2023-02-15,0.0,2.5,14.5,69.0,1030.0,4.1,285.0,0.0
2023-02-16,0.0,1.2,11.4,74.0,1029.3,5.6,342.0,52.0
2023-02-17,0.0,-0.3,11.7,89.0,1029.7,6.1,300.0,61.0
2023-02-18,0.0,1.4,9.1,94.0,1027.9,5.7,343.0,100.0
2023-02-19,0.0,4.3,10.3,93.0,1023.8,6.0,352.0,93.0
2023-02-20,0.0,3.2,14.7,88.0,1026.2,6.6,273.0,80.0
2023-02-21,0.0,3.5,10.7,92.0,1021.9,4.7,345.0,93.0
2023-02-22,0.0,3.8,12.8,89.0,1018.4,4.5,244.0,97.0
2023-02-23,0.2,6.1,11.7,89.0,1015.9,2.9,13.0,85.0
2023-02-24,0.0,4.3,13.5,89.0,1012.1,6.9,213.0,89.0
2023-02-25,0.0,7.0,14.6,86.0,1000.9,8.7,250.0,44.0
2023-02-26,0.0,5.5,8.3,56.0,1003.5,21.4,70.0,95.0
2023-02-27,0.0,2.5,8.2,43.0,1017.0,16.8,71.0,89.0
2023-02-28,0.0,0.2,9.2,59.0,1022.6,12.4,55.0,45.0
2023-03-01,5.3,0.4,10.6,70.0,1018.4,12.9,64.0,96.0
2023-03-02,1.8,3.0,10.6,84.0,1017.5,7.1,40.0,78.0
2023-03-03,0.2,2.1,13.1,79.0,1016.7,5.7,356.0,74.0
2023-03-04,0.0,1.1,14.0,77.0,1016.8,7.3,254.0,3.0
2023-03-05,0.0,0.4,14.2,82.0,1011.8,6.0,250.0,23.0
2023-03-06,0.3,1.5,13.2,83.0,1006.4,6.6,240.0,63.0
2023-03-07,0.1,3.2,13.7,84.0,1004.1,5.9,235.0,85.0
2023-03-08,0.0,2.1,14.4,77.0,1004.4,8.2,225.0,71.0
2023-03-09,0.1,8.1,18.0,77.0,1003.8,5.9,271.0,70.0
2023-03-10,0.4,5.9,17.3,81.0,999.0,7.1,253.0,65.0
2023-03-11,0.0,5.3,17.9,83.0,998.9,6.4,64.0,76.0
2023-03-12,0.0,4.9,14.0,61.0,1013.6,9.2,60.0,57.0
2023-03-13,0.2,3.8,14.7,77.0,1017.3,5.1,50.0,92.0
2023-03-14,8.2,6.8,12.3,93.0,1005.0,7.3,39.0,94.0
2023-03-15,0.0,5.6,14.3,75.0,1009.7,6.0,136.0,62.0
2023-03-16,0.0,1.4,12.9,61.0,1021.4,5.7,331.0,33.0
2023-03-17,0.0,1.7,13.4,66.0,1022.6,5.5,216.0,61.0
2023-03-18,0.0,1.3,14.0,72.0,1018.9,5.1,185.0,51.0
2023-03-19,0.4,5.2,14.5,74.0,1019.6,3.4,91.0,99.0
2023-03-20,0.5,7.6,15.0,85.0,1019.4,5.3,71.0,56.0
2023-03-21,0.0,4.6,18.9,77.0,1017.1,6.2,224.0,31.0
2023-03-22,0.0,7.6,19.6,73.0,1015.5,6.0,225.0,40.0
2023-03-23,0.0,7.0,19.1,78.0,1015.2,5.3,264.0,84.0
2023-03-24,0.0,7.4,18.2,80.0,1014.0,9.1,233.0,86.0
2023-03-25,0.0,7.9,20.5,73.0,1010.9,10.2,281.0,53.0
2023-03-26,11.1,6.0,16.1,85.0,1008.1,5.6,22.0,65.0
2023-03-27,0.5,4.7,18.8,67.0,1005.4,9.1,330.0,47.0
2023-03-28,0.0,1.2,14.4,41.0,1022.0,9.5,230.0,20.0
2023-03-29,0.0,2.8,16.6,58.0,1023.3,6.8,244.0,65.0
2023-03-30,0.0,6.4,15.0,80.0,1021.1,6.0,341.0,98.0
2023-03-31,3.9,7.1,16.2,82.0,1011.8,7.2,238.0,91.0
2023-04-01,0.0,4.7,17.0,81.0,1005.1,4.9,42.0,51.0
2023-04-02,2.2,8.3,16.6,74.0,1009.8,7.0,39.0,88.0
2023-04-03,0.3,6.1,14.5,68.0,1014.3,8.4,80.0,56.0
2023-04-04,0.0,1.4,11.6,57.0,1016.5,7.0,79.0,7.0
2023-04-05,0.0,0.7,11.2,54.0,1018.9,7.6,83.0,38.0
2023-04-06,0.0,-0.6,13.8,58.0,1019.0,6.7,229.0,30.0
2023-04-07,0.0,2.0,15.2,64.0,1016.2,5.6,111.0,74.0
2023-04-08,2.9,3.3,16.2,72.0,1017.3,6.9,56.0,72.0
2023-04-09,1.1,6.6,14.5,75.0,1021.8,7.2,67.0,55.0
2023-04-10,0.0,3.7,16.1,68.0,1023.3,5.9,97.0,34.0
2023-04-11,0.0,6.1,18.8,61.0,1016.2,8.9,214.0,95.0
2023-04-12,0.0,6.4,15.5,66.0,1010.5,6.9,50.0,95.0
2023-04-13,17.0,8.2,12.1,79.0,1002.9,14.3,55.0,100.0
2023-04-14,5.2,6.3,15.7,82.0,1003.5,8.3,215.0,82.0
2023-04-15,0.7,4.8,16.9,76.0,1006.1,10.2,51.0,62.0
2023-04-16,0.6,4.3,16.7,70.0,1012.7,6.2,12.0,27.0
2023-04-17,0.1,5.7,18.6,67.0,1014.4,6.0,288.0,60.0
2023-04-18,0.0,7.7,20.5,60.0,1014.9,6.5,174.0,74.0
2023-04-19,7.9,8.1,19.5,77.0,1015.1,6.7,250.0,53.0
2023-04-20,11.5,8.8,15.4,88.0,1013.2,12.2,56.0,90.0
2023-04-21,14.2,9.4,17.2,79.0,1014.6,8.0,42.0,79.0
2023-04-22,0.0,8.2,20.7,74.0,1014.2,6.3,223.0,84.0
2023-04-23,4.7,9.9,20.6,79.0,1012.1,5.3,74.0,75.0
2023-04-24,7.3,10.7,18.9,84.0,1007.2,6.1,52.0,83.0
2023-04-25,9.9,8.8,14.3,84.0,1009.6,8.1,51.0,62.0
2023-04-26,0.1,4.5,18.3,72.0,1013.9,7.3,198.0,25.0
2023-04-27,0.0,6.5,18.8,68.0,1018.0,7.1,78.0,19.0
2023-04-28,0.0,6.4,19.0,69.0,1018.7,5.1,73.0,83.0
2023-04-29,0.0,8.9,19.5,75.0,1014.9,4.7,85.0,88.0
2023-04-30,0.7,10.0,19.9,82.0,1015.6,7.1,51.0,75.0
2023-05-01,5.4,12.9,18.9,74.0,1015.5,11.4,60.0,100.0
2023-05-02,21.3,11.8,15.9,88.0,1015.6,11.3,32.0,100.0
2023-05-03,3.9,11.0,19.5,77.0,1020.4,6.8,59.0,63.0
2023-05-04,0.0,8.5,21.0,69.0,1021.0,6.5,241.0,32.0
2023-05-05,0.0,10.8,23.0,72.0,1018.9,6.7,220.0,45.0
2023-05-06,0.0,10.5,24.4,73.0,1015.8,4.2,319.0,75.0
2023-05-07,2.1,13.3,23.2,77.0,1015.9,3.6,346.0,91.0
2023-05-08,10.5,15.2,21.2,80.0,1018.5,9.9,52.0,87.0
2023-05-09,0.0,13.0,20.9,71.0,1017.8,9.6,67.0,59.0
2023-05-10,38.2,11.9,15.0,86.0,1012.8,11.4,46.0,100.0
2023-05-11,10.7,11.2,14.8,86.0,1010.6,6.0,334.0,100.0
2023-05-12,13.0,11.3,16.2,88.0,1013.2,10.1,54.0,97.0
2023-05-13,7.2,11.0,17.3,87.0,1017.1,8.6,46.0,96.0
2023-05-14,8.9,10.4,16.8,84.0,1012.7,5.5,360.0,95.0
2023-05-15,0.0,9.0,20.3,77.0,1008.7,5.9,23.0,53.0
2023-05-16,20.7,11.9,17.7,82.0,1005.3,10.3,31.0,100.0
2023-05-17,7.7,12.0,18.2,82.0,1011.5,6.9,38.0,96.0
2023-05-18,0.0,10.4,19.9,70.0,1017.9,7.5,77.0,73.0
2023-05-19,1.5,14.1,17.8,73.0,1018.9,11.5,62.0,100.0
2023-05-20,2.4,13.8,20.9,81.0,1015.7,10.4,43.0,100.0
2023-05-21,0.5,14.8,25.5,69.0,1012.7,9.5,52.0,58.0
2023-05-22,0.0,14.2,26.0,62.0,1013.0,7.2,45.0,15.0
2023-05-23,0.0,14.4,27.5,65.0,1012.2,7.2,240.0,37.0
2023-05-24,3.5,14.0,23.9,80.0,1013.6,9.6,51.0,36.0
2023-05-25,7.1,14.9,24.7,75.0,1017.9,8.9,37.0,40.0
2023-05-26,0.0,13.6,26.4,74.0,1018.4,5.1,325.0,31.0
2023-05-27,9.9,16.7,24.3,74.0,1018.7,6.7,7.0,60.0
2023-05-28,0.0,15.2,24.6,68.0,1015.2,6.4,31.0,76.0
2023-05-29,0.0,14.7,25.7,66.0,1014.4,6.8,41.0,52.0
2023-05-30,0.7,16.7,25.0,65.0,1015.7,7.4,31.0,70.0
2023-05-31,0.1,14.8,25.1,62.0,1017.3,10.5,65.0,49.0
2023-06-01,0.3,14.7,25.5,68.0,1015.6,5.9,43.0,34.0
2023-06-02,0.1,15.5,25.2,69.0,1012.7,4.4,278.0,52.0
2023-06-03,6.8,16.7,24.2,79.0,1014.9,6.8,28.0,80.0
2023-06-04,17.4,15.4,23.6,83.0,1016.6,5.9,45.0,77.0
2023-06-05,15.8,15.2,19.8,90.0,1016.2,6.8,35.0,95.0
2023-06-06,3.7,14.9,22.5,86.0,1015.6,5.2,38.0,66.0
2023-06-07,1.8,14.8,23.6,84.0,1015.9,4.2,53.0,75.0
2023-06-08,0.6,15.8,26.2,78.0,1013.5,6.1,226.0,30.0
2023-06-09,1.7,14.9,26.1,78.0,1011.9,5.3,231.0,68.0
2023-06-10,2.7,17.0,25.1,85.0,1011.2,4.3,16.0,71.0
2023-06-11,0.4,15.9,26.2,79.0,1012.0,3.8,63.0,33.0
2023-06-12,3.2,16.9,25.4,79.0,1012.5,5.5,34.0,38.0
2023-06-13,2.6,16.8,23.2,78.0,1011.4,9.6,54.0,95.0
2023-06-14,0.1,15.8,25.1,76.0,1010.9,6.5,50.0,87.0
2023-06-15,0.1,16.2,25.2,70.0,1013.6,7.3,35.0,36.0
2023-06-16,0.9,15.3,26.4,67.0,1014.0,6.2,307.0,23.0
2023-06-17,0.0,15.4,27.4,65.0,1014.1,7.6,233.0,5.0
2023-06-18,0.0,15.8,28.5,73.0,1015.4,5.3,24.0,45.0
2023-06-19,0.0,18.1,28.7,73.0,1015.6,5.0,348.0,61.0
2023-06-20,0.0,19.0,29.9,71.0,1016.3,5.8,230.0,81.0
2023-06-21,0.0,18.9,31.6,66.0,1016.7,5.6,231.0,44.0
2023-06-22,0.0,20.3,31.8,71.0,1017.2,4.2,56.0,82.0
2023-06-23,14.1,19.8,29.3,77.0,1014.4,7.1,5.0,58.0
2023-06-24,0.0,16.8,29.2,64.0,1017.7,6.0,58.0,9.0
2023-06-25,0.0,18.1,28.5,63.0,1017.0,6.3,204.0,7.0
2023-06-26,0.0,17.7,30.5,63.0,1015.1,5.6,215.0,19.0
2023-06-27,0.0,20.0,30.1,71.0,1012.8,7.2,31.0,73.0
2023-06-28,0.4,18.5,26.7,63.0,1014.5,11.5,70.0,44.0
2023-06-29,0.0,16.9,29.0,57.0,1016.1,4.5,261.0,49.0
2023-06-30,2.0,16.7,27.0,69.0,1012.1,4.9,178.0,86.0
2023-07-01,1.1,17.8,25.5,76.0,1008.2,4.0,33.0,84.0
2023-07-02,0.6,17.9,28.6,77.0,1009.5,4.8,48.0,42.0
2023-07-03,30.2,19.2,25.9,86.0,1012.6,6.6,47.0,73.0
2023-07-04,2.1,18.1,28.2,71.0,1014.1,4.2,339.0,62.0
2023-07-05,5.0,18.4,27.5,72.0,1013.7,6.9,218.0,56.0
2023-07-06,8.2,17.8,24.9,78.0,1016.0,7.7,52.0,58.0
2023-07-07,0.0,15.9,28.2,66.0,1020.1,5.0,104.0,13.0
2023-07-08,0.0,17.3,29.9,61.0,1020.5,5.1,203.0,18.0
2023-07-09,0.0,18.7,31.6,64.0,1020.3,3.3,340.0,6.0
2023-07-10,0.0,20.8,33.3,68.0,1019.3,3.8,191.0,38.0
2023-07-11,0.0,23.0,32.8,67.0,1017.0,5.1,52.0,19.0
2023-07-12,7.6,22.9,31.5,73.0,1014.8,7.3,38.0,82.0
2023-07-13,9.2,20.3,27.4,85.0,1014.2,5.3,7.0,65.0
2023-07-14,1.3,19.1,29.5,69.0,1016.6,6.2,60.0,19.0
2023-07-15,0.0,18.9,31.7,65.0,1015.4,5.4,191.0,5.0
2023-07-16,0.0,21.2,33.4,69.0,1014.8,4.9,33.0,2.0
2023-07-17,0.0,21.8,34.1,67.0,1015.4,6.0,257.0,7.0
2023-07-18,0.2,23.6,34.7,71.0,1016.0,5.6,28.0,13.0
2023-07-19,9.8,22.3,32.5,70.0,1011.2,5.9,51.0,58.0
2023-07-20,0.0,20.2,31.2,70.0,1009.2,4.5,29.0,30.0
2023-07-21,16.8,20.5,26.8,77.0,1009.3,8.6,47.0,59.0
2023-07-22,0.4,19.2,27.3,80.0,1013.1,5.1,30.0,33.0
2023-07-23,0.2,20.7,28.9,70.0,1014.9,6.9,67.0,35.0
2023-07-24,1.6,19.5,28.7,79.0,1010.9,8.8,24.0,55.0
2023-07-25,66.1,18.4,27.0,84.0,1002.9,7.6,306.0,79.0
2023-07-26,0.8,17.8,25.4,73.0,1008.1,5.7,28.0,28.0
2023-07-27,0.0,14.1,25.7,67.0,1014.9,5.2,29.0,14.0
2023-07-28,0.0,17.1,27.3,67.0,1013.0,5.9,224.0,31.0
2023-07-29,0.2,18.3,29.0,74.0,1012.7,5.0,245.0,27.0
2023-07-30,3.2,20.2,27.8,80.0,1012.1,4.5,22.0,61.0
2023-07-31,0.0,19.9,28.7,74.0,1012.3,5.6,55.0,56.0
2023-08-01,1.0,19.8,28.1,75.0,1005.6,7.1,270.0,69.0
2023-08-02,0.9,18.7,28.9,73.0,1006.5,7.9,61.0,46.0
2023-08-03,3.3,19.8,29.9,78.0,1005.3,7.3,347.0,37.0
2023-08-04,5.5,17.9,25.7,86.0,1007.3,12.1,41.0,76.0
2023-08-05,23.4,17.0,21.6,90.0,1006.4,5.6,258.0,89.0
2023-08-06,4.6,16.6,26.6,76.0,1005.7,8.3,216.0,23.0
2023-08-07,0.0,12.2,26.9,64.0,1011.7,5.9,334.0,6.0
2023-08-08,0.0,13.3,24.5,68.0,1016.9,7.6,33.0,45.0
2023-08-09,0.0,16.2,27.3,72.0,1015.8,5.1,17.0,81.0
2023-08-10,0.0,17.1,27.4,71.0,1018.4,5.3,58.0,27.0
2023-08-11,0.0,17.5,28.9,70.0,1021.4,4.8,59.0,15.0
2023-08-12,0.0,17.8,29.5,70.0,1020.5,3.8,206.0,22.0
2023-08-13,0.0,19.0,31.5,67.0,1018.2,4.1,86.0,7.0
2023-08-14,0.0,20.3,31.3,63.0,1017.5,5.0,89.0,36.0
2023-08-15,0.0,20.0,31.5,60.0,1016.8,3.5,22.0,6.0
2023-08-16,0.1,21.3,32.1,65.0,1016.7,4.2,333.0,28.0
2023-08-17,11.5,20.3,30.5,78.0,1016.2,4.3,326.0,63.0
2023-08-18,0.5,19.2,30.5,75.0,1015.8,3.6,68.0,45.0
2023-08-19,0.0,20.4,32.6,67.0,1016.3,3.6,275.0,6.0
2023-08-20,0.0,21.1,33.1,63.0,1018.7,3.3,12.0,5.0
2023-08-21,0.0,21.8,34.4,63.0,1019.4,3.7,318.0,3.0
2023-08-22,0.0,21.9,34.5,64.0,1017.5,4.6,51.0,16.0
2023-08-23,0.0,21.8,35.1,58.0,1015.3,4.2,340.0,25.0
2023-08-24,0.0,22.9,35.2,62.0,1015.0,4.2,304.0,23.0
2023-08-25,0.0,21.8,35.0,63.0,1012.6,4.5,30.0,25.0
2023-08-26,0.0,21.5,34.2,66.0,1010.5,5.0,342.0,51.0
2023-08-27,0.9,21.6,28.2,70.0,1007.9,6.1,322.0,83.0
2023-08-28,42.1,17.5,24.8,86.0,1001.1,13.2,51.0,90.0
2023-08-29,36.7,15.1,21.4,89.0,1001.3,9.1,356.0,93.0
2023-08-30,0.4,14.7,23.4,77.0,1006.0,4.9,61.0,67.0
2023-08-31,0.0,13.9,24.4,78.0,1013.0,4.9,39.0,51.0
2023-09-01,0.0,15.9,26.0,77.0,1017.8,5.7,289.0,26.0
2023-09-02,0.0,16.0,27.9,73.0,1020.1,5.4,239.0,35.0
2023-09-03,0.0,16.8,29.0,78.0,1021.4,4.0,338.0,65.0
2023-09-04,0.1,19.1,26.5,76.0,1022.6,5.1,53.0,86.0
2023-09-05,0.0,17.0,25.8,60.0,1022.1,9.4,36.0,49.0
2023-09-06,0.0,15.5,27.3,64.0,1021.1,6.9,354.0,1.0
2023-09-07,0.0,15.9,28.2,64.0,1020.4,7.9,27.0,0.0
2023-09-08,0.0,15.7,28.6,61.0,1019.4,6.9,4.0,0.0
2023-09-09,0.0,16.4,28.7,61.0,1018.3,5.8,345.0,0.0
2023-09-10,0.0,16.1,29.4,63.0,1018.0,4.3,324.0,0.0
2023-09-11,0.0,16.6,29.8,62.0,1015.2,4.4,227.0,2.0
2023-09-12,0.0,16.6,29.5,66.0,1014.4,4.6,281.0,58.0
2023-09-13,0.1,17.3,26.6,77.0,1015.8,4.0,30.0,80.0
2023-09-14,3.4,17.6,24.9,83.0,1017.3,5.7,24.0,61.0
2023-09-15,0.1,17.3,25.5,76.0,1018.2,5.4,89.0,66.0
2023-09-16,0.0,17.2,24.8,79.0,1018.4,3.9,179.0,43.0
2023-09-17,0.3,16.5,27.4,78.0,1018.5,4.9,244.0,75.0
2023-09-18,17.6,18.6,25.5,88.0,1015.6,4.6,26.0,83.0
2023-09-19,1.3,17.9,27.2,84.0,1013.6,6.9,47.0,52.0
2023-09-20,1.3,16.6,25.8,82.0,1015.5,4.9,47.0,64.0
2023-09-21,0.4,15.9,24.9,81.0,1010.1,6.0,46.0,66.0
2023-09-22,21.9,16.2,21.1,93.0,1006.8,6.9,32.0,100.0
2023-09-23,7.5,13.6,23.6,84.0,1010.7,6.1,36.0,62.0
2023-09-24,0.0,11.6,23.6,70.0,1019.3,5.1,207.0,21.0
2023-09-25,0.0,12.2,24.9,65.0,1021.4,3.7,292.0,4.0
2023-09-26,0.0,13.7,26.3,70.0,1021.0,6.3,354.0,0.0
2023-09-27,0.0,14.6,27.2,63.0,1019.9,10.2,23.0,9.0
2023-09-28,0.0,13.8,26.8,60.0,1019.2,6.9,344.0,19.0
2023-09-29,0.0,14.1,26.3,62.0,1020.9,4.7,314.0,5.0
2023-09-30,0.0,14.8,27.0,65.0,1021.5,3.8,294.0,40.0
2023-10-01,0.0,14.1,26.2,70.0,1023.9,4.0,9.0,9.0
2023-10-02,0.0,14.0,26.3,74.0,1024.7,4.1,307.0,4.0
2023-10-03,0.0,13.6,26.2,78.0,1021.8,4.1,322.0,28.0
2023-10-04,0.9,15.7,22.4,78.0,1023.4,9.4,44.0,65.0
2023-10-05,0.0,15.5,24.3,67.0,1023.9,4.3,62.0,64.0
2023-10-06,0.0,14.4,24.3,70.0,1024.6,5.0,15.0,54.0
2023-10-07,0.0,13.4,25.6,75.0,1023.5,4.7,279.0,21.0
2023-10-08,0.0,13.8,26.8,78.0,1022.3,4.3,294.0,46.0
2023-10-09,0.0,14.0,26.0,83.0,1020.9,4.8,18.0,70.0
2023-10-10,0.0,15.2,25.7,85.0,1020.2,4.2,348.0,70.0
2023-10-11,0.0,14.1,25.2,79.0,1021.4,2.9,197.0,28.0
2023-10-12,0.3,13.9,24.6,82.0,1020.5,4.3,292.0,45.0
2023-10-13,0.0,14.0,24.6,80.0,1020.4,5.5,249.0,44.0
2023-10-14,0.0,13.7,24.7,78.0,1014.3,6.4,247.0,29.0
2023-10-15,0.1,12.1,19.8,78.0,1012.2,11.6,47.0,83.0
2023-10-16,0.0,9.6,16.2,56.0,1020.4,10.3,43.0,97.0
2023-10-17,0.0,7.6,16.5,60.0,1018.8,5.5,40.0,77.0
2023-10-18,1.1,6.7,13.2,81.0,1015.6,5.1,29.0,98.0
2023-10-19,7.8,9.0,16.3,93.0,1005.3,3.3,39.0,94.0
2023-10-20,20.3,13.8,17.3,95.0,994.8,6.0,38.0,100.0
2023-10-21,2.4,12.5,21.1,89.0,1001.3,6.5,38.0,72.0
2023-10-22,0.4,11.4,20.5,84.0,1010.9,4.3,254.0,74.0
2023-10-23,2.0,11.0,20.2,76.0,1016.7,3.9,256.0,55.0
2023-10-24,43.6,14.0,16.0,94.0,1009.1,8.1,41.0,100.0
2023-10-25,0.0,12.4,18.7,87.0,1003.8,12.7,224.0,61.0
2023-10-26,5.8,9.7,17.3,91.0,1001.3,4.1,217.0,85.0
2023-10-27,29.9,12.4,19.8,87.0,994.6,13.0,238.0,54.0
2023-10-28,0.0,9.7,19.4,83.0,1005.7,4.3,343.0,46.0
2023-10-29,0.2,9.1,16.3,87.0,1013.0,5.2,18.0,76.0
2023-10-30,27.6,10.6,16.7,94.0,1010.2,8.5,43.0,100.0
2023-10-31,21.4,9.2,17.3,89.0,1003.8,7.6,292.0,62.0
2023-11-01,0.0,6.0,16.5,78.0,1013.3,4.4,321.0,53.0
2023-11-02,36.5,8.4,12.5,91.0,1000.5,7.4,37.0,89.0
2023-11-03,24.9,6.1,14.1,90.0,987.4,9.6,232.0,66.0
2023-11-04,5.9,3.0,13.4,80.0,997.3,5.5,19.0,53.0
2023-11-05,18.3,8.0,17.6,76.0,991.5,14.0,239.0,26.0
2023-11-06,2.0,5.3,16.4,87.0,1009.5,4.7,331.0,15.0
2023-11-07,3.4,5.9,16.4,91.0,1015.8,4.4,340.0,53.0
2023-11-08,0.0,4.5,15.1,88.0,1019.2,4.5,260.0,39.0
2023-11-09,3.7,3.8,12.7,84.0,1017.7,4.8,356.0,81.0
2023-11-10,8.2,7.1,12.9,89.0,1006.6,7.1,217.0,70.0
2023-11-11,0.0,4.5,13.0,92.0,1005.8,3.7,358.0,57.0
2023-11-12,0.0,3.6,12.1,83.0,1010.7,4.9,263.0,65.0
2023-11-13,0.0,2.0,12.2,87.0,1016.2,3.8,306.0,85.0
2023-11-14,0.0,4.1,12.1,84.0,1014.7,4.7,321.0,86.0
2023-11-15,0.0,5.4,16.4,92.0,1013.6,4.4,230.0,51.0
2023-11-16,0.0,3.5,13.0,72.0,1017.0,4.6,238.0,53.0
2023-11-17,0.0,4.5,16.6,84.0,1011.7,6.2,255.0,27.0
2023-11-18,0.0,3.1,13.3,65.0,1022.2,4.7,296.0,47.0
2023-11-19,0.0,3.8,12.1,72.0,1020.2,3.6,317.0,69.0
2023-11-20,0.0,2.1,10.6,80.0,1015.7,5.9,336.0,99.0
2023-11-21,0.7,3.2,12.9,81.0,1009.5,6.1,6.0,92.0
2023-11-22,0.0,3.3,14.5,77.0,1015.2,6.2,353.0,28.0
2023-11-23,0.0,1.2,11.7,83.0,1021.1,6.6,257.0,24.0
2023-11-24,0.1,1.4,8.7,92.0,1006.3,5.6,322.0,72.0
2023-11-25,0.1,1.4,9.9,49.0,1004.1,11.4,300.0,17.0
2023-11-26,0.0,-0.3,11.3,61.0,1011.0,7.4,250.0,5.0
2023-11-27,0.5,-1.5,7.0,69.0,1011.4,2.9,275.0,76.0
2023-11-28,0.1,-0.6,8.4,91.0,996.4,4.7,251.0,61.0
2023-11-29,0.0,-2.4,8.7,76.0,1006.8,6.6,18.0,32.0
2023-11-30,12.7,1.9,4.5,91.0,1006.1,5.3,164.0,100.0
2023-12-01,6.6,3.5,7.4,96.0,1000.0,3.3,18.0,100.0
2023-12-02,8.8,6.5,12.7,87.0,995.2,6.7,221.0,76.0
2023-12-03,0.0,-0.5,7.9,79.0,1019.3,7.7,54.0,29.0
2023-12-04,2.1,-1.5,5.0,80.0,1022.7,4.4,48.0,76.0
2023-12-05,3.4,0.4,4.9,96.0,1013.5,4.6,243.0,96.0
2023-12-06,0.0,-1.1,8.2,92.0,1012.8,4.2,228.0,58.0
2023-12-07,0.0,-1.4,8.1,89.0,1019.3,3.3,275.0,21.0
2023-12-08,0.1,-1.5,5.6,93.0,1017.8,3.1,257.0,93.0
2023-12-09,0.0,-0.7,7.8,95.0,1017.3,5.9,219.0,84.0
2023-12-10,3.0,1.6,6.0,96.0,1014.9,3.4,165.0,89.0
2023-12-11,0.0,0.8,6.5,95.0,1014.4,2.6,246.0,98.0
2023-12-12,0.1,-0.3,9.6,89.0,1012.7,3.7,250.0,96.0
2023-12-13,14.6,3.9,7.5,97.0,1003.3,3.5,290.0,100.0
2023-12-14,0.2,1.3,9.6,96.0,1010.3,6.1,236.0,60.0
2023-12-15,0.0,1.1,10.5,86.0,1027.1,3.8,327.0,34.0
2023-12-16,0.0,-2.6,8.6,84.0,1038.2,5.1,300.0,7.0
2023-12-17,0.0,-1.8,9.0,86.0,1039.4,5.8,236.0,13.0
2023-12-18,0.0,0.0,9.9,89.0,1034.4,5.6,214.0,32.0
2023-12-19,0.0,-0.9,9.0,79.0,1026.0,3.6,226.0,14.0
2023-12-20,0.0,-1.4,5.1,82.0,1015.0,4.4,330.0,48.0
2023-12-21,0.0,-0.7,6.4,91.0,1009.7,6.7,223.0,71.0
2023-12-22,0.0,-3.2,10.1,93.0,1001.0,4.6,187.0,83.0
2023-12-23,0.0,0.1,13.2,79.0,1005.8,5.6,223.0,78.0
2023-12-24,0.0,-1.2,10.8,96.0,1013.4,4.7,314.0,66.0
2023-12-25,0.0,2.7,10.4,93.0,1018.0,6.0,338.0,31.0
2023-12-26,0.0,3.6,11.1,94.0,1020.3,4.5,278.0,94.0
2023-12-27,0.0,2.2,9.7,95.0,1026.0,3.3,271.0,78.0
2023-12-28,0.0,4.3,10.3,93.0,1026.9,2.5,284.0,100.0
2023-12-29,0.0,2.5,8.7,95.0,1023.2,3.5,305.0,94.0
2023-12-30,0.0,4.2,10.7,91.0,1021.2,3.5,313.0,77.0
2023-12-31,2.7,4.4,9.7,90.0,1016.4,3.7,68.0,97.0
2024-01-01,5.2,3.2,9.3,96.0,1012.3,5.8,258.0,84.0
2024-01-02,0.3,2.6,6.5,95.0,1015.0,5.6,221.0,100.0
2024-01-03,0.1,1.5,8.0,97.0,1009.2,3.1,312.0,91.0
2024-01-04,0.0,1.8,8.2,95.0,1009.0,4.5,27.0,88.0
2024-01-05,10.6,1.8,7.3,92.0,1009.4,6.0,24.0,100.0
2024-01-06,43.9,6.8,8.2,95.0,999.9,5.9,35.0,100.0
2024-01-07,14.0,5.9,7.8,89.0,1000.6,7.6,340.0,100.0
2024-01-08,0.5,4.2,9.9,84.0,1011.1,5.8,40.0,98.0
2024-01-09,0.0,-0.5,7.3,72.0,1023.2,7.8,51.0,19.0
2024-01-10,0.0,-2.8,4.9,76.0,1028.4,7.1,19.0,88.0
2024-01-11,0.0,-3.5,6.5,86.0,1025.2,4.6,261.0,6.0
2024-01-12,0.0,-3.5,8.1,79.0,1024.2,4.9,343.0,16.0
2024-01-13,0.0,-3.5,5.0,83.0,1023.0,5.4,272.0,21.0
2024-01-14,0.0,-1.9,3.4,87.0,1014.3,3.6,320.0,88.0
2024-01-15,0.0,-2.5,6.2,85.0,1003.2,4.2,282.0,52.0
2024-01-16,0.0,-2.2,7.3,73.0,1009.4,6.9,17.0,45.0
2024-01-17,8.1,1.8,4.2,84.0,1006.5,2.7,318.0,100.0
2024-01-18,13.3,2.8,8.3,95.0,997.8,5.9,255.0,81.0
2024-01-19,2.8,2.1,5.8,85.0,1008.9,10.9,54.0,97.0
2024-01-20,0.0,-3.8,6.1,63.0,1028.5,4.6,323.0,0.0
2024-01-21,0.0,-4.7,7.8,57.0,1033.4,4.3,253.0,24.0
2024-01-22,0.0,-4.1,6.3,73.0,1030.9,5.1,231.0,72.0
2024-01-23,0.0,-3.5,8.4,74.0,1029.1,4.2,287.0,32.0
2024-01-24,0.0,-2.0,8.9,70.0,1029.8,4.5,290.0,72.0
2024-01-25,0.0,-1.9,9.8,88.0,1026.1,5.0,309.0,61.0
2024-01-26,0.0,-1.9,9.9,93.0,1026.6,4.1,251.0,81.0
2024-01-27,0.0,1.2,6.5,99.0,1030.2,4.1,286.0,95.0
2024-01-28,0.0,-2.7,8.6,89.0,1037.0,4.7,210.0,40.0
2024-01-29,0.0,-3.3,7.1,89.0,1037.0,4.9,217.0,50.0
2024-01-30,0.0,-2.7,9.7,80.0,1036.2,3.9,215.0,41.0
2024-01-31,0.0,-2.9,9.7,80.0,1034.1,3.7,210.0,71.0
2024-02-01,0.1,-2.3,4.6,84.0,1028.6,3.9,229.0,58.0
2024-02-02,0.0,-1.7,9.8,73.0,1029.2,5.0,262.0,46.0
2024-02-03,0.0,-1.5,9.7,69.0,1026.9,4.8,312.0,39.0
2024-02-04,0.0,-1.2,11.0,88.0,1024.8,4.5,317.0,83.0
2024-02-05,0.0,-1.0,8.9,97.0,1024.5,5.4,321.0,98.0
2024-02-06,0.0,0.9,10.4,96.0,1022.6,4.3,291.0,99.0
2024-02-07,0.0,4.9,10.3,96.0,1015.2,3.0,310.0,100.0
2024-02-08,0.0,5.9,10.6,94.0,1010.2,3.4,0.0,98.0
2024-02-09,15.8,6.1,9.4,98.0,1004.0,4.1,39.0,100.0
2024-02-10,17.1,7.1,10.0,97.0,995.9,10.7,53.0,100.0
2024-02-11,12.6,7.7,13.4,90.0,992.4,6.0,302.0,97.0
2024-02-12,0.7,5.6,13.3,87.0,1003.9,5.6,32.0,85.0
2024-02-13,0.0,2.2,14.9,87.0,1016.3,5.3,232.0,38.0
2024-02-14,0.0,1.1,13.8,78.0,1024.3,4.0,290.0,25.0
2024-02-15,0.0,1.3,13.4,87.0,1024.1,3.5,210.0,54.0
2024-02-16,0.0,3.7,12.5,95.0,1022.2,3.2,187.0,82.0
2024-02-17,0.0,1.2,14.7,93.0,1026.7,3.4,207.0,55.0
2024-02-18,0.0,4.0,15.7,88.0,1030.7,4.0,108.0,77.0
2024-02-19,0.1,6.2,15.6,82.0,1024.7,3.3,296.0,57.0
2024-02-20,0.3,4.4,15.3,86.0,1024.9,5.0,295.0,43.0
2024-02-21,0.0,2.2,14.8,80.0,1024.3,5.7,243.0,58.0
2024-02-22,5.5,4.4,8.1,95.0,1013.5,3.1,15.0,100.0
2024-02-23,23.3,5.2,8.7,97.0,999.5,7.9,38.0,95.0
2024-02-24,5.2,1.6,11.6,88.0,1006.6,5.9,28.0,71.0
2024-02-25,3.9,3.3,12.1,82.0,1010.5,5.8,22.0,55.0
2024-02-26,7.2,2.3,9.2,91.0,1007.6,9.7,39.0,98.0
2024-02-27,51.1,6.7,9.5,90.0,1009.2,13.6,49.0,100.0
2024-02-28,21.1,7.4,12.7,92.0,1016.0,9.1,35.0,97.0
2024-02-29,2.9,7.3,15.7,83.0,1014.6,8.4,36.0,81.0
2024-03-01,13.9,8.5,11.9,92.0,1007.0,10.6,52.0,99.0
2024-03-02,3.5,6.4,12.1,92.0,1009.3,9.3,54.0,88.0
2024-03-03,2.0,6.1,13.8,88.0,1008.7,10.8,62.0,97.0
2024-03-04,15.1,8.4,13.3,87.0,1007.2,11.3,41.0,84.0
2024-03-05,3.4,4.3,17.2,80.0,1010.7,5.2,238.0,46.0
2024-03-06,10.2,7.8,13.3,87.0,1014.6,11.4,58.0,90.0
2024-03-07,6.8,6.3,13.7,85.0,1017.2,5.6,2.0,84.0
2024-03-08,1.9,6.0,8.4,82.0,1017.2,12.4,51.0,99.0
2024-03-09,4.4,6.0,12.1,84.0,1011.8,9.8,58.0,95.0
2024-03-10,22.7,6.3,11.6,93.0,1004.2,13.5,75.0,79.0
2024-03-11,0.0,3.0,14.8,82.0,1004.7,7.3,245.0,94.0
2024-03-12,0.2,2.7,16.9,81.0,1011.4,4.5,225.0,58.0
2024-03-13,0.2,5.5,16.7,83.0,1016.8,3.5,256.0,68.0
2024-03-14,0.0,4.4,16.0,84.0,1017.9,4.2,237.0,50.0
2024-03-15,0.2,5.1,15.8,87.0,1017.3,4.0,322.0,89.0
2024-03-16,0.4,7.9,17.3,86.0,1018.8,4.4,27.0,57.0
2024-03-17,0.2,6.2,17.7,87.0,1021.2,4.5,240.0,91.0
2024-03-18,3.8,8.3,12.2,97.0,1015.9,4.3,13.0,100.0
2024-03-19,0.1,7.2,17.1,88.0,1017.7,4.6,157.0,83.0
2024-03-20,0.1,7.7,16.7,84.0,1022.3,4.8,238.0,78.0
2024-03-21,0.0,6.2,17.4,87.0,1021.4,4.8,340.0,81.0
2024-03-22,0.1,6.8,19.4,77.0,1019.9,6.7,233.0,51.0
2024-03-23,0.0,7.3,18.9,78.0,1010.4,9.6,235.0,40.0
2024-03-24,0.0,6.4,13.7,69.0,1008.1,8.4,43.0,26.0
2024-03-25,0.1,2.2,15.3,69.0,1008.4,5.3,185.0,37.0
2024-03-26,8.4,5.0,12.0,83.0,1003.7,11.4,48.0,93.0
2024-03-27,25.7,8.1,11.6,91.0,995.0,12.9,169.0,83.0
2024-03-28,9.4,6.0,10.2,88.0,1000.5,10.0,195.0,66.0
2024-03-29,0.0,4.9,15.5,86.0,1012.1,7.8,42.0,82.0
2024-03-30,8.0,9.1,18.4,87.0,1009.3,13.9,57.0,93.0
2024-03-31,13.6,10.7,17.1,89.0,1007.2,9.4,53.0,89.0
2024-04-01,10.8,9.6,15.8,92.0,1004.8,7.0,57.0,88.0
2024-04-02,0.0,5.5,17.8,80.0,1011.8,6.5,236.0,44.0
2024-04-03,0.6,6.6,15.3,81.0,1015.6,7.3,228.0,82.0
2024-04-04,0.0,5.6,18.6,77.0,1018.3,7.3,238.0,53.0
2024-04-05,0.0,8.2,19.6,81.0,1022.2,8.1,244.0,85.0
2024-04-06,0.0,9.4,21.6,79.0,1022.8,5.9,245.0,48.0
2024-04-07,0.0,8.7,23.1,86.0,1021.0,3.7,281.0,67.0
2024-04-08,0.0,10.1,22.8,83.0,1017.4,5.2,132.0,95.0
2024-04-09,4.2,8.9,21.1,87.0,1015.3,6.3,77.0,81.0
2024-04-10,15.2,10.7,18.3,84.0,1017.3,10.8,8.0,95.0
2024-04-11,0.0,9.1,21.9,68.0,1027.1,5.3,353.0,28.0
2024-04-12,0.0,10.9,23.9,71.0,1028.6,5.4,228.0,2.0
2024-04-13,0.0,12.7,25.7,73.0,1026.4,5.9,236.0,36.0
2024-04-14,0.0,12.6,26.4,78.0,1022.0,6.6,220.0,35.0
2024-04-15,0.0,11.7,23.5,67.0,1012.1,12.1,228.0,61.0
2024-04-16,1.3,7.5,19.1,68.0,1001.4,15.8,186.0,60.0
2024-04-17,1.2,4.8,15.3,72.0,1005.5,5.2,310.0,61.0
2024-04-18,2.8,6.0,14.5,75.0,1010.1,8.5,28.0,93.0
2024-04-19,0.1,2.3,15.5,58.0,1013.9,10.5,227.0,45.0
2024-04-20,1.6,4.4,15.8,63.0,1010.1,8.2,22.0,58.0
2024-04-21,1.0,2.9,14.0,62.0,1014.4,6.1,62.0,54.0
2024-04-22,18.5,5.1,9.4,81.0,1014.0,17.6,52.0,100.0
2024-04-23,9.7,5.4,12.2,77.0,1009.1,13.5,45.0,98.0
2024-04-24,6.0,5.6,12.3,79.0,1007.0,5.7,15.0,88.0
2024-04-25,2.8,3.4,13.8,73.0,1008.7,5.1,39.0,32.0
2024-04-26,0.6,4.2,15.1,76.0,1012.3,7.2,64.0,62.0
2024-04-27,0.9,6.4,17.0,84.0,1016.7,7.2,70.0,77.0
2024-04-28,0.0,9.2,20.2,77.0,1020.0,7.7,74.0,76.0
2024-04-29,0.0,9.6,23.3,64.0,1020.9,3.6,231.0,22.0
2024-04-30,0.0,10.4,25.0,64.0,1017.8,6.7,86.0,44.0
2024-05-01,9.8,14.5,21.5,73.0,1010.2,14.2,67.0,98.0
2024-05-02,28.3,10.8,15.5,92.0,1006.9,7.6,71.0,94.0
2024-05-03,2.1,8.7,18.9,83.0,1010.8,5.2,327.0,99.0
2024-05-04,0.4,10.8,20.8,75.0,1015.0,4.6,222.0,77.0
2024-05-05,0.0,9.4,21.8,72.0,1014.4,7.7,220.0,53.0
2024-05-06,0.6,12.1,20.2,80.0,1013.3,7.3,246.0,93.0
2024-05-07,8.0,11.4,17.3,90.0,1013.2,5.5,52.0,99.0
2024-05-08,1.5,10.1,20.9,83.0,1016.5,5.2,29.0,74.0
2024-05-09,0.2,11.9,22.4,73.0,1019.2,5.3,61.0,84.0
2024-05-10,0.0,11.1,23.1,66.0,1019.4,7.0,255.0,32.0
2024-05-11,0.0,12.2,23.9,65.0,1018.7,6.0,176.0,22.0
2024-05-12,0.0,12.6,24.9,67.0,1017.2,4.9,215.0,48.0
2024-05-13,0.3,14.0,22.6,75.0,1015.3,5.6,69.0,88.0
2024-05-14,2.1,12.7,21.7,82.0,1011.7,8.1,62.0,48.0
2024-05-15,55.0,13.7,16.1,91.0,1010.7,14.9,54.0,100.0
2024-05-16,40.8,13.6,17.8,85.0,1007.4,15.4,53.0,95.0
2024-05-17,0.5,10.9,20.6,76.0,1008.9,9.9,227.0,21.0
2024-05-18,0.1,10.6,22.3,74.0,1013.2,5.5,83.0,10.0
2024-05-19,1.0,11.7,22.9,80.0,1011.8,5.7,73.0,48.0
2024-05-20,5.0,12.7,22.8,84.0,1010.7,6.1,66.0,87.0
2024-05-21,44.9,14.8,19.9,90.0,1006.0,9.0,57.0,80.0
2024-05-22,2.6,12.7,20.4,84.0,1010.7,6.8,353.0,50.0
2024-05-23,3.3,12.5,21.7,84.0,1015.7,5.1,234.0,55.0
2024-05-24,4.3,10.8,21.4,81.0,1018.0,4.9,235.0,57.0
2024-05-25,4.8,12.9,21.6,78.0,1017.3,4.6,288.0,62.0
2024-05-26,0.0,11.0,24.3,71.0,1017.1,4.3,184.0,24.0
2024-05-27,0.0,14.9,25.0,74.0,1017.9,4.2,147.0,75.0
2024-05-28,20.9,15.6,23.1,83.0,1015.2,5.4,25.0,83.0
2024-05-29,0.0,13.1,23.5,76.0,1014.2,4.9,129.0,57.0
2024-05-30,23.2,14.8,20.9,90.0,1007.7,6.4,40.0,90.0
2024-05-31,17.4,12.6,19.9,86.0,1003.0,12.3,51.0,80.0
2024-06-01,0.1,10.9,22.7,77.0,1011.0,3.5,1.0,25.0
2024-06-02,6.0,12.5,23.8,83.0,1015.0,5.1,23.0,50.0
2024-06-03,1.4,12.6,22.4,79.0,1013.4,6.3,228.0,65.0
2024-06-04,6.5,13.9,23.2,85.0,1014.0,5.0,13.0,72.0
2024-06-05,0.5,14.4,25.0,79.0,1015.0,5.2,235.0,18.0
2024-06-06,0.2,16.0,26.4,79.0,1016.8,6.0,187.0,47.0
2024-06-07,0.2,16.5,28.3,79.0,1016.1,5.8,262.0,63.0
2024-06-08,3.0,18.6,27.8,81.0,1013.4,4.4,159.0,90.0
2024-06-09,11.3,18.6,26.6,84.0,1008.0,7.7,30.0,97.0
2024-06-10,20.2,17.8,26.4,82.0,1004.1,7.7,246.0,77.0
2024-06-11,8.2,16.9,22.8,80.0,1009.1,9.4,56.0,74.0
2024-06-12,11.6,14.9,22.1,79.0,1012.4,11.6,57.0,74.0
2024-06-13,0.4,12.6,21.1,74.0,1015.3,7.6,45.0,57.0
2024-06-14,0.0,13.1,22.7,70.0,1016.6,6.1,222.0,75.0
2024-06-15,1.4,14.1,24.6,75.0,1012.3,4.4,9.0,41.0
2024-06-16,1.0,15.7,25.1,76.0,1010.8,6.2,231.0,43.0
2024-06-17,0.0,16.3,27.0,76.0,1015.3,5.7,97.0,18.0
2024-06-18,0.0,16.7,28.5,75.0,1017.3,4.9,112.0,54.0
2024-06-19,0.0,18.7,29.5,73.0,1016.3,5.3,99.0,33.0
2024-06-20,0.0,19.1,29.5,80.0,1018.1,4.5,255.0,66.0
2024-06-21,21.2,19.6,29.3,81.0,1014.9,6.4,24.0,72.0
2024-06-22,1.0,17.7,28.2,73.0,1009.7,6.2,251.0,26.0
2024-06-23,26.1,17.8,23.5,84.0,1011.0,8.9,4.0,98.0
2024-06-24,5.1,17.6,25.9,75.0,1012.9,11.2,23.0,73.0
2024-06-25,17.4,17.1,23.7,84.0,1012.9,10.6,24.0,67.0
2024-06-26,4.2,16.3,25.0,77.0,1011.7,3.6,105.0,65.0
2024-06-27,0.0,15.8,28.5,76.0,1010.8,4.2,228.0,20.0
2024-06-28,0.0,19.3,30.0,81.0,1014.9,4.2,35.0,33.0
2024-06-29,0.0,21.1,31.1,80.0,1016.2,5.0,91.0,49.0
2024-06-30,0.4,21.1,28.3,72.0,1010.4,9.5,251.0,27.0
2024-07-01,2.4,18.8,28.2,80.0,1010.1,5.9,328.0,69.0
2024-07-02,0.0,15.8,26.8,75.0,1009.0,5.7,230.0,33.0
2024-07-03,23.8,16.3,23.1,78.0,1008.7,7.9,50.0,99.0
2024-07-04,0.3,13.8,25.1,74.0,1010.3,5.5,217.0,8.0
2024-07-05,0.0,15.3,27.2,71.0,1014.4,4.5,189.0,21.0
2024-07-06,0.3,18.2,28.2,75.0,1012.1,5.6,77.0,51.0
2024-07-07,15.3,19.0,26.4,83.0,1011.7,7.3,49.0,63.0
2024-07-08,0.2,20.1,29.6,73.0,1014.5,4.6,233.0,38.0
2024-07-09,0.0,19.3,31.6,71.0,1015.6,5.1,251.0,7.0
2024-07-10,0.0,20.4,33.1,69.0,1014.5,5.5,238.0,18.0
2024-07-11,0.0,20.9,32.9,70.0,1013.5,4.9,233.0,13.0
2024-07-12,11.6,22.3,29.7,74.0,1010.9,6.2,297.0,41.0
2024-07-13,5.6,19.5,29.5,75.0,1009.3,6.1,219.0,28.0
2024-07-14,0.0,19.7,30.0,67.0,1011.0,6.4,234.0,45.0
2024-07-15,0.0,18.2,31.2,65.0,1012.7,4.0,335.0,4.0
2024-07-16,0.0,19.9,31.9,68.0,1011.5,4.5,238.0,16.0
2024-07-17,0.0,21.3,33.0,66.0,1013.9,4.9,4.0,30.0
2024-07-18,0.0,21.4,32.5,62.0,1016.8,6.5,50.0,10.0
2024-07-19,0.2,22.4,33.1,64.0,1015.1,4.9,344.0,28.0
2024-07-20,21.3,21.8,30.6,66.0,1010.4,6.0,168.0,44.0
2024-07-21,0.1,20.8,30.7,74.0,1009.1,4.2,63.0,33.0
2024-07-22,3.2,21.2,31.2,75.0,1011.5,4.5,51.0,50.0
2024-07-23,0.1,21.6,30.0,69.0,1014.9,3.9,26.0,30.0
2024-07-24,0.0,20.4,29.4,69.0,1013.1,5.5,53.0,34.0
2024-07-25,0.0,20.8,30.7,59.0,1012.1,8.2,72.0,55.0
2024-07-26,0.0,20.8,31.4,60.0,1012.5,4.7,119.0,15.0
2024-07-27,0.0,20.5,32.4,65.0,1014.9,5.0,169.0,18.0
2024-07-28,2.5,22.6,33.9,69.0,1016.9,5.7,11.0,26.0
2024-07-29,0.0,21.6,30.2,68.0,1018.4,6.2,46.0,41.0
2024-07-30,0.0,21.6,30.9,66.0,1017.3,6.0,72.0,36.0
2024-07-31,0.0,21.2,32.3,69.0,1013.9,5.8,214.0,19.0
2024-08-01,17.4,21.8,31.4,77.0,1010.7,4.7,2.0,37.0
2024-08-02,0.3,17.9,30.6,77.0,1009.0,3.4,294.0,38.0
2024-08-03,9.1,20.5,30.6,73.0,1008.6,7.0,40.0,25.0
2024-08-04,0.0,20.9,30.2,64.0,1011.2,5.0,336.0,59.0
2024-08-05,0.0,21.0,30.4,66.0,1011.5,4.2,99.0,57.0
2024-08-06,0.8,21.8,30.9,70.0,1011.3,4.4,36.0,39.0
2024-08-07,4.9,21.6,30.9,71.0,1011.6,5.6,262.0,81.0
2024-08-08,0.0,17.2,30.5,69.0,1013.1,3.1,246.0,24.0
2024-08-09,0.0,20.4,31.2,67.0,1015.3,4.2,36.0,37.0
2024-08-10,0.0,21.3,32.6,69.0,1018.2,3.8,282.0,5.0
2024-08-11,0.0,21.9,33.4,68.0,1017.8,4.2,164.0,22.0
2024-08-12,0.0,22.4,34.1,66.0,1013.2,5.6,247.0,38.0
2024-08-13,0.2,22.7,33.4,69.0,1010.4,3.9,286.0,31.0
2024-08-14,0.4,22.5,32.3,68.0,1011.0,4.8,297.0,40.0
2024-08-15,0.0,20.4,32.6,65.0,1014.5,7.7,229.0,71.0
2024-08-16,0.0,21.7,32.6,65.0,1014.8,5.6,238.0,33.0
2024-08-17,0.0,20.8,31.7,64.0,1011.6,4.7,234.0,36.0
2024-08-18,5.9,20.2,27.6,79.0,1007.4,5.6,25.0,77.0
2024-08-19,3.9,20.2,25.1,83.0,1008.6,5.8,343.0,100.0
2024-08-20,0.9,19.9,29.2,76.0,1010.5,5.7,211.0,50.0
2024-08-21,0.7,19.7,29.9,74.0,1011.0,3.6,144.0,18.0
2024-08-22,5.2,20.6,29.5,70.0,1013.5,7.2,63.0,52.0
2024-08-23,0.0,19.7,31.1,72.0,1014.0,5.6,215.0,11.0
2024-08-24,0.0,21.7,32.1,71.0,1015.7,5.2,124.0,7.0
2024-08-25,0.2,21.1,32.9,68.0,1013.9,3.5,294.0,15.0
2024-08-26,4.0,20.2,30.9,67.0,1014.1,7.5,33.0,91.0
2024-08-27,3.1,20.5,30.9,64.0,1016.1,7.5,41.0,71.0
2024-08-28,0.0,19.6,32.3,62.0,1017.1,6.2,21.0,29.0
2024-08-29,0.0,20.5,33.6,56.0,1016.3,5.0,243.0,3.0
2024-08-30,0.0,21.3,33.6,57.0,1016.2,4.5,214.0,6.0
2024-08-31,0.2,22.2,33.3,60.0,1016.8,4.2,326.0,32.0
2024-09-01,0.0,21.1,33.3,55.0,1014.4,5.4,84.0,74.0
2024-09-02,0.1,20.7,32.1,55.0,1012.6,5.6,224.0,17.0
2024-09-03,0.4,19.3,30.8,64.0,1015.1,4.6,130.0,16.0
2024-09-04,0.1,20.0,30.3,62.0,1013.8,5.2,92.0,61.0
2024-09-05,178.8,19.0,22.0,91.0,1010.0,11.0,57.0,90.0
2024-09-06,0.2,17.0,25.2,83.0,1012.6,3.8,86.0,55.0
2024-09-07,0.0,16.2,26.9,79.0,1016.1,4.6,257.0,8.0
2024-09-08,45.1,18.6,25.6,89.0,1012.4,6.0,43.0,93.0
2024-09-09,32.6,18.4,26.6,86.0,1003.0,6.4,32.0,58.0
2024-09-10,0.3,14.8,26.7,77.0,1008.6,4.8,324.0,14.0
2024-09-11,13.2,16.7,24.8,83.0,1008.8,5.6,45.0,75.0
2024-09-12,22.4,11.6,18.9,89.0,1004.0,10.0,8.0,96.0
2024-09-13,0.4,11.2,18.3,64.0,1007.6,8.1,282.0,99.0
2024-09-14,0.0,14.8,20.5,42.0,1012.5,12.1,277.0,96.0
2024-09-15,0.0,12.5,23.6,58.0,1012.8,5.6,41.0,82.0
2024-09-16,0.9,11.4,21.9,70.0,1012.4,6.4,323.0,71.0
2024-09-17,4.6,12.7,20.0,71.0,1016.2,12.2,59.0,73.0
2024-09-18,2.1,10.3,19.9,76.0,1018.7,8.0,46.0,82.0
2024-09-19,0.0,12.9,22.7,68.0,1016.7,10.7,55.0,92.0
2024-09-20,0.0,13.2,23.8,64.0,1019.5,7.7,49.0,40.0
2024-09-21,0.0,14.0,23.5,70.0,1021.5,6.8,42.0,15.0
2024-09-22,0.0,13.2,23.1,70.0,1018.3,3.4,256.0,66.0
2024-09-23,18.2,12.5,22.8,83.0,1013.4,8.2,48.0,57.0
2024-09-24,8.8,14.4,21.9,84.0,1009.6,10.3,221.0,63.0
2024-09-25,0.3,12.2,21.4,82.0,1013.6,5.1,262.0,61.0
2024-09-26,0.0,14.8,22.2,83.0,1010.3,4.4,16.0,89.0
2024-09-27,36.6,16.0,23.7,89.0,1006.3,5.0,240.0,75.0
2024-09-28,2.1,12.9,22.2,82.0,1010.8,6.5,27.0,45.0
2024-09-29,0.0,10.2,19.3,74.0,1023.0,4.0,3.0,43.0
2024-09-30,0.0,10.8,19.5,73.0,1021.6,6.6,46.0,49.0
2024-10-01,0.6,11.4,17.4,86.0,1016.2,6.6,35.0,97.0
2024-10-02,7.0,13.6,17.2,95.0,1007.0,5.6,34.0,85.0
2024-10-03,25.1,12.9,15.0,88.0,1005.1,12.2,48.0,100.0
2024-10-04,6.3,11.9,14.7,87.0,1007.6,4.5,274.0,100.0
2024-10-05,0.6,9.8,16.6,81.0,1012.9,5.8,23.0,66.0
2024-10-06,0.0,8.2,17.6,76.0,1013.0,7.6,232.0,43.0
2024-10-07,0.3,8.3,15.9,88.0,1015.6,3.9,349.0,81.0
2024-10-08,36.0,13.5,17.9,94.0,1009.9,11.0,78.0,100.0
2024-10-09,0.2,14.3,20.8,86.0,1005.1,9.2,219.0,82.0
2024-10-10,22.1,14.6,21.0,92.0,1000.6,8.1,20.0,67.0
2024-10-11,0.0,10.4,20.7,76.0,1010.7,4.7,29.0,20.0
2024-10-12,0.0,8.8,18.9,78.0,1018.3,5.5,79.0,55.0
2024-10-13,0.0,9.9,20.8,87.0,1017.3,5.2,280.0,81.0
2024-10-14,0.0,10.4,18.3,88.0,1020.0,3.5,290.0,77.0
2024-10-15,0.0,11.0,20.3,88.0,1020.6,3.8,350.0,88.0
2024-10-16,6.8,11.7,17.8,92.0,1022.2,6.6,39.0,100.0
2024-10-17,3.9,13.9,18.3,90.0,1021.4,9.3,48.0,100.0
2024-10-18,65.9,14.4,18.2,93.0,1016.9,12.3,55.0,84.0
2024-10-19,23.7,12.9,17.5,94.0,1017.8,11.7,42.0,100.0
2024-10-20,0.4,14.8,21.2,78.0,1024.1,9.9,57.0,79.0
2024-10-21,0.0,11.2,21.7,84.0,1029.1,4.2,248.0,44.0
2024-10-22,0.2,13.4,21.7,86.0,1028.5,4.0,220.0,57.0
2024-10-23,28.2,14.9,17.3,97.0,1028.9,5.4,52.0,100.0
2024-10-24,11.2,12.5,17.8,90.0,1028.5,9.3,47.0,70.0
2024-10-25,4.8,10.5,19.1,90.0,1025.0,5.7,40.0,96.0
2024-10-26,4.2,15.1,19.6,93.0,1022.5,7.2,49.0,88.0
2024-10-27,2.8,14.4,20.4,90.0,1023.5,3.8,75.0,90.0
2024-10-28,0.3,13.1,20.4,89.0,1026.1,3.9,254.0,80.0
2024-10-29,0.0,12.6,20.5,93.0,1025.5,3.5,242.0,50.0
2024-10-30,0.0,10.7,21.9,83.0,1024.4,5.0,244.0,1.0
2024-10-31,0.0,10.3,20.7,80.0,1025.5,3.9,235.0,4.0
2024-11-01,0.0,9.9,18.3,92.0,1024.4,5.4,229.0,40.0
2024-11-02,0.0,10.4,18.2,90.0,1023.2,3.5,17.0,50.0
2024-11-03,0.0,8.3,16.8,79.0,1027.8,7.0,23.0,20.0
2024-11-04,0.0,6.0,16.7,89.0,1026.7,3.2,230.0,4.0
2024-11-05,0.0,5.4,15.7,78.0,1026.4,4.3,8.0,70.0
2024-11-06,0.0,5.0,16.0,75.0,1028.5,3.5,263.0,64.0
2024-11-07,0.0,6.4,15.3,80.0,1030.4,3.1,142.0,31.0
2024-11-08,0.0,4.4,14.9,89.0,1028.9,4.7,234.0,71.0
2024-11-09,0.0,5.2,15.0,90.0,1026.8,4.2,234.0,74.0
2024-11-10,0.0,4.2,15.9,80.0,1023.2,4.5,290.0,3.0
2024-11-11,0.0,2.4,12.3,77.0,1024.9,6.7,52.0,7.0
2024-11-12,0.0,1.4,11.2,77.0,1024.5,8.2,46.0,62.0
2024-11-13,0.0,1.4,11.0,80.0,1024.9,3.3,55.0,27.0
2024-11-14,0.9,2.7,9.8,80.0,1024.1,5.6,39.0,27.0
2024-11-15,0.0,0.2,11.1,89.0,1024.6,2.0,313.0,38.0
2024-11-16,0.0,1.6,11.6,80.0,1023.0,4.1,238.0,7.0
2024-11-17,0.0,1.7,8.5,94.0,1016.1,3.2,236.0,73.0
2024-11-18,0.0,2.0,12.1,82.0,1013.3,2.6,294.0,90.0
2024-11-19,0.0,3.7,11.7,79.0,1010.5,2.7,230.0,89.0
2024-11-20,0.2,3.9,13.7,82.0,998.2,4.2,274.0,75.0
2024-11-21,2.2,-2.0,6.0,61.0,1003.9,5.3,39.0,59.0
2024-11-22,5.9,0.2,11.5,89.0,1000.4,6.6,211.0,60.0
2024-11-23,0.0,-2.4,8.9,70.0,1025.1,3.9,227.0,31.0
2024-11-24,0.0,0.7,7.1,76.0,1032.9,1.6,302.0,91.0
2024-11-25,0.0,0.4,8.7,87.0,1028.6,2.4,263.0,69.0
2024-11-26,1.3,4.7,6.2,95.0,1023.5,3.1,327.0,100.0
2024-11-27,0.0,5.1,11.7,92.0,1023.8,2.9,241.0,69.0
2024-11-28,0.2,5.0,12.1,95.0,1022.6,6.5,238.0,86.0
2024-11-29,0.0,2.0,11.4,84.0,1026.1,3.1,304.0,57.0
2024-11-30,0.0,0.3,10.4,73.0,1030.0,2.5,265.0,0.0
2024-12-01,0.0,-0.6,11.5,72.0,1026.2,3.4,272.0,0.0
2024-12-02,0.0,0.2,11.4,77.0,1021.5,2.7,253.0,14.0
2024-12-03,0.0,1.0,7.1,84.0,1017.4,3.4,15.0,69.0
2024-12-04,0.0,2.8,10.3,80.0,1020.5,7.0,12.0,85.0
2024-12-05,0.0,-0.2,8.5,85.0,1024.9,2.4,18.0,33.0
2024-12-06,0.3,-0.6,7.0,90.0,1017.7,5.1,247.0,55.0
2024-12-07,0.3,-3.2,6.5,92.0,1013.6,4.3,8.0,95.0
2024-12-08,37.5,3.1,8.5,86.0,1000.7,13.8,36.0,100.0
2024-12-09,0.8,1.3,8.5,82.0,1009.3,7.4,26.0,87.0
2024-12-10,0.3,3.9,9.6,76.0,1018.3,9.0,48.0,97.0
2024-12-11,0.0,1.3,9.7,82.0,1023.8,2.1,68.0,20.0
2024-12-12,0.0,-0.8,8.1,88.0,1028.7,2.5,359.0,25.0
2024-12-13,1.3,-1.3,6.6,86.0,1030.0,2.8,354.0,27.0
2024-12-14,1.8,1.6,8.2,92.0,1022.8,5.5,251.0,88.0
2024-12-15,0.0,-0.1,6.0,97.0,1025.5,4.6,237.0,68.0
2024-12-16,0.0,-1.3,5.6,94.0,1034.5,2.3,275.0,71.0
2024-12-17,0.0,-2.3,4.8,96.0,1032.1,2.6,313.0,91.0
2024-12-18,0.0,-1.0,5.8,96.0,1028.3,3.2,275.0,100.0
2024-12-19,7.3,2.7,5.1,99.0,1016.5,4.3,4.0,100.0
2024-12-20,13.4,0.2,8.2,90.0,1008.9,5.6,228.0,78.0
2024-12-21,0.0,-2.6,8.4,71.0,1022.6,3.2,293.0,18.0
2024-12-22,2.8,-1.6,3.5,89.0,1012.2,3.6,358.0,84.0
2024-12-23,0.1,-0.8,10.5,72.0,1004.1,5.7,257.0,61.0
2024-12-24,0.0,-1.1,11.2,53.0,1016.2,4.0,274.0,0.0
2024-12-25,0.0,-2.0,9.5,65.0,1028.9,2.9,334.0,1.0
2024-12-26,0.0,-2.4,8.9,69.0,1032.8,3.5,250.0,1.0
2024-12-27,0.0,-1.3,10.7,64.0,1032.6,4.0,236.0,2.0
2024-12-28,0.0,-0.3,10.2,76.0,1028.0,3.3,224.0,49.0
2024-12-29,0.0,2.5,12.0,72.0,1027.2,2.1,234.0,0.0
2024-12-30,0.0,1.6,11.4,76.0,1029.4,1.3,211.0,0.0
2024-12-31,0.0,-0.8,7.9,92.0,1031.7,1.4,195.0,42.0
