date,rainfall_mm,temp_min,temp_max,humidity_pct,pressure_hpa,wind_speed_kmh,wind_dir_deg,cloud_pct,leaf_wetness_h
2016-01-01,0.0,-0.1,6.6,81.0,1026.6,2.9,314.0,41.0,2.0
2016-01-02,8.3,-0.5,2.8,90.0,1020.0,6.0,16.0,95.0,22.0
2016-01-03,6.0,0.9,5.6,86.0,1010.0,4.3,24.0,90.0,13.0
2016-01-04,4.1,-0.8,4.2,89.0,1000.9,6.6,6.0,77.0,15.0
2016-01-05,1.6,-1.8,5.0,91.0,1000.8,4.3,2.0,72.0,18.0
2016-01-06,1.0,-1.4,7.8,91.0,1000.6,4.9,289.0,67.0,18.0
2016-01-07,0.4,-3.0,6.9,84.0,1003.0,3.9,329.0,57.0,8.0
2016-01-08,0.0,-1.9,8.0,85.0,1008.4,4.3,359.0,75.0,9.0
2016-01-09,7.9,3.3,7.2,92.0,1007.8,3.1,3.0,99.0,21.0
2016-01-10,1.9,1.8,8.9,94.0,1004.0,4.2,322.0,83.0,19.0
2016-01-11,10.3,5.4,10.5,94.0,997.6,6.3,289.0,78.0,23.0
2016-01-12,0.0,2.8,10.9,81.0,999.8,8.3,261.0,40.0,6.0
2016-01-13,0.0,-1.5,11.2,80.0,1010.8,8.1,284.0,44.0,12.0
2016-01-14,1.1,-1.4,6.7,83.0,1014.8,5.5,20.0,70.0,9.0
2016-01-15,0.0,-3.5,7.8,85.0,1008.7,5.8,327.0,18.0,12.0
2016-01-16,0.0,-3.6,8.6,64.0,1013.1,5.3,343.0,19.0,0.0
2016-01-17,0.0,-3.9,7.5,50.0,1015.6,6.8,313.0,24.0,0.0
2016-01-18,0.0,-3.9,5.5,43.0,1019.6,5.7,326.0,26.0,0.0
2016-01-19,0.0,-1.9,4.3,60.0,1017.7,3.4,26.0,26.0,0.0
2016-01-20,0.0,-1.7,4.4,70.0,1018.3,3.4,308.0,7.0,0.0
2016-01-21,0.0,-3.1,6.1,70.0,1022.5,4.6,23.0,0.0,0.0
2016-01-22,0.0,-1.4,5.5,74.0,1031.4,5.6,37.0,44.0,0.0
2016-01-23,0.0,-0.4,7.6,83.0,1032.7,3.7,299.0,46.0,7.0
2016-01-24,0.0,-2.4,7.7,80.0,1034.4,3.4,332.0,50.0,5.0
2016-01-25,0.0,-1.0,8.7,80.0,1031.6,2.7,271.0,9.0,0.0
2016-01-26,0.0,0.3,9.3,86.0,1029.4,3.0,282.0,62.0,9.0
2016-01-27,0.0,-0.1,9.9,92.0,1028.9,3.4,349.0,27.0,18.0
2016-01-28,0.0,1.9,12.4,93.0,1028.2,3.9,313.0,67.0,18.0
2016-01-29,0.0,2.2,11.9,92.0,1030.0,3.6,41.0,49.0,17.0
2016-01-30,0.0,4.6,9.7,95.0,1027.3,3.7,266.0,94.0,21.0
2016-01-31,0.0,4.1,12.9,89.0,1015.6,4.9,254.0,69.0,15.0
2016-02-01,0.0,0.9,10.6,93.0,1021.3,3.6,46.0,87.0,17.0
2016-02-02,0.0,3.5,10.1,94.0,1025.4,3.4,251.0,96.0,17.0
2016-02-03,5.0,3.7,9.1,95.0,1016.5,3.7,357.0,99.0,23.0
2016-02-04,0.3,-0.4,11.5,72.0,1021.5,6.6,268.0,21.0,9.0
2016-02-05,0.0,-1.5,10.7,76.0,1025.1,6.0,37.0,1.0,3.0
2016-02-06,0.0,-0.5,10.7,83.0,1028.4,6.0,327.0,48.0,11.0
2016-02-07,23.2,2.0,7.9,95.0,1018.2,6.9,37.0,94.0,24.0
2016-02-08,13.4,6.6,10.1,93.0,1014.6,6.6,297.0,96.0,17.0
2016-02-09,10.3,2.2,10.1,92.0,1010.6,4.0,6.0,83.0,18.0
2016-02-10,6.8,1.1,11.8,70.0,995.0,9.9,269.0,76.0,9.0
2016-02-11,0.0,-3.1,10.6,68.0,1006.5,5.5,2.0,25.0,0.0
2016-02-12,6.9,0.4,9.0,82.0,1005.0,8.3,45.0,90.0,8.0
2016-02-13,1.3,0.9,9.3,84.0,996.5,6.6,304.0,72.0,11.0
2016-02-14,9.5,1.4,7.9,90.0,994.8,6.6,10.0,93.0,16.0
2016-02-15,5.8,0.6,12.4,86.0,1003.3,8.1,41.0,91.0,15.0
2016-02-16,8.4,6.8,12.2,73.0,1020.9,15.4,46.0,97.0,13.0
2016-02-17,17.9,5.2,8.3,86.0,1019.3,9.0,40.0,99.0,18.0
2016-02-18,0.0,-0.7,13.1,82.0,1014.6,6.4,288.0,41.0,12.0
2016-02-19,3.5,0.5,11.9,82.0,1014.9,6.0,294.0,63.0,17.0
2016-02-20,2.7,-0.2,11.9,76.0,1023.0,7.8,289.0,37.0,9.0
2016-02-21,0.0,0.8,13.2,76.0,1021.1,5.1,244.0,38.0,3.0
2016-02-22,0.0,3.2,13.6,88.0,1019.0,4.5,165.0,84.0,14.0
2016-02-23,0.0,7.2,14.3,89.0,1011.4,5.3,250.0,74.0,14.0
2016-02-24,0.0,3.1,11.2,75.0,1013.4,8.1,60.0,64.0,10.0
2016-02-25,2.9,4.6,8.9,80.0,1011.5,5.1,51.0,86.0,6.0
2016-02-26,0.6,1.6,9.1,80.0,1010.5,8.1,47.0,72.0,11.0
2016-02-27,11.1,3.9,7.0,81.0,1009.9,12.0,45.0,100.0,12.0
2016-02-28,33.5,6.5,10.1,90.0,1008.1,17.4,40.0,100.0,24.0
2016-02-29,36.9,6.8,10.9,88.0,1004.2,16.9,48.0,98.0,24.0
2016-03-01,0.7,1.6,14.4,82.0,1010.8,4.2,337.0,40.0,11.0
2016-03-02,1.7,1.8,13.9,82.0,1009.2,6.0,70.0,89.0,11.0
2016-03-03,31.9,3.4,7.7,80.0,996.4,11.2,6.0,98.0,16.0
2016-03-04,0.0,-2.5,12.8,71.0,1003.8,6.4,271.0,65.0,2.0
2016-03-05,31.2,3.2,8.3,93.0,1001.0,8.1,55.0,98.0,23.0
2016-03-06,4.7,0.9,11.0,88.0,999.9,3.4,278.0,49.0,18.0
2016-03-07,3.9,0.8,9.6,86.0,1001.8,4.8,15.0,62.0,19.0
2016-03-08,6.9,-0.3,7.3,89.0,1008.0,10.1,34.0,95.0,21.0
2016-03-09,7.0,3.5,9.2,75.0,1010.5,11.6,40.0,77.0,7.0
2016-03-10,0.0,1.8,13.9,69.0,1009.7,6.2,15.0,68.0,0.0
2016-03-11,0.0,4.0,13.4,70.0,1015.5,4.5,6.0,94.0,0.0
2016-03-12,0.0,5.6,14.1,69.0,1018.8,6.6,51.0,63.0,0.0
2016-03-13,0.0,2.5,14.3,64.0,1019.7,10.9,56.0,31.0,0.0
2016-03-14,0.0,3.1,13.2,62.0,1022.7,9.5,57.0,36.0,0.0
2016-03-15,4.0,0.8,12.4,76.0,1018.2,7.6,44.0,70.0,4.0
2016-03-16,1.1,4.1,10.6,63.0,1022.0,16.7,60.0,94.0,2.0
2016-03-17,0.0,5.0,13.3,56.0,1025.4,8.0,50.0,39.0,0.0
2016-03-18,0.0,0.3,15.6,74.0,1017.8,5.4,263.0,0.0,8.0
2016-03-19,0.0,1.5,17.1,71.0,1015.2,4.7,277.0,0.0,3.0
2016-03-20,0.0,3.6,17.0,78.0,1015.5,5.9,239.0,26.0,9.0
2016-03-21,3.5,6.4,15.6,83.0,1013.2,4.6,65.0,43.0,13.0
2016-03-22,0.0,5.8,14.7,78.0,1007.4,8.8,59.0,36.0,10.0
2016-03-23,0.0,5.8,14.6,57.0,1000.0,11.6,62.0,57.0,0.0
2016-03-24,0.0,1.3,15.3,67.0,1007.7,6.9,235.0,18.0,0.0
2016-03-25,0.0,6.3,14.2,69.0,1015.5,4.7,84.0,93.0,0.0
2016-03-26,0.0,4.3,16.3,77.0,1017.4,5.1,69.0,39.0,6.0
2016-03-27,0.0,4.2,16.5,80.0,1015.8,4.6,80.0,71.0,10.0
2016-03-28,0.2,8.9,15.3,83.0,1013.1,5.1,205.0,84.0,9.0
2016-03-29,0.0,5.8,17.7,76.0,1013.4,7.3,247.0,42.0,9.0
2016-03-30,0.0,7.9,17.4,81.0,1017.6,5.7,218.0,64.0,9.0
2016-03-31,0.0,7.3,18.7,85.0,1017.0,5.2,70.0,74.0,12.0
2016-04-01,0.6,10.3,19.7,82.0,1015.6,6.6,69.0,89.0,12.0
2016-04-02,0.0,10.3,20.2,78.0,1019.4,7.0,61.0,94.0,9.0
2016-04-03,0.0,6.3,20.2,77.0,1017.7,6.2,68.0,52.0,9.0
2016-04-04,0.2,8.7,18.3,82.0,1014.9,4.9,90.0,69.0,9.0
2016-04-05,0.0,6.9,20.1,77.0,1011.9,5.0,110.0,30.0,9.0
2016-04-06,0.0,8.3,20.7,81.0,1011.0,4.0,111.0,71.0,10.0
2016-04-07,0.1,9.3,19.7,77.0,1008.1,7.8,65.0,48.0,9.0
2016-04-08,9.3,9.0,18.2,81.0,1002.4,6.6,27.0,99.0,14.0
2016-04-09,10.1,10.0,13.5,84.0,1002.5,7.6,19.0,99.0,10.0
2016-04-10,0.4,6.3,18.8,75.0,1007.4,4.8,232.0,49.0,7.0
2016-04-11,0.0,8.6,20.2,71.0,1011.5,6.3,236.0,14.0,7.0
2016-04-12,0.0,7.8,20.2,68.0,1012.3,5.9,233.0,25.0,2.0
2016-04-13,0.2,8.9,19.7,75.0,1008.6,7.0,89.0,53.0,8.0
2016-04-14,2.0,9.0,20.3,71.0,1008.1,5.5,247.0,37.0,4.0
2016-04-15,0.0,8.3,18.9,71.0,1012.4,7.7,10.0,51.0,6.0
2016-04-16,0.0,8.4,20.7,68.0,1011.8,4.8,139.0,37.0,0.0
2016-04-17,1.3,9.8,21.3,76.0,1011.0,5.9,180.0,70.0,6.0
2016-04-18,1.4,11.1,21.1,73.0,1012.3,5.9,229.0,42.0,5.0
2016-04-19,6.6,9.8,18.7,72.0,1016.8,7.8,6.0,39.0,10.0
2016-04-20,0.0,8.6,18.6,65.0,1023.7,4.9,126.0,11.0,0.0
2016-04-21,0.0,6.5,20.0,66.0,1024.2,5.8,121.0,48.0,2.0
2016-04-22,0.0,10.2,20.3,65.0,1015.7,4.4,112.0,77.0,0.0
2016-04-23,7.1,10.8,17.5,86.0,1006.6,4.7,54.0,91.0,20.0
2016-04-24,5.7,8.0,14.5,82.0,1002.3,9.1,60.0,99.0,18.0
2016-04-25,0.1,6.2,15.0,62.0,1007.4,6.1,262.0,55.0,2.0
2016-04-26,0.1,4.1,15.4,69.0,1007.6,7.1,59.0,44.0,0.0
2016-04-27,0.3,7.6,17.8,66.0,1005.0,9.8,179.0,48.0,2.0
2016-04-28,0.3,7.0,12.4,61.0,1013.9,11.0,56.0,79.0,0.0
2016-04-29,0.0,6.9,16.6,60.0,1017.9,8.2,64.0,23.0,0.0
2016-04-30,0.0,5.3,18.1,65.0,1016.8,7.1,77.0,48.0,0.0
2016-05-01,10.6,10.0,13.5,79.0,1012.2,11.1,46.0,85.0,15.0
2016-05-02,8.0,9.9,18.1,78.0,1012.4,9.4,9.0,84.0,11.0
2016-05-03,1.0,5.9,22.4,65.0,1012.6,5.9,278.0,40.0,7.0
2016-05-04,0.0,8.7,21.5,53.0,1016.2,6.8,334.0,35.0,0.0
2016-05-05,0.4,10.9,19.6,59.0,1021.0,8.3,35.0,43.0,0.0
2016-05-06,0.0,9.4,20.8,63.0,1018.2,6.8,64.0,13.0,0.0
2016-05-07,0.0,7.9,22.1,64.0,1013.9,6.2,80.0,7.0,3.0
2016-05-08,0.2,8.6,21.9,67.0,1014.2,6.9,84.0,40.0,0.0
2016-05-09,0.5,12.3,18.5,78.0,1017.8,4.8,63.0,95.0,7.0
2016-05-10,0.8,12.5,20.6,76.0,1015.3,4.2,108.0,98.0,3.0
2016-05-11,17.8,13.5,15.7,91.0,1008.7,11.4,46.0,100.0,22.0
2016-05-12,37.5,12.4,18.7,85.0,999.8,8.4,311.0,91.0,16.0
2016-05-13,2.9,10.6,17.3,85.0,998.0,6.9,245.0,98.0,12.0
2016-05-14,18.4,9.9,20.3,87.0,1002.7,4.4,43.0,90.0,19.0
2016-05-15,16.7,10.3,18.2,81.0,1010.9,6.8,80.0,65.0,15.0
2016-05-16,9.8,9.7,16.6,72.0,1017.6,6.4,77.0,69.0,7.0
2016-05-17,0.7,6.9,18.8,73.0,1016.7,6.0,171.0,23.0,8.0
2016-05-18,0.0,8.4,20.9,68.0,1015.0,5.4,108.0,43.0,0.0
2016-05-19,16.2,10.7,14.9,89.0,1010.4,9.3,48.0,92.0,19.0
2016-05-20,0.0,7.7,22.6,69.0,1015.2,5.1,292.0,33.0,8.0
2016-05-21,0.0,9.7,24.0,66.0,1018.6,5.0,224.0,27.0,0.0
2016-05-22,0.0,11.1,25.0,69.0,1016.1,6.0,146.0,1.0,3.0
2016-05-23,25.0,12.2,19.2,85.0,1009.6,7.8,65.0,58.0,21.0
2016-05-24,0.4,9.6,21.9,74.0,1008.2,5.4,239.0,52.0,8.0
2016-05-25,0.0,10.3,23.3,71.0,1011.9,6.0,245.0,38.0,6.0
2016-05-26,0.0,11.7,24.2,74.0,1014.6,4.6,83.0,79.0,4.0
2016-05-27,0.0,14.0,25.7,74.0,1015.8,5.2,104.0,36.0,7.0
2016-05-28,0.0,13.8,25.4,75.0,1013.3,6.2,79.0,37.0,8.0
2016-05-29,25.8,15.8,21.0,88.0,1008.7,5.7,77.0,75.0,23.0
2016-05-30,5.6,13.9,21.7,84.0,1008.8,5.7,236.0,66.0,16.0
2016-05-31,3.2,11.9,21.8,81.0,1011.8,5.9,244.0,58.0,10.0
2016-06-01,7.5,14.5,21.3,78.0,1012.9,3.4,207.0,81.0,8.0
2016-06-02,7.6,13.0,21.2,86.0,1011.3,3.9,66.0,89.0,19.0
2016-06-03,2.6,12.8,22.2,85.0,1010.7,3.9,224.0,82.0,15.0
2016-06-04,9.6,13.8,22.8,86.0,1011.8,3.2,6.0,82.0,14.0
2016-06-05,9.9,12.8,23.3,84.0,1014.0,3.8,320.0,67.0,16.0
2016-06-06,2.4,12.9,24.3,77.0,1017.2,3.6,62.0,65.0,10.0
2016-06-07,1.2,13.1,26.4,72.0,1019.3,3.8,8.0,43.0,9.0
2016-06-08,26.2,14.8,25.1,83.0,1016.8,4.8,31.0,94.0,15.0
2016-06-09,15.1,16.5,20.2,88.0,1012.1,5.7,52.0,99.0,24.0
2016-06-10,0.1,13.8,23.5,76.0,1011.3,5.8,83.0,46.0,8.0
2016-06-11,6.9,15.0,23.1,81.0,1010.2,5.2,257.0,72.0,10.0
2016-06-12,2.9,15.1,22.5,81.0,1008.7,4.1,355.0,94.0,13.0
2016-06-13,0.0,13.9,24.3,77.0,1004.2,4.9,273.0,86.0,6.0
2016-06-14,18.9,14.4,20.5,88.0,1001.6,5.2,66.0,90.0,20.0
2016-06-15,5.1,15.5,24.0,80.0,1002.0,7.9,233.0,45.0,11.0
2016-06-16,6.9,15.5,24.8,80.0,1004.6,8.7,62.0,76.0,10.0
2016-06-17,5.1,16.0,24.1,70.0,1008.7,11.3,242.0,33.0,8.0
2016-06-18,0.2,13.9,23.9,66.0,1016.3,4.7,262.0,35.0,0.0
2016-06-19,1.5,14.5,23.0,71.0,1015.8,5.6,339.0,90.0,2.0
2016-06-20,0.0,14.7,24.8,66.0,1016.8,5.6,34.0,50.0,0.0
2016-06-21,0.0,16.3,25.9,73.0,1021.2,3.9,143.0,63.0,2.0
2016-06-22,0.0,15.0,28.8,71.0,1021.8,4.1,30.0,21.0,6.0
2016-06-23,0.0,17.6,30.5,73.0,1020.4,5.4,31.0,2.0,4.0
2016-06-24,0.0,19.5,31.7,70.0,1016.0,4.3,26.0,12.0,3.0
2016-06-25,2.1,20.6,31.2,71.0,1010.6,5.0,59.0,57.0,4.0
2016-06-26,5.7,18.8,27.2,77.0,1011.5,7.3,31.0,37.0,10.0
2016-06-27,12.2,18.7,25.8,77.0,1013.1,6.6,39.0,47.0,11.0
2016-06-28,0.0,18.0,26.8,66.0,1016.8,5.8,163.0,23.0,0.0
2016-06-29,0.0,17.0,27.6,70.0,1015.4,5.5,109.0,24.0,0.0
2016-06-30,0.2,17.8,28.7,72.0,1014.2,5.1,99.0,59.0,5.0
2016-07-01,2.7,17.4,28.1,77.0,1016.2,4.5,79.0,32.0,7.0
2016-07-02,3.5,19.4,28.0,76.0,1014.1,5.2,198.0,48.0,8.0
2016-07-03,7.0,18.7,24.2,80.0,1014.4,8.9,57.0,52.0,10.0
2016-07-04,0.0,20.2,25.3,59.0,1019.0,9.7,48.0,56.0,0.0
2016-07-05,0.4,15.7,28.4,66.0,1015.4,4.8,234.0,37.0,1.0
2016-07-06,0.9,17.2,28.9,74.0,1013.7,4.6,86.0,29.0,9.0
2016-07-07,2.1,19.5,26.9,73.0,1017.1,8.8,64.0,24.0,3.0
2016-07-08,0.8,19.5,28.3,74.0,1017.5,5.0,79.0,63.0,1.0
2016-07-09,5.5,19.5,29.8,77.0,1016.3,3.9,79.0,24.0,11.0
2016-07-10,5.9,21.0,30.2,77.0,1015.6,4.7,37.0,46.0,10.0
2016-07-11,0.0,20.4,31.7,73.0,1013.4,4.7,97.0,68.0,7.0
2016-07-12,0.8,21.7,31.0,74.0,1010.7,4.4,40.0,28.0,5.0
2016-07-13,2.4,21.4,28.9,70.0,1007.2,4.5,183.0,29.0,3.0
2016-07-14,3.1,15.6,25.8,58.0,1009.3,6.5,309.0,36.0,5.0
2016-07-15,0.0,15.8,24.3,54.0,1016.1,7.4,29.0,75.0,0.0
2016-07-16,0.0,12.3,26.2,55.0,1017.6,6.5,40.0,25.0,0.0
2016-07-17,0.0,13.2,29.7,59.0,1018.2,6.1,263.0,8.0,0.0
2016-07-18,0.0,16.8,30.6,67.0,1018.5,4.3,74.0,9.0,0.0
2016-07-19,0.0,18.1,30.8,65.0,1018.5,5.1,71.0,12.0,4.0
2016-07-20,0.0,19.7,31.7,64.0,1016.6,5.6,76.0,11.0,0.0
2016-07-21,0.9,20.0,32.5,64.0,1014.5,6.1,94.0,41.0,2.0
2016-07-22,4.0,20.6,30.4,70.0,1013.9,6.3,59.0,42.0,3.0
2016-07-23,1.2,19.8,29.0,69.0,1015.4,6.7,358.0,68.0,8.0
2016-07-24,2.0,17.9,29.7,66.0,1015.7,4.3,288.0,94.0,3.0
2016-07-25,0.2,19.5,31.7,63.0,1014.1,5.4,33.0,72.0,0.0
2016-07-26,1.4,20.0,31.1,59.0,1014.8,4.8,37.0,63.0,2.0
2016-07-27,2.9,21.0,30.6,66.0,1014.3,4.8,40.0,72.0,4.0
2016-07-28,11.8,19.7,27.1,77.0,1014.5,4.2,24.0,47.0,8.0
2016-07-29,0.0,19.1,30.2,65.0,1014.2,4.2,51.0,22.0,0.0
2016-07-30,1.4,20.7,30.8,67.0,1013.9,5.4,114.0,30.0,2.0
2016-07-31,1.7,20.8,29.9,71.0,1012.6,6.0,341.0,51.0,4.0
2016-08-01,6.5,19.6,26.7,73.0,1013.6,8.6,37.0,60.0,4.0
2016-08-02,0.0,18.8,27.7,61.0,1017.0,7.0,68.0,78.0,0.0
2016-08-03,0.0,19.0,29.9,62.0,1015.6,4.5,101.0,22.0,0.0
2016-08-04,0.1,20.0,30.8,65.0,1013.2,5.4,90.0,23.0,0.0
2016-08-05,32.1,17.7,24.5,82.0,1010.6,6.5,4.0,85.0,13.0
2016-08-06,0.7,16.4,27.8,59.0,1017.9,6.4,7.0,59.0,1.0
2016-08-07,0.0,17.5,28.0,58.0,1022.9,6.7,44.0,18.0,0.0
2016-08-08,0.0,17.7,28.4,58.0,1020.4,5.6,39.0,4.0,0.0
2016-08-09,1.4,17.3,29.7,65.0,1014.4,4.5,71.0,65.0,1.0
2016-08-10,19.2,16.9,21.2,76.0,1012.5,11.1,31.0,73.0,12.0
2016-08-11,0.0,15.5,22.7,62.0,1019.0,8.2,58.0,30.0,0.0
2016-08-12,0.0,15.6,24.3,63.0,1024.0,5.1,69.0,50.0,0.0
2016-08-13,0.0,14.5,27.1,69.0,1024.4,3.9,75.0,4.0,3.0
2016-08-14,0.0,15.6,29.9,69.0,1021.6,4.1,82.0,16.0,4.0
2016-08-15,0.1,17.0,30.7,69.0,1018.5,4.9,63.0,40.0,4.0
2016-08-16,1.6,17.3,29.4,71.0,1014.7,4.7,334.0,63.0,9.0
2016-08-17,7.2,18.2,29.0,74.0,1010.0,5.3,333.0,49.0,6.0
2016-08-18,8.9,17.7,26.0,79.0,1010.4,4.9,64.0,81.0,11.0
2016-08-19,4.0,17.8,26.9,78.0,1011.7,5.5,77.0,68.0,9.0
2016-08-20,5.6,19.6,27.0,81.0,1014.7,5.2,81.0,79.0,14.0
2016-08-21,35.1,19.1,24.7,87.0,1014.7,5.0,42.0,81.0,22.0
2016-08-22,0.6,13.4,25.9,63.0,1021.6,6.1,56.0,5.0,3.0
2016-08-23,0.0,14.4,27.3,63.0,1023.7,4.0,34.0,0.0,0.0
2016-08-24,0.0,15.8,28.1,67.0,1022.3,3.9,43.0,0.0,0.0
2016-08-25,0.0,18.2,27.6,67.0,1020.3,7.0,53.0,3.0,0.0
2016-08-26,0.0,18.5,27.6,66.0,1019.9,7.5,51.0,9.0,0.0
2016-08-27,0.0,16.9,29.2,69.0,1019.9,4.3,44.0,0.0,2.0
2016-08-28,0.0,16.2,30.6,70.0,1017.7,4.1,220.0,5.0,4.0
2016-08-29,6.1,17.7,29.9,74.0,1015.6,4.8,36.0,36.0,9.0
2016-08-30,2.1,20.0,27.0,71.0,1018.8,10.1,33.0,83.0,3.0
2016-08-31,0.0,18.5,27.9,61.0,1019.9,8.3,46.0,8.0,0.0
2016-09-01,0.0,16.6,29.1,64.0,1019.3,3.9,23.0,19.0,0.0
2016-09-02,0.1,17.7,29.6,65.0,1018.7,4.7,58.0,32.0,0.0
2016-09-03,0.5,17.5,29.7,67.0,1017.8,4.5,63.0,70.0,1.0
2016-09-04,0.5,19.1,29.7,70.0,1015.7,4.6,36.0,83.0,1.0
2016-09-05,1.9,19.2,26.3,76.0,1013.1,6.1,47.0,64.0,7.0
2016-09-06,1.0,14.8,26.9,73.0,1017.4,6.2,43.0,32.0,8.0
2016-09-07,0.0,14.4,27.8,65.0,1019.0,11.4,41.0,7.0,7.0
2016-09-08,0.0,16.6,27.6,62.0,1015.0,8.3,38.0,13.0,0.0
2016-09-09,0.0,16.8,29.9,61.0,1014.4,8.0,39.0,8.0,0.0
2016-09-10,0.0,17.2,29.3,59.0,1015.0,8.2,34.0,17.0,0.0
2016-09-11,0.6,17.2,29.1,62.0,1015.9,7.4,33.0,32.0,2.0
2016-09-12,0.1,17.3,29.8,62.0,1018.1,7.6,37.0,29.0,0.0
2016-09-13,0.0,15.8,30.3,62.0,1015.9,5.2,32.0,6.0,2.0
2016-09-14,0.0,16.7,29.4,64.0,1013.8,4.2,55.0,14.0,0.0
2016-09-15,8.0,18.4,24.3,85.0,1015.3,7.2,53.0,71.0,11.0
2016-09-16,33.4,16.3,22.1,90.0,1014.9,5.8,57.0,79.0,23.0
2016-09-17,5.4,16.0,24.2,78.0,1010.1,5.6,263.0,69.0,10.0
2016-09-18,16.6,14.7,20.4,85.0,1010.6,3.8,43.0,64.0,17.0
2016-09-19,0.2,13.0,24.5,78.0,1009.2,5.3,291.0,50.0,10.0
2016-09-20,8.4,13.0,23.3,79.0,1011.6,5.9,25.0,55.0,9.0
2016-09-21,8.9,15.0,19.3,79.0,1015.3,9.8,51.0,65.0,8.0
2016-09-22,0.0,14.6,20.8,66.0,1020.6,5.2,55.0,46.0,0.0
2016-09-23,0.0,11.5,21.9,71.0,1024.1,4.3,59.0,33.0,0.0
2016-09-24,0.0,12.4,22.9,71.0,1025.2,4.1,42.0,18.0,4.0
2016-09-25,0.0,10.5,23.3,73.0,1020.9,3.7,309.0,7.0,4.0
2016-09-26,0.0,11.9,22.7,74.0,1020.0,5.1,46.0,21.0,6.0
2016-09-27,0.0,11.1,22.9,73.0,1023.4,3.8,53.0,12.0,5.0
2016-09-28,0.0,13.4,23.3,75.0,1028.2,4.1,243.0,42.0,5.0
2016-09-29,0.0,12.0,23.9,76.0,1025.8,4.5,219.0,37.0,6.0
2016-09-30,0.0,12.3,23.4,74.0,1019.8,4.2,244.0,24.0,7.0
2016-10-01,0.1,15.1,23.1,70.0,1015.9,4.4,218.0,83.0,0.0
2016-10-02,4.0,15.7,20.0,87.0,1013.8,4.4,38.0,74.0,12.0
2016-10-03,5.0,12.7,20.4,73.0,1018.8,6.4,51.0,25.0,10.0
2016-10-04,0.0,9.1,22.0,69.0,1021.0,5.3,310.0,36.0,7.0
2016-10-05,11.4,10.4,15.4,85.0,1020.1,9.3,61.0,60.0,13.0
2016-10-06,0.6,7.0,16.5,73.0,1016.5,5.0,346.0,54.0,6.0
2016-10-07,0.0,7.4,18.0,71.0,1014.2,5.3,24.0,49.0,0.0
2016-10-08,3.0,10.2,14.7,83.0,1017.1,8.6,48.0,88.0,6.0
2016-10-09,1.1,10.2,15.8,71.0,1019.6,10.4,43.0,56.0,4.0
2016-10-10,0.5,9.5,15.4,59.0,1018.4,11.2,49.0,63.0,0.0
2016-10-11,0.0,5.7,14.3,69.0,1013.7,6.4,25.0,71.0,0.0
2016-10-12,0.0,3.6,16.5,67.0,1014.1,4.6,285.0,27.0,2.0
2016-10-13,2.7,5.4,14.7,81.0,1017.9,7.5,31.0,98.0,5.0
2016-10-14,34.6,10.4,15.2,88.0,1015.4,13.3,32.0,100.0,21.0
2016-10-15,26.4,12.1,20.1,85.0,1014.5,6.7,344.0,73.0,14.0
2016-10-16,0.0,8.1,20.6,87.0,1021.2,4.0,317.0,41.0,12.0
2016-10-17,0.6,12.0,18.8,88.0,1023.7,4.4,8.0,96.0,12.0
2016-10-18,2.0,11.6,18.9,84.0,1020.7,2.4,310.0,55.0,13.0
2016-10-19,6.1,10.6,16.9,88.0,1017.6,6.0,48.0,92.0,16.0
2016-10-20,12.2,9.6,13.5,86.0,1012.6,8.7,52.0,96.0,19.0
2016-10-21,0.6,5.1,15.3,77.0,1012.9,4.5,34.0,35.0,3.0
2016-10-22,0.0,5.7,14.5,79.0,1016.0,4.8,39.0,52.0,8.0
2016-10-23,0.0,8.1,13.9,78.0,1018.3,6.9,23.0,82.0,0.0
2016-10-24,0.0,11.9,16.4,84.0,1022.0,3.7,12.0,97.0,5.0
2016-10-25,5.2,11.7,17.1,94.0,1023.0,2.1,245.0,96.0,21.0
2016-10-26,0.6,10.4,19.0,85.0,1021.8,6.3,29.0,91.0,11.0
2016-10-27,0.0,12.8,17.6,73.0,1027.0,6.6,58.0,37.0,0.0
2016-10-28,0.0,10.5,16.8,79.0,1031.7,2.8,33.0,57.0,1.0
2016-10-29,0.0,5.6,18.5,84.0,1027.3,3.7,295.0,22.0,10.0
2016-10-30,0.0,6.9,17.5,84.0,1024.5,4.9,28.0,14.0,14.0
2016-10-31,0.0,8.2,15.6,83.0,1026.6,6.3,40.0,22.0,8.0
2016-11-01,0.0,6.3,16.3,86.0,1024.5,3.7,262.0,68.0,13.0
2016-11-02,0.0,8.4,16.0,89.0,1016.5,3.5,231.0,87.0,14.0
2016-11-03,0.0,8.2,14.2,81.0,1016.6,8.0,48.0,50.0,10.0
2016-11-04,0.0,6.0,12.9,76.0,1020.7,5.4,37.0,63.0,0.0
2016-11-05,18.9,8.9,11.0,86.0,1011.1,7.6,24.0,100.0,16.0
2016-11-06,10.6,9.7,14.8,94.0,997.4,5.2,316.0,84.0,22.0
2016-11-07,0.2,4.2,11.3,85.0,1003.1,6.0,11.0,44.0,14.0
2016-11-08,0.7,3.6,10.8,80.0,1006.5,7.2,11.0,45.0,4.0
2016-11-09,0.2,-0.5,10.2,79.0,1008.8,4.0,10.0,60.0,11.0
2016-11-10,0.2,1.5,10.9,83.0,1011.6,4.5,326.0,71.0,8.0
2016-11-11,2.2,2.1,8.8,87.0,1011.4,6.1,343.0,79.0,19.0
2016-11-12,0.0,1.9,12.7,78.0,1014.4,6.8,288.0,55.0,7.0
2016-11-13,0.0,0.0,10.0,74.0,1021.7,6.9,18.0,81.0,2.0
2016-11-14,0.0,2.6,8.7,66.0,1028.7,10.1,50.0,58.0,0.0
2016-11-15,0.0,1.3,8.0,71.0,1031.3,4.3,32.0,23.0,0.0
2016-11-16,0.0,1.1,9.7,83.0,1026.3,3.6,342.0,63.0,6.0
2016-11-17,0.0,1.0,10.2,85.0,1021.7,3.7,352.0,84.0,14.0
2016-11-18,0.3,6.6,10.9,88.0,1018.1,3.3,351.0,93.0,10.0
2016-11-19,13.8,7.8,11.7,94.0,1012.7,4.5,16.0,94.0,23.0
2016-11-20,0.0,4.8,13.5,90.0,1016.9,4.6,358.0,80.0,16.0
2016-11-21,0.8,7.0,13.3,91.0,1017.9,5.7,23.0,97.0,15.0
2016-11-22,1.1,10.0,15.1,94.0,1019.3,7.8,32.0,92.0,22.0
2016-11-23,0.3,11.4,15.6,91.0,1022.0,8.5,41.0,97.0,17.0
2016-11-24,0.3,10.9,15.4,92.0,1020.2,8.4,39.0,100.0,19.0
2016-11-25,12.7,11.8,13.9,92.0,1016.2,8.9,41.0,100.0,23.0
2016-11-26,8.1,8.2,13.7,93.0,1015.6,4.6,326.0,89.0,18.0
2016-11-27,0.1,7.7,12.7,91.0,1013.1,2.8,266.0,78.0,17.0
2016-11-28,1.0,6.4,10.2,78.0,1015.6,9.9,70.0,75.0,10.0
2016-11-29,0.0,0.2,6.3,50.0,1029.9,5.7,54.0,18.0,0.0
2016-11-30,0.0,-2.2,7.6,76.0,1031.8,5.2,267.0,7.0,0.0
2016-12-01,0.0,-0.5,8.9,82.0,1022.7,3.6,260.0,83.0,1.0
2016-12-02,0.0,-1.1,7.7,85.0,1014.7,4.1,17.0,45.0,6.0
2016-12-03,0.0,1.1,7.8,79.0,1021.4,8.6,30.0,90.0,4.0
2016-12-04,0.0,3.0,10.0,72.0,1026.3,5.4,22.0,58.0,0.0
2016-12-05,0.0,1.4,10.6,82.0,1028.7,4.2,349.0,43.0,10.0
2016-12-06,0.0,-1.3,10.7,87.0,1029.0,3.4,319.0,18.0,13.0
2016-12-07,0.0,-1.7,8.3,82.0,1034.4,4.0,358.0,17.0,7.0
2016-12-08,0.0,-2.5,7.8,84.0,1036.4,3.5,293.0,8.0,6.0
2016-12-09,0.0,-2.2,6.6,84.0,1032.7,2.7,286.0,39.0,9.0
2016-12-10,0.0,-2.1,6.9,85.0,1028.3,2.6,285.0,22.0,6.0
2016-12-11,0.0,-0.9,6.3,85.0,1021.7,2.8,353.0,52.0,7.0
2016-12-12,0.0,-1.1,10.9,86.0,1019.9,4.0,292.0,21.0,14.0
2016-12-13,0.0,-0.9,8.8,84.0,1027.8,4.6,357.0,27.0,4.0
2016-12-14,0.0,-0.4,8.5,86.0,1027.2,4.3,295.0,54.0,12.0
2016-12-15,0.0,-1.6,8.8,83.0,1028.2,3.5,336.0,15.0,10.0
2016-12-16,0.0,-0.7,7.3,86.0,1032.6,6.1,19.0,22.0,10.0
2016-12-17,0.0,-3.6,7.1,86.0,1037.7,4.4,314.0,27.0,12.0
2016-12-18,0.0,-3.1,5.4,72.0,1033.9,2.8,320.0,49.0,0.0
2016-12-19,0.0,-2.4,6.3,63.0,1030.3,8.9,26.0,98.0,0.0
2016-12-20,0.0,5.6,9.0,65.0,1027.8,10.5,29.0,99.0,0.0
2016-12-21,0.0,3.4,11.8,75.0,1028.2,4.3,11.0,46.0,0.0
2016-12-22,0.0,-1.3,10.3,80.0,1030.2,3.9,332.0,12.0,0.0
2016-12-23,0.0,-1.5,11.4,78.0,1031.3,3.7,327.0,10.0,8.0
2016-12-24,0.0,-1.6,9.7,72.0,1028.7,4.0,304.0,61.0,0.0
2016-12-25,0.0,-1.5,11.7,81.0,1025.3,4.2,302.0,94.0,3.0
2016-12-26,0.0,-0.9,11.3,84.0,1026.7,2.8,321.0,43.0,10.0
2016-12-27,0.0,-1.2,12.8,82.0,1029.2,5.1,334.0,4.0,10.0
2016-12-28,0.0,-1.0,12.3,72.0,1032.5,6.9,311.0,15.0,0.0
2016-12-29,0.3,1.5,6.6,79.0,1037.4,4.5,42.0,59.0,0.0
2016-12-30,0.0,-3.0,7.0,85.0,1038.1,3.6,318.0,11.0,9.0
2016-12-31,0.0,-3.0,7.4,80.0,1032.8,3.1,314.0,15.0,0.0
2017-01-01,0.0,-3.0,7.9,76.0,1024.9,5.3,217.0,4.0,6.0
2017-01-02,0.0,-1.7,5.6,67.0,1020.2,3.9,314.0,39.0,3.0
2017-01-03,0.0,-2.5,7.2,78.0,1020.9,7.8,359.0,44.0,1.0
2017-01-04,0.0,-3.5,4.5,84.0,1013.9,6.4,280.0,28.0,9.0
2017-01-05,0.0,-3.4,7.6,54.0,1015.1,9.5,328.0,12.0,5.0
2017-01-06,0.0,-6.2,2.2,42.0,1028.7,7.9,66.0,0.0,0.0
2017-01-07,0.0,-8.3,1.6,43.0,1030.9,5.2,344.0,10.0,0.0
2017-01-08,0.0,-6.2,1.2,62.0,1026.2,6.4,344.0,12.0,0.0
2017-01-09,0.0,-7.6,2.4,79.0,1023.5,4.9,225.0,1.0,5.0
2017-01-10,1.2,-6.0,0.3,69.0,1017.4,10.0,40.0,87.0,4.0
2017-01-11,0.0,-6.9,0.2,55.0,1020.2,9.3,174.0,29.0,0.0
2017-01-12,0.3,-6.0,1.1,73.0,1018.8,6.6,341.0,53.0,0.0
2017-01-13,8.6,-1.5,4.1,88.0,1002.3,7.0,248.0,100.0,17.0
2017-01-14,0.0,-3.1,5.8,78.0,1008.0,8.2,202.0,67.0,6.0
2017-01-15,0.1,-3.0,6.8,69.0,1016.4,7.8,38.0,88.0,0.0
2017-01-16,0.0,-5.3,5.4,51.0,1016.6,9.9,45.0,69.0,0.0
2017-01-17,0.0,-2.4,6.7,45.0,1018.7,10.5,77.0,88.0,0.0
2017-01-18,0.0,-3.2,7.8,52.0,1024.8,9.6,74.0,31.0,0.0
2017-01-19,0.0,-1.4,7.6,62.0,1030.0,8.2,49.0,25.0,0.0
2017-01-20,0.0,-2.6,5.1,68.0,1033.3,7.4,46.0,1.0,0.0
2017-01-21,0.0,-3.6,6.8,59.0,1031.3,5.6,41.0,0.0,0.0
2017-01-22,0.0,-5.3,8.9,59.0,1029.0,7.9,63.0,16.0,0.0
2017-01-23,0.0,-2.4,8.6,66.0,1023.6,4.2,67.0,63.0,0.0
2017-01-24,0.0,-2.1,9.9,74.0,1019.0,6.6,25.0,2.0,0.0
2017-01-25,0.0,-3.5,6.2,67.0,1024.3,8.3,48.0,1.0,0.0
2017-01-26,0.0,-3.8,4.5,68.0,1029.1,9.2,46.0,9.0,0.0
2017-01-27,0.0,-4.1,5.8,59.0,1029.9,6.0,30.0,15.0,0.0
2017-01-28,0.0,-3.9,6.0,71.0,1026.8,5.8,290.0,71.0,2.0
2017-01-29,0.0,-3.7,6.2,83.0,1025.9,4.5,305.0,12.0,8.0
2017-01-30,0.0,-2.6,5.7,81.0,1023.9,3.7,155.0,41.0,6.0
2017-01-31,6.1,-0.5,3.1,91.0,1021.5,3.5,348.0,99.0,15.0
2017-02-01,3.4,1.8,5.1,96.0,1020.7,3.6,312.0,99.0,24.0
2017-02-02,1.3,2.4,6.7,99.0,1021.3,3.2,26.0,98.0,24.0
2017-02-03,11.1,4.5,8.5,99.0,1014.6,4.2,25.0,100.0,24.0
2017-02-04,11.6,3.4,7.9,96.0,1008.9,6.9,223.0,91.0,24.0
2017-02-05,19.9,1.5,6.7,94.0,1006.8,12.8,29.0,88.0,23.0
2017-02-06,36.3,5.9,10.5,88.0,1002.7,7.1,336.0,98.0,18.0
2017-02-07,0.7,4.0,11.3,83.0,1014.5,6.0,97.0,87.0,6.0
2017-02-08,0.0,4.0,8.9,75.0,1018.4,9.4,66.0,94.0,0.0
2017-02-09,0.0,-0.1,8.1,63.0,1022.7,13.7,57.0,72.0,0.0
2017-02-10,1.5,1.9,7.2,70.0,1022.7,8.9,50.0,97.0,1.0
2017-02-11,1.3,4.1,8.8,87.0,1024.0,5.3,71.0,88.0,12.0
2017-02-12,0.0,3.6,11.0,85.0,1027.6,3.6,154.0,86.0,12.0
2017-02-13,0.0,1.1,8.0,84.0,1030.5,7.9,30.0,79.0,11.0
2017-02-14,0.0,1.8,11.1,72.0,1033.9,6.0,55.0,13.0,2.0
2017-02-15,0.0,-0.2,13.7,84.0,1035.0,5.6,251.0,0.0,12.0
2017-02-16,0.0,1.2,14.1,78.0,1030.7,4.3,260.0,0.0,6.0
2017-02-17,2.0,1.6,10.6,75.0,1024.9,4.2,34.0,45.0,5.0
2017-02-18,0.0,0.1,11.7,83.0,1024.0,6.9,253.0,8.0,11.0
2017-02-19,0.0,1.1,10.4,84.0,1025.1,4.3,336.0,56.0,9.0
2017-02-20,0.0,1.7,11.9,84.0,1023.3,5.9,257.0,32.0,12.0
2017-02-21,0.0,-0.4,7.6,92.0,1019.7,5.6,331.0,74.0,17.0
2017-02-22,0.0,3.1,7.7,93.0,1019.0,4.5,338.0,100.0,17.0
2017-02-23,0.5,5.3,7.7,93.0,1015.7,4.8,356.0,100.0,19.0
2017-02-24,5.5,4.1,9.2,95.0,1008.9,6.3,35.0,100.0,20.0
2017-02-25,0.0,0.8,11.7,73.0,1020.4,8.5,47.0,19.0,6.0
2017-02-26,0.0,-0.4,12.1,69.0,1020.9,5.9,237.0,55.0,2.0
2017-02-27,0.0,2.8,12.1,66.0,1016.7,3.8,213.0,47.0,0.0
2017-02-28,3.9,4.5,8.5,88.0,1007.0,5.5,37.0,97.0,11.0
2017-03-01,0.1,3.5,13.8,84.0,1007.0,7.5,227.0,35.0,13.0
2017-03-02,0.0,2.8,14.0,81.0,1015.1,6.1,42.0,46.0,10.0
2017-03-03,0.0,4.3,13.9,83.0,1018.5,6.8,47.0,77.0,10.0
2017-03-04,9.5,5.9,10.2,97.0,1009.5,10.2,57.0,96.0,23.0
2017-03-05,1.2,2.8,12.3,83.0,1008.5,4.3,234.0,85.0,11.0
2017-03-06,1.2,3.2,12.5,84.0,1005.1,5.7,29.0,73.0,11.0
2017-03-07,0.1,4.0,16.0,66.0,1005.9,7.0,340.0,73.0,10.0
2017-03-08,0.0,1.8,15.4,54.0,1019.4,7.0,275.0,45.0,0.0
2017-03-09,0.0,2.3,16.8,65.0,1018.7,5.5,318.0,34.0,0.0
2017-03-10,0.0,3.4,19.2,59.0,1016.4,7.2,350.0,0.0,2.0
2017-03-11,0.0,1.4,14.5,53.0,1020.8,6.5,223.0,15.0,0.0
2017-03-12,0.0,2.0,13.7,69.0,1016.9,6.1,72.0,56.0,2.0
2017-03-13,0.0,2.1,13.4,73.0,1022.6,5.7,74.0,17.0,3.0
2017-03-14,0.0,2.7,17.2,74.0,1027.3,4.3,313.0,53.0,2.0
2017-03-15,0.0,4.6,16.9,73.0,1027.5,5.4,350.0,47.0,2.0
2017-03-16,0.0,4.0,17.6,74.0,1024.2,4.4,275.0,23.0,5.0
2017-03-17,0.0,4.3,18.0,80.0,1017.7,4.7,334.0,2.0,11.0
2017-03-18,0.0,5.5,18.4,80.0,1010.2,6.1,349.0,88.0,9.0
2017-03-19,0.0,4.9,17.6,86.0,1011.2,5.5,352.0,93.0,14.0
2017-03-20,0.0,6.9,15.8,86.0,1013.2,5.9,11.0,77.0,13.0
2017-03-21,0.0,8.7,15.8,86.0,1012.0,4.4,124.0,76.0,14.0
2017-03-22,2.7,9.4,14.8,89.0,1012.2,6.2,78.0,93.0,14.0
2017-03-23,3.7,8.8,17.4,87.0,1016.9,5.1,46.0,90.0,16.0
2017-03-24,0.4,8.1,19.8,87.0,1022.4,4.1,84.0,96.0,15.0
2017-03-25,0.0,8.2,19.7,75.0,1021.2,7.1,68.0,40.0,9.0
2017-03-26,8.9,8.0,15.8,82.0,1018.3,10.8,343.0,76.0,8.0
2017-03-27,0.0,4.7,15.5,57.0,1025.1,6.5,57.0,17.0,0.0
2017-03-28,0.0,2.9,19.0,59.0,1024.0,5.2,256.0,1.0,0.0
2017-03-29,0.0,5.1,22.2,62.0,1023.2,6.2,252.0,22.0,0.0
2017-03-30,0.0,8.3,23.0,65.0,1024.6,5.6,307.0,15.0,0.0
2017-03-31,0.0,8.6,22.3,70.0,1022.6,6.0,45.0,10.0,3.0
2017-04-01,0.0,8.3,19.3,74.0,1016.1,9.4,62.0,58.0,4.0
2017-04-02,1.8,8.9,18.0,69.0,1015.9,14.2,58.0,74.0,6.0
2017-04-03,0.0,7.9,22.5,59.0,1017.4,7.8,299.0,17.0,0.0
2017-04-04,1.5,10.0,21.1,59.0,1016.1,6.1,325.0,74.0,1.0
2017-04-05,19.5,10.1,16.0,84.0,1017.9,7.6,358.0,74.0,14.0
2017-04-06,2.4,7.1,17.8,80.0,1015.9,6.6,33.0,53.0,9.0
2017-04-07,1.1,8.7,18.3,75.0,1019.7,5.9,55.0,75.0,10.0
2017-04-08,0.0,6.7,21.4,75.0,1021.3,5.0,49.0,2.0,10.0
2017-04-09,0.0,8.3,20.9,77.0,1024.0,6.2,52.0,10.0,9.0
2017-04-10,0.0,8.3,22.1,73.0,1020.5,4.1,46.0,28.0,5.0
2017-04-11,1.4,9.3,21.3,77.0,1017.2,7.0,45.0,46.0,7.0
2017-04-12,3.6,10.9,20.1,70.0,1019.0,6.5,59.0,58.0,4.0
2017-04-13,0.1,9.2,23.1,75.0,1011.4,5.4,10.0,44.0,5.0
2017-04-14,1.0,11.3,20.9,77.0,1012.5,5.9,65.0,51.0,12.0
2017-04-15,9.0,11.9,17.7,85.0,1013.1,8.1,45.0,96.0,15.0
2017-04-16,4.1,8.7,19.3,83.0,1012.5,6.7,347.0,56.0,14.0
2017-04-17,0.5,7.7,15.2,72.0,1015.4,8.2,56.0,37.0,3.0
2017-04-18,3.3,5.3,11.7,82.0,1012.9,8.6,38.0,73.0,10.0
2017-04-19,0.2,4.0,14.5,42.0,1017.3,10.0,325.0,78.0,0.0
2017-04-20,0.2,1.6,15.1,37.0,1024.3,7.7,26.0,27.0,0.0
2017-04-21,0.0,0.8,15.2,45.0,1028.3,6.8,214.0,11.0,0.0
2017-04-22,0.0,3.7,17.5,61.0,1021.4,4.7,43.0,14.0,0.0
2017-04-23,0.1,5.5,17.9,69.0,1017.8,8.7,69.0,34.0,1.0
2017-04-24,0.0,9.9,15.6,76.0,1019.6,7.5,51.0,88.0,4.0
2017-04-25,0.2,9.1,19.1,82.0,1013.2,5.5,40.0,71.0,10.0
2017-04-26,24.6,10.1,13.6,94.0,1009.0,7.2,38.0,96.0,24.0
2017-04-27,18.0,11.3,18.4,88.0,1006.6,4.4,5.0,98.0,18.0
2017-04-28,8.6,7.2,14.5,76.0,1005.7,8.7,228.0,52.0,12.0
2017-04-29,0.0,3.7,16.8,57.0,1015.6,7.3,123.0,3.0,1.0
2017-04-30,0.0,4.6,17.8,64.0,1015.8,6.9,56.0,20.0,0.0
2017-05-01,7.6,7.7,17.4,71.0,1012.5,9.5,52.0,81.0,5.0
2017-05-02,0.0,5.5,18.4,75.0,1016.2,6.0,172.0,33.0,7.0
2017-05-03,8.4,8.5,16.7,83.0,1017.9,5.1,27.0,83.0,12.0
2017-05-04,5.9,8.6,17.7,79.0,1015.7,4.5,240.0,65.0,8.0
2017-05-05,0.2,7.3,20.0,75.0,1015.6,4.9,201.0,40.0,9.0
2017-05-06,8.5,8.2,18.1,84.0,1014.7,6.9,64.0,77.0,17.0
2017-05-07,2.7,10.3,18.7,84.0,1009.0,9.3,245.0,97.0,11.0
2017-05-08,3.1,10.4,18.8,87.0,1010.2,4.6,347.0,90.0,13.0
2017-05-09,4.5,10.7,17.9,79.0,1010.6,7.2,146.0,72.0,11.0
2017-05-10,2.2,10.0,16.8,77.0,1012.7,8.6,62.0,91.0,7.0
2017-05-11,3.7,10.3,18.2,84.0,1009.3,10.6,55.0,89.0,10.0
2017-05-12,4.4,12.0,22.1,78.0,1006.1,10.7,232.0,77.0,9.0
2017-05-13,0.1,11.9,22.6,76.0,1011.7,6.2,264.0,63.0,4.0
2017-05-14,0.7,13.1,23.2,81.0,1019.4,4.3,309.0,71.0,12.0
2017-05-15,6.8,14.0,23.5,73.0,1024.2,6.6,39.0,66.0,9.0
2017-05-16,0.0,12.2,24.6,66.0,1026.3,4.6,278.0,13.0,2.0
2017-05-17,0.0,12.8,24.6,67.0,1022.6,6.8,68.0,19.0,4.0
2017-05-18,0.0,16.2,25.1,64.0,1017.0,6.1,82.0,53.0,0.0
2017-05-19,6.9,15.3,23.5,77.0,1013.3,7.3,46.0,70.0,5.0
2017-05-20,9.1,12.8,19.0,86.0,1015.2,5.5,257.0,92.0,17.0
2017-05-21,0.0,11.6,25.0,64.0,1018.8,6.7,219.0,29.0,3.0
2017-05-22,0.0,13.2,25.3,65.0,1017.5,6.6,242.0,30.0,1.0
2017-05-23,0.0,13.8,26.0,69.0,1016.1,4.8,316.0,60.0,2.0
2017-05-24,1.2,16.1,26.6,75.0,1016.0,5.3,34.0,80.0,6.0
2017-05-25,12.8,15.3,23.1,75.0,1017.3,9.3,76.0,50.0,7.0
2017-05-26,0.0,13.2,24.0,66.0,1018.6,4.5,137.0,38.0,0.0
2017-05-27,0.0,15.0,26.6,59.0,1019.6,5.1,242.0,21.0,0.0
2017-05-28,0.0,15.7,28.2,61.0,1020.5,5.1,181.0,13.0,0.0
2017-05-29,0.0,15.9,29.5,62.0,1017.0,5.7,174.0,13.0,0.0
2017-05-30,0.0,16.8,29.5,64.0,1015.1,3.7,44.0,32.0,0.0
2017-05-31,2.0,17.9,27.1,77.0,1018.0,4.7,36.0,62.0,6.0
2017-06-01,0.0,17.5,29.0,74.0,1018.3,5.3,45.0,59.0,9.0
2017-06-02,2.8,17.5,27.6,70.0,1016.7,4.5,357.0,36.0,3.0
2017-06-03,0.0,15.9,27.5,71.0,1014.2,3.6,4.0,30.0,5.0
2017-06-04,5.8,18.0,26.3,75.0,1011.3,5.4,15.0,60.0,13.0
2017-06-05,2.8,16.4,24.6,74.0,1012.1,12.0,51.0,87.0,6.0
2017-06-06,7.6,15.7,23.3,83.0,1008.4,5.4,28.0,69.0,10.0
2017-06-07,0.5,15.6,24.9,74.0,1012.7,10.7,61.0,43.0,6.0
2017-06-08,0.0,11.7,23.6,56.0,1020.5,6.1,49.0,28.0,0.0
2017-06-09,0.0,12.6,26.9,58.0,1016.6,4.7,307.0,29.0,0.0
2017-06-10,0.0,15.8,27.6,59.0,1016.4,5.6,54.0,70.0,0.0
2017-06-11,0.0,16.1,28.5,61.0,1018.4,7.0,70.0,20.0,0.0
2017-06-12,0.0,16.8,30.9,59.0,1015.4,5.1,72.0,14.0,1.0
2017-06-13,0.0,18.4,32.0,62.0,1013.6,6.1,64.0,30.0,0.0
2017-06-14,1.4,20.6,28.3,74.0,1013.8,6.1,58.0,92.0,4.0
2017-06-15,0.4,19.4,28.4,71.0,1015.4,8.4,52.0,87.0,4.0
2017-06-16,0.1,20.5,29.1,73.0,1014.5,4.8,61.0,70.0,4.0
2017-06-17,0.0,19.1,30.7,64.0,1015.2,7.9,61.0,46.0,7.0
2017-06-18,0.2,17.8,28.0,55.0,1020.0,4.7,54.0,21.0,0.0
2017-06-19,0.0,17.8,30.7,47.0,1020.9,6.2,152.0,13.0,0.0
2017-06-20,0.0,18.2,32.2,51.0,1017.3,7.0,222.0,31.0,0.0
2017-06-21,0.1,19.4,33.0,61.0,1014.7,4.7,359.0,41.0,0.0
2017-06-22,0.0,20.8,33.8,60.0,1015.2,5.8,268.0,47.0,1.0
2017-06-23,0.0,21.4,34.3,59.0,1014.1,7.1,262.0,74.0,2.0
2017-06-24,0.0,22.7,32.8,67.0,1013.9,6.0,38.0,61.0,0.0
2017-06-25,31.7,19.3,25.0,87.0,1012.3,6.9,17.0,81.0,17.0
2017-06-26,0.0,18.9,29.6,70.0,1012.9,5.3,51.0,33.0,7.0
2017-06-27,9.7,19.9,27.3,72.0,1010.1,7.1,51.0,68.0,6.0
2017-06-28,75.0,18.8,26.9,81.0,1003.5,7.8,42.0,82.0,14.0
2017-06-29,12.8,17.0,24.6,77.0,1001.4,7.5,248.0,54.0,9.0
2017-06-30,0.5,14.6,24.1,64.0,1008.2,7.1,229.0,50.0,1.0
2017-07-01,0.0,13.5,25.9,70.0,1011.2,4.9,338.0,34.0,6.0
2017-07-02,0.0,15.3,25.9,70.0,1014.1,4.8,347.0,24.0,4.0
2017-07-03,0.0,17.5,28.4,66.0,1017.8,6.7,81.0,31.0,0.0
2017-07-04,0.2,18.6,27.2,72.0,1019.9,6.7,61.0,33.0,3.0
2017-07-05,0.4,18.2,30.9,70.0,1018.2,5.5,41.0,24.0,6.0
2017-07-06,0.0,19.0,32.0,66.0,1017.6,5.5,27.0,16.0,3.0
2017-07-07,0.0,20.2,33.3,68.0,1016.3,4.2,52.0,30.0,4.0
2017-07-08,0.0,21.1,32.5,68.0,1014.8,3.5,9.0,48.0,3.0
2017-07-09,5.6,21.9,32.5,68.0,1013.3,6.2,357.0,59.0,4.0
2017-07-10,8.5,20.9,30.8,69.0,1010.6,7.6,4.0,32.0,1.0
2017-07-11,9.1,20.6,30.7,71.0,1012.0,9.9,240.0,50.0,7.0
2017-07-12,0.1,20.0,29.5,72.0,1012.7,5.5,19.0,26.0,4.0
2017-07-13,1.1,21.0,29.7,68.0,1012.7,10.2,52.0,32.0,5.0
2017-07-14,5.3,17.5,26.0,63.0,1013.2,11.7,53.0,56.0,5.0
2017-07-15,0.2,18.1,27.9,57.0,1014.5,7.5,46.0,51.0,0.0
2017-07-16,0.0,16.5,27.4,46.0,1020.6,7.5,80.0,24.0,0.0
2017-07-17,0.0,15.9,29.5,46.0,1020.7,5.2,360.0,22.0,0.0
2017-07-18,0.0,17.1,32.3,47.0,1018.4,6.6,81.0,16.0,0.0
2017-07-19,0.0,17.6,33.1,47.0,1015.7,4.7,170.0,45.0,0.0
2017-07-20,0.0,20.0,32.7,59.0,1012.2,5.6,20.0,55.0,2.0
2017-07-21,0.4,20.6,30.4,67.0,1012.4,7.2,52.0,72.0,3.0
2017-07-22,1.6,20.5,33.1,59.0,1012.3,6.0,33.0,48.0,3.0
2017-07-23,0.2,22.1,33.4,64.0,1012.8,6.3,43.0,41.0,1.0
2017-07-24,19.4,19.3,27.1,79.0,1006.2,6.5,349.0,81.0,9.0
2017-07-25,4.8,16.4,27.6,62.0,1004.4,5.5,297.0,35.0,9.0
2017-07-26,0.0,14.6,28.5,62.0,1004.8,6.0,359.0,68.0,3.0
2017-07-27,0.0,16.8,30.8,53.0,1008.8,7.1,294.0,53.0,2.0
2017-07-28,0.0,18.3,30.3,58.0,1011.3,7.4,71.0,41.0,0.0
2017-07-29,2.3,19.9,31.7,67.0,1016.0,7.5,57.0,40.0,4.0
2017-07-30,5.7,20.0,31.4,68.0,1015.2,5.0,261.0,70.0,6.0
2017-07-31,0.0,20.1,34.7,63.0,1016.3,5.3,117.0,13.0,5.0
2017-08-01,0.6,21.2,37.0,59.0,1017.0,5.1,82.0,8.0,4.0
2017-08-02,0.0,23.1,37.7,50.0,1015.8,6.6,251.0,30.0,0.0
2017-08-03,0.1,24.5,38.6,53.0,1014.6,6.1,73.0,32.0,0.0
2017-08-04,0.0,24.8,38.1,50.0,1011.1,5.1,30.0,16.0,0.0
2017-08-05,0.0,26.3,37.3,47.0,1010.6,9.4,79.0,17.0,0.0
2017-08-06,14.0,22.2,34.2,61.0,1011.7,8.9,28.0,51.0,5.0
2017-08-07,0.2,19.6,31.6,57.0,1016.0,9.9,67.0,30.0,1.0
2017-08-08,0.0,21.5,31.8,46.0,1013.8,10.1,66.0,25.0,0.0
2017-08-09,13.2,20.8,31.5,71.0,1012.7,8.6,39.0,36.0,3.0
2017-08-10,35.2,19.7,30.7,78.0,1012.4,7.4,31.0,51.0,8.0
2017-08-11,11.4,17.3,25.4,75.0,1010.8,6.5,337.0,56.0,13.0
2017-08-12,0.3,15.0,25.1,65.0,1013.8,5.9,42.0,34.0,2.0
2017-08-13,0.0,14.4,27.9,64.0,1017.6,5.2,28.0,30.0,0.0
2017-08-14,0.2,17.8,27.4,71.0,1019.8,5.4,44.0,33.0,1.0
2017-08-15,0.0,17.3,30.7,70.0,1019.6,5.0,266.0,10.0,7.0
2017-08-16,1.9,18.8,29.5,71.0,1017.6,4.5,335.0,59.0,1.0
2017-08-17,0.0,20.8,31.3,62.0,1017.4,5.4,31.0,29.0,0.0
2017-08-18,0.0,20.5,32.2,60.0,1015.8,4.8,49.0,41.0,0.0
2017-08-19,12.5,19.9,29.3,69.0,1013.0,7.5,29.0,75.0,6.0
2017-08-20,0.2,16.1,26.7,61.0,1016.9,7.7,61.0,24.0,0.0
2017-08-21,0.0,16.7,25.2,53.0,1019.8,7.8,78.0,11.0,0.0
2017-08-22,0.0,15.9,25.3,60.0,1019.4,5.3,32.0,32.0,0.0
2017-08-23,0.0,15.7,27.5,66.0,1017.2,4.6,65.0,28.0,0.0
2017-08-24,0.0,17.4,29.7,70.0,1018.1,5.4,66.0,18.0,2.0
2017-08-25,0.0,18.9,29.2,73.0,1018.9,4.2,44.0,43.0,4.0
2017-08-26,0.0,18.8,32.1,68.0,1017.1,4.3,307.0,27.0,3.0
2017-08-27,0.0,20.8,34.1,63.0,1014.6,4.7,293.0,29.0,0.0
2017-08-28,0.3,22.2,31.1,66.0,1014.5,6.9,59.0,59.0,2.0
2017-08-29,0.0,18.3,28.9,62.0,1016.5,7.3,67.0,4.0,0.0
2017-08-30,0.0,18.3,30.7,61.0,1015.5,5.2,85.0,16.0,0.0
2017-08-31,1.7,19.9,30.6,69.0,1014.1,5.4,63.0,46.0,2.0
2017-09-01,35.1,18.3,23.7,88.0,1012.4,6.6,35.0,71.0,17.0
2017-09-02,14.5,14.5,18.4,90.0,1009.2,10.5,40.0,68.0,19.0
2017-09-03,3.3,12.9,24.2,65.0,1010.9,7.7,246.0,48.0,4.0
2017-09-04,0.7,12.6,22.0,75.0,1016.5,6.1,49.0,37.0,1.0
2017-09-05,0.0,15.2,25.3,76.0,1019.5,5.1,27.0,30.0,5.0
2017-09-06,0.3,16.1,25.0,82.0,1016.6,5.2,40.0,58.0,8.0
2017-09-07,6.2,17.0,23.0,84.0,1013.1,12.4,55.0,65.0,11.0
2017-09-08,0.0,14.7,24.1,68.0,1012.9,9.4,59.0,31.0,1.0
2017-09-09,3.0,15.7,23.7,80.0,1006.2,6.9,45.0,55.0,7.0
2017-09-10,64.0,16.4,18.5,95.0,1003.1,11.3,53.0,98.0,24.0
2017-09-11,6.2,15.8,21.9,87.0,1002.0,7.8,31.0,92.0,12.0
2017-09-12,13.7,12.6,18.1,85.0,1006.6,8.2,60.0,60.0,15.0
2017-09-13,0.0,10.4,22.2,74.0,1017.2,7.2,221.0,25.0,4.0
2017-09-14,7.5,13.1,21.0,87.0,1012.5,4.5,352.0,48.0,13.0
2017-09-15,2.5,13.4,18.6,79.0,1012.2,12.3,47.0,78.0,10.0
2017-09-16,2.9,13.3,19.7,83.0,1009.7,5.6,58.0,91.0,11.0
2017-09-17,0.3,11.8,20.7,72.0,1010.8,11.4,242.0,39.0,4.0
2017-09-18,6.5,11.4,19.8,80.0,1014.4,5.2,50.0,76.0,9.0
2017-09-19,17.2,11.8,14.4,86.0,1011.9,9.6,266.0,100.0,15.0
2017-09-20,0.0,10.0,22.6,64.0,1014.5,8.0,229.0,58.0,1.0
2017-09-21,0.0,8.8,21.6,66.0,1018.3,6.6,268.0,4.0,0.0
2017-09-22,0.0,10.4,22.0,77.0,1020.0,5.2,354.0,20.0,11.0
2017-09-23,0.0,11.6,21.8,81.0,1020.4,4.4,348.0,68.0,10.0
2017-09-24,7.2,13.1,17.5,88.0,1018.8,7.6,42.0,70.0,18.0
2017-09-25,0.0,9.8,20.3,76.0,1019.7,8.8,24.0,20.0,5.0
2017-09-26,0.0,10.9,21.2,72.0,1021.1,7.8,33.0,29.0,2.0
2017-09-27,0.0,12.3,22.4,73.0,1023.0,6.6,26.0,33.0,1.0
2017-09-28,0.0,11.7,22.6,73.0,1025.5,7.0,37.0,62.0,3.0
2017-09-29,0.0,13.3,21.1,67.0,1024.6,6.8,45.0,84.0,0.0
2017-09-30,0.0,13.2,19.8,62.0,1021.4,7.8,47.0,51.0,0.0
2017-10-01,0.3,12.9,16.0,68.0,1021.5,6.4,22.0,93.0,0.0
2017-10-02,0.0,10.9,20.1,69.0,1023.2,4.6,40.0,35.0,1.0
2017-10-03,0.8,12.0,17.7,85.0,1020.1,3.1,347.0,77.0,7.0
2017-10-04,0.0,11.0,20.8,81.0,1023.9,4.6,312.0,61.0,10.0
2017-10-05,0.0,10.4,22.0,79.0,1016.8,8.8,249.0,44.0,9.0
2017-10-06,7.9,9.8,18.6,88.0,1010.8,7.9,21.0,42.0,18.0
2017-10-07,0.0,6.8,21.0,64.0,1018.6,6.5,287.0,6.0,2.0
2017-10-08,0.0,9.7,19.7,78.0,1015.3,4.5,346.0,54.0,4.0
2017-10-09,0.0,9.6,20.4,78.0,1017.0,5.1,18.0,36.0,9.0
2017-10-10,0.7,10.2,20.5,81.0,1019.0,4.7,17.0,35.0,13.0
2017-10-11,0.0,9.9,20.6,80.0,1022.6,4.6,273.0,47.0,10.0
2017-10-12,0.0,10.1,21.2,85.0,1024.1,4.3,334.0,40.0,13.0
2017-10-13,0.0,9.9,22.2,83.0,1026.1,4.3,317.0,21.0,12.0
2017-10-14,0.0,10.7,22.8,81.0,1027.3,3.6,297.0,1.0,12.0
2017-10-15,0.0,10.6,23.7,78.0,1027.8,5.2,262.0,0.0,10.0
2017-10-16,0.0,10.5,23.6,75.0,1026.8,4.7,252.0,0.0,8.0
2017-10-17,0.0,9.8,22.0,73.0,1024.5,3.7,255.0,68.0,0.0
2017-10-18,0.1,10.2,18.8,88.0,1019.9,2.3,113.0,61.0,15.0
2017-10-19,0.0,8.9,18.2,87.0,1018.6,3.5,255.0,59.0,13.0
2017-10-20,0.0,8.7,16.3,91.0,1019.8,5.0,252.0,56.0,16.0
2017-10-21,0.0,9.0,17.9,88.0,1020.2,3.4,316.0,86.0,13.0
2017-10-22,20.0,10.3,16.2,87.0,1013.4,8.4,42.0,100.0,13.0
2017-10-23,0.0,9.1,19.9,57.0,1012.6,11.5,281.0,30.0,0.0
2017-10-24,0.0,8.6,22.0,52.0,1019.2,9.0,304.0,8.0,0.0
2017-10-25,0.0,6.0,18.5,70.0,1025.4,4.7,296.0,54.0,0.0
2017-10-26,0.0,7.5,19.4,74.0,1025.2,5.8,258.0,47.0,8.0
2017-10-27,0.0,8.0,18.1,85.0,1018.2,6.6,344.0,54.0,12.0
2017-10-28,0.0,5.0,17.2,61.0,1018.5,8.1,326.0,72.0,4.0
2017-10-29,0.0,5.6,17.0,80.0,1006.5,8.2,350.0,89.0,7.0
2017-10-30,0.0,7.2,17.8,67.0,1015.3,8.2,41.0,16.0,2.0
2017-10-31,0.1,7.0,14.5,59.0,1024.3,7.4,28.0,60.0,0.0
2017-11-01,0.0,4.3,15.9,77.0,1024.4,5.3,292.0,13.0,5.0
2017-11-02,0.0,4.3,14.6,87.0,1020.3,5.1,281.0,92.0,14.0
2017-11-03,0.0,5.7,16.1,84.0,1017.1,5.2,353.0,14.0,11.0
2017-11-04,0.7,7.3,13.9,88.0,1018.6,4.4,12.0,86.0,13.0
2017-11-05,14.8,8.6,14.2,93.0,1011.1,9.7,85.0,94.0,22.0
2017-11-06,7.8,8.9,14.5,70.0,1008.4,13.3,38.0,96.0,8.0
2017-11-07,8.8,9.2,12.5,75.0,1012.7,16.5,56.0,100.0,8.0
2017-11-08,0.1,6.2,14.7,79.0,1015.3,4.6,359.0,67.0,2.0
2017-11-09,2.8,7.4,13.4,86.0,1020.2,9.2,43.0,75.0,11.0
2017-11-10,0.0,4.9,13.9,82.0,1020.4,6.7,286.0,48.0,10.0
2017-11-11,0.0,3.7,12.5,89.0,1014.9,4.4,300.0,58.0,14.0
2017-11-12,1.4,4.9,10.8,90.0,1007.3,4.9,326.0,79.0,15.0
2017-11-13,22.0,3.6,8.4,89.0,1000.5,8.1,243.0,100.0,23.0
2017-11-14,0.0,3.9,11.8,72.0,1016.2,5.9,33.0,47.0,2.0
2017-11-15,0.0,1.8,11.6,65.0,1021.5,5.6,27.0,19.0,0.0
2017-11-16,0.0,3.7,13.7,65.0,1021.1,6.0,21.0,30.0,1.0
2017-11-17,0.0,2.4,13.6,80.0,1019.4,6.5,5.0,28.0,6.0
2017-11-18,0.0,3.6,12.8,81.0,1018.6,5.2,271.0,27.0,9.0
2017-11-19,0.0,1.6,11.1,86.0,1014.5,5.0,322.0,25.0,11.0
2017-11-20,0.0,0.0,12.7,72.0,1019.5,6.6,276.0,16.0,3.0
2017-11-21,0.0,0.7,10.6,81.0,1019.0,5.5,317.0,51.0,7.0
2017-11-22,0.0,3.3,10.8,86.0,1020.2,5.5,322.0,52.0,9.0
2017-11-23,0.0,3.7,12.7,88.0,1020.3,4.7,257.0,69.0,11.0
2017-11-24,0.0,3.4,12.5,91.0,1021.6,3.4,292.0,94.0,16.0
2017-11-25,6.4,7.4,8.7,90.0,1014.8,3.8,22.0,98.0,16.0
2017-11-26,3.4,2.2,9.4,85.0,1015.8,6.9,11.0,66.0,15.0
2017-11-27,0.0,-1.5,8.6,59.0,1024.3,5.3,284.0,0.0,0.0
2017-11-28,0.2,-1.2,3.8,74.0,1017.6,4.9,345.0,87.0,0.0
2017-11-29,3.5,1.4,5.8,90.0,1006.9,5.1,21.0,99.0,18.0
2017-11-30,1.7,0.4,6.8,95.0,1001.9,6.0,234.0,60.0,22.0
2017-12-01,0.9,-2.6,7.0,74.0,1010.6,8.3,26.0,66.0,5.0
2017-12-02,0.0,-0.3,8.2,56.0,1016.4,13.9,54.0,94.0,0.0
2017-12-03,0.0,-4.0,7.1,68.0,1020.4,5.1,158.0,26.0,0.0
2017-12-04,0.0,-3.8,5.2,85.0,1026.6,5.0,271.0,25.0,6.0
2017-12-05,0.0,-5.1,7.4,84.0,1032.2,3.4,284.0,40.0,12.0
2017-12-06,0.0,-2.7,6.7,82.0,1032.7,5.7,305.0,4.0,7.0
2017-12-07,0.0,-2.5,5.6,86.0,1029.6,4.9,335.0,30.0,7.0
2017-12-08,1.8,0.6,3.5,94.0,1016.0,3.8,330.0,91.0,21.0
2017-12-09,1.7,-2.2,7.6,74.0,1010.9,7.0,268.0,62.0,8.0
2017-12-10,4.0,-4.6,0.1,69.0,1012.0,5.0,28.0,76.0,6.0
2017-12-11,13.5,-1.2,8.7,94.0,1000.6,6.0,28.0,100.0,24.0
2017-12-12,7.3,3.9,11.0,89.0,1006.1,7.4,213.0,95.0,16.0
2017-12-13,0.1,-0.3,7.9,89.0,1015.8,6.2,15.0,57.0,12.0
2017-12-14,0.1,1.5,6.5,92.0,1008.0,4.0,175.0,81.0,16.0
2017-12-15,2.0,2.4,8.6,91.0,999.3,4.5,232.0,95.0,18.0
2017-12-16,11.3,-1.7,8.1,85.0,1005.9,8.6,346.0,62.0,11.0
2017-12-17,0.0,-2.2,8.4,74.0,1018.2,6.1,293.0,16.0,0.0
2017-12-18,0.0,-4.2,5.3,67.0,1024.2,6.8,336.0,32.0,0.0
2017-12-19,0.0,-3.1,5.3,75.0,1031.3,4.8,2.0,42.0,5.0
2017-12-20,0.0,-3.8,6.0,88.0,1032.8,3.3,270.0,27.0,15.0
2017-12-21,0.0,-4.4,5.3,80.0,1034.1,4.0,271.0,19.0,7.0
2017-12-22,0.0,-4.6,8.5,79.0,1030.9,5.4,252.0,49.0,11.0
2017-12-23,0.0,-2.1,8.3,78.0,1030.4,4.6,290.0,31.0,3.0
2017-12-24,0.0,-3.1,7.0,85.0,1028.1,3.9,275.0,16.0,9.0
2017-12-25,0.0,-3.1,6.8,79.0,1026.5,5.1,311.0,14.0,5.0
2017-12-26,1.3,1.0,6.1,94.0,1017.6,3.3,39.0,96.0,19.0
2017-12-27,17.6,3.8,7.4,96.0,998.1,8.1,50.0,100.0,24.0
2017-12-28,4.4,3.1,7.8,93.0,991.4,5.6,355.0,95.0,20.0
2017-12-29,0.0,-0.9,7.8,62.0,1009.3,7.2,279.0,58.0,1.0
2017-12-30,0.9,-2.7,4.3,82.0,1015.8,3.6,268.0,55.0,4.0
2017-12-31,0.0,-2.3,5.8,77.0,1020.3,5.4,319.0,36.0,0.0
2018-01-01,16.4,0.2,5.5,91.0,1012.6,6.9,311.0,95.0,18.0
2018-01-02,0.1,0.3,13.1,78.0,1011.2,9.0,290.0,54.0,13.0
2018-01-03,1.0,-1.6,3.8,88.0,1010.6,4.7,347.0,46.0,9.0
2018-01-04,0.0,-2.0,7.5,87.0,1007.9,5.5,354.0,79.0,13.0
2018-01-05,0.0,-0.3,9.8,79.0,1008.7,5.1,312.0,57.0,1.0
2018-01-06,0.0,5.6,9.9,84.0,1012.7,4.3,43.0,86.0,7.0
2018-01-07,0.2,3.9,10.3,89.0,1019.6,10.3,48.0,95.0,9.0
2018-01-08,6.1,9.6,11.7,90.0,1023.5,15.2,56.0,100.0,13.0
2018-01-09,25.5,6.5,11.6,95.0,1020.0,11.3,51.0,93.0,23.0
2018-01-10,0.0,2.1,10.7,96.0,1015.6,6.1,237.0,68.0,20.0
2018-01-11,0.3,2.6,9.5,93.0,1013.5,5.2,11.0,86.0,19.0
2018-01-12,0.0,0.8,10.7,81.0,1019.7,7.4,358.0,22.0,4.0
2018-01-13,0.0,0.8,9.5,76.0,1022.5,4.7,318.0,74.0,1.0
2018-01-14,0.0,0.0,7.0,81.0,1022.3,7.2,31.0,55.0,5.0
2018-01-15,0.1,1.9,6.0,72.0,1023.2,4.6,27.0,77.0,0.0
2018-01-16,1.4,1.7,5.9,95.0,1010.2,5.1,183.0,86.0,20.0
2018-01-17,0.8,0.9,12.0,70.0,1002.6,9.8,273.0,59.0,12.0
2018-01-18,0.0,-1.0,9.9,57.0,1013.0,10.7,231.0,9.0,0.0
2018-01-19,0.0,-1.9,9.0,71.0,1009.5,4.7,337.0,14.0,0.0
2018-01-20,1.1,-1.1,8.2,82.0,1012.0,6.1,50.0,64.0,7.0
2018-01-21,1.6,-1.1,9.7,90.0,1006.8,6.0,129.0,54.0,16.0
2018-01-22,0.5,-0.2,8.2,63.0,1016.0,6.9,68.0,51.0,2.0
2018-01-23,0.0,-1.2,8.5,84.0,1022.4,7.1,343.0,11.0,7.0
2018-01-24,0.0,-0.4,10.3,76.0,1030.6,3.2,264.0,16.0,2.0
2018-01-25,0.0,-0.2,5.4,92.0,1027.1,3.2,310.0,79.0,14.0
2018-01-26,0.0,3.0,8.3,93.0,1023.3,3.8,29.0,76.0,18.0
2018-01-27,0.0,0.1,11.3,89.0,1029.3,4.4,324.0,74.0,17.0
2018-01-28,0.0,1.6,10.3,94.0,1034.5,5.1,266.0,87.0,18.0
2018-01-29,0.0,4.6,7.8,97.0,1032.3,3.1,232.0,100.0,22.0
2018-01-30,0.6,2.3,6.5,97.0,1028.8,4.7,349.0,95.0,22.0
2018-01-31,0.1,2.4,6.8,97.0,1023.0,3.2,235.0,95.0,24.0
2018-02-01,14.9,3.6,7.4,96.0,1007.8,4.2,25.0,99.0,24.0
2018-02-02,10.3,3.2,6.3,92.0,1004.6,7.8,37.0,99.0,20.0
2018-02-03,4.8,1.7,5.0,88.0,1002.9,11.2,73.0,88.0,15.0
2018-02-04,0.5,-3.3,8.1,85.0,1013.8,5.3,270.0,52.0,13.0
2018-02-05,0.0,-0.2,7.8,73.0,1021.9,8.1,47.0,88.0,5.0
2018-02-06,3.6,0.6,6.8,74.0,1016.0,9.6,53.0,99.0,4.0
2018-02-07,13.5,2.9,7.8,88.0,1007.7,8.5,22.0,96.0,17.0
2018-02-08,5.0,1.5,10.1,92.0,1012.8,5.3,160.0,87.0,20.0
2018-02-09,6.4,2.3,9.4,90.0,1015.8,4.9,41.0,65.0,17.0
2018-02-10,0.0,-1.3,9.7,84.0,1013.2,6.5,1.0,28.0,13.0
2018-02-11,0.0,-1.7,5.9,82.0,1012.4,5.1,349.0,63.0,8.0
2018-02-12,2.8,1.0,5.3,87.0,1010.8,7.2,38.0,98.0,10.0
2018-02-13,0.0,-1.6,7.2,73.0,1013.8,5.8,289.0,61.0,5.0
2018-02-14,0.0,-4.0,7.7,70.0,1015.2,3.7,288.0,34.0,2.0
2018-02-15,0.0,-3.5,6.8,78.0,1023.1,4.2,56.0,52.0,5.0
2018-02-16,0.0,-2.3,8.7,76.0,1024.8,5.0,343.0,17.0,3.0
2018-02-17,0.3,-0.8,8.7,75.0,1022.5,6.0,20.0,87.0,0.0
2018-02-18,3.2,2.5,7.9,84.0,1019.9,9.1,43.0,93.0,11.0
2018-02-19,0.0,-0.1,7.7,68.0,1019.0,9.3,47.0,68.0,0.0
2018-02-20,0.1,-1.7,7.2,69.0,1011.4,6.9,13.0,81.0,0.0
2018-02-21,0.0,0.5,7.8,72.0,1009.6,5.2,20.0,99.0,0.0
2018-02-22,7.1,1.9,4.4,83.0,1008.7,11.0,60.0,100.0,12.0
2018-02-23,11.7,1.4,7.9,75.0,1009.6,16.8,61.0,100.0,14.0
2018-02-24,4.0,2.7,10.1,63.0,1011.7,14.0,66.0,78.0,5.0
2018-02-25,1.3,-3.3,2.3,46.0,1016.2,16.7,68.0,90.0,2.0
2018-02-26,0.0,-6.8,1.3,40.0,1012.8,14.7,62.0,38.0,0.0
2018-02-27,0.1,-5.1,1.0,48.0,1011.1,6.1,349.0,88.0,0.0
2018-02-28,0.0,-6.0,0.1,67.0,1018.1,8.0,69.0,85.0,0.0
2018-03-01,5.8,-3.9,-1.8,74.0,1014.7,8.4,49.0,100.0,8.0
2018-03-02,5.6,-2.4,3.1,91.0,999.5,5.4,224.0,93.0,17.0
2018-03-03,4.5,-2.2,4.9,95.0,999.8,7.3,75.0,92.0,21.0
2018-03-04,0.5,-2.3,10.5,89.0,1003.9,7.9,180.0,93.0,17.0
2018-03-05,5.7,2.2,8.3,92.0,1000.0,5.0,31.0,100.0,17.0
2018-03-06,6.6,4.1,7.4,89.0,993.9,4.8,29.0,99.0,15.0
2018-03-07,3.1,1.8,8.0,94.0,999.5,7.2,29.0,96.0,20.0
2018-03-08,0.1,-1.2,12.8,83.0,1008.5,4.8,206.0,15.0,12.0
2018-03-09,0.0,2.9,13.8,83.0,1015.0,5.3,226.0,79.0,12.0
2018-03-10,0.5,3.9,11.8,91.0,1014.6,3.8,222.0,99.0,13.0
2018-03-11,32.6,7.2,9.6,97.0,1008.0,9.1,49.0,100.0,24.0
2018-03-12,1.4,5.8,14.0,86.0,1001.4,10.1,220.0,61.0,15.0
2018-03-13,1.6,5.7,13.6,89.0,1006.1,4.7,8.0,78.0,16.0
2018-03-14,1.2,6.3,14.9,85.0,1010.5,5.1,51.0,54.0,13.0
2018-03-15,9.5,5.6,11.1,93.0,1007.5,8.2,46.0,84.0,21.0
2018-03-16,7.6,6.7,14.8,81.0,1001.8,11.7,237.0,72.0,10.0
2018-03-17,7.3,7.3,10.2,91.0,997.4,9.2,62.0,99.0,20.0
2018-03-18,10.9,3.4,8.9,86.0,997.3,18.5,55.0,100.0,16.0
2018-03-19,21.1,1.2,5.2,91.0,1001.6,14.4,47.0,99.0,16.0
2018-03-20,0.0,0.6,9.1,66.0,1007.3,11.5,64.0,81.0,0.0
2018-03-21,0.0,0.5,9.7,49.0,1017.3,9.4,58.0,53.0,0.0
2018-03-22,0.0,-2.4,10.2,55.0,1016.1,6.6,57.0,1.0,0.0
2018-03-23,0.0,-1.0,10.7,71.0,1005.2,7.6,216.0,31.0,0.0
2018-03-24,0.0,1.3,11.0,72.0,1004.6,6.2,125.0,62.0,8.0
2018-03-25,0.0,2.5,11.6,69.0,1008.2,7.6,73.0,49.0,1.0
2018-03-26,0.0,-0.5,13.6,71.0,1010.1,5.2,225.0,28.0,3.0
2018-03-27,0.5,4.3,13.3,82.0,1013.3,6.3,49.0,49.0,9.0
2018-03-28,0.0,4.3,15.2,75.0,1010.7,6.8,105.0,64.0,8.0
2018-03-29,3.5,6.5,12.7,88.0,1007.3,6.7,41.0,84.0,14.0
2018-03-30,5.0,6.7,15.7,88.0,1007.4,10.5,54.0,74.0,15.0
2018-03-31,8.1,6.7,12.9,89.0,998.7,7.6,56.0,89.0,17.0
2018-04-01,1.0,5.9,17.2,62.0,1003.7,9.0,255.0,59.0,6.0
2018-04-02,0.0,2.9,16.3,65.0,1014.6,4.8,173.0,28.0,1.0
2018-04-03,1.2,5.2,15.2,82.0,1017.4,4.3,67.0,76.0,11.0
2018-04-04,14.8,8.4,12.5,88.0,1016.2,8.0,50.0,98.0,19.0
2018-04-05,3.0,7.3,16.1,84.0,1013.2,6.8,226.0,48.0,12.0
2018-04-06,0.3,5.8,18.5,84.0,1019.4,6.4,56.0,46.0,12.0
2018-04-07,0.0,8.0,18.1,75.0,1019.3,5.7,70.0,34.0,8.0
2018-04-08,0.2,6.4,17.5,68.0,1016.2,7.0,72.0,24.0,2.0
2018-04-09,3.5,6.9,19.8,78.0,1009.9,9.8,63.0,94.0,8.0
2018-04-10,2.1,8.3,16.6,83.0,1009.5,7.6,222.0,79.0,15.0
2018-04-11,9.1,5.0,16.2,87.0,1009.5,9.2,50.0,71.0,16.0
2018-04-12,19.9,11.1,14.4,90.0,1007.3,14.2,58.0,100.0,16.0
2018-04-13,8.2,8.2,16.8,77.0,1012.9,7.8,226.0,39.0,9.0
2018-04-14,0.0,6.8,19.8,70.0,1019.8,5.6,25.0,52.0,1.0
2018-04-15,2.3,9.0,22.3,71.0,1012.1,8.0,25.0,89.0,5.0
2018-04-16,4.2,10.6,22.8,76.0,1010.5,5.6,354.0,52.0,8.0
2018-04-17,1.9,10.7,21.7,75.0,1020.5,5.9,43.0,23.0,7.0
2018-04-18,0.0,10.3,23.2,65.0,1027.5,6.9,76.0,15.0,0.0
2018-04-19,0.0,10.1,23.9,65.0,1027.6,6.9,348.0,2.0,1.0
2018-04-20,0.0,11.6,26.8,61.0,1023.3,6.2,276.0,0.0,0.0
2018-04-21,0.0,11.7,25.7,63.0,1019.7,5.7,185.0,1.0,0.0
2018-04-22,0.0,11.2,24.4,71.0,1017.7,5.3,80.0,2.0,5.0
2018-04-23,0.0,10.6,24.4,78.0,1016.5,5.1,56.0,19.0,10.0
2018-04-24,0.0,12.1,23.9,75.0,1016.5,4.8,56.0,42.0,8.0
2018-04-25,0.0,12.8,24.2,75.0,1014.6,5.6,201.0,8.0,9.0
2018-04-26,1.3,12.9,23.7,80.0,1012.0,6.6,49.0,35.0,12.0
2018-04-27,1.0,13.8,21.4,66.0,1014.8,13.4,60.0,55.0,3.0
2018-04-28,0.0,10.9,24.0,69.0,1013.0,6.0,64.0,39.0,1.0
2018-04-29,0.2,12.7,24.1,79.0,1011.0,6.5,54.0,59.0,10.0
2018-04-30,0.6,13.4,20.7,65.0,1009.4,13.2,234.0,38.0,6.0
2018-05-01,0.2,8.8,19.0,63.0,1012.1,4.7,203.0,92.0,0.0
2018-05-02,10.8,11.8,22.4,80.0,1009.1,7.3,29.0,99.0,11.0
2018-05-03,4.2,14.0,22.7,79.0,1005.2,8.0,359.0,86.0,6.0
2018-05-04,19.9,14.6,21.9,86.0,1010.6,9.7,39.0,80.0,18.0
2018-05-05,1.1,12.6,23.2,80.0,1015.5,7.7,357.0,73.0,5.0
2018-05-06,0.8,15.0,25.9,70.0,1015.8,5.0,328.0,50.0,1.0
2018-05-07,0.8,14.8,24.3,70.0,1014.9,6.4,9.0,85.0,2.0
2018-05-08,0.0,13.5,24.0,68.0,1009.0,6.8,20.0,54.0,0.0
2018-05-09,1.0,11.9,22.0,73.0,1006.9,6.7,36.0,64.0,5.0
2018-05-10,4.2,14.4,22.6,73.0,1009.4,5.2,271.0,56.0,7.0
2018-05-11,4.9,13.0,24.2,78.0,1014.8,6.9,18.0,40.0,7.0
2018-05-12,2.5,13.0,24.2,75.0,1014.3,5.4,230.0,25.0,7.0
2018-05-13,11.4,14.1,23.3,86.0,1010.3,6.8,18.0,46.0,14.0
2018-05-14,8.5,13.7,19.3,77.0,1009.1,11.8,240.0,84.0,12.0
2018-05-15,4.5,11.4,15.5,76.0,1009.8,10.0,237.0,96.0,6.0
2018-05-16,0.3,8.5,19.4,80.0,1012.7,5.3,216.0,57.0,12.0
2018-05-17,3.0,10.9,19.8,84.0,1014.7,4.5,30.0,91.0,11.0
2018-05-18,0.1,10.7,21.4,79.0,1016.2,4.0,23.0,42.0,7.0
2018-05-19,0.7,11.9,22.7,70.0,1016.2,6.3,43.0,47.0,4.0
2018-05-20,1.4,12.6,22.7,68.0,1016.5,10.2,56.0,33.0,4.0
2018-05-21,0.6,15.6,24.3,64.0,1014.4,9.7,48.0,55.0,1.0
2018-05-22,29.2,14.8,18.3,88.0,1013.5,8.7,27.0,95.0,18.0
2018-05-23,3.9,13.6,22.2,83.0,1015.9,4.7,19.0,85.0,10.0
2018-05-24,0.4,16.1,25.1,73.0,1016.2,3.8,4.0,49.0,2.0
2018-05-25,0.0,14.2,26.2,72.0,1015.5,4.9,266.0,45.0,2.0
2018-05-26,0.0,16.0,26.9,75.0,1018.8,5.3,79.0,68.0,6.0
2018-05-27,3.7,17.0,26.5,77.0,1018.3,4.7,3.0,78.0,9.0
2018-05-28,2.4,17.3,26.0,78.0,1017.8,4.7,359.0,81.0,7.0
2018-05-29,11.8,17.4,25.4,83.0,1016.2,4.9,358.0,78.0,13.0
2018-05-30,0.0,15.7,26.9,80.0,1014.9,5.2,297.0,71.0,10.0
2018-05-31,2.2,18.0,27.5,78.0,1014.9,7.3,233.0,58.0,8.0
2018-06-01,0.2,17.2,26.2,76.0,1015.7,8.0,232.0,34.0,7.0
2018-06-02,2.6,16.7,25.9,77.0,1016.4,3.8,213.0,40.0,8.0
2018-06-03,0.3,16.5,27.3,74.0,1015.7,3.3,6.0,55.0,5.0
2018-06-04,5.1,17.6,25.3,82.0,1011.0,4.5,331.0,92.0,12.0
2018-06-05,0.6,16.6,27.1,78.0,1008.5,5.6,231.0,50.0,9.0
2018-06-06,8.0,17.2,26.6,81.0,1011.9,5.4,228.0,63.0,12.0
2018-06-07,6.6,18.4,25.1,88.0,1015.2,5.8,30.0,90.0,17.0
2018-06-08,9.6,18.0,23.9,85.0,1012.1,6.7,95.0,75.0,13.0
2018-06-09,0.0,16.3,27.7,75.0,1010.2,6.7,226.0,41.0,7.0
2018-06-10,0.0,16.5,28.4,76.0,1010.3,6.9,237.0,17.0,5.0
2018-06-11,0.4,20.0,28.7,79.0,1010.1,3.8,297.0,58.0,9.0
2018-06-12,12.6,18.3,26.5,87.0,1007.1,5.1,37.0,68.0,11.0
2018-06-13,6.1,17.1,25.0,82.0,1004.4,5.0,242.0,86.0,13.0
2018-06-14,0.0,17.6,25.5,67.0,1008.6,5.3,313.0,74.0,2.0
2018-06-15,0.1,16.3,25.4,65.0,1011.9,5.9,89.0,24.0,1.0
2018-06-16,0.0,16.6,26.4,63.0,1012.7,4.1,302.0,31.0,0.0
2018-06-17,0.0,16.6,27.7,66.0,1013.3,4.6,286.0,36.0,0.0
2018-06-18,0.0,18.8,27.5,68.0,1015.7,5.5,290.0,38.0,0.0
2018-06-19,0.0,18.2,28.4,62.0,1019.0,5.5,333.0,13.0,0.0
2018-06-20,0.0,18.9,29.0,63.0,1019.8,6.2,43.0,20.0,0.0
2018-06-21,0.0,19.3,29.2,66.0,1014.6,9.7,235.0,36.0,0.0
2018-06-22,9.7,17.5,23.2,79.0,1013.7,11.6,69.0,69.0,10.0
2018-06-23,0.2,15.5,23.1,65.0,1019.8,8.1,71.0,37.0,0.0
2018-06-24,0.5,14.7,23.9,71.0,1017.9,5.7,60.0,63.0,2.0
2018-06-25,8.9,15.4,22.5,78.0,1017.3,8.5,51.0,52.0,7.0
2018-06-26,0.0,15.0,24.6,61.0,1018.4,5.3,199.0,23.0,1.0
2018-06-27,2.1,14.6,24.6,70.0,1015.7,6.2,30.0,26.0,3.0
2018-06-28,0.1,14.0,25.8,62.0,1011.6,5.8,258.0,68.0,0.0
2018-06-29,0.0,16.2,29.4,57.0,1009.1,7.5,236.0,68.0,0.0
2018-06-30,0.0,18.1,31.1,64.0,1009.0,6.4,280.0,28.0,1.0
2018-07-01,0.1,19.6,26.3,66.0,1012.3,12.7,66.0,32.0,0.0
2018-07-02,0.0,20.0,27.7,62.0,1013.6,7.7,52.0,70.0,0.0
2018-07-03,4.9,19.5,27.8,77.0,1014.1,4.1,48.0,70.0,7.0
2018-07-04,0.0,19.2,28.8,74.0,1014.7,4.6,286.0,48.0,8.0
2018-07-05,1.4,19.3,28.1,76.0,1012.8,6.1,265.0,64.0,5.0
2018-07-06,1.3,17.9,27.5,75.0,1012.6,4.5,341.0,40.0,10.0
2018-07-07,1.0,17.8,27.8,72.0,1015.9,4.6,349.0,43.0,2.0
2018-07-08,1.6,18.1,28.3,69.0,1016.9,6.6,53.0,39.0,3.0
2018-07-09,0.3,18.5,28.5,67.0,1016.1,4.6,4.0,39.0,1.0
2018-07-10,1.6,19.1,26.8,71.0,1013.1,6.1,57.0,66.0,2.0
2018-07-11,23.5,17.6,21.9,87.0,1011.9,9.0,65.0,82.0,17.0
2018-07-12,0.6,18.1,26.6,79.0,1014.5,7.0,47.0,71.0,9.0
2018-07-13,2.1,18.3,27.9,80.0,1016.6,4.2,355.0,49.0,10.0
2018-07-14,6.3,19.0,29.1,74.0,1016.4,4.6,341.0,44.0,4.0
2018-07-15,0.5,19.2,28.4,74.0,1014.0,5.3,5.0,44.0,2.0
2018-07-16,15.0,18.7,26.9,82.0,1011.8,5.3,253.0,70.0,12.0
2018-07-17,0.5,17.3,28.7,79.0,1010.9,5.2,251.0,30.0,9.0
2018-07-18,0.0,17.1,30.8,67.0,1012.6,5.1,266.0,4.0,6.0
2018-07-19,0.0,18.9,30.5,71.0,1012.4,4.7,14.0,31.0,2.0
2018-07-20,4.8,20.2,28.7,78.0,1012.3,4.5,20.0,53.0,7.0
2018-07-21,1.7,19.5,26.7,81.0,1010.8,5.7,348.0,86.0,7.0
2018-07-22,6.1,18.0,27.9,81.0,1009.5,4.1,232.0,52.0,10.0
2018-07-23,0.0,18.3,29.5,73.0,1011.0,5.6,268.0,35.0,7.0
2018-07-24,0.0,18.3,29.8,69.0,1012.4,5.4,262.0,19.0,3.0
2018-07-25,0.1,20.4,29.7,71.0,1011.7,5.1,320.0,22.0,0.0
2018-07-26,2.8,21.0,27.8,75.0,1012.0,5.7,8.0,28.0,5.0
2018-07-27,0.0,20.0,30.4,66.0,1011.8,4.9,264.0,28.0,0.0
2018-07-28,0.0,19.6,30.7,72.0,1010.1,6.7,251.0,53.0,0.0
2018-07-29,0.3,21.2,30.3,76.0,1012.5,4.2,0.0,55.0,3.0
2018-07-30,0.3,21.1,32.3,71.0,1013.5,5.0,295.0,46.0,2.0
2018-07-31,0.0,22.2,32.8,70.0,1013.8,5.0,327.0,30.0,2.0
2018-08-01,5.6,22.1,32.9,73.0,1014.5,5.4,264.0,43.0,5.0
2018-08-02,0.5,22.9,31.1,71.0,1015.7,5.3,14.0,54.0,1.0
2018-08-03,0.0,21.7,31.6,71.0,1016.4,4.2,8.0,53.0,4.0
2018-08-04,0.1,22.0,31.7,68.0,1015.1,5.4,2.0,41.0,0.0
2018-08-05,0.0,21.7,32.3,68.0,1014.7,4.7,304.0,48.0,0.0
2018-08-06,0.0,22.1,32.3,72.0,1015.2,5.0,339.0,55.0,3.0
2018-08-07,0.2,21.5,31.5,69.0,1014.0,5.6,265.0,71.0,0.0
2018-08-08,0.2,21.3,30.3,77.0,1014.2,4.0,326.0,57.0,2.0
2018-08-09,0.4,21.0,31.1,77.0,1015.4,4.4,280.0,21.0,3.0
2018-08-10,0.1,20.0,29.9,74.0,1017.6,4.7,247.0,22.0,7.0
2018-08-11,0.3,20.9,29.2,71.0,1017.6,5.6,7.0,45.0,1.0
2018-08-12,0.5,21.5,29.3,62.0,1016.8,7.7,61.0,18.0,0.0
2018-08-13,1.9,18.7,29.9,72.0,1012.1,5.3,235.0,48.0,5.0
2018-08-14,1.7,19.1,25.8,83.0,1011.5,4.5,31.0,93.0,10.0
2018-08-15,0.0,18.9,28.5,66.0,1015.3,6.2,351.0,52.0,5.0
2018-08-16,0.0,18.7,28.8,60.0,1016.0,6.8,8.0,18.0,0.0
2018-08-17,0.0,17.4,30.0,61.0,1014.1,5.2,243.0,10.0,0.0
2018-08-18,0.0,18.3,31.2,64.0,1016.0,5.9,10.0,17.0,0.0
2018-08-19,0.0,20.9,31.5,57.0,1017.1,8.2,27.0,24.0,0.0
2018-08-20,0.0,20.9,32.5,55.0,1015.3,7.0,4.0,11.0,0.0
2018-08-21,0.0,20.9,32.1,56.0,1015.4,5.9,17.0,10.0,0.0
2018-08-22,0.0,20.3,31.9,58.0,1015.6,6.1,48.0,15.0,0.0
2018-08-23,0.0,20.5,31.6,62.0,1013.1,4.8,309.0,59.0,0.0
2018-08-24,7.2,19.5,30.0,72.0,1009.7,4.5,356.0,50.0,3.0
2018-08-25,26.6,18.3,24.9,82.0,1007.8,6.9,33.0,92.0,9.0
2018-08-26,29.0,14.6,21.8,69.0,1010.3,8.4,39.0,58.0,5.0
2018-08-27,0.0,12.1,24.4,67.0,1015.8,4.3,248.0,7.0,1.0
2018-08-28,0.0,13.9,27.8,65.0,1017.5,3.3,293.0,8.0,2.0
2018-08-29,0.0,14.7,28.3,64.0,1015.7,5.4,243.0,38.0,0.0
2018-08-30,0.9,17.7,27.4,72.0,1014.7,5.3,359.0,35.0,2.0
2018-08-31,5.1,18.0,21.9,82.0,1015.2,9.8,53.0,90.0,11.0
2018-09-01,11.2,16.9,21.3,88.0,1014.4,9.0,46.0,90.0,17.0
2018-09-02,51.3,16.2,22.9,84.0,1015.9,7.7,30.0,95.0,11.0
2018-09-03,5.1,15.4,23.4,80.0,1013.5,4.8,244.0,64.0,8.0
2018-09-04,0.0,14.2,25.6,81.0,1012.8,4.2,322.0,65.0,10.0
2018-09-05,0.1,15.5,26.4,78.0,1014.6,3.8,283.0,20.0,8.0
2018-09-06,4.1,16.2,26.7,83.0,1012.3,4.5,330.0,43.0,15.0
2018-09-07,10.8,17.9,23.0,91.0,1012.2,3.8,335.0,91.0,16.0
2018-09-08,0.0,15.8,26.5,76.0,1017.6,4.8,341.0,16.0,6.0
2018-09-09,0.0,15.5,27.3,74.0,1020.1,4.7,263.0,12.0,3.0
2018-09-10,0.0,17.2,28.0,79.0,1020.9,4.7,321.0,54.0,7.0
2018-09-11,0.0,17.6,28.3,79.0,1023.3,4.3,297.0,56.0,8.0
2018-09-12,0.0,17.9,28.7,79.0,1021.7,5.4,273.0,29.0,10.0
2018-09-13,0.0,18.3,27.7,82.0,1015.2,4.2,257.0,93.0,10.0
2018-09-14,0.7,17.5,27.0,80.0,1014.8,3.6,320.0,36.0,8.0
2018-09-15,1.2,17.2,25.7,81.0,1019.1,6.5,50.0,30.0,6.0
2018-09-16,0.0,16.8,27.1,76.0,1021.8,6.3,50.0,32.0,7.0
2018-09-17,0.1,17.3,27.1,77.0,1020.5,3.8,293.0,61.0,6.0
2018-09-18,0.4,18.2,26.2,79.0,1019.2,3.6,328.0,48.0,4.0
2018-09-19,0.0,17.3,27.0,82.0,1019.3,4.5,325.0,31.0,8.0
2018-09-20,0.0,17.8,28.2,71.0,1018.7,5.4,346.0,6.0,2.0
2018-09-21,0.0,17.0,27.9,70.0,1015.2,5.3,253.0,7.0,0.0
2018-09-22,2.4,16.3,26.4,82.0,1016.1,9.8,46.0,96.0,7.0
2018-09-23,0.5,15.7,24.8,78.0,1017.1,5.7,46.0,47.0,3.0
2018-09-24,0.2,15.2,23.3,68.0,1017.5,12.8,93.0,45.0,8.0
2018-09-25,0.0,9.6,19.3,46.0,1032.0,9.0,60.0,6.0,0.0
2018-09-26,0.0,9.3,17.0,53.0,1037.0,9.4,49.0,25.0,0.0
2018-09-27,0.0,7.8,22.8,64.0,1029.6,4.5,251.0,21.0,0.0
2018-09-28,0.0,8.5,25.3,56.0,1017.9,6.2,262.0,0.0,0.0
2018-09-29,0.0,13.0,23.9,55.0,1018.9,10.9,62.0,19.0,0.0
2018-09-30,0.0,12.1,19.8,53.0,1019.5,6.8,61.0,14.0,0.0
2018-10-01,6.6,10.2,17.8,77.0,1010.4,9.4,50.0,64.0,12.0
2018-10-02,0.1,10.5,19.1,68.0,1016.9,7.6,72.0,52.0,2.0
2018-10-03,0.0,7.1,20.6,71.0,1020.9,4.8,357.0,27.0,1.0
2018-10-04,0.0,9.3,21.9,64.0,1024.9,8.0,51.0,26.0,0.0
2018-10-05,0.7,9.2,22.2,64.0,1023.5,8.2,46.0,32.0,1.0
2018-10-06,11.4,13.7,18.0,86.0,1018.2,8.1,35.0,96.0,16.0
2018-10-07,2.7,14.2,21.2,86.0,1013.8,4.3,9.0,58.0,14.0
2018-10-08,0.5,12.7,22.3,85.0,1018.9,3.9,6.0,25.0,13.0
2018-10-09,0.0,13.1,23.0,79.0,1021.3,6.8,38.0,9.0,9.0
2018-10-10,0.0,13.2,23.4,73.0,1021.9,8.6,61.0,4.0,3.0
2018-10-11,0.0,12.3,22.3,70.0,1021.2,7.3,66.0,52.0,0.0
2018-10-12,0.0,13.4,23.7,72.0,1024.3,4.0,256.0,19.0,1.0
2018-10-13,0.0,11.8,22.7,76.0,1024.2,8.1,43.0,0.0,9.0
2018-10-14,0.5,11.7,22.2,68.0,1020.6,7.5,57.0,18.0,2.0
2018-10-15,0.2,12.1,19.2,80.0,1019.3,8.9,48.0,46.0,2.0
2018-10-16,0.0,11.1,20.9,79.0,1020.3,5.7,33.0,83.0,4.0
2018-10-17,1.1,13.7,19.2,81.0,1019.2,5.3,24.0,86.0,4.0
2018-10-18,0.0,13.5,22.8,75.0,1016.4,4.6,10.0,75.0,1.0
2018-10-19,0.0,13.4,22.8,72.0,1018.2,4.9,31.0,45.0,2.0
2018-10-20,0.0,12.0,21.5,75.0,1022.6,6.2,51.0,30.0,5.0
2018-10-21,9.1,9.6,17.5,87.0,1021.9,9.7,38.0,58.0,19.0
2018-10-22,0.0,5.2,18.6,67.0,1022.4,6.9,15.0,2.0,1.0
2018-10-23,0.0,5.4,19.1,65.0,1022.0,8.9,248.0,30.0,0.0
2018-10-24,0.0,7.1,22.2,78.0,1012.1,5.6,112.0,45.0,9.0
2018-10-25,0.0,9.6,19.4,82.0,1016.5,7.4,42.0,59.0,10.0
2018-10-26,2.4,12.4,16.1,89.0,1013.4,4.4,14.0,99.0,9.0
2018-10-27,7.1,11.6,15.8,95.0,1004.8,6.4,36.0,96.0,20.0
2018-10-28,30.7,13.0,17.5,95.0,1000.3,9.1,55.0,97.0,23.0
2018-10-29,51.2,11.9,18.4,92.0,998.8,16.4,83.0,84.0,22.0
2018-10-30,4.3,8.8,14.9,84.0,1006.4,5.7,115.0,60.0,15.0
2018-10-31,0.0,6.2,16.3,80.0,1020.8,8.0,52.0,66.0,4.0
2018-11-01,16.9,10.8,14.9,87.0,1018.5,12.6,46.0,87.0,13.0
2018-11-02,6.4,10.5,14.1,93.0,1019.2,6.1,18.0,100.0,24.0
2018-11-03,0.2,11.7,19.7,86.0,1021.3,6.7,25.0,75.0,14.0
2018-11-04,3.8,10.5,19.8,82.0,1017.3,9.5,62.0,80.0,8.0
2018-11-05,27.5,13.5,14.8,93.0,1015.7,11.9,51.0,99.0,23.0
2018-11-06,4.1,13.3,16.3,91.0,1016.1,11.8,43.0,94.0,18.0
2018-11-07,2.9,11.9,16.2,95.0,1016.6,8.3,33.0,77.0,20.0
2018-11-08,0.7,10.0,17.3,90.0,1020.4,3.5,251.0,39.0,15.0
2018-11-09,0.0,9.6,16.9,91.0,1019.1,3.5,113.0,89.0,16.0
2018-11-10,0.0,8.6,15.5,91.0,1017.0,4.0,190.0,54.0,15.0
2018-11-11,0.5,9.5,14.4,93.0,1019.8,4.4,14.0,58.0,19.0
2018-11-12,0.0,8.6,16.4,93.0,1025.1,5.6,225.0,50.0,18.0
2018-11-13,0.0,9.9,14.8,96.0,1027.0,4.9,276.0,91.0,21.0
2018-11-14,0.0,8.2,16.9,88.0,1028.2,4.2,335.0,45.0,15.0
2018-11-15,0.0,6.8,14.9,86.0,1026.3,5.7,18.0,38.0,13.0
2018-11-16,0.0,4.0,11.6,71.0,1027.5,11.0,41.0,29.0,2.0
2018-11-17,0.0,2.6,12.2,66.0,1026.3,9.2,45.0,4.0,0.0
2018-11-18,0.0,-0.4,9.7,66.0,1022.0,5.8,34.0,12.0,1.0
2018-11-19,0.3,0.1,7.8,69.0,1011.7,13.2,48.0,67.0,1.0
2018-11-20,9.5,3.7,8.1,82.0,1007.5,11.0,47.0,96.0,14.0
2018-11-21,0.0,3.1,12.0,84.0,1013.2,4.8,211.0,76.0,9.0
2018-11-22,1.2,7.1,11.1,90.0,1019.3,3.3,280.0,91.0,16.0
2018-11-23,15.9,4.4,10.7,95.0,1022.3,6.1,33.0,99.0,21.0
2018-11-24,18.4,7.5,13.8,92.0,1015.0,6.2,20.0,81.0,19.0
2018-11-25,3.1,7.6,12.2,90.0,1008.3,4.2,293.0,99.0,14.0
2018-11-26,14.6,8.0,9.7,97.0,1000.5,6.1,304.0,100.0,24.0
2018-11-27,2.7,7.1,13.1,83.0,1007.9,5.6,10.0,64.0,7.0
2018-11-28,0.0,1.0,10.8,80.0,1020.4,5.4,39.0,11.0,5.0
2018-11-29,0.0,-0.7,7.0,74.0,1027.0,5.7,35.0,56.0,0.0
2018-11-30,0.0,-0.3,6.3,68.0,1022.0,7.0,31.0,87.0,0.0
2018-12-01,0.0,-0.8,8.8,77.0,1020.0,4.8,261.0,43.0,3.0
2018-12-02,0.2,2.9,8.5,82.0,1018.5,7.0,224.0,95.0,6.0
2018-12-03,1.5,3.3,9.7,88.0,1014.8,4.3,339.0,75.0,11.0
2018-12-04,0.0,2.0,9.9,91.0,1015.4,5.2,269.0,39.0,19.0
2018-12-05,0.0,1.8,11.3,80.0,1025.2,8.1,34.0,59.0,1.0
2018-12-06,2.0,4.4,8.7,86.0,1023.9,6.4,47.0,74.0,8.0
2018-12-07,0.0,1.9,8.3,97.0,1021.1,4.0,229.0,90.0,21.0
2018-12-08,8.9,3.6,12.0,93.0,1012.3,7.1,118.0,52.0,19.0
2018-12-09,0.0,2.6,10.1,92.0,1008.8,4.3,274.0,75.0,19.0
2018-12-10,0.0,1.5,14.7,49.0,1013.3,13.9,312.0,35.0,2.0
2018-12-11,0.0,-1.6,10.7,48.0,1018.0,11.3,319.0,2.0,0.0
2018-12-12,0.0,-3.3,8.3,58.0,1019.5,5.6,291.0,0.0,0.0
2018-12-13,0.0,-4.1,5.1,64.0,1017.1,12.4,43.0,61.0,0.0
2018-12-14,0.0,-3.2,6.8,69.0,1017.0,9.0,34.0,26.0,0.0
2018-12-15,0.0,-5.2,5.6,74.0,1020.1,7.5,227.0,1.0,4.0
2018-12-16,0.0,-4.5,2.4,84.0,1020.0,4.0,1.0,87.0,9.0
2018-12-17,0.0,-1.0,8.3,79.0,1020.6,4.8,310.0,86.0,4.0
2018-12-18,0.0,-3.5,5.8,83.0,1028.4,4.3,272.0,13.0,9.0
2018-12-19,0.4,0.5,4.2,69.0,1024.9,3.0,303.0,79.0,0.0
2018-12-20,5.7,-0.7,7.8,90.0,1022.5,7.5,252.0,47.0,16.0
2018-12-21,0.0,-0.6,3.2,97.0,1025.7,5.6,217.0,94.0,24.0
2018-12-22,0.0,-0.3,4.4,96.0,1021.8,4.5,333.0,97.0,21.0
2018-12-23,0.2,-0.1,5.9,96.0,1023.6,3.5,247.0,93.0,20.0
2018-12-24,0.0,0.0,6.9,95.0,1019.0,6.1,329.0,81.0,21.0
2018-12-25,0.0,-2.4,7.0,82.0,1029.4,5.8,300.0,38.0,6.0
2018-12-26,0.0,-2.9,5.0,92.0,1031.0,5.1,266.0,31.0,18.0
2018-12-27,0.0,-3.7,5.5,94.0,1028.3,4.4,220.0,64.0,20.0
2018-12-28,0.0,-3.0,4.9,87.0,1025.2,4.0,222.0,69.0,14.0
2018-12-29,0.0,-2.6,9.4,70.0,1026.7,3.8,338.0,20.0,0.0
2018-12-30,0.0,-3.2,7.4,82.0,1025.1,4.9,238.0,40.0,8.0
2018-12-31,0.0,-2.1,8.8,75.0,1027.1,6.2,337.0,31.0,0.0
2019-01-01,0.0,0.4,8.0,81.0,1027.4,8.2,294.0,58.0,5.0
2019-01-02,0.0,-1.3,9.7,74.0,1020.2,8.5,305.0,49.0,12.0
2019-01-03,0.0,-3.4,6.8,53.0,1027.1,6.5,305.0,7.0,0.0
2019-01-04,0.0,-5.2,5.2,61.0,1029.4,5.5,281.0,35.0,0.0
2019-01-05,0.0,-6.1,3.5,71.0,1022.8,3.7,292.0,42.0,1.0
2019-01-06,0.0,-6.4,10.8,72.0,1020.0,5.5,151.0,32.0,5.0
2019-01-07,0.0,-2.9,6.5,91.0,1026.8,5.9,357.0,71.0,16.0
2019-01-08,0.0,-2.6,4.6,97.0,1018.4,4.8,304.0,84.0,20.0
2019-01-09,0.1,-3.6,6.8,87.0,1006.7,7.1,256.0,79.0,13.0
2019-01-10,0.0,-2.4,9.1,53.0,1011.3,6.8,303.0,62.0,0.0
2019-01-11,0.0,-3.8,5.9,69.0,1019.9,4.3,288.0,42.0,5.0
2019-01-12,0.0,-4.6,4.5,78.0,1018.9,4.4,305.0,57.0,4.0
2019-01-13,0.1,-4.0,7.5,80.0,1010.8,5.5,257.0,59.0,8.0
2019-01-14,0.0,-3.5,10.7,74.0,1003.3,10.8,293.0,12.0,11.0
2019-01-15,0.0,-1.6,10.7,65.0,1016.6,7.2,296.0,29.0,0.0
2019-01-16,0.0,-1.7,8.9,72.0,1018.9,4.9,337.0,27.0,0.0
2019-01-17,5.3,0.2,4.6,87.0,1014.4,4.8,28.0,89.0,7.0
2019-01-18,2.2,2.0,7.7,88.0,1012.9,8.0,58.0,90.0,14.0
2019-01-19,0.0,-0.9,5.3,63.0,1017.3,11.2,43.0,97.0,0.0
2019-01-20,0.0,-2.3,6.0,71.0,1015.6,3.9,130.0,22.0,1.0
2019-01-21,0.0,-1.6,6.1,75.0,1017.3,7.3,25.0,83.0,1.0
2019-01-22,0.2,-2.9,6.8,71.0,1010.0,4.9,36.0,88.0,0.0
2019-01-23,3.4,-1.3,3.1,81.0,999.3,9.2,40.0,95.0,9.0
2019-01-24,0.0,-2.7,7.8,66.0,1000.2,8.4,44.0,34.0,0.0
2019-01-25,0.0,-4.4,6.8,69.0,1007.5,5.4,328.0,0.0,0.0
2019-01-26,0.0,-5.0,6.2,78.0,1011.3,4.1,324.0,62.0,4.0
2019-01-27,4.5,-3.7,2.6,79.0,1003.1,5.4,4.0,89.0,5.0
2019-01-28,1.2,-1.8,5.9,96.0,995.9,5.8,241.0,93.0,24.0
2019-01-29,0.1,-2.8,8.7,79.0,1005.2,5.9,309.0,30.0,7.0
2019-01-30,0.1,-2.0,5.0,77.0,1001.7,8.1,39.0,87.0,2.0
2019-01-31,1.8,-1.4,6.9,81.0,1002.5,5.2,48.0,70.0,9.0
2019-02-01,24.8,0.8,6.7,93.0,1000.2,8.6,44.0,100.0,24.0
2019-02-02,20.6,4.5,9.8,95.0,996.6,6.6,55.0,99.0,22.0
2019-02-03,24.2,4.5,7.9,91.0,1003.1,9.3,348.0,100.0,20.0
2019-02-04,0.0,-1.4,10.4,72.0,1023.3,6.8,18.0,31.0,2.0
2019-02-05,0.0,-3.6,10.4,73.0,1025.4,6.2,277.0,3.0,0.0
2019-02-06,0.0,-3.2,11.8,71.0,1025.1,6.6,275.0,12.0,0.0
2019-02-07,0.0,-2.3,10.1,78.0,1020.4,4.1,248.0,50.0,4.0
2019-02-08,0.0,2.3,11.9,70.0,1019.7,4.4,47.0,68.0,1.0
2019-02-09,0.0,-0.3,11.0,77.0,1019.8,4.0,246.0,59.0,2.0
2019-02-10,1.5,4.2,7.9,88.0,1016.0,4.9,48.0,99.0,10.0
2019-02-11,1.9,-0.1,12.4,69.0,1009.2,9.9,272.0,64.0,11.0
2019-02-12,0.0,1.5,14.3,44.0,1024.0,11.4,299.0,19.0,0.0
2019-02-13,0.0,-2.6,11.1,69.0,1035.1,7.1,261.0,3.0,1.0
2019-02-14,0.0,-0.9,11.0,81.0,1035.2,5.9,316.0,32.0,5.0
2019-02-15,0.0,0.2,14.3,66.0,1032.3,5.7,292.0,8.0,2.0
2019-02-16,0.0,1.1,13.8,75.0,1031.3,4.3,287.0,35.0,4.0
2019-02-17,0.0,2.0,14.7,80.0,1027.6,5.5,262.0,11.0,7.0
2019-02-18,0.0,3.9,12.7,85.0,1024.1,2.9,311.0,5.0,7.0
2019-02-19,0.0,2.9,9.8,94.0,1022.5,2.7,22.0,76.0,19.0
2019-02-20,0.0,1.8,11.5,87.0,1024.4,3.6,269.0,62.0,13.0
2019-02-21,0.0,0.4,13.8,89.0,1027.1,5.7,235.0,27.0,16.0
2019-02-22,0.0,1.2,15.9,79.0,1024.9,7.0,294.0,3.0,3.0
2019-02-23,0.0,0.4,7.8,61.0,1034.4,9.2,122.0,21.0,1.0
2019-02-24,0.0,-2.2,8.2,63.0,1037.0,5.2,20.0,32.0,0.0
2019-02-25,0.0,-1.1,15.1,74.0,1033.6,3.9,259.0,24.0,1.0
2019-02-26,0.0,1.0,17.7,74.0,1028.6,5.9,253.0,71.0,0.0
2019-02-27,0.0,2.8,19.9,70.0,1024.6,7.0,229.0,48.0,1.0
2019-02-28,0.0,1.9,16.2,79.0,1019.1,5.6,344.0,15.0,8.0
2019-03-01,1.4,2.4,13.0,85.0,1013.3,5.8,1.0,44.0,13.0
2019-03-02,0.0,2.6,15.8,85.0,1014.8,5.2,190.0,48.0,15.0
2019-03-03,0.0,1.6,15.9,81.0,1017.7,4.0,254.0,70.0,13.0
2019-03-04,2.5,4.3,12.0,88.0,1011.4,6.4,323.0,59.0,15.0
2019-03-05,0.0,4.5,14.1,85.0,1010.8,5.8,264.0,44.0,10.0
2019-03-06,0.0,3.6,14.1,84.0,1016.8,4.2,50.0,82.0,10.0
2019-03-07,3.9,7.0,13.6,88.0,1012.0,8.0,56.0,91.0,16.0
2019-03-08,0.1,4.6,16.5,78.0,1015.4,8.2,226.0,35.0,10.0
2019-03-09,0.0,5.2,16.5,77.0,1020.0,9.2,241.0,63.0,9.0
2019-03-10,0.0,4.7,14.8,85.0,1016.7,5.8,305.0,75.0,13.0
2019-03-11,2.2,5.4,17.9,73.0,1013.5,8.1,347.0,75.0,12.0
2019-03-12,0.0,1.0,14.6,32.0,1021.7,11.5,248.0,12.0,0.0
2019-03-13,0.1,0.2,10.3,59.0,1014.4,5.6,151.0,42.0,0.0
2019-03-14,0.0,1.0,13.7,73.0,1012.2,7.1,234.0,43.0,7.0
2019-03-15,0.0,1.7,16.1,81.0,1010.0,5.1,69.0,17.0,11.0
2019-03-16,0.0,3.4,17.0,83.0,1013.7,6.0,38.0,53.0,14.0
2019-03-17,0.0,5.3,15.0,82.0,1013.9,5.8,231.0,58.0,9.0
2019-03-18,12.1,3.4,10.2,83.0,1013.9,8.2,44.0,86.0,12.0
2019-03-19,0.0,2.8,12.9,64.0,1022.6,7.6,48.0,55.0,0.0
2019-03-20,0.0,-0.2,13.1,62.0,1030.1,9.3,46.0,0.0,0.0
2019-03-21,0.0,0.8,14.9,57.0,1032.3,7.8,28.0,13.0,0.0
2019-03-22,0.0,0.9,17.9,59.0,1029.8,5.2,320.0,23.0,0.0
2019-03-23,0.0,3.2,20.3,56.0,1025.5,5.7,281.0,12.0,0.0
2019-03-24,0.0,4.5,21.7,55.0,1020.7,7.8,245.0,8.0,0.0
2019-03-25,2.7,6.4,19.6,72.0,1012.2,8.0,39.0,25.0,6.0
2019-03-26,0.2,5.7,15.5,56.0,1020.6,11.6,79.0,45.0,0.0
2019-03-27,0.0,2.8,14.3,56.0,1026.4,7.5,67.0,45.0,0.0
2019-03-28,0.0,2.9,15.2,61.0,1029.6,8.3,64.0,3.0,0.0
2019-03-29,0.0,4.2,17.0,61.0,1030.1,7.6,332.0,2.0,0.0
2019-03-30,0.0,3.1,18.9,61.0,1024.7,5.5,234.0,10.0,0.0
2019-03-31,0.0,6.0,20.8,58.0,1017.8,5.4,236.0,10.0,0.0
2019-04-01,0.0,6.6,21.5,53.0,1015.9,8.2,76.0,16.0,0.0
2019-04-02,0.1,8.3,20.3,61.0,1014.1,7.5,61.0,96.0,0.0
2019-04-03,4.5,9.6,17.3,79.0,1009.0,10.5,71.0,76.0,10.0
2019-04-04,28.5,9.1,15.0,89.0,1000.7,15.1,77.0,98.0,23.0
2019-04-05,19.9,7.8,13.5,87.0,1000.2,9.5,119.0,91.0,13.0
2019-04-06,0.4,8.0,13.8,84.0,1006.8,6.9,54.0,93.0,11.0
2019-04-07,0.4,6.2,15.0,82.0,1006.1,5.2,64.0,77.0,10.0
2019-04-08,3.1,5.8,15.8,82.0,1006.9,6.2,255.0,96.0,8.0
2019-04-09,6.2,8.0,15.7,85.0,1007.1,6.3,317.0,91.0,9.0
2019-04-10,9.5,7.3,17.8,82.0,1006.1,6.1,27.0,77.0,10.0
2019-04-11,24.6,10.3,13.1,92.0,1009.4,8.3,48.0,100.0,24.0
2019-04-12,0.6,8.8,13.9,80.0,1013.5,7.6,80.0,96.0,12.0
2019-04-13,1.1,8.0,13.4,77.0,1014.9,6.2,52.0,93.0,0.0
2019-04-14,2.4,8.2,12.2,67.0,1013.6,14.9,61.0,92.0,4.0
2019-04-15,0.3,6.1,17.2,67.0,1018.8,5.7,46.0,32.0,1.0
2019-04-16,0.0,6.5,17.6,64.0,1019.5,6.8,100.0,32.0,0.0
2019-04-17,0.1,5.7,20.2,64.0,1020.2,4.6,246.0,42.0,1.0
2019-04-18,0.0,8.3,19.3,64.0,1024.9,8.0,71.0,32.0,0.0
2019-04-19,0.0,10.7,19.7,59.0,1028.8,7.0,74.0,20.0,0.0
2019-04-20,0.0,6.9,21.9,57.0,1026.5,6.8,92.0,13.0,0.0
2019-04-21,0.0,8.6,21.7,61.0,1021.1,7.0,67.0,69.0,1.0
2019-04-22,0.4,7.1,17.9,72.0,1014.7,12.9,69.0,78.0,4.0
2019-04-23,35.8,11.4,13.6,93.0,1007.2,17.8,58.0,100.0,24.0
2019-04-24,14.0,11.5,20.3,88.0,1013.0,8.1,53.0,85.0,18.0
2019-04-25,1.9,11.5,20.3,87.0,1018.0,7.5,67.0,86.0,17.0
2019-04-26,7.5,10.8,19.3,86.0,1014.5,9.8,92.0,73.0,14.0
2019-04-27,0.0,7.1,20.5,70.0,1014.3,7.3,226.0,37.0,10.0
2019-04-28,7.4,7.5,14.1,81.0,1014.0,11.2,35.0,72.0,12.0
2019-04-29,13.3,7.4,14.0,79.0,1014.1,12.7,276.0,94.0,10.0
2019-04-30,0.0,6.1,19.3,70.0,1012.5,7.9,206.0,73.0,3.0
2019-05-01,0.3,7.8,21.2,65.0,1012.7,5.5,229.0,17.0,2.0
2019-05-02,0.0,8.8,21.2,73.0,1011.3,8.3,236.0,36.0,7.0
2019-05-03,4.9,10.6,17.4,83.0,1008.6,5.9,255.0,89.0,9.0
2019-05-04,11.3,10.7,17.4,89.0,1004.7,7.4,54.0,82.0,16.0
2019-05-05,43.1,6.5,11.0,86.0,1003.0,11.5,22.0,100.0,24.0
2019-05-06,1.7,6.2,16.1,70.0,1011.8,10.4,225.0,65.0,8.0
2019-05-07,1.2,5.1,14.9,79.0,1018.5,7.9,61.0,58.0,8.0
2019-05-08,3.9,8.1,16.2,83.0,1014.9,5.5,54.0,90.0,10.0
2019-05-09,8.2,9.8,18.0,80.0,1005.9,8.4,247.0,67.0,11.0
2019-05-10,0.9,10.9,20.0,81.0,1010.5,7.1,67.0,62.0,11.0
2019-05-11,14.4,11.2,18.7,88.0,1012.9,7.1,57.0,72.0,17.0
2019-05-12,31.2,10.1,13.2,82.0,1013.5,10.8,345.0,100.0,21.0
2019-05-13,2.5,10.4,15.8,76.0,1018.7,5.4,206.0,99.0,6.0
2019-05-14,0.6,5.8,14.7,73.0,1019.4,6.8,141.0,58.0,4.0
2019-05-15,3.7,5.6,13.7,79.0,1015.3,5.6,245.0,74.0,10.0
2019-05-16,0.2,7.2,18.0,72.0,1012.6,6.0,200.0,59.0,1.0
2019-05-17,0.1,9.2,18.0,75.0,1010.3,8.1,84.0,71.0,6.0
2019-05-18,12.2,11.1,15.0,90.0,1007.3,12.8,48.0,99.0,20.0
2019-05-19,34.9,12.4,16.9,92.0,1004.9,12.7,58.0,96.0,23.0
2019-05-20,8.3,11.5,16.8,90.0,1004.6,10.5,233.0,99.0,17.0
2019-05-21,4.1,11.7,20.2,84.0,1008.5,9.3,250.0,97.0,15.0
2019-05-22,2.0,13.4,21.3,86.0,1013.5,4.4,27.0,94.0,13.0
2019-05-23,0.9,12.7,22.4,82.0,1015.3,4.9,27.0,50.0,11.0
2019-05-24,3.8,13.0,23.3,87.0,1013.6,4.5,28.0,75.0,16.0
2019-05-25,3.5,14.1,23.3,85.0,1013.8,5.5,36.0,97.0,13.0
2019-05-26,0.2,14.2,22.7,78.0,1014.1,8.5,78.0,96.0,7.0
2019-05-27,12.8,12.8,16.6,92.0,1010.6,9.5,45.0,95.0,21.0
2019-05-28,13.4,12.8,21.6,87.0,1004.6,6.2,267.0,91.0,18.0
2019-05-29,15.1,11.9,15.3,89.0,1011.2,5.7,5.0,100.0,22.0
2019-05-30,6.2,11.9,19.3,81.0,1021.4,5.4,156.0,95.0,12.0
2019-05-31,0.0,12.9,23.0,69.0,1023.4,8.1,251.0,45.0,4.0
2019-06-01,0.0,12.8,25.7,65.0,1020.3,8.9,242.0,6.0,0.0
2019-06-02,0.0,14.4,27.2,70.0,1017.5,5.5,266.0,17.0,3.0
2019-06-03,0.0,16.9,27.1,74.0,1015.5,5.0,12.0,42.0,1.0
2019-06-04,0.0,16.7,26.9,78.0,1012.5,4.6,16.0,38.0,8.0
2019-06-05,0.4,15.9,26.7,83.0,1010.0,5.7,62.0,44.0,11.0
2019-06-06,1.1,18.0,24.2,83.0,1011.7,8.1,46.0,59.0,13.0
2019-06-07,0.0,15.5,25.0,75.0,1016.3,5.5,107.0,18.0,9.0
2019-06-08,0.0,16.0,26.9,72.0,1018.9,5.2,96.0,10.0,2.0
2019-06-09,0.0,16.5,27.7,75.0,1020.1,7.3,70.0,63.0,6.0
2019-06-10,0.2,18.9,28.1,75.0,1013.0,9.4,52.0,84.0,2.0
2019-06-11,11.5,19.0,26.7,82.0,1008.8,10.0,25.0,39.0,5.0
2019-06-12,7.8,18.3,25.6,82.0,1009.5,8.1,37.0,45.0,12.0
2019-06-13,0.0,16.7,27.2,65.0,1013.5,8.1,230.0,9.0,7.0
2019-06-14,0.0,15.2,27.9,61.0,1016.8,7.5,60.0,35.0,0.0
2019-06-15,0.0,18.6,29.1,69.0,1013.0,4.9,20.0,50.0,0.0
2019-06-16,0.0,18.0,30.4,70.0,1012.4,6.2,236.0,7.0,3.0
2019-06-17,1.6,18.7,28.1,64.0,1015.4,9.1,59.0,30.0,2.0
2019-06-18,0.1,18.6,28.3,66.0,1014.7,4.2,66.0,43.0,0.0
2019-06-19,0.5,19.6,29.3,70.0,1012.2,6.0,239.0,46.0,3.0
2019-06-20,0.5,19.1,28.8,74.0,1011.4,4.6,30.0,31.0,8.0
2019-06-21,3.4,19.1,28.5,76.0,1013.9,5.8,11.0,42.0,9.0
2019-06-22,16.9,18.9,25.2,80.0,1014.6,9.0,15.0,85.0,7.0
2019-06-23,0.0,16.4,27.9,72.0,1014.0,5.2,248.0,21.0,2.0
2019-06-24,0.1,18.2,30.3,72.0,1018.0,3.8,103.0,9.0,3.0
2019-06-25,0.0,20.1,30.6,71.0,1021.0,5.2,113.0,8.0,3.0
2019-06-26,0.0,21.8,32.9,69.0,1021.9,5.0,44.0,15.0,0.0
2019-06-27,0.0,23.3,35.8,68.0,1017.3,4.8,251.0,12.0,0.0
2019-06-28,0.0,24.1,32.4,66.0,1015.0,9.4,70.0,25.0,2.0
2019-06-29,0.0,23.2,30.5,60.0,1018.5,7.4,71.0,17.0,0.0
2019-06-30,0.0,19.7,32.9,62.0,1018.6,4.6,99.0,9.0,3.0
2019-07-01,0.0,20.9,33.2,66.0,1016.6,5.0,83.0,23.0,0.0
2019-07-02,0.0,20.8,30.7,71.0,1014.3,5.3,46.0,39.0,0.0
2019-07-03,0.0,21.1,30.5,70.0,1014.9,6.6,34.0,45.0,0.0
2019-07-04,0.0,18.6,29.9,67.0,1016.9,5.7,43.0,27.0,4.0
2019-07-05,0.0,19.5,31.5,67.0,1014.6,6.5,236.0,18.0,4.0
2019-07-06,0.0,22.1,32.0,68.0,1011.4,7.0,224.0,23.0,1.0
2019-07-07,2.7,20.0,31.1,74.0,1008.3,8.3,291.0,45.0,6.0
2019-07-08,3.9,19.0,28.8,76.0,1010.8,6.3,47.0,40.0,12.0
2019-07-09,8.2,18.7,27.6,79.0,1011.8,9.4,51.0,92.0,7.0
2019-07-10,0.1,19.3,25.4,62.0,1012.2,13.7,80.0,41.0,0.0
2019-07-11,0.9,18.4,24.7,66.0,1013.7,7.0,43.0,72.0,2.0
2019-07-12,8.1,16.9,26.8,77.0,1011.9,4.5,53.0,47.0,10.0
2019-07-13,0.7,17.5,26.5,79.0,1010.3,6.3,39.0,38.0,8.0
2019-07-14,0.3,14.6,26.0,73.0,1011.6,5.0,59.0,17.0,5.0
2019-07-15,1.4,18.0,23.6,72.0,1011.2,8.7,35.0,96.0,2.0
2019-07-16,0.0,15.5,27.4,61.0,1013.1,7.0,276.0,9.0,0.0
2019-07-17,0.0,16.9,29.7,60.0,1011.8,7.8,241.0,55.0,0.0
2019-07-18,3.3,18.3,26.6,74.0,1011.8,4.7,25.0,70.0,4.0
2019-07-19,1.3,17.2,29.3,75.0,1014.9,3.7,346.0,54.0,7.0
2019-07-20,0.1,19.5,31.0,70.0,1016.7,5.3,53.0,34.0,4.0
2019-07-21,0.0,21.3,30.2,73.0,1018.5,4.2,59.0,54.0,3.0
2019-07-22,0.0,20.6,32.1,68.0,1020.6,4.9,20.0,81.0,3.0
2019-07-23,0.0,21.8,33.3,65.0,1018.5,4.4,2.0,38.0,1.0
2019-07-24,0.0,22.3,35.2,57.0,1015.6,5.7,242.0,9.0,0.0
2019-07-25,0.0,23.0,33.9,68.0,1015.3,4.7,18.0,30.0,0.0
2019-07-26,0.3,23.2,32.3,74.0,1010.1,5.1,343.0,70.0,6.0
2019-07-27,24.7,19.8,27.9,86.0,1004.3,6.8,35.0,69.0,13.0
2019-07-28,32.8,18.9,21.9,92.0,998.3,9.1,10.0,100.0,23.0
2019-07-29,0.0,19.9,29.2,82.0,1004.6,4.3,31.0,65.0,10.0
2019-07-30,3.6,21.1,30.2,85.0,1009.8,5.2,38.0,34.0,14.0
2019-07-31,0.5,20.5,29.2,81.0,1011.7,4.4,350.0,32.0,9.0
2019-08-01,2.1,20.2,29.1,77.0,1013.4,5.9,62.0,46.0,9.0
2019-08-02,5.7,19.9,25.9,85.0,1011.2,6.5,26.0,78.0,13.0
2019-08-03,0.0,16.4,28.2,74.0,1011.6,6.3,243.0,10.0,8.0
2019-08-04,0.0,18.3,26.6,75.0,1014.5,6.2,54.0,34.0,2.0
2019-08-05,0.1,19.6,28.4,77.0,1014.8,4.8,60.0,55.0,9.0
2019-08-06,0.3,19.9,28.4,79.0,1013.9,5.2,50.0,58.0,8.0
2019-08-07,7.3,19.9,28.5,81.0,1011.5,5.1,54.0,87.0,10.0
2019-08-08,1.1,20.1,29.3,79.0,1011.1,4.3,9.0,51.0,8.0
2019-08-09,0.0,20.8,31.1,77.0,1013.7,4.4,81.0,21.0,10.0
2019-08-10,0.0,22.4,33.0,75.0,1013.6,5.8,58.0,19.0,7.0
2019-08-11,0.0,22.3,30.6,78.0,1014.3,7.3,76.0,5.0,7.0
2019-08-12,7.8,21.9,30.8,80.0,1011.6,6.1,24.0,39.0,10.0
2019-08-13,22.1,20.2,29.0,81.0,1010.7,5.3,21.0,58.0,14.0
2019-08-14,0.8,18.2,25.6,69.0,1013.6,6.7,50.0,45.0,3.0
2019-08-15,0.0,17.6,25.6,68.0,1015.5,5.0,30.0,45.0,0.0
2019-08-16,0.1,16.2,26.9,70.0,1015.9,5.7,79.0,33.0,6.0
2019-08-17,0.0,15.9,28.5,69.0,1016.1,5.3,185.0,57.0,1.0
2019-08-18,0.0,17.4,28.6,76.0,1015.0,5.7,74.0,12.0,5.0
2019-08-19,0.0,19.4,29.8,78.0,1015.5,5.1,46.0,33.0,9.0
2019-08-20,0.0,20.6,30.5,72.0,1016.6,5.3,60.0,36.0,6.0
2019-08-21,12.9,21.1,31.6,71.0,1017.9,9.9,45.0,68.0,6.0
2019-08-22,2.6,20.0,26.8,71.0,1020.6,8.6,44.0,70.0,1.0
2019-08-23,3.0,20.9,27.0,79.0,1020.9,8.7,24.0,97.0,5.0
2019-08-24,8.1,19.8,28.5,80.0,1019.0,5.5,351.0,89.0,10.0
2019-08-25,0.0,19.4,28.6,74.0,1017.5,5.8,3.0,58.0,3.0
2019-08-26,0.4,19.0,28.8,73.0,1017.4,6.3,26.0,41.0,0.0
2019-08-27,0.0,19.9,29.6,72.0,1017.2,4.3,31.0,40.0,2.0
2019-08-28,0.0,20.6,29.6,72.0,1016.8,3.6,21.0,92.0,1.0
2019-08-29,0.1,19.7,30.5,74.0,1016.7,5.1,279.0,59.0,5.0
2019-08-30,0.6,20.4,30.7,69.0,1018.3,6.8,10.0,35.0,3.0
2019-08-31,4.5,20.5,29.7,73.0,1016.3,7.4,8.0,77.0,5.0
2019-09-01,0.1,19.1,30.5,69.0,1011.8,4.0,270.0,67.0,0.0
2019-09-02,5.0,20.0,26.7,78.0,1012.9,5.7,354.0,75.0,6.0
2019-09-03,2.3,17.1,26.0,68.0,1019.4,9.6,77.0,22.0,3.0
2019-09-04,0.0,16.1,25.3,63.0,1018.5,5.1,52.0,5.0,0.0
2019-09-05,0.0,15.0,27.2,68.0,1012.5,6.4,29.0,17.0,5.0
2019-09-06,27.0,16.1,22.0,73.0,1015.1,13.0,52.0,89.0,14.0
2019-09-07,6.0,15.2,23.2,79.0,1014.4,5.7,8.0,64.0,9.0
2019-09-08,27.7,14.5,18.4,87.0,1012.4,9.8,47.0,78.0,17.0
2019-09-09,1.2,12.7,22.5,78.0,1011.9,6.1,235.0,36.0,12.0
2019-09-10,0.6,13.8,22.4,79.0,1016.7,9.2,42.0,54.0,4.0
2019-09-11,0.0,13.0,24.6,70.0,1020.5,5.2,304.0,46.0,0.0
2019-09-12,0.0,13.8,26.6,72.0,1026.8,5.0,270.0,5.0,4.0
2019-09-13,0.0,15.2,26.7,73.0,1029.0,4.5,40.0,10.0,4.0
2019-09-14,0.0,15.6,26.5,75.0,1027.6,5.2,41.0,14.0,5.0
2019-09-15,0.0,16.4,27.1,75.0,1024.1,5.2,276.0,30.0,5.0
2019-09-16,0.0,16.8,27.6,79.0,1018.2,4.9,228.0,8.0,10.0
2019-09-17,0.0,17.5,26.3,84.0,1014.1,4.1,36.0,32.0,12.0
2019-09-18,31.0,15.6,21.6,91.0,1015.8,11.5,56.0,85.0,21.0
2019-09-19,2.0,14.6,22.3,55.0,1020.1,13.4,70.0,55.0,2.0
2019-09-20,0.0,12.3,19.1,57.0,1025.6,10.5,51.0,34.0,0.0
2019-09-21,0.0,9.3,20.7,67.0,1024.2,5.7,36.0,26.0,1.0
2019-09-22,3.3,12.1,17.6,79.0,1018.6,4.6,13.0,90.0,8.0
2019-09-23,5.2,12.8,17.7,88.0,1013.2,3.6,285.0,92.0,10.0
2019-09-24,0.0,12.5,22.9,71.0,1012.6,7.1,233.0,48.0,0.0
2019-09-25,5.2,12.8,21.8,85.0,1010.0,5.3,39.0,56.0,9.0
2019-09-26,0.0,12.7,23.4,80.0,1013.9,4.8,302.0,32.0,11.0
2019-09-27,0.0,13.1,22.2,84.0,1016.8,5.0,25.0,70.0,12.0
2019-09-28,0.8,15.8,24.6,84.0,1015.8,6.0,25.0,62.0,13.0
2019-09-29,0.1,14.9,24.1,81.0,1014.5,6.3,247.0,40.0,11.0
2019-09-30,0.0,13.8,24.2,80.0,1010.1,7.3,340.0,17.0,5.0
2019-10-01,1.3,15.4,23.1,86.0,1011.3,6.2,43.0,43.0,12.0
2019-10-02,7.1,14.7,22.2,91.0,1004.5,5.4,23.0,72.0,18.0
2019-10-03,6.8,12.4,18.1,68.0,1011.5,7.8,81.0,45.0,6.0
2019-10-04,0.0,9.2,16.3,72.0,1013.9,5.1,10.0,78.0,0.0
2019-10-05,0.0,10.0,20.2,75.0,1009.7,4.5,7.0,33.0,4.0
2019-10-06,1.8,10.7,16.0,77.0,1014.6,9.4,26.0,67.0,11.0
2019-10-07,2.7,11.8,19.2,69.0,1013.0,10.8,54.0,61.0,5.0
2019-10-08,0.0,10.5,17.5,68.0,1019.3,6.2,42.0,44.0,0.0
2019-10-09,3.6,9.3,18.2,84.0,1016.4,4.1,3.0,57.0,8.0
2019-10-10,0.0,11.4,20.4,86.0,1015.5,5.1,263.0,46.0,15.0
2019-10-11,0.0,10.6,19.8,81.0,1022.9,5.6,36.0,9.0,9.0
2019-10-12,0.0,9.1,20.0,82.0,1023.0,4.3,234.0,34.0,7.0
2019-10-13,0.0,9.1,20.4,84.0,1023.0,4.3,245.0,74.0,11.0
2019-10-14,0.0,10.5,20.9,88.0,1021.3,4.7,323.0,45.0,15.0
2019-10-15,12.6,14.8,19.3,96.0,1014.9,8.6,51.0,98.0,20.0
2019-10-16,0.3,12.7,20.4,88.0,1014.5,5.5,270.0,50.0,13.0
2019-10-17,0.0,11.0,20.4,83.0,1018.5,5.4,259.0,47.0,9.0
2019-10-18,0.0,10.8,19.0,85.0,1017.2,5.4,229.0,71.0,8.0
2019-10-19,1.9,12.8,18.8,91.0,1016.1,6.9,33.0,82.0,15.0
2019-10-20,0.3,13.4,21.9,87.0,1017.8,7.0,58.0,49.0,13.0
2019-10-21,2.0,15.8,21.6,90.0,1021.5,10.3,45.0,87.0,14.0
2019-10-22,0.0,13.8,22.0,90.0,1022.5,3.5,166.0,54.0,16.0
2019-10-23,0.0,12.4,23.0,86.0,1019.5,5.0,170.0,38.0,14.0
2019-10-24,4.9,14.8,19.1,91.0,1016.5,6.7,30.0,92.0,17.0
2019-10-25,0.2,12.8,21.6,82.0,1019.1,5.7,7.0,64.0,10.0
2019-10-26,0.0,10.6,22.3,70.0,1022.5,6.0,241.0,0.0,3.0
2019-10-27,0.0,10.8,20.1,82.0,1020.4,5.0,330.0,13.0,6.0
2019-10-28,0.0,10.7,18.6,89.0,1016.6,4.6,7.0,77.0,14.0
2019-10-29,7.1,12.4,15.8,91.0,1015.9,7.1,41.0,93.0,20.0
2019-10-30,0.1,11.2,14.2,65.0,1021.2,13.1,48.0,100.0,0.0
2019-10-31,0.0,8.8,12.9,63.0,1021.4,12.1,45.0,95.0,0.0
2019-11-01,0.0,6.4,13.0,70.0,1018.8,6.8,34.0,59.0,0.0
2019-11-02,4.1,9.2,10.9,86.0,1009.4,4.4,42.0,99.0,13.0
2019-11-03,31.2,10.0,13.7,95.0,996.2,7.0,31.0,100.0,24.0
2019-11-04,1.1,9.5,15.7,91.0,996.5,7.6,237.0,49.0,17.0
2019-11-05,14.2,11.2,16.2,90.0,997.7,7.4,273.0,60.0,20.0
2019-11-06,10.5,7.8,13.5,88.0,1002.2,7.5,324.0,69.0,17.0
2019-11-07,0.3,6.6,14.3,86.0,1007.1,4.4,13.0,56.0,15.0
2019-11-08,29.1,8.8,11.6,89.0,1004.2,10.4,56.0,100.0,18.0
2019-11-09,13.0,5.5,13.0,88.0,1007.9,7.0,276.0,68.0,13.0
2019-11-10,0.0,2.9,13.9,77.0,1010.1,6.3,286.0,16.0,7.0
2019-11-11,6.6,3.3,8.6,90.0,1013.8,7.8,38.0,99.0,20.0
2019-11-12,26.0,7.9,10.7,93.0,1001.8,8.2,19.0,100.0,24.0
2019-11-13,17.9,3.9,13.3,80.0,997.9,10.8,333.0,59.0,12.0
2019-11-14,0.4,2.8,12.3,76.0,1008.2,7.7,44.0,46.0,5.0
2019-11-15,42.0,7.7,12.8,91.0,1003.1,13.3,73.0,94.0,23.0
2019-11-16,6.6,7.0,13.0,89.0,1010.4,7.2,35.0,87.0,16.0
2019-11-17,36.4,7.6,14.5,90.0,1004.2,12.4,52.0,97.0,20.0
2019-11-18,9.4,3.7,11.9,83.0,1011.7,7.9,10.0,53.0,8.0
2019-11-19,18.4,7.6,11.1,92.0,1015.6,11.2,44.0,100.0,23.0
2019-11-20,3.4,7.5,14.0,89.0,1012.7,8.5,250.0,97.0,15.0
2019-11-21,0.3,5.7,11.2,95.0,1012.4,4.8,347.0,88.0,19.0
2019-11-22,4.2,6.4,11.9,91.0,1013.4,9.0,41.0,77.0,19.0
2019-11-23,9.2,8.8,11.6,93.0,1009.5,13.5,50.0,99.0,24.0
2019-11-24,34.3,11.2,13.2,92.0,1007.6,18.0,52.0,100.0,24.0
2019-11-25,0.4,8.7,17.7,83.0,1008.3,6.1,88.0,41.0,8.0
2019-11-26,0.0,6.8,13.7,89.0,1009.6,4.4,28.0,85.0,13.0
2019-11-27,15.1,6.6,10.5,94.0,1006.1,6.5,27.0,93.0,24.0
2019-11-28,0.0,7.1,12.1,92.0,1003.3,7.0,228.0,72.0,18.0
2019-11-29,0.2,4.4,11.1,97.0,1008.3,4.9,329.0,77.0,21.0
2019-11-30,0.1,3.4,12.1,89.0,1017.8,6.3,47.0,72.0,13.0
2019-12-01,2.7,6.7,8.2,71.0,1020.9,10.5,45.0,99.0,2.0
2019-12-02,10.7,7.1,11.8,91.0,1016.0,6.5,49.0,94.0,17.0
2019-12-03,0.0,2.7,8.4,69.0,1025.0,9.2,39.0,32.0,0.0
2019-12-04,0.0,0.1,7.6,72.0,1026.5,7.0,17.0,2.0,0.0
2019-12-05,0.0,-1.7,8.3,73.0,1026.1,6.9,8.0,6.0,0.0
2019-12-06,0.0,-0.5,9.1,83.0,1024.3,5.1,244.0,36.0,7.0
2019-12-07,0.0,0.9,8.8,90.0,1019.4,5.0,284.0,46.0,17.0
2019-12-08,0.0,0.6,9.7,81.0,1019.6,5.8,272.0,33.0,2.0
2019-12-09,0.0,1.2,7.9,91.0,1009.6,4.3,302.0,78.0,15.0
2019-12-10,0.0,-0.8,12.4,83.0,1016.4,7.7,359.0,6.0,11.0
2019-12-11,0.0,-3.8,7.8,68.0,1017.7,5.1,282.0,30.0,0.0
2019-12-12,3.3,-1.9,3.2,86.0,1006.1,5.7,279.0,94.0,12.0
2019-12-13,9.5,-0.8,2.3,99.0,992.7,8.1,239.0,82.0,24.0
2019-12-14,0.0,-1.8,7.1,90.0,1000.8,5.6,272.0,20.0,18.0
2019-12-15,0.0,-0.3,8.5,76.0,1014.3,5.9,308.0,45.0,3.0
2019-12-16,0.0,1.6,9.6,86.0,1020.4,4.4,89.0,79.0,7.0
2019-12-17,2.0,5.6,10.6,93.0,1020.1,6.7,28.0,98.0,22.0
2019-12-18,0.5,8.1,14.4,96.0,1022.5,5.9,33.0,96.0,21.0
2019-12-19,3.8,8.1,13.0,93.0,1020.7,9.0,41.0,96.0,22.0
2019-12-20,12.2,7.5,9.9,98.0,1010.1,6.8,70.0,94.0,24.0
2019-12-21,32.2,7.6,12.4,93.0,994.6,11.5,298.0,70.0,19.0
2019-12-22,23.0,3.7,11.4,91.0,989.4,11.1,349.0,73.0,19.0
2019-12-23,0.0,1.7,15.1,73.0,1001.8,8.8,270.0,43.0,6.0
2019-12-24,0.0,1.9,10.4,69.0,1014.1,6.7,286.0,36.0,1.0
2019-12-25,0.0,-1.1,9.7,84.0,1015.0,4.1,28.0,15.0,7.0
2019-12-26,0.0,-1.0,11.3,71.0,1021.9,6.7,333.0,37.0,5.0
2019-12-27,0.0,0.9,10.4,80.0,1023.0,6.6,344.0,52.0,3.0
2019-12-28,0.0,2.1,10.2,85.0,1031.3,6.3,5.0,68.0,13.0
2019-12-29,0.0,0.3,6.2,88.0,1035.2,4.1,17.0,71.0,15.0
2019-12-30,0.0,-1.7,6.0,88.0,1036.7,4.7,40.0,29.0,12.0
2019-12-31,0.0,-2.0,6.5,94.0,1030.9,4.1,236.0,43.0,18.0
2020-01-01,0.0,-2.2,8.7,85.0,1031.8,4.6,348.0,40.0,10.0
2020-01-02,0.0,-1.3,10.1,79.0,1032.3,6.6,224.0,10.0,6.0
2020-01-03,0.0,-1.7,6.8,93.0,1027.9,4.5,243.0,71.0,20.0
2020-01-04,0.0,-1.4,8.5,86.0,1023.6,5.9,259.0,23.0,11.0
2020-01-05,0.0,0.1,12.8,71.0,1028.0,6.9,69.0,7.0,7.0
2020-01-06,0.0,-1.0,6.1,88.0,1032.3,6.0,334.0,27.0,11.0
2020-01-07,0.0,-3.2,5.8,89.0,1027.9,5.6,258.0,21.0,14.0
2020-01-08,0.0,-2.7,8.9,77.0,1030.8,5.3,229.0,16.0,7.0
2020-01-09,0.0,-1.0,8.4,81.0,1027.5,4.9,229.0,34.0,3.0
2020-01-10,0.0,-3.0,6.5,85.0,1025.0,4.6,328.0,24.0,8.0
2020-01-11,0.0,-1.5,10.4,77.0,1028.3,6.1,312.0,1.0,2.0
2020-01-12,0.0,-1.3,8.7,82.0,1029.4,5.7,38.0,5.0,6.0
2020-01-13,0.0,-2.2,8.0,78.0,1026.6,5.0,305.0,60.0,4.0
2020-01-14,0.0,-1.5,5.6,93.0,1026.0,5.0,233.0,61.0,19.0
2020-01-15,0.0,-0.4,6.6,90.0,1028.9,3.6,287.0,85.0,15.0
2020-01-16,0.0,-1.5,9.6,89.0,1030.7,3.7,259.0,54.0,16.0
2020-01-17,0.0,0.4,11.3,82.0,1025.5,5.1,225.0,19.0,5.0
2020-01-18,11.3,2.9,7.8,92.0,1023.0,5.9,8.0,99.0,22.0
2020-01-19,0.6,0.5,10.1,88.0,1028.1,5.7,1.0,79.0,14.0
2020-01-20,0.0,-1.3,9.2,68.0,1040.7,6.7,26.0,45.0,0.0
2020-01-21,0.0,-3.1,8.6,73.0,1042.3,5.6,240.0,41.0,0.0
2020-01-22,0.0,-2.4,7.3,82.0,1034.3,5.9,250.0,63.0,6.0
2020-01-23,0.0,-2.6,8.9,76.0,1031.7,7.6,1.0,2.0,6.0
2020-01-24,0.5,-0.7,7.3,78.0,1027.9,4.5,180.0,20.0,2.0
2020-01-25,0.1,0.9,8.2,81.0,1024.6,4.5,284.0,98.0,6.0
2020-01-26,1.3,4.1,10.0,94.0,1021.4,3.5,251.0,93.0,19.0
2020-01-27,0.0,1.2,10.3,94.0,1018.8,4.9,216.0,85.0,20.0
2020-01-28,1.2,3.4,9.8,91.0,1008.1,9.9,233.0,79.0,16.0
2020-01-29,0.0,1.0,10.5,86.0,1009.0,7.9,276.0,22.0,12.0
2020-01-30,0.0,0.4,10.5,89.0,1018.6,5.0,340.0,63.0,14.0
2020-01-31,0.0,1.7,8.8,93.0,1019.0,5.3,292.0,56.0,17.0
2020-02-01,0.0,4.0,9.8,88.0,1018.5,4.2,284.0,79.0,9.0
2020-02-02,0.0,3.5,8.3,96.0,1018.3,4.3,355.0,92.0,20.0
2020-02-03,0.0,3.8,9.1,94.0,1016.5,6.6,359.0,92.0,18.0
2020-02-04,0.2,4.0,16.5,66.0,1007.5,10.0,287.0,59.0,11.0
2020-02-05,0.0,-0.1,12.4,36.0,1018.5,13.9,309.0,3.0,0.0
2020-02-06,0.0,-3.6,10.4,53.0,1028.6,8.8,242.0,1.0,0.0
2020-02-07,0.0,-3.3,9.9,71.0,1026.9,4.8,320.0,0.0,0.0
2020-02-08,0.0,-0.7,9.6,61.0,1028.8,6.2,11.0,23.0,0.0
2020-02-09,0.0,-0.7,9.4,75.0,1029.4,4.8,236.0,46.0,0.0
2020-02-10,0.5,3.5,11.8,90.0,1015.9,6.8,222.0,79.0,15.0
2020-02-11,0.0,2.9,11.7,89.0,1007.6,6.3,43.0,45.0,11.0
2020-02-12,0.0,2.0,13.0,90.0,1016.2,5.7,41.0,44.0,17.0
2020-02-13,0.0,-0.9,11.7,76.0,1019.3,5.5,2.0,53.0,4.0
2020-02-14,4.5,3.2,15.8,85.0,1017.0,7.0,258.0,20.0,14.0
2020-02-15,0.0,1.6,12.8,80.0,1027.5,6.4,19.0,45.0,6.0
2020-02-16,0.0,0.5,12.0,86.0,1028.2,4.8,296.0,72.0,13.0
2020-02-17,0.5,4.3,9.5,94.0,1025.1,3.1,21.0,92.0,18.0
2020-02-18,0.2,6.5,13.5,89.0,1023.5,4.5,9.0,77.0,14.0
2020-02-19,0.7,3.7,12.7,83.0,1020.7,5.5,304.0,53.0,9.0
2020-02-20,0.0,-1.8,12.6,65.0,1024.4,5.5,252.0,4.0,0.0
2020-02-21,0.0,0.0,12.4,81.0,1024.4,6.2,1.0,14.0,8.0
2020-02-22,0.0,1.3,13.4,71.0,1031.1,5.7,358.0,35.0,1.0
2020-02-23,0.0,0.6,11.9,83.0,1025.8,6.1,348.0,65.0,7.0
2020-02-24,0.0,5.1,13.6,89.0,1019.8,8.3,29.0,75.0,15.0
2020-02-25,0.1,3.5,13.2,92.0,1010.4,5.5,233.0,88.0,16.0
2020-02-26,0.1,5.2,16.0,74.0,998.6,14.3,257.0,66.0,9.0
2020-02-27,0.0,-1.5,12.0,52.0,1007.3,7.4,247.0,42.0,0.0
2020-02-28,0.0,2.0,14.6,44.0,1012.8,11.0,274.0,3.0,0.0
2020-02-29,0.0,1.4,11.0,58.0,1016.3,4.7,4.0,89.0,0.0
2020-03-01,11.1,6.3,8.0,90.0,1006.9,7.1,357.0,96.0,20.0
2020-03-02,20.0,5.3,7.7,91.0,999.3,16.9,68.0,71.0,18.0
2020-03-03,20.5,6.1,9.8,91.0,997.3,8.7,20.0,87.0,24.0
2020-03-04,0.3,4.7,12.5,76.0,1010.5,5.9,20.0,44.0,3.0
2020-03-05,3.9,2.2,10.4,82.0,1010.3,5.5,45.0,72.0,10.0
2020-03-06,18.9,3.4,12.4,82.0,999.6,14.7,254.0,73.0,13.0
2020-03-07,3.0,3.3,14.6,81.0,1010.7,6.2,307.0,69.0,12.0
2020-03-08,0.0,0.5,13.1,62.0,1020.0,6.0,247.0,10.0,0.0
2020-03-09,0.6,1.7,11.5,79.0,1014.6,5.8,355.0,94.0,5.0
2020-03-10,0.0,3.7,14.0,75.0,1016.9,4.6,251.0,60.0,3.0
2020-03-11,0.0,2.9,15.7,81.0,1018.5,5.8,2.0,7.0,12.0
2020-03-12,0.0,4.5,15.0,83.0,1019.4,6.5,256.0,50.0,11.0
2020-03-13,0.0,7.6,15.4,86.0,1015.4,6.4,14.0,86.0,10.0
2020-03-14,2.3,8.1,13.1,67.0,1018.5,13.7,45.0,96.0,2.0
2020-03-15,0.0,3.5,12.9,69.0,1024.4,7.8,57.0,15.0,0.0
2020-03-16,0.0,1.9,14.1,59.0,1026.7,6.1,54.0,1.0,0.0
2020-03-17,0.0,1.9,15.2,72.0,1030.3,4.5,295.0,25.0,2.0
2020-03-18,0.0,4.0,18.9,74.0,1028.3,5.2,286.0,2.0,9.0
2020-03-19,0.0,5.0,19.5,69.0,1024.9,4.9,223.0,1.0,1.0
2020-03-20,0.2,6.5,17.8,85.0,1021.8,5.9,74.0,20.0,13.0
2020-03-21,0.0,7.2,15.8,88.0,1016.2,4.6,64.0,83.0,14.0
2020-03-22,0.0,7.5,13.3,62.0,1020.2,15.5,74.0,84.0,3.0
2020-03-23,0.0,2.6,8.1,41.0,1028.1,9.6,96.0,61.0,0.0
2020-03-24,0.0,-1.9,10.5,50.0,1026.2,6.3,110.0,43.0,0.0
2020-03-25,0.1,1.7,8.6,48.0,1021.8,18.5,70.0,60.0,0.0
2020-03-26,0.5,2.7,9.3,49.0,1016.4,17.9,56.0,95.0,0.0
2020-03-27,0.1,6.8,14.3,58.0,1016.0,11.2,61.0,91.0,0.0
2020-03-28,0.0,6.4,17.3,59.0,1014.9,5.3,199.0,22.0,0.0
2020-03-29,3.2,6.5,18.2,76.0,1012.7,5.3,315.0,67.0,5.0
2020-03-30,4.6,5.5,13.0,71.0,1015.5,17.2,63.0,90.0,7.0
2020-03-31,1.0,3.2,10.1,56.0,1022.3,10.7,69.0,72.0,2.0
2020-04-01,0.0,-0.5,10.3,54.0,1021.8,6.0,56.0,13.0,0.0
2020-04-02,0.0,-0.7,12.7,64.0,1015.2,5.8,228.0,0.0,0.0
2020-04-03,0.0,0.7,15.2,68.0,1014.1,4.5,270.0,1.0,0.0
2020-04-04,0.0,2.3,17.2,60.0,1020.6,7.6,102.0,6.0,1.0
2020-04-05,0.0,5.2,18.3,56.0,1024.5,11.1,46.0,3.0,0.0
2020-04-06,0.0,6.0,20.1,52.0,1026.1,10.5,46.0,0.0,0.0
2020-04-07,0.0,7.2,20.0,46.0,1028.9,8.0,64.0,0.0,0.0
2020-04-08,0.0,6.0,20.0,41.0,1027.0,8.3,43.0,0.0,0.0
2020-04-09,0.0,6.1,21.6,45.0,1022.5,4.4,249.0,0.0,0.0
2020-04-10,0.0,5.9,23.6,53.0,1021.7,6.3,250.0,0.0,0.0
2020-04-11,0.0,7.1,24.0,55.0,1020.9,6.0,234.0,2.0,0.0
2020-04-12,0.0,9.3,23.7,58.0,1019.0,5.5,53.0,25.0,0.0
2020-04-13,0.0,8.7,22.2,56.0,1014.1,7.2,214.0,92.0,0.0
2020-04-14,1.8,7.4,18.2,65.0,1013.8,13.8,70.0,56.0,2.0
2020-04-15,0.0,5.8,14.7,57.0,1025.2,7.2,75.0,34.0,0.0
2020-04-16,0.0,3.8,19.0,59.0,1021.9,7.5,224.0,57.0,1.0
2020-04-17,0.0,5.2,20.1,69.0,1018.5,4.4,43.0,42.0,0.0
2020-04-18,0.0,7.9,21.5,74.0,1016.5,4.7,57.0,65.0,9.0
2020-04-19,0.0,8.6,21.9,69.0,1013.7,6.2,68.0,77.0,6.0
2020-04-20,3.2,12.8,17.3,68.0,1013.7,16.4,59.0,100.0,6.0
2020-04-21,1.4,11.0,18.4,42.0,1014.0,17.0,68.0,84.0,3.0
2020-04-22,0.0,10.1,20.3,42.0,1017.3,14.5,65.0,5.0,0.0
2020-04-23,0.0,8.7,20.7,52.0,1018.7,8.8,69.0,1.0,0.0
2020-04-24,0.0,7.9,22.0,51.0,1014.0,10.6,226.0,28.0,0.0
2020-04-25,0.0,9.2,23.3,64.0,1008.4,5.8,339.0,28.0,0.0
2020-04-26,1.4,11.8,19.8,74.0,1009.3,7.3,57.0,45.0,3.0
2020-04-27,0.4,10.6,20.9,77.0,1011.5,4.5,49.0,45.0,8.0
2020-04-28,4.4,11.9,17.8,89.0,1010.3,6.0,56.0,83.0,18.0
2020-04-29,4.7,11.1,19.5,85.0,1007.3,6.5,25.0,63.0,15.0
2020-04-30,4.5,9.7,19.7,80.0,1010.0,5.4,42.0,64.0,12.0
2020-05-01,1.1,10.4,19.4,86.0,1006.8,5.0,135.0,77.0,13.0
2020-05-02,0.3,11.2,20.3,82.0,1007.1,5.2,41.0,65.0,11.0
2020-05-03,1.1,11.5,20.7,63.0,1013.9,7.8,76.0,23.0,5.0
2020-05-04,0.0,10.7,21.7,59.0,1018.1,5.1,228.0,21.0,0.0
2020-05-05,0.1,9.0,21.3,69.0,1014.1,5.6,38.0,73.0,0.0
2020-05-06,0.0,11.1,19.7,66.0,1016.0,9.6,62.0,63.0,0.0
2020-05-07,0.0,10.0,22.5,63.0,1021.5,6.3,210.0,3.0,0.0
2020-05-08,0.0,8.9,24.4,64.0,1020.1,5.4,83.0,68.0,2.0
2020-05-09,0.0,11.0,24.5,66.0,1015.3,5.0,68.0,39.0,2.0
2020-05-10,0.0,13.7,21.4,73.0,1011.5,9.4,62.0,77.0,0.0
2020-05-11,19.7,14.8,19.7,87.0,1005.5,8.0,69.0,92.0,19.0
2020-05-12,16.7,11.1,22.2,82.0,1008.5,12.5,105.0,57.0,20.0
2020-05-13,5.6,10.3,18.9,84.0,1012.0,9.9,51.0,82.0,14.0
2020-05-14,1.4,12.2,22.8,78.0,1008.0,6.0,93.0,56.0,10.0
2020-05-15,11.7,14.5,20.6,79.0,1009.4,11.7,61.0,66.0,9.0
2020-05-16,3.3,13.7,20.5,77.0,1018.7,11.8,52.0,92.0,9.0
2020-05-17,2.4,13.1,24.1,77.0,1017.3,6.1,48.0,61.0,9.0
2020-05-18,0.0,14.7,24.6,69.0,1019.2,7.7,58.0,64.0,1.0
2020-05-19,4.0,16.4,21.5,74.0,1014.9,9.9,60.0,94.0,4.0
2020-05-20,0.8,15.3,24.4,77.0,1013.3,5.5,207.0,65.0,6.0
2020-05-21,0.3,14.3,24.3,71.0,1018.2,7.7,212.0,30.0,6.0
2020-05-22,0.0,14.7,25.1,65.0,1023.0,4.5,60.0,69.0,0.0
2020-05-23,1.2,14.7,24.8,69.0,1022.1,5.5,60.0,80.0,2.0
2020-05-24,2.1,14.4,22.6,71.0,1024.3,6.4,62.0,63.0,6.0
2020-05-25,0.0,12.6,24.9,61.0,1025.3,7.9,252.0,31.0,0.0
2020-05-26,0.1,13.5,22.0,62.0,1027.2,8.3,58.0,27.0,0.0
2020-05-27,0.0,11.3,23.1,60.0,1029.0,5.7,225.0,12.0,2.0
2020-05-28,3.5,12.8,23.4,55.0,1024.0,5.4,12.0,51.0,2.0
2020-05-29,6.4,12.0,21.2,66.0,1021.5,7.8,50.0,34.0,8.0
2020-05-30,1.0,12.1,21.3,62.0,1017.5,7.4,53.0,50.0,1.0
2020-05-31,0.7,14.0,21.0,70.0,1016.6,5.6,30.0,83.0,2.0
2020-06-01,0.0,13.2,25.0,63.0,1017.1,4.6,231.0,31.0,3.0
2020-06-02,0.5,15.4,25.8,59.0,1013.7,5.0,353.0,46.0,1.0
2020-06-03,0.6,13.6,26.4,71.0,1008.1,5.2,8.0,61.0,4.0
2020-06-04,30.2,15.3,19.7,90.0,1002.2,7.2,118.0,95.0,19.0
2020-06-05,21.9,15.0,21.7,81.0,998.0,6.9,53.0,53.0,11.0
2020-06-06,5.9,15.4,23.3,84.0,1006.2,8.8,39.0,52.0,10.0
2020-06-07,3.6,14.9,23.3,90.0,1006.7,7.6,28.0,78.0,17.0
2020-06-08,27.5,15.4,21.2,91.0,1007.8,10.6,45.0,90.0,23.0
2020-06-09,6.5,15.0,21.7,84.0,1009.4,7.9,47.0,80.0,12.0
2020-06-10,9.1,13.8,20.4,88.0,1009.6,3.8,20.0,85.0,18.0
2020-06-11,8.9,13.3,19.4,84.0,1010.3,5.4,58.0,77.0,11.0
2020-06-12,0.0,11.5,24.1,71.0,1011.6,8.5,231.0,27.0,6.0
2020-06-13,0.4,13.2,25.4,74.0,1010.9,6.3,240.0,25.0,6.0
2020-06-14,11.3,16.8,23.6,81.0,1009.8,6.2,232.0,74.0,12.0
2020-06-15,8.7,16.9,21.9,90.0,1012.3,3.5,74.0,86.0,18.0
2020-06-16,1.0,17.1,24.7,82.0,1012.3,3.9,241.0,86.0,9.0
2020-06-17,8.0,16.2,23.6,83.0,1009.9,7.2,239.0,72.0,9.0
2020-06-18,0.1,14.8,25.4,74.0,1010.5,10.2,244.0,18.0,5.0
2020-06-19,3.2,14.8,25.0,79.0,1013.6,7.9,261.0,42.0,13.0
2020-06-20,0.0,12.3,25.9,71.0,1015.8,6.8,243.0,15.0,7.0
2020-06-21,0.3,15.2,27.2,71.0,1014.5,5.5,27.0,48.0,6.0
2020-06-22,0.0,15.2,30.0,63.0,1016.0,5.2,254.0,8.0,4.0
2020-06-23,0.0,16.7,30.1,62.0,1017.7,5.5,51.0,9.0,0.0
2020-06-24,1.3,18.1,25.8,68.0,1019.3,9.5,83.0,39.0,2.0
2020-06-25,6.8,17.6,23.2,82.0,1018.6,9.2,56.0,56.0,11.0
2020-06-26,0.0,16.5,27.5,73.0,1017.2,5.2,84.0,39.0,3.0
2020-06-27,0.0,18.8,28.8,74.0,1015.6,4.1,62.0,23.0,5.0
2020-06-28,0.0,18.4,30.5,74.0,1014.7,4.1,36.0,17.0,8.0
2020-06-29,1.5,18.9,30.4,73.0,1010.4,9.0,16.0,22.0,10.0
2020-06-30,0.5,20.6,28.0,66.0,1011.6,8.9,60.0,21.0,1.0
2020-07-01,0.2,21.2,28.2,78.0,1011.3,5.4,27.0,46.0,4.0
2020-07-02,1.1,20.0,28.2,80.0,1010.4,3.9,346.0,66.0,8.0
2020-07-03,4.5,19.1,27.6,72.0,1012.4,8.6,47.0,70.0,8.0
2020-07-04,0.0,18.7,28.2,64.0,1016.5,6.1,38.0,47.0,1.0
2020-07-05,0.0,18.4,29.2,63.0,1016.1,5.2,259.0,12.0,0.0
2020-07-06,0.4,19.1,30.7,67.0,1010.0,4.3,355.0,16.0,3.0
2020-07-07,5.4,16.9,24.9,57.0,1015.0,11.0,71.0,24.0,4.0
2020-07-08,0.0,14.7,27.2,60.0,1017.2,6.0,352.0,8.0,0.0
2020-07-09,0.0,16.8,29.5,60.0,1016.6,4.4,36.0,38.0,0.0
2020-07-10,0.0,18.1,32.0,63.0,1014.3,5.6,117.0,41.0,1.0
2020-07-11,14.9,17.9,27.9,77.0,1014.1,8.0,43.0,72.0,5.0
2020-07-12,0.0,15.9,26.1,63.0,1020.7,8.9,65.0,15.0,3.0
2020-07-13,0.0,18.1,25.7,51.0,1020.4,10.0,50.0,53.0,0.0
2020-07-14,0.0,17.9,25.7,53.0,1015.8,6.6,35.0,58.0,0.0
2020-07-15,0.0,17.0,27.8,57.0,1013.1,4.2,20.0,54.0,0.0
2020-07-16,1.1,16.5,27.5,71.0,1013.7,5.9,34.0,44.0,2.0
2020-07-17,4.3,18.3,25.5,76.0,1013.8,9.3,56.0,66.0,10.0
2020-07-18,2.5,16.2,25.6,70.0,1015.8,6.4,40.0,33.0,7.0
2020-07-19,0.0,16.0,27.3,68.0,1015.3,4.7,48.0,16.0,5.0
2020-07-20,0.0,17.8,30.3,66.0,1016.1,4.8,43.0,16.0,1.0
2020-07-21,0.0,19.1,31.7,67.0,1018.0,4.6,24.0,26.0,5.0
2020-07-22,0.1,19.8,30.8,69.0,1016.6,5.1,25.0,57.0,1.0
2020-07-23,5.5,20.2,29.5,71.0,1013.1,4.6,310.0,44.0,4.0
2020-07-24,15.3,18.1,21.8,85.0,1011.3,9.1,228.0,94.0,13.0
2020-07-25,0.0,15.3,27.7,72.0,1012.5,6.5,256.0,33.0,4.0
2020-07-26,0.0,17.6,28.7,74.0,1013.8,5.6,48.0,53.0,6.0
2020-07-27,0.0,18.7,29.9,72.0,1016.5,4.7,24.0,17.0,5.0
2020-07-28,0.0,19.3,31.1,70.0,1014.8,5.1,233.0,7.0,2.0
2020-07-29,0.0,21.9,32.0,69.0,1014.5,4.9,28.0,25.0,0.0
2020-07-30,1.2,21.6,33.1,71.0,1016.4,4.5,26.0,38.0,6.0
2020-07-31,1.7,22.9,34.6,70.0,1014.4,4.9,268.0,55.0,2.0
2020-08-01,0.0,23.0,34.0,70.0,1012.2,4.1,17.0,26.0,5.0
2020-08-02,0.9,22.6,29.7,71.0,1010.7,7.5,63.0,64.0,2.0
2020-08-03,33.9,19.7,26.3,84.0,1005.1,5.6,347.0,86.0,14.0
2020-08-04,5.1,17.5,23.4,81.0,1004.9,7.0,339.0,86.0,11.0
2020-08-05,0.0,17.3,26.0,62.0,1012.8,6.3,85.0,60.0,0.0
2020-08-06,0.0,17.6,28.7,72.0,1016.2,4.9,215.0,20.0,0.0
2020-08-07,0.0,19.5,30.1,70.0,1018.3,4.9,350.0,14.0,5.0
2020-08-08,0.0,19.3,32.1,55.0,1017.8,6.9,316.0,2.0,0.0
2020-08-09,0.0,20.0,32.1,61.0,1015.8,4.9,273.0,12.0,0.0
2020-08-10,0.0,21.1,31.4,71.0,1014.4,4.2,23.0,38.0,1.0
2020-08-11,0.3,20.9,31.8,75.0,1015.2,3.9,18.0,54.0,8.0
2020-08-12,0.1,22.2,29.9,74.0,1015.9,4.1,5.0,62.0,4.0
2020-08-13,3.5,21.5,30.2,75.0,1014.7,5.5,250.0,63.0,4.0
2020-08-14,0.2,21.1,28.4,75.0,1012.4,4.4,53.0,51.0,3.0
2020-08-15,0.0,19.5,29.6,75.0,1012.0,3.9,13.0,38.0,6.0
2020-08-16,0.0,19.5,29.4,72.0,1011.3,4.1,21.0,74.0,2.0
2020-08-17,2.7,20.5,28.1,75.0,1010.2,5.0,19.0,83.0,6.0
2020-08-18,0.4,17.5,27.2,79.0,1010.1,4.8,32.0,64.0,5.0
2020-08-19,0.3,18.1,28.4,73.0,1010.7,4.3,253.0,40.0,7.0
2020-08-20,0.2,20.3,30.5,73.0,1012.7,4.5,40.0,33.0,3.0
2020-08-21,0.0,20.7,31.7,72.0,1015.6,4.9,155.0,4.0,9.0
2020-08-22,0.0,21.3,32.7,72.0,1014.3,4.1,46.0,6.0,8.0
2020-08-23,5.4,20.6,30.0,73.0,1013.2,8.0,60.0,49.0,5.0
2020-08-24,2.6,18.4,27.6,74.0,1013.5,9.3,36.0,69.0,8.0
2020-08-25,0.0,16.7,28.0,65.0,1014.4,4.7,304.0,13.0,3.0
2020-08-26,0.0,17.7,29.6,65.0,1013.9,6.6,235.0,45.0,0.0
2020-08-27,0.9,20.6,28.1,75.0,1013.1,5.2,40.0,46.0,9.0
2020-08-28,1.3,19.2,29.1,76.0,1008.3,6.9,46.0,56.0,5.0
2020-08-29,18.5,19.1,25.2,91.0,1004.3,8.1,40.0,76.0,19.0
2020-08-30,33.8,18.3,24.3,89.0,1005.0,6.9,10.0,79.0,17.0
2020-08-31,15.9,16.2,22.7,90.0,1011.7,6.6,24.0,95.0,19.0
2020-09-01,0.4,14.6,24.2,82.0,1011.5,9.5,232.0,47.0,10.0
2020-09-02,3.9,14.4,22.6,80.0,1015.4,7.0,31.0,41.0,9.0
2020-09-03,0.1,13.9,24.1,72.0,1020.6,4.0,358.0,13.0,2.0
2020-09-04,0.0,14.8,26.4,74.0,1025.2,4.5,295.0,13.0,3.0
2020-09-05,0.0,15.1,27.1,79.0,1018.8,5.4,244.0,1.0,10.0
2020-09-06,0.5,17.0,25.8,85.0,1013.5,5.3,22.0,45.0,12.0
2020-09-07,6.5,17.4,24.1,85.0,1016.5,10.1,35.0,64.0,14.0
2020-09-08,0.0,16.3,25.5,72.0,1024.8,7.5,36.0,6.0,0.0
2020-09-09,0.0,14.7,26.8,74.0,1023.0,6.5,244.0,11.0,7.0
2020-09-10,0.0,16.6,26.8,80.0,1017.1,6.2,12.0,72.0,8.0
2020-09-11,0.0,18.1,27.7,71.0,1014.7,7.0,47.0,71.0,3.0
2020-09-12,0.0,16.6,28.3,72.0,1017.4,7.4,1.0,8.0,5.0
2020-09-13,0.0,16.7,29.2,71.0,1023.1,7.2,359.0,4.0,3.0
2020-09-14,0.0,17.2,28.9,70.0,1025.4,8.2,31.0,3.0,4.0
2020-09-15,0.0,17.2,28.7,68.0,1021.9,8.7,11.0,20.0,0.0
2020-09-16,0.0,17.1,29.0,67.0,1017.3,6.1,319.0,14.0,0.0
2020-09-17,0.0,17.4,29.6,66.0,1016.2,5.4,360.0,21.0,0.0
2020-09-18,0.0,16.1,26.6,66.0,1020.0,7.7,50.0,6.0,0.0
2020-09-19,0.0,15.2,24.2,61.0,1020.0,7.3,34.0,40.0,0.0
2020-09-20,0.0,14.1,24.6,73.0,1016.1,5.1,15.0,39.0,5.0
2020-09-21,0.3,15.0,25.6,76.0,1015.8,4.1,35.0,58.0,8.0
2020-09-22,7.1,17.1,23.6,87.0,1014.5,5.3,45.0,89.0,16.0
2020-09-23,6.4,16.7,23.2,83.0,1010.2,5.2,224.0,76.0,13.0
2020-09-24,8.4,15.1,23.5,87.0,1010.3,5.6,24.0,69.0,16.0
2020-09-25,18.5,12.1,20.7,86.0,996.6,7.8,9.0,86.0,16.0
2020-09-26,0.2,11.3,20.3,61.0,996.6,8.5,237.0,83.0,0.0
2020-09-27,2.8,10.3,16.3,76.0,1004.6,13.6,49.0,76.0,4.0
2020-09-28,4.5,9.9,15.2,82.0,1007.0,7.0,241.0,89.0,10.0
2020-09-29,0.0,7.0,20.3,77.0,1015.8,4.4,302.0,34.0,9.0
2020-09-30,0.0,9.2,20.9,80.0,1014.9,4.9,347.0,28.0,10.0
2020-10-01,0.0,11.2,21.1,82.0,1008.2,6.3,268.0,56.0,11.0
2020-10-02,11.9,13.4,18.2,95.0,1003.2,11.1,48.0,97.0,23.0
2020-10-03,7.3,13.3,18.9,87.0,999.6,10.3,83.0,77.0,13.0
2020-10-04,6.9,10.8,17.6,79.0,1005.2,7.5,51.0,60.0,5.0
2020-10-05,11.3,12.7,18.9,82.0,1008.2,9.8,233.0,64.0,10.0
2020-10-06,0.1,8.3,18.8,80.0,1013.1,5.7,230.0,55.0,9.0
2020-10-07,0.3,11.9,19.5,84.0,1011.7,5.5,44.0,41.0,9.0
2020-10-08,0.0,7.7,20.8,77.0,1021.5,5.4,280.0,25.0,6.0
2020-10-09,0.0,9.3,19.9,78.0,1022.4,4.2,315.0,85.0,7.0
2020-10-10,1.1,10.8,20.4,83.0,1017.7,5.4,293.0,51.0,12.0
2020-10-11,33.2,9.2,14.0,90.0,1012.9,12.9,32.0,99.0,24.0
2020-10-12,0.1,8.3,17.2,71.0,1012.0,6.8,325.0,74.0,0.0
2020-10-13,0.0,3.5,16.4,63.0,1009.4,6.8,265.0,5.0,0.0
2020-10-14,0.0,3.1,15.4,74.0,1009.1,5.2,16.0,32.0,1.0
2020-10-15,35.4,9.9,11.8,84.0,1006.3,17.0,43.0,100.0,22.0
2020-10-16,0.1,8.8,16.6,77.0,1011.7,6.8,309.0,87.0,4.0
2020-10-17,0.0,5.9,15.9,86.0,1015.1,5.6,355.0,49.0,14.0
2020-10-18,0.3,7.7,16.2,84.0,1020.3,4.5,34.0,28.0,10.0
2020-10-19,0.0,7.1,16.2,84.0,1023.9,5.0,259.0,35.0,11.0
2020-10-20,0.0,6.3,16.6,88.0,1024.7,5.0,232.0,76.0,15.0
2020-10-21,0.0,6.4,16.0,87.0,1023.6,7.3,221.0,51.0,12.0
2020-10-22,0.0,7.6,16.5,91.0,1023.6,3.8,326.0,67.0,17.0
2020-10-23,4.9,10.2,15.8,95.0,1020.7,4.0,32.0,94.0,20.0
2020-10-24,10.8,10.4,17.9,93.0,1016.3,4.0,313.0,71.0,20.0
2020-10-25,0.0,10.4,18.2,89.0,1014.5,9.0,227.0,24.0,14.0
2020-10-26,10.4,11.4,17.2,91.0,1008.4,7.3,70.0,75.0,17.0
2020-10-27,18.2,9.9,16.2,87.0,1008.2,5.0,288.0,55.0,14.0
2020-10-28,0.0,6.9,16.5,84.0,1016.8,6.2,244.0,41.0,11.0
2020-10-29,0.1,7.1,17.3,83.0,1018.8,4.1,270.0,77.0,7.0
2020-10-30,0.0,6.5,16.8,85.0,1023.3,4.8,296.0,43.0,11.0
2020-10-31,0.0,6.6,17.1,89.0,1023.6,5.1,275.0,39.0,13.0
2020-11-01,0.0,8.6,16.0,92.0,1022.0,4.8,245.0,78.0,16.0
2020-11-02,0.2,10.1,13.7,94.0,1023.2,3.9,357.0,94.0,18.0
2020-11-03,0.3,11.0,16.3,87.0,1023.6,3.7,333.0,90.0,12.0
2020-11-04,0.1,10.4,16.8,90.0,1023.2,4.1,41.0,84.0,13.0
2020-11-05,0.0,10.1,17.9,84.0,1029.4,6.6,47.0,44.0,12.0
2020-11-06,0.0,7.6,16.7,76.0,1032.0,6.4,43.0,7.0,3.0
2020-11-07,0.0,5.8,17.8,85.0,1029.8,5.5,251.0,0.0,13.0
2020-11-08,0.0,6.1,14.9,90.0,1026.5,5.1,267.0,11.0,15.0
2020-11-09,0.0,6.3,16.5,85.0,1024.3,4.7,284.0,19.0,10.0
2020-11-10,0.0,5.7,15.6,84.0,1025.4,5.1,48.0,67.0,9.0
2020-11-11,0.8,3.5,13.4,84.0,1026.3,7.5,25.0,33.0,14.0
2020-11-12,0.0,5.2,12.9,87.0,1025.3,4.7,16.0,47.0,15.0
2020-11-13,0.0,4.0,13.2,91.0,1025.7,5.4,276.0,32.0,15.0
2020-11-14,0.0,6.1,12.8,91.0,1026.0,4.2,309.0,71.0,16.0
2020-11-15,0.0,4.8,13.7,91.0,1023.0,5.8,240.0,28.0,15.0
2020-11-16,8.3,7.1,13.2,93.0,1018.3,5.0,6.0,65.0,19.0
2020-11-17,0.0,3.3,15.0,82.0,1026.7,5.3,284.0,19.0,11.0
2020-11-18,0.0,3.3,14.7,83.0,1029.7,5.9,259.0,8.0,11.0
2020-11-19,0.0,4.3,13.0,80.0,1023.7,3.0,278.0,5.0,7.0
2020-11-20,1.4,4.6,13.2,78.0,1023.2,6.3,46.0,59.0,5.0
2020-11-21,0.0,-0.5,9.4,58.0,1033.1,9.1,40.0,3.0,0.0
2020-11-22,0.0,-2.6,8.9,69.0,1032.1,6.2,266.0,29.0,3.0
2020-11-23,0.0,-0.7,8.5,78.0,1028.9,4.7,333.0,62.0,2.0
2020-11-24,0.0,1.2,11.1,63.0,1028.0,6.7,359.0,14.0,0.0
2020-11-25,0.0,-1.1,11.0,77.0,1024.8,5.3,240.0,0.0,2.0
2020-11-26,0.0,1.1,10.7,81.0,1025.0,5.3,258.0,42.0,8.0
2020-11-27,0.0,-0.4,8.8,92.0,1023.4,3.3,292.0,56.0,17.0
2020-11-28,0.0,1.8,8.8,83.0,1019.8,5.9,335.0,65.0,8.0
2020-11-29,0.0,1.5,8.5,77.0,1018.7,8.1,29.0,63.0,0.0
2020-11-30,0.0,-1.1,7.7,79.0,1024.0,8.7,17.0,7.0,1.0
2020-12-01,0.0,-0.8,5.8,72.0,1018.5,9.8,42.0,71.0,0.0
2020-12-02,20.1,1.1,3.5,81.0,1013.1,17.9,53.0,100.0,21.0
2020-12-03,3.8,0.3,6.4,93.0,1008.2,5.6,213.0,65.0,19.0
2020-12-04,13.5,-0.4,6.0,93.0,1002.3,12.2,60.0,88.0,19.0
2020-12-05,22.9,6.4,12.2,94.0,999.4,9.2,50.0,100.0,24.0
2020-12-06,23.7,6.3,11.8,95.0,998.3,11.9,74.0,100.0,24.0
2020-12-07,5.6,2.0,8.1,93.0,1003.7,8.1,57.0,74.0,22.0
2020-12-08,27.6,3.9,6.4,86.0,1003.4,16.8,45.0,97.0,15.0
2020-12-09,17.5,6.0,9.0,87.0,1001.5,15.4,45.0,99.0,14.0
2020-12-10,1.8,3.2,8.8,88.0,1005.4,4.5,9.0,54.0,15.0
2020-12-11,0.0,0.8,8.4,88.0,1005.9,4.6,277.0,64.0,13.0
2020-12-12,0.3,1.7,7.4,92.0,1002.3,4.2,292.0,93.0,18.0
2020-12-13,0.0,0.1,8.2,91.0,1010.2,5.4,243.0,9.0,17.0
2020-12-14,0.0,0.1,10.4,85.0,1018.3,3.6,264.0,33.0,10.0
2020-12-15,0.0,0.5,8.9,88.0,1020.2,4.4,235.0,84.0,13.0
2020-12-16,0.5,1.6,8.0,95.0,1023.4,3.9,252.0,93.0,19.0
2020-12-17,0.0,3.1,8.9,94.0,1026.3,4.2,335.0,89.0,19.0
2020-12-18,0.0,2.3,11.2,88.0,1027.9,4.5,275.0,67.0,16.0
2020-12-19,0.0,3.4,10.1,84.0,1026.3,3.5,331.0,59.0,6.0
2020-12-20,0.6,5.1,8.8,93.0,1025.8,3.8,332.0,80.0,18.0
2020-12-21,0.6,4.0,9.4,96.0,1026.7,3.9,236.0,70.0,20.0
2020-12-22,0.1,5.2,9.0,96.0,1025.4,4.5,284.0,97.0,22.0
2020-12-23,0.1,6.0,9.6,95.0,1024.6,4.3,327.0,98.0,19.0
2020-12-24,2.4,5.6,7.7,98.0,1014.9,2.8,352.0,98.0,24.0
2020-12-25,11.4,3.8,8.1,93.0,1009.9,11.2,49.0,97.0,24.0
2020-12-26,0.0,-0.7,8.1,77.0,1017.5,8.2,32.0,26.0,4.0
2020-12-27,0.0,-4.3,4.6,68.0,1012.1,6.6,248.0,26.0,0.0
2020-12-28,21.7,-0.8,2.4,89.0,991.5,12.9,52.0,90.0,20.0
2020-12-29,6.9,-0.7,5.8,90.0,997.1,7.0,18.0,93.0,18.0
2020-12-30,3.3,0.1,7.0,93.0,1004.0,4.5,275.0,94.0,18.0
2020-12-31,1.1,-0.8,6.8,91.0,1009.6,5.5,239.0,37.0,18.0
2021-01-01,14.0,-0.5,6.1,89.0,1010.7,6.8,28.0,99.0,13.0
2021-01-02,23.7,4.8,7.4,90.0,1008.1,13.9,45.0,100.0,19.0
2021-01-03,9.1,4.4,9.7,89.0,1009.2,7.7,42.0,85.0,18.0
2021-01-04,0.2,0.7,7.2,91.0,1010.9,6.8,39.0,87.0,16.0
2021-01-05,15.7,1.3,6.2,89.0,1009.6,9.5,37.0,97.0,18.0
2021-01-06,3.3,1.2,6.0,91.0,1009.9,5.3,278.0,93.0,16.0
2021-01-07,0.0,0.8,5.0,94.0,1014.6,4.3,294.0,83.0,21.0
2021-01-08,0.0,-3.0,7.5,78.0,1013.9,5.4,304.0,35.0,6.0
2021-01-09,0.0,-4.3,5.0,67.0,1018.4,7.1,31.0,79.0,0.0
2021-01-10,0.0,-1.7,5.2,52.0,1018.9,12.6,53.0,71.0,0.0
2021-01-11,0.0,-5.1,6.0,68.0,1019.6,6.3,293.0,4.0,0.0
2021-01-12,0.0,-5.0,2.2,79.0,1016.8,4.4,297.0,40.0,1.0
2021-01-13,0.0,-6.4,6.5,72.0,1014.3,3.6,326.0,4.0,6.0
2021-01-14,0.0,-4.3,6.4,76.0,1011.9,5.7,351.0,21.0,1.0
2021-01-15,0.0,-1.8,5.8,62.0,1018.0,8.2,42.0,75.0,0.0
2021-01-16,0.0,-4.6,5.9,72.0,1021.7,8.7,244.0,15.0,0.0
2021-01-17,0.0,-2.5,3.8,80.0,1017.3,5.3,342.0,87.0,8.0
2021-01-18,0.0,-4.4,5.6,79.0,1023.8,5.9,335.0,3.0,4.0
2021-01-19,0.0,-3.7,2.6,92.0,1025.2,2.9,292.0,82.0,18.0
2021-01-20,0.3,-3.2,2.8,80.0,1022.1,3.4,343.0,91.0,4.0
2021-01-21,1.1,-1.0,6.7,97.0,1016.2,3.7,97.0,96.0,24.0
2021-01-22,28.5,3.9,7.3,95.0,1004.7,7.4,48.0,100.0,24.0
2021-01-23,12.5,1.5,8.6,94.0,994.9,9.6,54.0,84.0,21.0
2021-01-24,0.0,-0.7,8.5,80.0,997.8,7.7,311.0,65.0,13.0
2021-01-25,0.6,-3.6,6.7,62.0,1002.0,7.6,322.0,93.0,0.0
2021-01-26,0.0,-3.5,9.5,46.0,1013.7,11.9,305.0,20.0,0.0
2021-01-27,0.0,-3.4,4.7,59.0,1017.2,6.9,291.0,58.0,0.0
2021-01-28,0.0,-4.0,3.8,76.0,1013.9,3.6,314.0,59.0,2.0
2021-01-29,0.0,-2.7,6.3,78.0,1006.7,5.3,350.0,66.0,7.0
2021-01-30,0.7,-3.8,4.4,93.0,1002.5,4.1,19.0,86.0,18.0
2021-01-31,14.4,2.1,8.6,88.0,997.8,10.2,43.0,84.0,13.0
2021-02-01,0.1,-0.1,7.8,78.0,1001.0,5.5,35.0,75.0,2.0
2021-02-02,0.0,-0.3,9.0,84.0,1010.9,4.3,259.0,38.0,11.0
2021-02-03,1.2,2.1,6.0,96.0,1014.7,3.2,312.0,87.0,22.0
2021-02-04,0.2,3.5,8.2,97.0,1016.9,5.4,316.0,95.0,22.0
2021-02-05,0.0,4.6,11.5,92.0,1018.1,3.0,244.0,90.0,16.0
2021-02-06,0.3,5.2,10.5,94.0,1014.4,3.0,95.0,98.0,18.0
2021-02-07,10.7,7.0,10.8,97.0,1001.0,8.4,54.0,94.0,24.0
2021-02-08,3.9,4.6,11.8,88.0,993.8,9.1,224.0,69.0,13.0
2021-02-09,3.0,5.9,10.2,87.0,999.4,6.7,242.0,94.0,12.0
2021-02-10,13.6,6.2,10.1,94.0,999.8,6.0,20.0,98.0,20.0
2021-02-11,0.7,2.9,10.0,80.0,1011.9,10.3,68.0,55.0,11.0
2021-02-12,0.0,-1.2,2.5,43.0,1026.2,14.8,54.0,86.0,0.0
2021-02-13,0.0,-4.5,2.0,42.0,1031.0,15.1,58.0,36.0,0.0
2021-02-14,0.0,-6.2,6.3,52.0,1037.4,8.2,239.0,7.0,0.0
2021-02-15,0.0,-6.1,5.8,61.0,1037.7,5.1,238.0,25.0,0.0
2021-02-16,0.0,-3.1,6.6,74.0,1028.3,5.6,1.0,47.0,0.0
2021-02-17,0.0,-0.1,10.0,77.0,1022.7,4.9,349.0,54.0,3.0
2021-02-18,0.0,0.6,10.7,79.0,1023.9,3.3,350.0,71.0,4.0
2021-02-19,0.0,4.7,12.2,88.0,1024.1,2.6,2.0,98.0,13.0
2021-02-20,0.0,5.3,12.1,87.0,1025.9,3.6,4.0,80.0,14.0
2021-02-21,0.4,5.8,13.2,88.0,1027.4,4.1,59.0,80.0,14.0
2021-02-22,0.0,3.5,12.9,87.0,1030.9,5.4,243.0,35.0,13.0
2021-02-23,0.0,3.9,13.5,93.0,1035.8,4.1,266.0,45.0,17.0
2021-02-24,0.0,3.2,20.6,71.0,1035.0,5.7,247.0,2.0,6.0
2021-02-25,0.0,7.1,20.0,59.0,1031.6,6.1,256.0,0.0,0.0
2021-02-26,0.0,4.0,18.2,68.0,1027.8,4.2,261.0,0.0,0.0
2021-02-27,0.0,3.6,17.3,72.0,1026.2,9.3,75.0,43.0,3.0
2021-02-28,0.0,2.8,11.9,67.0,1033.1,8.4,57.0,9.0,0.0
2021-03-01,0.0,0.2,15.2,63.0,1031.3,5.1,292.0,0.0,0.0
2021-03-02,0.0,2.0,14.4,64.0,1034.0,6.3,33.0,0.0,0.0
2021-03-03,0.0,2.1,15.5,75.0,1031.4,6.5,236.0,33.0,2.0
2021-03-04,0.0,2.7,13.4,79.0,1023.1,4.7,301.0,77.0,10.0
2021-03-05,2.2,3.7,14.6,86.0,1017.2,4.5,20.0,70.0,14.0
2021-03-06,3.0,3.0,8.9,71.0,1028.6,12.7,49.0,54.0,5.0
2021-03-07,0.0,0.7,10.1,67.0,1025.4,6.0,329.0,28.0,0.0
2021-03-08,0.0,-0.7,10.8,80.0,1018.1,5.4,46.0,12.0,9.0
2021-03-09,0.0,1.3,11.5,70.0,1016.1,9.1,51.0,38.0,4.0
2021-03-10,0.0,0.8,12.5,67.0,1017.9,8.8,228.0,21.0,1.0
2021-03-11,0.0,1.8,11.6,76.0,1018.9,5.0,10.0,80.0,2.0
2021-03-12,0.3,3.9,13.5,85.0,1013.0,5.4,50.0,75.0,12.0
2021-03-13,0.4,3.3,13.7,89.0,1012.8,4.1,317.0,73.0,16.0
2021-03-14,0.8,2.3,11.3,85.0,1007.7,7.3,74.0,70.0,13.0
2021-03-15,0.0,-0.2,14.1,68.0,1010.4,8.6,239.0,44.0,3.0
2021-03-16,0.1,1.0,14.7,47.0,1014.0,8.6,310.0,29.0,2.0
2021-03-17,0.0,-1.7,13.4,51.0,1016.7,7.7,346.0,32.0,0.0
2021-03-18,0.2,-0.4,10.0,62.0,1018.1,7.0,5.0,36.0,0.0
2021-03-19,1.5,0.2,9.6,74.0,1016.5,6.1,12.0,54.0,4.0
2021-03-20,0.1,-3.5,9.8,65.0,1018.8,8.3,26.0,33.0,1.0
2021-03-21,0.0,-4.1,9.3,53.0,1016.9,7.3,43.0,21.0,0.0
2021-03-22,0.0,-2.6,14.0,59.0,1013.2,4.9,249.0,33.0,0.0
2021-03-23,0.1,0.8,12.7,63.0,1022.0,7.5,234.0,28.0,0.0
2021-03-24,0.0,-0.1,14.9,69.0,1022.9,6.0,286.0,0.0,1.0
2021-03-25,0.0,1.6,16.2,74.0,1022.1,5.6,27.0,29.0,3.0
2021-03-26,0.0,1.7,16.6,71.0,1023.6,5.5,75.0,19.0,3.0
2021-03-27,0.0,5.1,15.9,82.0,1024.3,6.9,182.0,60.0,10.0
2021-03-28,0.3,7.1,17.0,85.0,1030.1,6.0,54.0,66.0,14.0
2021-03-29,0.0,6.8,19.5,80.0,1032.7,3.8,295.0,48.0,10.0
2021-03-30,0.0,7.2,21.7,77.0,1030.7,5.8,249.0,17.0,8.0
2021-03-31,0.0,7.2,22.9,73.0,1025.2,6.3,253.0,2.0,8.0
2021-04-01,0.0,9.2,23.9,71.0,1017.8,4.4,305.0,33.0,3.0
2021-04-02,0.0,9.2,22.4,72.0,1012.6,5.2,76.0,19.0,3.0
2021-04-03,1.1,9.8,17.0,73.0,1012.7,11.1,72.0,61.0,9.0
2021-04-04,0.3,7.2,13.5,61.0,1018.8,7.4,90.0,65.0,0.0
2021-04-05,0.0,5.5,14.6,55.0,1013.0,9.8,218.0,41.0,0.0
2021-04-06,2.7,3.0,8.4,72.0,1005.6,12.3,69.0,83.0,3.0
2021-04-07,0.0,0.8,10.6,47.0,1014.2,6.6,294.0,56.0,1.0
2021-04-08,0.0,-2.3,14.8,46.0,1023.6,6.8,248.0,8.0,0.0
2021-04-09,0.0,2.7,14.6,62.0,1025.9,8.3,212.0,39.0,0.0
2021-04-10,0.5,5.2,16.8,70.0,1022.0,6.4,213.0,85.0,4.0
2021-04-11,21.1,8.7,10.6,95.0,1019.3,8.7,44.0,99.0,24.0
2021-04-12,39.7,7.8,12.8,94.0,1016.4,8.5,30.0,100.0,24.0
2021-04-13,14.6,5.7,9.9,84.0,1019.9,8.5,272.0,92.0,15.0
2021-04-14,0.0,0.4,13.2,65.0,1023.2,6.1,225.0,13.0,6.0
2021-04-15,0.2,3.2,11.6,65.0,1022.6,7.0,62.0,45.0,0.0
2021-04-16,0.1,0.9,13.1,65.0,1020.3,6.8,68.0,7.0,1.0
2021-04-17,0.0,1.2,14.3,64.0,1017.0,8.5,54.0,44.0,0.0
2021-04-18,0.0,4.8,13.8,68.0,1016.6,6.6,75.0,79.0,0.0
2021-04-19,0.6,4.8,15.0,72.0,1016.1,5.6,265.0,68.0,4.0
2021-04-20,0.7,4.3,16.6,75.0,1015.1,5.4,331.0,35.0,6.0
2021-04-21,1.1,4.7,17.0,82.0,1017.3,6.5,38.0,37.0,14.0
2021-04-22,0.7,6.6,16.8,82.0,1019.1,6.0,59.0,38.0,11.0
2021-04-23,1.0,8.1,18.4,83.0,1022.4,5.1,48.0,47.0,12.0
2021-04-24,0.0,6.6,19.4,75.0,1022.0,5.3,194.0,19.0,6.0
2021-04-25,0.0,8.3,21.2,69.0,1016.8,6.2,213.0,22.0,2.0
2021-04-26,0.3,10.0,15.0,66.0,1014.8,10.2,60.0,99.0,1.0
2021-04-27,1.4,9.3,15.4,77.0,1009.9,7.8,66.0,85.0,5.0
2021-04-28,0.4,8.3,18.4,67.0,1008.8,6.9,90.0,72.0,1.0
2021-04-29,4.3,11.5,18.0,87.0,1009.4,4.2,118.0,92.0,16.0
2021-04-30,4.6,12.1,20.8,88.0,1010.8,4.2,85.0,93.0,16.0
2021-05-01,13.7,12.4,20.6,87.0,1008.2,8.0,70.0,82.0,17.0
2021-05-02,10.9,11.4,19.8,77.0,1007.8,15.3,224.0,48.0,8.0
2021-05-03,1.0,8.1,16.9,71.0,1019.7,7.5,83.0,34.0,4.0
2021-05-04,0.1,7.4,19.4,67.0,1015.7,6.6,229.0,23.0,0.0
2021-05-05,0.0,8.4,19.2,73.0,1007.4,12.9,231.0,24.0,1.0
2021-05-06,0.5,10.2,15.8,76.0,1011.4,12.1,59.0,77.0,3.0
2021-05-07,1.2,10.7,22.3,78.0,1008.6,10.3,332.0,66.0,6.0
2021-05-08,0.0,10.4,18.9,63.0,1019.9,9.6,57.0,41.0,0.0
2021-05-09,0.0,7.9,20.9,65.0,1019.5,5.1,108.0,31.0,1.0
2021-05-10,0.0,11.5,22.1,65.0,1016.6,7.8,76.0,35.0,0.0
2021-05-11,17.3,12.3,17.6,85.0,1012.1,9.0,50.0,88.0,14.0
2021-05-12,11.6,12.7,18.4,80.0,1007.2,6.4,219.0,94.0,13.0
2021-05-13,9.2,12.2,19.1,86.0,1005.0,5.8,243.0,92.0,16.0
2021-05-14,21.5,11.1,19.5,89.0,1008.0,4.7,51.0,70.0,19.0
2021-05-15,1.8,10.8,17.9,79.0,1009.8,7.6,230.0,84.0,9.0
2021-05-16,4.1,9.7,18.5,81.0,1006.9,6.6,216.0,71.0,8.0
2021-05-17,8.0,11.6,20.9,75.0,1005.5,8.0,219.0,41.0,12.0
2021-05-18,5.3,8.5,21.6,77.0,1011.7,6.6,36.0,35.0,10.0
2021-05-19,9.4,9.8,18.7,81.0,1012.7,7.9,10.0,71.0,11.0
2021-05-20,0.0,6.4,21.7,64.0,1017.2,5.9,228.0,25.0,7.0
2021-05-21,0.0,9.4,20.5,74.0,1017.0,6.3,44.0,79.0,6.0
2021-05-22,1.7,12.0,20.3,77.0,1012.0,7.5,204.0,87.0,7.0
2021-05-23,0.7,12.7,23.2,73.0,1014.2,10.9,347.0,76.0,9.0
2021-05-24,41.2,12.6,14.5,85.0,1017.0,11.6,49.0,98.0,17.0
2021-05-25,0.1,11.7,21.1,71.0,1015.6,15.3,237.0,37.0,9.0
2021-05-26,0.0,11.2,20.4,68.0,1018.4,7.6,76.0,26.0,0.0
2021-05-27,0.9,11.9,22.4,81.0,1015.1,5.8,23.0,39.0,11.0
2021-05-28,0.0,10.0,22.1,71.0,1018.8,6.7,67.0,12.0,7.0
2021-05-29,2.7,13.3,22.4,69.0,1017.9,5.6,53.0,55.0,4.0
2021-05-30,0.5,12.0,21.2,68.0,1019.9,8.2,71.0,35.0,7.0
2021-05-31,0.7,13.3,20.5,67.0,1019.7,5.6,40.0,70.0,1.0
2021-06-01,0.0,11.6,22.7,70.0,1017.4,5.6,129.0,27.0,6.0
2021-06-02,0.0,11.8,24.1,71.0,1019.0,6.1,73.0,16.0,6.0
2021-06-03,0.0,13.0,25.7,72.0,1022.2,5.2,69.0,17.0,3.0
2021-06-04,0.0,15.6,27.1,71.0,1022.2,6.2,161.0,42.0,8.0
2021-06-05,0.0,15.9,27.4,70.0,1019.2,6.8,242.0,26.0,5.0
2021-06-06,10.3,16.8,25.2,79.0,1016.9,6.2,47.0,51.0,12.0
2021-06-07,4.7,15.5,25.0,80.0,1017.1,7.3,34.0,59.0,12.0
2021-06-08,0.2,15.8,27.0,69.0,1017.1,4.8,22.0,90.0,1.0
2021-06-09,0.0,15.9,27.5,66.0,1016.7,5.0,299.0,84.0,0.0
2021-06-10,0.4,16.8,26.4,68.0,1017.2,4.5,17.0,56.0,1.0
2021-06-11,3.3,16.8,26.2,76.0,1016.8,4.6,314.0,68.0,4.0
2021-06-12,0.0,16.2,28.5,70.0,1017.1,7.6,240.0,64.0,6.0
2021-06-13,0.2,18.4,31.0,74.0,1016.7,7.0,62.0,19.0,6.0
2021-06-14,0.0,18.3,26.8,70.0,1018.6,9.0,75.0,24.0,7.0
2021-06-15,0.0,18.0,27.7,66.0,1018.5,6.0,84.0,28.0,0.0
2021-06-16,0.1,16.6,28.0,67.0,1016.3,3.7,67.0,54.0,2.0
2021-06-17,0.0,18.4,29.6,66.0,1016.2,4.5,26.0,22.0,3.0
2021-06-18,5.4,19.7,28.4,72.0,1016.8,4.5,105.0,45.0,5.0
2021-06-19,0.0,18.9,30.9,71.0,1014.8,5.1,232.0,55.0,7.0
2021-06-20,0.7,19.8,30.0,71.0,1011.6,4.5,267.0,77.0,5.0
2021-06-21,0.0,19.2,31.1,69.0,1008.4,6.4,237.0,9.0,6.0
2021-06-22,0.0,18.0,30.9,61.0,1009.7,5.2,213.0,10.0,2.0
2021-06-23,0.0,19.5,30.3,70.0,1013.7,5.4,42.0,28.0,3.0
2021-06-24,0.2,19.0,30.7,62.0,1014.8,7.1,254.0,16.0,4.0
2021-06-25,0.0,20.3,28.6,51.0,1013.8,9.7,249.0,27.0,0.0
2021-06-26,0.0,16.6,29.1,58.0,1015.2,5.5,77.0,23.0,0.0
2021-06-27,0.0,17.9,30.7,60.0,1014.9,4.7,76.0,57.0,0.0
2021-06-28,0.0,19.2,31.6,59.0,1014.4,6.9,79.0,38.0,0.0
2021-06-29,0.5,19.9,30.4,63.0,1011.2,7.9,58.0,31.0,1.0
2021-06-30,0.1,18.6,28.6,56.0,1008.9,10.0,237.0,27.0,1.0
2021-07-01,0.3,16.0,29.5,57.0,1011.3,6.2,1.0,22.0,1.0
2021-07-02,0.1,19.1,28.4,57.0,1013.9,6.2,54.0,54.0,0.0
2021-07-03,3.6,18.6,28.7,64.0,1014.3,5.3,33.0,81.0,3.0
2021-07-04,50.4,18.6,25.3,85.0,1010.9,3.5,56.0,85.0,19.0
2021-07-05,0.1,16.2,28.1,72.0,1010.8,5.4,207.0,23.0,8.0
2021-07-06,0.0,18.3,30.4,66.0,1012.9,6.1,101.0,12.0,0.0
2021-07-07,0.0,19.4,30.4,71.0,1013.3,7.5,70.0,5.0,2.0
2021-07-08,20.0,20.2,30.4,79.0,1015.0,8.3,55.0,52.0,14.0
2021-07-09,0.7,16.9,27.5,70.0,1015.8,8.2,226.0,15.0,4.0
2021-07-10,0.0,16.6,28.9,70.0,1015.4,6.7,45.0,9.0,4.0
2021-07-11,0.0,18.1,29.2,65.0,1012.1,5.3,306.0,30.0,0.0
2021-07-12,0.1,17.9,28.9,71.0,1012.4,7.6,53.0,16.0,2.0
2021-07-13,24.2,18.4,28.5,84.0,1008.1,11.7,39.0,61.0,10.0
2021-07-14,5.1,15.2,24.0,72.0,1010.4,5.0,230.0,38.0,6.0
2021-07-15,0.0,14.4,24.8,72.0,1013.0,4.4,308.0,81.0,2.0
2021-07-16,1.5,16.3,24.7,79.0,1013.2,6.2,7.0,95.0,6.0
2021-07-17,0.2,18.6,29.2,70.0,1011.3,7.5,260.0,99.0,1.0
2021-07-18,0.0,18.8,30.2,70.0,1010.0,6.7,312.0,54.0,5.0
2021-07-19,0.0,20.1,31.1,61.0,1011.4,5.1,216.0,24.0,1.0
2021-07-20,0.0,19.7,28.7,67.0,1013.7,5.7,65.0,29.0,0.0
2021-07-21,0.0,19.9,29.3,72.0,1017.3,6.6,59.0,43.0,5.0
2021-07-22,0.3,20.2,28.9,70.0,1017.9,7.3,44.0,62.0,4.0
2021-07-23,0.1,18.6,29.8,73.0,1015.1,4.9,30.0,24.0,4.0
2021-07-24,0.0,20.8,29.4,74.0,1012.5,5.8,80.0,62.0,2.0
2021-07-25,0.2,20.6,29.6,74.0,1010.1,10.8,53.0,69.0,1.0
2021-07-26,6.0,20.4,28.4,74.0,1012.0,7.6,46.0,60.0,6.0
2021-07-27,5.2,19.2,27.0,85.0,1015.5,7.0,22.0,85.0,14.0
2021-07-28,1.1,18.6,28.6,82.0,1013.9,4.4,218.0,55.0,13.0
2021-07-29,0.0,19.6,29.9,77.0,1013.1,4.0,256.0,30.0,10.0
2021-07-30,0.7,18.4,30.1,72.0,1011.0,7.0,246.0,16.0,4.0
2021-07-31,10.7,20.4,30.3,70.0,1008.7,5.3,14.0,41.0,6.0
2021-08-01,8.9,19.2,27.4,73.0,1005.3,12.3,249.0,46.0,6.0
2021-08-02,0.0,14.9,26.4,71.0,1011.9,7.1,38.0,40.0,6.0
2021-08-03,3.2,15.9,26.5,70.0,1014.3,5.7,210.0,62.0,7.0
2021-08-04,3.9,18.6,25.8,79.0,1012.0,5.5,34.0,88.0,6.0
2021-08-05,3.4,18.0,27.8,73.0,1005.9,8.8,262.0,53.0,6.0
2021-08-06,0.0,17.4,27.6,73.0,1007.2,5.3,24.0,24.0,4.0
2021-08-07,0.6,20.1,28.3,78.0,1008.5,6.1,31.0,51.0,10.0
2021-08-08,0.5,19.3,28.8,76.0,1009.9,6.3,34.0,34.0,3.0
2021-08-09,0.1,18.5,30.0,69.0,1016.1,5.0,57.0,6.0,4.0
2021-08-10,0.0,18.1,30.0,66.0,1017.2,5.2,336.0,41.0,1.0
2021-08-11,0.0,17.7,31.8,65.0,1016.4,4.1,342.0,7.0,0.0
2021-08-12,0.0,20.6,32.6,65.0,1018.8,4.9,26.0,6.0,0.0
2021-08-13,0.0,21.3,32.7,67.0,1020.1,4.8,287.0,53.0,0.0
2021-08-14,0.0,21.8,33.6,70.0,1019.0,3.9,300.0,12.0,5.0
2021-08-15,0.0,22.1,33.7,66.0,1014.3,4.8,277.0,12.0,5.0
2021-08-16,5.9,21.3,32.8,73.0,1009.6,6.9,25.0,47.0,5.0
2021-08-17,0.0,15.5,27.7,58.0,1011.8,8.1,86.0,18.0,2.0
2021-08-18,0.0,17.7,26.0,58.0,1015.0,9.6,52.0,15.0,0.0
2021-08-19,0.0,16.6,27.2,61.0,1014.9,5.8,42.0,6.0,0.0
2021-08-20,0.0,17.0,27.9,64.0,1015.3,5.0,13.0,38.0,0.0
2021-08-21,0.0,18.4,30.1,65.0,1017.4,5.2,238.0,8.0,0.0
2021-08-22,0.0,18.5,30.9,65.0,1015.8,4.8,347.0,68.0,0.0
2021-08-23,1.3,19.0,25.9,67.0,1014.7,9.4,57.0,44.0,2.0
2021-08-24,0.4,14.9,27.1,63.0,1015.7,6.8,24.0,35.0,2.0
2021-08-25,0.6,18.6,25.4,61.0,1015.7,6.9,56.0,43.0,1.0
2021-08-26,0.1,14.5,27.1,64.0,1010.1,7.1,231.0,15.0,4.0
2021-08-27,5.7,15.5,22.0,69.0,1010.8,10.5,52.0,53.0,7.0
2021-08-28,0.6,15.0,23.3,60.0,1012.5,6.6,34.0,54.0,0.0
2021-08-29,0.8,12.5,24.3,66.0,1012.9,5.4,274.0,37.0,1.0
2021-08-30,0.7,13.8,24.6,74.0,1013.2,5.9,42.0,38.0,4.0
2021-08-31,3.6,13.6,24.7,84.0,1016.6,4.6,9.0,33.0,16.0
2021-09-01,0.1,13.4,26.0,71.0,1020.4,5.1,235.0,6.0,7.0
2021-09-02,0.0,14.9,25.4,66.0,1023.3,6.4,60.0,19.0,3.0
2021-09-03,0.0,14.1,25.7,68.0,1019.9,5.6,136.0,40.0,3.0
2021-09-04,0.0,14.5,26.0,66.0,1015.9,5.2,234.0,58.0,1.0
2021-09-05,0.0,14.5,27.2,62.0,1018.1,6.3,23.0,13.0,1.0
2021-09-06,0.0,16.1,27.2,59.0,1021.9,6.5,28.0,16.0,0.0
2021-09-07,0.0,14.8,27.0,60.0,1022.1,6.6,35.0,43.0,0.0
2021-09-08,0.0,15.1,26.7,52.0,1020.1,8.8,58.0,2.0,0.0
2021-09-09,0.0,14.8,26.7,52.0,1017.5,6.0,50.0,1.0,0.0
2021-09-10,0.0,13.2,27.1,59.0,1016.8,5.9,214.0,23.0,0.0
2021-09-11,0.0,14.1,26.5,64.0,1016.7,3.7,45.0,46.0,1.0
2021-09-12,0.0,15.0,28.3,62.0,1015.8,4.6,327.0,9.0,0.0
2021-09-13,0.0,15.3,29.2,59.0,1015.8,5.6,250.0,33.0,0.0
2021-09-14,0.0,16.3,29.8,61.0,1016.4,6.1,248.0,51.0,0.0
2021-09-15,0.0,18.3,28.0,65.0,1016.3,5.4,249.0,83.0,0.0
2021-09-16,10.4,17.9,22.7,86.0,1015.1,4.3,353.0,94.0,14.0
2021-09-17,3.7,17.8,25.7,83.0,1011.3,4.5,38.0,80.0,10.0
2021-09-18,0.4,16.9,24.4,77.0,1013.0,6.6,53.0,71.0,5.0
2021-09-19,9.5,15.8,21.8,82.0,1011.2,7.3,49.0,83.0,12.0
2021-09-20,0.0,12.9,22.9,78.0,1013.8,7.3,64.0,38.0,10.0
2021-09-21,0.2,13.8,21.5,64.0,1022.8,8.6,60.0,33.0,0.0
2021-09-22,0.0,12.0,22.5,74.0,1023.5,5.6,30.0,61.0,3.0
2021-09-23,0.0,13.1,21.7,75.0,1022.6,5.4,255.0,49.0,7.0
2021-09-24,0.0,10.7,23.9,79.0,1018.6,5.2,321.0,4.0,8.0
2021-09-25,0.0,12.9,24.5,80.0,1020.8,4.8,12.0,31.0,11.0
2021-09-26,5.6,15.9,22.9,91.0,1019.9,5.5,33.0,94.0,18.0
2021-09-27,0.7,14.8,23.2,87.0,1017.3,4.8,254.0,38.0,12.0
2021-09-28,0.0,14.2,25.3,80.0,1019.1,5.1,246.0,41.0,10.0
2021-09-29,1.1,14.7,25.5,74.0,1017.7,5.3,242.0,67.0,7.0
2021-09-30,2.3,14.8,23.4,71.0,1023.2,9.1,64.0,43.0,7.0
2021-10-01,0.0,12.4,21.6,63.0,1023.8,6.4,71.0,11.0,0.0
2021-10-02,0.0,11.0,21.2,77.0,1019.8,4.8,36.0,45.0,7.0
2021-10-03,0.1,13.2,22.4,82.0,1018.0,6.5,42.0,38.0,12.0
2021-10-04,9.2,16.2,23.8,89.0,1017.8,7.8,47.0,89.0,20.0
2021-10-05,10.2,13.8,21.0,89.0,1013.5,7.0,38.0,78.0,20.0
2021-10-06,22.1,13.2,17.9,85.0,1013.3,11.7,40.0,79.0,17.0
2021-10-07,2.3,11.3,17.2,79.0,1016.3,5.2,48.0,95.0,6.0
2021-10-08,2.2,12.2,18.7,78.0,1020.7,6.7,29.0,91.0,8.0
2021-10-09,0.0,9.8,18.3,63.0,1023.6,9.7,60.0,14.0,0.0
2021-10-10,0.0,7.1,16.5,61.0,1022.0,6.7,78.0,14.0,0.0
2021-10-11,0.0,7.7,18.9,66.0,1019.5,6.3,219.0,49.0,0.0
2021-10-12,0.5,6.7,17.3,80.0,1017.2,5.4,351.0,89.0,6.0
2021-10-13,1.5,6.8,17.7,79.0,1017.9,6.5,38.0,41.0,10.0
2021-10-14,0.1,5.2,16.0,75.0,1024.5,5.7,255.0,15.0,8.0
2021-10-15,0.0,4.2,16.5,76.0,1019.9,5.1,277.0,28.0,7.0
2021-10-16,0.0,5.2,18.6,71.0,1018.6,4.1,284.0,26.0,6.0
2021-10-17,0.0,5.7,18.2,74.0,1020.7,5.6,279.0,4.0,3.0
2021-10-18,0.0,5.5,18.4,78.0,1024.1,4.2,268.0,47.0,7.0
2021-10-19,0.0,6.0,18.4,78.0,1027.7,5.1,285.0,73.0,8.0
2021-10-20,0.0,8.4,17.9,84.0,1024.4,6.1,266.0,77.0,10.0
2021-10-21,14.1,10.4,14.6,92.0,1014.8,3.5,217.0,97.0,16.0
2021-10-22,0.0,9.7,17.4,91.0,1015.6,4.1,279.0,62.0,16.0
2021-10-23,0.0,8.1,19.0,82.0,1022.7,7.9,40.0,52.0,10.0
2021-10-24,0.0,7.0,16.2,66.0,1028.6,9.6,47.0,25.0,0.0
2021-10-25,0.0,5.4,13.8,68.0,1024.9,5.6,25.0,100.0,1.0
2021-10-26,0.0,4.5,16.5,65.0,1022.5,5.4,320.0,39.0,0.0
2021-10-27,0.0,4.4,17.5,67.0,1025.8,5.5,299.0,0.0,0.0
2021-10-28,0.0,3.5,16.9,70.0,1023.4,5.3,357.0,0.0,2.0
2021-10-29,0.0,5.8,15.3,75.0,1019.7,5.5,34.0,47.0,2.0
2021-10-30,0.0,4.1,15.7,69.0,1018.8,4.2,5.0,57.0,0.0
2021-10-31,0.0,8.3,14.9,85.0,1018.1,3.8,252.0,60.0,13.0
2021-11-01,42.0,8.8,11.9,92.0,1007.6,8.7,28.0,97.0,22.0
2021-11-02,0.3,6.4,15.2,86.0,1002.1,7.7,259.0,45.0,13.0
2021-11-03,13.0,6.0,12.0,92.0,1004.1,9.3,43.0,97.0,18.0
2021-11-04,12.8,7.0,14.6,82.0,1003.8,11.8,228.0,50.0,11.0
2021-11-05,0.0,3.2,15.4,77.0,1018.1,6.6,354.0,65.0,8.0
2021-11-06,0.0,3.0,14.3,69.0,1025.8,6.8,30.0,24.0,1.0
2021-11-07,0.0,4.2,13.7,71.0,1020.6,6.1,250.0,71.0,3.0
2021-11-08,1.5,4.5,10.9,83.0,1017.7,9.4,52.0,84.0,6.0
2021-11-09,0.0,3.6,13.9,74.0,1025.5,9.2,49.0,36.0,2.0
2021-11-10,0.0,6.5,14.9,74.0,1027.3,3.8,57.0,84.0,1.0
2021-11-11,0.0,7.2,16.8,79.0,1023.8,5.6,231.0,80.0,5.0
2021-11-12,0.0,6.6,14.9,92.0,1019.7,4.2,27.0,71.0,17.0
2021-11-13,2.0,6.2,12.1,96.0,1017.7,4.6,238.0,92.0,22.0
2021-11-14,19.8,9.8,12.6,94.0,1016.2,11.5,52.0,93.0,19.0
2021-11-15,0.4,9.2,14.8,73.0,1020.4,13.8,59.0,96.0,0.0
2021-11-16,3.7,6.7,11.4,84.0,1020.7,5.3,14.0,98.0,11.0
2021-11-17,0.1,7.4,13.8,87.0,1019.1,3.7,293.0,93.0,9.0
2021-11-18,0.0,5.5,14.0,88.0,1025.6,6.0,351.0,64.0,11.0
2021-11-19,0.0,4.0,13.7,90.0,1028.7,7.3,255.0,61.0,12.0
2021-11-20,0.0,4.8,11.7,94.0,1024.5,5.4,220.0,49.0,18.0
2021-11-21,0.0,4.2,8.5,92.0,1015.1,4.8,208.0,97.0,17.0
2021-11-22,1.5,6.0,12.6,87.0,1013.5,6.8,17.0,100.0,12.0
2021-11-23,0.0,4.0,13.2,75.0,1022.4,7.1,46.0,30.0,3.0
2021-11-24,0.0,0.7,9.7,72.0,1022.9,5.6,31.0,3.0,1.0
2021-11-25,5.8,0.9,6.4,86.0,1013.3,6.8,29.0,84.0,14.0
2021-11-26,5.7,5.5,9.6,95.0,997.7,7.8,225.0,90.0,21.0
2021-11-27,4.0,5.1,10.5,92.0,993.7,6.5,40.0,84.0,18.0
2021-11-28,11.8,4.0,7.6,91.0,992.8,5.8,13.0,86.0,18.0
2021-11-29,0.0,0.9,8.7,84.0,1000.3,5.2,247.0,68.0,11.0
2021-11-30,0.0,-2.5,6.6,57.0,1014.1,10.9,246.0,42.0,0.0
2021-12-01,0.0,-2.6,7.0,74.0,1011.6,5.0,20.0,66.0,2.0
2021-12-02,11.0,4.0,7.6,90.0,1000.9,4.2,351.0,100.0,20.0
2021-12-03,1.8,1.7,9.9,88.0,1010.2,5.2,3.0,74.0,16.0
2021-12-04,0.0,1.0,6.3,77.0,1011.0,4.9,46.0,94.0,0.0
2021-12-05,6.3,2.0,7.7,86.0,1003.3,5.5,307.0,93.0,12.0
2021-12-06,0.0,-1.4,9.7,78.0,1008.8,7.4,290.0,29.0,5.0
2021-12-07,0.0,-2.3,6.6,76.0,1013.3,5.3,306.0,26.0,4.0
2021-12-08,16.4,-3.0,3.7,84.0,1007.2,11.1,46.0,84.0,14.0
2021-12-09,2.9,0.5,6.2,94.0,1002.0,6.4,239.0,100.0,20.0
2021-12-10,0.6,-1.6,5.5,89.0,1003.7,4.9,348.0,89.0,9.0
2021-12-11,0.0,-1.3,9.6,81.0,1007.7,6.6,246.0,36.0,4.0
2021-12-12,0.0,-2.5,8.9,67.0,1021.3,7.4,283.0,18.0,1.0
2021-12-13,0.0,-1.6,9.7,69.0,1025.3,4.2,310.0,44.0,0.0
2021-12-14,0.0,-1.9,9.7,70.0,1026.7,5.7,294.0,44.0,0.0
2021-12-15,0.0,-0.4,10.2,79.0,1029.5,7.0,333.0,57.0,3.0
2021-12-16,0.0,-1.1,8.4,89.0,1031.7,6.6,305.0,13.0,11.0
2021-12-17,0.0,-0.3,7.2,92.0,1031.7,6.3,246.0,36.0,12.0
2021-12-18,0.0,-1.9,8.7,96.0,1032.7,7.1,237.0,80.0,19.0
2021-12-19,0.0,-1.3,2.8,97.0,1025.3,4.8,222.0,97.0,24.0
2021-12-20,0.0,-3.1,7.0,82.0,1018.6,8.1,15.0,72.0,6.0
2021-12-21,0.2,1.0,4.7,76.0,1024.1,7.4,30.0,99.0,0.0
2021-12-22,0.0,-0.7,7.4,80.0,1025.5,5.6,345.0,51.0,0.0
2021-12-23,0.0,-3.1,2.7,95.0,1023.4,5.8,250.0,91.0,18.0
2021-12-24,0.8,-0.1,2.0,94.0,1015.7,3.5,329.0,100.0,24.0
2021-12-25,1.7,1.0,4.2,95.0,1009.7,3.8,320.0,100.0,24.0
2021-12-26,2.3,2.3,7.0,95.0,1008.5,5.3,309.0,91.0,20.0
2021-12-27,0.6,0.6,8.2,93.0,1009.4,3.3,340.0,91.0,18.0
2021-12-28,0.6,2.1,7.7,97.0,1008.7,5.6,222.0,98.0,24.0
2021-12-29,0.0,4.2,7.8,96.0,1010.2,3.6,292.0,100.0,21.0
2021-12-30,0.0,2.1,8.9,96.0,1019.8,5.8,221.0,100.0,21.0
2021-12-31,0.0,1.8,7.4,94.0,1025.1,4.2,235.0,87.0,18.0
2022-01-01,0.0,0.4,5.9,85.0,1026.3,3.1,250.0,89.0,13.0
2022-01-02,0.0,-0.7,5.2,96.0,1025.5,5.1,226.0,94.0,21.0
2022-01-03,0.0,-0.8,4.6,97.0,1021.2,5.7,324.0,100.0,24.0
2022-01-04,1.2,2.8,5.7,98.0,1012.7,4.3,268.0,100.0,24.0
2022-01-05,12.4,3.4,8.0,96.0,1003.1,7.7,47.0,100.0,24.0
2022-01-06,4.1,0.3,8.9,89.0,1013.1,7.1,43.0,51.0,13.0
2022-01-07,0.0,-3.0,5.4,70.0,1020.5,6.0,18.0,38.0,1.0
2022-01-08,0.0,-3.2,5.1,78.0,1015.4,5.5,245.0,32.0,5.0
2022-01-09,0.6,-3.3,4.7,86.0,1006.5,4.1,299.0,100.0,14.0
2022-01-10,0.0,-2.6,8.5,73.0,1011.0,6.1,288.0,63.0,2.0
2022-01-11,0.0,-2.7,9.2,66.0,1022.8,6.0,270.0,1.0,0.0
2022-01-12,0.0,-2.8,8.0,72.0,1031.1,6.9,241.0,1.0,3.0
2022-01-13,0.0,-3.1,7.0,78.0,1037.0,5.0,279.0,10.0,5.0
2022-01-14,0.0,-2.6,8.2,86.0,1031.3,4.8,228.0,1.0,6.0
2022-01-15,0.0,-2.6,9.9,74.0,1025.8,4.7,348.0,4.0,3.0
2022-01-16,0.0,-0.2,9.8,79.0,1024.2,5.5,234.0,2.0,6.0
2022-01-17,0.0,-0.7,8.6,93.0,1025.5,6.9,252.0,59.0,16.0
2022-01-18,0.0,-0.3,10.8,80.0,1032.2,4.7,35.0,28.0,7.0
2022-01-19,0.0,-1.2,7.8,84.0,1031.1,5.8,239.0,23.0,8.0
2022-01-20,0.0,0.4,6.4,96.0,1021.6,4.5,285.0,93.0,19.0
2022-01-21,0.0,-1.0,7.7,71.0,1023.8,2.8,332.0,54.0,0.0
2022-01-22,0.0,-3.8,5.5,78.0,1026.2,7.7,259.0,27.0,5.0
2022-01-23,0.0,-3.1,8.2,83.0,1030.2,5.0,332.0,43.0,7.0
2022-01-24,0.0,-2.5,7.2,90.0,1032.5,5.8,294.0,56.0,17.0
2022-01-25,0.0,1.4,7.2,86.0,1033.2,6.2,248.0,86.0,10.0
2022-01-26,0.0,-1.2,6.1,91.0,1029.3,4.6,306.0,98.0,11.0
2022-01-27,0.0,-0.8,3.9,95.0,1027.1,3.8,274.0,100.0,20.0
2022-01-28,0.0,-0.3,7.5,82.0,1026.3,6.8,253.0,71.0,6.0
2022-01-29,0.0,-2.7,9.1,69.0,1029.3,5.7,278.0,51.0,2.0
2022-01-30,0.0,-2.9,8.2,89.0,1020.7,4.5,347.0,65.0,15.0
2022-01-31,0.0,-2.1,7.6,81.0,1011.4,5.6,299.0,47.0,4.0
2022-02-01,0.0,-2.6,12.9,58.0,1011.1,9.4,247.0,26.0,0.0
2022-02-02,0.0,-0.6,13.3,78.0,1011.9,5.2,227.0,68.0,3.0
2022-02-03,0.0,-0.5,11.6,81.0,1021.6,8.7,39.0,63.0,7.0
2022-02-04,0.0,2.3,10.3,88.0,1018.4,4.6,308.0,56.0,14.0
2022-02-05,0.0,-0.3,11.7,89.0,1019.4,5.1,311.0,38.0,15.0
2022-02-06,0.0,0.1,7.6,92.0,1020.7,7.1,231.0,61.0,15.0
2022-02-07,0.0,-0.4,13.2,62.0,1013.8,10.1,281.0,33.0,10.0
2022-02-08,0.0,-1.6,11.1,55.0,1029.1,6.5,319.0,8.0,0.0
2022-02-09,0.0,-1.2,11.0,65.0,1030.8,4.8,334.0,10.0,0.0
2022-02-10,0.0,-0.3,10.5,72.0,1027.2,4.7,360.0,32.0,0.0
2022-02-11,0.1,3.5,10.3,85.0,1024.2,3.6,352.0,79.0,5.0
2022-02-12,0.0,-2.6,10.1,66.0,1031.3,7.8,26.0,9.0,4.0
2022-02-13,0.0,-2.9,8.8,71.0,1027.6,6.3,269.0,30.0,0.0
2022-02-14,0.4,-2.9,5.9,80.0,1019.7,4.1,266.0,76.0,3.0
2022-02-15,21.4,2.7,6.9,93.0,1013.3,6.9,40.0,100.0,20.0
2022-02-16,0.0,0.6,11.4,87.0,1016.4,7.6,237.0,50.0,16.0
2022-02-17,0.0,2.1,9.4,91.0,1012.6,4.6,348.0,59.0,17.0
2022-02-18,0.0,2.9,11.6,89.0,1016.1,6.3,334.0,69.0,15.0
2022-02-19,0.0,5.6,10.5,91.0,1015.7,6.0,329.0,97.0,16.0
2022-02-20,0.0,6.0,14.4,85.0,1018.2,5.9,263.0,81.0,12.0
2022-02-21,2.5,3.2,12.7,91.0,1008.7,5.1,338.0,68.0,18.0
2022-02-22,0.0,-0.4,16.4,62.0,1014.5,5.6,281.0,27.0,6.0
2022-02-23,0.0,0.3,14.3,75.0,1024.5,5.5,4.0,0.0,1.0
2022-02-24,0.0,-0.4,12.5,74.0,1023.2,4.7,253.0,64.0,1.0
2022-02-25,1.5,0.4,12.9,83.0,1018.8,9.9,35.0,38.0,12.0
2022-02-26,0.0,-0.4,12.0,70.0,1025.5,6.3,4.0,32.0,6.0
2022-02-27,0.0,-2.1,11.3,60.0,1027.1,8.1,4.0,26.0,0.0
2022-02-28,0.1,-1.8,10.6,64.0,1027.4,8.6,164.0,22.0,0.0
2022-03-01,0.1,-2.6,9.6,61.0,1030.0,9.2,244.0,13.0,0.0
2022-03-02,0.0,-3.1,10.4,73.0,1024.0,4.5,320.0,49.0,1.0
2022-03-03,0.0,1.2,12.0,75.0,1017.1,5.4,189.0,29.0,5.0
2022-03-04,0.7,0.0,11.1,71.0,1015.2,8.7,55.0,41.0,7.0
2022-03-05,0.0,-0.3,8.9,59.0,1018.2,9.2,46.0,21.0,0.0
2022-03-06,0.0,-2.1,9.0,59.0,1018.1,8.3,35.0,33.0,0.0
2022-03-07,0.0,-3.2,9.5,66.0,1019.0,7.6,204.0,12.0,0.0
2022-03-08,0.0,-1.3,9.0,57.0,1023.0,7.4,295.0,51.0,0.0
2022-03-09,0.0,-2.7,12.2,67.0,1023.7,7.0,235.0,11.0,1.0
2022-03-10,0.0,-0.6,14.1,68.0,1025.0,5.6,237.0,0.0,0.0
2022-03-11,0.0,1.6,9.5,69.0,1028.3,9.5,61.0,85.0,5.0
2022-03-12,0.0,0.9,8.9,49.0,1029.1,9.2,63.0,41.0,0.0
2022-03-13,0.0,-4.1,9.6,61.0,1027.6,4.7,210.0,1.0,0.0
2022-03-14,0.0,-0.5,12.0,70.0,1032.3,6.2,214.0,65.0,1.0
2022-03-15,0.0,3.2,12.7,78.0,1033.7,4.4,180.0,85.0,5.0
2022-03-16,0.0,2.8,15.8,85.0,1026.0,5.7,30.0,67.0,12.0
2022-03-17,0.0,4.4,14.3,80.0,1027.3,6.5,34.0,98.0,9.0
2022-03-18,0.0,7.1,14.3,54.0,1032.6,13.5,70.0,80.0,0.0
2022-03-19,0.0,2.7,12.5,55.0,1035.2,9.6,60.0,3.0,0.0
2022-03-20,0.0,2.6,12.5,47.0,1036.1,11.5,64.0,8.0,0.0
2022-03-21,0.0,-0.4,12.9,42.0,1036.6,6.6,51.0,6.0,0.0
2022-03-22,0.0,-0.1,14.4,51.0,1035.2,8.3,25.0,0.0,0.0
2022-03-23,0.0,0.3,18.4,46.0,1030.9,5.8,267.0,0.0,0.0
2022-03-24,0.0,5.5,20.7,45.0,1026.3,8.0,231.0,0.0,0.0
2022-03-25,0.0,3.2,20.0,57.0,1025.0,5.2,289.0,12.0,0.0
2022-03-26,0.0,4.8,20.6,52.0,1026.3,6.4,44.0,13.0,0.0
2022-03-27,0.0,3.2,20.7,52.0,1027.8,6.1,241.0,0.0,0.0
2022-03-28,0.0,3.2,20.6,57.0,1024.5,8.6,208.0,0.0,1.0
2022-03-29,0.0,4.0,15.5,84.0,1015.8,5.9,65.0,82.0,12.0
2022-03-30,0.6,5.0,13.4,89.0,1005.9,7.3,55.0,96.0,14.0
2022-03-31,10.2,6.9,13.0,91.0,994.2,5.1,3.0,100.0,18.0
2022-04-01,12.3,7.1,12.4,92.0,992.7,7.5,59.0,98.0,20.0
2022-04-02,5.6,4.6,10.3,70.0,1000.1,11.6,81.0,99.0,4.0
2022-04-03,0.8,2.6,11.4,71.0,1013.7,6.9,18.0,79.0,5.0
2022-04-04,0.1,2.7,11.5,71.0,1018.0,6.1,48.0,39.0,4.0
2022-04-05,0.0,1.2,14.6,77.0,1013.4,4.5,306.0,2.0,11.0
2022-04-06,0.0,3.9,15.2,80.0,1010.8,7.0,59.0,48.0,11.0
2022-04-07,0.0,5.5,18.5,73.0,1003.5,8.7,220.0,80.0,8.0
2022-04-08,1.0,4.9,18.4,85.0,1003.0,5.2,117.0,86.0,13.0
2022-04-09,10.2,5.6,15.7,76.0,1002.1,13.1,48.0,75.0,6.0
2022-04-10,0.0,0.3,15.1,58.0,1017.0,9.9,220.0,5.0,4.0
2022-04-11,0.0,2.7,15.6,63.0,1021.6,6.8,53.0,51.0,0.0
2022-04-12,0.0,3.6,16.8,71.0,1020.5,5.5,58.0,76.0,0.0
2022-04-13,0.0,5.9,17.9,74.0,1019.9,6.0,81.0,100.0,9.0
2022-04-14,0.0,6.6,22.4,64.0,1019.3,6.3,186.0,26.0,0.0
2022-04-15,0.0,7.8,21.8,63.0,1019.7,5.3,167.0,43.0,0.0
2022-04-16,3.0,8.5,20.6,71.0,1019.4,9.6,36.0,39.0,6.0
2022-04-17,0.0,6.0,15.4,59.0,1021.0,7.6,95.0,24.0,5.0
2022-04-18,0.0,4.2,16.6,51.0,1016.4,8.3,219.0,30.0,0.0
2022-04-19,0.0,4.8,17.1,58.0,1011.1,6.3,86.0,52.0,0.0
2022-04-20,0.0,8.2,13.6,61.0,1013.5,9.3,52.0,92.0,0.0
2022-04-21,1.4,5.3,15.5,69.0,1010.7,8.7,67.0,95.0,3.0
2022-04-22,15.5,8.9,13.1,88.0,1002.3,9.1,24.0,93.0,18.0
2022-04-23,5.0,8.3,18.3,83.0,1006.5,7.1,103.0,87.0,12.0
2022-04-24,4.1,8.2,16.0,81.0,1005.2,6.9,163.0,84.0,10.0
2022-04-25,0.6,5.9,17.7,81.0,1009.5,5.0,27.0,77.0,14.0
2022-04-26,4.7,9.3,17.0,86.0,1013.7,6.5,82.0,55.0,15.0
2022-04-27,0.5,8.9,19.6,72.0,1018.3,5.8,89.0,35.0,9.0
2022-04-28,0.0,7.7,19.2,72.0,1023.6,6.7,84.0,24.0,6.0
2022-04-29,0.0,8.6,20.5,59.0,1024.7,8.1,63.0,27.0,0.0
2022-04-30,0.0,8.2,20.3,61.0,1019.9,6.4,65.0,72.0,0.0
2022-05-01,3.5,9.9,19.5,66.0,1016.2,7.9,354.0,80.0,6.0
2022-05-02,1.4,9.7,19.9,71.0,1014.8,7.5,8.0,56.0,3.0
2022-05-03,0.0,9.5,22.6,62.0,1014.3,5.4,277.0,48.0,0.0
2022-05-04,0.0,10.1,23.0,64.0,1016.5,6.7,196.0,86.0,1.0
2022-05-05,3.9,10.0,20.3,77.0,1019.4,10.1,70.0,81.0,7.0
2022-05-06,8.7,11.9,14.9,92.0,1020.2,9.8,49.0,100.0,20.0
2022-05-07,4.0,11.8,17.5,86.0,1019.3,5.3,18.0,99.0,12.0
2022-05-08,1.9,12.6,21.5,77.0,1019.3,7.9,58.0,82.0,4.0
2022-05-09,0.0,11.1,23.5,63.0,1022.1,7.5,59.0,17.0,0.0
2022-05-10,0.0,11.0,25.1,64.0,1020.9,6.4,241.0,11.0,0.0
2022-05-11,0.0,12.0,26.5,66.0,1019.2,7.6,235.0,62.0,2.0
2022-05-12,0.0,13.8,27.3,67.0,1019.2,6.0,233.0,13.0,3.0
2022-05-13,0.0,15.7,27.0,70.0,1018.1,5.2,23.0,74.0,4.0
2022-05-14,6.6,15.4,26.4,78.0,1018.2,5.7,10.0,79.0,10.0
2022-05-15,1.6,14.8,27.1,72.0,1017.8,4.5,304.0,54.0,5.0
2022-05-16,0.0,16.6,28.5,65.0,1017.4,6.6,240.0,68.0,5.0
2022-05-17,0.0,14.6,28.2,71.0,1017.3,6.1,200.0,41.0,7.0
2022-05-18,0.5,17.2,25.3,75.0,1021.6,6.8,60.0,43.0,5.0
2022-05-19,0.0,16.3,25.5,61.0,1026.3,6.4,78.0,40.0,0.0
2022-05-20,0.0,14.8,27.9,63.0,1024.6,4.4,107.0,45.0,0.0
2022-05-21,0.0,15.8,27.5,68.0,1017.8,4.7,39.0,42.0,0.0
2022-05-22,0.0,16.9,28.4,70.0,1012.1,5.1,56.0,71.0,4.0
2022-05-23,0.2,18.8,27.5,76.0,1008.2,7.1,77.0,69.0,5.0
2022-05-24,6.3,18.2,27.2,68.0,1006.4,9.3,51.0,94.0,5.0
2022-05-25,0.0,14.0,27.6,72.0,1012.0,8.0,18.0,69.0,7.0
2022-05-26,0.3,16.6,26.9,76.0,1019.4,7.0,60.0,57.0,8.0
2022-05-27,0.0,17.6,29.5,69.0,1016.4,5.6,228.0,78.0,7.0
2022-05-28,20.7,15.3,24.7,76.0,1011.0,14.5,61.0,86.0,13.0
2022-05-29,1.5,12.4,20.3,59.0,1008.6,13.7,56.0,81.0,1.0
2022-05-30,0.0,11.9,21.2,60.0,1010.3,7.0,64.0,57.0,0.0
2022-05-31,0.3,13.6,24.8,72.0,1014.2,6.3,92.0,58.0,7.0
2022-06-01,0.0,14.9,26.6,74.0,1014.6,5.2,196.0,44.0,8.0
2022-06-02,0.5,16.9,27.7,76.0,1016.1,6.2,63.0,59.0,8.0
2022-06-03,4.9,18.8,27.6,77.0,1018.1,6.3,72.0,89.0,9.0
2022-06-04,0.0,16.8,30.3,72.0,1016.9,6.4,224.0,52.0,9.0
2022-06-05,0.0,19.3,30.0,70.0,1014.6,7.9,103.0,56.0,7.0
2022-06-06,0.0,17.4,29.5,61.0,1014.6,4.9,101.0,35.0,0.0
2022-06-07,7.8,17.2,24.3,76.0,1011.5,5.9,349.0,81.0,8.0
2022-06-08,3.9,13.9,26.4,67.0,1009.4,6.4,202.0,45.0,7.0
2022-06-09,14.4,16.3,22.4,78.0,1008.0,5.5,34.0,100.0,9.0
2022-06-10,0.0,15.6,29.2,48.0,1014.5,6.8,338.0,27.0,0.0
2022-06-11,0.0,16.1,29.7,55.0,1018.9,6.2,181.0,10.0,0.0
2022-06-12,0.0,16.4,30.5,58.0,1019.3,6.0,232.0,15.0,0.0
2022-06-13,0.0,18.1,29.8,57.0,1015.3,5.0,77.0,39.0,0.0
2022-06-14,0.3,18.7,28.1,58.0,1017.8,9.1,66.0,18.0,1.0
2022-06-15,0.0,18.4,29.9,62.0,1018.0,4.6,76.0,51.0,0.0
2022-06-16,0.0,19.9,31.6,63.0,1016.6,5.8,164.0,39.0,0.0
2022-06-17,0.1,20.5,32.2,58.0,1018.4,6.6,87.0,72.0,0.0
2022-06-18,0.0,19.5,30.5,57.0,1020.7,7.4,105.0,35.0,0.0
2022-06-19,0.0,18.6,31.3,52.0,1015.9,6.2,174.0,6.0,0.0
2022-06-20,0.0,18.5,33.5,59.0,1011.7,7.8,219.0,5.0,1.0
2022-06-21,0.0,20.9,33.3,61.0,1011.0,4.9,283.0,54.0,1.0
2022-06-22,1.1,20.6,29.0,70.0,1011.5,5.8,265.0,93.0,5.0
2022-06-23,1.2,18.0,31.1,73.0,1011.9,7.6,238.0,38.0,7.0
2022-06-24,0.1,19.9,31.3,69.0,1010.5,8.1,255.0,51.0,9.0
2022-06-25,0.0,18.7,30.8,53.0,1011.6,7.7,251.0,6.0,0.0
2022-06-26,0.0,20.2,32.7,58.0,1014.0,5.9,77.0,23.0,1.0
2022-06-27,0.0,20.8,32.7,56.0,1014.4,8.6,77.0,7.0,0.0
2022-06-28,6.1,19.8,32.8,57.0,1013.8,10.7,21.0,60.0,3.0
2022-06-29,2.7,20.2,28.7,65.0,1010.9,6.7,33.0,52.0,4.0
2022-06-30,2.2,20.7,31.1,73.0,1011.6,4.3,346.0,25.0,4.0
2022-07-01,3.3,20.4,29.3,76.0,1013.1,8.4,49.0,36.0,8.0
2022-07-02,0.0,19.2,33.0,56.0,1017.3,5.8,46.0,10.0,0.0
2022-07-03,0.5,21.1,33.7,56.0,1016.7,5.5,352.0,26.0,1.0
2022-07-04,0.1,21.7,34.1,53.0,1014.6,5.6,343.0,47.0,0.0
2022-07-05,0.0,20.3,32.2,54.0,1014.2,6.4,3.0,34.0,0.0
2022-07-06,0.6,19.6,31.5,53.0,1017.0,7.1,38.0,36.0,1.0
2022-07-07,1.9,19.1,30.2,61.0,1016.5,8.4,44.0,50.0,2.0
2022-07-08,0.0,16.1,30.9,52.0,1019.3,6.7,84.0,4.0,0.0
2022-07-09,0.0,19.2,27.9,48.0,1021.0,7.6,151.0,39.0,0.0
2022-07-10,0.0,18.9,32.0,42.0,1016.0,10.4,219.0,34.0,0.0
2022-07-11,0.1,19.1,29.2,59.0,1017.9,9.4,86.0,35.0,0.0
2022-07-12,3.0,18.2,28.9,64.0,1020.2,7.8,65.0,48.0,5.0
2022-07-13,0.0,18.9,31.4,57.0,1022.0,6.2,206.0,18.0,0.0
2022-07-14,0.0,19.3,32.2,47.0,1018.7,4.2,232.0,49.0,0.0
2022-07-15,0.0,19.8,33.8,53.0,1013.3,6.4,52.0,16.0,0.0
2022-07-16,0.0,22.9,33.2,49.0,1015.5,10.1,67.0,24.0,0.0
2022-07-17,3.7,22.2,31.9,51.0,1020.4,10.7,67.0,32.0,3.0
2022-07-18,0.0,22.8,31.7,45.0,1021.4,8.1,67.0,17.0,0.0
2022-07-19,0.0,22.4,33.8,44.0,1019.7,7.1,81.0,13.0,0.0
2022-07-20,0.0,20.4,35.1,41.0,1018.3,5.8,153.0,2.0,0.0
2022-07-21,0.0,20.9,35.2,40.0,1016.2,5.7,112.0,17.0,0.0
2022-07-22,0.0,21.9,36.9,44.0,1015.3,5.7,166.0,38.0,0.0
2022-07-23,0.0,22.2,36.2,42.0,1014.1,6.9,204.0,61.0,0.0
2022-07-24,0.0,22.4,34.5,47.0,1015.5,7.5,85.0,16.0,0.0
2022-07-25,0.0,22.5,36.4,49.0,1012.5,6.8,236.0,16.0,0.0
2022-07-26,0.0,23.0,34.4,49.0,1010.0,9.3,77.0,47.0,0.0
2022-07-27,12.4,20.6,30.3,63.0,1011.1,6.5,65.0,68.0,5.0
2022-07-28,0.0,20.1,31.5,59.0,1013.1,8.5,70.0,35.0,3.0
2022-07-29,0.1,20.9,33.1,51.0,1013.2,6.9,239.0,79.0,0.0
2022-07-30,4.5,19.5,29.6,70.0,1013.7,5.9,175.0,27.0,7.0
2022-07-31,0.0,18.0,32.1,59.0,1014.8,6.5,228.0,4.0,1.0
2022-08-01,0.0,19.8,33.5,56.0,1014.0,5.7,13.0,7.0,0.0
2022-08-02,4.1,21.2,30.3,60.0,1015.8,7.9,68.0,49.0,3.0
2022-08-03,0.0,19.3,32.2,54.0,1016.1,5.9,88.0,7.0,0.0
2022-08-04,0.0,21.4,34.1,51.0,1014.9,5.3,199.0,1.0,0.0
2022-08-05,0.0,21.2,34.8,48.0,1013.1,5.8,220.0,14.0,0.0
2022-08-06,1.3,22.5,32.9,57.0,1013.7,8.0,15.0,32.0,2.0
2022-08-07,2.0,21.1,28.0,63.0,1015.9,7.5,7.0,71.0,4.0
2022-08-08,1.2,19.6,30.5,58.0,1016.2,8.6,49.0,50.0,1.0
2022-08-09,0.0,19.9,30.7,53.0,1018.6,7.9,64.0,18.0,0.0
2022-08-10,0.0,20.9,30.7,42.0,1019.2,9.3,60.0,13.0,0.0
2022-08-11,0.0,19.8,30.9,41.0,1017.6,8.2,62.0,46.0,0.0
2022-08-12,1.0,20.0,27.1,49.0,1015.4,9.5,46.0,67.0,1.0
2022-08-13,0.0,16.7,28.4,51.0,1013.3,5.7,360.0,18.0,0.0
2022-08-14,0.0,17.2,30.6,49.0,1009.9,9.9,223.0,53.0,0.0
2022-08-15,12.9,18.5,30.4,60.0,1007.0,6.4,225.0,52.0,2.0
2022-08-16,0.2,16.7,29.5,68.0,1010.0,4.4,62.0,5.0,6.0
2022-08-17,0.1,19.3,31.6,65.0,1012.3,4.9,49.0,64.0,0.0
2022-08-18,21.0,20.2,27.7,83.0,1011.3,9.2,53.0,87.0,9.0
2022-08-19,15.3,18.4,27.2,78.0,1009.6,7.2,255.0,68.0,11.0
2022-08-20,0.3,18.1,29.8,70.0,1011.3,6.1,284.0,23.0,3.0
2022-08-21,0.0,17.7,29.9,68.0,1011.1,5.1,90.0,10.0,0.0
2022-08-22,0.0,18.7,29.5,63.0,1009.4,4.6,260.0,13.0,0.0
2022-08-23,0.0,17.9,28.0,74.0,1012.5,4.7,83.0,11.0,3.0
2022-08-24,0.1,17.9,28.4,72.0,1015.7,4.9,253.0,13.0,4.0
2022-08-25,0.0,18.7,29.8,66.0,1014.1,5.6,251.0,28.0,0.0
2022-08-26,0.1,20.1,30.0,68.0,1011.1,4.4,351.0,41.0,0.0
2022-08-27,5.2,20.2,26.3,74.0,1010.5,5.1,351.0,88.0,3.0
2022-08-28,1.1,18.1,28.7,75.0,1013.0,5.4,146.0,77.0,7.0
2022-08-29,0.4,18.9,28.0,77.0,1016.3,5.6,292.0,67.0,5.0
2022-08-30,0.0,18.8,29.8,68.0,1016.9,6.4,320.0,77.0,1.0
2022-08-31,2.0,19.2,26.4,79.0,1014.4,6.1,62.0,67.0,8.0
2022-09-01,0.7,17.9,26.2,73.0,1014.1,9.4,59.0,83.0,5.0
2022-09-02,0.0,15.6,24.7,68.0,1015.4,5.3,48.0,56.0,4.0
2022-09-03,0.7,15.8,25.1,74.0,1015.6,5.7,67.0,83.0,1.0
2022-09-04,0.0,16.1,27.4,74.0,1018.6,4.5,344.0,15.0,7.0
2022-09-05,0.0,17.7,28.3,74.0,1021.5,4.1,232.0,42.0,7.0
2022-09-06,0.3,17.9,29.5,75.0,1018.4,4.6,287.0,33.0,7.0
2022-09-07,3.2,18.8,27.1,84.0,1016.1,6.2,52.0,86.0,12.0
2022-09-08,22.2,18.2,27.2,83.0,1012.1,9.0,53.0,97.0,13.0
2022-09-09,1.4,17.1,25.6,79.0,1012.2,7.5,54.0,53.0,11.0
2022-09-10,0.2,14.6,25.8,69.0,1013.4,5.1,12.0,10.0,3.0
2022-09-11,0.0,14.1,25.9,70.0,1014.8,6.0,282.0,10.0,3.0
2022-09-12,0.0,14.9,26.3,70.0,1015.6,5.2,348.0,15.0,1.0
2022-09-13,0.0,15.1,27.3,75.0,1013.6,5.1,350.0,53.0,7.0
2022-09-14,0.2,17.6,27.5,78.0,1010.7,7.3,239.0,97.0,9.0
2022-09-15,0.1,18.7,27.8,70.0,1005.9,13.8,230.0,68.0,3.0
2022-09-16,5.4,17.0,27.0,82.0,1004.6,9.0,54.0,72.0,12.0
2022-09-17,15.4,13.0,17.1,80.0,1007.3,13.9,73.0,69.0,12.0
2022-09-18,0.0,7.4,21.8,64.0,1013.0,7.4,228.0,31.0,4.0
2022-09-19,0.0,10.3,24.4,64.0,1012.3,5.2,351.0,18.0,4.0
2022-09-20,0.2,10.8,21.1,62.0,1017.3,7.8,72.0,20.0,0.0
2022-09-21,1.6,11.3,19.4,63.0,1021.6,8.8,74.0,22.0,3.0
2022-09-22,0.0,8.8,19.8,63.0,1021.6,5.9,46.0,18.0,0.0
2022-09-23,0.0,9.4,20.3,66.0,1020.1,6.2,235.0,37.0,0.0
2022-09-24,0.5,10.5,18.6,74.0,1016.5,5.5,22.0,100.0,1.0
2022-09-25,2.7,12.7,20.8,78.0,1011.4,5.5,197.0,64.0,6.0
2022-09-26,0.5,11.0,21.6,80.0,1006.8,6.3,37.0,56.0,12.0
2022-09-27,6.9,13.1,22.2,81.0,1000.2,6.9,6.0,62.0,12.0
2022-09-28,2.2,9.3,18.9,79.0,1000.8,6.5,42.0,74.0,11.0
2022-09-29,8.4,11.3,21.1,86.0,999.4,7.7,42.0,81.0,17.0
2022-09-30,10.8,10.9,18.1,92.0,1008.1,8.4,45.0,99.0,20.0
2022-10-01,0.3,13.0,19.8,78.0,1014.1,15.5,239.0,65.0,10.0
2022-10-02,0.0,11.2,21.9,80.0,1018.4,5.0,348.0,25.0,8.0
2022-10-03,0.1,11.9,23.8,82.0,1018.9,4.9,325.0,35.0,10.0
2022-10-04,0.0,13.5,21.1,83.0,1022.4,5.7,22.0,66.0,12.0
2022-10-05,0.0,13.8,21.8,81.0,1026.5,4.3,80.0,74.0,9.0
2022-10-06,0.0,11.6,22.2,84.0,1027.6,5.3,359.0,56.0,10.0
2022-10-07,0.0,12.4,24.0,70.0,1024.5,4.7,237.0,20.0,2.0
2022-10-08,0.0,11.6,22.9,76.0,1019.4,4.8,231.0,20.0,3.0
2022-10-09,0.4,13.2,22.6,77.0,1021.1,8.8,63.0,90.0,7.0
2022-10-10,0.0,12.5,21.6,68.0,1020.9,6.6,56.0,55.0,0.0
2022-10-11,0.0,10.9,22.3,73.0,1021.1,4.5,310.0,36.0,4.0
2022-10-12,0.0,11.4,21.9,72.0,1022.2,6.6,45.0,75.0,7.0
2022-10-13,0.0,9.8,21.6,76.0,1020.6,5.4,278.0,60.0,5.0
2022-10-14,0.0,10.8,22.0,79.0,1017.0,5.0,323.0,67.0,7.0
2022-10-15,0.0,12.9,21.9,77.0,1016.3,4.4,233.0,43.0,4.0
2022-10-16,0.0,11.9,22.5,83.0,1022.6,4.4,40.0,49.0,13.0
2022-10-17,0.0,12.5,22.8,85.0,1028.4,4.5,248.0,55.0,12.0
2022-10-18,0.0,11.9,22.9,83.0,1026.3,4.6,279.0,2.0,9.0
2022-10-19,0.0,12.1,24.3,77.0,1022.1,3.4,278.0,5.0,9.0
2022-10-20,0.0,12.0,21.0,82.0,1022.0,5.7,47.0,75.0,9.0
2022-10-21,0.4,12.1,19.6,89.0,1019.9,5.2,19.0,99.0,16.0
2022-10-22,19.9,13.3,21.8,90.0,1017.6,6.1,10.0,78.0,19.0
2022-10-23,0.1,11.9,21.6,90.0,1021.6,4.8,27.0,88.0,16.0
2022-10-24,0.0,14.4,22.8,87.0,1019.2,4.8,29.0,89.0,15.0
2022-10-25,2.1,14.1,21.3,85.0,1019.2,6.9,26.0,73.0,11.0
2022-10-26,0.0,12.4,22.4,86.0,1022.0,4.1,282.0,53.0,14.0
2022-10-27,0.0,13.7,22.6,88.0,1026.9,4.5,253.0,42.0,15.0
2022-10-28,0.0,11.4,22.7,77.0,1027.4,6.1,250.0,5.0,5.0
2022-10-29,0.0,11.4,22.0,85.0,1025.6,4.6,257.0,2.0,12.0
2022-10-30,0.0,12.0,22.8,84.0,1022.6,4.6,236.0,50.0,8.0
2022-10-31,0.0,12.5,22.7,77.0,1021.8,4.6,236.0,32.0,3.0
2022-11-01,0.0,9.7,19.2,77.0,1022.1,3.0,262.0,64.0,3.0
2022-11-02,3.7,10.3,17.7,92.0,1023.4,3.0,272.0,83.0,19.0
2022-11-03,1.0,10.0,17.8,91.0,1019.5,3.7,223.0,96.0,15.0
2022-11-04,18.1,7.9,16.1,79.0,1004.2,10.8,332.0,60.0,11.0
2022-11-05,0.0,6.8,17.8,61.0,1010.9,7.1,288.0,17.0,0.0
2022-11-06,0.0,4.2,15.9,69.0,1017.8,5.8,277.0,67.0,0.0
2022-11-07,0.0,4.0,15.4,74.0,1020.2,4.2,270.0,15.0,0.0
2022-11-08,0.0,4.6,14.6,81.0,1021.2,4.4,264.0,43.0,6.0
2022-11-09,1.8,6.4,13.2,85.0,1020.1,3.9,327.0,92.0,6.0
2022-11-10,10.3,9.4,16.3,91.0,1024.6,5.8,9.0,63.0,17.0
2022-11-11,0.0,8.0,16.1,86.0,1033.2,5.2,265.0,68.0,10.0
2022-11-12,0.0,6.8,14.6,89.0,1030.2,6.5,253.0,90.0,13.0
2022-11-13,0.6,8.2,14.6,70.0,1026.1,9.6,54.0,59.0,1.0
2022-11-14,2.7,7.7,13.5,86.0,1022.8,6.1,17.0,86.0,10.0
2022-11-15,2.1,4.9,11.2,94.0,1017.2,4.9,239.0,80.0,20.0
2022-11-16,2.2,6.4,12.5,94.0,1005.2,5.9,243.0,76.0,19.0
2022-11-17,0.7,6.8,14.0,93.0,1002.4,4.1,198.0,88.0,18.0
2022-11-18,0.1,6.5,15.8,91.0,1000.1,8.1,250.0,51.0,18.0
2022-11-19,0.0,4.5,13.9,83.0,1006.3,7.5,32.0,99.0,10.0
2022-11-20,0.1,2.9,13.6,80.0,1010.4,6.7,238.0,33.0,5.0
2022-11-21,0.3,3.5,9.7,92.0,1009.0,4.7,354.0,92.0,18.0
2022-11-22,47.6,6.8,9.4,87.0,995.6,15.3,33.0,100.0,23.0
2022-11-23,0.3,3.9,12.2,84.0,1002.6,9.4,229.0,26.0,10.0
2022-11-24,0.0,1.5,12.4,88.0,1013.1,4.6,303.0,14.0,16.0
2022-11-25,0.0,1.8,12.3,81.0,1019.5,5.6,350.0,70.0,7.0
2022-11-26,0.0,2.5,13.0,74.0,1025.3,7.2,348.0,48.0,2.0
2022-11-27,0.0,-0.2,11.2,78.0,1028.1,6.0,304.0,21.0,5.0
2022-11-28,0.0,1.1,7.5,83.0,1020.3,5.8,352.0,96.0,3.0
2022-11-29,0.9,2.6,7.2,88.0,1017.6,7.8,29.0,92.0,7.0
2022-11-30,0.0,-0.1,9.4,78.0,1018.8,6.5,355.0,86.0,4.0
2022-12-01,0.1,4.2,10.8,73.0,1018.7,4.0,229.0,99.0,1.0
2022-12-02,0.5,4.8,7.8,82.0,1019.5,8.9,36.0,98.0,6.0
2022-12-03,3.7,4.5,8.0,85.0,1018.2,10.7,52.0,100.0,9.0
2022-12-04,14.5,6.0,9.2,91.0,1014.8,12.5,53.0,91.0,19.0
2022-12-05,8.0,5.4,11.2,91.0,1017.9,5.9,13.0,78.0,21.0
2022-12-06,0.0,1.7,9.1,95.0,1016.3,4.8,254.0,53.0,20.0
2022-12-07,0.0,-0.2,10.1,83.0,1013.7,4.5,267.0,19.0,7.0
2022-12-08,0.0,0.8,7.8,82.0,1011.5,4.9,251.0,66.0,6.0
2022-12-09,18.2,3.4,6.2,94.0,1004.4,7.5,338.0,100.0,24.0
2022-12-10,0.2,4.5,8.2,97.0,999.2,5.0,251.0,100.0,24.0
2022-12-11,25.1,1.3,7.4,93.0,1002.1,6.7,342.0,95.0,24.0
2022-12-12,0.0,-3.6,4.4,85.0,1010.0,5.3,20.0,36.0,8.0
2022-12-13,0.0,-2.8,4.0,60.0,1011.5,7.6,35.0,99.0,0.0
2022-12-14,0.0,0.1,6.0,74.0,1007.2,4.1,242.0,84.0,6.0
2022-12-15,15.8,-0.8,5.1,93.0,1007.1,6.6,26.0,96.0,21.0
2022-12-16,4.3,3.6,6.7,97.0,1004.2,6.2,220.0,96.0,24.0
2022-12-17,0.0,4.0,9.7,88.0,1017.0,7.7,32.0,75.0,13.0
2022-12-18,0.0,-0.3,7.7,74.0,1032.3,5.9,47.0,49.0,0.0
2022-12-19,0.0,-1.7,5.9,91.0,1034.7,3.5,304.0,90.0,16.0
2022-12-20,0.0,0.7,5.6,93.0,1029.7,4.7,325.0,100.0,15.0
2022-12-21,1.1,2.6,4.7,95.0,1022.6,4.0,336.0,100.0,22.0
2022-12-22,0.2,1.1,7.4,96.0,1018.3,5.0,290.0,96.0,24.0
2022-12-23,0.0,2.8,9.0,94.0,1016.1,4.4,306.0,100.0,18.0
2022-12-24,0.0,3.8,8.7,96.0,1017.9,4.6,354.0,98.0,21.0
2022-12-25,0.0,2.8,11.4,93.0,1023.7,4.4,228.0,73.0,18.0
2022-12-26,0.7,6.6,8.5,96.0,1025.3,2.9,326.0,99.0,22.0
2022-12-27,0.1,5.2,10.7,95.0,1025.8,3.8,352.0,72.0,20.0
2022-12-28,0.0,3.0,11.0,84.0,1026.4,5.3,339.0,64.0,9.0
2022-12-29,0.2,5.6,8.5,91.0,1022.8,2.5,271.0,99.0,16.0
2022-12-30,2.5,5.8,9.6,94.0,1021.8,3.1,301.0,99.0,20.0
2022-12-31,0.2,5.5,10.2,96.0,1029.0,3.7,286.0,100.0,21.0
2023-01-01,0.0,5.6,11.2,96.0,1031.2,3.9,257.0,98.0,21.0
2023-01-02,0.0,7.9,10.3,97.0,1030.1,3.7,243.0,100.0,21.0
2023-01-03,0.5,7.7,11.7,95.0,1029.9,3.0,325.0,100.0,21.0
2023-01-04,2.0,5.0,11.6,96.0,1029.8,5.8,233.0,82.0,20.0
2023-01-05,0.0,5.4,9.2,96.0,1023.9,6.5,322.0,97.0,22.0
2023-01-06,0.0,5.2,9.7,95.0,1025.8,3.0,316.0,92.0,19.0
2023-01-07,0.0,5.0,9.3,88.0,1024.4,3.9,316.0,92.0,12.0
2023-01-08,13.6,5.2,7.3,94.0,1017.2,5.0,37.0,100.0,20.0
2023-01-09,15.3,4.9,11.1,90.0,1004.2,8.0,289.0,91.0,15.0
2023-01-10,0.0,2.3,14.4,58.0,1013.9,11.8,285.0,22.0,3.0
2023-01-11,0.0,-0.7,10.2,64.0,1021.0,4.8,335.0,76.0,0.0
2023-01-12,0.6,1.1,11.9,81.0,1022.0,6.0,237.0,77.0,9.0
2023-01-13,0.0,1.5,8.9,90.0,1019.5,3.8,282.0,71.0,15.0
2023-01-14,0.0,-0.6,11.0,81.0,1022.2,5.0,321.0,47.0,8.0
2023-01-15,5.0,2.0,6.2,90.0,1015.1,4.3,277.0,99.0,15.0
2023-01-16,5.6,4.3,7.8,90.0,1000.7,5.5,19.0,98.0,15.0
2023-01-17,6.6,0.5,5.4,94.0,990.6,8.1,55.0,83.0,24.0
2023-01-18,4.6,1.4,6.4,95.0,993.1,7.0,237.0,82.0,20.0
2023-01-19,8.1,0.5,2.8,90.0,1002.5,8.7,29.0,99.0,17.0
2023-01-20,4.2,-2.0,5.9,78.0,1009.1,8.5,4.0,81.0,7.0
2023-01-21,0.0,-4.5,7.0,60.0,1011.1,5.9,298.0,100.0,0.0
2023-01-22,0.7,1.5,7.7,72.0,1017.8,7.4,50.0,99.0,1.0
2023-01-23,9.0,0.3,8.2,81.0,1019.7,11.6,48.0,95.0,11.0
2023-01-24,2.7,-0.4,11.0,84.0,1029.0,6.6,47.0,61.0,11.0
2023-01-25,0.2,1.5,9.5,86.0,1026.7,5.8,40.0,70.0,12.0
2023-01-26,0.0,-1.5,7.0,83.0,1017.0,6.6,16.0,43.0,11.0
2023-01-27,0.0,-2.7,6.7,75.0,1014.8,7.1,15.0,39.0,4.0
2023-01-28,0.0,-2.2,7.7,67.0,1019.4,5.2,24.0,43.0,0.0
2023-01-29,0.0,-3.9,7.5,78.0,1025.2,6.1,259.0,32.0,5.0
2023-01-30,0.0,-3.0,6.6,84.0,1019.7,5.0,309.0,34.0,10.0
2023-01-31,0.0,-2.7,10.1,86.0,1021.6,7.5,241.0,41.0,13.0
2023-02-01,0.0,-1.0,8.7,91.0,1021.3,4.8,346.0,61.0,17.0
2023-02-02,0.0,-1.2,9.9,93.0,1021.5,4.2,196.0,81.0,18.0
2023-02-03,0.0,-1.4,9.7,92.0,1024.9,5.4,261.0,89.0,18.0
2023-02-04,0.0,0.3,13.7,93.0,1022.7,5.3,37.0,66.0,19.0
2023-02-05,0.0,-0.3,7.0,80.0,1032.9,5.0,357.0,71.0,1.0
2023-02-06,0.2,-0.8,3.8,79.0,1035.5,6.9,39.0,92.0,1.0
2023-02-07,0.0,-4.5,5.6,68.0,1037.6,7.6,72.0,3.0,0.0
2023-02-08,0.0,-4.1,4.0,64.0,1038.4,10.5,54.0,0.0,0.0
2023-02-09,0.0,-4.3,4.9,57.0,1037.9,7.5,45.0,0.0,0.0
2023-02-10,0.0,-5.5,8.0,62.0,1037.4,4.2,280.0,0.0,0.0
2023-02-11,0.0,-3.1,9.6,61.0,1035.4,6.2,250.0,46.0,0.0
2023-02-12,0.0,-2.7,11.3,58.0,1034.4,6.4,353.0,13.0,0.0
2023-02-13,0.0,-1.8,11.4,72.0,1037.6,6.2,246.0,0.0,2.0
2023-02-14,0.0,-1.7,12.7,85.0,1034.1,6.4,287.0,1.0,13.0
2023-02-15,0.0,2.5,14.5,69.0,1030.0,4.1,285.0,0.0,1.0
2023-02-16,0.0,1.2,11.4,74.0,1029.3,5.6,342.0,52.0,0.0
2023-02-17,0.0,-0.3,11.7,89.0,1029.7,6.1,300.0,61.0,15.0
2023-02-18,0.0,1.4,9.1,94.0,1027.9,5.7,343.0,100.0,18.0
2023-02-19,0.0,4.3,10.3,93.0,1023.8,6.0,352.0,93.0,17.0
2023-02-20,0.0,3.2,14.7,88.0,1026.2,6.6,273.0,80.0,14.0
2023-02-21,0.0,3.5,10.7,92.0,1021.9,4.7,345.0,93.0,17.0
2023-02-22,0.0,3.8,12.8,89.0,1018.4,4.5,244.0,97.0,14.0
2023-02-23,0.2,6.1,11.7,89.0,1015.9,2.9,13.0,85.0,13.0
2023-02-24,0.0,4.3,13.5,89.0,1012.1,6.9,213.0,89.0,15.0
2023-02-25,0.0,7.0,14.6,86.0,1000.9,8.7,250.0,44.0,14.0
2023-02-26,0.0,5.5,8.3,56.0,1003.5,21.4,70.0,95.0,4.0
2023-02-27,0.0,2.5,8.2,43.0,1017.0,16.8,71.0,89.0,0.0
2023-02-28,0.0,0.2,9.2,59.0,1022.6,12.4,55.0,45.0,0.0
2023-03-01,5.3,0.4,10.6,70.0,1018.4,12.9,64.0,96.0,6.0
2023-03-02,1.8,3.0,10.6,84.0,1017.5,7.1,40.0,78.0,11.0
2023-03-03,0.2,2.1,13.1,79.0,1016.7,5.7,356.0,74.0,8.0
2023-03-04,0.0,1.1,14.0,77.0,1016.8,7.3,254.0,3.0,9.0
2023-03-05,0.0,0.4,14.2,82.0,1011.8,6.0,250.0,23.0,11.0
2023-03-06,0.3,1.5,13.2,83.0,1006.4,6.6,240.0,63.0,10.0
2023-03-07,0.1,3.2,13.7,84.0,1004.1,5.9,235.0,85.0,12.0
2023-03-08,0.0,2.1,14.4,77.0,1004.4,8.2,225.0,71.0,3.0
2023-03-09,0.1,8.1,18.0,77.0,1003.8,5.9,271.0,70.0,6.0
2023-03-10,0.4,5.9,17.3,81.0,999.0,7.1,253.0,65.0,11.0
2023-03-11,0.0,5.3,17.9,83.0,998.9,6.4,64.0,76.0,9.0
2023-03-12,0.0,4.9,14.0,61.0,1013.6,9.2,60.0,57.0,0.0
2023-03-13,0.2,3.8,14.7,77.0,1017.3,5.1,50.0,92.0,7.0
2023-03-14,8.2,6.8,12.3,93.0,1005.0,7.3,39.0,94.0,21.0
2023-03-15,0.0,5.6,14.3,75.0,1009.7,6.0,136.0,62.0,11.0
2023-03-16,0.0,1.4,12.9,61.0,1021.4,5.7,331.0,33.0,0.0
2023-03-17,0.0,1.7,13.4,66.0,1022.6,5.5,216.0,61.0,0.0
2023-03-18,0.0,1.3,14.0,72.0,1018.9,5.1,185.0,51.0,2.0
2023-03-19,0.4,5.2,14.5,74.0,1019.6,3.4,91.0,99.0,1.0
2023-03-20,0.5,7.6,15.0,85.0,1019.4,5.3,71.0,56.0,12.0
2023-03-21,0.0,4.6,18.9,77.0,1017.1,6.2,224.0,31.0,9.0
2023-03-22,0.0,7.6,19.6,73.0,1015.5,6.0,225.0,40.0,5.0
2023-03-23,0.0,7.0,19.1,78.0,1015.2,5.3,264.0,84.0,9.0
2023-03-24,0.0,7.4,18.2,80.0,1014.0,9.1,233.0,86.0,10.0
2023-03-25,0.0,7.9,20.5,73.0,1010.9,10.2,281.0,53.0,3.0
2023-03-26,11.1,6.0,16.1,85.0,1008.1,5.6,22.0,65.0,16.0
2023-03-27,0.5,4.7,18.8,67.0,1005.4,9.1,330.0,47.0,12.0
2023-03-28,0.0,1.2,14.4,41.0,1022.0,9.5,230.0,20.0,0.0
2023-03-29,0.0,2.8,16.6,58.0,1023.3,6.8,244.0,65.0,0.0
2023-03-30,0.0,6.4,15.0,80.0,1021.1,6.0,341.0,98.0,2.0
2023-03-31,3.9,7.1,16.2,82.0,1011.8,7.2,238.0,91.0,13.0
2023-04-01,0.0,4.7,17.0,81.0,1005.1,4.9,42.0,51.0,12.0
2023-04-02,2.2,8.3,16.6,74.0,1009.8,7.0,39.0,88.0,8.0
2023-04-03,0.3,6.1,14.5,68.0,1014.3,8.4,80.0,56.0,2.0
2023-04-04,0.0,1.4,11.6,57.0,1016.5,7.0,79.0,7.0,1.0
2023-04-05,0.0,0.7,11.2,54.0,1018.9,7.6,83.0,38.0,0.0
2023-04-06,0.0,-0.6,13.8,58.0,1019.0,6.7,229.0,30.0,0.0
2023-04-07,0.0,2.0,15.2,64.0,1016.2,5.6,111.0,74.0,0.0
2023-04-08,2.9,3.3,16.2,72.0,1017.3,6.9,56.0,72.0,6.0
2023-04-09,1.1,6.6,14.5,75.0,1021.8,7.2,67.0,55.0,7.0
2023-04-10,0.0,3.7,16.1,68.0,1023.3,5.9,97.0,34.0,2.0
2023-04-11,0.0,6.1,18.8,61.0,1016.2,8.9,214.0,95.0,0.0
2023-04-12,0.0,6.4,15.5,66.0,1010.5,6.9,50.0,95.0,0.0
2023-04-13,17.0,8.2,12.1,79.0,1002.9,14.3,55.0,100.0,15.0
2023-04-14,5.2,6.3,15.7,82.0,1003.5,8.3,215.0,82.0,12.0
2023-04-15,0.7,4.8,16.9,76.0,1006.1,10.2,51.0,62.0,8.0
2023-04-16,0.6,4.3,16.7,70.0,1012.7,6.2,12.0,27.0,8.0
2023-04-17,0.1,5.7,18.6,67.0,1014.4,6.0,288.0,60.0,0.0
2023-04-18,0.0,7.7,20.5,60.0,1014.9,6.5,174.0,74.0,0.0
2023-04-19,7.9,8.1,19.5,77.0,1015.1,6.7,250.0,53.0,6.0
2023-04-20,11.5,8.8,15.4,88.0,1013.2,12.2,56.0,90.0,16.0
2023-04-21,14.2,9.4,17.2,79.0,1014.6,8.0,42.0,79.0,11.0
2023-04-22,0.0,8.2,20.7,74.0,1014.2,6.3,223.0,84.0,6.0
2023-04-23,4.7,9.9,20.6,79.0,1012.1,5.3,74.0,75.0,11.0
2023-04-24,7.3,10.7,18.9,84.0,1007.2,6.1,52.0,83.0,15.0
2023-04-25,9.9,8.8,14.3,84.0,1009.6,8.1,51.0,62.0,10.0
2023-04-26,0.1,4.5,18.3,72.0,1013.9,7.3,198.0,25.0,7.0
2023-04-27,0.0,6.5,18.8,68.0,1018.0,7.1,78.0,19.0,1.0
2023-04-28,0.0,6.4,19.0,69.0,1018.7,5.1,73.0,83.0,2.0
2023-04-29,0.0,8.9,19.5,75.0,1014.9,4.7,85.0,88.0,2.0
2023-04-30,0.7,10.0,19.9,82.0,1015.6,7.1,51.0,75.0,10.0
2023-05-01,5.4,12.9,18.9,74.0,1015.5,11.4,60.0,100.0,9.0
2023-05-02,21.3,11.8,15.9,88.0,1015.6,11.3,32.0,100.0,24.0
2023-05-03,3.9,11.0,19.5,77.0,1020.4,6.8,59.0,63.0,10.0
2023-05-04,0.0,8.5,21.0,69.0,1021.0,6.5,241.0,32.0,1.0
2023-05-05,0.0,10.8,23.0,72.0,1018.9,6.7,220.0,45.0,2.0
2023-05-06,0.0,10.5,24.4,73.0,1015.8,4.2,319.0,75.0,5.0
2023-05-07,2.1,13.3,23.2,77.0,1015.9,3.6,346.0,91.0,6.0
2023-05-08,10.5,15.2,21.2,80.0,1018.5,9.9,52.0,87.0,8.0
2023-05-09,0.0,13.0,20.9,71.0,1017.8,9.6,67.0,59.0,0.0
2023-05-10,38.2,11.9,15.0,86.0,1012.8,11.4,46.0,100.0,21.0
2023-05-11,10.7,11.2,14.8,86.0,1010.6,6.0,334.0,100.0,14.0
2023-05-12,13.0,11.3,16.2,88.0,1013.2,10.1,54.0,97.0,18.0
2023-05-13,7.2,11.0,17.3,87.0,1017.1,8.6,46.0,96.0,15.0
2023-05-14,8.9,10.4,16.8,84.0,1012.7,5.5,360.0,95.0,16.0
2023-05-15,0.0,9.0,20.3,77.0,1008.7,5.9,23.0,53.0,9.0
2023-05-16,20.7,11.9,17.7,82.0,1005.3,10.3,31.0,100.0,15.0
2023-05-17,7.7,12.0,18.2,82.0,1011.5,6.9,38.0,96.0,10.0
2023-05-18,0.0,10.4,19.9,70.0,1017.9,7.5,77.0,73.0,2.0
2023-05-19,1.5,14.1,17.8,73.0,1018.9,11.5,62.0,100.0,2.0
2023-05-20,2.4,13.8,20.9,81.0,1015.7,10.4,43.0,100.0,6.0
2023-05-21,0.5,14.8,25.5,69.0,1012.7,9.5,52.0,58.0,1.0
2023-05-22,0.0,14.2,26.0,62.0,1013.0,7.2,45.0,15.0,0.0
2023-05-23,0.0,14.4,27.5,65.0,1012.2,7.2,240.0,37.0,1.0
2023-05-24,3.5,14.0,23.9,80.0,1013.6,9.6,51.0,36.0,9.0
2023-05-25,7.1,14.9,24.7,75.0,1017.9,8.9,37.0,40.0,5.0
2023-05-26,0.0,13.6,26.4,74.0,1018.4,5.1,325.0,31.0,6.0
2023-05-27,9.9,16.7,24.3,74.0,1018.7,6.7,7.0,60.0,4.0
2023-05-28,0.0,15.2,24.6,68.0,1015.2,6.4,31.0,76.0,2.0
2023-05-29,0.0,14.7,25.7,66.0,1014.4,6.8,41.0,52.0,0.0
2023-05-30,0.7,16.7,25.0,65.0,1015.7,7.4,31.0,70.0,1.0
2023-05-31,0.1,14.8,25.1,62.0,1017.3,10.5,65.0,49.0,0.0
2023-06-01,0.3,14.7,25.5,68.0,1015.6,5.9,43.0,34.0,0.0
2023-06-02,0.1,15.5,25.2,69.0,1012.7,4.4,278.0,52.0,1.0
2023-06-03,6.8,16.7,24.2,79.0,1014.9,6.8,28.0,80.0,8.0
2023-06-04,17.4,15.4,23.6,83.0,1016.6,5.9,45.0,77.0,8.0
2023-06-05,15.8,15.2,19.8,90.0,1016.2,6.8,35.0,95.0,14.0
2023-06-06,3.7,14.9,22.5,86.0,1015.6,5.2,38.0,66.0,12.0
2023-06-07,1.8,14.8,23.6,84.0,1015.9,4.2,53.0,75.0,11.0
2023-06-08,0.6,15.8,26.2,78.0,1013.5,6.1,226.0,30.0,9.0
2023-06-09,1.7,14.9,26.1,78.0,1011.9,5.3,231.0,68.0,9.0
2023-06-10,2.7,17.0,25.1,85.0,1011.2,4.3,16.0,71.0,11.0
2023-06-11,0.4,15.9,26.2,79.0,1012.0,3.8,63.0,33.0,10.0
2023-06-12,3.2,16.9,25.4,79.0,1012.5,5.5,34.0,38.0,9.0
2023-06-13,2.6,16.8,23.2,78.0,1011.4,9.6,54.0,95.0,8.0
2023-06-14,0.1,15.8,25.1,76.0,1010.9,6.5,50.0,87.0,8.0
2023-06-15,0.1,16.2,25.2,70.0,1013.6,7.3,35.0,36.0,0.0
2023-06-16,0.9,15.3,26.4,67.0,1014.0,6.2,307.0,23.0,3.0
2023-06-17,0.0,15.4,27.4,65.0,1014.1,7.6,233.0,5.0,1.0
2023-06-18,0.0,15.8,28.5,73.0,1015.4,5.3,24.0,45.0,5.0
2023-06-19,0.0,18.1,28.7,73.0,1015.6,5.0,348.0,61.0,5.0
2023-06-20,0.0,19.0,29.9,71.0,1016.3,5.8,230.0,81.0,8.0
2023-06-21,0.0,18.9,31.6,66.0,1016.7,5.6,231.0,44.0,0.0
2023-06-22,0.0,20.3,31.8,71.0,1017.2,4.2,56.0,82.0,7.0
2023-06-23,14.1,19.8,29.3,77.0,1014.4,7.1,5.0,58.0,6.0
2023-06-24,0.0,16.8,29.2,64.0,1017.7,6.0,58.0,9.0,2.0
2023-06-25,0.0,18.1,28.5,63.0,1017.0,6.3,204.0,7.0,0.0
2023-06-26,0.0,17.7,30.5,63.0,1015.1,5.6,215.0,19.0,0.0
2023-06-27,0.0,20.0,30.1,71.0,1012.8,7.2,31.0,73.0,0.0
2023-06-28,0.4,18.5,26.7,63.0,1014.5,11.5,70.0,44.0,2.0
2023-06-29,0.0,16.9,29.0,57.0,1016.1,4.5,261.0,49.0,0.0
2023-06-30,2.0,16.7,27.0,69.0,1012.1,4.9,178.0,86.0,2.0
2023-07-01,1.1,17.8,25.5,76.0,1008.2,4.0,33.0,84.0,5.0
2023-07-02,0.6,17.9,28.6,77.0,1009.5,4.8,48.0,42.0,7.0
2023-07-03,30.2,19.2,25.9,86.0,1012.6,6.6,47.0,73.0,17.0
2023-07-04,2.1,18.1,28.2,71.0,1014.1,4.2,339.0,62.0,4.0
2023-07-05,5.0,18.4,27.5,72.0,1013.7,6.9,218.0,56.0,5.0
2023-07-06,8.2,17.8,24.9,78.0,1016.0,7.7,52.0,58.0,10.0
2023-07-07,0.0,15.9,28.2,66.0,1020.1,5.0,104.0,13.0,5.0
2023-07-08,0.0,17.3,29.9,61.0,1020.5,5.1,203.0,18.0,0.0
2023-07-09,0.0,18.7,31.6,64.0,1020.3,3.3,340.0,6.0,0.0
2023-07-10,0.0,20.8,33.3,68.0,1019.3,3.8,191.0,38.0,3.0
2023-07-11,0.0,23.0,32.8,67.0,1017.0,5.1,52.0,19.0,0.0
2023-07-12,7.6,22.9,31.5,73.0,1014.8,7.3,38.0,82.0,2.0
2023-07-13,9.2,20.3,27.4,85.0,1014.2,5.3,7.0,65.0,14.0
2023-07-14,1.3,19.1,29.5,69.0,1016.6,6.2,60.0,19.0,7.0
2023-07-15,0.0,18.9,31.7,65.0,1015.4,5.4,191.0,5.0,0.0
2023-07-16,0.0,21.2,33.4,69.0,1014.8,4.9,33.0,2.0,0.0
2023-07-17,0.0,21.8,34.1,67.0,1015.4,6.0,257.0,7.0,3.0
2023-07-18,0.2,23.6,34.7,71.0,1016.0,5.6,28.0,13.0,3.0
2023-07-19,9.8,22.3,32.5,70.0,1011.2,5.9,51.0,58.0,2.0
2023-07-20,0.0,20.2,31.2,70.0,1009.2,4.5,29.0,30.0,8.0
2023-07-21,16.8,20.5,26.8,77.0,1009.3,8.6,47.0,59.0,7.0
2023-07-22,0.4,19.2,27.3,80.0,1013.1,5.1,30.0,33.0,7.0
2023-07-23,0.2,20.7,28.9,70.0,1014.9,6.9,67.0,35.0,2.0
2023-07-24,1.6,19.5,28.7,79.0,1010.9,8.8,24.0,55.0,8.0
2023-07-25,66.1,18.4,27.0,84.0,1002.9,7.6,306.0,79.0,13.0
2023-07-26,0.8,17.8,25.4,73.0,1008.1,5.7,28.0,28.0,7.0
2023-07-27,0.0,14.1,25.7,67.0,1014.9,5.2,29.0,14.0,0.0
2023-07-28,0.0,17.1,27.3,67.0,1013.0,5.9,224.0,31.0,0.0
2023-07-29,0.2,18.3,29.0,74.0,1012.7,5.0,245.0,27.0,3.0
2023-07-30,3.2,20.2,27.8,80.0,1012.1,4.5,22.0,61.0,9.0
2023-07-31,0.0,19.9,28.7,74.0,1012.3,5.6,55.0,56.0,6.0
2023-08-01,1.0,19.8,28.1,75.0,1005.6,7.1,270.0,69.0,5.0
2023-08-02,0.9,18.7,28.9,73.0,1006.5,7.9,61.0,46.0,2.0
2023-08-03,3.3,19.8,29.9,78.0,1005.3,7.3,347.0,37.0,9.0
2023-08-04,5.5,17.9,25.7,86.0,1007.3,12.1,41.0,76.0,14.0
2023-08-05,23.4,17.0,21.6,90.0,1006.4,5.6,258.0,89.0,19.0
2023-08-06,4.6,16.6,26.6,76.0,1005.7,8.3,216.0,23.0,10.0
2023-08-07,0.0,12.2,26.9,64.0,1011.7,5.9,334.0,6.0,8.0
2023-08-08,0.0,13.3,24.5,68.0,1016.9,7.6,33.0,45.0,0.0
2023-08-09,0.0,16.2,27.3,72.0,1015.8,5.1,17.0,81.0,3.0
2023-08-10,0.0,17.1,27.4,71.0,1018.4,5.3,58.0,27.0,6.0
2023-08-11,0.0,17.5,28.9,70.0,1021.4,4.8,59.0,15.0,3.0
2023-08-12,0.0,17.8,29.5,70.0,1020.5,3.8,206.0,22.0,4.0
2023-08-13,0.0,19.0,31.5,67.0,1018.2,4.1,86.0,7.0,3.0
2023-08-14,0.0,20.3,31.3,63.0,1017.5,5.0,89.0,36.0,0.0
2023-08-15,0.0,20.0,31.5,60.0,1016.8,3.5,22.0,6.0,0.0
2023-08-16,0.1,21.3,32.1,65.0,1016.7,4.2,333.0,28.0,0.0
2023-08-17,11.5,20.3,30.5,78.0,1016.2,4.3,326.0,63.0,7.0
2023-08-18,0.5,19.2,30.5,75.0,1015.8,3.6,68.0,45.0,10.0
2023-08-19,0.0,20.4,32.6,67.0,1016.3,3.6,275.0,6.0,1.0
2023-08-20,0.0,21.1,33.1,63.0,1018.7,3.3,12.0,5.0,0.0
2023-08-21,0.0,21.8,34.4,63.0,1019.4,3.7,318.0,3.0,0.0
2023-08-22,0.0,21.9,34.5,64.0,1017.5,4.6,51.0,16.0,0.0
2023-08-23,0.0,21.8,35.1,58.0,1015.3,4.2,340.0,25.0,0.0
2023-08-24,0.0,22.9,35.2,62.0,1015.0,4.2,304.0,23.0,0.0
2023-08-25,0.0,21.8,35.0,63.0,1012.6,4.5,30.0,25.0,0.0
2023-08-26,0.0,21.5,34.2,66.0,1010.5,5.0,342.0,51.0,6.0
2023-08-27,0.9,21.6,28.2,70.0,1007.9,6.1,322.0,83.0,1.0
2023-08-28,42.1,17.5,24.8,86.0,1001.1,13.2,51.0,90.0,16.0
2023-08-29,36.7,15.1,21.4,89.0,1001.3,9.1,356.0,93.0,20.0
2023-08-30,0.4,14.7,23.4,77.0,1006.0,4.9,61.0,67.0,6.0
2023-08-31,0.0,13.9,24.4,78.0,1013.0,4.9,39.0,51.0,5.0
2023-09-01,0.0,15.9,26.0,77.0,1017.8,5.7,289.0,26.0,9.0
2023-09-02,0.0,16.0,27.9,73.0,1020.1,5.4,239.0,35.0,3.0
2023-09-03,0.0,16.8,29.0,78.0,1021.4,4.0,338.0,65.0,7.0
2023-09-04,0.1,19.1,26.5,76.0,1022.6,5.1,53.0,86.0,4.0
2023-09-05,0.0,17.0,25.8,60.0,1022.1,9.4,36.0,49.0,0.0
2023-09-06,0.0,15.5,27.3,64.0,1021.1,6.9,354.0,1.0,0.0
2023-09-07,0.0,15.9,28.2,64.0,1020.4,7.9,27.0,0.0,0.0
2023-09-08,0.0,15.7,28.6,61.0,1019.4,6.9,4.0,0.0,0.0
2023-09-09,0.0,16.4,28.7,61.0,1018.3,5.8,345.0,0.0,0.0
2023-09-10,0.0,16.1,29.4,63.0,1018.0,4.3,324.0,0.0,0.0
2023-09-11,0.0,16.6,29.8,62.0,1015.2,4.4,227.0,2.0,1.0
2023-09-12,0.0,16.6,29.5,66.0,1014.4,4.6,281.0,58.0,0.0
2023-09-13,0.1,17.3,26.6,77.0,1015.8,4.0,30.0,80.0,5.0
2023-09-14,3.4,17.6,24.9,83.0,1017.3,5.7,24.0,61.0,10.0
2023-09-15,0.1,17.3,25.5,76.0,1018.2,5.4,89.0,66.0,8.0
2023-09-16,0.0,17.2,24.8,79.0,1018.4,3.9,179.0,43.0,4.0
2023-09-17,0.3,16.5,27.4,78.0,1018.5,4.9,244.0,75.0,9.0
2023-09-18,17.6,18.6,25.5,88.0,1015.6,4.6,26.0,83.0,18.0
2023-09-19,1.3,17.9,27.2,84.0,1013.6,6.9,47.0,52.0,12.0
2023-09-20,1.3,16.6,25.8,82.0,1015.5,4.9,47.0,64.0,14.0
2023-09-21,0.4,15.9,24.9,81.0,1010.1,6.0,46.0,66.0,9.0
2023-09-22,21.9,16.2,21.1,93.0,1006.8,6.9,32.0,100.0,24.0
2023-09-23,7.5,13.6,23.6,84.0,1010.7,6.1,36.0,62.0,15.0
2023-09-24,0.0,11.6,23.6,70.0,1019.3,5.1,207.0,21.0,7.0
2023-09-25,0.0,12.2,24.9,65.0,1021.4,3.7,292.0,4.0,0.0
2023-09-26,0.0,13.7,26.3,70.0,1021.0,6.3,354.0,0.0,0.0
2023-09-27,0.0,14.6,27.2,63.0,1019.9,10.2,23.0,9.0,0.0
2023-09-28,0.0,13.8,26.8,60.0,1019.2,6.9,344.0,19.0,0.0
2023-09-29,0.0,14.1,26.3,62.0,1020.9,4.7,314.0,5.0,0.0
2023-09-30,0.0,14.8,27.0,65.0,1021.5,3.8,294.0,40.0,0.0
2023-10-01,0.0,14.1,26.2,70.0,1023.9,4.0,9.0,9.0,2.0
2023-10-02,0.0,14.0,26.3,74.0,1024.7,4.1,307.0,4.0,3.0
2023-10-03,0.0,13.6,26.2,78.0,1021.8,4.1,322.0,28.0,11.0
2023-10-04,0.9,15.7,22.4,78.0,1023.4,9.4,44.0,65.0,7.0
2023-10-05,0.0,15.5,24.3,67.0,1023.9,4.3,62.0,64.0,0.0
2023-10-06,0.0,14.4,24.3,70.0,1024.6,5.0,15.0,54.0,3.0
2023-10-07,0.0,13.4,25.6,75.0,1023.5,4.7,279.0,21.0,3.0
2023-10-08,0.0,13.8,26.8,78.0,1022.3,4.3,294.0,46.0,7.0
2023-10-09,0.0,14.0,26.0,83.0,1020.9,4.8,18.0,70.0,11.0
2023-10-10,0.0,15.2,25.7,85.0,1020.2,4.2,348.0,70.0,13.0
2023-10-11,0.0,14.1,25.2,79.0,1021.4,2.9,197.0,28.0,9.0
2023-10-12,0.3,13.9,24.6,82.0,1020.5,4.3,292.0,45.0,11.0
2023-10-13,0.0,14.0,24.6,80.0,1020.4,5.5,249.0,44.0,10.0
2023-10-14,0.0,13.7,24.7,78.0,1014.3,6.4,247.0,29.0,9.0
2023-10-15,0.1,12.1,19.8,78.0,1012.2,11.6,47.0,83.0,8.0
2023-10-16,0.0,9.6,16.2,56.0,1020.4,10.3,43.0,97.0,0.0
2023-10-17,0.0,7.6,16.5,60.0,1018.8,5.5,40.0,77.0,0.0
2023-10-18,1.1,6.7,13.2,81.0,1015.6,5.1,29.0,98.0,3.0
2023-10-19,7.8,9.0,16.3,93.0,1005.3,3.3,39.0,94.0,18.0
2023-10-20,20.3,13.8,17.3,95.0,994.8,6.0,38.0,100.0,24.0
2023-10-21,2.4,12.5,21.1,89.0,1001.3,6.5,38.0,72.0,17.0
2023-10-22,0.4,11.4,20.5,84.0,1010.9,4.3,254.0,74.0,14.0
2023-10-23,2.0,11.0,20.2,76.0,1016.7,3.9,256.0,55.0,6.0
2023-10-24,43.6,14.0,16.0,94.0,1009.1,8.1,41.0,100.0,22.0
2023-10-25,0.0,12.4,18.7,87.0,1003.8,12.7,224.0,61.0,14.0
2023-10-26,5.8,9.7,17.3,91.0,1001.3,4.1,217.0,85.0,16.0
2023-10-27,29.9,12.4,19.8,87.0,994.6,13.0,238.0,54.0,13.0
2023-10-28,0.0,9.7,19.4,83.0,1005.7,4.3,343.0,46.0,10.0
2023-10-29,0.2,9.1,16.3,87.0,1013.0,5.2,18.0,76.0,11.0
2023-10-30,27.6,10.6,16.7,94.0,1010.2,8.5,43.0,100.0,23.0
2023-10-31,21.4,9.2,17.3,89.0,1003.8,7.6,292.0,62.0,16.0
2023-11-01,0.0,6.0,16.5,78.0,1013.3,4.4,321.0,53.0,6.0
2023-11-02,36.5,8.4,12.5,91.0,1000.5,7.4,37.0,89.0,18.0
2023-11-03,24.9,6.1,14.1,90.0,987.4,9.6,232.0,66.0,16.0
2023-11-04,5.9,3.0,13.4,80.0,997.3,5.5,19.0,53.0,9.0
2023-11-05,18.3,8.0,17.6,76.0,991.5,14.0,239.0,26.0,7.0
2023-11-06,2.0,5.3,16.4,87.0,1009.5,4.7,331.0,15.0,14.0
2023-11-07,3.4,5.9,16.4,91.0,1015.8,4.4,340.0,53.0,18.0
2023-11-08,0.0,4.5,15.1,88.0,1019.2,4.5,260.0,39.0,14.0
2023-11-09,3.7,3.8,12.7,84.0,1017.7,4.8,356.0,81.0,7.0
2023-11-10,8.2,7.1,12.9,89.0,1006.6,7.1,217.0,70.0,17.0
2023-11-11,0.0,4.5,13.0,92.0,1005.8,3.7,358.0,57.0,18.0
2023-11-12,0.0,3.6,12.1,83.0,1010.7,4.9,263.0,65.0,10.0
2023-11-13,0.0,2.0,12.2,87.0,1016.2,3.8,306.0,85.0,13.0
2023-11-14,0.0,4.1,12.1,84.0,1014.7,4.7,321.0,86.0,7.0
2023-11-15,0.0,5.4,16.4,92.0,1013.6,4.4,230.0,51.0,17.0
2023-11-16,0.0,3.5,13.0,72.0,1017.0,4.6,238.0,53.0,6.0
2023-11-17,0.0,4.5,16.6,84.0,1011.7,6.2,255.0,27.0,11.0
2023-11-18,0.0,3.1,13.3,65.0,1022.2,4.7,296.0,47.0,0.0
2023-11-19,0.0,3.8,12.1,72.0,1020.2,3.6,317.0,69.0,0.0
2023-11-20,0.0,2.1,10.6,80.0,1015.7,5.9,336.0,99.0,5.0
2023-11-21,0.7,3.2,12.9,81.0,1009.5,6.1,6.0,92.0,3.0
2023-11-22,0.0,3.3,14.5,77.0,1015.2,6.2,353.0,28.0,3.0
2023-11-23,0.0,1.2,11.7,83.0,1021.1,6.6,257.0,24.0,7.0
2023-11-24,0.1,1.4,8.7,92.0,1006.3,5.6,322.0,72.0,18.0
2023-11-25,0.1,1.4,9.9,49.0,1004.1,11.4,300.0,17.0,3.0
2023-11-26,0.0,-0.3,11.3,61.0,1011.0,7.4,250.0,5.0,0.0
2023-11-27,0.5,-1.5,7.0,69.0,1011.4,2.9,275.0,76.0,1.0
2023-11-28,0.1,-0.6,8.4,91.0,996.4,4.7,251.0,61.0,14.0
2023-11-29,0.0,-2.4,8.7,76.0,1006.8,6.6,18.0,32.0,4.0
2023-11-30,12.7,1.9,4.5,91.0,1006.1,5.3,164.0,100.0,19.0
2023-12-01,6.6,3.5,7.4,96.0,1000.0,3.3,18.0,100.0,24.0
2023-12-02,8.8,6.5,12.7,87.0,995.2,6.7,221.0,76.0,11.0
2023-12-03,0.0,-0.5,7.9,79.0,1019.3,7.7,54.0,29.0,3.0
2023-12-04,2.1,-1.5,5.0,80.0,1022.7,4.4,48.0,76.0,6.0
2023-12-05,3.4,0.4,4.9,96.0,1013.5,4.6,243.0,96.0,20.0
2023-12-06,0.0,-1.1,8.2,92.0,1012.8,4.2,228.0,58.0,16.0
2023-12-07,0.0,-1.4,8.1,89.0,1019.3,3.3,275.0,21.0,15.0
2023-12-08,0.1,-1.5,5.6,93.0,1017.8,3.1,257.0,93.0,19.0
2023-12-09,0.0,-0.7,7.8,95.0,1017.3,5.9,219.0,84.0,20.0
2023-12-10,3.0,1.6,6.0,96.0,1014.9,3.4,165.0,89.0,22.0
2023-12-11,0.0,0.8,6.5,95.0,1014.4,2.6,246.0,98.0,19.0
2023-12-12,0.1,-0.3,9.6,89.0,1012.7,3.7,250.0,96.0,14.0
2023-12-13,14.6,3.9,7.5,97.0,1003.3,3.5,290.0,100.0,24.0
2023-12-14,0.2,1.3,9.6,96.0,1010.3,6.1,236.0,60.0,22.0
2023-12-15,0.0,1.1,10.5,86.0,1027.1,3.8,327.0,34.0,8.0
2023-12-16,0.0,-2.6,8.6,84.0,1038.2,5.1,300.0,7.0,7.0
2023-12-17,0.0,-1.8,9.0,86.0,1039.4,5.8,236.0,13.0,8.0
2023-12-18,0.0,0.0,9.9,89.0,1034.4,5.6,214.0,32.0,13.0
2023-12-19,0.0,-0.9,9.0,79.0,1026.0,3.6,226.0,14.0,2.0
2023-12-20,0.0,-1.4,5.1,82.0,1015.0,4.4,330.0,48.0,4.0
2023-12-21,0.0,-0.7,6.4,91.0,1009.7,6.7,223.0,71.0,14.0
2023-12-22,0.0,-3.2,10.1,93.0,1001.0,4.6,187.0,83.0,17.0
2023-12-23,0.0,0.1,13.2,79.0,1005.8,5.6,223.0,78.0,2.0
2023-12-24,0.0,-1.2,10.8,96.0,1013.4,4.7,314.0,66.0,21.0
2023-12-25,0.0,2.7,10.4,93.0,1018.0,6.0,338.0,31.0,19.0
2023-12-26,0.0,3.6,11.1,94.0,1020.3,4.5,278.0,94.0,19.0
2023-12-27,0.0,2.2,9.7,95.0,1026.0,3.3,271.0,78.0,20.0
2023-12-28,0.0,4.3,10.3,93.0,1026.9,2.5,284.0,100.0,19.0
2023-12-29,0.0,2.5,8.7,95.0,1023.2,3.5,305.0,94.0,20.0
2023-12-30,0.0,4.2,10.7,91.0,1021.2,3.5,313.0,77.0,16.0
2023-12-31,2.7,4.4,9.7,90.0,1016.4,3.7,68.0,97.0,16.0
2024-01-01,5.2,3.2,9.3,96.0,1012.3,5.8,258.0,84.0,23.0
2024-01-02,0.3,2.6,6.5,95.0,1015.0,5.6,221.0,100.0,20.0
2024-01-03,0.1,1.5,8.0,97.0,1009.2,3.1,312.0,91.0,22.0
2024-01-04,0.0,1.8,8.2,95.0,1009.0,4.5,27.0,88.0,20.0
2024-01-05,10.6,1.8,7.3,92.0,1009.4,6.0,24.0,100.0,19.0
2024-01-06,43.9,6.8,8.2,95.0,999.9,5.9,35.0,100.0,24.0
2024-01-07,14.0,5.9,7.8,89.0,1000.6,7.6,340.0,100.0,21.0
2024-01-08,0.5,4.2,9.9,84.0,1011.1,5.8,40.0,98.0,7.0
2024-01-09,0.0,-0.5,7.3,72.0,1023.2,7.8,51.0,19.0,0.0
2024-01-10,0.0,-2.8,4.9,76.0,1028.4,7.1,19.0,88.0,1.0
2024-01-11,0.0,-3.5,6.5,86.0,1025.2,4.6,261.0,6.0,5.0
2024-01-12,0.0,-3.5,8.1,79.0,1024.2,4.9,343.0,16.0,8.0
2024-01-13,0.0,-3.5,5.0,83.0,1023.0,5.4,272.0,21.0,6.0
2024-01-14,0.0,-1.9,3.4,87.0,1014.3,3.6,320.0,88.0,14.0
2024-01-15,0.0,-2.5,6.2,85.0,1003.2,4.2,282.0,52.0,9.0
2024-01-16,0.0,-2.2,7.3,73.0,1009.4,6.9,17.0,45.0,0.0
2024-01-17,8.1,1.8,4.2,84.0,1006.5,2.7,318.0,100.0,14.0
2024-01-18,13.3,2.8,8.3,95.0,997.8,5.9,255.0,81.0,19.0
2024-01-19,2.8,2.1,5.8,85.0,1008.9,10.9,54.0,97.0,14.0
2024-01-20,0.0,-3.8,6.1,63.0,1028.5,4.6,323.0,0.0,0.0
2024-01-21,0.0,-4.7,7.8,57.0,1033.4,4.3,253.0,24.0,0.0
2024-01-22,0.0,-4.1,6.3,73.0,1030.9,5.1,231.0,72.0,7.0
2024-01-23,0.0,-3.5,8.4,74.0,1029.1,4.2,287.0,32.0,1.0
2024-01-24,0.0,-2.0,8.9,70.0,1029.8,4.5,290.0,72.0,0.0
2024-01-25,0.0,-1.9,9.8,88.0,1026.1,5.0,309.0,61.0,13.0
2024-01-26,0.0,-1.9,9.9,93.0,1026.6,4.1,251.0,81.0,17.0
2024-01-27,0.0,1.2,6.5,99.0,1030.2,4.1,286.0,95.0,24.0
2024-01-28,0.0,-2.7,8.6,89.0,1037.0,4.7,210.0,40.0,14.0
2024-01-29,0.0,-3.3,7.1,89.0,1037.0,4.9,217.0,50.0,17.0
2024-01-30,0.0,-2.7,9.7,80.0,1036.2,3.9,215.0,41.0,9.0
2024-01-31,0.0,-2.9,9.7,80.0,1034.1,3.7,210.0,71.0,6.0
2024-02-01,0.1,-2.3,4.6,84.0,1028.6,3.9,229.0,58.0,12.0
2024-02-02,0.0,-1.7,9.8,73.0,1029.2,5.0,262.0,46.0,1.0
2024-02-03,0.0,-1.5,9.7,69.0,1026.9,4.8,312.0,39.0,5.0
2024-02-04,0.0,-1.2,11.0,88.0,1024.8,4.5,317.0,83.0,14.0
2024-02-05,0.0,-1.0,8.9,97.0,1024.5,5.4,321.0,98.0,20.0
2024-02-06,0.0,0.9,10.4,96.0,1022.6,4.3,291.0,99.0,21.0
2024-02-07,0.0,4.9,10.3,96.0,1015.2,3.0,310.0,100.0,21.0
2024-02-08,0.0,5.9,10.6,94.0,1010.2,3.4,0.0,98.0,19.0
2024-02-09,15.8,6.1,9.4,98.0,1004.0,4.1,39.0,100.0,24.0
2024-02-10,17.1,7.1,10.0,97.0,995.9,10.7,53.0,100.0,24.0
2024-02-11,12.6,7.7,13.4,90.0,992.4,6.0,302.0,97.0,19.0
2024-02-12,0.7,5.6,13.3,87.0,1003.9,5.6,32.0,85.0,14.0
2024-02-13,0.0,2.2,14.9,87.0,1016.3,5.3,232.0,38.0,16.0
2024-02-14,0.0,1.1,13.8,78.0,1024.3,4.0,290.0,25.0,5.0
2024-02-15,0.0,1.3,13.4,87.0,1024.1,3.5,210.0,54.0,12.0
2024-02-16,0.0,3.7,12.5,95.0,1022.2,3.2,187.0,82.0,18.0
2024-02-17,0.0,1.2,14.7,93.0,1026.7,3.4,207.0,55.0,18.0
2024-02-18,0.0,4.0,15.7,88.0,1030.7,4.0,108.0,77.0,13.0
2024-02-19,0.1,6.2,15.6,82.0,1024.7,3.3,296.0,57.0,8.0
2024-02-20,0.3,4.4,15.3,86.0,1024.9,5.0,295.0,43.0,13.0
2024-02-21,0.0,2.2,14.8,80.0,1024.3,5.7,243.0,58.0,8.0
2024-02-22,5.5,4.4,8.1,95.0,1013.5,3.1,15.0,100.0,24.0
2024-02-23,23.3,5.2,8.7,97.0,999.5,7.9,38.0,95.0,24.0
2024-02-24,5.2,1.6,11.6,88.0,1006.6,5.9,28.0,71.0,13.0
2024-02-25,3.9,3.3,12.1,82.0,1010.5,5.8,22.0,55.0,13.0
2024-02-26,7.2,2.3,9.2,91.0,1007.6,9.7,39.0,98.0,17.0
2024-02-27,51.1,6.7,9.5,90.0,1009.2,13.6,49.0,100.0,23.0
2024-02-28,21.1,7.4,12.7,92.0,1016.0,9.1,35.0,97.0,23.0
2024-02-29,2.9,7.3,15.7,83.0,1014.6,8.4,36.0,81.0,7.0
2024-03-01,13.9,8.5,11.9,92.0,1007.0,10.6,52.0,99.0,23.0
2024-03-02,3.5,6.4,12.1,92.0,1009.3,9.3,54.0,88.0,19.0
2024-03-03,2.0,6.1,13.8,88.0,1008.7,10.8,62.0,97.0,14.0
2024-03-04,15.1,8.4,13.3,87.0,1007.2,11.3,41.0,84.0,14.0
2024-03-05,3.4,4.3,17.2,80.0,1010.7,5.2,238.0,46.0,9.0
2024-03-06,10.2,7.8,13.3,87.0,1014.6,11.4,58.0,90.0,17.0
2024-03-07,6.8,6.3,13.7,85.0,1017.2,5.6,2.0,84.0,15.0
2024-03-08,1.9,6.0,8.4,82.0,1017.2,12.4,51.0,99.0,9.0
2024-03-09,4.4,6.0,12.1,84.0,1011.8,9.8,58.0,95.0,14.0
2024-03-10,22.7,6.3,11.6,93.0,1004.2,13.5,75.0,79.0,22.0
2024-03-11,0.0,3.0,14.8,82.0,1004.7,7.3,245.0,94.0,12.0
2024-03-12,0.2,2.7,16.9,81.0,1011.4,4.5,225.0,58.0,9.0
2024-03-13,0.2,5.5,16.7,83.0,1016.8,3.5,256.0,68.0,12.0
2024-03-14,0.0,4.4,16.0,84.0,1017.9,4.2,237.0,50.0,11.0
2024-03-15,0.2,5.1,15.8,87.0,1017.3,4.0,322.0,89.0,13.0
2024-03-16,0.4,7.9,17.3,86.0,1018.8,4.4,27.0,57.0,15.0
2024-03-17,0.2,6.2,17.7,87.0,1021.2,4.5,240.0,91.0,12.0
2024-03-18,3.8,8.3,12.2,97.0,1015.9,4.3,13.0,100.0,24.0
2024-03-19,0.1,7.2,17.1,88.0,1017.7,4.6,157.0,83.0,15.0
2024-03-20,0.1,7.7,16.7,84.0,1022.3,4.8,238.0,78.0,12.0
2024-03-21,0.0,6.2,17.4,87.0,1021.4,4.8,340.0,81.0,15.0
2024-03-22,0.1,6.8,19.4,77.0,1019.9,6.7,233.0,51.0,9.0
2024-03-23,0.0,7.3,18.9,78.0,1010.4,9.6,235.0,40.0,8.0
2024-03-24,0.0,6.4,13.7,69.0,1008.1,8.4,43.0,26.0,0.0
2024-03-25,0.1,2.2,15.3,69.0,1008.4,5.3,185.0,37.0,2.0
2024-03-26,8.4,5.0,12.0,83.0,1003.7,11.4,48.0,93.0,9.0
2024-03-27,25.7,8.1,11.6,91.0,995.0,12.9,169.0,83.0,16.0
2024-03-28,9.4,6.0,10.2,88.0,1000.5,10.0,195.0,66.0,12.0
2024-03-29,0.0,4.9,15.5,86.0,1012.1,7.8,42.0,82.0,9.0
2024-03-30,8.0,9.1,18.4,87.0,1009.3,13.9,57.0,93.0,18.0
2024-03-31,13.6,10.7,17.1,89.0,1007.2,9.4,53.0,89.0,16.0
2024-04-01,10.8,9.6,15.8,92.0,1004.8,7.0,57.0,88.0,20.0
2024-04-02,0.0,5.5,17.8,80.0,1011.8,6.5,236.0,44.0,12.0
2024-04-03,0.6,6.6,15.3,81.0,1015.6,7.3,228.0,82.0,11.0
2024-04-04,0.0,5.6,18.6,77.0,1018.3,7.3,238.0,53.0,7.0
2024-04-05,0.0,8.2,19.6,81.0,1022.2,8.1,244.0,85.0,10.0
2024-04-06,0.0,9.4,21.6,79.0,1022.8,5.9,245.0,48.0,7.0
2024-04-07,0.0,8.7,23.1,86.0,1021.0,3.7,281.0,67.0,12.0
2024-04-08,0.0,10.1,22.8,83.0,1017.4,5.2,132.0,95.0,10.0
2024-04-09,4.2,8.9,21.1,87.0,1015.3,6.3,77.0,81.0,15.0
2024-04-10,15.2,10.7,18.3,84.0,1017.3,10.8,8.0,95.0,15.0
2024-04-11,0.0,9.1,21.9,68.0,1027.1,5.3,353.0,28.0,0.0
2024-04-12,0.0,10.9,23.9,71.0,1028.6,5.4,228.0,2.0,1.0
2024-04-13,0.0,12.7,25.7,73.0,1026.4,5.9,236.0,36.0,8.0
2024-04-14,0.0,12.6,26.4,78.0,1022.0,6.6,220.0,35.0,7.0
2024-04-15,0.0,11.7,23.5,67.0,1012.1,12.1,228.0,61.0,4.0
2024-04-16,1.3,7.5,19.1,68.0,1001.4,15.8,186.0,60.0,1.0
2024-04-17,1.2,4.8,15.3,72.0,1005.5,5.2,310.0,61.0,3.0
2024-04-18,2.8,6.0,14.5,75.0,1010.1,8.5,28.0,93.0,8.0
2024-04-19,0.1,2.3,15.5,58.0,1013.9,10.5,227.0,45.0,0.0
2024-04-20,1.6,4.4,15.8,63.0,1010.1,8.2,22.0,58.0,2.0
2024-04-21,1.0,2.9,14.0,62.0,1014.4,6.1,62.0,54.0,1.0
2024-04-22,18.5,5.1,9.4,81.0,1014.0,17.6,52.0,100.0,18.0
2024-04-23,9.7,5.4,12.2,77.0,1009.1,13.5,45.0,98.0,13.0
2024-04-24,6.0,5.6,12.3,79.0,1007.0,5.7,15.0,88.0,11.0
2024-04-25,2.8,3.4,13.8,73.0,1008.7,5.1,39.0,32.0,9.0
2024-04-26,0.6,4.2,15.1,76.0,1012.3,7.2,64.0,62.0,8.0
2024-04-27,0.9,6.4,17.0,84.0,1016.7,7.2,70.0,77.0,11.0
2024-04-28,0.0,9.2,20.2,77.0,1020.0,7.7,74.0,76.0,9.0
2024-04-29,0.0,9.6,23.3,64.0,1020.9,3.6,231.0,22.0,0.0
2024-04-30,0.0,10.4,25.0,64.0,1017.8,6.7,86.0,44.0,0.0
2024-05-01,9.8,14.5,21.5,73.0,1010.2,14.2,67.0,98.0,4.0
2024-05-02,28.3,10.8,15.5,92.0,1006.9,7.6,71.0,94.0,22.0
2024-05-03,2.1,8.7,18.9,83.0,1010.8,5.2,327.0,99.0,15.0
2024-05-04,0.4,10.8,20.8,75.0,1015.0,4.6,222.0,77.0,9.0
2024-05-05,0.0,9.4,21.8,72.0,1014.4,7.7,220.0,53.0,6.0
2024-05-06,0.6,12.1,20.2,80.0,1013.3,7.3,246.0,93.0,8.0
2024-05-07,8.0,11.4,17.3,90.0,1013.2,5.5,52.0,99.0,20.0
2024-05-08,1.5,10.1,20.9,83.0,1016.5,5.2,29.0,74.0,14.0
2024-05-09,0.2,11.9,22.4,73.0,1019.2,5.3,61.0,84.0,7.0
2024-05-10,0.0,11.1,23.1,66.0,1019.4,7.0,255.0,32.0,2.0
2024-05-11,0.0,12.2,23.9,65.0,1018.7,6.0,176.0,22.0,1.0
2024-05-12,0.0,12.6,24.9,67.0,1017.2,4.9,215.0,48.0,1.0
2024-05-13,0.3,14.0,22.6,75.0,1015.3,5.6,69.0,88.0,3.0
2024-05-14,2.1,12.7,21.7,82.0,1011.7,8.1,62.0,48.0,12.0
2024-05-15,55.0,13.7,16.1,91.0,1010.7,14.9,54.0,100.0,21.0
2024-05-16,40.8,13.6,17.8,85.0,1007.4,15.4,53.0,95.0,11.0
2024-05-17,0.5,10.9,20.6,76.0,1008.9,9.9,227.0,21.0,10.0
2024-05-18,0.1,10.6,22.3,74.0,1013.2,5.5,83.0,10.0,6.0
2024-05-19,1.0,11.7,22.9,80.0,1011.8,5.7,73.0,48.0,7.0
2024-05-20,5.0,12.7,22.8,84.0,1010.7,6.1,66.0,87.0,12.0
2024-05-21,44.9,14.8,19.9,90.0,1006.0,9.0,57.0,80.0,17.0
2024-05-22,2.6,12.7,20.4,84.0,1010.7,6.8,353.0,50.0,14.0
2024-05-23,3.3,12.5,21.7,84.0,1015.7,5.1,234.0,55.0,12.0
2024-05-24,4.3,10.8,21.4,81.0,1018.0,4.9,235.0,57.0,12.0
2024-05-25,4.8,12.9,21.6,78.0,1017.3,4.6,288.0,62.0,9.0
2024-05-26,0.0,11.0,24.3,71.0,1017.1,4.3,184.0,24.0,7.0
2024-05-27,0.0,14.9,25.0,74.0,1017.9,4.2,147.0,75.0,4.0
2024-05-28,20.9,15.6,23.1,83.0,1015.2,5.4,25.0,83.0,16.0
2024-05-29,0.0,13.1,23.5,76.0,1014.2,4.9,129.0,57.0,8.0
2024-05-30,23.2,14.8,20.9,90.0,1007.7,6.4,40.0,90.0,18.0
2024-05-31,17.4,12.6,19.9,86.0,1003.0,12.3,51.0,80.0,18.0
2024-06-01,0.1,10.9,22.7,77.0,1011.0,3.5,1.0,25.0,9.0
2024-06-02,6.0,12.5,23.8,83.0,1015.0,5.1,23.0,50.0,14.0
2024-06-03,1.4,12.6,22.4,79.0,1013.4,6.3,228.0,65.0,9.0
2024-06-04,6.5,13.9,23.2,85.0,1014.0,5.0,13.0,72.0,16.0
2024-06-05,0.5,14.4,25.0,79.0,1015.0,5.2,235.0,18.0,10.0
2024-06-06,0.2,16.0,26.4,79.0,1016.8,6.0,187.0,47.0,9.0
2024-06-07,0.2,16.5,28.3,79.0,1016.1,5.8,262.0,63.0,8.0
2024-06-08,3.0,18.6,27.8,81.0,1013.4,4.4,159.0,90.0,11.0
2024-06-09,11.3,18.6,26.6,84.0,1008.0,7.7,30.0,97.0,11.0
2024-06-10,20.2,17.8,26.4,82.0,1004.1,7.7,246.0,77.0,13.0
2024-06-11,8.2,16.9,22.8,80.0,1009.1,9.4,56.0,74.0,9.0
2024-06-12,11.6,14.9,22.1,79.0,1012.4,11.6,57.0,74.0,11.0
2024-06-13,0.4,12.6,21.1,74.0,1015.3,7.6,45.0,57.0,4.0
2024-06-14,0.0,13.1,22.7,70.0,1016.6,6.1,222.0,75.0,0.0
2024-06-15,1.4,14.1,24.6,75.0,1012.3,4.4,9.0,41.0,6.0
2024-06-16,1.0,15.7,25.1,76.0,1010.8,6.2,231.0,43.0,9.0
2024-06-17,0.0,16.3,27.0,76.0,1015.3,5.7,97.0,18.0,9.0
2024-06-18,0.0,16.7,28.5,75.0,1017.3,4.9,112.0,54.0,8.0
2024-06-19,0.0,18.7,29.5,73.0,1016.3,5.3,99.0,33.0,5.0
2024-06-20,0.0,19.1,29.5,80.0,1018.1,4.5,255.0,66.0,8.0
2024-06-21,21.2,19.6,29.3,81.0,1014.9,6.4,24.0,72.0,10.0
2024-06-22,1.0,17.7,28.2,73.0,1009.7,6.2,251.0,26.0,7.0
2024-06-23,26.1,17.8,23.5,84.0,1011.0,8.9,4.0,98.0,15.0
2024-06-24,5.1,17.6,25.9,75.0,1012.9,11.2,23.0,73.0,6.0
2024-06-25,17.4,17.1,23.7,84.0,1012.9,10.6,24.0,67.0,15.0
2024-06-26,4.2,16.3,25.0,77.0,1011.7,3.6,105.0,65.0,8.0
2024-06-27,0.0,15.8,28.5,76.0,1010.8,4.2,228.0,20.0,5.0
2024-06-28,0.0,19.3,30.0,81.0,1014.9,4.2,35.0,33.0,10.0
2024-06-29,0.0,21.1,31.1,80.0,1016.2,5.0,91.0,49.0,9.0
2024-06-30,0.4,21.1,28.3,72.0,1010.4,9.5,251.0,27.0,6.0
2024-07-01,2.4,18.8,28.2,80.0,1010.1,5.9,328.0,69.0,8.0
2024-07-02,0.0,15.8,26.8,75.0,1009.0,5.7,230.0,33.0,9.0
2024-07-03,23.8,16.3,23.1,78.0,1008.7,7.9,50.0,99.0,8.0
2024-07-04,0.3,13.8,25.1,74.0,1010.3,5.5,217.0,8.0,9.0
2024-07-05,0.0,15.3,27.2,71.0,1014.4,4.5,189.0,21.0,4.0
2024-07-06,0.3,18.2,28.2,75.0,1012.1,5.6,77.0,51.0,7.0
2024-07-07,15.3,19.0,26.4,83.0,1011.7,7.3,49.0,63.0,12.0
2024-07-08,0.2,20.1,29.6,73.0,1014.5,4.6,233.0,38.0,4.0
2024-07-09,0.0,19.3,31.6,71.0,1015.6,5.1,251.0,7.0,3.0
2024-07-10,0.0,20.4,33.1,69.0,1014.5,5.5,238.0,18.0,2.0
2024-07-11,0.0,20.9,32.9,70.0,1013.5,4.9,233.0,13.0,2.0
2024-07-12,11.6,22.3,29.7,74.0,1010.9,6.2,297.0,41.0,3.0
2024-07-13,5.6,19.5,29.5,75.0,1009.3,6.1,219.0,28.0,7.0
2024-07-14,0.0,19.7,30.0,67.0,1011.0,6.4,234.0,45.0,1.0
2024-07-15,0.0,18.2,31.2,65.0,1012.7,4.0,335.0,4.0,0.0
2024-07-16,0.0,19.9,31.9,68.0,1011.5,4.5,238.0,16.0,0.0
2024-07-17,0.0,21.3,33.0,66.0,1013.9,4.9,4.0,30.0,2.0
2024-07-18,0.0,21.4,32.5,62.0,1016.8,6.5,50.0,10.0,0.0
2024-07-19,0.2,22.4,33.1,64.0,1015.1,4.9,344.0,28.0,0.0
2024-07-20,21.3,21.8,30.6,66.0,1010.4,6.0,168.0,44.0,3.0
2024-07-21,0.1,20.8,30.7,74.0,1009.1,4.2,63.0,33.0,2.0
2024-07-22,3.2,21.2,31.2,75.0,1011.5,4.5,51.0,50.0,5.0
2024-07-23,0.1,21.6,30.0,69.0,1014.9,3.9,26.0,30.0,2.0
2024-07-24,0.0,20.4,29.4,69.0,1013.1,5.5,53.0,34.0,3.0
2024-07-25,0.0,20.8,30.7,59.0,1012.1,8.2,72.0,55.0,0.0
2024-07-26,0.0,20.8,31.4,60.0,1012.5,4.7,119.0,15.0,0.0
2024-07-27,0.0,20.5,32.4,65.0,1014.9,5.0,169.0,18.0,1.0
2024-07-28,2.5,22.6,33.9,69.0,1016.9,5.7,11.0,26.0,2.0
2024-07-29,0.0,21.6,30.2,68.0,1018.4,6.2,46.0,41.0,3.0
2024-07-30,0.0,21.6,30.9,66.0,1017.3,6.0,72.0,36.0,0.0
2024-07-31,0.0,21.2,32.3,69.0,1013.9,5.8,214.0,19.0,2.0
2024-08-01,17.4,21.8,31.4,77.0,1010.7,4.7,2.0,37.0,11.0
2024-08-02,0.3,17.9,30.6,77.0,1009.0,3.4,294.0,38.0,8.0
2024-08-03,9.1,20.5,30.6,73.0,1008.6,7.0,40.0,25.0,11.0
2024-08-04,0.0,20.9,30.2,64.0,1011.2,5.0,336.0,59.0,0.0
2024-08-05,0.0,21.0,30.4,66.0,1011.5,4.2,99.0,57.0,0.0
2024-08-06,0.8,21.8,30.9,70.0,1011.3,4.4,36.0,39.0,2.0
2024-08-07,4.9,21.6,30.9,71.0,1011.6,5.6,262.0,81.0,2.0
2024-08-08,0.0,17.2,30.5,69.0,1013.1,3.1,246.0,24.0,4.0
2024-08-09,0.0,20.4,31.2,67.0,1015.3,4.2,36.0,37.0,1.0
2024-08-10,0.0,21.3,32.6,69.0,1018.2,3.8,282.0,5.0,3.0
2024-08-11,0.0,21.9,33.4,68.0,1017.8,4.2,164.0,22.0,3.0
2024-08-12,0.0,22.4,34.1,66.0,1013.2,5.6,247.0,38.0,2.0
2024-08-13,0.2,22.7,33.4,69.0,1010.4,3.9,286.0,31.0,2.0
2024-08-14,0.4,22.5,32.3,68.0,1011.0,4.8,297.0,40.0,1.0
2024-08-15,0.0,20.4,32.6,65.0,1014.5,7.7,229.0,71.0,1.0
2024-08-16,0.0,21.7,32.6,65.0,1014.8,5.6,238.0,33.0,0.0
2024-08-17,0.0,20.8,31.7,64.0,1011.6,4.7,234.0,36.0,0.0
2024-08-18,5.9,20.2,27.6,79.0,1007.4,5.6,25.0,77.0,9.0
2024-08-19,3.9,20.2,25.1,83.0,1008.6,5.8,343.0,100.0,11.0
2024-08-20,0.9,19.9,29.2,76.0,1010.5,5.7,211.0,50.0,5.0
2024-08-21,0.7,19.7,29.9,74.0,1011.0,3.6,144.0,18.0,6.0
2024-08-22,5.2,20.6,29.5,70.0,1013.5,7.2,63.0,52.0,3.0
2024-08-23,0.0,19.7,31.1,72.0,1014.0,5.6,215.0,11.0,3.0
2024-08-24,0.0,21.7,32.1,71.0,1015.7,5.2,124.0,7.0,6.0
2024-08-25,0.2,21.1,32.9,68.0,1013.9,3.5,294.0,15.0,1.0
2024-08-26,4.0,20.2,30.9,67.0,1014.1,7.5,33.0,91.0,2.0
2024-08-27,3.1,20.5,30.9,64.0,1016.1,7.5,41.0,71.0,2.0
2024-08-28,0.0,19.6,32.3,62.0,1017.1,6.2,21.0,29.0,0.0
2024-08-29,0.0,20.5,33.6,56.0,1016.3,5.0,243.0,3.0,0.0
2024-08-30,0.0,21.3,33.6,57.0,1016.2,4.5,214.0,6.0,0.0
2024-08-31,0.2,22.2,33.3,60.0,1016.8,4.2,326.0,32.0,0.0
2024-09-01,0.0,21.1,33.3,55.0,1014.4,5.4,84.0,74.0,0.0
2024-09-02,0.1,20.7,32.1,55.0,1012.6,5.6,224.0,17.0,0.0
2024-09-03,0.4,19.3,30.8,64.0,1015.1,4.6,130.0,16.0,1.0
2024-09-04,0.1,20.0,30.3,62.0,1013.8,5.2,92.0,61.0,0.0
2024-09-05,178.8,19.0,22.0,91.0,1010.0,11.0,57.0,90.0,20.0
2024-09-06,0.2,17.0,25.2,83.0,1012.6,3.8,86.0,55.0,12.0
2024-09-07,0.0,16.2,26.9,79.0,1016.1,4.6,257.0,8.0,9.0
2024-09-08,45.1,18.6,25.6,89.0,1012.4,6.0,43.0,93.0,16.0
2024-09-09,32.6,18.4,26.6,86.0,1003.0,6.4,32.0,58.0,15.0
2024-09-10,0.3,14.8,26.7,77.0,1008.6,4.8,324.0,14.0,7.0
2024-09-11,13.2,16.7,24.8,83.0,1008.8,5.6,45.0,75.0,13.0
2024-09-12,22.4,11.6,18.9,89.0,1004.0,10.0,8.0,96.0,20.0
2024-09-13,0.4,11.2,18.3,64.0,1007.6,8.1,282.0,99.0,0.0
2024-09-14,0.0,14.8,20.5,42.0,1012.5,12.1,277.0,96.0,0.0
2024-09-15,0.0,12.5,23.6,58.0,1012.8,5.6,41.0,82.0,0.0
2024-09-16,0.9,11.4,21.9,70.0,1012.4,6.4,323.0,71.0,4.0
2024-09-17,4.6,12.7,20.0,71.0,1016.2,12.2,59.0,73.0,8.0
2024-09-18,2.1,10.3,19.9,76.0,1018.7,8.0,46.0,82.0,3.0
2024-09-19,0.0,12.9,22.7,68.0,1016.7,10.7,55.0,92.0,0.0
2024-09-20,0.0,13.2,23.8,64.0,1019.5,7.7,49.0,40.0,0.0
2024-09-21,0.0,14.0,23.5,70.0,1021.5,6.8,42.0,15.0,0.0
2024-09-22,0.0,13.2,23.1,70.0,1018.3,3.4,256.0,66.0,2.0
2024-09-23,18.2,12.5,22.8,83.0,1013.4,8.2,48.0,57.0,11.0
2024-09-24,8.8,14.4,21.9,84.0,1009.6,10.3,221.0,63.0,12.0
2024-09-25,0.3,12.2,21.4,82.0,1013.6,5.1,262.0,61.0,9.0
2024-09-26,0.0,14.8,22.2,83.0,1010.3,4.4,16.0,89.0,5.0
2024-09-27,36.6,16.0,23.7,89.0,1006.3,5.0,240.0,75.0,16.0
2024-09-28,2.1,12.9,22.2,82.0,1010.8,6.5,27.0,45.0,8.0
2024-09-29,0.0,10.2,19.3,74.0,1023.0,4.0,3.0,43.0,3.0
2024-09-30,0.0,10.8,19.5,73.0,1021.6,6.6,46.0,49.0,5.0
2024-10-01,0.6,11.4,17.4,86.0,1016.2,6.6,35.0,97.0,8.0
2024-10-02,7.0,13.6,17.2,95.0,1007.0,5.6,34.0,85.0,20.0
2024-10-03,25.1,12.9,15.0,88.0,1005.1,12.2,48.0,100.0,19.0
2024-10-04,6.3,11.9,14.7,87.0,1007.6,4.5,274.0,100.0,15.0
2024-10-05,0.6,9.8,16.6,81.0,1012.9,5.8,23.0,66.0,4.0
2024-10-06,0.0,8.2,17.6,76.0,1013.0,7.6,232.0,43.0,1.0
2024-10-07,0.3,8.3,15.9,88.0,1015.6,3.9,349.0,81.0,9.0
2024-10-08,36.0,13.5,17.9,94.0,1009.9,11.0,78.0,100.0,24.0
2024-10-09,0.2,14.3,20.8,86.0,1005.1,9.2,219.0,82.0,8.0
2024-10-10,22.1,14.6,21.0,92.0,1000.6,8.1,20.0,67.0,19.0
2024-10-11,0.0,10.4,20.7,76.0,1010.7,4.7,29.0,20.0,9.0
2024-10-12,0.0,8.8,18.9,78.0,1018.3,5.5,79.0,55.0,5.0
2024-10-13,0.0,9.9,20.8,87.0,1017.3,5.2,280.0,81.0,13.0
2024-10-14,0.0,10.4,18.3,88.0,1020.0,3.5,290.0,77.0,13.0
2024-10-15,0.0,11.0,20.3,88.0,1020.6,3.8,350.0,88.0,14.0
2024-10-16,6.8,11.7,17.8,92.0,1022.2,6.6,39.0,100.0,20.0
2024-10-17,3.9,13.9,18.3,90.0,1021.4,9.3,48.0,100.0,13.0
2024-10-18,65.9,14.4,18.2,93.0,1016.9,12.3,55.0,84.0,21.0
2024-10-19,23.7,12.9,17.5,94.0,1017.8,11.7,42.0,100.0,23.0
2024-10-20,0.4,14.8,21.2,78.0,1024.1,9.9,57.0,79.0,0.0
2024-10-21,0.0,11.2,21.7,84.0,1029.1,4.2,248.0,44.0,6.0
2024-10-22,0.2,13.4,21.7,86.0,1028.5,4.0,220.0,57.0,13.0
2024-10-23,28.2,14.9,17.3,97.0,1028.9,5.4,52.0,100.0,24.0
2024-10-24,11.2,12.5,17.8,90.0,1028.5,9.3,47.0,70.0,16.0
2024-10-25,4.8,10.5,19.1,90.0,1025.0,5.7,40.0,96.0,15.0
2024-10-26,4.2,15.1,19.6,93.0,1022.5,7.2,49.0,88.0,18.0
2024-10-27,2.8,14.4,20.4,90.0,1023.5,3.8,75.0,90.0,15.0
2024-10-28,0.3,13.1,20.4,89.0,1026.1,3.9,254.0,80.0,16.0
2024-10-29,0.0,12.6,20.5,93.0,1025.5,3.5,242.0,50.0,18.0
2024-10-30,0.0,10.7,21.9,83.0,1024.4,5.0,244.0,1.0,4.0
2024-10-31,0.0,10.3,20.7,80.0,1025.5,3.9,235.0,4.0,6.0
2024-11-01,0.0,9.9,18.3,92.0,1024.4,5.4,229.0,40.0,17.0
2024-11-02,0.0,10.4,18.2,90.0,1023.2,3.5,17.0,50.0,15.0
2024-11-03,0.0,8.3,16.8,79.0,1027.8,7.0,23.0,20.0,4.0
2024-11-04,0.0,6.0,16.7,89.0,1026.7,3.2,230.0,4.0,15.0
2024-11-05,0.0,5.4,15.7,78.0,1026.4,4.3,8.0,70.0,8.0
2024-11-06,0.0,5.0,16.0,75.0,1028.5,3.5,263.0,64.0,3.0
2024-11-07,0.0,6.4,15.3,80.0,1030.4,3.1,142.0,31.0,5.0
2024-11-08,0.0,4.4,14.9,89.0,1028.9,4.7,234.0,71.0,16.0
2024-11-09,0.0,5.2,15.0,90.0,1026.8,4.2,234.0,74.0,15.0
2024-11-10,0.0,4.2,15.9,80.0,1023.2,4.5,290.0,3.0,6.0
2024-11-11,0.0,2.4,12.3,77.0,1024.9,6.7,52.0,7.0,2.0
2024-11-12,0.0,1.4,11.2,77.0,1024.5,8.2,46.0,62.0,0.0
2024-11-13,0.0,1.4,11.0,80.0,1024.9,3.3,55.0,27.0,2.0
2024-11-14,0.9,2.7,9.8,80.0,1024.1,5.6,39.0,27.0,5.0
2024-11-15,0.0,0.2,11.1,89.0,1024.6,2.0,313.0,38.0,15.0
2024-11-16,0.0,1.6,11.6,80.0,1023.0,4.1,238.0,7.0,6.0
2024-11-17,0.0,1.7,8.5,94.0,1016.1,3.2,236.0,73.0,19.0
2024-11-18,0.0,2.0,12.1,82.0,1013.3,2.6,294.0,90.0,7.0
2024-11-19,0.0,3.7,11.7,79.0,1010.5,2.7,230.0,89.0,4.0
2024-11-20,0.2,3.9,13.7,82.0,998.2,4.2,274.0,75.0,14.0
2024-11-21,2.2,-2.0,6.0,61.0,1003.9,5.3,39.0,59.0,3.0
2024-11-22,5.9,0.2,11.5,89.0,1000.4,6.6,211.0,60.0,18.0
2024-11-23,0.0,-2.4,8.9,70.0,1025.1,3.9,227.0,31.0,3.0
2024-11-24,0.0,0.7,7.1,76.0,1032.9,1.6,302.0,91.0,0.0
2024-11-25,0.0,0.4,8.7,87.0,1028.6,2.4,263.0,69.0,12.0
2024-11-26,1.3,4.7,6.2,95.0,1023.5,3.1,327.0,100.0,22.0
2024-11-27,0.0,5.1,11.7,92.0,1023.8,2.9,241.0,69.0,18.0
2024-11-28,0.2,5.0,12.1,95.0,1022.6,6.5,238.0,86.0,19.0
2024-11-29,0.0,2.0,11.4,84.0,1026.1,3.1,304.0,57.0,12.0
2024-11-30,0.0,0.3,10.4,73.0,1030.0,2.5,265.0,0.0,0.0
2024-12-01,0.0,-0.6,11.5,72.0,1026.2,3.4,272.0,0.0,0.0
2024-12-02,0.0,0.2,11.4,77.0,1021.5,2.7,253.0,14.0,2.0
2024-12-03,0.0,1.0,7.1,84.0,1017.4,3.4,15.0,69.0,8.0
2024-12-04,0.0,2.8,10.3,80.0,1020.5,7.0,12.0,85.0,3.0
2024-12-05,0.0,-0.2,8.5,85.0,1024.9,2.4,18.0,33.0,11.0
2024-12-06,0.3,-0.6,7.0,90.0,1017.7,5.1,247.0,55.0,18.0
2024-12-07,0.3,-3.2,6.5,92.0,1013.6,4.3,8.0,95.0,19.0
2024-12-08,37.5,3.1,8.5,86.0,1000.7,13.8,36.0,100.0,22.0
2024-12-09,0.8,1.3,8.5,82.0,1009.3,7.4,26.0,87.0,6.0
2024-12-10,0.3,3.9,9.6,76.0,1018.3,9.0,48.0,97.0,0.0
2024-12-11,0.0,1.3,9.7,82.0,1023.8,2.1,68.0,20.0,3.0
2024-12-12,0.0,-0.8,8.1,88.0,1028.7,2.5,359.0,25.0,15.0
2024-12-13,1.3,-1.3,6.6,86.0,1030.0,2.8,354.0,27.0,9.0
2024-12-14,1.8,1.6,8.2,92.0,1022.8,5.5,251.0,88.0,18.0
2024-12-15,0.0,-0.1,6.0,97.0,1025.5,4.6,237.0,68.0,23.0
2024-12-16,0.0,-1.3,5.6,94.0,1034.5,2.3,275.0,71.0,19.0
2024-12-17,0.0,-2.3,4.8,96.0,1032.1,2.6,313.0,91.0,21.0
2024-12-18,0.0,-1.0,5.8,96.0,1028.3,3.2,275.0,100.0,21.0
2024-12-19,7.3,2.7,5.1,99.0,1016.5,4.3,4.0,100.0,24.0
2024-12-20,13.4,0.2,8.2,90.0,1008.9,5.6,228.0,78.0,16.0
2024-12-21,0.0,-2.6,8.4,71.0,1022.6,3.2,293.0,18.0,0.0
2024-12-22,2.8,-1.6,3.5,89.0,1012.2,3.6,358.0,84.0,13.0
2024-12-23,0.1,-0.8,10.5,72.0,1004.1,5.7,257.0,61.0,12.0
2024-12-24,0.0,-1.1,11.2,53.0,1016.2,4.0,274.0,0.0,0.0
2024-12-25,0.0,-2.0,9.5,65.0,1028.9,2.9,334.0,1.0,0.0
2024-12-26,0.0,-2.4,8.9,69.0,1032.8,3.5,250.0,1.0,0.0
2024-12-27,0.0,-1.3,10.7,64.0,1032.6,4.0,236.0,2.0,2.0
2024-12-28,0.0,-0.3,10.2,76.0,1028.0,3.3,224.0,49.0,0.0
2024-12-29,0.0,2.5,12.0,72.0,1027.2,2.1,234.0,0.0,0.0
2024-12-30,0.0,1.6,11.4,76.0,1029.4,1.3,211.0,0.0,5.0
2024-12-31,0.0,-0.8,7.9,92.0,1031.7,1.4,195.0,42.0,18.0
